ID	IJC_SAMPLE_1	SJC_SAMPLE_1	IJC_SAMPLE_2	SJC_SAMPLE_2	IncFormLen	SkipFormLen
12	11,13	0,2	17,7	0,0	245	149
14	9,16	0,2	20,17	3,0	298	149
15	8,16	0,0	17,17	2,0	298	149
16	5,14	5,4	16,21	1,2	298	149
20	14,14	0,4	14,28	4,0	298	149
21	8,15	9,25	11,11	13,21	298	149
22	8,11	1,4	9,8	1,2	298	149
39	3,4	0,2	7,2	0,0	248	149
55	41,44	11,3	36,48	5,11	246	149
56	73,60	482,403	48,91	471,494	296	149
57	263,246	923,811	193,202	907,1017	298	149
58	293,212	0,3	208,213	2,3	298	149
59	254,166	875,668	148,191	765,907	298	149
61	30,25	373,334	16,42	448,484	298	149
62	19,21	1,5	12,37	2,3	298	149
63	32,21	400,388	32,46	460,497	298	149
65	0,2	0,5	0,1	1,7	298	149
77	26,18	0,2	32,22	0,0	204	149
78	0,4	0,2	1,4	0,2	298	149
80	24,27	3,1	19,25	1,2	260	149
82	4,3	3,1	2,1	5,1	298	149
83	3,5	7,7	7,4	6,8	298	149
96	3,15	0,3	3,5	0,1	298	149
97	2,4	70,48	6,3	62,58	267	149
98	2,4	4,0	6,3	2,0	298	149
99	2,4	1,0	6,3	1,0	270	149
100	1,1	36,26	5,3	47,49	258	149
101	70,27	1,0	49,47	1,0	283	149
102	33,43	0,2	62,56	4,1	298	149
103	2,2	0,3	0,2	4,0	298	149
104	1,7	5,6	2,7	2,1	241	149
105	195,159	4420,4237	201,232	5231,5374	298	149
116	257,281	92,76	301,374	90,126	298	149
117	244,254	3,0	250,287	7,3	298	149
118	3,4	0,2	4,3	1,0	298	149
119	0,2	1,0	0,0	4,0	298	149
124	10,2	20,23	15,10	33,20	298	149
128	0,0	2,0	0,1	2,2	298	149
129	14,11	64,65	9,12	59,69	298	149
134	39,47	871,735	25,43	982,870	298	149
135	27,35	12,9	15,22	6,8	298	149
136	40,22	182,179	38,59	194,224	275	149
137	2,0	250,239	0,0	275,263	280	149
138	17,21	81,107	26,22	79,91	281	149
145	10,5	11,5	3,4	2,7	222	149
146	15,6	8,0	4,7	8,5	267	149
147	141,110	9,4	119,155	6,6	298	149
148	124,91	157,198	97,129	157,221	298	149
150	67,64	215,161	71,76	233,293	278	149
151	42,45	2,0	40,42	0,2	298	149
152	26,45	177,131	34,32	209,229	298	149
153	9,12	15,15	11,16	21,17	298	149
154	3,2	122,109	5,12	175,204	287	149
155	35,17	523,447	24,32	315,479	235	149
156	25,18	8,10	13,18	4,2	298	149
157	16,16	127,104	10,28	92,162	298	149
158	20,13	274,263	33,11	290,293	252	149
159	85,62	111,80	44,70	76,108	298	149
163	1,0	6,0	0,0	3,2	298	149
165	9,17	4,4	18,25	11,9	298	149
166	8,9	818,834	18,29	1060,1242	298	149
168	25,26	10,13	38,54	27,16	298	149
169	30,44	862,934	42,41	1059,1245	298	149
170	40,36	804,869	62,79	1061,1080	232	149
171	29,32	551,537	30,34	651,689	298	149
172	44,55	0,1	71,98	2,2	298	149
173	51,65	37,28	69,98	33,34	298	149
174	57,60	711,669	63,107	881,919	298	149
175	17,16	869,990	22,28	1082,1149	228	149
176	12,12	1,0	22,24	1,2	232	149
177	12,12	613,671	22,24	902,886	243	149
178	6,10	437,376	23,38	412,457	298	149
179	30,35	177,197	42,69	232,244	298	149
180	27,26	604,555	57,50	572,743	298	149
182	8,7	35,84	9,7	55,51	298	149
186	4,3	23,20	3,2	17,23	298	149
187	4,3	5,0	4,2	2,2	298	149
189	2,0	1,0	0,0	2,1	298	149
190	0,4	1,3	3,2	7,0	298	149
191	53,54	837,824	51,33	960,1026	298	149
193	8,16	73,96	10,10	111,120	298	149
194	0,7	135,121	1,3	151,140	298	149
195	3,7	1,2	5,19	2,8	298	149
196	5,16	121,103	9,18	115,148	298	149
197	0,7	58,52	2,1	69,84	298	149
198	5,13	65,42	6,0	68,52	298	149
199	12,9	55,41	12,11	61,42	298	149
200	3,3	0,2	1,8	2,1	291	149
202	3,3	5,11	1,8	2,7	272	149
203	15,14	45,34	20,25	29,34	230	149
204	57,34	17,19	32,45	12,15	298	149
205	60,42	38,36	30,36	32,46	298	149
206	16,19	94,85	8,10	75,102	266	149
207	141,112	8,2	103,132	1,4	269	149
208	45,40	4,7	33,33	9,12	229	149
209	1,6	0,3	8,8	4,6	298	149
210	70,86	140,144	65,78	144,121	298	149
211	73,89	6,0	69,76	1,0	298	149
212	95,87	0,1	96,102	0,0	298	149
213	50,62	99,121	74,47	144,129	298	149
220	8,5	5,6	7,10	3,2	242	149
221	8,5	0,1	7,10	2,0	238	149
222	8,5	5,8	7,10	9,4	245	149
223	8,5	0,0	7,10	1,1	241	149
226	19,16	119,116	8,15	101,96	231	149
229	10,8	111,80	10,7	36,53	256	149
230	29,31	2,0	13,35	0,2	298	149
231	22,24	1,4	49,34	5,3	298	149
232	18,11	37,29	8,10	18,24	231	149
233	18,21	40,21	27,15	17,21	298	149
234	11,7	49,34	11,10	9,20	288	149
235	13,4	66,40	4,4	15,52	222	149
241	42,32	5,7	18,31	3,10	298	149
248	175,141	4,0	123,183	5,2	298	149
249	6,2	0,0	4,3	4,1	298	149
250	6,2	0,0	4,3	2,0	298	149
251	4,4	1,2	1,4	0,0	298	149
252	0,0	1,0	0,1	1,0	298	149
253	14,13	57,62	25,16	72,80	298	149
254	15,20	444,393	19,15	507,492	298	149
255	18,25	383,319	13,20	493,477	298	149
256	64,71	348,281	63,83	278,361	298	149
257	110,107	393,353	106,89	278,357	298	149
258	4,7	68,90	2,2	88,85	298	149
259	13,7	103,113	10,6	64,71	298	149
261	50,47	243,184	57,64	173,200	278	149
262	73,49	152,105	56,50	119,119	233	149
263	33,29	250,208	46,38	215,200	239	149
264	101,73	127,135	82,122	89,103	298	149
265	184,174	16,6	176,229	11,7	298	149
266	15,12	305,288	20,17	323,330	298	149
267	21,21	262,263	28,38	345,383	298	149
268	2,7	1,3	5,4	8,7	298	149
269	12,14	318,321	21,19	339,371	298	149
270	20,14	356,350	21,22	337,397	294	149
271	24,13	2,0	29,26	1,0	298	149
272	17,24	340,287	30,25	301,358	298	149
273	13,19	5,5	26,21	2,3	298	149
274	12,15	1,3	27,21	1,0	298	149
275	3605,3387	18,7	3878,3942	26,15	236	149
276	31,30	0,1	24,16	0,0	298	149
277	36,42	52,36	23,23	32,46	298	149
278	3,3	68,43	5,6	47,53	298	149
280	3,2	4,1	3,1	2,1	298	149
282	7,23	1,1	23,23	0,3	298	149
283	33,22	0,0	14,30	1,1	298	149
285	12,14	1130,979	10,27	1301,1299	298	149
286	1,9	957,980	2,3	1277,1331	298	149
291	18,6	165,131	15,16	133,200	298	149
292	14,14	127,86	14,10	131,114	298	149
293	3,3	24,24	2,9	14,24	298	149
294	11,1	21,9	3,2	9,9	236	149
295	2,0	86,74	5,3	95,113	254	149
296	316,332	0,1	357,382	3,2	298	149
297	239,120	2,2	120,162	2,2	298	149
298	58,40	11,9	35,48	19,15	298	149
299	4,1	158,177	1,2	120,161	298	149
300	9,25	4,1	24,14	1,3	259	149
301	17,21	33,39	11,14	44,29	237	149
303	14,30	0,0	22,20	1,0	276	149
304	3,10	3,2	4,2	0,1	298	149
307	15,4	2,5	0,4	1,0	298	149
312	0,3	86,76	3,0	102,109	298	149
314	133,116	17,8	125,155	17,9	230	149
323	98,103	2,2	107,120	0,2	298	149
326	42,38	36,27	26,33	27,31	298	149
327	13,26	107,89	13,15	86,119	298	149
328	0,4	88,60	5,8	103,76	293	149
331	1,2	6,1	0,3	0,0	269	149
332	44,48	13,0	42,52	1,3	284	149
333	38,45	7,3	28,43	0,0	298	149
337	379,279	2,0	386,384	1,2	298	149
339	7,5	2,7	2,2	2,2	298	149
340	2,0	15,13	0,1	2,10	298	149
341	5,2	3,3	0,2	0,2	296	149
343	151,125	4,1	83,140	1,1	230	149
345	33,33	71,52	40,47	85,84	298	149
346	6,4	0,2	2,3	0,1	298	149
347	3,2	35,24	0,0	18,38	298	149
349	1,1	10,8	3,0	12,2	298	149
353	3,7	0,0	0,2	0,2	298	149
354	0,4	19,9	0,0	2,6	298	149
355	4,4	6,2	0,1	0,1	296	149
356	0,0	0,2	2,0	0,0	298	149
357	8,6	34,28	11,13	50,55	244	149
362	6,1	10,5	4,5	2,5	298	149
363	246,183	0,0	178,276	0,1	298	149
372	25,18	6,0	17,21	0,1	298	149
373	30,20	3,0	19,22	2,0	298	149
374	34,27	1,5	26,30	1,0	298	149
380	1,0	0,0	0,0	4,0	298	149
381	11,11	0,2	10,6	0,0	252	149
382	22,28	616,552	13,27	541,597	298	149
383	31,19	465,527	37,19	482,499	298	149
387	74,61	2,0	71,98	0,0	280	149
388	64,51	0,3	52,82	0,1	253	149
389	93,71	2,0	82,102	0,0	298	149
391	92,69	8,2	38,57	7,3	298	149
393	114,102	0,0	174,185	0,2	298	149
394	129,114	6,4	222,214	21,11	298	149
395	117,123	1220,1106	112,143	1288,1548	298	149
396	44,32	586,490	36,49	519,671	242	149
398	5,0	109,115	9,4	122,91	298	149
399	0,0	57,53	0,1	58,61	298	149
400	226,233	2,1	310,315	1,1	298	149
401	7,13	34,29	5,10	21,16	273	149
403	8,23	1,2	4,18	0,3	298	149
404	3,0	0,0	0,0	0,1	298	149
405	0,0	25,18	1,0	29,23	298	149
406	12,9	94,92	18,12	160,201	298	149
408	6,3	78,91	1,1	74,77	298	149
409	17,8	44,34	7,9	43,81	298	149
415	5,4	2,4	4,0	6,4	298	149
416	4,6	0,0	10,1	0,1	298	149
420	99,81	8,4	56,100	12,12	298	149
424	2,0	2,0	0,0	0,1	219	149
425	2,0	1,0	0,1	0,0	254	149
426	0,0	5,3	0,2	0,4	271	149
427	70,44	0,1	50,78	0,0	298	149
428	55,33	3,2	49,69	1,3	298	149
430	80,49	5,11	56,103	12,20	298	149
431	65,38	148,96	55,94	88,128	298	149
432	6,2	48,36	2,1	23,41	298	149
433	5,0	64,42	6,0	22,39	298	149
435	6,4	82,49	7,8	37,49	298	149
436	42,29	5,5	4,20	2,4	298	149
438	284,235	5,2	125,251	3,7	298	149
442	6,5	0,0	7,14	2,0	298	149
443	8,15	498,384	11,15	519,568	298	149
444	241,216	237,199	159,208	95,202	298	149
445	1,0	5,10	1,2	3,9	298	149
448	10,7	0,2	12,21	0,0	298	149
449	7,11	340,305	8,18	336,336	298	149
450	12,11	379,321	19,29	414,461	298	149
451	70,55	4,2	61,64	6,8	298	149
452	23,18	423,397	26,25	420,496	298	149
453	20,36	443,454	28,33	521,603	298	149
454	71,34	1331,1230	118,143	1304,1412	298	149
455	78,41	108,142	121,148	157,129	298	149
457	161,136	2,0	250,241	3,2	298	149
458	137,129	578,499	238,220	643,741	298	149
459	125,118	0,0	227,207	2,0	298	149
460	58,55	0,0	65,64	2,3	298	149
461	15,10	418,461	31,15	449,540	261	149
462	33,16	714,536	8,23	446,671	253	149
466	5,6	104,125	4,4	119,139	298	149
470	3,6	147,148	7,2	179,205	298	149
471	13,12	34,30	8,18	40,26	298	149
473	13,9	0,1	7,17	0,1	298	149
474	10,4	36,43	3,8	30,35	298	149
475	5,1	6,1	7,10	8,4	298	149
476	9,2	40,45	9,13	32,31	225	149
483	1,0	1,0	0,0	0,2	298	149
486	2,0	1,0	0,0	0,1	263	149
488	0,2	18,27	2,1	23,33	298	149
493	39,31	689,723	43,56	847,857	298	149
494	85,86	400,296	89,95	506,631	298	149
496	73,43	2,5	53,57	1,4	298	149
497	74,43	413,379	52,55	300,350	298	149
498	77,74	16,17	56,87	33,40	298	149
499	3,4	273,245	0,17	290,328	225	149
502	855,625	72,41	385,661	40,71	298	149
504	3,3	0,0	3,0	2,1	220	149
505	8,7	48,41	5,4	48,50	298	149
506	5,4	143,126	7,7	142,165	225	149
507	190,187	48,52	252,215	47,43	298	149
525	13,10	1,0	7,11	1,0	267	149
529	1,5	11,21	11,8	12,9	298	149
531	5,7	1,0	8,10	0,0	298	149
532	0,1	18,14	0,0	15,14	298	149
533	0,1	17,10	0,0	22,16	298	149
539	2,0	2,0	0,2	2,0	298	149
540	3,0	2,1	1,4	1,0	293	149
542	3,2	10,6	2,4	0,4	298	149
543	19,24	151,134	22,27	184,202	244	149
544	559,567	17,15	684,653	32,22	264	149
545	636,637	41,35	779,743	49,43	298	149
546	123,118	413,403	110,105	482,414	298	149
547	231,231	19,28	208,247	32,28	298	149
548	90,73	554,464	89,66	555,690	255	149
549	4,5	8,12	1,6	13,8	298	149
550	34,24	192,128	18,40	78,141	298	149
551	40,22	2,0	18,40	0,2	298	149
552	62,34	656,639	46,51	785,779	278	149
553	120,80	952,839	86,118	559,932	234	149
554	384,321	3,13	208,348	4,2	258	149
555	114,84	2227,1844	89,112	1790,2335	237	149
556	21,23	18,18	8,18	33,31	298	149
557	8,16	2,4	17,6	0,1	298	149
562	2,4	12,1	0,4	4,11	298	149
563	19,9	49,42	9,15	35,35	225	149
565	28,20	22,21	17,5	24,20	245	149
566	2,5	2,2	2,5	2,1	276	149
567	2,5	1,2	2,5	1,4	266	149
569	138,88	116,110	153,146	81,93	239	149
570	111,88	94,84	110,101	83,141	298	149
571	7,11	299,237	17,13	307,335	298	149
572	74,45	220,148	70,54	199,177	298	149
573	9,4	101,64	3,3	42,85	253	149
574	32,16	150,114	10,14	41,113	235	149
579	42,18	170,157	22,34	121,186	298	149
581	4,7	26,14	2,4	5,2	229	149
582	1,7	29,28	0,3	12,21	298	149
584	7,0	65,29	6,5	27,31	246	149
585	9,2	1,0	8,7	3,1	298	149
586	5,2	32,10	2,4	9,12	225	149
587	50,46	128,123	53,41	139,198	236	149
588	478,406	0,1	363,482	0,0	228	149
589	0,0	60,26	0,1	17,38	272	149
591	10,3	1,0	1,1	0,0	298	149
593	15,4	232,173	27,15	172,195	298	149
594	19,4	4,0	27,16	4,2	298	149
597	69,69	445,318	55,61	408,469	241	149
603	22,15	307,236	14,26	202,344	298	149
604	969,989	30,51	1352,1566	54,43	298	149
605	2,3	1,0	5,1	0,0	298	149
608	1,4	244,272	2,0	331,346	298	149
609	18,20	3,1	12,16	5,3	258	149
610	144,86	2,0	99,119	0,2	298	149
611	55,27	596,605	57,44	615,727	298	149
614	38,35	792,710	40,38	1002,1020	298	149
617	39,19	10,6	23,22	0,2	298	149
618	39,20	8,11	23,24	0,9	298	149
619	17,21	138,110	25,20	134,145	298	149
620	0,5	2,0	6,8	0,0	261	149
621	9,8	107,78	7,3	86,89	247	149
622	0,0	38,35	1,3	37,47	298	149
625	1,2	98,104	4,9	97,91	226	149
626	4,5	89,61	7,5	51,60	287	149
629	9,3	101,93	15,9	113,117	222	149
632	0,1	0,0	3,0	0,2	298	149
638	9,8	1,2	2,1	0,2	281	149
639	0,0	2,0	0,1	0,0	298	149
642	48,43	0,0	62,67	2,0	241	149
643	45,40	1,0	62,65	1,0	298	149
644	0,2	2,0	5,0	0,0	298	149
649	12,2	288,250	14,8	280,249	255	149
650	3,2	1,0	6,6	0,1	298	149
652	2,4	1,2	5,7	0,2	298	149
653	2,4	0,0	5,11	0,1	298	149
655	12,7	2,3	5,5	1,0	278	149
656	8,10	0,0	2,2	0,1	298	149
658	7,7	38,25	16,13	29,45	298	149
664	22,28	584,548	19,32	625,604	288	149
665	17,19	605,616	10,31	717,750	298	149
666	75,67	5860,5542	65,79	6666,6863	252	149
667	139,112	6051,5519	150,162	6390,6793	244	149
668	258,231	4995,4150	218,231	4833,5507	298	149
669	1438,1146	82,94	643,1212	93,111	298	149
670	2,0	269,286	7,12	310,339	242	149
671	4,5	198,214	5,13	197,246	247	149
674	7,4	2,3	6,6	7,6	298	149
675	43,34	939,652	30,43	412,737	298	149
676	16,23	986,974	17,15	1013,1171	235	149
677	1,0	0,2	0,3	0,0	298	149
678	3,2	1,3	0,2	2,1	298	149
679	0,1	11,3	0,0	1,4	298	149
681	14,14	173,120	2,16	145,158	224	149
682	5,5	203,127	4,3	163,191	225	149
683	2,4	11,2	2,2	15,11	298	149
684	10,6	2,0	5,11	0,0	298	149
685	1,2	1,0	8,0	0,0	298	149
686	0,0	0,2	3,0	0,0	298	149
689	6,4	29,19	4,9	27,28	298	149
691	15,18	0,4	20,31	1,0	298	149
693	1,7	8,9	5,5	13,5	291	149
694	196,246	0,1	223,251	0,0	298	149
695	221,224	0,2	236,252	2,0	298	149
696	205,249	1,0	246,255	0,0	298	149
697	216,288	0,0	295,277	0,4	298	149
699	41,22	483,368	26,27	443,485	298	149
700	3,2	6,7	10,18	5,3	298	149
701	9,5	91,80	11,19	88,71	298	149
702	29,10	34,63	10,11	19,38	298	149
703	26,13	6,8	14,14	2,9	298	149
704	13,6	60,54	11,8	24,40	298	149
706	47,47	0,0	19,38	2,0	298	149
708	82,36	68,49	37,57	48,63	298	149
710	69,25	2,2	35,48	3,0	298	149
711	88,36	28,31	38,60	25,29	298	149
712	30,15	1,0	12,23	1,2	262	149
713	10,4	111,50	5,6	36,71	230	149
714	14,10	97,49	5,9	23,58	284	149
715	2,3	43,26	1,3	20,28	298	149
718	17,6	2,1	8,8	2,4	298	149
719	64,52	0,0	36,49	0,3	298	149
720	38,23	68,59	17,28	28,66	298	149
721	9,11	60,53	8,1	45,54	222	149
722	27,33	23,12	27,10	21,17	239	149
723	27,29	12,10	27,10	3,10	236	149
724	40,41	85,48	57,54	74,64	298	149
725	48,61	98,93	54,76	130,112	298	149
726	62,45	74,50	83,62	103,101	298	149
727	54,52	8,16	28,55	18,15	298	149
728	91,72	61,51	69,58	48,58	298	149
731	65,54	0,2	68,51	2,8	298	149
747	1,5	2,0	0,1	0,1	298	149
748	13,0	0,1	4,1	0,0	298	149
750	0,0	11,12	6,1	10,11	272	149
751	8,6	2,3	11,4	1,0	298	149
757	59,34	1,0	62,56	0,0	265	149
759	11,12	7,7	2,12	5,1	286	149
760	26,27	18,14	42,46	32,18	298	149
766	0,2	3,2	4,4	2,3	298	149
769	13,13	0,1	17,26	0,2	298	149
770	5,4	133,115	12,5	89,113	263	149
771	8,6	211,186	7,8	221,262	232	149
772	5,8	78,77	1,9	38,54	219	149
773	10,8	32,43	11,7	30,22	298	149
774	13,11	141,101	10,3	98,113	223	149
775	33,18	132,72	4,12	79,102	229	149
776	9,13	85,83	6,4	54,57	298	149
777	36,46	74,79	55,50	48,88	298	149
778	129,123	2,0	108,154	3,0	298	149
780	3,10	220,168	1,4	134,195	259	149
783	21,15	1,0	17,16	0,0	298	149
784	3,3	2,0	2,1	0,0	298	149
786	32,17	55,29	16,18	26,23	298	149
788	0,0	0,1	2,2	0,0	248	149
792	11,5	841,776	12,14	758,874	298	149
795	3,3	2,0	3,2	1,2	298	149
796	7,2	8,4	13,6	1,4	258	149
797	31,11	64,34	15,32	46,51	245	149
798	42,44	0,0	10,14	0,1	254	149
799	43,47	7,6	13,16	0,3	273	149
800	282,241	1,2	249,232	4,0	268	149
802	5,6	167,139	11,5	110,152	289	149
803	242,223	45,25	295,311	53,46	298	149
806	35,27	18,11	25,12	6,23	298	149
807	34,22	177,138	19,25	146,158	298	149
808	28,8	176,115	17,23	129,157	298	149
809	52,21	154,109	22,38	123,120	233	149
810	11,9	3,0	3,7	2,2	298	149
811	11,10	7,6	3,7	10,10	298	149
813	116,112	0,1	125,101	2,3	275	149
814	124,120	0,0	130,113	0,2	284	149
817	105,66	22,27	94,82	18,26	252	149
819	85,76	2,4	88,54	2,5	298	149
820	1,3	12,5	2,0	7,8	243	149
821	2,0	8,6	2,0	14,17	298	149
822	8,10	9,7	8,11	10,4	298	149
823	0,3	5,4	0,0	7,3	240	149
824	36,28	2,3	32,51	6,11	298	149
825	28,34	0,0	32,40	3,3	240	149
826	147,120	166,146	141,142	153,170	298	149
827	211,174	449,315	180,183	511,467	298	149
828	96,73	132,59	48,59	26,59	298	149
829	163,107	7,18	95,104	18,19	298	149
830	129,91	7,8	69,83	5,5	298	149
831	219,185	0,0	178,214	1,1	298	149
832	261,238	377,254	165,221	381,484	298	149
833	237,199	13,1	155,190	4,3	298	149
834	154,127	1,7	148,154	4,1	298	149
835	196,180	17,28	135,161	58,32	298	149
836	27,11	462,320	17,26	492,624	298	149
837	28,38	529,526	34,38	604,642	298	149
838	1013,843	0,0	995,1126	1,2	298	149
839	622,575	0,0	732,770	0,1	298	149
840	974,915	14,35	1123,1198	33,34	246	149
841	1009,828	2,1	987,1127	3,2	298	149
843	995,926	158,176	1143,1219	227,224	251	149
844	586,567	14,18	690,717	15,12	298	149
845	45,42	946,883	54,41	1002,1132	298	149
846	3,8	125,96	6,14	94,133	298	149
847	39,50	260,188	31,74	255,309	229	149
848	54,35	440,350	61,72	411,505	298	149
849	38,23	252,201	33,28	112,173	236	149
852	13,8	746,510	8,22	719,859	225	149
853	20,39	1,2	48,50	2,0	298	149
854	13,9	885,717	3,17	744,915	237	149
855	18,22	182,122	16,19	130,179	222	149
858	111,51	190,140	84,74	121,141	239	149
859	17,12	23,19	11,32	11,14	239	149
860	8,7	109,114	10,5	154,160	242	149
862	43,44	6,4	50,63	4,5	283	149
863	2976,2751	7,2	2574,3166	9,4	298	149
864	11,18	327,252	14,17	318,333	245	149
865	11,3	219,185	13,3	214,250	233	149
866	31,12	483,405	36,38	535,541	238	149
867	10,7	1,0	16,10	1,1	298	149
868	8,6	3,0	13,9	0,0	298	149
869	7,2	1,5	6,2	2,3	298	149
871	39,34	227,239	16,50	251,274	219	149
872	24,12	340,279	19,26	384,308	228	149
873	14,9	266,235	12,10	352,405	288	149
874	31,16	3,0	21,30	6,2	298	149
875	255,229	0,0	332,403	0,8	298	149
876	31,16	271,212	36,54	256,318	289	149
877	36,15	3,0	2,13	0,2	296	149
878	26,12	6,5	1,11	0,3	263	149
879	436,322	40,40	410,477	40,49	298	149
880	46,45	197,135	53,46	183,201	246	149
881	135,108	2,0	114,123	1,0	291	149
882	333,315	115,104	318,309	87,86	298	149
883	380,316	862,668	368,290	1025,975	298	149
884	61,55	331,369	64,44	316,321	298	149
885	285,248	2,4	302,372	7,13	298	149
886	112,135	821,820	103,145	877,856	235	149
887	100,98	1233,1071	132,144	1229,1195	298	149
888	20,15	75,45	3,17	29,71	235	149
889	28,11	151,126	20,29	162,179	232	149
890	0,4	156,147	6,2	165,179	223	149
891	15,2	88,67	8,5	80,64	298	149
892	11,5	205,155	3,4	138,140	239	149
893	40,16	3,6	11,34	1,3	266	149
894	38,16	0,0	10,34	0,3	262	149
895	37,16	2,2	10,34	0,1	255	149
896	16,10	87,100	6,28	51,68	222	149
897	26,17	332,305	19,23	340,368	218	149
898	79,52	51,52	25,63	16,22	298	149
899	47,33	206,158	29,29	124,206	298	149
900	13,16	129,106	11,15	78,161	298	149
901	104,89	0,0	23,43	1,4	243	149
902	81,76	17,13	16,31	2,1	224	149
903	17,14	53,35	12,17	14,26	298	149
904	1,2	23,11	0,0	1,0	236	149
917	11,16	192,162	6,2	90,157	240	149
919	58,45	12,15	46,63	18,13	298	149
920	11,13	283,313	14,13	278,369	298	149
921	27,24	206,186	17,21	203,196	298	149
924	0,0	1,5	1,0	2,9	298	149
926	0,1	11,6	2,0	6,5	298	149
928	3,0	131,130	4,5	96,127	249	149
929	13,13	130,126	4,7	90,162	240	149
940	0,2	0,1	0,1	0,0	298	149
943	10,5	91,91	5,7	110,135	298	149
944	2,6	2,0	0,3	0,0	298	149
945	2,4	8,4	0,2	2,4	298	149
946	0,2	0,1	0,3	0,0	298	149
947	1,2	12,9	0,3	4,5	230	149
949	25,8	6,1	3,4	2,4	298	149
950	25,8	8,2	3,4	3,2	298	149
952	13,11	2,0	4,9	1,0	298	149
953	2,2	301,194	0,2	211,288	298	149
955	5,11	289,218	10,4	204,268	298	149
956	10,13	241,205	16,12	205,265	298	149
959	68,67	3060,2564	65,56	2771,3184	298	149
960	30,10	417,254	16,15	257,292	228	149
961	309,293	3,1	334,359	4,6	298	149
962	25,30	383,325	28,42	412,415	298	149
963	7,6	224,193	0,3	160,239	298	149
964	29,19	11,4	17,31	6,21	298	149
965	10,3	15,16	5,6	18,26	298	149
966	53,30	607,432	39,65	364,442	252	149
967	8,4	118,114	4,3	69,105	245	149
968	1,6	49,31	1,2	15,35	218	149
969	25,22	0,0	5,10	2,0	298	149
970	6,2	30,30	1,5	11,15	298	149
972	683,543	340,386	544,606	386,366	298	149
973	6,5	4,0	4,6	0,1	298	149
974	5,5	126,88	4,5	38,76	298	149
976	59,50	3,4	50,60	0,1	298	149
977	72,64	49,24	16,63	12,21	298	149
979	8,8	57,39	3,5	24,24	224	149
980	7,8	180,176	4,9	164,182	298	149
981	5,6	224,235	1,4	180,227	298	149
983	34,17	189,110	28,45	173,176	298	149
985	23,19	1143,1010	17,27	1158,1129	232	149
987	5,8	0,1	1,0	2,2	251	149
988	66,52	0,1	49,61	0,0	298	149
991	41,27	3,4	45,41	7,5	298	149
992	44,39	1,7	54,55	2,2	298	149
998	28,25	126,126	49,45	142,160	247	149
1004	0,3	28,32	3,3	26,44	298	149
1005	56,54	788,821	69,90	902,1053	298	149
1006	16,15	603,690	15,21	822,836	235	149
1016	2,9	258,269	10,11	234,303	250	149
1020	17,14	0,0	15,21	0,4	298	149
1021	15,19	95,80	16,20	88,91	236	149
1034	5,0	0,1	2,0	3,0	298	149
1036	4,1	1,0	3,0	0,0	298	149
1041	0,2	0,0	0,2	0,1	298	149
1042	3,2	39,36	2,4	28,46	298	149
1051	2,0	39,59	6,2	61,45	298	149
1056	100,96	1,2	105,90	4,0	298	149
1057	7,7	18,32	6,1	14,30	298	149
1058	7,13	153,141	3,2	148,201	243	149
1059	96,123	97,101	116,126	93,112	298	149
1060	40,21	508,596	48,44	672,744	298	149
1061	47,49	171,124	68,79	123,220	298	149
1062	333,279	2,3	345,362	0,2	281	149
1064	19,20	11,10	24,23	1,17	298	149
1065	247,157	113,68	122,198	66,83	298	149
1066	226,133	469,421	107,174	435,486	298	149
1067	32,37	5,6	23,19	1,1	298	149
1068	25,27	149,145	16,18	43,67	298	149
1069	161,139	2175,1863	105,133	2200,2154	224	149
1070	145,114	3,4	90,114	4,4	210	149
1071	410,331	1,0	394,415	0,0	240	149
1072	164,169	14,10	125,165	8,6	298	149
1073	125,106	1692,1373	88,123	1688,1665	244	149
1074	172,154	0,3	118,128	1,2	298	149
1075	138,115	3,2	91,102	3,2	298	149
1076	98,78	906,642	83,61	873,872	226	149
1077	23,14	651,459	19,19	567,545	244	149
1078	64,30	65,50	25,26	8,14	298	149
1079	2367,1946	19,16	1850,2077	22,12	298	149
1080	34,9	0,0	6,12	0,2	298	149
1081	34,7	1,1	6,12	0,0	298	149
1082	16,29	376,295	10,6	466,393	298	149
1083	91,66	313,309	94,85	410,387	298	149
1084	37,25	416,365	25,26	514,476	298	149
1085	22,18	0,0	24,28	0,1	273	149
1086	56,40	65,23	27,45	11,50	298	149
1087	45,26	2108,1676	18,30	2457,2513	298	149
1088	113,73	1,4	131,133	0,0	298	149
1089	136,77	2750,2429	152,167	3661,3842	298	149
1090	99,63	0,0	144,157	1,0	298	149
1091	1404,1331	0,0	1589,1623	1,2	298	149
1092	65,55	2,0	82,62	2,0	224	149
1093	74,63	2939,2903	88,77	3452,3587	277	149
1094	20,16	0,0	17,14	0,1	298	149
1095	98,69	5179,3851	99,81	5532,5420	298	149
1096	45,22	1684,1240	32,47	1064,1343	298	149
1097	405,323	65,44	223,287	27,48	298	149
1098	2,2	4,5	3,7	5,8	239	149
1099	1,0	11,0	0,0	0,10	219	149
1100	59,50	10,5	39,46	3,10	298	149
1101	57,42	13,13	33,44	7,12	298	149
1102	55,49	287,271	31,48	298,263	298	149
1103	42,43	50,38	23,40	33,47	298	149
1104	14,2	135,122	4,15	126,135	298	149
1107	312,243	5935,4878	194,249	6002,6032	228	149
1108	283,240	1,5	198,180	2,0	285	149
1109	259,250	8125,7104	177,180	5498,7135	298	149
1110	204,157	4,9	135,129	2,6	248	149
1111	4859,3988	24,18	2625,4187	21,21	298	149
1112	3,3	5,5	0,1	2,4	220	149
1113	9,2	1,1	4,2	0,1	280	149
1114	29,27	3,6	8,15	3,2	298	149
1117	6,4	23,19	2,3	12,20	298	149
1120	0,1	3,1	0,0	2,3	298	149
1123	50,77	5,5	71,81	12,4	236	149
1124	11,4	54,24	1,4	38,38	298	149
1125	2,0	15,5	0,0	6,11	221	149
1126	21,26	0,1	34,46	6,5	271	149
1127	9,8	1,4	17,12	0,0	254	149
1130	60,59	0,0	41,75	0,1	298	149
1131	7,7	51,34	13,13	25,42	298	149
1132	23,14	1,0	23,16	4,3	298	149
1133	28,34	7,0	20,9	1,4	298	149
1134	0,2	14,8	1,3	7,8	241	149
1135	12,1	150,120	0,4	58,134	298	149
1136	5,2	77,46	2,11	17,36	298	149
1137	12,4	126,76	3,13	28,79	263	149
1138	16,3	65,53	8,14	47,49	280	149
1139	2,0	39,11	1,5	11,11	298	149
1140	66,54	112,94	49,62	90,134	298	149
1141	19,14	221,178	21,28	192,249	239	149
1142	38,37	0,1	26,55	0,0	274	149
1146	44,23	1,0	40,50	0,2	248	149
1147	18,12	96,56	3,18	113,95	224	149
1148	27,13	314,298	13,42	349,342	298	149
1149	43,45	0,3	35,48	4,3	298	149
1150	128,73	5,10	100,133	10,13	298	149
1151	65,28	4,11	53,73	8,6	298	149
1152	61,24	66,64	48,65	66,81	298	149
1153	0,0	1,0	3,2	3,0	298	149
1154	2,0	3,1	0,0	4,4	298	149
1157	91,92	2,3	105,106	0,1	296	149
1159	15,13	1,2	6,10	3,2	298	149
1160	6,9	5,7	9,3	3,2	285	149
1161	203,163	25,25	210,284	23,20	298	149
1162	30,24	305,300	24,29	387,387	298	149
1163	40,29	342,324	62,55	389,430	298	149
1164	35,27	321,313	93,63	353,411	298	149
1165	2,7	357,358	1,10	351,415	236	149
1166	11,17	132,122	17,21	142,170	298	149
1170	22,5	1,0	3,15	0,0	298	149
1172	3,3	56,79	3,5	61,90	262	149
1174	0,1	118,138	0,3	145,160	298	149
1175	3,5	0,0	0,1	0,2	298	149
1176	10,14	628,620	14,13	796,766	298	149
1177	25,34	139,118	8,19	94,117	298	149
1179	4,0	8,6	1,11	5,4	298	149
1181	0,0	7,4	0,2	10,8	262	149
1182	0,0	5,1	1,3	1,3	298	149
1184	0,4	0,0	2,6	2,0	298	149
1186	1,2	0,2	3,4	1,2	298	149
1187	1,2	0,2	2,6	0,0	298	149
1189	1,2	6,2	2,6	3,0	298	149
1194	250,224	200,179	190,205	237,228	298	149
1195	79,70	1126,1092	83,91	1175,1239	249	149
1196	11,29	967,702	23,17	744,822	227	149
1197	118,69	501,405	125,139	495,540	241	149
1198	264,150	15,13	234,251	11,17	263	149
1199	84,90	639,480	60,89	389,497	229	149
1200	485,430	0,0	333,432	0,3	298	149
1207	37,36	642,484	23,34	431,522	221	149
1208	6,5	16,6	5,8	8,17	298	149
1209	71,76	4733,3979	53,75	5723,6125	298	149
1214	20,9	87,94	20,13	83,125	298	149
1216	18,11	7,9	13,5	2,5	298	149
1217	10,8	80,53	2,12	64,77	279	149
1218	8,10	25,18	4,14	25,23	298	149
1224	21,19	17,17	7,8	29,27	227	149
1225	4,8	14,7	2,9	10,7	298	149
1227	70,47	0,2	47,72	0,1	298	149
1228	50,46	0,0	52,44	2,0	298	149
1229	69,64	2,1	76,73	0,1	298	149
1230	63,75	1,1	111,84	0,1	298	149
1234	3,0	2,6	2,4	0,1	298	149
1235	0,0	2,3	2,0	4,6	287	149
1239	28,25	739,654	16,24	407,706	272	149
1240	0,1	2,2	2,2	0,2	298	149
1241	2,0	0,2	0,0	2,0	245	149
1244	206,188	0,0	230,282	2,1	264	149
1245	136,84	2,1	102,149	1,6	260	149
1248	0,2	0,1	0,0	0,4	298	149
1249	0,1	2,1	0,2	0,0	298	149
1250	1,0	4,0	0,2	0,0	298	149
1251	1,0	2,0	0,2	1,4	298	149
1255	36,43	1,0	38,35	0,0	298	149
1256	52,73	0,2	61,62	0,0	298	149
1257	52,72	2,0	59,60	4,3	298	149
1259	4,6	34,38	14,5	42,49	298	149
1260	14,11	335,318	22,25	419,370	298	149
1261	10,11	1,1	18,23	3,2	298	149
1262	22,26	0,0	30,15	1,0	298	149
1263	19,27	354,296	24,17	345,321	298	149
1264	9,12	563,458	10,13	511,588	264	149
1265	38,32	368,288	33,43	303,416	298	149
1266	16,16	0,0	20,13	0,2	272	149
1267	18,17	1,0	19,11	0,1	298	149
1268	24,27	380,327	11,16	278,330	232	149
1271	31,23	73,80	10,15	93,107	298	149
1272	46,63	25,12	53,61	21,30	298	149
1273	0,5	51,42	1,0	59,56	250	149
1274	19,14	63,55	16,23	83,81	298	149
1275	2,5	65,52	6,5	47,59	298	149
1276	7,16	62,71	11,10	54,63	298	149
1279	22,29	0,0	36,48	2,1	298	149
1280	5,13	341,302	10,8	355,459	298	149
1281	215,277	2259,2446	251,210	2873,2976	295	149
1282	2,1	91,69	5,3	74,70	298	149
1283	127,112	0,0	115,132	5,3	298	149
1284	176,112	370,244	176,209	385,466	267	149
1285	0,1	3,5	0,0	0,1	293	149
1286	201,199	218,169	185,192	245,277	298	149
1287	3390,3359	77,88	4108,4384	98,95	298	149
1289	60,89	118,139	59,62	86,135	298	149
1290	1,5	259,282	9,10	313,334	298	149
1291	24,22	427,445	25,22	531,608	298	149
1296	0,0	2,1	1,0	1,5	298	149
1301	4,4	171,132	5,3	173,167	298	149
1302	2,0	15,10	0,0	14,19	298	149
1305	28,36	4,3	35,51	2,2	298	149
1308	195,176	12,10	225,228	10,16	282	149
1309	12,14	28,16	10,15	6,12	257	149
1310	7,0	108,82	2,2	77,100	228	149
1311	49,54	2,2	18,21	0,1	298	149
1312	16,16	198,208	6,16	213,254	298	149
1314	15,15	153,172	10,16	194,194	298	149
1315	44,26	491,554	19,26	595,518	298	149
1316	4,6	436,461	12,8	469,540	298	149
1317	14,11	194,208	14,13	198,272	298	149
1320	8,12	0,0	8,12	1,0	298	149
1321	5,6	4,1	7,9	4,3	298	149
1322	6,9	159,158	7,12	152,165	298	149
1323	3,6	283,259	0,2	245,280	298	149
1324	14,22	1,0	19,12	0,0	298	149
1325	5,15	0,6	9,7	3,3	298	149
1326	4,12	272,262	6,2	318,323	298	149
1327	9,9	104,120	0,8	102,135	234	149
1328	91,52	214,172	77,75	243,209	298	149
1329	39,34	1,3	34,29	4,8	234	149
1330	69,60	3,0	50,74	2,1	298	149
1331	1,0	15,15	1,0	25,13	222	149
1332	1,1	1,0	3,0	1,0	232	149
1333	6,4	124,88	7,7	117,153	298	149
1348	2,6	223,161	6,4	221,223	298	149
1349	2,0	705,647	1,0	788,949	298	149
1350	6,0	571,674	1,3	662,737	298	149
1351	3,4	524,596	3,2	633,657	298	149
1352	0,0	0,1	0,4	2,3	234	149
1353	12,7	18,13	23,19	15,13	243	149
1367	16,4	174,183	6,5	163,184	230	149
1368	28,17	418,394	44,29	442,473	284	149
1369	68,58	649,591	53,61	673,806	232	149
1370	576,480	0,3	605,606	0,4	298	149
1371	65,52	684,595	48,70	774,771	232	149
1372	67,30	337,265	40,67	233,256	298	149
1373	4,2	3,2	6,4	1,0	253	149
1377	0,0	0,1	1,0	0,0	298	149
1381	61,57	0,4	32,36	3,5	298	149
1383	13,9	161,247	9,8	217,208	298	149
1388	1,0	0,5	2,2	0,0	243	149
1389	2,2	0,0	2,3	2,4	239	149
1392	13,25	18,27	13,22	21,23	298	149
1397	5,4	66,36	8,8	56,58	298	149
1398	10,9	61,49	1,3	72,71	298	149
1399	12,2	30,39	4,3	20,40	298	149
1400	7,0	54,39	3,2	25,39	298	149
1401	98,119	21,3	147,121	9,13	298	149
1402	4,10	2,2	11,6	0,0	298	149
1404	0,2	0,2	0,3	0,0	298	149
1415	8,14	5,10	7,18	6,4	244	149
1416	8,15	31,39	7,18	31,30	246	149
1417	16,21	1,0	20,17	3,2	298	149
1418	18,11	3,3	14,33	2,2	298	149
1419	17,18	23,14	21,28	23,18	244	149
1420	13,13	1,3	21,40	1,2	298	149
1422	48,44	0,0	27,56	2,1	298	149
1423	31,27	43,28	18,43	30,46	298	149
1424	97,71	0,2	73,89	0,3	247	149
1425	23,17	21,20	26,28	20,15	298	149
1427	1,7	14,12	0,1	7,11	250	149
1428	1,7	3,0	0,1	1,0	232	149
1429	23,22	201,226	33,23	213,252	298	149
1430	14,39	54,58	22,25	48,45	298	149
1431	13,9	51,53	16,26	57,82	298	149
1432	15,12	1,0	13,9	0,2	298	149
1433	13,17	26,26	10,16	35,31	235	149
1435	11,2	20,13	0,13	14,13	251	149
1436	36,25	44,57	14,16	32,32	298	149
1437	62,35	54,48	54,53	67,46	245	149
1438	9,11	54,40	1,17	63,64	287	149
1439	10,9	37,27	6,9	41,52	226	149
1440	46,32	493,450	34,29	392,457	298	149
1441	167,137	15,8	126,132	10,17	263	149
1442	44,27	642,577	33,24	604,593	236	149
1443	82,59	367,328	75,62	413,513	298	149
1444	41,33	280,242	50,48	292,307	240	149
1445	23,32	120,101	33,39	128,150	298	149
1446	25,22	40,24	26,21	37,24	298	149
1447	60,45	2217,1602	38,57	1102,2019	298	149
1450	8,0	96,88	9,2	121,137	227	149
1453	564,465	1,0	469,476	0,0	298	149
1454	4,3	15,11	1,2	5,6	298	149
1456	20,13	238,173	14,20	167,219	265	149
1457	33,33	391,253	43,35	318,383	234	149
1458	10,0	63,50	4,5	85,90	298	149
1459	18,16	49,55	13,20	64,52	298	149
1462	3,2	291,277	0,0	293,344	237	149
1472	13,19	3,0	21,8	0,2	298	149
1473	16,15	210,258	25,10	263,278	298	149
1474	25,16	192,132	29,34	166,189	279	149
1475	21,6	36,22	15,9	11,21	298	149
1476	27,9	25,8	21,14	12,16	298	149
1477	365,350	1,0	348,411	0,0	298	149
1478	0,0	12,14	3,0	5,10	298	149
1479	19,19	130,166	19,27	160,160	298	149
1483	0,4	48,57	0,1	59,47	298	149
1485	2,2	0,0	1,2	1,0	298	149
1486	50,45	1262,1275	62,72	1507,1719	252	149
1487	68,45	874,814	39,82	956,1171	231	149
1488	73,63	4,8	61,79	13,2	298	149
1489	567,511	3,0	599,718	0,4	298	149
1490	17,12	28,6	10,18	8,27	232	149
1491	287,259	582,526	207,206	626,744	298	149
1492	207,161	42,25	121,129	34,42	298	149
1493	35,40	31,18	28,48	13,16	298	149
1496	3,8	89,60	8,4	85,106	298	149
1497	99,99	65,48	101,116	40,48	298	149
1498	24,16	19,27	9,15	23,26	298	149
1499	15,14	6,8	5,7	4,6	250	149
1501	4,5	15,17	3,9	11,15	235	149
1502	0,0	7,8	0,1	7,5	298	149
1503	26,33	42,18	19,22	8,26	225	149
1504	33,40	2,4	22,26	0,1	244	149
1506	189,189	117,107	187,168	151,112	220	149
1507	159,159	2,4	139,131	2,0	298	149
1508	91,60	200,134	55,67	191,176	298	149
1509	19,4	0,0	8,15	0,1	298	149
1510	28,26	303,233	28,40	240,338	298	149
1511	32,26	7,5	28,41	4,5	298	149
1515	9,11	0,2	0,4	0,0	249	149
1517	194,151	2289,1695	175,184	1680,2015	298	149
1518	14499,11817	77,66	14644,15349	66,75	290	149
1523	4,5	1,0	9,8	4,0	298	149
1524	10,2	1,2	0,3	0,0	249	149
1525	5,5	13,4	4,4	6,9	298	149
1526	0,3	2,4	4,3	0,0	268	149
1528	19,11	2,0	15,13	0,0	298	149
1529	25,20	88,81	7,15	31,42	298	149
1530	5,8	179,139	2,8	95,98	298	149
1532	15,8	290,197	17,12	186,217	298	149
1541	76,52	2397,2029	103,94	2995,2919	298	149
1542	60,41	3,6	84,77	4,2	298	149
1543	100,86	1,6	115,111	6,2	298	149
1544	5,6	50,41	18,7	48,60	298	149
1546	4,14	1241,1039	1,8	1297,1537	298	149
1550	1,0	18,10	1,1	5,19	298	149
1554	47,27	170,129	26,43	80,117	219	149
1555	60,32	1,0	38,49	0,0	252	149
1556	62,33	0,0	39,49	0,2	255	149
1557	28,23	134,107	6,11	79,156	298	149
1560	49,42	1,0	11,24	0,0	273	149
1561	3,17	33,20	2,11	2,4	225	149
1564	53,27	4,1	30,41	2,0	234	149
1565	6,3	306,288	3,4	319,336	298	149
1566	0,1	17,16	0,6	12,10	242	149
1570	25,32	477,456	17,23	552,604	226	149
1571	14,9	1,0	16,9	1,5	298	149
1572	4,3	647,560	4,8	610,649	298	149
1573	11,12	610,532	10,2	611,637	294	149
1574	10,15	505,456	24,13	552,591	278	149
1575	4,6	523,474	13,16	615,669	298	149
1576	9,3	0,0	6,7	1,3	298	149
1577	12,14	1,0	18,16	0,0	298	149
1578	14,8	2,0	7,10	2,1	234	149
1579	53,59	39,36	34,65	39,30	298	149
1580	36,26	0,0	20,41	2,1	298	149
1581	26,8	60,50	16,32	52,54	298	149
1582	19,49	2,1	37,44	1,0	295	149
1583	37,49	70,69	30,55	46,84	298	149
1587	3,2	24,28	3,1	26,32	242	149
1588	1,14	6,7	2,3	5,3	253	149
1589	7,3	324,224	6,0	280,325	250	149
1591	20,19	3,5	10,23	2,3	298	149
1594	2,0	24,12	0,3	15,9	270	149
1596	18,9	71,68	7,12	60,64	297	149
1597	3,6	49,39	1,4	63,66	298	149
1598	4,10	52,35	6,9	51,65	228	149
1599	10,3	85,64	5,16	31,39	260	149
1600	6,6	2,2	3,4	2,4	199	149
1601	9,7	99,100	3,8	123,128	226	149
1602	2,9	99,77	0,9	59,98	257	149
1605	3,2	0,2	3,6	0,0	298	149
1606	4,3	1,2	3,5	1,0	298	149
1607	15,8	218,179	7,10	224,244	298	149
1608	8,1	31,29	0,2	17,20	288	149
1609	88,76	2,0	92,84	2,5	288	149
1610	4,1	188,161	4,4	199,228	243	149
1611	7,4	3,2	2,10	4,4	243	149
1612	175,123	0,3	184,204	0,2	298	149
1613	107,86	162,153	122,130	180,225	287	149
1615	11,8	2,0	2,4	0,1	298	149
1617	7,5	5,2	2,4	2,0	298	149
1623	3,2	0,2	8,2	0,0	298	149
1627	2,4	37,19	4,6	29,21	298	149
1628	2,2	0,2	3,5	0,0	298	149
1629	6,1	31,43	5,5	32,29	232	149
1630	17,22	38,42	13,26	33,17	293	149
1631	4,4	100,94	7,12	79,80	298	149
1632	1,5	0,0	0,15	1,0	298	149
1634	65,37	1080,847	30,26	413,717	298	149
1635	77,75	7,4	89,111	6,9	298	149
1636	3,4	65,83	5,1	58,92	298	149
1638	16,5	52,40	24,15	70,54	298	149
1639	6,5	1,7	9,2	5,3	298	149
1640	6,6	0,2	9,2	5,2	298	149
1641	8,14	66,88	10,9	87,95	298	149
1643	12,4	82,65	16,21	102,91	298	149
1644	6,4	4,2	11,4	6,0	298	149
1645	13,19	0,0	22,9	2,0	298	149
1646	19,23	111,95	26,21	92,108	298	149
1647	20,13	1,0	23,31	0,1	298	149
1649	19,18	0,0	26,16	1,1	298	149
1650	22,9	87,84	19,10	85,108	298	149
1652	3,3	95,63	2,2	82,91	298	149
1653	3,0	4,1	3,5	6,4	298	149
1657	46,28	125,102	39,43	183,144	298	149
1658	62,60	118,109	53,41	120,158	298	149
1660	5,2	0,0	4,0	2,3	298	149
1664	3,5	3,3	2,4	0,6	298	149
1665	0,0	13,3	0,6	8,2	298	149
1666	2,1	8,13	4,6	7,14	298	149
1667	2,0	220,160	3,3	238,290	298	149
1671	34,16	119,107	16,21	72,80	215	149
1672	67,29	437,305	33,54	462,488	298	149
1676	29,18	0,0	28,27	1,0	244	149
1677	0,0	1,0	0,1	0,0	298	149
1678	0,0	39,60	0,2	43,59	246	149
1679	14,21	1,0	23,19	0,0	298	149
1680	0,7	3,4	3,3	12,4	298	149
1681	0,2	0,2	6,4	0,0	298	149
1683	14,19	3,0	21,17	0,0	298	149
1684	0,5	33,52	1,1	48,58	298	149
1685	3,0	1,5	7,2	6,4	298	149
1686	0,0	0,1	0,4	0,0	298	149
1687	0,0	4,0	0,2	0,0	263	149
1688	165,178	13,15	127,162	28,29	298	149
1689	5,4	244,203	7,14	244,271	298	149
1691	6,1	16,12	15,6	16,5	298	149
1692	97,64	142,76	37,47	41,79	242	149
1693	2,7	6,0	6,4	3,8	225	149
1694	29,10	1,4	19,11	5,5	298	149
1695	19,6	1,4	8,13	3,0	245	149
1696	27,18	7,1	23,37	5,7	298	149
1697	11,9	5,5	0,4	2,0	276	149
1698	17,13	64,43	1,15	23,25	220	149
1700	0,0	1,0	1,0	0,0	244	149
1704	4,2	40,36	6,7	26,52	298	149
1706	11,16	404,436	11,21	485,497	298	149
1707	26,9	312,183	8,14	206,236	243	149
1708	25,17	0,0	32,26	0,2	298	149
1709	4,4	82,79	9,3	109,109	265	149
1710	26,22	215,153	19,22	175,188	298	149
1711	17,15	473,360	23,22	462,446	282	149
1712	40,40	319,240	37,48	208,294	298	149
1713	171,153	4,0	176,221	2,1	298	149
1715	129,112	291,188	115,123	291,287	298	149
1717	17,14	212,168	11,21	140,181	237	149
1718	13,2	152,120	0,4	85,123	237	149
1720	7,19	5,4	1,13	2,12	298	149
1728	5,6	39,10	10,5	24,16	298	149
1729	2,0	36,14	2,0	22,34	236	149
1732	32,27	35,27	9,14	5,9	295	149
1733	35,29	315,191	9,14	67,115	298	149
1734	50,44	1,0	13,23	0,0	298	149
1735	363,299	43,18	287,365	26,18	298	149
1736	327,266	3,1	272,341	2,2	298	149
1737	549,413	127,92	436,507	140,130	298	149
1738	683,562	82,60	573,686	78,60	298	149
1739	567,427	6,1	465,533	16,11	298	149
1740	531,394	2,0	450,509	0,0	298	149
1741	544,408	17,20	455,512	20,30	298	149
1742	580,441	36,38	470,536	33,38	298	149
1744	443,383	3,5	476,497	1,2	253	149
1745	64,37	378,339	28,44	416,364	277	149
1746	9,17	387,341	18,24	419,358	243	149
1747	26,33	3,5	25,27	1,9	298	149
1748	29,30	1,0	25,27	0,0	298	149
1749	27,40	282,250	30,30	275,259	229	149
1750	6,12	333,331	4,7	368,390	298	149
1751	11,9	22,18	4,13	18,21	298	149
1752	39,22	181,167	18,27	104,155	298	149
1753	134,123	33,20	73,103	34,34	298	149
1757	2,0	17,15	0,1	23,12	298	149
1762	31,40	112,103	36,37	122,104	298	149
1763	25,33	0,0	29,29	0,2	298	149
1777	83,66	40,40	78,85	28,34	298	149
1793	1,0	21,19	0,0	13,23	283	149
1795	120,115	2569,2339	132,142	3003,3354	298	149
1796	358,378	97,106	353,394	175,187	298	149
1798	0,2	0,1	1,0	0,0	298	149
1799	5,4	55,68	4,4	75,60	298	149
1800	34,40	340,336	37,41	344,435	298	149
1801	118,60	2,4	83,113	3,5	217	149
1803	7,8	2,1	6,8	0,0	298	149
1804	0,0	80,84	1,1	110,124	298	149
1805	1,0	0,1	0,0	2,4	298	149
1809	8,2	12,7	7,1	4,12	298	149
1810	175,132	1,0	188,196	0,0	298	149
1811	17,10	362,347	14,18	419,424	254	149
1812	9,4	1,0	1,5	0,0	188	149
1813	27,30	3,4	18,28	0,3	298	149
1814	14,3	113,72	6,13	92,96	231	149
1817	0,2	91,112	4,2	147,120	298	149
1818	10,9	1,0	6,4	4,3	298	149
1820	0,2	90,52	4,2	96,83	298	149
1821	11,6	28,31	11,5	29,29	228	149
1822	451,306	123,77	355,382	130,102	298	149
1823	15,15	294,254	21,28	282,350	298	149
1826	9,31	11,21	15,5	14,16	298	149
1828	48,49	3,0	69,60	2,1	298	149
1829	42,42	1,0	63,48	2,1	272	149
1830	67,107	1,0	135,123	6,0	246	149
1833	0,0	2,7	3,4	7,0	245	149
1834	2,0	7,11	1,1	12,4	287	149
1836	91,45	113,88	62,58	61,77	261	149
1837	38,20	61,38	36,22	22,25	298	149
1838	4,3	7,0	1,5	1,0	298	149
1839	86,56	90,80	84,75	97,103	298	149
1840	236,138	72,64	208,255	76,99	298	149
1841	288,184	45,40	243,295	69,53	298	149
1842	192,155	116,88	179,179	145,141	298	149
1843	40,40	3,3	47,30	1,5	230	149
1845	249,192	259,192	171,176	198,268	298	149
1854	23,14	110,46	10,10	39,67	298	149
1855	98,63	3,0	53,87	0,7	298	149
1856	13,5	475,535	20,20	546,562	298	149
1857	109,92	419,400	111,85	458,522	298	149
1859	54,20	0,0	28,34	0,1	218	149
1860	54,20	5,0	32,35	0,9	223	149
1861	66,25	141,103	41,41	92,137	236	149
1862	140,77	2,0	91,98	0,4	294	149
1863	1,8	154,120	1,5	90,137	264	149
1864	0,0	10,6	0,2	8,8	252	149
1865	4,6	5,2	5,10	4,7	249	149
1866	4,0	17,6	1,0	0,8	289	149
1867	2,1	7,2	0,1	4,3	239	149
1868	2,0	18,13	0,0	22,13	236	149
1870	8,6	5,3	4,5	2,6	298	149
1872	7,7	65,46	0,6	18,40	283	149
1873	11,13	88,28	0,7	25,27	298	149
1874	26,12	168,86	4,10	117,98	246	149
1875	8,14	3,4	12,16	7,3	298	149
1876	1,2	2,4	1,7	2,2	254	149
1877	2,1	86,51	3,1	80,84	298	149
1878	20,11	125,93	11,19	59,103	222	149
1879	57,45	1,0	58,41	0,0	298	149
1880	57,45	181,155	60,49	136,201	234	149
1881	41,37	93,56	29,37	77,84	262	149
1882	44,32	12,12	17,37	2,5	298	149
1883	18,17	47,45	7,13	23,53	298	149
1886	33,12	129,130	10,33	51,116	298	149
1891	2,1	7,2	0,0	4,4	229	149
1895	3,0	0,0	1,1	1,1	298	149
1896	26,24	46,42	23,23	14,25	298	149
1897	34,32	4,6	28,35	3,0	298	149
1905	22,17	7,9	20,44	6,11	298	149
1906	9,15	33,27	6,14	18,37	226	149
1907	465,354	343,268	284,371	251,293	288	149
1908	431,323	10,7	279,352	3,10	265	149
1909	538,439	8,11	355,445	9,5	298	149
1910	10,3	7,8	7,11	1,7	298	149
1911	2,0	0,0	0,2	2,2	298	149
1912	6,7	2,0	7,6	2,2	298	149
1913	4,7	15,10	7,6	4,4	298	149
1914	21,2	86,61	2,4	37,71	223	149
1915	26,15	124,89	18,21	56,114	298	149
1917	32,13	108,96	4,10	85,95	298	149
1918	13,12	241,205	9,14	163,180	298	149
1920	11,4	290,224	4,8	272,298	298	149
1921	4,3	67,49	9,5	45,87	298	149
1922	32,24	88,83	16,35	64,101	298	149
1923	130,139	30,26	133,152	16,29	298	149
1924	35,28	81,75	20,40	93,100	270	149
1925	108,81	0,0	96,87	0,1	298	149
1926	20,4	363,280	15,17	384,406	298	149
1927	2,4	2,0	0,0	0,2	298	149
1928	2,4	0,0	0,0	1,5	298	149
1934	4,6	1,0	5,3	0,0	283	149
1938	2,0	0,2	0,1	0,0	298	149
1945	6,3	9,8	5,1	7,14	298	149
1948	5,5	89,42	2,9	62,67	298	149
1950	2,2	63,30	0,0	49,56	289	149
1952	1,1	1,2	2,2	0,1	298	149
1953	26,34	39,29	40,45	40,40	298	149
1954	2,2	17,20	5,3	18,27	298	149
1955	6,1	233,255	3,2	363,386	298	149
1962	0,0	8,19	0,2	12,10	298	149
1963	47,35	4,0	32,47	0,2	298	149
1980	21,37	176,187	37,28	236,289	298	149
1981	16,46	218,212	26,30	251,317	227	149
1982	8,3	9,1	3,4	10,2	298	149
1983	11,11	80,42	14,16	67,93	298	149
1984	8,6	115,91	13,9	107,164	298	149
1985	5,25	59,51	11,5	20,30	298	149
1988	15,11	3,4	14,16	1,4	298	149
1989	12,10	11,7	11,14	13,16	298	149
1990	2,18	14,17	9,14	29,35	298	149
1991	5,18	162,115	6,14	127,147	298	149
1993	60,47	10,10	58,43	6,9	288	149
1995	7,43	203,157	24,15	123,221	298	149
1996	36,39	8,19	32,28	20,19	285	149
1997	31,47	67,45	35,31	67,68	298	149
1998	22,44	8,18	31,19	23,14	247	149
1999	30,39	63,71	27,28	56,83	298	149
2000	39,53	0,0	68,52	0,1	298	149
2004	11,16	1,0	15,16	1,0	298	149
2005	6,8	2,3	7,5	3,2	290	149
2009	2,3	30,29	4,1	41,44	231	149
2012	129,121	4784,4119	127,122	4182,4224	298	149
2013	381,274	2061,1607	407,417	2623,3027	298	149
2014	48,49	91,69	38,25	77,90	228	149
2015	86,76	5,2	72,62	7,6	286	149
2018	75,58	1819,1311	35,70	735,1357	298	149
2019	21,16	48,59	11,23	51,64	298	149
2020	44,22	2121,1866	45,46	2080,2408	298	149
2021	43,25	64,70	48,39	44,51	298	149
2022	5,4	3,1	10,13	4,1	298	149
2023	1,1	39,54	2,0	56,76	263	149
2024	3,2	5,5	7,6	5,12	272	149
2025	1,1	1057,1009	10,1	1275,1440	298	149
2026	19,19	0,0	12,14	0,1	298	149
2027	24,19	1066,1160	17,18	1158,1248	298	149
2028	394,436	19,4	489,566	16,7	298	149
2029	6,2	7,15	9,9	30,17	298	149
2030	41,41	0,0	47,49	0,1	298	149
2031	4,0	1,0	3,1	0,0	298	149
2032	2,0	43,41	0,1	48,48	298	149
2034	13,15	0,1	6,10	0,1	298	149
2035	15,11	54,68	5,11	60,65	298	149
2036	0,2	56,72	0,0	73,77	298	149
2037	5,13	37,48	11,14	63,51	298	149
2038	5,12	0,1	7,2	0,3	298	149
2039	8,3	29,45	8,5	48,43	249	149
2041	0,4	58,19	3,3	20,36	298	149
2042	4,1	50,59	6,3	60,65	298	149
2043	10,1	22,18	2,4	26,28	298	149
2044	6,0	30,24	0,0	15,32	298	149
2045	11,2	0,1	2,6	0,3	298	149
2046	7,1	2,0	0,2	1,4	298	149
2047	113,99	5,11	100,129	8,15	224	149
2048	2,0	46,34	1,0	33,34	298	149
2049	2,0	0,2	1,0	1,0	298	149
2052	42,39	85,46	20,36	34,67	256	149
2053	2,10	55,48	5,3	52,53	234	149
2054	103,84	73,64	66,109	55,64	298	149
2055	4,6	168,146	3,1	233,210	298	149
2056	249,226	7,2	181,246	6,13	298	149
2057	236,220	0,0	255,252	0,2	298	149
2058	365,346	50,47	409,363	52,58	298	149
2059	59,39	138,112	51,45	131,144	298	149
2060	26,21	74,52	22,19	66,61	298	149
2062	96,80	324,349	103,114	459,510	298	149
2063	650,492	10,17	799,813	23,22	298	149
2064	36,41	136,121	32,47	103,137	298	149
2065	38,38	188,162	22,37	189,239	298	149
2070	1092,1021	3,2	1204,1332	1,1	298	149
2071	4,11	36,33	12,15	33,40	298	149
2072	6,5	127,94	9,4	92,101	298	149
2073	42,35	513,450	52,46	631,614	298	149
2074	32,19	2,1	28,32	7,0	255	149
2075	29,24	0,1	30,47	1,1	298	149
2076	0,0	0,3	2,0	1,0	298	149
2077	1,0	371,307	2,1	411,428	298	149
2079	5,1	23,45	4,3	30,31	298	149
2080	9,9	557,586	17,13	754,639	298	149
2082	30,36	24,16	56,56	18,16	298	149
2088	165,170	3518,3168	154,197	3761,3964	298	149
2089	159,134	6387,5556	154,121	7579,7364	298	149
2090	213,251	5406,5200	293,305	6673,7040	298	149
2097	69,54	1961,1607	55,79	2043,2188	298	149
2100	36,32	101,90	35,21	114,153	298	149
2102	25,36	748,635	40,44	860,1037	298	149
2103	24,42	3,2	22,39	1,1	298	149
2104	33,54	9,10	58,52	21,15	298	149
2105	58,79	770,711	64,63	873,1112	298	149
2106	75,53	109,109	77,99	124,124	298	149
2109	2,1	53,67	2,0	71,86	298	149
2110	34,25	8,12	37,32	10,7	298	149
2111	13,15	85,80	8,7	54,50	298	149
2112	6,4	87,57	7,12	54,33	298	149
2113	4,3	2,1	4,9	2,0	298	149
2115	4,4	255,270	6,10	377,426	298	149
2119	0,2	15,33	0,0	24,44	298	149
2120	48,73	35,33	53,57	28,55	298	149
2121	22,9	19,5	15,27	18,9	298	149
2122	38,34	469,407	25,33	588,565	298	149
2123	336,231	17,24	345,392	13,48	298	149
2124	52,46	347,224	29,53	300,307	298	149
2125	58,29	449,323	18,54	332,431	281	149
2126	0,6	36,47	4,3	62,52	228	149
2128	4,5	0,1	6,11	0,0	298	149
2129	1,2	138,111	0,1	141,151	298	149
2131	63,67	3868,3794	71,53	3283,3481	298	149
2132	35,63	0,1	80,46	3,1	298	149
2133	0,0	13,2	0,7	15,9	298	149
2135	1,0	2326,2526	0,0	2889,3164	298	149
2137	51,51	1851,2013	69,67	2268,2455	298	149
2138	136,128	0,2	151,147	1,2	298	149
2139	72,74	2270,2541	49,67	2650,2720	298	149
2140	128,142	2,5	131,161	1,1	298	149
2141	40,49	2440,2657	27,45	2832,3140	298	149
2143	28,21	2616,2866	32,37	3123,3612	298	149
2144	16,10	11,2	23,18	3,6	237	149
2145	35,22	2224,2013	38,44	2434,2446	233	149
2146	304,291	0,0	369,296	0,1	279	149
2147	24,16	75,62	13,13	90,89	298	149
2148	2,0	24,23	2,5	57,43	298	149
2149	29,17	627,695	19,15	680,710	298	149
2151	16,9	488,446	9,11	467,569	266	149
2154	8,4	81,93	11,6	101,85	298	149
2155	19,7	2,0	5,16	0,4	298	149
2157	34,21	240,278	11,32	266,345	298	149
2164	10,8	6,1	9,8	11,9	298	149
2167	3,3	22,32	7,4	29,35	298	149
2169	3,1	19,13	2,1	28,15	298	149
2170	0,1	26,17	0,2	20,33	298	149
2171	13,3	49,49	4,5	69,80	297	149
2173	18,12	233,214	31,19	238,232	249	149
2174	16,26	153,138	38,39	128,173	298	149
2175	33,11	144,144	24,23	126,139	226	149
2176	12,7	75,55	16,18	45,47	298	149
2178	13,3	14,14	3,15	12,14	237	149
2180	14,16	635,645	17,14	757,860	298	149
2182	0,4	1237,1024	4,8	1351,1566	298	149
2183	6,7	172,152	8,3	130,215	298	149
2184	0,0	15,18	3,0	22,15	298	149
2185	3,1	86,121	9,9	120,114	298	149
2186	16,27	40,37	21,16	32,25	298	149
2193	26,13	221,168	17,25	204,233	249	149
2194	3,1	118,97	6,14	87,102	298	149
2201	124,143	5,0	120,180	2,3	298	149
2202	24,23	77,56	16,16	90,78	298	149
2203	30,27	1,0	28,20	0,0	298	149
2204	42,28	51,38	44,28	49,54	298	149
2205	5,2	13,6	0,3	3,3	298	149
2209	66,44	139,95	43,40	139,144	298	149
2210	18,22	190,160	32,32	234,241	298	149
2211	8,13	176,169	18,12	258,228	298	149
2212	224,219	0,1	230,232	1,0	298	149
2216	11,8	180,173	14,19	166,193	276	149
2217	40,33	186,160	44,40	192,240	229	149
2218	7,32	247,211	17,22	235,247	261	149
2219	42,23	207,183	32,60	256,240	298	149
2220	279,229	0,1	354,355	0,1	298	149
2221	13,20	3,6	25,28	14,14	298	149
2223	5,0	0,2	1,1	4,0	298	149
2224	6,3	6,2	1,3	1,2	252	149
2227	11,8	0,3	9,9	1,0	298	149
2229	6,3	38,49	10,18	38,37	298	149
2231	3,2	52,34	5,3	53,57	298	149
2232	31,31	3,0	27,46	2,0	298	149
2233	0,1	2,0	3,2	1,2	298	149
2234	0,0	47,53	2,1	61,64	298	149
2235	1,9	53,42	1,0	49,55	298	149
2236	3,7	5,4	0,2	0,11	247	149
2237	0,6	40,35	0,0	60,38	243	149
2238	0,9	0,1	12,10	2,0	298	149
2239	3,12	75,107	12,13	83,106	298	149
2240	5,8	1,2	3,8	4,1	298	149
2241	5,10	31,55	2,5	57,56	298	149
2248	29,45	269,241	46,45	300,293	298	149
2250	31,37	0,1	33,19	0,5	298	149
2251	544,435	768,699	443,645	594,785	298	149
2252	4,4	314,256	2,6	212,298	260	149
2253	1,4	244,238	2,2	194,266	264	149
2256	11,10	368,399	7,8	424,471	298	149
2257	4,5	289,214	15,10	315,280	298	149
2259	1,1	6,11	2,0	4,3	298	149
2260	82,54	1,0	52,74	0,0	298	149
2262	16,13	194,138	12,14	171,208	298	149
2263	28,23	274,201	15,19	217,280	298	149
2264	67,39	200,135	35,44	206,187	222	149
2265	87,69	6,5	48,65	1,9	298	149
2266	71,61	215,160	42,61	170,212	298	149
2268	7,5	4,0	8,8	1,0	298	149
2269	12,15	0,0	27,20	2,0	298	149
2271	6,12	930,920	8,8	1075,1335	298	149
2272	2,3	24,10	0,1	15,29	296	149
2274	24,8	6,1	9,13	3,3	225	149
2275	24,8	20,12	9,13	14,27	221	149
2277	8,4	41,11	6,10	25,33	298	149
2278	10,19	2,2	4,11	0,2	298	149
2279	18,14	8,1	5,2	0,1	237	149
2280	17,12	41,31	8,9	27,32	240	149
2281	10,6	1,0	2,10	1,6	298	149
2282	15,11	196,262	21,18	280,246	227	149
2283	4,4	195,205	5,6	177,218	298	149
2284	11,8	247,235	7,7	284,291	298	149
2285	9,8	459,357	6,9	358,446	298	149
2286	10,6	424,317	16,18	398,434	244	149
2287	17,14	376,299	21,21	374,382	276	149
2288	22,19	387,302	17,16	359,414	298	149
2289	35,28	479,425	36,28	506,593	280	149
2290	33,28	0,2	36,26	0,1	251	149
2292	28,14	527,486	27,21	566,609	298	149
2297	22,24	0,0	38,25	0,3	298	149
2300	15,2	14,14	13,8	13,7	298	149
2301	112,85	0,0	92,70	0,1	298	149
2302	14,16	1,0	20,21	0,2	298	149
2303	7,3	416,332	6,14	358,353	298	149
2306	3,4	84,89	5,6	100,123	298	149
2307	2,4	0,0	8,2	5,9	236	149
2314	391,296	1,1	188,253	1,0	263	149
2315	4,2	2,4	2,10	5,2	298	149
2316	7,18	38,46	11,3	31,25	298	149
2317	6,20	0,0	11,3	1,0	298	149
2318	36,29	1,0	47,49	0,0	298	149
2319	39,28	1,2	50,43	0,3	298	149
2320	42,28	0,0	42,42	2,0	298	149
2321	65,24	4,3	51,55	0,0	266	149
2326	0,0	18,19	2,0	17,9	298	149
2327	13,9	147,94	19,19	125,128	298	149
2328	22,32	154,144	8,11	132,121	298	149
2329	15,26	72,51	22,36	56,45	298	149
2330	1,2	112,100	6,6	116,126	228	149
2331	11,15	2,2	2,12	6,4	298	149
2332	10,9	72,39	7,12	28,53	298	149
2333	18,20	0,4	5,24	0,0	298	149
2334	18,21	2,2	5,23	4,4	298	149
2335	0,0	219,150	1,4	110,116	236	149
2337	12,13	5,7	21,23	16,37	232	149
2338	14,14	367,432	22,25	432,460	247	149
2339	71,58	432,429	71,77	506,601	298	149
2341	10,23	1003,797	21,8	1112,1150	298	149
2342	7,14	3,3	20,21	2,4	271	149
2343	20,10	0,6	28,27	2,1	298	149
2344	41,20	318,324	32,44	328,341	298	149
2345	49,31	255,279	43,56	301,300	298	149
2346	122,98	19,9	87,127	24,17	298	149
2354	0,0	0,1	2,0	0,0	298	149
2358	44,36	1,0	26,19	0,0	298	149
2361	9,4	169,108	25,12	172,149	298	149
2366	0,0	1,0	2,0	0,1	298	149
2368	1030,1170	638,726	1205,1294	674,770	266	149
2369	25,19	2,4	27,27	7,3	298	149
2370	35,27	100,106	41,36	101,161	298	149
2371	9,12	91,103	8,16	101,95	298	149
2372	10,8	1,2	8,14	0,2	298	149
2373	37,58	108,81	45,58	119,109	298	149
2374	11,19	125,102	5,10	128,151	298	149
2375	5,10	16,15	5,16	22,13	298	149
2376	16,20	17,16	17,22	18,42	298	149
2377	36,32	87,79	36,42	66,81	298	149
2378	14,11	159,115	6,10	170,185	298	149
2379	1,0	46,35	0,2	39,34	298	149
2380	76,73	130,135	101,123	145,181	298	149
2381	27,20	245,244	20,28	328,355	298	149
2383	15,17	6,9	19,14	8,18	298	149
2385	1,0	0,0	0,3	2,2	298	149
2386	206,156	3,0	218,212	0,3	296	149
2387	3,6	99,115	7,9	123,112	298	149
2388	13,13	0,2	11,25	0,1	298	149
2389	29,23	61,39	28,33	57,58	298	149
2390	11,13	64,53	11,26	73,53	298	149
2391	2,0	111,84	3,3	97,109	298	149
2392	171,248	9,11	267,242	9,11	298	149
2393	28,33	5,3	45,35	1,9	298	149
2394	37,44	792,677	51,44	861,758	298	149
2395	16,24	4,0	30,35	2,4	298	149
2397	3,15	573,566	4,6	699,608	298	149
2398	3,7	48,54	12,6	50,73	298	149
2401	43,32	1520,1148	15,18	1077,1415	222	149
2407	3,0	1,1	7,4	2,3	238	149
2409	1,0	0,0	0,0	0,1	298	149
2410	27,20	13,7	32,20	8,14	298	149
2411	29,23	101,111	33,21	91,119	298	149
2412	110,73	0,0	78,78	1,1	298	149
2413	18,21	18,27	27,28	20,24	298	149
2414	128,114	2,2	110,124	1,0	298	149
2415	25,22	156,134	28,24	134,151	298	149
2416	25,22	1,1	32,33	0,1	298	149
2417	16,9	13,26	16,16	13,12	298	149
2418	3,4	167,134	7,10	152,170	261	149
2419	13,18	161,141	4,2	174,176	298	149
2420	3,8	278,241	7,6	284,257	230	149
2425	22,11	311,249	21,17	322,343	298	149
2426	9,3	1,5	4,5	5,0	298	149
2427	3,0	5,5	2,4	16,3	238	149
2434	0,9	0,0	0,1	3,0	298	149
2435	76,45	1105,1060	45,56	1132,1267	298	149
2436	7,0	23,13	6,3	19,26	298	149
2437	89,105	23,29	130,116	17,13	252	149
2438	41,57	53,63	44,50	56,57	298	149
2443	105,94	135,109	68,116	134,146	298	149
2444	86,79	9,12	70,85	15,19	298	149
2445	59,84	159,117	49,64	143,153	298	149
2446	1268,956	17,26	1220,1359	47,20	298	149
2447	53,45	1132,941	46,31	1177,1316	256	149
2448	27,28	913,826	33,29	997,1079	298	149
2449	25,18	4,9	31,21	11,3	298	149
2450	18,15	1141,1017	11,12	944,939	298	149
2453	28,32	516,469	31,26	597,632	298	149
2455	25,18	12,10	25,21	4,11	298	149
2456	4,2	6,4	2,6	3,6	230	149
2458	3,1	1,1	0,1	1,0	298	149
2460	18,23	0,0	20,34	2,0	298	149
2461	48,51	5,3	42,62	6,4	298	149
2463	24,17	8,10	20,23	6,10	298	149
2464	39,24	13,24	32,39	15,11	298	149
2473	49,32	173,136	38,48	129,152	298	149
2474	28,15	136,87	21,15	155,154	298	149
2475	20,21	169,168	13,15	206,166	254	149
2476	20,6	99,80	18,18	137,108	298	149
2477	8,5	10,5	10,12	19,12	263	149
2478	361,384	32,36	353,427	41,37	281	149
2479	352,377	52,57	401,445	74,87	256	149
2480	498,466	67,78	532,543	105,102	237	149
2481	2,5	343,400	8,7	366,433	293	149
2483	6,9	375,302	4,12	350,449	236	149
2485	8,8	341,231	16,12	357,367	298	149
2486	73,73	231,251	92,79	270,326	298	149
2488	39,31	69,60	40,39	80,84	223	149
2491	26,17	257,316	27,39	291,294	225	149
2492	5,2	106,67	2,5	72,84	235	149
2495	9,2	35,27	0,1	2,8	229	149
2496	41,22	347,313	37,27	190,324	298	149
2497	77,76	2,2	91,77	1,10	298	149
2498	52,42	0,0	45,49	0,2	298	149
2499	72,52	315,226	62,78	242,319	298	149
2500	236,148	25,6	166,211	8,15	298	149
2501	407,309	15,16	294,469	20,29	298	149
2502	17,7	4,2	17,16	7,4	298	149
2503	18,13	396,287	19,20	399,404	298	149
2504	26,17	3,1	44,21	0,1	298	149
2505	56,31	305,274	75,43	297,312	279	149
2506	111,83	8,0	125,93	8,8	298	149
2508	367,352	1,2	469,499	0,4	271	149
2509	375,361	23,19	485,510	22,29	298	149
2510	4,1	3,5	2,2	3,4	298	149
2511	4,0	0,2	0,0	0,4	298	149
2512	58,33	4,0	25,53	0,0	267	149
2513	18,16	4,4	17,17	5,10	248	149
2514	224,238	586,551	210,225	576,619	298	149
2515	356,338	606,504	331,362	594,709	298	149
2516	398,397	569,537	336,395	576,654	298	149
2517	158,192	937,866	169,174	892,1033	230	149
2518	371,316	10,31	308,351	26,26	255	149
2519	66,52	963,946	46,29	999,1108	226	149
2520	432,274	0,1	433,474	1,1	298	149
2521	419,265	558,464	424,463	562,585	298	149
2522	136,123	730,664	113,128	756,1003	263	149
2523	455,430	21,14	448,482	13,15	298	149
2524	835,723	495,512	718,924	503,676	298	149
2525	194,190	12,2	207,227	3,8	298	149
2526	628,445	660,528	587,540	790,885	298	149
2527	52,16	59,13	10,12	14,14	261	149
2528	0,1	58,51	0,2	85,73	298	149
2529	1,4	41,46	2,1	47,57	298	149
2530	324,353	3,3	378,333	8,2	298	149
2531	603,589	8,10	666,720	16,11	298	149
2532	30,30	299,251	40,48	318,318	235	149
2533	15,5	2,4	8,21	3,4	298	149
2534	0,6	201,233	0,5	265,356	298	149
2535	16,13	178,188	5,15	245,194	298	149
2536	42,66	30,14	46,57	20,18	298	149
2537	102,145	1,0	126,132	2,0	298	149
2538	46,84	0,0	67,73	0,2	235	149
2539	246,250	20,29	382,365	33,30	298	149
2541	1,0	21,34	1,1	44,42	294	149
2542	0,0	10,11	0,1	13,13	298	149
2543	10,3	10,7	8,4	2,2	298	149
2544	21,27	40,24	19,13	33,38	286	149
2545	2,4	43,45	3,3	53,56	298	149
2548	10,14	299,315	18,16	350,478	298	149
2549	37,42	337,309	42,46	395,457	298	149
2550	33,35	2,4	34,53	0,0	298	149
2551	24,16	451,476	36,54	526,634	262	149
2552	917,730	5,1	994,1037	3,5	298	149
2553	69,85	609,549	49,72	714,736	298	149
2554	382,232	39,35	308,422	31,55	298	149
2555	362,218	21,9	300,394	29,31	298	149
2556	301,170	897,622	258,336	985,1084	298	149
2557	144,123	1585,1083	183,184	1565,1644	298	149
2558	142,107	24,21	159,177	35,29	289	149
2561	9,18	6,5	6,10	4,4	298	149
2565	7,8	60,51	8,6	78,82	298	149
2566	29,33	2,0	25,32	1,0	298	149
2567	75,52	64,56	84,72	79,51	247	149
2568	57,44	66,69	59,48	79,55	298	149
2569	44,32	85,37	6,11	13,38	271	149
2570	261,137	72,51	48,142	28,43	298	149
2571	468,351	4,1	442,438	3,9	278	149
2572	26,14	832,659	19,24	587,752	298	149
2583	12,7	9,8	9,20	11,6	298	149
2584	28,22	92,80	35,25	45,100	298	149
2585	56,21	2,3	56,70	2,5	298	149
2590	91,56	1,0	102,109	0,1	245	149
2592	2,0	0,0	0,0	0,1	298	149
2593	10,7	134,141	16,17	183,211	298	149
2594	155,163	1,11	138,143	17,14	298	149
2595	2,0	12,35	2,0	6,24	268	149
2596	8,4	0,0	4,4	1,0	298	149
2597	1,0	13,12	1,0	14,9	298	149
2599	1,18	107,87	4,4	113,88	236	149
2601	62,28	143,123	35,46	101,115	298	149
2608	151,160	1,0	123,131	1,1	186	149
2613	2,0	2,1	2,0	0,0	298	149
2614	4,4	2,0	13,5	0,1	298	149
2621	0,1	0,2	2,3	4,0	298	149
2624	3,0	16,22	0,4	22,30	298	149
2625	1,1	20,34	0,2	34,45	298	149
2630	0,2	62,48	1,0	42,68	244	149
2635	4,2	13,5	5,5	6,11	298	149
2638	274,261	1991,1735	264,339	2023,2263	227	149
2639	0,2	0,0	0,0	2,0	232	149
2646	9,10	0,0	20,15	1,0	298	149
2649	1,0	3,0	2,1	5,1	298	149
2653	0,0	4,0	1,1	0,5	252	149
2655	2,0	8,0	1,3	0,1	298	149
2660	8,2	34,57	7,5	55,46	298	149
2662	4,4	5,8	7,4	5,6	298	149
2663	5,10	64,96	5,7	106,82	298	149
2664	27,21	11,13	25,26	20,14	298	149
2665	27,23	0,2	24,29	0,1	298	149
2666	26,22	144,139	25,26	157,158	298	149
2667	38,33	8,9	31,28	17,6	298	149
2668	2,4	158,130	2,3	143,148	238	149
2669	6,17	105,174	13,16	139,161	298	149
2670	1,5	118,104	5,3	142,127	298	149
2671	8,1	181,139	11,8	170,226	298	149
2672	11,3	8,11	13,12	5,11	298	149
2673	6,2	168,137	4,4	164,192	298	149
2674	18,3	3,8	14,11	7,3	298	149
2675	2486,2115	212,210	2210,2100	329,339	175	149
2680	10,7	171,120	9,3	152,170	298	149
2681	7,11	331,260	14,15	392,314	223	149
2682	24,17	353,365	30,18	447,400	298	149
2683	24,15	3,0	27,18	3,4	298	149
2684	8,7	8,1	6,8	6,9	298	149
2685	4,2	378,414	3,3	482,469	298	149
2686	0,0	323,329	3,0	377,416	298	149
2688	40,34	258,243	19,45	303,305	298	149
2689	39,34	0,0	19,41	0,2	298	149
2690	27,19	0,0	21,25	0,2	298	149
2691	29,17	248,216	20,23	301,261	298	149
2694	43,32	308,253	46,30	337,344	298	149
2695	42,35	2,3	31,36	1,0	298	149
2696	14,16	2,5	22,16	3,5	298	149
2697	57,53	1,3	48,99	4,7	242	149
2698	463,484	21,16	561,598	26,20	298	149
2699	10,15	346,378	21,16	480,592	298	149
2704	16,15	9,10	7,15	9,12	278	149
2705	61,59	2,9	59,59	10,9	298	149
2708	15,6	186,194	12,7	248,242	298	149
2709	5,9	5,6	2,7	8,14	298	149
2710	11,23	0,0	12,17	1,0	298	149
2711	7,14	11,8	10,12	11,13	298	149
2712	6,14	1,0	10,10	0,1	298	149
2713	0,0	12,8	0,1	7,9	298	149
2714	107,118	18,12	113,129	21,18	298	149
2715	661,552	0,2	690,705	1,2	298	149
2717	13,2	1,1	4,10	3,6	236	149
2718	1,0	1,5	5,0	0,1	248	149
2719	15,18	5,6	23,29	1,6	251	149
2720	14,12	6,4	6,6	7,5	265	149
2722	8,2	2,1	4,7	1,0	236	149
2723	252,215	0,1	237,256	1,3	298	149
2726	14,11	135,113	0,7	63,113	298	149
2727	9,5	14,15	3,8	17,19	227	149
2728	12,20	10,7	11,14	10,9	298	149
2729	10,13	292,222	11,4	171,223	293	149
2732	32,37	12,6	32,18	4,7	231	149
2733	25,37	57,30	27,15	41,41	298	149
2734	52,49	155,149	45,65	119,143	298	149
2735	21,15	141,140	18,20	139,155	298	149
2741	3,2	7,0	0,9	2,0	298	149
2744	11,18	2,0	8,24	0,0	298	149
2745	0,0	322,275	0,1	320,336	298	149
2746	34,24	325,344	32,56	532,481	298	149
2747	23,26	4,5	31,39	4,11	298	149
2748	25,35	369,344	43,59	539,504	232	149
2750	26,19	2,8	31,42	4,4	298	149
2751	18,22	355,308	39,35	491,466	298	149
2752	15,20	550,499	20,46	692,737	298	149
2753	17,38	4,1	36,63	3,8	298	149
2754	27,47	293,250	40,77	264,302	295	149
2768	400,338	1864,1645	394,381	2111,2129	298	149
2771	10,12	233,288	25,28	318,329	255	149
2772	19,30	0,0	41,40	2,2	298	149
2773	38,69	230,215	72,67	289,302	298	149
2786	25,18	66,85	33,27	88,96	281	149
2787	7,5	105,98	5,10	97,111	288	149
2788	3,10	95,56	19,10	55,86	298	149
2789	57,57	5,3	76,64	3,3	298	149
2790	18,23	0,0	35,28	2,2	298	149
2791	17,22	1,0	35,28	2,0	298	149
2792	24,29	24,27	28,30	18,15	298	149
2793	76,75	0,1	88,67	0,0	231	149
2795	27,25	3,4	30,20	5,14	298	149
2796	9,22	2,0	16,15	3,2	298	149
2798	24,34	125,148	30,56	197,188	298	149
2799	20,27	7,7	23,43	6,13	298	149
2803	7,7	216,147	4,4	139,162	298	149
2804	10,7	110,120	13,14	113,126	298	149
2805	361,297	4,1	345,340	5,2	298	149
2806	119,94	15,4	132,130	11,14	245	149
2807	29,17	495,513	36,39	526,440	225	149
2808	39,22	415,348	26,23	444,489	298	149
2809	120,122	326,330	141,130	441,425	298	149
2810	8,12	132,156	14,21	159,170	298	149
2811	5,9	136,154	5,7	139,177	245	149
2812	13,5	137,111	9,7	135,149	298	149
2814	51,44	4,3	55,53	1,1	298	149
2815	124,91	1507,1318	90,87	1540,1420	227	149
2817	5,4	27,36	0,5	27,38	241	149
2818	51,53	900,851	34,56	858,997	298	149
2819	0,0	0,4	1,0	0,0	247	149
2825	134,144	282,228	156,180	323,344	298	149
2826	73,87	607,513	44,66	728,655	262	149
2827	81,97	1,0	54,75	0,0	266	149
2828	319,308	518,499	290,348	687,715	298	149
2829	752,697	178,166	907,945	225,253	298	149
2830	82,80	0,2	53,87	2,1	298	149
2831	83,94	2,5	74,104	5,6	298	149
2832	105,119	23,22	110,114	27,46	298	149
2833	64,69	0,0	75,74	2,0	298	149
2834	88,104	1241,1019	92,103	1442,1409	298	149
2836	110,129	972,887	128,113	1259,1291	298	149
2837	200,226	0,1	245,244	0,0	298	149
2838	354,356	0,2	412,408	0,0	298	149
2839	92,121	13,2	109,125	19,5	298	149
2840	97,138	1689,1543	124,134	2063,2005	298	149
2841	1142,1083	12,14	1352,1315	17,19	298	149
2843	39,47	0,4	34,46	0,1	298	149
2844	42,48	0,3	36,43	0,0	291	149
2849	270,316	960,1017	354,343	1118,1073	298	149
2850	11,8	0,0	8,24	2,0	298	149
2853	19,23	667,601	38,28	529,528	298	149
2854	5,14	615,552	6,5	499,512	298	149
2855	40,25	506,459	26,27	385,422	298	149
2857	594,651	40,37	532,519	25,33	298	149
2858	11,24	95,83	22,15	99,106	298	149
2859	123,100	1,3	120,111	2,3	279	149
2860	111,113	30,23	100,116	39,36	298	149
2861	20,3	28,30	5,8	8,11	298	149
2867	62,54	17,10	95,95	10,13	298	149
2868	14,16	32,39	22,22	19,40	298	149
2884	4,2	4,5	5,12	11,6	298	149
2888	2,6	191,241	3,7	217,243	298	149
2889	47,44	1,1	51,40	3,1	236	149
2891	125,101	2,0	119,131	3,2	298	149
2897	35,25	391,337	28,41	313,382	298	149
2898	1,5	73,87	2,1	100,98	298	149
2903	5,1	2,1	10,9	0,0	298	149
2906	59,48	0,0	90,79	0,2	226	149
2907	19,13	222,146	23,14	179,188	298	149
2908	68,39	236,170	47,38	183,240	298	149
2909	138,103	3,12	96,158	11,14	298	149
2911	8,12	41,25	30,16	27,33	298	149
2913	2,1	19,17	0,10	11,5	298	149
2914	5,17	6,1	7,12	2,7	298	149
2917	10,7	11,10	11,5	27,8	298	149
2919	14,22	1,0	34,17	0,1	246	149
2920	16,12	1,1	18,14	0,0	298	149
2921	12,7	39,16	7,10	24,34	298	149
2923	16,22	0,0	30,20	0,1	298	149
2924	17,23	2,2	29,22	1,0	298	149
2925	20,16	0,0	17,20	2,2	288	149
2926	20,24	0,2	15,30	4,3	262	149
2928	11,21	71,71	24,37	90,70	298	149
2929	2,0	2,1	1,2	5,12	298	149
2930	1,6	3,9	9,3	8,2	298	149
2931	9,8	72,72	9,2	43,46	298	149
2932	23,16	0,0	31,20	0,2	298	149
2935	2,2	51,43	5,2	36,56	227	149
2936	1,0	9,1	0,0	2,2	298	149
2937	0,0	7,4	0,1	13,5	298	149
2938	2,2	5,6	0,0	9,10	298	149
2941	2,1	0,0	5,3	4,1	298	149
2942	1,9	1,0	3,0	0,0	298	149
2943	1,9	1,0	3,0	2,0	298	149
2948	4,0	38,41	0,0	4,15	298	149
2950	3,7	58,65	9,9	86,86	298	149
2951	4,7	2,2	6,4	0,1	298	149
2956	0,2	53,50	5,3	69,60	235	149
2958	24,14	5,4	4,4	0,0	298	149
2959	7,11	87,100	6,10	88,127	235	149
2960	77,84	2,11	98,104	5,10	298	149
2961	2,3	94,73	11,3	128,133	298	149
2962	123,144	0,4	153,160	3,4	298	149
2963	3,1	102,126	3,3	120,131	298	149
2964	25,24	0,2	35,22	2,0	298	149
2965	0,4	159,177	1,0	220,188	243	149
2966	1,4	0,0	3,2	0,1	298	149
2968	2,3	4,4	1,0	5,5	298	149
2970	2,2	122,159	2,1	179,169	298	149
2972	1,0	152,160	4,5	178,185	298	149
2973	159,172	50,41	155,162	68,63	298	149
2974	46,53	391,405	49,43	448,470	298	149
2977	1,1	60,54	1,1	72,85	228	149
2981	1,2	1,2	0,2	1,2	249	149
2982	9,9	5,1	3,15	0,1	298	149
2984	6,19	104,119	16,15	130,143	298	149
2985	12,21	2,2	23,17	4,1	298	149
2986	13,13	568,565	8,7	712,705	298	149
2987	243,242	4,5	290,324	3,1	298	149
2988	29,22	685,599	35,49	752,798	298	149
2989	16,21	89,97	8,12	118,173	267	149
2990	18,21	250,251	11,12	352,399	270	149
2992	12,23	1,0	23,32	0,0	298	149
2993	15,29	0,0	21,28	1,0	298	149
2994	19,33	403,373	31,41	461,498	298	149
2995	38,22	436,439	37,40	551,713	298	149
2996	12,7	437,414	13,11	553,616	298	149
3001	34,21	9,6	45,48	4,0	298	149
3002	395,323	5,5	408,508	2,2	298	149
3003	24,24	95,61	19,24	78,74	298	149
3004	180,128	59,71	137,200	85,65	298	149
3005	153,102	404,343	122,168	501,508	298	149
3006	139,94	0,0	110,142	0,6	298	149
3007	113,79	1,2	74,104	11,10	259	149
3008	4,8	456,375	13,10	484,498	298	149
3009	12,14	451,403	27,27	576,543	227	149
3010	101,105	3,0	130,122	3,5	258	149
3011	45,61	474,471	48,69	521,553	281	149
3012	379,353	47,31	390,449	29,45	298	149
3013	137,139	3,3	174,159	15,5	296	149
3014	129,135	477,389	162,140	541,623	298	149
3015	92,89	14,12	109,109	32,14	235	149
3016	53,39	521,489	57,57	585,619	246	149
3018	0,0	3,0	0,1	0,2	298	149
3020	7,15	62,75	8,16	107,94	298	149
3021	14,16	56,36	12,13	46,54	281	149
3022	29,27	900,695	23,27	848,920	298	149
3023	163,128	0,1	136,153	1,0	298	149
3024	23,22	2,0	43,55	3,0	298	149
3025	134,76	445,422	151,149	520,558	272	149
3026	0,0	8,5	1,0	3,12	298	149
3028	5,0	116,87	6,6	104,134	220	149
3029	61,84	735,819	82,58	719,871	298	149
3030	2,8	18,15	4,4	40,28	298	149
3033	2,8	16,4	7,3	10,9	298	149
3034	104,66	0,0	56,59	2,0	298	149
3035	13,23	137,125	12,20	124,119	298	149
3037	8,9	206,201	9,5	240,238	244	149
3039	38,51	237,252	33,51	343,357	298	149
3040	34,20	212,231	35,40	297,295	298	149
3041	1,5	167,143	3,1	161,246	298	149
3042	23,18	103,80	27,18	118,97	295	149
3043	134,119	3036,2618	129,136	2767,2865	298	149
3045	1,2	62,46	4,1	53,55	298	149
3047	24,19	241,226	39,47	206,192	298	149
3048	29,16	0,2	24,34	6,3	275	149
3049	1,0	9,9	1,3	18,21	298	149
3050	10,1	9,9	6,10	16,8	298	149
3051	6,10	0,0	10,3	2,0	230	149
3052	5,4	1,0	4,9	0,0	298	149
3053	7,10	9,18	11,5	12,12	292	149
3054	7,10	0,2	11,5	0,0	294	149
3055	4,2	17,8	9,5	16,22	298	149
3056	7,4	5,16	6,1	6,13	298	149
3058	0,1	19,10	1,0	10,10	298	149
3059	0,0	1,0	2,0	0,0	298	149
3060	0,2	16,11	0,0	20,20	298	149
3061	6,0	17,30	1,2	49,31	298	149
3066	76,91	2,0	87,102	2,0	298	149
3072	80,83	84,69	83,103	91,89	298	149
3073	10,8	127,87	15,9	140,155	298	149
3076	61,49	2137,2007	90,107	2630,2646	239	149
3077	235,220	7,12	258,257	11,4	298	149
3078	244,238	881,876	262,259	1012,1247	298	149
3079	15,23	0,0	7,16	4,1	298	149
3082	6,5	123,131	4,1	120,148	298	149
3083	2,1	30,35	1,1	50,38	275	149
3084	48,57	2,0	49,52	2,0	298	149
3085	21,22	2,0	5,12	0,0	238	149
3087	1,11	35,20	5,5	10,23	298	149
3088	6,6	27,21	6,6	17,32	298	149
3089	401,299	12178,10704	385,395	13131,14030	298	149
3090	232,195	13488,12055	265,281	15133,16319	298	149
3096	21,21	1,1	13,21	1,0	298	149
3097	23,50	143,150	40,41	145,215	298	149
3109	25,9	1,6	9,15	6,5	298	149
3110	14,9	33,32	8,10	39,45	298	149
3111	34,23	32,41	6,22	44,27	298	149
3112	189,157	3,3	134,172	3,3	236	149
3113	209,179	11,3	178,181	2,10	298	149
3114	144,149	104,83	132,123	61,100	298	149
3116	11,3	364,323	11,9	488,471	298	149
3117	55,40	107,82	32,35	91,118	298	149
3118	500,443	8749,7635	566,628	9039,9053	298	149
3119	2404,2045	1,0	2654,2898	0,6	298	149
3120	5985,5362	3,4	6503,7168	17,3	298	149
3121	319,318	8506,7477	352,373	8911,9574	298	149
3122	32,27	94,114	31,29	148,123	298	149
3123	6,5	111,97	6,12	85,151	298	149
3124	29,23	0,5	15,20	0,1	298	149
3125	238,221	1,0	257,285	2,2	298	149
3129	0,1	1,3	0,1	2,1	298	149
3134	28,9	182,107	22,35	164,181	288	149
3135	26,6	196,135	0,14	142,182	298	149
3136	36,10	4,3	7,30	0,4	298	149
3137	3,3	272,290	2,4	331,367	298	149
3138	135,143	0,2	127,163	0,0	298	149
3143	8,5	70,67	1,6	40,53	250	149
3144	11,6	46,17	3,7	12,28	298	149
3145	12,12	116,100	4,2	88,141	298	149
3146	6,4	118,66	0,0	38,55	235	149
3148	13,7	2,0	10,12	0,2	298	149
3149	6,1	0,0	1,4	0,1	298	149
3150	3,1	6,5	0,3	0,8	298	149
3151	16,22	118,124	21,30	176,159	298	149
3153	49,55	10,2	54,52	7,16	298	149
3154	57,68	61,33	75,81	57,61	298	149
3155	57,65	10,4	77,82	12,11	298	149
3156	58,50	119,89	41,46	72,120	224	149
3158	2,3	14,21	0,0	28,23	298	149
3159	5,3	44,33	0,2	20,49	224	149
3160	916,703	80,68	637,941	90,87	231	149
3162	2,1	0,0	1,2	1,0	298	149
3163	0,1	0,0	4,2	2,1	298	149
3164	4,2	0,0	10,1	4,0	298	149
3166	155,135	252,218	151,161	170,241	298	149
3167	160,136	8117,7000	155,163	6462,8356	298	149
3168	142,135	4,2	142,170	4,8	290	149
3169	136,111	15,7	124,130	9,16	298	149
3170	141,112	110,50	128,132	63,82	298	149
3171	114,77	11044,9284	107,120	8629,10587	298	149
3172	275,206	7,0	182,228	2,4	298	149
3174	191,154	2,0	155,174	0,0	298	149
3175	196,155	2,0	159,176	1,3	298	149
3176	229,182	8490,6202	160,202	5545,7782	298	149
3177	402,335	8192,5992	447,512	6525,8100	298	149
3178	251,206	0,0	245,239	0,1	298	149
3179	229,182	1,0	249,236	1,1	298	149
3180	219,198	0,4	232,224	1,0	298	149
3181	233,209	9947,7686	233,217	8866,10315	298	149
3182	154,154	272,232	153,169	230,274	298	149
3188	365,307	1009,952	338,498	1120,1185	240	149
3189	875,720	2,0	795,1018	2,0	298	149
3193	47,61	0,2	58,92	2,0	298	149
3194	48,39	236,247	55,42	218,262	298	149
3195	17,14	5,4	25,25	1,2	298	149
3196	2,11	218,210	12,15	311,288	298	149
3197	103,118	6,6	105,149	2,5	251	149
3200	2,5	0,0	7,13	1,0	298	149
3211	7,7	6,1	2,4	1,5	248	149
3214	1,1	28,38	0,3	23,30	298	149
3215	3,4	8,10	2,3	3,5	298	149
3217	1,1	13,13	0,3	11,12	298	149
3218	47,33	19,36	21,43	18,35	298	149
3219	2,1	37,20	2,3	41,43	298	149
3220	33,44	158,190	59,62	182,177	298	149
3221	259,266	9,9	301,383	11,16	239	149
3222	3,9	25,23	4,10	25,20	298	149
3224	184,136	1,0	125,175	0,0	298	149
3225	29,13	1,0	4,23	0,0	260	149
3226	14,11	78,35	2,17	61,54	237	149
3235	6,6	4,1	5,5	3,2	241	149
3236	14,6	0,0	10,8	0,1	238	149
3240	11,5	24,32	8,10	27,31	298	149
3246	2,0	34,33	1,0	39,28	298	149
3247	0,0	31,39	0,1	41,36	298	149
3248	4,7	4,2	6,11	4,0	298	149
3249	1,0	0,2	1,0	1,2	298	149
3251	0,1	9,3	1,0	5,4	298	149
3252	0,0	12,1	1,1	7,3	298	149
3253	6,3	221,223	6,6	250,238	298	149
3254	141,117	1019,759	143,158	1032,940	298	149
3255	280,246	44,42	247,306	53,29	298	149
3256	113,92	10,9	113,162	12,15	298	149
3257	90,107	701,528	97,118	856,710	261	149
3260	35,33	317,227	26,48	267,269	285	149
3261	39,28	132,93	43,47	132,122	298	149
3262	16,7	521,408	14,25	499,489	225	149
3263	20,29	8,9	21,29	4,8	298	149
3264	18,26	132,142	13,21	128,161	284	149
3265	10,10	138,102	7,14	102,114	298	149
3267	93,97	1348,1240	101,141	1627,1467	298	149
3269	89,50	8,6	74,75	8,8	298	149
3271	24,9	572,444	22,12	542,571	298	149
3272	25,20	2,4	21,21	1,2	231	149
3273	26,22	416,396	22,21	518,585	233	149
3275	4,6	347,302	10,6	404,444	298	149
3276	103,98	232,189	105,136	239,264	269	149
3277	21,21	263,267	25,22	293,363	277	149
3278	1,1	0,0	4,2	0,1	298	149
3279	1,1	0,0	4,2	2,1	298	149
3280	2,7	229,232	8,11	284,290	220	149
3281	140,92	0,5	107,116	1,1	298	149
3282	90,89	2,1	96,107	0,0	298	149
3283	154,110	22,10	86,138	18,22	274	149
3284	158,130	25,24	205,207	37,28	298	149
3285	15,14	34,24	11,19	12,39	298	149
3286	18,10	397,370	2,12	406,489	228	149
3287	13,15	1429,1256	28,25	1528,1471	298	149
3288	75,62	2402,2180	81,92	2557,2547	298	149
3292	1,1	21,17	2,1	19,11	298	149
3293	4,10	2,0	6,8	1,0	298	149
3307	208,146	0,1	164,196	0,3	245	149
3308	11,9	10,0	8,18	1,2	298	149
3309	14,5	89,51	1,9	55,62	298	149
3310	11,5	2,0	1,7	0,5	298	149
3311	20,17	3,0	6,10	0,2	298	149
3315	11,5	53,33	14,4	16,23	298	149
3316	11,6	1,0	14,5	0,2	298	149
3317	31,21	0,2	23,12	0,1	298	149
3318	8,7	2,0	11,5	1,3	298	149
3320	0,1	58,45	0,0	45,37	237	149
3321	0,1	2,0	0,0	1,2	214	149
3325	4,2	94,94	3,6	122,116	298	149
3327	13,11	4,5	15,21	2,7	298	149
3328	20,15	0,0	21,27	1,0	298	149
3329	15,13	16,9	11,17	15,15	298	149
3331	23,19	69,57	21,30	52,95	298	149
3333	3,3	9,4	1,2	5,5	298	149
3334	11,9	0,0	11,15	1,0	298	149
3335	2,10	77,60	2,5	43,65	298	149
3338	10,14	0,1	12,5	2,1	279	149
3341	1,0	0,0	4,3	1,0	281	149
3342	33,34	65,46	40,39	63,62	298	149
3343	30,25	1,0	25,21	0,6	298	149
3344	32,23	5,3	22,19	1,4	298	149
3345	35,28	89,80	39,37	95,104	298	149
3346	17,16	0,1	35,37	0,0	298	149
3347	36,17	0,3	39,44	2,4	298	149
3348	26,20	0,3	39,48	1,3	244	149
3349	3,0	99,120	2,0	118,116	298	149
3350	2,0	71,57	2,1	57,67	298	149
3355	3,2	21,22	6,1	11,10	252	149
3360	8,12	2,1	14,11	2,1	298	149
3361	10,11	66,83	4,9	102,111	298	149
3365	7,2	2,8	7,2	2,1	298	149
3366	6,3	1,0	7,2	1,2	298	149
3369	14,6	4,3	10,13	6,4	298	149
3377	15,15	4,2	23,38	1,6	256	149
3379	262,259	1,0	311,359	3,2	298	149
3393	120,123	5834,5183	122,161	5599,6989	298	149
3395	0,0	12,6	0,2	18,22	245	149
3404	17,17	90,104	19,10	116,95	298	149
3405	18,24	0,0	25,30	1,0	298	149
3406	22,16	0,0	22,21	0,2	298	149
3408	14,12	120,84	5,23	123,106	298	149
3409	14,7	0,1	9,9	1,2	298	149
3411	11,3	152,169	6,18	198,175	298	149
3412	29,24	93,67	24,23	43,76	298	149
3413	26,19	13,1	25,12	5,3	298	149
3414	11,12	122,114	22,9	124,150	298	149
3415	7,10	3,5	19,4	4,6	298	149
3416	13,7	762,744	13,13	853,848	275	149
3417	1,5	579,505	6,12	735,838	290	149
3418	12,17	454,438	19,27	582,523	298	149
3419	12,12	1,0	19,21	2,1	277	149
3420	7,10	431,400	10,13	593,533	273	149
3421	12,17	572,536	25,27	697,700	298	149
3423	6,7	113,91	13,11	111,134	298	149
3425	5,7	64,58	1,6	62,82	298	149
3427	43,28	87,63	35,50	54,98	298	149
3428	5,5	274,228	8,5	279,300	298	149
3429	7,10	7,3	2,5	0,0	298	149
3430	2,4	4,4	0,0	1,1	298	149
3438	6,0	34,23	1,2	41,44	268	149
3439	12,22	62,64	8,26	55,54	298	149
3440	45,29	0,0	43,64	1,4	298	149
3443	12,8	94,72	12,22	54,83	298	149
3444	3,0	123,106	0,0	116,113	298	149
3452	0,4	5,0	1,3	5,0	298	149
3460	3,0	1,2	2,4	1,3	298	149
3461	1,0	8,4	1,2	0,7	298	149
3465	8,5	68,71	2,12	81,115	298	149
3469	2,0	0,2	0,1	0,3	298	149
3472	76,54	0,0	61,59	1,1	226	149
3473	99,71	3,5	79,89	5,5	267	149
3475	2,1	60,53	6,0	49,62	230	149
3476	36,42	1,0	32,32	1,0	298	149
3477	118,132	173,171	103,194	172,202	298	149
3478	253,256	1959,1440	246,281	1763,2062	298	149
3481	10,6	20,25	4,13	11,23	263	149
3485	7,1	0,2	2,3	0,0	298	149
3501	212,188	0,0	226,254	0,2	298	149
3502	136,99	15,7	139,159	16,15	298	149
3503	16,10	117,115	9,12	136,131	235	149
3504	3,1	89,104	4,3	131,130	298	149
3505	3,0	107,81	5,0	170,169	298	149
3506	3,2	93,99	7,6	114,131	298	149
3507	0,1	71,72	0,3	89,104	298	149
3508	6,15	0,0	4,12	0,2	298	149
3513	0,2	723,673	5,2	649,754	298	149
3516	16,6	95,125	17,18	120,123	298	149
3518	0,0	125,113	0,2	126,176	235	149
3519	7,5	117,122	5,7	131,185	298	149
3525	31,40	245,246	35,36	305,297	298	149
3526	35,28	344,401	46,35	372,481	298	149
3527	216,181	28,20	181,180	21,27	298	149
3528	105,99	292,349	87,80	303,319	298	149
3529	546,430	8,4	400,432	3,6	250	149
3531	12,5	28,13	12,7	8,18	298	149
3533	0,2	112,102	4,5	129,93	298	149
3537	0,2	4,0	0,0	4,3	298	149
3540	6,4	56,37	8,3	27,29	298	149
3541	4,4	85,46	3,5	48,64	298	149
3545	2625,2153	4,1	2012,2427	1,2	298	149
3546	2,16	158,145	16,9	145,156	298	149
3547	11,2	184,139	2,4	176,187	238	149
3548	6,3	119,118	4,2	81,81	298	149
3549	23,7	81,71	7,13	37,73	298	149
3550	6,1	112,114	3,17	115,124	298	149
3551	7,12	128,130	7,9	149,139	298	149
3552	226,196	725,698	248,230	840,799	281	149
3556	7,6	0,2	10,9	0,1	298	149
3557	5,7	65,48	12,14	49,39	298	149
3560	11,3	2,0	9,12	2,5	298	149
3561	21,16	0,0	10,16	2,0	298	149
3562	30,18	0,0	13,14	1,0	298	149
3566	3,2	2,2	0,7	0,1	298	149
3568	114,104	0,2	90,87	0,0	298	149
3570	1,2	2,0	0,0	2,2	243	149
3573	13,7	8,8	4,18	7,3	197	149
3576	19,21	0,3	29,33	0,0	298	149
3577	19,14	12,5	21,39	7,7	298	149
3578	0,1	21,14	3,9	23,29	298	149
3579	4,5	1,0	1,5	4,1	298	149
3580	29,18	2,2	10,23	0,1	298	149
3581	21,10	215,198	4,4	164,217	226	149
3582	22,23	67,51	20,7	21,31	298	149
3583	0,0	1,2	1,0	1,2	298	149
3584	69,53	471,378	54,78	305,341	298	149
3585	56,41	5,9	51,81	14,9	292	149
3586	29,23	222,180	13,11	107,125	298	149
3587	31,8	4,3	28,18	7,6	231	149
3588	15,20	9,3	9,26	7,15	233	149
3590	6,3	0,2	2,3	0,0	224	149
3591	2,8	2,0	4,10	2,0	246	149
3593	7,8	0,2	3,18	1,0	298	149
3596	1,0	0,4	1,4	0,1	231	149
3599	2,2	29,22	1,0	10,16	233	149
3600	10,2	5,3	12,9	0,3	298	149
3601	9,2	23,19	12,9	10,16	298	149
3602	9,2	315,243	4,8	348,287	298	149
3603	112,70	1728,1364	81,79	1640,1683	232	149
3604	50,40	1106,953	49,44	919,1217	298	149
3606	34,33	1913,1799	52,40	1845,1996	298	149
3608	61,83	363,251	100,96	265,299	228	149
3609	11,11	224,145	14,12	151,186	257	149
3610	2,1	199,156	10,7	198,211	230	149
3611	80,65	151,119	66,82	146,124	298	149
3612	1,1	237,174	0,0	61,109	238	149
3613	2,3	111,90	0,2	21,34	298	149
3614	33,49	221,149	23,43	86,81	298	149
3615	71,44	18,6	44,74	5,16	298	149
3616	10,5	20,18	6,18	29,47	298	149
3619	0,0	36,30	6,9	38,40	242	149
3620	3,0	58,51	4,3	52,68	298	149
3622	6,0	46,62	4,7	39,48	228	149
3623	2,1	41,47	5,7	55,64	271	149
3625	58,92	2,0	90,91	1,3	221	149
3628	0,3	23,42	0,8	21,22	298	149
3629	11,5	158,112	4,6	146,171	255	149
3630	16,9	144,114	21,13	164,173	278	149
3631	24,12	52,59	10,11	59,68	298	149
3632	4,7	0,0	12,10	1,4	298	149
3633	23,12	423,322	14,13	319,418	298	149
3634	9,3	328,234	8,22	335,395	245	149
3635	31,32	392,313	34,44	466,432	298	149
3638	29,27	357,254	26,25	127,239	238	149
3639	36,33	362,247	16,20	234,293	298	149
3640	2,0	27,15	0,0	16,9	233	149
3641	3,1	3,2	1,6	0,1	298	149
3642	5,0	3,0	3,5	0,1	298	149
3643	6,2	3,16	6,6	9,5	298	149
3644	24,21	3,2	9,18	1,2	298	149
3645	48,42	588,537	51,36	593,686	298	149
3646	95,61	128,122	81,82	111,159	298	149
3647	187,174	25,20	159,196	24,22	298	149
3648	22,21	186,177	21,33	166,201	223	149
3649	80,72	211,145	71,81	150,176	240	149
3652	63,51	64,53	71,57	60,54	232	149
3656	458,400	4,5	456,440	1,12	298	149
3658	16,10	0,1	12,8	0,0	298	149
3659	14,11	16,3	10,6	2,3	298	149
3661	19,18	0,2	13,11	1,2	298	149
3662	25,27	0,0	24,34	1,2	298	149
3663	698,508	14,20	433,546	10,17	298	149
3664	43,27	758,562	43,58	395,543	298	149
3666	18,13	493,400	21,18	362,478	250	149
3667	8,7	0,1	13,8	0,0	217	149
3668	4,5	195,87	4,5	66,73	239	149
3671	14,10	32,30	7,3	19,15	298	149
3672	42,34	686,591	39,32	736,688	275	149
3673	26,32	1,1	31,25	0,6	298	149
3674	17,20	255,220	15,23	264,298	298	149
3675	26,21	334,294	15,15	355,402	298	149
3677	6,3	3,0	10,5	0,2	298	149
3678	5,4	0,0	6,2	1,2	230	149
3679	52,50	1,4	43,54	7,4	298	149
3680	47,22	1097,957	38,39	1128,1177	249	149
3681	5,14	3,9	21,10	2,5	298	149
3682	1,5	57,27	3,4	11,9	224	149
3683	38,11	501,345	21,30	282,494	298	149
3685	29,14	566,469	15,23	588,550	234	149
3687	0,2	1,0	0,0	0,1	233	149
3689	3,22	125,79	25,23	52,144	298	149
3690	1124,824	31,21	691,818	8,11	231	149
3691	128,128	3,4	116,150	0,4	298	149
3692	201,162	441,314	124,153	371,514	298	149
3693	58,55	5,5	43,44	3,4	298	149
3694	126,108	257,203	98,94	190,242	298	149
3695	147,111	0,0	105,127	0,4	298	149
3696	322,280	5,2	308,437	9,9	298	149
3698	1,1	73,46	2,0	35,62	234	149
3699	1,1	143,108	5,1	94,101	237	149
3700	31,37	256,217	37,39	237,256	269	149
3702	12,15	702,435	19,23	749,939	288	149
3703	201,122	60,39	185,166	54,47	241	149
3704	118,64	127,111	54,85	46,64	298	149
3706	210,177	5,1	171,181	4,2	285	149
3707	243,189	4,3	179,214	1,1	298	149
3708	80,47	4,5	48,45	5,2	298	149
3709	51,32	107,115	50,45	97,103	298	149
3710	12,22	381,469	20,22	528,568	298	149
3712	63,66	5,2	75,77	1,3	298	149
3713	63,69	3,0	79,77	0,0	283	149
3714	35,38	5,1	35,35	2,5	298	149
3715	50,45	2149,2045	47,58	2663,2965	298	149
3716	31,27	2,6	29,37	7,6	298	149
3717	27,21	2919,2913	18,12	3584,3689	256	149
3718	23,20	242,207	36,33	260,284	266	149
3719	2,4	2,0	5,4	2,1	298	149
3720	20,22	33,14	22,28	20,22	298	149
3721	7,6	0,1	5,4	0,0	298	149
3722	5,2	18,25	5,4	3,9	298	149
3723	6,3	44,47	15,5	25,55	220	149
3724	32,19	432,336	32,20	452,443	298	149
3725	55,33	4,8	35,33	0,4	298	149
3726	400,354	7795,6575	459,404	10139,10650	298	149
3727	2,2	6,1	5,2	1,11	298	149
3728	12,12	4,1	17,22	6,0	298	149
3729	2,3	5,2	7,9	2,3	298	149
3730	3,0	10,13	0,0	37,26	298	149
3731	127,107	20,11	89,106	3,7	298	149
3732	41,20	279,231	27,30	216,286	227	149
3733	65,47	1178,1050	61,74	1231,1404	298	149
3734	76,72	13,14	85,90	19,23	254	149
3735	51,52	1288,1266	57,62	1527,1565	246	149
3736	39,24	708,622	64,49	682,902	298	149
3738	0,0	35,35	0,1	19,19	298	149
3745	144,143	12,21	159,139	15,28	298	149
3746	59,54	2,1	73,58	0,0	298	149
3750	0,2	0,0	2,2	2,3	298	149
3754	7,5	407,356	4,8	527,500	298	149
3755	4,0	3,0	1,0	0,2	298	149
3756	11,20	483,376	25,8	505,499	246	149
3757	3,5	573,666	13,6	763,825	298	149
3762	1,9	271,247	4,8	342,346	280	149
3766	245,179	69,26	127,142	6,31	298	149
3770	2,0	17,5	5,5	13,23	298	149
3771	113,115	5,6	119,125	15,5	298	149
3772	89,99	23,18	92,87	20,19	298	149
3773	73,94	1,0	76,78	1,1	298	149
3774	50,74	57,30	55,64	45,44	298	149
3775	35,26	397,369	25,54	306,376	298	149
3776	15,17	367,329	6,13	270,390	229	149
3777	120,82	75,83	76,96	56,106	277	149
3778	8,7	322,255	3,5	205,258	226	149
3779	72,37	103,66	35,66	61,77	298	149
3780	4,3	102,109	2,4	124,109	226	149
3781	69,64	120,101	59,43	90,110	298	149
3782	23,32	4,3	17,31	1,1	298	149
3783	26,26	26,27	18,32	40,44	298	149
3784	7,13	246,227	14,5	270,280	298	149
3785	32,22	1,0	32,31	0,0	298	149
3786	121,52	12,4	31,58	4,6	298	149
3792	1,1	306,180	2,1	185,280	298	149
3793	14,11	12,4	21,24	13,7	298	149
3797	1,0	0,2	0,1	0,0	279	149
3800	1,4	2,0	0,2	0,0	298	149
3810	15,14	2,0	8,10	0,0	298	149
3813	80,106	0,2	116,143	1,0	298	149
3814	43,39	531,557	52,61	590,612	298	149
3820	2,0	0,0	0,0	0,2	298	149
3821	1,3	82,43	3,0	71,68	298	149
3822	0,0	74,39	2,2	67,89	298	149
3827	34,23	50,41	21,24	73,56	298	149
3828	31,28	0,0	41,31	0,2	298	149
3829	45,34	66,52	50,49	96,89	298	149
3831	6,9	135,97	12,16	99,110	298	149
3832	5,5	5,4	9,17	3,2	298	149
3833	4,1	106,75	5,0	121,94	298	149
3834	4,4	93,87	3,0	127,121	298	149
3835	0,3	94,95	1,3	101,90	298	149
3836	0,2	71,71	3,0	85,95	298	149
3837	6,3	2,0	2,4	8,3	298	149
3838	6,5	5,1	2,4	15,8	298	149
3839	10,10	75,85	12,9	84,136	298	149
3840	6,9	6,1	7,5	3,5	298	149
3841	4,0	97,97	1,1	122,122	298	149
3842	0,1	2,6	1,0	1,6	298	149
3853	2,0	1,0	0,1	2,0	298	149
3856	319,261	14323,13236	220,262	14533,15313	298	149
3859	139,139	3301,3231	178,181	3903,4065	298	149
3860	73,68	3567,3376	84,110	4023,4147	298	149
3861	55,33	3168,3455	79,64	3950,4177	298	149
3862	25,56	3487,3783	47,52	4150,4324	298	149
3866	84,82	6,11	145,140	15,7	298	149
3867	5,3	244,196	2,1	244,253	298	149
3868	5,3	0,0	4,2	1,2	298	149
3869	16,12	155,128	12,7	177,156	298	149
3871	5,6	6,7	10,9	6,5	298	149
3872	5,8	163,101	15,9	176,162	298	149
3873	16,15	26,27	18,14	33,28	298	149
3874	7,11	180,160	4,13	168,207	298	149
3875	8,12	1,0	17,17	0,4	298	149
3877	57,41	2,2	28,57	0,4	227	149
3878	16,17	1252,1195	23,28	1579,1435	298	149
3879	25,40	1113,954	51,51	1293,1312	298	149
3880	47,48	3,2	51,58	2,4	298	149
3881	49,45	1336,1159	44,55	1411,1443	284	149
3882	0,0	49,31	1,0	34,37	298	149
3883	295,318	1,2	392,407	3,1	298	149
3885	5,4	339,298	6,4	426,399	298	149
3886	38,35	4,1	57,53	5,2	298	149
3887	41,27	278,231	30,26	339,304	298	149
3888	27,23	373,302	48,29	371,463	296	149
3890	201,182	4,2	229,179	5,0	298	149
3891	21,21	1,0	39,22	7,6	298	149
3892	4,4	384,314	2,7	384,364	298	149
3893	27,23	327,244	19,15	289,331	298	149
3894	20,26	4,2	21,17	1,2	298	149
3895	9,12	219,143	8,11	121,158	298	149
3897	9,4	90,54	0,1	51,63	265	149
3898	36,17	564,507	33,52	660,659	242	149
3899	50,34	425,420	49,63	535,540	252	149
3900	70,34	4,6	56,69	11,5	298	149
3901	6,5	89,93	6,6	54,87	242	149
3902	17,8	18,15	12,15	28,18	252	149
3904	51,69	17,9	76,52	18,16	298	149
3905	29,21	46,49	20,34	68,52	298	149
3906	63,46	0,2	61,73	0,0	298	149
3907	59,35	36,35	33,40	32,48	295	149
3908	40,23	0,1	30,31	2,4	298	149
3909	28,25	29,37	27,31	16,26	298	149
3910	57,32	45,49	51,46	45,34	298	149
3911	10,5	121,99	7,5	57,90	298	149
3912	1,2	0,0	2,0	2,0	298	149
3913	1,0	23,5	3,0	22,25	298	149
3916	11,18	56,55	10,11	24,51	298	149
3917	27,35	0,3	18,20	0,11	298	149
3918	35,44	40,39	27,26	25,28	298	149
3921	18,15	0,0	8,15	0,1	298	149
3922	14,19	1732,1737	13,15	2353,2280	298	149
3923	204,151	2,1	187,170	1,0	298	149
3924	23,13	74,99	19,25	86,121	283	149
3930	45,34	88,89	31,53	106,102	298	149
3931	38,26	3,4	25,26	9,2	298	149
3932	12,13	128,135	13,14	157,161	298	149
3939	2,5	130,90	8,17	53,134	298	149
3952	4,0	0,0	3,2	2,0	298	149
3954	105,102	0,1	82,84	0,0	298	149
3955	85,74	160,130	81,67	110,139	298	149
3960	2,3	81,69	6,3	68,107	298	149
3961	66,39	2,2	27,32	0,4	298	149
3962	4,4	1,2	2,3	0,4	298	149
3963	2,8	111,92	3,1	78,79	228	149
3964	65,59	694,626	51,52	496,793	298	149
3965	198,118	0,2	122,183	0,3	226	149
3966	6,1	74,97	0,2	23,43	291	149
3967	6,12	5,7	2,4	0,3	298	149
3968	0,0	3,8	6,0	0,2	265	149
3969	8,2	24,12	1,7	1,13	221	149
3972	7,13	24,20	11,8	11,13	298	149
3973	20,14	3,0	9,10	4,3	298	149
3974	21,12	10,4	9,7	7,7	298	149
3975	22,19	2,1	14,13	2,3	298	149
3976	128,98	2,0	54,65	0,0	298	149
3978	96,97	0,1	56,60	1,0	228	149
3980	23,31	227,160	32,19	191,206	257	149
3981	41,32	3,1	9,35	1,1	298	149
3982	22,28	39,21	35,17	38,32	223	149
3983	21,13	5,5	14,17	5,2	298	149
3984	24,17	1,0	13,18	0,0	298	149
3985	5,6	3,8	0,1	1,6	251	149
3986	10,6	1,0	8,8	1,0	298	149
3987	2,4	16,7	5,6	10,10	229	149
3988	37,29	2,0	6,9	0,0	298	149
3989	12,11	108,58	5,3	47,52	222	149
3990	7,8	12,9	5,6	5,7	298	149
3992	258,251	11,9	179,169	4,13	217	149
3994	14,8	8,3	23,15	5,6	298	149
3998	6,3	0,1	3,5	0,0	298	149
4001	15,12	2,2	5,15	0,0	298	149
4002	40,61	2,2	17,29	0,0	227	149
4003	145,120	3,0	81,90	0,0	298	149
4004	162,126	1066,774	147,160	1025,1111	222	149
4005	196,138	0,2	178,188	0,1	230	149
4006	316,245	976,804	201,238	644,986	298	149
4016	64,107	3,6	84,68	3,9	246	149
4023	66,52	166,121	40,46	91,154	266	149
4024	66,53	9,5	40,46	5,4	271	149
4025	0,1	4,8	1,2	11,2	239	149
4026	5,4	0,7	10,1	0,1	255	149
4027	287,350	3,1	374,323	4,0	272	149
4029	0,1	19,12	1,0	16,25	298	149
4031	8,10	81,65	9,21	53,57	298	149
4032	8,7	474,355	6,13	527,528	298	149
4033	96,56	13,10	90,115	13,16	298	149
4039	5,3	0,0	2,6	0,4	297	149
4040	9,5	0,0	4,19	2,1	298	149
4041	22,10	14,16	22,24	37,24	298	149
4042	11,7	31,25	6,7	28,30	256	149
4043	1,2	5,13	1,0	9,10	240	149
4044	2,0	5,13	0,0	11,9	245	149
4045	2,1	0,4	1,3	0,0	298	149
4046	5,3	4,1	5,8	4,1	298	149
4051	12,17	2,3	31,15	0,2	257	149
4054	449,370	56,34	315,325	42,24	298	149
4055	447,382	4,5	314,328	2,1	298	149
4056	469,422	747,552	340,366	583,583	298	149
4057	79,68	717,541	47,50	657,755	298	149
4058	418,293	7,14	301,374	5,6	298	149
4060	28,13	433,349	3,13	298,405	298	149
4061	36,37	311,251	12,30	223,222	298	149
4062	8,3	305,234	7,5	187,164	298	149
4063	53,33	0,10	22,43	2,4	298	149
4065	6,6	237,166	2,7	66,127	234	149
4066	218,137	2,0	62,123	0,2	298	149
4067	69,31	173,133	25,40	72,81	298	149
4068	63,30	2,0	23,31	0,1	298	149
4071	33,16	310,263	11,22	172,221	242	149
4072	38,19	2,0	11,32	0,0	298	149
4073	28,17	212,172	8,28	74,143	231	149
4076	25,8	496,360	13,26	328,376	261	149
4077	111,94	325,247	92,119	207,242	298	149
4079	113,129	299,222	93,131	141,240	298	149
4080	251,235	10,7	168,237	7,21	298	149
4081	328,318	0,1	235,334	1,1	298	149
4082	645,602	0,0	496,573	0,1	298	149
4083	67,70	17,4	46,66	11,9	227	149
4084	78,54	1,0	42,54	0,2	298	149
4085	86,79	583,516	51,71	423,510	242	149
4086	117,127	6,2	96,98	4,4	298	149
4087	39,33	170,146	29,27	62,130	287	149
4088	11,7	33,24	8,3	29,20	295	149
4089	7,6	7,8	2,2	5,7	247	149
4090	21,18	652,689	4,16	369,371	298	149
4091	19,20	4,0	16,12	7,4	298	149
4092	907,1054	42,47	574,617	20,26	298	149
4093	192,120	3,0	78,124	0,0	219	149
4095	2,1	27,41	5,3	34,57	298	149
4096	67,91	0,0	71,81	0,2	298	149
4098	45,40	205,143	35,40	178,224	229	149
4099	58,59	165,148	88,81	226,197	298	149
4100	129,132	229,241	149,143	255,266	298	149
4101	69,57	355,343	66,60	318,331	298	149
4102	76,107	208,165	105,121	230,221	298	149
4106	139,109	925,885	115,138	1094,1194	298	149
4107	29,26	22,19	42,31	39,30	235	149
4108	2,0	1,2	3,4	0,1	298	149
4109	15,7	61,46	15,17	54,52	298	149
4110	14,9	4,2	8,16	0,4	298	149
4111	7,9	3,3	3,15	3,3	298	149
4112	21,13	6,8	1,9	5,10	298	149
4116	1311,1037	11,12	1284,1342	9,12	288	149
4133	2,5	127,146	1,2	135,126	298	149
4134	280,273	2,0	250,321	3,7	268	149
4138	22,22	47,53	11,24	38,26	298	149
4139	21,21	0,0	8,18	1,1	298	149
4140	3,7	24,8	1,3	4,12	282	149
4141	29,21	7,6	21,21	3,6	298	149
4142	14,15	207,184	11,14	140,145	298	149
4143	8,2	139,99	2,2	88,101	298	149
4153	79,64	13,7	78,74	13,8	298	149
4154	16,9	55,56	9,7	36,48	298	149
4155	586,668	3,4	711,690	3,1	298	149
4156	710,784	1,0	884,835	1,2	298	149
4164	1,2	1,0	5,3	6,5	298	149
4165	5,8	0,0	9,5	1,0	298	149
4166	47,23	0,2	15,23	0,0	234	149
4168	35,30	23,18	31,40	23,31	298	149
4169	4,2	261,256	7,5	250,245	229	149
4170	34,21	345,236	8,26	274,308	222	149
4172	14,32	160,122	21,18	134,175	262	149
4173	0,3	197,163	0,1	202,154	298	149
4175	2,6	0,0	1,4	0,4	298	149
4178	2,7	0,0	10,14	1,0	298	149
4179	66,45	230,147	49,58	158,207	271	149
4180	21,12	102,61	20,18	96,119	298	149
4181	22,9	194,198	18,18	246,237	271	149
4182	56,29	179,214	81,56	193,220	298	149
4183	9,2	0,0	1,0	0,1	298	149
4187	1,8	9,5	9,2	9,16	298	149
4188	1,3	10,8	2,0	6,7	298	149
4189	7,1	2,6	1,15	3,2	240	149
4190	40,22	2,0	40,40	0,0	298	149
4192	4,3	22,14	3,3	32,16	298	149
4193	1,0	12,8	2,3	8,18	298	149
4194	12,11	6,16	13,11	16,6	298	149
4196	3,5	12,7	6,1	9,17	224	149
4197	9,6	20,11	5,6	9,4	298	149
4198	3,3	22,17	5,2	20,14	244	149
4199	7,6	3,0	4,15	0,0	298	149
4201	3,1	18,19	1,0	28,13	298	149
4202	1,1	46,77	0,1	77,71	298	149
4207	25,20	390,463	27,29	562,517	298	149
4209	24,36	1,0	29,47	0,0	298	149
4211	30,37	26,34	18,27	43,23	298	149
4212	2,2	26,31	4,2	20,42	237	149
4213	29,45	15,4	36,42	3,7	298	149
4214	17,21	11,17	28,31	13,19	298	149
4220	8,10	473,333	12,17	368,469	298	149
4222	2,2	2,10	1,5	4,13	298	149
4223	0,0	10,2	1,0	1,2	218	149
4224	0,0	1,1	0,1	2,0	298	149
4228	0,0	3,1	0,1	1,2	296	149
4231	3,2	2,0	2,5	1,0	298	149
4232	4,0	4,1	4,5	1,1	298	149
4233	5,0	0,0	4,5	0,3	298	149
4234	8,2	1,0	12,13	0,0	298	149
4245	11,8	165,207	8,3	182,211	227	149
4246	7,3	175,181	6,13	196,192	220	149
4247	14,6	3,4	9,13	10,12	223	149
4254	69,65	7,2	70,69	3,4	298	149
4255	57,35	1,0	42,39	2,0	298	149
4256	6,13	116,101	6,5	111,144	298	149
4258	4,5	100,72	12,6	72,90	298	149
4259	6,4	0,2	11,3	5,1	298	149
4260	78,122	0,4	104,122	1,1	274	149
4261	89,132	1,4	119,126	1,0	298	149
4262	83,129	0,4	110,136	2,2	298	149
4263	8,9	2,5	10,9	2,3	250	149
4266	4,10	4,0	4,13	1,5	298	149
4267	8,6	2,9	6,7	9,7	298	149
4268	18,16	0,0	4,17	0,2	298	149
4271	10,14	113,116	2,9	116,123	298	149
4272	2,3	4,5	0,3	5,4	298	149
4273	485,383	4,0	462,442	3,3	247	149
4274	67,76	1836,1862	80,91	2077,2271	298	149
4275	112,100	3,3	135,152	5,1	298	149
4276	2,0	88,86	4,11	95,131	298	149
4277	10,6	7,6	19,11	3,7	298	149
4278	12,10	120,96	8,7	126,118	298	149
4279	18,9	89,74	11,22	71,76	226	149
4280	111,78	3,3	100,103	2,0	298	149
4281	35,28	111,83	25,35	102,80	298	149
4283	115,89	2,0	107,112	0,6	298	149
4284	39,39	4,0	32,44	10,0	298	149
4285	9,11	93,96	14,11	78,88	223	149
4286	26,16	114,87	17,28	117,137	298	149
4287	65,35	23,22	48,50	16,18	243	149
4288	17,28	103,103	19,30	126,130	298	149
4289	70,30	98,142	52,67	170,173	298	149
4290	38,38	99,69	23,26	65,111	298	149
4291	72,34	1,0	35,44	2,2	298	149
4292	1,1	235,252	1,2	278,319	298	149
4293	43,39	273,243	41,42	331,336	298	149
4297	90,72	30,11	49,64	21,26	298	149
4298	76,59	79,38	43,53	56,60	298	149
4299	103,73	131,115	56,85	123,121	298	149
4300	89,60	112,81	50,74	83,107	298	149
4301	66,53	720,643	42,49	650,867	298	149
4302	115,94	309,284	109,110	204,319	230	149
4303	318,378	10,1	372,473	6,9	298	149
4304	20,1	0,0	21,21	1,3	298	149
4307	0,4	0,0	0,0	0,2	242	149
4309	14,15	217,221	22,28	250,295	298	149
4313	6,1	81,106	7,7	131,149	298	149
4314	4,0	1,0	4,2	0,0	298	149
4315	0,1	64,97	0,1	121,114	298	149
4318	93,81	7848,6838	110,110	8432,7940	298	149
4319	38,40	6275,5458	39,38	7205,6936	298	149
4321	138,129	6172,5348	168,222	6958,6724	282	149
4322	21,32	7346,6411	42,38	8790,8463	246	149
4324	249,241	8119,7376	253,219	9231,9194	298	149
4325	122,92	0,1	153,153	0,2	272	149
4326	13,9	591,481	17,16	437,597	298	149
4327	2,4	1,1	1,0	1,4	298	149
4330	6,1	161,206	4,8	293,275	298	149
4331	6,1	37,33	4,5	71,72	298	149
4332	4,1	125,161	4,5	201,185	298	149
4334	1,0	3,3	0,2	3,7	239	149
4335	21,16	225,203	6,4	206,217	298	149
4336	86,39	147,109	24,36	55,113	224	149
4337	116,69	121,64	76,112	66,112	298	149
4338	53,49	0,0	14,42	2,0	298	149
4339	45,31	46,33	10,39	42,34	298	149
4341	5,6	142,135	4,3	187,202	298	149
4342	55,50	0,1	58,43	0,0	298	149
4343	3,2	164,164	3,0	164,190	298	149
4344	2,3	0,1	8,5	0,2	298	149
4345	2,3	244,249	8,5	256,254	298	149
4347	9,1	246,132	3,3	47,123	298	149
4348	22,9	217,228	18,12	290,318	292	149
4350	0,6	273,278	6,5	346,296	263	149
4351	2,2	4,2	6,9	8,11	298	149
4352	10,5	0,0	9,14	2,0	298	149
4353	5,2	228,206	6,9	262,235	298	149
4354	36,25	6,0	21,18	3,2	298	149
4365	35,22	197,147	25,45	227,221	298	149
4366	0,1	0,1	0,0	3,0	298	149
4368	374,321	38,34	375,466	62,66	298	149
4370	276,258	12,10	318,322	5,11	237	149
4371	14,12	17,17	8,15	10,14	298	149
4372	4,0	0,3	2,4	0,0	298	149
4375	9,14	66,64	5,8	49,67	298	149
4379	2,6	2,0	6,3	0,0	298	149
4384	21,16	3,0	29,35	1,1	298	149
4385	81,98	0,1	100,107	0,0	298	149
4390	25,14	0,0	20,24	0,5	298	149
4402	12,18	13,14	20,20	14,22	298	149
4403	27,21	513,469	39,28	674,648	298	149
4404	735,649	80,73	740,724	74,74	298	149
4418	4,5	133,100	14,4	101,161	298	149
4419	7,2	39,20	4,5	43,39	298	149
4420	6,2	0,0	4,1	1,0	298	149
4421	5,2	33,30	5,1	41,48	298	149
4422	1,1	28,26	0,3	27,31	298	149
4423	7,14	11,11	8,0	10,10	298	149
4424	15,13	2,0	20,6	2,1	298	149
4425	15,13	1,4	20,6	11,11	298	149
4426	2,1	23,32	4,10	37,37	298	149
4428	11,8	72,70	15,11	76,114	298	149
4429	0,2	12,8	3,1	6,6	279	149
4430	15,12	1,0	20,14	0,0	298	149
4431	269,257	2,2	260,311	3,11	239	149
4433	178,174	5,6	162,224	21,15	298	149
4434	3,8	169,162	5,4	172,160	298	149
4443	1,8	80,93	1,0	98,110	298	149
4444	5,14	87,109	2,1	147,97	298	149
4445	1,0	21,24	1,3	36,34	298	149
4446	0,1	21,16	0,0	10,17	298	149
4447	20,15	0,0	27,28	2,0	298	149
4451	90,82	1167,986	83,96	1262,1447	290	149
4453	7,5	33,46	1,11	41,50	219	149
4459	0,4	0,0	4,0	1,2	298	149
4462	0,0	0,2	0,2	0,0	298	149
4465	4,7	0,2	12,8	0,0	298	149
4466	36,29	138,107	27,32	110,88	219	149
4467	41,44	633,555	39,42	638,598	298	149
4468	3,7	282,228	2,1	112,244	222	149
4469	1487,1452	9,19	2173,2572	26,27	298	149
4470	1684,1656	11,8	2603,2737	12,15	298	149
4471	1298,1215	2,0	1709,1922	1,0	298	149
4472	712,676	2,2	1127,1456	2,2	298	149
4473	1123,1183	15,1	1758,1942	13,16	298	149
4475	919,933	16,12	1388,1657	17,23	298	149
4477	1,3	294,268	6,3	356,347	298	149
4478	8,12	256,235	8,9	283,304	298	149
4479	4,1	234,262	6,8	321,334	298	149
4480	3,4	300,288	2,8	368,392	298	149
4481	13,15	378,335	12,21	436,392	298	149
4482	14,9	318,379	18,14	390,466	298	149
4483	6,7	14,18	2,7	16,30	232	149
4486	1,0	3,9	0,1	3,6	298	149
4491	7,13	98,114	13,15	138,110	298	149
4496	24,11	46,38	16,17	21,40	298	149
4497	38,19	5,6	19,21	0,6	298	149
4498	48,35	0,1	18,24	1,1	298	149
4500	11,4	382,282	10,16	425,478	298	149
4501	9,2	16,6	9,11	12,19	298	149
4502	12,8	349,270	11,11	421,420	287	149
4503	4,5	485,357	5,6	435,417	298	149
4504	7,8	1,0	6,6	2,3	298	149
4505	2,3	476,364	8,2	411,437	298	149
4513	29,21	123,124	27,30	192,189	298	149
4514	26,17	8,18	27,29	16,16	298	149
4520	6,13	3,8	9,14	2,3	298	149
4521	2,3	20,15	1,2	19,18	298	149
4525	12,3	74,68	2,4	31,49	216	149
4527	33,53	488,466	52,47	480,546	298	149
4528	16,17	438,399	30,17	437,456	298	149
4530	3,0	14,14	7,2	16,11	298	149
4534	23,18	1,2	43,32	1,3	298	149
4535	18,15	0,0	31,33	1,0	298	149
4536	22,19	0,0	35,28	1,2	298	149
4537	21,18	120,119	33,28	143,166	298	149
4538	13,16	0,2	25,23	4,2	298	149
4539	436,402	31,23	432,504	25,43	298	149
4540	23,26	976,810	19,27	911,1052	298	149
4541	1036,867	9,9	901,899	8,9	298	149
4542	36,20	1064,942	17,27	991,898	298	149
4544	68,47	0,0	46,61	0,1	298	149
4545	44,32	1020,823	33,21	834,702	252	149
4546	398,312	22,34	306,342	19,23	298	149
4547	389,330	613,474	293,323	408,371	298	149
4548	1061,809	51,27	633,728	40,31	298	149
4549	113,136	1,0	73,85	5,3	247	149
4550	117,139	66,53	73,90	64,58	250	149
4551	187,151	1041,727	122,137	723,831	298	149
4552	382,309	21,19	307,306	25,17	298	149
4553	248,187	110,56	188,186	82,72	298	149
4554	241,200	4,10	218,189	6,5	298	149
4555	192,210	14,16	182,203	21,15	298	149
4556	33,32	12,14	40,44	4,14	298	149
4557	3,11	2,0	1,2	0,0	274	149
4558	5,11	62,66	3,5	77,84	287	149
4559	5,10	1,0	2,5	1,1	270	149
4560	1,12	0,0	5,3	2,0	298	149
4561	2,3	77,55	9,6	78,71	249	149
4562	4,7	62,50	12,13	63,61	298	149
4564	7,1	75,66	4,5	113,91	298	149
4565	6,2	54,89	6,9	110,96	272	149
4566	3,0	0,0	0,0	0,2	246	149
4568	79,74	7,11	61,60	21,10	298	149
4569	32,31	0,2	30,34	0,1	298	149
4570	11,20	225,211	15,17	302,334	290	149
4571	44,44	213,194	35,56	278,317	298	149
4572	19,28	158,170	26,25	222,207	248	149
4573	7,16	319,297	10,23	328,317	259	149
4574	19,25	300,290	26,22	309,313	259	149
4575	24,7	342,291	21,16	366,336	262	149
4576	34,17	226,183	32,20	330,298	264	149
4577	171,122	412,311	123,136	416,421	298	149
4578	16,16	456,434	18,21	382,435	232	149
4579	123,157	550,479	182,219	579,666	298	149
4580	89,75	1,2	114,86	1,3	298	149
4581	190,200	10,8	225,287	9,5	298	149
4582	90,126	7,1	147,181	4,7	298	149
4583	177,135	5,4	165,212	11,4	298	149
4584	142,102	484,387	134,172	505,534	298	149
4585	162,102	33,49	131,148	49,49	298	149
4586	104,76	241,196	82,93	265,222	298	149
4587	168,99	9,10	138,148	1,9	298	149
4588	110,73	2,5	89,93	8,5	298	149
4589	271,185	1,0	242,273	0,1	298	149
4590	213,159	0,1	193,218	3,1	298	149
4591	233,182	67,50	229,248	69,66	298	149
4592	60,71	463,443	70,65	570,561	249	149
4594	151,158	377,329	141,169	350,397	298	149
4595	109,117	15,12	101,134	18,16	298	149
4596	75,57	363,335	60,92	344,446	298	149
4597	394,296	35,24	127,259	8,34	298	149
4601	18,14	99,79	9,13	77,128	298	149
4604	31,32	114,132	26,25	135,158	298	149
4605	110,112	1,3	106,120	8,4	244	149
4606	93,132	81,87	102,125	92,108	298	149
4607	117,189	28,32	134,152	26,41	298	149
4608	57,75	4,8	58,80	13,8	298	149
4609	95,117	0,0	98,116	0,4	298	149
4610	67,98	154,168	71,79	155,196	298	149
4611	38,58	16,28	55,57	25,24	298	149
4612	48,62	2,2	46,48	2,2	298	149
4613	39,57	143,137	52,55	138,159	298	149
4614	22,40	5,4	34,39	5,3	298	149
4620	8,4	13,10	4,4	9,19	298	149
4621	15,1	19,6	7,6	9,6	298	149
4622	13,0	12,8	5,5	4,0	280	149
4623	10,9	0,4	4,0	0,1	247	149
4624	10,10	2,3	4,1	2,1	256	149
4626	16,15	0,0	21,8	0,1	298	149
4627	14,23	0,0	18,2	0,2	298	149
4628	11,19	0,0	19,4	0,1	267	149
4630	9,10	0,1	4,2	0,0	298	149
4634	73,119	9,1	121,129	9,2	298	149
4642	29,18	12,9	18,25	19,15	298	149
4643	11,13	10,5	25,15	9,12	298	149
4644	14,19	0,0	24,13	0,1	298	149
4645	12,17	5,6	22,15	3,11	262	149
4646	35,24	0,0	49,49	0,2	298	149
4651	27,26	57,32	8,14	57,50	298	149
4652	70,64	82,49	74,73	90,68	298	149
4655	46,36	12,3	50,61	0,15	298	149
4656	45,36	342,280	50,60	283,320	298	149
4657	60,40	529,404	47,51	379,446	298	149
4658	55,35	2,1	50,47	0,3	298	149
4659	75,69	1497,1260	70,102	1770,1620	256	149
4660	0,0	60,35	1,3	33,57	298	149
4661	9,12	142,164	6,18	173,207	298	149
4662	8,8	1,1	12,13	2,0	298	149
4664	10,13	1,0	18,24	0,0	298	149
4665	3,5	87,77	7,13	104,123	298	149
4666	2,15	58,49	9,6	69,78	298	149
4675	0,0	1,1	0,1	0,0	298	149
4676	350,311	1,0	382,344	6,2	232	149
4677	350,311	3,2	382,344	10,2	236	149
4678	52,41	332,307	37,31	304,331	233	149
4679	49,17	4,0	29,40	1,1	298	149
4680	88,48	15,20	70,62	6,19	298	149
4688	0,5	32,41	7,7	39,56	280	149
4690	0,3	96,102	8,12	137,124	298	149
4691	20,15	363,369	25,23	501,428	298	149
4696	17,18	60,93	12,23	106,71	298	149
4697	6,13	4,9	12,19	7,0	298	149
4698	2,7	59,63	5,3	57,72	298	149
4702	0,1	0,0	0,0	0,2	238	149
4709	4,0	10,0	1,4	3,6	298	149
4710	0,0	0,4	0,5	1,0	298	149
4713	9,1	19,34	6,7	24,27	298	149
4714	2,0	93,103	5,5	159,107	298	149
4717	11,3	0,0	13,18	2,1	298	149
4718	17,5	238,191	17,26	269,257	298	149
4719	15,21	0,0	14,14	0,1	298	149
4720	21,38	231,183	10,14	144,199	298	149
4721	16,21	5,0	16,13	1,0	298	149
4722	8,7	183,162	9,5	138,141	298	149
4723	7,11	4,9	9,9	8,2	298	149
4724	313,299	2,2	412,424	2,6	246	149
4726	0,0	3,0	2,1	0,4	259	149
4728	12,11	13,11	12,9	10,22	298	149
4729	1584,1609	43,50	2106,2023	52,69	231	149
4730	24,18	694,587	36,42	831,956	298	149
4733	21,22	118,81	31,21	82,125	290	149
4734	14,24	203,172	11,15	158,221	225	149
4735	6,8	141,114	13,3	163,163	298	149
4736	6,9	0,0	8,3	0,1	298	149
4737	3,8	139,131	9,4	179,158	298	149
4738	1,3	11,9	2,7	15,27	298	149
4739	6,5	17,36	10,8	36,31	298	149
4740	200,162	26,27	254,198	23,31	298	149
4742	27,24	662,591	18,26	824,622	298	149
4744	24,21	822,633	24,44	887,909	283	149
4746	0,0	1,0	2,0	0,0	298	149
4749	56,38	1,6	37,51	6,7	298	149
4750	154,127	390,397	159,173	330,373	298	149
4756	28,23	1663,1675	23,45	2128,2304	298	149
4757	25,26	1281,1249	62,45	1584,1707	298	149
4758	69,65	2,8	86,76	9,3	298	149
4759	112,121	1790,1745	101,132	2154,2419	298	149
4760	67,60	0,0	89,65	0,2	298	149
4761	66,55	1636,1626	64,57	1843,2112	298	149
4762	44,29	320,240	39,57	257,341	225	149
4763	7,9	234,209	4,3	186,210	255	149
4764	38,36	382,255	29,25	206,292	298	149
4765	162,192	14,7	217,251	18,30	298	149
4770	5,10	14,17	4,8	3,3	298	149
4774	10,9	280,341	12,18	353,423	298	149
4776	15,9	0,0	5,7	2,0	298	149
4777	9,3	2,1	7,9	8,13	298	149
4780	120,136	113,125	176,167	131,135	298	149
4785	5,3	5,2	2,7	2,4	237	149
4787	27,13	0,2	24,25	4,2	298	149
4788	3,3	10,10	4,3	19,18	298	149
4789	12,11	0,0	16,17	1,0	231	149
4793	0,0	2,0	1,1	0,0	298	149
4799	0,0	9,11	0,3	16,16	262	149
4802	3,6	2,0	9,5	0,0	298	149
4803	5,1	0,2	4,5	2,0	298	149
4804	47,43	1808,1812	44,41	1932,2152	298	149
4805	40,19	3908,3177	42,40	3673,4261	298	149
4806	68,50	1423,1074	61,72	1273,1523	263	149
4807	10,6	45,46	9,12	65,63	298	149
4809	89,81	336,313	124,97	379,361	298	149
4810	0,0	0,1	2,1	0,0	298	149
4814	18,15	486,481	22,22	503,689	298	149
4815	22,13	876,817	16,19	936,903	298	149
4816	24,30	758,701	28,26	911,1060	298	149
4817	11,12	406,419	18,15	482,469	298	149
4822	4,0	1,0	0,0	1,0	298	149
4828	27,30	0,0	18,22	2,0	298	149
4829	27,30	1,3	20,23	1,0	298	149
4832	11,11	5,10	7,13	7,8	231	149
4841	22,21	553,574	29,33	784,865	298	149
4842	1674,1527	9,5	1955,1952	8,17	298	149
4843	123,121	1,2	143,169	5,6	298	149
4844	21,12	393,375	14,25	480,482	298	149
4845	0,1	17,18	2,0	8,31	282	149
4846	22,15	2,0	17,17	3,1	298	149
4849	32,21	57,34	38,52	55,60	298	149
4850	0,0	0,5	1,0	7,6	298	149
4853	13,3	77,74	1,5	37,42	298	149
4855	42,29	512,417	53,64	611,596	298	149
4857	27,36	457,457	36,44	502,513	298	149
4858	21,24	2,0	32,30	0,0	298	149
4859	34,26	604,614	45,40	624,617	298	149
4861	0,7	20,10	3,1	5,12	229	149
4862	14,6	0,2	4,4	0,0	298	149
4863	80,60	158,116	58,103	148,130	237	149
4864	7,8	85,44	4,5	54,75	228	149
4865	5,8	4,1	4,5	2,4	277	149
4866	1,1	29,18	2,1	14,26	298	149
4869	16,7	5,3	6,26	0,3	298	149
4870	84,38	418,344	43,35	285,296	298	149
4871	84,43	0,0	45,36	0,2	298	149
4872	67,64	350,275	65,52	360,401	298	149
4873	163,150	2,6	135,178	4,6	298	149
4874	5,0	507,436	3,9	473,430	298	149
4879	1,0	46,55	6,0	53,50	298	149
4882	1,6	108,77	6,6	109,93	298	149
4883	0,2	92,68	0,0	66,106	298	149
4884	5,10	6,2	17,11	5,5	262	149
4885	8,15	27,23	18,12	82,54	298	149
4886	29,20	57,44	32,48	34,58	298	149
4893	2,0	60,77	0,1	90,99	298	149
4894	4,4	1,2	3,0	1,0	298	149
4901	62,51	264,294	72,61	379,383	298	149
4902	46,21	277,287	25,23	300,378	259	149
4903	102,79	333,341	72,129	355,401	298	149
4904	112,105	387,337	125,124	486,491	298	149
4905	152,126	0,2	157,133	0,5	298	149
4906	182,140	408,282	167,145	422,463	298	149
4907	2,0	1,5	0,3	0,3	298	149
4909	2,7	2,3	10,4	0,0	298	149
4911	1,0	133,114	4,5	107,104	286	149
4912	5,4	0,2	3,4	2,0	298	149
4913	12,4	168,129	6,4	134,184	298	149
4914	5,1	157,99	5,16	129,139	280	149
4915	117,127	4657,5085	119,110	5146,5536	298	149
4916	90,106	4659,4567	147,161	5805,6433	298	149
4917	16,9	121,125	10,4	121,159	298	149
4918	2,3	3,7	5,7	6,12	298	149
4919	2,3	62,65	4,6	86,67	298	149
4921	4,3	281,334	1,2	340,327	298	149
4922	0,0	17,8	0,3	19,18	298	149
4923	4,7	28,17	7,3	30,14	298	149
4928	6,6	38,31	2,3	42,51	275	149
4930	81,100	3,0	96,97	0,0	298	149
4931	14,17	270,323	8,12	307,384	298	149
4932	81,71	0,0	85,88	1,0	298	149
4933	22,16	21,24	16,11	14,23	298	149
4934	19,19	1,1	14,10	4,1	298	149
4936	4,3	8,1	4,0	1,13	261	149
4937	30,43	77,72	11,28	66,86	298	149
4938	9,5	15,19	3,9	16,18	298	149
4939	45,38	21,10	45,42	15,22	298	149
4940	46,37	1,0	47,41	4,0	298	149
4941	25,29	2,0	26,31	1,3	298	149
4942	27,29	0,0	27,31	2,2	298	149
4943	26,34	0,0	27,32	0,4	298	149
4944	10,0	0,0	3,0	5,10	257	149
4946	6,5	6,5	11,7	7,14	298	149
4948	19,10	5,1	23,17	3,11	298	149
4949	4,5	20,8	0,4	21,13	298	149
4950	4,7	1,0	5,6	0,0	238	149
4952	23,26	1424,1385	51,48	1709,1846	298	149
4954	43,46	0,2	54,46	2,2	274	149
4955	40,50	141,128	47,60	139,212	298	149
4956	391,380	8,2	403,430	5,9	298	149
4957	182,166	3,3	212,187	2,5	298	149
4958	140,157	92,68	143,159	89,105	298	149
4959	322,350	197,175	379,343	229,245	298	149
4965	94,78	19,26	105,123	26,40	298	149
4966	13,23	156,196	13,13	144,121	298	149
4967	7,4	108,85	6,10	105,92	298	149
4968	7,3	70,100	6,9	72,63	298	149
4969	14,7	37,17	15,19	39,30	298	149
4970	14,6	7,1	15,18	6,12	298	149
4971	113,96	533,391	125,133	594,660	298	149
4972	183,203	504,427	197,218	566,602	298	149
4973	522,491	5,3	612,675	4,3	298	149
4974	154,168	3,1	180,180	2,1	298	149
4975	120,103	36,27	136,116	61,57	298	149
4976	535,512	0,0	613,698	1,0	298	149
4977	196,224	98,69	198,241	101,94	298	149
4978	162,159	399,306	154,177	389,426	298	149
4979	0,0	1,0	0,1	0,0	298	149
4983	458,538	1,1	783,933	4,0	298	149
4984	11,7	2,5	4,11	0,2	298	149
4985	7,13	1,0	12,15	0,1	298	149
4987	1,2	5,3	0,0	4,4	298	149
4988	75,48	130,110	57,68	103,97	298	149
4989	19,7	40,39	9,9	42,73	230	149
4993	25,12	387,233	21,28	380,376	298	149
4994	12,7	0,1	2,16	1,2	298	149
4996	3,3	6,3	1,1	2,10	298	149
4997	2,10	48,58	17,12	51,80	298	149
4998	0,0	36,29	0,3	43,53	298	149
4999	10,14	43,40	9,25	41,40	298	149
5000	254,233	1,1	362,327	0,6	298	149
5001	248,226	0,0	379,330	3,1	298	149
5002	225,241	0,0	331,327	0,2	298	149
5005	37,35	368,364	62,65	443,379	298	149
5006	26,21	420,352	20,44	414,522	235	149
5007	1,0	32,7	0,0	0,1	225	149
5009	1,1	28,5	0,1	4,2	257	149
5012	28,31	60,21	13,39	47,57	298	149
5013	30,20	1,0	43,35	0,1	288	149
5014	26,16	20,16	38,26	4,15	256	149
5015	24,14	9,7	32,23	2,8	232	149
5019	12,8	45,46	15,15	37,20	298	149
5020	174,167	772,900	119,143	823,733	298	149
5021	178,181	16,9	122,137	10,5	298	149
5022	172,170	6,4	115,135	8,9	298	149
5023	19,24	0,0	18,10	0,2	298	149
5024	18,28	603,687	25,9	544,616	298	149
5025	8,6	952,1017	1,2	923,962	298	149
5027	5,6	79,62	5,6	86,68	298	149
5028	95,79	1,3	96,107	1,3	298	149
5029	12,1	91,120	3,8	140,146	298	149
5032	2,0	11,6	0,0	10,7	298	149
5038	2,4	0,0	4,2	0,3	245	149
5039	2,3	0,2	1,2	1,3	298	149
5042	2,1	1,0	0,2	0,0	298	149
5050	27,36	4526,4092	44,53	4857,4594	298	149
5051	45,55	21,1	55,67	8,7	298	149
5052	67,57	3,1	76,93	6,4	298	149
5053	41,34	2,0	46,57	0,4	298	149
5054	14,14	114,113	22,27	132,141	298	149
5055	50,45	17,19	47,49	31,18	298	149
5056	18,12	124,99	13,16	72,89	298	149
5057	68,66	10,8	81,60	9,9	298	149
5058	36,33	9,5	47,27	2,8	298	149
5059	64,53	5,5	61,62	5,1	298	149
5060	32,20	1,3	27,29	2,3	298	149
5061	27,17	62,61	35,22	77,61	287	149
5062	49,32	1,0	44,41	0,2	298	149
5063	23,15	42,42	23,12	41,37	298	149
5064	28,17	2,0	24,16	1,0	298	149
5066	9,8	44,34	20,23	35,35	298	149
5072	13,11	67,38	5,15	59,47	298	149
5073	39,33	18,14	29,33	8,10	298	149
5074	32,22	89,59	21,19	54,47	298	149
5075	35,17	0,2	21,19	0,0	298	149
5077	24,45	138,129	30,27	154,136	298	149
5078	41,55	23,19	46,52	44,29	298	149
5079	73,54	77,82	66,67	113,94	298	149
5081	1,0	1,1	0,2	0,0	259	149
5082	2,0	6,1	1,0	4,3	232	149
5083	78,65	460,366	61,62	452,498	298	149
5084	3,8	77,54	0,10	20,38	235	149
5085	24,25	396,411	18,27	487,519	298	149
5086	36,11	305,331	35,34	491,424	223	149
5087	75,44	0,0	89,104	3,3	236	149
5088	892,848	31,15	990,1058	30,15	298	149
5089	327,335	30388,28813	312,376	35689,39148	298	149
5090	10696,8880	4,0	10649,11892	0,0	235	149
5092	159,100	476,464	120,112	574,588	298	149
5093	43,41	229,198	37,38	249,200	271	149
5094	16,8	162,149	14,16	150,169	293	149
5095	5,3	6,6	5,9	6,4	257	149
5096	21,19	248,212	17,22	244,234	298	149
5097	18,12	199,183	13,23	180,182	298	149
5098	19,22	6,3	13,23	10,9	298	149
5099	11,9	1,0	13,16	2,0	298	149
5100	55,53	1,0	54,68	1,1	298	149
5105	4,9	3,1	5,12	0,9	298	149
5110	1068,1081	64,68	1401,1671	61,89	298	149
5112	5,1	0,0	2,2	1,1	298	149
5113	2,0	1,0	0,1	1,0	298	149
5114	1,2	95,84	3,2	115,125	276	149
5115	16,15	17,14	15,27	16,21	298	149
5116	5,3	469,457	4,4	620,674	298	149
5117	4,3	272,245	6,4	319,333	298	149
5119	22,27	338,350	43,37	414,472	298	149
5120	5,11	258,289	10,14	308,349	298	149
5121	20,26	273,293	15,31	352,413	231	149
5123	85,106	1,0	119,73	0,0	298	149
5124	316,390	190,132	345,388	195,178	298	149
5125	347,414	3,4	365,431	1,0	298	149
5126	3,1	1021,944	11,5	991,1075	298	149
5127	6,9	236,244	10,11	284,257	298	149
5129	10,10	155,109	13,13	135,188	249	149
5130	8,7	1,0	7,16	0,0	298	149
5131	10,9	118,91	6,13	129,145	298	149
5132	10,19	116,103	5,9	133,131	234	149
5133	13,14	167,140	7,22	170,177	261	149
5134	12,21	2,0	7,21	1,1	298	149
5135	17,14	0,0	5,21	2,1	298	149
5136	4,5	162,145	5,5	154,182	251	149
5137	15,11	203,165	4,10	185,197	298	149
5139	34,40	13,10	42,28	13,11	298	149
5140	13,3	365,305	9,4	368,349	298	149
5142	13,8	160,98	13,11	87,126	298	149
5143	1,0	129,124	2,3	181,169	251	149
5144	2,5	86,96	0,1	105,84	257	149
5151	28,17	41,21	20,29	28,38	298	149
5152	6,6	11,16	11,11	8,24	298	149
5153	1,0	6,7	3,3	0,3	298	149
5154	5,3	29,37	1,2	30,40	298	149
5155	12,13	0,0	13,13	3,4	298	149
5156	15,13	889,881	14,14	1006,1085	298	149
5158	16,12	539,702	17,19	611,646	298	149
5159	13,12	0,1	18,17	1,0	298	149
5161	0,1	19,16	6,1	23,7	231	149
5162	1,0	0,0	0,2	0,1	298	149
5163	109,60	0,0	35,75	0,2	247	149
5164	190,143	1,0	136,174	0,0	220	149
5167	1,0	131,149	5,1	187,174	298	149
5168	0,4	117,97	3,7	138,142	298	149
5169	17,8	33,19	14,8	38,34	298	149
5170	6,4	229,191	3,1	175,219	298	149
5171	1,1	26,53	1,0	41,61	298	149
5172	45,36	0,0	22,35	1,0	262	149
5173	37,37	158,156	31,37	121,158	298	149
5174	35,42	3,2	25,28	2,2	298	149
5175	40,52	127,134	41,41	133,150	298	149
5176	13,14	192,216	22,21	257,272	243	149
5178	75,55	219,257	100,88	271,264	298	149
5179	68,42	6,4	81,63	2,5	298	149
5180	67,44	0,0	67,54	2,0	267	149
5181	197,143	0,0	225,213	3,2	298	149
5182	33,16	158,192	15,27	226,235	298	149
5183	31,16	13,8	14,25	14,18	298	149
5184	390,349	0,0	433,447	2,4	296	149
5185	374,345	30,10	422,442	25,16	298	149
5186	368,344	6,0	419,434	1,2	298	149
5187	341,311	0,0	334,367	1,0	298	149
5190	15,19	48,57	19,17	62,63	239	149
5191	7,1	144,112	13,8	119,133	298	149
5192	59,56	13,11	50,41	6,10	298	149
5193	75,74	4,0	64,74	1,1	298	149
5194	76,56	0,0	95,71	2,0	298	149
5195	4,3	8,0	11,5	5,6	243	149
5196	2,3	70,37	11,5	44,56	233	149
5197	29,25	0,1	36,27	0,1	298	149
5198	43,31	0,0	52,46	1,1	298	149
5199	27,28	65,46	35,28	78,97	298	149
5200	26,23	0,2	31,21	2,2	298	149
5201	19,18	0,0	23,13	0,1	276	149
5203	47,44	7,4	38,43	6,3	298	149
5204	58,54	2,7	41,50	6,3	298	149
5205	54,58	2,0	43,57	0,0	298	149
5207	14,15	0,0	19,21	1,2	298	149
5208	35,38	2,2	37,45	0,0	298	149
5209	39,28	3,0	37,40	7,0	298	149
5210	55,36	5,16	33,41	4,8	298	149
5211	39,41	3,0	38,70	0,0	291	149
5212	44,66	7,2	48,56	8,11	298	149
5213	20,11	2,3	20,9	8,5	298	149
5214	7,6	5,1	14,5	2,7	298	149
5215	15,14	115,115	10,21	124,136	251	149
5218	13,14	0,1	15,10	1,0	298	149
5222	1,0	1,1	2,2	0,3	260	149
5225	0,0	0,1	1,0	0,3	298	149
5229	38,46	11,2	49,58	7,4	298	149
5230	42,41	1,0	52,58	2,2	298	149
5232	0,1	0,0	1,1	2,0	242	149
5235	0,0	32,21	0,1	18,24	227	149
5236	12,18	15,5	6,12	7,4	239	149
5238	243,207	0,3	223,216	3,1	298	149
5239	7,6	158,115	11,5	66,109	235	149
5240	0,0	0,1	1,0	4,0	298	149
5241	40,38	9,1	15,19	0,1	298	149
5243	50,41	4,0	47,51	0,0	298	149
5246	0,0	1,5	0,1	1,1	298	149
5247	8,4	124,148	7,4	130,173	298	149
5248	135,132	7,8	145,183	6,6	298	149
5252	183,172	1094,954	194,260	1337,1349	239	149
5254	33,41	65,31	30,22	60,49	270	149
5257	6,15	184,179	14,14	180,261	298	149
5258	15,15	138,171	24,8	160,199	298	149
5259	3,12	0,0	17,4	1,1	298	149
5261	13,19	24,32	49,65	44,36	229	149
5262	52,56	0,0	96,107	1,0	298	149
5263	55,69	0,2	76,68	0,0	298	149
5264	64,65	34,53	98,109	53,56	298	149
5268	9,11	70,53	2,8	38,61	242	149
5269	16,21	0,0	34,24	1,1	298	149
5276	4,7	37,40	7,12	44,60	298	149
5277	9,7	49,90	17,5	97,64	298	149
5279	0,1	25,19	5,2	14,29	298	149
5280	15,24	1,1	20,22	3,3	298	149
5281	28,41	247,189	15,30	187,252	228	149
5283	46,22	499,454	22,24	461,527	298	149
5284	10,12	56,24	5,9	0,6	298	149
5285	0,0	5,5	1,0	3,1	256	149
5288	6,12	7,4	13,5	1,4	298	149
5296	1,8	73,75	2,6	100,99	297	149
5297	123,157	0,0	120,147	1,0	298	149
5298	123,138	0,0	111,156	1,0	298	149
5303	11,4	369,275	5,9	266,332	264	149
5309	0,2	89,92	2,0	107,125	298	149
5310	16,14	81,69	14,13	75,88	298	149
5312	19,13	6,7	16,26	6,7	298	149
5313	11,8	0,0	12,26	0,1	298	149
5314	14,13	120,80	10,21	73,126	298	149
5316	9,9	165,140	15,22	155,195	236	149
5317	20,12	108,73	35,17	115,96	298	149
5325	18,6	5,0	5,24	1,1	240	149
5326	49,25	108,56	28,49	75,110	226	149
5327	8,5	108,63	9,7	52,39	240	149
5328	1,1	88,69	4,9	48,50	247	149
5329	539,428	0,2	479,537	2,3	298	149
5330	12,9	168,142	9,25	202,223	298	149
5331	12,13	74,76	3,21	46,82	220	149
5332	17,11	1,4	4,23	0,0	298	149
5333	9,16	52,52	3,7	19,49	240	149
5334	31,28	99,69	7,14	33,48	235	149
5335	20,30	101,70	2,21	41,97	234	149
5336	68,63	181,147	57,68	134,193	298	149
5337	21,28	226,242	29,28	211,236	298	149
5339	0,0	6,2	0,2	2,12	255	149
5341	0,0	11,1	0,2	0,7	298	149
5343	39,20	2,7	12,24	1,4	298	149
5344	10,16	99,59	7,5	49,65	257	149
5345	114,70	164,93	66,107	101,118	298	149
5353	4,3	244,217	4,10	287,301	298	149
5354	1,2	0,1	1,2	0,0	298	149
5355	25,32	1,2	39,30	0,1	298	149
5356	14,15	232,177	19,13	213,243	298	149
5358	20,19	3,2	18,28	0,1	298	149
5359	26,22	318,290	23,39	318,343	298	149
5364	11,10	84,88	5,10	106,121	298	149
5365	26,25	55,35	27,21	34,39	298	149
5366	23,23	16,5	25,22	1,11	298	149
5367	6,8	47,29	4,2	66,40	298	149
5368	13,9	198,201	2,8	203,174	298	149
5369	15,6	599,630	12,13	805,775	233	149
5370	0,3	16,15	1,0	16,14	298	149
5371	38,30	850,612	41,48	746,820	246	149
5372	46,33	160,136	47,51	129,165	249	149
5378	85,69	1369,1060	108,90	1415,1674	298	149
5380	27,28	4779,4280	43,49	5084,5450	298	149
5385	18,18	179,161	13,31	63,105	298	149
5387	18,7	390,399	19,19	450,474	298	149
5390	1,0	0,0	5,3	1,0	255	149
5391	25,7	19,15	12,23	13,11	298	149
5392	11,1	62,29	0,4	45,39	298	149
5393	90,113	341,355	114,133	445,469	236	149
5394	18,12	71,85	4,21	41,72	232	149
5395	6,4	71,78	2,3	30,40	232	149
5396	15,15	4,0	16,12	0,0	298	149
5397	433,440	20,16	424,487	8,14	266	149
5398	48,57	1,0	34,50	1,3	298	149
5399	60,62	200,173	34,62	213,303	298	149
5406	3,4	1,1	1,6	1,1	298	149
5407	0,2	1,0	1,3	0,0	298	149
5408	7,10	0,2	13,18	0,1	258	149
5409	18,25	160,137	22,32	171,169	298	149
5410	7,14	1,0	4,11	0,2	298	149
5411	14,20	176,166	10,7	157,143	288	149
5412	18,9	1,1	5,20	0,0	257	149
5413	11,6	35,41	11,23	43,52	298	149
5414	20,9	108,107	24,37	131,114	298	149
5426	33,20	2,3	23,13	3,2	298	149
5428	51,46	215,226	56,56	250,293	298	149
5429	16,53	0,2	25,28	1,0	217	149
5430	19,59	222,226	27,30	245,243	241	149
5431	24,20	200,230	19,17	244,257	298	149
5432	19,18	8,3	18,19	7,5	298	149
5433	94,92	2,4	107,84	7,1	298	149
5434	94,86	254,294	107,88	295,349	298	149
5436	85,56	7,6	85,78	9,9	298	149
5437	60,39	250,247	51,57	265,333	298	149
5438	86,61	3,0	85,77	1,0	298	149
5439	7,5	230,260	14,10	283,288	298	149
5440	9,17	190,192	12,15	253,272	298	149
5441	1,1	64,72	0,0	96,74	240	149
5443	4,6	2,0	4,1	1,0	269	149
5444	6,7	155,170	8,8	189,184	228	149
5447	131,106	10,10	86,126	21,16	236	149
5449	4,4	19,12	0,5	22,16	298	149
5451	0,2	28,27	2,1	12,13	298	149
5452	3,2	39,20	0,0	37,31	298	149
5456	1,1	36,21	1,0	38,21	298	149
5457	1,0	0,1	0,0	1,0	298	149
5458	1,0	16,31	0,0	49,16	298	149
5460	3,5	4,2	6,6	0,0	239	149
5461	3,0	2,0	1,4	0,0	298	149
5464	195,184	211,182	170,136	249,239	242	149
5466	9,6	39,45	6,9	55,55	298	149
5467	26,23	137,117	15,18	192,177	298	149
5468	28,20	40,54	36,35	53,70	298	149
5469	0,0	73,85	0,2	72,87	298	149
5472	38,12	4,5	34,34	4,4	298	149
5473	38,12	0,0	34,34	2,6	298	149
5474	33,35	0,2	48,39	0,0	298	149
5479	12,18	1,0	16,11	2,0	298	149
5481	33,25	33,22	38,33	41,51	298	149
5482	45,33	317,331	58,48	398,486	298	149
5483	38,30	25,27	44,46	31,41	298	149
5486	0,0	3,2	1,0	2,2	298	149
5489	0,7	3,2	6,3	0,0	267	149
5490	1,9	1,0	8,3	0,0	286	149
5491	9,3	5,5	7,2	2,2	274	149
5492	5,3	6,2	4,5	4,9	225	149
5493	9,3	5,7	8,8	4,8	217	149
5494	17,7	961,746	11,12	772,959	246	149
5495	344,272	2,1	313,331	5,3	281	149
5496	16,12	918,853	16,24	941,935	233	149
5497	46,30	968,797	29,44	890,969	239	149
5498	75,34	1,2	46,50	5,8	298	149
5499	42,15	1218,1054	23,29	1077,1181	222	149
5500	27,15	1320,1094	17,23	1055,1249	227	149
5501	3,6	126,129	4,15	173,170	298	149
5503	9,5	178,157	6,12	252,269	298	149
5504	4,7	0,1	5,10	3,5	298	149
5507	11,15	1,1	21,16	0,2	298	149
5509	49,61	41,33	55,46	26,42	298	149
5511	20,11	0,1	12,23	2,0	298	149
5513	5,1	6,14	2,3	6,12	298	149
5514	7,2	0,0	6,13	0,1	298	149
5515	12,6	5,5	6,16	2,0	298	149
5516	12,14	0,2	11,26	6,1	298	149
5517	14,12	1,0	15,22	1,0	298	149
5518	0,2	29,24	1,1	18,32	298	149
5519	0,2	7,4	1,0	8,8	298	149
5522	54,21	64,65	50,59	57,79	298	149
5523	116,58	156,100	32,52	56,137	238	149
5524	126,60	9,0	33,57	2,1	249	149
5525	26,33	401,315	13,22	363,359	298	149
5526	15,12	1,0	13,14	0,2	298	149
5527	50,28	626,667	40,37	668,760	298	149
5530	2,2	0,1	3,13	0,2	231	149
5531	2,2	2,0	3,10	0,0	220	149
5533	26,13	33,20	4,21	12,21	298	149
5534	28,22	75,78	11,17	40,83	217	149
5535	48,26	105,79	13,23	77,134	298	149
5536	0,4	46,85	1,1	73,88	298	149
5537	9,7	4,3	2,11	6,4	237	149
5540	1,1	101,103	2,3	92,96	298	149
5541	110,138	11,7	147,159	5,10	298	149
5542	0,4	187,183	2,5	247,276	298	149
5543	487,432	0,9	416,462	4,3	298	149
5544	75,62	246,332	36,44	255,202	298	149
5545	20,25	251,209	5,17	192,180	298	149
5546	21,22	6,0	4,15	0,0	298	149
5547	49,36	218,177	45,26	202,233	277	149
5548	60,59	7,7	45,43	8,10	298	149
5549	50,57	13,13	48,36	5,10	298	149
5550	67,49	2,0	70,35	1,0	298	149
5551	73,55	6,0	52,49	3,1	298	149
5552	63,53	9,7	55,42	4,9	298	149
5553	18,26	194,192	18,30	179,144	228	149
5554	21,23	0,0	16,19	0,4	298	149
5555	31,10	182,203	17,18	179,183	298	149
5556	41,53	0,1	44,66	0,0	298	149
5557	51,40	1,0	45,65	4,0	298	149
5558	52,65	140,153	58,93	129,140	298	149
5559	129,187	0,2	134,147	1,0	275	149
5562	104,146	122,107	148,146	109,125	298	149
5563	10,16	105,128	6,15	139,170	298	149
5564	10,11	5,1	8,8	4,5	298	149
5565	4,6	241,208	3,4	167,189	298	149
5569	6,6	3,0	1,4	0,0	298	149
5570	0,0	1,0	2,0	1,0	251	149
5573	2,0	2,1	1,0	0,1	298	149
5574	18,9	2,1	13,13	3,6	298	149
5575	2,4	44,19	0,0	37,51	238	149
5576	10,7	39,27	3,4	23,39	298	149
5580	111,118	1,0	136,198	1,2	298	149
5581	5,12	316,282	9,17	363,347	298	149
5582	3,5	0,0	4,7	0,2	298	149
5584	1,2	188,172	4,10	196,216	298	149
5591	6,9	0,1	6,3	0,0	298	149
5593	5,9	0,2	6,3	2,0	298	149
5594	5,4	2,0	4,2	1,2	298	149
5596	2,1	0,1	4,2	0,0	298	149
5597	6,12	0,0	7,4	0,3	298	149
5598	6,7	0,0	5,3	1,0	298	149
5599	4,5	0,0	5,3	4,0	298	149
5603	33,12	327,243	20,28	316,318	245	149
5605	2,0	109,105	4,0	156,131	298	149
5607	2,0	1,4	4,0	2,0	298	149
5614	5,5	334,344	13,6	467,489	298	149
5616	5,7	0,2	4,12	0,0	298	149
5617	30,38	0,1	54,57	0,1	298	149
5618	2,7	231,220	3,8	313,322	298	149
5620	9,9	262,275	13,18	333,343	298	149
5621	97,125	3,0	106,127	0,4	298	149
5623	2,1	0,0	0,3	0,1	254	149
5629	4,4	0,5	5,0	0,1	298	149
5630	4,10	4,1	6,2	0,1	298	149
5631	7,4	45,39	4,6	51,45	298	149
5632	35,29	0,0	40,36	2,2	298	149
5633	7,7	75,43	8,4	71,64	298	149
5634	6,10	1,2	12,3	0,8	298	149
5635	1,0	79,99	2,1	100,90	298	149
5636	0,1	297,238	0,0	208,227	280	149
5638	3,6	71,84	8,9	105,75	298	149
5646	19,19	153,88	31,16	112,102	272	149
5647	13,14	174,110	11,7	113,115	298	149
5649	7,12	289,254	15,9	324,362	261	149
5650	31,16	2,0	28,15	2,1	298	149
5651	11,2	1610,1676	10,11	1914,2297	298	149
5652	96,128	1732,1708	145,172	2064,2301	298	149
5654	80,68	1,0	90,83	0,0	298	149
5656	4,4	124,102	6,5	100,154	298	149
5662	1,1	0,0	8,7	4,1	298	149
5669	0,0	94,81	0,1	93,111	298	149
5672	8,3	13,2	5,10	13,9	298	149
5675	30,45	271,265	37,41	247,288	221	149
5679	0,1	0,1	0,0	2,0	298	149
5680	2,5	41,59	0,2	53,69	298	149
5681	71,50	3,1	22,35	3,1	298	149
5682	3,3	2,0	2,0	0,0	252	149
5683	4,7	4,1	9,6	4,2	270	149
5684	8,20	1197,991	12,14	1391,1517	298	149
5685	11,19	291,240	6,10	312,327	298	149
5686	46,30	338,243	27,36	340,308	298	149
5693	80,94	155,150	81,79	102,177	227	149
5694	68,78	270,225	77,70	140,235	224	149
5695	98,104	647,616	109,93	858,766	245	149
5696	252,213	3,5	330,326	9,8	298	149
5697	112,115	567,602	138,138	780,761	298	149
5698	61,68	851,758	89,96	984,973	234	149
5699	2,5	112,66	0,4	44,44	221	149
5703	0,1	2,2	0,1	4,4	298	149
5711	0,0	57,52	2,3	65,93	233	149
5712	17,27	4,0	24,25	1,3	253	149
5714	3,11	53,40	2,11	55,67	298	149
5719	31,24	0,0	20,24	0,2	298	149
5724	20,13	0,1	18,14	0,0	298	149
5725	12,7	0,1	11,20	0,1	298	149
5728	45,54	440,365	54,62	525,539	297	149
5729	31,26	0,0	30,39	1,0	298	149
5730	22,19	3,2	16,36	0,3	298	149
5734	11,13	70,63	12,16	77,81	298	149
5737	7,13	115,67	15,16	126,87	298	149
5738	7,15	8,10	18,20	1,2	298	149
5740	16,6	39,52	14,22	65,58	298	149
5741	2,1	34,33	2,0	33,40	286	149
5742	2,5	0,1	4,0	1,3	276	149
5746	9,0	1,1	2,3	0,1	298	149
5750	56,49	89,101	50,65	111,108	298	149
5752	21,17	132,128	14,22	166,145	228	149
5753	12,5	0,2	6,4	0,0	298	149
5754	35,14	2,0	32,30	0,0	298	149
5755	3,1	57,53	2,1	76,107	298	149
5756	129,117	2,3	114,118	4,3	247	149
5757	92,80	16,7	60,80	13,15	298	149
5758	10,16	70,80	11,19	106,84	298	149
5760	18,21	0,0	19,22	0,2	298	149
5761	26,16	96,136	26,21	112,113	298	149
5762	42,24	1,0	36,35	1,1	298	149
5763	1,2	4,0	3,2	0,1	298	149
5764	1,1	52,36	3,2	13,41	298	149
5765	3,0	29,16	1,0	6,16	241	149
5766	64,59	0,0	68,73	1,0	298	149
5767	62,58	45,25	66,73	18,46	292	149
5770	4,6	0,2	9,3	1,2	298	149
5771	456,362	45,15	514,522	12,19	298	149
5775	5,12	6,7	5,8	3,1	298	149
5776	117,89	1,2	70,111	3,0	275	149
5777	129,113	2,0	131,155	0,0	298	149
5778	155,149	0,2	204,219	0,1	264	149
5779	9,13	14,15	10,14	5,9	298	149
5780	9,15	2,3	10,13	0,1	298	149
5781	9,12	26,13	10,12	16,32	298	149
5783	4,2	4,4	7,7	4,3	298	149
5787	14,7	63,49	8,17	56,58	298	149
5788	12,5	16,18	6,11	51,27	298	149
5789	29,32	262,188	28,27	277,255	298	149
5790	79,110	61,85	98,98	80,75	250	149
5791	1199,1233	9,4	1406,1431	11,7	236	149
5792	983,1084	29,18	1264,1359	33,43	298	149
5795	127,142	0,3	148,176	7,7	298	149
5796	99,99	10,4	109,127	12,4	293	149
5797	45,43	484,484	42,43	587,632	278	149
5798	230,220	6,9	276,267	4,6	286	149
5800	135,141	6,0	109,151	7,6	298	149
5802	245,225	410,378	239,281	507,558	298	149
5803	172,183	9,12	179,209	18,15	230	149
5804	315,262	7,10	307,354	7,20	298	149
5805	305,221	344,365	252,312	445,477	298	149
5806	242,213	4,14	240,261	12,22	292	149
5807	86,116	485,530	102,123	565,618	298	149
5808	213,175	1,0	177,246	0,4	298	149
5809	174,176	0,2	182,212	0,0	298	149
5810	246,274	1,0	302,278	0,0	298	149
5811	285,273	0,0	297,312	2,2	298	149
5812	233,311	364,381	294,277	395,407	298	149
5813	232,305	2,2	293,273	8,2	298	149
5816	204,222	57,69	220,239	59,70	298	149
5817	169,194	400,409	218,210	415,407	298	149
5818	177,220	0,5	217,218	2,3	298	149
5819	186,213	0,0	218,216	0,2	298	149
5822	174,165	397,455	167,150	407,423	298	149
5823	203,182	0,0	218,222	0,2	298	149
5824	189,208	2,0	229,235	0,0	298	149
5825	173,154	36,39	186,164	23,37	298	149
5826	171,199	0,0	227,212	1,0	298	149
5828	144,152	408,396	166,178	416,398	298	149
5829	141,160	0,2	172,179	0,0	298	149
5830	141,166	214,183	168,194	207,205	298	149
5831	168,182	0,3	163,176	0,3	298	149
5832	139,180	0,1	143,190	0,3	298	149
5833	177,194	2,4	196,222	3,1	298	149
5834	155,182	0,0	169,198	0,1	298	149
5837	196,214	0,2	201,272	0,2	298	149
5838	107,119	32,23	110,159	33,42	298	149
5843	91,80	2,1	93,122	0,0	298	149
5846	6,6	28,21	5,4	25,44	219	149
5847	2,6	53,55	2,7	51,82	298	149
5848	3,1	35,34	6,7	72,48	247	149
5849	9,9	64,62	9,3	69,78	298	149
5850	2,9	0,0	5,1	0,3	298	149
5851	1,8	20,10	4,1	10,20	298	149
5852	676,568	286,258	717,652	250,281	251	149
5853	397,310	7994,6934	417,366	9504,9665	239	149
5854	507,398	5533,4948	424,408	6634,6418	298	149
5856	11,15	45,34	4,12	25,33	252	149
5857	31,41	9,9	33,48	8,5	298	149
5858	4,2	51,69	3,6	63,85	297	149
5860	44,38	1,0	27,25	0,0	298	149
5862	0,0	6,5	0,1	3,7	298	149
5866	13,14	392,284	4,15	403,375	238	149
5868	522,478	711,753	522,548	859,966	298	149
5877	9,2	44,51	8,4	52,63	298	149
5878	13,11	136,103	4,13	125,123	298	149
5879	74,99	1,0	112,107	0,10	298	149
5880	22,42	90,81	55,34	84,112	298	149
5881	162,116	2,4	149,162	1,0	298	149
5882	29,24	2,0	36,34	2,5	298	149
5883	10,14	5,7	9,11	3,8	298	149
5884	14,15	108,95	10,22	124,125	298	149
5885	6,0	107,104	10,2	98,68	228	149
5886	9,16	278,241	33,31	290,331	298	149
5887	4,8	0,0	19,19	0,2	237	149
5889	146,129	17,14	176,144	25,24	298	149
5890	136,156	2,2	198,140	1,1	298	149
5891	20,19	98,56	18,26	71,78	298	149
5893	13,10	3,9	6,21	5,5	298	149
5896	2,9	30,21	3,3	23,27	274	149
5897	2,11	22,24	3,4	9,23	285	149
5898	5,4	124,114	2,1	110,114	298	149
5900	0,2	186,188	2,1	204,201	298	149
5901	2,8	0,2	2,7	4,0	298	149
5902	2,9	0,2	2,7	0,0	298	149
5904	2,5	149,123	3,3	131,152	298	149
5905	0,5	0,3	1,0	2,3	298	149
5906	0,5	1,5	1,0	1,0	298	149
5908	15,11	0,0	10,12	2,0	298	149
5911	15,24	146,122	17,21	182,161	298	149
5912	0,2	59,59	8,5	84,80	298	149
5913	354,344	62,31	271,286	41,33	298	149
5915	0,0	21,45	5,12	35,42	298	149
5921	8,6	371,414	6,8	443,431	234	149
5922	21,19	326,361	17,23	351,417	298	149
5923	12,9	390,405	12,7	431,440	298	149
5924	48,67	10,12	60,71	5,9	298	149
5925	2,8	1,0	0,1	0,2	232	149
5929	3,2	2,0	12,11	2,1	298	149
5931	6,8	473,440	6,6	415,442	298	149
5932	11,16	3,3	18,26	4,5	298	149
5934	12,3	299,248	6,11	365,392	298	149
5935	2,3	0,0	0,2	0,2	246	149
5941	2,1	3,4	2,0	0,1	287	149
5945	22,18	14,8	31,18	19,10	298	149
5946	165,178	222,177	165,237	235,235	298	149
5947	38,40	4,8	52,49	8,9	253	149
5948	45,41	150,101	55,54	196,140	269	149
5949	0,0	36,30	2,0	32,28	298	149
5950	1,0	2,4	1,0	0,0	298	149
5953	9,2	725,774	17,13	805,828	298	149
5955	49,33	104,104	34,38	105,152	298	149
5957	2,0	10,10	0,4	2,6	230	149
5958	7,2	3,0	3,13	0,0	222	149
5959	9,3	1,3	7,17	4,4	240	149
5960	75,93	0,1	112,106	0,0	298	149
5961	50,38	92,49	37,38	85,80	298	149
5962	6,6	47,57	5,9	34,38	298	149
5963	10,8	124,111	9,15	123,87	298	149
5964	50,57	109,63	63,61	92,107	298	149
5965	40,26	88,94	25,39	92,88	298	149
5966	26,37	64,40	28,34	67,70	298	149
5972	27,23	187,206	27,43	259,287	234	149
5973	9,9	291,297	12,7	357,443	298	149
5974	3,2	101,92	0,2	36,60	298	149
5983	8,13	1,1	9,20	1,4	298	149
5984	8,13	0,0	9,20	1,0	298	149
5985	73,70	58,28	73,86	36,42	298	149
5986	97,86	0,5	101,105	0,0	298	149
5987	0,2	1,2	2,2	5,1	245	149
5990	74,65	685,617	72,85	592,857	286	149
5993	3,5	99,60	0,2	89,77	298	149
5994	2,1	103,78	1,2	103,98	298	149
5995	193,173	0,0	187,188	1,0	238	149
5996	12,17	99,145	10,6	135,144	298	149
5998	0,0	0,1	0,1	4,5	298	149
6000	41,35	16,9	66,41	18,18	298	149
6002	14,17	0,0	28,23	0,1	284	149
6003	27,33	3,2	23,23	2,3	298	149
6004	23,28	12,9	13,16	31,33	298	149
6005	2,0	8,6	2,0	13,11	298	149
6007	5,1	1,0	20,13	0,0	298	149
6012	88,74	3,0	71,63	0,0	298	149
6013	88,74	0,2	72,63	0,0	298	149
6016	33,31	209,166	39,49	182,210	239	149
6017	48,42	635,479	51,59	586,616	229	149
6018	43,32	573,556	39,48	747,747	242	149
6019	66,56	738,611	52,75	751,828	298	149
6020	14,20	697,658	21,22	736,783	248	149
6021	31,40	663,637	35,42	698,747	226	149
6022	49,59	623,593	55,57	684,691	222	149
6023	13,24	608,562	16,29	625,734	298	149
6024	29,39	0,0	48,44	9,2	298	149
6025	34,51	709,645	67,48	813,907	298	149
6026	39,58	29,15	72,53	21,33	298	149
6027	18,48	716,712	52,32	874,892	257	149
6028	35,42	3,1	48,46	0,2	298	149
6029	42,53	5,2	72,70	0,0	298	149
6030	32,44	939,954	53,51	1015,1133	298	149
6032	32,48	273,223	43,52	260,268	298	149
6033	383,373	3,0	401,428	1,4	298	149
6034	173,110	14,4	85,116	10,8	234	149
6035	59,49	1815,1511	86,73	1818,1854	298	149
6041	0,0	8,6	2,0	7,2	298	149
6042	191,202	1238,1148	212,239	1249,1208	298	149
6043	25,22	0,0	21,24	1,0	298	149
6049	1,4	6,1	3,3	0,3	298	149
6050	1,4	2,1	3,3	3,0	298	149
6052	4,2	42,23	2,4	43,49	298	149
6053	4,1	10,2	0,0	4,3	298	149
6054	185,230	1750,1801	252,247	2178,2321	230	149
6055	126,141	253,210	129,153	279,276	298	149
6061	1,0	0,0	4,4	1,0	298	149
6062	2,1	1,4	0,3	0,1	298	149
6064	1,2	2,0	0,1	0,2	298	149
6070	19,10	0,0	23,17	0,1	298	149
6074	57,71	0,5	63,91	2,0	280	149
6075	31,55	463,480	39,68	448,500	276	149
6077	488,433	10,24	504,552	28,29	298	149
6078	1,9	27,42	8,7	38,57	298	149
6081	1,0	5,11	0,1	11,16	298	149
6083	2,0	30,40	0,1	44,35	298	149
6084	3,2	6,12	0,0	12,15	298	149
6085	43,29	748,569	45,56	689,718	284	149
6087	1,0	0,0	1,3	1,0	298	149
6088	10,11	419,354	6,11	353,432	298	149
6089	3,4	124,154	2,4	174,217	298	149
6090	5,11	178,194	13,11	237,265	298	149
6091	15,32	7,6	27,32	6,3	298	149
6092	146,148	8,4	161,124	9,11	298	149
6093	98,104	1431,1392	84,74	1566,1584	298	149
6094	22,18	632,500	23,29	738,743	298	149
6095	12,7	337,311	15,12	286,315	298	149
6096	9,6	54,37	14,10	32,33	298	149
6097	215,152	300,218	202,194	269,345	298	149
6100	8,2	28,20	6,4	13,20	298	149
6102	3,6	2,0	5,0	0,0	298	149
6103	44,17	0,1	34,42	0,0	298	149
6105	45,40	0,4	63,52	0,1	298	149
6106	46,40	3,4	64,52	5,5	298	149
6107	29,22	5,10	40,39	15,17	298	149
6108	27,22	13,3	38,39	13,5	298	149
6109	6,5	36,33	4,3	38,49	298	149
6112	27,42	616,479	26,40	648,679	298	149
6113	24,17	705,640	25,13	727,888	229	149
6114	8,5	126,118	3,9	152,172	298	149
6116	0,8	0,0	4,2	1,4	298	149
6118	109,105	368,408	108,153	505,536	298	149
6119	14,8	1,0	29,32	1,1	298	149
6120	13,8	0,0	26,23	0,2	298	149
6122	18,25	0,0	13,27	0,1	298	149
6123	22,30	0,0	17,33	2,1	298	149
6125	1,7	2,0	3,2	1,5	298	149
6126	12,15	212,200	8,8	239,299	298	149
6127	65,56	1920,1911	62,87	2258,2644	265	149
6129	0,2	0,0	2,1	1,2	298	149
6132	1,0	7,6	0,0	4,9	298	149
6134	9,0	94,63	2,1	67,102	298	149
6139	33,36	5,0	14,27	0,0	298	149
6145	1,0	2,0	0,2	1,0	298	149
6155	31,24	35,35	25,23	54,65	298	149
6156	29,16	0,1	21,24	0,5	298	149
6157	37,22	10,8	19,19	5,9	298	149
6158	30,21	72,91	20,20	89,99	298	149
6159	2,4	9,6	4,0	0,1	298	149
6170	231,231	920,958	287,298	1142,1205	298	149
6171	25,43	1061,801	27,34	1048,1217	298	149
6172	22,42	1,0	50,34	0,5	298	149
6173	32,30	82,72	62,48	78,77	283	149
6174	23,17	744,515	54,42	781,860	280	149
6176	336,368	287,329	340,435	341,445	298	149
6177	347,362	25,29	348,378	10,27	298	149
6178	3232,2767	0,3	3655,4283	1,0	298	149
6179	3429,2985	0,0	3739,4431	1,0	298	149
6180	309,299	117,107	366,397	129,189	298	149
6181	351,349	185,155	428,447	202,266	298	149
6182	548,567	17,4	512,595	9,29	298	149
6183	514,484	2315,1643	718,687	2303,3283	298	149
6184	104,67	1733,1121	113,152	1588,2802	298	149
6185	132,98	1947,1541	194,222	2078,2863	298	149
6187	296,253	4,1	407,474	0,3	298	149
6188	0,4	5574,5227	14,33	6730,7694	297	149
6189	138,150	5290,5396	200,254	6264,7504	298	149
6190	67,51	1,1	37,60	0,0	298	149
6191	0,0	12,17	0,2	7,19	298	149
6193	1,2	128,110	2,0	118,113	298	149
6194	7,6	49,49	3,3	47,43	294	149
6195	27,33	3,4	44,44	1,7	288	149
6196	0,1	71,83	0,0	56,87	298	149
6197	1,1	92,67	3,2	95,105	298	149
6198	43,68	5,4	44,64	7,11	298	149
6199	0,3	96,87	7,7	81,92	298	149
6200	6,5	135,131	12,8	143,131	298	149
6201	162,169	46,37	161,170	55,60	262	149
6202	0,0	16,16	0,1	16,23	298	149
6205	5,6	2,1	0,6	2,1	298	149
6206	7,11	276,179	12,5	244,212	298	149
6207	257,286	9,3	370,344	1,5	298	149
6208	4,0	4,1	4,2	4,4	225	149
6209	12,11	3,6	1,9	1,5	298	149
6213	21,8	41,32	8,9	35,52	298	149
6215	6,2	82,58	7,12	93,95	298	149
6216	5,4	87,64	4,4	88,75	298	149
6218	2,0	12,0	1,2	6,4	298	149
6220	194,221	0,0	221,199	0,2	298	149
6223	0,1	80,94	2,1	109,131	298	149
6226	0,0	2,0	2,2	0,0	298	149
6233	29,30	307,370	34,40	405,335	298	149
6234	30,32	181,232	43,66	202,269	298	149
6241	15,10	30,39	43,42	43,61	298	149
6242	21,16	39,46	19,25	57,45	298	149
6245	15,9	37,28	16,14	52,32	230	149
6246	13,11	2,2	22,17	3,3	298	149
6249	6,4	39,28	18,5	45,27	298	149
6251	6,5	39,40	18,1	40,49	298	149
6254	0,0	4,0	4,13	0,0	298	149
6255	0,7	1,1	2,4	0,1	298	149
6256	0,0	1,0	1,1	0,0	298	149
6257	0,0	69,55	1,1	44,46	298	149
6258	90,94	10,13	118,141	15,17	298	149
6259	6,0	10,7	11,12	11,13	209	149
6260	20,6	779,632	25,19	832,775	230	149
6261	55,42	663,530	33,31	418,519	235	149
6263	20,17	70,93	20,27	95,84	298	149
6268	4,1	0,1	8,3	0,0	229	149
6272	24,15	8,2	11,33	4,1	298	149
6274	10,16	1,0	9,32	0,0	298	149
6277	19,22	0,5	22,39	4,8	298	149
6280	10,16	1,0	9,32	0,1	298	149
6281	19,22	0,4	22,39	0,0	298	149
6284	1,1	9,14	2,0	21,13	298	149
6285	23,8	8,1	4,17	2,4	269	149
6286	106,69	2,1	44,73	0,0	298	149
6287	12,15	414,460	21,22	564,487	298	149
6289	2,4	0,1	5,1	0,1	298	149
6293	0,2	0,2	1,0	0,0	298	149
6295	19,18	2,0	16,18	4,0	259	149
6300	0,1	0,0	0,0	3,3	298	149
6301	24,23	235,202	11,17	209,180	227	149
6302	26,9	1,2	10,12	1,0	296	149
6303	29,12	149,114	14,19	172,198	298	149
6304	22,8	1,0	9,14	0,3	298	149
6305	14,5	156,118	8,13	181,188	298	149
6306	18,7	2,0	15,14	5,3	298	149
6307	12,9	122,144	20,18	180,160	298	149
6308	146,126	4,3	176,171	0,4	298	149
6309	176,149	2,0	164,165	2,3	298	149
6310	55,44	4,4	47,46	4,4	298	149
6311	36,20	154,187	22,29	175,202	298	149
6313	19,9	149,190	20,16	211,213	298	149
6314	8,9	2,0	22,22	0,0	298	149
6317	33,24	27,36	41,42	34,47	298	149
6319	11,13	6,7	17,9	8,5	289	149
6320	0,1	0,0	0,2	4,2	298	149
6321	0,2	7,3	2,3	11,9	298	149
6322	63,38	59,75	35,53	63,68	298	149
6324	11,16	103,69	10,13	74,102	298	149
6325	10,11	121,98	17,12	143,127	226	149
6333	6,28	6,8	14,28	3,4	298	149
6335	32,29	41,41	17,15	37,61	298	149
6336	33,45	1,2	29,29	1,0	298	149
6337	33,35	0,0	24,25	0,1	298	149
6338	46,34	0,4	30,25	2,2	298	149
6339	5,2	26,46	3,7	34,55	298	149
6340	25,21	44,31	19,20	31,44	298	149
6341	62,43	12,27	63,64	20,20	203	149
6342	53,47	155,139	58,65	152,173	298	149
6343	5,2	260,208	7,3	252,255	298	149
6344	26,32	240,257	31,43	329,339	298	149
6345	145,152	0,0	193,225	0,1	227	149
6346	7,5	16,15	3,4	8,14	298	149
6347	4,0	70,102	2,3	83,106	298	149
6348	14,11	62,40	7,18	57,72	298	149
6349	18,13	90,88	31,30	112,119	298	149
6350	87,88	9,10	74,75	13,9	298	149
6351	12,9	1,2	13,12	5,1	298	149
6352	12,8	59,34	13,11	74,74	298	149
6353	8,4	66,77	6,12	72,74	298	149
6354	12,18	41,37	7,9	40,49	298	149
6355	60,49	47,39	43,84	64,74	298	149
6356	59,47	0,1	43,72	0,0	298	149
6357	71,62	0,0	67,109	0,1	298	149
6358	61,51	2,0	48,93	0,0	298	149
6359	60,49	2,1	48,81	2,1	298	149
6361	1,0	0,0	1,2	0,1	298	149
6367	4,2	6,5	0,0	0,4	250	149
6368	4,0	3,0	0,0	7,3	255	149
6370	0,2	56,32	0,1	11,14	298	149
6371	3,4	98,58	1,3	23,39	298	149
6372	9,0	124,83	5,2	53,83	217	149
6373	8,3	87,66	4,2	42,73	298	149
6374	100,76	0,0	98,109	2,0	298	149
6376	20,20	835,729	22,23	891,911	298	149
6377	44,20	191,150	14,22	178,179	241	149
6378	4,0	155,104	2,2	76,99	243	149
6379	1,4	792,791	7,7	791,807	298	149
6380	323,280	0,1	383,404	0,0	298	149
6381	19,7	510,479	14,24	650,717	259	149
6382	3,4	511,537	1,0	617,718	298	149
6383	11,4	472,543	16,21	608,641	298	149
6384	5,4	3,2	10,12	9,6	298	149
6385	2,1	506,582	2,3	638,654	298	149
6386	21,27	609,492	17,23	697,680	298	149
6389	16,13	10,10	11,16	2,7	298	149
6390	29,15	10,3	21,16	2,0	290	149
6394	0,0	10,6	2,0	6,8	298	149
6396	2,1	16,8	5,5	12,17	298	149
6397	2,1	0,3	4,2	1,0	298	149
6399	1,0	0,4	1,3	0,0	298	149
6401	1,1	29,21	0,1	21,23	298	149
6407	2,0	1,0	11,2	0,2	298	149
6410	5,2	9,7	5,6	7,9	298	149
6414	16,12	10,10	18,15	4,15	289	149
6415	15,11	3,2	18,14	2,0	249	149
6418	33,21	0,0	31,25	1,0	298	149
6428	77,65	1,4	59,54	1,5	298	149
6433	59,46	0,0	35,47	2,2	298	149
6436	0,0	5,0	2,1	1,0	298	149
6441	0,1	6,3	0,0	1,2	235	149
6442	0,1	1,0	0,1	2,0	240	149
6444	0,1	2,2	0,2	0,5	296	149
6445	0,1	2,1	0,2	0,0	298	149
6448	6,0	0,7	0,1	8,2	298	149
6450	1,6	84,80	5,3	81,76	298	149
6452	20,22	3,0	19,16	0,0	298	149
6453	2,4	34,29	0,2	17,16	238	149
6454	5,8	37,34	2,6	27,45	236	149
6455	5,2	76,80	3,4	57,66	298	149
6456	1,7	94,85	4,4	65,85	253	149
6457	2,1	8,22	1,2	8,7	298	149
6458	5,8	10,6	8,16	3,7	298	149
6459	48,32	87,93	40,27	120,105	298	149
6460	258,220	6,1	258,255	8,7	248	149
6461	8,2	0,6	12,13	0,1	298	149
6462	6,2	81,46	7,4	107,85	298	149
6463	44,27	1,3	47,36	3,3	298	149
6464	1,1	0,0	7,4	1,1	298	149
6465	3,2	1,0	8,6	0,0	298	149
6466	1,1	27,23	7,4	13,20	298	149
6467	1,1	2,0	7,4	0,0	298	149
6469	1,1	1,0	7,4	0,1	298	149
6470	3,3	105,92	2,7	105,114	265	149
6471	6,11	84,106	21,18	93,125	298	149
6472	2,0	5,3	8,2	1,3	298	149
6473	14,13	0,0	22,9	0,2	224	149
6476	30,24	5,3	29,18	11,12	298	149
6477	110,130	93,72	110,118	76,72	298	149
6478	119,133	12,21	109,120	18,22	298	149
6479	145,147	14,4	168,185	3,9	298	149
6480	2,2	1,0	1,0	1,0	298	149
6482	10,11	1,2	9,9	0,2	298	149
6485	6,19	14,9	11,14	17,32	298	149
6489	4,8	58,17	0,1	5,27	244	149
6495	147,137	1,1	120,131	1,0	298	149
6497	9,14	253,305	15,11	289,353	298	149
6498	46,50	0,0	70,58	0,1	298	149
6499	47,51	1359,1185	70,59	1261,1610	298	149
6500	4,1	53,43	2,2	60,62	298	149
6501	6,1	35,16	13,11	35,26	298	149
6502	115,91	0,0	131,123	2,0	233	149
6505	205,188	16,20	282,318	25,22	241	149
6506	210,191	6,2	285,324	5,1	246	149
6512	3,5	56,77	3,4	64,71	298	149
6513	4,3	1,7	1,2	6,4	298	149
6514	5,1	16,12	0,3	17,13	298	149
6518	261,259	31,32	343,421	47,48	236	149
6520	275,276	32,15	358,440	15,29	240	149
6521	50,34	4,7	75,67	11,17	240	149
6523	0,0	4,2	0,2	5,2	298	149
6525	126,86	0,0	127,130	4,1	298	149
6526	116,78	0,0	121,117	0,2	298	149
6527	10,8	137,103	12,9	165,189	298	149
6529	13,4	1,0	12,5	0,0	298	149
6535	10,6	15,14	1,8	19,16	298	149
6551	319,302	0,2	214,319	0,0	281	149
6552	0,1	451,318	0,0	273,321	298	149
6557	1,0	23,36	2,12	37,42	298	149
6558	3,0	0,0	1,9	2,2	298	149
6559	5,5	37,32	4,8	39,30	298	149
6560	14,19	44,28	17,7	42,31	298	149
6568	297,277	888,892	293,327	1219,1215	298	149
6581	79,67	512,362	56,70	354,501	298	149
6582	2,19	0,3	11,5	0,5	243	149
6584	9,6	120,84	5,8	131,147	298	149
6585	7,3	3,11	4,1	15,8	298	149
6590	10,10	17,22	11,22	21,15	298	149
6591	5,3	181,184	1,7	210,190	227	149
6592	40,27	15,14	30,14	6,2	298	149
6594	3,4	81,41	3,4	47,77	241	149
6595	1,1	50,48	5,2	73,47	298	149
6598	84,63	1,2	97,108	0,2	298	149
6600	2,2	0,0	7,2	2,0	298	149
6601	72,66	104,91	82,73	137,124	235	149
6602	111,85	17,19	94,114	21,23	298	149
6603	7,3	300,333	12,9	462,436	298	149
6604	58,77	9,5	80,72	6,12	298	149
6605	2,1	437,509	4,4	557,582	298	149
6606	20,21	479,418	32,35	561,633	298	149
6607	20,17	4,2	31,34	3,1	298	149
6608	4,0	309,340	5,7	341,419	298	149
6611	2,0	0,0	1,1	0,2	298	149
6613	20,21	488,396	5,12	263,405	285	149
6614	6,5	2,1	4,6	3,5	298	149
6618	4,0	10,0	6,0	1,1	298	149
6619	7,3	2,0	4,1	0,0	267	149
6621	2,0	1,3	2,0	0,4	298	149
6623	20,19	2,0	17,14	0,2	246	149
6624	17,14	4,0	17,17	0,5	298	149
6625	0,0	14,4	4,0	10,19	298	149
6626	1,0	5,6	2,1	12,9	298	149
6627	1,1	8,5	1,2	8,11	298	149
6628	3,10	70,83	3,6	86,67	298	149
6629	4,0	0,1	5,3	0,1	298	149
6635	53,42	10,20	84,71	16,30	298	149
6636	29,30	0,0	64,62	1,2	298	149
6637	14,4	89,100	8,10	117,100	298	149
6639	10,4	20,17	6,6	35,34	298	149
6640	4,11	19,28	6,5	46,32	298	149
6642	44,46	1,0	87,58	1,2	242	149
6649	82,77	3,0	76,78	0,1	225	149
6660	13,8	198,147	19,17	192,215	238	149
6661	0,0	135,112	1,1	72,91	245	149
6662	10,12	46,53	5,8	40,32	298	149
6663	3,0	1,3	0,1	0,2	298	149
6664	72,102	376,276	80,101	433,506	298	149
6665	78,104	4046,2938	90,109	4755,5813	298	149
6666	244,195	6,2	198,274	5,0	215	149
6668	245,197	27,27	198,274	28,31	219	149
6669	248,200	4,0	202,281	0,0	224	149
6671	62,64	5,1	21,40	5,5	221	149
6672	64,86	43,44	29,45	32,49	271	149
6674	145,130	8,4	86,118	5,7	298	149
6675	147,118	2,0	77,111	0,3	298	149
6676	140,132	12,6	77,120	5,6	298	149
6677	137,114	1,2	68,112	1,0	298	149
6678	153,126	4,3	112,155	3,7	229	149
6679	51,59	3,2	37,62	3,2	298	149
6680	54,77	4,4	46,70	2,6	298	149
6681	42,46	4,18	39,70	4,7	298	149
6682	39,46	100,74	39,68	38,61	298	149
6685	34,28	1176,928	42,43	1194,1214	298	149
6686	107,77	69,70	98,106	64,78	298	149
6687	35,38	331,276	41,42	242,304	298	149
6699	92,69	119,124	82,89	157,177	298	149
6700	2,2	0,2	8,0	4,4	218	149
6703	0,2	7,7	0,0	11,5	298	149
6708	2,0	0,0	0,3	0,2	298	149
6712	13,12	662,607	10,12	824,828	237	149
6727	43,28	2,2	40,31	1,2	298	149
6734	1,2	18,11	1,0	26,32	298	149
6735	122,99	0,4	114,89	0,0	237	149
6736	51,74	24,26	85,88	41,35	298	149
6737	6,14	656,660	7,10	754,867	298	149
6738	0,0	5,2	0,4	3,7	298	149
6742	0,7	0,2	0,2	1,0	265	149
6743	2,5	4,5	2,0	4,2	234	149
6744	702,585	0,0	874,873	2,1	298	149
6745	3118,2803	17,8	3196,3889	22,31	251	149
6746	96,138	2077,2251	162,148	2552,2847	298	149
6747	28,32	1568,1590	45,43	1921,2230	298	149
6748	289,279	0,0	402,490	2,1	298	149
6749	24,32	1422,1400	27,48	1716,1964	298	149
6750	1,2	607,674	5,5	737,706	298	149
6751	6,13	1,0	6,8	0,3	298	149
6752	17,5	655,704	10,22	918,842	298	149
6754	2,0	62,56	1,1	57,71	298	149
6755	33,18	136,132	21,32	123,166	298	149
6756	78,76	1161,923	74,77	1160,1192	298	149
6757	29,24	0,0	18,29	2,0	298	149
6762	86,55	5903,5063	66,80	6977,7806	298	149
6763	20,6	590,600	38,32	651,612	298	149
6764	14,10	0,4	8,13	0,2	298	149
6770	29,25	85,50	30,38	58,82	298	149
6781	12,5	0,0	13,16	0,1	298	149
6782	11,7	1,0	13,15	1,1	298	149
6783	29,4	175,165	15,23	127,119	286	149
6784	31,28	557,399	51,59	395,431	298	149
6785	104,98	13,3	92,122	10,9	298	149
6786	351,246	57,37	306,377	43,51	298	149
6787	7,8	386,372	15,17	465,508	298	149
6790	31,14	6,2	4,6	0,0	237	149
6791	5,2	159,161	10,7	208,187	298	149
6792	18,22	1,0	22,22	2,0	298	149
6793	8,12	2,0	12,13	0,0	298	149
6794	4,7	3,7	6,5	10,10	298	149
6798	55,28	2,0	53,46	1,6	278	149
6799	2,0	4,6	0,2	0,1	214	149
6800	20,21	1,0	9,19	0,2	298	149
6801	456,363	829,559	478,578	454,777	298	149
6802	592,446	4,2	464,664	0,3	298	149
6803	1157,1172	84,79	1262,1390	68,81	298	149
6804	1123,1125	15,16	1226,1350	30,34	298	149
6806	22,23	1,7	29,47	0,2	298	149
6807	47,45	430,319	59,54	223,284	298	149
6808	86,60	292,226	72,61	137,225	243	149
6809	51,58	0,2	46,52	0,0	298	149
6810	75,50	318,249	53,68	201,215	298	149
6811	70,72	83,55	54,54	81,63	298	149
6812	204,186	0,1	155,189	0,0	298	149
6813	228,178	148,134	162,205	124,148	298	149
6814	223,200	29,6	163,191	39,23	298	149
6815	34,33	559,456	24,66	488,545	292	149
6816	33,43	281,309	43,60	395,438	298	149
6819	124,67	0,0	46,78	0,1	272	149
6825	2,8	10,3	3,8	4,9	260	149
6826	21,15	16,14	14,36	16,11	298	149
6827	0,0	56,71	2,0	61,62	298	149
6833	0,0	2,0	2,0	0,0	298	149
6839	6,12	11,4	10,13	0,5	298	149
6841	8,10	12,8	8,16	1,9	264	149
6842	7,7	1,0	7,12	0,0	246	149
6844	13,19	2,0	22,25	0,0	292	149
6854	0,3	0,0	1,0	1,0	261	149
6855	200,217	6,13	163,187	15,10	298	149
6857	2,0	6,5	5,0	4,9	224	149
6858	61,90	339,274	90,73	336,337	270	149
6859	49,43	118,94	59,58	113,133	298	149
6860	36,23	374,275	35,42	358,310	292	149
6862	18,9	79,70	11,6	82,91	298	149
6863	0,0	75,61	1,2	52,62	276	149
6864	80,57	1444,1207	61,61	1392,1359	298	149
6865	3081,2585	14,15	3226,3053	22,11	251	149
6872	6,5	0,0	5,9	1,0	245	149
6874	1,3	109,123	7,1	124,178	298	149
6875	1,7	29,22	4,7	20,30	298	149
6876	14,14	83,65	8,17	71,126	298	149
6877	8,1	1001,719	9,5	739,919	244	149
6879	0,5	45,38	5,3	69,70	298	149
6882	20,11	113,106	19,29	136,104	298	149
6883	3,1	42,34	1,1	39,34	225	149
6884	29,6	61,48	24,23	40,55	298	149
6886	19,30	233,220	9,15	286,297	298	149
6887	17,30	0,0	12,26	0,1	298	149
6889	22,27	0,4	13,28	1,0	298	149
6891	8,7	9,4	10,6	8,4	298	149
6892	15,20	103,82	21,18	102,74	233	149
6893	37,29	182,148	26,21	145,123	253	149
6894	93,120	146,158	105,105	92,119	252	149
6895	30,20	11,0	29,20	1,14	298	149
6896	21,10	10,8	13,11	1,4	233	149
6898	7,6	16,8	1,3	5,28	227	149
6900	3,0	12,13	3,0	15,18	226	149
6902	385,356	9,4	445,466	8,9	276	149
6903	9,2	253,238	10,14	263,238	298	149
6904	12,2	207,202	12,5	261,234	298	149
6905	10,2	4,6	10,2	3,3	298	149
6906	92,90	222,162	81,86	221,203	298	149
6907	89,109	16,11	63,105	17,12	298	149
6908	68,68	8,8	67,82	1,6	199	149
6909	98,89	0,0	81,80	1,0	298	149
6910	79,103	195,130	78,96	147,142	298	149
6911	69,91	294,268	64,76	259,268	298	149
6912	4,12	348,309	14,18	294,260	224	149
6913	11,1	0,1	15,12	0,1	298	149
6915	23,9	306,228	11,23	281,367	232	149
6917	95,101	1173,1034	111,104	1215,1284	298	149
6919	2,4	1,4	0,0	2,0	228	149
6920	0,0	0,3	0,1	3,2	298	149
6933	3882,3239	6332,6115	4731,4990	6940,7396	298	149
6935	13,9	116,155	13,11	189,179	298	149
6936	26,22	147,148	33,27	198,194	298	149
6938	131,106	2,7	155,150	22,8	298	149
6939	30,31	167,152	16,17	167,195	298	149
6940	30,34	0,0	14,15	0,2	298	149
6943	34,30	6,8	10,20	19,9	298	149
6944	16,14	278,174	9,9	242,242	244	149
6945	25,20	0,4	21,35	4,0	298	149
6946	40,31	7,6	28,46	5,2	288	149
6947	39,31	114,86	29,42	73,111	298	149
6948	6,6	114,99	0,5	55,81	298	149
6949	31,25	1,1	16,31	2,4	298	149
6953	24,17	0,1	26,8	2,0	298	149
6954	31,20	187,155	33,23	240,177	298	149
6955	19,17	8,5	14,20	0,4	298	149
6956	5,9	2,1	16,14	1,0	298	149
6957	34,31	0,2	13,25	2,2	298	149
6958	34,31	10,4	13,25	2,4	298	149
6963	0,0	4,0	0,1	5,10	233	149
6965	27,16	16,15	17,7	16,27	298	149
6968	4,3	32,51	1,5	12,47	258	149
6969	3,7	2,2	1,9	4,2	298	149
6970	232,193	0,0	192,276	4,2	298	149
6971	30,26	2,0	35,19	5,0	298	149
6972	8,5	207,176	6,4	211,204	298	149
6973	2,2	164,154	4,3	183,194	298	149
6974	821,719	0,2	835,850	1,0	260	149
6975	17,9	359,369	18,22	365,445	233	149
6977	241,165	2,0	257,296	0,0	298	149
6978	234,165	148,140	259,285	237,217	298	149
6979	346,290	16,12	377,404	18,16	298	149
6980	332,273	109,109	346,367	91,74	298	149
6981	2,5	51,37	10,1	42,80	228	149
6982	13,10	1,3	8,8	0,2	298	149
6984	11,1	32,13	2,3	33,24	298	149
6987	0,4	13,13	1,6	17,15	225	149
6988	10,18	0,0	25,14	0,1	270	149
6990	74,49	450,470	58,69	460,568	298	149
6994	1,5	131,112	3,1	147,142	298	149
6995	5,2	82,62	3,2	113,113	298	149
6997	4,5	5,3	5,6	11,13	298	149
6999	1,3	3,4	0,2	1,4	256	149
7001	2,0	0,2	4,0	0,0	298	149
7003	0,3	1,0	0,0	3,0	298	149
7004	4,3	1,0	3,7	0,0	298	149
7006	0,0	5,5	0,2	2,4	298	149
7007	0,0	1,0	0,2	0,3	298	149
7008	0,0	3,3	0,2	8,0	298	149
7009	75,59	183,187	52,77	173,226	298	149
7010	64,61	10,8	57,74	15,8	298	149
7011	41,29	137,182	34,48	190,195	238	149
7012	3,5	272,259	12,6	334,321	298	149
7013	8,19	210,220	25,20	227,223	298	149
7015	16,22	331,268	19,22	324,336	298	149
7016	211,233	2,4	290,315	1,0	298	149
7017	22,14	241,244	17,29	314,334	298	149
7018	37,26	268,211	48,29	301,290	254	149
7019	30,37	5,0	25,40	16,4	298	149
7020	29,39	0,4	33,42	2,6	298	149
7021	40,40	372,329	45,65	416,380	298	149
7022	29,40	403,357	34,37	440,447	298	149
7023	55,50	1,3	47,67	4,1	298	149
7024	70,66	285,305	70,88	326,322	298	149
7025	248,229	0,0	238,258	0,2	298	149
7026	263,245	3,1	261,279	3,2	298	149
7027	0,2	0,0	2,6	0,1	298	149
7028	0,4	67,54	3,2	64,78	298	149
7034	3,2	314,250	3,6	279,273	298	149
7035	7,7	3,2	7,11	0,3	298	149
7036	0,2	9,4	0,0	2,2	233	149
7039	2,2	0,0	1,1	1,0	298	149
7040	0,0	9,8	0,2	4,5	253	149
7042	6,5	1,3	12,2	0,0	298	149
7043	7,3	3,4	11,2	5,2	298	149
7044	40,53	247,315	47,33	292,296	298	149
7045	8,10	1148,992	8,10	1271,1380	298	149
7046	4,1	0,0	4,4	0,2	298	149
7047	6,7	1232,1084	7,7	1414,1442	298	149
7048	9,4	1198,1276	15,18	1441,1531	298	149
7050	1,2	1,0	0,2	1,0	298	149
7051	2,2	1008,979	1,2	1094,1188	298	149
7052	30,24	3,0	22,38	3,1	259	149
7053	63,36	2,0	35,60	1,0	298	149
7055	61,37	22,16	45,46	29,25	298	149
7056	172,140	8,3	133,171	7,6	298	149
7057	14,15	6,0	4,9	0,2	298	149
7058	9,13	147,119	12,9	95,136	298	149
7062	0,0	37,51	1,0	50,47	298	149
7063	6,8	65,86	6,6	73,75	298	149
7065	9,8	1,0	7,8	0,1	298	149
7066	13,7	54,48	10,5	35,52	298	149
7067	2,2	34,10	2,0	3,8	298	149
7074	183,167	177,142	207,168	164,152	249	149
7075	97,102	32,25	104,64	33,41	246	149
7076	56,68	117,134	66,33	131,150	220	149
7077	29,30	219,135	31,38	221,226	226	149
7083	3,3	0,0	7,2	1,0	298	149
7089	1,0	2,0	1,2	0,0	298	149
7091	10,13	4,3	16,23	4,8	298	149
7092	12,11	5,7	8,1	4,8	272	149
7095	1,0	65,59	2,5	57,91	229	149
7097	1,2	109,104	2,0	109,108	240	149
7098	49,22	0,2	46,46	1,0	298	149
7099	13,21	3,4	15,18	3,0	298	149
7100	16,28	3,7	17,25	10,2	298	149
7102	3,1	0,4	5,2	0,2	233	149
7103	20,21	612,632	28,47	583,625	229	149
7104	66,43	279,215	42,58	277,234	298	149
7105	39,49	6,4	81,63	3,4	298	149
7106	61,71	615,597	100,100	681,633	223	149
7107	88,94	1034,1025	102,160	1159,1296	242	149
7108	1519,1310	775,740	1542,1477	897,848	298	149
7109	246,205	2,5	242,303	6,3	258	149
7110	122,97	1251,1192	122,142	1421,1604	241	149
7111	26,24	690,635	12,27	443,806	235	149
7112	29,32	43,33	17,33	35,45	239	149
7113	15,7	0,1	15,8	0,0	298	149
7116	11,5	1,2	8,12	6,5	298	149
7117	39,34	9,4	50,45	14,7	298	149
7118	12,4	0,0	19,14	2,0	298	149
7119	5,12	23,32	3,8	24,17	298	149
7120	6,12	10,1	3,9	8,7	298	149
7124	29,33	77,105	29,28	102,104	298	149
7125	58,103	47,46	98,117	42,64	243	149
7127	18,45	68,37	43,24	78,99	298	149
7129	63,78	278,271	49,76	277,306	298	149
7130	56,48	6,5	60,80	1,5	298	149
7131	17,18	184,159	25,33	174,200	298	149
7132	2,2	24,23	2,8	17,14	247	149
7134	122,82	111,100	105,125	111,74	298	149
7135	125,86	0,0	81,101	6,0	298	149
7137	93,117	0,0	99,132	0,2	298	149
7138	61,86	30,14	55,75	19,32	298	149
7139	84,103	2,2	83,109	0,0	298	149
7140	82,107	7,8	76,105	7,15	298	149
7144	1,12	120,116	4,6	131,154	298	149
7145	321,388	20,22	338,298	29,28	231	149
7146	0,3	3,2	3,0	2,2	270	149
7147	15,15	1022,914	21,13	1213,1253	298	149
7148	68,65	4,1	83,66	2,3	298	149
7149	2,2	6,7	1,0	4,7	298	149
7150	12,7	273,222	11,18	317,284	298	149
7151	11,8	89,97	8,9	106,112	298	149
7152	5,4	0,0	2,6	1,2	298	149
7153	7,9	160,145	0,7	189,172	298	149
7154	106,95	5722,5319	100,108	6769,7581	298	149
7155	0,3	2,1	0,0	3,3	253	149
7156	0,2	0,4	0,0	4,0	247	149
7165	123,115	1088,1081	115,147	1200,1338	298	149
7166	57,57	1261,1348	58,54	1289,1251	298	149
7167	11,26	1338,1317	17,19	1292,1331	298	149
7168	489,434	262,244	512,475	263,241	298	149
7169	1079,952	1,0	1197,1185	0,7	298	149
7170	2358,2273	16,16	2359,2233	10,19	266	149
7171	2096,2092	256,246	2084,2294	290,274	296	149
7172	1607,1605	106,155	1708,1827	139,141	285	149
7178	15,12	64,35	11,13	79,66	298	149
7179	12,10	21,13	7,13	4,0	234	149
7180	53,38	94,81	27,33	41,55	234	149
7181	14,25	490,449	14,15	486,489	298	149
7184	32,40	425,349	34,58	465,469	298	149
7185	3,2	399,290	3,5	309,404	298	149
7186	3,0	4,3	0,0	2,1	265	149
7187	35,40	356,255	32,52	331,342	298	149
7188	207,146	13,4	192,226	8,3	298	149
7189	55,49	380,332	48,57	357,377	295	149
7190	7,6	303,310	13,7	390,460	235	149
7191	14,14	117,79	3,10	51,113	270	149
7192	1,4	0,0	1,4	0,1	298	149
7193	4,9	18,20	4,6	8,17	298	149
7195	7,4	63,55	6,11	55,73	298	149
7196	17,16	51,33	15,17	46,38	298	149
7197	13,13	9,12	19,16	4,24	298	149
7198	7,0	26,38	2,1	23,40	233	149
7199	99,89	76,83	138,157	77,93	274	149
7201	0,0	101,91	1,0	129,126	298	149
7202	4,5	160,123	4,4	208,247	216	149
7203	0,0	33,45	1,3	50,43	298	149
7204	2,0	0,0	0,0	1,0	298	149
7206	4,0	34,29	1,0	39,30	298	149
7207	90,71	0,0	64,82	1,1	289	149
7208	1,5	217,222	3,1	291,307	231	149
7209	9,3	279,299	3,7	284,369	298	149
7210	7,4	274,265	1,4	264,287	298	149
7211	69,48	328,319	59,95	333,368	280	149
7212	47,39	13,9	35,52	20,15	298	149
7213	660,520	1,0	771,736	1,0	298	149
7214	22,27	16,13	20,22	6,6	298	149
7215	0,0	245,262	3,0	295,347	298	149
7217	5,7	5,3	2,5	12,4	298	149
7218	114,132	0,0	140,158	1,0	298	149
7219	103,96	1,0	110,97	0,0	298	149
7220	38,31	2,7	38,47	5,8	234	149
7222	2,10	1,2	11,23	0,0	298	149
7223	0,0	4,0	1,0	4,3	298	149
7224	24,24	3,10	12,20	4,5	265	149
7225	20,10	275,258	19,25	292,328	258	149
7226	8,8	403,353	6,7	416,432	298	149
7228	1,7	2,2	2,1	2,0	298	149
7230	0,1	0,0	0,0	0,2	298	149
7231	11,7	7,0	5,6	1,3	298	149
7232	16,19	0,1	6,13	0,0	298	149
7233	12,10	3,2	5,8	0,2	298	149
7236	16,19	0,0	6,13	1,0	298	149
7241	7,3	0,1	2,0	0,0	298	149
7242	5,7	31,15	2,5	22,17	298	149
7243	5,11	1,4	2,7	0,10	298	149
7245	4,3	4,5	6,1	6,6	298	149
7247	8,5	26,28	10,4	20,42	298	149
7248	10,2	0,1	8,6	0,0	298	149
7250	8,3	25,30	6,25	52,44	234	149
7259	269,185	1166,1032	187,201	1187,1222	260	149
7260	17,9	10,19	24,29	20,18	298	149
7261	14,4	14,10	18,10	6,10	298	149
7265	15,17	82,76	6,18	45,69	298	149
7266	5,6	113,129	10,5	113,112	298	149
7268	8,3	30,6	1,2	2,0	229	149
7269	179,211	742,756	217,209	837,723	298	149
7270	227,185	760,738	201,230	871,966	284	149
7271	0,1	105,94	0,3	132,125	298	149
7273	9,9	169,117	10,13	145,215	298	149
7274	10,8	3,5	9,13	3,7	298	149
7275	1,3	143,119	2,2	153,189	298	149
7276	8,4	0,2	3,5	0,0	298	149
7277	25,14	0,2	20,24	0,2	298	149
7281	609,627	20,13	599,607	21,24	237	149
7282	27,10	0,0	31,14	0,3	253	149
7283	27,10	376,353	32,14	399,397	257	149
7285	0,0	3,0	2,0	1,1	298	149
7286	42,37	314,362	49,48	402,379	223	149
7289	52,44	366,415	36,60	430,387	243	149
7290	75,67	0,0	63,102	0,1	263	149
7291	31,24	306,248	41,33	317,314	268	149
7292	53,33	270,185	53,54	250,293	298	149
7293	23,20	528,463	22,18	462,468	256	149
7294	155,119	0,0	132,132	2,0	289	149
7296	54,31	263,223	54,70	294,335	298	149
7297	50,22	0,0	47,53	6,0	298	149
7306	3,2	35,27	0,2	55,49	298	149
7309	6,14	1260,1245	13,17	1374,1451	298	149
7310	24,12	0,0	18,26	1,0	298	149
7311	33,27	725,554	25,27	731,815	232	149
7312	32,31	0,5	30,27	0,0	298	149
7313	20,11	283,137	13,26	222,340	237	149
7314	155,92	24,6	169,230	13,10	298	149
7315	70,71	1262,1201	76,71	1332,1538	242	149
7317	21,10	320,303	14,13	389,377	298	149
7323	5,2	1,3	1,3	1,0	230	149
7329	2,1	9,7	2,2	10,14	298	149
7333	153,121	7,4	119,156	10,6	261	149
7335	106,87	42,18	94,107	40,42	298	149
7336	100,88	0,0	84,93	3,9	298	149
7343	6,9	291,306	13,7	344,390	298	149
7344	1,0	0,0	3,0	0,2	298	149
7350	108,128	6,9	137,124	5,7	298	149
7351	62,63	16,9	94,69	7,12	298	149
7352	372,344	1,2	340,396	2,3	298	149
7353	17,10	151,132	22,27	132,120	298	149
7354	46,42	123,101	35,43	131,118	298	149
7355	14,8	123,116	11,8	150,156	298	149
7356	7,6	20,5	0,0	4,1	298	149
7357	1,4	28,18	0,1	2,9	223	149
7358	21,9	43,20	0,8	17,32	242	149
7359	2,0	10,6	0,0	2,1	238	149
7361	138,108	177,172	99,80	169,207	298	149
7362	0,0	1,0	0,2	0,0	298	149
7364	38,27	1,0	6,7	0,0	298	149
7365	39,29	32,28	6,8	3,14	298	149
7366	50,24	630,511	42,38	625,626	298	149
7370	26,31	1516,1343	39,50	1582,1720	298	149
7371	40,54	1173,1227	56,49	1461,1514	298	149
7372	15,16	768,949	8,16	1098,1171	298	149
7373	2,1	81,67	1,6	110,126	298	149
7374	1634,1807	22,9	1854,2095	25,36	298	149
7376	3,6	0,0	5,5	0,1	298	149
7377	11,4	2,3	2,4	4,0	298	149
7378	28,20	392,322	41,37	413,410	224	149
7379	0,0	29,6	1,1	24,23	298	149
7381	3,5	104,92	4,2	104,116	298	149
7382	1,6	0,0	6,3	1,0	298	149
7384	37,28	60,63	20,23	90,104	262	149
7385	20,21	0,0	15,22	0,1	298	149
7386	13,19	9,4	17,15	6,10	298	149
7387	11,3	25,29	9,8	30,18	246	149
7392	43,41	3,1	29,41	0,4	287	149
7393	44,40	66,50	29,43	71,55	298	149
7395	567,587	28,17	730,610	26,32	298	149
7396	598,600	24,12	633,626	28,34	298	149
7397	644,697	14,10	688,646	6,7	298	149
7398	538,526	11,16	513,570	3,5	298	149
7401	1,2	0,0	1,1	1,0	298	149
7403	24,22	4,1	26,11	5,1	298	149
7404	28,20	143,115	21,23	172,166	298	149
7405	22,37	0,0	24,42	1,0	298	149
7407	78,67	3,8	96,96	2,7	292	149
7408	40,30	514,434	30,24	587,589	298	149
7410	34,28	572,533	23,28	571,635	298	149
7411	97,116	14,7	140,149	6,13	298	149
7412	8,2	192,134	7,6	75,153	298	149
7414	25,11	98,100	19,22	127,121	298	149
7415	2,2	0,1	1,0	0,0	298	149
7416	51,51	79,76	57,66	100,93	298	149
7418	135,195	34,29	176,200	38,24	298	149
7419	104,167	3,1	151,162	2,2	298	149
7421	19,25	26,34	35,26	22,44	298	149
7423	50,77	0,0	65,51	2,0	298	149
7425	67,92	3,0	71,86	0,1	298	149
7426	75,99	1,1	68,85	2,2	298	149
7428	35,18	6,13	32,38	11,4	242	149
7430	64,64	237,186	78,67	212,241	230	149
7431	5,1	240,251	3,18	339,342	264	149
7432	605,546	2,3	596,657	9,11	298	149
7435	42,36	0,1	38,53	5,10	298	149
7438	7,9	826,829	10,7	862,1006	290	149
7440	11,8	266,242	10,13	271,266	298	149
7441	3,5	362,327	3,9	396,409	298	149
7442	14,13	1,1	9,15	0,0	220	149
7444	6,2	0,0	5,6	0,2	298	149
7446	7,11	606,561	11,21	721,685	298	149
7447	32,25	469,448	27,17	487,458	298	149
7450	1,1	159,147	8,7	195,175	298	149
7452	39,26	19,16	11,34	11,9	298	149
7453	12,9	226,203	5,9	256,266	298	149
7454	8,2	6,1	8,9	8,8	298	149
7455	12,13	78,100	22,11	86,107	298	149
7456	50,67	140,143	74,89	148,155	298	149
7457	83,107	10,9	89,112	16,15	298	149
7458	2,8	51,60	9,7	62,98	264	149
7462	7,11	858,836	18,27	951,966	298	149
7463	17,24	828,855	19,27	1041,1008	298	149
7464	23,17	5,5	5,13	7,8	298	149
7465	189,184	0,0	274,263	1,1	268	149
7466	19,11	796,798	5,5	1027,1037	231	149
7467	13,5	780,765	9,13	872,951	298	149
7469	24,21	30,7	39,24	8,14	298	149
7470	25,22	705,644	33,17	841,889	298	149
7471	55,45	713,661	41,53	749,844	244	149
7472	351,289	4,1	283,342	1,9	298	149
7477	74,90	0,0	114,102	3,1	298	149
7478	51,45	1046,1077	42,55	1174,1220	298	149
7479	66,50	1,4	55,87	1,0	298	149
7480	90,70	948,997	82,90	1055,1094	298	149
7484	6,13	28,30	6,7	22,31	298	149
7485	6,13	18,17	8,6	29,25	298	149
7491	11,3	108,126	10,4	131,128	298	149
7492	4,6	0,0	3,7	0,1	298	149
7493	23,23	109,102	24,27	140,134	298	149
7494	78,52	11,3	59,101	3,12	298	149
7495	77,50	1112,873	60,94	832,965	298	149
7496	81,54	19,17	66,94	6,10	298	149
7497	19,20	775,630	3,27	223,461	219	149
7498	85,56	8,1	23,68	0,1	225	149
7499	18,12	57,58	23,18	44,66	298	149
7500	10,3	2,1	19,8	3,6	264	149
7501	66,60	23,10	54,55	31,18	298	149
7502	16,8	10,2	12,8	5,10	298	149
7503	8,2	13,12	2,4	7,17	259	149
7517	3,1	588,529	6,14	542,642	298	149
7518	193,208	4,5	198,244	4,3	298	149
7519	8,9	376,319	9,5	391,434	298	149
7520	60,64	1,2	59,52	1,3	298	149
7521	60,62	232,253	58,53	288,332	298	149
7522	4,10	355,308	8,8	321,350	298	149
7523	1,9	1,5	1,4	2,2	298	149
7524	23,24	348,372	14,21	371,375	298	149
7525	11,16	58,33	8,2	45,58	298	149
7526	9,17	35,46	2,5	54,47	298	149
7527	1,8	66,35	8,12	57,65	298	149
7528	471,417	2344,2143	518,553	2763,2923	298	149
7529	676,620	0,1	720,841	3,1	298	149
7530	509,403	0,0	398,491	2,1	298	149
7531	97,70	1400,1273	56,107	1115,1204	298	149
7532	94,59	35,28	40,84	23,35	298	149
7534	47,32	0,1	32,42	0,0	298	149
7535	31,29	0,0	39,45	0,1	298	149
7536	43,33	1,4	34,64	4,8	298	149
7537	0,1	0,0	0,0	0,1	298	149
7544	4,0	0,0	3,4	2,0	298	149
7545	0,1	8,5	0,4	5,7	298	149
7546	3,7	76,47	6,7	86,77	298	149
7547	52,57	20,14	46,62	22,33	298	149
7548	10,8	100,111	15,26	117,121	298	149
7552	4,4	9,6	4,2	18,5	258	149
7553	12,14	188,176	24,22	186,251	298	149
7554	103,67	4,0	73,107	4,10	298	149
7555	3,1	237,183	1,0	174,217	298	149
7556	11,12	0,0	10,7	2,2	298	149
7557	18,21	36,54	42,45	63,55	298	149
7558	12,10	2,0	8,12	0,0	260	149
7559	6,6	199,179	5,2	133,114	298	149
7560	6,6	7,6	5,2	8,6	298	149
7561	32,33	407,395	32,54	405,379	298	149
7562	37,22	496,456	29,41	587,597	298	149
7563	25,26	558,442	43,41	585,643	284	149
7565	30,45	2,0	39,24	4,0	234	149
7566	37,51	0,2	46,30	2,0	263	149
7567	60,51	1,0	54,63	0,2	298	149
7568	55,55	322,341	35,48	396,380	298	149
7569	105,158	578,453	70,152	301,485	250	149
7574	4,3	14,1	2,2	0,1	242	149
7575	1,0	2,1	1,0	1,0	298	149
7576	0,2	4,7	0,2	1,0	298	149
7580	11,4	12,1	4,15	3,12	245	149
7581	24,19	24,18	19,35	9,8	298	149
7582	3,3	3,1	1,6	2,9	298	149
7587	17,1	0,2	7,21	2,0	298	149
7589	84,60	0,0	90,98	1,0	298	149
7590	16,21	4,0	21,24	0,0	298	149
7591	126,98	0,3	123,164	2,0	298	149
7597	34,30	1181,1001	63,40	1368,1395	298	149
7600	3,0	33,31	0,2	10,34	298	149
7601	7,8	43,46	6,9	35,45	236	149
7602	74,68	1093,1026	72,76	1141,1402	298	149
7603	78,65	30,43	71,70	29,55	298	149
7604	96,89	14,17	94,104	22,13	298	149
7605	136,128	5,5	140,166	9,5	298	149
7606	27,42	1761,1674	46,45	2113,2418	298	149
7608	32,36	1666,1636	34,57	2103,2539	298	149
7609	95,82	1931,1814	139,187	2160,2338	298	149
7610	71,63	105,134	130,180	132,144	298	149
7611	4,9	1912,1953	4,2	2391,2772	298	149
7612	81,102	1479,1526	93,137	1874,2074	238	149
7613	64,83	3,6	66,76	2,8	298	149
7615	5,1	56,49	1,5	60,74	235	149
7618	3,9	0,0	5,4	0,1	288	149
7619	4,1	0,0	1,7	1,0	264	149
7620	7,10	7,0	4,13	2,1	227	149
7623	263,222	36,16	267,278	43,30	271	149
7624	120,102	270,262	123,98	315,322	223	149
7625	135,99	460,399	113,103	528,479	298	149
7626	696,497	2,1	538,603	0,2	298	149
7627	214,152	251,208	133,171	93,166	298	149
7628	28,13	240,195	24,22	217,207	298	149
7630	20,18	19,20	13,11	11,14	298	149
7637	16,17	280,354	12,8	321,320	298	149
7638	4,2	4,2	0,4	0,2	298	149
7640	7,4	2,4	2,0	4,3	298	149
7641	15,16	3,3	24,19	6,6	298	149
7643	17,8	26,30	5,17	15,23	298	149
7644	23,28	5,2	18,24	0,0	298	149
7645	12,8	0,4	4,11	0,2	298	149
7658	11,12	16,19	3,7	5,10	298	149
7661	134,92	0,0	122,121	0,1	298	149
7662	2,4	0,0	8,7	1,0	298	149
7663	6,4	93,64	5,11	81,62	223	149
7664	5413,4737	149309,126268	6903,7984	182467,192992	298	149
7665	4210,3651	0,2	5328,6135	1,3	298	149
7666	6983,6055	7,5	7793,9083	5,8	298	149
7669	2,1	0,0	1,2	2,0	298	149
7670	16,35	379,406	38,30	436,491	298	149
7671	1,0	95,125	0,4	128,150	298	149
7672	1,0	5,11	0,3	16,27	298	149
7674	7,1	85,71	0,2	50,36	298	149
7675	5,4	187,137	8,14	200,186	298	149
7676	0,2	2,2	0,0	0,1	246	149
7677	4,0	5,1	1,2	2,1	298	149
7679	0,1	3,2	0,2	5,1	298	149
7684	2,5	0,0	2,8	0,2	298	149
7685	12,12	48,53	8,9	61,70	298	149
7687	0,0	1,0	1,0	0,1	298	149
7690	31,11	98,86	26,31	142,135	298	149
7691	24,25	144,89	34,28	65,99	250	149
7692	217,202	3,5	199,193	2,3	298	149
7693	15,11	162,171	21,24	213,179	240	149
7695	8,3	100,112	6,9	139,132	298	149
7696	33,34	1,0	37,37	0,1	298	149
7698	3,8	294,257	10,6	339,378	298	149
7699	209,213	7,4	192,226	9,6	298	149
7700	11,5	133,172	15,4	152,170	298	149
7703	5,10	1,0	13,12	0,0	298	149
7704	22,14	0,0	18,19	0,2	298	149
7705	37,11	1,5	13,12	0,2	298	149
7706	8,1	2,0	5,11	0,1	298	149
7707	14,2	8,12	10,13	2,3	298	149
7713	37,11	0,1	13,11	2,1	298	149
7714	8,1	0,0	5,10	1,0	298	149
7716	14,2	4,1	10,12	0,0	298	149
7717	78,85	0,1	85,95	3,3	298	149
7718	2,1	28,33	2,0	36,63	298	149
7723	33,39	2,2	35,41	3,2	298	149
7724	32,27	230,167	20,30	224,203	298	149
7725	211,122	1,0	168,195	3,0	298	149
7749	1,0	86,104	1,0	84,114	298	149
7750	2,0	51,43	2,1	70,94	298	149
7753	13,14	177,172	12,20	201,203	298	149
7758	28,14	258,216	14,27	326,314	298	149
7759	12,3	295,259	8,9	258,255	232	149
7760	17,2	260,242	12,11	359,299	298	149
7761	10,0	183,163	6,8	225,245	298	149
7762	2,3	50,45	1,4	54,62	298	149
7763	33,32	49,37	37,48	38,68	298	149
7764	2,11	179,193	2,6	196,214	298	149
7765	7,7	52,32	11,8	29,67	298	149
7766	367,354	10,4	384,380	4,4	298	149
7767	18,17	348,296	15,26	364,395	298	149
7769	652,579	10246,9144	755,736	11315,11865	298	149
7771	13,5	0,0	10,12	9,3	298	149
7773	2,2	41,46	9,4	75,68	298	149
7774	0,7	1,1	7,5	0,3	298	149
7775	2,2	45,32	4,0	31,37	298	149
7776	4,2	63,43	9,2	68,69	298	149
7777	5,14	20,29	12,19	9,11	298	149
7779	5,3	79,60	6,6	64,71	234	149
7781	56,54	259,212	91,81	240,250	298	149
7782	34,20	1,0	8,3	0,0	269	149
7783	12,6	117,61	1,7	28,66	291	149
7788	4,3	0,0	3,3	2,0	298	149
7789	7,10	31,15	4,2	29,39	298	149
7791	14,8	0,0	10,5	1,0	298	149
7792	24,17	27,19	22,23	30,36	228	149
7793	37,48	1,1	43,55	1,3	298	149
7794	40,29	168,130	37,41	181,211	228	149
7795	47,50	58,62	39,36	24,46	257	149
7796	177,120	11,7	86,115	7,8	257	149
7797	6,4	146,132	4,9	165,183	298	149
7798	1,1	0,2	1,6	1,3	298	149
7799	243,232	0,0	282,301	0,1	203	149
7800	1,7	0,2	6,7	0,0	298	149
7801	7,12	142,135	7,7	102,116	232	149
7802	0,1	112,43	0,0	78,91	298	149
7803	33,18	960,868	19,28	887,1027	298	149
7804	20,19	134,122	13,12	133,146	298	149
7807	2,0	4,1	0,0	0,2	298	149
7808	4,7	1,0	2,7	4,2	283	149
7810	334,283	3,1	369,383	0,3	298	149
7811	327,278	0,2	353,370	4,1	298	149
7812	95,111	3,6	121,115	5,0	229	149
7813	64,82	162,199	61,55	191,181	220	149
7815	16,12	150,169	23,18	202,199	238	149
7816	101,112	10,4	127,123	1,5	298	149
7817	37,40	96,114	40,34	167,100	298	149
7818	29,34	103,111	25,24	130,123	298	149
7822	9,10	10,7	2,6	2,6	298	149
7824	5,10	0,0	2,6	3,2	252	149
7825	5,9	6,6	15,8	6,5	298	149
7827	9,7	48,29	9,9	33,49	298	149
7830	4,8	29,36	5,5	42,38	298	149
7833	26,44	309,287	46,36	376,406	298	149
7838	3,2	0,1	4,2	0,0	298	149
7839	1,4	5,9	4,2	1,2	298	149
7841	96,96	535,335	100,107	488,512	228	149
7842	105,70	445,359	82,116	512,486	266	149
7845	51,64	2,0	57,68	1,0	298	149
7846	80,77	0,4	73,74	0,0	298	149
7847	70,60	689,750	75,80	974,1044	298	149
7850	5,12	144,138	9,6	99,155	298	149
7853	170,180	0,1	193,220	1,1	298	149
7854	77,55	7,13	73,74	11,7	290	149
7857	12,17	147,106	17,19	110,140	232	149
7859	19,12	55,34	0,11	18,44	220	149
7864	19,22	0,2	14,18	0,2	298	149
7865	33,23	2,2	5,12	1,2	298	149
7866	14,13	161,234	6,10	248,254	298	149
7867	20,17	209,211	12,22	284,232	238	149
7868	96,54	6,6	52,98	0,0	298	149
7869	0,0	7,4	1,0	7,11	298	149
7875	12,8	3,3	1,3	1,0	298	149
7877	616,626	10,8	819,890	21,13	298	149
7878	4,12	63,51	6,15	52,62	298	149
7879	3,13	1,1	0,16	0,2	298	149
7882	3,4	0,0	1,10	1,2	298	149
7883	1005,1004	0,0	1047,1113	2,0	253	149
7884	1667,1821	16,23	1801,1897	26,24	298	149
7885	1293,1281	1,1	1326,1441	2,7	298	149
7886	1550,1790	0,0	1701,1892	0,1	298	149
7887	1456,1542	2032,2196	1565,1586	2475,2630	298	149
7888	1082,1002	14,19	1090,1130	21,15	298	149
7889	1104,1068	2,4	1090,1136	6,15	298	149
7890	906,819	0,5	1038,1033	2,2	267	149
7891	397,365	1843,2062	488,482	2375,2614	298	149
7892	252,205	4,1	313,295	5,3	298	149
7893	267,223	2078,2344	324,342	2866,3341	298	149
7894	209,201	2965,2963	180,196	3864,4098	298	149
7895	28,50	2893,2967	36,41	3494,3561	263	149
7898	30,29	23,31	37,37	31,26	236	149
7899	120,163	0,2	167,154	0,0	298	149
7900	113,158	146,75	155,147	89,122	298	149
7901	148,176	0,0	182,162	1,0	298	149
7902	141,171	124,78	170,155	102,141	298	149
7903	65,75	76,59	89,113	86,79	298	149
7904	81,72	5,2	94,122	4,2	298	149
7905	425,376	55,49	383,471	74,82	298	149
7906	14,17	33,39	15,16	23,31	298	149
7907	4,3	8,3	7,1	0,0	298	149
7908	0,3	4,2	0,0	10,2	298	149
7911	211,207	2555,2011	186,219	2203,2504	298	149
7912	206,206	11,6	165,209	4,7	266	149
7913	238,245	1,0	255,301	0,0	298	149
7914	326,339	3650,3049	319,389	3472,3880	298	149
7915	296,331	12,18	336,405	15,18	298	149
7918	220,210	1013,985	166,213	1254,1237	298	149
7919	212,158	77,52	133,195	71,89	298	149
7920	116,95	15,16	80,129	6,9	277	149
7921	86,59	76,63	54,69	65,76	227	149
7922	4,3	102,90	2,1	91,98	243	149
7923	137,97	0,1	120,149	1,4	260	149
7925	8,6	184,136	9,5	162,201	232	149
7928	22,14	138,105	19,20	153,141	298	149
7929	13,8	399,322	12,12	280,270	298	149
7930	197,180	12837,11272	210,227	14774,15914	278	149
7931	94,77	1,0	72,54	0,0	251	149
7932	179,144	0,0	190,212	3,0	298	149
7933	4,0	3,4	1,3	0,6	227	149
7938	8,11	2,0	6,13	0,0	298	149
7939	8,9	2,2	5,11	0,0	298	149
7940	2,3	656,498	4,1	217,305	298	149
7941	27,15	9,0	5,5	0,0	298	149
7942	9,0	5586,5044	6,6	4818,4904	244	149
7943	8,8	0,2	18,12	0,0	298	149
7946	1,0	0,2	0,1	0,0	298	149
7947	5,2	0,0	4,7	3,0	298	149
7956	16,12	142,128	13,24	143,143	298	149
7959	10,6	18,12	6,1	23,18	268	149
7961	1,1	35,26	0,0	29,32	231	149
7962	0,1	25,18	0,3	28,29	227	149
7963	3,3	8,12	11,4	18,19	298	149
7965	1,0	2,4	0,0	7,3	298	149
7970	201,176	2,0	241,268	0,2	273	149
7971	1,6	2,0	3,3	0,0	298	149
7972	8,4	142,109	8,7	125,147	298	149
7973	9,4	79,48	5,7	63,48	298	149
7974	1,2	89,83	1,4	28,72	298	149
7975	8,6	5,0	6,8	0,1	298	149
7977	136,149	1881,1855	151,203	1913,2032	298	149
7978	62,72	7,11	99,130	9,8	298	149
7979	58,58	1675,1665	66,95	1614,1771	236	149
7980	137,146	3033,3059	78,102	2660,2854	298	149
7981	200,163	0,4	139,150	4,4	298	149
7982	879,834	2,12	815,841	2,9	298	149
7983	453,425	2704,2658	389,363	2266,2453	298	149
7984	277,258	118,146	233,230	82,104	298	149
7985	54,34	984,889	28,41	984,989	298	149
7986	7,2	905,842	12,10	1166,1156	298	149
7987	295,266	1,1	371,389	2,0	298	149
7992	6,5	25,21	2,7	18,20	298	149
7993	37,28	276,278	44,35	312,309	237	149
7994	25,25	0,0	36,32	0,1	298	149
7995	17,13	174,120	11,25	157,164	238	149
7997	43,47	1,2	72,61	1,11	298	149
7998	10,25	42,23	15,19	37,21	298	149
7999	1,0	3,0	2,2	0,0	255	149
8000	67,71	3,3	86,79	2,1	298	149
8002	6,0	0,0	1,6	0,2	298	149
8005	0,0	80,79	0,1	19,66	229	149
8009	5,2	27,31	0,3	37,26	298	149
8010	14,4	38,30	11,10	34,32	298	149
8012	1,2	110,109	4,0	139,144	298	149
8013	17,16	83,84	21,18	113,89	298	149
8014	7,14	2,2	14,14	5,0	298	149
8015	0,0	76,88	3,4	80,69	298	149
8016	47,43	75,66	43,50	83,75	298	149
8018	14,6	4,3	13,9	3,4	298	149
8019	164,108	1,3	48,89	1,2	292	149
8020	96,111	38,56	165,150	46,52	298	149
8022	0,2	29,28	2,2	38,55	256	149
8023	6,3	1,2	2,9	0,1	298	149
8024	5,1	1,0	1,6	0,0	298	149
8025	21,7	0,0	8,12	5,1	298	149
8026	281,239	0,0	307,293	2,3	298	149
8033	17,16	24,28	8,8	25,23	298	149
8034	12,7	8,9	10,12	13,17	298	149
8035	28,18	0,1	21,24	1,1	298	149
8036	27,17	1,0	20,24	2,0	298	149
8043	18,26	869,817	37,28	958,1096	298	149
8044	20,25	1,4	38,28	0,0	298	149
8046	34,27	1224,1159	31,17	1464,1527	298	149
8047	12,4	1,2	21,25	3,0	298	149
8048	18,10	1094,930	34,33	1348,1401	298	149
8049	118,108	1,0	131,107	0,2	275	149
8050	125,95	900,614	118,110	963,981	298	149
8051	163,116	2,2	145,129	0,0	298	149
8053	231,194	1222,901	177,208	1174,1179	298	149
8056	18,17	305,235	13,25	278,300	298	149
8057	23,16	402,321	15,10	452,413	298	149
8061	7,8	366,446	10,18	467,514	298	149
8062	10,28	390,386	17,15	452,572	298	149
8063	2,2	1,0	5,6	0,2	298	149
8064	8,28	4,1	16,11	3,3	298	149
8065	3,3	436,469	3,5	454,558	298	149
8066	79,29	2522,1986	41,44	1836,2189	232	149
8081	149,169	0,0	221,230	0,2	249	149
8082	12,2	55,72	9,2	93,94	298	149
8083	6,12	225,211	12,10	251,273	298	149
8084	42,46	0,2	62,42	2,2	298	149
8085	51,60	1293,1165	69,52	1497,1514	298	149
8086	30,27	1254,1112	37,25	1422,1480	298	149
8087	88,84	956,790	71,85	1106,1112	298	149
8088	202,181	0,0	184,220	10,9	298	149
8089	22,38	923,877	35,44	1035,1078	298	149
8090	16,35	2,0	21,38	1,1	298	149
8095	0,3	4,0	3,2	0,0	298	149
8098	3,4	10,9	6,2	21,14	298	149
8099	3,4	60,38	6,2	57,71	298	149
8103	17,18	193,167	27,19	201,205	298	149
8106	5,1	0,0	3,1	1,0	298	149
8107	13,4	107,130	7,5	121,132	298	149
8108	3,1	17,8	1,4	6,9	220	149
8109	5,1	5,7	4,2	6,10	298	149
8111	27,16	8,5	9,29	6,4	298	149
8112	71,27	1,0	37,34	0,0	298	149
8113	21,15	0,0	16,14	3,2	298	149
8115	7,4	1,5	5,8	1,4	298	149
8116	28,8	156,87	8,11	119,134	298	149
8117	21,11	3,3	13,15	0,3	298	149
8118	1,0	11,7	0,0	3,4	235	149
8121	6,7	3,1	8,8	3,3	298	149
8122	22,17	91,116	26,33	138,124	298	149
8123	11,7	158,114	6,13	171,158	298	149
8124	45,66	0,0	75,75	4,3	298	149
8130	140,83	0,0	90,132	1,1	249	149
8132	6,12	78,70	15,21	101,119	298	149
8134	12,6	77,85	16,11	114,126	258	149
8135	58,62	0,0	51,67	2,2	298	149
8136	68,95	0,4	63,98	4,5	298	149
8137	7,4	0,0	6,11	1,0	298	149
8139	8,7	88,127	13,13	105,144	298	149
8140	443,370	6,1	438,436	8,10	278	149
8141	506,415	4,3	472,477	3,9	298	149
8142	33,29	10,0	25,36	3,2	253	149
8143	34,30	3,1	26,41	1,4	269	149
8144	46,48	46,37	30,55	57,41	285	149
8145	30,28	52,49	36,46	84,55	233	149
8146	0,4	0,1	4,6	0,0	298	149
8148	15,17	67,51	20,10	75,73	298	149
8149	10,4	51,50	9,7	45,60	298	149
8150	28,20	31,44	23,31	50,34	298	149
8151	0,0	1,0	2,0	0,0	219	149
8152	0,1	2,0	2,0	2,0	272	149
8155	2,5	2,0	6,9	7,0	298	149
8157	3,9	2,0	6,19	0,0	298	149
8158	30,22	23,25	30,39	18,26	298	149
8160	65,53	23,15	17,54	20,19	224	149
8161	3,1	36,37	2,0	35,29	293	149
8162	61,45	3,3	48,73	2,3	285	149
8163	27,18	151,137	28,40	156,145	298	149
8164	34,11	0,2	18,36	2,5	298	149
8166	1,0	13,3	0,0	1,0	298	149
8167	1,6	33,76	1,4	44,31	259	149
8168	13,8	0,0	19,11	2,0	298	149
8169	8,5	46,63	8,9	49,81	298	149
8178	0,0	8,7	1,2	7,7	298	149
8179	2,0	7,3	2,1	8,6	298	149
8180	5,0	7,5	2,6	4,14	226	149
8181	128,133	1,0	120,182	0,12	254	149
8188	90,104	1445,960	111,84	1128,1274	298	149
8189	704,528	1,0	533,658	4,0	298	149
8190	55,19	1116,779	30,28	1057,1171	298	149
8191	58,49	820,622	44,72	908,992	298	149
8192	114,62	2,2	87,117	2,4	298	149
8193	83,52	9,2	59,76	6,8	298	149
8194	29,24	92,50	27,27	102,103	298	149
8198	0,2	0,4	9,8	1,0	241	149
8199	79,69	3,0	81,81	0,3	298	149
8200	43,31	129,115	35,43	150,115	298	149
8201	20,25	6,16	28,19	7,14	243	149
8202	4,10	36,32	11,9	38,35	241	149
8207	9,10	3,0	3,6	0,3	278	149
8208	17,16	70,52	5,6	17,61	298	149
8209	18,17	0,0	5,9	1,0	298	149
8215	29,37	0,0	31,37	1,2	298	149
8216	32,37	269,258	39,40	329,318	298	149
8218	380,329	4,0	431,466	0,2	298	149
8220	1,3	0,0	10,6	2,0	298	149
8221	8,7	2,0	11,7	3,4	298	149
8222	2,4	12,19	3,2	4,7	298	149
8223	17,21	0,2	26,20	0,3	292	149
8224	3,4	1,0	0,1	1,0	298	149
8226	8,17	177,187	19,23	301,307	298	149
8227	0,1	21,9	2,4	10,30	298	149
8228	0,0	48,52	0,1	52,48	298	149
8229	166,164	4,8	179,198	3,2	240	149
8230	1,8	87,95	4,5	73,83	298	149
8231	4,0	68,61	0,0	70,63	223	149
8232	0,1	65,73	2,2	48,67	298	149
8233	3,7	0,0	5,0	1,2	298	149
8234	0,4	1,2	5,0	6,0	298	149
8235	58,46	68,75	32,45	62,58	298	149
8236	107,113	3,1	137,139	2,3	298	149
8237	28,15	34,22	5,18	6,24	298	149
8238	5,15	1,0	4,1	0,1	298	149
8245	5,7	6,6	5,10	4,13	298	149
8249	5,4	88,106	5,4	137,162	298	149
8250	3,3	123,112	2,3	132,156	298	149
8251	0,1	76,57	0,0	81,68	298	149
8252	0,1	16,24	0,0	33,35	298	149
8254	9,1	15,9	2,8	4,6	251	149
8256	12,7	11,3	5,13	2,6	298	149
8257	11,7	1,0	5,16	2,0	298	149
8258	12,8	4,0	5,18	0,1	298	149
8259	2,0	13,31	5,7	21,34	298	149
8260	11,2	28,13	2,5	11,22	298	149
8261	1,0	14,12	0,0	4,14	298	149
8262	2665,2536	67,46	2393,2928	58,64	266	149
8263	11,15	532,591	20,5	700,715	298	149
8264	21,25	3,2	32,12	2,7	298	149
8266	4,4	7,4	5,7	3,2	298	149
8268	6,3	10,17	2,3	11,12	298	149
8269	77,64	58,48	74,70	51,53	298	149
8271	132,111	6,5	96,72	3,2	298	149
8272	100,78	0,1	78,110	2,1	298	149
8273	128,103	27,7	91,138	11,14	259	149
8274	2,2	92,69	4,15	49,94	298	149
8275	6,3	74,60	1,4	59,66	298	149
8276	43,45	10,20	33,21	20,24	294	149
8277	33,40	47,32	25,20	47,50	298	149
8278	23,29	1,1	18,19	1,9	266	149
8279	34,50	2,6	46,38	4,5	298	149
8280	25,41	0,0	21,34	1,0	298	149
8281	27,41	25,21	18,37	11,24	298	149
8282	34,42	0,0	28,44	0,7	298	149
8285	2,0	19,7	4,2	11,20	246	149
8286	9,0	3,15	8,12	4,11	298	149
8287	0,0	1,0	1,0	0,4	298	149
8288	5,1	12,8	4,5	5,13	298	149
8294	75,81	1576,1470	74,91	1728,1732	222	149
8295	134,132	63,62	83,104	56,68	298	149
8296	1665,1590	1,2	1795,1930	0,0	298	149
8297	190,178	1567,1626	167,177	1741,1726	298	149
8298	30,12	1,0	30,31	1,1	298	149
8299	31,12	1,0	29,30	2,3	298	149
8300	29,16	0,0	36,48	1,0	298	149
8301	72,57	2,0	75,71	0,0	298	149
8304	42,28	62,64	26,38	71,62	298	149
8305	21,7	0,0	18,16	1,0	298	149
8306	12,15	5,13	11,12	16,13	298	149
8307	12,15	0,2	11,13	2,1	298	149
8309	3,6	5,4	5,2	4,0	298	149
8311	14,11	1547,1525	15,14	1845,1909	298	149
8312	27,35	0,1	26,16	1,0	298	149
8313	49,37	1007,900	44,37	1182,1327	298	149
8314	35,43	378,344	54,44	430,459	298	149
8315	18,33	1026,897	47,39	1196,1327	298	149
8316	975,857	3,0	1108,1204	0,1	298	149
8317	24,31	1271,1177	21,29	1591,1709	249	149
8318	47,31	1372,1336	40,29	1754,1739	298	149
8319	979,854	0,0	1113,1199	0,1	298	149
8320	29,30	4,3	26,26	7,2	298	149
8321	28,25	12,9	31,25	15,14	298	149
8322	24,28	1585,1492	30,29	2017,1990	245	149
8323	32,39	1874,1566	40,69	2287,2299	298	149
8324	103,113	1870,1553	95,108	1891,1888	298	149
8327	1341,1361	2,0	1522,1642	4,1	298	149
8328	19,8	1280,1067	37,23	1557,1592	298	149
8329	185,139	0,0	205,160	2,0	298	149
8332	41,51	13,26	48,70	25,16	298	149
8334	0,5	73,67	2,4	109,97	237	149
8335	2,3	8,8	3,1	8,15	298	149
8336	12,5	61,63	6,8	89,89	298	149
8338	19,17	208,209	7,14	141,241	298	149
8339	7,2	268,287	7,10	406,405	259	149
8340	28,28	2,2	19,17	1,3	298	149
8356	30,35	144,123	27,29	171,134	225	149
8357	19,21	3,0	33,27	0,2	298	149
8358	45,33	30,46	46,45	38,46	298	149
8360	5,14	0,1	7,8	0,0	298	149
8361	13,17	65,59	12,14	55,52	232	149
8362	14,15	5,4	8,10	2,2	298	149
8363	13,19	58,73	7,15	69,60	263	149
8364	19,30	4,6	18,31	4,1	298	149
8365	17,12	0,0	19,11	0,5	298	149
8366	1,0	6,6	1,1	6,11	222	149
8380	4,4	67,77	1,2	75,91	298	149
8381	104,93	9,21	90,102	13,14	298	149
8382	2,1	168,191	1,1	177,181	298	149
8383	12,7	52,76	8,8	58,61	298	149
8384	103,82	483,444	100,92	467,444	298	149
8387	382,382	1,0	425,452	0,2	298	149
8388	21,13	4,2	45,23	8,7	298	149
8389	360,374	7,10	430,501	6,12	298	149
8390	30,14	525,534	51,29	723,759	298	149
8391	81,49	0,0	112,88	2,0	298	149
8392	40,63	5,0	56,56	4,11	225	149
8393	53,82	674,629	82,80	830,889	298	149
8394	21,19	790,654	39,15	976,956	281	149
8395	19,11	1028,781	7,13	967,951	281	149
8398	0,2	164,157	1,0	98,150	298	149
8403	1,2	0,0	1,0	3,0	298	149
8405	1,0	0,0	1,0	0,1	298	149
8407	5,7	7,13	1,5	3,7	298	149
8408	64,33	10,0	27,45	1,5	298	149
8413	3,3	233,216	4,1	149,206	298	149
8414	191,160	760,636	211,245	907,967	298	149
8419	7,21	2,4	16,16	12,0	298	149
8420	45,34	410,372	20,52	358,424	244	149
8422	1,2	0,0	0,0	0,2	298	149
8425	11,12	170,148	8,9	204,231	298	149
8426	12,11	1,1	16,25	4,0	298	149
8427	11,10	0,1	16,24	0,2	298	149
8428	0,3	33,41	0,5	29,41	298	149
8429	125,84	3,0	124,137	0,2	298	149
8430	403,385	4,3	437,448	2,0	298	149
8436	15,17	113,99	17,19	125,161	298	149
8437	50,33	148,129	37,43	194,175	285	149
8438	16,15	109,69	21,22	106,105	287	149
8439	27,31	24,29	33,43	42,29	298	149
8444	16,14	182,168	17,15	241,233	298	149
8445	9,11	4,2	11,10	0,1	287	149
8446	24,33	286,271	24,22	322,338	298	149
8448	203,149	44,55	107,146	27,47	298	149
8449	28,27	889,837	43,58	972,961	298	149
8451	8,12	59,37	8,7	22,34	298	149
8452	12,20	43,18	19,22	9,12	298	149
8453	32,31	95,99	31,22	77,89	247	149
8454	41,24	75,136	27,26	101,129	298	149
8455	44,25	0,0	49,86	6,7	235	149
8456	38,35	10,6	57,49	8,18	298	149
8457	6,4	74,55	5,4	65,65	240	149
8458	6,3	2,0	3,3	2,5	227	149
8459	24,29	101,92	31,26	106,141	225	149
8460	29,31	5,0	33,34	2,1	229	149
8461	15,11	153,157	12,8	178,175	298	149
8465	5,7	44,40	5,4	50,72	298	149
8466	10,15	2,0	6,8	2,0	298	149
8467	14,10	90,75	12,12	105,128	298	149
8468	3,4	1,1	10,6	0,2	298	149
8470	90,81	2,0	118,103	1,2	298	149
8474	5,6	1,0	5,9	1,0	245	149
8475	798,793	14,8	829,871	7,4	298	149
8484	2,11	13,20	3,22	13,5	298	149
8486	33,36	31,41	33,24	54,39	298	149
8488	76,71	55,46	56,88	55,73	298	149
8490	478,466	0,0	603,554	0,4	233	149
8493	11,7	72,69	3,4	76,74	283	149
8494	46,41	36,22	22,36	6,19	298	149
8498	55,45	0,0	33,56	1,0	298	149
8500	1219,1338	1,5	916,1078	1,7	298	149
8506	2,0	16,23	2,2	14,16	252	149
8507	7,12	5,8	4,12	4,16	227	149
8508	274,207	4490,3819	211,287	4238,4858	268	149
8509	51,51	2417,2019	47,57	2655,2975	228	149
8510	2,2	46,28	1,0	29,45	240	149
8523	0,3	0,7	6,7	3,4	298	149
8524	5,7	147,200	10,10	215,230	298	149
8525	0,4	213,247	3,1	278,313	298	149
8526	46,59	292,271	64,54	356,335	298	149
8530	6,3	0,0	9,4	0,1	298	149
8531	0,3	1,0	0,2	2,2	298	149
8532	8,19	16,23	9,1	18,9	298	149
8536	2,0	3,0	0,2	0,5	274	149
8537	3,2	4,0	0,1	0,2	249	149
8538	2,1	0,1	1,3	0,1	298	149
8539	154,97	103,98	113,126	71,93	238	149
8540	789,628	70,84	513,697	89,106	298	149
8541	27,18	56,36	48,51	61,34	266	149
8548	661,664	1376,1408	672,744	1471,1571	298	149
8549	636,637	27,54	650,728	42,56	298	149
8550	646,634	6,7	653,715	1,7	298	149
8552	648,658	1,0	659,740	1,0	298	149
8553	683,631	0,0	646,727	1,0	298	149
8554	866,817	1376,1402	815,849	1511,1727	298	149
8556	745,771	0,4	740,889	0,0	298	149
8557	928,957	131,133	909,1011	136,153	298	149
8558	812,851	1361,1345	817,951	1439,1677	298	149
8559	882,924	29,35	905,1062	30,28	298	149
8560	612,589	6,2	578,598	3,2	298	149
8561	414,426	1781,1727	448,560	1872,2175	298	149
8562	496,483	0,2	486,538	2,0	298	149
8563	529,564	2,0	603,697	0,0	298	149
8564	476,459	0,0	434,524	0,2	298	149
8565	659,645	9,3	603,646	8,9	298	149
8566	313,350	1395,1311	325,410	1509,1765	298	149
8567	543,539	0,4	511,586	0,0	298	149
8568	461,482	8,13	473,608	21,24	298	149
8569	319,354	0,2	332,423	0,0	298	149
8570	1008,960	0,4	978,1022	2,4	298	149
8571	662,665	795,722	700,786	772,948	298	149
8573	810,797	8,6	848,984	3,4	298	149
8575	668,669	0,0	707,799	2,1	298	149
8577	504,418	0,1	581,575	0,0	298	149
8578	539,463	2111,2034	605,614	2081,2455	298	149
8580	525,506	9,6	608,645	4,7	298	149
8582	144,126	2745,2755	166,155	2860,3381	298	149
8583	748,742	0,0	823,816	1,0	298	149
8584	503,469	0,3	526,534	1,4	298	149
8585	742,739	1959,1999	820,817	1980,2468	298	149
8586	757,761	24,19	851,820	32,28	298	149
8587	736,750	0,0	846,807	1,0	298	149
8589	1,2	140,140	2,1	176,145	298	149
8590	4,3	122,120	11,7	171,171	285	149
8593	20,14	5,0	22,11	5,8	298	149
8594	6,2	105,157	2,1	142,187	298	149
8595	3,0	0,2	0,1	0,2	298	149
8596	6,2	138,166	7,6	194,162	298	149
8597	3,2	1,2	9,6	0,2	298	149
8598	6,6	116,122	13,9	111,99	298	149
8599	26,27	0,1	38,27	2,1	298	149
8603	2,2	0,0	1,4	0,2	298	149
8604	1,0	7,4	1,4	1,5	298	149
8606	3,0	1,0	5,3	0,0	273	149
8607	0,0	2,1	2,0	6,5	271	149
8610	27,21	76,50	20,15	47,59	298	149
8611	31,25	0,0	23,19	0,1	298	149
8612	56,50	0,0	36,59	0,2	298	149
8615	2,3	82,66	3,9	75,89	298	149
8617	27,10	1731,1142	5,27	1041,1554	298	149
8618	39,27	2090,1506	19,14	1695,2190	298	149
8619	134,125	6,5	112,125	2,9	298	149
8621	2,1	6,9	2,5	19,20	298	149
8622	16,26	323,289	23,16	380,369	298	149
8630	2,3	2,0	2,7	5,2	298	149
8632	4,3	4,10	3,5	4,2	285	149
8634	0,1	5,2	0,2	1,0	298	149
8636	1,0	1,0	7,4	0,1	298	149
8637	1,0	2,2	7,4	0,1	298	149
8638	9,17	168,131	15,14	221,244	298	149
8641	20,32	165,145	23,21	206,225	298	149
8642	18,34	2,3	24,15	2,1	298	149
8643	2,2	157,154	5,3	161,176	298	149
8646	239,185	1,0	122,187	0,0	262	149
8647	15,13	1388,1059	10,12	754,1079	241	149
8648	4,2	2,0	1,2	1,0	298	149
8650	255,232	527,578	228,254	612,705	298	149
8653	9,4	82,63	7,14	93,109	254	149
8655	15,5	0,0	18,14	2,0	298	149
8656	13,5	0,0	11,16	2,0	298	149
8658	14,15	16,9	13,16	29,37	298	149
8659	16,16	28,14	15,17	25,43	298	149
8660	16,17	1,9	19,20	5,6	298	149
8661	15,11	4,1	20,13	1,2	298	149
8662	3,5	9,14	4,6	4,22	298	149
8663	3,5	2,5	3,5	3,5	298	149
8664	6,6	2,0	9,14	1,1	298	149
8665	13,4	0,0	23,6	2,0	291	149
8668	2,2	57,40	7,5	34,25	298	149
8669	2,5	46,26	7,8	21,40	298	149
8673	29,23	388,368	41,30	433,437	298	149
8674	23,13	0,0	35,13	0,2	298	149
8675	19,4	2,2	12,15	1,5	298	149
8676	384,383	2,0	471,495	0,0	298	149
8677	73,72	193,207	113,109	209,267	251	149
8678	69,68	42,22	94,94	82,46	244	149
8679	14,20	379,359	27,23	426,526	298	149
8680	24,14	78,64	16,22	33,56	298	149
8681	8,2	163,164	3,5	190,202	298	149
8682	8,0	2,1	1,7	9,0	298	149
8683	38,22	1,2	31,22	1,2	298	149
8688	5,1	0,3	1,0	5,5	298	149
8689	5,1	84,62	2,1	87,110	298	149
8690	95,72	2,2	86,106	5,4	298	149
8691	1,0	112,114	0,0	109,125	298	149
8694	26,11	224,225	23,19	277,262	298	149
8696	102,91	0,1	124,121	0,1	298	149
8697	35,18	266,165	26,41	250,252	298	149
8698	160,116	194,165	115,136	212,187	298	149
8699	75,55	0,2	64,64	1,0	298	149
8700	71,65	238,231	79,77	272,257	298	149
8702	4,10	42,34	9,15	55,55	298	149
8703	9,9	70,50	4,5	63,66	298	149
8704	12,9	0,2	10,13	1,0	298	149
8705	9,7	12,27	8,10	33,19	298	149
8706	2,2	27,29	0,0	32,17	298	149
8707	0,1	30,28	1,2	38,53	298	149
8709	0,2	51,53	0,0	43,59	298	149
8713	0,2	3,0	2,0	4,2	298	149
8715	21,16	71,55	12,10	46,53	298	149
8717	21,26	58,39	29,26	90,90	298	149
8718	2,3	96,78	2,4	70,72	235	149
8725	2,0	0,0	1,1	1,0	298	149
8736	2,0	23,32	2,1	51,50	298	149
8737	16,4	2,0	16,6	0,4	298	149
8742	8,4	69,53	10,3	82,54	298	149
8743	127,94	201,221	179,154	226,253	298	149
8744	8,5	10,7	12,10	4,11	234	149
8747	39,10	0,1	37,53	0,0	298	149
8748	38,11	2,0	31,50	0,1	298	149
8749	23,15	257,204	23,25	275,291	298	149
8750	19,9	177,200	8,15	209,215	298	149
8751	24,28	331,331	49,49	379,377	298	149
8752	85,66	0,0	97,92	1,0	298	149
8757	10,9	804,777	10,5	866,1087	298	149
8758	10,7	526,537	9,13	586,604	298	149
8759	18,23	1,0	20,23	2,0	298	149
8760	36,31	549,570	32,28	452,536	298	149
8761	9,8	5,5	17,5	10,7	298	149
8762	1,2	127,100	8,0	121,121	298	149
8763	31,23	364,306	18,17	246,306	298	149
8764	34,40	2,0	44,37	2,5	298	149
8765	41,49	881,825	57,46	917,926	298	149
8766	34,42	0,0	58,60	0,1	298	149
8767	32,45	904,909	63,53	925,920	298	149
8768	48,52	1,0	48,51	0,0	298	149
8769	42,53	794,820	39,44	893,884	264	149
8770	97,73	6,0	89,76	1,2	298	149
8771	84,50	852,797	69,61	967,986	298	149
8772	93,70	0,1	100,71	2,1	298	149
8773	58,74	890,874	95,84	966,1069	298	149
8775	21,15	1,0	5,19	0,0	298	149
8776	12,18	736,693	7,23	775,787	298	149
8777	70,64	605,526	76,67	561,655	298	149
8778	61,63	2,0	64,54	0,0	272	149
8779	65,91	244,167	54,60	286,341	298	149
8780	14,13	156,143	11,20	244,252	298	149
8781	94,73	0,0	105,150	1,1	298	149
8782	26,18	7,3	23,24	3,6	298	149
8784	2,0	1,0	4,1	0,0	298	149
8788	68,33	2,0	46,60	0,3	298	149
8789	103,101	1,0	166,159	1,1	298	149
8790	312,274	0,1	345,425	0,2	298	149
8791	379,359	53,43	462,523	68,57	298	149
8792	7,8	214,164	4,6	100,144	298	149
8793	47,38	311,283	49,61	411,386	298	149
8795	1,1	9,3	4,0	6,6	298	149
8796	77,67	51,46	102,109	44,40	298	149
8799	1,0	0,0	0,0	0,1	298	149
8800	0,0	4,0	2,2	0,1	298	149
8802	2,6	284,216	6,10	254,278	298	149
8803	24,15	381,317	15,24	396,393	231	149
8804	9,16	345,273	11,12	326,279	298	149
8805	0,0	86,57	2,2	81,76	298	149
8806	102,73	0,0	70,88	0,1	233	149
8810	2,0	4,7	1,0	0,5	298	149
8812	7,4	35,23	0,3	31,33	228	149
8813	6,8	65,58	10,4	22,56	280	149
8814	13,6	85,56	9,4	50,80	225	149
8816	7,10	9,8	6,3	3,6	289	149
8817	7,7	0,0	6,3	0,2	275	149
8821	8,5	8,11	3,6	2,8	298	149
8825	16,16	0,0	11,15	0,1	298	149
8826	17,17	0,0	9,9	0,1	298	149
8828	10,23	0,0	16,11	0,1	298	149
8829	14,18	0,0	10,11	1,0	298	149
8830	7,3	50,42	4,8	46,28	298	149
8831	12,6	20,22	8,9	13,39	298	149
8833	7,7	1,4	2,8	1,0	298	149
8834	14,5	13,15	8,10	20,6	298	149
8836	10,8	12,4	6,9	7,6	298	149
8838	10,9	32,14	10,9	8,9	298	149
8841	0,1	0,0	0,1	1,0	280	149
8843	5,0	2,0	2,1	0,0	234	149
8844	61,54	3,0	72,67	3,4	298	149
8847	5,5	0,5	1,2	6,2	298	149
8848	5,5	9,0	1,2	2,0	298	149
8852	139,172	17,9	183,178	23,31	236	149
8853	18,9	46,58	21,20	59,75	298	149
8854	2,0	1,0	2,1	2,0	264	149
8855	28,23	702,694	29,40	802,803	298	149
8856	9,13	350,358	21,13	451,469	298	149
8857	105,76	383,410	134,128	453,523	298	149
8858	88,105	83,132	143,149	116,144	298	149
8859	107,108	358,378	155,178	427,471	298	149
8860	122,148	10,22	165,200	16,11	298	149
8861	18,10	441,569	8,20	586,724	298	149
8864	6,10	0,2	6,27	0,1	298	149
8865	15,4	75,69	14,14	66,81	298	149
8870	2,2	2,1	4,3	2,1	241	149
8877	10,14	193,192	19,11	210,212	221	149
8878	6,2	205,222	0,1	275,241	292	149
8879	2,1	64,62	1,2	15,38	234	149
8880	2,2	26,31	10,4	20,44	298	149
8881	2,2	0,0	9,4	0,2	298	149
8882	9,15	2,2	16,20	1,0	298	149
8883	9,15	1,0	15,20	0,0	298	149
8885	67,79	1,2	45,71	0,1	298	149
8886	12,18	327,281	1,6	202,307	298	149
8892	0,0	1,0	0,2	0,0	232	149
8896	12,13	55,35	22,9	57,71	298	149
8897	2,0	2,2	1,0	0,0	298	149
8898	4,0	1,0	1,1	0,0	298	149
8900	109,85	2,0	95,119	2,5	298	149
8901	5,2	0,0	10,3	0,1	298	149
8902	1,1	65,49	2,1	83,72	298	149
8903	3,0	42,45	0,5	80,78	298	149
8905	1348,1159	4,3	1202,1508	4,5	298	149
8907	57,49	0,0	31,62	0,1	264	149
8908	50,45	5,0	29,57	3,3	250	149
8911	1199,1183	8,8	1375,1457	22,27	203	149
8912	1490,1391	7,3	1666,1765	10,13	263	149
8913	1934,1457	4,3	1691,1953	1,1	290	149
8914	266,228	533,541	290,344	448,578	298	149
8918	5,2	37,57	2,3	62,48	298	149
8919	3,3	1,1	7,6	2,1	298	149
8920	2,2	40,28	3,2	41,42	298	149
8922	2,3	33,59	0,5	61,62	298	149
8924	1,0	42,43	4,0	49,49	227	149
8926	12,30	2,0	28,24	0,1	298	149
8927	44,24	263,236	26,28	134,220	298	149
8928	47,26	4,0	27,29	8,6	298	149
8929	5,9	171,186	4,11	181,226	298	149
8938	204,204	0,1	139,179	0,0	298	149
8939	14,29	181,163	26,32	159,180	298	149
8940	2,6	32,19	3,1	53,33	298	149
8942	45,23	48,53	32,24	35,76	225	149
8943	15,10	88,70	11,32	47,72	298	149
8944	108,67	0,0	120,132	0,3	298	149
8945	117,96	0,1	117,147	1,0	298	149
8946	15,3	45,23	6,8	19,29	298	149
8947	4,3	51,56	2,7	57,54	298	149
8948	4,3	88,53	4,2	86,84	298	149
8949	39,31	2,3	41,55	9,4	298	149
8952	8,4	12,7	12,14	13,13	227	149
8953	56,45	269,347	38,43	365,355	278	149
8958	58,54	1424,1267	68,50	1302,1515	298	149
8959	44,39	2,4	33,24	1,0	298	149
8960	14,11	2,0	8,8	0,1	298	149
8961	32,24	2,1	19,25	1,0	298	149
8962	1134,1263	3,10	1331,1364	11,19	252	149
8964	17,13	0,1	20,16	2,4	298	149
8966	17,15	142,115	20,16	134,146	298	149
8967	18,15	2,4	21,18	1,4	298	149
8968	15,21	66,52	20,26	65,74	298	149
8969	12,16	0,1	19,21	4,3	298	149
8970	8,5	66,61	4,2	81,80	298	149
8973	16,9	2,5	10,15	8,8	298	149
8974	4,3	3,4	1,5	1,1	298	149
8976	0,0	1,0	0,1	0,0	298	149
8979	8,0	27,33	1,10	30,34	298	149
8990	27,16	6,2	20,18	5,6	298	149
8991	28,20	0,1	18,15	0,0	298	149
8994	72,56	1199,921	47,88	360,938	298	149
8995	82,72	7,6	69,96	5,2	298	149
8996	8,2	28,20	0,6	7,20	293	149
8997	6,3	10,3	0,6	2,3	244	149
8998	21,16	21,7	20,17	14,16	298	149
8999	11,15	70,64	12,18	65,76	298	149
9000	24,19	84,72	14,30	69,72	298	149
9002	105,74	7,7	85,112	13,15	298	149
9003	311,246	1,0	259,299	0,2	298	149
9004	9,1	0,2	6,8	1,0	298	149
9006	14,8	7,9	13,26	4,5	298	149
9007	17,8	2,0	14,28	2,4	298	149
9008	19,9	3,4	17,25	0,9	298	149
9012	4,1	78,75	2,3	95,80	298	149
9015	71,54	2,0	69,63	0,1	298	149
9016	53,38	16,6	42,45	10,6	298	149
9017	2,5	169,214	11,9	248,205	298	149
9018	6,6	27,11	9,4	16,24	298	149
9019	22,23	49,18	23,27	43,41	298	149
9020	28,35	66,79	38,30	66,77	298	149
9021	19,12	1,0	16,14	0,0	298	149
9022	29,10	87,84	17,30	106,95	298	149
9023	24,9	0,4	19,32	1,6	298	149
9024	49,29	4,0	48,55	0,4	298	149
9025	249,255	17,23	92,162	1,6	242	149
9026	19,25	206,171	11,12	94,117	231	149
9027	366,336	18,6	277,292	21,16	298	149
9033	13,5	34,29	5,11	5,21	237	149
9034	10,2	954,698	6,7	771,894	298	149
9038	10,18	68,40	8,5	53,45	298	149
9039	6,1	229,173	2,4	234,286	298	149
9040	47,47	184,105	46,51	92,163	298	149
9041	2,7	192,217	11,6	225,239	298	149
9042	2,0	0,0	1,3	0,5	249	149
9043	1,2	4,3	0,4	6,6	298	149
9047	1,3	10,27	2,0	19,22	298	149
9049	2,6	10,8	1,14	1,2	298	149
9050	5,2	24,23	4,4	38,27	248	149
9051	13,10	1893,1801	14,25	2133,2387	250	149
9054	9,7	145,106	0,2	57,100	215	149
9066	3,6	152,137	3,6	209,217	253	149
9067	18,7	155,165	28,19	202,273	298	149
9069	5,5	0,0	13,6	0,3	298	149
9072	4,8	6,2	15,7	3,9	229	149
9073	5,12	26,17	17,12	26,42	298	149
9074	7,15	1,1	19,11	0,2	285	149
9077	11,10	66,63	5,5	59,76	242	149
9087	18,28	0,1	25,19	1,0	272	149
9088	25,24	197,164	23,17	189,208	298	149
9089	6,9	253,210	6,10	231,231	242	149
9090	190,225	159,149	241,277	207,219	298	149
9092	18,28	303,274	23,50	343,357	298	149
9093	6,16	0,0	20,27	1,1	298	149
9094	5,10	465,471	17,19	583,600	298	149
9098	67,85	1478,1389	100,110	1800,2167	298	149
9099	0,0	1,0	0,1	3,2	242	149
9100	0,1	131,122	2,4	182,166	298	149
9101	13,4	104,56	10,6	25,44	229	149
9102	35,28	132,90	14,28	51,81	222	149
9103	54,54	286,249	20,27	196,332	222	149
9104	44,46	273,238	40,48	227,292	298	149
9105	52,63	445,393	32,28	351,434	247	149
9108	4,1	73,69	3,5	69,93	298	149
9109	145,147	0,1	197,216	0,0	298	149
9111	14,13	0,1	7,11	0,0	298	149
9112	20,20	913,878	11,22	1105,1225	298	149
9113	1,0	20,24	2,0	11,22	264	149
9114	1,0	23,19	0,3	6,16	298	149
9116	15,15	174,214	5,23	234,195	298	149
9118	1,2	1,0	2,2	0,0	298	149
9119	1,2	0,0	2,2	4,0	298	149
9120	1,2	1,2	2,2	0,0	298	149
9122	1,1	325,344	2,8	360,388	298	149
9124	156,137	2434,2105	170,161	2704,2957	233	149
9126	63,72	0,2	80,79	2,0	298	149
9127	1,2	74,67	1,1	77,82	298	149
9130	1,1	5,15	1,1	8,8	298	149
9132	403,406	1,3	397,399	0,4	298	149
9133	6,4	156,147	15,7	184,207	298	149
9135	9,5	2,2	21,18	2,0	298	149
9136	18,8	8,5	26,30	3,8	297	149
9149	144,137	713,713	148,175	827,913	298	149
9150	364,374	590,504	379,384	716,688	298	149
9152	20,28	14,5	4,1	0,0	298	149
9154	73,43	67,44	48,54	38,32	298	149
9155	13,9	2,1	13,13	0,0	298	149
9158	6,4	0,1	4,2	0,2	258	149
9165	3,0	16,23	2,1	45,30	298	149
9166	99,86	41,35	84,47	36,55	296	149
9167	183,142	1,3	161,126	0,2	298	149
9169	10,3	100,94	9,31	120,155	287	149
9170	644,606	3,6	557,585	1,4	298	149
9172	8390,7157	128,78	6631,8240	91,148	298	149
9173	648,566	17572,13625	457,512	12933,16190	298	149
9174	158,115	3190,2178	74,120	2045,2451	283	149
9175	27,14	21,18	38,31	7,13	298	149
9177	8,4	81,47	3,4	39,71	298	149
9181	50,49	249,232	62,68	304,326	298	149
9182	39,50	276,237	35,49	292,333	298	149
9184	0,3	0,0	6,5	2,0	264	149
9186	8,9	0,0	12,22	1,0	298	149
9187	6,2	210,204	11,12	216,233	298	149
9188	11,19	165,159	8,24	168,185	298	149
9189	14,11	129,126	7,4	185,178	242	149
9190	0,1	17,19	1,1	4,8	298	149
9191	13,9	103,73	8,13	94,106	298	149
9196	119,143	0,0	160,200	0,1	281	149
9197	2,4	63,62	4,3	72,71	298	149
9199	106,120	0,0	103,119	3,1	298	149
9200	21,19	23,21	17,21	9,36	298	149
9201	20,26	5,17	9,22	0,4	298	149
9202	23,27	28,17	20,21	14,24	298	149
9203	4,7	110,180	6,10	135,173	298	149
9211	9,12	2,0	6,8	5,2	298	149
9212	5,8	51,53	3,4	76,84	298	149
9213	5,7	1,3	0,1	1,0	258	149
9215	10,17	0,6	18,17	1,0	298	149
9216	0,4	29,23	2,2	33,24	298	149
9217	10,20	1,0	21,19	0,2	298	149
9218	0,7	4,11	5,4	13,7	298	149
9220	19,16	186,190	12,12	215,267	255	149
9221	11,4	4,5	7,12	5,5	298	149
9222	12,6	192,183	11,13	230,244	298	149
9223	9,8	215,235	11,14	251,298	298	149
9224	36,42	168,178	27,24	165,232	298	149
9229	51,74	0,1	67,71	1,2	298	149
9230	6,1	270,291	9,2	305,337	298	149
9232	8,6	2,0	29,14	5,1	298	149
9233	8,4	14,16	15,11	20,19	298	149
9236	3,0	57,59	2,0	85,88	298	149
9240	12,13	45,22	16,10	48,28	298	149
9241	6,6	0,1	15,7	0,0	298	149
9242	181,129	1,1	124,171	1,0	254	149
9243	157,105	7,3	106,149	0,5	220	149
9244	694,641	9,5	698,777	5,9	298	149
9245	1625,1508	0,3	1654,1699	1,9	298	149
9246	1115,964	0,0	910,1106	0,1	298	149
9247	1565,1444	120,106	1620,1672	127,154	298	149
9248	1055,900	13,4	876,1079	9,4	298	149
9249	917,878	0,0	1058,1003	1,0	298	149
9250	49,68	0,0	76,69	0,1	298	149
9251	26,13	313,165	13,31	101,219	240	149
9254	2,0	0,0	0,0	1,0	237	149
9262	7,13	327,337	15,22	326,425	298	149
9263	0,0	454,523	0,4	640,557	298	149
9264	5,2	433,449	4,3	488,537	298	149
9265	6,4	0,4	8,10	0,1	298	149
9266	8,4	427,427	12,10	531,548	269	149
9267	14,12	460,403	15,14	605,680	235	149
9268	12,8	0,1	18,8	0,0	298	149
9269	13,17	4,4	16,10	2,3	298	149
9270	19,22	0,1	23,16	0,0	298	149
9271	16,18	420,410	19,11	529,605	298	149
9272	15,17	6,2	21,10	0,2	298	149
9274	30,31	58,93	40,57	65,87	298	149
9275	0,0	73,87	6,2	76,64	298	149
9277	710,662	8,18	775,783	10,11	251	149
9278	736,676	1,0	797,812	7,2	298	149
9279	42,35	959,879	43,55	1063,1243	266	149
9284	3,3	16,24	2,5	30,26	298	149
9285	5,3	36,38	4,7	42,59	298	149
9286	2,4	59,66	7,2	69,81	298	149
9287	0,1	61,59	4,3	77,56	298	149
9288	2,1	56,32	3,2	65,74	298	149
9289	3,2	26,51	3,4	51,62	298	149
9290	70,78	1,1	103,97	2,0	245	149
9291	103,112	3,0	124,124	4,2	298	149
9292	2,0	28,28	3,2	30,33	298	149
9295	18,15	34,42	25,24	65,61	298	149
9296	29,18	132,152	8,14	172,213	298	149
9297	18,11	8,7	9,14	7,13	298	149
9298	62,76	6,12	88,91	13,13	298	149
9299	21,26	97,93	29,37	77,117	298	149
9302	35,33	219,199	25,38	258,322	222	149
9303	34,31	2,4	24,35	6,7	192	149
9305	48,26	150,60	11,23	41,106	298	149
9307	61,49	1182,977	38,64	1038,1139	229	149
9308	49,48	13,3	36,44	5,4	298	149
9312	19,27	631,605	23,32	745,723	298	149
9314	0,2	7,18	5,4	13,23	298	149
9315	12,1	8,3	5,7	4,8	298	149
9316	0,0	2,0	0,1	0,1	298	149
9318	4,3	0,4	8,3	2,0	298	149
9324	14,5	144,108	7,6	149,133	298	149
9325	3,1	14,20	0,3	24,40	298	149
9332	1,0	2,6	0,0	4,5	298	149
9334	53,55	145,151	58,74	142,195	285	149
9335	10,7	222,170	18,25	182,182	220	149
9336	26,27	139,184	40,28	201,184	298	149
9337	20,26	138,174	46,38	197,187	298	149
9338	18,25	7,2	46,38	7,6	292	149
9339	2,3	149,117	3,1	112,167	298	149
9340	19,12	199,98	17,13	182,177	238	149
9341	9,10	213,87	32,21	172,171	268	149
9343	11,3	133,101	8,14	91,116	298	149
9344	17,14	9,11	10,22	3,3	298	149
9345	152,87	46,23	104,120	35,45	298	149
9346	5,1	303,284	5,14	299,314	278	149
9347	59,52	195,198	85,72	199,255	298	149
9348	23,21	647,600	22,21	712,841	236	149
9351	78,90	381,439	101,113	470,489	298	149
9352	10,13	123,71	18,12	97,121	298	149
9353	0,1	32,20	0,0	40,31	256	149
9354	27,46	7,3	44,39	10,1	298	149
9355	1,3	9,16	4,0	17,16	267	149
9356	2,2	16,12	3,1	6,16	298	149
9357	6,7	0,0	7,4	1,0	298	149
9358	5,8	9,12	5,8	11,10	298	149
9359	6,10	22,19	2,3	10,23	298	149
9360	2,1	10,16	2,6	5,8	298	149
9361	0,2	13,16	0,1	11,26	298	149
9367	0,1	1,0	1,0	0,0	298	149
9368	6,7	98,97	1,6	127,115	290	149
9378	4,2	182,177	9,1	208,250	298	149
9384	4,2	0,0	4,1	1,0	298	149
9386	4,1	1,0	0,4	0,0	298	149
9387	0,2	0,0	2,3	0,2	298	149
9388	1,9	0,0	5,3	4,3	298	149
9389	3,10	2,0	4,5	0,0	298	149
9391	20,33	103,73	15,32	83,77	243	149
9392	95,126	50,51	139,110	70,63	298	149
9393	77,64	8,7	54,61	13,4	298	149
9394	8,16	161,158	2,16	168,154	298	149
9396	21,11	4,0	2,5	0,0	256	149
9400	224,204	8,1	251,267	3,1	298	149
9405	23,12	203,194	24,28	222,268	298	149
9406	11,6	284,226	20,21	257,322	248	149
9407	43,60	301,252	50,62	350,311	279	149
9408	27,35	203,179	33,59	293,291	298	149
9413	12,17	186,245	17,17	281,299	298	149
9415	0,0	14,8	0,1	9,7	298	149
9420	16,10	47,35	15,9	46,58	298	149
9421	18,26	501,447	30,27	495,510	298	149
9422	19,24	7,6	27,25	9,7	298	149
9423	21,17	646,546	34,24	601,665	298	149
9424	6,8	537,551	5,1	688,669	298	149
9425	1,2	2,2	1,1	2,1	298	149
9426	1,5	423,440	1,7	635,591	298	149
9427	1,8	0,0	4,10	2,2	298	149
9428	8,3	3,0	7,3	0,0	298	149
9429	29,29	459,477	34,24	641,605	298	149
9430	28,17	20,14	15,19	11,20	298	149
9431	2,2	2,5	0,2	1,2	244	149
9432	6,2	29,14	1,2	27,13	265	149
9434	14,12	205,135	20,17	172,241	259	149
9435	57,36	6,4	44,34	7,3	298	149
9436	44,31	184,119	37,31	135,157	298	149
9437	0,1	2,0	0,0	1,0	298	149
9439	1,2	43,61	1,4	52,59	298	149
9440	156,140	4893,3864	210,202	5703,6289	298	149
9441	174,160	6985,5587	182,273	8077,8660	298	149
9442	2531,2171	6,1	2714,3003	0,2	298	149
9443	7005,5588	94,103	8107,8688	107,158	298	149
9444	63,81	8572,7382	95,115	9609,10525	298	149
9445	9680,8036	54,53	11334,12041	63,43	298	149
9447	25,14	0,2	4,19	0,0	298	149
9448	16,14	130,124	31,29	143,125	298	149
9449	48,20	111,104	43,37	91,89	298	149
9452	26,36	1030,1087	37,36	1323,1373	298	149
9454	5,9	90,133	1,4	100,101	298	149
9456	1,0	15,25	0,0	8,15	298	149
9457	1,0	2,3	4,3	5,2	298	149
9461	3,2	0,4	3,0	1,0	298	149
9462	6,3	410,414	13,7	461,516	278	149
9466	12,10	205,220	21,10	218,270	298	149
9467	3,0	209,208	1,0	228,245	244	149
9472	10,1	43,70	0,5	56,82	298	149
9473	1,0	56,51	2,3	85,93	298	149
9475	0,2	4,3	1,1	6,7	298	149
9476	6,6	2,0	5,0	0,0	298	149
9477	0,1	11,17	1,0	23,11	298	149
9484	26,20	2,7	27,27	1,1	298	149
9485	89,72	961,750	77,78	950,1122	298	149
9486	40,30	47,42	38,39	57,66	275	149
9487	140,137	400,447	100,143	453,500	298	149
9488	26,32	449,375	21,18	241,381	228	149
9492	99,107	886,886	86,124	932,946	235	149
9499	153,143	11,13	161,156	10,11	298	149
9501	179,147	9,20	198,183	17,19	298	149
9502	48,44	1086,1105	58,56	1223,1457	298	149
9503	65,46	9,11	64,59	8,3	298	149
9504	59,38	46,24	45,45	34,37	298	149
9505	19,20	0,3	17,18	2,6	243	149
9506	56,36	1308,1301	45,44	1372,1556	269	149
9507	147,93	6,5	142,149	5,4	273	149
9508	68,69	947,1030	104,98	1195,1204	298	149
9509	17,14	352,360	31,35	384,405	298	149
9510	10,11	29,22	25,28	23,22	298	149
9514	413,425	0,0	552,547	1,1	260	149
9515	3,2	218,189	5,6	247,244	298	149
9521	6,3	46,52	1,2	56,63	228	149
9522	2,1	50,48	1,6	69,89	298	149
9523	12,9	157,120	19,16	67,93	241	149
9524	3,1	44,15	0,1	3,12	251	149
9525	13,15	134,199	14,14	160,194	298	149
9526	224,200	3,1	224,254	0,1	298	149
9527	185,155	29,33	192,221	33,42	298	149
9528	95,66	7,7	140,163	6,15	298	149
9529	151,198	0,0	180,176	1,5	298	149
9530	47,52	47,41	77,88	60,62	298	149
9531	1,2	11,6	0,4	9,12	298	149
9533	18,18	1,0	9,13	0,2	298	149
9535	18,14	6,2	9,6	3,1	298	149
9536	6,9	0,0	4,7	0,1	298	149
9537	8,10	3,5	10,8	3,8	298	149
9540	15,6	223,202	14,15	233,308	298	149
9542	16,22	3,3	22,27	0,6	298	149
9543	9,12	2,2	10,16	2,1	298	149
9545	16,9	183,173	15,15	241,272	298	149
9546	966,948	6,1	883,991	12,13	298	149
9547	41,43	524,303	9,29	107,190	298	149
9548	4,6	1252,997	13,5	836,852	298	149
9549	4,0	5,2	5,8	7,11	263	149
9550	0,2	5,9	6,7	5,10	298	149
9551	2,2	5,2	17,7	8,5	297	149
9552	5,7	27,16	6,12	15,25	298	149
9553	2,3	42,28	0,5	16,15	293	149
9554	1,10	8,2	3,4	4,0	298	149
9555	67,59	0,2	76,77	0,0	280	149
9557	3,1	1,0	2,5	0,0	298	149
9564	3,2	154,158	0,3	252,210	298	149
9571	2,2	23,36	1,4	44,45	298	149
9573	13,29	0,1	41,35	0,0	298	149
9574	14,24	0,1	46,35	0,0	298	149
9575	9,8	345,346	10,8	360,365	298	149
9581	7,3	1,9	6,10	0,1	298	149
9582	7,4	6,7	7,11	3,4	298	149
9583	5,7	8,5	1,2	3,0	298	149
9584	6,5	0,0	6,6	1,1	298	149
9585	9,8	1,0	10,8	0,0	298	149
9586	5,8	5,7	3,9	4,5	298	149
9587	8,11	0,0	7,11	1,0	298	149
9588	6,11	0,0	3,3	0,1	298	149
9593	48,34	0,1	43,42	0,0	298	149
9595	44,33	0,0	40,37	1,0	298	149
9596	50,36	1,0	43,38	0,1	298	149
9601	47,31	0,0	53,39	2,2	298	149
9604	3,6	29,20	2,2	36,32	283	149
9606	2,2	0,0	0,2	0,1	281	149
9610	59,39	7,5	53,78	5,1	289	149
9611	57,38	0,2	52,77	0,0	298	149
9612	52,33	6,2	48,66	4,1	298	149
9613	97,82	7,0	57,90	0,0	298	149
9614	16,3	104,84	17,10	61,76	298	149
9624	0,6	22,19	5,16	22,21	298	149
9625	59,46	46,31	30,40	10,37	232	149
9626	7,4	0,0	7,2	2,3	275	149
9627	26,11	73,71	9,18	108,97	265	149
9628	14,23	65,33	22,25	78,99	298	149
9629	16,22	0,1	21,19	2,1	298	149
9630	5,10	52,52	8,8	54,71	298	149
9631	9,8	88,73	8,3	89,67	232	149
9632	25,14	45,28	20,12	33,31	223	149
9633	13,17	0,1	18,16	0,1	298	149
9634	106,75	21,22	38,92	26,31	298	149
9635	119,83	4,3	37,92	5,12	298	149
9637	18,19	275,217	20,15	228,243	298	149
9638	4,10	191,150	10,13	92,136	298	149
9639	10,10	1,0	10,14	0,1	298	149
9640	7,19	693,653	13,16	797,837	298	149
9641	12,13	1,2	21,7	0,0	298	149
9644	19,16	345,280	25,18	381,351	298	149
9645	48,26	212,215	21,46	300,245	276	149
9647	9,1	8,5	12,3	5,11	260	149
9651	31,35	88,69	42,41	103,110	298	149
9652	21,27	238,162	22,35	259,241	227	149
9654	0,3	257,253	2,5	221,333	298	149
9655	4,7	0,4	1,10	0,0	298	149
9659	107,80	5,1	104,99	4,11	298	149
9663	11,5	4,0	2,7	0,0	298	149
9664	1,0	18,10	0,0	5,19	298	149
9665	50,38	2,0	42,62	0,0	298	149
9672	57,69	20,5	48,52	9,17	239	149
9673	55,67	28,29	48,52	23,36	229	149
9676	635,543	8,14	692,680	11,1	298	149
9679	3,6	0,2	11,6	0,0	298	149
9682	1,0	22,20	2,0	23,17	233	149
9687	31,30	0,0	26,30	0,2	298	149
9688	6,3	0,7	2,3	0,0	298	149
9689	3,0	2,3	1,0	3,4	298	149
9690	69,58	0,0	66,66	0,1	298	149
9691	4,3	196,200	4,6	189,242	298	149
9692	51,31	146,147	36,34	141,182	298	149
9693	7,2	158,97	6,5	142,181	230	149
9694	14,34	500,415	25,23	547,591	298	149
9695	64,49	474,484	91,97	599,598	298	149
9696	306,262	1,0	401,363	0,0	298	149
9697	9,13	304,306	18,13	346,356	298	149
9699	9,5	241,192	2,7	107,176	240	149
9701	0,0	9,7	0,1	18,8	298	149
9708	475,494	596,669	464,426	718,684	298	149
9709	128,118	196,142	119,161	242,234	298	149
9711	36,30	1164,1100	25,27	1167,1192	268	149
9713	34,36	1378,1223	35,30	1508,1475	298	149
9717	108,111	145,121	113,141	148,136	298	149
9724	14,10	70,59	12,21	47,88	236	149
9725	155,112	166,148	86,145	186,159	298	149
9726	16,10	21,31	11,11	40,37	298	149
9729	1,1	36,13	0,0	19,20	298	149
9733	4,0	3,0	3,6	3,0	231	149
9735	5,6	14,11	4,10	10,22	298	149
9736	23,14	0,0	23,24	0,1	266	149
9738	6,8	11,1	3,3	2,2	298	149
9739	4,7	0,4	6,3	0,0	298	149
9741	0,0	0,1	1,0	2,0	298	149
9742	80,92	3,1	48,71	2,2	298	149
9743	23,31	23,29	25,32	17,15	239	149
9744	3,3	71,44	20,4	50,63	253	149
9745	4,4	1,0	8,15	0,0	298	149
9746	140,128	35,20	111,148	28,31	275	149
9748	73,33	6,1	33,37	2,1	275	149
9750	75,79	0,0	104,73	0,2	298	149
9752	19,20	0,0	21,17	0,2	221	149
9753	36,43	143,155	31,25	216,204	298	149
9754	1,2	23,23	0,0	39,26	298	149
9755	3,1	23,20	1,2	26,31	298	149
9756	2,0	46,31	1,5	46,28	298	149
9758	4,0	19,21	4,0	2,7	234	149
9759	10,17	125,129	10,17	120,132	265	149
9762	0,0	8,4	1,2	6,6	298	149
9768	2,5	0,5	2,2	0,0	298	149
9769	2,5	0,2	2,2	0,0	298	149
9776	75,44	1570,1253	58,72	992,1166	298	149
9777	58,37	15,4	53,51	7,13	298	149
9778	28,21	1861,1645	28,20	1267,1544	242	149
9779	85,57	1412,1015	66,58	651,718	298	149
9780	30,14	664,414	10,5	139,205	298	149
9781	85,50	32,21	55,58	30,49	298	149
9782	43,44	448,501	45,55	602,605	298	149
9783	1,0	0,0	0,0	2,0	298	149
9784	2,0	27,19	1,0	26,26	298	149
9786	0,0	23,20	1,4	16,23	298	149
9791	0,0	0,2	0,1	2,2	298	149
9794	0,0	0,3	2,0	0,1	220	149
9795	4,4	168,157	1,1	111,171	234	149
9797	0,0	7,8	0,1	9,8	256	149
9799	1,1	19,10	0,0	4,13	294	149
9803	5,4	77,107	4,7	126,125	298	149
9804	194,150	2,3	200,201	0,1	298	149
9807	47,37	57,86	19,31	53,68	298	149
9809	60,38	42,50	47,39	39,47	298	149
9810	6,5	28,33	6,5	27,47	298	149
9815	8,10	5,6	4,14	3,3	298	149
9816	16,24	1,2	15,23	2,0	254	149
9817	14,23	0,3	22,19	1,1	298	149
9818	26,20	18,8	19,28	8,8	284	149
9819	19,27	439,439	15,34	485,612	298	149
9820	1,4	5,1	1,7	0,3	298	149
9821	1,5	32,35	2,1	15,50	298	149
9824	27,17	0,0	40,33	0,4	298	149
9825	18,17	22,39	10,10	4,8	298	149
9826	26,19	209,168	11,20	167,147	298	149
9829	33,18	26,27	19,32	42,34	298	149
9832	11,6	36,17	5,9	16,27	298	149
9833	12,2	0,2	4,5	2,0	298	149
9834	14,0	25,37	0,3	15,17	233	149
9835	9,7	35,22	8,11	13,20	261	149
9837	19,26	0,0	38,35	0,3	262	149
9838	55,43	133,131	55,59	149,170	298	149
9839	64,38	7,6	54,64	2,8	298	149
9841	15,16	365,363	8,5	435,440	298	149
9842	19,25	295,268	21,17	336,376	246	149
9843	15,13	2,0	14,12	2,0	219	149
9848	1,0	1,1	1,2	9,5	298	149
9852	3,2	264,281	5,3	396,394	279	149
9853	69,56	16,3	71,48	3,5	253	149
9854	0,1	0,0	0,0	0,1	298	149
9859	0,0	0,1	2,0	0,1	298	149
9860	0,0	3,4	2,0	5,6	298	149
9861	0,0	2,2	1,0	3,6	275	149
9864	153,170	6,6	177,192	7,4	298	149
9865	142,167	0,0	187,180	1,0	298	149
9866	11,5	315,275	3,9	325,340	298	149
9867	8,3	309,284	16,11	274,322	225	149
9868	12,12	259,240	9,3	224,212	255	149
9870	38,37	4,0	35,52	5,5	298	149
9878	10,19	310,296	16,8	252,257	298	149
9882	27,33	0,0	45,40	0,1	298	149
9883	8,1	6,4	2,0	8,7	298	149
9893	4,0	0,0	0,2	1,0	298	149
9894	0,0	2,0	1,3	0,0	237	149
9902	46,73	141,121	52,52	144,127	298	149
9903	367,452	3,0	586,579	0,5	298	149
9905	7,4	113,82	9,6	81,104	298	149
9906	13,6	2,0	11,7	0,0	298	149
9907	10,6	0,0	12,7	0,1	298	149
9908	14,9	138,92	3,9	136,161	298	149
9909	6,8	1,0	4,6	4,3	298	149
9910	7,22	83,103	18,22	126,127	298	149
9911	64,60	1,0	79,77	0,0	298	149
9915	2,7	25,31	3,5	32,57	298	149
9916	2,1	32,25	1,1	45,20	298	149
9917	1,0	46,27	1,0	41,46	298	149
9918	7,12	6,3	6,11	3,2	298	149
9925	23,8	46,39	5,9	29,57	298	149
9926	23,8	4,3	6,9	4,9	298	149
9927	15,14	10,4	11,6	0,9	233	149
9929	0,4	125,139	8,7	143,155	298	149
9930	0,4	0,0	7,7	2,0	298	149
9931	3,1	78,66	8,1	87,102	298	149
9935	155,156	2,0	176,166	2,2	289	149
9936	55,59	789,705	49,62	806,804	233	149
9937	49,51	643,586	50,46	703,760	298	149
9938	0,1	4,2	3,0	3,3	298	149
9943	8,1	2,0	1,2	1,2	298	149
9944	8,1	4,4	1,1	0,0	298	149
9945	2,3	0,0	0,3	2,0	298	149
9946	1,1	116,86	0,0	114,108	298	149
9947	0,0	57,28	4,0	20,61	298	149
9949	11,7	3,4	12,7	11,14	298	149
9952	5,5	0,0	3,8	0,1	240	149
9953	0,2	2,6	4,2	4,7	298	149
9956	122,81	3266,2847	96,113	3040,3570	298	149
9957	3,2	308,293	6,15	308,377	298	149
9958	30,42	0,0	39,65	1,0	298	149
9959	2,7	613,600	5,10	760,821	298	149
9961	26,15	0,2	9,18	1,1	298	149
9962	5,5	29,37	7,5	16,36	298	149
9963	34,32	15,8	32,26	18,16	298	149
9964	2,2	41,41	0,3	4,7	273	149
9965	13,2	4,2	3,12	1,1	298	149
9969	2,6	0,5	0,2	0,0	298	149
9972	6,1	32,35	1,0	26,22	231	149
9976	31,44	21,18	37,62	36,26	298	149
9977	28,44	4,1	32,57	5,3	298	149
9979	23,22	255,289	29,48	304,398	298	149
9980	3,4	0,0	3,2	0,2	298	149
9981	3,4	114,122	3,4	96,137	298	149
9982	6,7	27,14	8,6	20,33	298	149
9983	18,13	0,1	7,9	0,0	235	149
9985	0,0	0,2	0,2	0,0	298	149
9986	7,7	91,85	9,10	121,108	298	149
9987	29,43	71,102	61,28	91,82	298	149
9989	6,11	92,82	7,7	105,93	298	149
9990	5,8	1,6	6,2	0,1	298	149
9991	2,0	80,81	1,0	128,98	298	149
9992	3,3	79,70	5,1	60,103	229	149
9993	5,3	2,0	5,5	2,0	233	149
9994	188,145	4,3	208,217	11,14	298	149
9996	0,4	94,129	1,8	97,104	298	149
9999	12,9	1,0	13,10	0,0	298	149
10000	16,8	3,0	21,31	0,1	298	149
10001	13,7	3,6	19,23	2,4	298	149
10002	13,9	0,0	20,27	2,0	298	149
10006	13,13	15,4	16,20	21,25	298	149
10010	58,46	7,7	68,74	2,7	298	149
10012	7,20	2,0	14,8	0,1	298	149
10013	38,31	0,0	63,66	1,2	251	149
10015	4,3	0,0	4,5	1,1	298	149
10016	3,2	52,46	4,7	29,40	298	149
10020	208,220	0,0	214,206	1,0	264	149
10021	17,2	436,435	12,16	524,460	298	149
10022	56,31	4,8	45,50	5,5	298	149
10023	1,0	0,0	0,0	0,2	219	149
10026	2,1	31,12	2,1	30,32	298	149
10031	30,39	128,91	39,41	123,164	298	149
10032	106,100	2307,2404	129,112	2893,2999	298	149
10033	42,19	141,128	24,31	139,124	298	149
10034	14,7	85,116	10,8	144,120	298	149
10035	7,2	142,153	1,10	138,132	298	149
10036	2,0	1,3	0,0	4,0	253	149
10039	90,93	83,94	139,116	167,201	298	149
10040	3,11	0,4	3,11	1,3	298	149
10041	3,5	68,102	2,4	114,141	298	149
10042	4,1	62,37	2,0	11,14	298	149
10046	12,13	5,3	8,12	9,8	283	149
10049	6,3	6,2	2,4	2,2	298	149
10053	12,10	4,2	13,11	3,7	240	149
10054	1321,1259	1,10	1475,1574	3,0	298	149
10055	75,53	304,220	60,74	219,278	298	149
10056	21,39	2,2	36,32	5,2	298	149
10057	31,41	45,54	40,32	51,71	298	149
10058	13,14	24,23	20,33	54,33	298	149
10061	0,2	42,34	3,1	35,42	232	149
10063	5,7	0,0	2,6	0,1	298	149
10064	2,2	2,1	0,6	1,4	298	149
10080	2,0	0,2	1,0	0,0	298	149
10081	0,0	2,0	1,0	0,2	298	149
10083	27,36	92,83	29,33	141,134	264	149
10084	29,27	205,198	35,42	212,194	249	149
10085	45,33	225,214	50,64	243,209	223	149
10086	61,63	4,4	91,108	4,3	298	149
10087	39,40	299,219	74,83	290,288	233	149
10099	0,1	156,120	0,0	156,157	258	149
10101	6,6	186,216	4,2	225,236	298	149
10103	2,8	86,43	1,2	60,58	298	149
10104	16,7	68,67	23,11	73,77	298	149
10107	2,2	0,0	0,1	1,0	298	149
10108	0,0	36,42	4,2	73,50	298	149
10109	3,2	537,475	3,6	618,586	298	149
10111	25,14	48,49	20,18	79,66	298	149
10112	18,12	0,0	14,18	1,3	298	149
10113	18,11	4,7	14,18	10,3	298	149
10114	7,5	69,104	8,2	94,77	270	149
10115	15,13	4,0	14,13	4,3	296	149
10116	15,13	59,67	7,9	100,63	240	149
10117	29,25	3,3	36,26	3,2	298	149
10118	27,25	72,58	37,24	70,95	298	149
10119	5,8	1,0	5,1	3,0	228	149
10120	7,14	7,6	8,4	14,11	251	149
10121	6,9	49,45	7,2	47,60	246	149
10122	9,11	0,0	3,7	0,3	298	149
10123	0,2	0,0	0,2	0,2	298	149
10127	257,182	2,5	283,327	10,1	298	149
10128	16,16	368,312	13,28	434,527	298	149
10131	105,114	13938,12519	101,77	16147,16689	253	149
10132	27,45	56,55	46,45	83,106	298	149
10133	103,87	5,8	76,78	10,7	298	149
10135	97,108	0,0	79,78	2,0	298	149
10136	72,58	55,27	49,54	21,36	298	149
10138	326,312	4,2	376,430	2,6	298	149
10139	197,183	4,0	240,258	7,5	298	149
10140	262,241	68,57	288,272	75,86	298	149
10141	7,15	301,301	17,11	400,415	298	149
10142	12,16	0,2	20,47	0,0	298	149
10143	186,186	4,2	202,225	11,6	298	149
10144	34,19	185,171	15,43	261,250	298	149
10145	27,24	1,2	17,26	4,8	298	149
10146	202,211	2,0	232,264	0,1	298	149
10147	50,44	4,4	45,82	1,4	298	149
10148	18,17	2,0	39,31	0,0	238	149
10149	20,28	146,180	53,42	219,234	298	149
10153	22,17	5,2	23,24	4,1	298	149
10154	35,21	3804,3794	46,32	4679,5175	298	149
10155	186,211	2676,2860	243,251	3459,4019	298	149
10156	1490,1558	24,24	1598,1873	29,26	298	149
10157	2211,2229	0,1	2300,2687	5,8	298	149
10158	2579,1885	0,0	1379,2063	1,2	298	149
10159	424,263	0,2	65,83	0,0	263	149
10165	2,3	188,115	4,2	110,122	298	149
10166	6,10	1,2	14,11	4,1	298	149
10167	25,34	382,443	51,36	497,529	298	149
10168	10,6	405,405	14,8	513,527	298	149
10169	9,10	3,3	8,8	4,9	298	149
10170	17,12	227,291	27,22	311,364	298	149
10171	14,11	6,4	25,26	3,8	298	149
10175	2,5	0,2	6,8	0,0	234	149
10176	31,26	86,71	32,38	97,90	298	149
10181	17,18	2,5	33,37	0,0	298	149
10182	0,4	18,26	0,1	35,23	298	149
10185	143,183	17,13	169,179	21,15	298	149
10186	134,180	236,219	164,173	188,245	298	149
10187	11,8	65,73	9,10	64,105	298	149
10189	24,21	15,12	22,23	5,18	298	149
10190	42,57	10,26	33,44	11,21	298	149
10195	5,4	132,106	2,3	107,110	259	149
10196	20,28	92,80	18,26	85,82	298	149
10197	12,18	11,4	11,15	5,8	262	149
10198	66,77	39,30	83,79	49,55	267	149
10199	66,77	55,45	83,80	65,65	275	149
10207	4,1	237,208	3,5	287,341	298	149
10208	2,9	129,160	1,6	178,182	298	149
10209	11,16	136,137	10,19	138,158	298	149
10210	0,1	2,4	6,4	3,8	298	149
10211	0,0	130,99	1,0	175,145	298	149
10212	22,22	4,3	23,34	6,16	298	149
10213	15,18	40,17	24,15	43,43	243	149
10214	136,138	4442,4488	156,144	5760,6632	298	149
10215	5,10	2044,1988	7,18	2279,2488	298	149
10217	27,21	1471,1625	35,37	2105,2172	298	149
10218	106,109	1442,1602	134,156	1819,1872	298	149
10219	77,75	2,1	93,112	2,2	298	149
10220	79,79	0,0	102,108	1,0	298	149
10221	26,36	0,6	30,42	0,2	298	149
10222	516,554	4,4	698,837	7,6	298	149
10223	61,66	1595,1672	63,85	2057,2465	298	149
10225	4,1	92,79	4,1	93,116	298	149
10227	7,12	48,60	13,15	71,70	298	149
10228	22,18	54,46	11,22	56,71	298	149
10229	18,15	4,3	13,23	2,1	298	149
10230	17,15	4,0	14,23	1,4	298	149
10231	39,44	0,0	27,28	0,1	298	149
10233	23,15	0,2	14,22	1,2	298	149
10235	18,12	1,0	17,23	2,0	298	149
10236	20,10	45,55	14,12	46,39	298	149
10237	0,5	78,66	7,5	88,77	298	149
10238	23,16	761,819	17,29	834,968	298	149
10240	0,0	2,0	0,2	5,2	258	149
10241	0,11	21,16	6,13	18,28	298	149
10242	2,2	56,52	4,4	58,75	243	149
10243	2,2	31,39	3,1	37,42	298	149
10245	2,2	31,28	3,2	17,25	247	149
10248	1,4	419,481	0,1	485,467	298	149
10249	4,8	399,375	12,15	396,441	298	149
10250	26,19	222,263	15,26	258,295	298	149
10251	2,5	1,2	0,1	0,2	298	149
10252	9,19	2,0	15,6	1,0	298	149
10257	9,4	0,0	3,2	1,0	298	149
10260	0,1	19,20	2,0	21,26	298	149
10262	14,10	227,191	7,12	219,241	298	149
10263	116,97	0,4	87,142	0,0	298	149
10264	2,7	347,427	9,14	455,499	298	149
10265	5,11	2,6	16,22	0,1	298	149
10266	5,1	1,0	7,7	0,0	298	149
10267	11,8	228,257	8,5	311,337	298	149
10268	23,25	450,447	32,37	432,527	298	149
10272	7,7	125,115	10,10	115,128	298	149
10273	345,323	5,4	330,344	5,2	247	149
10275	111,99	4330,3876	148,120	4843,4394	298	149
10276	12,5	19,29	20,6	42,29	298	149
10277	11,7	6,11	10,22	12,14	298	149
10279	11,7	0,0	11,20	0,4	248	149
10281	2,2	19,11	0,2	14,4	298	149
10282	11,2	7,4	2,2	0,5	284	149
10283	6,0	3,0	5,1	0,1	298	149
10284	137,117	91,95	77,106	95,69	298	149
10287	75,50	171,136	50,50	87,127	298	149
10289	6,8	36,41	11,4	46,36	298	149
10290	5,7	108,80	6,1	103,116	298	149
10291	11,12	90,63	4,5	26,42	229	149
10292	89,64	15,3	83,84	9,5	291	149
10293	79,61	11,4	72,80	7,8	270	149
10294	72,53	7,1	85,89	4,4	298	149
10295	66,59	1,0	81,90	0,0	298	149
10298	61,60	151,115	68,70	137,124	229	149
10299	28,30	119,104	30,26	107,136	237	149
10300	9,8	31,8	3,3	12,18	237	149
10301	104,97	1,0	97,117	0,2	298	149
10302	104,97	10,3	97,117	3,13	298	149
10304	145,120	2,8	149,106	4,5	298	149
10305	136,111	75,79	137,103	90,78	298	149
10306	77,50	36,29	75,59	11,6	298	149
10307	32,29	14,10	24,24	2,2	298	149
10318	17,26	275,203	16,29	184,265	298	149
10319	42,32	245,205	35,45	283,287	298	149
10320	34,43	1,0	35,52	0,0	298	149
10321	34,51	223,173	51,54	261,254	298	149
10322	145,117	0,0	121,163	0,1	298	149
10323	145,125	2,6	137,165	6,17	298	149
10325	14,14	3,5	23,32	1,3	231	149
10327	6,0	1,0	2,10	2,3	298	149
10328	8,10	154,130	1,9	75,132	298	149
10329	257,152	4,0	95,182	1,0	268	149
10330	17,12	11,10	9,6	19,18	298	149
10331	11,14	10,8	3,4	11,14	298	149
10332	7,9	8,5	8,2	10,11	267	149
10334	13,8	32,11	7,11	3,4	298	149
10335	14,12	4,1	8,13	0,1	298	149
10339	64,52	6,8	62,60	4,11	298	149
10340	51,55	1,3	57,54	4,4	298	149
10341	57,51	1,3	58,47	3,3	298	149
10343	38,59	3,2	57,46	2,2	298	149
10346	25,13	0,0	19,14	0,2	298	149
10347	8,1	2,0	2,6	4,2	298	149
10348	69,51	155,125	29,73	91,106	298	149
10349	10,17	396,369	7,10	383,510	298	149
10350	5,5	5,7	6,5	2,10	298	149
10351	5,8	523,478	11,7	589,664	298	149
10353	37,28	2,0	43,46	0,0	298	149
10354	31,18	353,368	24,34	400,458	298	149
10355	4,0	0,0	1,1	2,0	298	149
10356	181,150	1,0	181,227	0,0	298	149
10357	175,140	1,0	162,215	0,2	298	149
10358	28,21	10,4	13,16	1,5	298	149
10359	7,7	7,11	4,6	8,10	298	149
10363	60,87	0,0	111,116	3,2	242	149
10369	4,5	3,1	3,5	1,1	298	149
10370	105,137	3,0	136,130	3,2	298	149
10372	6,16	564,546	5,12	739,636	298	149
10373	14,8	610,560	11,10	674,630	298	149
10374	6,7	710,546	4,12	680,748	298	149
10376	55,44	374,357	47,56	425,450	283	149
10377	38,34	382,321	26,23	469,454	298	149
10378	21,23	470,433	47,34	491,535	278	149
10379	42,27	231,164	31,48	82,180	298	149
10380	24,24	7,0	10,27	4,2	298	149
10381	11,4	271,284	2,9	341,365	298	149
10382	15,8	2,2	0,8	6,3	298	149
10383	10,10	276,266	6,11	286,370	298	149
10384	30,32	11,2	23,33	1,4	298	149
10385	29,33	226,221	21,36	228,256	298	149
10386	1,2	90,90	2,2	122,112	298	149
10387	8,7	1,7	21,11	1,2	298	149
10388	1,3	70,74	3,1	97,75	298	149
10389	8,16	55,55	14,14	75,73	298	149
10390	8,5	75,90	10,6	68,100	234	149
10392	4,3	0,0	3,4	0,2	298	149
10393	10,5	0,2	8,6	2,1	298	149
10394	4,3	59,67	3,4	50,77	298	149
10395	1,2	61,71	1,0	54,62	234	149
10396	1,3	97,97	1,1	78,117	298	149
10399	0,0	1,0	8,3	0,0	298	149
10400	0,0	0,3	6,0	2,1	298	149
10402	3,1	243,205	1,3	304,339	298	149
10403	6,2	287,267	3,4	289,364	298	149
10404	11,19	298,224	14,25	274,282	298	149
10410	24,14	3,3	18,13	3,7	298	149
10411	2,0	6,4	2,1	2,9	298	149
10412	123,109	2,2	109,118	2,5	298	149
10414	21,13	88,58	14,21	100,71	298	149
10420	28,27	2,3	29,42	3,4	298	149
10421	56,40	8,1	46,59	6,8	298	149
10422	68,62	0,2	66,71	0,0	298	149
10423	206,178	14,20	187,208	14,16	298	149
10424	217,160	92,77	168,184	109,124	298	149
10430	0,1	9,6	0,3	11,7	298	149
10431	0,0	7,8	0,1	11,7	298	149
10432	2,3	5,5	3,6	14,8	298	149
10434	0,2	0,2	1,5	3,0	298	149
10435	0,0	6,10	0,1	22,6	298	149
10436	2,2	7,4	2,2	11,9	298	149
10439	0,1	0,3	2,3	0,6	298	149
10440	0,1	14,5	4,2	5,11	298	149
10441	12,11	436,488	16,9	434,479	298	149
10447	0,0	1,0	1,2	0,0	298	149
10450	85,104	0,1	125,113	0,0	298	149
10454	52,60	0,1	60,65	0,0	298	149
10455	615,504	14211,12144	624,694	17357,17851	298	149
10456	8987,7697	71,84	11446,12190	137,118	298	149
10458	6,9	232,203	10,12	301,254	298	149
10459	20,27	0,0	25,29	2,0	298	149
10460	0,0	6,6	8,0	3,7	298	149
10461	1,3	2,0	7,12	1,1	298	149
10462	1,2	195,159	11,8	198,207	298	149
10463	19,14	389,370	16,15	429,473	298	149
10464	0,0	1,0	0,1	0,0	274	149
10470	20,23	9,4	16,10	12,13	253	149
10471	24,26	75,92	20,23	102,94	298	149
10472	22,24	3,2	23,27	1,4	298	149
10473	4,7	128,135	0,5	141,168	298	149
10474	67,64	4,3	42,54	3,9	298	149
10475	51,29	1040,982	29,40	1044,1084	258	149
10479	25,20	72,69	9,26	58,93	298	149
10480	2,1	0,1	5,3	3,0	298	149
10481	65,63	92,98	51,40	116,86	298	149
10482	23,22	3,6	27,27	8,8	259	149
10483	24,22	1241,1053	30,29	1327,1624	280	149
10487	8,0	50,26	2,3	33,28	298	149
10489	2,0	15,15	1,3	11,16	298	149
10491	15,3	292,208	13,16	136,283	298	149
10492	110,122	4428,4494	124,119	5599,6331	298	149
10493	48,71	3962,3840	73,63	4987,6109	298	149
10495	51,37	3690,3171	72,93	3930,4233	246	149
10496	421,407	0,1	475,557	0,0	244	149
10497	15,14	3380,3241	29,20	3838,4169	298	149
10498	74,82	409,427	121,133	511,618	298	149
10499	75,86	1284,1191	112,127	1528,1639	298	149
10500	17,20	6,6	19,25	6,13	298	149
10501	0,0	118,110	3,1	123,158	298	149
10503	7,4	0,0	4,2	0,2	298	149
10504	29,36	0,0	38,30	0,3	298	149
10505	8,8	75,93	10,4	104,102	298	149
10506	5,7	6,11	5,4	14,18	298	149
10507	48,52	5,2	28,50	2,6	298	149
10508	13,16	7,1	13,24	6,6	298	149
10509	2,5	0,1	1,4	2,0	298	149
10510	7,5	2,1	12,12	1,2	262	149
10513	25,27	0,1	10,17	0,0	298	149
10515	1,0	1,0	1,2	0,0	298	149
10517	1,1	0,0	0,0	1,0	298	149
10521	152,145	7,1	196,187	3,7	298	149
10522	2,1	78,48	1,3	71,93	232	149
10523	4,7	159,176	6,4	165,153	250	149
10527	190,227	4850,4621	322,304	5786,6329	298	149
10528	110,117	2956,2407	143,152	3114,3939	235	149
10529	142,154	0,1	202,197	0,1	298	149
10530	147,203	2424,1740	202,234	2566,3376	283	149
10531	369,264	2,2	459,516	0,4	263	149
10532	385,272	3,4	469,538	3,3	269	149
10534	6860,6080	4,2	6961,7586	5,4	179	149
10535	15,8	2,6	21,18	8,4	298	149
10537	13,31	1115,1134	31,28	1191,1371	298	149
10539	406,302	1,2	382,375	3,0	298	149
10540	636,602	1,3	680,710	4,0	217	149
10541	10,4	1,0	8,5	2,2	298	149
10546	8,1	5,4	2,0	6,10	282	149
10548	3,1	11,6	0,0	8,13	298	149
10551	5,0	10,2	0,2	11,7	295	149
10552	5,0	0,0	0,2	1,0	283	149
10553	3,0	7,6	0,0	12,6	298	149
10561	7,8	49,34	4,6	11,33	265	149
10562	6,6	139,101	2,5	61,115	225	149
10563	4,9	6,10	7,15	8,1	298	149
10564	6,8	213,162	7,16	160,216	235	149
10566	15,15	0,0	11,22	2,1	238	149
10567	23,20	8,15	14,12	28,29	298	149
10568	38,40	209,182	34,31	251,320	298	149
10569	26,17	246,248	14,37	318,368	222	149
10570	66,65	30,18	65,90	22,47	239	149
10571	31,27	47,37	12,15	11,28	231	149
10572	67,50	0,0	26,36	1,2	263	149
10573	6,2	206,163	0,3	96,132	230	149
10574	16,13	128,76	16,19	37,54	253	149
10575	27,15	227,206	19,16	157,177	285	149
10578	7,0	5,7	0,2	7,2	298	149
10579	0,0	7,17	0,2	4,14	230	149
10581	3,0	9,18	1,2	8,16	250	149
10583	5,2	11,4	0,0	7,1	258	149
10585	1,0	0,0	5,4	0,1	221	149
10586	7,5	0,1	0,3	0,0	298	149
10587	2,3	6,1	5,6	1,4	298	149
10588	13,3	9,4	0,7	3,3	298	149
10589	10,1	23,15	0,12	6,22	298	149
10590	28,20	494,392	12,31	423,577	238	149
10592	2,3	286,292	2,3	254,314	248	149
10593	59,46	101,74	59,76	105,97	298	149
10594	34,32	294,277	24,15	319,355	298	149
10595	38,23	448,372	50,52	468,496	289	149
10596	259,252	263,250	262,333	329,309	298	149
10597	8,9	0,2	2,3	0,0	298	149
10599	18,6	29,16	13,20	10,13	298	149
10600	8,7	23,26	3,3	22,29	298	149
10602	11,7	24,18	4,8	28,19	220	149
10603	7,2	1916,1703	12,13	2110,2139	298	149
10610	5,2	199,186	1,1	146,182	298	149
10612	17,14	336,289	27,30	336,340	298	149
10613	26,16	3,13	20,23	4,8	298	149
10617	15,7	2,0	1,1	1,0	298	149
10627	109,145	8,3	88,93	3,16	298	149
10628	3,7	8,10	5,1	5,9	250	149
10629	0,0	4,0	0,6	2,0	298	149
10632	112,108	2,1	113,126	14,6	298	149
10633	1,0	1,0	4,2	0,1	298	149
10635	2,1	568,550	4,5	705,803	298	149
10636	1,0	1,0	2,3	0,0	298	149
10638	6,4	697,736	4,8	859,963	298	149
10639	364,392	3,6	465,479	5,6	298	149
10640	2,8	612,543	1,1	681,798	298	149
10641	2,8	1,1	1,0	0,1	298	149
10643	460,355	2,10	547,605	14,12	298	149
10644	473,414	3,3	490,540	3,3	298	149
10645	457,389	0,0	486,505	0,2	298	149
10646	147,118	5,10	169,199	8,6	298	149
10647	42,30	26,23	38,48	10,14	298	149
10649	154,106	1981,1968	157,161	2114,2447	298	149
10650	3554,3428	3,6	4085,4221	3,5	298	149
10651	273,258	39,17	292,356	55,49	298	149
10652	3569,3436	3,0	4104,4247	5,9	298	149
10653	288,266	5121,4668	311,382	6127,6582	298	149
10654	4112,3473	0,0	4235,4339	0,1	298	149
10655	33,27	11,4	9,19	2,5	298	149
10656	35,39	0,0	34,44	1,0	298	149
10657	38,38	0,0	36,46	0,3	298	149
10662	5,4	0,1	2,6	1,1	298	149
10665	17,6	66,65	9,9	59,57	298	149
10666	34,28	520,436	21,24	605,558	298	149
10667	0,0	12,1	0,1	3,3	298	149
10668	21,17	7,3	9,15	15,5	298	149
10669	0,0	15,6	0,2	15,20	298	149
10672	8,4	132,135	9,9	128,125	298	149
10673	2,2	122,118	3,9	145,138	298	149
10675	17,18	1,0	18,18	0,0	257	149
10677	0,1	1,0	0,2	6,9	298	149
10678	11,13	184,117	26,23	136,179	274	149
10680	8,5	0,2	5,12	2,0	288	149
10684	24,22	57,85	46,45	61,70	298	149
10685	25,23	0,0	45,49	0,1	298	149
10686	1,9	76,89	8,10	92,96	250	149
10687	0,13	14,9	3,13	13,6	298	149
10688	3,5	40,16	1,2	14,29	298	149
10696	568,601	13,17	671,740	27,22	298	149
10697	3,7	1,0	2,2	0,0	298	149
10700	34,41	159,119	32,60	95,125	219	149
10701	1,5	140,108	6,1	43,111	298	149
10702	208,176	14,18	264,294	16,14	298	149
10706	254,202	2,0	234,266	3,4	298	149
10707	2,3	14,21	4,4	18,11	250	149
10708	2,3	12,8	4,4	21,13	254	149
10709	4,5	0,0	10,17	2,2	289	149
10711	218,237	6923,6245	273,291	7870,8873	298	149
10712	6,3	0,0	1,2	0,3	298	149
10713	1,0	4,0	0,1	0,3	298	149
10714	3,3	4,4	1,3	7,11	221	149
10715	19,7	2,0	25,21	3,1	298	149
10716	23,14	352,291	10,11	287,334	298	149
10718	0,3	2,3	2,3	0,0	222	149
10720	169,168	10,9	174,183	5,7	264	149
10722	185,188	4,4	193,208	3,3	245	149
10728	4,7	19,22	5,10	20,33	298	149
10730	0,6	0,5	2,0	2,5	298	149
10731	0,3	31,28	0,2	28,35	298	149
10732	0,0	1,0	1,0	0,4	298	149
10733	19,18	65,102	13,23	97,110	298	149
10734	17,21	1,4	15,19	0,0	298	149
10735	26,18	72,49	13,17	36,50	298	149
10736	22,15	25,14	23,10	26,27	298	149
10737	26,18	5,2	19,10	4,1	298	149
10745	10,12	11,16	4,5	2,6	233	149
10746	14,12	302,225	23,18	314,321	298	149
10747	93,77	0,0	61,79	1,0	298	149
10749	76,96	247,219	90,94	268,300	298	149
10750	103,102	15,18	83,90	10,10	298	149
10752	11,6	190,191	8,13	188,203	298	149
10753	3,4	274,187	6,7	189,203	232	149
10756	37,26	0,1	35,35	0,0	243	149
10757	23,24	377,277	25,30	348,361	298	149
10758	16,16	0,2	13,37	2,1	298	149
10761	16,15	34,48	12,20	40,23	298	149
10762	12,20	29,19	8,13	16,13	276	149
10764	11,5	41,33	4,6	28,26	239	149
10766	7,9	34,47	7,12	46,49	240	149
10767	12,5	2,0	4,0	3,4	222	149
10768	12,5	1,0	5,3	1,0	232	149
10769	16,5	1,2	9,3	2,0	270	149
10770	3,10	0,0	7,1	1,1	298	149
10771	0,1	3,0	4,3	1,0	298	149
10772	0,1	3,0	4,2	2,0	298	149
10773	380,344	0,0	447,523	2,1	218	149
10774	235,201	6,14	240,231	12,8	267	149
10780	0,4	0,1	2,0	0,0	279	149
10785	96,68	17,6	126,133	24,23	298	149
10786	172,181	58,48	178,183	41,35	298	149
10797	17,15	112,103	9,6	93,116	243	149
10800	10,2	6,9	6,3	4,9	298	149
10801	15,19	403,407	24,21	500,489	298	149
10802	106,97	307,282	106,125	407,384	298	149
10804	5,11	24,16	9,6	4,13	298	149
10806	8,15	12,4	11,14	19,18	229	149
10807	0,1	66,41	0,0	81,83	298	149
10809	10,3	379,388	9,7	404,407	298	149
10813	2,1	2,3	0,3	2,3	298	149
10814	9,14	8,1	2,15	2,2	232	149
10815	9,15	0,0	2,15	1,0	258	149
10817	282,250	7,6	303,304	7,6	239	149
10819	1,2	2,0	3,0	0,0	244	149
10821	86,83	1,0	55,73	1,0	298	149
10822	40,17	49,34	37,34	27,43	241	149
10823	94,35	27,20	71,67	12,18	298	149
10824	3,4	545,491	3,4	538,641	242	149
10825	160,101	4,4	111,150	4,14	271	149
10828	6,4	45,18	7,8	12,18	298	149
10830	54,51	3240,3000	69,93	4088,4671	298	149
10831	48,49	2234,2211	64,67	3057,3276	298	149
10832	30,25	1692,1605	26,33	2501,2831	298	149
10833	129,126	0,1	149,181	1,5	298	149
10834	10,4	55,39	2,0	37,40	245	149
10835	60,65	0,2	61,66	2,4	298	149
10836	5,2	87,65	5,1	97,85	227	149
10838	68,91	1,0	76,95	0,0	298	149
10839	58,75	4,7	75,83	3,10	256	149
10840	279,266	2,2	207,267	2,0	298	149
10841	263,250	0,2	206,256	4,3	298	149
10842	241,207	4150,3342	241,276	3469,4027	298	149
10843	132,102	0,0	102,137	0,1	298	149
10845	0,5	6,3	2,2	5,13	298	149
10846	2,2	1,3	1,2	1,5	252	149
10847	37,42	7,8	31,47	5,15	298	149
10858	20,13	1252,1053	38,26	1319,1207	298	149
10859	29,37	520,399	29,36	346,427	245	149
10860	111,103	662,550	103,97	436,556	270	149
10861	8,20	689,643	27,41	782,794	236	149
10862	7,11	0,7	28,28	1,0	298	149
10863	16,15	610,526	37,36	774,703	265	149
10864	69,44	1,0	55,94	1,0	275	149
10867	28,30	1,0	21,30	0,0	298	149
10869	15,8	323,286	9,12	311,354	234	149
10870	16,11	115,104	13,12	83,112	236	149
10871	262,156	32,23	106,160	16,8	298	149
10872	68,32	1088,842	43,41	1121,1128	298	149
10873	94,81	555,423	79,101	584,588	298	149
10875	235,192	36738,30245	144,222	31830,37968	234	149
10876	49,35	362,298	29,46	343,343	298	149
10877	232,163	0,0	196,244	0,1	298	149
10878	41,34	71,57	38,42	99,63	298	149
10879	12,7	304,240	15,9	347,367	298	149
10880	0,3	304,318	9,4	381,403	251	149
10882	32,39	1,0	30,58	0,0	263	149
10883	34,40	100,85	33,65	96,106	276	149
10884	97,94	48,45	91,97	34,20	298	149
10885	52,59	70,43	41,40	67,48	235	149
10887	2,4	0,0	4,3	1,0	222	149
10888	5,0	33,24	5,6	47,61	298	149
10891	1,3	0,4	0,2	0,3	298	149
10892	3,6	127,120	6,3	111,129	298	149
10893	17,10	116,66	15,16	87,115	298	149
10894	8,8	0,0	3,4	0,1	298	149
10896	5,7	167,139	13,8	155,161	298	149
10898	6,10	3,6	1,9	4,14	298	149
10899	15,21	727,772	18,10	914,940	298	149
10900	40,41	1062,911	25,41	1079,1129	229	149
10901	158,164	39,41	179,164	45,18	298	149
10902	222,213	839,778	235,244	823,987	298	149
10903	96,101	2,0	86,91	6,3	298	149
10907	500,526	7193,6777	560,614	7632,8409	258	149
10908	408,466	11,11	504,510	17,16	298	149
10915	0,2	1,5	2,0	1,6	298	149
10917	1,2	0,0	1,1	1,0	257	149
10918	1,0	2,11	1,1	13,15	251	149
10919	1,0	0,4	1,1	0,0	220	149
10922	5,9	0,0	5,4	0,1	298	149
10928	14,15	1,2	21,21	3,4	298	149
10931	3,1	21,16	4,4	16,29	298	149
10933	83,73	0,1	80,79	0,2	298	149
10934	84,70	0,6	88,76	2,2	298	149
10935	20,19	30,19	21,25	32,27	298	149
10937	3,6	44,61	3,5	62,83	298	149
10938	1,0	0,0	1,1	1,0	298	149
10940	14,21	1363,1132	18,20	1436,1667	298	149
10941	16,25	43,46	20,23	54,99	298	149
10942	3,19	115,91	12,12	95,118	298	149
10943	27,40	133,136	27,36	181,232	298	149
10944	1,4	0,0	4,3	2,0	255	149
10945	29,3	14,4	8,18	6,8	298	149
10946	56,43	1168,894	39,33	889,1204	298	149
10947	27,24	3618,2871	33,18	3064,3525	222	149
10948	763,655	4921,4283	566,573	4772,5517	298	149
10949	522,456	65,77	367,433	40,72	244	149
10961	3,5	0,1	3,3	0,0	294	149
10962	198,158	3,0	206,248	3,0	298	149
10963	15,6	87,52	6,24	31,71	298	149
10964	47,41	0,0	56,47	0,2	298	149
10969	26,19	43,52	5,20	82,104	298	149
10970	37,18	38,39	19,38	55,43	298	149
10971	32,24	100,67	19,29	49,78	298	149
10972	61,53	6,2	27,51	1,7	298	149
10974	118,108	968,784	102,109	1014,936	298	149
10975	32,22	985,716	17,23	871,817	298	149
10976	24,16	2,0	16,15	0,0	298	149
10977	4,3	716,548	8,7	829,859	298	149
10979	18,18	642,568	19,29	776,825	298	149
10980	124,103	0,1	163,150	1,0	298	149
10981	25,22	2,0	35,34	2,2	298	149
10982	33,41	645,569	50,46	694,780	298	149
10983	16,19	1,3	29,23	0,0	298	149
10989	1,2	22,20	3,4	24,36	298	149
10990	10,11	435,257	12,11	318,367	252	149
10997	22,16	104,137	14,30	132,163	298	149
11004	26,24	0,7	14,24	1,3	277	149
11005	5,4	514,584	4,4	614,780	298	149
11007	0,1	22,37	5,2	23,34	298	149
11008	5,0	76,83	5,0	117,97	298	149
11011	3,0	2,1	0,0	1,1	298	149
11014	13,11	187,185	6,8	231,228	284	149
11015	5,12	11,7	11,8	10,20	298	149
11016	22,14	248,209	27,22	246,260	222	149
11017	50,49	287,202	77,77	159,239	298	149
11018	16,9	74,83	11,23	107,89	298	149
11022	10,5	67,39	4,6	17,45	298	149
11023	19,10	46,38	21,32	37,33	298	149
11024	9,2	4,2	1,0	4,4	217	149
11025	12,10	289,225	5,0	126,231	241	149
11027	18,14	281,188	10,16	122,237	298	149
11029	5,1	0,0	8,8	2,1	298	149
11031	15,12	0,0	27,30	1,2	245	149
11034	5,6	0,0	1,4	1,0	298	149
11037	558,472	0,0	618,692	1,0	298	149
11038	598,487	3,2	647,712	0,3	298	149
11039	52,43	324,290	64,61	344,399	298	149
11040	172,130	238,222	207,174	269,257	298	149
11041	28,27	398,295	36,55	326,335	298	149
11042	5,15	0,1	8,13	0,0	298	149
11044	0,0	0,2	0,1	0,0	298	149
11045	42,27	148,111	27,49	156,151	298	149
11046	80,48	0,0	59,79	2,2	298	149
11047	15,21	220,197	25,26	180,224	298	149
11048	118,98	66,74	127,108	93,82	298	149
11049	20,34	1,0	39,35	0,0	298	149
11051	0,1	15,15	0,4	5,3	249	149
11054	4,1	109,146	0,0	148,136	298	149
11055	53,49	2501,2695	68,53	3269,3468	298	149
11057	50,30	0,0	23,32	0,2	298	149
11058	52,31	19,5	23,33	6,11	298	149
11063	3,12	1,2	11,13	0,0	298	149
11064	3,11	0,3	10,14	7,8	298	149
11068	17,18	21,26	11,20	19,25	298	149
11069	3,0	12,10	0,1	12,12	298	149
11070	0,0	0,1	2,0	0,0	298	149
11075	7,8	190,177	8,8	146,184	225	149
11076	4,4	5,19	2,1	12,8	298	149
11077	27,17	4,2	5,15	4,6	298	149
11080	5,0	65,72	1,0	72,90	298	149
11081	0,1	91,103	2,2	98,111	298	149
11084	3,9	1,0	4,3	1,0	298	149
11087	38,29	0,0	27,40	2,1	235	149
11089	5,7	5,8	5,12	7,6	298	149
11092	6,8	10,7	18,13	2,11	298	149
11093	8,5	1,0	19,16	0,0	298	149
11095	11,12	1,0	24,17	2,0	298	149
11096	13,9	0,2	25,20	0,0	298	149
11100	0,3	19,19	1,0	2,15	245	149
11101	6,9	656,635	12,23	747,840	262	149
11104	1,0	2,0	0,0	3,4	298	149
11117	2,5	146,111	0,1	166,172	298	149
11118	3,3	192,160	4,4	190,212	298	149
11119	10,17	147,125	13,17	201,183	298	149
11120	33,49	0,1	60,58	0,0	298	149
11128	20,13	2,3	8,16	4,1	298	149
11131	43,38	1,5	34,41	3,0	223	149
11134	4,0	0,0	0,0	1,0	298	149
11135	1,0	2,0	0,0	4,0	298	149
11138	18,21	9,6	3,11	0,5	298	149
11142	45,42	59,50	43,38	53,49	238	149
11143	13929,13491	118,111	16412,16953	134,169	197	149
11144	14286,13765	19,18	16864,17449	23,29	253	149
11145	230,226	20612,19992	233,199	24920,25711	244	149
11146	805,758	1,0	784,781	0,1	298	149
11147	930,925	29088,27494	967,949	35113,36643	238	149
11148	115,139	23275,23798	103,97	28382,28569	232	149
11149	492,530	20767,20368	631,596	26653,28815	257	149
11150	1174,1140	0,1	1319,1471	2,0	298	149
11151	124,113	21648,21124	137,159	26843,30620	298	149
11153	35,31	360,356	23,32	394,404	298	149
11154	1,0	20,13	2,1	14,20	298	149
11157	146,140	2,0	150,165	0,3	298	149
11158	141,149	1940,1676	151,160	2030,2154	298	149
11159	181,189	14,12	192,191	8,17	298	149
11160	257,282	4,6	344,339	2,6	298	149
11161	133,149	4079,3751	179,199	4393,4624	298	149
11162	244,218	4519,4116	219,258	4736,5104	269	149
11163	379,372	0,0	399,423	0,2	298	149
11164	458,450	3719,3747	549,634	4108,4514	298	149
11165	1578,1447	30,19	1583,1872	34,32	298	149
11167	26,12	32,23	11,26	7,15	298	149
11171	2,0	11,4	2,4	5,1	298	149
11172	2,0	0,0	2,4	0,1	272	149
11173	38,10	300,320	16,28	251,306	230	149
11174	8,8	410,282	3,2	195,304	228	149
11175	21,8	523,380	16,20	475,591	233	149
11176	28,12	413,286	13,26	416,452	237	149
11178	10,6	132,147	12,11	188,154	298	149
11179	21,13	2,4	19,22	0,0	298	149
11180	13,1	161,117	7,13	193,195	298	149
11181	9,5	215,203	12,8	220,258	298	149
11183	20,14	2,0	22,14	0,1	298	149
11184	25,23	194,226	27,28	273,272	298	149
11185	33,29	10,8	29,30	14,14	298	149
11187	20,21	246,294	14,21	252,278	298	149
11188	20,21	0,0	15,23	1,0	298	149
11189	11,18	6,5	14,35	6,9	298	149
11191	11,17	388,445	14,35	439,483	298	149
11192	27,26	49,83	29,27	64,59	298	149
11193	26,25	501,559	31,27	576,675	227	149
11194	44,49	4,7	47,41	11,19	234	149
11195	24,25	2,4	27,17	2,2	203	149
11196	12,18	15,13	12,22	16,6	298	149
11197	25,26	476,489	15,26	522,626	252	149
11198	20,27	0,0	28,29	0,1	298	149
11200	348,307	2,0	365,410	0,4	298	149
11204	232,218	95,86	292,315	106,112	298	149
11205	39,25	0,0	29,43	0,2	298	149
11206	231,217	6,0	291,310	2,2	298	149
11208	6,3	5,0	2,2	0,0	298	149
11209	0,12	4,0	5,5	1,1	232	149
11210	24,21	15,0	18,31	1,3	268	149
11211	16,14	138,176	16,19	194,238	298	149
11212	14,16	0,0	15,22	0,1	298	149
11213	12,12	142,177	10,15	190,213	298	149
11214	7,0	133,139	6,1	155,182	298	149
11215	10,6	100,117	1,2	142,126	298	149
11216	2,0	86,83	2,0	136,116	298	149
11217	26,19	157,127	11,13	141,101	298	149
11219	0,0	58,38	0,1	33,36	298	149
11220	2,0	38,30	0,1	47,30	298	149
11221	3,3	147,126	3,7	152,168	298	149
11226	130,113	819,836	145,175	1038,1133	298	149
11228	12,25	0,0	14,22	1,1	298	149
11230	120,78	340,333	45,83	260,366	298	149
11231	4,1	33,35	5,2	37,45	298	149
11232	0,0	25,13	4,8	29,24	298	149
11233	1,0	11,29	1,2	18,26	298	149
11235	170,141	220,191	158,163	284,317	298	149
11236	9,21	30,20	8,6	31,25	298	149
11237	4,9	139,162	0,4	158,201	298	149
11239	32,43	2,0	26,49	1,1	298	149
11240	21,25	46,24	14,30	48,44	298	149
11241	22,28	0,4	18,29	1,1	298	149
11242	24,5	336,308	9,21	375,414	298	149
11243	4,3	208,143	3,3	165,171	239	149
11245	6,10	1,2	8,8	0,0	298	149
11246	1658,1363	8,15	1330,1615	10,9	298	149
11247	1817,1479	20,15	1407,1751	10,5	298	149
11248	2,1	82,70	2,0	99,88	298	149
11250	0,0	2,3	1,0	3,2	298	149
11253	2,1	4,1	0,0	1,0	298	149
11255	57,82	0,2	83,89	2,2	225	149
11256	192,142	1,2	168,239	3,7	298	149
11257	2431,2431	20,11	3570,3625	7,13	298	149
11258	7,5	71,63	4,10	81,71	298	149
11259	0,0	17,10	2,2	21,27	298	149
11260	1,4	0,0	0,6	0,1	298	149
11261	1,4	22,32	1,6	20,29	298	149
11262	0,10	0,1	0,1	0,0	298	149
11263	1,6	20,12	2,0	18,27	298	149
11269	1,0	77,117	0,2	113,79	298	149
11273	5,4	341,355	7,5	389,441	298	149
11275	4,2	125,93	1,5	72,91	230	149
11276	2,3	164,137	1,1	132,181	217	149
11277	37,36	3,0	26,23	0,0	248	149
11278	8,5	147,103	5,8	112,116	298	149
11281	2,4	1,0	0,3	0,0	258	149
11282	0,4	13,12	0,0	2,2	247	149
11285	14,13	1,0	18,10	3,3	237	149
11286	1,0	126,94	5,0	96,109	220	149
11288	8,2	124,71	7,16	139,144	220	149
11289	11,4	158,113	5,11	145,172	230	149
11290	22,10	3,0	12,31	0,4	242	149
11291	2,6	103,100	2,9	97,100	298	149
11293	4,15	4,2	0,1	2,0	298	149
11294	3,7	40,16	0,0	7,8	298	149
11295	1,4	13,3	1,0	4,5	298	149
11296	3,0	30,39	0,0	3,28	298	149
11297	8,7	0,2	1,5	0,2	298	149
11298	5,1	0,0	4,0	0,1	298	149
11300	7,8	108,91	1,1	48,68	298	149
11301	0,4	50,45	1,0	42,37	226	149
11302	55,30	0,1	40,39	0,0	287	149
11303	2,1	30,30	0,1	11,18	298	149
11304	52,71	1,2	50,72	0,0	298	149
11305	25,46	0,0	30,49	1,1	255	149
11306	0,8	104,127	2,3	133,114	224	149
11307	1,0	3,3	0,1	0,3	237	149
11308	1,0	104,80	0,1	95,91	232	149
11309	11,4	1,4	5,12	5,11	241	149
11310	64,51	8,9	51,77	6,4	298	149
11311	5,7	110,73	4,2	81,87	244	149
11312	3,3	31,24	1,1	18,29	241	149
11314	3,5	92,70	2,5	101,99	298	149
11316	185,233	8,4	225,257	21,9	263	149
11317	70,58	2452,2345	86,115	2649,2731	298	149
11318	0,0	3,1	2,0	7,4	298	149
11329	2,2	19,28	2,4	39,29	298	149
11330	2,0	17,29	1,0	42,45	298	149
11331	12,15	17,13	13,10	15,15	298	149
11343	8,0	0,2	10,4	0,0	298	149
11344	34,35	607,587	33,41	774,714	298	149
11354	9,4	360,304	5,8	252,328	298	149
11355	3,3	9,17	2,4	4,5	298	149
11356	18,24	1,0	27,28	0,0	298	149
11357	26,30	37,62	43,35	56,89	298	149
11358	5,1	61,57	4,3	71,90	298	149
11359	7,1	4,1	6,5	1,8	298	149
11360	3,4	266,287	8,7	339,330	298	149
11374	0,1	84,61	3,0	74,67	298	149
11375	0,1	53,76	1,3	78,73	298	149
11377	2,0	2,0	0,1	0,0	298	149
11378	5,5	1,0	4,10	0,1	298	149
11379	20,7	311,288	13,26	346,327	236	149
11380	6,6	4,0	5,3	1,10	296	149
11383	13,11	70,45	3,13	30,37	289	149
11385	11,12	0,1	3,13	0,0	298	149
11386	6,2	5,9	1,1	2,1	298	149
11390	10,14	0,2	23,10	1,2	298	149
11392	2,4	3,0	2,0	0,5	237	149
11393	2,4	0,0	2,0	0,2	214	149
11394	2,4	1,4	2,0	0,2	241	149
11395	2,2	15,12	0,4	29,34	298	149
11399	1,1	46,44	3,4	51,65	298	149
11400	18,14	11,15	14,20	31,21	298	149
11401	18,14	0,0	13,24	1,0	298	149
11402	2,1	0,0	3,4	0,1	298	149
11403	1,1	5,1	0,2	3,3	298	149
11404	0,0	14,9	3,1	12,22	298	149
11405	2,1	0,0	0,2	0,1	298	149
11410	2,0	1,0	2,1	1,3	298	149
11411	6,0	1,1	0,2	1,1	298	149
11414	8,10	88,79	3,2	99,85	221	149
11416	65,51	19,14	37,45	27,29	286	149
11418	47,41	0,0	31,31	0,2	243	149
11435	23,19	0,1	31,25	0,0	298	149
11438	8,3	45,39	2,14	38,39	298	149
11439	0,0	38,22	3,1	20,41	229	149
11444	98,129	1540,1462	142,119	1876,1867	224	149
11445	146,158	1120,1096	173,210	1408,1452	298	149
11446	139,141	308,340	133,138	391,449	298	149
11448	1,0	21,18	0,0	14,26	298	149
11449	0,2	0,3	0,2	0,1	298	149
11450	0,2	0,0	0,0	1,0	298	149
11452	5,7	41,24	6,3	59,55	298	149
11453	37,31	55,33	33,38	26,47	298	149
11454	0,1	11,15	0,2	5,29	298	149
11456	10,9	517,501	12,26	529,533	298	149
11457	56,39	421,364	27,45	336,429	298	149
11458	27,15	428,342	18,25	271,357	218	149
11459	30,18	627,464	23,34	613,599	229	149
11460	10,10	421,267	9,15	179,288	240	149
11461	4,3	181,125	8,11	209,203	298	149
11463	16,10	224,306	21,18	350,345	298	149
11464	20,18	216,290	14,28	353,331	240	149
11465	7,15	0,0	11,25	0,1	298	149
11466	22,26	0,0	6,8	0,3	298	149
11468	35,16	79,73	9,18	36,62	220	149
11472	3,0	171,129	6,3	135,164	298	149
11474	1,0	4,1	0,0	0,2	222	149
11477	1,3	0,0	0,0	1,0	298	149
11479	8,14	371,414	15,13	488,571	298	149
11480	0,0	33,29	1,0	35,40	298	149
11485	5,3	1,4	2,1	4,6	298	149
11486	7,4	5,3	4,4	0,2	298	149
11488	21,11	39,25	21,11	31,40	298	149
11489	60,42	5,4	49,67	5,1	298	149
11490	59,55	2,1	51,63	3,2	298	149
11491	5,6	398,321	2,4	400,424	298	149
11492	7,10	18,26	4,2	18,17	298	149
11493	71,51	352,321	58,48	432,316	298	149
11494	46,33	4,0	36,34	2,6	298	149
11495	29,16	334,287	28,15	426,437	298	149
11496	26,41	294,258	35,37	272,277	298	149
11497	28,17	322,359	15,29	446,488	298	149
11498	10,6	18,7	4,15	15,6	298	149
11511	0,0	24,13	3,0	31,31	298	149
11512	1,1	32,27	1,0	52,48	298	149
11513	4,3	0,0	5,3	0,2	298	149
11514	64,42	0,0	58,64	0,2	298	149
11515	68,43	0,0	58,60	2,0	298	149
11516	66,43	1,2	59,60	2,1	298	149
11526	120,115	37,44	192,195	66,84	298	149
11527	17,19	174,143	24,22	234,219	236	149
11529	18,17	0,2	9,4	1,1	298	149
11531	7,9	80,66	11,7	72,107	298	149
11532	5,7	1,3	10,5	1,2	298	149
11533	17,10	2,7	23,21	0,1	298	149
11534	14,6	103,90	19,15	107,120	298	149
11536	4,3	0,0	3,4	1,0	298	149
11537	116,131	271,249	149,171	249,320	291	149
11538	120,135	94,107	156,174	98,122	294	149
11539	71,59	617,576	40,55	560,652	232	149
11544	21,24	12,13	3,20	9,11	298	149
11547	62,29	155,165	28,47	180,152	298	149
11548	210,165	6,0	172,235	4,3	298	149
11549	45,41	1304,1370	74,67	1474,1597	225	149
11550	54,34	1163,1181	79,68	1452,1636	298	149
11551	126,98	276,257	106,149	183,246	298	149
11552	232,176	400,334	127,183	241,354	298	149
11555	29,20	40,31	4,19	10,18	298	149
11556	106,67	96,77	41,75	38,61	298	149
11557	38,27	151,156	29,21	83,153	298	149
11558	75,46	113,115	36,47	93,147	298	149
11568	59,45	0,1	65,67	0,1	298	149
11569	77,74	0,0	83,71	0,1	298	149
11570	90,64	62,43	89,81	25,46	298	149
11571	14,10	20,13	15,8	20,17	298	149
11572	66,38	0,0	90,88	0,1	298	149
11573	9,13	548,644	13,23	762,885	298	149
11574	24,34	96,124	29,10	175,160	298	149
11576	6,4	63,96	0,2	72,75	298	149
11578	22,23	152,123	12,16	83,120	217	149
11579	28,38	374,297	30,24	263,383	251	149
11580	15,7	1,0	0,4	0,0	240	149
11589	16,12	0,2	29,13	1,0	298	149
11590	15,12	0,0	28,14	0,2	298	149
11591	15,10	102,84	27,14	88,101	298	149
11597	6,4	440,251	9,10	263,314	298	149
11598	1,0	0,0	0,0	1,0	298	149
11599	21,27	548,490	14,17	444,568	298	149
11600	6,4	48,72	10,4	63,66	298	149
11601	65,44	726,511	76,88	693,697	298	149
11602	51,31	6,1	48,80	1,1	298	149
11603	36,45	1149,949	57,46	1116,1217	236	149
11604	8,6	254,228	6,9	288,359	289	149
11605	18,22	217,265	22,18	243,264	298	149
11606	11,6	152,162	7,5	211,231	298	149
11607	4,3	161,169	5,8	151,236	298	149
11608	4,11	265,249	12,7	293,398	298	149
11609	3,2	1513,1186	3,9	1146,1347	298	149
11610	43,22	1543,1105	24,31	1060,1392	236	149
11611	87,63	75,57	53,82	23,25	273	149
11612	22,16	5,3	14,16	1,2	267	149
11620	66,51	1115,1056	61,78	1271,1316	298	149
11622	8,12	0,0	11,17	0,3	298	149
11624	14,12	58,59	19,17	51,99	298	149
11626	44,35	64,48	18,32	44,67	298	149
11627	14,7	198,155	7,9	197,193	223	149
11628	69,46	186,169	39,54	148,181	298	149
11632	386,345	12,2	396,447	6,5	298	149
11633	1,1	0,0	1,0	0,1	298	149
11634	0,0	0,2	1,0	1,2	298	149
11635	1,1	2,1	4,2	4,0	298	149
11636	3,1	8,9	1,2	4,8	298	149
11638	1,3	7,3	2,2	2,4	298	149
11639	4,5	7,5	5,7	12,15	298	149
11641	4,1	16,4	2,0	10,22	298	149
11644	2,7	3,0	2,1	0,0	298	149
11646	0,1	0,0	1,1	1,4	298	149
11653	87,70	546,454	55,68	423,604	298	149
11654	5,2	235,212	2,9	219,214	298	149
11658	2,0	35,22	0,2	31,37	298	149
11659	2,0	4,2	0,2	0,0	298	149
11660	8,14	0,0	11,13	1,0	298	149
11661	2,4	41,42	4,4	41,64	298	149
11675	30,45	18,17	71,41	14,24	272	149
11677	17,11	107,100	18,11	47,88	298	149
11679	157,193	59,52	174,188	47,48	298	149
11682	3,0	91,95	1,1	91,104	298	149
11685	36,41	2,2	40,27	5,4	298	149
11687	5,9	615,621	13,11	771,803	298	149
11688	2,0	2,0	1,0	0,1	298	149
11689	11,17	663,694	4,15	825,832	298	149
11690	17,14	589,637	13,30	777,823	298	149
11691	4,6	769,712	14,5	859,907	298	149
11692	4,3	2,5	11,3	17,18	298	149
11693	1,3	884,918	6,5	1110,1107	298	149
11697	23,35	326,412	40,42	488,454	298	149
11698	66,80	2,0	93,100	0,0	298	149
11699	163,179	1,0	213,183	0,1	298	149
11700	195,207	1,1	235,197	0,2	298	149
11701	34,21	95,79	28,55	119,136	249	149
11702	21,11	97,119	21,25	125,131	298	149
11703	21,10	1,0	12,17	5,3	247	149
11704	38,21	1,3	51,46	0,3	298	149
11705	14,16	0,0	33,22	0,1	298	149
11707	11,12	122,109	20,16	156,151	298	149
11708	19,7	139,97	20,14	134,156	298	149
11709	10,28	151,94	11,38	134,159	238	149
11710	44,31	129,83	22,39	110,136	298	149
11712	54,40	125,99	55,38	113,158	298	149
11713	34,36	4,1	25,41	6,3	298	149
11714	61,44	0,0	52,42	4,0	298	149
11715	6,2	165,113	7,10	164,169	298	149
11716	6,8	3,2	8,17	6,1	298	149
11717	20,9	135,89	6,18	76,110	298	149
11718	17,13	0,3	6,11	2,1	298	149
11719	5,12	79,83	6,11	62,84	298	149
11720	7,3	79,55	19,5	60,85	298	149
11721	36,20	2,0	36,28	0,0	298	149
11722	7,5	3,7	16,7	4,2	298	149
11723	6,4	78,67	2,5	82,87	269	149
11724	9,2	0,0	2,0	0,2	298	149
11725	9,13	765,783	8,13	900,1107	298	149
11732	12,11	2,1	11,13	0,1	298	149
11733	5,3	28,14	7,2	35,27	298	149
11734	4,5	134,119	7,1	150,218	220	149
11735	7,18	17,13	11,20	13,21	298	149
11737	29,15	94,65	16,6	28,64	254	149
11738	25,23	4,0	12,6	2,3	298	149
11739	48,46	5,5	14,24	0,7	298	149
11740	41,40	17,8	10,24	5,7	298	149
11744	14,13	744,703	14,17	684,779	298	149
11745	351,305	14,31	344,337	21,34	298	149
11746	83,76	1565,1482	63,78	1582,1715	298	149
11747	18,17	1490,1189	21,17	1397,1608	298	149
11748	1319,1054	5,5	1241,1373	7,12	298	149
11749	24,15	1198,927	14,25	1056,1178	298	149
11750	20,22	6,10	23,25	12,23	298	149
11751	211,201	0,1	254,260	0,0	298	149
11752	627,475	13,22	572,720	12,9	298	149
11753	602,458	13,21	552,692	22,20	298	149
11754	68,35	818,653	45,66	710,723	298	149
11755	57,45	543,334	60,59	365,438	266	149
11756	54,54	5,21	58,67	13,8	298	149
11757	96,85	945,787	104,141	866,921	298	149
11759	46,40	1,0	37,49	1,0	298	149
11760	1,0	88,70	1,1	54,75	264	149
11761	2,0	78,84	0,0	104,97	298	149
11762	529,541	14403,13850	512,546	17189,19447	298	149
11764	60,66	0,2	61,77	0,2	298	149
11765	70,90	9,5	72,92	3,14	298	149
11766	72,88	7,12	64,77	8,19	298	149
11767	98,119	3,3	91,112	16,5	298	149
11768	113,136	4,0	110,144	3,2	298	149
11769	112,135	3,6	109,143	3,2	298	149
11770	106,146	48,73	100,151	57,82	298	149
11772	86,125	5,0	88,107	0,0	298	149
11773	17,17	3,0	18,18	0,0	246	149
11774	17,12	14,19	28,16	13,27	298	149
11775	41,38	0,4	33,50	1,2	262	149
11777	42,39	0,2	43,59	0,1	298	149
11779	76,84	27,29	86,88	28,35	298	149
11780	57,50	1,0	74,69	0,0	298	149
11781	60,48	233,209	76,75	203,253	298	149
11782	61,50	24,26	61,56	16,37	298	149
11783	80,70	0,0	76,97	1,2	298	149
11784	74,68	207,188	77,89	200,210	298	149
11788	14,29	21,31	13,39	27,29	298	149
11791	14,16	32,29	10,16	29,43	298	149
11792	14,18	14,8	12,32	9,21	298	149
11793	15,22	15,9	15,28	20,21	298	149
11794	17,11	8,8	19,13	2,10	298	149
11795	9,3	17,11	2,7	15,23	298	149
11796	8,7	0,2	8,10	2,0	298	149
11797	62,64	13,10	76,81	10,5	298	149
11798	0,2	40,30	0,0	30,44	298	149
11800	20,15	24,8	14,30	9,15	248	149
11801	54,38	1,19	65,75	15,5	298	149
11802	75,53	49,39	70,95	33,50	279	149
11803	1,4	0,1	2,0	0,0	298	149
11804	3,4	0,0	1,6	4,0	298	149
11805	2,3	127,113	3,3	147,169	298	149
11806	14,10	1,2	22,27	1,4	298	149
11807	3,0	81,143	3,4	114,150	298	149
11808	18,26	38,36	14,23	57,74	298	149
11809	11,16	6,15	2,15	5,10	298	149
11810	1,2	1,12	2,8	7,6	298	149
11812	18,9	48,29	29,25	39,40	298	149
11813	22,7	0,1	29,24	0,1	298	149
11814	18,19	51,55	29,13	54,66	298	149
11815	14,16	35,15	15,17	24,18	298	149
11816	25,22	4,2	31,20	0,2	298	149
11817	21,13	6,13	23,8	6,8	205	149
11818	15,2	17,11	3,2	2,9	298	149
11820	134,72	250,204	36,65	92,192	298	149
11821	149,80	4,3	48,80	0,1	298	149
11822	295,174	1,0	91,182	0,0	298	149
11823	112,52	21,21	39,42	22,24	298	149
11824	28,12	396,289	12,14	205,369	296	149
11825	37,38	4,4	23,30	2,4	218	149
11826	37,38	358,221	23,30	178,217	222	149
11827	16,4	9,6	1,2	0,6	233	149
11828	11,2	103,86	1,1	90,107	229	149
11843	1,7	1,0	2,5	5,4	298	149
11844	0,1	188,177	0,0	234,226	298	149
11846	5,6	0,0	8,3	2,1	298	149
11852	3,0	2,0	5,6	1,1	298	149
11853	5,5	18,25	8,5	22,24	298	149
11854	61,63	809,769	60,62	883,934	285	149
11855	53,59	5,6	64,62	6,8	298	149
11856	64,68	796,781	72,77	851,814	238	149
11857	2,2	0,0	6,3	2,0	232	149
11862	20,11	4,4	27,27	4,6	298	149
11866	183,114	3,0	183,236	0,0	298	149
11867	180,99	3,0	216,201	0,0	258	149
11868	156,88	0,0	195,179	0,2	236	149
11869	184,124	3,0	209,211	0,1	298	149
11870	191,126	0,0	218,215	1,0	298	149
11871	5,11	61,54	17,10	63,69	247	149
11872	13,13	15,3	6,19	6,0	259	149
11876	0,1	60,67	1,0	74,72	298	149
11878	1,0	7,11	0,0	7,17	298	149
11879	1,1	4,0	0,0	4,0	298	149
11880	0,1	0,0	0,0	2,5	298	149
11881	1,0	1,0	0,0	0,7	298	149
11885	2,1	0,2	1,2	0,1	298	149
11886	1,0	1,0	0,0	4,0	298	149
11887	8,2	79,67	5,2	117,92	298	149
11888	796,532	1,1	591,730	0,0	298	149
11889	189,115	7235,4804	109,133	4236,5302	298	149
11890	6,0	150,109	2,4	184,146	298	149
11891	0,2	6,5	0,1	3,8	298	149
11894	5,8	1,1	9,8	1,0	257	149
11897	351,330	5,2	325,338	6,9	298	149
11898	209,203	383,350	204,211	369,465	298	149
11907	0,0	30,22	2,0	27,24	298	149
11908	1,0	3,0	5,2	0,4	298	149
11911	6,4	34,48	9,5	43,52	298	149
11912	2,0	0,0	0,0	2,0	298	149
11916	185,158	68,40	184,210	81,77	298	149
11917	154,119	33,33	125,144	27,23	298	149
11918	156,122	24,13	131,144	6,14	298	149
11919	151,95	5,3	93,120	5,0	298	149
11920	153,98	0,2	99,120	1,2	298	149
11921	131,76	8,15	73,67	2,3	271	149
11922	128,88	29,12	59,64	14,12	221	149
11923	113,85	4,5	104,113	2,4	219	149
11924	113,85	4,4	103,113	11,7	215	149
11926	47,19	125,180	26,51	156,147	252	149
11927	5,5	43,69	9,10	43,83	298	149
11929	3,9	14,12	9,12	11,9	298	149
11931	9,13	0,0	5,10	0,2	298	149
11932	9,9	7,23	6,11	10,5	298	149
11933	3,3	0,1	5,5	1,0	229	149
11934	31,21	58,40	23,25	47,68	298	149
11936	5,4	513,500	3,5	517,657	298	149
11937	4,6	7,0	5,8	2,5	298	149
11940	21,14	810,710	7,13	819,898	298	149
11943	24,18	1,2	6,13	0,2	298	149
11945	58,58	10,14	58,38	9,13	298	149
11946	51,77	904,789	69,52	953,1023	298	149
11947	35,67	1,7	62,63	6,2	298	149
11948	37,51	6,9	51,60	7,12	298	149
11956	0,2	1,2	2,2	2,1	298	149
11957	3,0	15,15	1,3	23,17	298	149
11958	1,0	23,16	5,5	22,22	298	149
11959	1,0	16,18	1,1	22,16	298	149
11960	0,4	27,40	1,1	38,26	298	149
11970	4,3	65,45	5,6	65,58	298	149
11972	25,21	3,4	20,20	4,4	298	149
11973	2,0	8,8	0,0	0,3	225	149
11975	16,22	93,51	27,23	91,111	298	149
11976	10,14	54,54	12,18	77,82	298	149
11977	10,10	430,474	6,8	482,504	231	149
11978	2,1	105,84	1,0	108,104	298	149
11979	2,13	0,0	3,5	1,0	298	149
11980	2,9	2,0	3,5	0,0	298	149
11981	0,0	0,2	2,0	1,2	298	149
11982	6,9	3,0	10,7	0,0	298	149
11983	4,0	1,2	9,2	1,0	298	149
11989	2,1	147,164	5,11	180,244	298	149
11991	30,44	16,15	29,30	19,10	298	149
11992	106,78	867,723	75,109	784,942	227	149
11993	257,225	504,377	200,225	224,468	298	149
12001	24,27	3,5	15,25	3,12	257	149
12003	2,1	251,257	2,4	250,266	255	149
12005	15,25	4,0	20,34	2,10	298	149
12006	3,5	11,14	9,13	26,14	298	149
12007	5,3	1,0	14,7	0,2	294	149
12009	25,17	11,11	20,21	14,15	298	149
12010	10,7	41,24	8,11	42,72	298	149
12011	7,6	5,7	7,8	5,4	298	149
12019	29,41	296,219	37,48	303,317	275	149
12020	25,31	306,278	31,43	370,299	241	149
12022	1,1	318,249	1,7	325,417	298	149
12024	1,1	3,4	3,7	0,4	298	149
12025	15,8	317,232	10,13	311,363	298	149
12026	210,208	1,3	245,243	1,2	298	149
12028	0,0	1,2	0,1	0,1	236	149
12029	4,2	24,25	0,0	6,4	228	149
12030	15,7	107,104	12,16	133,157	249	149
12031	181,147	17,14	145,163	18,31	298	149
12032	4,0	133,118	2,4	97,151	259	149
12033	3,6	2,5	7,2	1,0	298	149
12034	2,5	1,5	7,0	2,1	298	149
12035	7,15	0,3	6,5	0,0	298	149
12036	4,8	99,67	4,6	36,64	298	149
12037	3,4	122,97	4,3	131,163	298	149
12041	5,10	13,6	7,3	6,10	298	149
12042	4,4	82,114	8,2	103,113	298	149
12043	7,4	25,32	9,6	24,28	298	149
12046	0,0	4,7	0,2	6,3	298	149
12047	1,2	3,2	6,2	2,1	298	149
12049	3,2	0,0	0,3	0,1	298	149
12050	6,7	224,248	7,0	269,260	298	149
12051	0,2	250,335	3,2	322,316	298	149
12052	273,303	0,3	393,386	6,0	298	149
12053	4,10	294,350	4,7	373,350	298	149
12054	4,8	198,201	3,9	265,257	298	149
12055	11,9	0,0	5,6	0,1	298	149
12056	13,6	232,264	6,4	314,322	228	149
12057	22,16	128,133	26,20	231,293	219	149
12060	29,14	3,2	15,17	0,0	298	149
12061	27,14	7,2	13,16	2,1	298	149
12067	424,425	4,1	514,426	5,1	298	149
12068	31,19	1,1	20,9	0,0	298	149
12070	32,39	235,228	59,49	290,356	241	149
12071	43,60	234,214	41,59	272,253	294	149
12072	19,15	203,110	17,26	172,181	298	149
12073	9,13	9,7	14,23	8,6	298	149
12074	10,13	2,3	16,23	1,5	298	149
12080	95,100	7,2	109,135	1,6	298	149
12081	66,47	9,6	71,92	8,6	298	149
12093	2,1	0,0	3,2	0,1	298	149
12095	30,30	1101,1041	33,31	1188,1201	298	149
12096	14,29	1186,1200	10,16	1299,1359	249	149
12097	8,4	1094,1038	4,8	1172,1084	298	149
12098	34,34	846,882	66,47	950,1035	298	149
12100	4,14	0,1	18,22	0,0	298	149
12101	13,11	105,75	18,9	123,139	298	149
12105	12,6	2,0	24,21	5,0	298	149
12106	195,177	0,0	124,161	1,0	298	149
12111	20,45	0,0	25,19	2,0	298	149
12113	8,12	110,58	12,12	92,117	298	149
12114	21,19	3,1	13,18	4,3	298	149
12115	14,12	487,446	7,19	449,457	298	149
12116	16,18	0,0	20,28	1,3	298	149
12119	97,91	1130,1179	119,144	1398,1448	298	149
12122	16,11	294,281	5,13	265,241	238	149
12126	9,2	78,66	6,8	81,70	298	149
12127	68,54	0,0	71,91	0,4	298	149
12132	4,0	18,14	4,5	16,16	298	149
12133	5,5	12,11	5,5	10,4	298	149
12134	5,6	0,2	5,5	1,2	298	149
12137	2,1	7,2	0,7	2,0	298	149
12138	35,32	166,156	46,34	170,159	298	149
12146	2,10	34,29	14,4	23,37	298	149
12147	6,7	0,5	11,2	2,1	298	149
12148	5,2	11,28	2,2	21,31	298	149
12150	31,26	30,22	14,14	19,26	298	149
12151	32,24	1,2	12,16	3,0	298	149
12153	0,0	0,1	2,2	0,0	216	149
12154	2,2	8,14	0,3	16,20	298	149
12160	1,0	0,2	3,2	0,3	298	149
12162	48,37	56,45	35,30	54,67	298	149
12163	5,4	108,106	0,1	71,123	298	149
12165	14,24	119,126	13,13	131,133	298	149
12166	7,8	148,105	3,7	111,115	226	149
12167	286,241	3,4	222,294	1,1	298	149
12168	124,107	1,1	129,148	7,0	298	149
12169	17,7	182,218	14,10	130,147	298	149
12170	13,9	194,121	15,14	127,157	260	149
12171	9,6	5,9	7,10	6,4	244	149
12172	72,45	105,100	39,44	89,92	298	149
12173	40,35	4,1	26,39	2,1	298	149
12174	35,25	2,2	16,25	0,0	298	149
12175	18,12	71,49	9,13	62,65	266	149
12176	44,20	0,2	21,20	0,0	298	149
12177	6,4	47,20	2,0	10,21	237	149
12178	3,2	17,8	3,2	14,6	225	149
12180	88,75	3,2	22,30	0,0	298	149
12181	32,28	5,0	23,20	4,6	298	149
12182	50,36	462,310	16,30	492,474	272	149
12183	13,16	613,468	12,18	625,647	289	149
12184	26,12	259,193	19,18	88,140	298	149
12187	19,7	148,131	6,7	132,172	298	149
12188	90,56	3,0	68,82	0,10	298	149
12189	189,179	60,67	266,246	64,51	298	149
12190	155,122	4,3	206,184	4,11	298	149
12191	114,83	92,83	134,113	111,133	298	149
12192	6,5	240,185	9,3	217,266	268	149
12193	5,4	5,3	6,3	1,5	240	149
12194	19,23	9,8	39,32	6,2	298	149
12195	48,56	119,114	63,77	95,107	288	149
12196	40,43	3,1	57,60	0,1	253	149
12197	38,42	10,5	57,60	4,6	249	149
12198	17,12	596,732	36,21	734,818	298	149
12199	2,1	15,5	2,2	4,3	298	149
12205	0,3	37,35	1,1	46,50	298	149
12207	1,1	11,12	0,0	18,10	298	149
12208	0,1	18,11	1,0	16,19	298	149
12209	1,1	0,0	2,1	1,0	298	149
12211	2,9	23,21	10,5	24,29	298	149
12212	5,3	4,0	7,0	0,1	298	149
12215	14,10	179,192	18,19	212,212	298	149
12216	2,1	23,14	1,2	12,15	298	149
12217	84,63	2,1	89,102	0,4	298	149
12218	127,125	2,7	173,175	14,14	238	149
12219	2,3	233,227	1,0	258,242	298	149
12220	10,3	1,0	20,8	0,0	298	149
12221	11,4	32,35	22,12	23,35	298	149
12222	27,15	334,260	30,41	311,369	294	149
12223	2,8	100,89	2,13	106,104	298	149
12224	26,26	10,7	27,27	11,6	298	149
12229	57,24	672,516	43,63	407,600	237	149
12230	201,132	898,810	144,210	882,961	298	149
12231	201,174	5,3	135,202	7,5	298	149
12232	80,65	788,647	72,82	781,903	298	149
12235	10,18	13,6	11,9	9,7	298	149
12236	62,54	300,234	60,50	279,328	298	149
12237	48,50	3,4	28,43	9,7	298	149
12238	37,39	219,177	24,49	259,269	298	149
12248	0,0	1,0	3,2	0,0	298	149
12252	47,33	4,0	44,57	5,7	298	149
12253	34,24	25,10	41,35	28,17	298	149
12254	2,1	0,2	4,2	0,6	298	149
12255	2,1	31,25	5,2	46,52	298	149
12256	7,5	44,45	5,4	62,76	298	149
12257	0,4	0,1	4,0	2,4	298	149
12258	6,3	31,26	5,13	28,35	298	149
12259	9,4	457,442	5,4	490,535	298	149
12261	29,20	65,45	18,14	26,54	298	149
12262	61,73	6,14	74,79	2,6	298	149
12265	20,22	4,0	12,28	3,1	298	149
12269	19,8	157,136	17,25	140,169	229	149
12270	23,17	427,425	21,25	471,541	298	149
12275	4,0	1,0	1,3	3,2	298	149
12276	12,8	551,550	7,12	594,695	298	149
12277	10,5	513,478	7,27	471,649	298	149
12278	9,5	457,433	10,12	519,543	298	149
12279	35,30	24,13	25,45	15,24	298	149
12280	7,9	2,1	5,21	2,0	298	149
12281	7,9	138,146	9,7	145,164	298	149
12282	7,1	135,134	2,4	157,186	249	149
12284	113,105	3074,2592	92,127	3129,3403	245	149
12292	8,1	4,1	5,12	1,0	281	149
12293	15,2	0,1	2,8	0,0	235	149
12294	3,2	4,2	0,0	0,2	298	149
12296	5,6	0,6	9,7	0,0	232	149
12298	54,48	11,8	35,45	5,6	298	149
12299	29,18	54,67	19,26	39,44	275	149
12303	61,52	23,11	63,67	17,26	298	149
12304	2,4	284,208	4,7	271,294	274	149
12305	56,47	0,3	64,73	0,0	298	149
12306	19,25	32,31	13,9	19,28	298	149
12307	5,5	6,2	0,3	2,2	298	149
12315	4,3	0,1	6,6	0,0	215	149
12316	103,82	0,0	115,116	1,0	220	149
12317	66,69	492,429	115,154	429,521	218	149
12319	7,9	4,0	6,1	0,1	298	149
12327	4,5	1,2	5,8	1,0	270	149
12330	6,6	1,2	3,2	1,2	298	149
12331	836,590	6,5	483,631	12,10	298	149
12333	275,265	13,17	287,331	23,16	298	149
12334	61,48	197,181	35,51	168,139	298	149
12336	118,76	4,0	99,100	2,0	298	149
12337	109,87	77,87	102,98	105,69	298	149
12340	2,0	97,81	3,3	124,117	226	149
12344	136,122	1,0	153,170	1,1	298	149
12346	28,35	179,147	40,40	206,263	298	149
12351	5,3	39,30	8,2	18,26	298	149
12355	51,36	95,71	45,57	71,81	298	149
12356	2,0	55,48	1,0	60,57	298	149
12358	630,518	11,16	633,640	25,18	257	149
12359	795,761	22,33	875,986	30,28	298	149
12360	70,66	378,398	98,74	433,500	298	149
12361	67,58	0,0	87,65	1,0	298	149
12362	62,55	8,5	85,64	7,13	298	149
12363	3,3	1,5	4,0	2,7	298	149
12364	38,35	57,41	32,58	52,52	257	149
12365	18,3	174,159	9,10	201,239	298	149
12366	5,10	356,289	6,18	226,318	247	149
12367	32,17	81,43	16,45	13,27	298	149
12370	76,88	51,36	73,63	53,59	236	149
12372	0,3	13,5	0,3	5,3	298	149
12373	162,98	0,0	152,137	2,2	298	149
12374	1,0	24,26	0,1	35,34	298	149
12376	0,0	1,0	0,2	0,1	247	149
12379	158,100	0,2	107,145	1,1	298	149
12380	358,296	23127,20190	273,291	21136,24579	298	149
12381	408,314	13616,10134	168,302	6694,12265	228	149
12382	872,731	0,2	670,862	0,0	298	149
12383	358,344	10,18	226,334	2,6	298	149
12384	836,767	9265,7694	741,921	8634,10412	298	149
12385	5,4	245,254	6,11	257,246	298	149
12386	0,4	1,0	2,0	0,0	229	149
12387	0,1	2,3	0,1	2,0	224	149
12388	1,2	0,1	0,2	5,1	298	149
12389	7,5	2,0	6,0	0,0	298	149
12390	10,1	0,0	4,1	4,5	298	149
12391	9,3	151,147	8,14	157,194	298	149
12403	30,30	0,0	49,47	0,2	221	149
12416	16,15	0,0	16,28	0,1	285	149
12417	16,15	0,1	16,28	2,5	282	149
12418	15,14	12,13	12,26	5,6	261	149
12420	1,1	29,29	2,1	36,32	298	149
12423	1,0	18,8	2,1	31,19	298	149
12425	0,0	24,23	4,0	30,14	298	149
12428	220,169	1245,1311	179,204	1544,1706	298	149
12432	21,23	1,0	22,17	0,2	298	149
12433	27,25	13,13	37,26	12,5	298	149
12434	2,4	0,0	2,0	1,0	298	149
12435	3,5	148,134	8,3	113,158	226	149
12436	0,2	63,42	2,0	52,44	298	149
12437	165,144	11,6	134,143	8,7	298	149
12438	43,31	4,4	40,54	7,3	298	149
12439	7,2	26,40	5,4	35,37	298	149
12440	7,6	60,62	8,4	62,55	298	149
12445	71,59	60,56	48,81	87,69	298	149
12446	53,43	37,30	33,52	18,43	298	149
12447	2,1	7,6	0,0	3,7	283	149
12448	7,13	100,58	13,8	80,66	298	149
12450	9,7	16,24	16,22	27,40	298	149
12451	10,7	132,202	16,22	189,175	298	149
12452	1,5	68,55	3,1	68,59	240	149
12456	4,11	976,920	10,7	963,1155	298	149
12457	2,2	934,857	3,5	972,1139	298	149
12458	8,5	1193,1189	13,13	1372,1582	298	149
12460	46,41	1,6	35,33	9,5	298	149
12461	14,11	83,89	10,16	107,82	298	149
12463	815,770	4,0	784,749	0,0	298	149
12476	20,34	478,472	41,43	583,604	298	149
12477	35,35	2,1	50,49	2,2	298	149
12478	5,18	490,371	7,18	547,548	298	149
12479	19,12	572,655	13,19	754,741	298	149
12480	25,27	1,1	13,14	0,2	298	149
12481	300,327	0,0	361,379	0,1	274	149
12482	45,42	497,537	39,37	609,610	221	149
12483	328,385	0,4	449,503	5,2	298	149
12486	1,2	7,11	10,7	6,5	298	149
12490	7,4	0,0	4,11	0,2	298	149
12497	1,0	0,1	0,1	0,1	298	149
12498	4,1	43,34	1,4	37,42	298	149
12499	3,1	0,0	1,3	0,1	298	149
12501	3,1	0,6	1,3	4,1	298	149
12503	4,2	1,0	1,4	0,0	298	149
12506	13,8	29,44	14,5	43,52	298	149
12507	30,36	0,0	29,40	0,1	298	149
12508	29,35	1,0	27,34	0,0	241	149
12509	64,70	0,2	74,72	2,5	298	149
12510	52,49	28,18	55,83	53,36	298	149
12511	30,31	1,3	42,57	3,4	298	149
12512	28,37	8,6	44,52	13,8	298	149
12513	24,25	0,1	36,47	4,0	298	149
12515	11,11	55,57	7,6	92,100	298	149
12516	0,0	161,179	1,2	180,191	240	149
12517	3,4	1,0	0,2	0,1	298	149
12518	6,10	121,129	6,4	102,118	298	149
12519	36,36	4580,4337	41,65	5725,6217	298	149
12520	63,60	4212,3649	92,61	4731,5372	298	149
12521	1,1	27,22	2,2	21,26	298	149
12522	1,1	0,0	6,4	0,1	298	149
12523	140,130	5,2	107,143	4,7	298	149
12530	445,341	0,0	292,350	1,0	298	149
12531	514,371	3,5	331,412	5,4	295	149
12532	469,311	12,7	288,355	11,8	298	149
12534	4,0	2,0	1,2	0,3	298	149
12538	28,13	199,244	38,31	228,262	285	149
12549	23,29	246,296	33,32	333,340	298	149
12554	0,0	0,1	4,0	0,0	284	149
12556	89,93	3,2	100,103	4,2	298	149
12557	4,9	69,79	4,5	95,85	298	149
12560	30,24	1,0	32,33	0,0	298	149
12561	40,28	173,129	37,46	115,140	298	149
12562	41,34	2,2	39,48	1,1	298	149
12563	7,5	99,91	10,7	74,96	298	149
12565	0,0	6,1	0,2	2,3	298	149
12566	10,15	3,2	17,20	2,1	298	149
12567	2,0	0,0	1,0	2,0	298	149
12568	6,4	5,6	12,13	4,6	298	149
12569	36,34	3,1	36,43	4,8	298	149
12570	8,9	31,39	8,2	28,31	298	149
12572	6,0	2,0	0,2	0,0	298	149
12575	3,4	0,8	9,0	11,4	298	149
12576	0,4	5,0	0,1	0,1	298	149
12577	3,2	5,5	1,1	2,5	250	149
12581	22,16	70,77	12,14	82,84	298	149
12582	31,45	0,0	52,31	0,1	298	149
12583	15,26	0,3	22,18	1,0	298	149
12584	20,26	61,61	29,19	69,71	298	149
12585	42,71	1,0	56,46	0,1	298	149
12586	34,38	0,2	33,31	0,0	298	149
12600	41,76	0,0	64,54	1,1	298	149
12605	53,46	0,0	52,48	0,2	298	149
12610	20,21	161,164	22,22	179,186	233	149
12614	0,1	6,14	3,2	2,6	298	149
12619	6,3	135,115	9,4	132,148	298	149
12620	46,23	2,0	50,30	0,0	298	149
12621	14,7	16,11	18,7	33,28	298	149
12623	15,9	130,93	20,7	135,149	298	149
12625	36,33	13,9	55,71	8,7	298	149
12626	0,0	144,118	7,8	184,170	298	149
12627	1,3	1,1	10,6	1,3	298	149
12628	222,201	4,4	238,255	1,4	197	149
12629	14,24	3,5	26,15	7,2	298	149
12630	0,14	152,148	9,4	190,201	283	149
12631	9,12	130,94	5,16	88,92	298	149
12632	10,9	0,1	4,13	6,0	272	149
12633	152,131	5,1	128,138	4,0	298	149
12635	48,67	138,111	67,52	120,120	298	149
12638	163,133	0,0	149,164	2,0	298	149
12639	44,48	2,0	33,35	0,0	298	149
12640	16,11	188,100	12,14	166,160	292	149
12645	8,5	12,3	20,18	8,15	298	149
12648	61,81	0,0	57,97	0,1	216	149
12649	79,94	2,0	87,124	0,1	215	149
12650	2,6	150,110	0,1	83,124	298	149
12651	32,14	100,51	13,33	58,62	298	149
12652	0,3	29,28	1,3	4,3	226	149
12653	5,7	0,0	5,4	1,1	298	149
12654	10,8	100,84	16,14	175,161	298	149
12655	6,6	2,0	15,13	2,5	298	149
12656	4,9	94,97	10,3	129,96	298	149
12657	56,73	4,1	79,61	5,6	264	149
12658	0,0	0,3	0,1	0,4	298	149
12659	98,70	80,45	53,75	66,79	298	149
12660	102,78	1,1	55,81	0,1	298	149
12661	64,39	267,243	49,46	272,287	298	149
12662	42,22	30,49	34,35	36,34	298	149
12663	41,22	3,2	35,35	3,2	298	149
12664	445,361	93,67	468,498	98,96	298	149
12665	444,357	6,1	454,500	6,3	298	149
12666	586,471	3,3	550,616	5,14	298	149
12667	576,458	81,71	555,595	125,104	298	149
12668	505,455	10,11	482,472	10,8	276	149
12669	109,117	1,0	117,112	0,4	298	149
12670	112,117	1,0	119,116	1,0	298	149
12671	123,137	1,0	138,123	3,0	298	149
12673	21,14	41,43	7,14	34,31	298	149
12678	2,2	81,76	3,2	107,131	298	149
12679	48,62	1579,1267	47,62	1502,1443	298	149
12680	49,27	1605,1309	25,35	1354,1593	240	149
12685	44,38	7,1	42,41	7,1	298	149
12686	6,2	47,66	6,2	83,83	298	149
12687	1,7	0,3	2,5	1,1	298	149
12688	43,23	933,871	41,30	1064,1149	298	149
12689	22,14	4,5	29,15	1,3	298	149
12690	41,70	16,14	60,71	16,30	244	149
12691	41,70	2,1	63,72	3,2	249	149
12692	28,12	972,860	25,19	1031,1015	238	149
12694	0,0	13,15	0,2	18,13	298	149
12695	2,7	7,6	1,2	7,13	298	149
12697	1,2	2,3	0,2	5,5	298	149
12699	2,3	48,52	8,6	56,70	298	149
12700	85,78	16,28	85,89	26,29	298	149
12701	38,28	2,0	21,20	0,0	298	149
12702	8,7	313,262	5,2	291,283	298	149
12703	10,15	2,2	15,4	0,2	247	149
12704	13,16	200,199	23,12	248,227	298	149
12705	2,0	198,241	0,1	289,284	245	149
12707	3,6	223,233	4,1	292,300	298	149
12710	55,58	0,3	73,80	2,1	298	149
12718	61,77	0,1	77,76	1,0	298	149
12719	6,7	0,1	6,5	3,1	298	149
12720	1,0	50,36	3,2	48,51	298	149
12722	5,2	0,0	6,4	1,4	298	149
12723	1,0	3,0	1,1	7,5	298	149
12724	1,0	2,2	1,1	0,0	298	149
12726	38,51	646,624	63,71	762,842	298	149
12727	23,33	0,0	43,47	1,0	298	149
12728	52,61	61,79	56,49	89,91	298	149
12729	45,37	162,185	63,60	220,215	298	149
12730	3,4	0,0	1,8	1,0	298	149
12731	2,4	17,16	1,8	24,18	298	149
12732	11,15	12,20	11,16	10,22	298	149
12741	17,5	1,0	11,12	0,0	224	149
12743	17,5	0,0	13,12	0,1	239	149
12744	19,22	28,22	8,10	7,12	225	149
12745	65,44	127,97	19,33	34,90	234	149
12746	100,53	3,0	33,46	0,0	298	149
12747	176,117	0,0	46,95	0,1	285	149
12748	189,123	373,265	157,204	300,335	298	149
12749	50,29	1,4	23,23	2,8	298	149
12750	58,56	1624,1082	16,35	469,916	223	149
12751	729,537	13,9	365,551	3,10	280	149
12752	60,63	513,385	57,70	521,447	298	149
12753	30,36	398,324	40,29	494,429	296	149
12754	70,60	337,335	50,57	361,435	298	149
12755	22,20	0,2	13,24	0,0	298	149
12756	20,10	3,3	10,11	4,9	284	149
12758	5,3	0,0	15,23	0,1	298	149
12759	2,1	0,0	6,3	1,2	298	149
12761	0,1	32,26	0,0	15,28	240	149
12762	12,3	30,36	17,15	41,35	298	149
12763	19,21	99,102	6,31	106,114	252	149
12766	16,16	9,2	21,19	0,2	271	149
12767	485,439	0,0	362,489	0,2	298	149
12768	485,426	2,0	370,495	0,1	298	149
12769	562,473	4,0	463,555	0,1	298	149
12770	562,460	0,0	471,561	0,2	298	149
12771	64,26	95,69	25,35	61,86	217	149
12772	60,24	0,0	23,34	2,1	199	149
12773	229,202	82,92	207,223	85,88	298	149
12774	241,204	9,17	222,237	23,14	298	149
12775	6,2	6,10	2,2	10,9	220	149
12776	68,73	330,265	49,69	190,265	223	149
12777	25,21	368,268	7,12	306,356	227	149
12778	2,3	450,339	0,1	319,508	229	149
12779	26,16	478,426	17,21	309,468	226	149
12780	36,30	250,194	17,28	91,151	267	149
12781	19,14	421,328	10,16	301,434	298	149
12782	81,65	518,502	48,50	474,554	275	149
12783	59,82	1,0	58,76	0,0	298	149
12784	323,304	28,38	285,311	33,39	298	149
12785	94,100	493,474	81,91	476,481	298	149
12786	74,80	549,442	77,86	601,621	298	149
12787	26,41	0,7	34,50	4,4	298	149
12788	32,44	523,421	34,50	598,591	265	149
12789	11,15	135,79	6,24	41,68	298	149
12790	36,27	281,215	40,27	336,370	246	149
12791	41,23	3,4	39,35	3,1	298	149
12792	43,50	297,229	47,56	319,356	298	149
12793	10,8	171,101	8,13	78,94	242	149
12794	12,10	12,11	11,15	6,3	245	149
12795	6,1	13,4	0,1	1,2	229	149
12796	12,2	37,22	2,0	17,12	216	149
12799	28,16	159,178	16,17	104,138	220	149
12800	24030,21370	685,573	27756,29456	685,598	212	149
12801	139,136	1525,1361	143,164	1611,1778	298	149
12802	260,261	173,126	304,312	189,177	298	149
12803	318,298	1974,1850	363,370	2155,2282	241	149
12804	375,356	7,7	412,424	12,26	250	149
12805	216,183	3,2	199,266	6,4	298	149
12806	252,234	13,10	294,358	15,6	226	149
12807	168,145	1622,1437	190,212	1598,1908	205	149
12808	506,549	1750,1619	641,636	1871,1948	298	149
12809	62,60	3,2	47,54	3,2	298	149
12810	63,57	4,3	53,54	5,3	298	149
12811	58,58	42,22	56,57	60,42	298	149
12812	75,70	0,1	78,68	3,0	298	149
12813	0,1	3,2	4,2	0,6	298	149
12815	80,45	9,15	71,66	8,13	236	149
12816	0,4	2,0	0,1	0,0	298	149
12817	0,4	2,0	1,0	5,5	298	149
12818	2,0	2,6	1,0	5,6	298	149
12819	0,0	2,1	2,2	6,6	298	149
12820	12,6	36,20	13,10	30,20	298	149
12821	10,7	2,0	8,6	1,1	298	149
12823	2,0	0,0	5,0	1,0	241	149
12827	4,8	0,0	1,10	0,1	298	149
12829	4,7	0,0	3,11	0,1	298	149
12830	11,7	0,3	11,9	0,0	264	149
12831	3,4	1,0	3,7	0,0	298	149
12832	7,6	44,46	2,9	56,67	298	149
12833	0,1	46,44	2,5	23,39	298	149
12834	2,1	8,5	0,8	7,8	245	149
12835	2,1	8,6	0,2	3,4	252	149
12836	1,0	6,10	0,2	10,8	298	149
12837	0,1	9,7	0,0	4,9	298	149
12839	0,2	9,9	0,1	4,11	298	149
12842	18,26	62,34	22,14	58,53	225	149
12843	10,5	0,0	6,8	3,0	298	149
12848	26,24	2,1	13,22	4,5	298	149
12849	38,35	45,40	17,25	51,69	298	149
12850	65,67	0,1	48,57	1,0	298	149
12851	131,99	1,0	93,109	0,1	298	149
12852	160,125	1,0	113,153	0,3	249	149
12853	5,2	23,27	2,0	10,17	298	149
12855	1336,1377	6,15	1676,1750	17,3	237	149
12859	8,5	104,86	2,4	91,106	298	149
12860	4,3	0,4	8,1	1,2	298	149
12861	51,37	229,161	44,44	169,213	298	149
12869	8,11	100,107	6,8	115,165	298	149
12870	13,3	75,80	9,6	85,97	298	149
12871	82,64	0,0	98,111	1,0	298	149
12872	80,64	87,51	98,110	78,82	298	149
12877	15,17	139,133	14,17	94,119	298	149
12879	12,13	0,0	16,22	0,1	298	149
12880	6,9	132,105	9,12	139,147	234	149
12881	0,0	68,98	2,1	89,105	298	149
12882	1,0	0,2	4,5	2,0	298	149
12883	8,8	8,15	13,22	11,15	246	149
12887	226,185	1,2	261,318	2,3	298	149
12888	254,213	1,7	280,345	3,3	298	149
12889	16,19	121,61	4,5	38,77	279	149
12890	8,15	5,0	1,2	0,3	256	149
12891	22,21	2,5	4,4	2,4	298	149
12892	54,82	7,12	69,63	11,6	298	149
12893	58,97	225,181	76,62	143,177	298	149
12894	128,152	3,4	141,135	3,2	298	149
12895	78,55	189,178	70,89	156,163	238	149
12896	53,79	2,0	83,94	0,0	298	149
12897	64,91	8,5	88,60	5,10	298	149
12898	100,84	0,3	93,76	3,3	298	149
12899	100,90	144,143	98,82	149,163	275	149
12900	19,61	0,1	42,34	2,0	298	149
12901	30,70	2,4	61,48	2,3	298	149
12902	26,28	210,166	34,22	230,223	298	149
12903	61,35	201,212	53,62	203,235	298	149
12904	85,98	189,174	84,108	186,206	252	149
12905	83,97	2,3	82,103	8,0	239	149
12906	0,8	39,55	3,0	28,33	298	149
12908	21,16	317,362	24,35	414,369	289	149
12909	71,79	294,311	98,84	309,329	298	149
12910	59,63	2,3	69,90	0,1	298	149
12911	63,87	2,0	80,93	0,2	298	149
12912	56,89	192,226	110,104	228,221	298	149
12913	104,131	0,0	150,153	1,0	298	149
12914	54,82	0,1	109,100	0,2	298	149
12916	3,6	392,395	11,7	437,464	298	149
12917	1,2	5,0	3,5	2,4	298	149
12918	0,0	1,4	0,2	7,3	298	149
12919	1,1	359,350	0,5	447,471	298	149
12920	235,208	10,7	259,322	12,10	298	149
12921	146,123	6051,5258	200,249	7473,7723	298	149
12922	84,81	2,2	203,171	0,5	298	149
12923	132,145	4232,3914	227,226	4915,5043	298	149
12924	155,127	4150,3750	183,185	4934,5112	298	149
12925	67,94	6048,5819	159,170	7581,7716	227	149
12926	60,79	20,36	136,151	33,46	210	149
12927	2854,2882	3,1	3684,3889	0,7	298	149
12931	92,48	1,2	74,78	5,7	298	149
12932	0,4	0,2	2,3	3,0	298	149
12933	4,8	0,0	10,3	2,1	298	149
12938	68,83	5,0	110,106	0,2	298	149
12939	3,0	54,40	2,2	60,41	298	149
12946	0,4	49,36	0,4	18,32	254	149
12948	5,3	91,84	2,3	59,73	298	149
12949	13,8	175,134	4,8	75,116	298	149
12950	105,78	845,783	73,122	863,934	227	149
12951	17,7	922,644	12,16	801,955	222	149
12952	10,12	3,2	7,14	5,0	298	149
12953	9,13	1037,714	9,20	781,938	227	149
12956	4,0	67,38	0,0	32,44	298	149
12958	3,4	67,66	1,2	26,48	298	149
12959	0,0	84,72	0,3	65,78	251	149
12961	1,2	22,30	3,3	15,30	298	149
12966	0,1	2,0	5,0	0,0	298	149
12984	50,40	53,40	54,47	60,65	298	149
12991	36,26	1,0	35,46	0,2	298	149
12992	25,25	2,0	20,17	0,0	298	149
12993	5,4	491,400	5,7	476,456	248	149
12994	88,55	4,4	56,71	0,5	298	149
12995	77,47	224,182	50,62	121,230	298	149
12996	53,43	1,3	32,55	4,2	298	149
12997	54,42	293,210	31,56	108,195	298	149
13002	177,153	27,26	158,189	44,37	292	149
13003	1402,1455	0,1	1506,1653	2,1	298	149
13004	641,574	0,0	758,742	2,1	298	149
13013	0,4	0,0	1,3	2,2	264	149
13046	8,6	4,4	3,1	2,0	228	149
13058	0,1	10,5	0,2	2,1	223	149
13063	38,29	89,55	18,26	68,82	298	149
13065	149,169	1,1	229,228	3,2	230	149
13067	8,4	6,4	4,2	5,15	298	149
13068	139,114	0,1	122,191	2,0	298	149
13069	6,9	0,4	12,16	0,1	298	149
13070	6,11	36,32	15,17	59,51	298	149
13072	5,4	1,2	8,5	1,0	233	149
13079	4,10	516,526	10,14	694,667	298	149
13080	13,43	194,234	22,30	270,247	298	149
13084	1,3	112,87	1,3	143,118	298	149
13085	285,230	3,4	293,279	0,6	298	149
13090	12,11	2778,2879	8,10	3495,3762	298	149
13092	281,330	107,104	263,297	129,138	216	149
13093	6,5	48,43	4,6	47,47	298	149
13094	2,7	267,228	4,2	305,359	249	149
13096	13,9	192,175	7,8	237,266	298	149
13097	3,2	277,221	2,3	314,344	298	149
13099	16,7	2,0	8,13	0,0	298	149
13100	11,4	176,155	4,16	266,284	298	149
13101	6,6	236,206	5,9	274,286	298	149
13102	48,39	609,504	32,49	576,573	298	149
13104	11,9	1,2	5,19	0,9	298	149
13105	12,13	8,2	2,15	1,3	294	149
13106	19,34	185,182	40,36	173,217	298	149
13108	4,5	229,214	5,11	275,318	298	149
13109	9,3	174,178	0,1	245,278	298	149
13111	13,19	160,157	17,6	157,171	298	149
13112	6,2	38,18	4,4	23,31	298	149
13113	5,2	22,24	2,2	23,23	242	149
13120	10,19	142,160	8,9	229,231	298	149
13121	1,1	4,2	3,1	3,8	298	149
13126	3,8	86,88	10,13	149,136	298	149
13130	74,60	14,4	108,86	12,12	298	149
13131	38,19	8,1	6,15	0,2	298	149
13133	23,27	109,94	25,18	160,115	298	149
13134	35,20	1,4	56,36	4,1	240	149
13135	29,22	0,0	44,28	0,2	234	149
13138	147,134	108,101	134,151	90,109	275	149
13139	48,52	43,54	74,99	45,81	298	149
13140	14,18	1,0	25,20	0,0	298	149
13142	10,5	135,167	3,8	183,187	298	149
13144	1,2	23,19	1,1	27,46	298	149
13146	32,28	229,231	35,28	298,315	298	149
13147	1,1	130,125	4,5	140,168	298	149
13148	12,20	479,420	13,10	521,516	298	149
13149	9,16	8,5	13,7	18,12	298	149
13150	8,13	0,2	4,1	0,0	298	149
13152	319,267	83,59	210,251	58,55	298	149
13153	285,247	13,8	281,288	25,9	298	149
13154	67,56	221,248	53,55	256,223	233	149
13155	21,16	2,0	26,18	2,2	266	149
13156	11,5	28,26	11,7	21,14	263	149
13157	13,5	14,9	11,7	13,13	267	149
13160	16,11	16,26	4,4	6,19	298	149
13161	8,12	1019,962	25,23	1180,1302	240	149
13173	39,27	0,0	24,13	0,1	298	149
13174	47,51	5,0	27,42	0,5	298	149
13175	48,32	0,1	15,16	0,2	298	149
13176	58,28	1,0	19,13	0,2	298	149
13177	34,33	0,0	29,15	1,0	298	149
13179	41,47	0,3	32,51	4,0	298	149
13181	33,23	0,0	29,22	1,0	298	149
13186	1,2	12,13	0,1	6,11	237	149
13190	3,0	12,0	0,1	4,2	298	149
13191	3,0	84,113	0,0	87,119	298	149
13192	3,1	85,92	2,3	92,96	298	149
13193	9,5	0,0	5,1	0,2	298	149
13194	10,6	90,79	5,3	104,88	298	149
13196	0,0	43,52	1,0	47,58	298	149
13198	2,3	66,67	4,1	92,114	298	149
13200	10,16	1,1	14,23	0,0	298	149
13201	8,1	34,30	2,5	21,30	298	149
13205	3,5	0,0	1,3	0,1	298	149
13206	9,11	69,62	6,11	84,62	298	149
13207	0,0	0,1	1,0	0,0	298	149
13209	11,2	19,13	5,9	17,19	222	149
13210	6,5	1,0	0,5	1,0	260	149
13212	117,115	58,64	115,144	60,65	298	149
13213	24,22	265,179	9,22	238,285	227	149
13214	25,37	343,360	18,22	408,400	298	149
13215	3,13	297,312	6,16	349,360	230	149
13216	6,16	4,8	11,20	2,4	235	149
13217	18,36	0,0	40,34	1,0	298	149
13218	9,21	96,121	19,16	130,91	298	149
13220	14,9	1,0	15,12	3,0	298	149
13221	11,6	96,71	10,3	75,80	293	149
13222	20,32	63,68	39,37	73,122	242	149
13223	6,4	94,76	5,8	78,122	217	149
13224	86,73	84,48	66,66	35,79	298	149
13225	75,66	1,2	39,60	3,5	237	149
13226	19,17	0,0	21,35	1,0	298	149
13227	16,13	112,115	13,22	141,154	298	149
13228	1,1	70,71	1,4	51,58	298	149
13229	22,21	103,102	8,7	86,95	259	149
13230	11,13	106,80	19,15	56,80	298	149
13232	399,326	2,0	405,413	1,2	298	149
13233	47,84	387,424	61,73	408,429	298	149
13234	183,217	2,0	177,186	0,0	298	149
13237	0,6	263,225	5,8	245,252	298	149
13238	19,20	314,269	13,17	312,291	298	149
13240	35,33	173,196	35,38	192,204	298	149
13241	27,21	44,42	27,14	31,30	298	149
13242	3,1	55,60	1,1	56,57	298	149
13244	0,2	15,7	1,4	9,10	298	149
13245	3,2	37,32	2,2	31,40	298	149
13246	4,0	0,0	8,3	2,1	298	149
13247	1,0	36,26	0,2	19,25	231	149
13248	7,18	39,42	16,6	35,40	298	149
13249	975,745	6,4	505,672	9,8	233	149
13250	1175,893	205,197	694,895	222,260	298	149
13252	1892,1506	0,0	1581,1739	0,1	298	149
13253	54,65	35,25	68,59	34,40	298	149
13255	16,12	0,1	12,8	0,0	298	149
13260	49,33	24,12	45,72	19,24	298	149
13263	54,50	24,23	61,73	17,27	298	149
13264	326,326	6278,6115	386,378	8418,8968	298	149
13265	122,126	4472,4240	143,141	5821,6318	262	149
13267	39,66	4450,4076	68,82	6148,7059	238	149
13268	465,432	5774,5432	622,723	7434,7455	298	149
13269	447,427	8,4	582,710	6,2	298	149
13270	133,177	5666,5416	140,154	6232,7052	298	149
13271	89,69	52,57	62,105	22,34	298	149
13272	12,0	2,3	11,11	3,4	298	149
13273	38,40	9,2	48,42	4,6	271	149
13274	75,73	0,0	105,105	0,2	298	149
13275	34,43	0,1	31,36	0,0	261	149
13276	181,129	541,361	200,186	366,456	298	149
13277	2,6	178,100	17,15	120,170	298	149
13279	174,110	718,440	78,157	326,588	298	149
13280	120,86	15,5	69,116	6,8	298	149
13281	11,7	1086,869	7,5	1140,1272	298	149
13282	343,276	1,0	292,336	0,0	298	149
13283	1088,893	6,6	1018,1146	13,19	241	149
13295	34,36	720,539	34,39	442,511	298	149
13296	98,82	0,2	117,137	0,4	298	149
13297	126,123	1306,1110	124,191	1337,1509	298	149
13298	886,876	0,6	1021,970	3,7	298	149
13299	84,92	1604,1516	79,105	1783,1768	298	149
13300	61,55	0,1	54,67	1,3	277	149
13301	3,5	1019,1118	14,7	1253,1275	298	149
13303	14,15	86,59	10,16	89,86	298	149
13304	20,11	0,3	19,19	4,2	298	149
13305	25,22	236,225	26,27	256,245	298	149
13306	18,22	10,20	26,25	32,18	298	149
13307	15,8	267,240	6,11	315,293	298	149
13308	101,84	229,197	75,92	292,238	298	149
13309	94,93	3,2	87,91	0,8	298	149
13310	122,128	0,0	105,132	4,6	298	149
13312	54,99	0,5	103,92	3,2	298	149
13313	51,85	2,0	83,78	0,0	298	149
13314	133,164	192,189	121,157	295,218	298	149
13315	107,165	8,11	189,164	25,11	298	149
13316	164,222	2,0	194,217	0,0	298	149
13317	16,7	243,276	12,13	323,277	298	149
13318	3,5	145,163	10,7	208,214	298	149
13319	255,328	6,0	306,290	1,1	210	149
13320	2,1	47,61	2,3	61,69	226	149
13321	3,2	1,1	2,3	2,0	231	149
13322	6,10	2,0	13,9	1,0	298	149
13323	31,31	23,16	54,27	32,23	298	149
13325	39,40	1,0	43,23	0,1	298	149
13326	33,31	78,59	35,35	80,88	298	149
13327	4,2	58,53	1,5	70,107	298	149
13328	33,30	0,0	28,27	2,0	298	149
13329	96,81	153,121	86,79	105,140	298	149
13333	13,26	3,3	31,19	1,1	298	149
13334	16,22	73,64	32,27	51,86	298	149
13340	0,8	0,1	0,3	0,0	298	149
13342	4,0	5,0	0,2	1,0	298	149
13344	2,3	5,0	0,2	2,2	298	149
13346	8,3	244,207	9,10	269,251	298	149
13347	73,65	294,256	55,49	318,328	298	149
13348	157,135	14,5	128,149	8,11	298	149
13349	9,1	229,181	5,15	215,202	298	149
13350	11,9	241,192	10,11	195,236	298	149
13352	904,673	65,36	561,690	28,38	264	149
13353	153,113	0,0	186,184	0,2	298	149
13354	76,60	405,273	101,92	308,356	298	149
13361	24,26	883,757	21,13	998,1068	298	149
13362	260,151	20,8	128,181	4,6	298	149
13363	146,74	1,0	77,78	0,1	298	149
13364	169,90	78,42	82,106	29,36	227	149
13365	7,12	3,10	24,25	5,10	298	149
13366	9,13	412,292	30,30	365,471	298	149
13367	87,73	18,10	48,71	14,12	298	149
13368	90,76	52,23	49,70	34,17	298	149
13369	21,21	0,0	15,22	2,0	298	149
13370	29,65	0,6	44,48	5,14	298	149
13371	10,4	38,13	2,5	13,33	298	149
13372	12,4	63,60	2,8	55,68	229	149
13373	5,4	162,109	7,1	125,133	228	149
13374	1,4	17,25	0,2	6,19	298	149
13375	0,0	7,12	0,1	1,8	224	149
13376	30,7	9,2	7,20	1,5	298	149
13384	39,34	338,372	41,58	342,445	298	149
13385	16,14	163,169	1,7	58,126	298	149
13386	66,58	257,227	44,70	258,250	275	149
13387	103,122	7,12	119,162	4,8	298	149
13388	24,14	0,0	27,25	1,3	286	149
13391	31,31	389,348	54,29	429,487	298	149
13392	26,29	1,1	27,17	0,0	253	149
13393	28,25	2,2	25,35	0,2	298	149
13394	4,4	229,229	2,2	257,334	298	149
13396	6,0	4,3	2,4	3,9	298	149
13399	0,0	4,9	1,1	3,3	298	149
13401	1,1	99,102	6,0	95,108	298	149
13402	0,2	96,104	2,6	135,138	298	149
13406	205,171	0,1	188,177	1,2	298	149
13409	9,2	115,96	6,3	85,76	228	149
13410	2,4	173,118	8,8	173,226	224	149
13411	9,6	463,476	6,5	597,561	298	149
13412	2,0	0,0	0,0	0,1	266	149
13413	0,0	1,0	0,1	0,0	298	149
13415	94,62	1,0	10,36	0,0	298	149
13417	23,17	1073,821	15,29	482,894	241	149
13418	44,38	1703,1288	52,88	1278,1447	298	149
13420	48,54	2364,1844	64,78	1815,2375	233	149
13421	209,172	344,258	102,156	145,269	298	149
13423	2,0	1,6	0,0	8,2	298	149
13424	0,0	1,0	4,0	1,0	243	149
13425	10,21	3,4	21,30	1,2	233	149
13426	2,3	3,3	7,8	0,1	298	149
13427	13,12	75,81	11,18	93,93	298	149
13430	161,120	3,4	191,211	0,4	247	149
13433	43,50	955,854	57,39	917,1022	298	149
13434	17,24	2,0	30,22	2,4	298	149
13435	8,26	989,877	22,18	914,1075	298	149
13436	91,86	12,10	96,95	6,18	298	149
13437	3,8	167,179	10,13	204,183	298	149
13439	30,30	174,221	24,36	208,273	298	149
13440	27,21	2,0	14,25	4,5	298	149
13441	25,20	0,3	25,31	0,1	298	149
13442	22,11	0,0	15,20	0,3	298	149
13443	9,7	199,226	9,15	270,315	269	149
13444	7,10	0,0	9,24	0,2	298	149
13445	14,24	185,211	14,52	286,276	298	149
13446	12,23	316,324	12,16	336,350	298	149
13448	7,29	9,11	17,6	4,11	262	149
13449	25,27	168,179	29,19	210,236	298	149
13450	34,21	4,2	25,26	5,3	298	149
13451	36,24	13,12	29,24	3,6	298	149
13455	4,0	13,11	0,2	18,15	282	149
13456	4,7	12,2	3,2	4,10	298	149
13457	3513,2716	2,2	3296,4148	1,3	224	149
13458	44,31	186,163	35,61	208,232	298	149
13459	38,33	1,2	34,48	3,2	298	149
13463	115,176	1327,1303	222,196	1542,1695	298	149
13464	186,212	32,18	303,289	44,23	298	149
13465	236,252	2,0	313,406	3,1	298	149
13466	266,282	999,997	378,481	1202,1372	298	149
13467	150,136	0,4	173,212	1,2	298	149
13469	2,6	0,0	2,2	0,1	244	149
13471	6,5	0,0	4,1	2,0	298	149
13477	560,466	67,53	391,545	14,13	298	149
13478	11,14	829,677	22,20	925,927	237	149
13479	15,14	1006,934	23,31	1198,1240	298	149
13480	39,44	2,3	32,42	6,7	298	149
13481	41,42	791,789	26,39	994,1117	286	149
13482	431,420	1,1	542,663	0,4	298	149
13483	31,14	972,1017	34,30	1160,1208	298	149
13484	89,75	721,632	83,72	874,793	298	149
13486	35,39	5,2	34,25	7,6	298	149
13488	0,3	183,156	1,5	216,211	298	149
13489	4,2	588,792	0,1	873,958	298	149
13490	4,2	0,0	0,1	6,3	298	149
13491	6,9	9,3	6,6	5,5	298	149
13492	16,10	1,1	8,16	1,2	298	149
13493	58,42	36,16	46,60	18,32	298	149
13497	9,14	14,11	6,16	11,3	271	149
13498	15,33	15,17	32,28	10,18	298	149
13499	3,5	137,177	13,6	205,255	298	149
13501	8,14	164,187	17,24	163,191	298	149
13502	64,80	6,15	82,81	5,5	298	149
13504	8,4	128,179	9,8	143,163	298	149
13505	18,28	189,246	37,42	212,223	298	149
13511	15,11	5,6	8,4	7,15	298	149
13514	12,9	147,97	4,5	40,108	298	149
13516	29,7	119,130	10,14	159,149	226	149
13528	18,33	12,18	39,39	16,10	286	149
13529	7,7	0,2	9,10	0,3	226	149
13530	7,11	2,0	15,20	0,2	298	149
13532	3,9	0,4	4,12	3,3	298	149
13533	1,3	24,11	4,6	13,26	298	149
13535	5,7	2,0	9,16	0,1	298	149
13536	3,7	1,0	6,5	0,0	298	149
13538	2,3	0,0	1,3	0,4	278	149
13539	6,5	0,0	6,10	1,5	298	149
13542	562,380	2,2	315,535	0,0	261	149
13544	29,38	226,261	45,31	255,300	298	149
13545	2,6	3,2	3,5	4,5	298	149
13546	159,155	53,62	171,218	69,91	298	149
13549	64,83	195,198	73,79	199,218	298	149
13550	86,43	369,304	65,41	384,369	298	149
13551	86,31	2,1	38,31	0,0	254	149
13552	158,159	286,299	116,120	404,333	298	149
13554	13,4	481,452	23,27	627,754	298	149
13557	2,9	0,0	3,3	5,0	298	149
13558	0,3	7,4	6,8	11,4	298	149
13559	8,2	2,2	9,7	4,1	284	149
13561	15,12	318,267	10,11	127,211	245	149
13563	40,45	71,66	32,55	94,76	298	149
13572	4,2	5,6	0,5	3,1	298	149
13573	5,3	4,9	0,6	0,3	298	149
13574	5,3	2,0	0,6	2,0	298	149
13575	1,0	5,10	0,0	7,8	298	149
13576	11,3	0,1	6,6	0,0	298	149
13577	14,17	15,6	30,31	4,7	298	149
13578	14,9	7,2	16,11	5,11	298	149
13579	0,0	5,4	0,3	3,7	298	149
13580	0,0	41,10	0,1	32,32	298	149
13581	0,0	57,37	3,2	49,45	298	149
13584	14,2	92,82	0,4	94,65	298	149
13599	4,4	0,0	4,1	0,2	298	149
13605	3,2	3,2	1,2	5,1	269	149
13606	4,1	2,0	7,6	2,2	298	149
13607	6,5	1,2	13,7	1,0	281	149
13608	0,2	3,3	0,0	0,1	220	149
13610	1,1	2,2	0,1	0,1	298	149
13612	9,7	6,6	1,15	5,4	298	149
13613	13,12	3,0	8,11	6,0	219	149
13614	18,15	67,30	16,26	85,65	298	149
13616	97,114	21,26	118,124	27,29	268	149
13617	10,5	2,3	2,6	4,0	298	149
13619	5,14	465,458	10,19	548,586	298	149
13630	1,2	22,29	1,0	27,37	241	149
13631	295,299	4,9	308,358	5,7	298	149
13633	243,259	0,0	266,301	1,0	298	149
13634	0,2	136,137	1,2	124,147	298	149
13635	13,14	6,3	12,11	7,3	298	149
13636	1,0	137,99	2,3	80,134	298	149
13637	1,0	0,2	2,2	2,0	298	149
13638	2,0	110,60	0,1	69,98	298	149
13639	1,3	33,29	5,1	27,42	298	149
13640	103,72	0,0	96,148	0,2	266	149
13641	0,0	126,107	3,1	141,137	298	149
13642	12,6	97,104	9,6	107,119	298	149
13643	236,236	8,5	257,266	5,8	298	149
13644	14,4	114,84	8,4	95,93	233	149
13645	7,7	118,109	8,10	113,90	298	149
13646	15,7	230,224	8,11	227,203	298	149
13647	24,29	130,100	12,20	83,96	297	149
13648	19,33	90,63	18,21	96,92	298	149
13649	10,12	87,54	10,7	39,41	298	149
13650	7,1	101,75	5,4	65,72	298	149
13651	2,4	9,9	0,3	8,10	298	149
13652	6,4	169,145	7,7	207,202	298	149
13653	105,77	130,115	95,91	111,129	298	149
13654	125,90	1,0	108,115	1,0	298	149
13658	10,12	3,2	7,10	1,1	281	149
13659	95,90	7,10	97,117	6,4	298	149
13664	4,2	73,62	1,4	92,97	298	149
13665	8,4	0,0	10,12	1,0	298	149
13666	9,8	8,4	13,17	4,1	298	149
13667	2,0	15,23	3,4	24,19	298	149
13668	0,6	28,18	2,4	27,23	298	149
13671	3,0	0,2	0,3	2,5	298	149
13672	4,0	71,103	1,1	74,107	298	149
13674	19,19	50,48	10,19	46,62	298	149
13675	2,6	0,0	1,3	1,0	298	149
13676	3,2	38,39	2,5	53,42	282	149
13678	15,34	39,47	19,28	52,63	240	149
13679	28,36	2,0	23,19	0,0	298	149
13680	25,17	143,120	15,29	67,126	298	149
