ID	IJC_SAMPLE_1	SJC_SAMPLE_1	IJC_SAMPLE_2	SJC_SAMPLE_2	IncFormLen	SkipFormLen
32	1,1	0,2	5,2	0,0	189	149
33	10,8	0,2	10,6	0,0	218	149
34	21,23	0,2	26,36	0,0	507	149
35	9,7	0,0	9,4	4,0	178	149
36	20,22	0,0	25,34	4,0	467	149
37	16,19	5,4	21,32	5,2	438	149
38	7,11	0,2	10,9	0,0	292	149
39	7,12	0,2	17,15	0,0	331	149
40	7,16	0,2	27,20	0,0	333	149
41	6,10	0,0	9,7	4,0	252	149
42	6,11	0,0	16,13	4,0	291	149
43	6,15	0,0	26,18	4,0	293	149
44	2,7	5,4	5,5	5,2	223	149
45	2,8	5,4	12,11	5,2	262	149
46	2,12	5,4	22,16	5,2	264	149
50	5,6	0,2	6,7	0,0	241	149
51	48,39	0,2	51,53	0,0	900	149
52	4,5	0,0	5,5	4,0	201	149
53	47,38	0,0	50,51	4,0	860	149
54	0,2	5,4	1,3	5,2	172	149
55	43,35	5,4	46,49	5,2	831	149
58	14,11	0,4	9,20	10,4	323	149
63	1,8	9,25	2,2	16,13	176	149
81	3,1	0,2	4,1	2,1	160	149
89	0,0	1,0	0,1	1,6	152	149
95	0,6	0,2	3,2	1,2	1200	149
96	0,5	0,2	3,2	1,2	370	149
99	0,5	0,2	3,2	1,2	206	149
101	0,0	0,2	3,1	1,2	177	149
102	0,0	0,2	3,1	1,2	166	149
116	0,1	1,0	0,4	1,0	160	149
154	9,5	1,2	14,3	7,1	152	149
155	8,9	45,21	3,2	19,15	170	149
156	12,5	76,49	2,0	94,83	204	149
157	25,17	76,49	7,15	94,83	363	149
158	17,17	4,5	7,15	2,0	308	149
159	3,0	11,27	2,2	56,29	169	149
160	1,3	216,191	0,0	341,222	196	149
161	795,712	0,1	782,672	0,0	1831	149
162	2524,2031	0,1	2078,1587	0,0	1638	149
163	4,5	932,746	6,3	996,553	166	149
165	110,96	373,334	83,83	939,718	1283	149
167	74,65	29,20	66,57	34,19	209	149
168	2,4	1,0	4,13	0,0	152	149
169	56,42	25,18	150,92	94,43	152	149
174	151,122	1,1	269,179	4,0	315	149
175	19,16	6,9	12,5	6,2	191	149
183	0,0	9,13	0,1	40,23	169	149
187	478,420	22,21	944,636	40,57	2559	149
188	56,61	8,10	115,90	24,23	155	149
189	18,15	4,1	29,29	2,7	230	149
190	24,15	2,7	28,28	6,12	230	149
191	36,39	73,92	55,44	216,115	230	149
193	22,28	3,0	51,46	4,2	253	149
199	18,17	0,2	17,7	2,0	195	149
200	44,66	50,55	145,112	123,60	169	149
201	182,187	50,55	423,321	123,60	200	149
202	142,133	4,12	286,215	8,6	180	149
203	66,116	457,367	200,150	788,611	169	149
204	495,495	457,367	946,743	788,611	200	149
205	455,441	26,62	809,637	63,44	180	149
206	24,26	260,241	17,13	682,530	398	149
207	44,42	28,14	36,31	27,10	509	149
215	4,7	1,0	2,4	0,3	152	149
216	1,0	0,0	0,0	2,0	193	149
218	3,2	1,0	11,8	2,0	152	149
219	0,3	12,5	0,5	17,8	185	149
220	15,8	4,2	5,8	2,2	154	149
223	4,8	1,2	25,15	3,2	152	149
247	1,1	47,36	1,3	108,88	170	149
248	2,1	1,0	3,3	0,0	153	149
249	36,35	0,0	66,51	1,0	155	149
250	39,42	0,2	71,56	0,0	173	149
251	3,7	0,2	6,5	0,0	167	149
252	0,1	0,0	2,0	2,0	153	149
254	1,0	2,0	0,3	0,0	152	149
255	38,32	0,0	60,56	2,0	335	149
256	134,97	0,0	229,167	0,1	736	149
257	206,177	1,2	410,312	0,0	990	149
258	96,65	0,0	171,111	0,1	550	149
259	168,145	1,2	352,256	0,0	804	149
260	72,80	1,2	181,146	0,0	403	149
262	204,171	0,0	408,323	0,2	804	149
263	132,91	0,2	227,178	1,1	550	149
264	0,0	1,0	0,2	0,0	176	149
265	15,10	4,1	10,10	2,1	193	149
266	6,7	0,0	10,9	2,0	188	149
267	2,7	0,0	1,7	2,0	235	149
268	0,4	4,4	0,0	9,2	196	149
273	6,7	22,18	11,14	67,65	949	149
274	3,3	0,0	4,3	4,4	257	149
275	22,30	0,0	78,41	0,2	152	149
276	1,4	0,0	5,2	0,2	156	149
277	0,3	21,29	3,2	76,41	153	149
278	45,40	0,0	56,48	1,0	155	149
284	309,311	41,23	446,340	37,20	179	149
285	2915,3449	1,1	2787,2043	4,0	3489	149
294	55,38	28,22	48,41	21,31	225	149
295	169,170	28,22	213,164	21,31	412	149
296	1323,1395	28,22	1694,1227	21,31	2134	149
297	116,132	2,0	165,124	0,1	336	149
298	1270,1357	2,0	1646,1187	0,1	2058	149
299	1154,1225	0,0	1483,1064	2,1	1871	149
300	1126,1165	0,0	1330,926	2,0	3240	149
303	0,3	2,0	2,4	0,0	154	149
310	72,97	35,39	287,166	136,65	152	149
312	254,191	1,0	441,290	0,0	400	149
313	224,219	66,51	326,247	87,58	152	149
318	100,90	0,0	96,54	0,1	199	149
319	16,6	8,0	4,3	2,5	194	149
320	11,4	13,3	3,0	18,3	164	149
321	179,218	9,4	223,169	23,8	167	149
322	151,105	9,4	87,38	23,8	471	149
323	129,85	157,198	59,25	195,156	453	149
333	4,4	237,199	3,2	257,208	198	149
334	198,157	0,2	333,220	0,0	151	149
335	2,4	0,2	8,11	0,0	181	149
336	1,2	197,155	1,5	326,214	179	149
338	3,4	202,121	8,4	154,79	278	149
340	2,5	134,119	1,2	284,160	176	149
342	80,77	4,4	155,135	18,17	196	149
343	38,59	4,4	75,58	18,17	667	149
344	19,34	61,52	32,16	112,93	620	149
346	25,11	1,2	6,4	0,0	183	149
347	87,65	3,0	18,10	0,1	161	149
348	176,147	74,78	339,228	164,85	155	149
349	200,174	0,2	361,233	0,0	166	149
350	98,105	0,2	186,90	0,0	160	149
351	3,0	0,1	2,0	0,0	187	149
352	1784,1561	4,3	2519,1943	2,8	279	149
353	2,2	0,1	0,2	2,2	156	149
359	1020,1037	1,2	2098,1484	0,0	1777	149
360	110,76	818,834	118,76	1886,1372	1494	149
361	127,93	10,13	141,95	48,31	1497	149
362	835,851	10,13	1909,1391	48,31	152	149
363	50,59	0,0	95,62	1,0	442	149
364	896,981	0,0	1682,1177	1,0	1442	149
365	786,892	0,0	1648,1104	1,0	154	149
366	1020,1140	1,0	2024,1400	0,0	222	149
367	234,248	1,0	377,296	0,0	217	149
368	601,595	37,28	1056,772	6,2	442	149
369	971,1158	0,1	2021,1336	0,0	425	149
370	1,0	613,671	0,0	1223,870	160	149
371	646,691	0,1	1286,915	0,0	602	149
372	25,24	6,2	26,21	0,0	477	149
373	461,401	177,197	791,430	309,180	152	149
374	462,399	28,28	794,441	3,3	477	149
375	1162,1113	2,0	1725,1275	0,0	369	149
376	1738,1640	5,7	2469,1800	0,0	369	149
377	14,15	5,7	34,27	1,0	164	149
378	65,62	97,93	129,107	152,120	164	149
380	15,19	41,24	16,19	45,24	1341	149
383	26,18	0,0	41,41	0,4	945	149
388	0,0	0,2	3,0	0,0	178	149
389	13,11	10,17	21,13	25,24	152	149
390	1371,1463	42,40	3237,2466	62,59	176	149
391	103,80	13,17	108,68	2,13	160	149
392	15,11	3,4	7,6	0,1	160	149
393	225,228	8,10	135,130	12,6	263	149
394	56,43	0,1	70,42	0,0	179	149
395	60,66	2,1	93,55	1,1	236	149
398	182,211	0,1	311,229	0,0	327	149
399	89,55	48,65	102,80	67,64	813	149
400	107,67	28,37	108,88	112,64	813	149
401	200,172	1,2	298,200	0,1	1927	149
402	63,85	2,0	194,146	0,5	1076	149
403	8,10	0,0	4,4	0,2	311	149
404	8,11	2,0	4,4	0,0	314	149
405	0,1	2,0	0,2	0,0	152	149
406	17,9	3,2	11,13	2,2	311	149
407	17,10	2,4	11,13	4,1	314	149
408	3,3	2,4	2,2	4,1	152	149
410	111,76	17,19	96,64	13,9	476	149
413	143,147	6,0	277,193	1,0	152	149
414	186,171	0,1	347,235	0,0	204	149
415	49,24	0,1	71,42	0,0	201	149
416	329,279	99,121	440,267	174,142	1761	149
417	331,281	1,0	445,271	0,0	1763	149
418	101,123	1,0	179,146	0,0	151	149
426	23,22	3,4	38,18	9,5	152	149
427	6,3	2,2	4,5	0,0	152	149
428	0,2	0,2	5,2	0,2	153	149
431	25,19	1,0	27,21	3,0	291	149
432	25,19	0,0	27,21	2,0	294	149
433	1,0	0,0	3,0	2,0	152	149
434	5,6	5,8	2,3	5,4	152	149
436	4,0	4,7	0,2	3,1	845	149
441	1,1	10,6	5,0	5,4	152	149
442	8,8	182,103	8,7	252,187	152	149
443	22,15	191,128	16,6	178,98	152	149
444	5,4	110,90	4,0	95,54	170	149
445	87,62	3,2	39,26	0,0	153	149
447	41,52	7,1	37,15	0,2	180	149
448	5,4	1,3	2,0	2,0	180	149
449	3,2	66,58	2,0	51,36	179	149
450	11,16	61,75	5,8	47,50	211	149
451	2,3	75,81	6,3	27,46	165	149
455	73,91	45,64	151,127	58,40	204	149
456	76,93	20,31	154,128	28,13	208	149
457	48,66	20,31	61,41	28,13	153	149
459	1,0	3,0	5,4	0,0	152	149
460	2,0	0,0	0,0	1,0	152	149
463	126,161	0,1	303,201	2,0	205	149
464	1,6	0,0	4,2	2,2	323	149
465	1,6	49,49	0,2	89,86	200	149
466	3,7	4,9	2,2	12,8	205	149
467	51,50	4,9	91,86	12,8	154	149
472	5,9	155,133	3,4	378,278	309	149
475	758,625	0,1	1261,934	0,0	1334	149
476	29,12	19,14	28,20	25,9	182	149
480	78,60	4,2	143,112	3,0	463	149
481	20,20	133,162	27,25	308,263	329	149
482	216,194	0,1	515,356	0,0	219	149
483	621,567	2,0	1398,1008	0,0	219	149
484	42,40	0,0	25,42	2,0	1033	149
485	28,36	444,393	27,27	901,671	687	149
488	52,62	2,0	92,56	0,0	524	149
489	387,387	2,0	737,587	0,0	524	149
490	584,524	3,0	915,771	0,0	762	149
491	5,3	95,107	9,2	224,161	191	149
494	237,251	16,6	278,189	8,11	239	149
495	242,145	1,0	333,246	1,0	3390	149
496	13,18	318,321	31,23	595,446	334	149
497	436,420	2,0	632,527	0,0	1642	149
498	391,398	5,5	578,408	3,2	263	149
499	3,1	36,36	2,3	35,12	212	149
500	24,20	0,0	22,13	1,1	266	149
501	37,43	115,86	41,30	282,203	266	149
503	24,18	209,213	37,16	493,286	214	149
504	18,11	2,9	22,8	3,1	214	149
505	1,1	4,1	1,0	0,0	216	149
506	7,10	42,21	15,14	27,8	317	149
507	1,3	14,11	0,0	14,5	173	149
508	2,1	0,0	0,1	0,1	153	149
509	70,54	7,0	100,80	2,0	154	149
510	21,19	2,0	38,26	0,0	153	149
512	407,292	0,1	430,324	1,3	302	149
515	131,146	1,0	209,139	2,0	154	149
520	2,1	16,5	0,3	22,13	178	149
521	4,1	115,100	0,3	159,153	178	149
522	161,140	0,0	266,171	1,2	172	149
523	6,4	57,39	1,3	42,29	378	149
526	0,0	16,9	2,1	32,19	168	149
528	21,11	5,9	48,27	11,6	176	149
529	43,21	0,2	72,49	0,1	271	149
530	27,19	0,2	35,28	0,1	244	149
531	1,0	13,35	1,6	59,52	232	149
532	16,16	0,0	29,35	0,5	154	149
533	0,4	24,17	1,5	23,32	219	149
534	296,253	7,0	445,294	4,0	263	149
535	112,104	1,0	91,79	0,0	562	149
536	30,15	30,20	43,44	121,74	214	149
537	805,590	0,0	670,460	0,1	1137	149
538	11,4	128,117	5,4	159,109	231	149
539	230,253	5,3	386,258	7,1	218	149
540	175,143	15,9	227,194	16,14	152	149
541	206,183	8,6	276,163	12,4	164	149
542	4,3	51,42	2,0	27,9	198	149
543	49,39	23,26	34,27	10,9	267	149
544	96,78	23,26	59,36	10,9	218	149
546	104,82	0,1	230,171	4,8	182	149
548	23,10	0,0	13,17	3,0	767	149
565	2,2	86,90	1,1	130,95	210	149
567	0,0	2,6	1,0	3,9	260	149
570	20,17	249,242	48,41	372,276	152	149
578	24,11	0,1	18,18	1,0	242	149
579	33,15	1,3	20,25	0,1	242	149
580	26,7	1,3	13,18	0,1	245	149
581	24,10	1,3	13,20	0,1	266	149
582	2,0	9,8	0,0	7,7	152	149
583	0,3	9,8	0,2	7,7	173	149
584	0,3	2,0	0,2	0,0	170	149
587	31,14	0,0	16,21	0,1	242	149
588	26,7	0,0	13,18	0,1	245	149
589	2,0	7,7	0,0	3,3	152	149
590	13,18	2,3	11,5	10,0	267	149
591	2,3	0,2	10,1	0,0	151	149
592	13,18	0,2	11,6	0,0	269	149
595	142,137	2,2	172,146	0,0	457	149
596	11,17	12,1	7,7	1,4	163	149
597	3,0	0,0	4,0	2,0	157	149
598	99,87	0,0	98,72	2,0	205	149
599	96,87	0,0	96,72	2,0	197	149
603	4,2	155,118	1,0	154,83	530	149
605	108,113	1,0	116,64	0,0	653	149
606	112,96	1,0	96,59	0,0	440	149
607	8,9	112,93	9,7	90,58	276	149
608	52,29	0,0	15,9	1,0	192	149
622	12,17	0,3	7,2	0,0	155	149
623	4023,4037	1,2	4861,3642	0,0	3644	149
624	0,6	0,1	16,17	0,0	152	149
625	3,8	0,4	25,22	0,0	188	149
626	3,3	0,4	9,5	0,0	185	149
627	18,18	0,0	27,7	2,0	484	149
628	22,29	1,1	66,21	1,2	181	149
629	7,0	40,41	5,3	62,62	203	149
630	70,64	0,0	92,52	2,0	153	149
631	142,77	0,1	112,90	0,0	850	149
632	5,13	59,35	4,6	69,42	226	149
633	8,6	14,24	10,4	22,13	685	149
634	45,37	133,91	21,8	40,31	979	149
635	51,55	133,91	33,17	40,31	443	149
636	37,31	0,2	12,4	0,0	443	149
637	34,25	1031,961	66,37	1534,1007	207	149
639	116,106	0,0	148,105	1,1	242	149
640	15,8	0,9	28,3	0,0	160	149
641	560,563	27,14	1066,789	14,20	2845	149
643	5,3	1,0	4,0	0,0	1130	149
644	1,0	8,9	0,0	9,5	395	149
646	0,2	102,109	1,0	163,123	837	149
657	11,8	17,16	0,2	8,8	318	149
658	46,24	21,14	42,29	31,20	229	149
662	3,0	2,2	0,1	0,0	152	149
668	6,9	3,0	11,10	3,3	203	149
677	10,13	2,0	6,4	0,0	286	149
679	52,44	277,329	0,0	1,4	168	149
680	630,563	0,1	5,4	0,0	173	149
681	793,753	0,4	12,6	0,0	218	149
685	55,60	2,0	102,68	0,0	563	149
686	720,732	9,16	835,650	19,13	1483	149
687	46,39	14,7	96,38	15,12	154	149
688	2259,2093	0,0	3585,2658	3,0	3214	149
694	3,3	122,140	5,5	189,150	343	149
696	60,62	1,0	36,30	0,0	154	149
697	8,6	2,0	8,2	2,0	198	149
698	5,5	2,1	8,2	3,1	198	149
699	7,7	21,18	14,8	26,9	198	149
702	10,6	584,594	14,5	1503,1170	166	149
703	80,69	175,174	128,69	171,135	202	149
704	59,79	58,46	181,102	87,58	152	149
705	249,190	0,1	389,234	1,0	650	149
723	5,8	0,0	4,3	1,0	179	149
724	16,12	1,1	11,10	0,0	1089	149
752	19,10	5,11	13,3	8,3	209	149
753	22,11	148,96	15,4	150,82	209	149
754	10,8	82,49	26,16	27,23	937	149
755	15,20	74,83	9,4	100,58	255	149
756	5,1	2,1	0,0	0,2	227	149
757	7,6	72,74	2,1	136,63	299	149
758	4,6	72,74	2,3	136,63	221	149
759	90,62	0,0	89,34	0,2	206	149
760	5,0	35,24	2,0	9,11	202	149
763	2,1	4,2	4,0	3,0	289	149
765	344,256	6,8	410,365	4,6	155	149
770	7,8	829,813	15,5	1824,1373	188	149
779	163,124	2,0	165,125	1,1	184	149
790	3,9	340,305	3,0	616,405	273	149
791	117,106	1,1	316,282	2,1	204	149
792	428,391	0,2	849,580	0,0	188	149
797	2,5	8,8	2,0	4,6	232	149
803	161,144	1,0	161,124	0,0	154	149
805	160,143	0,2	161,124	0,1	154	149
806	1746,1670	2,1	2009,1331	0,0	567	149
807	13,10	578,499	18,7	548,397	188	149
808	6,14	672,662	21,21	1100,869	319	149
809	488,522	0,1	1035,811	2,0	336	149
810	1088,931	0,0	1716,1244	3,0	155	149
811	137,140	708,617	262,184	1398,1124	167	149
818	415,527	199,213	932,702	387,269	224	149
819	154,176	0,1	379,268	5,1	224	149
822	127,77	2,1	160,111	3,2	155	149
823	90,69	9,23	136,103	26,26	178	149
825	24,24	95,87	20,10	166,153	200	149
826	6,6	1,3	2,1	2,5	154	149
829	0,1	48,53	1,0	40,24	221	149
830	14,10	56,64	5,8	32,28	207	149
831	7,9	0,5	5,4	0,1	164	149
832	5,6	2,0	1,1	0,0	164	149
834	9,3	43,12	5,4	15,6	165	149
835	37,26	1,0	26,15	0,0	206	149
836	71,35	1,0	36,17	0,0	190	149
837	9,3	20,25	5,5	22,23	165	149
838	2,0	34,30	1,0	44,37	162	149
839	3,6	34,30	6,1	44,37	247	149
841	35,36	0,0	50,43	4,3	297	149
844	2,2	29,34	1,0	46,42	218	149
858	26,28	0,0	76,40	2,0	151	149
872	1,9	61,61	2,5	117,58	186	149
876	8,6	3,5	2,11	2,2	184	149
877	502,528	505,446	595,512	503,355	167	149
878	59,75	505,446	115,123	503,355	202	149
879	7,6	450,459	2,11	482,400	184	149
880	54,73	18,19	115,113	6,5	167	149
881	765,809	11,23	1191,891	23,21	152	149
882	1,0	861,808	2,1	1189,929	173	149
883	55,71	16,10	28,29	14,4	973	149
884	1131,1060	2,0	1577,1079	0,0	2019	149
887	6,1	308,277	14,7	687,438	172	149
888	407,373	0,1	693,516	1,4	693	149
889	112,107	0,0	75,76	0,2	693	149
890	1,2	273,245	2,0	654,521	163	149
891	127,140	7,11	315,162	30,23	181	149
892	68,92	2,0	185,103	2,2	181	149
893	2,0	264,210	1,2	590,462	185	149
894	0,4	1,4	1,0	5,3	227	149
895	4,11	259,242	7,4	520,333	245	149
896	5,11	259,242	11,7	520,333	167	149
898	2,0	9,24	4,1	9,10	236	149
899	1771,1768	296,311	2470,1925	381,238	173	149
900	271,277	0,0	399,320	1,0	173	149
902	5,10	97,92	15,13	227,177	243	149
904	12,4	48,41	5,6	141,83	395	149
906	118,104	2,2	203,136	1,0	193	149
907	120,110	0,1	199,135	5,4	193	149
911	19,13	17,19	47,32	19,27	167	149
912	19,15	11,13	58,56	62,25	167	149
913	319,336	17,27	537,390	22,24	446	149
914	559,540	1,2	890,650	1,1	798	149
915	257,235	1,2	380,286	1,1	501	149
1000	0,1	318,287	0,0	493,393	157	149
1001	564,570	0,2	1176,756	0,0	203	149
1003	0,0	0,1	1,0	7,2	167	149
1004	0,0	0,2	2,0	0,0	164	149
1005	1,4	0,2	1,0	0,0	206	149
1006	1,4	0,0	1,0	2,0	191	149
1007	1,3	1,0	2,0	0,0	259	149
1008	0,1	0,0	0,2	0,2	152	149
1009	0,1	0,2	9,0	0,0	152	149
1010	29,39	27,20	105,76	38,40	152	149
1011	4,0	90,100	2,6	195,177	165	149
1023	23,20	1,0	33,23	0,0	195	149
1024	102,126	769,704	203,137	1300,830	170	149
1025	26,27	17,7	48,24	2,4	170	149
1026	399,420	2,0	701,486	0,0	214	149
1027	968,1050	21,32	1582,1147	3,13	214	149
1038	73,70	3,0	210,133	4,3	197	149
1046	332,275	6,0	361,249	1,1	353	149
1047	127,116	6,12	146,113	17,5	302	149
1048	699,694	0,1	1211,956	0,0	464	149
1053	22,18	52,39	36,29	48,36	658	149
1054	199,128	2,0	56,37	0,1	161	149
1055	14,12	144,136	9,1	214,77	171	149
1056	66,52	4,2	38,16	2,1	206	149
1057	196,176	4,2	243,92	2,1	184	149
1058	1549,1502	2,0	2834,1990	1,0	159	149
1059	1216,1080	3,13	1363,621	6,3	173	149
1060	82,64	0,0	95,66	6,2	436	149
1061	85,88	36,34	156,111	64,53	184	149
1062	1,2	55,45	4,0	52,33	164	149
1064	9,3	3,4	11,8	1,4	152	149
1068	1,2	0,0	2,0	7,1	152	149
1070	27,12	8,4	4,2	2,4	152	149
1073	7,3	10,10	3,0	5,1	152	149
1074	52,41	29,37	15,10	11,8	152	149
1075	15,13	2,4	27,10	2,2	181	149
1087	365,349	2839,2089	298,245	3808,2666	994	149
1089	11,1	38,26	5,7	41,29	152	149
1090	18,20	56,53	6,4	85,76	202	149
1091	19,20	265,217	6,4	425,264	205	149
1092	57,53	265,217	85,76	425,264	152	149
1094	22,13	290,191	15,14	391,287	367	149
1095	6,8	50,50	7,10	85,54	172	149
1096	5,3	133,118	5,2	81,30	177	149
1098	195,154	5,6	248,189	5,2	186	149
1099	35,24	80,52	28,28	66,49	213	149
1101	12,6	0,0	11,10	1,0	244	149
1103	8,7	2,6	10,14	1,0	458	149
1104	9,6	9,2	17,10	19,7	215	149
1105	31,37	0,6	46,27	3,0	168	149
1107	25,30	0,0	60,46	2,0	173	149
1108	2,0	45,40	5,4	67,45	163	149
1116	214,184	1,0	359,274	4,3	182	149
1117	280,247	0,0	240,171	2,1	1231	149
1118	17,17	44,48	15,8	41,31	220	149
1119	236,201	6,4	199,140	8,13	1231	149
1120	2,3	48,51	7,4	36,30	181	149
1121	2,2	2,0	4,4	0,2	181	149
1126	38,21	15,12	33,12	37,24	197	149
1128	0,0	3,3	2,1	3,2	152	149
1129	6,4	131,112	3,4	128,114	227	149
1132	356,251	6,1	498,461	0,2	333	149
1133	39,40	59,17	26,15	37,41	232	149
1136	231,192	17,9	216,152	18,3	152	149
1137	108,79	1,0	35,24	0,0	228	149
1138	24,36	232,173	30,6	340,242	845	149
1139	42,46	232,173	46,18	340,242	1099	149
1140	353,300	5,1	711,526	6,3	154	149
1141	562,450	7,13	1030,718	7,17	248	149
1142	204,182	7,13	328,272	7,17	348	149
1143	31,23	389,291	28,16	730,462	249	149
1144	14,25	0,5	12,12	0,5	152	149
1145	575,489	0,5	1054,695	0,5	199	149
1146	566,473	5,9	1045,687	3,4	196	149
1147	453,326	3,3	1046,815	15,8	154	149
1153	0,0	0,1	2,2	0,0	219	149
1154	7,0	52,37	1,0	22,13	219	149
1155	2231,1952	17,9	1017,764	0,0	798	149
1156	33,9	2,1	2,0	0,0	153	149
1159	2,0	0,0	0,0	0,1	179	149
1165	2,0	10,10	2,2	18,22	287	149
1166	6,6	2,0	8,6	3,4	200	149
1167	106,74	1,2	21,16	0,0	464	149
1172	449,447	6,5	724,585	16,9	591	149
1176	8,11	10,6	1,1	3,0	153	149
1177	115,66	0,0	53,23	0,1	485	149
1178	261,184	1,0	359,246	2,0	180	149
1179	259,172	3,7	184,144	2,3	299	149
1180	17,14	23,40	8,10	22,26	185	149
1181	107,85	10,7	78,53	4,6	381	149
1182	113,111	10,7	92,69	4,6	345	149
1188	2,2	3,1	6,3	0,3	224	149
1189	12,14	111,112	11,4	202,143	942	149
1190	10,4	108,93	4,4	178,138	152	149
1192	18,15	1,0	55,35	0,0	207	149
1195	17,10	1,3	13,7	0,2	154	149
1196	0,0	0,1	3,4	0,0	154	149
1197	57,58	103,81	93,72	133,130	251	149
1199	2,1	3,2	0,1	2,0	152	149
1200	24,24	0,0	55,24	0,1	190	149
1201	41,23	8,3	55,30	0,1	190	149
1205	0,3	0,0	0,3	0,1	152	149
1206	26,5	2,8	32,43	8,9	152	149
1208	0,0	3,0	1,0	0,4	218	149
1209	36,32	6,0	50,18	1,0	251	149
1210	0,0	82,37	1,1	52,26	164	149
1214	0,0	67,64	4,2	152,115	166	149
1218	0,0	0,1	4,0	0,2	188	149
1224	0,0	4,4	1,0	6,12	179	149
1225	20,26	687,571	19,12	1265,970	170	149
1230	585,522	1,0	1006,753	1,0	197	149
1231	167,194	1,0	380,281	1,0	222	149
1232	4,6	422,334	2,4	628,476	174	149
1235	1,0	3,0	2,0	0,0	197	149
1238	17,14	4,0	21,12	2,3	152	149
1253	7,9	209,179	13,8	521,340	224	149
1255	1,2	1,2	1,3	9,1	451	149
1258	0,2	1,2	0,2	9,1	297	149
1264	152,110	776,567	226,129	858,700	179	149
1265	461,348	2,0	606,486	0,0	335	149
1266	1085,805	2,0	1238,1057	0,0	305	149
1268	130,90	0,1	164,123	0,0	184	149
1272	3,11	21,17	4,6	24,19	152	149
1273	905,855	4,4	1373,1116	5,3	242	149
1274	2347,1904	6,8	2259,1288	3,5	152	149
1278	359,398	1,1	588,461	0,0	364	149
1279	161,142	2,4	247,187	1,1	277	149
1280	46,47	26,33	130,95	79,59	152	149
1281	2,1	0,0	6,0	2,0	165	149
1282	100,57	1,5	73,57	1,2	220	149
1283	3,3	0,0	13,4	2,0	165	149
1284	658,479	1,4	624,330	1,0	497	149
1285	1,2	3,7	0,1	1,1	308	149
1289	2,1	11,12	11,0	9,12	179	149
1291	0,1	180,168	1,0	205,180	397	149
1292	1,0	0,2	0,0	5,4	152	149
1293	14,24	1,0	38,22	4,3	191	149
1294	12,28	1,0	39,25	0,7	191	149
1295	10,25	1,0	36,22	1,0	191	149
1296	65,52	1,0	92,57	4,4	180	149
1297	38,56	3,4	74,57	12,9	191	149
1298	21,31	2,3	43,21	3,5	191	149
1300	11,6	2,0	4,4	0,4	360	149
1301	12,6	0,0	4,6	0,1	394	149
1302	3,0	0,0	0,6	0,1	183	149
1303	6,4	0,2	10,4	1,2	240	149
1304	8,2	4,6	3,6	8,11	368	149
1306	3,2	13,16	1,0	38,16	191	149
1307	25,24	1,0	55,21	0,1	194	149
1308	1,1	14,6	2,0	14,7	166	149
1309	14,26	5,7	25,17	11,3	435	149
1310	1,1	8,9	0,0	6,13	190	149
1311	5,2	14,9	5,3	25,15	152	149
1312	18,16	0,4	19,19	1,2	240	149
1313	35,39	9,12	60,83	21,24	152	149
1314	9,8	9,12	10,7	21,24	311	149
1315	8,7	34,38	10,6	60,82	308	149
1316	126,135	136,104	216,162	250,133	272	149
1317	1064,1146	0,2	2002,1389	1,3	1423	149
1318	1148,1208	0,2	2101,1455	1,3	1478	149
1319	1057,1141	0,2	1992,1382	1,3	1528	149
1320	143,95	59,33	193,130	94,64	204	149
1321	52,28	59,33	84,57	94,64	254	149
1322	3,2	94,69	7,8	116,81	199	149
1323	98,96	0,0	194,132	0,1	399	149
1324	12,10	91,80	12,8	198,123	198	149
1326	98,95	0,9	202,124	8,8	164	149
1327	80,80	1,0	242,176	1,0	216	149
1328	137,99	0,3	276,198	5,4	189	149
1330	90,69	3,0	154,119	2,0	153	149
1331	44,70	6,8	42,24	2,1	499	149
1333	197,169	2,2	141,87	0,0	1237	149
1335	163,109	2,2	103,64	0,0	887	149
1336	9,1	2,2	12,10	0,0	164	149
1337	64,28	68,49	39,34	93,79	439	149
1338	73,29	28,31	51,44	46,48	454	149
1339	77,50	28,31	105,89	46,48	164	149
1344	6,11	40,18	33,33	67,60	152	149
1345	86,92	1,0	81,43	0,0	296	149
1346	12,14	23,12	12,12	17,9	152	149
1347	190,141	2,2	213,141	0,0	333	149
1348	90,90	85,48	47,32	100,62	551	149
1349	0,9	0,1	2,5	2,1	152	149
1350	62,59	0,1	56,55	2,1	289	149
1351	62,55	0,5	55,54	1,4	286	149
1352	117,97	8,16	158,102	8,18	466	149
1353	161,117	8,16	149,113	8,18	709	149
1354	15,20	40,51	14,13	49,22	174	149
1355	226,205	1,0	212,150	0,0	915	149
1357	4,5	52,29	0,0	30,7	170	149
1358	5,5	2,0	0,0	0,1	173	149
1359	53,29	2,0	30,7	0,1	152	149
1360	79,53	1,3	47,9	0,0	170	149
1361	681,622	6,0	1213,824	0,0	241	149
1364	94,90	7,9	89,54	6,0	295	149
1365	70,64	0,2	51,33	1,1	325	149
1370	1,0	2,1	2,0	0,1	241	149
1373	2,1	0,1	1,3	0,1	677	149
1379	1,1	0,1	0,2	0,0	155	149
1380	6,2	0,0	0,1	0,1	155	149
1396	2,0	0,1	1,0	9,5	183	149
1397	4,0	0,1	1,0	9,5	186	149
1399	48,34	0,1	47,31	0,0	253	149
1400	8,4	2,0	3,3	2,2	152	149
1401	11,9	5,12	5,0	9,1	152	149
1409	2,5	417,340	8,4	742,551	200	149
1410	297,228	0,1	381,239	5,5	189	149
1411	19,18	2,3	44,32	3,1	207	149
1414	134,125	0,0	261,194	0,1	155	149
1428	114,124	0,2	146,138	5,2	3955	149
1429	50,62	3,2	109,79	4,0	1707	149
1431	22,26	0,0	39,32	6,1	154	149
1433	1,0	0,0	0,0	1,0	152	149
1443	12,12	6,11	19,14	8,5	152	149
1444	1,5	5,2	7,5	7,1	152	149
1445	2,10	5,11	5,5	17,6	766	149
1450	23,20	1,0	6,0	0,0	380	149
1451	188,154	12,29	105,78	6,5	219	149
1452	331,217	3,0	187,134	0,0	2079	149
1453	17,8	1,2	16,13	2,4	154	149
1454	126,109	2,6	198,111	6,9	152	149
1456	10,6	1,0	24,26	0,0	154	149
1457	1386,1255	2,7	1291,997	4,0	2740	149
1458	308,288	1,0	342,286	0,0	943	149
1459	3,0	150,172	0,1	267,174	156	149
1462	353,289	2,0	397,273	0,0	421	149
1464	16,22	14,8	10,14	12,5	729	149
1465	2,0	55,29	2,0	43,42	168	149
1466	22,12	474,328	15,5	554,371	168	149
1467	265,166	87,58	229,161	101,58	152	149
1468	128,118	1,0	227,175	0,0	161	149
1474	1022,932	1,0	1199,892	0,1	720	149
1475	7,3	2,0	5,4	0,0	237	149
1476	10,13	281,278	15,12	914,627	286	149
1477	5,10	281,278	10,8	914,627	198	149
1478	185,149	2,2	353,309	0,2	153	149
1484	2,0	1,2	0,0	2,0	244	149
1488	2,3	2,0	0,0	7,7	223	149
1491	67,34	7,1	30,16	1,0	212	149
1492	4,2	53,51	0,0	50,40	707	149
1493	45,52	0,0	23,9	0,1	450	149
1495	41,37	85,76	46,36	188,121	521	149
1496	328,300	53,41	548,381	35,33	355	149
1501	3,1	7,6	2,1	5,0	160	149
1503	163,203	2,0	408,363	4,1	169	149
1509	8,9	0,0	5,2	0,1	158	149
1510	1,2	99,89	2,1	65,51	196	149
1511	0,2	99,89	2,1	65,51	206	149
1516	433,389	11,16	329,228	2,1	865	149
1520	260,214	11,16	192,128	2,1	756	149
1523	10,7	22,27	6,4	13,6	188	149
1524	2,3	22,27	2,3	13,6	179	149
1525	6,4	0,0	5,3	2,0	183	149
1527	11,4	0,1	18,8	0,0	183	149
1528	980,830	12,10	962,702	3,7	226	149
1529	395,368	12,10	324,277	3,7	266	149
1530	17,14	602,476	10,15	648,440	189	149
1531	682,517	449,315	467,306	417,276	1060	149
1532	43,25	7,18	31,19	4,5	177	149
1533	207,94	7,18	59,43	4,5	212	149
1534	171,77	7,8	28,26	0,2	184	149
1535	653,509	377,254	495,318	383,270	723	149
1536	660,565	1,7	472,314	0,0	1704	149
1537	2048,1625	1,7	1674,1135	0,0	2652	149
1538	1425,1098	17,28	1210,824	0,0	1097	149
1539	1135,1004	9,15	942,737	0,0	459	149
1540	606,478	2,1	391,297	0,0	459	149
1541	1410,1374	2,4	1423,1114	0,0	2261	149
1542	1551,1480	14,18	1635,1267	6,7	309	149
1543	645,537	3,0	472,314	0,0	1704	149
1544	1595,1315	3,0	1150,756	0,0	3158	149
1545	972,788	2,0	686,445	0,0	1603	149
1546	617,492	1,0	389,295	0,0	459	149
1547	613,613	5,0	804,626	0,0	309	149
1548	621,614	5,0	822,632	0,0	399	149
1549	1688,1603	5,0	1827,1415	0,0	636	149
1550	22,23	8,16	18,8	0,2	239	149
1551	1089,1012	8,16	1023,791	0,2	476	149
1553	4,1	177,160	4,4	284,218	166	149
1554	18,23	9,3	19,13	3,0	190	149
1562	11,11	481,472	12,10	1087,695	306	149
1563	258,229	2,0	329,292	3,0	153	149
1564	447,348	19,11	696,538	50,29	153	149
1565	157,118	1,4	159,90	0,0	151	149
1566	265,259	8,5	521,410	0,0	327	149
1573	1,3	111,71	5,0	184,164	160	149
1574	220,219	1,1	279,188	0,0	213	149
1575	167,152	5,4	197,141	10,14	240	149
1576	6814,5737	2,0	11105,8519	0,0	648	149
1578	23,24	460,363	17,14	620,404	171	149
1579	53,46	7,3	126,77	14,6	176	149
1580	370,336	7,3	896,723	14,6	213	149
1581	319,296	2,6	780,657	10,11	186	149
1582	51,40	3,4	121,68	1,1	176	149
1583	148,119	3,4	243,155	1,1	213	149
1584	97,79	0,0	127,89	5,2	186	149
1585	9,19	283,259	15,12	712,535	257	149
1586	20,25	0,0	8,5	0,2	170	149
1588	1,0	2,4	3,1	5,1	158	149
1591	0,1	0,1	0,0	0,2	165	149
1592	4,2	2,1	5,1	1,0	319	149
1594	4,4	7,24	5,1	18,12	319	149
1596	502,429	0,0	1269,934	0,2	270	149
1597	12,15	12,7	6,0	0,0	253	149
1598	16,8	3,0	1,0	0,0	182	149
1600	307,241	2,1	599,448	4,4	258	149
1601	307,241	0,1	600,444	5,1	258	149
1603	3,4	33,15	3,3	27,17	173	149
1604	10,4	2,1	0,1	0,0	152	149
1605	4,0	4,3	3,0	1,0	152	149
1606	8,0	0,0	0,0	0,1	152	149
1607	488,483	11,20	880,550	19,8	152	149
1608	446,468	7,5	687,506	12,4	158	149
1609	12,7	783,817	8,3	1112,929	201	149
1611	143,116	253,159	106,109	187,181	158	149
1612	19,10	38,21	17,4	53,22	158	149
1613	433,408	200,166	645,485	354,229	152	149
1614	7,8	0,2	11,12	0,0	152	149
1615	26,33	729,630	26,32	1090,772	251	149
1617	286,198	2,0	280,207	3,0	194	149
1618	25,22	218,161	14,6	230,139	183	149
1619	71,40	4,8	44,36	1,0	161	149
1620	627,446	650,550	684,556	789,523	161	149
1621	1205,1212	2,4	1951,1482	1,1	592	149
1622	107,80	1390,1191	166,104	2313,1659	531	149
1623	158,144	1,0	308,268	2,0	165	149
1624	126,94	6,9	41,21	0,0	499	149
1626	212,177	0,4	293,189	2,3	168	149
1627	90,60	0,4	80,34	2,3	490	149
1628	47,41	169,158	41,13	254,168	471	149
1629	269,206	15,13	164,106	19,2	268	149
1630	5,6	4,0	1,3	3,0	182	149
1631	52,33	2,1	75,42	1,0	196	149
1632	225,179	0,1	219,142	1,0	196	149
1633	178,189	7,7	189,120	1,0	239	149
1635	276,251	2,3	225,165	0,0	208	149
1645	5,6	2,1	7,9	5,5	152	149
1649	5,1	1,0	5,2	2,1	152	149
1650	28,29	7,6	23,23	6,3	152	149
1656	46,31	62,83	89,48	169,93	181	149
1657	75,52	3,2	138,67	7,6	215	149
1658	91,104	3,2	218,112	7,6	183	149
1659	10,8	0,2	19,15	16,4	181	149
1660	13,6	21,16	22,21	66,25	181	149
1661	42,27	0,1	71,40	0,0	215	149
1662	50,37	0,1	115,44	0,0	183	149
1668	981,992	3,1	1820,1480	2,0	2133	149
1669	880,924	0,3	1632,1347	1,0	2133	149
1675	14,4	646,462	2,11	838,499	224	149
1682	2,3	0,3	0,1	0,0	326	149
1683	1,3	0,3	2,1	0,0	440	149
1684	0,0	1,0	2,0	0,0	263	149
1717	204,195	2,0	244,189	1,1	230	149
1718	0,0	238,171	1,0	220,204	172	149
1719	129,176	4,1	212,177	0,0	153	149
1720	161,170	0,0	277,156	1,0	155	149
1723	8,7	2,0	1,0	0,0	189	149
1724	41,35	0,1	9,15	0,0	758	149
1726	1,2	33,32	2,3	53,36	227	149
1727	5,6	0,1	1,0	0,0	542	149
1730	74,55	0,1	78,49	2,0	274	149
1731	8,2	6,1	6,0	3,0	152	149
1734	8,19	0,2	19,20	1,2	571	149
1735	312,203	2,0	255,141	0,0	159	149
1737	302,260	1,0	204,150	0,0	1661	149
1738	432,356	9,1	641,459	2,0	615	149
1739	2462,1712	5,2	3619,2211	3,3	157	149
1740	2851,2000	0,2	4320,2732	2,0	168	149
1741	4127,2994	2,1	6830,4473	0,0	219	149
1742	394,290	0,2	704,524	2,0	160	149
1743	1670,1284	2,1	3214,2265	0,0	211	149
1744	1276,996	2,1	2512,1741	0,0	200	149
1746	431,273	0,4	329,219	0,0	278	149
1747	12,9	411,389	12,14	628,489	259	149
1748	670,594	3,1	944,734	10,4	231	149
1749	38,32	11,4	52,38	16,11	185	149
1750	1,0	270,162	0,0	215,123	199	149
1751	497,403	8,12	664,483	9,1	175	149
1753	17,8	73,64	3,2	25,29	278	149
1754	12,6	4,0	1,2	0,0	278	149
1755	10,6	133,107	4,3	132,87	272	149
1758	1168,1119	13,8	1832,1462	13,8	1018	149
1759	129,78	28,19	46,42	13,2	152	149
1760	127,88	4,0	62,28	0,0	154	149
1763	164,115	15,3	44,26	9,1	152	149
1764	84,58	2,0	42,33	0,0	153	149
1770	241,185	4,0	155,102	0,0	153	149
1771	12,1	5,11	2,0	1,0	190	149
1772	7,1	14,7	0,0	3,6	346	149
1774	223,171	0,0	277,213	2,0	191	149
1775	200,155	2,0	259,208	0,0	357	149
1777	3,1	0,1	0,0	0,1	224	149
1778	2,2	0,1	0,0	0,1	179	149
1779	110,69	102,73	54,14	119,58	2965	149
1780	110,70	12,9	54,14	5,2	2970	149
1781	102,74	12,9	119,58	5,2	154	149
1782	21,9	516,381	24,26	526,378	171	149
1783	545,401	0,0	1049,736	0,2	153	149
1784	21,17	415,376	21,18	581,480	332	149
1785	4,2	189,110	3,3	202,210	152	149
1787	20,34	0,1	6,0	0,0	189	149
1788	223,162	0,1	169,119	1,0	158	149
1789	512,357	6,7	469,201	7,4	170	149
1801	0,0	1,1	1,1	1,0	236	149
1802	2,0	1,1	6,1	1,0	463	149
1803	2,0	0,0	6,0	1,0	376	149
1804	1,0	0,3	7,1	0,0	463	149
1806	199,185	0,1	333,215	1,0	531	149
1807	224,241	0,4	353,231	0,0	531	149
1830	71,68	0,1	122,102	2,0	161	149
1831	97,76	2,1	259,165	1,1	189	149
1832	86,105	1,2	223,140	2,1	234	149
1833	17,35	1,1	84,48	2,0	234	149
1835	30,32	0,1	60,52	3,0	293	149
1837	6,3	332,328	4,5	689,454	181	149
1838	10,11	276,222	11,10	620,417	212	149
1844	108,91	2,2	181,140	1,0	218	149
1845	32,38	4,9	79,31	6,0	540	149
1848	7,2	1,0	2,6	0,0	153	149
1850	60,65	0,3	140,108	0,0	176	149
1851	84,100	7,4	193,153	2,6	176	149
1852	8,4	4,8	15,18	4,3	152	149
1855	20,7	0,1	4,0	2,2	152	149
1856	1565,1319	6,0	2270,1366	6,0	157	149
1857	206,194	6,0	480,306	6,0	173	149
1858	14,15	1373,1140	24,20	1814,1080	165	149
1859	0,2	1,0	6,6	0,2	232	149
1867	0,0	1,0	1,0	1,0	264	149
1869	0,2	0,0	10,1	2,1	251	149
1870	40,36	0,1	147,96	5,5	899	149
1872	1,0	3,0	6,2	2,0	650	149
1875	38,35	0,2	162,92	11,2	899	149
1884	92,114	0,0	228,159	1,0	201	149
1885	93,117	0,1	232,161	0,1	204	149
1886	1,3	0,1	5,2	0,1	152	149
1887	352,437	0,2	755,566	1,6	201	149
1888	353,440	0,2	759,568	0,0	204	149
1889	1,5	0,2	5,8	0,0	152	149
1890	70,76	259,303	37,29	581,377	1452	149
1905	159,194	0,0	201,139	1,0	152	149
1907	127,155	4,3	202,133	6,3	158	149
1927	1298,1255	2,2	3156,2468	4,4	276	149
1934	83,113	0,8	192,153	1,5	4785	149
1935	1172,1116	18,12	2187,1618	18,17	2246	149
1936	30,49	1,0	87,60	10,1	1646	149
1937	5,2	0,0	6,5	1,1	152	149
1938	2,5	1,1	7,5	2,0	152	149
1939	27,35	13,17	62,57	37,19	152	149
1940	119,111	0,1	279,212	0,0	249	149
1941	115,105	0,0	267,209	2,0	249	149
1942	253,253	5,0	548,401	6,3	249	149
1943	130,116	2,0	283,224	0,0	249	149
1946	1,0	0,0	0,0	2,0	237	149
1947	1,0	0,0	0,0	2,0	1028	149
1955	42,43	5,7	50,18	2,0	233	149
1978	60,71	48,43	74,45	73,38	263	149
1979	56,68	5,3	67,44	8,6	263	149
1980	216,260	5,3	229,161	8,6	794	149
1981	163,194	3,2	165,118	3,1	680	149
1982	207,161	0,2	293,170	1,1	2236	149
1983	20,20	132,128	31,11	226,193	170	149
1984	173,161	0,3	278,218	1,2	198	149
1986	262,225	41,16	534,375	75,52	212	149
1987	117,114	41,16	243,176	75,52	250	149
1988	10,18	155,129	11,1	302,200	187	149
1989	248,253	9,5	232,126	14,5	220	149
1990	168,188	2,0	130,91	0,0	1299	149
1991	5,9	301,226	7,2	400,363	171	149
1992	497,517	55,41	789,572	47,29	183	149
1993	63,71	0,1	137,94	1,0	183	149
1997	496,446	113,68	604,443	80,95	157	149
1999	882,704	0,0	1072,792	3,5	182	149
2000	19,29	2175,1863	17,26	4773,3959	163	149
2001	1800,1477	14,10	3480,3000	6,12	289	149
2002	111,106	0,3	76,69	0,2	289	149
2003	1083,809	0,3	1810,1345	0,2	484	149
2004	1006,724	3,2	1780,1318	1,0	344	149
2005	27,21	80,58	24,10	144,103	223	149
2006	692,528	23,8	795,467	17,9	152	149
2008	26,27	260,251	30,32	459,285	433	149
2009	46,27	2750,2429	32,29	4885,4035	222	149
2010	3096,2555	10,4	3592,2969	3,0	398	149
2013	4027,3492	51,31	5376,4023	70,46	153	149
2014	1915,1432	9,2	2781,2109	1,3	205	149
2015	5891,4893	9,2	8087,6086	1,3	209	149
2016	1864,1401	0,1	2711,2063	0,0	205	149
2017	2095,1601	0,1	3074,2326	0,0	209	149
2019	1233,840	6,2	1164,631	7,3	223	149
2020	4153,2972	6,2	2925,1788	7,3	230	149
2021	1359,936	6,2	1218,654	7,3	332	149
2022	2921,2133	1,1	1762,1157	1,0	156	149
2023	127,97	1,1	55,23	1,0	258	149
2024	70,53	2864,2089	24,7	1731,1141	251	149
2025	3,6	244,190	1,1	281,160	280	149
2026	753,557	11,4	1292,906	11,11	232	149
2027	5,10	9,8	5,1	9,12	212	149
2028	6,10	448,334	5,1	801,555	239	149
2029	10,8	448,334	9,12	801,555	176	149
2030	131,118	287,271	116,95	397,329	675	149
2031	3,8	0,2	6,6	0,0	154	149
2032	182,179	8125,7104	235,192	8420,5245	326	149
2033	6776,5375	1,0	5528,3023	2,0	176	149
2034	18,18	0,0	21,9	1,0	152	149
2035	0,1	16,22	1,1	13,8	164	149
2036	1,1	39,48	2,2	48,23	215	149
2040	71,58	1,0	63,48	0,0	357	149
2042	48,52	1,1	106,76	1,0	188	149
2043	0,4	10,4	1,1	1,5	285	149
2044	63,61	0,0	34,51	1,0	235	149
2045	43,37	0,0	22,30	1,0	253	149
2046	2,1	22,25	0,3	12,24	167	149
2047	91,58	6,3	130,109	1,2	191	149
2048	41,44	27,23	83,54	38,27	152	149
2049	15,12	27,23	16,15	38,27	168	149
2050	14,11	40,43	16,15	83,54	165	149
2052	7,11	489,328	0,2	62,33	270	149
2053	84,63	47,34	60,54	39,20	172	149
2054	4,4	128,112	6,0	87,66	183	149
2056	93,55	1,1	124,57	0,0	207	149
2057	41,45	17,32	41,16	8,16	222	149
2065	27,20	158,147	66,49	531,333	847	149
2071	2,0	21,3	0,1	7,5	176	149
2073	21,29	4,5	40,20	13,5	152	149
2074	2,6	8,3	22,17	14,14	152	149
2082	86,61	3,0	142,100	2,3	174	149
2083	91,64	0,0	164,109	1,0	199	149
2084	8,3	0,0	24,12	1,0	174	149
2085	10,3	2,1	6,7	0,3	154	149
2086	289,216	4,5	503,372	7,7	213	149
2087	22,5	25,20	8,13	24,13	236	149
2088	21,39	2,0	44,25	0,0	207	149
2090	60,57	0,0	52,34	0,2	833	149
2091	198,134	11,2	70,39	3,0	153	149
2092	272,236	0,2	212,197	0,0	161	149
2093	114,76	1,6	150,113	3,0	233	149
2094	2,1	0,2	4,5	5,1	164	149
2095	1,1	8,6	3,0	12,12	185	149
2101	2,0	24,20	1,0	11,6	227	149
2103	17,20	260,199	2,5	178,98	251	149
2104	154,121	77,46	100,44	14,11	306	149
2105	106,45	58,32	25,5	7,5	152	149
2106	58,47	6,3	67,17	4,3	568	149
2107	219,176	7,1	177,158	1,0	232	149
2109	241,207	4,7	278,257	10,6	161	149
2110	240,201	0,1	260,225	0,0	184	149
2111	122,67	1,0	289,142	6,12	173	149
2112	5,16	314,327	32,27	707,570	170	149
2113	78,62	5,10	129,97	12,17	211	149
2114	146,120	5,10	284,197	12,17	226	149
2115	72,69	4,11	166,107	11,7	164	149
2117	62,46	51,53	65,34	73,61	152	149
2118	3,7	2,0	5,1	0,4	265	149
2119	6,7	70,50	6,9	65,62	294	149
2120	6,6	5,4	5,5	5,2	294	149
2138	9,8	2,0	11,9	3,2	153	149
2139	33,30	13,3	40,26	7,5	153	149
2140	14,16	1,0	21,11	0,1	153	149
2141	17,5	1,1	11,8	2,0	153	149
2142	1008,946	3,0	2149,1541	0,4	321	149
2146	13,30	30,31	19,27	44,25	152	149
2147	6,0	0,0	0,0	1,0	154	149
2149	35,47	2,0	55,30	2,0	194	149
2150	4,6	94,106	4,9	95,69	168	149
2151	10,17	0,1	11,8	1,0	174	149
2152	50,42	0,1	69,68	0,2	174	149
2154	80,66	3,0	163,112	1,0	155	149
2155	4,6	111,121	6,7	191,120	170	149
2164	22,6	1,0	5,6	0,0	269	149
2166	8,4	67,76	14,16	114,97	475	149
2167	65,61	1,0	104,79	2,1	158	149
2169	63,30	2,0	16,7	0,0	225	149
2170	28,10	0,1	3,1	0,0	225	149
2171	2,2	4,0	3,3	2,2	152	149
2172	111,105	2,0	217,154	0,0	1783	149
2174	7,6	197,178	15,0	179,125	227	149
2175	298,327	11,8	567,496	2,6	279	149
2176	190,218	4,3	396,297	0,1	168	149
2177	1,2	6,4	2,0	4,2	159	149
2178	14,5	388,394	28,21	751,560	168	149
2179	633,664	5,9	1199,863	11,0	398	149
2181	3,11	265,156	4,0	328,218	200	149
2182	26,17	141,126	2,2	164,67	319	149
2183	77,99	385,388	147,134	887,555	176	149
2185	0,0	7,18	2,1	21,10	167	149
2187	0,2	0,2	1,2	0,1	253	149
2188	1,2	0,2	1,2	4,0	286	149
2189	1,2	6,2	1,2	7,4	293	149
2190	1,2	0,2	0,1	4,0	182	149
2191	1,2	6,2	0,1	7,4	189	149
2192	0,2	6,2	4,0	7,4	156	149
2193	7,0	5,7	3,2	4,2	158	149
2194	51,33	25,44	63,40	26,27	176	149
2195	4,1	4,8	2,2	4,14	974	149
2197	11,1	1,0	7,4	0,0	217	149
2198	6,2	0,0	15,2	1,0	217	149
2200	5003,4629	51,86	12410,9618	66,54	1752	149
2201	503,478	55,39	927,590	78,61	154	149
2202	11,24	3,3	43,22	9,0	177	149
2203	32,37	0,2	91,42	0,0	182	149
2204	24,16	0,2	57,20	0,0	154	149
2205	179,221	1,0	355,259	0,0	170	149
2206	886,939	13,7	2122,1432	19,18	170	149
2207	174,221	1,0	341,255	0,0	170	149
2208	137,151	3,0	296,180	0,0	182	149
2209	1245,1271	41,60	2517,1757	121,86	182	149
2210	38,29	1646,1429	40,26	3833,2977	211	149
2212	15,17	289,222	12,15	409,226	204	149
2213	145,83	1,2	128,86	1,3	372	149
2214	647,486	15,13	960,616	21,16	171	149
2215	2271,1856	2,0	1617,1083	0,0	1120	149
2216	162,124	2,0	61,44	0,0	210	149
2217	5,7	1,0	1,1	0,0	264	149
2225	161,101	855,655	137,126	1427,1071	280	149
2227	573,468	2,0	744,463	0,0	944	149
2229	6,0	1,0	8,8	0,0	1280	149
2231	809,874	2,2	1451,917	11,10	225	149
2236	102,111	0,0	270,184	1,0	188	149
2237	7,13	91,78	9,10	115,72	170	149
2238	84,55	3,4	84,39	2,2	193	149
2239	8,2	19,24	0,2	34,15	242	149
2240	35,23	3,1	10,11	0,0	429	149
2243	131,128	7,12	438,222	28,16	213	149
2244	35,49	26,36	94,70	103,67	152	149
2245	27,28	98,129	32,28	252,165	167	149
2246	13,5	106,102	16,6	210,134	227	149
2247	161,162	3,4	315,227	5,9	290	149
2248	64,80	7,2	94,64	1,1	153	149
2249	90,106	3,8	134,103	2,9	152	149
2250	93,108	1,2	138,106	0,0	155	149
2251	6,10	1,2	6,12	0,0	152	149
2252	3,5	0,0	4,5	1,2	287	149
2254	36,29	0,0	56,43	0,1	796	149
2256	33,24	0,0	53,40	0,1	658	149
2257	25,19	0,0	41,31	0,1	491	149
2261	116,111	2,0	195,104	2,1	206	149
2265	19,12	2,1	18,6	1,1	202	149
2266	219,197	0,0	243,146	0,1	166	149
2267	36,27	2,0	98,62	4,4	185	149
2273	0,1	105,93	2,0	235,175	158	149
2275	49,43	0,0	39,29	1,0	153	149
2276	40,18	567,482	18,16	526,300	191	149
2277	775,634	0,0	583,380	1,0	169	149
2281	0,4	10,11	1,1	13,13	169	149
2282	5,2	4,9	5,7	31,28	152	149
2296	48,65	2,0	76,51	0,0	498	149
2297	48,65	0,2	76,51	0,0	494	149
2299	14,22	51,29	4,12	24,23	793	149
2300	161,179	7,2	429,334	1,2	205	149
2301	2,1	1,0	1,2	0,4	172	149
2303	14,5	415,404	14,12	829,589	188	149
2306	605,494	1,0	1228,834	0,0	560	149
2307	89,112	0,0	135,114	1,0	185	149
2311	48,57	0,0	85,75	0,1	154	149
2313	89,112	0,0	78,56	2,0	1461	149
2314	51,51	2,0	41,43	0,1	177	149
2315	20,11	5,0	18,11	0,2	152	149
2316	0,4	271,308	1,2	849,642	349	149
2317	358,318	0,0	964,678	1,2	154	149
2318	1,7	293,299	10,7	499,341	188	149
2320	1228,1112	2,0	2291,1541	0,0	1721	149
2321	490,324	2,0	823,607	0,0	350	149
2322	47,40	0,0	46,34	1,0	154	149
2323	46,40	0,0	45,33	0,2	154	149
2324	44,40	1,0	44,32	0,0	154	149
2325	1128,808	383,255	783,388	169,86	154	149
2326	407,352	1,3	461,381	4,2	865	149
2327	18,11	0,2	20,16	1,0	158	149
2328	8,18	2,0	20,14	5,0	513	149
2329	8,17	1,0	20,14	0,0	513	149
2330	1,3	37,32	3,5	55,28	259	149
2331	28102,29150	6,3	49450,40251	5,2	164	149
2332	12,6	0,1	26,36	0,4	167	149
2336	2317,2067	1,5	6535,4539	15,4	152	149
2337	60321,58997	1,5	158243,119477	15,4	161	149
2338	58021,56942	17,12	151734,114961	26,23	158	149
2339	20051,18108	30,21	42204,30981	16,4	226	149
2344	262,304	6,6	483,383	12,2	153	149
2345	462,586	5,8	1095,778	25,7	239	149
2347	23,13	0,0	18,8	1,0	154	149
2348	467,464	11,7	554,445	0,3	154	149
2349	301,251	1,0	336,247	0,0	154	149
2350	26,15	3,7	20,7	6,4	209	149
2351	222,192	493,455	143,123	764,520	1306	149
2368	15,0	0,2	11,9	0,2	198	149
2369	938,962	0,0	1737,1182	1,0	263	149
2370	794,831	5,1	1732,1102	6,7	222	149
2374	147,189	0,3	481,345	0,0	379	149
2375	46,46	8,2	64,39	3,0	163	149
2376	6,3	8,2	4,1	3,0	187	149
2377	3,0	43,43	2,0	62,38	173	149
2382	746,815	2,7	1876,1400	15,8	1771	149
2384	260,204	1,3	374,242	2,0	382	149
2385	15,8	2,3	8,5	0,0	382	149
2387	255,240	3,1	415,286	2,2	2910	149
2388	874,838	4,2	1493,1137	8,7	295	149
2389	566,566	0,0	932,732	0,4	532	149
2390	365,367	0,1	655,443	0,0	497	149
2392	285,295	2,0	477,347	0,0	2473	149
2394	9,13	1,0	16,16	2,2	153	149
2395	282,272	1,0	508,391	2,2	155	149
2396	273,265	0,6	493,376	1,1	151	149
2397	6,6	1,4	6,1	0,0	152	149
2398	6,4	1,0	3,0	4,2	275	149
2399	15,16	1,0	31,9	4,2	159	149
2420	96,72	0,9	104,106	3,0	153	149
2421	14,8	1,0	23,22	0,0	174	149
2422	47,53	1,0	96,76	0,0	205	149
2423	40,48	7,3	80,56	7,2	180	149
2431	437,432	1,1	1077,766	0,0	1352	149
2432	6,16	1,0	4,3	2,0	206	149
2435	202,218	0,0	519,363	1,0	204	149
2438	1,3	72,109	0,5	229,173	174	149
2439	10,7	2,0	4,10	0,0	154	149
2452	197,130	135,106	109,47	92,38	152	149
2466	193,178	21,6	173,117	10,9	797	149
2468	1,0	214,290	5,0	433,332	285	149
2474	0,2	2,2	0,0	1,0	726	149
2475	32,29	3,3	60,58	18,4	152	149
2476	9,26	18,27	7,13	57,31	445	149
2477	28,28	2,4	31,35	3,4	155	149
2480	134,112	17,21	224,146	37,21	152	149
2481	227,217	27,32	471,363	43,40	152	149
2483	11,0	100,70	2,0	89,57	256	149
2484	144,106	153,91	114,61	100,81	152	149
2485	11,18	1,0	11,4	2,2	152	149
2486	0,2	1,0	0,0	2,2	311	149
2487	0,2	11,18	0,0	11,4	308	149
2490	319,256	0,0	510,369	2,0	704	149
2504	41,49	3,3	71,58	1,4	726	149
2505	62,46	0,0	86,51	0,2	195	149
2506	44,46	3,0	100,55	3,2	254	149
2507	52,48	0,0	134,68	0,1	200	149
2508	3,0	14,12	3,3	19,16	167	149
2509	285,263	0,1	581,444	2,2	185	149
2510	23,13	97,68	24,15	217,146	277	149
2511	50,36	51,53	78,79	122,87	152	149
2512	4,3	3,1	9,11	9,9	152	149
2513	13,4	2,4	8,6	3,1	582	149
2514	17,6	34,25	10,7	67,59	614	149
2515	6,6	34,25	5,2	67,59	181	149
2516	59,45	8,0	146,83	2,2	517	149
2520	199,189	4,2	374,274	6,5	251	149
2521	82,72	1,2	145,121	2,1	221	149
2522	70,86	1,1	127,123	0,0	221	149
2523	27,18	78,79	26,10	99,88	260	149
2524	66,67	8,11	86,59	0,2	467	149
2525	12,3	52,47	1,0	56,42	166	149
2526	33,40	6,2	47,56	3,3	153	149
2527	103,88	0,0	132,84	1,0	248	149
2529	765,687	15,8	1055,680	22,13	176	149
2531	350,321	1,2	775,542	2,3	189	149
2532	87,58	7,3	89,65	23,9	153	149
2533	111,94	257,205	227,154	400,291	153	149
2534	1423,1297	1,0	1985,1539	0,0	1066	149
2542	52,39	3,7	64,70	4,0	201	149
2550	3,10	3,8	10,2	2,5	228	149
2552	57,32	0,0	71,59	3,0	439	149
2554	1,0	3,2	0,0	1,0	173	149
2556	4,7	91,78	6,9	173,131	185	149
2557	21,17	275,275	19,15	584,371	217	149
2558	9,11	6,5	9,9	8,5	217	149
2559	25,13	172,151	42,24	326,199	168	149
2560	6,6	3,2	5,1	1,0	167	149
2562	1,3	0,0	0,0	2,0	208	149
2563	0,3	102,102	3,2	123,78	177	149
2565	176,142	0,5	292,216	2,4	708	149
2566	13,3	210,258	9,3	408,298	249	149
2567	760,678	1,0	1117,721	0,0	520	149
2571	1,0	2,0	9,3	1,2	344	149
2572	9,7	0,0	0,7	2,0	154	149
2576	76,60	6,5	106,114	18,12	156	149
2580	129,130	546,529	225,154	1603,988	210	149
2581	1320,1312	4,8	3110,2286	3,7	338	149
2582	8,3	1262,1275	10,6	3062,2237	168	149
2583	164,129	3,0	121,131	0,0	256	149
2586	2,6	7,2	0,0	2,0	163	149
2587	10,11	35,33	2,0	46,40	272	149
2588	15,7	35,33	4,0	46,40	258	149
2590	29,29	1,3	38,40	3,2	188	149
2591	51,47	1,2	62,74	2,0	225	149
2592	40,37	0,2	42,48	0,0	259	149
2593	21,34	44,35	40,21	96,57	1089	149
2594	82,76	0,0	83,43	1,0	187	149
2595	36,36	53,51	67,32	64,60	215	149
2596	116,116	175,93	248,207	307,208	152	149
2597	14,8	2,0	4,1	3,3	173	149
2599	26,21	19,27	12,15	37,22	352	149
2603	28,32	1,0	69,47	0,0	163	149
2604	1,5	1,0	2,8	0,0	193	149
2605	0,1	27,28	0,4	67,43	179	149
2606	0,1	20,17	0,0	37,38	171	149
2607	1,4	1,1	3,4	0,0	163	149
2608	49,25	2,4	13,12	0,2	168	149
2609	26,23	188,99	11,4	151,79	245	149
2610	325,178	17,24	203,130	8,10	283	149
2611	7,5	303,233	9,0	446,321	168	149
2612	29,20	416,328	18,17	658,531	1296	149
2613	64,47	416,328	38,38	658,531	1815	149
2615	11,9	512,425	15,9	1052,795	172	149
2616	12,9	512,425	13,9	1052,795	204	149
2617	1,0	0,0	0,0	2,0	181	149
2619	562,406	3,2	238,163	1,0	500	149
2622	3904,2977	0,0	7142,5284	2,0	167	149
2623	49,49	34,26	82,53	53,38	152	149
2624	7,5	81,70	7,3	191,117	202	149
2631	1051,866	279,236	1512,1027	630,574	283	149
2633	1,2	81,60	1,1	71,44	181	149
2636	42,31	74,51	30,16	29,12	406	149
2637	22,7	35,35	4,6	6,1	600	149
2638	28,14	35,35	7,7	6,1	756	149
2639	41,28	35,35	12,10	6,1	865	149
2643	68,62	35,35	29,29	6,1	1399	149
2647	7,1	290,197	9,0	295,311	279	149
2648	0,1	0,1	0,0	3,2	184	149
2655	0,2	7,1	0,2	2,6	2232	149
2656	2759,2257	12,3	5206,4223	32,24	153	149
2657	20,14	6,7	2,0	3,0	171	149
2658	69,55	4,2	110,80	3,1	190	149
2661	6,5	52,38	4,0	131,88	217	149
2663	19,8	71,53	5,3	24,11	182	149
2665	12,16	28,15	13,15	11,15	152	149
2667	4,0	5,8	0,0	8,1	690	149
2669	13,12	10,18	10,7	5,6	182	149
2670	7,4	2,2	5,5	0,0	182	149
2673	4,0	0,0	3,0	1,0	152	149
2674	4,1	164,102	2,0	88,84	163	149
2675	4,1	0,1	0,1	2,0	244	149
2676	1,1	0,1	2,1	0,0	244	149
2677	0,2	0,0	3,3	3,1	244	149
2679	2,6	380,380	6,5	744,516	203	149
2682	6,7	3,5	1,0	1,2	187	149
2683	4,4	406,282	2,1	422,286	167	149
2686	7,4	228,188	3,3	101,49	167	149
2688	183,134	1,0	69,39	0,0	182	149
2691	8,4	276,199	6,6	228,141	168	149
2699	168,110	1,0	29,29	0,0	239	149
2702	527,421	2,0	334,302	0,0	254	149
2703	6,8	408,380	1,0	280,261	185	149
2704	3,4	11,15	7,2	15,15	178	149
2707	48,37	0,1	94,81	1,0	158	149
2708	2,0	13,5	1,0	23,9	175	149
2709	6,4	13,5	3,3	23,9	231	149
2712	4,2	651,574	4,7	1583,1044	162	149
2713	14,9	505,456	23,8	1091,864	170	149
2714	25,24	0,0	23,19	1,0	153	149
2715	363,334	5,8	688,500	20,8	153	149
2716	22,11	1,0	18,12	0,0	153	149
2718	20,45	3,1	33,24	1,1	152	149
2719	21,28	9,2	15,6	5,5	199	149
2720	17,21	8,4	29,21	16,8	199	149
2721	1,0	60,59	2,0	64,36	245	149
2722	22,19	0,2	0,3	0,0	165	149
2724	36,25	11,5	12,10	0,4	247	149
2725	58,51	70,69	63,37	54,51	532	149
2726	10,11	27,29	2,4	60,27	231	149
2727	87,67	21,23	74,53	23,8	264	149
2729	7,19	122,112	17,7	142,127	262	149
2731	331,278	13,12	504,424	18,13	152	149
2732	907,724	8,2	1077,939	3,1	272	149
2733	367,296	0,0	513,399	0,2	187	149
2734	4,8	352,250	13,17	785,592	165	149
2735	86,69	1,0	229,150	1,3	194	149
2736	222,219	4,4	512,407	0,0	232	149
2737	434,311	1,0	1001,725	1,3	178	149
2738	570,461	4,4	1284,982	0,0	216	149
2739	137,150	4,4	284,260	0,0	187	149
2740	117,108	0,2	209,146	2,0	270	149
2741	1,2	240,233	3,4	574,411	166	149
2742	19,25	51,47	40,25	72,51	247	149
2744	8,3	54,84	7,5	122,76	689	149
2745	28,43	13,10	39,33	19,14	1007	149
2746	32,64	62,65	49,33	76,65	1007	149
2747	21,8	42,25	17,11	17,14	246	149
2748	18,12	15,9	15,16	18,17	246	149
2749	3,0	84,60	1,2	49,54	174	149
2751	3,4	1,2	0,2	0,0	260	149
2758	3,6	140,129	0,0	139,120	172	149
2759	22,27	94,87	33,26	220,116	239	149
2761	81,84	3,13	79,44	6,4	153	149
2762	5,3	99,100	6,2	81,85	176	149
2763	106,71	6,3	53,54	7,8	152	149
2765	680,644	3,7	1434,900	8,6	201	149
2771	2,3	1,2	2,2	2,3	235	149
2772	4,2	2,4	13,4	0,2	152	149
2774	1,5	4,7	0,0	3,1	851	149
2775	1,5	4,7	0,0	3,1	900	149
2781	29,6	3,1	16,7	0,0	295	149
2787	3,7	343,366	2,2	667,545	185	149
2788	435,375	2,3	622,460	1,0	193	149
2789	253,257	0,2	385,266	1,0	176	149
2790	613,579	1,2	922,662	0,3	263	149
2793	3,3	211,250	2,2	211,100	189	149
2794	10,2	76,65	6,3	92,54	273	149
2798	3,1	0,0	6,0	1,2	165	149
2799	2,0	48,56	3,2	175,91	199	149
2801	6,14	47,41	2,1	127,73	200	149
2810	1,10	2,1	5,2	0,0	241	149
2811	1,4	2,1	5,1	0,0	203	149
2812	1,10	22,14	7,2	67,33	241	149
2813	1,10	8,6	5,2	14,6	241	149
2814	41,28	2,0	70,42	0,0	184	149
2817	15,22	145,124	30,15	173,115	153	149
2818	3,5	5,4	6,9	2,0	153	149
2820	39,32	478,432	28,33	741,584	164	149
2821	239,208	23,9	356,262	32,33	207	149
2822	704,619	9,14	1076,796	18,14	320	149
2823	1166,1095	0,1	1844,1309	1,0	446	149
2824	678,608	23,9	1069,813	32,33	192	149
2825	1143,1019	9,14	1789,1347	18,14	305	149
2826	1605,1495	0,1	2557,1860	1,0	431	149
2827	488,420	9,14	752,567	18,14	262	149
2828	950,896	0,1	1520,1080	1,0	388	149
2829	471,490	0,1	786,527	1,0	275	149
2830	151,125	284,212	143,81	354,203	167	149
2831	0,1	50,37	0,1	35,11	161	149
2832	289,301	31,24	660,524	65,59	188	149
2833	26,32	4,4	77,53	5,10	200	149
2834	147,173	0,0	336,270	0,2	222	149
2835	261,254	1,0	473,341	0,0	225	149
2836	4,5	50,53	9,5	92,69	218	149
2838	1,0	65,83	1,1	204,121	194	149
2839	11,10	52,40	30,4	148,138	274	149
2840	10,5	52,40	26,3	148,138	277	149
2841	0,2	1,7	1,1	5,2	152	149
2842	110,90	0,0	212,146	1,0	197	149
2843	121,103	4,2	238,164	1,3	1267	149
2844	22,34	111,95	18,17	197,154	728	149
2845	7,9	0,0	28,25	0,2	153	149
2847	0,1	85,70	1,0	142,106	203	149
2848	4,0	164,174	1,0	270,170	184	149
2855	23,14	5,2	45,23	19,5	152	149
2856	137,156	42,50	122,87	42,31	152	149
2860	0,0	1,7	0,1	9,9	176	149
2861	0,5	7,8	0,1	7,5	176	149
2864	158,125	192,190	228,177	377,283	152	149
2865	313,329	1,2	540,422	4,1	152	149
2866	125,118	15,19	158,102	30,13	290	149
2867	0,2	2,2	1,1	1,1	165	149
2868	0,3	3,3	4,1	3,1	188	149
2869	2,3	3,3	4,1	3,1	172	149
2870	4,7	234,210	2,7	427,250	230	149
2871	103,102	4,3	177,111	4,0	240	149
2872	0,1	139,146	1,0	177,125	172	149
2873	15,4	8,13	5,2	9,8	204	149
2881	278,281	2,2	588,418	0,1	219	149
2884	3842,4146	1,1	6711,4610	0,0	168	149
2885	1473,1487	0,1	2362,1627	0,0	153	149
2886	215,187	0,0	381,269	0,1	205	149
2887	208,214	0,1	434,288	4,4	212	149
2889	2,0	2,2	2,1	2,6	167	149
2902	45,67	0,0	74,51	0,2	1150	149
2903	0,0	1,5	3,0	3,1	458	149
2905	250,273	8,16	337,268	22,12	194	149
2906	81,54	2,0	92,81	3,0	152	149
2907	82,57	3,2	91,81	2,0	152	149
2908	2140,1703	1047,749	2558,2021	1202,924	152	149
2909	3698,4027	1,0	3665,2664	0,0	3535	149
2910	42,48	1659,1511	90,64	2471,2059	152	149
2911	1011,736	7,5	1100,844	6,5	257	149
2913	44,34	17,10	18,3	5,2	342	149
2915	13,10	1,4	12,6	8,6	248	149
2916	10,2	6,3	4,2	5,7	234	149
2918	8,8	23,7	0,2	10,10	152	149
2919	1,0	9,7	0,0	3,1	253	149
2920	10,4	0,0	11,2	1,3	156	149
2925	56,59	85,66	66,37	70,47	190	149
2932	0,0	28,25	1,0	37,28	166	149
2933	20,18	49,26	7,4	22,18	401	149
2935	383,376	2,0	971,747	2,0	197	149
2937	4,4	3,4	4,5	1,7	152	149
2938	460,356	4,0	973,514	2,9	228	149
2939	143,121	0,0	394,206	0,1	228	149
2940	12,23	259,194	25,14	664,404	199	149
2941	446,288	0,0	1099,902	0,1	154	149
2942	103,101	291,188	134,90	660,523	387	149
2943	2,7	0,2	2,1	0,0	193	149
2944	2,9	3,2	2,1	0,0	193	149
2955	0,3	32,11	2,0	7,9	176	149
2956	0,3	13,0	2,0	0,0	179	149
2957	32,11	13,0	7,9	0,0	152	149
2958	39,15	0,4	10,7	0,0	266	149
2959	4,2	2,1	1,0	0,0	153	149
2960	7,2	132,108	1,2	116,97	164	149
2961	1,2	4,9	0,0	7,5	152	149
2962	780,669	21,10	598,437	7,4	172	149
2963	18,23	1,3	17,11	0,0	167	149
2964	135,126	662,685	71,56	722,527	167	149
2967	543,515	3,4	268,194	0,0	420	149
2968	38,29	315,191	4,1	25,17	152	149
2969	53,44	1,0	5,1	1,0	158	149
2970	330,206	1,0	26,17	1,0	155	149
2971	190,137	6,1	153,132	1,1	169	149
2972	210,152	36,38	163,139	23,17	172	149
2973	26,16	36,38	11,8	23,17	152	149
2974	87,65	7,8	75,61	2,4	172	149
2976	22,15	1,0	35,19	7,1	173	149
2977	4,1	0,0	2,4	1,0	173	149
2978	288,255	1,0	489,386	0,0	312	149
2979	269,231	0,2	423,301	0,0	439	149
2980	600,509	6,10	888,687	22,5	1270	149
2981	28,17	5,0	22,13	2,0	1270	149
2982	506,421	1,2	922,674	2,0	154	149
2986	0,0	7,6	0,2	20,12	160	149
2987	94,110	3,2	162,108	6,0	153	149
2990	12,22	112,103	20,22	204,168	278	149
2997	3,7	1,2	5,5	2,1	156	149
2998	298,278	3,2	517,318	6,8	199	149
2999	132,159	2,1	226,116	0,0	187	149
3000	237,165	0,0	347,235	0,2	212	149
3011	1,2	91,96	1,0	202,150	171	149
3012	95,73	9,12	145,117	19,27	154	149
3062	5,3	0,0	4,7	0,1	154	149
3064	9,1	0,1	4,6	1,0	287	149
3066	506,471	2,4	1567,1100	5,3	241	149
3067	434,335	3736,3608	208,184	7679,5617	329	149
3068	314,243	0,0	179,137	1,0	329	149
3072	4,5	2,1	1,6	7,0	177	149
3073	69,75	0,0	105,60	2,0	215	149
3074	59,42	0,0	55,46	2,0	218	149
3075	23,8	33,41	13,17	63,31	152	149
3076	0,0	3,0	1,2	0,0	152	149
3077	32,31	8,7	27,26	13,6	152	149
3078	64,54	0,7	68,71	4,0	158	149
3080	203,185	6,5	402,276	9,6	152	149
3081	78,92	0,1	218,201	0,1	152	149
3084	162,194	1,3	228,181	1,0	157	149
3085	369,445	90,77	848,668	215,160	152	149
3086	578,463	9,4	1157,803	13,8	152	149
3087	314,252	13,8	568,411	12,12	220	149
3091	39,36	0,0	44,8	1,0	209	149
3092	210,146	0,0	293,239	2,1	319	149
3093	2,7	29,42	1,2	69,44	177	149
3094	13,15	3,5	27,15	12,8	262	149
3095	0,0	0,1	4,1	0,0	153	149
3098	2,0	43,37	5,0	58,46	192	149
3102	2,0	91,112	5,0	156,140	658	149
3103	12,7	1,0	16,12	1,2	668	149
3105	10,7	1,0	11,12	1,2	175	149
3106	101,119	1,0	167,152	1,2	159	149
3108	3,2	3,2	4,6	6,1	152	149
3109	3,3	113,72	10,5	131,84	152	149
3110	31,23	1,0	34,26	0,1	330	149
3111	4,3	2,2	0,2	7,1	182	149
3113	36,45	258,202	38,6	268,168	266	149
3114	214,178	42,40	242,167	74,39	167	149
3115	4,3	100,104	1,1	104,58	283	149
3121	1,2	64,86	2,3	117,66	179	149
3122	39,23	763,502	31,17	1215,984	252	149
3123	0,2	25,16	0,0	4,4	191	149
3125	22,15	11,10	19,15	30,29	199	149
3126	6,6	0,1	15,12	2,0	199	149
3127	7,3	10,9	3,0	2,0	213	149
3128	3,0	1,4	0,4	0,6	154	149
3130	1,0	0,0	1,0	1,0	153	149
3131	9,8	3,0	14,3	0,0	176	149
3136	3,2	2,0	0,1	0,0	152	149
3137	25,42	2,0	43,30	0,0	574	149
3142	166,118	2,0	230,146	1,0	257	149
3143	459,319	15,9	799,607	25,14	506	149
3144	772,598	7,3	1074,846	12,8	841	149
3145	164,116	22,16	233,146	34,13	257	149
3146	315,203	147,96	405,279	266,221	257	149
3147	48,41	280,197	54,33	248,180	187	149
3148	429,361	280,197	393,250	248,180	379	149
3150	362,266	3,6	114,60	2,0	356	149
3165	68,58	1320,958	43,35	1507,963	218	149
3167	135,81	3,2	118,95	2,0	152	149
3168	0,0	5,0	6,0	1,3	154	149
3169	12,5	141,103	14,11	188,135	167	149
3170	86,57	2,0	119,58	1,0	225	149
3171	17,5	141,103	9,14	188,135	162	149
3172	91,57	2,0	114,61	1,0	220	149
3173	215,155	2,0	293,182	1,0	207	149
3174	240,158	3,7	432,254	8,5	153	149
3175	259,264	14,10	400,309	13,1	389	149
3176	10,8	330,229	15,13	370,322	171	149
3178	7,7	1,0	1,1	0,0	343	149
3180	18,14	7,2	16,9	4,4	152	149
3181	1,6	5,3	7,0	0,1	382	149
3183	8,3	86,64	2,1	60,41	152	149
3185	94,74	0,2	42,38	0,0	440	149
3186	43,16	0,0	63,33	1,0	868	149
3187	2,4	46,16	0,5	18,9	162	149
3195	4,4	148,140	9,7	194,164	167	149
3196	40,44	46,42	46,41	18,13	444	149
3197	154,117	18,3	60,39	0,1	209	149
3200	6,4	1,0	2,0	0,0	349	149
3201	801,574	5,0	1007,546	0,0	376	149
3202	488,400	8,11	765,492	5,6	188	149
3205	3,4	0,2	1,0	0,0	155	149
3206	109,75	4,0	72,64	3,1	367	149
3208	244,226	4,1	353,215	2,2	207	149
3209	236,189	5,0	238,164	0,4	824	149
3211	217,222	0,0	350,247	1,2	156	149
3212	129,121	27,4	224,136	18,12	176	149
3213	206,167	0,2	130,93	0,0	945	149
3215	155,155	1,0	234,226	4,3	405	149
3216	82,89	94,130	123,93	177,140	421	149
3218	2,1	96,59	2,0	50,36	271	149
3219	2,0	0,0	0,2	4,2	167	149
3227	4,0	0,0	4,4	8,4	331	149
3231	17,14	11,5	4,1	10,2	266	149
3232	0,0	2,0	0,1	2,0	159	149
3233	0,1	4,0	0,2	1,3	162	149
3234	2,1	4,0	2,1	1,3	152	149
3239	4,2	11,5	0,0	10,2	190	149
3241	33,29	2,5	37,27	5,4	162	149
3242	152,170	0,0	184,136	1,0	1056	149
3243	214,228	0,1	257,194	0,0	1202	149
3244	0,1	2,0	0,2	5,0	176	149
3247	62,58	0,1	74,58	0,0	295	149
3249	4,5	33,28	0,1	37,26	324	149
3250	4,5	0,0	0,1	1,0	334	149
3251	4,6	2,5	0,2	5,4	337	149
3252	33,28	0,0	37,26	1,0	159	149
3253	0,1	2,5	1,1	5,4	152	149
3255	0,1	0,1	0,1	0,0	162	149
3256	0,1	0,1	0,2	0,0	152	149
3257	0,1	1,0	0,1	0,0	152	149
3265	7,1	9,8	6,2	6,2	512	149
3267	5,0	9,8	3,1	6,2	229	149
3270	0,2	89,42	0,0	58,46	170	149
3271	90,42	1,1	58,46	2,0	358	149
3275	25,34	4,11	83,48	9,2	152	149
3276	33,25	3,3	85,68	1,2	205	149
3278	30,19	7,8	61,44	23,9	152	149
3279	35,34	2,5	114,52	8,2	152	149
3280	38,36	7,6	82,46	23,14	152	149
3281	13,17	0,0	14,15	0,1	162	149
3282	17,14	0,0	28,18	0,2	162	149
3290	1,2	10,4	3,0	2,9	217	149
3294	106,81	5,1	84,48	2,1	220	149
3324	41,38	3,0	65,53	3,2	154	149
3325	266,279	4,11	965,759	16,6	785	149
3327	17,12	80,42	21,12	144,79	297	149
3330	0,1	1,0	1,6	0,0	192	149
3331	2,0	1,5	0,0	2,3	223	149
3332	0,0	11,7	1,0	0,3	187	149
3334	1,1	18,9	0,2	15,6	252	149
3337	4,2	58,49	0,2	151,81	166	149
3338	5,4	39,12	3,3	55,47	169	149
3339	59,51	39,12	154,82	55,47	152	149
3341	2,0	0,0	2,2	2,2	229	149
3342	0,4	1,0	3,1	0,1	268	149
3343	3,0	257,217	4,5	574,471	229	149
3344	88,61	0,2	156,116	4,5	291	149
3345	342,278	0,2	726,582	4,5	211	149
3346	144,108	3,11	286,236	14,14	152	149
3356	364,341	1,0	416,232	0,0	1309	149
3358	5,12	109,108	2,8	164,99	227	149
3359	92,112	20,24	142,102	44,22	152	149
3360	137,196	0,2	198,151	2,0	820	149
3367	21,28	7,2	17,17	4,0	750	149
3368	9,18	1,1	19,10	0,0	339	149
3374	6,4	1,2	0,1	0,0	178	149
3377	2,8	1,1	0,1	0,2	174	149
3378	6,2	1,1	0,0	0,2	178	149
3379	4,0	0,6	0,0	0,1	153	149
3383	38,23	0,1	93,60	0,0	258	149
3384	1,1	35,21	10,1	49,41	229	149
3395	11,3	57,55	5,3	87,53	171	149
3396	7959,6226	1,1	18540,14359	0,0	763	149
3397	94,95	6,15	179,138	4,8	180	149
3398	210,183	6,15	220,172	4,8	512	149
3399	198,175	82,87	207,164	166,130	481	149
3400	14,17	117,89	14,14	149,100	162	149
3401	28,50	117,89	33,33	149,100	171	149
3402	20,37	6,4	27,23	8,4	158	149
3403	8,13	3,8	6,10	3,1	162	149
3404	13,24	3,8	10,22	3,1	171	149
3406	148,121	52,29	148,105	55,49	324	149
3409	1,1	98,74	1,3	150,94	156	149
3410	76,97	2,0	236,172	0,0	186	149
3411	1597,1348	5,0	1275,849	4,0	821	149
3412	123,120	2121,1866	146,84	4090,3128	1645	149
3413	59,52	0,0	76,34	1,0	1645	149
3414	1974,1651	0,0	3148,2300	1,0	2088	149
3415	1916,1601	0,2	3072,2266	0,0	592	149
3417	54,50	2,0	113,75	2,0	162	149
3418	352,342	3,4	640,448	11,3	185	149
3420	26,17	0,2	48,34	11,7	152	149
3421	1075,1052	0,2	1990,1519	0,0	644	149
3422	923,1023	2,2	2210,1543	2,2	455	149
3423	1442,1587	19,4	3467,2449	15,16	242	149
3424	61,54	251,232	61,51	560,516	534	149
3425	14,19	295,251	16,8	679,408	246	149
3426	7,8	0,0	9,3	1,0	246	149
3427	23,19	193,183	42,26	309,233	789	149
3428	58,58	0,1	122,66	0,0	814	149
3429	228,222	0,1	389,273	0,0	174	149
3431	464,446	0,4	1107,824	2,3	254	149
3432	4,1	212,181	5,0	520,408	174	149
3433	1,1	134,166	0,0	377,289	186	149
3436	0,3	27,17	0,1	30,23	183	149
3439	5,4	54,68	4,2	70,64	194	149
3440	0,3	58,19	1,0	62,41	172	149
3441	94,90	1,2	148,130	0,1	196	149
3443	64,58	0,1	66,68	0,0	279	149
3444	23,19	0,1	28,15	0,2	152	149
3445	31,25	2,0	36,28	5,1	152	149
3448	38,19	4,2	20,11	1,1	152	149
3456	100,99	7,1	64,42	0,0	218	149
3457	17,20	0,1	20,16	0,0	187	149
3458	182,174	0,1	109,73	0,0	421	149
3459	165,155	0,1	89,57	0,0	383	149
3460	8,16	120,118	11,11	48,38	162	149
3461	2,1	147,121	0,0	131,84	227	149
3462	0,3	100,84	3,0	62,41	160	149
3463	5,2	100,84	16,6	62,41	492	149
3464	5,2	0,3	16,6	3,0	481	149
3465	77,55	2,0	25,14	0,0	188	149
3466	1602,1639	0,0	2223,1745	3,1	2075	149
3467	164,139	39,47	236,190	48,45	152	149
3468	15,21	6,4	30,16	2,6	169	149
3469	12,6	52,40	17,13	91,119	238	149
3474	38,48	364,323	9,19	133,74	501	149
3475	477,379	9,9	166,93	0,0	342	149
3476	6,11	270,274	14,8	457,324	191	149
3477	170,153	35,32	245,163	31,29	523	149
3478	0,6	9,8	2,4	5,9	152	149
3488	391,323	3,2	410,298	2,2	173	149
3489	474,517	2,0	795,634	0,0	161	149
3490	83,105	78,80	128,95	125,82	152	149
3491	2,12	31,25	8,1	61,34	154	149
3492	0,0	32,40	1,0	71,38	185	149
3495	13,8	158,168	13,9	460,292	301	149
3496	34,31	1,0	51,27	0,0	1298	149
3497	12,8	208,243	15,9	325,222	162	149
3499	97,87	513,450	135,105	798,592	727	149
3500	9,12	513,427	17,2	1101,683	192	149
3501	478,527	0,1	920,661	0,0	2036	149
3502	12,12	2,3	22,12	4,3	242	149
3503	12,13	347,328	22,13	448,334	242	149
3504	13,12	347,328	22,11	448,334	182	149
3506	98,73	258,246	153,80	287,190	152	149
3507	5,1	16,10	3,2	19,2	172	149
3508	14,6	26,25	21,27	63,45	364	149
3509	6,9	0,0	5,4	2,0	253	149
3514	54,34	8,7	6,3	2,0	152	149
3516	0,2	0,0	0,0	0,4	237	149
3519	1130,1011	14,6	2381,1842	19,9	189	149
3522	110,90	3,10	58,61	0,3	270	149
3523	5593,5345	3,10	13184,9394	0,3	563	149
3524	5503,5270	20,15	13127,9333	1,0	442	149
3525	2,1	2,1	4,1	4,2	152	149
3529	30,15	12,4	52,21	48,24	182	149
3530	3,7	0,1	6,4	0,0	182	149
3535	1634,1533	4,4	1948,1368	0,0	3437	149
3536	1559,1465	7,0	1904,1347	0,0	153	149
3537	3,6	0,0	16,13	4,0	220	149
3538	7,12	0,0	19,15	0,2	297	149
3539	4,6	0,0	7,2	0,2	226	149
3540	204,131	0,0	294,200	0,1	1540	149
3541	53,41	657,613	64,57	1169,996	470	149
3545	231,249	2,0	355,300	1,0	411	149
3546	85,91	8,12	89,94	7,6	218	149
3547	129,144	30,46	228,174	103,72	203	149
3548	2,1	1,0	7,2	0,3	170	149
3549	11,9	183,243	15,3	549,390	170	149
3550	20,21	65,47	24,18	66,31	176	149
3551	24,38	55,38	51,24	48,49	173	149
3553	5,8	103,90	19,19	185,122	234	149
3554	22,19	4,3	32,28	18,11	156	149
3556	0,2	62,98	0,0	62,68	174	149
3561	12,2	1,1	1,3	0,0	1222	149
3563	542,440	0,0	894,683	2,0	889	149
3564	73,48	469,407	64,36	984,799	560	149
3565	12,11	442,341	13,14	1099,923	163	149
3566	816,597	40,23	1782,1517	16,9	648	149
3568	0,4	8,3	4,0	13,7	172	149
3569	1,1	11,14	8,2	24,11	237	149
3571	0,0	23,9	1,0	15,9	151	149
3572	47,41	13,6	65,40	41,33	152	149
3573	1,2	0,0	2,0	1,0	152	149
3576	82,65	70,58	208,169	230,151	170	149
3577	21,7	2,4	21,33	0,0	170	149
3578	3,1	280,291	7,0	802,631	201	149
3581	50,53	12,1	72,60	6,6	153	149
3582	4,3	0,0	1,0	1,0	153	149
3588	36,16	290,299	31,30	506,376	234	149
3590	33,41	17,13	6,2	4,2	232	149
3591	46,49	1,0	27,31	0,1	293	149
3594	87,95	1467,1526	101,92	1840,1417	170	149
3595	2342,2178	2,2	3936,3063	0,0	1178	149
3596	35,37	1851,2013	23,28	2631,1990	170	149
3597	120,114	0,2	93,81	0,2	174	149
3598	1936,2090	0,2	2701,2043	0,2	153	149
3599	1927,2090	12,8	2684,2030	4,9	881	149
3600	2326,2609	2,5	2810,2168	0,4	154	149
3602	9,0	11,6	4,3	0,3	152	149
3603	1,0	2,1	0,0	0,1	152	149
3605	3195,2879	2,1	5825,4412	0,1	336	149
3606	2493,2282	0,0	5163,3868	0,1	195	149
3610	5,12	13,14	9,8	9,11	190	149
3611	2,2	12,17	3,5	29,24	206	149
3612	8,9	12,17	4,2	29,24	238	149
3613	6,9	0,2	1,1	0,4	181	149
3614	4,5	0,0	5,2	1,3	238	149
3615	99,59	1,0	136,80	1,0	155	149
3617	10,5	68,66	5,9	104,79	197	149
3618	20,13	54,73	44,28	114,90	152	149
3619	144,145	3,0	233,159	1,2	2116	149
3620	48,36	25,21	45,27	31,17	152	149
3621	10,8	627,695	6,7	782,650	243	149
3622	528,532	2,2	758,605	3,1	1174	149
3623	11,19	0,2	9,13	0,0	222	149
3625	435,410	2,3	375,256	7,1	152	149
3626	254,251	0,2	631,459	2,0	593	149
3628	25,21	240,278	22,22	631,460	374	149
3629	8,7	240,278	10,4	631,460	212	149
3630	5,4	14,6	17,3	7,10	493	149
3637	3,0	16,19	0,0	10,9	238	149
3638	51,47	3,1	44,31	1,0	488	149
3639	1,2	0,1	7,2	1,1	189	149
3640	1,2	2,0	7,1	3,4	189	149
3641	238,188	8,11	429,305	10,16	152	149
3642	225,227	1,2	482,321	5,0	152	149
3645	33,35	2,2	55,23	0,0	552	149
3646	23,39	3,2	51,31	2,1	514	149
3647	74,76	2,1	96,98	6,1	164	149
3649	1362,1192	7,2	1782,1319	10,2	209	149
3650	5,3	19,13	6,3	7,25	164	149
3651	28,22	157,139	53,36	298,234	258	149
3654	94,69	7,4	316,151	12,1	192	149
3655	3,4	142,121	3,2	474,313	166	149
3656	669,681	0,1	1109,814	1,0	1861	149
3658	26,22	2,2	15,22	2,2	314	149
3661	7,4	32,21	1,0	21,2	270	149
3666	0,0	20,23	2,0	12,6	387	149
3671	66,58	0,0	127,98	1,0	152	149
3677	1938,2027	0,3	4844,3694	2,8	272	149
3679	0,3	1,0	1,1	1,0	152	149
3680	1,0	0,2	4,0	4,0	392	149
3681	0,0	0,1	1,0	0,0	194	149
3688	13,2	208,136	5,0	224,172	155	149
3689	4,0	4,1	9,10	9,3	152	149
3690	48,55	0,0	208,159	3,1	233	149
3691	113,122	5,5	479,340	24,20	233	149
3692	94,72	0,0	41,46	0,1	764	149
3703	44,56	53,53	94,103	80,65	1890	149
3708	0,2	99,107	4,5	128,115	230	149
3709	2,1	53,64	3,4	67,69	180	149
3710	496,535	1,0	504,413	0,0	2913	149
3714	115,90	2,0	179,181	2,0	171	149
3727	224,158	28,28	378,241	27,28	516	149
3728	395,383	0,1	729,593	1,2	264	149
3741	25,15	5,0	51,43	10,8	152	149
3742	2,1	231,247	9,3	735,528	173	149
3743	14,8	28,12	46,34	80,51	152	149
3744	822,890	28,12	3504,2236	80,51	741	149
3745	819,888	11,6	3499,2232	41,30	738	149
3746	23,19	2,2	20,16	6,5	152	149
3747	17,13	0,1	17,17	0,0	188	149
3748	0,1	15,17	3,2	35,45	162	149
3749	3,20	3,6	30,30	14,9	363	149
3750	7,9	0,0	18,9	2,0	253	149
3751	7,10	0,3	18,10	1,0	258	149
3752	0,1	0,3	2,1	1,0	154	149
3757	9,3	9,4	19,4	9,1	152	149
3758	2,3	0,0	5,0	2,1	152	149
3760	12,14	29,29	26,16	76,85	178	149
3761	81,63	3,0	156,113	3,2	241	149
3762	2,0	40,71	4,4	131,67	2185	149
3763	2,3	13,7	8,4	33,30	2185	149
3764	1,4	1,0	7,6	1,0	256	149
3766	3,5	75,107	3,2	193,137	182	149
3767	211,224	1,2	480,315	0,3	2260	149
3768	69,125	9,12	220,118	42,6	152	149
3773	129,142	2,0	321,221	0,0	225	149
3774	139,155	0,1	356,252	0,0	236	149
3775	12,13	0,1	35,31	0,0	160	149
3776	8,5	230,221	4,5	488,346	172	149
3777	127,138	11,11	310,208	8,10	248	149
3778	137,151	2,3	345,239	4,3	259	149
3779	349,354	11,11	794,549	8,10	225	149
3780	359,367	2,3	829,580	4,3	236	149
3781	21,24	2,3	43,41	4,3	160	149
3782	15,12	113,133	13,12	228,141	195	149
3785	25,12	136,135	49,46	246,187	152	149
3804	125,131	0,0	328,262	1,0	442	149
3805	11,3	345,303	8,5	740,593	219	149
3806	421,292	4,5	906,657	4,5	201	149
3808	1,2	0,2	0,1	6,2	175	149
3809	13,6	194,183	4,2	312,242	206	149
3810	12,6	194,183	10,3	312,242	180	149
3811	2,2	2,1	3,3	1,0	163	149
3812	2,5	188,171	6,5	375,277	163	149
3814	2,0	0,1	0,0	2,0	152	149
3817	64,29	5,0	27,8	2,0	152	149
3821	4,1	0,1	7,6	3,3	168	149
3822	444,456	0,1	742,583	0,0	1299	149
3823	3,3	645,577	4,2	638,473	208	149
3826	42,27	2,0	30,7	0,0	190	149
3830	108,74	10,4	12,3	0,1	254	149
3831	9,7	51,25	9,5	122,91	244	149
3832	11,10	7,2	19,13	10,3	261	149
3833	53,28	7,2	132,99	10,3	166	149
3834	262,191	6,5	262,176	2,1	321	149
3836	89,99	2,2	157,135	6,1	155	149
3837	249,247	6,10	347,300	0,4	214	149
3838	40,43	127,102	75,58	111,82	243	149
3839	24,32	10,17	68,51	15,14	243	149
3843	462,377	0,1	788,519	0,0	935	149
3844	293,336	38,52	447,422	75,42	197	149
3845	306,344	4,0	467,438	0,0	202	149
3846	51,60	4,0	95,58	0,0	154	149
3850	33,24	328,285	38,22	541,378	974	149
3852	1827,1897	12,5	2068,1473	6,3	288	149
3855	2,0	43,45	1,0	22,24	197	149
3856	20,12	6,1	16,9	5,1	153	149
3857	5,0	6,1	0,2	5,1	178	149
3858	5,0	20,12	0,1	16,8	174	149
3859	14,18	1,0	5,1	0,0	446	149
3860	5,5	137,151	13,13	310,185	219	149
3861	537,451	14,9	725,506	31,26	210	149
3863	426,408	9,7	785,519	8,4	159	149
3865	3,4	1,0	3,4	0,0	439	149
3866	13,15	514,396	11,12	783,554	662	149
3867	11,11	514,396	8,8	783,554	372	149
3870	645,511	0,1	948,582	0,0	513	149
3871	6,2	527,486	10,11	879,656	170	149
3872	549,505	3,2	950,691	0,4	186	149
3883	114,91	0,0	172,191	1,1	154	149
3886	4,1	0,1	1,0	0,0	235	149
3889	78,57	1,0	128,106	0,1	233	149
3891	0,3	10,12	0,0	20,15	185	149
3902	49,69	5,3	178,124	3,0	155	149
3904	1,1	68,84	0,0	270,179	184	149
3905	2,6	5,3	2,3	15,16	187	149
3907	69,89	5,3	272,182	15,16	152	149
3914	4,11	547,499	41,19	970,727	191	149
3915	22,27	2,0	16,19	7,4	154	149
3916	3,2	1,0	3,1	1,1	164	149
3919	20,21	6,2	35,24	10,6	154	149
3924	48,54	1,0	52,47	0,0	1103	149
3926	99,97	2,0	124,63	0,0	166	149
3927	3,2	128,120	8,1	124,69	365	149
3929	0,1	89,78	1,1	89,54	175	149
3931	0,3	48,40	0,0	33,27	189	149
3932	46,30	17,21	62,39	39,23	152	149
3933	64,55	19,15	98,70	15,15	152	149
3935	166,173	1,2	163,115	1,0	184	149
3936	196,153	0,4	171,88	0,0	328	149
3938	0,1	0,0	8,1	4,2	152	149
3939	4,2	0,4	3,0	2,2	180	149
3940	3,2	0,0	3,0	3,2	180	149
3941	920,941	1,7	1305,1025	0,0	2862	149
3942	727,720	4,1	1454,1057	6,1	275	149
3944	4,0	10,8	0,0	16,14	275	149
3945	7935,6711	2,0	13179,8988	1,5	3527	149
3946	3,6	937,911	11,10	2066,1439	167	149
3953	1,0	0,0	0,0	0,1	153	149
3954	12,15	0,0	21,11	0,2	172	149
3955	92,85	2,0	171,108	0,0	172	149
3957	1,0	33,38	0,0	91,58	168	149
3958	59,42	0,0	121,90	1,0	152	149
3959	3,4	1,0	6,7	3,0	152	149
3960	519,484	5,0	1023,743	8,6	227	149
3961	67,55	4,0	77,44	5,3	153	149
3963	3146,3422	0,0	6563,5074	1,0	169	149
3964	75,84	2,5	226,204	7,2	153	149
3965	9,16	284,278	15,4	431,260	330	149
3966	442,487	6,17	1020,703	19,13	157	149
3967	21,17	318,324	9,12	473,363	182	149
3968	29,28	255,279	21,18	440,321	185	149
3969	103,95	19,9	77,74	25,21	197	149
3970	326,335	255,279	485,369	440,321	152	149
3971	400,402	19,9	541,425	25,21	164	149
3972	329,346	19,9	496,377	25,21	161	149
3995	12,11	1,0	30,18	0,0	171	149
3997	363,432	8,11	701,487	16,3	155	149
3998	2,0	92,72	0,0	165,113	229	149
3999	7,6	181,179	5,3	364,275	228	149
4011	2,3	119,169	5,4	249,158	417	149
4012	0,3	213,193	4,1	338,253	174	149
4013	40,48	6,9	98,61	0,0	205	149
4014	253,238	6,9	432,313	0,0	180	149
4015	420,386	6,11	1007,676	8,5	151	149
4016	26,13	384,386	17,6	1149,710	168	149
4017	37,34	0,0	36,34	1,0	161	149
4018	17,9	191,192	19,10	337,167	279	149
4019	82,73	5,3	162,91	4,0	322	149
4020	256,256	5,3	480,248	4,0	192	149
4021	1,6	91,103	1,3	198,142	165	149
4024	234,253	2,0	377,266	1,0	973	149
4025	1,5	9,17	6,1	26,25	170	149
4026	5,6	270,262	11,3	487,358	170	149
4027	365,387	18,33	832,610	46,30	181	149
4028	433,422	5,7	888,583	11,15	178	149
4029	201,203	2,8	395,306	13,2	3206	149
4030	73,54	1,3	92,48	0,0	226	149
4031	192,171	0,1	249,148	1,4	226	149
4032	194,209	1,4	255,163	0,4	275	149
4033	1,4	113,80	4,2	125,47	167	149
4034	16,23	6,0	6,2	2,0	198	149
4035	128,99	6,0	127,47	2,0	180	149
4036	39,29	87,79	41,25	96,52	174	149
4037	245,228	4,3	232,134	2,0	190	149
4038	2,4	144,149	3,1	244,204	174	149
4039	325,241	12,14	518,382	32,24	181	149
4040	192,209	15,27	342,234	7,17	153	149
4041	71,56	63,50	130,103	108,85	152	149
4042	0,0	2,0	5,1	2,0	178	149
4050	0,0	63,69	4,0	162,99	194	149
4051	23,56	93,78	32,16	102,101	650	149
4052	39,75	25,32	124,81	67,51	152	149
4053	3,3	0,1	0,3	5,3	210	149
4054	3,3	0,1	3,7	5,3	245	149
4055	4,10	0,1	5,6	5,3	273	149
4056	2,1	2,1	3,4	0,0	184	149
4057	3,8	2,1	5,3	0,0	212	149
4058	3,7	2,0	2,0	0,1	177	149
4060	9,2	6,0	3,5	3,1	846	149
4061	38,61	3,10	81,45	10,4	164	149
4062	127,125	0,0	159,114	2,0	2510	149
4063	20,15	94,61	16,6	94,66	258	149
4065	172,115	11,1	342,261	2,2	223	149
4066	108,160	0,0	255,154	3,0	230	149
4067	212,266	0,0	428,294	3,0	233	149
4068	120,121	16,15	225,167	52,27	152	149
4069	90,80	792,677	102,77	1299,1115	1432	149
4071	89,80	3,0	102,77	0,0	1432	149
4072	904,802	3,0	1414,1222	0,0	1978	149
4073	818,722	3,0	1313,1146	1,1	695	149
4076	28,18	715,571	24,21	1115,768	173	149
4077	531,626	2,5	1020,710	0,0	795	149
4078	7,9	2,2	18,6	9,2	152	149
4079	1,0	0,0	6,3	1,0	152	149
4082	72,84	0,0	128,91	0,1	977	149
4083	3,3	39,34	0,1	48,47	167	149
4084	49,48	0,1	91,39	0,0	227	149
4086	174,123	91,53	50,24	39,16	152	149
4091	119,105	0,0	202,133	0,2	196	149
4092	25,27	173,158	30,28	210,143	152	149
4093	32,32	92,80	38,41	105,84	152	149
4094	196,198	0,0	365,275	3,1	272	149
4095	113,97	2,0	206,149	0,0	272	149
4099	129,129	2,0	152,107	5,0	193	149
4102	0,2	0,0	1,6	5,0	169	149
4103	2,4	6,4	4,0	4,5	169	149
4105	5,1	0,1	11,3	0,0	332	149
4106	0,0	2,1	1,0	11,3	167	149
4108	293,318	7,2	343,277	3,4	314	149
4109	250,269	1,2	314,255	4,4	314	149
4111	19,14	0,0	22,23	3,1	167	149
4112	263,229	2,2	458,329	0,1	209	149
4113	23,39	1,1	25,25	2,1	211	149
4114	12,6	146,112	8,5	337,181	207	149
4115	215,151	2,1	484,261	2,0	237	149
4116	128,88	5,3	139,73	4,0	397	149
4117	69,40	1,0	147,80	0,0	237	149
4118	6,6	193,187	7,14	287,280	190	149
4119	7,12	147,119	2,4	253,194	165	149
4120	166,159	1,1	251,194	4,4	1335	149
4121	55,44	22,23	46,53	32,26	152	149
4122	241,148	228,178	266,214	223,193	192	149
4123	4,7	11,18	11,11	23,18	274	149
4124	136,119	0,2	147,86	1,0	206	149
4129	117,150	0,2	307,273	0,1	180	149
4133	14,15	59,39	0,1	16,7	346	149
4134	38,33	0,0	28,20	1,1	170	149
4135	26,33	240,202	37,26	333,210	152	149
4143	16,7	6,3	26,30	9,10	392	149
4144	4,0	6,3	1,0	9,10	163	149
4145	14,7	2,0	25,30	0,0	378	149
4146	6,5	0,0	4,4	1,0	187	149
4147	6,5	2,0	3,4	0,0	187	149
4150	1,1	0,1	2,4	0,1	281	149
4152	595,523	4,0	880,649	0,0	414	149
4154	87,63	31,18	90,58	45,22	152	149
4155	95,69	66,50	131,66	112,92	158	149
4157	4,8	1,0	3,9	0,0	154	149
4159	201,204	0,2	223,164	0,0	203	149
4160	3,2	829,755	1,8	967,802	260	149
4178	0,0	6,10	0,2	16,12	171	149
4179	7,11	349,272	19,10	481,314	170	149
4183	216,198	45,37	257,258	82,52	414	149
4184	397,373	3,1	370,346	0,5	2249	149
4185	2365,1869	17,26	1660,1409	9,7	278	149
4186	1807,1592	4,9	919,785	0,0	650	149
4197	16,10	4,2	4,9	0,0	411	149
4198	180,170	16,17	133,92	22,12	532	149
4199	0,2	12,8	3,3	6,2	194	149
4200	14,14	0,0	9,3	1,0	167	149
4201	165,169	38,55	173,131	54,58	152	149
4202	2,0	3,4	0,1	0,0	224	149
4203	8,8	0,1	12,10	1,1	153	149
4210	13,6	189,180	17,23	354,255	153	149
4211	7,5	35,32	18,5	63,57	512	149
4219	123,83	4,0	86,45	4,0	157	149
4220	17,7	0,2	34,22	1,0	371	149
4221	489,378	1,1	752,524	1,0	292	149
4222	24,6	99,80	32,29	207,117	200	149
4223	37,11	28,27	58,24	57,29	228	149
4224	2,0	0,0	0,0	2,0	160	149
4226	12,15	52,57	60,38	147,112	177	149
4227	377,307	0,1	829,611	0,0	390	149
4228	346,238	0,0	739,547	2,0	344	149
4230	20,33	1,1	74,42	5,1	155	149
4231	22,13	269,223	18,20	860,597	178	149
4233	4,3	269,188	9,1	258,175	169	149
4234	234,253	4,5	347,232	1,1	157	149
4238	1,0	35,27	0,0	4,0	160	149
4239	35,19	401,342	17,10	275,193	208	149
4240	106,98	20,11	66,46	7,7	250	149
4241	472,421	20,11	324,229	7,7	191	149
4242	488,335	25,6	384,287	8,6	200	149
4243	759,549	15,16	633,451	25,20	317	149
4244	296,220	15,16	257,170	25,20	266	149
4245	12,11	396,287	14,10	316,250	215	149
4246	436,309	3,1	339,270	0,0	393	149
4247	361,327	8,0	307,235	4,4	174	149
4248	24,22	33,11	72,41	19,13	177	149
4249	380,354	12,13	852,532	10,3	204	149
4250	443,405	3,0	1030,659	3,0	220	149
4251	75,64	3,0	188,130	3,0	165	149
4252	185,167	31,45	375,253	51,25	204	149
4254	1,0	3,0	6,1	3,2	232	149
4256	1268,1210	10,31	1969,1399	10,19	178	149
4257	571,474	0,1	906,653	0,0	152	149
4258	694,560	4,0	759,568	1,5	514	149
4259	326,322	566,457	377,265	1065,751	211	149
4260	32,24	2,8	29,13	1,0	153	149
4261	15,12	355,387	20,13	758,546	317	149
4262	19,19	0,0	23,19	1,0	232	149
4263	13,21	0,0	7,12	1,2	259	149
4264	17,21	0,3	21,16	6,3	259	149
4266	84,58	349,321	71,55	834,658	1957	149
4267	382,380	14,11	759,533	4,6	174	149
4268	1,2	54,51	1,0	96,77	168	149
4269	6,8	2,6	18,7	1,5	173	149
4278	72,70	0,0	129,104	1,0	985	149
4279	59,60	0,0	108,81	1,2	156	149
4280	0,5	100,79	2,3	184,127	210	149
4282	472,442	0,1	573,536	0,0	612	149
4283	470,443	2,0	570,538	0,0	612	149
4284	390,402	12,12	726,472	12,21	228	149
4285	24,29	175,187	51,35	377,229	173	149
4286	312,366	1,4	608,402	0,0	319	149
4287	58,65	1,0	120,85	1,0	230	149
4288	688,708	7,9	1994,1326	13,16	223	149
4289	2129,1790	65,52	6900,4984	161,140	152	149
4291	378,362	1789,1817	647,482	5576,3934	395	149
4292	1155,992	1789,1817	1445,1086	5576,3934	642	149
4294	2,0	34,32	2,0	47,38	176	149
4295	411,367	10,13	794,612	23,16	233	149
4296	101,101	0,3	155,112	5,0	153	149
4298	434,439	0,4	702,503	0,0	2313	149
4299	332,351	2,0	636,448	0,0	450	149
4300	5,0	0,0	1,0	2,0	152	149
4301	77,64	0,1	85,44	1,1	171	149
4302	82,97	3,7	164,105	1,0	171	149
4303	48,57	0,1	81,76	5,0	174	149
4305	2,1	17,11	0,0	9,14	165	149
4306	0,1	1,6	3,0	3,1	152	149
4307	14,7	3,5	12,13	0,1	152	149
4325	34,42	47,18	33,36	42,41	279	149
4326	34,42	25,11	33,36	27,19	279	149
4327	34,42	105,97	33,36	117,81	279	149
4328	27,21	1,1	56,41	2,0	188	149
4329	83,76	2,0	146,89	1,5	196	149
4330	9,19	59,57	17,26	132,74	192	149
4331	3,2	3,1	4,6	3,2	178	149
4334	21,32	367,332	30,31	784,521	347	149
4335	447,370	3,1	86,46	0,0	180	149
4336	306,146	72,51	18,11	3,2	257	149
4337	45,37	0,12	78,62	14,8	289	149
4338	5,8	171,184	3,1	341,197	173	149
4339	105,91	3,1	244,202	4,0	200	149
4340	4,2	0,2	1,0	0,0	152	149
4341	18,12	18,10	9,6	5,7	212	149
4342	14,12	18,10	8,6	5,7	209	149
4343	1,2	2,1	3,1	0,0	152	149
4344	15,12	3,4	11,7	6,0	212	149
4345	16,11	3,4	8,6	6,0	209	149
4354	31,26	97,85	36,28	222,154	180	149
4355	143,140	4,4	308,258	17,8	310	149
4356	209,199	4,4	494,384	17,8	279	149
4360	17,20	8,4	23,22	16,4	182	149
4361	103,122	35,49	120,89	61,35	1810	149
4362	14,19	107,119	14,15	200,144	272	149
4364	1,0	2,0	2,0	0,0	154	149
4367	11,11	10,3	5,10	8,1	257	149
4374	59,37	2,2	109,76	7,5	152	149
4388	4,0	2,2	0,2	4,0	392	149
4390	49,36	0,0	72,63	1,0	287	149
4394	14,18	0,4	6,7	4,1	175	149
4399	0,0	2,0	2,0	0,0	207	149
4409	1,0	123,125	0,0	144,160	174	149
4416	124,112	1,0	183,146	0,1	155	149
4418	10,8	103,148	6,13	162,103	1843	149
4419	47,59	0,0	86,74	1,0	1903	149
4421	37,51	0,0	80,61	1,0	230	149
4422	140,199	0,0	242,164	1,0	209	149
4424	21,14	30,37	28,18	100,44	204	149
4425	18,12	21,21	18,17	31,38	159	149
4426	15,11	8,5	19,9	1,1	204	149
4427	78,73	5,10	139,120	12,4	162	149
4431	36,64	0,0	98,54	2,0	1462	149
4432	0,1	20,34	2,2	51,30	176	149
4433	35,44	0,1	81,62	0,0	1824	149
4434	0,2	16,15	5,7	16,7	173	149
4435	8,5	27,37	2,2	46,41	208	149
4439	5,4	13,12	14,10	22,16	230	149
4441	66,54	0,8	125,115	7,1	182	149
4442	58,55	0,2	110,110	2,0	182	149
4456	111,88	140,143	193,133	346,261	256	149
4457	46,38	116,121	129,112	307,219	152	149
4459	15,28	12,21	19,30	19,9	192	149
4461	21,16	1965,1834	18,13	3643,2702	236	149
4462	2153,2013	5,7	3817,2830	3,6	302	149
4464	24,16	0,1	14,7	2,0	296	149
4468	6,1	0,0	4,16	2,0	1761	149
4471	6,10	34,26	4,1	57,29	152	149
4472	58,31	4,5	72,37	6,3	289	149
4481	65,50	33,32	167,132	65,48	152	149
4482	8,7	0,4	5,3	4,0	152	149
4483	15,10	2,1	9,4	7,0	152	149
4484	11,13	3,2	9,4	2,1	152	149
4485	127,153	4250,4453	177,184	10963,8686	314	149
4487	3,11	24,29	23,11	64,45	206	149
4497	0,0	8,0	2,0	5,2	286	149
4498	31,22	5,4	60,18	2,3	2085	149
4501	0,1	0,0	0,0	0,2	152	149
4511	148,183	18,32	255,174	43,28	185	149
4512	215,210	76,87	307,220	144,87	386	149
4513	413,344	76,87	532,453	144,87	1113	149
4514	235,168	37,34	286,267	61,34	876	149
4515	7,3	5,5	4,11	5,4	152	149
4516	42,39	59,95	55,31	148,102	152	149
4517	0,1	34,57	1,0	98,48	173	149
4518	104,94	0,2	114,74	0,0	1131	149
4519	106,98	144,139	121,78	224,177	1170	149
4520	2,6	144,139	7,4	224,177	188	149
4521	189,159	10,13	279,205	12,6	186	149
4522	103,109	4,3	184,117	9,11	154	149
4523	97,85	17,14	259,158	16,24	381	149
4529	5,10	0,1	35,25	0,2	164	149
4530	2,3	1370,1401	0,2	2539,1935	167	149
4531	306,238	0,2	344,292	1,0	274	149
4534	39,20	258,243	16,10	484,315	658	149
4536	266,236	0,0	414,289	2,0	158	149
4537	291,249	2,3	415,297	1,0	437	149
4539	24,27	1026,1063	61,35	2352,1610	1450	149
4540	1,7	0,3	0,1	2,2	170	149
4541	1685,1805	4,3	4226,2897	20,7	167	149
4545	5,2	0,0	5,4	2,0	153	149
4546	0,0	3,3	2,0	14,6	157	149
4549	28,14	81,87	24,14	80,83	169	149
4550	128,90	0,1	199,112	2,0	171	149
4564	202,187	1,0	280,208	0,0	167	149
4566	199,200	0,1	297,222	1,0	158	149
4567	37,23	312,224	11,9	443,400	512	149
4568	457,383	2,0	809,664	0,2	177	149
4569	74,67	2,0	188,163	0,2	315	149
4570	6,5	389,321	4,1	625,502	287	149
4571	53,55	546,448	78,65	883,617	152	149
4572	0,0	2,2	2,3	1,4	162	149
4573	4,3	3,0	4,4	1,2	206	149
4574	4,3	9,5	4,4	9,10	219	149
4575	6,5	3,0	3,5	1,2	193	149
4576	6,5	9,5	3,5	9,10	206	149
4577	3,0	9,5	1,2	9,10	162	149
4578	2,1	0,0	1,0	0,3	162	149
4579	4,3	0,0	3,1	0,3	206	149
4580	4,2	28,17	5,10	15,22	193	149
4585	22,7	1,0	26,26	0,0	353	149
4586	10,5	0,2	6,12	0,0	194	149
4592	2,3	2,3	3,0	3,0	269	149
4593	2,0	11,8	2,1	14,6	212	149
4595	34,28	0,1	23,13	1,2	753	149
4596	4,3	8,1	0,0	6,6	197	149
4597	7,4	13,4	0,0	2,3	178	149
4599	16,20	2726,2645	18,18	5791,4535	172	149
4600	585,458	0,2	1344,1055	0,0	176	149
4601	4246,3877	48,40	9192,7012	63,50	176	149
4602	577,448	0,0	1328,1052	1,0	176	149
4607	21,15	2,0	2,1	0,0	273	149
4619	47,39	1,0	3,5	0,0	153	149
4621	13,1	105,96	0,3	108,114	163	149
4622	11,4	3,7	1,3	0,0	152	149
4623	268,174	175,150	275,224	175,179	152	149
4628	81,59	0,1	94,76	0,0	197	149
4629	226,157	0,1	244,169	0,0	217	149
4630	153,102	8,4	153,93	3,0	169	149
4631	372,306	10,4	545,309	0,4	231	149
4632	4,2	150,154	1,5	248,182	853	149
4633	130,141	9,16	234,156	25,10	169	149
4638	10,5	0,0	8,3	2,0	152	149
4639	28,15	0,1	11,2	0,2	442	149
4641	28,15	0,1	11,2	0,2	486	149
4642	24,14	0,1	11,2	0,2	340	149
4648	5,2	7,0	3,4	4,2	341	149
4651	28,25	2,0	54,37	0,0	954	149
4652	10,4	7,0	4,4	4,2	338	149
4655	33,27	2,0	55,37	0,0	951	149
4658	30,23	2,0	55,35	0,0	762	149
4660	23,23	2,0	51,33	0,0	540	149
4661	19,21	2,0	50,30	0,0	379	149
4663	3,1	16,17	0,0	7,12	248	149
4664	89,63	0,2	107,60	1,0	1013	149
4665	546,506	0,1	752,568	0,0	704	149
4666	340,364	4,5	830,571	0,0	317	149
4667	358,381	2,8	885,596	1,1	620	149
4668	8,9	355,308	16,4	741,523	167	149
4669	590,559	4,1	1285,902	2,0	452	149
4670	2,0	2,1	2,0	15,2	186	149
4671	98,69	13,4	76,45	3,4	286	149
4682	21,13	4,4	14,15	2,3	152	149
4683	14,12	1,3	9,5	0,0	210	149
4688	182,218	1879,1726	252,192	3628,2873	435	149
4689	179,212	4,0	250,190	0,1	435	149
4691	2515,2218	13,9	3988,2720	23,8	196	149
4694	78,86	5,6	148,89	8,5	207	149
4718	200,213	0,0	364,292	2,3	173	149
4720	56,108	49,79	89,58	103,74	152	149
4721	13,15	4,3	19,11	7,5	152	149
4722	4,4	53,35	4,1	45,26	263	149
4723	12,9	24,27	3,2	6,8	202	149
4724	11,9	3,6	2,0	0,1	219	149
4725	47,56	44,21	51,59	73,55	231	149
4726	40,44	0,0	49,46	0,2	231	149
4728	36,28	5,2	56,28	10,2	163	149
4729	445,485	0,3	947,667	1,1	1587	149
4730	162,153	0,0	317,265	9,3	227	149
4731	224,194	148,150	227,158	202,143	152	149
4732	39,58	52,64	54,35	28,18	171	149
4733	12,15	125,148	14,13	234,194	171	149
4734	2,2	0,2	3,1	0,0	152	149
4735	440,363	28,13	726,581	33,38	152	149
4737	420,474	0,0	1036,790	0,2	506	149
4738	257,207	4,1	330,276	4,5	202	149
4739	827,793	4,1	1270,886	4,5	222	149
4740	585,590	15,4	955,629	15,19	169	149
4741	531,492	87,100	904,625	202,132	188	149
4742	471,463	0,3	754,546	0,0	1123	149
4743	1,3	9,1	1,1	1,4	195	149
4744	2,3	81,72	2,1	102,53	195	149
4749	1620,1371	2,0	2383,1511	0,0	485	149
4750	1597,1509	2,2	1932,1414	2,0	296	149
4751	127,137	553,528	199,141	1052,849	164	149
4752	622,537	0,0	1148,833	0,2	258	149
4753	1048,928	0,0	2001,1541	0,2	243	149
4754	1504,1300	15,12	3291,2693	35,22	164	149
4755	223,163	15,12	385,324	35,22	196	149
4756	107,76	1388,1213	195,176	3101,2545	181	149
4757	25,34	0,0	62,49	1,0	155	149
4758	724,629	0,0	1024,713	1,0	157	149
4759	699,595	0,0	964,665	2,1	151	149
4760	60,59	0,0	150,95	2,8	156	149
4770	27,14	0,0	12,13	2,2	156	149
4772	766,717	0,0	1140,782	0,1	1007	149
4773	982,923	178,166	1884,1467	242,242	228	149
4774	1939,1797	186,195	3226,2487	262,250	443	149
4775	857,744	518,499	1302,1053	934,724	202	149
4776	615,523	1,0	892,727	0,0	153	149
4777	1321,1168	178,166	2252,1796	242,242	281	149
4778	243,221	518,499	410,326	934,724	198	149
4779	707,645	178,166	1360,1069	242,242	277	149
4780	689,662	0,2	1204,869	2,2	627	149
4781	707,684	2,5	1237,891	3,5	679	149
4782	747,725	1241,1019	1311,931	1877,1498	753	149
4783	1014,980	0,2	1715,1208	3,0	770	149
4784	18,24	2,5	35,24	3,5	201	149
4785	58,65	1241,1019	109,64	1877,1498	275	149
4786	325,320	0,2	513,341	3,0	292	149
4787	42,46	1241,1019	77,45	1877,1498	223	149
4788	309,301	0,2	481,322	3,0	240	149
4789	1508,1274	0,2	2281,1775	3,0	166	149
4790	63,63	972,887	110,61	1883,1493	223	149
4791	18,22	23,22	37,24	36,21	201	149
4792	58,63	972,887	111,64	1883,1493	275	149
4793	1932,1780	0,0	3201,2474	1,0	432	149
4794	7,17	186,195	26,13	262,250	160	149
4795	20,19	1689,1543	39,33	2878,2231	160	149
4796	12,15	20,16	33,22	44,24	152	149
4811	6,6	0,0	24,21	0,1	176	149
4814	21,21	2,4	63,42	7,5	153	149
4815	979,928	0,0	2089,1639	4,1	155	149
4816	0,0	0,2	2,0	2,0	152	149
4818	10,10	0,0	50,29	1,0	313	149
4824	219,218	2,0	3,0	0,0	196	149
4825	20,28	657,594	0,0	0,3	164	149
4827	234,244	61,37	3,0	0,0	211	149
4828	699,642	0,2	0,3	0,0	154	149
4829	871,810	61,37	3,3	0,0	196	149
4830	172,170	61,37	3,0	0,0	191	149
4832	108,102	40,37	1,0	0,0	247	149
4834	0,0	64,65	1,0	76,68	158	149
4835	4,3	197,135	1,0	287,189	170	149
4836	68,68	197,135	76,68	287,189	161	149
4837	240,221	12,10	472,288	3,0	623	149
4838	21,16	0,0	25,22	0,3	168	149
4839	37,30	35,30	21,23	34,33	311	149
4840	207,237	6,6	431,319	7,5	287	149
4841	5,8	150,110	0,0	112,121	185	149
4842	0,0	23,15	1,1	29,20	173	149
4851	46,46	23,22	63,72	81,39	1491	149
4852	37,18	6,0	55,22	7,2	152	149
4859	4,10	156,118	5,2	320,289	237	149
4861	86,100	0,0	173,143	0,1	179	149
4862	41,57	0,0	89,61	0,1	182	149
4863	18,21	0,0	23,33	0,1	285	149
4864	26,38	71,81	68,35	152,117	152	149
4865	3,2	71,81	2,7	152,117	255	149
4866	3,2	26,38	1,7	67,35	252	149
4867	4,7	80,66	4,6	111,97	1798	149
4868	88,82	17,10	159,114	45,48	299	149
4881	21,14	170,154	11,12	217,147	170	149
4882	0,1	57,51	2,0	86,58	169	149
4883	2,8	4,2	0,4	4,1	167	149
4888	8,7	73,68	9,2	85,59	161	149
4890	0,1	0,2	1,0	0,0	798	149
4892	48,47	0,0	89,66	1,0	154	149
4893	14,18	0,3	36,15	3,0	154	149
4900	199,188	0,3	289,230	0,0	170	149
4903	18,26	4,0	79,62	6,3	154	149
4904	148,115	8,16	277,181	47,48	152	149
4910	15,15	2,0	44,25	0,0	194	149
4915	9,4	0,2	4,4	1,3	153	149
4917	159,94	367,293	127,97	461,277	170	149
4918	97,64	367,293	57,40	461,277	294	149
4919	70,48	132,78	41,34	111,91	273	149
4920	43,40	440,381	11,15	397,337	268	149
4921	1,0	0,0	2,8	1,0	152	149
4938	8,9	141,111	13,10	228,171	210	149
4941	332,242	13,17	302,238	6,6	1383	149
4942	276,206	13,1	271,232	5,3	1383	149
4943	179,161	18,10	198,145	22,17	152	149
4944	407,356	5,6	641,577	11,6	221	149
4945	495,436	0,2	874,660	0,2	218	149
4946	52,38	97,80	81,45	99,73	221	149
4947	135,112	4981,3669	143,120	9263,6875	172	149
4948	4,5	1,0	5,5	1,2	224	149
4949	41,30	0,0	45,34	1,0	176	149
4951	88,97	2,7	150,121	3,2	153	149
4952	61,54	0,0	103,77	4,0	153	149
4953	122,108	103,80	291,183	204,173	161	149
4954	188,187	8,5	379,296	15,13	153	149
4955	54,39	110,117	50,27	247,201	1220	149
4956	37,31	1,0	45,39	16,5	164	149
4959	10,14	0,0	49,25	5,4	179	149
4962	4,2	1,2	16,5	33,13	917	149
4965	8,4	0,2	5,2	4,8	189	149
4966	4,2	23,7	12,4	10,14	189	149
4967	43,21	1,1	31,23	1,0	160	149
4968	7,6	1,1	4,7	1,0	252	149
4969	3,1	39,16	0,0	27,16	241	149
4970	2,4	0,0	4,5	1,4	185	149
4971	1,11	0,0	9,6	1,4	246	149
4972	1,9	2,2	7,3	2,2	210	149
4974	4,1	109,65	3,1	149,94	598	149
4983	2,15	4,2	8,13	0,2	155	149
4984	0,2	5,4	1,1	3,7	156	149
4989	2,4	2,0	4,2	1,1	152	149
4990	6,5	3,6	0,0	2,8	293	149
4992	47,20	25,17	26,10	8,10	152	149
4996	69,82	0,1	88,88	1,0	236	149
4997	11,17	0,0	28,26	1,0	157	149
4998	4,15	111,86	3,2	236,151	900	149
4999	76,97	6,7	135,96	6,9	185	149
5003	2,0	16,27	2,4	60,47	1833	149
5006	40,44	17,5	72,66	7,4	190	149
5008	652,722	11,10	1487,1104	16,16	152	149
5009	53,41	2,0	58,63	0,0	152	149
5010	372,273	1,3	36,25	0,1	227	149
5011	124,88	0,0	11,4	1,0	153	149
5013	773,743	3,3	62,33	0,0	184	149
5014	118,124	3,3	4,5	0,0	179	149
5015	678,566	0,2	36,24	0,0	153	149
5016	1251,1125	5,5	106,96	0,0	302	149
5017	709,575	9,2	54,22	0,0	181	149
5018	109,75	1,0	9,3	0,0	181	149
5023	7,2	1,2	0,3	0,0	152	149
5024	8,6	0,0	1,2	0,1	297	149
5026	8,11	98,82	5,4	116,84	187	149
5032	62,40	9,7	48,19	8,2	200	149
5033	13,7	2,0	8,2	0,0	394	149
5048	43,53	0,1	144,78	1,2	335	149
5050	2,13	148,169	9,6	280,213	177	149
5051	12,12	0,1	49,47	0,0	181	149
5052	137,145	0,6	315,204	4,0	181	149
5053	4,0	0,2	2,0	2,0	312	149
5060	7,8	0,1	17,13	0,0	193	149
5061	85,63	1,4	90,110	0,0	192	149
5062	172,105	0,1	121,129	0,0	218	149
5063	13,16	7,2	16,12	8,4	152	149
5064	6,2	3,0	5,0	0,1	152	149
5065	0,0	0,6	0,1	4,1	225	149
5067	186,162	2,3	425,315	16,9	184	149
5070	105,87	2,0	201,99	0,1	226	149
5072	137,115	0,0	353,230	1,0	207	149
5075	48,71	0,4	88,57	3,0	208	149
5076	124,149	0,2	288,192	0,1	181	149
5081	165,181	4,4	282,228	0,0	817	149
5082	2,1	122,159	0,1	241,218	314	149
5085	3,1	17,12	0,1	6,6	314	149
5086	96,94	0,4	173,136	2,2	153	149
5088	92,86	3,2	85,62	0,3	153	149
5089	116,123	3,1	145,94	0,4	154	149
5090	26,11	0,0	25,17	2,0	154	149
5099	643,562	11,18	836,516	10,15	233	149
5100	6,3	327,272	14,6	524,387	175	149
5105	67,89	28,15	72,46	92,51	966	149
5106	110,121	2,2	215,142	0,2	153	149
5107	18,11	571,484	21,20	999,749	193	149
5108	91,97	250,251	258,159	582,431	152	149
5111	8,10	403,373	6,3	724,525	179	149
5112	400,417	1,2	801,506	1,0	155	149
5117	29,15	118,107	36,23	150,145	350	149
5118	163,121	10,18	238,207	23,31	168	149
5119	3,1	201,192	2,0	207,135	239	149
5120	1339,1103	1,3	1189,918	5,3	1112	149
5121	437,375	59,71	286,169	43,31	163	149
5122	91,79	59,71	69,56	43,31	267	149
5123	122,102	59,71	98,72	43,31	320	149
5124	58,47	404,343	56,44	273,157	253	149
5125	89,70	404,343	85,60	273,157	306	149
5127	540,494	3,0	998,729	4,2	180	149
5128	335,294	4,2	634,447	0,0	216	149
5129	809,763	47,31	1342,997	14,33	216	149
5135	71,47	900,695	25,27	1522,973	177	149
5136	206,148	0,1	261,161	1,1	207	149
5137	1035,796	0,1	1758,1107	1,1	179	149
5141	138,129	0,0	345,282	1,0	327	149
5142	3759,3139	33,31	8135,5993	106,82	161	149
5143	417,367	33,31	931,686	106,82	177	149
5144	42,34	3384,2806	60,47	7264,5354	165	149
5146	113,85	1402,1104	213,125	3139,2221	175	149
5147	41,28	1402,1104	73,37	3139,2221	198	149
5148	0,4	22,19	3,2	56,32	222	149
5149	13,17	0,1	64,31	1,1	444	149
5150	37,19	1,0	67,31	0,0	183	149
5152	2,2	0,0	0,0	0,2	281	149
5154	2,5	5,4	0,0	5,0	281	149
5156	2,2	0,0	0,0	2,0	281	149
5159	123,123	23,33	310,200	38,20	325	149
5160	194,194	0,1	309,264	1,0	326	149
5161	16,26	2,0	30,11	2,0	210	149
5162	237,255	0,2	505,326	4,0	168	149
5163	7,2	65,50	21,15	188,148	170	149
5164	97,74	0,0	250,153	0,1	231	149
5165	155,122	0,0	417,286	0,1	210	149
5167	84,79	0,0	220,144	0,1	210	149
5171	0,1	29,15	7,2	77,52	170	149
5172	14,19	1,0	43,15	0,0	381	149
5173	1,0	9,18	0,0	43,16	211	149
5174	521,482	3,4	826,573	4,1	241	149
5179	91,111	7,2	239,145	6,4	152	149
5180	125,102	15,9	226,135	19,13	197	149
5181	15,14	16,15	22,46	38,22	152	149
5182	0,1	71,81	2,1	259,132	174	149
5193	64,71	0,0	125,101	1,2	269	149
5195	5,9	7,4	5,10	13,7	173	149
5196	12,12	7,4	27,19	13,7	177	149
5197	11,7	4,4	26,11	4,2	153	149
5204	174,168	1,0	179,150	0,0	490	149
5207	113,87	0,0	115,85	7,1	170	149
5208	4,3	0,0	11,3	1,0	154	149
5209	52,58	0,0	62,45	1,0	157	149
5210	48,55	0,0	52,42	1,0	152	149
5211	68,82	1400,1320	138,72	3616,2609	315	149
5212	19,17	0,0	21,21	4,0	154	149
5213	48,53	0,0	92,62	0,2	194	149
5214	29,36	0,0	75,41	0,2	189	149
5215	9,10	0,2	19,23	1,2	166	149
5216	111,87	7,7	173,144	18,7	166	149
5217	12,8	4,3	24,29	0,2	166	149
5218	35,23	150,138	31,34	249,173	235	149
5219	282,304	3001,2971	283,197	4835,3562	1364	149
5220	2031,1761	2215,2065	2875,2099	3247,2370	161	149
5221	983,925	52,51	1903,1396	122,101	152	149
5222	1553,1439	295,278	3175,2123	614,445	152	149
5223	838,708	22,14	1190,900	14,15	245	149
5224	1009,862	20,17	1584,1259	23,31	299	149
5225	1180,1020	3,5	1925,1564	20,11	325	149
5226	1793,1588	5,4	3149,2636	4,4	437	149
5227	193,168	20,17	408,374	23,31	203	149
5228	364,326	3,5	749,679	20,11	229	149
5229	977,894	5,4	1973,1751	4,4	341	149
5230	191,175	3,5	364,336	20,11	175	149
5231	804,743	5,4	1588,1408	4,4	287	149
5232	616,573	5,4	1244,1083	4,4	261	149
5233	932,890	3,10	2473,1750	9,2	554	149
5234	26,36	881,876	37,20	2022,1529	174	149
5235	333,266	3,1	332,273	0,0	3795	149
5236	176,152	1,1	269,271	0,0	153	149
5238	5,1	127,128	1,0	204,146	177	149
5239	0,0	19,8	2,0	8,3	170	149
5240	1,3	2,2	2,1	1,4	244	149
5241	9,7	0,0	6,2	1,0	152	149
5244	43,59	0,0	64,55	2,0	153	149
5245	36,34	1,0	69,50	2,2	236	149
5246	42,34	2,0	78,46	1,6	236	149
5247	49,42	2,3	86,58	4,9	236	149
5248	38,32	0,1	66,45	2,2	236	149
5249	39,30	0,0	69,38	0,2	236	149
5250	44,46	619,683	48,39	1694,1245	239	149
5251	1657,1380	4,7	2072,1408	2,2	201	149
5255	99,96	167,142	96,47	83,66	184	149
5256	4,2	5,1	0,0	2,4	383	149
5257	5,6	40,51	3,2	94,63	153	149
5258	19,32	11,12	29,24	26,16	183	149
5259	90,108	0,1	116,88	2,2	301	149
5260	52,52	1,3	90,42	2,2	183	149
5261	80,97	0,2	116,84	0,0	301	149
5262	7,5	0,0	6,6	0,1	155	149
5264	68,104	0,0	124,94	4,1	155	149
5265	5,3	104,112	6,3	178,120	175	149
5266	193,230	7,2	468,280	3,0	213	149
5267	69,83	1,0	158,98	0,0	213	149
5268	196,201	4,2	352,207	3,2	229	149
5272	24,44	0,1	40,26	0,0	152	149
5273	5,6	0,0	1,1	6,0	152	149
5274	8,15	105,116	16,12	159,116	167	149
5276	273,262	5,9	483,293	20,10	152	149
5277	22,13	0,2	12,9	0,0	152	149
5278	37,41	252,241	69,45	383,259	152	149
5279	3,4	2,3	25,25	3,2	153	149
5298	37,20	1,5	46,39	1,2	562	149
5300	33,37	47,53	43,36	74,66	152	149
5301	997,779	3,2	1470,996	3,2	1218	149
5302	1096,873	0,0	1677,1136	4,0	1218	149
5303	162,126	0,0	277,205	6,5	152	149
5304	45,43	188,220	78,59	422,316	271	149
5305	113,120	9,25	264,180	40,22	324	149
5306	256,297	9,25	608,437	40,22	202	149
5313	3,4	108,149	1,1	214,174	166	149
5314	298,232	0,3	759,528	0,0	180	149
5316	69,87	0,0	117,91	2,0	152	149
5318	14,19	207,219	17,19	391,262	213	149
5319	561,570	1,0	1009,728	0,1	221	149
5320	1222,1290	2,9	2114,1556	0,0	956	149
5321	1558,1488	0,1	4175,2862	0,0	272	149
5322	47,42	3778,3160	68,63	7057,5189	170	149
5323	154,148	0,6	112,61	0,0	1537	149
5324	68,66	41,13	64,43	24,7	814	149
5326	220,240	3,1	263,203	1,7	221	149
5330	0,0	1,3	1,0	0,0	154	149
5368	229,121	4,3	296,226	0,0	598	149
5371	1,0	15,15	3,0	17,7	161	149
5374	326,364	0,0	632,428	2,0	242	149
5375	18,26	15,9	19,24	27,9	167	149
5378	2,4	0,2	2,0	0,0	210	149
5379	2,3	0,0	4,0	0,3	210	149
5380	3,4	3,4	6,1	5,7	210	149
5383	1,0	2,6	1,1	14,2	1591	149
5388	127,107	0,0	43,41	1,0	1289	149
5389	1,0	70,67	0,0	43,48	168	149
5391	163,126	6,2	148,95	3,0	185	149
5392	0,1	24,15	0,1	24,29	168	149
5397	2,4	58,42	4,2	126,97	172	149
5398	221,206	0,2	282,234	2,1	303	149
5399	238,233	10,2	337,232	1,2	632	149
5400	9,2	61,33	7,5	106,77	195	149
5401	10,2	10,4	10,5	7,14	200	149
5402	62,33	10,4	109,77	7,14	154	149
5403	8,6	140,106	5,5	91,89	224	149
5404	10,5	120,110	4,7	103,75	177	149
5407	161,170	10,8	161,117	6,2	188	149
5408	2,2	0,1	2,2	0,0	154	149
5409	105,108	16,14	92,74	19,13	154	149
5410	141,139	0,0	220,147	2,0	178	149
5414	319,327	0,2	497,397	3,3	204	149
5415	2,0	242,193	2,2	423,287	166	149
5418	13,13	0,2	37,25	1,0	1366	149
5423	25,21	1,0	74,38	0,0	248	149
5424	1,1	5,9	0,0	25,30	214	149
5425	23,16	3,0	35,22	7,2	243	149
5426	61,54	0,2	33,35	0,0	309	149
5427	622,438	1,2	272,154	0,0	190	149
5428	46,34	1155,988	43,28	1709,1319	192	149
5429	4,7	38,31	7,2	56,43	183	149
5430	76,77	2,1	107,72	2,1	157	149
5431	0,0	97,90	1,2	176,102	220	149
5432	165,201	0,1	423,262	0,3	177	149
5433	37,40	0,1	71,53	0,3	267	149
5434	12,7	140,168	15,10	367,219	239	149
5435	110,75	1,6	165,139	4,0	195	149
5436	30,22	1,2	32,25	2,4	195	149
5437	5,12	3,8	16,14	6,4	192	149
5439	48,57	2,2	82,72	0,0	2396	149
5440	142,165	1,0	250,171	0,1	224	149
5442	70,57	8117,7000	63,34	10775,7199	254	149
5443	8207,7064	110,50	10833,7233	4,0	392	149
5444	11205,9418	7,0	13624,9685	6,2	154	149
5445	2,2	2,0	2,2	3,2	179	149
5451	42,42	967,823	51,37	1599,1198	302	149
5452	28,25	0,0	28,30	1,0	154	149
5461	0,1	73,45	4,5	95,66	1479	149
5467	56,56	3,14	132,86	41,24	152	149
5472	1,5	0,1	7,1	0,3	242	149
5473	0,1	0,0	1,2	0,1	227	149
5474	35,32	3,0	17,9	0,0	190	149
5475	40,35	2,0	23,12	0,0	190	149
5476	185,161	2,0	98,85	0,0	486	149
5477	150,131	5,5	81,76	6,3	445	149
5478	67,82	1,0	143,95	0,0	284	149
5481	4,2	0,2	9,5	0,0	208	149
5482	63,48	0,2	100,97	0,0	381	149
5493	11,17	28,38	45,34	38,15	502	149
5494	12,4	4,1	12,8	1,1	154	149
5495	9,7	9,5	10,10	12,10	224	149
5497	25,14	19,13	18,15	10,8	224	149
5498	310,292	12,19	464,358	23,30	161	149
5499	6,10	163,119	13,4	363,235	232	149
5500	184,150	1,0	361,219	1,2	158	149
5501	16,14	175,156	22,10	379,231	171	149
5502	877,811	0,2	1625,1025	0,0	628	149
5503	35,28	0,2	29,17	0,0	152	149
5504	30,19	4,9	30,15	1,2	191	149
5505	9,12	10,10	21,17	10,7	301	149
5506	8,11	4,9	17,10	14,5	152	149
5507	135,88	3,6	53,38	0,4	215	149
5508	1,3	76,46	4,2	95,55	176	149
5509	0,2	93,93	3,2	134,78	193	149
5510	83,90	1,1	85,47	0,0	361	149
5511	33,48	0,0	35,9	2,2	151	149
5512	85,81	0,2	92,87	0,0	152	149
5513	3,0	4,7	1,0	2,0	163	149
5514	5,8	101,95	3,5	117,72	247	149
5515	4,10	167,163	6,3	145,110	196	149
5535	2,2	3,7	4,5	5,3	165	149
5536	2,0	1,2	1,0	4,5	204	149
5537	3,0	3,7	1,0	5,3	220	149
5542	0,5	8,4	3,0	6,1	173	149
5543	8,14	0,1	10,8	1,0	223	149
5544	16,13	0,1	13,9	1,0	199	149
5545	8,17	3,1	11,12	1,0	199	149
5546	17,39	5,6	42,32	4,3	270	149
5547	12,10	1,0	17,15	2,0	228	149
5548	17,11	0,0	38,25	3,0	200	149
5549	23,17	7,4	50,36	5,12	228	149
5550	6,6	7,4	15,11	5,12	177	149
5555	13,10	0,2	6,12	7,4	218	149
5559	21,14	0,9	17,17	4,3	193	149
5560	0,0	40,25	0,1	40,44	236	149
5565	1,1	3,0	1,2	2,4	236	149
5570	46,37	0,4	35,26	6,1	446	149
5571	208,182	44,42	222,201	53,34	246	149
5572	1088,825	44,42	1881,1508	53,34	690	149
5573	890,652	10,9	1669,1312	10,5	593	149
5574	947,891	4,1	2311,1599	6,3	157	149
5575	30,34	4,1	70,48	6,3	270	149
5576	18,18	935,875	14,11	2255,1562	262	149
5578	5,3	6,1	2,0	0,0	154	149
5579	1,5	2,12	11,2	0,0	190	149
5580	12,5	474,430	14,4	1060,704	190	149
5581	134,145	8,9	613,436	22,14	165	149
5582	208,236	5,2	775,613	8,3	224	149
5584	1409,1205	0,3	2503,1833	0,0	610	149
5585	278,225	1,0	463,267	1,1	266	149
5586	210,194	8,2	343,224	10,1	266	149
5587	107,135	2,3	166,97	7,2	153	149
5588	10861,11345	7,9	20530,14057	13,12	4704	149
5589	56,37	8,6	60,43	4,5	167	149
5590	638,485	8,6	793,704	4,5	169	149
5591	582,448	0,0	733,662	0,1	151	149
5592	0,0	1,1	1,0	0,1	169	149
5593	373,389	2,3	936,691	5,4	152	149
5595	258,253	10,10	610,372	29,24	152	149
5596	277,222	92,118	491,386	191,146	188	149
5597	125,117	80,67	343,232	265,150	170	149
5598	147,157	0,0	244,223	1,0	158	149
5599	152,154	106,96	320,232	176,131	161	149
5602	535,463	0,5	500,375	2,2	1793	149
5603	77,62	31,17	71,55	41,22	169	149
5604	1,2	34,24	1,3	56,37	155	149
5607	316,299	0,5	405,357	8,2	164	149
5610	39,29	4,6	20,16	2,4	155	149
5611	4,2	87,72	4,3	98,67	209	149
5614	19,9	0,0	19,17	0,2	157	149
5629	0,1	1,0	6,3	0,0	524	149
5630	1,2	1,0	8,4	0,0	572	149
5632	14,8	0,2	23,19	3,2	155	149
5633	3,4	1,0	0,0	2,3	250	149
5634	4,9	158,111	8,2	240,170	270	149
5638	0,2	1,0	0,2	1,0	152	149
5646	75,84	47,20	128,91	76,35	152	149
5650	3,6	140,59	3,0	115,73	163	149
5651	5,0	89,51	3,2	85,38	170	149
5652	16,18	89,51	20,18	85,38	632	149
5653	13,18	2,0	18,16	1,0	611	149
5654	0,0	3,0	0,2	0,3	167	149
5656	54,34	1,0	29,11	1,0	154	149
5657	3,4	1,0	3,4	1,0	234	149
5658	46,38	1,0	27,17	1,0	514	149
5659	46,39	1,0	26,18	1,0	534	149
5660	2,3	53,33	3,4	29,11	229	149
5661	45,37	53,33	27,17	29,11	509	149
5662	45,38	53,33	26,18	29,11	529	149
5663	43,36	0,2	25,15	1,2	429	149
5664	43,37	0,2	24,16	1,2	449	149
5665	2,1	2,0	0,1	1,0	169	149
5669	132,100	0,2	135,87	0,0	310	149
5670	290,247	0,2	280,156	0,0	2246	149
5675	2,0	58,45	1,4	48,32	172	149
5679	100,98	2,3	160,103	0,0	156	149
5681	2,2	9,4	7,7	0,3	462	149
5682	102,78	9,4	97,69	0,3	838	149
5683	100,77	0,0	95,66	3,2	525	149
5684	77,62	0,0	64,48	1,0	152	149
5685	3,3	0,1	1,0	0,4	152	149
5686	20,16	27,35	12,4	35,20	152	149
5687	6,3	27,35	4,2	35,20	162	149
5688	3,0	17,13	4,2	12,4	159	149
5689	28,25	0,1	17,12	0,0	156	149
5690	3,3	0,0	2,0	3,0	152	149
5693	6,4	20,20	3,4	21,21	152	149
5694	7,3	20,20	1,7	21,21	162	149
5695	8,13	20,20	11,6	21,21	337	149
5696	4,0	3,1	1,7	3,4	159	149
5697	5,10	3,1	11,6	3,4	334	149
5698	4,10	3,0	11,5	1,6	324	149
5699	3,1	1,0	2,4	0,0	155	149
5700	19,21	1,0	29,21	0,0	219	149
5701	50,35	1,0	58,32	0,0	404	149
5708	5,3	0,3	0,1	3,3	162	149
5710	6,5	0,3	0,1	3,3	152	149
5711	2,0	3,2	0,1	0,1	159	149
5715	6,12	0,3	11,6	3,3	337	149
5716	3,9	3,2	11,6	0,1	334	149
5717	2,9	1,0	11,5	0,0	324	149
5724	0,3	76,67	2,7	145,109	280	149
5727	14,8	0,3	10,7	2,3	253	149
5728	128,163	0,0	325,220	1,1	223	149
5731	3,0	74,72	1,1	156,98	170	149
5733	57,59	0,4	166,86	3,0	404	149
5734	1,0	55,59	4,2	163,84	175	149
5738	97,103	1,0	163,119	2,1	200	149
5742	78,72	5,2	91,77	4,3	200	149
5743	0,3	35,29	1,0	20,8	168	149
5745	117,145	1,0	240,166	0,0	228	149
5746	87,104	1,6	187,148	3,1	154	149
5748	10,6	82,101	17,4	180,126	170	149
5750	35,54	23,8	44,36	34,25	1406	149
5768	6,4	256,279	20,8	845,604	161	149
5769	102,98	9,2	269,224	16,9	203	149
5771	352,373	9,2	1094,820	16,9	191	149
5775	16,20	1,0	34,16	4,2	196	149
5776	6,8	0,0	20,13	1,0	196	149
5777	2,0	2,8	0,0	3,2	183	149
5780	1,0	4,3	0,0	3,6	183	149
5781	0,2	2,1	0,0	5,4	202	149
5782	28,56	0,0	52,22	1,0	292	149
5784	0,0	1,0	2,3	0,0	169	149
5788	12,11	2,0	15,5	0,0	189	149
5789	161,114	3,1	218,187	1,0	228	149
5793	3358,3206	2,0	8105,5447	0,0	220	149
5799	1,3	121,127	3,0	172,154	170	149
5801	48,73	3,3	103,69	5,7	228	149
5819	7,2	1,2	5,5	0,0	200	149
5823	0,2	0,0	0,4	0,1	1453	149
5829	333,381	0,0	447,311	0,3	852	149
5830	16,6	2,0	16,18	0,0	175	149
5831	14,8	7,7	16,18	4,0	175	149
5832	119,91	8,15	229,176	8,6	175	149
5833	16,18	87,48	29,24	108,93	152	149
5834	133,100	0,0	218,131	1,1	167	149
5837	214,186	599,584	127,108	432,375	152	149
5838	740,607	19,19	561,455	15,16	154	149
5839	20,20	554,509	10,9	452,406	178	149
5840	40,25	513,421	19,13	478,356	316	149
5841	436,402	1,0	307,217	0,0	153	149
5842	678,680	2,0	477,329	0,0	813	149
5843	427,456	7,15	346,219	8,2	421	149
5844	4,14	113,91	5,5	271,154	577	149
5846	1999,1996	0,2	3014,2669	0,0	261	149
5847	5260,4977	22,13	9974,7821	19,40	261	149
5852	7,4	19,23	4,5	7,6	202	149
5853	51,33	4,0	28,17	0,1	298	149
5854	63,52	4,0	31,18	0,1	245	149
5855	160,123	2,0	110,72	0,0	409	149
5856	71,67	5,3	112,102	4,9	152	149
5858	40,31	0,2	54,34	2,4	232	149
5863	0,4	74,74	1,0	153,96	191	149
5864	18,23	71,34	51,39	109,98	152	149
5865	39,26	2,0	42,25	0,0	352	149
5866	87,66	5,4	120,83	2,2	969	149
5867	87,69	8,9	113,71	16,9	224	149
5868	23,29	2,0	43,29	0,0	224	149
5869	85,74	1,2	92,43	0,4	156	149
5870	105,82	0,5	186,135	27,3	170	149
5875	302,317	0,1	570,442	1,0	194	149
5876	130,147	0,1	155,97	0,0	153	149
5877	111,104	38,40	104,79	60,38	152	149
5878	86,110	0,1	208,128	0,0	292	149
5879	3,11	37,49	20,13	86,46	152	149
5880	53,51	1,2	91,69	0,0	153	149
5882	93,90	0,1	256,177	0,2	198	149
5887	10,13	1,2	63,27	0,0	182	149
5889	143,138	0,3	242,181	0,0	155	149
5891	99,102	1,0	201,148	0,0	670	149
5892	4,1	25,25	0,0	57,51	315	149
5895	133,165	1,0	327,220	5,2	152	149
5905	0,1	30,25	0,0	62,39	156	149
5909	19,11	50,37	28,24	88,57	152	149
5910	32,23	10,4	41,32	22,4	257	149
5911	54,57	23,14	87,70	64,43	257	149
5912	23,17	3,5	29,34	10,7	190	149
5913	47,27	16,12	78,52	25,19	152	149
5914	27,22	69,59	27,17	122,122	171	149
5915	11,15	17,8	15,11	8,7	338	149
5917	43,50	2,2	54,39	0,0	490	149
5918	3763,3513	3,3	4357,3076	2,0	3507	149
5919	2522,2535	1959,1440	2615,1971	4324,3107	1635	149
5927	17,16	90,71	13,3	88,77	207	149
5937	4,0	0,0	0,1	0,1	166	149
5938	6,3	0,2	0,2	0,0	207	149
5939	2,3	0,2	0,2	0,0	190	149
5940	76,100	0,1	199,154	0,0	1655	149
5942	110,107	0,1	174,147	0,0	238	149
5943	45,46	4,8	73,64	6,8	238	149
5944	15,15	50,55	20,19	102,63	164	149
5945	9,8	50,55	13,8	102,63	216	149
5946	8,3	14,10	11,8	18,19	201	149
5947	5,8	0,1	7,6	2,0	619	149
5951	463,521	5,0	1261,800	10,2	201	149
5953	1,0	0,0	10,6	0,1	212	149
5962	1,3	1,0	6,0	0,2	172	149
5963	8,7	0,7	22,4	1,5	176	149
5964	1,3	1,0	5,0	1,3	172	149
5965	2,3	86,77	6,5	164,137	166	149
5966	20,25	0,4	33,19	1,0	2365	149
5967	136,103	1,0	166,150	13,2	2285	149
5968	3,1	2,0	6,3	0,2	154	149
5969	2,3	0,0	5,2	0,2	154	149
5970	5,9	0,2	8,3	1,0	154	149
5971	6,5	5,13	10,8	18,12	152	149
5972	9,14	0,0	38,25	3,0	173	149
5973	13,27	0,0	43,26	0,1	173	149
5974	63,58	14,20	66,75	14,15	167	149
5975	63,58	3,1	66,75	0,1	170	149
5976	14,20	3,1	14,15	0,1	152	149
5977	718,570	0,0	1283,963	3,0	1598	149
5978	776,622	0,0	1345,1000	0,1	1598	149
5983	128,158	28,35	154,147	30,15	152	149
5984	780,730	23,13	1464,1165	15,17	203	149
5987	1,0	0,0	3,1	1,6	281	149
5991	1,2	0,0	0,0	3,0	152	149
5992	2,2	1,0	3,1	0,2	281	149
5993	1,0	1,0	6,1	0,2	278	149
5994	1298,1135	1,2	2617,1956	1,1	342	149
5995	140,135	672,521	294,211	1245,839	155	149
5996	1,0	1,3	0,0	4,2	192	149
5998	11,7	18,7	21,3	8,13	345	149
5999	18,43	27,37	40,42	31,14	152	149
6000	5,5	68,72	2,0	112,64	171	149
6002	1,1	78,60	3,2	194,146	172	149
6003	19,40	1,0	79,60	0,0	897	149
6004	1,1	13,35	6,2	65,45	172	149
6007	183,158	98,101	325,252	186,108	164	149
6008	38,23	0,0	71,39	2,0	164	149
6009	96,118	3,4	197,180	15,6	170	149
6011	209,182	0,0	388,265	0,2	188	149
6014	315,233	9,0	562,361	11,7	271	149
6015	22,17	178,119	32,16	297,200	207	149
6016	5,16	396,386	5,5	738,635	218	149
6017	19,12	3,3	41,32	8,2	238	149
6019	47,69	0,1	99,56	0,0	180	149
6020	9,20	0,2	27,15	1,4	180	149
6022	4,2	46,35	3,0	88,62	519	149
6023	12,12	0,0	8,9	1,0	223	149
6024	417,399	0,0	616,447	1,0	635	149
6028	5,6	1,4	23,10	7,2	152	149
6030	371,322	27,32	753,556	19,15	178	149
6033	3,0	9,9	2,1	11,2	192	149
6034	3,0	9,9	4,1	11,2	286	149
6037	82,68	8,10	83,76	3,1	152	149
6047	408,332	2,3	620,429	2,0	901	149
6048	138,109	0,2	219,167	0,1	154	149
6049	13,22	0,1	26,17	1,5	178	149
6050	127,143	0,1	242,161	1,5	224	149
6052	162,161	2,0	179,168	0,0	244	149
6053	29,42	2,2	66,54	0,0	153	149
6054	14,8	6,1	12,5	7,3	278	149
6055	153,148	1,5	298,199	1,4	153	149
6056	4,1	0,0	4,5	0,1	251	149
6057	5,1	4,1	4,5	0,1	260	149
6058	1,0	4,1	0,1	0,1	158	149
6059	492,453	20,28	1259,857	20,13	190	149
6061	9,9	0,0	34,30	0,2	182	149
6062	5,8	3,2	8,5	2,0	246	149
6063	163,131	0,0	221,173	1,0	386	149
6064	146,118	0,1	153,83	0,0	824	149
6066	1,0	113,105	2,1	224,129	174	149
6067	1119,1015	17,13	1676,1263	7,9	363	149
6070	2,3	0,2	6,0	0,0	276	149
6071	60,34	0,0	46,39	2,0	195	149
6072	184,146	0,2	376,337	0,0	245	149
6077	4,15	0,0	13,13	1,0	152	149
6089	58,77	0,0	87,40	4,0	210	149
6091	1311,1274	3,11	2456,1696	0,5	245	149
6092	526,516	3,11	1138,745	0,5	316	149
6093	16,10	801,768	10,17	1328,968	220	149
6094	0,1	0,3	2,1	0,0	152	149
6095	6,4	266,243	17,9	356,195	152	149
6096	4,0	7,2	1,1	2,1	152	149
6098	8,3	21,16	26,5	71,53	152	149
6101	0,1	32,50	2,0	36,33	261	149
6102	0,0	32,50	1,0	36,33	188	149
6104	81,59	0,0	92,56	0,2	738	149
6106	76,56	0,0	89,52	0,2	724	149
6111	82,68	10,4	165,105	5,2	181	149
6112	7,0	510,457	20,14	1097,803	309	149
6113	2,7	1,0	7,2	1,0	156	149
6114	11,12	0,1	28,7	2,0	321	149
6115	10,5	0,1	22,5	2,0	314	149
6116	2,4	29,21	1,1	84,52	193	149
6117	2,2	11,1	1,2	29,15	193	149
6118	10,5	39,34	14,4	72,27	152	149
6119	5,8	308,337	15,17	480,336	194	149
6120	1,4	9,1	11,5	5,11	194	149
6121	19,20	0,3	15,19	7,1	228	149
6122	58,68	0,3	32,43	7,1	442	149
6123	51,53	12,5	29,30	12,6	363	149
6124	12,21	0,0	7,14	0,2	228	149
6125	315,338	0,0	593,400	0,2	812	149
6126	308,323	5,6	590,387	4,1	733	149
6127	96,84	0,0	81,50	0,2	200	149
6128	18,6	84,94	8,2	79,52	165	149
6132	27,28	471,378	13,5	224,159	219	149
6133	2,1	0,2	2,3	0,1	171	149
6134	35,13	0,0	35,18	2,0	365	149
6135	2,1	9,7	1,2	21,18	171	149
6136	45,15	4,6	42,21	0,0	365	149
6137	0,1	5,16	0,0	19,11	192	149
6138	5,4	0,0	20,9	2,0	152	149
6139	259,295	11,5	1020,719	24,26	152	149
6149	24,19	5,3	7,7	3,0	152	149
6150	249,204	25,13	203,114	12,11	920	149
6151	46,25	2,3	27,8	1,3	316	149
6152	55,45	204,147	41,17	289,115	316	149
6153	64,59	17,6	87,67	10,8	176	149
6154	278,269	77,52	395,260	62,31	176	149
6155	1932,1522	2,1	2961,1691	2,0	456	149
6157	480,323	62,41	722,556	65,32	247	149
6158	201,185	173,131	254,188	182,132	1033	149
6159	358,295	36,49	445,299	38,23	621	149
6160	175,105	0,0	43,17	0,2	206	149
6161	43,44	1,1	89,61	0,0	174	149
6162	326,345	17,23	661,475	14,26	174	149
6163	175,116	37,37	169,93	45,24	153	149
6164	5,5	0,0	9,4	0,1	152	149
6165	119,120	34,57	320,264	149,78	152	149
6166	163,163	100,76	534,373	283,193	152	149
6167	70,54	150,115	84,77	197,105	334	149
6169	3,0	20,18	4,2	78,43	241	149
6170	3,0	20,18	4,2	78,43	244	149
6172	44,35	0,0	62,48	2,1	193	149
6176	0,0	58,51	3,1	101,53	314	149
6184	1,0	59,56	1,0	138,176	190	149
6185	41,41	3,0	97,100	0,1	152	149
6186	1,0	41,47	4,5	89,89	191	149
6189	190,181	0,2	216,108	0,0	249	149
6190	159,107	3,0	214,149	0,0	302	149
6191	140,155	6,6	242,134	9,3	153	149
6194	473,476	9,8	952,879	6,9	157	149
6195	443,405	136,132	832,613	224,208	189	149
6196	92,123	12,9	255,172	11,10	189	149
6197	238,201	5,0	513,253	9,6	217	149
6198	20,17	2,2	7,5	0,0	652	149
6199	7,3	4,0	2,3	0,0	186	149
6200	10,3	6,2	4,3	4,0	186	149
6201	8,3	17,16	2,3	6,2	186	149
6202	475,309	2,1	220,188	0,2	589	149
6203	501,406	34,25	636,385	72,32	152	149
6204	1001,887	61,57	953,690	52,33	152	149
6205	984,956	20,13	1701,1309	22,18	152	149
6206	0,1	7,8	1,0	14,22	185	149
6207	0,3	3,0	1,0	0,0	185	149
6208	6,5	1,4	5,2	0,0	192	149
6209	32,33	2,2	95,58	21,17	178	149
6210	9,10	19,9	10,0	7,5	152	149
6212	6,22	133,106	15,12	103,77	152	149
6213	188,180	0,0	328,211	1,1	173	149
6214	379,342	1,0	585,399	0,0	544	149
6215	255,260	25,20	449,325	29,25	247	149
6217	0,1	9,5	1,0	13,3	174	149
6218	10,16	0,0	17,11	1,1	199	149
6220	21,10	0,2	21,17	0,1	174	149
6221	31,24	0,0	38,27	1,1	224	149
6222	4,3	0,2	13,8	0,1	168	149
6223	14,17	0,0	30,18	1,1	218	149
6226	715,591	2,1	888,642	2,1	158	149
6229	10,7	493,400	7,7	381,254	182	149
6230	229,119	1,4	79,36	0,0	402	149
6231	13,11	111,45	5,8	21,10	291	149
6232	269,286	2,7	334,292	11,4	519	149
6233	28,27	7,0	16,18	2,2	152	149
6234	54,29	2,0	50,33	3,2	152	149
6235	81,99	3,8	113,83	2,0	335	149
6236	5,2	0,1	3,4	0,0	152	149
6238	553,475	0,0	1069,802	0,1	159	149
6239	417,384	14,6	921,641	3,4	219	149
6242	1,0	3,0	6,6	2,4	226	149
6243	2,0	0,0	1,2	0,1	236	149
6248	2,0	15,7	3,2	29,16	236	149
6249	2,0	15,7	1,2	29,16	240	149
6250	2,0	15,7	1,2	29,16	251	149
6254	16,22	630,587	26,11	828,568	543	149
6256	1202,1007	0,0	2164,1549	1,2	387	149
6261	189,194	1,0	95,85	0,0	3201	149
6262	67,36	0,0	19,15	1,0	248	149
6264	919,748	2,1	937,769	0,0	747	149
6265	329,307	1,3	278,202	0,0	747	149
6266	583,518	2,0	667,534	2,0	1000	149
6267	230,168	22,13	249,143	17,6	173	149
6268	229,187	0,0	360,269	1,0	176	149
6269	7,5	0,0	9,3	1,1	152	149
6270	94,131	0,0	196,135	1,1	175	149
6271	87,126	0,0	188,132	1,0	172	149
6276	3107,2529	49,33	7616,5573	98,69	164	149
6277	259,152	20,12	175,118	16,13	152	149
6278	674,513	5,6	1117,694	0,1	401	149
6279	5,1	0,0	6,3	2,0	152	149
6280	13,27	230,182	8,5	209,120	185	149
6281	68,52	324,282	120,69	542,426	152	149
6284	59,53	5,1	66,40	2,1	209	149
6285	46,35	107,115	42,37	170,140	375	149
6286	81,33	328,252	59,35	287,138	152	149
6289	51,46	29,14	74,54	38,31	152	149
6290	13,17	758,635	12,7	221,156	161	149
6291	1295,1168	1,0	507,339	0,0	1164	149
6292	82,94	0,2	27,29	0,0	169	149
6293	827,712	0,2	236,178	0,0	157	149
6294	3043,2776	0,0	1701,1193	2,0	437	149
6295	10,8	2,0	2,0	0,1	153	149
6296	0,2	0,0	1,0	2,1	161	149
6297	17,15	1342,1220	8,6	851,522	183	149
6298	17,13	1342,1220	9,7	851,522	171	149
6299	2249,1898	1,1	700,565	0,0	470	149
6301	15,28	1,6	85,51	9,9	152	149
6302	152,168	6,5	177,104	4,1	301	149
6303	390,365	0,0	590,495	1,0	313	149
6304	31,50	1,3	42,50	0,0	273	149
6305	20,29	0,1	19,25	2,2	259	149
6306	25,19	0,0	15,22	0,1	187	149
6307	15,5	6,5	2,0	5,0	152	149
6311	55,44	1,0	131,91	0,0	158	149
6312	305,324	0,2	546,429	4,2	158	149
6313	31,37	1,0	27,4	0,0	1501	149
6315	265,296	0,0	656,487	0,2	193	149
6316	151,170	1,0	331,262	0,0	193	149
6317	0,2	3,0	6,0	5,0	174	149
6318	4,3	0,0	10,1	5,2	224	149
6319	7,1	0,0	9,1	5,2	199	149
6320	610,490	0,0	1083,808	1,0	318	149
6321	6,4	1455,1231	6,2	2843,2093	153	149
6322	820,954	4,0	1792,1459	0,0	541	149
6325	28,26	1231,1221	33,31	2461,1755	168	149
6326	26,21	0,1	33,31	0,0	168	149
6327	1313,1286	13,14	2619,1859	24,22	157	149
6328	27,22	1,0	46,22	0,0	157	149
6329	53,56	1,0	86,57	0,0	208	149
6330	1175,1178	1,0	2658,1806	0,0	433	149
6331	28,36	2,2	40,35	0,0	200	149
6332	1150,1158	2,2	2612,1784	0,0	425	149
6333	1122,1123	0,1	2572,1749	0,0	374	149
6334	28,35	0,0	40,35	1,0	200	149
6335	288,330	1,0	537,406	0,0	425	149
6336	6,3	819,801	7,4	1566,1066	258	149
6339	298,254	304,268	478,355	588,345	152	149
6345	7,3	7,1	6,1	2,3	152	149
6346	8,5	3,4	3,1	1,1	152	149
6356	17,8	2,6	20,24	4,2	154	149
6362	900,987	15,13	1024,724	35,27	2479	149
6363	30,27	7,14	45,28	18,5	188	149
6364	108,177	6,2	148,104	10,4	420	149
6365	28,26	2,2	45,27	2,1	188	149
6366	34,41	69,39	36,24	119,85	242	149
6367	62,66	28,48	80,51	69,60	281	149
6368	97,64	28,48	163,112	69,60	188	149
6370	0,1	0,0	1,0	8,1	167	149
6372	18,21	3,1	20,10	0,2	256	149
6373	19,20	0,0	16,4	0,1	256	149
6380	572,645	2,6	1127,752	4,0	3061	149
6381	381,438	26,22	580,439	32,21	152	149
6384	10,12	103,108	17,12	274,216	388	149
6393	5,1	3,3	0,0	4,0	194	149
6394	498,394	3,7	381,270	7,0	212	149
6395	0,0	11,17	1,2	16,13	188	149
6398	3,2	1,4	6,0	6,3	186	149
6404	31,25	251,220	26,12	432,277	200	149
6405	14,11	4,0	23,19	7,1	347	149
6406	27,22	1,1	39,27	0,1	492	149
6407	27,22	4,6	39,27	1,0	495	149
6408	17,11	1,1	23,9	0,1	294	149
6409	17,11	4,6	23,9	1,0	297	149
6410	1,1	4,6	0,1	1,0	152	149
6411	19,10	0,1	35,31	0,2	781	149
6412	0,0	1,0	3,1	0,2	175	149
6413	7,3	6,2	10,5	1,5	165	149
6414	7,3	5,2	10,5	9,8	175	149
6415	6,2	5,2	1,5	9,8	159	149
6420	128,141	2,0	273,190	3,2	154	149
6421	4,8	111,109	9,11	264,153	167	149
6422	381,396	6,8	772,433	9,7	1492	149
6423	434,330	75,83	411,195	91,49	200	149
6427	131,154	167,155	225,130	234,154	152	149
6428	209,201	81,102	296,198	65,64	161	149
6429	192,260	7,4	347,251	13,4	152	149
6430	5,4	87,78	2,2	53,24	170	149
6434	195,194	17,6	422,324	11,11	662	149
6435	10,7	106,117	8,2	134,95	194	149
6436	5,5	0,0	3,1	0,1	153	149
6437	0,1	55,56	0,0	116,90	169	149
6438	8,3	26,27	3,2	51,41	167	149
6439	6,6	402,312	2,8	484,344	204	149
6440	3,4	9,5	1,4	3,1	167	149
6452	339,380	2,2	968,607	1,2	235	149
6453	12,18	248,228	11,7	518,392	192	149
6455	1,6	0,0	2,2	0,1	252	149
6456	3,6	14,6	3,2	7,16	252	149
6458	963,712	0,0	1403,1040	2,0	2550	149
6459	864,673	0,2	1249,972	0,0	2550	149
6461	5,10	0,0	5,8	3,0	154	149
6462	156,132	164,166	333,229	263,230	154	149
6463	538,476	5,11	1192,821	14,12	206	149
6465	393,369	0,1	1304,772	3,0	233	149
6467	27,26	6,5	52,38	13,9	152	149
6468	2,1	2,1	0,1	0,0	152	149
6476	2,12	2,0	4,0	0,0	523	149
6480	2,7	2,0	3,0	0,0	513	149
6481	2,5	2,0	3,0	0,0	497	149
6485	38,34	6,5	105,79	18,5	152	149
6486	2,2	38,30	0,1	86,70	162	149
6492	0,0	2,0	0,1	1,0	179	149
6494	112,113	1,0	101,64	0,0	1197	149
6501	8,15	38,31	36,13	105,65	152	149
6509	4,7	0,1	12,7	0,0	688	149
6519	20,14	66,52	6,16	135,107	304	149
6520	8,8	135,97	3,2	154,114	225	149
6521	10,3	75,85	6,2	205,128	209	149
6523	2,4	3,8	3,1	4,5	152	149
6524	1,1	0,0	3,0	0,1	174	149
6526	40,43	0,2	103,85	4,1	202	149
6527	1,0	9,11	0,1	2,2	271	149
6528	9,13	9,0	18,9	5,0	253	149
6529	8,7	0,0	17,9	1,3	152	149
6533	215,196	0,0	476,319	1,0	168	149
6534	0,3	218,221	1,0	549,361	174	149
6537	385,367	0,0	512,291	1,0	242	149
6540	26,30	0,0	60,45	1,0	253	149
6541	25,29	0,2	56,39	0,0	253	149
6542	88,100	60,44	202,159	78,65	253	149
6545	100,65	0,8	122,71	5,1	152	149
6546	4,6	0,0	6,2	3,0	152	149
6556	71,91	2,0	188,104	0,2	181	149
6563	22,29	0,0	38,43	1,0	228	149
6564	2,6	5,5	14,11	6,10	152	149
6565	0,0	6,13	0,1	24,18	244	149
6566	1,1	5,17	2,0	21,20	164	149
6567	2,1	2,3	1,0	4,5	152	149
6568	5,10	1,6	3,2	0,0	153	149
6569	5,11	0,0	3,2	2,0	153	149
6575	2917,3006	5,7	5216,3663	0,0	741	149
6576	2736,3023	13,19	4302,3149	3,1	609	149
6577	646,626	12,15	652,452	30,20	186	149
6596	0,4	55,69	3,4	94,60	244	149
6597	0,4	55,69	3,5	94,60	339	149
6599	39,65	1,0	168,67	0,0	155	149
6601	7,0	1,0	0,2	0,0	153	149
6602	51,46	16,19	73,43	37,32	152	149
6604	4,16	95,81	5,0	123,124	156	149
6605	20,22	155,128	33,22	209,187	617	149
6606	190,134	6,7	271,166	6,3	1526	149
6607	187,127	26,27	270,166	32,22	789	149
6608	274,257	1,2	394,325	0,0	1582	149
6609	234,291	1,0	373,276	0,0	2187	149
6610	9,2	26,23	16,4	46,39	1040	149
6613	1,1	31,32	4,0	51,30	192	149
6615	307,252	3627,2717	380,273	3388,1557	292	149
6616	265,212	3627,2717	350,261	3388,1557	194	149
6617	10,10	8393,6710	16,5	13197,8592	181	149
6618	5925,5352	35,30	12042,9084	43,20	286	149
6619	14308,12052	35,30	25223,17671	43,20	254	149
6625	72,79	0,1	100,63	0,4	1608	149
6630	389,332	2,0	412,285	0,1	166	149
6631	439,387	6,3	610,441	0,0	505	149
6632	131,94	0,0	120,108	0,2	505	149
6633	409,335	1,0	399,266	0,0	424	149
6634	358,273	1,0	284,190	0,0	772	149
6635	274,218	4,2	139,64	0,3	1288	149
6637	618,453	1,7	1133,935	2,0	339	149
6639	20,16	0,1	19,19	2,0	234	149
6640	36,29	4,3	46,60	9,7	234	149
6641	46,54	7,1	96,51	5,5	289	149
6642	37,23	11,4	63,35	16,8	179	149
6643	85,72	752,688	115,82	1599,1214	248	149
6645	1,2	18,7	2,1	7,9	443	149
6646	28,25	1,2	17,14	0,0	665	149
6647	13,6	121,106	9,3	132,101	169	149
6649	166,162	0,3	10,7	0,0	1216	149
6656	4,7	169,145	36,26	467,387	174	149
6658	11,8	0,1	14,4	1,0	228	149
6660	22,33	45,43	24,20	116,82	373	149
6661	257,191	0,3	406,263	0,0	265	149
6669	2,0	0,0	1,0	2,0	194	149
6674	262,240	10,12	189,133	34,21	7115	149
6675	0,1	1,2	0,1	1,0	168	149
6676	2,1	10,16	0,0	6,7	168	149
6678	17,25	88,89	29,27	126,113	270	149
6680	180,197	0,1	263,192	0,0	2436	149
6681	34,14	78,41	46,23	85,42	196	149
6682	10,16	287,332	34,14	691,459	185	149
6683	16,6	1,1	16,17	0,0	223	149
6684	16,6	2,5	15,16	2,3	223	149
6685	16,7	0,3	17,18	1,2	223	149
6693	78,60	65,61	75,32	80,82	152	149
6694	67,43	36,20	17,18	5,5	155	149
6704	5,0	14,12	1,0	3,0	152	149
6705	282,239	10,4	333,265	10,1	180	149
6706	183,164	0,1	138,102	0,0	166	149
6710	25,5	140,89	9,19	194,117	221	149
6711	23,5	18,12	8,19	11,10	221	149
6712	843,729	3,0	906,654	0,0	667	149
6714	15,6	3,0	2,3	0,0	186	149
6715	6,5	9,4	1,0	0,1	209	149
6719	8,9	17,15	4,0	2,3	257	149
6720	4,1	25,16	0,0	5,3	190	149
6723	0,0	98,86	1,0	132,103	300	149
6724	44,29	2,0	69,36	0,2	278	149
6725	63,38	2,0	111,52	0,2	311	149
6726	19,9	0,0	43,16	1,0	182	149
6728	13,17	0,2	14,15	0,0	257	149
6729	178,165	0,2	291,149	0,0	382	149
6730	165,151	0,3	277,134	0,0	274	149
6731	32,9	1,1	2,1	0,0	154	149
6732	75,62	1,0	27,31	0,0	1035	149
6733	2,4	43,46	2,0	25,16	303	149
6734	48,51	5433,4172	0,4	453,322	189	149
6748	7,12	1222,957	0,0	1,3	189	149
6753	0,0	6,8	0,5	4,2	169	149
6754	28,15	2,1	17,20	0,0	225	149
6757	5,8	45,29	3,12	95,66	238	149
6758	24,16	2,0	36,24	4,0	184	149
6760	0,0	21,30	3,2	49,36	167	149
6761	4,2	3,0	1,0	0,0	343	149
6765	1100,786	0,2	2612,2047	3,0	157	149
6766	1927,1393	9,1	2366,1737	0,1	763	149
6767	1205,1143	4,3	1787,1131	4,1	223	149
6768	1488,1361	12,3	2128,1288	4,5	268	149
6769	287,221	12,3	345,158	4,5	194	149
6772	0,0	0,3	1,0	0,0	163	149
6778	2,2	7,16	2,0	2,24	210	149
6780	74,116	2,7	188,134	12,8	276	149
6787	820,588	2,0	673,401	0,0	154	149
6788	530,444	255,190	752,454	349,231	200	149
6789	635,469	55,23	485,255	64,21	152	149
6790	897,687	8,4	492,302	3,0	186	149
6791	332,277	31,28	187,105	6,1	321	149
6792	332,278	1,0	187,105	0,0	326	149
6793	31,29	1,0	6,1	0,0	154	149
6794	166,122	9,5	86,47	0,2	154	149
6802	10,7	0,0	11,7	0,1	153	149
6804	8,7	4,1	21,16	2,2	468	149
6806	33,10	6,13	21,8	14,9	314	149
6808	2,0	38,28	1,1	78,51	170	149
6809	24,29	22,23	54,44	57,46	152	149
6816	5,3	1,0	4,2	0,0	223	149
6817	25,16	3,1	28,16	2,1	162	149
6819	4,2	0,0	4,2	0,1	179	149
6820	147,102	12,6	363,247	17,28	190	149
6821	447,347	0,3	1150,764	0,0	397	149
6822	563,404	13,10	1243,942	14,11	173	149
6823	72,48	32,17	72,59	17,17	161	149
6824	7,2	0,0	12,5	2,2	161	149
6835	4,2	0,0	1,3	2,0	208	149
6836	5,6	0,2	19,8	5,2	185	149
6837	11,8	0,1	21,9	7,2	232	149
6838	11,8	10,7	21,9	28,10	235	149
6839	6,4	0,1	7,3	7,2	196	149
6840	6,4	10,7	7,3	28,10	199	149
6841	0,1	10,7	7,2	28,10	152	149
6842	37,25	1,0	50,14	2,1	326	149
6843	13,17	29,12	21,8	17,11	152	149
6845	9,19	0,0	18,6	2,0	507	149
6846	7,14	0,4	16,7	0,0	384	149
6852	14,23	3,1	28,11	6,8	152	149
6854	22,26	2,3	52,37	0,0	207	149
6855	0,3	4,2	12,7	15,4	152	149
6857	73,56	4,5	69,43	3,0	159	149
6858	159,136	747,552	151,105	1155,835	196	149
6859	90,85	747,552	85,62	1155,835	186	149
6860	1078,786	7,14	1841,1251	26,22	257	149
6863	445,347	2,0	332,150	0,0	2480	149
6864	64,46	551,378	11,12	695,521	378	149
6868	275,286	7,2	210,167	3,0	154	149
6871	11,8	310,263	2,6	197,140	172	149
6872	240,191	4,3	99,108	2,0	324	149
6873	539,446	4,3	294,242	2,0	301	149
6874	416,338	2,0	222,173	0,0	428	149
6878	924,751	1,0	857,579	0,0	1000	149
6879	697,565	4,14	669,484	7,4	716	149
6880	231,200	1,0	195,99	0,0	433	149
6881	445,336	10,7	329,175	18,11	194	149
6882	535,428	0,1	433,241	0,0	225	149
6884	526,408	6,2	396,210	1,0	433	149
6885	100,99	0,1	122,77	0,0	180	149
6888	36,13	583,516	14,13	527,357	164	149
6889	22,16	16,25	3,4	3,0	152	149
6890	2,2	30,38	0,3	6,3	207	149
6891	4,4	0,0	0,0	0,2	151	149
6893	3,4	0,0	2,8	2,0	455	149
6899	82,70	23,32	82,44	23,19	233	149
6901	6,3	0,1	3,2	0,0	153	149
6902	99,90	13,10	187,142	22,12	167	149
6903	74,89	3,1	173,107	6,5	152	149
6906	80,91	51,26	76,52	43,44	290	149
6908	128,113	165,172	155,115	350,255	181	149
6909	114,107	1,0	89,86	2,0	1000	149
6910	329,290	4,1	483,366	2,1	1000	149
6911	198,201	14,9	327,282	32,25	176	149
6912	1075,932	0,0	2180,1759	0,2	4654	149
6913	5,2	4,0	2,0	1,2	154	149
6914	16,17	295,301	29,15	464,376	289	149
6915	154,152	283,311	196,141	383,262	152	149
6918	2143,2088	202,186	4107,3095	302,261	2914	149
6919	0,0	202,186	1,1	302,261	152	149
6921	3,0	5,2	3,1	6,1	176	149
6922	1,6	1,0	5,0	1,0	152	149
6924	104,91	2,1	100,59	2,3	1860	149
6925	64,54	6,1	74,62	4,2	203	149
6934	759,632	0,2	1509,1099	0,0	309	149
6935	1050,862	0,2	1912,1429	0,0	353	149
6936	293,233	0,1	405,331	1,0	193	149
6937	0,2	1,0	0,1	0,0	152	149
6957	147,185	0,0	268,195	2,0	3171	149
6962	180,159	0,1	368,272	0,0	182	149
6963	2,8	137,164	3,3	256,148	190	149
6964	175,190	4,3	442,325	6,2	237	149
6965	215,269	0,0	505,355	0,2	246	149
6966	8,3	156,156	6,3	312,190	169	149
6967	180,230	7,20	357,280	36,31	153	149
6977	5,6	2,0	2,4	0,0	323	149
6978	2,0	4,0	0,0	2,0	164	149
6979	0,6	4,0	0,1	2,0	257	149
6980	5,6	4,0	2,4	2,0	338	149
6981	5,6	4,0	1,5	2,0	341	149
6982	0,6	2,0	0,1	0,0	242	149
6983	5,6	2,0	1,5	0,0	326	149
6988	521,525	220,234	1282,839	385,322	471	149
6990	29,39	4,3	57,52	1,0	211	149
6991	11,26	0,2	29,19	0,1	211	149
6994	7,1	0,0	7,5	0,1	194	149
6995	54,40	260,238	42,30	386,280	546	149
6997	83,40	0,0	45,24	1,0	170	149
6998	11,9	92,51	5,21	89,77	176	149
7000	35,37	39,57	101,83	102,108	152	149
7029	1,4	90,96	7,1	108,71	269	149
7030	248,188	7,13	149,102	6,9	753	149
7031	216,167	1,0	126,81	0,0	753	149
7032	7,5	34,24	9,2	32,33	197	149
7033	5,1	8,2	1,4	16,3	178	149
7041	342,408	3,4	937,568	0,0	352	149
7051	0,1	4,0	1,0	0,0	152	149
7052	0,0	6,4	1,0	2,2	152	149
7053	14,7	11,7	5,11	4,3	153	149
7057	108,87	313,336	144,103	558,473	914	149
7060	16,5	384,355	14,8	555,353	179	149
7061	13,9	384,355	14,7	555,353	209	149
7062	4,4	7,0	2,0	2,1	179	149
7063	143,180	1,5	252,186	2,2	175	149
7065	25,37	7,17	49,28	16,9	152	149
7066	12,4	102,82	14,14	127,65	197	149
7067	1,0	1,2	2,0	0,0	152	149
7068	4,13	116,144	9,6	270,203	162	149
7069	7,11	97,71	10,2	80,52	163	149
7076	133,103	3,0	292,206	0,2	211	149
7095	14,14	1,0	16,27	0,0	277	149
7098	6,3	4,1	6,3	2,0	513	149
7100	67,82	1,3	223,137	8,2	152	149
7101	50,68	71,66	88,56	131,133	164	149
7104	16,16	191,200	13,28	328,245	182	149
7105	2,6	191,200	4,6	328,245	200	149
7109	351,284	0,0	443,415	1,0	275	149
7112	18,12	172,97	31,17	167,134	245	149
7113	143,155	6,2	270,190	2,4	153	149
7114	15,16	185,233	21,16	351,234	167	149
7118	3,2	0,0	3,1	0,2	164	149
7128	2,9	4,7	28,16	10,2	233	149
7130	1,0	3,6	1,7	9,8	169	149
7131	2,1	3,6	2,0	9,8	173	149
7132	8,2	3,6	16,5	9,8	378	149
7133	8,0	3,6	21,12	9,8	381	149
7134	7,0	3,6	12,5	9,8	383	149
7135	1,1	0,0	1,0	0,7	153	149
7136	7,2	0,0	15,5	0,7	358	149
7137	7,0	0,0	20,12	0,7	361	149
7138	6,0	0,0	11,5	0,7	363	149
7139	7,2	1,1	15,5	1,0	354	149
7140	7,0	1,1	20,12	1,0	357	149
7141	6,0	1,1	11,5	1,0	359	149
7142	1,0	1,2	9,7	4,0	152	149
7152	6,20	160,161	2,3	50,35	271	149
7153	1,1	95,124	1,0	30,15	160	149
7154	1,5	3,2	3,1	6,4	332	149
7155	4,1	0,0	1,6	0,2	180	149
7165	21,17	3,2	7,18	9,8	378	149
7166	123,106	0,0	117,92	1,0	1738	149
7167	9,7	4,3	4,2	1,0	239	149
7168	451,503	0,0	986,778	1,2	963	149
7169	5,21	6,0	14,17	7,13	196	149
7172	24,14	5,5	22,27	9,14	341	149
7174	15,26	1,2	40,36	0,2	151	149
7175	10,10	2,1	7,7	1,2	151	149
7176	2,3	2,0	1,0	0,0	341	149
7177	29,27	0,1	26,21	1,0	151	149
7178	37,51	0,0	82,49	8,4	153	149
7180	48,35	0,2	70,33	0,0	235	149
7181	0,1	26,25	1,0	84,44	200	149
7182	66,49	0,0	81,66	1,0	211	149
7183	37,18	4,0	50,37	6,2	180	149
7186	201,139	1,1	118,102	18,5	240	149
7188	50,36	2,0	114,52	2,0	225	149
7198	3,1	2,0	6,4	1,0	1071	149
7204	2,5	10,8	1,2	9,11	506	149
7207	0,0	2,0	0,2	2,1	171	149
7208	0,0	4,1	0,2	0,2	171	149
7209	21,16	4,1	34,18	0,2	1242	149
7210	21,16	0,0	34,18	0,2	1220	149
7221	14,19	3,4	10,4	0,0	475	149
7226	124,177	2,0	269,187	0,0	392	149
7227	182,184	3,4	405,264	20,7	152	149
7228	27,20	96,82	31,24	240,228	188	149
7229	40,29	0,0	44,36	2,0	194	149
7230	109,91	0,0	253,240	2,0	155	149
7231	170,154	4,3	273,239	10,7	152	149
7232	4,2	2,2	2,0	2,1	152	149
7241	758,699	1,1	1267,1103	5,5	229	149
7247	0,2	1,2	0,2	0,0	153	149
7248	2,1	114,71	1,0	112,46	182	149
7249	9,5	13,9	25,26	39,41	152	149
7251	88,64	86,45	60,42	75,87	672	149
7252	40,39	1,2	23,33	0,0	1355	149
7253	9,10	1,15	4,7	2,4	652	149
7254	33,51	122,114	30,26	185,163	994	149
7255	162,153	1,6	208,194	4,4	1355	149
7257	102,72	0,2	79,44	0,2	170	149
7258	14,22	0,4	17,9	0,0	198	149
7259	26,31	207,183	22,19	236,179	935	149
7261	13,5	1,0	3,8	0,0	250	149
7262	10,2	219,206	4,2	217,143	276	149
7263	49,27	0,1	43,32	0,0	321	149
7264	258,231	0,1	256,173	0,0	194	149
7265	2,1	147,91	2,0	159,101	204	149
7268	5,2	0,0	2,0	1,0	230	149
7269	2,1	0,0	2,0	1,0	187	149
7271	3279,2405	1,1	6683,5057	0,3	156	149
7273	0,0	164,155	1,1	265,171	168	149
7274	0,0	88,86	0,4	218,137	185	149
7275	219,159	2,0	378,281	4,1	294	149
7277	11,14	2,0	9,7	0,0	169	149
7278	7,9	2,0	8,6	0,0	165	149
7279	119,94	4,0	154,101	0,0	169	149
7280	6,8	79,85	10,13	192,136	199	149
7281	17,17	1,0	29,11	2,2	162	149
7282	22,25	79,85	37,22	192,136	212	149
7285	208,156	0,1	273,272	0,0	444	149
7286	192,92	24,10	107,72	20,14	732	149
7287	407,472	0,0	1081,805	1,0	181	149
7291	169,139	37,22	289,187	81,52	155	149
7292	60,69	9,3	101,51	6,5	455	149
7293	0,0	1,0	0,2	0,0	166	149
7298	151,154	4,5	246,161	8,2	154	149
7299	51,23	131,115	102,70	239,183	173	149
7300	100,50	112,81	150,82	169,145	173	149
7309	2,0	2,0	0,0	1,0	162	149
7310	1,0	2,0	0,0	1,0	170	149
7315	68,50	13,21	118,88	26,25	152	149
7317	89,68	8,2	106,63	3,4	152	149
7321	2,4	74,64	2,4	176,142	188	149
7322	69,66	18,21	186,103	31,25	152	149
7323	82,91	8,7	248,126	25,29	152	149
7324	4,0	0,3	4,3	0,0	152	149
7330	70,97	1,0	206,189	2,0	1433	149
7331	1,0	97,97	0,1	248,194	175	149
7333	16,19	218,204	12,7	193,140	223	149
7334	305,254	4,1	219,200	1,2	223	149
7337	0,0	112,66	3,0	186,113	190	149
7342	72,37	0,1	75,45	1,3	189	149
7343	41,41	3,2	56,38	2,1	176	149
7344	42,39	16,7	59,30	24,20	212	149
7345	63,39	1,1	62,34	2,5	198	149
7346	2099,2034	875,723	3943,3040	1531,1166	152	149
7347	552,402	2157,1919	874,652	3606,2733	152	149
7349	61,44	0,0	179,92	2,0	157	149
7357	41,30	5,4	38,16	5,1	334	149
7358	85,55	5,4	78,51	5,1	274	149
7359	87,105	226,205	127,97	319,216	173	149
7361	188,164	0,0	251,214	2,0	2939	149
7362	133,128	0,2	197,151	1,1	238	149
7363	190,146	4,0	307,229	1,0	1361	149
7364	0,1	244,249	0,0	359,275	165	149
7367	292,283	0,0	800,596	0,3	391	149
7368	233,209	0,0	535,407	5,0	158	149
7373	14,13	5,0	11,0	0,4	344	149
7375	96,94	0,0	189,154	1,0	526	149
7386	82,99	2,0	118,72	0,0	279	149
7387	52,54	1,0	69,39	0,2	279	149
7390	231,150	8,0	133,56	2,4	830	149
7398	1,5	352,292	5,4	633,374	180	149
7399	5,1	177,137	0,3	374,313	161	149
7401	4,13	2,0	4,4	0,0	190	149
7402	12,13	547,568	19,6	1167,842	201	149
7403	75,48	1,2	107,85	5,5	154	149
7404	0,10	14,10	0,0	14,1	164	149
7405	19,23	1,0	14,3	0,0	220	149
7407	18,25	2,2	31,27	5,7	153	149
7408	44,47	5,0	91,65	3,0	152	149
7409	0,0	59,51	0,2	105,69	370	149
7412	8,9	0,1	22,24	1,3	154	149
7413	1,2	0,0	13,6	0,2	154	149
7415	4,2	6,13	8,3	15,3	152	149
7416	13,15	2,0	14,9	4,1	152	149
7417	5,0	0,0	1,0	3,0	408	149
7421	0,2	0,1	4,0	0,0	208	149
7432	8,4	1224,1265	12,6	2580,1834	175	149
7433	1498,1455	2,0	2589,1892	8,3	158	149
7434	11,3	56,64	7,3	125,108	152	149
7438	1,2	0,0	10,5	4,5	169	149
7439	183,165	2,3	696,442	2,0	2666	149
7441	16,13	0,0	53,26	0,2	152	149
7443	17,8	0,0	50,30	1,0	152	149
7446	0,4	26,32	1,1	136,55	170	149
7453	2,4	4,3	3,0	2,2	154	149
7455	0,1	0,0	0,0	1,0	180	149
7461	549,481	0,0	1228,899	0,1	152	149
7462	400,342	0,0	948,680	1,0	430	149
7464	117,82	243,194	97,58	236,148	215	149
7465	36,37	243,194	29,17	236,148	239	149
7466	4,1	85,46	1,0	69,41	173	149
7476	1,0	0,0	0,1	1,0	152	149
7484	6,0	104,101	0,0	203,158	1745	149
7485	76,74	1,0	185,141	2,1	158	149
7486	359,310	1,0	610,488	0,0	2125	149
7487	82,48	0,0	150,125	2,0	152	149
7488	0,0	169,162	0,1	287,208	182	149
7490	187,138	1,0	267,235	2,1	179	149
7499	72,90	0,2	211,123	0,0	666	149
7500	62,71	3,2	160,100	2,0	201	149
7501	66,52	3,0	114,89	0,1	168	149
7513	57,49	1,0	141,81	0,1	203	149
7514	2792,2876	9,10	3982,3057	12,13	183	149
7519	51,38	0,6	58,34	5,7	332	149
7520	107,98	2,3	70,55	4,1	279	149
7521	25,10	73,51	8,3	40,18	320	149
7533	119,128	0,0	204,153	0,1	220	149
7534	127,152	6,0	217,166	0,0	220	149
7535	36,46	11,14	51,35	19,26	152	149
7543	306,316	2,0	235,168	2,0	288	149
7544	261,272	0,0	411,360	1,0	291	149
7545	126,191	10,13	368,269	28,13	206	149
7547	147,147	17,9	809,435	0,0	359	149
7548	8477,8151	0,1	24016,13685	0,0	1885	149
7550	22,7	598,455	7,6	671,538	265	149
7551	5,6	509,386	8,2	590,412	165	149
7552	7,5	509,386	11,5	590,412	227	149
7553	6,1	4,2	4,4	1,1	211	149
7554	280,313	4,0	592,474	2,4	1457	149
7555	5,10	344,315	22,8	478,368	167	149
7556	16,28	334,282	29,24	616,413	2914	149
7558	552,549	2,8	1239,940	5,1	222	149
7559	8,1	25,15	6,14	49,34	196	149
7560	5,1	1,1	3,10	5,3	196	149
7561	25,15	2,0	57,46	1,0	162	149
7563	0,5	239,232	6,10	581,420	1100	149
7564	302,263	0,1	368,275	0,0	244	149
7565	1,0	11,6	0,0	10,9	153	149
7568	31,31	0,0	145,76	2,3	213	149
7574	3,0	2,0	0,0	6,2	190	149
7575	2,4	0,0	0,4	2,0	152	149
7576	3,2	70,72	11,4	129,85	179	149
7577	251,229	4,6	315,246	6,2	3744	149
7581	10,10	126,104	14,12	219,160	252	149
7582	123,123	2,0	282,246	0,0	194	149
7583	114,97	1,0	230,137	0,0	201	149
7584	561,507	4,4	1114,843	15,3	154	149
7591	2,1	11,9	0,0	4,3	168	149
7603	2,4	124,115	7,3	272,180	258	149
7604	69,79	96,107	102,56	231,162	721	149
7605	2,1	3,1	1,0	7,0	152	149
7611	22,24	0,1	11,9	0,0	249	149
7612	41,33	0,2	42,44	3,2	152	149
7613	24,42	2,1	13,11	0,0	152	149
7614	36,32	76,58	25,29	69,69	185	149
7615	7,2	2,0	1,2	0,0	188	149
7616	18,8	382,282	23,22	702,553	155	149
7617	494,365	15,17	710,525	8,11	429	149
7618	487,374	1,0	748,529	1,0	1481	149
7619	347,270	2,2	543,376	5,1	1805	149
7620	9,9	2,2	11,5	5,1	429	149
7621	337,261	8,9	533,367	3,7	473	149
7622	550,423	1,0	907,621	2,0	231	149
7624	25,24	1,1	38,25	4,0	193	149
7625	180,170	76,105	241,183	174,119	1196	149
7630	11,22	123,124	5,5	469,282	165	149
7632	54,66	26,38	103,80	45,41	152	149
7633	37,26	73,57	15,7	26,20	348	149
7634	1,3	13,14	0,0	2,0	200	149
7635	0,3	13,14	0,0	2,0	219	149
7637	631,586	1,0	1478,1067	0,0	496	149
7638	0,3	1,0	2,0	0,0	152	149
7641	26,16	0,6	20,9	9,0	197	149
7643	3,6	5,2	0,2	1,0	245	149
7644	1,1	0,0	0,0	2,0	197	149
7646	433,414	2,0	856,543	1,0	620	149
7653	5,4	0,0	7,3	2,0	174	149
7657	121,84	7,4	167,95	6,3	271	149
7659	10,11	132,101	9,4	85,79	307	149
7661	1,0	0,0	3,0	1,1	158	149
7662	409,457	0,0	935,666	3,1	1408	149
7663	686,650	2,2	1075,811	7,2	3640	149
7666	158,194	0,1	383,300	0,0	294	149
7667	144,164	2,0	333,273	1,3	191	149
7668	136,133	0,0	315,267	2,0	270	149
7669	0,0	173,164	1,1	485,340	315	149
7670	0,0	36,23	1,1	71,73	315	149
7671	9,3	213,243	12,4	492,351	172	149
7674	5,0	61,54	10,5	86,57	276	149
7677	3,5	1969,1805	4,9	5356,3917	179	149
7678	2059,2028	7,4	4832,3676	7,4	200	149
7679	83,77	2,0	76,41	0,0	211	149
7680	120,158	25,9	281,266	39,21	232	149
7681	14,15	25,9	13,14	39,21	160	149
7682	24,30	25,9	39,35	39,21	181	149
7683	27,40	25,9	51,41	39,21	190	149
7684	160,160	25,9	295,249	39,21	1457	149
7685	15,24	5,9	30,25	4,4	170	149
7686	18,34	5,9	42,31	4,4	179	149
7687	111,152	5,9	272,256	4,4	221	149
7688	151,154	5,9	286,239	4,4	1446	149
7694	116,91	76,89	199,165	185,182	1374	149
7697	56,40	120,119	143,85	366,281	1186	149
7698	1,0	9,6	1,2	42,31	172	149
7699	1,0	32,27	2,2	63,25	172	149
7700	1992,1651	9,9	94,119	2,0	254	149
7702	1669,1539	8,12	81,89	0,0	834	149
7706	35,14	1020,823	0,0	39,31	169	149
7707	56,37	0,1	1,1	0,0	175	149
7708	1041,846	0,1	40,32	0,0	155	149
7710	42,62	613,474	5,0	15,15	176	149
7711	1222,856	51,27	32,25	1,2	439	149
7712	1793,1268	51,27	42,40	1,2	412	149
7713	2004,1698	21,19	131,83	0,1	1382	149
7714	5,3	66,53	0,0	3,0	152	149
7715	594,628	1041,727	98,61	39,38	942	149
7716	657,679	1041,727	101,61	39,38	939	149
7718	25,30	613,474	1,0	15,15	170	149
7719	450,284	0,4	6,0	0,0	304	149
7720	18,21	613,474	1,0	15,15	166	149
7721	443,275	0,4	6,0	0,0	300	149
7722	1038,728	0,4	20,15	0,0	283	149
7723	50,39	243,228	97,54	733,459	254	149
7724	25,16	1,2	49,26	6,4	254	149
7725	23,17	29,31	45,46	73,44	170	149
7727	70,65	0,0	116,85	1,0	153	149
7728	4,3	0,0	7,2	1,1	401	149
7737	43,46	0,0	39,20	0,1	225	149
7743	17,13	218,215	8,8	568,411	182	149
7744	254,258	1,0	606,418	0,1	416	149
7745	12,17	1,0	16,12	0,0	346	149
7746	267,271	2,1	446,321	0,0	353	149
7747	16,17	435,351	22,11	612,414	163	149
7748	328,326	4,4	432,334	1,0	309	149
7749	787,714	2,10	684,305	11,5	200	149
7750	664,569	47,50	1710,1299	63,67	181	149
7751	121,91	10,8	229,196	11,2	181	149
7752	526,422	5,4	1107,952	12,23	155	149
7753	310,234	33,49	714,479	51,41	174	149
7754	71,43	9,10	170,113	10,7	174	149
7755	69,39	1,0	166,111	0,0	174	149
7756	238,171	1,0	359,246	0,0	448	149
7757	169,133	0,1	193,136	0,1	423	149
7758	7,3	463,443	4,11	1177,913	178	149
7759	853,879	15,12	1287,781	29,10	1093	149
7760	597,638	2,1	697,423	0,0	1486	149
7762	2360,1923	0,0	2400,1708	0,1	4172	149
7763	60,51	0,0	75,58	1,0	201	149
7770	534,559	1,0	634,441	0,0	2249	149
7771	11,8	156,140	5,9	54,37	233	149
7774	25,25	100,77	39,22	151,97	303	149
7775	8,14	100,77	21,10	151,97	179	149
7776	24,27	25,31	16,20	24,16	234	149
7777	25,29	762,700	19,24	1247,966	237	149
7778	26,33	762,700	27,20	1247,966	152	149
7779	851,664	0,0	1161,835	1,0	160	149
7780	64,51	39,28	14,9	14,12	152	149
7781	489,389	300,228	283,237	381,292	324	149
7782	350,272	300,228	237,198	381,292	351	149
7783	35,29	174,146	30,28	76,67	176	149
7791	185,195	1,0	276,187	0,0	543	149
7792	450,476	1,0	468,331	0,0	1208	149
7793	270,285	2,2	195,146	0,0	814	149
7800	3,3	6,17	4,5	19,10	168	149
7802	8,2	0,0	9,6	2,0	187	149
7803	14,4	2,0	13,6	0,0	187	149
7804	18,12	0,0	14,6	4,0	187	149
7805	15,9	19,6	1,7	13,20	193	149
7808	10,10	0,1	4,3	0,0	411	149
7809	14,14	0,1	6,3	0,0	465	149
7810	4,4	0,0	3,0	1,0	203	149
7820	34,54	15,25	37,36	24,23	152	149
7821	64,67	9,5	96,60	5,3	161	149
7829	0,0	1,2	2,1	0,0	172	149
7830	3,2	202,245	21,15	412,270	219	149
7831	4,4	202,245	19,14	412,270	196	149
7832	10,6	16,15	3,1	9,8	172	149
7833	5,9	1,1	10,9	1,0	157	149
7834	98,115	2,0	143,104	0,2	984	149
7839	5,12	11,11	10,7	3,5	165	149
7840	9,19	1,1	56,37	0,1	174	149
7841	55,43	1,1	187,111	0,1	182	149
7842	47,29	1,5	137,74	6,0	157	149
7843	1,1	0,4	0,1	0,0	154	149
7844	1,1	26,26	2,0	52,43	154	149
7849	25,34	124,78	34,43	67,42	209	149
7850	479,392	1,0	564,444	0,0	182	149
7851	1421,1212	45,28	1902,1473	31,36	179	149
7852	1443,1229	20,7	1911,1484	24,22	182	149
7853	67,45	20,7	40,47	24,22	152	149
7854	51,45	1148,931	54,24	1338,843	233	149
7855	9,9	0,4	8,7	0,0	152	149
7856	153,138	304,205	45,21	97,43	152	149
7857	1184,997	0,5	2208,1730	2,0	355	149
7858	62,48	1685,1675	44,59	1837,1686	180	149
7859	200,208	5,4	310,269	9,0	185	149
7862	94,85	1,0	151,115	1,0	154	149
7863	5,8	0,3	0,1	0,0	250	149
7864	152,191	1,3	155,114	5,1	226	149
7865	50,62	4,5	68,64	2,0	256	149
7866	130,159	4,5	189,154	2,0	264	149
7867	80,99	0,2	121,90	0,0	157	149
7868	7,1	0,0	2,1	2,0	154	149
7874	6,0	0,1	5,2	0,0	210	149
7876	2,3	2,0	3,0	0,0	1443	149
7880	7,0	4,8	8,1	8,6	182	149
7881	12,3	4,8	7,5	8,6	210	149
7882	14,1	4,8	8,4	8,6	234	149
7883	9,3	4,0	3,4	4,0	177	149
7884	11,1	4,0	4,3	4,0	201	149
7885	4,0	2,2	2,2	1,3	173	149
7892	170,176	1,0	394,271	1,0	191	149
7899	115,101	0,0	182,135	0,4	154	149
7901	375,340	0,0	779,486	1,0	264	149
7902	1,0	3,2	0,0	0,2	153	149
7903	581,489	382,304	2043,1506	1386,1017	180	149
7907	15,24	0,0	51,42	1,0	180	149
7908	96,89	4,5	205,179	4,5	180	149
7909	42,33	111,100	64,45	256,174	161	149
7910	88,108	47,16	219,186	91,71	152	149
7911	18,30	173,109	26,19	163,124	165	149
7912	6,6	7,2	9,9	4,2	165	149
7913	2,0	7,3	0,0	0,1	152	149
7917	1,2	11,3	0,0	3,3	238	149
7923	1,4	0,0	8,4	0,1	295	149
7925	3,8	0,1	7,10	2,1	413	149
7927	54,64	2,2	126,77	2,1	189	149
7934	1,2	89,75	4,0	66,52	169	149
7935	6,7	9,5	6,6	16,16	155	149
7938	4,1	0,0	7,15	1,0	152	149
7939	798,711	13,18	1125,834	20,32	5318	149
7941	1,4	30,27	4,3	60,44	178	149
7942	6,1	0,1	0,3	0,1	152	149
7943	4,3	4,0	10,5	0,0	152	149
7947	105,74	2,0	51,44	3,0	283	149
7948	2,3	86,97	5,1	153,90	2122	149
7949	105,115	0,2	200,195	0,0	156	149
7952	2,0	113,109	0,2	246,206	177	149
7954	0,1	145,107	0,2	127,55	245	149
7955	100,89	94,98	195,133	168,168	194	149
7956	29,34	0,2	38,48	0,2	288	149
7966	5,4	55,71	3,2	141,111	167	149
7967	6,3	70,90	1,6	167,124	162	149
7970	6,1	14,35	3,9	32,21	169	149
7971	8,3	36,44	7,8	40,18	1196	149
7976	74,55	9,11	70,42	6,2	448	149
7977	43,64	0,0	54,30	3,0	182	149
7978	43,64	5,11	56,31	9,3	185	149
7979	0,0	5,11	5,1	9,3	152	149
7980	101,137	0,2	289,193	1,3	171	149
7981	31,11	0,0	33,30	1,0	153	149
7982	3,3	187,228	7,0	526,390	185	149
7983	5,2	187,198	5,5	331,234	177	149
7984	11,14	275,213	13,4	489,325	426	149
7985	6,2	238,191	4,2	529,362	199	149
7986	10,20	231,183	11,9	265,180	243	149
7987	7,18	183,162	27,14	254,111	499	149
7990	1,0	53,52	4,3	40,45	152	149
7991	1804,1871	0,2	3099,2216	1,0	293	149
7992	30,20	967,966	31,17	1482,1128	176	149
7993	4,0	2,5	0,2	0,1	1541	149
8008	28,30	1,7	20,18	0,0	381	149
8009	127,115	91,65	263,162	134,118	224	149
8010	140,125	17,26	277,167	49,27	227	149
8011	104,75	17,26	148,123	49,27	152	149
8013	198,164	1,1	298,177	2,2	2136	149
8014	510,505	9,0	581,425	0,0	187	149
8017	4,0	31,41	2,0	46,57	412	149
8018	4,0	2,1	5,0	10,1	176	149
8019	1,0	8,3	0,0	10,5	209	149
8020	16,6	10,10	34,19	12,9	152	149
8021	2,1	17,22	6,9	37,12	152	149
8023	0,0	0,1	1,0	0,0	152	149
8025	8,1	0,1	0,1	0,1	284	149
8027	92,107	1,0	177,148	0,0	234	149
8028	24,36	177,168	42,28	410,327	184	149
8031	892,859	26,45	1584,1253	24,32	154	149
8032	1077,1099	13,5	2185,1704	5,0	160	149
8033	1112,1124	0,0	2233,1771	2,0	170	149
8034	48,30	0,0	53,67	2,0	159	149
8047	2,0	4,0	0,0	2,4	320	149
8048	2,0	1,0	0,0	2,1	320	149
8053	0,0	3,6	1,0	1,1	171	149
8057	102,94	10,12	168,108	23,11	152	149
8058	10,9	7,2	21,17	10,2	197	149
8059	10,9	38,39	22,18	60,38	197	149
8060	11,12	88,92	23,21	135,95	197	149
8062	1782,1719	5,9	3894,2718	3,0	1198	149
8063	1794,1775	1,2	3969,2726	0,0	773	149
8065	250,192	42,38	216,131	26,11	196	149
8067	108,135	3,2	384,291	1,0	191	149
8070	7,4	1,0	16,3	4,1	152	149
8071	9,9	4,2	9,3	9,9	152	149
8076	37,39	0,0	79,76	0,1	195	149
8077	130,117	12,5	328,225	5,14	187	149
8078	58,64	7,5	68,41	4,2	256	149
8079	103,112	7,5	107,64	4,2	259	149
8080	51,57	6,9	50,31	11,8	152	149
8086	17,12	0,0	16,10	2,2	151	149
8092	10,8	1,0	10,7	0,0	153	149
8093	6,4	2,5	5,12	4,2	154	149
8094	5,4	1,0	5,4	0,0	175	149
8107	4,3	1,0	3,4	0,0	171	149
8116	5,4	0,0	4,4	0,1	175	149
8117	4,3	0,0	3,4	0,1	171	149
8122	5,4	0,2	6,0	1,0	153	149
8126	7,1	17,2	4,2	19,3	219	149
8127	2,0	17,2	1,0	19,3	199	149
8132	1,0	0,0	0,0	2,0	169	149
8133	3,0	0,1	1,0	1,2	219	149
8134	2,0	0,1	3,0	1,2	199	149
8135	9,10	1,0	8,7	7,5	308	149
8136	9,11	3,0	8,7	0,0	314	149
8137	1,1	3,0	7,5	0,0	155	149
8140	7,11	1,0	9,6	0,0	314	149
8143	6,10	1,0	6,5	0,0	296	149
8148	6,10	0,0	7,7	1,0	308	149
8153	201,164	6,8	364,270	9,9	230	149
8155	5,2	1,0	7,3	2,1	154	149
8156	0,0	11,6	1,3	24,7	152	149
8157	1,0	4,0	19,4	1,2	152	149
8160	5,4	11,2	7,2	1,0	152	149
8172	231,251	0,4	429,301	0,0	189	149
8174	637,433	6,3	899,565	5,1	259	149
8175	1315,919	1,2	1636,1077	0,0	259	149
8176	17,12	1,0	20,16	0,0	250	149
8177	3213,2684	1,1	6200,4770	2,0	1841	149
8178	228,269	2,1	237,179	0,0	318	149
8179	142,145	1,0	199,160	0,0	201	149
8180	4,4	130,122	7,2	390,292	292	149
8181	1,2	117,101	2,9	227,212	164	149
8185	495,476	0,0	822,550	8,4	745	149
8186	26,21	278,272	53,34	532,405	251	149
8187	16,14	208,181	25,21	348,249	198	149
8189	2,10	47,43	7,5	78,60	374	149
8190	677,662	0,2	1845,1298	0,0	647	149
8191	906,857	1,0	1045,837	1,0	1196	149
8192	7,6	136,174	4,3	190,137	168	149
8193	27,7	2,0	7,4	1,0	154	149
8198	7,3	2,5	0,2	2,6	295	149
8199	8,5	2,5	0,4	2,6	301	149
8210	0,6	5,9	0,0	5,4	152	149
8211	45,52	2,0	70,46	2,1	397	149
8213	274,263	0,0	617,444	1,0	219	149
8219	74,115	0,1	177,107	0,0	153	149
8222	4,2	209,185	0,2	342,232	182	149
8224	2,4	0,0	4,0	0,1	171	149
8233	1,1	0,0	4,0	1,0	171	149
8234	160,132	0,0	247,109	1,0	1452	149
8237	1,1	34,32	0,0	92,50	171	149
8240	35,31	102,61	13,19	85,73	223	149
8241	6,19	127,106	29,18	288,174	170	149
8242	138,143	1,0	306,218	0,1	153	149
8243	10,7	1,0	30,25	0,1	193	149
8244	2,1	130,137	0,0	276,193	189	149
8255	3,1	6,6	2,3	1,0	153	149
8257	23,6	7,3	5,12	2,5	197	149
8258	3,13	25,17	9,9	37,14	230	149
8259	2,1	0,0	2,1	2,0	171	149
8260	2,1	1,0	4,1	2,0	171	149
8261	2,12	4,17	2,3	14,10	171	149
8264	2538,2343	4,7	3827,2881	0,0	506	149
8265	147,160	0,2	245,174	0,2	192	149
8266	495,488	1,2	879,682	8,1	192	149
8267	38,16	23,17	54,37	32,20	152	149
8268	1795,1593	2,0	2418,1796	0,0	884	149
8269	49,30	2,0	22,26	0,0	894	149
8270	8,8	0,0	5,7	2,2	152	149
8271	47,60	111,117	110,71	216,145	152	149
8272	14,12	5,3	21,14	10,1	152	149
8274	601,598	42,58	1225,859	102,95	152	149
8275	2,0	2,0	0,2	0,0	152	149
8276	81,49	0,0	83,71	1,0	168	149
8288	97,90	7,3	173,146	16,12	168	149
8289	156,173	5,6	279,180	0,9	228	149
8294	301,242	6,0	514,368	6,2	153	149
8297	7,2	463,461	3,4	833,630	182	149
8298	548,516	2,0	918,714	0,0	1089	149
8304	7,9	20,21	14,3	39,23	152	149
8305	1,2	20,21	0,0	39,23	171	149
8306	1,2	20,21	0,0	39,23	278	149
8307	1,0	7,7	0,0	14,3	168	149
8308	1,0	7,7	0,0	14,3	275	149
8311	10,8	1,0	13,7	0,0	309	149
8312	4,6	22,29	7,3	86,47	153	149
8313	1,1	22,29	1,1	86,47	170	149
8314	0,0	3,5	1,1	7,3	166	149
8315	9,12	56,49	11,13	119,61	186	149
8321	403,276	9,9	342,270	2,0	755	149
8322	8,4	418,344	3,0	274,249	181	149
8323	900,663	1,1	693,465	0,0	660	149
8324	481,480	10,17	793,620	8,8	189	149
8325	304,248	2,0	543,328	0,2	198	149
8329	35,26	2,0	44,53	0,1	152	149
8330	18,21	0,0	70,39	2,0	152	149
8331	2,2	0,2	2,2	2,0	1394	149
8333	105,92	2,0	59,56	0,0	7084	149
8343	90,135	0,0	160,138	2,0	157	149
8344	4,1	77,93	7,1	177,100	170	149
8347	2,7	24,14	0,2	32,26	645	149
8348	13,10	425,401	16,11	801,490	174	149
8349	1,1	9,26	0,2	11,16	181	149
8350	32,14	1,0	43,26	0,0	171	149
8351	112,109	6,1	218,178	0,0	199	149
8352	27,15	318,263	11,11	203,177	227	149
8353	72,73	0,0	121,96	0,4	435	149
8354	9,7	27,23	10,11	84,47	200	149
8355	0,0	83,68	1,1	105,44	164	149
8358	5,20	44,51	11,9	50,53	152	149
8359	75,69	2,0	83,66	2,0	197	149
8366	9,11	0,0	4,2	2,2	499	149
8372	3,1	60,70	4,1	54,38	177	149
8377	6,17	0,0	15,9	2,0	278	149
8378	8,20	1,1	20,10	1,9	307	149
8380	15,24	0,0	42,30	1,0	434	149
8382	4,6	0,0	6,4	2,0	228	149
8383	6,9	1,1	11,5	1,9	257	149
8385	13,13	0,0	33,25	1,0	384	149
8387	2,3	1,1	7,1	1,9	178	149
8389	9,7	0,0	29,21	1,0	305	149
8392	8,5	0,0	23,29	1,0	276	149
8394	7,3	0,0	20,20	1,0	269	149
8397	0,0	1,0	2,4	4,3	153	149
8403	15,8	151,111	7,7	167,93	220	149
8405	21,12	136,70	8,3	76,45	352	149
8406	22,10	136,70	8,3	76,45	328	149
8407	350,340	4,3	626,499	1,0	502	149
8408	454,321	6,5	513,296	2,1	269	149
8409	402,306	16,5	1045,774	16,18	186	149
8410	12,5	0,1	8,15	0,0	225	149
8413	13,6	1,0	10,7	1,1	170	149
8414	83,51	1,0	36,24	1,1	175	149
8415	72,45	2,0	27,17	1,0	154	149
8416	45,38	6,5	70,59	6,4	160	149
8417	13,18	3,4	28,14	0,4	252	149
8418	62,65	3,7	116,95	10,5	154	149
8419	28,20	0,2	10,4	0,1	183	149
8421	5,4	430,450	3,6	820,605	219	149
8424	148,121	0,0	147,85	1,1	152	149
8429	40,77	91,59	90,75	193,105	185	149
8430	70,67	105,110	202,138	300,200	170	149
8432	0,1	41,20	1,1	60,25	168	149
8433	0,1	7,0	0,0	2,0	254	149
8436	0,1	5,1	0,0	1,0	170	149
8437	339,406	3,0	571,398	0,2	181	149
8438	216,208	0,0	451,341	0,2	180	149
8439	64,56	0,0	131,102	0,2	223	149
8440	5,1	157,153	8,6	328,245	192	149
8441	6,2	21,24	8,6	27,25	192	149
8442	227,233	2,1	303,230	3,1	154	149
8444	16,12	2,0	10,11	0,0	154	149
8445	36,49	2,0	87,27	0,0	915	149
8446	1,1	8,1	1,0	3,3	164	149
8447	7,4	4,4	5,8	3,1	152	149
8448	1021,964	0,0	2098,1743	5,3	3034	149
8450	169,119	5,0	292,159	0,0	266	149
8454	21,15	0,0	41,8	1,1	221	149
8455	0,9	0,0	9,5	6,0	153	149
8456	17,14	21,10	29,14	35,17	242	149
8466	1430,1508	4,11	3297,2356	6,9	2393	149
8468	64,48	21,18	35,22	25,12	155	149
8469	61,57	33,30	158,92	50,29	194	149
8470	2,2	222,147	3,2	278,212	196	149
8471	573,501	0,0	596,411	1,0	1006	149
8472	591,526	1,0	620,429	0,0	1065	149
8473	18,25	1,0	25,18	0,0	208	149
8474	694,595	0,1	678,465	2,0	1065	149
8475	3,17	4,4	3,4	1,0	152	149
8476	2,10	0,2	6,3	1,0	152	149
8477	2,15	7,6	10,4	10,5	152	149
8478	0,4	1,0	0,1	4,0	343	149
8480	2335,2094	3,0	2801,2110	0,0	2675	149
8481	4,10	58,60	6,6	151,116	254	149
8487	280,295	2,1	443,315	0,0	183	149
8488	243,267	19,26	427,312	25,15	258	149
8489	70,101	108,85	92,58	122,69	152	149
8490	7,2	37,17	9,3	41,52	152	149
8491	901,772	5,3	1142,865	0,0	238	149
8492	607,533	98,69	636,469	8,10	529	149
8498	0,1	0,0	0,0	1,0	185	149
8507	154,126	3,7	145,66	8,3	179	149
8509	7,3	1,0	2,2	0,0	637	149
8512	0,2	0,1	12,3	7,0	192	149
8518	91,70	327,253	52,27	336,233	351	149
8519	101,72	3,0	56,29	1,2	402	149
8520	337,255	3,0	340,235	1,2	200	149
8521	1,0	128,115	2,0	312,230	258	149
8522	3,0	1,0	1,5	1,0	152	149
8525	14,13	0,2	37,24	1,4	296	149
8526	21,22	10,16	57,36	26,15	296	149
8527	22,22	3,2	57,37	9,2	300	149
8528	11,16	3,2	26,16	9,2	153	149
8529	9,6	11,8	8,4	3,2	198	149
8533	179,160	0,0	309,276	1,0	327	149
8536	54,30	2,1	36,41	0,0	188	149
8537	7,6	2,0	10,9	0,2	260	149
8539	106,87	6,11	152,107	3,4	153	149
8540	60,41	2,0	88,31	0,0	210	149
8541	57,45	0,2	69,50	0,0	153	149
8542	106,89	1,0	248,168	0,2	151	149
8546	110,117	0,2	116,108	0,0	156	149
8549	443,495	1,5	830,551	0,2	153	149
8550	76,90	3,7	117,66	4,2	169	149
8551	576,592	3,7	982,662	4,2	211	149
8552	539,527	39,25	893,620	28,24	191	149
8553	400,325	0,4	580,386	2,2	358	149
8554	546,488	20,12	1406,951	21,13	154	149
8555	609,612	2,2	1515,1052	6,4	183	149
8556	1,0	28,5	0,0	1,1	169	149
8557	24,20	1,0	15,13	0,0	181	149
8558	15,13	1,0	18,15	0,0	205	149
8559	11,9	20,16	8,3	5,1	173	149
8560	4,4	5,10	9,3	4,1	161	149
8561	1,3	50,54	0,1	84,67	180	149
8562	1,5	108,116	3,3	155,86	183	149
8563	50,56	108,116	87,69	155,86	152	149
8564	13,20	122,141	34,25	341,204	237	149
8565	31,24	772,900	3,3	312,277	605	149
8566	14,15	16,9	0,3	1,0	195	149
8567	933,1070	0,1	306,235	0,0	1104	149
8568	19,22	596,597	4,3	185,104	254	149
8569	5,7	1021,1054	6,0	280,226	167	149
8570	714,709	2,1	269,144	3,0	155	149
8572	1074,1147	0,1	349,272	0,0	210	149
8574	21,5	1,0	15,22	0,0	153	149
8575	3,6	0,3	10,2	0,4	152	149
8576	819,727	1,0	1420,885	0,3	4940	149
8579	1,0	9,11	3,0	38,29	197	149
8584	0,2	3,0	0,0	0,2	154	149
8588	2,1	0,2	1,1	0,0	295	149
8596	1,4	0,0	0,0	1,0	179	149
8597	0,0	0,1	5,1	0,0	170	149
8602	33,31	2,0	123,70	1,1	244	149
8605	4544,4111	21,1	7142,6215	20,19	152	149
8607	694,749	0,3	1229,764	2,2	179	149
8608	6,13	36,64	10,7	44,28	152	149
8609	32,25	3,1	64,38	11,0	187	149
8610	172,161	3,1	347,228	11,0	227	149
8611	142,136	2,0	283,193	0,3	189	149
8612	158,134	17,19	242,163	29,20	198	149
8613	43,40	10,8	84,46	9,11	198	149
8614	35,38	5,5	80,44	5,5	198	149
8615	112,109	5,5	182,110	5,5	572	149
8616	78,74	1,3	105,66	3,0	523	149
8617	85,76	1,0	124,69	0,0	176	149
8618	136,107	4,0	136,92	4,1	1928	149
8624	2,0	44,34	5,3	46,34	194	149
8625	2,0	44,34	9,3	46,34	219	149
8626	3,1	44,34	10,5	46,34	267	149
8627	5,8	44,34	14,9	46,34	375	149
8647	92,93	0,0	164,106	0,1	152	149
8650	207,270	36,30	481,295	41,46	284	149
8651	92,58	17,25	108,72	33,19	152	149
8652	22,18	3,0	34,35	1,3	324	149
8653	16,14	0,0	22,34	2,2	154	149
8654	5,0	0,0	1,1	1,0	154	149
8655	5,0	0,0	2,1	0,1	154	149
8656	633,500	14,10	771,509	22,19	164	149
8657	67,43	14,7	62,30	9,3	164	149
8658	19,12	1,0	9,7	1,1	203	149
8659	586,518	10,10	960,880	26,20	152	149
8660	178,87	3,5	27,7	2,0	151	149
8661	5,0	3,5	0,0	2,0	176	149
8662	2,0	175,87	0,0	27,7	174	149
8664	17,3	1,3	5,6	7,5	241	149
8665	4,1	1,3	2,4	7,5	238	149
8666	34,10	2,0	37,17	0,0	342	149
8671	30954,29326	31,15	56864,41614	31,35	156	149
8672	108,93	2,3	106,69	3,1	211	149
8673	1,1	0,0	2,3	5,2	172	149
8674	10,11	205,182	19,12	402,296	164	149
8675	2,3	3,2	2,2	0,0	164	149
8676	0,1	0,1	0,0	6,0	179	149
8677	0,0	0,1	1,0	6,0	224	149
8678	0,0	0,1	1,0	0,0	194	149
8679	0,1	1,7	0,0	0,2	175	149
8680	0,1	1,7	1,2	0,2	193	149
8682	0,0	1,2	2,0	4,3	154	149
8683	0,0	2,1	1,0	3,1	154	149
8684	72,79	29,39	150,92	53,18	152	149
8685	66,65	12,4	119,65	17,19	152	149
8686	17,11	162,149	22,12	304,202	185	149
8687	213,200	6,3	279,252	1,0	435	149
8688	9,3	199,183	3,7	270,237	209	149
8691	79,88	2,0	102,70	1,1	183	149
8698	3,3	14,8	5,0	9,4	180	149
8704	2,11	86,118	3,7	252,161	205	149
8707	34,27	0,3	23,18	0,0	289	149
8708	34,24	5,1	23,18	0,0	289	149
8710	976,966	0,0	1602,1297	1,0	2621	149
8712	515,558	13,10	869,689	12,7	198	149
8713	1,0	22,22	1,3	32,21	156	149
8714	33,47	2,2	44,37	0,0	194	149
8715	278,273	1,0	566,391	2,0	2484	149
8716	3,2	130,101	4,6	160,92	253	149
8727	38,48	57,52	84,59	97,93	152	149
8728	7,3	0,0	9,3	1,2	163	149
8729	154,146	2,2	340,208	1,2	339	149
8730	3,4	118,91	0,0	205,147	184	149
8733	2,0	6,2	0,0	1,1	152	149
8734	30,28	25,17	42,36	31,29	159	149
8735	18,32	106,93	26,12	143,124	209	149
8736	123,131	3,1	215,120	6,0	154	149
8737	68,73	99,96	81,53	115,69	268	149
8738	7,16	43,58	10,11	94,63	165	149
8739	40,39	0,1	126,85	0,0	152	149
8740	426,387	7,4	543,333	1,3	185	149
8741	1567,1152	3,0	1515,860	0,0	191	149
8742	59,32	5791,4181	33,27	8862,6957	201	149
8743	80,57	1200,841	58,27	2526,1381	243	149
8744	1,0	2,1	2,0	0,1	215	149
8747	3,7	146,69	2,1	89,41	209	149
8748	9,9	0,0	6,2	2,0	162	149
8749	4,0	96,124	1,2	108,104	151	149
8750	1,3	43,22	0,0	47,34	175	149
8751	20,1	0,2	17,14	4,0	152	149
8755	1,5	77,80	4,6	148,96	217	149
8756	136,148	0,0	185,176	1,0	193	149
8758	49,52	1,0	62,40	0,0	1232	149
8759	5,4	297,256	5,8	469,316	185	149
8761	938,929	0,2	1639,1158	0,0	3067	149
8762	41,22	0,0	39,33	0,2	3067	149
8765	9,7	539,702	7,5	919,669	215	149
8766	996,1094	9,11	1657,1254	22,9	158	149
8769	8,9	4,3	8,11	1,5	152	149
8770	0,2	0,0	0,3	0,1	152	149
8773	83,61	0,0	111,87	0,2	218	149
8779	91,72	7864,6727	85,97	15369,11501	203	149
8782	0,2	0,1	0,1	0,0	161	149
8786	96,134	0,2	249,136	0,0	457	149
8793	4,4	158,156	1,1	192,89	166	149
8794	305,273	3,2	290,174	1,0	1692	149
8795	57,46	1,0	40,42	0,0	853	149
8796	251,258	7,1	345,274	1,4	666	149
8797	399,366	0,0	540,411	2,0	763	149
8798	155,109	0,0	196,141	2,0	246	149
8800	367,365	0,0	509,389	2,2	246	149
8801	44,22	218,215	25,21	377,262	288	149
8802	2,16	183,82	1,12	130,85	454	149
8803	15,23	3,1	6,17	1,0	459	149
8804	196,89	3,1	135,90	1,0	154	149
8805	8,11	210,148	5,1	195,66	216	149
8806	322,220	3,1	238,104	2,2	371	149
8807	524,357	3,1	428,169	2,2	304	149
8808	16,21	30,10	25,13	16,20	178	149
8809	18,28	6,0	37,23	0,2	184	149
8811	32,17	6,0	28,30	0,2	155	149
8816	146,108	84,83	147,118	61,62	216	149
8817	7,5	0,1	3,1	0,0	152	149
8818	63,52	5,3	70,39	8,11	152	149
8826	3,0	0,0	0,1	2,0	160	149
8827	0,4	0,0	0,5	2,0	200	149
8828	0,4	3,0	0,4	0,0	189	149
8829	17,4	7,30	12,13	22,21	257	149
8831	0,4	65,46	0,2	114,84	175	149
8832	58,49	0,0	83,57	2,0	250	149
8833	46,47	2,7	63,46	6,3	376	149
8834	59,66	2,0	90,54	0,1	468	149
8835	15,26	2,0	33,11	0,1	241	149
8836	45,45	3,0	59,45	5,1	364	149
8837	4,2	2,7	9,2	6,3	161	149
8838	17,21	2,0	36,10	0,1	253	149
8839	73,76	47,40	106,66	64,59	612	149
8840	26,16	2,1	28,19	1,4	152	149
8842	327,265	0,0	321,202	1,0	3050	149
8843	42,32	2,2	30,25	4,0	416	149
8844	14,3	117,91	2,0	154,118	166	149
8845	41,31	68,40	21,28	67,45	152	149
8846	105,84	1,1	110,70	0,0	388	149
8848	16,11	0,1	5,17	0,2	1030	149
8865	0,4	2,0	0,0	1,1	153	149
8868	76,87	31,24	96,95	58,39	152	149
8869	9,15	1,0	6,10	0,0	152	149
8873	0,0	1,1	1,0	0,0	185	149
8875	28,49	0,1	89,66	0,1	230	149
8878	18,5	1,0	17,15	0,0	169	149
8879	4,3	3,3	1,0	0,0	154	149
8880	13,13	91,103	5,6	178,132	709	149
8881	9,2	88,70	5,3	148,102	163	149
8882	6,0	1,0	10,4	2,0	152	149
8886	9,5	0,1	2,8	0,1	199	149
8888	0,0	14,12	2,0	10,7	844	149
8891	0,0	0,6	2,2	9,5	233	149
8893	5,4	129,110	2,2	196,136	223	149
8898	1,1	110,153	5,7	282,255	167	149
8902	72,63	17,11	36,13	3,7	534	149
8903	49,36	2,2	17,8	0,0	318	149
8905	0,2	4,0	0,0	4,4	186	149
8906	0,0	5,5	0,1	5,1	209	149
8907	1,4	2,2	5,1	9,0	152	149
8909	30,33	3,0	44,35	1,0	452	149
8910	7,7	3,0	10,4	1,0	311	149
8913	3,2	14,14	2,6	16,15	292	149
8914	1,3	2,4	2,5	2,1	292	149
8919	5,3	126,140	5,3	305,226	182	149
8920	49,58	8,7	147,96	53,28	152	149
8921	4,1	2,0	16,8	0,0	171	149
8922	4,11	78,84	3,3	193,141	175	149
8925	37,24	85,50	70,30	104,82	315	149
8926	47,32	0,1	19,15	2,0	153	149
8932	41,42	6,1	128,95	0,0	269	149
8933	91,88	137,108	190,126	216,119	269	149
8934	1745,1744	3,2	1929,1575	6,6	272	149
8936	12,8	138,171	8,6	279,237	274	149
8937	636,634	2,2	1123,770	1,2	735	149
8938	9,10	0,0	55,29	1,1	299	149
8946	2,1	3,0	4,1	1,5	152	149
8954	2,1	4,4	0,1	5,3	177	149
8956	16,5	65,56	22,19	162,102	152	149
8957	0,4	0,7	0,10	3,0	152	149
8958	51,39	0,2	76,46	1,0	158	149
8959	192,182	0,3	273,200	3,1	186	149
8960	221,173	4,4	251,208	0,2	478	149
8974	7,8	1,2	10,5	0,0	157	149
8980	90,73	0,2	129,84	0,0	543	149
8981	2,1	13,18	2,2	22,13	171	149
8983	43,46	1,1	58,37	4,2	326	149
8984	0,0	8,16	2,0	8,16	245	149
8985	4,7	265,236	10,3	308,184	180	149
8986	2584,2370	3,3	6140,4512	6,7	193	149
8987	2374,2010	7,9	4413,3705	16,8	182	149
8990	109,119	2,0	239,156	0,2	199	149
8991	96,69	10,6	188,128	11,7	169	149
9003	81,91	2,0	79,64	0,0	430	149
9006	112,157	0,0	272,190	2,2	153	149
9008	11,26	2,0	12,3	0,0	209	149
9009	42,83	32,47	31,6	6,1	209	149
9010	211,162	4,2	79,48	0,1	155	149
9011	361,315	6,5	378,319	8,13	152	149
9027	135,122	6,7	219,145	6,6	1056	149
9029	50,50	6,7	53,34	6,6	985	149
9030	2,7	0,0	3,4	1,1	152	149
9031	94,55	9,10	104,66	5,6	727	149
9041	149,102	0,0	230,156	0,1	292	149
9042	2,0	0,0	0,0	1,0	216	149
9043	8,4	168,142	5,6	382,327	324	149
9044	90,79	3,3	168,105	8,4	406	149
9045	6,4	168,142	6,6	382,327	257	149
9046	88,79	3,3	169,105	8,4	339	149
9047	250,217	3,3	545,426	8,4	231	149
9053	8,2	22,31	1,0	6,17	152	149
9054	62,57	1,4	25,16	0,0	282	149
9055	12,5	3,0	4,12	0,0	282	149
9056	59,51	265,166	37,23	405,306	333	149
9057	150,116	0,0	202,165	6,4	211	149
9058	315,234	0,0	567,434	6,4	215	149
9059	166,118	1,0	365,269	0,0	153	149
9060	401,374	25,21	722,576	25,12	240	149
9061	16,21	226,242	19,10	344,256	302	149
9063	138,142	0,1	335,274	1,0	644	149
9064	138,142	4,0	335,274	0,0	644	149
9067	238,170	17,9	110,60	9,3	252	149
9068	217,110	5,5	140,83	6,2	181	149
9078	44,81	46,67	100,69	99,57	152	149
9093	2483,1866	84,52	5246,4200	189,142	152	149
9094	49,55	0,2	64,54	0,2	152	149
9095	201,133	12,5	263,225	21,9	237	149
9100	735,719	6,5	880,625	7,3	235	149
9101	243,196	1,2	234,120	1,0	155	149
9102	678,580	3,2	840,570	3,0	978	149
9106	150,103	1,1	132,67	16,6	627	149
9107	128,86	0,0	121,56	0,1	627	149
9108	42,45	4,4	93,49	0,0	224	149
9113	6,2	31,47	6,2	51,37	197	149
9114	21,8	55,35	1,3	39,30	167	149
9117	100,74	4,6	89,78	3,3	196	149
9118	7,4	327,374	9,6	640,454	340	149
9121	3,1	1,0	0,0	0,1	414	149
9122	161,182	11,20	359,271	32,24	155	149
9124	13,10	8,6	13,5	5,4	152	149
9125	57,86	16,32	120,71	50,37	152	149
9127	12,18	25,14	18,7	31,26	171	149
9128	12,18	68,64	19,7	90,56	171	149
9129	19,24	477,419	26,10	886,661	171	149
9130	14,15	9,2	17,7	6,5	171	149
9132	45,50	1,0	41,28	4,2	498	149
9133	858,615	160,136	845,688	174,114	152	149
9154	22,24	1,0	61,24	0,0	270	149
9155	6,6	189,206	1,0	530,351	282	149
9157	36,37	0,0	138,83	1,0	152	149
9159	33,38	0,2	101,71	11,4	167	149
9160	34,28	0,2	93,38	11,4	219	149
9161	31,22	30,32	78,36	86,69	201	149
9173	3,6	179,161	3,0	73,30	169	149
9174	5,13	303,329	1,1	228,155	164	149
9175	7,0	133,74	2,0	46,15	177	149
9176	5,3	233,213	6,5	221,92	185	149
9178	1,0	288,254	0,0	257,155	224	149
9184	2,4	10,16	4,6	16,3	208	149
9185	89,81	17,19	96,52	29,37	1030	149
9187	24,9	4,0	11,10	0,0	832	149
9188	7,1	62,29	4,5	69,50	232	149
9192	244,194	4,6	404,268	6,8	153	149
9194	702,638	0,1	1157,847	3,2	2027	149
9195	104,105	200,173	102,68	652,381	644	149
9196	30,38	2,0	82,77	0,0	199	149
9197	2,0	0,0	2,2	4,0	152	149
9199	111,80	7,4	149,107	14,3	214	149
9203	23,17	46,55	23,21	144,130	184	149
9210	194,187	1,0	242,161	1,4	509	149
9212	35,28	0,2	49,44	0,0	201	149
9213	34,41	0,0	67,54	0,1	209	149
9214	217,192	20,16	386,313	1,1	245	149
9229	263,348	0,1	509,394	2,1	200	149
9230	0,0	118,147	1,1	290,242	164	149
9231	67,49	5,1	25,32	2,0	817	149
9263	279,353	0,0	763,568	1,2	427	149
9264	3,8	222,226	4,5	498,342	173	149
9265	2,2	224,215	1,1	701,480	171	149
9266	4,0	214,230	1,2	549,383	172	149
9267	236,244	0,1	582,395	0,0	487	149
9268	1,2	1,0	0,4	0,0	153	149
9269	0,2	0,3	1,1	0,0	153	149
9270	2,6	8,1	4,5	2,3	203	149
9271	2,8	259,226	4,6	617,462	207	149
9272	8,3	259,226	2,4	617,462	153	149
9273	0,3	1,2	0,1	5,1	153	149
9274	393,356	3,7	973,743	2,7	210	149
9275	519,500	2,0	793,605	0,0	1694	149
9276	4,6	254,294	9,5	581,440	160	149
9277	405,415	7,6	713,537	3,2	806	149
9278	284,272	3,0	678,483	0,0	178	149
9279	5,1	250,247	3,0	608,431	169	149
9280	0,0	3,3	2,0	3,2	274	149
9281	0,6	0,0	11,6	3,2	152	149
9282	54,38	6,4	104,82	8,16	152	149
9284	0,1	1,1	1,0	0,1	209	149
9289	68,105	9,15	156,118	14,11	180	149
9290	152,154	1,0	261,271	0,0	285	149
9300	7,4	0,0	2,6	0,2	153	149
9307	1,0	19,12	0,0	41,41	171	149
9308	25,28	0,1	50,37	0,1	169	149
9310	17,21	7,2	32,23	10,9	152	149
9311	0,0	1,0	2,0	0,0	173	149
9312	0,1	0,0	0,2	0,2	152	149
9314	38,21	0,1	35,17	0,0	646	149
9316	1,1	50,27	3,1	61,34	173	149
9317	35,40	12,11	60,46	13,8	175	149
9318	0,0	2,0	2,0	3,0	255	149
9319	1,1	59,63	6,3	79,94	191	149
9322	50,57	8,6	110,89	14,11	1096	149
9324	10,23	0,0	18,13	1,0	173	149
9327	253,256	12,14	174,128	3,2	1048	149
9329	91,96	3657,4023	95,95	5855,4776	173	149
9330	4133,3916	2,6	8123,6119	4,3	317	149
9334	0,0	123,114	0,2	213,165	179	149
9335	0,0	71,84	0,1	133,130	165	149
9337	0,0	4,5	4,4	1,0	152	149
9339	10,11	21,23	23,11	20,9	152	149
9340	4,6	42,41	1,2	95,58	246	149
9341	1,0	56,50	1,1	114,67	155	149
9346	7,0	22,14	14,6	31,21	155	149
9347	496,505	2,0	944,724	1,0	151	149
9348	65,42	25,27	77,60	1,0	838	149
9349	1,0	0,0	0,0	2,1	203	149
9353	2,2	11,4	12,0	22,11	4751	149
9355	3,0	0,0	0,0	1,0	222	149
9357	75,94	0,0	151,112	2,0	199	149
9358	241,305	0,0	565,416	2,0	209	149
9359	168,211	2,0	416,305	2,1	159	149
9360	173,194	82,74	149,159	73,35	152	149
9362	4,4	1,0	6,4	0,0	168	149
9363	167,175	2,1	321,254	0,0	199	149
9364	200,249	1,1	353,314	7,5	224	149
9365	397,406	6,3	837,651	1,4	199	149
9366	3,0	62,39	5,6	68,37	182	149
9367	23,10	725,619	29,21	860,599	214	149
9368	82,49	725,619	92,52	860,599	181	149
9369	875,722	1,0	1171,772	0,0	291	149
9370	13,11	961,746	7,3	1358,943	178	149
9371	340,276	2,1	472,342	1,1	213	149
9372	1288,1011	2,1	1823,1282	1,1	184	149
9373	1240,1066	0,3	1846,1471	0,1	285	149
9374	478,458	3,4	849,712	4,2	250	149
9376	244,239	64,93	461,307	189,129	290	149
9377	163,176	7,6	627,436	19,10	152	149
9379	286,308	8,6	588,387	22,10	373	149
9380	8,3	1,0	5,6	0,0	152	149
9381	10,5	170,116	8,8	125,103	174	149
9382	3,2	170,116	3,2	125,103	171	149
9385	1,0	73,38	1,0	147,68	225	149
9386	211,168	0,0	577,370	1,0	1470	149
9387	228,237	17,14	417,299	27,12	188	149
9388	10,6	0,0	9,13	1,0	154	149
9391	13,36	0,5	37,24	6,3	152	149
9392	4,7	0,1	11,2	0,2	310	149
9395	0,0	1,1	1,1	4,0	163	149
9396	35,29	0,2	67,21	1,0	926	149
9397	2501,2811	0,3	4320,3342	2,0	151	149
9398	1357,1150	0,0	1982,1296	3,5	153	149
9405	0,0	1,6	0,1	9,7	154	149
9407	27,38	1,2	25,8	1,0	691	149
9408	5,0	121,85	4,7	108,52	323	149
9409	6,4	50,52	3,4	74,50	152	149
9410	8,8	0,0	10,10	1,1	162	149
9411	52,56	0,0	81,56	1,1	159	149
9412	6,0	32,29	2,4	31,21	152	149
9413	2,4	0,2	2,1	0,0	184	149
9414	68,64	10,9	61,39	29,19	2408	149
9415	1,0	14,15	0,0	6,9	173	149
9416	20,21	2,0	33,29	0,0	153	149
9417	16,18	1,0	26,13	0,0	192	149
9425	166,102	9,0	107,53	3,0	160	149
9427	365,319	0,1	379,290	0,0	1080	149
9428	7,0	358,285	4,2	340,159	193	149
9429	18,4	3,0	6,6	1,0	304	149
9430	2,0	0,1	1,2	0,0	190	149
9433	14,8	0,0	6,4	0,2	240	149
9435	2,0	0,1	1,0	0,0	160	149
9436	13,16	6,5	4,0	0,2	153	149
9447	0,1	0,0	1,0	3,0	164	149
9452	268,323	11,7	408,346	4,5	365	149
9453	6,7	178,206	2,2	239,190	165	149
9454	10,10	2,5	18,6	0,0	903	149
9455	10,12	25,23	18,4	37,30	903	149
9456	19,23	115,121	21,9	134,127	903	149
9457	162,192	0,2	204,216	4,2	209	149
9458	58,75	0,1	88,78	0,0	209	149
9459	3,1	7,5	2,2	4,3	152	149
9460	729,650	2,0	365,304	0,0	753	149
9462	11,7	251,209	1,2	123,93	177	149
9463	21,13	1,0	7,4	0,0	196	149
9464	197,221	2,0	130,106	0,3	179	149
9465	43,51	2,0	26,17	0,3	203	149
9466	9,6	163,176	5,3	109,92	173	149
9467	32,23	7,7	10,8	1,0	196	149
9468	28,17	6,0	6,4	0,1	196	149
9470	184,200	0,2	162,96	0,0	391	149
9471	115,116	24,39	109,73	29,19	161	149
9472	247,213	5,1	116,101	2,0	153	149
9473	2,10	104,69	0,0	87,42	193	149
9474	77,99	0,1	222,154	8,9	173	149
9481	1,0	0,0	0,3	1,0	153	149
9482	21,31	0,2	26,23	2,1	3095	149
9484	1,4	0,0	0,2	1,0	158	149
9485	3,4	0,0	4,5	1,0	631	149
9486	144,109	105,97	122,80	198,179	2494	149
9489	1,2	6,9	1,0	23,16	192	149
9490	0,2	0,0	1,5	0,1	233	149
9499	0,4	32,31	0,1	83,71	663	149
9500	2,0	195,216	5,1	355,200	178	149
9501	7,10	195,216	8,10	355,200	265	149
9506	6,4	5,1	10,8	10,5	217	149
9507	23,47	3,0	53,31	4,3	168	149
9508	422,388	1,0	892,818	0,4	213	149
9509	108,113	1,0	287,246	0,4	240	149
9510	2,7	316,282	14,10	619,582	176	149
9515	271,239	0,2	673,556	1,0	152	149
9518	5,1	160,198	2,2	505,342	208	149
9521	3,5	0,0	3,0	0,1	271	149
9546	45,41	27,38	24,11	24,4	152	149
9565	315,337	0,0	967,655	0,1	501	149
9567	14,9	199,202	5,8	294,201	171	149
9568	259,251	0,1	491,328	0,0	170	149
9578	2,3	3,0	1,0	0,0	200	149
9579	15,9	68,63	21,16	204,124	187	149
9580	72,97	0,3	124,69	0,0	2867	149
9581	100,123	0,2	166,102	1,0	2966	149
9582	28,29	0,2	42,33	1,0	248	149
9583	8,19	4,1	27,9	5,0	479	149
9584	39,46	45,39	53,23	81,47	2535	149
9585	67,72	0,0	95,56	1,0	2634	149
9586	35,28	45,39	31,14	81,47	2205	149
9587	63,54	0,0	73,47	1,0	2304	149
9588	73,65	0,0	123,80	1,0	248	149
9590	79,55	1,0	120,68	1,2	160	149
9594	0,1	2,0	1,1	3,0	181	149
9595	9,3	78,42	2,3	82,41	217	149
9596	9,9	241,157	13,7	319,233	190	149
9599	141,134	0,2	380,272	8,9	179	149
9605	166,97	0,4	106,70	2,0	199	149
9606	129,87	0,1	78,65	0,0	418	149
9607	62,42	0,2	86,45	0,0	199	149
9608	20,25	0,1	17,20	0,0	202	149
9609	62,44	2,0	49,46	2,0	202	149
9611	2,2	242,258	3,2	499,372	203	149
9612	271,290	15,8	760,579	41,26	152	149
9615	33,19	0,0	30,25	2,0	509	149
9630	74,64	12,4	150,99	8,1	231	149
9631	2177,2184	4,1	3949,3044	0,0	627	149
9632	864,753	0,1	1377,1080	0,2	154	149
9633	12,8	420,352	17,6	546,404	192	149
9634	489,404	0,0	605,452	1,0	154	149
9635	87,88	443,471	69,44	884,721	468	149
9636	550,539	14,27	1300,932	33,37	244	149
9637	7,0	14,6	3,5	20,6	300	149
9641	125,84	0,0	179,144	4,0	238	149
9648	519,552	2,1	1100,859	3,3	153	149
9654	0,1	20,17	2,0	19,11	171	149
9658	47,18	6,1	59,49	5,1	152	149
9659	22,35	12,17	27,29	25,10	152	149
9664	151,109	88,92	240,180	186,130	152	149
9671	9,18	10,3	40,19	17,11	152	149
9676	108,89	4,0	96,54	1,0	194	149
9678	114,97	0,4	144,90	3,2	260	149
9679	0,0	0,2	2,3	4,2	171	149
9680	1,3	49,72	2,5	84,56	171	149
9687	0,6	49,55	1,1	79,63	168	149
9689	9,2	0,0	12,11	7,3	153	149
9691	2,3	1,0	4,5	0,0	153	149
9692	10,18	0,0	48,15	1,0	322	149
9695	0,2	0,3	0,0	2,4	152	149
9697	2,3	3,1	1,1	0,1	161	149
9698	10,17	7,9	14,11	10,4	161	149
9701	35,35	505,450	28,14	1272,909	309	149
9711	1,7	2,0	7,2	0,0	167	149
9712	282,241	155,150	180,86	152,75	152	149
9713	721,719	3,5	1239,884	6,3	192	149
9714	970,1058	17,8	1284,953	3,0	578	149
9715	169,180	0,1	145,110	0,0	578	149
9716	829,738	1,3	1038,734	0,0	194	149
9717	319,274	13,12	578,405	22,14	226	149
9718	583,518	10,7	1090,777	13,4	396	149
9719	277,256	10,7	534,386	13,4	319	149
9720	133,119	37,58	235,209	79,90	152	149
9727	6,14	3,0	6,8	3,2	216	149
9728	21,26	3,0	22,20	3,2	270	149
9729	15,12	0,0	17,12	1,0	203	149
9730	16,14	1,0	19,10	1,0	310	149
9731	28,35	1,0	29,27	1,0	327	149
9732	13,21	1,0	10,18	0,1	166	149
9737	4,1	133,162	2,4	242,171	167	149
9738	9,23	99,119	31,16	183,134	170	149
9739	193,201	0,0	436,307	5,5	201	149
9742	57,62	0,0	117,82	1,1	201	149
9743	124,122	2,4	267,196	1,2	201	149
9744	109,131	6,6	205,135	13,7	155	149
9745	100,78	0,0	139,98	1,0	154	149
9746	1,0	0,0	2,0	0,1	164	149
9754	28,18	0,1	29,28	0,0	809	149
9774	5,0	0,0	0,0	1,1	169	149
9775	490,412	5,2	397,284	0,4	255	149
9776	534,388	0,0	385,256	1,1	256	149
9777	115,69	8,10	119,99	5,4	154	149
9778	154,118	0,0	201,144	1,2	258	149
9779	45,37	8,0	97,44	0,1	152	149
9785	19,14	1,0	27,25	1,0	152	149
9786	44,45	0,1	119,57	2,0	303	149
9787	26,24	1,0	65,41	0,0	303	149
9788	1,2	33,28	3,2	57,36	165	149
9789	5,5	0,0	5,9	1,0	155	149
9795	4,0	1,1	1,0	0,0	274	149
9799	73,59	96,91	70,47	193,163	1348	149
9800	2,2	96,91	6,3	193,163	205	149
9802	10,5	132,128	6,6	235,202	172	149
9803	89,66	2,0	198,130	0,0	196	149
9804	65,51	3,1	165,94	5,0	1124	149
9822	46,38	1,0	35,18	0,0	223	149
9823	193,181	2,1	386,258	10,7	278	149
9824	0,0	77,102	1,0	142,81	174	149
9825	0,0	1,0	2,0	0,0	174	149
9826	126,164	17,33	283,208	84,61	272	149
9827	65,76	6,4	157,103	2,2	272	149
9828	24,22	18,9	30,26	6,11	152	149
9829	9,7	18,9	4,9	6,11	167	149
9830	3,1	18,16	0,0	26,17	164	149
9832	2,6	96,136	4,7	83,49	185	149
9833	90,59	20,18	78,36	7,2	183	149
9834	1,0	3,4	1,0	0,0	171	149
9836	2,5	88,86	8,4	143,118	756	149
9837	52,37	4,0	23,10	0,0	153	149
9838	46,30	2,2	22,8	2,2	382	149
9842	128,86	4,0	123,132	0,0	415	149
9843	3,2	51,24	5,3	12,11	169	149
9844	10,14	2,2	34,24	0,0	169	149
9845	42,47	409,407	106,58	840,610	169	149
9846	39,62	0,4	62,41	2,3	220	149
9847	74,130	24,18	185,109	40,26	220	149
9848	75,130	0,1	186,109	0,3	224	149
9849	25,18	0,1	41,26	0,3	153	149
9850	43,55	0,0	41,49	1,0	154	149
9851	124,101	0,4	273,141	1,0	176	149
9852	175,165	2,0	488,383	0,0	432	149
9853	5,1	0,0	2,4	0,5	184	149
9854	7,1	79,66	2,4	88,66	182	149
9855	20,7	79,66	12,9	88,66	184	149
9856	15,6	2,0	10,5	0,0	151	149
9857	42,31	57,60	36,11	75,62	544	149
9860	0,1	77,84	1,0	76,61	191	149
9861	66,50	0,0	43,38	0,1	153	149
9862	24,21	0,0	47,56	0,1	614	149
9863	21,20	63,49	45,54	41,36	610	149
9865	36,11	8,15	24,32	1,1	1662	149
9867	0,2	0,0	1,4	2,0	160	149
9870	698,866	3,3	935,566	0,0	1400	149
9871	738,934	8,4	1019,608	0,0	1400	149
9874	538,540	10,4	470,391	6,0	164	149
9875	38,47	0,3	32,18	1,0	157	149
9876	566,583	0,3	496,409	1,0	172	149
9880	430,400	6,0	407,296	5,8	307	149
9881	96,83	6,0	56,55	5,8	461	149
9882	147,126	410,378	91,93	395,287	303	149
9883	1081,1088	0,0	896,660	1,0	1058	149
9884	1132,1131	0,2	931,698	0,0	900	149
9885	955,944	1,0	809,569	0,0	624	149
9886	20,24	0,0	12,9	1,0	307	149
9887	12,18	364,381	9,10	269,163	165	149
9891	569,636	57,69	464,324	23,17	380	149
9892	123,153	57,69	116,100	23,17	305	149
9893	446,488	0,5	348,225	0,1	224	149
9899	162,209	400,409	184,129	270,181	436	149
9900	862,1035	1,0	798,591	0,0	1110	149
9901	11,16	2,0	8,9	0,0	165	149
9902	125,148	2,0	116,99	0,0	305	149
9903	840,1017	2,0	763,564	0,0	867	149
9904	115,132	1,0	108,90	0,0	289	149
9905	830,1001	1,0	755,555	0,0	851	149
9906	717,869	2,0	647,465	0,0	711	149
9908	479,601	2,0	508,407	0,0	867	149
9910	591,600	36,39	387,328	9,17	536	149
9911	19,14	408,396	14,4	249,199	181	149
9913	526,521	0,3	396,368	0,0	814	149
9914	359,342	0,1	267,245	0,0	427	149
9915	257,215	2,4	150,122	2,1	157	149
9916	46,36	2,4	30,27	2,1	173	149
9917	3,4	214,183	7,9	127,104	165	149
9918	59,46	2,4	34,35	2,1	206	149
9919	16,14	214,183	11,17	127,104	198	149
9920	170,191	32,23	182,129	24,21	428	149
9929	95,118	32,23	97,81	24,21	288	149
9930	194,201	32,23	206,140	24,21	454	149
9931	77,74	2,1	85,48	0,0	289	149
9932	101,84	2,1	109,59	0,0	315	149
9934	12,6	1,0	39,18	0,1	155	149
9938	2,1	3,2	0,0	2,0	251	149
9939	1,0	23,31	0,0	52,36	196	149
9941	0,0	12,13	2,0	5,6	171	149
9943	47,47	0,1	33,24	1,0	402	149
9945	50,53	1,2	45,37	0,0	713	149
9947	14,17	374,405	12,12	572,463	185	149
9950	1,2	116,83	3,2	273,181	212	149
9951	5,0	2,2	3,3	1,2	176	149
9955	10,3	8,5	4,5	5,4	176	149
9958	0,0	20,10	0,1	21,8	177	149
9960	78,108	9,9	147,121	9,12	224	149
9961	6,6	35,35	3,5	24,22	245	149
9965	5,7	2,0	10,2	4,0	294	149
9966	5,4	3,7	11,6	20,18	294	149
9967	4,8	3,7	22,4	20,18	1037	149
9973	16,9	2,0	39,34	0,0	183	149
9974	37,48	0,0	70,61	1,1	183	149
9975	10,4	0,0	26,20	1,1	186	149
9976	2,1	29,45	5,0	49,41	152	149
9977	13,5	0,1	47,22	0,0	183	149
9978	8,4	0,1	25,21	0,0	186	149
9979	0,1	5,2	4,1	26,2	152	149
9980	75,68	1,0	104,96	0,0	152	149
9983	8,6	4,0	3,4	0,0	195	149
9985	383,250	13,17	367,297	27,25	1213	149
9986	6,11	0,0	35,21	1,0	152	149
9987	9,13	0,0	42,22	2,0	152	149
9988	216,188	28,19	348,250	43,22	152	149
9989	20,30	7,0	84,45	13,9	152	149
9994	280,237	1,4	473,371	0,0	381	149
9995	353,277	21,25	623,477	16,12	177	149
9998	159,160	1,1	236,149	0,0	153	149
10001	71,73	11,22	152,128	9,5	187	149
10002	84,76	2,2	109,102	1,1	154	149
10003	0,0	16,11	3,1	25,22	167	149
10004	595,543	36,23	647,539	22,16	929	149
10005	501,453	0,0	553,448	0,3	929	149
10006	4,9	1325,1246	6,6	1604,1320	172	149
10007	1725,1552	78,47	2027,1574	47,27	168	149
10008	103,109	1297,1340	105,81	1949,1450	233	149
10009	480,380	3,0	722,483	0,0	279	149
10010	482,377	10,6	718,484	36,13	279	149
10011	0,2	9,13	0,0	2,3	171	149
10026	3,4	1,2	6,1	2,0	154	149
10029	0,2	0,0	3,2	0,3	853	149
10032	5,2	7,9	6,4	5,6	152	149
10033	100,73	357,391	109,97	519,340	167	149
10034	1,0	12,21	1,4	38,13	184	149
10040	20,15	70,58	31,14	77,42	200	149
10046	402,420	1,0	740,535	1,2	766	149
10049	638,595	0,2	1161,808	4,2	2514	149
10050	257,212	0,0	436,292	1,0	283	149
10051	159,146	0,1	409,300	0,0	1227	149
10053	72,50	3,4	87,66	3,2	154	149
10058	5,9	278,241	20,10	697,487	238	149
10059	483,433	8,5	898,746	5,12	517	149
10060	197,109	1267,1008	133,103	1969,1453	300	149
10065	213,204	1,2	310,241	3,1	159	149
10067	111,108	0,2	160,112	0,0	216	149
10068	161,126	3,0	204,161	0,0	683	149
10070	0,3	0,2	1,0	4,3	152	149
10073	87,64	0,7	105,108	2,5	157	149
10074	30,23	22,24	56,15	27,14	160	149
10075	19,27	6,5	24,10	4,2	175	149
10076	144,110	25,9	105,89	10,8	152	149
10077	1,0	2,0	1,2	0,0	187	149
10078	0,1	2,0	3,5	0,0	258	149
10079	0,1	1,0	2,3	0,0	220	149
10080	3,12	149,123	5,3	213,172	681	149
10081	4,14	149,123	6,5	213,172	684	149
10082	1,5	0,3	1,2	0,0	152	149
10084	2,3	107,96	5,5	142,149	222	149
10086	57,70	1,0	118,66	0,0	698	149
10088	1,6	39,44	3,0	31,23	184	149
10094	22,21	0,3	23,16	0,0	164	149
10095	306,278	9,3	380,243	9,3	164	149
10096	33,49	3,5	59,40	6,3	170	149
10097	8,18	158,167	14,14	237,156	171	149
10098	487,471	49,62	677,439	64,45	412	149
10100	39,28	24,36	55,43	35,28	154	149
10101	2,2	34,41	2,0	66,60	162	149
10103	22,49	0,0	75,50	2,0	296	149
10104	4,1	21,45	10,6	73,44	839	149
10113	422,325	4,0	676,428	3,4	174	149
10114	427,434	1,4	595,482	0,0	1665	149
10116	1,0	0,0	4,2	1,1	153	149
10117	2,1	1,0	2,0	0,0	312	149
10121	18,5	9,12	30,23	6,12	330	149
10122	28,52	5,1	74,65	9,0	180	149
10124	12,13	10,4	16,15	1,1	194	149
10128	6,22	227,215	15,13	390,253	206	149
10129	195,184	13,12	416,300	23,22	152	149
10130	2,0	26,29	1,0	74,43	171	149
10134	17,21	48,52	12,6	56,42	298	149
10135	8,8	48,52	6,2	56,42	213	149
10136	14,19	0,0	22,26	1,0	330	149
10137	43,52	0,2	60,45	3,5	330	149
10139	50,56	8,11	114,60	23,3	271	149
10140	2,1	3,3	1,2	14,11	183	149
10141	2,2	246,190	4,10	475,368	183	149
10142	95,109	246,190	117,89	475,368	1216	149
10143	93,108	0,1	116,87	3,8	1182	149
10144	132,115	0,0	320,232	0,1	214	149
10145	370,295	1,0	605,501	0,0	176	149
10146	88,50	1,0	152,126	0,0	201	149
10147	7,11	289,256	17,22	470,397	174	149
10151	18,4	46,31	21,6	60,43	374	149
10154	1,0	13,10	1,1	6,4	152	149
10156	1,0	0,1	1,1	0,3	152	149
10158	58,69	39,47	83,62	37,34	206	149
10159	0,0	1,0	1,0	0,0	174	149
10160	82,81	1,1	153,87	1,0	155	149
10161	21,21	16,15	26,33	35,15	152	149
10165	11,6	53,66	12,9	91,84	194	149
10166	1041,842	1,0	850,553	0,0	651	149
10167	384,366	0,1	569,458	0,0	805	149
10168	347,374	1,0	607,412	3,1	191	149
10170	19,18	0,0	34,29	2,0	167	149
10171	11,9	150,101	10,11	340,225	165	149
10172	17,11	10,10	29,15	19,18	225	149
10181	179,194	0,0	291,238	0,1	152	149
10182	4587,3901	49,31	10354,6968	115,86	152	149
10184	25,37	0,0	87,72	2,0	153	149
10186	3,0	7,7	1,0	17,10	189	149
10187	5,1	1,3	5,2	3,0	167	149
10190	137,146	0,0	274,230	0,1	386	149
10192	1,0	1,0	2,1	0,0	161	149
10194	93,75	8,4	172,151	8,3	160	149
10195	25,13	8,4	39,35	8,3	172	149
10196	12,5	80,67	19,17	152,133	161	149
10197	138,124	0,0	159,105	1,0	227	149
10198	140,88	9,4	214,171	15,6	232	149
10200	0,0	177,157	0,1	216,165	202	149
10204	198,213	12,4	683,450	8,18	269	149
10205	10,7	2,3	11,13	5,6	152	149
10207	111,78	25,11	119,85	31,27	165	149
10209	29,20	5,1	26,28	1,4	152	149
10210	49,31	4,5	45,46	11,2	152	149
10211	79,43	1,0	19,23	1,2	315	149
10212	59,77	82,79	103,83	145,100	152	149
10213	121,78	0,2	22,25	0,0	631	149
10214	9,4	90,55	5,10	122,103	168	149
10215	2,3	1,0	3,5	0,0	168	149
10216	65,56	4,2	67,42	1,2	186	149
10219	43,57	42,39	58,50	52,64	152	149
10220	45,41	0,0	73,56	1,0	234	149
10221	102,69	0,5	158,91	0,0	234	149
10222	6,4	1393,1323	10,5	2875,2068	170	149
10224	2,1	2,0	3,2	2,3	160	149
10225	18,9	18,8	31,36	14,11	160	149
10229	1,2	57,59	3,0	77,47	166	149
10230	558,514	0,0	1209,900	2,4	210	149
10234	3,6	233,211	4,0	382,279	177	149
10235	128,100	0,2	236,157	4,3	192	149
10236	54,33	0,2	83,68	4,3	225	149
10237	8,4	82,71	11,17	164,106	182	149
10238	53,32	0,2	77,53	0,2	192	149
10239	1,1	78,88	2,3	205,173	188	149
10240	1,1	3,7	2,3	3,1	188	149
10241	132,152	1,2	247,186	0,3	1939	149
10242	32,22	2,2	63,40	2,2	198	149
10243	3,4	0,0	10,6	1,0	152	149
10244	29,22	0,0	73,43	1,0	201	149
10245	26,19	0,1	64,37	1,0	198	149
10246	10,12	4,1	21,20	3,0	152	149
10247	27,20	4,1	69,43	3,0	198	149
10248	116,89	4,1	244,167	3,0	201	149
10249	24,17	7,9	60,37	12,14	195	149
10250	113,86	7,9	235,161	12,14	198	149
10252	3,3	0,0	9,7	1,0	152	149
10253	12,6	117,102	10,5	212,148	324	149
10255	39,54	7,8	109,75	19,14	154	149
10259	1,0	1,2	2,0	1,3	152	149
10260	3,6	3,0	7,2	3,3	174	149
10261	1064,1174	6,4	1746,1274	2,0	353	149
10262	353,314	0,1	513,407	1,4	153	149
10263	17,18	3,2	4,2	4,7	271	149
10264	29,20	0,0	38,38	2,0	200	149
10265	2,2	7,1	6,6	7,16	211	149
10266	36,27	142,98	38,13	176,128	186	149
10267	13,8	0,2	11,13	6,4	433	149
10269	412,460	0,1	867,626	2,2	172	149
10270	324,309	5,7	568,450	16,10	154	149
10277	11,9	0,2	46,11	0,0	3848	149
10278	109,85	123,105	144,78	142,126	161	149
10279	76,75	135,109	124,77	209,127	152	149
10280	0,3	64,45	8,5	188,133	164	149
10281	44,57	0,0	130,101	1,0	152	149
10282	0,3	21,33	0,1	56,35	164	149
10283	134,127	2,0	80,87	0,0	579	149
10284	0,2	3,0	0,1	0,1	152	149
10285	103,66	55,91	185,143	165,120	152	149
10286	128,131	0,2	377,359	0,0	157	149
10287	146,141	2,3	418,316	5,1	170	149
10288	1501,1328	4,2	4410,3166	0,3	212	149
10292	700,681	2,2	1339,1002	3,0	161	149
10293	935,871	2,2	2029,1526	0,0	1018	149
10294	996,1048	5,2	1704,1394	0,0	765	149
10295	1267,1226	26,8	2270,1764	31,38	190	149
10296	4,3	59,27	1,0	45,25	257	149
10297	16,15	72,45	9,10	83,68	152	149
10298	6,3	88,63	16,5	64,78	284	149
10299	1,3	37,45	1,6	34,27	162	149
10300	16,29	37,45	13,7	34,27	229	149
10301	15,26	0,0	12,5	0,4	216	149
10302	48,47	0,0	106,92	2,1	169	149
10303	1675,1526	0,0	2991,2118	2,0	2574	149
10304	9,19	23,19	45,22	71,61	169	149
10309	104,93	2,0	241,163	0,0	184	149
10311	12,2	1,4	13,13	3,2	152	149
10312	209,170	118,97	203,162	145,116	152	149
10314	47,30	0,0	69,58	3,2	153	149
10315	3,2	8,6	2,2	6,4	167	149
10317	102,98	6,17	104,74	13,9	329	149
10318	2,0	5,3	0,0	0,2	230	149
10319	0,0	1,8	0,1	3,1	160	149
10320	0,0	7,12	2,1	12,9	174	149
10321	1,8	7,12	5,1	12,9	163	149
10327	48,46	1,1	70,38	3,6	177	149
10329	1282,1112	3,2	1715,1139	0,0	387	149
10330	130,145	2,3	150,125	0,0	296	149
10341	0,2	5,0	2,4	2,0	155	149
10344	6,1	2,1	0,0	2,0	157	149
10349	157,101	2,0	180,105	0,0	254	149
10350	311,253	0,5	405,266	0,0	254	149
10351	2328,2449	12,9	5602,3772	0,0	292	149
10352	27,19	1591,1498	14,14	2199,1608	168	149
10353	16,11	6,5	13,9	1,1	168	149
10354	25,17	0,0	24,19	1,0	152	149
10355	243,226	181,179	483,344	353,275	152	149
10356	232,186	0,3	518,325	4,1	3869	149
10357	290,220	1,5	671,451	4,1	209	149
10358	0,0	1,2	2,0	5,4	152	149
10361	2,2	1,4	6,0	0,0	640	149
10364	1827,1803	0,0	3811,2702	4,0	150	149
10365	1159,1047	0,1	2077,1278	0,0	218	149
10366	679,608	4,10	1429,1008	2,0	208	149
10367	64,54	0,2	71,52	0,0	181	149
10372	1,0	0,0	0,0	0,1	168	149
10375	0,2	0,0	0,4	0,1	1419	149
10381	94,121	20,8	158,123	17,17	224	149
10382	57,77	3,11	90,62	18,10	152	149
10383	20,19	5,2	21,16	2,3	152	149
10388	145,86	21,25	97,67	4,11	214	149
10389	94,78	3,0	156,144	3,0	189	149
10390	1,8	166,150	8,7	375,223	178	149
10391	489,496	0,5	119,74	0,0	153	149
10394	674,748	8,10	164,126	5,0	497	149
10395	643,693	3,8	153,121	3,0	221	149
10398	150,126	0,0	221,160	0,1	191	149
10399	157,133	1,2	234,166	1,1	191	149
10400	0,1	9,7	0,0	13,18	165	149
10401	42,35	2,0	60,68	0,0	218	149
10402	8,2	0,1	20,13	0,2	152	149
10403	351,324	24,5	524,392	18,16	182	149
10406	0,1	25,33	2,3	49,33	152	149
10407	4,3	70,59	8,5	145,103	179	149
10408	0,0	5,11	3,0	28,16	446	149
10409	9,12	30,40	29,19	82,74	1178	149
10410	2,3	64,59	9,2	125,105	344	149
10411	676,483	4,5	396,256	0,0	368	149
10414	166,196	59,43	409,265	129,105	204	149
10415	80,78	14,8	193,127	13,14	204	149
10416	76,73	0,3	191,127	1,0	204	149
10417	8,6	360,322	13,8	828,586	266	149
10425	267,274	0,1	694,464	2,4	213	149
10426	5,7	163,141	1,2	296,205	211	149
10427	188,215	7,6	447,327	29,10	158	149
10431	103,105	1,0	64,52	0,0	452	149
10432	1458,1284	4,7	2826,2251	5,0	452	149
10433	297,250	1,0	445,231	0,0	453	149
10435	23,27	544,397	23,7	560,414	221	149
10436	909,752	0,0	1106,897	1,0	1020	149
10437	93,93	2,2	110,82	0,0	155	149
10438	93,83	7,11	186,119	7,4	164	149
10439	1,3	44,35	0,0	80,80	183	149
10440	0,2	0,0	0,0	2,0	243	149
10441	2,2	174,145	1,2	497,344	168	149
10444	138,147	0,0	262,179	0,2	155	149
10445	1247,1161	2,2	2596,2128	1,2	155	149
10448	13,7	604,425	4,7	799,548	187	149
10449	599,506	2,1	1000,793	3,0	154	149
10450	26,25	499,465	60,28	1260,981	308	149
10451	0,0	3,6	2,0	5,3	188	149
10452	0,0	3,6	1,0	5,3	163	149
10456	21,32	30,25	19,14	40,35	193	149
10458	20,21	0,0	23,22	2,0	209	149
10459	3,4	0,4	7,2	0,0	154	149
10460	25,31	0,4	57,38	0,0	214	149
10461	35,24	0,4	45,29	0,0	217	149
10462	25,31	3,4	56,38	6,2	209	149
10463	35,24	3,4	44,29	6,2	212	149
10464	15,3	5,10	21,7	33,16	152	149
10465	44,46	4,8	41,24	19,4	1839	149
10467	345,320	1,1	666,504	0,0	1505	149
10468	12,13	701,619	31,19	1364,919	233	149
10469	3,3	5,6	1,1	0,1	165	149
10470	11,14	409,261	10,12	802,554	165	149
10474	40,32	2,1	94,83	0,0	191	149
10476	31,38	1,1	64,44	2,8	326	149
10479	2,2	0,3	0,5	7,4	308	149
10480	1,2	0,0	0,4	0,1	308	149
10492	170,180	1,3	267,212	3,1	168	149
10493	10,14	0,0	10,10	1,0	196	149
10494	6,4	0,0	1,8	1,0	214	149
10495	2,0	6,10	0,5	9,7	167	149
10496	70,51	2,0	94,78	0,2	154	149
10497	110,112	0,1	283,195	0,0	298	149
10498	181,230	2,4	458,314	3,8	275	149
10499	214,250	3,5	520,356	1,1	298	149
10500	35,24	3,5	65,50	1,1	172	149
10505	25,47	4,5	47,34	6,6	152	149
10509	6,5	3,0	11,14	7,5	152	149
10510	4,1	1,0	10,9	0,1	205	149
10515	0,0	2,4	1,0	4,2	223	149
10517	340,298	4,1	645,433	2,3	166	149
10518	6,0	5,0	2,0	0,0	152	149
10519	1,1	0,1	0,5	0,0	158	149
10521	7,3	58,58	11,14	169,111	152	149
10532	58,55	1,0	31,27	0,0	745	149
10533	55,50	2,4	30,27	8,5	745	149
10534	2,4	2,0	9,5	0,2	163	149
10535	14,10	1,0	11,8	0,0	471	149
10537	24,13	2,1	22,14	4,0	271	149
10538	28,14	6,0	34,16	0,1	271	149
10551	4,13	0,0	20,8	1,0	221	149
10552	6,18	2,3	23,8	3,0	221	149
10558	86,60	0,4	75,54	0,0	886	149
10560	50,36	0,1	28,17	0,0	566	149
10561	3,4	0,2	2,9	1,0	174	149
10562	215,181	0,0	344,266	1,0	163	149
10565	61,49	6,0	126,102	1,2	156	149
10570	30,21	12,21	34,34	20,17	222	149
10571	55,41	93,90	50,53	91,53	295	149
10572	37,41	93,90	36,36	91,53	222	149
10584	5,0	0,0	0,1	2,2	356	149
10585	5,0	0,0	0,1	2,2	341	149
10587	12,15	1,20	31,17	12,0	152	149
10590	13,12	3,4	24,13	4,2	1080	149
10596	753,528	82,72	1304,1014	185,135	152	149
10599	8809,7880	117,107	25187,18967	187,170	2027	149
10600	652,656	185,155	873,631	287,200	671	149
10601	8006,7002	185,155	24257,18213	287,200	1359	149
10602	7371,6350	17,4	23403,17595	19,13	837	149
10603	5691,5360	0,1	17862,13516	0,0	1359	149
10604	7901,6927	0,1	23190,17455	0,0	1598	149
10605	2210,1568	0,1	5328,3941	0,2	388	149
10606	2223,1585	51,68	6140,4317	39,32	470	149
10607	3519,2628	1,0	9208,6767	4,1	245	149
10608	5870,5476	4,1	15193,11687	1,6	154	149
10609	5298,5052	7,3	15605,10985	0,5	593	149
10614	76,62	19,17	64,51	29,24	152	149
10615	162,112	73,42	194,157	89,71	152	149
10616	5,7	162,142	1,2	209,207	165	149
10617	136,107	0,1	251,147	0,0	201	149
10618	2,6	221,143	5,2	319,235	220	149
10624	7,9	0,2	7,6	2,4	490	149
10625	296,250	57,52	550,265	87,29	490	149
10628	0,1	300,230	3,2	637,475	175	149
10629	3,4	340,302	10,3	757,509	210	149
10634	6,12	442,353	18,10	829,514	170	149
10638	120,134	3,0	316,189	2,0	184	149
10639	101,77	0,0	88,75	1,0	176	149
10640	96,70	0,2	85,70	0,0	549	149
10641	183,149	2,1	363,334	0,0	381	149
10642	235,145	25,15	157,80	17,4	204	149
10643	65,53	2,2	23,5	3,0	167	149
10644	65,54	5,1	23,5	4,0	170	149
10645	2,3	5,1	3,0	4,0	152	149
10648	27,32	5,13	75,32	27,8	217	149
10649	7,8	15,28	12,10	25,27	154	149
10652	120,122	1,0	182,136	2,0	227	149
10653	86,64	2,0	84,63	0,0	227	149
10654	2,7	81,98	4,3	121,105	673	149
10662	24,21	223,216	46,16	296,184	171	149
10663	36,29	212,184	71,46	221,137	171	149
10664	23,52	212,184	71,49	221,137	257	149
10665	11,41	24,18	41,29	41,26	235	149
10666	370,339	6,6	272,222	0,2	208	149
10686	29,13	39,40	35,40	69,54	1643	149
10690	1,7	1,1	3,4	2,2	156	149
10691	69,62	1,1	114,88	2,2	158	149
10692	69,55	1,0	112,84	1,0	151	149
10694	24,13	779,632	41,43	1376,1134	170	149
10695	25,18	74,42	23,8	71,40	262	149
10696	19,17	0,0	21,7	1,0	262	149
10697	12,13	74,114	2,9	109,92	171	149
10703	20,40	4,2	58,39	14,0	170	149
10704	170,173	20,17	184,122	14,11	152	149
10705	0,3	154,186	2,0	232,172	189	149
10706	10,14	0,1	3,0	0,0	235	149
10709	646,539	8,9	1205,719	11,2	343	149
10722	6,9	0,0	14,8	1,0	176	149
10726	8,2	0,0	3,0	1,2	152	149
10728	0,5	0,4	7,6	0,0	152	149
10731	10,14	1,0	44,30	0,0	210	149
10736	305,349	1,0	622,409	0,0	4217	149
10737	124,138	3,0	206,130	2,4	154	149
10738	238,264	2,0	342,246	0,0	154	149
10739	1,0	0,1	0,2	0,0	202	149
10740	525,465	0,0	646,486	1,0	153	149
10744	99,134	0,4	243,179	7,5	153	149
10745	6,3	26,19	8,1	16,24	152	149
10746	3,1	0,1	2,0	0,0	152	149
10749	2,1	2,0	1,2	0,0	176	149
10752	0,2	0,2	2,7	0,0	153	149
10753	178,126	1,0	439,295	8,5	403	149
10754	213,230	2,0	525,397	0,1	895	149
10755	194,222	1,0	515,382	1,0	641	149
10756	262,265	4,3	741,533	1,1	267	149
10757	137,118	2,0	260,186	3,0	226	149
10758	306,327	2,0	640,476	3,0	242	149
10759	157,144	2,0	288,208	3,0	276	149
10760	173,213	4,4	385,295	5,5	165	149
10761	24,30	4,4	33,27	5,5	199	149
10762	5,4	154,187	6,2	358,270	183	149
10763	184,209	2,0	370,282	3,3	444	149
10769	2,2	50,37	0,1	68,52	1682	149
10773	121,154	12,17	186,121	38,21	261	149
10774	89,78	3,8	108,72	7,12	152	149
10775	9,8	1,0	2,0	0,0	152	149
10776	4,0	90,90	2,0	85,91	170	149
10778	0,1	7,3	1,1	15,11	194	149
10780	121,112	45,24	179,102	35,19	528	149
10781	9,4	61,75	5,0	147,79	180	149
10782	12,5	61,75	12,1	147,79	211	149
10783	5,1	2,0	7,1	0,0	180	149
10784	1,0	10,14	1,0	5,3	152	149
10785	130,103	1,3	165,129	0,0	319	149
10786	0,0	1,3	2,2	5,1	153	149
10787	1,0	30,51	5,0	86,55	1212	149
10788	5,12	34,36	31,34	59,38	173	149
10801	8,2	0,2	0,1	0,0	171	149
10802	1,0	42,35	4,0	58,39	174	149
10803	64,55	1,0	64,52	2,4	157	149
10806	56,68	1,2	83,68	5,0	189	149
10807	22,33	1,2	35,24	5,0	242	149
10808	7,6	41,41	8,5	56,49	202	149
10809	75,84	5,6	91,84	8,4	153	149
10810	202,176	14,12	221,206	18,22	1253	149
10812	8,11	13,18	14,7	26,31	169	149
10813	4,2	12,9	2,2	6,5	152	149
10814	1,2	2,0	4,1	2,2	152	149
10815	37,42	13,10	64,33	19,12	152	149
10816	44,33	37,32	59,32	38,38	152	149
10818	163,171	1,1	430,301	4,2	154	149
10821	389,330	2,2	1120,789	7,5	471	149
10822	376,367	1,0	1130,738	0,2	158	149
10823	2,2	395,325	11,6	878,568	164	149
10824	848,926	5,12	2313,1687	13,8	1020	149
10826	59,35	1,2	119,82	4,2	155	149
10827	64,77	22,30	105,81	16,14	735	149
10828	14,11	59,47	7,0	96,59	471	149
10829	4,3	47,39	12,12	87,60	206	149
10832	6,3	2,0	12,13	2,1	206	149
10835	109,107	0,0	292,188	1,0	192	149
10836	148,143	5,0	392,252	12,5	192	149
10851	56,63	22,38	147,109	63,57	152	149
10855	14,7	13,16	8,4	22,7	185	149
10856	2,6	1,1	4,1	1,0	185	149
10857	5,1	77,72	8,3	192,155	174	149
10858	8,9	0,1	11,19	0,4	193	149
10860	38,36	15,14	40,29	9,11	176	149
10861	1320,1179	2,1	1522,1224	0,0	209	149
10862	884,964	2,2	1323,920	0,0	439	149
10863	814,752	0,1	1488,1075	1,0	209	149
10864	641,708	1,6	1091,730	0,0	422	149
10865	54,40	643,722	101,61	1174,813	176	149
10866	539,578	1,3	1080,624	0,0	1231	149
10867	515,593	3,2	1025,703	0,0	1271	149
10868	65,82	2,1	172,101	0,0	160	149
10869	660,680	2,1	1228,892	0,0	2925	149
10870	600,609	5,11	1057,791	1,0	2914	149
10871	113,93	2,8	140,114	16,4	152	149
10873	0,4	21,27	0,0	40,21	225	149
10874	556,560	3,1	1002,758	0,7	508	149
10875	14,8	10,10	0,4	2,0	223	149
10880	6,7	2,0	3,9	1,0	215	149
10881	0,3	2,0	1,1	0,1	324	149
10883	0,3	1,10	1,1	9,9	337	149
10886	2,0	1,10	0,1	9,9	162	149
10891	0,1	3,5	0,1	0,4	152	149
10893	16,7	1,1	12,9	0,0	837	149
10898	2,3	1,0	4,2	2,0	429	149
10904	1,0	9,7	0,0	5,5	170	149
10910	0,1	10,10	1,0	4,5	163	149
10911	0,1	3,2	0,0	1,0	163	149
10913	17,6	2,0	15,9	3,1	263	149
10915	11,5	5,8	8,1	11,6	241	149
10916	2,1	0,0	6,0	1,0	171	149
10924	13,9	208,178	5,4	380,259	561	149
10927	63,37	192,161	21,19	445,312	391	149
10928	140,114	4,0	395,255	2,1	153	149
10930	3,1	149,102	5,9	372,237	174	149
10933	2,0	112,90	0,0	127,92	194	149
10934	3,5	5,6	0,1	4,7	197	149
10935	113,95	5,6	127,93	4,7	152	149
10936	96,66	0,1	101,64	0,1	153	149
10937	615,712	20,25	935,643	57,41	2683	149
10938	31,11	261,249	26,37	499,409	164	149
10956	0,1	15,7	0,4	12,4	162	149
10957	28,37	343,241	54,36	271,272	590	149
10968	6,3	1,0	3,3	0,0	154	149
10970	2,2	2,1	2,2	0,0	615	149
10974	2,7	75,71	4,3	203,104	152	149
10977	83,46	0,6	153,146	2,0	153	149
10978	103,102	1,4	203,176	1,2	299	149
10979	13,15	0,2	34,17	0,0	188	149
10980	33,46	0,2	81,64	0,0	242	149
10982	17,22	1,0	33,28	2,0	193	149
10983	41,54	1,0	77,80	2,0	203	149
10984	25,32	1,0	46,52	2,0	159	149
10985	54,69	0,1	111,97	0,0	242	149
10987	29,24	1,0	17,11	0,0	154	149
10988	29,45	2,4	58,54	7,9	159	149
10989	45,67	2,0	89,82	0,0	203	149
10992	65,74	0,0	204,164	2,0	381	149
10993	57,59	2,0	186,155	0,0	381	149
10997	52,53	9,6	95,67	11,13	239	149
11000	58,78	4,2	133,92	7,8	152	149
11001	1,2	11,3	0,1	2,2	167	149
11002	15,18	43,25	45,31	76,65	152	149
11003	12,25	53,36	32,30	99,84	339	149
11005	283,278	0,0	230,170	1,1	157	149
11009	131,127	10,9	232,202	18,5	152	149
11010	346,384	260,207	298,227	399,281	741	149
11011	84,75	0,0	98,55	2,0	212	149
11013	710,734	3,1	1551,1117	6,6	174	149
11015	0,1	0,0	1,0	1,0	154	149
11020	4,0	1,0	1,2	1,0	155	149
11030	61,61	1,0	90,79	0,0	272	149
11031	13,8	1,0	17,17	0,0	188	149
11034	230,189	0,0	205,170	1,1	250	149
11035	2,0	2,2	0,0	1,0	159	149
11036	320,293	8,15	373,310	0,4	322	149
11037	320,295	8,15	374,310	0,4	312	149
11039	2787,2747	0,2	6036,4328	0,0	154	149
11043	58,55	12,6	96,79	7,6	152	149
11044	1,0	2,0	2,3	1,0	164	149
11045	0,1	46,45	0,0	75,38	173	149
11046	103,58	0,2	104,73	0,0	213	149
11047	3,1	0,0	1,1	3,0	176	149
11048	124,98	2,0	163,124	0,0	230	149
11049	0,1	0,0	0,1	4,4	167	149
11050	32,30	50,47	59,40	144,92	152	149
11051	1,1	30,21	2,0	69,35	178	149
11052	1,0	32,25	2,0	24,25	231	149
11054	4,3	101,67	5,5	147,94	240	149
11056	4,2	115,114	10,7	207,156	172	149
11057	21,23	6,2	24,16	2,1	154	149
11063	24,27	137,101	49,20	234,202	1807	149
11069	2,1	16,12	0,2	26,17	192	149
11071	9,5	7,1	11,10	9,2	162	149
11073	5,4	2,0	4,4	10,3	169	149
11074	5,4	2,0	6,4	10,3	162	149
11075	5,4	1,0	4,5	1,3	162	149
11076	5,5	4,0	3,4	1,0	162	149
11077	15,8	6,3	7,11	4,6	162	149
11078	1,3	48,32	1,2	63,55	176	149
11079	31,36	9,12	46,34	26,11	152	149
11081	1,3	77,87	5,1	142,140	255	149
11083	7,11	0,2	0,1	0,0	153	149
11084	4,3	0,0	1,1	1,1	176	149
11085	9,17	2,0	27,22	4,0	213	149
11095	16,17	2,0	2,0	0,0	153	149
11096	45,49	32,15	2,0	2,0	153	149
11097	59,69	3,3	73,58	1,1	192	149
11101	75,56	0,1	47,18	0,0	293	149
11102	111,86	145,97	90,48	82,46	293	149
11104	8,6	0,0	16,12	1,3	180	149
11105	45,50	0,0	106,85	0,3	201	149
11107	169,112	3,0	351,328	1,5	535	149
11108	166,103	2,0	341,319	0,0	151	149
11110	5,10	0,4	15,8	7,10	152	149
11111	3,8	3,8	13,5	12,9	193	149
11119	1,0	0,3	5,0	2,2	180	149
11120	0,0	0,1	7,1	9,1	152	149
11121	10,16	23,12	11,10	12,27	184	149
11122	105,99	1,0	130,107	0,0	237	149
11123	118,95	1,0	131,124	0,0	202	149
11124	16,26	149,110	18,18	171,125	184	149
11125	963,990	0,0	2048,1392	1,0	11724	149
11126	6,8	412,390	4,2	773,510	211	149
11131	38,34	1,2	79,63	0,0	152	149
11133	1,0	0,0	0,0	5,0	154	149
11134	32,15	1,9	31,37	5,12	207	149
11140	1,0	11,43	0,0	18,10	166	149
11143	2,15	0,0	22,19	6,1	197	149
11144	3,10	8,3	18,12	22,7	152	149
11147	68,44	10,7	8,4	0,1	170	149
11149	18,29	0,3	67,38	0,4	200	149
11158	566,443	34,31	943,696	8,5	166	149
11159	351,236	239,191	282,178	229,111	152	149
11164	10,13	133,102	3,3	150,129	175	149
11165	10,13	210,192	3,3	294,229	175	149
11166	49,47	0,0	40,40	0,1	181	149
11167	249,226	0,0	331,266	0,1	155	149
11180	6,3	87,71	5,3	129,40	170	149
11181	5,4	74,46	0,0	96,81	171	149
11188	1,1	0,0	2,2	1,1	152	149
11190	0,4	0,1	9,6	0,0	648	149
11192	133,152	41,27	191,115	31,18	177	149
11193	25,31	4,1	33,21	0,0	177	149
11195	17,11	127,87	4,6	85,49	285	149
11197	15,23	2,6	50,21	0,0	1577	149
11198	351,407	9,5	645,466	7,5	173	149
11199	390,418	12,12	703,495	5,2	1577	149
11200	428,479	6,3	926,688	1,0	1994	149
11204	4,5	3,0	11,5	0,2	167	149
11205	4,6	2,0	12,5	1,4	170	149
11206	3,1	2,0	1,2	1,4	152	149
11207	14,22	0,1	23,25	1,1	167	149
11208	14,23	35,44	24,25	94,74	170	149
11209	0,2	35,44	2,1	94,74	152	149
11210	190,176	73,61	152,113	99,74	4404	149
11212	6,7	0,0	6,3	4,1	428	149
11213	303,286	0,1	522,392	1,1	416	149
11214	14,13	45,59	28,28	87,78	227	149
11218	548,475	0,1	1198,950	2,0	185	149
11224	33,35	31,28	63,43	56,55	152	149
11229	137,129	21,10	186,151	41,21	152	149
11230	14,6	2,6	4,4	2,7	213	149
11234	218,192	10,5	369,213	6,2	1388	149
11235	57,39	19,18	13,24	13,10	488	149
11236	38,37	1,0	13,22	0,0	191	149
11241	6,2	3,2	5,12	2,7	479	149
11244	54,53	10,20	100,67	45,22	369	149
11246	3,1	136,131	2,1	151,160	191	149
11249	36,42	20,17	95,53	25,24	611	149
11253	0,1	2,4	1,0	9,8	188	149
11258	0,1	13,12	1,0	18,3	188	149
11259	0,1	13,12	1,0	18,3	203	149
11265	98,106	0,0	211,163	0,2	153	149
11266	21,14	14,11	22,10	3,2	203	149
11267	209,188	0,2	310,209	0,1	207	149
11268	13,6	0,0	18,6	0,1	225	149
11275	11,7	0,1	19,8	0,0	173	149
11276	48,58	6,13	55,43	7,3	173	149
11296	8,3	180,111	4,4	340,238	170	149
11297	6,2	73,52	2,1	160,104	483	149
11298	382,278	4046,2938	1243,1120	13817,11032	152	149
11299	5139,3721	0,1	11390,9496	2,4	158	149
11301	30,30	4,0	34,21	1,0	154	149
11302	302,237	2,0	209,175	0,0	360	149
11304	47,45	2,0	16,4	0,0	304	149
11305	40,39	1,2	22,5	0,0	271	149
11306	32,37	3,2	15,6	0,0	271	149
11307	228,219	3,2	202,125	0,0	656	149
11308	327,275	3,2	271,146	0,0	660	149
11309	200,186	4,4	189,121	2,2	534	149
11310	299,242	4,4	258,142	2,2	538	149
11311	103,74	4,18	72,21	3,0	153	149
11312	170,148	1,0	169,100	0,0	404	149
11313	269,204	1,0	238,121	0,0	408	149
11314	200,171	0,0	186,121	2,0	538	149
11315	437,402	0,0	424,295	2,0	1008	149
11316	238,234	1,3	238,174	0,0	619	149
11317	180,152	1,0	157,112	1,0	154	149
11319	1,3	0,0	5,0	0,2	152	149
11320	7,12	4,3	12,10	5,6	152	149
11326	30,41	0,0	63,25	1,0	183	149
11327	9,8	145,104	11,9	142,79	190	149
11328	189,146	45,51	210,115	47,26	224	149
11329	0,0	4,0	0,1	12,18	392	149
11331	0,2	1,2	0,1	0,1	231	149
11343	52,60	35,31	112,91	27,22	177	149
11355	545,554	0,0	1471,1053	1,0	230	149
11356	532,537	0,1	1423,1011	0,0	230	149
11357	1581,1717	6,3	3740,2588	18,5	230	149
11358	369,308	12,39	365,221	0,1	166	149
11360	39,21	0,2	53,42	0,0	194	149
11377	2,0	0,1	0,0	1,0	170	149
11383	76,41	1,0	12,10	0,0	175	149
11384	81,45	8,2	106,48	4,4	152	149
11385	0,1	0,2	0,0	2,3	177	149
11386	51,39	729,720	32,28	1408,1045	194	149
11387	61,53	52,51	36,38	83,68	196	149
11388	739,734	52,51	1412,1055	83,68	151	149
11389	17,10	9,1	21,19	1,10	152	149
11398	49,38	727,642	55,40	1469,1053	171	149
11399	733,722	2,2	1209,851	1,3	152	149
11400	9,10	2,0	10,2	0,0	163	149
11401	71,66	2,0	107,64	0,0	281	149
11402	63,58	1,2	99,62	2,0	267	149
11403	1238,1256	2,0	3452,2467	3,0	271	149
11404	11,16	656,660	35,23	1793,1265	184	149
11405	418,370	0,0	897,540	2,0	479	149
11411	0,5	7,3	7,1	13,5	187	149
11414	1546,1679	2,0	2904,2107	1,1	155	149
11415	998,988	0,0	1469,1030	0,2	2209	149
11416	14,7	386,305	29,23	734,631	161	149
11417	171,133	79,54	486,387	197,142	154	149
11418	46,48	3,0	140,89	3,1	154	149
11421	772,690	0,1	1368,967	3,0	152	149
11422	1,3	71,63	4,2	155,81	170	149
11423	90,106	5,2	231,129	1,3	154	149
11424	0,3	82,63	2,1	102,53	190	149
11427	21,9	106,80	9,1	150,156	490	149
11428	72,60	0,0	98,114	0,2	216	149
11429	0,2	0,1	3,1	4,5	236	149
11430	22,29	22,5	46,32	19,11	208	149
11431	770,634	2,0	1042,673	0,0	1247	149
11435	34,37	2,0	81,61	2,0	155	149
11436	298,397	0,0	753,490	0,1	278	149
11437	128,88	31,5	213,164	37,31	152	149
11438	1,3	202,162	0,2	423,285	177	149
11439	76,61	24,47	138,97	73,52	173	149
11440	73,76	0,2	148,89	7,6	154	149
11441	3,0	1,11	3,0	19,15	207	149
11442	61,63	3,18	276,197	21,6	152	149
11443	84,81	40,26	327,238	149,83	194	149
11444	26,36	40,26	72,47	149,83	191	149
11445	41,50	29,39	139,124	112,89	152	149
11452	4,1	5,0	2,0	0,2	207	149
11453	0,6	0,0	3,0	0,2	155	149
11455	28,37	50,32	34,27	43,35	231	149
11456	2,3	0,1	0,0	2,0	300	149
11461	45,28	0,0	62,38	0,2	229	149
11462	102,69	1,0	131,82	1,3	229	149
11469	33,60	1,0	105,60	0,0	159	149
11470	10,7	3,0	5,0	0,0	218	149
11471	5,3	0,1	3,0	0,0	282	149
11484	0,2	1,0	0,0	1,0	163	149
11485	292,212	0,2	220,143	0,1	183	149
11486	630,470	13,3	785,559	17,18	179	149
11487	1353,1013	57,37	1722,1170	77,44	467	149
11488	736,546	57,37	954,629	77,44	437	149
11498	14,13	1,0	34,17	0,0	240	149
11499	19,25	1,0	56,24	0,0	274	149
11500	7,12	2,0	22,7	0,0	183	149
11501	138,138	395,353	128,90	942,667	553	149
11503	0,0	2089,2025	0,1	3913,2977	173	149
11510	2,3	0,1	5,5	0,1	152	149
11511	206,250	2,2	371,274	6,7	172	149
11513	11,15	2,0	8,1	0,0	194	149
11514	6,7	2,0	4,1	0,0	185	149
11515	927,840	0,0	2219,1660	2,0	193	149
11517	537,414	2,3	596,375	5,8	481	149
11518	757,558	2,0	654,402	0,0	516	149
11519	222,147	2,0	63,35	0,0	184	149
11520	1049,703	4,2	806,437	0,0	184	149
11522	512,454	0,2	457,321	0,0	1655	149
11523	366,292	83,55	307,227	51,28	330	149
11524	342,339	0,1	292,204	0,0	1655	149
11525	755,647	1,0	835,706	0,0	1000	149
11526	169,140	1,0	123,79	0,0	950	149
11527	458,487	1,0	846,653	5,1	161	149
11528	315,302	2,0	273,173	0,0	2275	149
11529	459,591	1,0	1102,849	0,0	1242	149
11531	8,7	2,7	24,16	5,12	152	149
11533	74,83	9,16	178,129	26,27	195	149
11537	0,10	1,0	1,2	0,0	152	149
11540	133,69	5,3	56,41	10,2	210	149
11541	24,20	34,30	32,20	54,52	1525	149
11542	1,1	15,22	2,1	12,15	192	149
11554	13,15	2,0	12,14	1,6	411	149
11555	38,41	1,5	60,49	4,6	262	149
11558	78,102	2,0	141,107	0,0	1727	149
11559	0,2	57,72	2,1	152,94	171	149
11560	362,326	71,77	433,302	201,108	426	149
11562	14,12	263,249	18,17	535,401	175	149
11563	10,25	453,484	23,15	1067,685	165	149
11566	9,17	0,0	22,13	0,1	1200	149
11576	19,14	0,5	33,33	15,8	269	149
11584	1,3	11,4	2,3	2,4	295	149
11585	17,17	2,0	8,17	1,0	177	149
11586	7,12	2,0	11,12	1,0	195	149
11587	2,3	12,8	3,5	0,10	167	149
11588	1,1	12,8	2,5	0,10	162	149
11595	14,10	115,145	1,5	66,61	165	149
11599	4,5	4,4	8,4	0,2	212	149
11603	0,1	0,1	0,0	2,0	152	149
11609	3612,3744	0,0	7806,5312	0,4	5013	149
11617	3,4	0,0	3,2	1,0	2510	149
11619	0,2	97,75	2,1	104,63	170	149
11628	5,4	261,212	1,4	471,316	186	149
11629	271,251	7,9	624,392	28,20	154	149
11630	18,15	4,3	25,15	7,6	185	149
11631	53,68	457,415	93,75	1054,773	185	149
11632	507,461	2,6	1119,819	7,5	618	149
11641	6,5	3,2	0,1	3,2	310	149
11645	80,80	2,4	174,100	0,0	154	149
11646	15,14	17,28	34,21	40,22	152	149
11647	36,21	17,28	43,39	40,22	167	149
11648	36,21	15,14	43,38	34,20	164	149
11650	45,70	1,0	113,60	0,0	153	149
11652	308,258	35,26	506,336	48,34	152	149
11653	156,95	7,12	275,133	4,5	222	149
11654	14,7	403,218	12,11	592,319	170	149
11663	41,40	2,2	63,32	2,0	188	149
11667	0,0	38,23	3,2	22,16	176	149
11669	1,1	159,132	9,6	218,144	170	149
11670	1,0	11,10	0,0	18,11	187	149
11671	5,4	8,11	4,3	6,0	189	149
11673	2,0	10,6	1,0	9,4	187	149
11674	4,4	2,0	4,3	2,3	189	149
11675	15,6	0,1	9,12	1,2	243	149
11681	75,57	0,5	56,33	0,1	471	149
11683	10,21	1,0	9,5	0,0	153	149
11686	240,214	2,2	414,328	0,0	156	149
11690	116,138	3,16	65,58	3,5	756	149
11691	130,78	0,0	104,75	1,0	816	149
11692	95,92	195,130	53,45	181,113	376	149
11693	87,79	1,4	49,43	0,0	354	149
11694	9,17	195,130	4,2	181,113	171	149
11695	60,68	0,1	107,57	1,0	177	149
11697	68,80	2,1	64,63	2,1	185	149
11698	106,92	11,8	202,118	7,8	204	149
11699	26,26	37,16	16,5	7,0	152	149
11700	521,434	4,3	821,534	4,6	192	149
11704	7,10	4,0	12,12	3,4	152	149
11706	1,4	1,0	5,1	1,1	207	149
11707	3,9	13,9	12,6	17,7	346	149
11708	3,5	13,9	8,6	17,7	288	149
11710	12,12	1,0	16,8	1,2	172	149
11711	38,42	1246,1145	67,39	2755,1987	225	149
11712	83,91	6,5	193,136	5,11	236	149
11713	27,30	1246,1145	52,33	2755,1987	202	149
11714	72,79	6,5	178,130	5,11	213	149
11715	1291,1194	6,5	2881,2084	5,11	160	149
11717	107,86	9,5	105,64	2,0	259	149
11719	28,27	0,0	67,60	3,1	152	149
11721	48,28	1,0	136,78	0,0	153	149
11722	2,1	1,0	6,3	0,0	153	149
11724	1,2	53,74	2,0	169,103	192	149
11727	1,0	52,51	0,0	129,71	214	149
11728	1,0	52,51	0,0	129,71	174	149
11753	69,61	457,460	47,36	1003,758	255	149
11754	53,46	457,460	41,24	1003,758	263	149
11755	12,6	28,21	15,5	21,17	157	149
11756	42,40	15,17	26,19	32,4	255	149
11758	0,2	3,0	1,4	0,0	158	149
11759	26,21	4,5	48,28	2,1	158	149
11765	338,271	0,0	367,230	2,0	155	149
11773	20,7	4,5	12,2	5,4	202	149
11774	76,39	4,5	61,20	5,4	237	149
11775	58,32	2,0	50,18	1,0	184	149
11779	341,403	5,16	634,415	28,14	194	149
11783	46,55	10,12	64,35	21,14	154	149
11785	255,233	2,7	474,354	13,6	210	149
11786	291,301	0,2	509,370	0,0	1294	149
11787	306,314	0,0	516,370	3,0	1524	149
11789	294,189	0,4	313,246	0,0	291	149
11790	7,8	114,86	1,2	81,44	169	149
11791	3,3	38,39	11,5	80,63	172	149
11792	21,28	0,1	23,18	4,0	255	149
11793	6,7	106,98	6,7	229,183	172	149
11794	98,101	1,0	206,122	0,0	258	149
11795	64,60	1,1	136,81	0,0	222	149
11796	142,147	4,9	266,166	13,6	185	149
11797	206,207	24,13	401,247	22,13	258	149
11798	275,270	0,0	562,361	1,1	327	149
11799	68,69	24,13	148,87	22,13	222	149
11800	137,132	0,0	309,201	1,1	291	149
11801	93,76	0,0	183,127	1,1	218	149
11808	14,14	117,99	25,14	150,120	152	149
11809	201,265	0,0	468,288	3,1	212	149
11810	216,200	21,22	358,271	55,31	155	149
11812	24,12	0,0	27,5	1,0	710	149
11813	95,124	449,486	257,140	1347,958	158	149
11814	4,11	371,359	18,9	667,424	163	149
11815	85,115	2,1	313,196	1,2	205	149
11816	452,463	2,1	962,611	1,2	191	149
11817	4,12	28,32	15,9	16,7	163	149
11819	11,2	3,6	15,7	9,3	174	149
11820	88,67	7,3	6,1	1,0	1043	149
11821	22,9	187,155	14,6	210,182	169	149
11822	99,125	8,14	198,134	3,1	171	149
11823	194,239	8,14	374,279	3,1	231	149
11824	177,217	82,103	333,262	157,117	209	149
11825	43,52	1,0	91,49	0,0	209	149
11826	3,3	298,302	2,4	395,291	175	149
11827	299,304	11,6	400,292	8,5	153	149
11828	4,5	11,6	7,5	8,5	179	149
11831	3,8	10,4	3,2	1,1	189	149
11835	42,43	4,8	55,47	7,0	153	149
11836	78,68	36,40	94,87	58,36	158	149
11837	16,19	101,113	36,20	218,148	164	149
11842	40,30	2,0	43,30	0,0	504	149
11845	21,17	1,3	29,30	4,1	187	149
11846	19,10	0,0	6,3	2,0	414	149
11847	101,85	1,4	51,29	0,0	192	149
11848	1,0	72,67	0,0	45,38	186	149
11850	632,647	2,8	1494,995	7,1	165	149
11852	1,1	4,4	1,0	0,0	182	149
11853	1292,1175	0,0	2703,1827	4,0	824	149
11861	11,11	518,396	13,10	765,518	173	149
11862	231,223	0,1	388,354	0,0	308	149
11863	231,223	1,0	389,354	0,0	311	149
11864	11,14	148,140	26,28	273,226	168	149
11865	379,361	109,109	660,580	116,74	308	149
11866	379,361	3,0	661,580	1,0	311	149
11867	24,11	139,125	5,6	62,42	365	149
11868	49,42	28,33	75,54	59,40	279	149
11869	1,0	1,4	1,0	2,3	152	149
11872	626,556	3,0	740,525	1,0	198	149
11873	233,188	2,1	386,299	0,2	198	149
11878	0,0	7,1	0,1	17,10	182	149
11882	29,18	2,2	28,19	1,2	312	149
11883	17,29	0,2	35,33	9,9	155	149
11884	2,1	2,0	3,2	2,2	155	149
11886	3,0	36,38	2,0	62,36	276	149
11892	32,20	30,36	50,27	59,30	335	149
11893	0,5	58,63	1,2	109,72	224	149
11894	131,123	4,4	138,108	0,2	433	149
11895	37,21	1,0	39,24	1,0	151	149
11896	49,26	2,0	31,30	0,2	202	149
11897	47,22	4,1	27,38	6,2	202	149
11898	119,122	8,8	292,230	9,9	173	149
11899	128,94	0,0	288,199	1,1	502	149
11902	98,123	0,1	209,145	7,1	152	149
11903	110,114	2,1	263,174	1,1	153	149
11906	0,0	10,7	1,0	2,6	169	149
11911	168,174	3,3	325,181	4,3	153	149
11912	1949,1812	11,2	3888,2798	16,23	152	149
11913	405,389	1,0	798,556	0,0	190	149
11914	13,8	318,299	11,12	568,381	171	149
11915	182,155	0,0	331,224	0,4	237	149
11916	487,446	0,0	888,593	0,4	215	149
11917	323,307	15,8	580,397	4,3	623	149
11920	363,384	0,0	693,539	3,0	221	149
11921	528,481	2,4	935,640	2,1	254	149
11922	537,486	0,2	763,497	0,0	2291	149
11923	274,266	0,1	521,320	0,0	357	149
11924	309,324	5,0	562,343	6,5	754	149
11925	507,465	1,3	869,610	0,0	590	149
11926	316,278	0,4	568,390	1,0	546	149
11927	726,670	0,0	1225,838	1,0	678	149
11928	220,208	0,0	356,228	1,0	237	149
11929	504,510	3,1	1011,681	6,2	237	149
11930	30,38	2,0	83,53	0,0	244	149
11933	42,36	1,2	78,52	1,7	1951	149
11934	0,2	67,54	1,0	119,82	335	149
11938	183,127	2,0	347,282	0,0	1139	149
11940	4,4	21,11	8,3	1,2	319	149
11945	6,0	23,31	1,4	28,23	152	149
11949	46,35	4,6	124,64	0,5	158	149
11950	0,0	0,1	0,1	0,0	189	149
11951	2,1	125,161	4,2	259,193	179	149
11953	1398,1329	1,0	2953,2205	0,0	1233	149
11954	26,22	1285,1109	40,37	4019,2965	333	149
11957	1,4	0,0	9,3	1,2	196	149
11958	37,12	2,0	12,8	0,0	210	149
11959	63,36	0,1	42,30	0,0	442	149
11960	82,72	3,1	51,23	1,3	498	149
11961	83,72	13,19	51,23	16,10	618	149
11962	4,1	13,19	1,3	16,10	269	149
11963	152,114	2,1	138,113	2,1	371	149
11964	197,145	13,3	241,155	14,7	196	149
11965	175,142	0,2	209,140	4,0	819	149
11969	3,0	23,40	10,7	65,43	1906	149
11970	0,0	2,2	1,0	0,1	193	149
11978	19,15	5,7	8,6	1,1	217	149
11981	0,2	0,0	3,1	0,1	191	149
11982	0,0	1,0	3,0	0,0	152	149
11985	158,168	32,25	414,324	95,46	175	149
11987	398,364	16,7	679,485	35,15	153	149
11997	1,0	1,0	1,3	0,1	219	149
12004	0,2	1,0	0,3	1,0	203	149
12006	2,0	4,0	0,0	1,0	152	149
12009	20,10	8,17	5,8	18,18	176	149
12011	228,179	0,0	590,467	2,0	152	149
12013	65,75	1,0	101,61	0,0	429	149
12016	123,132	1,0	236,184	0,1	456	149
12017	48,20	1,0	71,62	0,1	252	149
12018	157,124	0,2	248,208	1,0	252	149
12019	120,107	1,0	190,163	1,0	175	149
12020	7,13	3,7	14,10	3,0	174	149
12021	5,2	5,2	2,7	5,0	153	149
12022	14,5	68,76	13,5	192,125	160	149
12023	5,4	7,4	4,3	7,5	160	149
12025	14,8	20,3	1,8	13,2	269	149
12026	317,261	6,4	403,284	5,1	289	149
12027	13,10	905,870	18,21	1365,899	168	149
12028	3630,3209	1,3	5244,4112	0,0	615	149
12029	693,643	43,33	674,419	27,22	153	149
12030	94,89	0,0	110,107	3,0	243	149
12031	21,6	9,4	15,8	5,13	1258	149
12032	22,7	73,82	15,12	155,124	1281	149
12033	10,5	73,82	5,17	155,124	172	149
12034	23,12	48,67	39,35	95,105	152	149
12036	108,139	2,4	237,175	0,0	225	149
12037	103,94	0,1	277,159	3,1	152	149
12038	24,32	10,1	21,14	3,3	152	149
12039	3,2	18,22	1,1	36,14	274	149
12040	18,25	15,28	33,21	43,33	237	149
12042	141,155	2,7	182,136	4,9	158	149
12046	3,10	6,4	8,16	8,12	366	149
12048	118,132	278,271	95,85	465,353	805	149
12049	299,296	2,0	478,392	0,0	1198	149
12050	213,217	2,0	401,320	1,1	156	149
12051	260,212	3,2	465,320	5,4	161	149
12052	180,167	0,2	347,218	3,3	157	149
12053	15,22	151,135	28,22	305,174	203	149
12054	10,4	111,100	4,6	160,96	178	149
12056	7,11	7,8	12,9	16,15	174	149
12057	11,13	0,0	15,4	2,0	263	149
12061	177,136	2,2	294,271	1,2	1123	149
12062	187,185	1,2	275,196	0,0	183	149
12063	388,460	7,4	532,417	4,1	265	149
12064	7,11	0,0	31,13	2,0	259	149
12065	44,53	0,0	99,67	2,0	242	149
12066	2,0	1,6	0,0	5,6	167	149
12068	9,10	1,1	15,17	4,1	175	149
12069	83,91	2,7	195,143	8,6	321	149
12070	33,24	5,10	71,49	12,12	193	149
12071	64,70	3,1	145,115	1,1	227	149
12072	88,75	74,63	78,72	71,55	1233	149
12073	5,7	66,51	14,5	90,56	166	149
12074	1,1	2,4	2,4	6,0	196	149
12075	25,15	3,0	7,2	0,0	545	149
12076	152,152	3,10	294,188	1,8	178	149
12077	213,201	4,7	360,255	10,4	187	149
12078	0,0	0,1	1,0	0,4	269	149
12079	86,135	19,10	167,110	26,13	152	149
12081	12,16	304,304	20,19	466,322	168	149
12082	52,42	0,1	105,84	1,0	193	149
12084	0,5	2,1	0,0	1,0	155	149
12085	0,7	9,4	11,2	15,8	152	149
12096	1121,1274	1,0	733,497	0,0	564	149
12097	1082,1256	5,6	718,498	3,4	161	149
12098	89,82	1,1	40,20	0,0	564	149
12100	1931,1806	12,9	1619,1229	6,10	206	149
12101	1322,1356	4,4	1020,735	0,2	162	149
12102	102,100	7,5	61,52	1,3	162	149
12103	2183,2105	0,0	1896,1189	1,0	527	149
12104	30,24	1,0	55,40	2,0	152	149
12112	7,10	490,449	13,2	904,679	191	149
12114	456,433	1,0	1258,932	0,0	1041	149
12115	476,458	0,1	1298,985	0,0	742	149
12116	405,266	1,0	393,231	0,0	611	149
12117	4,2	403,265	6,2	389,230	167	149
12118	549,442	13,4	540,506	3,0	220	149
12119	580,454	5,2	588,585	3,4	396	149
12120	2,4	139,113	4,6	335,227	184	149
12121	1,0	65,60	2,0	90,56	247	149
12122	37,27	0,0	19,6	1,0	247	149
12125	71,47	1,0	84,21	2,0	1369	149
12128	306,288	0,0	659,528	1,2	207	149
12129	540,611	16,19	850,619	12,7	330	149
12130	489,505	16,19	669,493	12,7	351	149
12131	119,113	170,219	82,68	263,194	170	149
12132	102,67	142,171	101,45	167,154	676	149
12133	0,1	2,0	2,0	0,0	152	149
12134	13,4	0,0	18,11	2,1	215	149
12135	171,201	2,0	243,137	2,0	4324	149
12139	25,9	100,105	15,13	138,112	152	149
12140	295,302	0,1	555,399	0,0	2429	149
12142	74,137	3,5	269,232	6,10	293	149
12143	29,29	1,1	49,44	3,0	199	149
12144	46,51	2,0	103,77	2,0	328	149
12145	20,24	2,0	57,35	2,0	278	149
12151	144,116	5,4	114,110	2,0	788	149
12153	107,99	9,8	157,94	21,13	153	149
12155	218,131	2,0	348,265	3,2	164	149
12158	26,27	0,1	57,24	0,0	254	149
12159	113,123	0,0	242,221	2,0	154	149
12160	134,137	0,0	273,230	3,0	154	149
12167	31,19	1,4	34,28	0,4	153	149
12171	6,11	0,0	15,15	2,0	153	149
12173	9,7	26,28	11,19	51,41	223	149
12178	2,0	25,30	2,4	70,64	179	149
12185	25,9	1,1	10,15	1,0	359	149
12188	36,23	1,0	56,50	0,0	4182	149
12190	47,28	2,1	39,27	0,2	153	149
12192	2053,1853	0,2	2738,2184	0,0	332	149
12194	11,15	8,8	11,8	4,6	152	149
12195	28,17	10,19	20,18	17,14	324	149
12199	4,2	110,82	3,2	136,75	179	149
12201	3,3	77,67	2,2	86,75	387	149
12206	0,0	0,2	1,0	0,0	313	149
12211	0,0	0,2	0,2	0,0	175	149
12215	1,0	97,112	0,0	72,66	162	149
12216	82,90	2,1	138,98	2,0	203	149
12217	66,108	7,3	92,85	7,2	228	149
12218	0,1	71,82	0,0	144,86	176	149
12219	119,118	11,5	191,119	11,5	176	149
12222	893,838	4,0	1858,1468	5,2	553	149
12228	96,72	212,183	32,11	75,50	2024	149
12229	144,122	7,9	48,25	3,2	2084	149
12230	260,233	7,9	91,64	3,2	209	149
12235	2,0	172,161	0,0	392,297	164	149
12238	63,75	130,137	53,33	230,199	3787	149
12239	80,86	0,1	77,51	1,0	3816	149
12240	147,148	0,1	254,217	1,0	178	149
12241	17,13	0,2	24,18	1,1	178	149
12246	12,14	277,241	10,12	537,429	216	149
12247	4,1	149,160	9,2	352,310	215	149
12249	17,14	27,26	16,7	39,15	243	149
12251	3,0	7,13	2,5	10,5	254	149
12252	4,0	4,1	1,0	0,0	254	149
12253	3,0	4,1	1,0	0,0	268	149
12256	164,103	21,22	114,115	12,8	456	149
12257	273,184	179,115	178,155	129,127	152	149
12258	842,607	148,133	497,351	110,83	161	149
12259	583,432	10,3	418,295	7,2	170	149
12262	76,37	34,46	60,46	46,21	152	149
12263	4,5	107,66	0,1	96,74	178	149
12265	377,414	1,3	839,679	2,0	174	149
12269	5,9	263,223	11,10	561,456	171	149
12270	12,15	263,223	18,20	561,456	206	149
12272	8,27	342,278	37,26	780,572	275	149
12273	260,154	2,1	277,144	2,4	155	149
12277	35,57	141,169	30,34	216,189	238	149
12279	45,40	0,1	78,36	3,1	152	149
12284	0,1	0,0	2,0	0,2	153	149
12286	733,563	0,5	1409,1013	0,1	333	149
12302	328,276	1,0	515,381	3,1	777	149
12303	31,23	1,0	17,7	0,0	777	149
12310	211,240	73,67	706,413	184,100	152	149
12311	145,205	199,261	432,303	554,340	182	149
12312	32,36	199,261	72,45	554,340	218	149
12313	6,3	119,172	2,1	362,259	185	149
12314	26,33	0,2	70,46	0,0	182	149
12322	29,30	0,1	81,52	0,0	269	149
12324	225,150	16,13	415,267	6,6	740	149
12325	220,150	42,18	415,267	33,26	740	149
12326	115,114	10,5	221,157	27,12	213	149
12341	214,196	0,0	369,274	1,1	153	149
12342	350,316	3,0	914,668	0,0	3172	149
12344	23,16	464,486	32,15	1148,767	166	149
12345	1,2	34,60	1,0	58,51	170	149
12346	1,1	1,1	1,0	11,3	169	149
12347	0,3	732,708	0,3	1220,898	179	149
12350	90,92	6,9	77,67	4,6	301	149
12351	52,67	11,4	128,87	8,2	226	149
12352	75,76	19,14	55,49	15,19	152	149
12353	12,6	4,0	4,6	2,0	152	149
12357	564,569	0,0	1195,847	1,0	167	149
12358	250,254	0,1	375,234	4,0	234	149
12359	217,201	1,5	352,249	8,3	600	149
12360	13,14	0,0	25,17	0,2	161	149
12361	104,112	0,2	215,151	0,0	439	149
12363	38,10	1,0	6,1	0,0	161	149
12364	69,24	1,1	13,6	0,0	1253	149
12367	22,27	124,98	6,9	98,45	302	149
12370	4,2	1,0	2,1	0,1	178	149
12371	5,4	32,28	2,2	10,3	191	149
12372	2,2	32,28	0,2	10,3	162	149
12373	9,7	412,270	9,9	718,504	187	149
12374	752,650	3,2	732,518	5,3	342	149
12376	1341,1396	4,3	2505,1955	1,1	1146	149
12377	608,576	0,4	852,689	0,0	2141	149
12378	2801,2750	0,2	6058,4388	1,0	300	149
12379	1360,1350	0,2	2568,2013	1,0	320	149
12380	24,24	1465,1424	18,31	3508,2406	169	149
12381	1045,997	0,0	2656,1991	6,5	152	149
12382	1280,1500	2,3	3266,2181	3,0	169	149
12383	1599,1709	0,2	3270,2177	0,2	229	149
12384	45,34	1301,1396	140,100	2410,1926	201	149
12385	140,128	949,999	194,151	2101,1565	857	149
12386	1857,1999	0,0	4089,3025	0,2	217	149
12389	2184,2431	1,1	4499,3134	1,0	452	149
12390	6,4	0,6	4,10	6,1	169	149
12391	10,14	2,2	28,32	4,2	153	149
12393	9,5	37,27	9,6	80,28	168	149
12394	92,84	269,344	103,70	312,261	164	149
12398	1,4	73,75	6,4	122,81	169	149
12399	1,1	72,82	0,2	107,78	168	149
12400	0,0	2,2	0,2	4,7	182	149
12403	52,27	2,1	49,42	4,4	2385	149
12404	55,32	0,0	51,44	1,2	2448	149
12405	5,6	0,0	6,6	1,2	212	149
12407	2,0	56,54	0,0	109,93	219	149
12408	5,2	72,39	5,1	63,35	189	149
12410	122,88	4,0	243,153	5,7	152	149
12413	2,3	11,7	0,0	0,2	308	149
12414	19,24	11,7	8,8	0,2	1095	149
12415	17,22	0,1	8,8	0,0	936	149
12416	5,0	30,12	1,0	5,1	193	149
12419	6,1	66,50	13,6	110,77	171	149
12420	1,2	46,26	3,5	62,6	164	149
12421	1226,1219	14,10	1475,1088	14,8	859	149
12422	2911,2982	29,49	3622,2650	58,39	2087	149
12423	0,1	0,0	2,0	1,0	169	149
12424	103,69	2,0	32,24	0,0	552	149
12425	0,0	1,0	1,0	2,1	152	149
12426	49,32	143,115	27,28	181,104	758	149
12428	18,21	0,0	55,44	2,3	155	149
12429	88,69	2,0	125,101	2,4	246	149
12434	10,11	62,69	14,8	91,86	199	149
12435	47,55	487,552	60,52	954,730	276	149
12436	99,113	487,552	137,130	954,730	226	149
12438	8,5	572,533	16,8	957,736	178	149
12439	11,7	0,0	7,6	0,1	156	149
12440	13,13	269,239	33,27	801,577	165	149
12441	251,151	1,2	42,17	2,0	904	149
12442	139,70	18,11	27,8	2,0	239	149
12445	43,69	51,38	43,41	67,45	378	149
12457	15,16	611,805	37,26	1220,823	179	149
12458	746,858	34,44	1572,1057	60,66	194	149
12459	317,261	3,9	370,270	5,3	218	149
12461	50,54	0,0	65,75	4,0	164	149
12462	56,69	0,0	72,63	4,0	187	149
12463	101,138	0,0	134,117	4,0	291	149
12464	40,44	34,29	53,44	46,56	172	149
12465	85,113	34,29	115,98	46,56	276	149
12466	48,70	3,1	74,61	12,7	253	149
12467	1839,2186	1,1	2490,1836	3,0	5798	149
12470	85,75	2,0	107,77	0,0	152	149
12472	9,7	3,0	18,10	0,0	216	149
12473	9,9	3,0	16,10	0,0	230	149
12474	1,3	1,1	3,2	5,2	163	149
12475	164,210	1,0	251,199	0,0	927	149
12481	166,198	0,0	259,204	0,1	894	149
12484	8,6	0,2	13,8	0,0	216	149
12485	173,198	0,2	262,195	0,0	994	149
12491	22,30	331,284	11,16	446,393	276	149
12492	678,597	4,12	1090,803	2,6	275	149
12494	47,21	328,368	25,31	524,397	176	149
12500	104,139	2,0	24,16	0,0	152	149
12506	6,1	10,6	0,3	7,0	318	149
12507	3,0	10,6	0,0	7,0	199	149
12514	360,303	0,1	743,478	3,5	179	149
12515	5,6	3,3	16,12	15,6	152	149
12518	1,0	4,4	1,2	2,9	205	149
12519	1,0	4,4	1,0	2,9	308	149
12529	21,25	124,105	17,23	267,222	389	149
12530	6,5	124,105	6,3	267,222	206	149
12532	1,0	0,0	3,0	1,0	226	149
12538	387,303	3,5	330,229	1,0	176	149
12540	0,0	20,18	1,0	24,12	276	149
12541	0,1	2,0	1,2	2,0	152	149
12544	218,145	20,13	291,166	8,3	2893	149
12545	45,59	146,138	32,34	195,160	324	149
12546	99,85	12,14	275,189	35,14	152	149
12548	1,1	9,8	1,3	25,15	209	149
12549	15,19	1,0	23,29	0,1	153	149
12550	0,0	1,0	0,1	0,1	167	149
12551	0,0	15,19	0,1	23,29	163	149
12552	139,138	6,1	178,141	0,0	2223	149
12553	53,65	140,143	101,80	225,188	362	149
12555	5,21	10,9	22,20	11,3	182	149
12557	316,269	3,1	755,567	1,3	152	149
12559	10,12	828,855	16,15	1824,1285	215	149
12560	8,12	828,855	16,15	1824,1285	171	149
12561	851,867	5,5	1833,1299	1,4	381	149
12562	1073,1254	1,0	1887,1426	0,0	557	149
12563	1025,917	4,1	1602,1301	2,0	294	149
12564	745,675	0,1	1230,1007	0,0	155	149
12571	11,8	0,0	13,4	0,3	188	149
12573	36,18	101,69	30,33	154,129	152	149
12574	430,380	1,0	443,315	0,0	1177	149
12575	802,782	290,268	1166,871	307,237	174	149
12576	71,66	2,0	89,44	0,0	562	149
12577	125,140	0,5	205,171	0,0	174	149
12586	28,30	18,17	32,21	52,19	152	149
12591	52,46	60,33	84,69	23,15	363	149
12592	6,6	91,75	11,8	121,92	152	149
12593	111,121	11,7	219,131	17,9	152	149
12594	362,269	0,1	392,250	0,0	664	149
12595	13,3	1112,873	11,11	1373,1097	162	149
12596	1171,894	51,43	1389,1111	47,30	168	149
12597	841,666	8,1	402,163	3,0	155	149
12598	18,15	57,58	27,16	51,38	333	149
12599	41,13	32,22	26,22	18,13	439	149
12600	29,28	2,5	33,16	0,2	174	149
12601	1,0	4,0	1,0	0,0	230	149
12602	6,7	9,9	6,5	5,10	227	149
12619	24,8	50,31	6,9	85,62	244	149
12620	4,4	63,43	3,5	93,65	167	149
12627	779,740	13,15	1222,842	19,19	209	149
12628	274,246	0,2	442,333	0,0	209	149
12629	10,11	314,244	6,2	562,410	199	149
12630	308,303	2,0	623,485	0,0	154	149
12631	562,518	4,5	936,759	1,7	224	149
12632	233,258	1,2	612,465	0,4	156	149
12637	80,69	0,2	36,71	3,2	926	149
12638	81,69	24,11	35,71	33,12	926	149
12640	45,41	2673,2598	39,38	5282,3815	247	149
12641	3130,2987	32,34	5996,4142	42,22	581	149
12642	2562,2348	0,1	5532,3742	6,5	157	149
12643	58,41	2099,1877	120,92	4642,3449	162	149
12644	110,98	2163,2159	153,81	3875,3102	200	149
12645	9,9	0,2	4,4	1,0	184	149
12650	52,55	6,4	32,40	1,1	175	149
12658	4,2	1,0	4,0	0,0	465	149
12659	1,2	0,1	2,3	0,0	1309	149
12663	142,160	20,14	239,204	10,13	190	149
12668	9,4	6,0	2,0	1,0	174	149
12669	47,22	108,98	25,14	108,65	174	149
12673	3,2	112,70	0,0	82,38	186	149
12674	306,209	2,1	234,114	0,0	1436	149
12675	23,19	7,0	48,18	11,7	172	149
12676	7,7	0,1	15,5	0,0	172	149
12677	188,193	8,20	477,315	29,20	257	149
12681	158,192	0,1	166,114	0,0	155	149
12682	168,161	1,0	149,130	0,0	2968	149
12684	10,11	3,0	10,11	6,0	178	149
12685	9,6	0,2	5,9	1,0	178	149
12686	98,106	4,4	79,35	0,2	211	149
12687	68,53	11,4	61,30	8,2	152	149
12689	526,376	31,23	341,221	33,16	245	149
12690	33,15	31,23	2,1	33,16	217	149
12691	334,293	2,0	708,504	0,0	209	149
12699	16,0	31,17	7,3	19,17	235	149
12701	18,6	1,0	5,4	0,0	434	149
12702	20,7	1,0	10,4	0,0	509	149
12705	2,2	34,26	7,7	50,74	155	149
12706	29,20	0,2	69,44	0,0	160	149
12707	2,6	0,2	10,5	0,0	275	149
12708	1,5	28,19	3,2	62,41	264	149
12713	44,18	0,0	21,9	1,1	305	149
12717	44,23	45,39	23,14	29,28	152	149
12718	3,1	0,1	0,0	0,2	152	149
12721	2,0	0,0	0,0	2,0	619	149
12723	3,0	7,10	4,2	3,5	191	149
12724	1,0	7,10	2,0	3,5	188	149
12726	0,1	925,973	8,5	2395,1832	181	149
12727	14,20	0,0	29,24	1,1	215	149
12729	32,27	27,25	35,17	79,48	152	149
12730	113,88	7,12	228,216	37,18	152	149
12734	2,0	0,1	1,0	0,0	155	149
12740	41,59	2743,2268	34,17	3172,2135	226	149
12741	319,299	2204,1874	381,286	3140,2181	278	149
12742	26,22	1504,1318	20,25	2528,1840	262	149
12743	121,94	2166,1762	157,121	2745,2180	185	149
12744	635,666	296,288	554,410	445,319	464	149
12745	503,545	719,636	485,360	1033,781	464	149
12746	462,448	283,255	818,598	482,351	171	149
12747	7,5	75,71	10,3	182,117	198	149
12751	3,2	94,74	5,0	71,19	582	149
12752	22,13	0,0	34,23	0,1	174	149
12753	21,11	0,0	27,21	1,0	174	149
12755	1115,1047	14,17	1068,668	17,10	151	149
12756	1155,1086	5,5	1111,696	6,2	153	149
12757	54,56	5,5	60,38	6,2	151	149
12758	2924,2960	2,0	2624,1852	0,0	354	149
12759	4818,4879	2,0	4430,3146	0,0	354	149
12761	3274,3148	2,0	4494,2972	0,0	813	149
12765	34,33	13,19	50,24	27,13	152	149
12767	104,81	0,0	212,170	2,0	155	149
12769	2,4	2,0	4,7	0,0	366	149
12771	413,382	36,16	1127,792	89,77	197	149
12772	515,396	12,6	412,263	0,0	759	149
12773	289,224	6,3	546,392	1,1	492	149
12774	28,27	2,0	86,55	0,0	184	149
12775	30,25	0,2	92,59	1,1	184	149
12776	106,71	12,21	258,161	31,19	184	149
12777	40,23	12,21	98,59	31,19	229	149
12778	12,3	78,51	14,4	174,106	194	149
12779	11,11	0,1	13,21	2,0	210	149
12780	287,347	2,0	624,461	0,0	244	149
12781	859,866	0,2	1834,1255	0,0	222	149
12782	2,2	66,54	5,0	129,75	173	149
12784	5,0	0,0	10,6	2,0	153	149
12788	0,0	4,0	0,2	0,4	275	149
12790	6,7	8,15	15,10	6,6	152	149
12791	123,173	197,202	285,210	320,243	152	149
12792	1,3	6,0	0,0	1,0	152	149
12793	1,0	5,2	0,0	1,0	389	149
12795	328,326	0,1	30,27	0,0	215	149
12796	4,2	0,0	2,2	1,0	153	149
12797	2,6	2,0	3,0	0,1	152	149
12798	3,6	0,4	19,6	0,1	201	149
12799	0,2	8,10	0,0	20,9	153	149
12801	50,49	0,0	100,81	0,1	649	149
12803	11,5	24,18	13,4	44,29	3884	149
12806	33,23	0,0	72,53	0,1	192	149
12807	24,32	0,0	63,51	0,1	4028	149
12810	22,29	31,20	48,32	57,34	3985	149
12812	11,16	0,2	8,3	0,0	219	149
12814	0,5	0,0	3,2	2,0	279	149
12815	0,5	0,0	1,0	0,2	152	149
12816	0,0	3,2	5,2	0,1	276	149
12817	5,0	3,2	2,13	0,1	279	149
12818	5,0	0,0	0,11	3,0	152	149
12819	25,35	17,6	67,62	26,19	152	149
12823	0,0	4,0	1,0	1,0	409	149
12828	17,8	97,103	10,4	220,171	196	149
12841	1,2	15,17	3,0	45,28	170	149
12843	62,68	42,57	106,60	96,69	152	149
12846	2,6	7,5	9,1	15,2	161	149
12847	0,0	16,19	0,1	6,0	168	149
12848	18,15	68,47	21,14	78,37	200	149
12849	6822,5711	1,0	13823,10267	0,0	154	149
12850	6145,5193	4,2	14555,9254	0,0	158	149
12851	110711,94848	5,14	249175,171288	4,2	821	149
12853	151846,128530	0,1	328745,252595	0,0	154	149
12854	153186,129711	0,4	332014,254973	0,0	160	149
12855	1340,1182	0,4	3269,2378	0,0	155	149
12866	0,2	8,7	0,0	3,2	153	149
12870	5,2	50,54	0,0	51,30	209	149
12873	464,422	10,8	569,482	7,5	177	149
12874	93,91	420,404	75,64	487,298	179	149
12875	40,45	12,14	34,19	9,4	211	149
12876	42,54	621,546	40,24	819,668	211	149
12877	503,418	9,12	979,605	22,6	178	149
12878	183,108	4,6	220,144	3,6	154	149
12879	78,79	2,6	97,96	2,0	185	149
12880	365,362	1159,1153	479,380	1745,1239	185	149
12881	90,87	26,40	112,105	44,18	185	149
12882	9,13	486,543	7,2	1418,1034	244	149
12883	6,4	0,2	8,1	0,0	244	149
12884	480,474	0,0	1132,875	1,0	153	149
12885	5,11	95,125	19,13	162,120	154	149
12886	2,3	95,125	0,2	162,120	1271	149
12887	2,3	5,11	0,2	19,13	1266	149
12889	146,136	0,3	193,148	0,0	2171	149
12890	146,136	3,2	193,148	0,0	2166	149
12891	0,1	143,133	3,0	193,144	159	149
12892	11,19	125,110	8,15	205,140	169	149
12893	27,17	0,2	63,54	0,0	204	149
12894	36,69	1,0	60,40	0,0	208	149
12895	231,254	48,49	411,317	81,65	152	149
12896	102,108	1,4	131,99	0,4	180	149
12897	190,161	5,12	310,256	9,8	180	149
12898	203,211	5,4	196,169	1,0	166	149
12904	0,0	1,0	0,1	0,0	354	149
12909	115,108	55,67	147,120	30,37	152	149
12912	1,2	77,86	0,0	85,74	194	149
12915	0,2	13,23	2,1	34,29	183	149
12917	450,376	9,13	700,501	21,13	152	149
12918	33,23	2,2	7,11	0,0	152	149
12919	34,40	1122,971	53,34	1741,1286	173	149
12920	38,60	2,0	75,66	0,5	1112	149
12925	25,28	232,198	16,17	359,220	207	149
12926	431,404	3,0	867,644	5,0	174	149
12927	83,84	0,0	248,148	1,2	200	149
12928	382,377	0,0	1001,721	2,0	200	149
12937	1,0	94,75	4,2	146,107	242	149
12938	7,15	235,190	9,2	328,212	254	149
12939	342,273	3,5	369,302	3,2	274	149
12941	157,139	0,0	316,223	0,1	326	149
12942	0,0	10,28	1,0	42,21	165	149
12943	32,22	0,2	46,40	0,0	154	149
12944	334,298	5,2	519,392	2,1	1313	149
12945	25,19	0,0	20,16	0,2	1313	149
12947	141,170	2,1	225,171	0,0	593	149
12949	46,42	0,0	36,25	0,1	155	149
12961	1,5	0,1	2,4	0,1	152	149
12962	2,0	0,0	1,0	0,1	152	149
12963	8,12	4,1	11,3	2,0	152	149
12972	273,184	0,0	441,317	0,1	448	149
13010	323,315	6,2	653,515	3,4	506	149
13016	4,0	2,0	1,0	0,0	182	149
13021	291,264	1,0	662,468	4,2	394	149
13022	6,12	121,85	5,1	114,83	326	149
13023	5,3	8,8	4,2	14,0	152	149
13024	37,48	0,0	43,43	1,0	154	149
13027	95,87	2,1	187,136	5,1	182	149
13028	492,431	2,1	822,552	5,1	240	149
13029	264,211	2,1	489,315	5,1	291	149
13030	404,354	7,10	644,430	9,14	207	149
13031	176,134	7,10	311,193	9,14	258	149
13032	51,32	279,252	72,50	405,287	200	149
13035	705,643	10,4	1064,783	3,2	251	149
13036	45,45	2,2	85,70	2,0	244	149
13039	0,0	0,2	0,1	0,0	279	149
13040	26,26	2,11	54,54	4,4	195	149
13041	11657,9800	6,2	24156,17911	0,1	506	149
13043	767,677	19,26	883,639	31,12	209	149
13045	29,13	49,62	22,14	68,37	2160	149
13048	66,69	789,867	81,59	1063,877	213	149
13049	859,806	0,0	1186,870	2,0	163	149
13063	2,0	2,1	4,0	10,9	301	149
13064	38,24	6,11	25,23	9,10	170	149
13066	154,102	110,104	141,118	131,81	152	149
13069	3,1	232,186	0,0	257,162	178	149
13071	6,5	126,83	1,4	29,21	183	149
13072	321,228	2,0	280,174	0,0	239	149
13073	393,307	8,4	374,253	8,8	281	149
13074	74,79	8,4	94,79	8,8	191	149
13086	0,3	23,21	4,0	31,10	166	149
13087	41,55	7,5	70,60	21,11	152	149
13089	43,48	2,0	43,33	0,0	577	149
13090	4,10	0,1	7,0	1,0	185	149
13091	2,8	0,2	2,3	0,0	185	149
13098	39,61	22,28	67,67	19,30	152	149
13099	0,0	3,0	2,3	1,0	152	149
13102	34,16	237,246	27,20	263,193	191	149
13103	20,24	237,246	15,11	263,193	224	149
13104	10,17	24,9	10,6	22,15	182	149
13105	4,5	219,184	0,0	434,330	249	149
13108	1,0	2,0	1,1	0,0	157	149
13115	0,1	1,0	2,0	0,0	184	149
13116	0,1	1,0	2,0	0,0	191	149
13117	0,2	1,0	2,0	0,0	239	149
13118	14,12	1,0	16,4	0,0	895	149
13119	14,13	1,0	16,4	0,0	1115	149
13134	9,7	10,8	2,1	3,2	152	149
13136	0,1	1,0	3,1	3,1	224	149
13138	1,5	45,53	4,5	131,93	231	149
13139	14,19	1,2	12,12	0,0	178	149
13145	13,2	6,3	10,9	6,2	157	149
13146	1,10	2,1	3,6	4,0	152	149
13148	1,3	0,2	2,2	0,0	152	149
13149	2,4	1,0	2,2	1,0	152	149
13150	1,0	0,1	1,4	2,0	152	149
13152	5,5	146,132	9,3	470,321	291	149
13157	42,24	3,1	101,72	6,2	162	149
13158	48,30	0,2	111,80	3,0	169	149
13159	9,7	0,2	16,10	3,0	156	149
13161	0,2	5,4	1,0	2,5	236	149
13162	0,0	5,4	1,0	2,5	171	149
13170	164,190	4,0	196,127	7,0	298	149
13172	6,16	0,0	11,9	0,2	428	149
13173	240,272	10,4	430,293	9,10	273	149
13177	11,4	0,0	1,0	0,1	197	149
13181	4,0	10,7	0,0	8,5	198	149
13182	4,0	10,7	0,0	8,5	201	149
13186	27,10	35,24	43,22	47,38	186	149
13187	0,1	10,9	0,0	41,25	162	149
13189	99,73	0,2	112,86	0,0	246	149
13194	28,40	10,15	35,29	19,12	3221	149
13195	14,26	10,15	30,23	19,12	2723	149
13196	14,27	5,9	30,23	1,6	2723	149
13198	3,1	0,0	1,0	6,0	164	149
13199	0,0	62,127	5,3	143,118	165	149
13201	544,417	9,2	743,635	1,4	324	149
13202	72,73	2,0	68,54	0,1	324	149
13204	556,605	0,1	417,321	0,0	3039	149
13205	1478,1574	0,0	2927,2114	0,2	3039	149
13206	79,115	0,4	72,54	0,0	537	149
13207	534,558	689,750	399,312	1884,1387	2765	149
13208	455,447	689,750	327,258	1884,1387	2377	149
13216	0,2	1,0	0,2	0,0	231	149
13217	51,30	15,23	111,94	42,28	200	149
13218	44,29	15,23	83,72	42,28	203	149
13219	27,20	34,21	44,39	72,61	152	149
13220	11,18	0,0	17,11	2,0	284	149
13222	1,1	0,0	0,0	1,0	152	149
13224	0,0	2,7	1,0	0,0	236	149
13225	15,9	2,3	8,5	0,0	153	149
13226	18,10	0,5	7,3	0,2	153	149
13227	340,278	72,87	468,412	113,147	153	149
13231	0,2	10,10	1,1	10,9	185	149
13232	50,76	10,10	69,62	10,9	153	149
13233	38,23	3,5	12,23	0,2	485	149
13235	72,53	0,0	40,20	0,1	679	149
13236	6,8	0,2	1,5	0,0	224	149
13237	33,16	65,52	20,26	79,36	152	149
13239	2,2	150,149	1,1	286,171	284	149
13240	258,268	2,0	461,307	0,0	317	149
13247	78,74	15,12	95,48	4,10	209	149
13248	24,27	13,5	45,30	12,10	152	149
13251	16,10	0,0	24,19	1,0	210	149
13254	0,0	0,1	2,2	4,4	169	149
13256	0,0	8,8	0,1	23,16	172	149
13257	4,0	0,0	9,8	0,1	202	149
13258	12,8	0,0	32,23	0,1	179	149
13263	2,0	0,0	1,0	1,1	153	149
13265	17,23	2,0	38,12	0,0	169	149
13271	116,102	1,0	149,130	1,1	156	149
13273	243,302	4,0	590,403	0,0	219	149
13274	149,126	9,11	374,288	3,0	181	149
13275	392,424	4,5	964,691	0,2	251	149
13276	252,309	4,5	593,403	0,2	219	149
13277	56,40	2,5	69,73	0,0	387	149
13279	2,1	63,51	3,3	99,62	178	149
13280	20,16	0,2	26,32	0,0	276	149
13281	22,18	4,2	26,31	7,9	276	149
13282	21,16	2,0	24,30	0,0	276	149
13284	2,0	0,1	1,0	0,0	154	149
13288	0,2	59,54	0,2	101,85	277	149
13289	4,4	0,1	23,8	0,4	171	149
13290	779,905	16,23	990,755	36,25	258	149
13291	792,923	2032,2196	1011,765	3283,2365	258	149
13292	1857,1962	2032,2196	2307,1789	3283,2365	519	149
13293	5340,5555	2032,2196	6997,5304	3283,2365	1267	149
13294	1079,1058	14,19	1318,1038	22,14	410	149
13295	4562,4651	14,19	6008,4553	22,14	1158	149
13296	3485,3602	2,4	4696,3524	6,5	897	149
13297	781,904	2,2	989,751	0,0	258	149
13298	7971,8326	2,2	11003,8183	0,0	1445	149
13299	7193,7422	3,0	10014,7432	0,0	1336	149
13300	2439,2683	4,1	5473,3869	0,0	475	149
13301	3199,3360	0,2	4753,3519	0,0	397	149
13302	13,20	2204,1775	11,13	4384,2727	187	149
13303	154,95	1,0	127,43	0,0	152	149
13305	502,418	0,0	155,68	1,0	1360	149
13306	4,3	57,77	4,0	39,70	239	149
13308	1048,852	0,1	895,647	0,0	155	149
13309	110,94	1494,1263	90,60	1401,1013	152	149
13310	1127,940	27,29	1506,943	40,32	250	149
13312	28,18	0,1	17,2	0,0	152	149
13313	30,19	3,2	17,2	0,0	152	149
13314	1728,1809	2,1	1724,1245	0,0	3105	149
13315	2761,2719	5,1	3274,2429	0,0	3105	149
13316	2789,2734	3,1	3291,2431	2,1	3108	149
13317	33,16	3,1	17,2	2,1	152	149
13318	174,90	124,78	176,99	163,138	152	149
13319	21,20	8,8	9,7	6,1	152	149
13324	1,0	2,0	0,0	0,2	182	149
13325	2,0	1,0	1,0	0,0	224	149
13326	24,25	1,0	84,56	0,0	772	149
13328	2939,2424	1,0	4893,3714	0,1	531	149
13330	495,505	30,8	828,602	37,40	350	149
13333	65,31	1156,1184	40,28	1653,1283	236	149
13334	24,10	3,0	7,2	0,0	152	149
13335	155,128	1,2	100,45	0,0	349	149
13336	91,73	4,3	107,76	0,9	154	149
13337	3,2	99,69	2,0	45,27	173	149
13338	121,109	22,21	70,54	3,2	220	149
13339	186,170	16,9	115,84	0,2	310	149
13340	44,37	0,0	43,34	3,1	520	149
13347	11,12	4,0	16,12	3,0	493	149
13350	83,97	39,50	193,121	116,84	152	149
13351	178,152	4,2	271,198	1,4	179	149
13352	662,665	6,3	994,570	0,2	800	149
13353	66,62	121,86	56,48	100,72	152	149
13354	135,100	0,1	118,82	0,0	619	149
13355	18,10	399,322	22,13	354,305	173	149
13362	4,2	0,2	2,3	1,1	152	149
13363	63,63	41,28	94,76	75,40	152	149
13366	18,23	1,1	20,19	2,0	153	149
13368	37,42	2,0	10,12	0,0	153	149
13371	2,1	656,498	0,0	220,129	207	149
13372	27,13	9,0	2,0	0,4	214	149
13373	2,3	656,498	0,0	220,129	200	149
13374	27,15	9,0	2,0	0,4	207	149
13375	681,510	9,0	222,129	0,4	156	149
13377	91,105	23,26	153,108	15,23	215	149
13378	45,46	3,3	64,40	3,0	215	149
13382	0,0	4,7	0,1	7,2	166	149
13384	246,258	0,1	455,282	1,0	251	149
13385	175,191	77,79	183,99	101,78	461	149
13393	2,0	1,0	1,0	1,3	194	149
13394	90,100	0,0	154,122	4,4	161	149
13395	45,37	0,0	109,93	3,0	152	149
13396	119,108	453,409	218,154	816,637	224	149
13401	352,212	17,13	202,118	9,2	1710	149
13402	223,142	1,0	58,46	2,0	1710	149
13403	2,1	13,6	14,4	28,12	212	149
13404	33,16	5,3	14,12	13,9	173	149
13405	1,1	36,42	0,0	98,62	166	149
13406	199,165	3,14	444,358	5,11	551	149
13407	2,2	2,2	2,0	2,0	155	149
13410	35,45	1,0	78,46	2,2	233	149
13411	49,55	26,30	114,68	75,63	308	149
13412	15,10	26,30	38,24	75,63	224	149
13414	3,0	2,1	3,0	1,1	184	149
13416	1,0	2,4	0,0	4,5	272	149
13420	4,12	45,20	6,5	35,18	819	149
13421	150,113	1,3	193,151	2,1	186	149
13425	120,69	2,0	83,64	0,0	180	149
13426	7,1	0,2	3,0	0,0	152	149
13427	1,7	0,4	0,5	1,2	196	149
13428	20,27	0,4	28,13	1,2	493	149
13429	19,22	0,2	28,11	0,3	446	149
13430	108,99	0,2	153,123	3,0	162	149
13431	21,15	0,2	30,24	3,0	596	149
13432	10,7	97,91	16,16	139,115	583	149
13434	1862,1871	7,11	2025,1430	1,1	836	149
13435	3147,3081	2,12	2586,2104	1,0	169	149
13436	831,860	2,12	894,661	1,0	293	149
13437	388,437	2704,2658	320,232	2012,1675	273	149
13439	81,76	3,0	108,102	3,0	159	149
13440	574,392	4,1	560,415	1,0	413	149
13441	1193,1106	1,1	3149,2181	4,1	205	149
13442	1231,1143	8,6	2758,2098	24,19	212	149
13449	662,595	37,21	530,404	28,41	739	149
13458	85,73	2,3	228,144	0,1	152	149
13459	95,115	3,2	267,161	6,2	152	149
13460	115,151	0,3	258,190	19,6	152	149
13461	50,47	2,0	135,68	7,8	152	149
13463	7,7	211,182	18,10	307,204	152	149
13469	41,50	27,40	103,84	116,71	260	149
13470	42,42	14,14	55,47	10,7	161	149
13471	13,20	23,23	54,29	44,29	152	149
13472	142,162	5,0	279,159	0,1	211	149
13481	91,97	1,0	153,84	1,0	169	149
13482	43,34	0,0	90,66	1,0	153	149
13484	9,10	0,0	15,5	2,0	153	149
13485	39,47	0,0	86,61	1,0	153	149
13486	0,1	66,80	2,2	98,82	178	149
13487	245,239	0,0	508,382	1,0	1589	149
13489	133,105	1,4	165,112	0,4	4258	149
13491	0,2	2,0	0,1	0,0	164	149
13492	11,7	1,1	11,2	5,4	208	149
13493	8,7	3,5	10,4	11,3	208	149
13494	2,2	0,0	2,0	2,0	159	149
13495	13,15	10,11	11,8	14,12	208	149
13496	2,2	0,0	1,0	4,0	159	149
13497	45,37	588,525	114,109	1549,1158	179	149
13499	5,3	288,307	3,4	453,329	169	149
13500	3,4	5,6	4,3	1,3	169	149
13501	4,4	234,235	4,3	548,392	169	149
13502	258,242	0,1	465,334	3,0	222	149
13503	12,11	0,0	9,4	0,1	154	149
13506	19,6	0,0	12,8	2,1	222	149
13509	37,32	1,4	51,22	3,0	159	149
13510	98,79	0,1	52,26	3,0	272	149
13523	78,54	3,2	31,23	0,0	179	149
13524	464,295	0,2	494,331	0,0	500	149
13529	1,4	0,2	2,1	0,2	178	149
13530	3,4	62,50	4,4	138,84	178	149
13531	6,8	10,12	1,4	7,2	171	149
13532	2,1	0,1	3,1	0,0	171	149
13542	17,24	0,1	27,17	0,0	152	149
13543	24,41	5,0	36,23	8,2	152	149
13544	116,129	29,34	179,115	36,37	152	149
13550	124,112	51,48	171,95	77,60	209	149
13551	6,4	161,132	11,3	291,192	197	149
13553	889,834	1,0	1996,1332	0,1	155	149
13554	8,8	1094,930	24,21	2562,2006	165	149
13555	70,45	900,614	76,41	1787,1395	397	149
13556	492,425	0,0	407,310	1,0	1030	149
13557	938,636	2,2	1820,1417	2,0	153	149
13558	1338,1003	0,0	2131,1672	1,0	782	149
13559	1336,1023	0,0	1905,1597	1,0	158	149
13560	4,0	305,235	2,2	496,343	187	149
13561	12,26	591,553	21,17	1245,960	160	149
13562	8,6	584,445	15,9	1062,802	179	149
13564	478,378	23,26	618,487	49,44	152	149
13565	1405,1222	2,6	1965,1441	1,6	155	149
13566	339,202	2,0	419,301	0,0	296	149
13568	9,26	390,386	10,13	930,653	167	149
13569	516,551	4,1	993,718	0,0	823	149
13574	98,92	0,2	201,123	0,0	347	149
13575	0,0	43,18	2,0	33,13	1162	149
13579	1,5	2,0	1,0	2,1	234	149
13610	107,84	2,1	169,131	1,2	605	149
13611	522,537	6,0	766,518	1,3	298	149
13612	10,5	9,16	8,1	9,7	170	149
13613	1110,1069	3,4	1802,1393	7,1	845	149
13614	1678,1587	36,29	1952,1517	20,19	2530	149
13615	10,6	923,877	7,8	1318,978	176	149
13616	1193,1219	2,2	1742,1314	0,1	156	149
13617	1219,1073	6,9	2255,1565	4,5	189	149
13618	10,0	901,762	3,3	1541,1030	165	149
13619	18,14	1117,1005	15,5	1844,1191	220	149
13620	1423,1469	3,0	2064,1588	5,0	233	149
13621	2,0	14,10	1,0	21,8	310	149
13623	5,7	0,4	6,4	2,1	152	149
13624	16,15	2,0	18,10	2,2	152	149
13627	4,0	0,0	2,0	6,6	620	149
13628	1,3	5,4	0,0	7,2	152	149
13629	1,0	2,7	2,0	9,10	342	149
13630	0,7	0,2	3,0	0,0	153	149
13639	5,5	7,3	2,0	0,4	183	149
13640	28,20	511,534	2,3	92,71	183	149
13642	219,244	3,5	448,350	4,10	221	149
13643	3,2	92,86	2,2	92,101	177	149
13644	132,115	0,0	227,158	0,2	167	149
13647	452,376	2,8	372,196	2,0	2008	149
13648	22,32	0,0	41,27	1,0	153	149
13649	3,10	13,7	9,13	30,11	203	149
13650	94,68	8,3	119,76	1,0	1380	149
13651	150,134	0,2	255,181	1,0	1644	149
13653	155,188	7,6	295,247	6,6	155	149
13654	70,55	3,0	101,74	3,2	155	149
13655	127,135	0,0	302,204	0,1	168	149
13656	223,136	0,2	284,194	0,0	219	149
13657	487,367	2,1	565,421	4,1	219	149
13658	219,121	152,112	251,143	268,184	2220	149
13659	33,18	156,87	29,16	164,99	782	149
13660	299,235	0,0	656,469	1,0	192	149
13665	31,41	1,0	95,56	0,0	158	149
13670	0,2	14,17	1,1	47,22	190	149
13671	230,199	3,10	326,316	0,4	1424	149
13672	0,3	96,93	1,8	173,142	164	149
13675	442,422	1,0	975,671	3,2	154	149
13676	10,23	6,4	19,6	13,5	197	149
13677	11,24	321,390	26,10	839,589	197	149
13678	8,22	2,0	20,6	1,0	197	149
13680	4,0	520,656	2,3	1501,1083	176	149
13681	210,214	931,927	449,270	1750,1181	293	149
13684	40,78	2,0	94,66	1,0	308	149
13686	0,1	3,8	0,2	1,2	303	149
13687	2,1	44,46	0,4	19,15	303	149
13690	0,0	89,62	2,0	155,135	185	149
13691	6,5	89,62	8,4	155,135	169	149
13694	123,143	0,0	320,221	3,6	221	149
13695	136,177	0,4	364,253	3,4	245	149
13696	88,96	0,4	218,158	0,0	724	149
13697	13,34	0,4	47,38	3,4	173	149
13698	1,3	88,127	8,3	298,180	185	149
13699	118,128	1,0	369,260	3,2	214	149
13705	296,300	1,0	599,480	3,0	196	149
13706	663,577	0,0	714,525	1,0	465	149
13707	21,23	1,0	37,18	2,0	153	149
13708	53,63	0,1	63,44	2,1	153	149
13709	11,1	3,1	7,1	3,1	165	149
13710	23,19	46,37	19,7	76,44	181	149
13711	15,19	46,37	15,7	76,44	165	149
13712	6,2	2,2	1,3	3,6	168	149
13713	19,4	60,66	12,11	194,114	168	149
13714	25,18	3,0	28,22	5,3	181	149
13715	66,80	3,0	210,125	5,3	162	149
13717	8,17	254,259	28,27	759,509	175	149
13718	263,222	4,4	467,325	11,8	155	149
13719	62,47	263,172	59,43	631,500	1503	149
13727	0,1	1,2	1,4	9,1	393	149
13729	0,4	56,65	0,0	145,89	168	149
13730	17,21	9,16	30,38	26,27	214	149
13731	10,11	1,0	20,6	0,0	1014	149
13732	12,22	139,157	24,16	294,211	1691	149
13733	3,6	218,212	0,2	399,277	175	149
13734	79,54	55,94	100,60	155,61	548	149
13738	17,16	33,21	30,17	66,54	184	149
13739	93,65	0,5	98,68	2,4	337	149
13741	90,32	0,0	116,123	1,2	219	149
13742	16,23	1,2	38,36	0,0	237	149
13743	30,33	0,1	75,48	0,2	237	149
13745	57,58	20,23	89,76	15,19	152	149
13746	61,60	0,1	100,72	0,4	185	149
13747	66,73	0,0	59,56	6,1	152	149
13748	8,12	151,137	19,14	236,206	265	149
13749	12,10	5,1	13,14	1,0	265	149
13750	195,168	5,1	206,200	1,0	756	149
13751	187,158	4,0	193,186	0,0	640	149
13754	43,22	58,69	30,24	202,143	2476	149
13756	858,722	11,19	1290,662	34,18	248	149
13757	340,289	4,1	481,256	0,0	248	149
13761	516,555	14,7	1150,795	21,8	191	149
13762	151,192	0,4	270,201	2,2	191	149
13765	67,53	1,2	65,46	4,0	3226	149
13766	111,110	0,0	184,112	0,1	3226	149
13776	36,24	2,2	16,14	0,0	174	149
13777	228,213	0,0	358,251	0,2	200	149
13785	1,0	58,40	1,2	132,76	196	149
13792	0,0	57,43	0,1	53,30	167	149
13796	10,13	1081,816	22,16	1860,1211	296	149
13797	1765,1290	1,0	3277,2174	1,1	248	149
13798	1345,1021	0,1	2533,1715	0,0	549	149
13799	3,0	1246,936	2,2	2417,1656	224	149
13800	73,27	2,2	39,36	1,0	243	149
13801	421,308	0,0	348,297	2,2	1106	149
13808	6,5	116,119	21,13	509,331	195	149
13809	8,8	139,111	37,27	587,391	152	149
13810	7,11	6,5	15,5	24,15	210	149
13811	4,10	143,136	11,2	306,164	203	149
13812	15,19	167,146	32,27	321,156	169	149
13814	107,93	84,52	189,102	102,40	181	149
13815	108,93	1,0	189,102	2,0	184	149
13816	85,52	1,0	102,40	2,0	152	149
13820	8,5	633,642	6,6	925,566	196	149
13821	4,4	1,1	11,2	0,0	226	149
13822	2,0	7,2	1,1	3,5	193	149
13824	2,2	57,42	1,1	102,91	188	149
13825	38,33	3,0	81,36	3,1	325	149
13828	12,7	70,52	3,3	39,25	208	149
13831	33,43	1,0	44,38	0,2	184	149
13832	62,43	0,0	97,50	0,2	218	149
13833	72,84	1,0	165,105	0,0	184	149
13834	144,130	3,1	282,168	3,3	218	149
13835	62,51	1,0	50,69	4,3	152	149
13836	5,1	4,0	9,6	2,0	152	149
13837	8,15	79,74	23,16	97,92	152	149
13838	62,41	586,338	81,72	723,735	226	149
13841	50,36	41,35	61,50	68,59	270	149
13850	0,4	1,0	8,6	0,0	1433	149
13851	346,347	0,0	755,577	1,0	185	149
13852	822,893	2,0	1547,1085	0,0	3313	149
13854	30,31	0,0	34,22	0,2	1031	149
13856	14,22	0,0	19,8	1,0	170	149
13857	30,33	0,4	58,39	8,5	170	149
13858	15,22	26,16	26,19	39,21	318	149
13859	13,13	3,5	20,11	1,1	318	149
13860	55,41	2,2	101,75	1,4	154	149
13861	11,4	2,0	7,5	0,0	154	149
13863	100,67	0,2	155,110	2,0	153	149
13864	9,6	3,0	5,21	0,3	152	149
13867	6,2	15,13	0,0	14,13	242	149
13868	48,31	33,51	80,27	49,42	924	149
13870	12,17	66,56	9,9	116,91	1017	149
13871	128,125	0,7	132,86	0,2	399	149
13872	22,40	29,43	21,20	43,45	169	149
13873	38,49	1,0	46,27	0,2	242	149
13874	45,52	1,0	68,52	0,2	222	149
13875	3,0	1,0	7,4	0,0	168	149
13876	223,271	1,0	410,378	0,0	748	149
13878	109,128	6,6	311,208	8,7	192	149
13879	27,32	1,3	81,61	11,7	192	149
13882	199,150	4,0	202,138	0,1	221	149
13883	2,2	168,134	9,3	264,190	251	149
13886	125,118	1,2	244,163	11,2	157	149
13887	16,24	76,57	58,25	139,104	152	149
13893	4,0	11,3	0,0	3,0	180	149
13894	7,0	11,3	1,0	3,0	204	149
13895	4,0	1,0	1,0	0,0	173	149
13896	1,4	0,1	4,6	0,0	170	149
13897	12,18	0,1	22,17	0,0	181	149
13899	12,10	12,10	4,13	6,2	152	149
13901	44,71	10,10	112,63	21,16	306	149
13904	1,0	693,690	0,0	1374,895	178	149
13905	602,622	1,0	1249,823	0,0	164	149
13908	542,601	3,2	1261,851	3,4	156	149
13911	529,576	6,9	915,659	6,3	152	149
13914	0,0	8,19	1,0	18,2	191	149
13915	1,1	10,17	0,1	18,9	222	149
13916	19,13	60,48	9,5	18,8	197	149
13917	26,19	47,27	9,10	28,22	197	149
13918	68,51	58,48	71,60	68,50	387	149
13919	3,3	58,48	13,4	68,50	188	149
13921	93,83	1,0	133,76	0,0	557	149
13922	74,81	47,32	68,50	44,27	622	149
13923	30,37	2,6	34,29	7,4	294	149
13924	12,11	0,0	25,10	7,2	250	149
13925	69,85	12,10	138,80	8,17	579	149
13926	0,3	20,26	4,2	35,22	171	149
13929	6,7	2,0	5,10	3,1	168	149
13930	8,10	0,0	17,9	2,0	183	149
13931	14,17	0,0	22,19	2,0	204	149
13932	14,21	0,0	12,24	2,0	170	149
13933	12,1	5,12	6,11	9,8	177	149
13934	1,6	88,119	0,1	135,103	167	149
13935	100,102	3,7	157,124	11,9	183	149
13936	0,4	9,6	16,14	26,11	170	149
13937	20,2	0,0	10,3	1,0	172	149
13938	149,133	2,1	280,201	0,0	279	149
13947	7,2	2,0	2,4	0,0	152	149
13948	2293,2229	63,62	3213,2280	18,21	516	149
13950	74,34	145,154	166,120	453,310	161	149
13951	2,1	1,0	1,1	4,1	163	149
13952	56,51	0,0	74,23	1,0	912	149
13953	1,1	0,0	2,1	9,0	163	149
13954	15,12	40,53	25,6	107,55	152	149
13955	61,28	1,1	66,50	3,3	208	149
13956	6,2	19,5	2,2	16,15	152	149
13957	78,76	2,2	174,149	2,2	152	149
13960	0,1	4,0	1,0	2,0	152	149
13962	0,1	0,0	4,0	0,2	227	149
13963	51,36	68,61	57,47	99,67	152	149
13965	25,41	6,1	75,44	6,7	153	149
13966	97,102	2,2	97,83	4,1	208	149
13967	12,14	86,61	2,2	118,62	190	149
13968	38,48	549,592	17,20	1337,939	827	149
13969	6,6	646,596	19,10	1356,974	153	149
13970	976,962	2,0	2101,1567	0,0	1461	149
13972	1591,1598	2,12	3761,2759	0,0	829	149
13973	25,13	1007,900	38,36	2480,1840	232	149
13974	1332,1219	0,1	3116,2426	0,0	760	149
13975	1323,1221	4,3	3151,2457	0,0	976	149
13976	1608,1435	4,0	4356,3160	0,0	755	149
13977	2,0	10,9	0,0	15,13	166	149
13982	1909,1975	5,6	3846,2796	1,0	1320	149
13983	17,3	0,1	20,21	6,6	318	149
13991	6,5	56,34	5,1	41,27	209	149
13993	3,0	1,0	0,2	0,0	641	149
13994	0,0	18,12	2,2	9,10	284	149
13998	64,28	1,0	72,55	0,0	1086	149
14002	8,12	9,14	21,29	39,18	2667	149
14003	131,151	3,0	300,218	4,0	1921	149
14004	149,175	3,6	344,257	10,6	2160	149
14005	21,24	3,6	48,39	10,6	388	149
14006	293,290	0,2	379,223	3,4	970	149
14007	619,474	0,0	672,447	0,2	564	149
14008	18,23	11,8	35,36	30,42	152	149
14011	6,7	34,21	0,5	59,25	294	149
14026	3,3	16,1	0,0	8,3	430	149
14028	73,105	3,0	152,98	4,0	152	149
14029	2,5	4,4	5,0	1,1	162	149
14032	8,12	121,103	19,13	309,259	168	149
14033	1,5	5,11	1,2	12,5	184	149
14034	4,6	121,103	8,10	309,259	203	149
14036	5,5	30,46	6,5	34,30	172	149
14037	74,96	5,4	106,77	0,0	485	149
14038	44,52	16,17	98,73	14,11	213	149
14039	18,38	16,17	53,32	14,11	216	149
14040	22,28	16,17	45,29	14,11	246	149
14041	17,27	16,17	43,27	14,11	255	149
14042	17,27	16,17	43,28	14,11	269	149
14043	5,15	31,29	15,7	60,48	152	149
14044	9,5	31,29	7,4	60,48	182	149
14045	4,4	31,29	5,2	60,48	191	149
14046	4,4	31,29	5,3	60,48	205	149
14047	9,3	5,13	5,4	13,7	179	149
14048	4,2	5,13	3,2	13,7	188	149
14049	4,2	5,13	3,3	13,7	202	149
14050	1,0	6,1	1,0	3,2	158	149
14051	1,0	6,1	1,1	3,2	172	149
14053	21,3	125,140	24,14	268,160	195	149
14054	50,39	47,50	144,75	157,79	158	149
14074	0,6	0,1	0,3	0,0	2458	149
14077	1,0	0,1	7,3	0,0	159	149
14078	1,0	0,1	0,0	2,0	334	149
14081	2,10	398,426	4,1	1116,802	168	149
14083	28,34	200,185	4,0	10,7	797	149
14085	0,0	16,10	1,0	31,16	269	149
14086	1,1	1,0	1,0	2,0	274	149
14088	17,11	1,0	31,16	2,0	154	149
14091	1,2	0,0	0,1	1,0	152	149
14092	10,15	1,5	26,12	2,3	152	149
14093	6,9	91,107	2,0	205,146	166	149
14095	1,2	63,69	0,2	137,99	169	149
14098	552,548	150,160	562,357	103,74	376	149
14100	515,442	0,0	1025,791	3,2	209	149
14101	19,22	60,80	22,20	124,77	153	149
14102	0,2	60,80	1,0	124,77	188	149
14103	0,2	19,22	1,0	22,20	184	149
14104	16,9	525,534	21,21	1443,1039	173	149
14105	67,44	0,0	110,91	2,4	182	149
14106	576,569	0,0	1532,1109	2,4	158	149
14107	21,14	645,619	23,13	1607,1236	190	149
14108	18,20	674,629	44,28	1511,1161	225	149
14112	37,20	1,0	56,50	0,0	190	149
14113	37,21	0,2	57,50	0,0	193	149
14114	43,56	13,14	80,58	16,12	193	149
14124	0,1	0,0	0,2	2,0	293	149
14128	10,12	0,0	28,14	0,2	173	149
14131	11,10	16,35	20,14	46,28	152	149
14132	81,52	13,3	72,51	2,4	185	149
14133	0,7	1,0	1,0	4,4	170	149
14137	7,6	233,182	10,8	415,326	152	149
14138	7,6	168,189	4,0	150,119	178	149
14146	503,497	1,8	534,340	0,0	322	149
14148	322,316	10,4	482,363	6,5	1644	149
14151	9,3	16,3	6,3	9,8	153	149
14154	1,0	0,0	0,0	0,1	165	149
14156	467,498	15,32	681,534	41,33	152	149
14157	107,128	605,671	50,25	823,605	300	149
14158	230,262	4,5	312,214	4,4	167	149
14159	507,457	12,10	693,464	7,10	167	149
14160	8,5	135,131	7,14	194,146	170	149
14165	121,95	0,0	115,69	4,2	236	149
14167	3,2	79,82	5,2	203,151	207	149
14168	63,70	0,0	172,148	0,1	227	149
14169	116,112	0,2	283,225	5,2	227	149
14170	2,2	87,89	0,2	187,127	178	149
14171	106,82	0,0	218,150	1,0	381	149
14172	1,2	1,1	5,2	0,0	152	149
14173	45,49	1,1	90,58	0,0	218	149
14174	44,48	0,1	90,57	5,1	215	149
14175	1,4	33,26	4,2	128,77	164	149
14179	20,41	1,0	82,79	4,1	152	149
14180	18,24	1,0	43,16	2,3	170	149
14183	12,0	4,0	10,2	0,0	152	149
14184	4,2	26,8	3,2	21,13	152	149
14185	3,0	8,6	4,4	10,7	226	149
14187	46,64	11,13	58,60	31,14	154	149
14188	280,242	34,35	543,416	12,19	175	149
14190	149,116	14,9	295,251	20,11	250	149
14191	13,4	1,3	2,2	2,0	638	149
14192	1,1	4,2	0,0	3,5	195	149
14198	8,8	91,67	5,2	55,31	259	149
14199	1,1	110,78	4,1	55,16	180	149
14202	12,10	182,168	9,3	367,203	266	149
14204	233,209	4,0	502,357	0,4	223	149
14205	25,5	127,101	21,10	216,163	453	149
14206	0,0	620,425	1,2	839,712	208	149
14208	0,2	33,25	2,0	43,21	214	149
14210	4,0	940,1038	2,0	1305,1043	169	149
14211	321,262	2,0	252,179	0,0	166	149
14212	463,385	97,72	577,387	55,21	357	149
14218	311,330	5,8	420,386	1,5	448	149
14219	229,203	5,0	174,150	0,0	794	149
14220	11,19	91,108	29,33	181,131	241	149
14221	20,4	11,10	15,10	10,1	195	149
14222	6,12	67,85	20,14	148,111	207	149
14224	36,34	0,0	31,23	4,0	291	149
14225	8,6	32,31	5,3	27,23	215	149
14227	106,94	5,0	208,136	7,2	153	149
14228	203,181	17,9	258,212	14,13	213	149
14230	30,20	3,0	6,5	0,0	153	149
14231	61,64	1,0	18,18	0,0	2047	149
14232	2,0	146,145	0,0	253,199	166	149
14233	0,0	8,9	1,0	3,5	292	149
14237	117,88	4,2	162,97	1,0	180	149
14238	60,67	28,36	114,77	56,27	152	149
14239	124,72	1,0	282,180	0,0	705	149
14245	21,15	0,4	53,31	1,0	160	149
14246	6,2	0,0	4,0	0,2	746	149
14247	63,64	10,6	120,91	28,19	155	149
14251	33,28	199,136	29,20	179,127	152	149
14252	83,52	3,2	115,113	1,0	215	149
14264	18,34	1,0	29,29	0,0	155	149
14265	13,14	4,6	20,11	3,4	219	149
14266	360,376	1,2	545,415	0,0	232	149
14267	93,90	72,67	156,116	104,79	200	149
14268	33,33	0,0	54,37	1,0	200	149
14269	329,323	0,0	439,331	0,2	1493	149
14270	183,199	0,0	570,409	1,0	194	149
14278	85,79	0,1	43,33	0,0	548	149
14281	4,6	22,19	2,2	23,29	2180	149
14282	89,116	0,0	402,312	1,0	153	149
14284	24,11	37,15	30,18	39,26	152	149
14293	52,67	1,1	142,119	2,0	281	149
14298	60,63	4,1	147,118	9,12	152	149
14299	36,38	885,653	74,67	1603,1297	191	149
14300	199,179	334,274	248,158	329,284	833	149
14301	34,21	0,0	87,76	1,0	330	149
14308	0,0	14,18	2,3	46,49	185	149
14309	26,25	1,1	30,6	0,0	152	149
14316	142,131	4,0	142,102	1,0	199	149
14317	1,0	169,139	2,2	184,123	168	149
14320	16,16	0,0	30,24	0,1	206	149
14321	96,71	123,129	137,86	228,115	206	149
14322	11,11	123,140	14,5	211,157	152	149
14323	5,11	147,200	2,6	323,232	186	149
14324	1,0	145,204	1,5	240,254	521	149
14325	3,15	197,250	11,6	382,224	164	149
14327	6,2	0,0	3,0	1,0	252	149
14334	5,0	0,0	2,2	2,0	206	149
14336	18,30	2,3	39,32	6,0	155	149
14337	6,2	58,79	4,5	132,73	167	149
14339	239,259	0,1	679,448	6,1	287	149
14340	220,228	0,2	626,425	2,2	287	149
14341	216,220	0,2	608,413	0,0	287	149
14350	194,143	13,17	187,162	21,22	152	149
14351	28,28	1,4	9,18	0,1	152	149
14352	115,59	2,20	82,60	6,9	210	149
14353	66,38	0,0	39,31	0,1	210	149
14354	62,56	39,37	74,60	24,16	307	149
14355	74,64	39,37	82,66	24,16	324	149
14356	12,8	0,0	9,6	1,0	166	149
14357	237,206	139,211	474,317	505,345	456	149
14358	14184,12196	1,0	16053,9992	0,0	924	149
14359	2,2	2,7	4,2	7,4	170	149
14367	56,83	1376,1408	39,26	1476,1040	153	149
14368	57,57	1376,1408	36,32	1476,1040	172	149
14369	28,28	27,54	23,22	26,16	168	149
14370	23,20	0,0	20,12	1,0	153	149
14371	1434,1468	0,0	1515,1079	1,0	171	149
14372	114,143	0,0	78,65	1,0	175	149
14373	1412,1448	1,0	1495,1067	0,0	167	149
14374	92,123	1,0	58,53	0,0	171	149
14375	595,516	0,4	337,272	3,0	378	149
14376	2367,2270	0,4	2142,1667	3,0	580	149
14377	2062,2025	131,133	1990,1525	58,45	351	149
14378	1452,1438	29,35	1600,1168	27,17	153	149
14379	2887,2864	6,2	2842,2200	2,1	549	149
14380	2268,2264	0,2	2382,1776	0,0	347	149
14381	1903,1868	2,0	2033,1494	0,0	156	149
14382	3441,3343	9,3	3262,2628	12,6	1127	149
14383	2822,2743	0,4	2802,2204	2,0	925	149
14384	2375,2251	8,13	2366,1848	8,4	727	149
14385	17,17	1395,1311	6,8	1414,1014	167	149
14386	2841,2754	0,4	2891,2329	11,2	1127	149
14389	17,15	795,722	5,8	1043,715	167	149
14391	4631,4522	0,0	4499,3497	1,0	1392	149
14394	20,32	2354,2246	37,24	2393,1671	167	149
14396	1106,1139	0,0	942,812	1,0	549	149
14398	77,44	2111,2034	76,68	1952,1364	198	149
14399	96,52	2111,2034	84,74	1952,1364	207	149
14401	3181,3168	2,5	2951,2056	10,3	461	149
14402	2830,2853	0,0	2687,1882	1,0	156	149
14403	2134,2144	0,3	1951,1373	0,1	510	149
14404	49,39	1959,1999	46,38	1815,1261	163	149
14405	62,50	1959,1999	32,31	1815,1261	174	149
14406	37,30	24,19	15,15	29,22	160	149
14407	2259,2251	6,4	2194,1554	8,0	739	149
14408	25,20	2,2	17,16	2,3	163	149
14409	2299,2336	2,2	2267,1587	2,3	378	149
14411	440,415	1,0	379,252	0,0	461	149
14412	177,146	4,2	136,112	0,0	510	149
14413	542,557	2,1	588,399	0,0	378	149
14414	502,472	4,2	515,366	0,0	739	149
14415	64,64	33,28	79,56	29,22	152	149
14416	75,66	3,1	178,142	2,3	166	149
14417	3,0	110,128	0,1	224,170	162	149
14418	3,9	160,160	4,2	223,177	173	149
14419	0,2	111,101	0,0	137,103	168	149
14423	119,134	19,33	261,155	72,39	1064	149
14424	138,166	1,2	246,195	2,5	466	149
14428	397,453	19,24	841,572	32,27	212	149
14434	4,8	7,4	0,3	11,4	1106	149
14435	1,0	0,0	9,5	1,0	170	149
14445	81,54	0,0	99,75	1,0	158	149
14447	71,61	2,1	103,62	2,0	185	149
14448	0,0	2,3	0,2	3,0	153	149
14455	4,3	0,0	5,2	1,0	152	149
14456	62,62	1,0	116,75	0,0	893	149
14457	2,5	4,14	8,2	5,11	152	149
14463	2185,1604	6,5	2850,2036	5,4	159	149
14464	832,637	1,0	637,359	0,0	153	149
14468	9,10	0,4	25,36	8,6	201	149
14469	0,0	8,12	1,3	45,25	367	149
14470	499,427	5,2	685,466	1,3	264	149
14478	81,102	3,0	196,154	3,1	209	149
14479	20,30	2,0	62,41	0,0	209	149
14480	160,172	1,0	283,214	2,0	253	149
14486	459,471	36,22	904,672	82,64	191	149
14487	146,161	6,3	292,224	1,0	191	149
14499	0,1	3,6	1,0	5,2	176	149
14500	0,1	4,4	3,1	5,0	179	149
14501	3,6	4,4	7,3	5,0	152	149
14510	15,16	2,0	12,30	0,0	1028	149
14511	54,42	2,0	67,109	3,0	210	149
14512	21,27	14,4	41,42	18,11	178	149
14514	0,0	0,4	3,4	4,0	347	149
14518	2,2	1,0	0,0	1,1	152	149
14519	0,0	62,47	0,2	90,70	169	149
14520	6,4	1,0	6,4	5,0	165	149
14521	235,203	1,0	333,249	0,0	577	149
14522	4,3	165,145	5,5	354,279	179	149
14524	1634,1266	0,1	1004,633	0,0	158	149
14525	1612,1231	1,0	914,595	0,0	170	149
14526	0,0	1439,1063	2,0	1491,906	266	149
14527	2246,1912	1,0	2528,1920	5,2	155	149
14528	41,37	329,232	38,25	256,109	292	149
14529	3,4	8,13	4,0	8,5	701	149
14530	6,2	0,1	2,9	0,0	660	149
14534	180,133	314,240	174,122	497,288	152	149
14535	1802,1609	0,2	1826,1263	0,0	1468	149
14536	78,54	1609,1397	52,30	1872,1512	165	149
14541	4,8	9,18	9,3	16,9	276	149
14542	73,55	3,5	71,25	4,1	1292	149
14543	68,45	3,5	64,19	4,1	1419	149
14544	67,46	35,24	68,22	36,16	1419	149
14545	88,62	35,24	95,46	36,16	1292	149
14546	3,9	24,25	13,6	40,30	276	149
14547	2,5	9,14	4,1	15,10	153	149
14548	3,4	1,4	1,4	0,2	230	149
14549	3,4	1,4	2,5	0,2	238	149
14552	114,142	2,1	168,114	4,4	232	149
14554	122,88	9,13	104,75	8,11	197	149
14557	3,6	271,287	1,10	785,645	242	149
14567	510,471	0,0	867,614	2,2	222	149
14568	62,35	0,2	23,2	0,0	153	149
14569	1,3	82,78	2,0	62,28	336	149
14571	70,51	3,2	74,58	5,0	154	149
14572	675,610	2,0	1261,938	0,0	609	149
14573	408,398	1,0	938,744	4,0	816	149
14574	5,3	163,164	16,11	343,272	215	149
14575	91,57	187,140	156,107	318,222	152	149
14576	0,0	225,175	2,1	448,335	169	149
14577	1,2	186,170	5,7	415,342	173	149
14581	215,195	2,2	262,232	4,4	323	149
14582	5,7	77,74	3,4	144,78	167	149
14587	8,5	146,157	1,3	324,209	184	149
14588	231,234	2,3	369,275	5,0	154	149
14589	8,9	2,3	24,8	5,0	172	149
14590	5,5	228,230	17,5	362,272	167	149
14592	358,212	28,17	671,516	36,23	756	149
14593	410,358	0,2	806,594	0,3	514	149
14594	361,331	0,0	818,616	0,2	197	149
14595	2,0	7,7	0,2	10,12	390	149
14597	15,14	934,766	30,18	1887,1347	282	149
14598	0,3	0,0	2,2	1,3	190	149
14603	17,9	8,5	13,13	18,7	152	149
14604	0,2	8,5	1,0	18,7	179	149
14605	0,2	17,9	1,0	13,13	176	149
14606	15,29	0,2	73,30	2,1	161	149
14607	38,36	0,2	54,61	2,1	206	149
14608	35,34	12,27	44,55	63,24	194	149
14609	1,0	32,43	0,0	188,141	198	149
14611	97,99	4,2	192,147	8,9	152	149
14612	5,4	102,91	16,8	193,131	188	149
14613	22,24	2,0	40,22	5,0	157	149
14617	3,0	0,1	1,0	0,0	204	149
14625	144,166	0,3	413,340	1,0	518	149
14627	7,7	185,199	11,14	349,249	167	149
14628	0,3	14,12	1,3	29,33	167	149
14659	2,0	16,16	1,0	22,14	233	149
14665	2,2	5,9	5,2	18,2	737	149
14666	1,3	0,0	4,4	1,2	173	149
14667	3,4	21,18	17,6	29,25	170	149
14668	3,5	4,13	18,7	17,17	173	149
14669	21,19	4,13	30,26	17,17	152	149
14674	28,8	19,36	19,20	24,25	188	149
14675	82,47	60,76	87,81	72,76	360	149
14676	73,75	60,76	92,86	72,76	321	149
14677	13,35	87,105	29,14	117,79	202	149
14681	1,0	2,2	2,0	0,0	164	149
14684	78,28	2,3	25,12	0,0	182	149
14686	562,527	1,2	575,398	0,0	1424	149
14687	7,8	455,444	10,10	885,568	164	149
14699	41,35	0,2	69,50	0,0	276	149
14700	58,65	6,1	106,58	7,4	276	149
14704	162,163	6,2	504,316	5,11	152	149
14707	42,34	7,12	58,53	7,3	197	149
14709	0,4	6,16	7,2	23,14	218	149
14715	20,14	15,11	5,11	10,10	152	149
14716	138,145	0,0	199,110	1,0	175	149
14717	14,9	33,46	23,23	77,60	152	149
14719	10,6	0,1	5,8	0,1	208	149
14720	15,11	0,1	5,11	0,1	229	149
14721	13,3	0,1	10,18	0,0	224	149
14722	24,20	9,4	26,28	4,2	152	149
14723	198,96	3,3	134,101	2,4	190	149
14724	226,158	55,66	221,145	54,47	152	149
14734	190,77	828,522	145,122	644,426	208	149
14735	559,627	0,5	1120,854	2,0	468	149
14736	3,4	10,5	2,1	9,5	153	149
14738	135,106	5,5	160,121	9,6	152	149
14739	11,10	881,825	19,24	1877,1431	163	149
14740	908,854	0,0	1907,1476	4,0	403	149
14741	941,916	3,9	2259,1781	2,10	1178	149
14742	939,947	0,3	1917,1480	4,1	342	149
14743	1005,980	0,1	1945,1522	0,0	629	149
14745	25,17	0,3	13,16	1,1	648	149
14747	31,27	0,3	23,18	1,1	644	149
14751	7,6	1,0	9,5	0,0	219	149
14752	7,6	1,0	7,5	0,0	216	149
14753	171,147	2,0	249,159	4,0	157	149
14769	140,149	2,4	300,235	0,2	202	149
14772	383,371	21,21	638,500	31,8	168	149
14780	4,0	1,0	6,12	2,0	953	149
14781	2,0	1,0	2,0	2,0	352	149
14793	5,6	98,87	5,7	119,70	174	149
14794	482,437	1,11	751,574	2,0	454	149
14795	482,437	3,4	750,574	0,0	454	149
14796	483,437	53,43	750,574	41,26	454	149
14797	46,58	536,529	40,44	458,374	169	149
14798	352,274	26,12	656,445	51,53	520	149
14801	32,37	0,0	62,60	2,1	152	149
14802	14,11	981,914	13,6	2331,1547	163	149
14804	82,94	558,572	205,132	1259,989	255	149
14805	18,12	897,757	4,12	690,530	171	149
14807	7,9	5,3	17,13	11,4	152	149
14811	98,115	4,2	175,129	3,1	673	149
14826	103,67	19,10	105,58	15,9	173	149
14827	27,19	19,10	31,13	15,9	204	149
14828	9,7	85,55	6,4	80,49	180	149
14830	9,13	100,67	10,2	85,42	1148	149
14831	78,81	5,4	178,159	11,11	186	149
14837	105,120	0,0	222,152	4,0	329	149
14838	21,18	2,1	24,17	3,5	152	149
14839	8,1	71,48	1,1	82,90	197	149
14840	0,3	9,8	0,1	5,3	163	149
14854	9,5	0,0	5,2	1,0	217	149
14855	13,10	0,0	6,2	1,0	270	149
14856	23,27	0,0	13,9	1,0	432	149
14866	56,45	0,1	51,27	0,1	156	149
14868	50,22	0,3	12,14	0,0	838	149
14872	0,1	3,7	0,1	0,5	152	149
14873	0,2	3,7	0,0	0,5	162	149
14874	0,1	0,0	0,0	0,1	159	149
14875	1,1	2,2	0,0	3,1	162	149
14876	0,2	2,2	0,1	3,1	152	149
14877	1,0	0,1	0,0	0,1	159	149
14878	0,2	2,2	0,0	3,1	337	149
14879	0,1	0,1	0,0	0,1	334	149
14891	2,3	1,0	4,0	0,0	163	149
14907	86,65	1,2	153,101	0,1	233	149
14908	144,121	0,0	219,195	0,1	396	149
14918	136,120	63,35	241,150	94,60	152	149
14923	9,9	7,0	31,8	10,11	152	149
14934	765,707	16,21	2187,1609	84,33	184	149
14935	16,19	24,40	36,33	54,24	300	149
14936	4,3	0,2	5,3	0,0	268	149
14938	0,0	34,29	0,1	76,39	222	149
14940	0,5	9,0	3,3	2,4	152	149
14941	2,0	1,8	0,2	5,0	152	149
14942	132,152	25,23	182,138	24,32	164	149
14943	61,61	4,2	102,60	7,3	230	149
14944	133,125	18,19	213,123	14,27	230	149
14945	3,6	121,128	18,6	173,114	164	149
14946	149,153	5,2	203,158	3,4	167	149
14947	720,716	1,0	1076,890	0,0	915	149
14948	569,662	8,8	1214,895	20,18	186	149
14949	0,0	5,15	2,1	9,7	171	149
14950	4,7	0,7	15,6	2,2	154	149
14952	93,76	0,1	161,120	1,0	415	149
14953	0,2	26,7	4,0	12,8	210	149
14957	9,3	0,1	9,6	0,0	152	149
14958	3,0	3,2	4,7	3,4	172	149
14961	1,2	0,4	1,4	1,0	173	149
14962	28,22	2,3	35,34	1,4	853	149
14965	0,1	32,43	1,4	72,62	169	149
14966	9,7	32,43	8,9	72,62	173	149
14969	1,3	0,0	1,4	3,1	173	149
14977	1,0	0,0	0,0	0,2	153	149
14978	0,2	89,65	2,0	133,93	168	149
14979	25,36	0,0	36,19	1,0	280	149
14985	2,3	0,0	4,1	3,2	406	149
14990	10,5	13,12	4,8	17,16	535	149
14992	23,18	2,8	20,24	1,2	631	149
14994	26,25	2,8	33,32	1,2	245	149
14995	12,12	2,8	15,11	1,2	229	149
14998	218,229	1,0	468,323	0,0	443	149
14999	10,3	1,0	10,2	0,0	443	149
15000	12,11	129,104	15,10	226,152	269	149
15003	1,4	2,0	1,2	0,0	512	149
15004	45,81	4,7	86,38	5,6	212	149
15005	3,2	36,66	6,4	82,65	153	149
15006	58,64	0,1	125,85	7,2	152	149
15007	34,44	2,2	97,76	4,2	192	149
15008	8,13	1,0	24,17	0,0	192	149
15009	22,46	12,15	56,67	34,24	152	149
15011	67,90	1,0	320,263	0,2	163	149
15012	805,665	2,0	1988,1498	7,5	246	149
15013	762,636	9,10	1908,1425	18,11	235	149
15014	47,47	3,2	57,21	0,0	1189	149
15015	526,477	0,2	1053,671	1,0	1189	149
15016	4,5	397,274	8,5	673,435	168	149
15022	66,56	25,37	111,96	41,45	152	149
15023	1,2	54,33	2,0	35,19	233	149
15024	27,31	0,0	82,47	1,0	156	149
15025	0,0	18,14	1,0	49,27	179	149
15030	5,1	6,2	12,5	1,2	152	149
15035	41,34	3,4	74,44	1,8	152	149
15036	143,120	1,0	222,158	0,0	416	149
15037	5,7	68,48	17,13	76,77	572	149
15038	99,64	1,0	179,104	0,0	1318	149
15044	6,4	169,127	6,2	287,250	576	149
15047	26,22	7,1	8,5	0,3	152	149
15048	12,4	0,0	3,5	0,1	163	149
15049	41,39	2,4	26,34	1,3	306	149
15050	44,33	2,4	25,30	1,3	326	149
15051	9,1	4,7	2,1	3,4	169	149
15053	3015,2920	1,0	6689,4761	1,2	545	149
15054	3386,2813	6,4	5876,3844	1,0	782	149
15057	9,5	1,0	7,15	0,3	316	149
15058	0,0	3,1	3,2	6,1	152	149
15061	41,29	1,1	42,38	5,1	153	149
15062	40,43	0,0	62,41	1,0	162	149
15064	34,32	0,0	74,58	1,0	275	149
15065	0,2	46,36	1,0	54,25	161	149
15069	2,0	5,8	2,0	11,8	177	149
15070	3,0	3,0	1,0	2,0	177	149
15071	3,1	13,3	0,1	11,8	152	149
15074	0,1	47,29	5,1	86,51	203	149
15078	4,4	3,1	4,3	1,0	284	149
15079	103,148	2,0	259,243	1,0	1309	149
15080	267,238	4,0	284,171	2,0	153	149
15081	89,83	0,0	146,118	1,0	4704	149
15082	291,279	10,12	633,415	17,18	167	149
15100	88,85	1,0	117,90	0,0	157	149
15101	0,0	0,4	0,2	4,2	653	149
15103	27,13	7,3	9,6	4,3	152	149
15104	13,5	107,86	8,3	147,145	245	149
15105	31,55	0,1	26,8	0,0	282	149
15106	48,37	0,0	24,9	0,1	584	149
15107	1,7	21,10	0,0	32,19	222	149
15108	0,0	5,3	2,0	1,5	307	149
15109	55,73	63,84	139,90	145,122	152	149
15110	1,1	10,11	0,0	16,17	1032	149
15112	0,0	13,10	0,2	13,12	176	149
15114	291,390	7,6	617,446	19,15	287	149
15117	3,4	0,0	16,7	1,0	223	149
15122	2,0	0,2	2,0	0,0	181	149
15124	3,1	8,2	3,5	6,2	182	149
15125	1233,1054	0,3	1426,761	0,0	533	149
15126	444,450	0,1	579,415	0,0	1480	149
15127	2,1	14,14	1,0	12,7	155	149
15128	17,30	0,2	24,22	0,0	155	149
15129	1,12	5,2	4,4	9,4	153	149
15130	63,78	0,1	160,111	0,0	156	149
15131	59,73	2,0	136,85	2,0	154	149
15132	168,124	1,0	271,169	0,0	516	149
15133	1,3	142,115	1,1	262,205	169	149
15134	2,3	2,4	6,3	7,3	172	149
15135	143,115	2,4	267,207	7,3	152	149
15136	67,72	2,1	183,119	6,1	153	149
15137	93,91	1,2	210,124	4,0	549	149
15140	99,95	1,0	109,104	4,0	177	149
15141	130,117	2,0	158,128	1,3	208	149
15142	32,22	2,0	53,24	1,3	180	149
15143	8,19	146,128	5,9	222,149	222	149
15149	53,48	311,287	43,23	583,460	1919	149
15150	355,317	0,7	509,418	2,0	167	149
15151	6,20	106,121	9,7	195,127	214	149
15152	5,12	156,157	10,11	311,169	214	149
15153	8,12	0,1	6,7	0,0	168	149
15155	10,8	0,0	23,14	1,0	272	149
15156	9,6	0,0	18,10	1,0	252	149
15157	2,2	1,0	6,3	0,3	200	149
15158	0,0	0,2	3,0	0,0	154	149
15159	0,1	0,2	1,1	0,0	165	149
15160	25,18	179,176	36,27	372,273	551	149
15161	27,23	9,19	25,14	8,10	232	149
15165	7193,6539	2,1	16475,12161	0,0	228	149
15166	13,11	39,49	13,19	125,118	227	149
15170	192,195	2,0	317,225	0,0	644	149
15171	158,169	0,0	281,186	3,0	644	149
15172	15,28	5,2	25,19	2,2	159	149
15173	0,2	11,10	0,0	15,23	193	149
15174	22,34	2,0	41,22	0,0	433	149
15176	506,350	0,0	384,299	0,4	1034	149
15179	31,51	8,12	80,90	10,8	152	149
15180	26,13	0,2	48,28	6,2	152	149
15181	61,54	1,0	48,48	0,1	153	149
15182	4,3	58,41	8,3	106,72	162	149
15183	2,0	1,8	7,6	1,0	162	149
15192	1,6	73,91	11,13	234,184	190	149
15197	4,0	0,0	2,2	0,1	254	149
15206	30,23	0,0	58,33	1,0	154	149
15207	12,14	0,0	23,8	0,1	154	149
15211	10,3	7,3	2,6	6,9	211	149
15212	4,1	7,3	0,1	6,9	188	149
15213	32,26	1,3	27,25	0,0	537	149
15214	2,2	6,2	1,0	4,5	171	149
15217	27,29	3919,3058	8,6	4557,3424	167	149
15218	4208,3541	0,0	4850,4102	0,1	1370	149
15219	3972,3326	15,6	4767,4064	9,10	157	149
15221	9,9	34,27	9,3	59,38	152	149
15222	849,832	3,1	1633,1147	1,0	228	149
15223	236,216	2,0	555,331	2,0	208	149
15224	654,624	1,0	1274,806	0,0	213	149
15229	3,2	7,9	4,1	2,1	247	149
15230	7,2	2,0	4,2	3,1	265	149
15231	9,3	3,4	8,3	0,1	291	149
15232	11,9	2,0	2,2	3,1	167	149
15233	13,10	3,4	6,3	0,1	193	149
15234	4,1	3,4	7,2	0,1	175	149
15235	184,170	2,0	311,212	2,0	156	149
15240	74,41	163,116	122,98	260,208	284	149
15241	119,76	163,116	154,140	260,208	287	149
15242	64,50	19,15	64,59	32,17	152	149
15243	5,3	97,92	8,4	126,88	164	149
15244	7,5	1,4	19,11	4,5	194	149
15245	351,355	0,0	938,622	1,0	293	149
15246	2,8	248,298	3,1	693,542	196	149
15251	0,1	3,2	0,2	9,8	479	149
15252	5,0	9,12	8,2	22,8	378	149
15257	17,18	139,134	29,16	152,111	164	149
15258	20,8	0,0	14,8	0,3	153	149
15259	198,161	4,11	189,130	5,5	153	149
15261	0,0	2,0	0,2	0,0	152	149
15267	4,2	9,2	10,10	12,8	371	149
15268	7,3	2,3	8,4	3,2	154	149
15271	76,66	0,0	102,52	2,0	200	149
15272	25,20	0,0	14,6	2,0	256	149
15273	9,12	60,58	5,4	93,50	205	149
15275	157,151	1,0	201,121	0,0	705	149
15276	8,7	87,84	4,4	143,71	215	149
15277	97,107	1,0	125,84	0,0	1399	149
15278	815,783	0,2	715,555	2,4	671	149
15279	191,165	299,241	165,114	299,189	505	149
15280	285,216	8,12	165,85	5,2	193	149
15281	83,73	2,0	41,17	1,0	193	149
15282	719,633	23,7	741,561	3,7	392	149
15283	634,577	12,9	618,456	6,12	358	149
15284	53,36	30,27	42,22	32,36	152	149
15292	1374,1226	5,1	1943,1424	0,0	170	149
15296	175,184	3,0	242,134	1,2	2216	149
15299	1,0	2,0	1,0	1,1	206	149
15300	15,14	14,14	30,16	24,13	315	149
15301	169,183	3,3	351,262	13,7	173	149
15302	11,11	182,160	12,9	442,275	166	149
15308	353,361	0,0	421,322	1,0	200	149
15310	3,0	46,42	11,4	91,50	700	149
15311	15,12	1,3	33,32	3,5	152	149
15321	25,16	1,0	23,17	2,3	155	149
15324	38,43	0,0	44,37	1,1	228	149
15325	2,7	1898,1631	21,5	2863,2572	210	149
15326	44,33	1832,1645	80,55	2804,2515	171	149
15327	1421,1291	7,2	1969,1697	1,2	182	149
15328	3185,2641	4,0	6267,4580	0,0	350	149
15329	47,38	0,0	101,53	2,0	227	149
15331	17,6	1,3	13,18	5,1	152	149
15333	44,38	1,0	52,60	0,0	154	149
15334	3,3	1,0	2,5	0,0	152	149
15336	1,4	38,82	1,1	92,105	171	149
15339	20,17	2,1	26,10	2,2	200	149
15340	11,13	511,513	9,10	668,509	180	149
15358	12,17	555,361	29,27	1071,610	166	149
15365	13,7	155,165	12,11	415,301	173	149
15366	13,7	155,165	12,12	415,301	189	149
15367	22,16	155,165	22,21	415,301	423	149
15373	9,7	81,100	6,5	188,107	164	149
15374	67,87	1,0	145,117	2,1	153	149
15379	112,103	3,0	222,115	0,0	151	149
15380	17,7	3,0	22,19	6,0	169	149
15381	5,1	3,1	4,2	1,0	152	149
15382	5,7	0,0	11,4	0,1	227	149
15383	1,2	1,1	4,1	6,0	195	149
15384	1,0	3,5	0,5	10,1	168	149
15396	77,76	0,0	115,76	5,2	245	149
15397	336,374	0,2	617,469	0,0	470	149
15399	495,556	0,2	501,406	0,0	4476	149
15400	306,303	0,0	351,252	0,1	153	149
15401	6,29	0,1	14,10	0,0	153	149
15423	1864,1775	11,7	3812,2671	17,14	155	149
15425	333,370	5,0	661,482	4,2	156	149
15430	99,90	30,42	234,145	112,60	164	149
15432	86,61	5,2	78,62	0,0	267	149
15433	12,9	0,0	12,15	1,0	170	149
15434	314,275	1,0	355,267	0,0	358	149
15435	548,474	0,4	728,424	1,0	528	149
15436	686,626	0,0	911,634	0,1	461	149
15437	328,340	0,0	433,311	1,0	461	149
15438	279,221	2,0	273,147	0,0	151	149
15440	407,332	138,145	549,345	279,148	152	149
15441	2,0	0,2	1,0	0,0	260	149
15444	16,12	262,289	12,4	697,505	350	149
15445	99,74	0,1	175,96	0,0	1150	149
15447	3,3	1,3	2,1	1,2	152	149
15450	13,18	20,21	14,10	29,39	164	149
15461	0,1	8,6	0,0	16,10	163	149
15465	356,401	23,10	435,313	4,11	239	149
15467	273,275	69,65	366,256	89,60	152	149
15469	81,51	3,8	142,94	4,3	155	149
15470	10,15	125,103	15,25	272,192	300	149
15471	0,0	1,1	1,1	4,2	188	149
15472	142,105	0,3	267,269	1,2	273	149
15475	1,2	1,0	2,0	0,0	157	149
15481	2,2	74,89	3,2	148,100	220	149
15483	269,294	1,1	344,264	1,0	242	149
15484	382,347	106,136	373,272	211,145	1505	149
15487	1057,682	0,2	1420,742	15,8	164	149
15488	17,21	141,116	7,8	219,179	1188	149
15489	14,25	7,4	14,8	6,0	152	149
15491	175,202	3,6	305,213	7,3	153	149
15492	7,1	0,0	3,0	1,1	152	149
15498	1,0	84,114	0,0	152,97	181	149
15499	99,115	1,2	189,126	6,2	247	149
15500	47,43	0,0	92,87	1,0	153	149
15502	4511,3711	3,4	5968,3505	2,0	246	149
15503	6194,5039	1,0	8457,5134	1,0	272	149
15504	1686,1332	1,0	2491,1629	1,0	175	149
15505	1731,1369	26,23	2520,1644	67,17	175	149
15506	48,41	14,13	80,44	20,23	152	149
15507	201,188	0,3	397,261	0,0	4897	149
15508	260,241	1,0	588,410	5,0	154	149
15509	274,278	106,66	384,276	146,121	152	149
15510	3,3	0,1	0,2	0,0	152	149
15511	24,26	102,103	30,15	145,109	203	149
15512	1,2	1,6	11,2	3,0	303	149
15513	13,7	4,5	8,5	11,3	195	149
15514	24,12	2,2	20,17	0,0	661	149
15515	21,20	0,1	26,19	0,1	164	149
15516	18,7	91,75	5,1	137,83	167	149
15517	111,94	29,53	161,100	39,38	164	149
15518	163,147	24,12	362,239	21,19	196	149
15519	56,60	0,0	124,91	2,0	1199	149
15525	198,147	10,7	183,111	8,3	155	149
15526	56,61	30,16	34,13	11,6	152	149
15527	45,47	69,49	12,10	7,3	185	149
15528	2,11	0,0	5,4	0,2	152	149
15529	40,51	1,1	131,98	7,0	152	149
15530	100,92	9,2	215,123	4,2	153	149
15537	950,873	5,11	1576,1200	3,0	593	149
15538	868,663	3,4	1102,726	8,1	494	149
15544	1142,1001	0,1	1937,1311	0,0	403	149
15545	157,108	1,3	114,66	2,5	256	149
15546	151,152	0,0	390,301	2,1	190	149
15547	6,15	125,145	17,13	292,230	197	149
15548	1,3	6,2	4,5	7,3	197	149
15549	176,188	4,4	353,261	1,0	153	149
15551	171,159	1,1	368,259	2,1	152	149
15553	17431,15137	0,0	27443,20301	2,0	173	149
15554	25391,20308	128,78	31095,19022	265,163	197	149
15555	11,10	176,88	0,0	9,10	219	149
15556	105,111	0,0	368,295	1,0	242	149
15562	7,6	204,230	2,5	311,233	173	149
15568	122,130	2,0	373,297	1,0	174	149
15569	0,4	48,16	1,0	79,48	475	149
15570	806,734	3,7	1025,806	12,7	3399	149
15571	0,4	0,2	5,7	1,3	329	149
15574	22,34	0,0	55,33	3,1	153	149
15575	117,180	0,0	321,202	2,3	153	149
15576	9,7	0,2	10,12	0,0	153	149
15577	184,191	2,0	359,288	0,1	153	149
15578	158,121	1,0	204,119	0,0	622	149
15581	1,0	96,106	8,3	183,148	152	149
15582	1,2	1,2	0,0	0,2	152	149
15583	0,0	35,43	1,0	56,34	176	149
15590	154,116	0,1	247,153	0,0	2233	149
15591	1,0	81,82	4,1	167,143	179	149
15595	118,125	1,5	271,154	5,11	712	149
15596	8,3	1,5	9,8	5,11	184	149
15597	92,113	1,0	227,134	10,1	712	149
15602	7,10	1,0	2,4	0,0	624	149
15639	0,9	1,0	9,5	2,0	182	149
15642	29,26	4,11	38,26	12,4	182	149
15643	40,42	3,8	38,36	6,7	173	149
15644	0,0	18,24	2,0	15,20	156	149
15647	4,4	1,0	8,5	0,0	154	149
15648	222,224	3,1	533,372	5,6	154	149
15649	35,49	168,178	43,30	251,200	585	149
15661	206,172	4,4	410,303	2,0	181	149
15662	2,10	23,21	13,3	42,20	1172	149
15663	315,305	9,5	339,265	4,0	2227	149
15664	163,166	2,0	145,126	0,0	2227	149
15665	159,167	1,1	145,126	0,0	2227	149
15666	7,1	220,280	2,2	448,279	167	149
15667	41,29	1,7	72,55	4,4	152	149
15668	49,39	0,3	97,95	1,4	219	149
15669	283,267	4,5	538,387	1,1	2409	149
15670	16,18	2,0	15,19	2,0	186	149
15671	10,20	6,4	7,3	7,6	152	149
15676	4,0	2,0	3,0	0,0	164	149
15677	1,1	0,0	0,0	0,2	210	149
15683	3,2	4,3	6,1	4,0	166	149
15701	3,2	61,58	6,2	183,143	173	149
15702	31,27	1,1	42,45	0,0	183	149
15703	3,2	23,8	6,2	30,14	173	149
15705	96,92	2,2	152,99	0,0	225	149
15706	27,22	0,4	12,4	0,3	155	149
15707	16,12	83,55	6,14	89,83	322	149
15708	10,8	83,55	4,13	89,83	348	149
15709	0,0	6,4	0,2	2,3	175	149
15710	3,7	157,174	9,5	354,223	176	149
15711	36,16	619,512	37,25	782,633	227	149
15712	1322,1190	0,3	2412,1687	0,0	391	149
15713	1335,1194	120,106	2413,1687	107,86	391	149
15714	6923,6105	6,15	10806,7670	12,8	1625	149
15717	2,2	11,10	0,2	29,16	170	149
15727	297,187	4,3	383,260	1,2	151	149
15731	3,0	335,363	0,1	602,491	175	149
15732	90,85	0,2	167,138	0,0	211	149
15733	422,448	0,2	769,628	0,0	185	149
15734	2,0	312,371	1,0	735,502	171	149
15735	499,569	2,4	1419,1061	0,0	182	149
15736	439,453	0,4	789,588	0,0	342	149
15737	455,468	4,4	815,608	14,6	1306	149
15738	437,435	0,1	884,665	0,0	308	149
15740	284,195	0,0	475,368	1,1	2049	149
15741	29,21	14,11	55,32	7,6	180	149
15742	14,22	1,4	27,21	2,0	166	149
15745	10,8	4,8	33,22	15,9	152	149
15746	1655,1526	1,0	3046,2093	0,4	251	149
15748	20,14	4,0	18,3	2,2	152	149
15749	51,19	6,4	14,7	1,0	152	149
15752	2,3	0,0	0,0	0,1	195	149
15757	4,3	40,29	12,5	131,81	1093	149
15758	0,5	1,2	9,5	2,1	152	149
15759	16,20	1,2	90,50	2,1	221	149
15760	61,49	1,2	168,114	2,1	224	149
15761	16,20	0,5	90,50	9,5	218	149
15762	61,49	0,5	168,114	9,5	221	149
15763	47,32	2,3	87,69	9,5	152	149
15764	3,1	0,0	5,2	0,2	152	149
15765	15,20	0,0	34,43	2,0	217	149
15766	18,21	0,0	38,43	2,0	220	149
15767	3,1	0,0	5,0	1,0	152	149
15768	24,19	0,0	87,50	0,1	221	149
15769	36,39	5,3	68,72	9,6	217	149
15770	46,64	5,3	100,89	9,6	220	149
15771	31,44	21,19	67,46	35,29	152	149
15772	20,24	0,1	76,49	4,3	152	149
15773	16,2	22,38	12,6	61,33	152	149
15776	2,7	1,0	6,5	4,0	271	149
15777	59,36	4,1	116,91	7,0	179	149
15778	16,17	0,2	19,15	0,0	174	149
15779	2,2	4,2	0,0	3,2	164	149
15780	19,28	3,0	23,22	2,4	174	149
15782	14,14	18,9	14,10	34,18	242	149
15783	4,7	58,71	5,17	113,56	164	149
15784	24,16	132,152	23,22	270,231	218	149
15785	139,144	6,12	233,150	17,8	203	149
15786	188,173	1,0	183,125	0,0	680	149
15795	3,6	219,199	26,19	505,361	179	149
15796	325,313	1,0	834,561	1,0	277	149
15798	109,106	2,1	149,86	0,0	192	149
15799	309,276	1,1	493,385	0,2	308	149
15800	341,347	3,3	610,541	6,14	254	149
15801	203,146	3,1	129,90	0,0	558	149
15802	735,502	1,2	1186,903	0,1	707	149
15803	535,357	1,2	1057,813	0,1	298	149
15804	818,641	4,1	1776,1407	2,4	182	149
15805	6,0	0,0	0,4	1,1	249	149
15828	40,30	1097,1058	30,21	1897,1358	211	149
15832	146,103	8,3	136,61	6,12	1670	149
15833	13,29	2,4	24,13	14,10	380	149
15834	446,401	0,4	701,550	1,2	3423	149
15835	723,690	30,39	1203,932	56,42	3423	149
15836	1,0	0,0	0,0	1,0	284	149
15845	270,219	5,4	251,160	3,2	1461	149
15846	129,89	2,0	158,102	0,2	227	149
15847	219,141	1,0	247,169	0,3	227	149
15848	1,2	110,136	1,1	193,131	173	149
15849	1,0	3,0	1,2	1,0	194	149
15850	1,7	2,0	4,2	0,0	152	149
15852	1,2	190,174	1,2	564,411	182	149
15854	5,6	0,0	17,8	4,1	1121	149
15855	1,1	1,0	7,0	4,4	152	149
15856	2,2	27,21	2,0	32,25	152	149
15857	45,37	3,0	65,37	1,0	287	149
15858	11,14	102,107	15,2	118,66	171	149
15859	139,112	9,11	148,91	12,7	153	149
15860	786,647	42,47	1281,955	62,36	1029	149
15862	12,5	21,11	19,7	41,31	161	149
15863	10,16	21,11	23,6	41,31	164	149
15864	7,14	9,3	19,4	15,5	152	149
15865	7,2	2,0	7,3	0,0	417	149
15866	383,333	3,2	420,365	0,0	417	149
15867	504,508	1,2	712,521	1,0	578	149
15880	2,0	558,582	14,3	1599,1211	164	149
15882	0,2	0,0	1,1	2,4	152	149
15883	0,0	12,5	4,3	16,12	152	149
15885	688,608	4,7	1055,723	11,1	211	149
15886	254,261	0,2	420,315	0,0	211	149
15887	734,649	4,0	839,593	2,3	614	149
15888	334,313	24,22	568,440	27,8	175	149
15889	55,53	0,2	73,58	0,0	175	149
15890	127,101	67,39	232,223	132,97	152	149
15891	3,4	18,6	1,0	22,6	152	149
15892	8,15	5,4	34,16	19,5	161	149
15893	1,0	26,14	0,0	32,27	172	149
15894	12,15	0,1	21,23	0,0	331	149
15895	9,6	0,0	29,23	3,1	215	149
15901	31,29	1,2	57,40	1,2	228	149
15902	112,102	0,0	132,97	0,2	157	149
15903	33,37	1,0	56,26	0,0	187	149
15904	14,13	2,5	29,23	7,6	161	149
15905	16,14	805,596	31,24	1529,1034	173	149
15906	4,6	805,596	9,7	1529,1034	161	149
15916	240,215	3,5	359,267	3,3	196	149
15917	184,154	5,10	293,239	10,11	194	149
15919	58,93	0,0	189,152	6,3	168	149
15920	196,213	0,0	466,319	6,3	171	149
15921	169,173	31,53	381,258	104,91	152	149
15922	131,154	4,8	331,232	17,8	214	149
15923	4,4	11,6	10,3	14,7	238	149
15924	4,5	9,12	2,2	11,11	223	149
15925	1,3	22,39	1,3	59,51	175	149
15932	0,0	0,1	5,0	0,0	187	149
15949	2,9	2,0	1,3	0,0	283	149
15950	1,5	0,0	2,0	2,0	307	149
15960	10,5	35,6	1,0	10,5	228	149
15961	34,18	35,6	25,6	10,5	317	149
15962	26,15	2,2	24,6	0,0	238	149
15963	674,611	3,0	798,623	0,0	1724	149
15964	76,64	13,11	188,140	12,11	152	149
15965	15,12	7,5	55,15	7,12	244	149
15968	15,16	2,4	10,22	4,0	188	149
15969	41,29	3,0	50,25	0,0	161	149
15970	0,0	27,18	3,0	38,27	185	149
15972	0,4	3,5	1,0	2,3	226	149
15973	0,4	4,6	1,0	0,1	226	149
15975	4,2	1,4	0,0	1,0	182	149
15978	9,2	3,2	24,14	19,12	262	149
15979	1,1	2,0	1,3	1,0	152	149
15988	348,270	12,0	482,299	6,5	153	149
15989	21,17	12,0	51,25	6,5	176	149
15990	3,2	330,255	0,0	431,274	172	149
15991	27,43	8,15	22,8	7,1	925	149
15992	10,9	184,196	5,12	477,354	194	149
16001	0,6	59,59	1,0	121,68	167	149
16003	72,61	13,2	64,36	5,0	197	149
16004	2,0	7,9	0,0	24,15	177	149
16024	11,5	60,60	10,3	81,78	231	149
16026	0,1	84,83	1,0	271,200	177	149
16043	36,45	1,0	42,29	3,5	152	149
16047	7,4	0,2	1,9	0,1	237	149
16048	732,633	7,6	944,725	14,7	2228	149
16049	831,723	1,0	1185,885	0,0	202	149
16050	6,12	517,619	7,11	1355,840	167	149
16051	1034,1060	0,0	2017,1526	0,2	242	149
16052	1,3	326,338	5,1	615,455	180	149
16053	417,362	4,4	772,645	14,5	152	149
16054	6,2	4,4	9,3	14,5	182	149
16055	0,0	411,360	2,1	765,643	179	149
16056	21,27	1,0	20,10	0,0	3332	149
16057	393,350	0,0	770,644	9,1	158	149
16059	31,29	25,22	48,30	31,20	152	149
16060	37,51	14,18	97,70	18,11	182	149
16061	6,5	29,14	6,2	28,27	170	149
16064	35,44	2,1	64,45	0,0	437	149
16065	197,124	6,4	246,231	4,6	154	149
16069	1,4	49,36	0,0	11,12	196	149
16071	135,128	4893,3864	200,195	12657,9385	152	149
16072	129,106	6985,5587	301,195	18084,13916	238	149
16073	9366,7614	6,1	22996,17783	8,10	185	149
16074	7071,5683	203,174	18202,14000	177,119	537	149
16075	9750,8136	0,3	25845,19744	0,0	587	149
16076	2882,2627	0,3	7820,5863	0,0	199	149
16077	2773,2556	54,53	7950,5964	72,51	199	149
16078	11251,9835	2,0	29178,21345	1,0	199	149
16080	133,117	0,0	263,178	1,0	479	149
16084	0,0	22,20	4,0	22,18	341	149
16091	2,2	21,2	3,3	22,25	154	149
16095	110,121	8,1	205,133	2,0	223	149
16097	226,264	4,4	477,354	6,3	158	149
16104	112,86	24,17	108,127	32,15	152	149
16105	4,2	24,17	8,4	32,15	171	149
16106	2,2	110,86	7,2	107,125	168	149
16108	0,2	0,2	2,1	0,0	167	149
16110	2,3	2,0	1,1	0,0	167	149
16111	6,15	0,0	19,15	2,0	166	149
16112	2,1	0,3	5,8	2,7	442	149
16115	28,10	2,1	16,6	6,7	152	149
16116	57,50	1,0	27,18	0,0	209	149
16118	105,63	8,3	142,63	5,0	176	149
16119	13,10	0,0	22,12	1,0	176	149
16120	39,39	7,5	11,2	2,5	152	149
16121	33,12	6,2	19,11	0,2	152	149
16122	85,55	11,2	141,108	9,1	152	149
16131	2,0	3,0	0,0	0,2	154	149
16132	50,47	0,0	167,98	5,0	216	149
16133	342,347	0,0	700,495	5,1	153	149
16138	18,19	0,1	21,26	3,0	238	149
16139	12,16	61,87	22,20	119,87	244	149
16140	47,60	12,4	104,92	8,3	152	149
16141	2,1	2,0	2,0	0,1	152	149
16142	68,51	16,8	115,59	15,16	152	149
16143	8,4	52,53	2,5	113,77	170	149
16144	0,2	6,10	1,2	21,14	164	149
16145	0,0	0,2	0,3	0,2	180	149
16149	9,9	1,0	6,0	0,0	199	149
16155	3,9	4,3	5,4	10,5	154	149
16156	100,87	961,750	122,112	1697,1279	211	149
16157	634,564	0,1	562,309	0,0	496	149
16158	175,191	5,2	61,34	0,1	366	149
16164	0,0	0,3	0,1	0,0	236	149
16166	90,67	2,0	129,110	8,7	152	149
16167	108,69	1,5	170,150	3,4	179	149
16168	0,6	21,14	2,0	12,8	152	149
16170	115,100	164,108	131,87	179,107	167	149
16171	8,2	2,2	9,4	0,1	152	149
16172	266,168	158,125	307,205	235,136	152	149
16173	1185,1079	0,0	1899,1238	1,0	157	149
16174	64,45	1,1	46,38	0,4	250	149
16175	308,300	128,152	492,368	184,133	152	149
16177	8,14	21,14	26,11	35,20	152	149
16178	2,0	1,5	0,7	6,4	152	149
16180	913,866	2,1	2443,1732	3,1	529	149
16181	27,18	4,4	12,18	2,2	173	149
16182	173,132	9,20	144,91	4,5	1569	149
16183	37,19	1308,1301	37,17	2082,1655	175	149
16184	128,76	6,5	176,109	3,7	179	149
16185	1399,1358	6,5	2221,1747	3,7	153	149
16187	403,415	947,1030	742,564	2004,1531	152	149
16188	87,80	947,1030	138,86	2004,1531	155	149
16189	36,25	352,360	57,34	661,512	152	149
16190	825,797	56,44	1645,1277	96,96	179	149
16191	713,746	0,2	1378,1069	0,0	179	149
16192	231,255	6,2	621,505	1,0	179	149
16197	557,542	0,1	1150,844	1,0	331	149
16199	537,573	0,0	892,693	1,0	2828	149
16201	5,4	2,0	10,2	0,2	152	149
16202	71,39	27,9	0,4	3,3	152	149
16203	30,43	5,15	12,11	2,0	152	149
16204	2,7	0,0	10,1	2,0	152	149
16205	12,9	1,0	39,10	0,0	152	149
16218	4,2	1,6	3,1	7,4	169	149
16219	2,2	59,42	8,1	119,83	169	149
16220	7,4	0,0	10,3	0,2	173	149
16221	64,44	0,0	121,85	0,2	153	149
16224	179,180	1,3	276,261	3,5	244	149
16225	626,634	0,0	1193,908	1,0	751	149
16226	102,120	0,0	239,156	1,0	707	149
16227	295,259	15,20	549,456	57,46	152	149
16229	142,147	2,0	145,122	0,0	3969	149
16230	142,146	2,0	147,122	0,0	3997	149
16231	0,1	0,2	2,0	0,0	177	149
16232	69,91	0,0	95,84	3,0	1617	149
16233	775,735	0,0	1847,1397	1,0	541	149
16234	3,6	3,5	4,4	2,2	261	149
16235	17,18	3,5	29,10	2,2	582	149
16237	1,0	223,202	1,0	434,302	318	149
16238	26,31	221,223	37,19	427,348	501	149
16239	6655,5531	6,1	5183,3579	3,1	1118	149
16246	46,46	0,2	97,75	0,0	288	149
16247	3,10	4,0	10,9	6,3	326	149
16248	41,31	4,0	65,47	6,3	2779	149
16249	38,23	0,2	55,38	0,0	2602	149
16250	46,34	0,4	70,60	1,1	269	149
16251	32,27	0,4	60,46	1,1	446	149
16252	3,8	17,15	15,13	25,27	326	149
16253	2,1	4,2	1,7	6,7	240	149
16254	2,1	4,2	1,7	6,7	246	149
16255	2,1	4,2	3,7	6,7	248	149
16259	1,0	1,0	0,0	1,1	228	149
16263	9,0	0,0	4,13	0,2	435	149
16264	1,1	0,0	0,0	1,2	178	149
16272	0,0	18,23	1,2	16,16	160	149
16273	54,51	4,0	110,54	3,4	3244	149
16274	340,393	2,1	796,548	0,0	2837	149
16275	991,944	4,1	1910,1442	2,0	1178	149
16292	0,2	0,0	3,3	0,1	181	149
16294	1,10	6,7	0,0	3,4	165	149
16295	32,31	2,3	50,31	0,4	1444	149
16300	0,0	1,0	0,2	0,0	172	149
16303	53,48	0,0	36,54	0,1	429	149
16305	65,53	0,3	56,68	1,2	429	149
16317	3,5	0,0	3,5	2,2	170	149
16319	36,31	0,0	39,35	1,2	317	149
16321	33,26	0,0	38,32	1,2	296	149
16322	21,20	0,0	21,21	1,2	239	149
16323	3,6	1,0	3,5	0,0	170	149
16335	16,14	0,2	8,16	0,0	185	149
16336	25,19	6,2	25,28	3,1	247	149
16337	9,7	6,2	17,12	3,1	211	149
16339	73,82	0,0	112,70	3,3	249	149
16340	165,162	0,0	211,135	3,3	252	149
16341	96,87	4,7	104,71	5,6	152	149
16342	15,6	80,71	3,0	102,70	187	149
16343	0,1	80,106	0,0	103,83	180	149
16347	170,186	1,0	335,218	0,0	2082	149
16349	16,5	44,31	39,31	100,49	188	149
16350	1,2	52,66	2,3	138,120	273	149
16362	12,36	143,151	15,17	185,156	248	149
16363	23,44	5,5	41,27	8,3	267	149
16364	154,159	5,5	211,166	8,3	168	149
16365	424,443	6,5	1130,810	27,12	191	149
16368	6,9	3,6	4,2	0,0	152	149
16369	11,8	58,58	5,9	85,36	193	149
16370	117,86	8,3	165,81	2,0	165	149
16371	43,38	2,5	63,35	2,3	200	149
16372	12,11	0,0	12,10	3,0	152	149
16376	40,26	1,0	37,35	5,5	170	149
16377	119,92	5,6	212,136	3,2	368	149
16378	77,48	0,1	212,186	2,1	621	149
16379	3,17	37,32	17,9	87,57	209	149
16380	4,16	47,45	14,10	86,65	209	149
16381	98,58	0,0	60,48	0,1	179	149
16382	94,65	0,3	118,75	5,4	152	149
16385	7,5	191,150	4,3	188,84	390	149
16386	249,186	3,0	218,97	0,0	198	149
16387	77,74	3,0	63,27	0,0	336	149
16388	19,17	191,129	4,7	159,77	287	149
16389	68,60	2,0	59,20	0,0	198	149
16390	74,71	2,0	62,26	0,0	336	149
16391	16,14	10,3	3,6	0,0	287	149
16392	235,206	0,1	484,299	0,0	201	149
16393	4,3	6,2	4,5	0,0	222	149
16394	16,17	5,3	17,10	6,2	684	149
16397	468,393	106,93	855,609	200,122	186	149
16401	5,2	0,1	4,1	0,1	156	149
16402	0,3	4,3	0,0	1,5	174	149
16403	7,11	108,124	9,9	263,273	215	149
16406	127,117	1,4	240,180	4,12	244	149
16407	91,38	15,16	85,61	16,11	183	149
16408	3,2	13,15	6,13	19,23	189	149
16409	0,2	1,0	2,1	12,2	169	149
16410	0,2	2,2	2,0	1,5	169	149
16411	11,14	3,0	8,6	2,2	153	149
16412	4,2	5,3	6,3	12,6	182	149
16415	266,219	47,37	348,252	90,34	230	149
16416	98,67	105,105	122,83	200,96	152	149
16417	13,12	105,105	19,5	200,96	164	149
16418	11,9	96,64	17,5	120,83	161	149
16421	47,38	0,2	66,18	0,0	214	149
16422	0,0	31,24	2,0	40,33	216	149
16423	111,122	16,52	232,146	72,51	155	149
16424	4,8	0,1	3,2	0,0	152	149
16425	7,12	79,82	21,6	245,154	169	149
16426	498,469	5,10	485,395	15,11	2700	149
16427	0,2	55,79	3,4	118,110	152	149
16428	50,32	0,0	71,37	1,0	261	149
16433	4,5	12,10	9,8	59,46	588	149
16434	4,4	4,2	12,8	17,6	588	149
16436	16,5	74,63	15,16	181,132	231	149
16442	28,15	4,0	14,10	0,0	215	149
16444	1,2	1,0	4,1	0,2	152	149
16445	59,65	103,109	106,62	177,98	152	149
16446	6,3	7,1	9,2	2,4	152	149
16447	80,59	7,4	65,40	7,0	152	149
16453	15,19	15,3	28,19	16,12	152	149
16456	65,49	24,14	88,65	42,25	181	149
16457	247,251	8,6	446,316	14,5	152	149
16458	2,3	0,0	2,5	3,0	152	149
16459	14,10	88,107	20,8	143,88	152	149
16460	2,3	0,0	2,3	0,1	152	149
16462	27,21	0,1	20,19	0,0	189	149
16463	47,58	6,7	58,62	9,4	354	149
16464	47,59	13,14	56,62	25,33	354	149
16465	3,6	65,81	5,8	143,106	239	149
16466	328,414	4,0	620,491	8,6	154	149
16474	1,0	22,20	0,1	18,18	175	149
16482	2,0	16,12	0,1	9,12	184	149
16483	2,0	16,12	0,1	9,12	191	149
16485	5,6	0,7	2,5	0,1	213	149
16486	0,1	0,3	0,0	2,3	200	149
16487	1,2	5,4	0,0	6,5	269	149
16489	1,3	1,0	14,7	0,0	168	149
16490	0,0	3,0	5,0	5,5	293	149
16491	476,494	14,17	791,656	20,22	3156	149
16492	653,651	19,7	1539,1288	51,23	1973	149
16493	525,542	0,0	1759,1322	2,0	1016	149
16494	18,16	594,571	37,27	1432,1111	231	149
16495	17,9	0,0	20,32	0,1	159	149
16496	149,121	140,147	389,317	378,243	159	149
16497	20,13	94,78	15,5	82,52	275	149
16498	570,472	2,1	1352,1139	3,0	2127	149
16502	96,110	136,116	189,120	336,255	329	149
16504	32,21	520,446	22,25	1102,792	162	149
16507	46,30	0,1	187,112	1,1	186	149
16509	5,5	56,36	19,4	149,111	191	149
16511	0,1	28,23	0,1	66,30	165	149
16512	12,21	28,23	59,22	66,30	152	149
16517	6,9	368,304	35,30	619,476	185	149
16518	1,0	0,0	0,0	2,0	186	149
16519	32,21	2,3	69,37	3,2	188	149
16522	64,92	8,5	109,75	9,5	155	149
16523	17,17	37,28	23,22	56,49	210	149
16527	0,4	0,0	2,0	2,0	156	149
16530	9,14	9,9	12,0	19,6	175	149
16537	41,38	4,3	85,65	5,3	208	149
16538	21,8	5,13	13,26	7,6	152	149
16540	1,2	21,12	7,4	21,8	152	149
16543	35,17	0,3	19,17	1,0	552	149
16545	10,11	13,4	7,10	2,0	152	149
16547	89,63	34,34	77,75	39,32	242	149
16548	94,99	30,32	115,84	39,34	152	149
16551	101,118	2,0	153,85	0,1	3795	149
16553	3,6	2,0	8,2	0,1	244	149
16556	25,13	4,4	12,8	1,3	224	149
16560	65,41	0,0	43,29	1,0	153	149
16565	5,0	0,2	1,0	0,0	316	149
16566	2,0	0,2	1,0	0,0	318	149
16570	6,3	0,0	0,2	2,0	249	149
16574	3,5	11,1	0,0	6,5	180	149
16576	1,0	2,6	1,0	0,1	188	149
16577	2,1	2,6	1,2	0,1	336	149
16579	0,0	5,5	0,8	1,3	638	149
16580	18,7	57,37	21,10	92,63	244	149
16581	6,8	0,0	12,5	3,0	175	149
16582	65,85	2,4	205,171	2,0	354	149
16583	17,30	1,1	23,33	2,1	354	149
16584	5,2	0,0	16,6	8,0	154	149
16585	9,6	13,5	16,14	11,14	207	149
16586	8,3	9,2	18,8	6,7	154	149
16588	2,2	8,4	2,1	6,3	152	149
16592	2,5	69,53	4,0	50,36	185	149
16594	21,19	0,0	32,23	1,0	162	149
16595	0,2	17,27	1,1	35,29	225	149
16596	8,7	0,0	15,15	0,2	506	149
16597	18,22	1,4	81,70	0,0	153	149
16603	0,2	0,5	2,0	2,1	152	149
16612	1944,1679	15,4	288,205	3,3	707	149
16613	3445,2584	0,2	374,253	0,0	1076	149
16614	983,695	3,1	24,38	0,0	999	149
16615	41,14	0,0	32,18	0,1	155	149
16618	6,2	0,1	7,4	3,7	681	149
16623	48,28	58,40	48,36	50,31	155	149
16624	6,14	1,1	3,5	2,2	312	149
16625	102,104	0,1	252,171	0,0	153	149
16626	119,105	1,0	212,208	0,0	3429	149
16627	2,3	106,88	3,0	223,185	321	149
16629	24,15	216,173	20,20	312,197	268	149
16631	36,58	0,1	97,88	2,0	154	149
16632	32,13	57,86	20,9	117,89	364	149
16633	62,38	0,0	54,29	1,0	448	149
16634	87,111	0,0	151,109	1,0	233	149
16635	24,7	22,22	26,30	19,25	152	149
16637	6,10	17,39	21,20	86,29	152	149
16638	0,1	4,8	3,2	20,9	152	149
16643	4,3	284,301	5,3	492,341	200	149
16648	0,1	16,16	0,2	15,16	168	149
16649	2,3	1,0	5,4	1,1	184	149
16650	2,3	0,2	4,4	5,2	184	149
16652	122,82	0,2	65,39	0,0	271	149
16653	8,5	1,2	2,8	1,0	188	149
16656	280,266	21,22	233,155	7,9	250	149
16658	8,14	79,73	19,19	337,197	403	149
16659	6,5	0,0	7,8	3,0	356	149
16660	7,5	1,0	7,8	0,3	356	149
16661	108,80	0,2	90,52	2,0	161	149
16670	3,2	9,6	5,1	2,4	152	149
16671	15,15	2,1	60,29	8,2	420	149
16672	14,17	1,2	60,29	1,3	420	149
16683	10,27	2,1	26,21	4,0	152	149
16684	24,29	0,3	62,46	3,3	152	149
16689	24,18	0,0	16,3	0,1	242	149
16690	3,2	26,10	2,0	13,4	249	149
16693	0,4	0,0	2,0	2,0	152	149
16695	42,41	1,0	83,43	0,0	153	149
16697	5,1	11,5	2,1	8,3	195	149
16698	47,17	0,2	41,12	0,0	350	149
16699	27,21	5,0	33,44	9,6	1743	149
16701	8,13	133,131	16,6	269,206	167	149
16702	248,267	10,2	401,336	4,2	291	149
16703	6,12	295,268	13,9	700,495	176	149
16704	24,25	317,273	34,16	681,487	198	149
16705	4,2	247,218	3,0	555,412	178	149
16710	63,37	8,0	37,28	4,2	183	149
16711	12,6	0,1	8,3	0,0	183	149
16722	49,54	326,374	134,77	668,432	179	149
16723	3409,3309	3,3	9993,6682	8,3	241	149
16724	3,2	0,0	14,7	2,0	154	149
16732	5,0	7,2	2,0	0,0	152	149
16748	245,240	1,0	467,326	3,1	206	149
16754	461,508	1,0	0,4	0,0	497	149
16764	4,2	2,1	1,5	0,2	181	149
16770	68,59	2,0	112,93	1,0	158	149
16772	0,0	2,0	0,1	0,2	160	149
16799	75,87	82,78	155,112	161,115	152	149
16805	63,74	4,9	109,81	12,10	175	149
16807	173,165	2,0	155,135	0,0	185	149
16808	190,148	6,10	325,178	24,10	3023	149
16811	7,5	114,100	15,9	213,133	221	149
16812	198,198	1,8	391,238	17,8	2949	149
16813	62,70	0,1	72,58	1,0	2949	149
16814	2,6	0,4	2,4	0,0	162	149
16815	7,10	0,5	11,11	8,0	162	149
16816	173,116	3,0	256,135	0,1	351	149
16825	1,1	26,27	0,0	77,57	180	149
16826	9,20	5,0	57,35	3,3	203	149
16827	30,13	1,2	34,12	8,1	152	149
16828	16,23	1,0	66,34	2,0	278	149
16829	3,0	1,0	13,2	0,0	282	149
16846	36,36	1,3	62,36	3,3	263	149
16848	36,30	0,2	49,35	2,1	151	149
16853	11,14	73,53	29,20	94,86	238	149
16854	4,4	73,53	12,6	94,86	206	149
16855	17,16	73,53	21,11	94,86	671	149
16856	7,11	0,1	17,14	0,0	181	149
16857	13,13	0,1	9,5	0,0	614	149
16858	13,8	7,6	6,4	14,13	582	149
16862	4,8	4,6	15,7	3,7	238	149
16863	7,3	67,84	10,4	154,125	324	149
16866	4,8	0,2	15,7	0,2	238	149
16875	2,0	0,3	2,0	0,1	228	149
16876	1,0	0,3	2,2	0,1	231	149
16877	2,0	0,3	2,0	0,1	317	149
16878	3,0	0,3	2,0	0,1	392	149
16879	0,0	1,0	0,2	0,0	152	149
16882	1,0	0,0	0,0	0,2	235	149
16883	2,0	0,0	0,0	0,2	310	149
16885	0,0	0,3	1,0	0,1	177	149
16886	1,0	0,3	2,0	0,1	222	149
16901	2,10	0,1	15,11	0,1	154	149
16902	69,69	46,26	127,91	51,31	154	149
16912	135,115	0,0	61,44	0,3	174	149
16916	105,111	0,0	88,49	2,0	153	149
16917	13,7	0,0	4,2	2,0	177	149
16918	2,2	94,106	2,1	86,48	173	149
16927	1,1	2,2	3,1	5,3	181	149
16928	198,231	0,0	281,171	0,1	1921	149
16929	46,39	4,3	69,45	7,9	152	149
16933	25,30	0,1	36,18	0,0	632	149
16935	40,35	221,231	41,47	393,368	287	149
16936	107,76	17,11	123,121	16,30	318	149
16937	288,272	17,11	475,442	16,30	180	149
16938	6,7	0,4	2,1	4,0	1769	149
16939	150,187	1,1	333,232	1,0	190	149
16944	20,24	536,516	28,18	897,619	197	149
16946	7,8	12,12	12,7	11,14	232	149
16948	29,29	6,7	45,31	12,9	488	149
16951	34,33	6,7	44,38	12,9	405	149
16953	20,14	6,7	17,19	12,9	369	149
16954	19,9	6,7	16,16	12,9	219	149
16956	16,9	141,123	8,9	249,157	1372	149
16957	5,5	47,47	4,2	69,48	163	149
16960	6,3	114,104	10,9	303,210	1620	149
16961	25,17	0,1	38,42	2,5	1629	149
16962	133,118	0,1	331,243	2,5	158	149
16963	2,0	0,1	6,1	0,0	223	149
16968	7,0	41,41	0,0	56,27	238	149
16976	201,198	0,0	313,226	2,0	262	149
16977	325,288	8,7	514,349	6,0	262	149
16978	6,7	0,2	15,15	0,0	715	149
16979	7,11	0,0	17,16	0,2	216	149
16983	659,700	1,0	1824,1308	1,2	154	149
16984	9,5	566,585	14,8	1488,1040	172	149
16985	50,47	0,2	19,18	0,0	204	149
16989	1,0	0,6	1,2	5,14	176	149
16993	0,1	4,6	0,1	3,5	217	149
16994	91,39	7,1	78,56	0,1	221	149
16995	39,50	1,3	46,35	1,2	219	149
16996	89,61	5,0	73,68	7,2	221	149
16997	53,57	0,0	31,29	0,1	218	149
16999	0,1	0,0	3,0	1,0	194	149
17000	73,84	2,0	125,94	4,1	197	149
17011	86,117	2,2	165,89	0,2	221	149
17013	190,159	1,0	226,136	0,0	161	149
17014	22,9	1,6	19,9	0,0	179	149
17015	248,193	1,6	181,165	0,0	191	149
17016	229,185	3,1	162,156	0,0	161	149
17017	489,397	17,8	570,377	12,5	239	149
17018	9,3	309,257	11,2	363,254	182	149
17019	34,15	226,191	21,18	282,237	152	149
17020	11,13	226,191	14,10	282,237	203	149
17021	15,21	226,191	15,14	282,237	224	149
17022	8,12	31,14	13,7	20,15	200	149
17023	12,20	31,14	14,11	20,15	221	149
17025	7,2	21,18	5,7	25,4	152	149
17028	4,2	200,156	2,3	422,343	184	149
17029	1,1	15,23	0,0	4,4	220	149
17030	178,119	4,0	339,279	3,5	152	149
17031	10,7	4,0	12,8	2,0	152	149
17032	7,6	4,0	6,7	2,0	198	149
17033	4,2	7,3	2,3	8,4	195	149
17034	105,107	52,23	220,184	99,73	152	149
17041	3,2	2,0	2,1	2,0	211	149
17042	4,0	2,0	2,2	2,0	290	149
17043	2,0	1,2	0,2	0,1	228	149
17046	0,1	10,26	0,1	22,13	169	149
17053	96,107	1,6	211,148	0,2	1401	149
17054	75,94	2,0	184,138	0,0	2157	149
17059	104,106	4,0	181,176	0,0	177	149
17061	247,271	2,2	567,341	2,2	172	149
17065	0,0	30,26	3,2	55,52	181	149
17066	29,20	1,0	77,73	5,3	197	149
17067	14,8	0,0	40,38	0,3	197	149
17068	54,56	0,0	141,125	1,0	154	149
17087	14,12	3,0	13,6	1,2	591	149
17088	11,6	3,0	13,7	1,2	608	149
17089	0,0	3,6	0,1	0,0	166	149
17090	0,1	5,6	1,1	11,10	169	149
17093	385,331	10,4	327,187	2,3	3679	149
17094	142,139	10,4	105,70	2,3	1931	149
17099	1,0	0,0	0,0	5,1	202	149
17100	111,89	1,2	77,60	0,0	543	149
17102	593,526	5,21	1867,1325	17,20	201	149
17103	68,89	0,0	142,112	0,1	170	149
17104	7,6	9,9	9,14	8,10	573	149
17105	8,6	65,59	12,13	65,35	573	149
17113	83,67	3,2	100,50	0,1	1122	149
17116	1,3	22,36	0,2	63,32	252	149
17129	15,6	489,352	4,1	328,281	164	149
17130	347,280	5,4	227,135	1,0	167	149
17131	563,547	1,0	878,668	0,0	152	149
17132	490,509	4,0	766,558	1,4	161	149
17134	310,327	2,0	523,366	0,0	158	149
17135	183,192	2,3	381,264	5,7	164	149
17139	38,24	0,2	54,32	0,0	458	149
17140	174,246	0,2	262,164	0,0	248	149
17143	15,26	2,0	48,38	2,0	152	149
17155	45,55	1,2	59,47	0,0	152	149
17159	94,129	13,14	145,89	10,17	557	149
17163	464,440	1,0	610,513	4,0	261	149
17165	69,70	45,45	55,44	64,50	185	149
17168	80,61	22,28	163,121	66,38	155	149
17171	62,64	114,85	96,58	192,147	421	149
17172	5,6	268,299	3,4	467,365	166	149
17173	5,16	200,218	27,17	414,298	177	149
17175	0,3	1,0	0,0	1,0	152	149
17176	736,778	2,6	1812,1433	0,4	5682	149
17177	3,1	104,70	1,0	172,110	172	149
17178	68,108	0,4	134,114	2,1	155	149
17179	85,104	2,1	138,99	3,0	2910	149
17181	0,0	1,1	2,0	1,2	331	149
17190	426,287	49,53	450,289	51,50	152	149
17191	24,13	1,0	0,1	0,0	173	149
17192	40,34	4,10	14,10	0,0	152	149
17193	11,7	5,1	4,6	1,1	152	149
17194	43,55	0,0	33,28	2,0	160	149
17208	5,4	293,278	5,5	438,400	204	149
17209	2,2	339,341	1,1	518,417	370	149
17211	72,86	47,46	161,104	92,58	161	149
17214	54,89	6,1	107,94	4,10	153	149
17215	35,20	1,1	57,27	0,0	155	149
17220	1974,1937	0,1	4873,3680	1,9	151	149
17221	9,1	49,63	3,2	101,72	173	149
17231	12,4	45,54	10,9	78,59	218	149
17232	2,1	223,166	2,4	421,292	236	149
17233	32,13	8,1	12,26	4,2	175	149
17234	21,21	8,1	24,35	4,2	209	149
17235	6,10	17,2	14,22	2,13	183	149
17236	0,0	34,49	1,1	84,48	239	149
17237	19,23	0,0	51,40	2,0	293	149
17239	16,35	0,0	26,16	1,0	1207	149
17242	1,4	13,5	2,7	21,10	261	149
17246	4,12	9,3	17,8	18,13	152	149
17247	2,1	1,1	2,1	0,0	152	149
17248	6,2	7,1	1,3	5,1	152	149
17249	14,8	0,2	35,18	6,4	152	149
17259	40,22	11,6	41,43	19,8	167	149
17261	18,20	0,1	16,16	0,2	158	149
17262	2,9	2,4	3,4	0,1	152	149
17279	10,16	0,0	26,15	1,0	241	149
17283	99,112	3,0	130,109	0,0	368	149
17289	260,252	4,4	533,370	0,2	337	149
17295	949,911	183,154	1182,922	211,135	185	149
17296	637,631	213,185	973,739	206,191	152	149
17297	21,17	0,2	20,13	1,0	152	149
17298	192,150	0,2	230,191	0,0	185	149
17299	29,23	7,4	18,9	0,0	152	149
17304	16,5	28,27	8,5	47,21	253	149
17306	232,248	1,1	695,428	14,9	153	149
17307	9,3	2,4	12,8	10,4	188	149
17308	38,14	203,263	46,41	472,387	188	149
17310	9,3	169,176	4,5	251,200	171	149
17311	239,197	31,53	420,302	78,65	152	149
17316	0,0	20,13	1,0	16,11	445	149
17317	1,2	0,1	0,0	2,0	215	149
17318	2,4	0,1	1,0	2,0	272	149
17320	63,69	0,2	48,27	0,0	482	149
17321	8,21	0,0	34,30	0,2	228	149
17322	35,30	20,12	42,30	21,8	152	149
17324	79,69	0,1	182,137	0,0	489	149
17325	82,82	2,0	127,110	0,0	377	149
17326	7,2	68,70	6,2	114,104	228	149
17327	74,59	3,3	163,105	9,5	153	149
17328	4,5	0,0	5,3	0,1	153	149
17329	57,56	0,0	106,59	0,1	487	149
17330	55,55	2,4	103,56	2,0	483	149
17331	50,50	7,6	144,75	30,14	154	149
17332	11,9	2,0	31,11	1,2	154	149
17338	12,12	0,0	38,21	0,1	1005	149
17339	0,0	0,2	1,0	1,0	152	149
17340	24,16	4,3	12,13	8,4	152	149
17343	467,468	2,0	702,462	0,0	476	149
17347	325,321	1,0	537,321	2,1	244	149
17348	60,55	15,5	93,72	15,15	152	149
17353	17,38	3,5	38,14	2,4	152	149
17356	2,0	14,4	2,1	12,3	343	149
17358	20680,18349	31,44	40587,30835	61,47	257	149
17359	7057,6793	31,44	14033,9955	61,47	288	149
17360	137,110	13760,11666	140,78	26694,20958	180	149
17361	6933,6691	4,0	13894,9877	0,0	257	149
17362	7083,6857	4,0	14058,9980	0,0	288	149
17363	163,174	13,8	165,103	1,0	180	149
17364	6920,6683	1,1	13893,9877	0,0	257	149
17365	7021,6778	1,1	14015,9944	0,0	288	149
17367	1964,1840	0,0	5787,3827	0,1	429	149
17368	10104,9380	0,0	27585,19050	0,2	429	149
17369	13442,12373	0,0	37125,25513	2,2	209	149
17376	5,5	128,135	12,7	211,120	172	149
17377	3,8	1,2	7,4	2,0	237	149
17381	10,13	43,32	25,23	93,76	152	149
17382	12,16	2,0	28,26	5,0	156	149
17383	45,35	2,0	96,79	5,0	153	149
17384	72,72	86,56	168,133	170,80	152	149
17385	404,396	0,0	733,516	1,0	224	149
17386	341,340	4,2	524,366	14,12	221	149
17387	160,173	2,0	226,173	0,0	221	149
17388	423,393	0,2	548,349	0,0	2897	149
17398	1,0	0,4	0,2	0,0	211	149
17399	6,11	0,2	18,18	4,1	397	149
17400	4368,4262	1,0	8744,6467	0,3	176	149
17401	5805,6002	5,11	10279,7777	4,3	207	149
17402	2937,2955	1,2	8058,5746	2,3	541	149
17408	85,34	12,16	21,20	6,1	158	149
17409	514,494	6,8	1233,830	4,3	2079	149
17410	479,464	0,2	1191,824	0,1	460	149
17411	320,288	4,2	674,485	5,3	166	149
17414	5,3	140,167	12,5	465,245	480	149
17415	2,2	0,1	2,10	0,0	175	149
17428	74,122	11,10	190,135	11,13	265	149
17429	163,199	4,6	293,192	0,1	1186	149
17438	2,3	1,2	2,0	3,0	152	149
17441	2,0	0,2	0,0	2,1	442	149
17442	1,2	0,0	2,4	2,0	175	149
17444	35,42	2,5	59,43	7,1	284	149
17445	17,18	2,5	25,21	7,1	509	149
17446	0,2	18,26	0,0	34,22	374	149
17447	42,52	2,0	42,28	0,0	1346	149
17448	21,24	18,17	23,16	18,28	152	149
17449	1,2	0,6	1,1	0,0	155	149
17450	31,21	259,176	11,12	95,82	167	149
17451	98,46	0,0	47,39	1,0	182	149
17452	228,160	3,2	207,172	1,3	182	149
17453	55,18	0,0	32,18	1,0	182	149
17454	246,223	17,13	278,185	11,13	154	149
17455	1,3	2,1	1,0	0,0	257	149
17456	15,13	2,0	18,13	0,0	185	149
17457	34,49	2,1	30,27	0,0	224	149
17458	21,36	2,1	12,14	0,0	188	149
17460	313,271	6,1	284,207	0,0	1887	149
17461	326,284	2,0	302,220	0,0	1923	149
17462	345,320	1,0	314,234	3,2	1962	149
17463	19,14	2,0	18,13	0,0	185	149
17464	38,50	1,0	30,27	3,2	224	149
17465	21,36	1,0	12,14	3,2	188	149
17467	78,86	15,12	85,93	24,14	185	149
17468	97,122	10,26	97,107	30,11	224	149
17469	100,132	0,0	108,115	1,0	233	149
17470	9,3	15,12	6,4	24,14	170	149
17471	28,39	10,26	18,18	30,11	209	149
17472	31,49	0,0	29,26	1,0	218	149
17473	34,48	10,26	36,28	30,11	188	149
17474	37,58	0,0	47,36	1,0	197	149
17475	13,36	0,0	41,19	1,0	158	149
17476	109,151	65,51	133,116	39,45	200	149
17485	11,12	73,63	9,9	107,89	152	149
17486	88,77	0,2	251,170	4,0	179	149
17487	300,312	0,2	959,662	4,0	188	149
17488	112,98	0,2	315,204	4,0	206	149
17491	8,1	196,215	5,2	649,460	167	149
17492	4,4	0,0	18,6	4,1	192	149
17505	6,0	121,94	5,8	156,133	212	149
17506	5,0	68,60	4,9	104,87	212	149
17510	2,7	79,92	4,8	150,150	215	149
17516	0,1	119,104	0,2	151,92	191	149
17517	3,4	222,217	2,9	353,234	173	149
17518	79,73	0,3	98,96	1,2	205	149
17520	298,286	0,3	449,321	1,2	181	149
17521	50,50	0,3	65,62	1,2	170	149
17523	1,0	159,194	1,3	388,286	176	149
17524	132,175	3,2	326,235	0,3	182	149
17525	15,23	0,0	18,14	1,0	1173	149
17526	18,20	136,137	23,15	262,208	403	149
17527	171,138	0,0	367,314	0,4	153	149
17528	136,170	1,0	339,242	1,0	161	149
17530	18,16	87,82	44,30	168,137	2378	149
17534	2,3	146,155	4,1	319,240	176	149
17535	114,101	14,21	269,201	47,37	152	149
17536	5,8	40,17	6,1	32,18	175	149
17537	64,39	2,0	151,96	0,0	152	149
17538	4224,3988	7,2	9998,7285	1,1	1287	149
17541	0,1	2044,1988	2,2	3012,2216	172	149
17542	1492,1643	0,5	3358,2501	0,0	777	149
17543	1781,1961	2,1	4444,3242	0,0	825	149
17545	2055,2164	4,4	4989,3547	10,4	194	149
17546	528,557	4,4	1308,942	10,4	425	149
17547	68,65	1595,1672	69,50	3750,2655	380	149
17548	77,75	0,1	173,149	0,0	649	149
17549	1,2	30,29	5,3	50,58	173	149
17550	4,5	1,4	7,0	7,1	186	149
17553	74,74	0,0	163,92	3,1	197	149
17555	7,0	45,55	1,2	107,55	184	149
17558	95,87	0,6	197,144	4,2	235	149
17561	2,6	11,8	11,12	16,8	179	149
17568	13,7	29,32	10,6	28,27	276	149
17580	56,43	15,8	64,46	10,8	266	149
17581	16,17	0,0	34,21	0,1	152	149
17582	22,25	1,3	42,27	3,1	152	149
17584	0,3	1,6	0,3	0,0	156	149
17585	3,0	2,2	0,0	0,2	172	149
17586	35,26	1237,1288	35,40	1715,1490	173	149
17587	8,1	1029,983	9,7	2037,1381	160	149
17591	179,172	0,8	219,140	0,0	176	149
17592	567,588	4,0	717,483	0,0	176	149
17594	0,2	65,41	0,2	37,29	165	149
17596	16,6	0,3	13,6	4,4	457	149
17597	55,75	55,65	108,88	163,119	200	149
17599	0,1	1,0	0,1	0,0	151	149
17600	6,1	0,3	6,10	10,2	153	149
17604	0,0	1,0	0,3	0,0	273	149
17605	636,632	837,842	1426,894	1706,1365	152	149
17606	7,7	837,842	18,15	1706,1365	325	149
17607	4,3	633,628	16,7	1424,886	322	149
17608	0,2	0,0	10,1	1,1	152	149
17618	4,6	18,17	6,2	30,18	190	149
17619	3,4	252,167	1,2	355,312	168	149
17620	199,206	5,5	416,290	6,8	297	149
17621	448,369	5,5	770,600	6,8	278	149
17622	338,283	0,4	583,331	4,0	284	149
17624	2,3	410,407	3,1	487,341	166	149
17626	2,0	0,0	0,0	2,0	276	149
17627	13,7	223,242	12,12	443,262	167	149
17628	89,63	4,6	173,133	5,2	226	149
17629	299,298	4,6	604,383	5,2	208	149
17630	21,28	374,416	15,23	787,585	171	149
17631	350,431	2,6	675,536	0,0	156	149
17632	205,252	1,6	439,307	0,3	152	149
17639	258,268	4,8	459,349	11,5	266	149
17642	134,108	0,2	245,167	0,0	153	149
17644	1142,1018	4,2	1008,582	0,0	720	149
17646	166,150	3,6	325,231	18,7	152	149
17647	2,1	3,4	1,2	0,0	189	149
17651	109,67	171,136	68,35	130,98	543	149
17652	5,3	88,99	3,3	58,35	197	149
17654	4,3	3,0	16,13	3,0	231	149
17655	0,1	3,0	3,4	3,0	227	149
17659	55,35	42,46	23,21	39,27	152	149
17661	2,1	2,0	5,4	2,0	178	149
17663	186,169	4,7	385,200	3,2	182	149
17664	198,183	33,24	414,217	45,29	191	149
17665	16,21	33,24	32,19	45,29	158	149
17666	206,277	17,18	444,256	31,24	197	149
17667	100,82	2,10	114,100	7,8	200	149
17668	200,172	49,55	295,217	138,85	200	149
17672	230,184	2,3	230,187	2,5	1164	149
17673	21,7	15,3	9,12	6,4	170	149
17674	11,3	7,1	8,11	6,6	170	149
17675	63,39	5,0	36,20	1,1	295	149
17676	2,0	425,311	0,0	823,674	170	149
17679	112,99	18,4	179,138	11,14	444	149
17680	0,2	0,0	2,4	0,2	152	149
17682	65,49	1,4	39,45	5,0	179	149
17684	4,11	75,79	5,2	72,53	163	149
17685	57,36	86,63	25,18	54,39	253	149
17686	41,34	2,0	8,9	0,0	154	149
17690	3,0	210,244	1,0	386,257	175	149
17691	1,0	217,223	1,2	474,328	186	149
17692	232,250	3,0	413,304	0,0	1912	149
17694	10,10	46,60	21,11	67,42	249	149
17695	5,5	0,7	12,5	2,0	249	149
17696	20,15	195,141	25,32	408,271	223	149
17697	1,0	62,45	4,1	51,34	250	149
17698	0,2	39,18	1,1	55,46	174	149
17704	34,26	75,76	67,41	128,102	152	149
17711	6,16	1,1	25,7	15,2	237	149
17712	114,86	3,0	73,37	1,0	637	149
17725	468,516	2,0	752,504	1,1	160	149
17729	0,2	1,2	1,1	0,0	265	149
17730	0,2	1,2	2,1	0,0	305	149
17732	458,462	1,0	648,446	0,0	152	149
17736	359,378	2,0	561,346	0,0	155	149
17737	33,28	2,0	50,37	0,0	174	149
17738	27,18	353,368	40,31	551,340	168	149
17739	7,10	1,0	10,6	0,0	155	149
17740	414,343	1,1	507,325	1,3	184	149
17741	69,47	0,2	49,25	0,0	199	149
17743	21,26	0,2	17,24	0,0	680	149
17766	250,288	2,2	262,231	3,0	153	149
17768	3,11	3,0	1,5	1,0	229	149
17769	6,12	564,546	3,7	992,738	229	149
17770	5,0	3,0	0,0	3,0	284	149
17771	11,3	29,34	7,3	41,29	301	149
17772	9,3	29,34	10,3	41,29	166	149
17773	24,16	0,0	37,22	5,0	153	149
17774	25,28	675,631	40,14	1275,846	180	149
17775	46,44	0,2	72,35	1,3	184	149
17776	696,647	0,2	1307,867	1,3	153	149
17778	20,10	910,747	18,17	1527,1112	169	149
17779	34,39	858,646	51,41	1382,1028	169	149
17780	0,0	2,2	0,1	8,1	185	149
17782	4,18	0,0	14,8	0,2	1141	149
17784	9,4	2,0	13,13	0,0	3903	149
17789	399,306	1,0	674,522	0,0	380	149
17790	66,45	5,4	34,14	0,0	380	149
17791	55,43	1,3	34,13	0,0	380	149
17792	145,160	0,1	216,174	0,0	193	149
17793	73,76	587,528	61,33	931,703	230	149
17794	84,80	587,528	75,40	931,703	252	149
17795	17,11	6,7	20,15	6,8	171	149
17796	67,69	1,11	57,25	0,0	230	149
17797	76,74	1,11	64,36	0,0	252	149
17798	9,5	0,0	9,11	2,0	171	149
17799	30,14	231,164	32,20	142,76	218	149
17801	470,501	3,4	751,560	8,3	152	149
17802	289,268	2,2	483,371	2,2	1100	149
17803	449,491	1,1	597,454	0,1	2972	149
17804	280,293	0,2	273,225	0,0	2972	149
17806	91,91	2,3	139,92	1,0	152	149
17807	77,78	1,7	140,120	0,0	168	149
17808	55,87	0,2	142,122	0,0	153	149
17809	7,4	0,1	6,2	0,0	153	149
17813	83,93	0,2	231,182	0,0	186	149
17814	0,0	40,63	3,8	81,64	185	149
17815	0,0	61,83	1,0	138,113	174	149
17816	0,3	1,0	3,1	0,0	153	149
17818	6,1	0,4	3,3	0,0	196	149
17823	10,11	243,253	16,7	472,325	450	149
17824	498,489	0,1	997,695	0,1	2096	149
17826	182,227	0,1	608,351	0,1	153	149
17828	341,364	0,2	702,449	0,0	218	149
17831	0,3	80,75	2,0	141,103	312	149
17832	217,210	83,83	272,165	95,64	152	149
17841	33,25	2,0	92,62	2,3	538	149
17842	54,45	343,331	75,58	698,565	180	149
17848	0,0	3,3	1,0	7,11	169	149
17852	15,5	0,0	17,24	0,2	540	149
17855	66,47	0,0	103,77	2,0	326	149
17856	178,203	0,2	436,271	2,1	153	149
17857	547,521	18,23	1005,670	58,32	182	149
17858	6,3	1,0	3,6	0,0	152	149
17859	3,5	0,0	1,7	6,2	152	149
17860	19,23	2,6	25,21	2,2	202	149
17862	2,0	14,11	1,1	2,2	359	149
17866	0,5	49,38	7,3	89,82	295	149
17867	193,182	32,18	372,257	28,26	223	149
17868	7,5	70,69	16,8	113,95	166	149
17874	1,1	3,7	2,0	10,7	192	149
17875	94,61	0,1	72,50	0,0	924	149
17876	10,8	3,5	4,3	4,3	159	149
17877	25,17	143,150	53,44	240,230	161	149
17880	3,0	0,0	1,6	1,1	428	149
17881	25,17	0,0	33,18	3,0	170	149
17882	7,5	2,2	6,3	7,2	230	149
17884	1,0	5,5	0,0	7,11	167	149
17885	2,3	5,5	0,1	7,11	211	149
17887	0,2	7,4	1,0	11,14	214	149
17889	8,9	1,2	14,20	12,2	164	149
17890	668,673	2,1	1123,815	8,2	176	149
17891	1029,1051	3,1	1467,1007	0,0	1432	149
17893	14,16	4260,3767	20,22	7410,5893	180	149
17894	6,17	1,3	9,7	0,0	243	149
17895	123,83	3,0	248,137	4,5	153	149
17905	2,3	5,0	0,1	11,5	179	149
17906	73,67	8,13	132,91	33,26	153	149
17907	4,8	15,3	3,6	14,11	185	149
17908	213,232	1,2	422,264	5,2	161	149
17909	68,83	0,1	71,61	0,0	191	149
17910	317,342	5,8	421,351	10,2	191	149
17911	84,104	0,2	97,76	1,0	191	149
17914	4,3	179,216	2,3	317,204	188	149
17915	20,22	179,216	26,34	317,204	155	149
17918	42,40	5,0	65,49	2,2	152	149
17922	17044,15437	0,1	38660,29619	0,0	861	149
17923	570,450	14211,12144	1212,906	32827,25005	197	149
17924	11390,10261	0,1	15591,14142	0,1	237	149
17925	14904,12706	6,14	31909,25098	38,16	183	149
17926	106,116	0,1	262,160	0,0	282	149
17932	108,122	1,0	259,179	0,0	151	149
17933	20,7	1,1	54,38	2,1	152	149
17935	233,205	2,0	245,225	9,0	436	149
17936	7,8	195,159	4,1	229,175	170	149
17942	41,35	5,0	84,48	1,0	237	149
17945	52,70	75,92	90,58	168,119	944	149
17946	10,5	79,84	11,6	141,117	193	149
17950	329,290	1336,1227	220,179	1831,1338	2781	149
17951	277,168	3,4	211,107	3,2	413	149
17952	26,23	55,56	17,23	60,41	201	149
17953	29,26	54,46	17,23	42,32	204	149
17954	58,59	54,46	60,41	42,32	152	149
17955	7,0	1,0	0,3	0,0	284	149
17956	149,163	0,1	132,68	0,0	931	149
17957	10,13	141,106	2,1	99,73	962	149
17960	46,36	965,775	49,44	1496,1131	233	149
17966	79,76	4,0	40,36	0,0	1403	149
17969	361,335	2,2	726,474	2,2	205	149
17970	52,41	5,11	145,97	0,0	353	149
17971	4462,4538	2,0	10152,7646	3,1	550	149
17972	52,37	1,0	142,97	0,0	353	149
17973	54,40	0,5	142,97	0,0	353	149
17974	3993,3662	1,0	9355,6906	0,0	353	149
17975	3599,3304	2,0	6476,5026	0,0	835	149
17976	1036,1064	6,12	1347,1102	3,1	881	149
17977	1101,1164	1284,1191	1415,1153	2588,1893	1452	149
17979	0,2	29,15	0,2	35,44	172	149
17980	0,0	23,21	0,1	39,42	250	149
17981	1,0	9,14	2,6	26,16	181	149
17982	1,0	19,16	0,2	18,21	172	149
17988	2,0	87,109	0,0	180,122	172	149
17989	134,161	1,2	368,229	4,0	222	149
17992	94,126	2,0	181,165	0,0	186	149
17993	97,122	0,0	167,109	1,2	190	149
17995	1,4	46,45	2,0	92,61	173	149
17996	1,2	6,11	3,0	22,11	173	149
17997	1,2	4,27	2,0	24,18	173	149
17998	21,25	2,0	28,15	2,0	186	149
17999	37,24	1,9	38,25	6,1	186	149
18000	112,106	0,1	171,105	1,3	3183	149
18004	7,2	0,2	7,1	0,0	1466	149
18005	1,1	0,0	1,2	2,0	152	149
18014	110,94	3472,3345	243,139	7410,5323	182	149
18015	2,7	4708,4767	5,7	8653,6574	187	149
18016	4139,3904	1,0	6625,5171	0,0	328	149
18017	3239,2959	1,1	4550,3894	0,0	229	149
18019	8,9	120,76	5,10	345,194	165	149
18020	23,16	0,0	7,8	0,2	162	149
18021	96,99	2558,2070	138,143	4326,3258	182	149
18022	73,83	2558,2070	131,137	4326,3258	169	149
18023	773,676	4,8	749,780	2,1	170	149
18024	2830,2272	1,0	4586,3453	0,0	153	149
18025	18,10	3,4	17,24	1,2	155	149
18030	31,45	5698,5132	61,43	8687,7329	167	149
18032	59,36	2,1	39,21	0,2	183	149
18033	16,15	2,1	6,10	0,2	160	149
18038	8,2	1585,1373	19,8	4275,3038	298	149
18039	2229,1894	0,0	4971,3629	0,2	166	149
18040	13,12	0,2	24,23	2,0	507	149
18041	22,15	94,84	34,31	212,160	507	149
18046	34,35	979,908	53,38	2114,1479	174	149
18047	308,264	0,1	499,387	0,0	3828	149
18048	1268,1507	2,0	3037,2222	0,0	851	149
18049	427,442	0,1	972,685	0,0	851	149
18050	431,440	2,0	971,685	0,0	851	149
18051	5,26	2,0	22,20	0,0	153	149
18053	1338,1432	0,0	3810,2606	2,1	249	149
18054	589,602	2,3	1677,1181	1,4	249	149
18056	0,0	0,1	1,0	1,0	291	149
18057	0,2	42,47	5,1	27,31	229	149
18058	0,0	2,13	1,2	16,7	188	149
18059	18,20	1,0	51,32	2,2	241	149
18064	235,224	13,5	457,342	16,6	178	149
18065	79,123	18,19	136,101	37,23	309	149
18071	0,1	8,1	1,0	2,9	344	149
18073	12,3	0,0	14,14	2,0	179	149
18074	2,1	0,0	5,2	2,0	191	149
18075	0,0	10,2	2,0	11,12	161	149
18076	8,8	0,1	13,23	0,0	633	149
18083	1,1	8,1	0,0	3,3	195	149
18084	2,2	8,1	0,0	3,3	229	149
18095	4,13	4,0	10,4	1,0	1961	149
18100	4,2	53,48	6,7	179,117	211	149
18101	29,32	0,5	89,77	5,3	284	149
18102	78,78	0,5	262,187	5,3	222	149
18105	7,5	0,0	1,0	1,0	154	149
18106	55,36	3,1	15,4	0,0	154	149
18107	143,109	6,10	76,44	5,1	317	149
18110	222,169	0,0	273,173	4,2	152	149
18111	286,296	30,18	462,370	23,16	166	149
18112	5,13	97,74	1,2	83,51	152	149
18120	14,16	1,2	0,2	0,0	153	149
18121	8,17	2,0	9,0	0,0	154	149
18126	15,8	0,1	5,0	0,0	729	149
18127	3,4	6,1	3,0	1,0	423	149
18128	456,397	85,89	874,768	150,121	240	149
18129	5,3	293,265	12,5	542,402	183	149
18130	3,1	8,15	0,0	0,1	152	149
18131	16,3	8,15	0,1	0,1	213	149
18133	398,369	2,7	812,593	0,4	185	149
18134	473,440	11,1	972,703	16,8	218	149
18135	77,78	11,1	160,114	16,8	182	149
18141	117,131	25,17	173,112	19,14	218	149
18142	696,527	4,2	432,338	2,4	408	149
18143	161,146	6,4	167,114	7,3	254	149
18144	130,113	0,1	133,98	0,4	254	149
18146	21,16	19,10	23,23	17,9	187	149
18147	26,29	0,1	26,21	0,0	159	149
18148	1740,1484	0,2	1823,1364	0,0	638	149
18150	11,6	78,77	7,5	135,53	168	149
18162	0,4	0,1	2,2	0,0	165	149
18163	48,26	7,11	115,84	10,13	152	149
18165	36,25	3,5	54,53	11,9	152	149
18166	126,117	82,96	315,195	293,210	170	149
18167	15,18	1,0	37,36	0,0	170	149
18168	15,7	214,185	4,9	265,174	329	149
18169	2,3	0,8	2,0	0,0	154	149
18170	133,111	0,0	164,168	1,4	1866	149
18177	15,7	2,0	4,2	1,0	310	149
18178	15,7	2,0	4,2	1,0	313	149
18180	14,7	0,2	6,3	0,2	180	149
18185	655,535	0,1	394,272	0,1	3223	149
18187	57,49	246,230	53,49	292,271	154	149
18193	302,282	65,54	424,331	103,60	180	149
18195	387,418	5,2	887,605	0,0	1469	149
18196	6,4	697,736	4,4	1582,1162	179	149
18197	364,392	3,6	789,547	7,6	241	149
18198	1055,1124	3,6	2367,1705	7,6	211	149
18199	701,788	5,4	1493,1137	1,1	159	149
18200	683,774	0,3	1437,1095	0,0	478	149
18201	9,4	387,337	20,10	876,640	496	149
18202	2,1	387,337	3,4	876,640	172	149
18203	55,52	6,1	34,39	0,0	372	149
18204	160,131	1981,1968	168,134	3771,3307	426	149
18205	25,22	7,12	23,14	14,9	167	149
18206	3403,3276	3,6	7966,5900	6,1	225	149
18207	8485,7927	3,0	20988,15801	12,3	225	149
18209	3365,3259	2,0	7947,5882	0,0	225	149
18211	8,8	44,42	10,5	50,40	217	149
18212	174,208	0,0	307,198	1,0	440	149
18213	246,225	2,2	300,156	9,0	273	149
18218	4,9	3,1	15,5	9,1	158	149
18219	3,4	28,18	16,2	36,33	158	149
18220	5,4	28,18	14,3	36,33	237	149
18221	2,1	0,1	3,3	5,2	228	149
18223	2,0	3,6	0,0	7,2	223	149
18224	13,13	12,6	15,18	13,7	152	149
18225	515,487	17,16	1218,881	36,12	224	149
18226	15,19	0,4	8,6	1,0	338	149
18227	17,13	65,64	4,9	176,113	687	149
18230	3,14	27,26	7,5	57,35	184	149
18231	9,7	0,0	15,13	1,0	153	149
18233	2,7	0,0	8,6	0,1	188	149
18234	2,0	0,0	1,2	2,1	182	149
18237	14,16	14,18	26,17	42,18	1100	149
18238	0,0	14,18	0,1	42,18	160	149
18240	3,5	4,0	4,0	1,0	204	149
18253	6,4	1,0	4,10	3,9	370	149
18254	0,0	2,0	0,1	2,0	216	149
18258	1,0	0,1	0,3	2,2	177	149
18259	36,27	0,1	26,40	2,2	1201	149
18260	1,1	0,1	0,3	2,2	206	149
18264	41,33	3,2	55,45	2,0	1248	149
18267	0,0	6,6	1,0	7,3	167	149
18268	19,10	8,14	49,32	9,18	160	149
18269	1,0	8,14	1,3	9,18	183	149
18270	0,0	18,10	0,1	48,30	172	149
18271	1,2	8,14	1,3	9,18	187	149
18272	0,2	18,10	0,1	48,30	176	149
18273	1,0	8,14	1,3	9,18	205	149
18274	0,0	18,10	0,1	48,30	194	149
18278	3,7	290,262	13,5	502,337	164	149
18279	13,9	5,2	21,4	7,2	153	149
18280	223,203	1,0	457,299	0,0	153	149
18288	5,10	80,46	11,13	103,74	181	149
18290	0,0	1,0	0,2	0,0	403	149
18295	33,24	3,0	10,6	0,0	154	149
18296	20,18	0,1	13,21	0,0	153	149
18297	23,13	0,1	26,13	0,0	227	149
18298	23,13	20,18	26,13	13,21	223	149
18311	40,37	19,12	55,50	11,11	152	149
18312	0,2	21,16	1,0	39,23	164	149
18313	390,364	101,101	575,424	127,135	152	149
18314	107,121	2,0	172,112	0,0	178	149
18316	171,136	9,6	411,263	18,19	154	149
18317	22,22	222,193	45,28	547,408	188	149
18318	3,9	0,7	4,10	13,14	172	149
18320	1,1	0,7	0,0	13,14	196	149
18335	195,217	0,1	388,314	0,0	215	149
18336	299,321	5,2	571,405	4,7	152	149
18337	478,464	33,46	1188,875	28,25	668	149
18338	201,175	6,8	451,386	33,24	155	149
18354	122,118	0,2	120,78	0,0	288	149
18358	0,7	1,0	4,0	0,0	167	149
18359	0,5	0,2	2,0	1,2	306	149
18360	17,16	2,0	43,30	8,4	409	149
18361	2,4	2,0	12,9	0,0	206	149
18362	3,8	4,7	13,15	9,6	206	149
18363	10,6	2,1	13,9	15,8	206	149
18364	4,6	4,4	12,12	9,4	206	149
18366	2573,2780	3,0	4747,3705	2,0	206	149
18367	11864,12082	242,267	23659,17855	390,286	206	149
18368	2538,2742	0,4	4720,3678	0,0	206	149
18370	50,89	2,3	163,97	3,7	189	149
18371	1,1	3,1	1,1	2,0	181	149
18374	8,9	0,2	3,8	0,0	189	149
18382	15,12	20,23	18,9	25,28	179	149
18386	2,1	331,290	0,0	564,457	217	149
18389	4,8	50,55	12,8	113,83	152	149
18390	45,54	21,30	95,65	57,27	152	149
18395	266,243	0,2	376,276	0,1	392	149
18404	27,25	2,1	33,12	5,5	258	149
18405	30,22	12,12	50,32	30,12	220	149
18407	23,16	33,17	25,14	32,38	1554	149
18408	78,115	5,3	152,65	5,13	167	149
18409	21,19	618,434	34,23	1382,835	166	149
18411	10,16	0,1	38,36	0,1	154	149
18413	54,42	0,0	96,49	0,2	154	149
18414	2,6	2,2	8,0	4,0	158	149
18421	67,29	0,0	57,39	3,0	181	149
18423	103,97	0,0	163,123	1,0	158	149
18433	49,35	6,12	51,43	23,12	257	149
18434	53,35	6,12	51,46	23,12	260	149
18435	253,233	6,12	241,159	23,12	1323	149
18436	5,1	1,1	1,3	1,0	152	149
18437	205,199	1,1	191,116	1,0	1215	149
18438	201,198	1,0	190,116	0,3	1212	149
18439	5,2	25,14	6,7	35,29	170	149
18440	11,4	21,20	7,6	11,12	170	149
18441	119,138	21,20	115,116	11,12	1522	149
18442	169,148	0,1	325,236	0,0	213	149
18443	6,2	10,5	4,7	14,16	174	149
18445	6,6	0,0	0,0	2,0	1325	149
18454	66,60	0,0	96,77	3,0	370	149
18455	41,38	0,0	61,54	2,0	370	149
18456	1,3	4,3	6,3	10,4	680	149
18460	514,401	0,1	903,643	1,2	233	149
18461	257,208	2,0	426,304	0,0	233	149
18462	361,275	3,1	607,439	4,5	152	149
18467	176,142	11,8	78,66	3,0	174	149
18470	308,209	0,1	190,139	0,0	160	149
18472	26,17	0,1	23,18	0,0	156	149
18473	12,11	0,1	16,12	0,0	153	149
18474	8,14	377,277	11,5	455,372	325	149
18475	380,392	500,512	869,664	1555,1147	194	149
18476	94,86	2,2	258,169	2,0	194	149
18477	443,408	296,303	1020,790	717,564	167	149
18478	82,126	1,6	190,120	2,1	192	149
18480	0,4	5,3	0,0	10,3	154	149
18482	49,54	4,10	85,61	3,4	521	149
18483	675,624	2,1	1329,914	0,0	231	149
18484	246,209	1,0	507,370	0,0	231	149
18486	16,16	0,2	56,40	0,0	168	149
18487	9,2	35,29	0,1	16,15	164	149
18488	71,46	0,0	41,43	0,1	305	149
18492	4,1	40,38	0,0	38,14	163	149
18493	87,77	6,1	73,43	10,5	305	149
18494	40,52	7,5	41,27	5,1	261	149
18495	2,0	1,0	1,1	0,0	159	149
18496	6,0	1,2	3,2	0,2	197	149
18497	5,0	1,2	2,1	0,2	187	149
18498	2,3	2,0	0,0	4,7	209	149
18502	2,0	0,0	3,2	0,2	175	149
18506	9,12	0,0	20,9	2,0	280	149
18507	20,23	29,42	24,12	52,55	280	149
18511	3,0	3,0	0,0	2,2	164	149
18513	214,242	2,5	480,369	1,4	158	149
18520	21,14	2,6	12,5	3,2	220	149
18525	163,125	60,31	72,39	18,8	152	149
18530	72,47	12,16	71,52	16,14	152	149
18531	99,58	0,0	124,76	0,1	222	149
18532	39,27	0,0	69,38	0,1	219	149
18533	4,6	6,4	12,1	13,20	169	149
18543	1323,1296	25,22	3485,2465	50,41	184	149
18544	23,4	107,96	6,17	116,115	284	149
18545	789,758	0,1	744,530	0,0	1104	149
18548	108,106	0,1	4,2	0,0	154	149
18555	773,606	19,10	1379,1163	11,14	186	149
18556	237,230	1,0	310,230	0,1	153	149
18557	9,9	98,80	7,7	108,81	174	149
18560	84,100	278,277	89,42	364,222	260	149
18561	53,59	4,8	55,26	4,1	260	149
18562	261,320	3,2	396,235	1,0	204	149
18563	149,162	1,1	223,134	0,0	204	149
18565	6,6	543,478	6,12	1245,964	177	149
18567	70,46	26,13	41,38	11,0	281	149
18568	702,588	4,4	1056,672	5,9	178	149
18569	572,501	2,1	539,369	0,0	231	149
18570	420,287	2,3	314,184	2,0	259	149
18571	23,18	599,472	35,11	938,723	167	149
18572	63,62	1,2	120,79	1,0	155	149
18573	0,0	63,72	1,0	157,148	217	149
18575	826,880	0,2	1189,923	0,0	195	149
18576	846,902	2,1	1193,923	0,0	195	149
18577	3832,4301	7,11	6021,4353	4,2	195	149
18578	4,5	4,0	3,9	0,2	187	149
18580	1791,1706	0,1	3204,2373	2,0	153	149
18581	136,98	2,0	164,151	0,0	155	149
18582	2165,2170	2,0	4079,3072	0,2	155	149
18583	5,1	2513,2329	4,2	4307,3096	169	149
18584	33,18	19,17	25,22	26,22	172	149
18585	2541,2346	19,17	4328,3116	26,22	152	149
18588	143,128	0,2	281,180	3,5	257	149
18589	5,1	8,6	5,0	4,9	215	149
18590	3,1	1,0	6,0	4,1	215	149
18591	30,36	0,2	88,50	2,0	195	149
18592	110,108	4150,3342	156,87	2782,1809	167	149
18599	7,2	5,4	7,12	0,0	282	149
18608	5,1	0,0	0,1	0,4	403	149
18609	5,1	0,1	2,2	0,1	455	149
18610	0,0	0,1	2,5	0,1	201	149
18617	15,19	0,0	26,15	0,1	234	149
18618	310,213	40,27	136,84	11,4	152	149
18619	20,22	111,77	8,3	15,15	182	149
18620	6,9	216,246	0,0	189,100	182	149
18621	88,76	63,64	109,107	91,49	152	149
18622	16,6	0,0	21,23	1,0	289	149
18625	667,525	0,0	830,559	0,1	211	149
18626	2,10	28,32	12,17	27,24	153	149
18627	51,50	3,4	53,44	2,7	267	149
18628	53,55	497,386	58,50	414,366	278	149
18629	77,72	3,4	68,51	2,7	263	149
18630	79,77	497,386	73,57	414,366	274	149
18631	5,9	497,386	7,13	414,366	160	149
18633	339,241	40612,31456	0,2	294,152	188	149
18636	334,267	71,57	549,425	75,65	164	149
18638	183,196	11,8	236,187	1,0	249	149
18639	148,123	0,0	213,130	1,0	496	149
18640	116,84	48,45	166,91	19,10	222	149
18641	0,3	149,73	2,0	194,126	191	149
18646	6,7	12,4	6,5	5,13	271	149
18658	47,58	0,4	161,102	3,2	258	149
18660	0,0	48,43	3,1	119,64	204	149
18661	6056,6071	4,4	16422,11330	1,2	260	149
18664	37,15	0,0	106,70	3,4	735	149
18666	163,115	1,1	50,31	0,0	155	149
18667	466,359	61,97	799,543	157,120	152	149
18674	1779,1648	0,1	2354,1577	0,0	847	149
18675	1951,1828	16,5	2491,1669	0,0	1029	149
18676	172,181	16,5	137,92	0,0	331	149
18677	3013,2488	2,2	4000,2679	0,0	847	149
18678	3185,2668	7,6	4137,2771	0,1	1029	149
18679	174,182	7,6	137,92	0,1	331	149
18680	211,221	839,778	161,105	1222,877	331	149
18681	993,904	28,28	1207,1010	21,13	196	149
18682	65,41	136,111	83,51	231,163	161	149
18686	104,110	5790,4824	175,121	14228,8613	190	149
18687	224,169	13,10	146,66	0,0	360	149
18688	69,88	0,2	45,32	0,1	364	149
18693	36,57	4,3	64,67	6,3	325	149
18694	14,27	10,7	49,37	17,9	155	149
18695	21,12	6,9	4,4	22,7	162	149
18696	2,13	0,0	16,13	0,2	152	149
18697	2,13	0,0	16,13	1,0	155	149
18698	0,6	0,0	1,2	1,0	186	149
18699	0,4	2,11	0,1	15,12	180	149
18700	2,0	3,1	0,1	1,0	343	149
18701	0,0	2,6	0,1	16,14	152	149
18702	3,9	1,0	23,8	0,0	152	149
18703	2,0	1,0	8,0	2,0	152	149
18704	0,0	1,0	5,2	0,0	152	149
18705	0,0	2,0	1,0	0,0	152	149
18709	2,4	0,0	1,0	0,1	453	149
18710	0,2	0,0	1,0	1,1	159	149
18711	2,8	0,0	15,16	1,1	252	149
18712	28,11	0,0	59,53	1,1	734	149
18714	0,2	0,0	5,0	0,2	152	149
18717	32,24	0,1	72,82	1,0	516	149
18718	13,19	0,1	19,23	1,2	196	149
18719	128,99	0,1	212,162	1,2	365	149
18720	115,86	0,6	194,142	1,3	318	149
18722	103,90	0,1	196,102	2,0	152	149
18723	334,262	1,1	363,214	1,2	152	149
18726	146,160	0,1	501,324	2,0	177	149
18727	38,28	1,0	39,21	0,0	679	149
18728	38,29	129,143	41,21	329,215	679	149
18729	46,53	0,1	108,54	0,2	260	149
18730	0,0	18,17	6,3	18,13	237	149
18731	54,50	1,0	73,43	0,4	153	149
18732	4277,3405	0,4	6223,3872	2,2	583	149
18743	0,3	2,5	4,3	18,4	177	149
18744	8,21	139,125	26,24	309,208	177	149
18745	1,2	3,3	0,2	0,0	642	149
18754	336,261	14,7	337,162	9,8	153	149
18755	276,209	3,0	291,179	2,2	263	149
18757	54,52	38,39	101,92	65,45	164	149
18758	3,3	131,80	0,0	149,102	170	149
18759	328,284	0,8	333,205	4,3	304	149
18760	238,197	0,0	411,265	1,2	258	149
18761	133,97	6,2	96,62	5,3	217	149
18764	1210,868	8,14	2092,1644	8,3	181	149
18765	250,146	0,1	378,359	0,0	181	149
18766	10,8	985,716	5,7	1716,1245	166	149
18767	455,337	4,1	679,552	4,5	154	149
18768	5,6	716,548	18,10	1792,1173	709	149
18769	659,580	1,1	1817,1195	0,0	1682	149
18770	102,81	0,1	246,145	0,1	175	149
18771	21,30	645,569	83,51	1804,1125	254	149
18781	0,1	0,2	0,0	0,1	169	149
18785	5,6	53,64	9,10	150,100	255	149
18786	27,7	5,3	7,6	1,0	201	149
18787	13,9	395,394	4,4	583,415	193	149
18789	107,109	22,10	226,201	21,12	231	149
18790	122,131	85,71	260,232	168,140	244	149
18791	37,32	85,71	55,43	168,140	162	149
18792	1,6	1,1	4,7	3,3	170	149
18793	17,35	41,34	42,24	74,44	170	149
18794	12,9	0,4	9,10	0,3	169	149
18803	45,33	19,16	28,29	14,9	546	149
18804	0,0	4,7	1,0	1,1	471	149
18805	3,7	182,184	4,8	239,196	173	149
18806	565,498	0,1	1137,952	0,0	1167	149
18807	90,88	0,9	111,77	1,0	188	149
18808	3,0	0,0	6,1	2,0	152	149
18809	1,0	2,1	0,0	1,3	186	149
18811	8,11	3,5	15,4	11,3	152	149
18812	8,5	34,35	16,4	97,83	152	149
18813	46,41	313,349	81,66	947,687	152	149
18814	10,5	18,12	11,4	28,20	152	149
18817	1,1	37,38	0,0	15,6	166	149
18820	11,8	2,0	4,11	0,0	415	149
18821	6,2	178,177	15,14	450,417	179	149
18822	1,2	78,83	3,3	161,110	173	149
18823	1,2	35,53	0,0	40,29	180	149
18824	19,22	2,0	8,6	0,0	246	149
18825	53,73	2,0	48,35	0,0	215	149
18826	277,291	0,2	861,565	1,3	153	149
18827	50,72	0,0	77,44	0,1	233	149
18829	5,0	58,61	3,0	79,55	194	149
18830	130,120	3,1	161,149	0,0	1112	149
18833	7,10	289,225	9,6	223,119	173	149
18835	2,0	0,0	0,0	0,2	652	149
18838	0,3	0,2	2,2	0,0	197	149
18839	0,1	0,2	1,0	0,0	178	149
18844	176,143	0,2	137,107	2,0	173	149
18846	0,0	0,2	0,2	0,0	298	149
18847	5,23	0,2	45,17	1,0	531	149
18856	2,10	12,11	12,8	29,32	152	149
18857	4,7	0,4	11,5	0,0	290	149
18858	5,6	4,10	11,5	3,1	290	149
18860	27,32	62,41	85,60	112,95	152	149
18861	190,136	0,0	445,221	0,1	169	149
18862	4,7	190,178	3,2	171,119	176	149
18863	307,251	4,3	310,249	3,1	657	149
18864	51,61	55,42	98,74	52,78	152	149
18865	76,105	19,12	178,90	26,22	152	149
18866	60,49	0,0	109,80	1,0	250	149
18867	165,155	0,0	295,221	1,0	306	149
18868	107,106	2,0	187,143	1,2	205	149
18869	34,31	0,2	37,34	0,0	193	149
18870	2,4	45,61	3,0	128,84	362	149
18872	8,9	225,198	18,16	479,336	173	149
18874	1,5	122,104	5,3	291,196	883	149
18875	101,92	0,0	181,118	3,0	159	149
18876	11,6	108,130	9,9	216,137	273	149
18877	93,106	2,1	131,79	2,2	203	149
18878	264,283	153,138	503,313	276,212	203	149
18879	166,163	2,2	138,145	1,0	966	149
18883	1,2	0,3	0,0	3,5	182	149
18887	0,3	4,0	2,3	0,0	152	149
18889	14,10	23,22	14,14	44,35	808	149
18891	6,2	46,25	5,7	19,10	177	149
18892	76,44	46,25	42,34	19,10	542	149
18902	21,33	5,11	32,22	2,6	152	149
18905	3,5	4,2	1,3	7,3	203	149
18908	3,2	85,58	0,3	151,97	169	149
18921	0,0	24,21	0,1	31,20	181	149
18927	11,13	0,2	6,8	0,0	431	149
18928	6,5	0,1	11,0	0,0	198	149
18929	19,9	0,1	17,10	0,0	246	149
18930	22,14	0,1	32,19	0,0	251	149
18931	74,70	0,1	98,55	0,0	1194	149
18937	54,60	2,4	77,45	11,9	1092	149
18938	45,37	1,0	63,39	0,0	655	149
18939	22,24	1,0	32,20	0,0	716	149
18940	1,2	24,15	2,2	33,21	210	149
18946	2,0	2,0	2,0	1,4	191	149
18964	10,1	334,371	17,8	785,543	164	149
18965	7,11	2,0	9,2	0,0	278	149
18966	24,30	1,0	50,24	0,0	296	149
18967	19,19	1,0	41,22	0,0	167	149
18968	7,11	69,57	9,3	119,103	278	149
18969	24,30	0,17	50,25	13,8	296	149
18970	84,67	3,5	147,113	18,3	329	149
18971	86,76	0,17	160,125	13,8	167	149
18972	146,113	3,5	257,213	18,3	200	149
18973	60,54	3,5	110,96	18,3	182	149
18974	10,16	210,220	13,2	363,274	278	149
18975	27,35	15,34	54,24	44,18	296	149
18976	87,72	35,18	151,112	35,18	329	149
18977	227,239	15,34	404,296	44,18	167	149
18978	287,276	35,18	501,384	35,18	200	149
18979	75,71	35,18	141,106	35,18	182	149
18983	170,157	0,1	317,200	0,0	171	149
18988	7,2	1,2	12,12	2,1	154	149
18991	42,16	1,3	19,9	0,1	889	149
19014	11,15	6,5	18,14	28,8	152	149
19018	58,73	3,0	82,66	2,3	174	149
19020	8,15	0,0	20,15	1,0	166	149
19021	21033,20463	0,1	55865,40778	1,1	178	149
19022	40038,37284	1,0	106369,76156	0,2	479	149
19023	26423,26139	2,1	80135,61576	0,2	437	149
19024	22700,22154	0,1	67437,52357	8,3	158	149
19025	0,4	298,288	13,8	541,383	191	149
19027	1668,1477	2,1	4315,3119	1,2	1341	149
19029	15,16	8,9	57,28	14,6	158	149
19034	1105,932	2,0	1751,1178	0,1	435	149
19035	19,18	1940,1676	12,13	2930,2083	173	149
19036	64,58	14,12	40,44	12,8	175	149
19037	1985,1716	14,12	2958,2114	12,8	151	149
19038	940,894	5,2	1573,1324	0,0	681	149
19039	3641,3000	9,4	5636,4557	7,3	155	149
19040	4492,3834	6,4	7095,5766	0,0	681	149
19042	4311,3888	0,0	7332,5335	0,2	407	149
19043	143,149	3719,3747	375,288	6730,4937	194	149
19044	1352,1230	30,19	1893,1361	19,7	256	149
19045	4928,4828	30,19	8248,6010	19,7	211	149
19047	1,1	3,1	0,0	2,0	173	149
19048	102,76	12,15	312,212	46,53	152	149
19049	124,109	16,6	239,93	20,8	197	149
19051	226,188	2,4	400,238	0,1	153	149
19052	177,139	2,0	252,165	2,0	1722	149
19054	274,299	2,0	455,292	0,0	1872	149
19055	202,232	10,8	360,249	6,10	153	149
19058	318,261	52,52	488,355	74,58	152	149
19059	12,18	0,0	12,8	2,0	152	149
19060	3,13	1,0	9,7	0,0	152	149
19061	2,0	0,0	6,3	1,0	370	149
19065	530,595	0,0	592,424	1,0	833	149
19066	520,586	49,83	588,422	41,33	532	149
19067	519,583	4,7	577,420	10,4	156	149
19068	22,28	4,7	31,16	10,4	180	149
19069	4,4	501,559	8,4	554,408	173	149
19070	506,530	15,13	566,381	16,29	689	149
19074	1,4	145,156	9,4	228,190	173	149
19075	3,3	194,194	6,1	202,149	216	149
19082	40,42	3,6	93,87	10,6	152	149
19083	0,0	13,10	0,1	15,14	272	149
19085	11,18	0,1	7,4	0,1	482	149
19086	9,18	0,0	9,4	2,0	482	149
19087	1,4	0,0	1,0	2,0	173	149
19088	3,2	3,2	0,1	0,1	176	149
19090	86,86	8,14	250,196	12,19	153	149
19091	94,102	0,0	299,237	0,2	151	149
19092	1,1	145,157	14,8	277,262	171	149
19094	14,11	94,88	7,7	197,146	1045	149
19095	126,149	4,0	270,208	1,2	153	149
19096	3,8	4,0	7,4	1,2	168	149
19097	0,7	123,148	2,2	265,206	164	149
19098	3,1	0,0	6,2	1,0	153	149
19102	249,247	2,2	239,182	1,4	154	149
19103	1258,1002	468,370	1418,834	508,327	154	149
19104	251,257	6,3	252,195	6,4	154	149
19105	287,288	48,30	294,220	35,38	154	149
19106	6362,5462	16,21	8283,6066	28,21	184	149
19107	0,1	2,6	0,0	3,4	201	149
19108	11,10	2,1	10,12	1,1	234	149
19109	1,0	0,0	0,0	1,0	185	149
19116	7,5	149,149	8,10	212,207	212	149
19117	119,119	5,1	252,174	2,0	153	149
19118	27,19	117,116	46,23	246,162	169	149
19122	5,2	2,5	13,6	3,2	161	149
19123	0,2	2,5	2,0	3,2	1461	149
19124	0,2	5,2	0,0	11,6	1449	149
19130	2,0	194,220	0,0	458,388	153	149
19131	748,608	1,1	1224,822	1,0	154	149
19132	978,767	4,10	1990,1452	14,10	219	149
19133	1138,865	17,19	2283,1658	24,17	257	149
19134	164,108	17,19	307,216	24,17	187	149
19135	83,68	340,333	58,21	393,310	197	149
19137	72,58	0,2	159,128	0,2	198	149
19138	0,1	50,58	4,4	112,74	248	149
19139	68,62	1,1	175,109	15,4	152	149
19140	0,0	41,44	0,1	62,62	188	149
19142	437,503	12,13	559,338	8,9	207	149
19143	446,416	2,0	368,285	1,2	154	149
19144	6,14	1,0	3,3	0,0	153	149
19145	144,174	30,20	127,128	25,25	153	149
19147	232,228	1,5	357,270	3,3	152	149
19150	62,46	2,0	64,49	0,0	181	149
19151	21,30	2,0	30,22	0,0	248	149
19152	5,8	46,24	2,4	36,31	216	149
19153	18,22	0,0	28,18	0,1	181	149
19155	67,55	0,1	98,34	1,0	244	149
19159	18,30	2,2	46,25	6,2	162	149
19166	2,0	59,59	0,0	57,57	171	149
19167	3,2	1,0	0,0	0,2	165	149
19170	1302,1185	6,6	1796,1197	2,2	159	149
19171	30,42	63,46	18,26	98,47	1597	149
19174	2,1	97,109	0,0	142,108	226	149
19175	65,60	37,42	124,71	73,48	152	149
19177	6,3	1,0	0,1	0,0	174	149
19178	3,1	2,2	4,7	4,1	791	149
19183	58,84	18,25	190,118	33,34	256	149
19184	71,53	0,3	157,93	12,6	197	149
19185	4,5	54,45	9,8	134,81	200	149
19186	55,27	0,0	97,70	1,0	272	149
19187	105,67	0,0	222,143	1,0	221	149
19188	70,58	8,0	102,83	7,1	154	149
19189	19,7	2,1	11,4	2,0	154	149
19192	0,1	16,18	0,0	58,57	167	149
19193	0,1	0,1	1,2	0,0	173	149
19194	16,18	0,1	59,59	0,0	155	149
19197	29,22	0,0	71,41	1,0	3137	149
19203	32,14	8,1	39,24	21,8	170	149
19205	199,170	3,0	173,94	0,1	180	149
19208	15,12	1,0	0,1	0,0	160	149
19210	3,3	0,0	1,0	0,3	168	149
19211	141,110	0,0	89,97	0,3	185	149
19212	139,107	1,0	88,97	0,0	166	149
19214	169,119	3,0	175,106	3,0	161	149
19217	26,35	40,16	10,4	9,3	587	149
19218	67,10	2,1	16,8	0,0	160	149
19219	8,1	2,1	3,0	0,0	178	149
19220	4,1	63,10	0,0	13,8	167	149
19222	48,35	0,0	14,8	3,0	723	149
19226	19,11	4,0	11,13	0,0	181	149
19227	123,102	4,0	84,48	0,0	184	149
19228	104,91	0,0	74,35	1,0	152	149
19231	1,0	40,35	0,0	20,7	161	149
19232	27,25	1,2	23,8	0,0	194	149
19233	156,190	1,2	180,82	0,0	225	149
19234	129,165	0,0	158,74	1,0	180	149
19235	108,110	0,4	113,56	2,0	333	149
19236	1,6	64,39	1,1	23,9	180	149
19237	104,80	3,3	69,55	2,0	154	149
19238	169,117	8,9	137,74	3,4	228	149
19239	92,72	8,9	69,48	3,4	231	149
19240	33,28	110,73	17,22	85,48	152	149
19242	0,2	116,88	0,0	155,123	189	149
19243	0,1	2,6	0,0	4,3	201	149
19244	161,152	0,2	475,326	0,4	152	149
19246	5,0	4,0	0,0	0,2	238	149
19248	0,9	24,19	7,2	20,5	208	149
19250	83,62	6,13	18,15	7,0	329	149
19253	111,115	9,17	276,157	28,18	152	149
19254	16,17	0,2	12,10	1,1	152	149
19255	2817,2724	3,0	5165,4134	3,0	288	149
19264	0,2	2,0	0,0	0,1	267	149
19265	0,5	2,0	0,2	0,1	256	149
19276	121,116	56,77	256,170	133,102	158	149
19277	35,36	0,1	64,44	1,0	213	149
19279	406,451	88,70	948,705	148,153	152	149
19288	3,0	6,4	2,1	8,7	655	149
19289	4,0	7,8	2,0	17,13	167	149
19291	0,1	0,0	10,4	1,0	228	149
19292	5,7	22,16	6,8	55,45	1339	149
19293	2,5	0,0	5,13	5,0	197	149
19294	6,5	0,0	11,18	1,0	197	149
19295	3,2	640,578	18,8	1606,1173	171	149
19296	629,594	0,0	1305,984	0,2	612	149
19299	0,0	1,0	0,1	0,1	229	149
19300	6,2	39,40	4,5	53,52	477	149
19308	350,389	42,47	521,385	55,21	152	149
19310	118,78	2,0	94,75	0,0	1137	149
19311	274,194	0,1	214,128	1,0	1279	149
19312	158,116	0,1	120,53	1,0	291	149
19313	16,16	37,62	31,16	123,93	294	149
19315	63,57	4,1	155,112	4,0	151	149
19327	1,0	0,0	0,0	1,0	197	149
19330	1,2	8,10	0,2	9,5	254	149
19332	18,18	4,5	12,8	10,7	1018	149
19359	104,151	0,2	174,133	0,0	222	149
19370	1,0	0,2	1,0	1,0	384	149
19371	1,0	6,13	1,0	30,17	384	149
19373	0,0	1,0	0,2	0,0	537	149
19376	30,35	0,0	21,20	2,2	152	149
19377	238,286	81,75	487,369	151,101	152	149
19387	1,1	32,30	1,0	55,48	152	149
19390	76,47	15,21	104,85	21,7	166	149
19391	197,171	0,2	144,76	0,0	953	149
19392	197,170	32,19	140,74	19,2	953	149
19393	231,185	3,3	157,83	1,2	953	149
19402	1429,1262	13,15	2965,2040	56,40	481	149
19406	16,20	0,1	7,5	0,0	358	149
19407	3,0	5,9	0,1	4,3	170	149
19416	0,0	3,0	0,1	1,1	172	149
19425	12,17	46,44	46,29	37,30	462	149
19428	40,33	5,1	38,19	1,0	836	149
19429	6,1	0,0	1,0	0,1	156	149
19430	41,33	0,0	38,19	0,1	843	149
19432	4,6	1,4	3,0	0,1	166	149
19433	2,0	4,2	0,0	2,1	159	149
19434	4,2	10,18	2,0	13,11	162	149
19435	11,8	10,18	4,2	13,11	152	149
19436	3,0	10,6	1,0	3,2	159	149
19437	1,2	1,1	2,1	1,1	152	149
19438	1,2	1,1	1,0	1,1	162	149
19456	9,7	1,1	0,4	0,0	569	149
19457	8,17	1,1	0,4	0,0	566	149
19462	0,0	88,79	1,0	257,155	177	149
19463	0,0	1,0	3,0	0,2	154	149
19465	23,11	19,14	14,15	25,30	210	149
19466	18,10	19,14	12,10	25,30	192	149
19467	18,10	19,14	12,13	25,30	197	149
19470	13,4	0,1	11,5	0,0	261	149
19471	38,19	2,0	45,44	2,3	165	149
19472	11,7	2,0	15,9	2,3	205	149
19473	18,7	2,0	22,13	2,3	262	149
19474	20,7	2,0	24,14	2,3	277	149
19475	5,2	32,14	2,1	32,36	189	149
19476	12,2	32,14	9,5	32,36	246	149
19477	14,2	32,14	11,6	32,36	261	149
19481	1,0	32,14	2,1	32,36	164	149
19482	13,2	13,23	11,5	20,12	261	149
19483	19,28	1,0	33,20	0,0	165	149
19484	14,7	1,0	16,9	0,0	233	149
19485	18,7	1,0	24,13	0,0	262	149
19486	8,2	13,23	3,1	20,12	217	149
19487	12,2	13,23	11,5	20,12	246	149
19489	11,7	1,0	15,9	0,0	205	149
19490	5,2	13,23	2,1	20,12	189	149
19494	9,0	2,0	1,0	0,0	332	149
19503	54,45	6,7	114,106	10,15	152	149
19504	19,27	20,20	79,44	30,30	152	149
19505	13,13	42,25	57,28	70,68	152	149
19517	3,2	0,0	0,3	0,5	239	149
19526	9,4	89,98	4,5	158,136	151	149
19527	0,2	21,25	1,0	57,44	196	149
19528	2,2	1,4	1,1	3,1	183	149
19531	1392,1398	2,1	2468,1758	0,0	499	149
19533	0,0	31,19	0,1	17,9	191	149
19534	179,140	2,1	134,103	0,0	268	149
19535	18,16	13,11	27,17	14,21	152	149
19536	474,383	11,8	480,330	19,20	191	149
19537	360,359	5,0	449,304	10,2	152	149
19540	20,40	196,182	38,33	258,238	152	149
19541	90,75	42,33	49,41	10,6	2686	149
19542	0,5	30,29	3,4	56,43	244	149
19543	45,38	21,12	61,28	25,18	174	149
19545	5,4	0,0	1,11	2,0	242	149
19550	0,1	1,0	0,0	2,1	152	149
19551	1360,1129	10,15	2574,1728	6,4	232	149
19552	1693,1498	9,4	2646,1850	0,2	201	149
19553	1453,1505	0,1	2641,1813	3,0	233	149
19555	63,62	190,135	101,97	279,218	152	149
19556	9,5	104,106	12,3	231,156	221	149
19558	0,2	237,169	7,0	397,341	178	149
19560	73,76	0,2	169,137	4,2	152	149
19561	4,5	105,114	4,4	124,146	204	149
19562	127,118	1,0	156,166	1,1	191	149
19564	9,12	68,42	9,15	82,63	214	149
19565	14,20	68,42	20,18	82,63	345	149
19566	10,10	5,2	11,7	0,4	280	149
19567	133,100	3,2	134,100	2,0	220	149
19568	33,44	0,0	111,65	5,0	212	149
19570	24,25	0,1	34,26	0,0	165	149
19571	44,39	0,1	63,47	0,0	186	149
19572	20,16	0,2	29,21	0,0	170	149
19573	269,290	7,1	338,216	2,2	170	149
19574	48,67	1,0	52,44	0,0	1018	149
19575	31,42	11,9	48,27	12,7	209	149
19576	11,13	0,1	21,11	0,0	209	149
19578	0,4	12,4	0,0	11,18	221	149
19579	3,8	307,230	4,0	327,250	296	149
19580	15,8	307,230	15,18	327,250	224	149
19581	158,125	1,0	87,45	0,0	290	149
19588	2,10	609,519	2,3	862,669	180	149
19589	3,2	0,0	9,7	1,0	181	149
19590	1,3	1,0	4,1	0,1	181	149
19591	92,119	2,1	206,140	0,0	1223	149
19600	2,3	0,0	0,0	1,2	516	149
19605	2,0	0,0	0,0	1,0	156	149
19608	439,470	0,0	756,514	2,0	3664	149
19610	83,66	1,0	122,92	0,0	283	149
19611	49,27	0,0	62,46	2,0	283	149
19617	92,87	13,13	70,56	14,12	173	149
19618	173,160	1,0	168,107	0,0	1396	149
19619	18,11	5,3	14,4	0,0	1428	149
19620	29,12	91,96	12,5	81,71	924	149
19624	180,222	0,2	215,136	1,0	297	149
19625	568,562	0,0	1041,737	3,0	889	149
19641	49,67	4,0	112,82	4,1	197	149
19643	37,23	138,109	47,29	171,137	869	149
19644	1,0	0,1	5,0	4,0	253	149
19646	29,34	1,3	53,53	0,2	152	149
19648	23,35	0,1	49,42	0,0	152	149
19649	63,65	1,0	102,66	0,0	293	149
19650	5,2	0,0	4,2	6,5	152	149
19651	0,1	0,2	0,2	0,0	175	149
19652	4,3	5,1	8,3	8,4	152	149
19653	215,161	5,1	471,363	8,4	1547	149
19654	211,161	0,3	469,362	6,2	1544	149
19660	209,152	34,24	280,211	61,45	194	149
19661	52,39	0,1	7,8	0,0	152	149
19662	219,166	0,1	169,127	0,0	157	149
19663	35,46	25,35	95,77	92,63	152	149
19664	40,46	20,34	124,79	65,52	152	149
19666	59,47	13,12	74,41	17,13	155	149
19674	8,11	38,26	15,4	26,19	233	149
19675	35,34	20,23	51,45	26,20	152	149
19679	23,18	1,0	55,32	0,0	229	149
19680	24,20	3,1	58,25	2,7	154	149
19681	116,141	5,4	270,150	2,0	151	149
19682	4,1	137,133	1,3	176,164	212	149
19686	224,303	0,2	419,261	3,2	273	149
19688	5,8	5,6	11,7	4,8	201	149
19690	4,0	6,3	1,5	8,12	245	149
19694	2,0	35,14	0,2	60,38	214	149
19695	20,37	0,2	74,37	0,0	159	149
19696	0,2	24,26	2,2	31,30	185	149
19698	275,253	94,107	488,295	208,155	152	149
19699	216,167	3,3	231,170	3,12	152	149
19701	2,0	1,2	1,4	1,0	199	149
19706	426,378	2,0	554,337	1,0	1406	149
19707	190,126	25,24	261,165	51,43	165	149
19709	14,11	141,136	13,16	231,155	264	149
19710	70,73	75,52	89,61	51,38	226	149
19711	0,3	1,2	6,7	14,7	169	149
19712	409,352	400,334	242,181	265,153	224	149
19716	363,323	0,1	256,228	0,0	1313	149
19725	46,38	0,3	18,29	0,0	398	149
19726	44,39	1,1	18,29	0,0	398	149
19727	51,46	96,57	18,30	47,25	398	149
19728	17,31	180,133	9,7	113,99	187	149
19730	127,102	62,43	77,72	31,10	394	149
19731	36,21	62,43	20,22	31,10	219	149
19732	176,105	2,5	122,32	0,0	286	149
19733	366,223	3,2	222,87	0,0	286	149
19739	63,58	37,51	93,86	75,85	201	149
19740	5,2	49,58	3,2	136,100	178	149
19742	74,59	27,11	111,54	18,5	186	149
19746	18,19	88,72	8,3	118,96	418	149
19747	39,43	107,112	67,61	250,173	320	149
19748	292,295	10,17	507,393	14,22	152	149
19749	7,5	0,0	5,6	1,3	152	149
19750	8,6	0,2	10,6	0,0	152	149
19751	2,0	4,0	5,4	6,1	320	149
19752	1068,1142	0,2	1834,1289	0,0	850	149
19753	13,14	1055,1135	16,11	1821,1279	173	149
19754	1107,1257	0,0	2655,1827	3,0	155	149
19755	1179,1302	0,0	2531,1773	1,0	201	149
19756	1096,1244	0,0	1584,1015	0,2	184	149
19757	5,6	11,11	2,1	12,7	293	149
19758	0,2	3,1	0,1	6,1	152	149
19760	25,57	64,66	62,71	94,84	152	149
19761	28,33	175,148	23,39	208,173	152	149
19765	386,244	6,14	51,32	1,1	1224	149
19775	93,90	16,5	181,121	18,8	187	149
19776	13,5	0,0	2,3	1,0	187	149
19777	40,27	76,61	42,20	140,101	181	149
19778	3,5	76,61	2,0	140,101	169	149
19781	9,7	9,0	10,3	18,19	181	149
19783	9,17	10,0	28,37	7,11	218	149
19784	10,3	0,0	9,18	1,0	153	149
19785	272,295	3,4	469,366	1,0	155	149
19786	459,337	2,0	410,279	0,0	744	149
19787	19,11	19,4	37,21	22,15	154	149
19788	24,21	31,21	26,15	48,26	152	149
19791	40,45	293,205	34,35	370,263	208	149
19792	698,566	31,25	834,652	33,18	797	149
19793	952,683	0,0	1556,1147	2,0	410	149
19794	204,119	65,52	74,28	30,6	179	149
19795	562,412	3,0	405,389	2,0	1097	149
19796	36,21	0,2	33,18	0,0	384	149
19807	256,255	1,0	397,257	0,0	355	149
19808	0,2	1,0	4,0	0,0	152	149
19809	25,11	0,0	15,14	4,0	152	149
19811	20,31	2,1	25,19	2,2	236	149
19812	12,27	0,2	12,8	0,0	236	149
19813	6,8	35,34	6,3	43,31	281	149
19820	0,4	0,0	0,0	0,1	152	149
19821	775,833	16,23	1626,1237	6,11	168	149
19822	12,15	0,1	5,3	1,0	160	149
19823	5,0	0,1	1,3	0,0	160	149
19829	198,156	5,5	325,252	5,11	152	149
19830	3,7	248,183	12,5	315,218	161	149
19831	321,230	1,3	359,250	0,0	451	149
19838	8,12	7,3	20,11	14,6	181	149
19839	2,0	4,7	0,0	0,1	198	149
19840	12,20	86,90	20,16	168,84	182	149
19841	130,141	0,1	211,163	0,0	156	149
19845	0,5	1,0	7,9	0,0	152	149
19847	0,3	0,0	0,0	0,1	198	149
19848	11,19	294,259	6,5	528,398	208	149
19849	10,10	0,1	20,12	0,0	153	149
19850	3,6	10,21	1,0	20,20	165	149
19851	9,8	2,18	4,5	12,11	639	149
19852	15,19	1,2	15,9	0,0	684	149
19853	8,29	1,2	23,15	0,0	194	149
19854	1,0	14,10	0,0	16,10	174	149
19856	0,0	9,1	2,0	11,6	165	149
19857	3,1	0,0	5,1	0,1	152	149
19858	0,2	0,0	6,5	1,0	152	149
19860	2,0	2,1	8,3	4,10	168	149
19862	0,1	2,0	1,0	2,0	217	149
19863	0,1	2,1	7,3	4,10	236	149
19864	10,5	7,5	29,9	21,18	240	149
19868	28,14	2,0	42,21	0,0	2000	149
19869	68,100	51,63	87,72	65,50	152	149
19870	102,107	0,2	122,112	0,0	292	149
19871	130,104	47,57	286,185	125,74	152	149
19905	70,67	22,13	60,61	27,15	180	149
19906	540,375	0,2	442,234	0,0	314	149
19907	668,473	0,2	574,322	0,0	325	149
19908	128,98	0,0	134,88	2,0	160	149
19909	540,375	1,0	441,236	2,0	314	149
19910	1160,878	1,0	1276,806	2,0	325	149
19911	620,503	0,0	836,572	1,2	160	149
19912	500,409	4,8	603,487	4,6	548	149
19913	0,1	3,0	2,0	4,3	160	149
19914	14,8	8,9	13,11	10,12	169	149
19915	8,11	0,0	10,13	5,1	169	149
19916	84,59	5,0	65,40	3,1	153	149
19922	3,1	22,30	4,2	86,76	2648	149
19946	75,64	1,2	2,0	0,0	1964	149
19949	2021,2212	43,57	5154,3679	70,69	222	149
19955	63,78	2,0	74,54	0,0	204	149
19956	2,7	2,0	8,8	0,0	175	149
19971	6,8	2,0	10,3	2,0	226	149
19974	15,9	298,295	11,4	647,445	259	149
19976	213,145	23,6	140,126	21,18	152	149
19977	405,410	0,1	574,484	0,0	995	149
19980	6,8	2,2	8,9	0,0	233	149
19981	52,32	0,2	38,40	2,4	254	149
19984	1068,1000	5,7	1807,1337	5,3	219	149
19985	702,769	2,0	1420,1099	0,0	151	149
19986	788,728	2,5	1266,963	0,0	948	149
19991	663,670	3,5	1665,1083	0,0	878	149
19992	369,457	2,0	719,566	1,0	158	149
19994	292,290	4,7	601,446	7,3	526	149
19995	9,6	97,119	8,9	205,125	253	149
19999	10,6	129,83	5,9	243,200	203	149
20000	141,103	0,0	259,211	1,0	579	149
20001	153,124	4,1	269,223	1,0	400	149
20002	134,107	0,0	266,210	1,2	172	149
20003	98,90	0,3	122,71	0,0	459	149
20004	105,93	3,7	151,98	1,0	921	149
20005	70,71	1,0	165,119	2,0	153	149
20006	1,1	28,31	0,0	18,18	203	149
20007	209,284	110,125	416,328	163,114	152	149
20008	0,2	1,3	5,3	3,0	221	149
20009	342,411	0,24	606,440	29,29	155	149
20010	96,86	43,46	118,78	56,37	217	149
20011	176,134	23,2	300,192	23,17	248	149
20014	9,13	206,160	9,6	124,58	218	149
20017	742,732	0,2	1895,1344	2,0	290	149
20018	1345,1360	2,4	3254,2331	1,0	290	149
20020	47,27	96,112	72,55	251,158	203	149
20024	725,714	0,0	1208,860	2,1	160	149
20025	413,347	0,0	989,688	1,0	155	149
20026	0,1	0,1	3,0	0,0	154	149
20027	4,4	0,0	20,13	3,0	154	149
20028	15,21	2,0	50,32	1,1	154	149
20029	1127,1103	8,10	1636,1273	6,12	314	149
20031	0,1	2,0	1,0	0,0	151	149
20033	157,187	1,1	264,223	4,3	161	149
20034	3,2	180,201	15,6	426,330	166	149
20035	25,18	5,5	9,3	2,1	162	149
20036	90,56	0,3	43,57	0,0	654	149
20037	86,60	4,0	48,48	0,0	459	149
20044	1844,1717	14,31	3833,3032	68,36	191	149
20045	1283,994	6,10	2109,1546	6,4	528	149
20046	197,189	0,1	477,420	0,0	166	149
20047	1474,1173	0,1	2580,1962	0,0	545	149
20048	38,39	13,22	67,72	12,11	152	149
20049	1806,1390	13,22	3234,2356	12,11	215	149
20050	1781,1372	13,21	3195,2313	28,29	212	149
20051	703,418	7,6	836,592	1,2	654	149
20052	111,81	0,1	204,132	0,0	766	149
20053	62,59	830,735	51,41	2244,1570	961	149
20054	220,265	370,264	559,407	405,228	235	149
20055	437,506	370,264	1142,818	405,228	322	149
20056	226,242	9,1	585,414	2,3	236	149
20057	364,450	4,0	982,699	0,2	322	149
20058	1,2	12,22	0,0	1,0	229	149
20059	133,110	1,0	134,94	0,0	227	149
20060	70,73	1,0	103,67	5,0	152	149
20061	3,1	102,87	0,2	91,62	263	149
20062	9,5	55,68	7,1	52,54	185	149
20063	234,158	1,0	119,104	2,0	166	149
20064	16,16	2,0	5,1	0,0	166	149
20066	1,3	1,0	7,0	0,0	152	149
20067	10,6	3,5	13,7	7,2	157	149
20068	2,2	3,0	3,0	1,0	179	149
20069	49,50	0,1	41,28	4,0	606	149
20070	111,135	11,9	118,93	10,6	1384	149
20071	31,31	51,62	10,25	108,77	606	149
20072	8,12	1,1	17,8	1,0	152	149
20074	0,1	61,68	3,0	116,69	179	149
20078	9,12	42,46	38,41	120,63	152	149
20079	262,166	73,48	164,96	24,13	152	149
20083	407,342	4,0	559,412	1,2	205	149
20085	80,63	34,14	74,62	9,1	290	149
20086	234,216	1,0	421,295	0,0	162	149
20089	29,29	207,188	73,37	378,237	171	149
20090	23,18	0,0	46,31	2,0	156	149
20091	297,265	0,0	375,200	2,0	489	149
20092	289,263	15,16	374,195	45,26	482	149
20101	15,6	3,3	9,5	2,0	159	149
20105	22,26	55,59	10,9	50,36	227	149
20106	14,8	0,2	9,5	5,0	227	149
20107	16,3	200,155	3,12	311,167	294	149
20108	4,7	6,17	15,6	25,12	164	149
20109	12,9	14,17	21,29	29,23	152	149
20110	34,45	8,5	72,32	13,13	167	149
20111	6,10	2,1	13,5	2,2	162	149
20112	2440,2464	1,0	4887,3393	1,0	1220	149
20113	10,4	480,463	5,3	939,597	198	149
20114	60,45	0,4	99,69	0,0	362	149
20115	90,76	0,1	181,120	0,0	1220	149
20119	92,153	1,2	294,230	11,11	164	149
20120	2,0	315,262	0,0	411,311	223	149
20121	138,127	0,1	238,207	0,0	226	149
20122	167,172	5,5	285,233	0,2	226	149
20123	2,0	0,0	2,1	1,0	152	149
20124	23,20	0,0	22,12	1,0	200	149
20125	23,20	2,0	22,12	2,1	197	149
20126	19,13	0,2	4,0	0,0	197	149
20128	810,957	1,0	1242,893	0,0	3531	149
20129	34,26	503,453	51,33	1037,658	209	149
20130	49,28	94,77	43,41	216,172	667	149
20131	15,15	113,76	13,15	224,138	184	149
20134	264,223	1,0	365,257	0,0	2346	149
20135	133,109	0,1	180,138	0,0	1033	149
20136	48,25	4,2	26,17	0,0	200	149
20137	9,3	45,35	2,3	54,45	183	149
20138	128,167	0,1	260,203	1,0	200	149
20139	4,5	94,106	12,6	200,174	214	149
20143	0,5	59,96	5,6	130,92	167	149
20144	232,153	1,0	82,67	0,0	210	149
20145	769,532	1,0	490,295	0,0	785	149
20146	558,400	21,21	413,231	5,3	724	149
20147	92,73	2,0	38,27	2,0	358	149
20148	109,45	1,0	30,5	0,0	167	149
20150	108,88	9,6	79,41	8,4	153	149
20153	3,2	25,18	6,2	26,23	308	149
20154	35,24	3,4	42,22	0,0	274	149
20155	118,99	2,4	212,150	3,1	201	149
20158	122,68	1,0	40,52	1,0	588	149
20174	28,27	0,0	27,17	1,0	305	149
20178	15,5	101,91	16,11	213,150	168	149
20180	5,0	104,102	9,5	163,149	173	149
20184	162,143	7,15	177,142	5,3	152	149
20185	196,190	2,1	224,203	0,4	154	149
20186	117,113	0,1	234,145	1,1	167	149
20187	6,1	0,2	11,4	2,2	152	149
20188	320,318	0,2	501,330	2,2	281	149
20189	314,317	0,0	492,327	2,1	278	149
20190	164,155	0,0	273,172	1,0	155	149
20191	41,12	169,145	34,19	247,135	3099	149
20192	17,4	5,18	16,19	26,9	153	149
20194	0,3	0,0	0,1	2,0	206	149
20195	4,4	0,0	3,2	2,0	250	149
20196	2,4	0,0	4,2	2,0	265	149
20202	0,0	2,0	1,0	0,0	164	149
20203	71,78	27,22	108,52	33,23	152	149
20204	14,1	13,12	1,0	2,4	160	149
20205	0,1	1,0	0,0	3,0	168	149
20206	88,59	15,14	105,82	34,15	197	149
20207	0,2	11,13	4,2	17,22	166	149
20208	0,3	70,68	4,1	119,79	166	149
20209	90,98	2,2	85,72	2,0	596	149
20210	754,651	11,2	1779,1220	4,0	596	149
20218	79,61	3,0	129,103	0,0	282	149
20219	126,102	3,0	218,177	0,0	387	149
20220	147,113	3,0	237,193	0,0	409	149
20221	47,41	0,0	90,74	1,0	254	149
20222	68,52	0,0	109,90	1,0	276	149
20223	24,11	3,0	19,16	0,0	171	149
20224	1,2	3,0	6,0	2,0	154	149
20225	60,59	3,0	94,63	2,0	258	149
20227	0,2	0,2	5,4	2,0	152	149
20229	0,4	0,0	4,4	2,0	152	149
20230	27,7	11,0	14,10	3,4	152	149
20231	386,313	9,4	716,538	3,4	154	149
20232	11,10	0,3	5,6	0,0	199	149
20234	4,2	0,0	2,3	2,0	171	149
20235	15,11	3,5	21,15	9,6	171	149
20244	0,2	15,15	0,1	36,16	202	149
20247	6,2	15,15	0,3	36,16	792	149
20248	2,3	2,2	0,1	0,0	324	149
20252	4,3	21,14	0,3	24,23	324	149
20253	2,3	21,14	0,1	24,23	349	149
20258	2,3	0,1	0,1	3,0	324	149
20261	9,9	2,2	17,12	3,1	154	149
20264	111,121	42,31	189,160	64,47	152	149
20265	0,0	57,67	3,0	162,108	163	149
20268	19,14	2,0	38,21	1,2	727	149
20269	1,1	4,0	4,2	3,0	521	149
20270	1,1	0,5	0,1	0,3	170	149
20271	1,4	1,0	4,6	1,1	909	149
20274	1,2	0,3	1,6	0,4	154	149
20275	1,1	0,0	0,0	5,0	154	149
20278	1,1	0,0	9,4	3,1	154	149
20290	47,60	0,0	98,73	0,1	185	149
20291	2,0	1,0	5,6	1,2	224	149
20294	0,1	1,0	2,0	0,0	501	149
20301	8241,6409	0,1	6548,5235	0,0	1509	149
20307	0,0	0,2	0,1	0,0	152	149
20308	2,3	0,2	3,1	0,0	200	149
20311	373,323	4,0	379,287	0,0	216	149
20312	36,29	31,29	33,37	36,26	440	149
20313	35,30	2,5	33,35	4,0	440	149
20314	6,5	75,54	4,4	39,34	207	149
20316	169,126	44,34	177,107	27,21	259	149
20317	541,490	5,2	1055,663	13,8	180	149
20318	55,40	0,0	40,28	0,1	170	149
20321	53,45	2,1	15,9	0,0	210	149
20322	18,22	4,4	31,26	7,6	154	149
20323	4,4	2,4	6,6	0,0	154	149
20326	2,6	1,1	2,4	0,0	154	149
20329	2,6	0,0	2,5	0,1	154	149
20331	2,4	1,0	5,4	0,2	154	149
20332	2,4	0,2	4,4	0,0	154	149
20334	0,0	0,2	3,1	0,0	324	149
20337	7,5	1,0	21,15	0,0	361	149
20338	7,7	1,0	18,14	0,0	186	149
20340	0,0	30,22	1,0	32,35	180	149
20341	1,0	3,0	2,1	2,0	190	149
20343	1,0	3,0	1,1	2,0	173	149
20344	31,22	3,0	33,36	2,0	159	149
20346	0,0	21,11	3,1	40,20	349	149
20348	0,0	21,11	7,2	40,20	324	149
20351	2,0	43,38	4,4	44,45	324	149
20353	2,0	5,7	0,3	14,8	238	149
20354	1,0	5,7	0,3	14,8	206	149
20359	6,3	0,0	23,9	1,0	482	149
20361	0,0	2,0	1,1	0,1	156	149
20392	146,101	13,16	57,24	15,6	153	149
20393	365,267	13,9	218,124	0,0	538	149
20394	423,290	0,7	233,133	0,0	660	149
20395	71,32	0,7	15,9	0,0	271	149
20396	91,56	5,3	24,20	0,0	271	149
20397	82,36	0,2	21,19	0,0	271	149
20399	83,104	2,4	196,129	7,9	385	149
20400	121,119	2,0	269,223	8,13	558	149
20401	26,15	65,70	36,17	88,60	324	149
20402	18,6	11,7	33,11	12,5	324	149
20403	37,39	4,0	57,36	0,1	220	149
20404	74,107	4,0	122,85	0,1	230	149
20405	38,68	1,0	67,51	2,2	159	149
20406	64,54	9,4	79,75	24,12	154	149
20407	37,39	5,0	56,34	0,0	220	149
20408	5,10	9,16	6,7	12,15	193	149
20409	141,118	7,6	387,287	12,5	211	149
20410	36,26	3,0	33,31	4,3	158	149
20411	0,0	16,18	0,1	60,22	171	149
20412	8,19	0,0	38,18	12,2	196	149
20413	14,33	15,19	65,32	40,22	196	149
20414	4,13	0,0	25,14	0,1	196	149
20415	1,0	78,98	1,1	110,87	304	149
20416	72,79	2,0	111,79	0,0	242	149
20418	4,1	2,0	1,0	0,0	258	149
20419	94,87	6620,4592	122,93	4485,2772	174	149
20420	601,547	0,4	416,328	0,0	179	149
20421	7127,5052	0,4	4779,3007	0,0	154	149
20425	6,15	0,3	8,2	2,3	193	149
20426	7,6	9,10	6,7	6,9	153	149
20428	22,25	21,26	9,11	40,37	464	149
20429	0,0	0,2	1,2	2,0	170	149
20439	4,4	11,7	8,5	9,12	152	149
20440	3,5	5,1	12,4	4,7	429	149
20443	55,39	810,710	17,9	1660,1283	1046	149
20445	19,10	810,710	9,3	1660,1283	372	149
20446	19,10	810,710	9,3	1660,1283	369	149
20447	73,96	904,789	64,39	2047,1572	621	149
20449	2,3	87,84	2,3	150,114	173	149
20455	36,51	0,0	98,68	3,0	166	149
20457	1,0	2,1	0,0	4,0	173	149
20458	8,17	2,1	27,19	4,0	152	149
20459	15,7	10,15	58,44	44,17	3952	149
20462	33,21	1,0	33,23	2,0	153	149
20470	1281,1298	12,11	2946,2064	15,11	195	149
20471	152,176	1,0	420,325	14,3	210	149
20472	11,20	1,0	4,9	0,0	297	149
20474	2,4	1,0	1,2	0,0	188	149
20482	2,0	0,0	1,2	2,0	241	149
20484	19,10	9,4	3,1	2,0	152	149
20486	26,21	0,1	51,33	0,0	187	149
20487	93,71	5,8	121,51	4,4	153	149
20488	20,19	5,2	24,13	1,3	186	149
20489	21,22	1,2	35,15	3,2	186	149
20490	2,0	5,1	3,2	6,0	183	149
20491	4,0	3,3	4,0	4,5	183	149
20494	97,82	2,14	108,78	2,3	555	149
20495	39,47	2,0	116,58	0,0	191	149
20496	32,47	0,0	103,55	2,0	191	149
20497	1,2	127,113	0,0	179,129	155	149
20503	23,19	207,149	4,4	235,203	152	149
20504	8,4	0,0	0,2	1,0	152	149
20505	2,0	202,161	0,0	280,261	257	149
20508	17,17	0,1	25,20	3,0	203	149
20512	922,781	0,0	1637,1191	2,0	309	149
20513	36,28	722,662	92,76	1098,750	167	149
20514	280,265	0,0	217,130	3,0	476	149
20515	211,179	706,565	350,239	1518,1038	173	149
20516	59,50	31,17	64,49	47,21	173	149
20517	43,32	3,0	54,34	0,1	173	149
20518	7,4	1,1	7,1	0,0	162	149
20521	14,23	217,216	7,13	349,239	174	149
20522	298,258	40,36	444,370	87,59	185	149
20523	39,38	0,2	84,52	0,0	165	149
20524	206,175	2,0	297,259	0,0	201	149
20525	1,2	4,13	5,2	24,6	2759	149
20526	10,8	0,1	18,12	0,0	153	149
20531	57,42	2,0	89,66	1,0	152	149
20534	24,29	56,41	11,20	87,65	419	149
20535	0,1	0,1	1,0	0,0	153	149
20536	0,1	0,1	1,0	0,0	163	149
20537	0,1	0,1	1,0	1,0	159	149
20538	22,45	1,0	27,23	1,0	152	149
20541	0,1	0,1	1,0	0,0	159	149
20542	0,2	0,3	0,0	0,2	166	149
20544	2,2	27,26	4,0	44,32	166	149
20546	4,6	159,117	4,1	303,241	214	149
20547	14,6	1,1	33,27	2,0	156	149
20552	36,74	7,2	162,99	8,10	152	149
20553	0,0	68,72	0,1	180,105	152	149
20554	101,135	17,22	308,151	49,25	203	149
20555	16,26	807,667	9,18	1258,1026	169	149
20557	8,5	0,0	4,3	0,2	155	149
20564	5,8	107,121	8,8	174,157	170	149
20565	111,76	2,0	27,27	0,0	176	149
20566	417,389	0,2	786,625	0,0	350	149
20568	348,383	1,0	686,567	0,0	1001	149
20569	355,386	14,4	683,563	1,7	513	149
20571	1,0	4,0	3,2	1,2	153	149
20572	83,77	0,0	197,144	1,0	186	149
20573	1,0	17,17	2,0	34,26	153	149
20574	58,51	1,0	159,101	1,0	186	149
20575	1,0	4,6	0,0	7,4	183	149
20577	4,2	41,57	3,0	52,30	180	149
20580	0,2	2,3	2,6	5,4	624	149
20581	4,4	10,15	5,3	40,21	152	149
20582	55,44	218,255	167,103	691,537	152	149
20583	8,11	79,78	13,13	191,158	152	149
20584	186,175	145,165	716,455	376,269	152	149
20585	15,12	1,0	6,0	0,0	199	149
20593	64,54	1,7	79,60	5,5	240	149
20594	0,1	89,72	0,0	97,67	203	149
20595	1,0	71,43	0,0	40,17	176	149
20596	181,160	1,4	489,347	5,6	266	149
20597	2,2	3,1	6,2	4,0	185	149
20598	4,6	3,1	9,4	4,0	190	149
20599	2,5	0,1	7,2	4,0	154	149
20600	61,35	69,60	53,48	101,88	1250	149
20611	154,158	0,2	267,202	0,0	1024	149
20613	523,636	0,3	1342,1086	9,5	293	149
20614	73,66	0,0	127,80	1,0	2840	149
20616	130,141	0,0	313,228	0,4	187	149
20623	63,88	0,1	145,97	0,0	242	149
20624	39,62	0,0	68,52	1,0	233	149
20625	88,146	0,4	151,123	1,0	233	149
20626	3,2	10,12	0,0	6,9	279	149
20629	169,205	0,0	349,226	1,0	204	149
20631	298,315	1,0	358,252	1,1	197	149
20632	237,246	2,4	321,236	2,2	158	149
20635	270,214	1,0	515,331	0,0	351	149
20636	274,208	4,1	485,325	0,0	482	149
20639	1,1	0,1	0,2	0,0	152	149
20640	7,11	212,188	3,3	511,377	174	149
20642	93,77	13,5	69,49	7,10	153	149
20648	0,0	0,2	5,1	0,0	189	149
20651	166,111	2,4	94,83	2,1	306	149
20652	150,105	2,4	79,81	2,1	319	149
20653	2,3	18,9	1,5	16,7	162	149
20654	196,143	9,10	107,104	6,2	306	149
20655	151,106	9,10	80,79	6,2	319	149
20656	157,105	9,10	79,79	6,2	344	149
20657	3,4	48,41	2,3	29,28	162	149
20658	9,3	48,41	1,3	29,28	187	149
20659	7,1	1,2	0,0	1,0	174	149
20661	12,6	7,2	11,20	13,4	212	149
20662	12,6	9,6	12,20	7,8	212	149
20667	37,27	1048,1069	103,71	2184,1674	170	149
20668	0,0	27,21	5,0	23,27	167	149
20669	3,5	1,1	14,6	2,0	218	149
20670	4,5	0,0	14,6	0,1	227	149
20671	4,6	1,5	14,6	1,5	230	149
20672	30,26	1,1	32,33	2,0	200	149
20673	31,26	0,0	32,33	0,1	209	149
20674	31,27	1,5	32,33	1,5	212	149
20675	2,1	0,0	2,0	0,1	158	149
20676	2,2	1,5	2,0	1,5	161	149
20677	0,1	1,5	0,1	1,5	152	149
20678	2,0	2,0	4,0	5,1	167	149
20681	16,15	2,0	19,5	1,2	152	149
20684	1,5	68,87	2,1	183,117	203	149
20685	35,17	1018,837	109,74	3112,2082	179	149
20686	1,3	972,793	2,1	4025,2803	177	149
20688	792,746	0,0	2216,1778	1,0	153	149
20703	4,5	270,242	4,4	711,507	156	149
20707	44,42	0,0	63,61	1,1	242	149
20709	4,1	1,2	5,4	8,4	165	149
20717	6,5	0,1	1,3	0,0	152	149
20718	2,1	0,0	0,0	1,0	152	149
20719	41,61	1,0	85,57	0,0	637	149
20720	39,68	0,0	101,74	1,0	637	149
20722	18,16	10,3	27,28	22,14	152	149
20723	17,16	0,0	48,26	1,0	155	149
20725	353,347	8,15	794,588	15,11	5059	149
20726	16,18	163,171	41,20	406,296	208	149
20727	5,3	16,17	0,4	21,16	152	149
20728	11,4	58,59	4,3	85,58	152	149
20731	14,14	1,6	24,19	14,8	152	149
20734	1053,1146	10,5	2255,1751	4,3	730	149
20735	1355,1139	4,1	2511,1866	8,0	155	149
20736	2,2	0,0	1,0	0,1	1413	149
20741	179,127	0,1	134,131	3,0	191	149
20742	179,102	22,16	68,62	8,2	181	149
20744	0,4	4,12	0,1	26,24	190	149
20745	1,6	4,12	2,3	26,24	256	149
20747	4,5	4,12	1,6	26,24	393	149
20749	3,1	0,2	0,4	1,1	286	149
20750	0,1	1,0	0,0	1,0	153	149
20751	1,1	0,1	11,7	9,9	153	149
20753	19,10	110,108	5,6	140,113	175	149
20754	82,52	0,0	132,106	0,1	2178	149
20763	12,13	0,2	3,2	0,2	197	149
20767	617,517	14,8	1116,758	12,8	179	149
20777	5,2	7,2	7,7	6,3	189	149
20780	77,83	7,4	224,148	18,6	246	149
20782	6,9	3,2	4,5	11,9	168	149
20784	130,111	0,0	224,170	2,0	170	149
20793	35,65	0,5	82,50	0,0	1525	149
20794	27,60	2,0	70,48	0,0	202	149
20795	42,52	1,0	69,59	3,1	231	149
20796	4,6	30,22	8,3	59,25	181	149
20797	72,55	2,0	70,72	0,0	279	149
20798	16,23	0,4	54,46	6,0	642	149
20800	28,22	3,0	47,38	0,2	199	149
20801	17,7	0,0	8,10	2,0	175	149
20812	5,2	6,36	1,2	36,32	868	149
20815	10,2	6,8	5,6	7,13	171	149
20816	3,1	6,3	3,0	11,2	152	149
20817	132,107	49,58	277,162	74,51	230	149
20818	77,47	3,4	60,46	0,0	1858	149
20819	2,2	148,105	4,0	153,116	166	149
20820	170,130	1,0	232,200	2,0	188	149
20821	47,18	1,0	69,46	2,0	206	149
20822	3,1	126,113	8,2	171,156	167	149
20823	543,517	1,1	508,404	5,0	483	149
20826	209,179	5,21	212,184	5,4	428	149
20827	9,12	194,121	9,7	207,153	165	149
20828	145,92	2,2	107,70	5,0	489	149
20833	4,6	153,151	2,2	128,84	328	149
20835	6,5	58,40	8,3	27,9	218	149
20837	9,14	20,16	21,20	21,16	152	149
20838	644,465	33,44	1052,747	16,17	363	149
20839	547,375	2,1	939,748	0,0	352	149
20840	516,413	2,0	586,364	0,0	556	149
20845	169,157	8,4	376,276	14,14	152	149
20846	190,190	0,7	261,172	0,1	1529	149
20847	222,181	3,0	357,292	7,4	207	149
20848	30,25	82,134	36,24	203,129	211	149
20849	6,1	26,19	6,0	30,21	152	149
20850	3,2	21,17	10,0	41,33	173	149
20851	112,101	1,0	89,92	1,0	168	149
20852	12,20	1,0	22,11	1,0	195	149
20853	2,7	102,88	1,0	68,81	176	149
20854	398,356	4,3	508,432	4,7	609	149
20855	270,231	0,1	230,184	1,2	199	149
20856	6,4	240,185	11,0	213,206	177	149
20857	11,14	119,114	14,10	98,115	184	149
20858	20,19	119,114	17,13	98,115	188	149
20859	12,6	3,1	3,4	0,1	153	149
20860	0,10	1,3	4,1	0,0	154	149
20862	771,839	0,4	1452,950	0,0	608	149
20863	1,1	0,0	3,0	0,1	167	149
20865	3,6	0,2	8,9	2,1	167	149
20878	23,30	0,2	54,49	0,0	158	149
20887	0,0	4,8	2,2	21,14	166	149
20888	19,11	0,0	17,20	1,0	153	149
20889	48,26	1,0	32,31	0,0	670	149
20891	44,44	0,0	56,29	0,1	210	149
20893	0,6	115,101	4,11	180,145	335	149
20894	1,0	91,102	6,0	299,210	174	149
20895	0,1	28,24	2,0	51,31	164	149
20897	0,3	1,0	2,1	0,0	152	149
20898	0,4	1,0	2,1	4,2	152	149
20899	16,9	44,58	10,3	66,63	235	149
20900	226,210	0,3	318,223	0,0	680	149
20901	5,3	0,1	3,3	0,0	152	149
20902	4,1	32,35	5,3	48,35	239	149
20903	121,120	73,57	221,172	113,56	152	149
20904	90,76	4,3	89,82	6,11	646	149
20905	59,91	1,0	94,65	0,2	195	149
20908	45,23	14,16	27,10	14,4	152	149
20918	79,41	898,810	101,62	897,741	257	149
20919	692,607	5,2	815,550	5,7	185	149
20920	13,17	788,647	8,4	860,497	182	149
20921	213,175	2,2	257,166	1,1	226	149
20923	109,133	402,291	158,117	529,389	557	149
20924	370,301	3,4	738,479	13,8	762	149
20925	3,2	219,177	5,5	470,334	170	149
20927	17,17	22,15	39,17	27,34	152	149
20928	6,6	0,0	8,7	2,0	154	149
20929	8,2	1,0	6,10	0,0	154	149
20930	71,50	873,814	62,30	665,426	152	149
20935	85,96	64,51	61,52	33,29	194	149
20936	1,0	5,5	2,0	8,3	162	149
20937	12,7	14,5	1,2	3,1	152	149
20953	198,191	1,1	207,200	0,0	697	149
20954	4,5	73,51	2,2	87,79	963	149
20955	13,23	3,5	20,11	9,7	152	149
20956	2,0	2,0	3,1	0,0	152	149
20959	43,31	7,0	48,30	6,4	298	149
20973	9,11	1,1	15,14	4,2	205	149
20974	11,6	3,3	3,4	2,3	273	149
20975	0,4	0,1	1,0	4,1	169	149
20978	2,1	0,2	1,4	3,0	152	149
20979	2,1	0,0	3,4	0,1	152	149
20981	151,125	47,43	188,120	48,35	215	149
20982	103,122	1,1	130,97	0,0	163	149
20983	1,0	140,142	1,1	656,397	244	149
20984	226,264	4,4	581,397	6,0	189	149
20989	1,0	7,0	0,0	1,2	296	149
20990	1,0	7,0	0,0	1,2	330	149
20996	69,56	2,3	105,80	4,3	244	149
20997	0,2	51,54	5,3	113,64	217	149
21001	6,2	316,315	8,10	590,388	160	149
21002	8,4	1,0	7,2	3,0	168	149
21003	49,42	2,2	52,37	5,0	152	149
21016	12,7	34,20	9,8	46,36	167	149
21017	2935,2668	2,0	6760,5099	0,0	377	149
21026	4,7	2,1	7,3	0,2	1560	149
21029	2,0	6,6	0,0	3,1	195	149
21031	54,31	1,0	22,19	0,3	300	149
21035	1,4	0,0	15,11	2,6	154	149
21037	1,2	63,65	1,1	47,34	168	149
21038	119,94	1,0	100,54	0,0	1127	149
21041	12,10	23,11	12,5	4,9	199	149
21043	7,8	23,11	6,2	4,9	172	149
21044	4,2	23,11	1,2	4,9	168	149
21045	322,303	0,0	694,496	1,0	824	149
21046	182,142	39,30	438,319	76,44	152	149
21047	59,28	7,5	36,25	20,10	152	149
21053	12,10	0,2	5,3	0,0	459	149
21054	8,5	10,0	4,3	2,2	152	149
21064	0,0	2,0	3,1	0,0	258	149
21067	18,28	87,108	28,9	152,104	161	149
21073	17,28	398,315	24,28	449,309	170	149
21074	452,375	2,0	519,363	2,0	323	149
21075	1,4	0,0	3,3	1,0	165	149
21076	1,2	24,39	5,1	82,53	186	149
21090	6,9	15,17	2,4	13,22	170	149
21095	6,6	15,14	7,5	15,14	152	149
21096	1114,1063	10,3	4212,2833	7,3	204	149
21099	1,1	230,170	0,2	184,126	200	149
21100	1,1	230,170	0,2	184,126	213	149
21104	0,2	2,0	0,0	6,0	169	149
21115	2,0	0,0	0,0	0,4	165	149
21117	4,0	0,0	0,0	1,0	152	149
21125	2,1	0,0	3,3	0,2	208	149
21126	4,6	0,0	5,9	0,2	240	149
21134	9,11	2,0	26,8	0,0	277	149
21138	0,0	1,2	1,0	0,0	197	149
21143	2,1	0,0	0,3	1,0	180	149
21147	0,1	0,0	0,0	1,2	153	149
21148	0,1	2,0	1,1	0,1	175	149
21149	0,0	2,0	2,3	0,1	171	149
21160	3,1	0,0	3,2	0,1	198	149
21162	2030,1539	360,281	1307,860	141,81	786	149
21163	1654,1273	26,21	1211,761	2,2	786	149
21164	1428,956	29,16	475,333	1,2	256	149
21165	1326,966	97,56	589,417	38,24	154	149
21166	66,41	97,56	16,7	38,24	178	149
21167	2,10	1262,935	1,0	574,410	173	149
21171	267,188	10,3	285,222	3,0	524	149
21173	230,261	3,8	434,338	11,3	191	149
21174	30,26	3,8	52,43	11,3	175	149
21175	192,260	1,0	332,285	0,0	192	149
21176	0,0	132,117	1,3	424,276	455	149
21180	8,4	307,256	2,0	481,301	194	149
21181	244,169	46,33	298,186	36,34	181	149
21183	11,8	95,113	25,19	254,141	152	149
21189	3,8	1,0	12,8	2,0	152	149
21190	287,234	1,0	992,619	2,0	209	149
21196	3,2	13,19	0,2	10,5	166	149
21198	13,7	1,0	6,4	1,0	203	149
21199	9,5	18,9	3,15	3,0	200	149
21204	13,14	0,0	5,17	3,0	199	149
21211	82,72	0,1	115,77	0,0	634	149
21213	1,5	3,0	4,3	0,0	152	149
21218	5,4	20,5	0,0	9,11	186	149
21219	11,9	15,18	0,3	6,4	648	149
21220	72,53	25,13	28,23	25,33	834	149
21225	4,8	378,398	10,8	752,571	154	149
21226	20,18	378,398	39,21	752,571	179	149
21227	16,10	0,0	30,13	1,0	174	149
21228	7,8	1,1	2,1	0,0	194	149
21229	3,3	3,2	6,3	0,0	668	149
21232	5,6	3,4	3,0	0,3	152	149
21233	2,0	8,5	2,7	21,10	195	149
21241	0,0	1,5	0,2	3,3	152	149
21244	15170,11448	2,6	15085,7229	4,1	535	149
21245	12820,10733	10,18	20502,14611	0,1	402	149
21246	8985,7841	2,0	15612,11103	0,0	749	149
21248	258,230	0,2	411,289	0,0	276	149
21250	7,1	0,0	0,2	1,1	252	149
21251	28,29	34,35	61,42	84,50	164	149
21263	0,0	64,57	2,3	83,59	234	149
21269	101,83	36,55	100,115	52,42	538	149
21276	0,2	2,0	1,0	0,0	1973	149
21277	969,905	3,1	1941,1419	7,1	221	149
21278	0,1	0,0	4,2	2,0	152	149
21279	13,14	0,0	22,21	2,0	173	149
21280	13,14	0,1	22,21	4,2	170	149
21281	1,1	0,0	6,5	0,1	170	149
21293	17,16	1538,1456	26,22	2464,1851	176	149
21294	1591,1524	2,0	2386,1852	0,0	476	149
21295	1786,1782	2,0	3429,2345	3,2	170	149
21297	0,1	19,14	2,0	31,30	152	149
21299	253,238	4,2	396,288	6,3	152	149
21301	0,1	0,1	0,0	1,0	152	149
21304	7,6	287,261	6,9	590,449	178	149
21305	342,287	1,0	652,486	17,5	179	149
21308	1,4	136,143	0,0	205,127	179	149
21312	72,59	0,3	120,92	0,2	155	149
21315	79,100	0,4	62,58	0,0	203	149
21316	261,237	5,8	161,164	0,2	203	149
21317	7,3	0,0	4,2	1,0	220	149
21319	588,538	11,6	733,526	11,10	1358	149
21320	0,1	130,102	1,0	133,118	160	149
21321	204,172	56,63	241,170	68,63	1383	149
21325	7,1	0,0	11,6	2,0	172	149
21326	3,1	0,0	3,2	2,0	176	149
21327	1,0	5,0	0,0	8,4	153	149
21328	14,7	1,0	21,8	0,0	284	149
21329	59,50	60,56	85,62	98,58	182	149
21330	23,21	16,12	40,20	21,15	182	149
21337	1,0	1,0	2,2	1,0	221	149
21338	3,5	2,2	4,0	2,1	152	149
21339	14,18	7,11	12,4	8,6	332	149
21340	13,15	7,11	10,5	8,6	329	149
21341	0,1	0,2	0,0	0,2	152	149
21342	17,24	132,202	31,36	271,142	154	149
21355	2,0	5,2	3,0	11,11	152	149
21356	1043,947	0,1	2090,1337	0,0	4245	149
21357	1537,1597	2,0	2746,1804	0,0	1540	149
21358	96,87	7,7	93,96	3,8	174	149
21359	128,151	2,1	189,156	2,3	202	149
21360	16,12	1,6	30,20	9,2	209	149
21361	16,12	71,63	31,20	183,132	209	149
21363	0,0	6,7	1,0	1,1	171	149
21364	6,27	197,223	25,23	366,259	430	149
21366	31,62	46,48	71,41	59,43	185	149
21367	10,10	0,1	0,3	0,0	219	149
21370	0,0	1,1	3,2	14,2	162	149
21375	354,439	16,10	534,410	19,12	4740	149
21376	26,34	11,16	36,34	32,37	257	149
21377	0,2	4,1	2,5	4,3	231	149
21392	9,6	535,503	14,3	892,616	180	149
21393	774,879	0,5	1472,984	4,2	2006	149
21394	0,5	527,597	4,2	993,686	310	149
21395	570,664	1,0	1083,670	0,0	151	149
21397	17,10	0,0	28,24	8,3	173	149
21398	141,158	89,66	245,198	173,162	161	149
21400	13,25	112,110	23,22	133,156	152	149
21401	27,19	44,28	34,42	80,72	152	149
21424	5,12	2,2	27,7	3,0	448	149
21441	4,2	43,34	2,0	30,36	611	149
21444	1,1	1,0	1,3	0,0	153	149
21445	0,0	71,70	3,0	93,60	191	149
21450	6,7	0,0	25,9	0,1	153	149
21452	8,20	2,0	15,14	0,0	153	149
21454	25,31	28,18	49,34	50,25	467	149
21455	4,0	3,0	18,5	1,1	259	149
21456	4,1	0,0	19,6	2,1	262	149
21457	4,1	1,0	20,7	0,1	279	149
21458	3,1	0,0	2,2	2,1	152	149
21459	3,1	1,0	3,3	0,1	169	149
21460	0,0	1,0	3,2	0,1	166	149
21462	155,171	0,0	259,216	0,2	258	149
21464	0,1	0,0	2,0	2,0	181	149
21465	27,42	74,83	95,67	159,102	193	149
21473	78,88	5,5	189,116	9,7	395	149
21474	0,0	0,2	5,5	0,0	155	149
21477	0,1	1,0	3,2	2,2	172	149
21483	87,51	12,7	26,8	15,5	199	149
21485	226,211	61,85	355,228	109,86	152	149
21486	229,217	0,4	361,237	1,3	155	149
21487	64,91	0,4	115,95	1,3	152	149
21500	584,548	3,1	1052,828	5,1	2792	149
21502	13,8	8,5	12,23	4,2	152	149
21508	0,0	0,4	1,0	0,0	315	149
21509	147,94	2,0	43,37	0,0	264	149
21511	153,164	0,0	264,210	4,4	260	149
21512	3,3	0,1	9,7	0,1	168	149
21513	5,4	46,50	11,9	121,121	168	149
21514	9,15	67,64	23,24	201,121	1364	149
21515	44,39	1,3	93,60	8,7	1427	149
21516	102,88	1,3	271,157	8,7	212	149
21518	36,26	74,61	56,41	124,74	152	149
21519	0,1	2,1	3,7	2,1	152	149
21521	5,11	1,0	5,3	2,3	308	149
21522	15,15	173,129	22,11	248,147	326	149
21523	17,21	2,2	25,16	4,4	329	149
21524	4,7	1,0	4,3	2,3	219	149
21525	14,11	173,129	21,11	248,147	237	149
21526	16,17	2,2	24,16	4,4	240	149
21527	11,4	173,129	19,11	248,147	167	149
21528	13,10	2,2	22,16	4,4	170	149
21529	175,135	2,2	251,152	4,4	152	149
21531	129,124	2,0	143,79	0,0	757	149
21532	3,0	99,91	0,5	102,42	163	149
21539	7,3	179,189	5,5	241,184	160	149
21541	20,27	3,1	107,80	1,5	166	149
21555	107,125	0,0	356,265	7,3	209	149
21562	51,22	3,5	40,26	0,0	163	149
21563	83,86	7,2	64,60	9,1	153	149
21575	891,876	0,0	1973,1541	2,0	2028	149
21576	198,208	13,12	711,466	46,32	188	149
21580	70,68	0,1	83,54	0,1	181	149
21581	31,23	0,0	36,26	0,1	168	149
21584	82,80	0,2	105,81	2,2	203	149
21590	42,49	2,0	44,60	0,0	542	149
21599	33,31	7,6	57,37	18,17	223	149
21600	3,2	1,0	14,4	0,0	223	149
21602	125,141	14,6	316,236	31,11	217	149
21603	24,18	3,5	37,23	7,11	152	149
21604	9,12	0,0	30,36	2,0	157	149
21605	58,50	26,26	128,90	56,36	152	149
21607	123,114	0,0	114,42	0,1	178	149
21610	5,3	0,0	22,7	0,1	152	149
21611	50,59	0,0	120,89	2,0	205	149
21612	2,0	104,109	0,2	134,136	174	149
21618	0,0	0,1	1,0	0,0	383	149
21620	1,1	0,1	2,0	0,0	152	149
21622	110,93	16,3	195,124	2,6	1291	149
21624	17,13	130,93	20,8	209,133	152	149
21625	171,182	0,0	202,118	1,0	155	149
21627	0,0	144,118	4,0	229,175	178	149
21629	9,3	121,109	3,3	157,125	163	149
21635	3,4	140,160	2,4	166,125	175	149
21636	179,176	10,9	239,205	3,2	178	149
21638	302,325	0,1	414,291	0,0	272	149
21639	62,59	0,1	81,67	0,0	192	149
21640	250,244	0,2	375,273	0,1	229	149
21642	2,0	165,143	0,3	152,130	188	149
21643	161,176	1,0	256,191	0,0	187	149
21644	1,0	173,144	0,0	198,166	169	149
21646	23,24	0,0	27,22	1,0	173	149
21649	254,188	0,0	346,233	2,0	233	149
21651	93,68	0,0	123,71	2,0	221	149
21656	291,175	0,2	295,205	0,0	222	149
21658	102,74	0,2	89,66	0,0	218	149
21659	13,4	0,2	15,7	0,0	154	149
21664	15,27	0,5	54,31	1,1	152	149
21665	34,36	0,1	65,48	0,0	812	149
21670	1,0	5,2	0,0	1,1	168	149
21692	83,43	2,3	34,25	0,0	517	149
21694	170,174	28,37	337,247	54,29	152	149
21695	5,8	0,0	13,10	2,0	152	149
21696	244,216	3,9	431,299	10,4	200	149
21697	47,72	34,36	173,122	108,87	167	149
21702	20,15	0,1	8,11	0,0	609	149
21706	6,2	100,84	9,9	201,144	185	149
21707	135,154	2,0	203,124	0,0	157	149
21708	98,120	5,5	196,106	18,17	152	149
21709	124,151	0,0	220,147	1,0	152	149
21711	156,153	0,0	189,145	0,1	703	149
21713	117,119	10,3	274,213	12,3	183	149
21714	7,11	0,0	38,14	8,0	183	149
21715	0,1	97,63	0,0	242,171	183	149
21716	0,4	128,83	0,0	206,115	152	149
21717	111,77	6,1	215,122	1,4	162	149
21718	390,332	0,0	594,526	1,1	155	149
21721	288,240	1,0	390,257	1,0	157	149
21722	324,273	4,6	482,330	6,6	191	149
21723	74,77	0,0	144,93	0,1	265	149
21724	134,181	13,10	240,184	21,13	2428	149
21726	1,0	87,55	0,1	159,133	201	149
21727	7,4	41,43	5,4	65,57	218	149
21732	203,258	2,0	501,401	0,0	189	149
21738	12,14	0,1	17,17	0,0	153	149
21740	14,5	40,26	5,1	24,27	217	149
21741	106,107	11,6	127,108	4,1	272	149
21742	97,85	11,6	100,80	4,1	308	149
21743	33,35	42,57	15,9	42,37	185	149
21744	2,0	0,0	2,3	2,0	152	149
21745	48,29	1,1	112,75	4,0	209	149
21746	305,274	1,1	744,510	4,0	625	149
21748	180,163	1,0	480,329	0,0	565	149
21749	195,229	3,0	360,293	2,1	729	149
21750	154,199	0,0	321,235	0,2	729	149
21751	2,11	38,20	2,0	51,37	154	149
21752	25,15	933,871	18,6	1463,1139	169	149
21753	945,864	0,1	1618,1174	0,0	488	149
21754	10,13	911,847	20,17	1582,1146	184	149
21755	50,35	885,797	60,40	1346,1045	191	149
21756	1129,1050	14,9	1989,1438	23,17	218	149
21757	0,0	1,0	0,2	0,3	169	149
21759	6,7	1,2	5,2	6,2	169	149
21760	2,0	5,2	2,2	7,4	172	149
21762	50,50	16,28	83,50	38,26	187	149
21763	391,333	16,28	462,323	38,26	199	149
21764	343,283	2,0	379,273	0,0	161	149
21765	381,366	1,0	477,344	0,0	522	149
21766	347,341	1,1	493,390	0,4	170	149
21767	3,5	169,188	3,1	324,195	164	149
21769	18,22	29,17	30,28	25,14	152	149
21770	64,56	29,17	61,60	25,14	171	149
21771	62,52	16,18	55,52	24,20	168	149
21772	0,0	101,130	4,0	304,207	1703	149
21795	7,7	0,0	12,9	1,1	154	149
21796	23,27	0,0	54,40	1,0	154	149
21798	166,137	0,1	185,146	0,0	389	149
21799	0,0	9,1	0,1	6,3	174	149
21803	16,14	0,0	12,13	1,2	152	149
21806	32,25	1,3	43,38	5,5	152	149
21807	2,0	1,1	2,1	0,0	152	149
21809	35,12	1,2	23,28	5,1	152	149
21810	9,9	0,0	3,9	0,6	152	149
21811	5,0	1,0	2,6	0,0	152	149
21813	426,436	0,0	1153,891	5,1	2906	149
21814	33,28	5,8	32,22	22,14	766	149
21818	5,0	142,139	0,0	231,169	165	149
21822	2,8	1,0	5,2	0,1	448	149
21824	11,13	13,10	24,8	4,4	1104	149
21825	1,1	13,10	0,0	4,4	220	149
21826	5,0	2,2	5,2	0,0	1345	149
21828	1453,1451	0,1	2440,1864	2,0	2340	149
21829	15,19	646,624	44,32	1817,1159	174	149
21830	1154,1124	0,2	2234,1600	0,0	212	149
21831	4,16	190,184	15,15	516,292	178	149
21834	10,3	2,0	4,0	0,0	332	149
21877	31,29	51,41	41,26	62,42	152	149
21878	31,17	5,3	12,8	1,2	152	149
21879	3,1	0,3	2,2	0,0	152	149
21880	3,2	1,0	4,3	2,0	152	149
21886	22,12	0,0	9,7	0,2	369	149
21887	1,0	0,0	0,0	2,1	164	149
21888	0,3	2,0	0,0	0,1	159	149
21889	163,179	6,0	320,281	2,0	204	149
21890	75,57	2,2	11,6	0,0	382	149
21891	301,259	1,0	37,29	0,0	673	149
21893	175,122	3,0	36,12	0,0	342	149
21894	450,323	19,3	345,162	3,0	594	149
21895	1185,1023	2,0	2024,1627	2,8	155	149
21896	3969,2794	35,12	4437,3125	11,7	244	149
21897	1654,1251	2,0	1342,776	1,1	323	149
21898	64,38	1597,1200	22,9	1327,771	527	149
21899	1657,1224	0,1	2583,2017	0,0	244	149
21900	126,116	4,5	285,202	0,4	152	149
21901	8,8	7,6	11,6	3,2	152	149
21902	52,60	6,4	205,147	11,8	152	149
21903	227,160	1,0	125,90	2,0	286	149
21904	123,123	1,0	92,60	0,0	198	149
21905	57,63	0,2	214,156	9,8	152	149
21906	227,160	7,0	127,89	8,6	286	149
21907	383,288	7,0	183,125	8,6	382	149
21908	161,141	0,0	59,38	2,0	245	149
21909	124,126	10,13	94,64	9,2	198	149
21910	49,58	0,0	205,145	1,1	152	149
21911	67,80	0,2	240,184	2,2	152	149
21914	7,9	2,1	37,18	7,1	152	149
21915	228,161	1,5	125,89	11,1	286	149
21916	375,275	1,5	178,127	11,1	382	149
21917	498,398	1,5	266,183	11,1	431	149
21918	153,128	1,1	54,40	0,0	245	149
21919	276,251	1,1	142,96	0,0	294	149
21920	125,123	2,0	92,60	4,4	198	149
21921	74,45	3,2	46,18	0,0	526	149
21922	520,491	14,8	975,797	1,6	393	149
21923	28,28	530,466	20,14	840,627	369	149
21925	18,28	0,1	0,6	0,0	622	149
21927	39,26	0,0	114,105	2,1	1038	149
21929	62,85	0,0	357,275	1,0	153	149
21931	980,893	15,7	970,782	4,2	641	149
21932	1124,984	2,0	1169,944	0,0	698	149
21933	159,98	2,0	203,164	0,0	206	149
21934	144,91	4,0	199,163	6,3	206	149
21935	146,91	0,0	203,164	6,1	206	149
21936	94,56	1,0	42,12	0,2	160	149
21937	4,2	95,69	4,0	71,28	167	149
21938	50,20	11,1	37,23	5,5	154	149
21939	45,22	2,0	20,22	0,0	352	149
21940	481,403	0,1	336,139	0,0	366	149
21941	1,2	21,34	2,3	66,28	188	149
21943	392,306	5,6	310,167	0,0	359	149
21944	737,689	28,38	893,715	33,32	200	149
21945	735,614	0,2	880,730	0,0	1102	149
21946	289,231	2,1	98,58	0,0	1448	149
21947	369,293	3,4	547,476	2,3	867	149
21948	173,103	12,11	96,45	3,4	152	149
21950	8,6	0,0	6,3	2,0	187	149
21951	6,5	1,0	3,2	0,0	152	149
21952	155,159	6,4	262,194	7,6	152	149
21953	14,12	1,2	21,15	5,0	197	149
21954	35,17	193,149	37,32	273,247	197	149
21956	157,154	6,2	404,293	17,4	198	149
21957	1706,1526	13,10	2572,1886	16,9	170	149
21958	2085,1969	1,0	3207,2491	0,0	511	149
21959	1672,1494	1,0	2983,2284	0,0	176	149
21960	622,659	0,2	486,413	0,0	511	149
21961	51,54	404,331	158,138	666,373	172	149
21962	47,51	181,148	161,138	372,258	172	149
21963	6,4	1,0	14,13	2,2	152	149
21964	5,4	4,3	5,5	11,4	167	149
21965	10,12	42,22	12,6	71,33	200	149
21966	37,31	0,1	48,37	0,0	245	149
21967	9,11	42,22	18,5	71,33	182	149
21968	36,30	0,1	54,36	0,0	227	149
21969	69,41	0,1	107,64	0,0	194	149
21970	82,87	2,0	160,121	7,0	152	149
21971	466,444	2,3	906,672	4,4	613	149
21972	18,26	44,29	33,24	74,47	164	149
21976	64,78	17,12	97,83	26,15	152	149
21978	23,22	4,8	18,1	7,3	235	149
21983	8,1	0,1	10,5	0,0	291	149
21987	93,61	3,0	69,71	2,1	153	149
21988	4,5	6,15	4,2	13,16	153	149
21989	20,14	0,0	46,36	1,2	154	149
21990	2,0	4,2	1,0	0,0	179	149
21991	15,16	17,12	10,8	9,3	179	149
21992	20,17	27,18	12,22	29,12	152	149
22001	0,0	3,9	1,1	14,15	164	149
22002	13,10	1,0	36,23	0,1	214	149
22003	8,2	0,2	2,6	3,1	201	149
22006	3,8	1,0	5,3	0,2	154	149
22007	68,60	0,0	100,65	3,3	154	149
22008	23,26	10,5	33,29	5,6	154	149
22011	15,5	1,0	12,16	0,1	1240	149
22015	19,22	9,9	42,17	14,16	152	149
22016	31,25	1,0	31,18	0,0	243	149
22018	3,2	40,29	4,6	50,56	189	149
22028	0,0	1,4	1,0	9,6	271	149
22029	6,4	9,18	9,11	29,12	229	149
22030	25,30	5,1	60,42	11,6	314	149
22031	28,54	28,21	60,38	31,47	152	149
22033	108,113	22,29	310,217	30,37	410	149
22034	10,4	1,5	5,11	0,0	533	149
22035	7,12	14,15	16,8	20,17	187	149
22036	33,25	87,95	39,21	150,126	187	149
22037	5,8	5,0	18,7	1,2	187	149
22038	16,17	45,40	15,10	102,94	220	149
22039	46,50	0,1	61,54	4,0	254	149
22040	126,98	1,0	134,126	0,1	350	149
22041	75,73	0,1	148,138	4,0	183	149
22042	155,121	1,0	221,210	0,1	279	149
22043	80,49	1,0	77,72	0,1	245	149
22044	7,3	122,98	6,3	220,225	292	149
22046	444,328	2,0	178,169	0,0	156	149
22047	681,598	50,43	493,419	23,20	152	149
22052	324,330	2,0	559,458	0,0	210	149
22053	112,71	5,3	116,106	1,1	194	149
22054	276,273	5,6	434,378	8,11	194	149
22062	2,0	2,0	0,2	0,1	152	149
22063	0,1	6,13	0,2	20,7	152	149
22064	8,0	3,0	0,0	0,2	152	149
22066	4,7	3,1	5,5	2,1	287	149
22067	16,32	0,0	27,22	1,0	223	149
22068	407,444	0,2	779,535	1,0	3481	149
22073	11,15	0,0	18,12	1,0	160	149
22074	13,17	0,1	8,9	0,0	458	149
22075	118,153	3,2	32,13	0,0	155	149
22076	91,58	0,2	14,11	0,0	152	149
22080	32,15	3,4	40,42	16,14	154	149
22081	55,54	4,3	175,108	2,10	154	149
22082	73,61	87,51	135,106	145,131	264	149
22085	3,0	0,0	5,5	1,7	153	149
22086	0,3	0,1	5,3	1,0	154	149
22087	74,66	11,17	154,115	21,31	264	149
22088	187,168	11,17	353,281	21,31	547	149
22089	114,107	1,5	218,175	19,9	432	149
22090	110,110	66,58	212,176	125,151	154	149
22091	1,2	1,1	1,0	0,0	152	149
22096	81,44	0,1	70,61	1,2	193	149
22097	265,288	0,2	510,273	6,4	221	149
22098	2,2	12,9	1,2	31,9	167	149
22099	5,13	109,106	22,11	198,117	167	149
22100	64,65	0,0	92,74	4,1	166	149
22101	4,12	68,98	16,18	154,114	852	149
22102	76,96	1,0	174,146	0,0	2680	149
22104	1,0	6,10	2,0	17,19	161	149
22106	1,2	11,7	0,1	9,15	167	149
22107	39,35	0,2	38,48	0,3	1829	149
22109	37,35	0,0	40,45	0,1	1829	149
22110	24,32	950,774	43,26	2119,1540	246	149
22111	13,4	121,61	9,2	88,44	172	149
22112	15,30	225,181	12,9	282,220	166	149
22113	97,96	3,4	123,81	5,1	215	149
22114	307,247	3,4	393,292	5,1	198	149
22115	277,215	2,0	335,259	2,0	314	149
22116	338,274	8,5	402,311	11,2	489	149
22117	95,98	0,1	104,88	0,0	656	149
22118	110,109	2,4	116,99	1,0	723	149
22119	74,64	8,5	78,61	11,2	324	149
22120	15,12	2,4	12,11	1,0	216	149
22121	261,242	0,3	354,277	6,0	324	149
22122	36,29	210,166	21,29	372,228	216	149
22123	26,25	6,7	12,23	3,0	193	149
22124	16,11	210,166	12,6	372,228	172	149
22125	340,241	0,0	436,279	2,2	577	149
22126	0,3	6,10	0,0	12,11	184	149
22127	50,59	8,4	95,59	4,7	218	149
22128	38,67	0,2	71,62	0,0	4640	149
22130	63,68	0,1	118,87	0,0	252	149
22131	0,0	4,7	0,4	11,5	153	149
22134	308,334	2,0	371,262	0,0	542	149
22135	242,273	0,0	332,236	2,0	167	149
22136	55,56	0,0	58,45	2,0	187	149
22137	5,9	192,226	4,2	278,193	169	149
22139	810,900	4,0	846,648	1,0	2533	149
22140	302,300	0,0	455,349	0,1	152	149
22141	23,13	0,0	11,4	0,1	211	149
22142	13,9	292,296	1,0	445,345	208	149
22144	476,377	3,5	1002,789	10,7	161	149
22145	567,601	1,0	474,364	0,0	2533	149
22146	10,3	266,313	15,11	513,379	185	149
22147	6991,6075	76,44	11802,9379	165,122	160	149
22148	6140,5343	10,7	14140,10256	40,22	152	149
22149	7414,6852	11,6	16894,12226	0,0	1838	149
22150	17,17	4508,4266	18,15	9246,6657	167	149
22151	6091,5787	2,1	11405,8539	0,0	659	149
22152	27,51	6048,5819	48,43	14611,10014	166	149
22154	140,157	4774,5080	229,154	11260,7700	232	149
22159	33,30	2845,2813	62,45	5968,4285	170	149
22160	32,30	2845,2813	61,42	5968,4285	185	149
22161	33,34	2845,2813	65,42	5968,4285	252	149
22163	1,4	1,0	4,0	1,3	231	149
22169	4,1	8,2	7,3	9,3	152	149
22170	1,1	13,20	0,2	33,8	153	149
22178	85,77	0,0	223,161	1,0	153	149
22179	13,9	15,13	11,10	10,10	194	149
22180	17,17	573,541	10,10	519,261	194	149
22183	0,1	27,25	2,4	34,26	183	149
22196	12,2	1,4	9,6	0,0	152	149
22197	53,37	1,1	29,24	0,0	271	149
22198	42,39	1,1	20,18	0,0	268	149
22199	13,7	50,47	8,3	10,5	189	149
22200	99,89	175,134	131,40	79,32	161	149
22201	865,725	135,75	1116,670	150,100	152	149
22202	930,656	3,2	1342,926	1,3	362	149
22203	17,22	45,36	36,20	89,54	152	149
22204	21,17	48,62	14,8	101,53	409	149
22213	116,151	3,3	311,221	1,4	357	149
22214	0,1	2,0	0,1	2,1	171	149
22215	0,1	2,0	0,1	2,1	182	149
22225	9,12	40,39	14,13	62,46	177	149
22254	0,0	7,8	1,0	5,0	178	149
22255	0,0	7,8	1,0	5,0	185	149
22261	0,0	0,1	3,1	0,0	200	149
22262	1,0	0,1	6,1	0,0	271	149
22263	0,0	0,1	3,2	0,0	178	149
22264	1,0	0,0	3,0	0,1	242	149
22270	0,1	63,46	1,6	97,58	166	149
22271	160,118	0,0	183,150	0,2	159	149
22281	22,20	12,8	31,30	6,14	161	149
22282	204,182	12,6	262,156	5,4	152	149
22283	229,206	95,74	395,285	151,118	152	149
22284	21,14	468,387	27,23	744,602	279	149
22285	464,348	0,1	411,270	0,0	683	149
22286	11,9	224,182	7,0	210,128	246	149
22287	2,3	293,210	1,2	166,115	164	149
22288	3930,3750	4,2	7182,5358	7,5	158	149
22289	9018,8343	13,23	17369,12472	28,23	221	149
22290	51,31	18,12	5,6	9,7	174	149
22291	7,5	222,213	1,5	331,237	263	149
22293	1,0	0,2	0,0	0,1	230	149
22397	4,5	10,17	2,7	20,14	195	149
22410	15,11	2,2	24,20	5,3	205	149
22414	3,4	4,2	2,4	0,0	301	149
22415	5,2	0,2	5,4	2,0	158	149
22431	123,144	5,3	337,290	7,5	191	149
22432	137,122	4,8	274,169	3,5	152	149
22439	71,65	3,0	105,68	1,0	152	149
22443	2,2	0,0	9,8	1,0	190	149
22444	8,5	0,0	10,7	0,3	190	149
22445	6,4	0,0	45,24	2,0	1578	149
22446	0,1	0,0	0,1	0,1	153	149
22449	245,213	1,0	393,219	0,0	534	149
22451	1,8	36,32	3,1	91,74	180	149
22452	2,4	0,5	3,1	2,1	180	149
22460	9,10	23,49	23,22	72,48	152	149
22462	129,115	251,276	141,109	430,313	167	149
22463	733,678	0,0	1156,815	2,1	156	149
22464	705,711	3,5	1461,1050	6,9	151	149
22465	18,30	561,620	18,10	819,612	187	149
22466	96,104	0,2	69,67	0,0	1215	149
22467	496,489	2,3	1011,653	4,2	161	149
22468	116,126	2,0	113,89	0,0	1215	149
22469	93,102	796,840	63,52	1317,950	913	149
22470	525,559	194,234	881,601	379,243	152	149
22471	11,38	0,3	19,12	0,0	152	149
22472	23,26	83,103	55,30	211,137	277	149
22475	6,1	1,0	15,2	3,0	158	149
22476	27,25	7,3	65,22	20,9	311	149
22479	1062,975	542,550	1553,1209	1101,914	209	149
22480	265,212	5,0	367,293	0,0	209	149
22481	2560,2505	70,53	4870,3758	118,84	164	149
22482	34,28	2400,2352	37,42	4994,3301	168	149
22483	1,2	1,0	0,5	0,2	399	149
22486	5451,5446	2,0	11990,8199	6,1	186	149
22487	894,909	2,0	1243,911	6,1	203	149
22488	9,5	4566,4542	15,6	10762,7294	166	149
22496	0,2	2,0	3,0	3,0	237	149
22498	10,9	4,8	18,1	6,2	152	149
22499	508,485	9,3	868,647	4,1	153	149
22500	5,6	218,181	5,1	279,189	218	149
22503	290,226	2,0	287,216	0,0	153	149
22504	1296,1278	31,20	2083,1690	31,17	226	149
22505	460,461	1,0	711,540	0,0	226	149
22508	100,66	0,0	190,128	4,2	309	149
22511	298,301	31,23	611,460	26,24	842	149
22512	2,1	187,196	1,4	501,314	177	149
22515	248,186	0,1	630,413	1,4	156	149
22516	247,249	1,3	635,500	4,10	5306	149
22517	202,165	2,0	356,294	9,3	170	149
22518	148,109	19,32	333,248	42,36	152	149
22519	2,0	1,2	2,1	0,0	152	149
22520	10,11	139,140	22,9	323,247	169	149
22521	6,7	1,1	13,3	3,6	169	149
22523	138,123	0,1	293,214	0,0	193	149
22524	151,142	0,1	335,247	2,1	161	149
22525	0,0	0,2	1,0	0,0	165	149
22526	141,226	13,17	308,217	19,8	270	149
22527	87,111	20,23	179,117	55,44	263	149
22528	46,74	3,3	87,65	1,0	263	149
22529	4,8	131,100	24,12	250,151	275	149
22530	13,5	0,1	2,5	0,0	240	149
22531	243,207	1,1	580,373	7,0	257	149
22542	4,6	1,1	7,6	5,0	371	149
22545	125,130	0,0	387,246	1,0	153	149
22548	6,1	0,0	15,10	0,2	151	149
22549	3,3	4,3	10,9	4,7	154	149
22556	8,26	58,59	24,11	128,85	943	149
22557	26,23	2,2	22,6	2,1	391	149
22559	3738,4010	0,0	8889,6476	0,2	157	149
22560	0,0	28,13	0,1	78,49	169	149
22561	0,2	44,38	2,1	67,52	181	149
22562	43,23	13,6	29,29	9,10	152	149
22564	11,8	2,2	21,10	9,5	182	149
22566	5,11	5,2	10,7	9,2	234	149
22574	0,0	0,1	1,0	0,0	180	149
22575	0,0	0,1	1,0	0,0	187	149
22577	62,83	40,34	129,85	50,51	152	149
22580	78,56	1,0	143,107	4,0	189	149
22581	3,0	150,129	3,2	345,226	176	149
22582	4,4	118,91	0,0	205,147	192	149
22586	13,16	0,0	25,14	1,0	194	149
22587	1,0	3,1	0,1	3,0	289	149
22592	652,604	2,10	1315,964	2,0	2500	149
22597	20,10	3,1	6,11	1,4	756	149
22599	8,11	0,0	11,3	0,4	757	149
22600	166,118	0,0	137,114	1,0	168	149
22601	412,340	2,6	559,416	6,3	153	149
22602	443,441	13,8	662,506	31,24	226	149
22603	38,37	2,0	66,45	1,1	152	149
22604	3,3	14,9	17,5	8,4	178	149
22605	22,10	84,65	40,20	87,68	152	149
22610	7,16	273,279	27,25	516,355	170	149
22611	45,48	2,0	86,64	0,0	206	149
22612	27,18	1,1	20,23	4,3	152	149
22613	44,29	13,12	55,35	14,11	152	149
22614	9,7	2,9	5,8	7,8	191	149
22615	4,0	1,0	4,2	0,0	461	149
22621	15,15	207,193	11,4	321,224	284	149
22624	28,32	2,2	52,27	5,1	152	149
22625	3,9	15,24	0,2	56,25	177	149
22638	22,18	0,1	54,41	0,0	199	149
22639	115,133	3,0	347,256	1,2	237	149
22640	13,7	0,0	11,9	0,4	300	149
22641	29,35	5,0	35,22	0,2	396	149
22642	73,66	5,0	80,60	0,2	805	149
22643	44,32	0,1	46,38	1,0	558	149
22644	47,46	0,0	52,30	0,1	739	149
22645	71,81	0,0	87,50	0,1	986	149
22646	102,99	0,0	116,75	0,1	1235	149
22647	104,105	0,0	121,81	0,1	1265	149
22648	60,53	5,0	64,47	0,2	645	149
22649	62,59	5,0	69,53	0,2	675	149
22650	31,19	0,1	30,25	1,0	398	149
22651	33,25	0,1	35,31	1,0	428	149
22653	71,80	0,0	83,49	0,1	973	149
22658	2,0	0,0	0,2	0,4	170	149
22659	60,53	0,3	64,47	5,1	645	149
22660	60,59	0,3	69,51	5,1	654	149
22678	62,59	0,3	69,53	5,1	675	149
22683	1,0	3,12	1,0	3,2	180	149
22685	0,3	3,4	0,0	1,0	182	149
22686	5,2	0,0	5,3	0,2	156	149
22688	3,1	81,78	2,0	176,135	171	149
22690	94,88	0,0	215,137	1,0	160	149
22691	0,0	1,0	3,4	0,0	2068	149
22692	2,2	105,108	1,4	212,170	180	149
22693	79,86	1,0	134,103	0,0	157	149
22694	6,5	0,0	3,7	0,1	157	149
22695	169,153	0,0	283,207	1,0	3201	149
22696	168,152	0,0	281,201	6,0	1828	149
22697	85,96	0,0	206,147	2,0	157	149
22698	34,32	0,0	16,23	2,1	151	149
22703	7,2	0,0	4,0	2,0	153	149
22712	76,71	0,0	157,120	1,0	159	149
22713	1,0	36,23	0,0	76,37	255	149
22715	5,0	5,9	5,0	15,17	152	149
22716	2,5	5,6	7,5	5,8	152	149
22720	109,55	64,44	161,98	36,41	235	149
22721	490,549	3,1	492,349	1,4	1538	149
22722	0,0	2,0	0,3	0,0	195	149
22724	3,1	172,146	4,1	292,220	158	149
22727	2146,1797	2,2	6349,4318	4,0	226	149
22730	209,175	0,2	281,248	1,2	198	149
22731	118,133	0,1	241,144	1,0	308	149
22733	80,81	2,1	123,65	1,0	183	149
22734	191,191	8,0	167,117	0,0	2035	149
22735	485,572	2,0	1008,682	0,0	441	149
22736	532,572	2,0	883,638	0,0	192	149
22737	482,432	0,0	817,617	1,0	4326	149
22738	170,145	2,4	354,277	8,3	151	149
22740	292,330	1,0	391,277	0,0	3919	149
22741	2,0	129,120	13,14	340,246	229	149
22742	77,73	12,5	171,76	20,9	152	149
22743	113,100	2,6	217,184	1,2	241	149
22744	168,152	34,27	282,236	27,20	241	149
22745	101,87	5,3	91,74	3,3	769	149
22748	0,3	14,20	1,0	53,37	161	149
22750	0,0	32,20	0,1	103,45	168	149
22751	1,0	29,42	0,0	138,97	174	149
22752	46,36	822,723	78,48	1203,840	188	149
22753	26,24	30,34	41,37	42,27	188	149
22757	4058,3101	6,0	4464,3131	0,0	660	149
22758	1314,1143	155,104	2785,2318	339,270	164	149
22759	145,129	22,23	295,243	24,23	164	149
22760	192,165	2,0	428,294	4,0	238	149
22761	172,166	4,0	426,295	8,7	238	149
22763	8,4	0,0	7,10	1,0	232	149
22768	5,0	0,1	7,6	0,0	152	149
22769	39,33	36,33	42,24	46,31	240	149
22770	26,27	13,8	32,17	25,15	240	149
22771	2,0	88,48	0,0	106,74	184	149
22776	1,0	0,0	0,0	1,3	211	149
22778	70,93	3,1	194,120	1,1	184	149
22780	83,89	2,0	179,126	0,2	161	149
22782	620,590	21,17	710,615	2,6	249	149
22787	7,10	0,0	26,10	0,1	231	149
22788	12,23	0,0	35,28	2,0	231	149
22790	6103,5845	8,4	2826,1997	1,0	925	149
22796	74,87	5,3	116,55	6,1	227	149
22797	122,116	3,3	116,63	2,0	227	149
22798	102,89	2,0	130,101	0,0	159	149
22799	4,4	0,2	10,0	1,1	173	149
22800	15,4	244,248	11,1	427,295	445	149
22801	11,2	244,248	3,2	427,295	421	149
22802	8,14	0,1	22,4	0,2	154	149
22803	9,9	1,0	18,4	0,0	154	149
22804	171,162	11,5	278,190	12,0	154	149
22805	9,16	2,0	1,4	1,2	191	149
22806	28,39	139,129	13,21	318,266	330	149
22807	21,23	139,129	13,19	318,266	288	149
22808	16,10	0,1	0,5	0,0	191	149
22809	35,33	24,18	12,22	23,13	330	149
22810	19,24	24,18	12,17	23,13	288	149
22811	0,2	0,0	4,0	0,1	165	149
22812	2,3	173,171	6,3	339,255	229	149
22813	2,1	173,171	2,4	339,255	213	149
22815	25,34	274,239	19,11	389,312	193	149
22816	158,122	274,239	122,83	389,312	224	149
22817	139,95	6,7	103,72	0,0	180	149
22820	0,0	10,11	1,3	20,11	156	149
22821	140,78	718,440	125,64	658,351	316	149
22822	1164,978	14,18	2892,1995	28,47	153	149
22823	544,428	17,7	1084,860	23,14	351	149
22824	1064,856	0,0	2202,1573	2,0	307	149
22826	38,27	338,265	55,43	780,556	190	149
22828	0,2	70,90	0,3	145,82	166	149
22829	10,3	9,16	2,0	9,5	181	149
22830	1,3	4,6	1,1	10,7	255	149
22831	1,3	10,3	1,1	6,2	255	149
22834	5,6	533,358	9,0	249,130	166	149
22835	3309,2892	2,0	8121,6233	0,0	1517	149
22836	2432,2329	0,6	7156,5472	3,2	229	149
22837	1649,1631	4,5	4983,3757	24,21	650	149
22838	40,41	1,2	96,65	6,5	331	149
22839	23,39	2,0	63,38	0,0	200	149
22841	3,1	95,74	5,5	176,125	299	149
22842	22,28	98,51	50,35	139,93	152	149
22843	150,115	14,13	181,173	19,24	206	149
22844	72,77	14,13	105,109	19,24	236	149
22845	21,43	99,81	42,46	118,110	179	149
22846	1043,1079	0,0	1199,1036	2,0	4701	149
22847	1025,1052	2,0	1298,1093	0,0	2954	149
22848	320,289	3,2	567,470	1,1	380	149
22849	490,482	0,0	733,635	0,1	841	149
22850	737,765	8,11	1047,893	30,12	1425	149
22851	173,195	0,0	167,166	0,1	610	149
22852	420,478	8,11	481,424	30,12	1194	149
22853	247,283	8,11	314,259	30,12	733	149
22854	7,18	192,189	19,31	528,384	178	149
22855	44,82	2,0	125,112	2,2	202	149
22856	229,253	2,0	634,465	2,2	173	149
22857	256,289	0,0	671,498	0,2	1068	149
22858	311,326	0,0	867,521	1,0	173	149
22860	529,500	12,1	840,521	8,3	437	149
22863	64,70	1,0	93,50	0,0	185	149
22864	186,224	28,20	355,186	60,23	182	149
22865	192,229	8,9	361,191	23,12	185	149
22866	34,25	8,9	66,28	23,12	152	149
22867	59,63	123,122	121,88	265,186	152	149
22868	7,4	183,192	10,7	233,178	271	149
22869	244,216	167,155	324,190	270,162	152	149
22870	21,17	23,4	12,6	0,0	152	149
22871	38,37	444,335	23,8	175,65	152	149
22872	3,1	4,1	1,0	0,1	152	149
22873	67,54	2,4	77,63	2,0	153	149
22874	43,55	0,3	68,34	0,0	164	149
22875	3,2	36,66	10,3	69,48	169	149
22876	8,3	36,66	10,11	69,48	303	149
22877	5,3	0,2	3,9	3,1	283	149
22878	95,80	23,16	94,108	48,22	152	149
22879	71,71	0,0	124,85	0,2	180	149
22880	2,3	3,2	1,1	0,0	182	149
22881	3,2	3,2	1,3	0,0	250	149
22882	2,0	1,1	1,2	1,0	217	149
22883	118,102	1,5	114,102	2,5	1714	149
22888	9,7	226,223	5,11	293,254	167	149
22889	193,173	118,53	181,158	132,86	185	149
22893	28,31	43,54	39,34	101,76	152	149
22894	25,47	283,242	24,8	221,106	247	149
22904	111,76	1,3	208,145	2,0	154	149
22907	239,150	0,0	421,307	0,2	155	149
22925	121,93	2,0	119,80	0,0	809	149
22927	491,394	0,0	680,518	4,1	809	149
22928	395,335	14,5	566,464	1,1	198	149
22929	4,3	336,297	3,3	515,354	449	149
22931	27,5	4,3	17,7	2,0	268	149
22932	101,48	5,7	66,32	2,0	251	149
22933	63,27	2,0	46,27	0,0	251	149
22934	4,2	41,28	1,1	9,2	191	149
22939	728,519	1,0	698,650	0,0	155	149
22940	486,328	0,0	549,483	6,2	174	149
22943	621,560	78,64	1515,1011	107,98	453	149
22944	99,52	1,0	40,35	0,0	277	149
22945	5,11	412,292	17,18	589,416	152	149
22946	503,402	11,9	324,245	13,5	241	149
22947	21,13	52,23	33,23	59,49	152	149
22949	21,25	1,0	9,17	0,0	383	149
22950	18,25	1,0	7,16	0,0	361	149
22951	6,4	0,0	0,0	0,3	225	149
22953	7,9	8,12	11,7	2,1	158	149
22954	76,64	1,0	58,68	0,2	230	149
22956	10,1	96,63	3,0	72,51	196	149
22957	41,37	0,4	32,13	0,4	190	149
22958	129,72	3,11	63,43	2,1	937	149
22959	6,5	0,0	7,1	1,0	218	149
22963	1327,1147	0,0	2453,1736	3,0	249	149
22964	2397,2108	0,1	4520,3237	0,0	249	149
22970	5,2	27,25	0,0	0,5	170	149
22972	19,6	2,1	15,9	1,0	707	149
22973	177,165	0,1	65,34	0,0	1150	149
22974	20,15	83,71	26,22	117,111	152	149
22975	126,131	2,5	315,221	2,2	209	149
22976	73,74	0,1	201,140	0,0	473	149
22977	234,156	2,0	380,235	0,0	826	149
22978	201,266	11,15	450,306	23,12	152	149
22979	454,408	4,3	818,597	17,5	196	149
22980	25,29	432,422	14,7	651,541	379	149
22981	34,40	432,422	24,11	651,541	423	149
22982	12,13	3,2	12,4	2,0	193	149
22983	2,0	410,372	4,0	723,541	214	149
22984	249,284	0,0	637,413	0,1	153	149
22985	68,77	6,8	119,86	9,2	189	149
22986	320,384	6,8	727,560	9,2	193	149
22987	254,307	2,0	608,475	0,1	153	149
22992	2,0	4,3	1,0	3,3	221	149
23000	85,99	0,0	177,91	4,0	377	149
23005	2,0	0,2	0,3	0,0	156	149
23011	240,236	4,2	424,366	2,3	151	149
23012	292,269	0,1	674,494	0,3	152	149
23014	6,14	6,12	17,13	7,7	340	149
23015	19,18	0,0	17,11	4,0	152	149
23021	26,38	0,4	69,44	1,3	152	149
23022	18,2	786,528	2,1	317,128	189	149
23023	1591,1177	7,2	1009,450	0,0	856	149
23024	1603,1346	10,8	1562,887	1,1	983	149
23029	0,0	6,9	0,1	25,16	153	149
23044	0,0	16,21	1,0	30,30	197	149
23045	0,1	13,9	1,3	49,28	286	149
23047	357,326	242,209	746,600	394,364	152	149
23048	14,30	19,16	5,1	9,6	164	149
23049	19,12	144,83	5,3	58,40	243	149
23050	173,157	25,19	77,72	12,11	167	149
23051	10,4	4,2	6,0	3,5	152	149
23052	160,162	4,6	291,233	5,6	390	149
23053	23,39	1,0	49,28	1,0	191	149
23054	97,92	4,0	191,143	4,0	390	149
23055	110,125	2,1	135,113	1,3	191	149
23060	56,43	3,2	76,29	0,0	211	149
23061	49,38	1,0	74,28	0,0	211	149
23062	972,889	2,0	730,596	4,0	597	149
23063	156,152	18,13	283,228	18,22	173	149
23067	26,24	9,10	15,8	5,2	185	149
23069	226,248	0,0	566,374	4,0	1014	149
23070	0,0	76,85	1,0	216,120	201	149
23071	16,14	0,1	14,14	3,0	2081	149
23072	307,293	0,2	516,322	0,0	2081	149
23073	671,593	2,8	1244,895	3,7	282	149
23074	56,39	168,179	44,19	271,207	608	149
23078	185,170	1,1	423,369	1,4	230	149
23079	226,211	0,1	465,408	1,0	530	149
23080	42,42	0,1	43,43	1,0	449	149
23082	0,1	2,0	2,0	0,0	194	149
23084	11,22	0,0	64,28	2,0	233	149
23085	1,0	8,12	0,0	27,15	955	149
23086	1485,1397	0,0	2179,1723	0,2	158	149
23087	1540,1570	7,4	2124,1606	0,0	533	149
23088	2820,2889	0,2	4747,3559	0,0	1818	149
23089	1294,1339	0,2	2629,1957	0,0	1434	149
23090	2614,2638	2,0	4508,3429	2,0	1434	149
23091	1167,1191	999,997	2373,1778	1689,1304	1105	149
23092	906,915	50,46	1346,1005	94,70	152	149
23100	2,6	33,45	12,3	97,106	232	149
23104	12,15	7,15	20,12	8,8	152	149
23105	6,4	801,637	9,8	1156,836	191	149
23110	1043,970	2,3	1914,1446	0,0	340	149
23111	1186,1174	1,1	2814,2022	0,0	217	149
23120	5,12	1,3	2,6	3,0	167	149
23122	454,563	0,0	1070,839	0,3	161	149
23125	20,16	342,396	50,25	717,462	1132	149
23127	2,1	72,49	0,0	55,30	185	149
23128	4,6	16,20	5,3	25,16	178	149
23129	332,323	22,0	564,384	22,6	580	149
23130	1,5	0,0	0,0	2,1	152	149
23131	1,3	0,4	1,0	2,0	152	149
23132	1,3	4,1	0,2	5,2	152	149
23135	3,0	0,4	0,2	0,0	186	149
23136	36,31	0,0	65,44	1,0	154	149
23137	743,732	4,1	1186,896	3,1	154	149
23144	25,17	8,16	24,7	13,4	175	149
23145	167,133	35,17	307,191	47,28	152	149
23146	10,2	0,0	22,18	10,0	152	149
23147	222,253	6,15	378,329	7,9	203	149
23148	327,452	1,0	632,498	0,0	3184	149
23149	38,27	0,4	68,38	4,4	181	149
23151	21,25	6,0	9,13	0,0	370	149
23160	4,1	42,41	4,2	79,60	178	149
23166	4,11	86,75	5,2	141,80	157	149
23167	2,7	0,2	3,3	0,0	157	149
23171	1,0	1,0	2,0	0,0	230	149
23181	16,19	12,12	30,7	19,17	152	149
23203	3,3	0,0	4,1	2,0	200	149
23211	99,54	3,0	153,174	6,0	279	149
23217	4,4	2,0	19,7	0,0	197	149
23218	28,15	2,0	49,37	0,0	182	149
23219	4,2	3,3	11,4	10,1	331	149
23220	19,17	0,0	25,15	3,2	749	149
23221	42,42	19,22	72,62	31,21	152	149
23228	6,8	174,182	13,12	348,228	233	149
23230	0,0	1,1	1,0	6,0	169	149
23232	4,2	2,1	2,2	0,0	169	149
23235	211,133	0,2	60,44	0,0	744	149
23237	526,458	0,2	475,328	0,0	245	149
23239	5,1	137,68	4,0	75,61	204	149
23240	0,0	137,68	1,0	75,61	167	149
23242	287,191	6,0	123,81	10,1	154	149
23243	13,0	209,130	2,2	237,151	154	149
23247	8,2	267,301	13,6	201,160	152	149
23248	4,10	12,14	6,3	12,8	164	149
23249	1,4	2,7	11,12	13,4	152	149
23250	0,1	8,9	0,3	10,6	212	149
23252	171,188	22,18	281,223	64,46	152	149
23253	453,468	0,0	844,742	2,0	725	149
23254	6,8	188,186	12,5	265,287	176	149
23256	174,181	24,29	356,204	32,16	164	149
23258	2,2	0,0	1,2	3,1	781	149
23259	0,2	1,0	1,0	2,2	152	149
23260	34,39	0,0	120,75	1,0	153	149
23261	21,11	3,0	8,9	0,0	209	149
23264	44,37	369,304	53,30	739,499	320	149
23265	4,3	437,338	7,8	864,574	245	149
23266	529,491	35,23	1097,788	39,41	201	149
23267	1,5	254,231	5,4	394,296	172	149
23268	813,881	1,0	1449,1078	0,0	1073	149
23269	318,369	4,1	880,580	10,7	184	149
23270	41,43	299,273	71,51	548,412	172	149
23271	93,79	0,2	107,64	1,0	1803	149
23272	556,609	5,0	960,670	5,0	1803	149
23287	79,50	0,1	111,57	3,3	182	149
23288	43,28	0,0	48,34	1,0	334	149
23294	1,1	0,0	2,1	1,0	153	149
23295	5,2	0,0	5,0	1,0	187	149
23296	3,3	0,0	4,1	9,2	187	149
23297	176,150	0,0	290,181	0,1	227	149
23303	56,62	0,1	96,56	2,0	501	149
23304	72,79	0,3	144,85	2,0	584	149
23306	16,18	0,3	50,29	2,0	232	149
23309	0,1	0,0	1,3	0,2	154	149
23310	0,4	0,2	2,3	0,2	226	149
23313	0,3	0,2	1,2	0,2	221	149
23314	6,10	8,6	5,8	7,3	411	149
23316	51,40	2,0	45,49	5,0	884	149
23317	0,3	0,2	0,0	0,2	199	149
23319	53,36	2,0	47,44	5,0	622	149
23320	42,26	2,0	37,41	5,0	618	149
23324	2,0	0,2	1,0	0,0	205	149
23327	6,7	4,9	5,1	6,2	152	149
23328	3,1	2,0	4,0	1,1	152	149
23329	64,45	1,0	41,44	0,0	268	149
23330	33,23	0,2	67,36	0,2	153	149
23331	94,66	2,0	107,79	4,0	268	149
23332	61,45	2,0	40,45	4,0	264	149
23334	805,518	20,14	382,187	11,16	288	149
23335	14,10	5,2	0,2	0,0	210	149
23336	65,61	0,1	152,86	1,0	2066	149
23340	1,10	4,0	5,7	6,6	182	149
23341	4,0	8,2	2,0	9,8	182	149
23342	4,0	138,78	3,0	268,146	185	149
23343	8,2	138,78	10,8	268,146	152	149
23344	2,2	147,135	2,5	253,200	216	149
23346	729,687	0,2	834,634	0,0	2785	149
23347	124,98	0,2	145,164	0,0	862	149
23359	10,4	1,0	13,6	0,0	419	149
23361	0,2	0,0	6,2	12,4	152	149
23364	2,5	0,0	12,8	1,3	189	149
23365	12,10	0,1	11,4	4,0	153	149
23366	36,20	17,8	44,42	14,22	218	149
23367	219,252	3,6	582,399	6,0	153	149
23368	215,276	0,1	424,357	0,3	155	149
23371	50,62	1,0	95,68	0,0	172	149
23372	59,76	0,0	124,84	1,0	172	149
23380	7,7	1,3	10,9	0,2	372	149
23383	9,17	0,0	15,17	3,1	376	149
23384	152,137	1,0	202,171	0,0	180	149
23387	18,14	19,10	12,3	9,15	152	149
23388	16,11	67,30	31,19	180,103	316	149
23389	8,9	50,51	20,13	145,116	152	149
23391	2,4	2,2	1,3	0,1	152	149
23392	0,2	0,2	1,0	0,0	152	149
23397	1,0	0,0	1,0	1,0	190	149
23407	248,216	0,0	425,392	0,1	2202	149
23409	4,6	51,49	0,1	2,2	166	149
23410	1,0	12,14	0,0	28,23	169	149
23411	4,1	23,28	12,6	98,63	269	149
23421	53,84	113,119	62,31	175,162	1644	149
23422	41,44	2,0	78,44	2,0	155	149
23425	1,0	0,0	0,0	1,0	281	149
23427	1,0	4,2	0,0	9,6	281	149
23431	11,5	130,122	7,7	324,232	237	149
23432	6,3	71,70	27,21	243,171	170	149
23433	45,36	10,18	108,79	31,22	224	149
23434	110,103	10,18	324,229	31,22	203	149
23437	25,26	54,47	24,13	60,37	164	149
23438	523,451	0,2	646,527	0,0	677	149
23439	109,104	0,2	147,117	0,0	636	149
23440	109,81	90,63	87,41	77,92	396	149
23441	5,4	124,91	1,1	66,38	259	149
23442	195,165	9,9	327,229	9,10	1472	149
23443	9,0	169,145	8,6	309,218	286	149
23444	87,73	0,0	95,63	2,0	158	149
23445	8,6	1,0	15,14	0,0	158	149
23450	92,116	13,7	128,90	6,17	165	149
23453	3,0	5,3	0,0	3,0	168	149
23455	8,7	1,0	13,6	0,3	208	149
23456	37,30	158,168	18,9	152,119	205	149
23459	0,1	2,1	0,0	4,0	170	149
23462	221,178	201,144	533,418	421,305	152	149
23465	5,0	56,51	0,1	34,27	165	149
23466	1,0	12,0	0,0	2,2	167	149
23467	23,26	31,25	11,10	13,3	152	149
23468	39,39	3,2	105,45	5,4	816	149
23469	1,4	8,4	5,7	8,10	173	149
23470	5,19	1,5	34,14	0,0	163	149
23471	60,77	2,0	92,67	0,1	169	149
23477	178,188	0,0	392,278	2,1	177	149
23483	6,4	6,4	2,3	0,0	306	149
23487	0,14	65,68	3,3	122,74	1266	149
23488	109,117	5,11	168,109	4,0	241	149
23490	67,75	5,2	68,58	5,1	161	149
23491	12,16	25,56	19,14	37,31	164	149
23494	0,4	55,103	0,2	87,47	180	149
23495	6,7	1,0	18,13	0,0	410	149
23496	37,30	114,88	30,18	116,87	176	149
23497	2,1	77,98	2,2	154,123	176	149
23500	7,5	55,29	0,0	33,32	245	149
23501	49,53	8,17	56,37	12,17	306	149
23502	12,9	37,34	12,13	31,28	152	149
23503	15,8	1,0	17,11	2,0	159	149
23504	67,84	1,0	150,81	0,1	374	149
23507	150,143	2,9	49,24	0,0	225	149
23508	18,16	302,222	11,6	345,160	233	149
23509	91,53	24,14	84,36	34,4	217	149
23510	67,82	0,3	123,70	0,2	808	149
23511	13,6	16,15	7,9	20,28	195	149
23512	20,7	16,15	6,9	20,28	198	149
23513	10,3	16,15	3,5	20,28	221	149
23514	11,4	4,3	3,6	4,6	152	149
23515	1,0	4,3	0,2	4,6	175	149
23516	1,0	11,4	0,2	3,6	172	149
23517	252,190	13,8	354,296	13,11	153	149
23518	278,253	13,8	402,335	8,7	211	149
23522	0,0	0,1	0,1	3,0	213	149
23526	57,57	0,1	98,79	0,2	265	149
