ID	IJC_SAMPLE_1	SJC_SAMPLE_1	IJC_SAMPLE_2	SJC_SAMPLE_2	IncFormLen	SkipFormLen
10	1,5	2,2	0,3	0,5	337	237
11	1,5	11,2	0,3	10,11	337	411
13	86,54	33,29	41,54	18,21	378	376
14	10,16	33,29	13,20	18,21	352	376
15	3,1	33,29	1,1	18,21	209	376
18	11,16	3,2	13,20	1,1	352	203
19	10,16	86,54	13,20	41,54	352	378
20	3,1	86,54	1,1	41,54	209	378
21	11,16	88,57	13,20	42,61	352	378
31	3,1	10,16	1,1	13,20	209	352
32	9,6	14,18	1,1	18,20	209	352
34	28,24	14,18	16,26	18,20	671	352
35	0,1	14,18	2,0	18,20	420	352
38	0,1	28,24	2,0	16,26	420	671
54	3,0	2,1	1,0	0,2	362	225
55	3,0	3,1	1,0	0,2	362	236
56	3,0	2,1	1,0	0,2	362	225
86	22,23	27,25	34,21	32,18	208	200
87	18,30	44,62	10,22	71,48	247	173
88	337,293	506,435	302,199	416,263	249	295
89	183,166	375,365	109,94	299,196	257	281
90	183,164	363,353	109,95	289,286	257	249
91	482,413	419,427	316,308	304,276	249	284
92	426,388	363,353	315,296	288,288	281	249
93	1351,1321	1174,1090	1108,827	859,779	265	282
94	617,665	864,961	625,481	704,621	350	287
95	29,30	160,156	30,40	134,126	248	208
96	29,30	1,2	30,40	0,1	248	190
98	257,199	388,371	162,131	432,275	252	296
99	365,261	209,208	226,239	207,153	283	252
100	593,484	244,214	427,320	185,134	282	283
101	87,74	64,53	63,36	52,41	233	236
102	74,71	90,85	63,29	75,62	239	236
103	212,215	8,19	137,142	10,14	248	245
104	0,0	494,369	4,0	270,329	275	350
109	62,46	23,23	32,39	18,22	362	256
110	77,55	39,30	42,64	19,24	383	362
111	68,33	84,64	46,35	42,46	356	383
112	40,29	64,40	32,29	34,61	305	356
113	0,0	48,31	1,2	41,34	676	293
114	0,0	0,4	1,2	0,0	676	240
115	0,0	12,15	2,0	7,7	419	1360
116	68,53	91,71	40,37	39,52	251	264
118	53,60	84,53	27,30	47,80	283	316
119	25,20	87,55	19,19	48,80	201	316
120	24,21	32,33	19,19	19,16	201	220
122	85,87	63,66	108,69	32,53	267	239
123	30,22	112,80	25,18	68,69	191	288
124	2,2	0,1	0,0	2,0	268	531
126	2,0	3,4	0,2	5,2	260	233
127	4,0	3,3	0,0	3,2	260	200
128	13,15	7,9	4,11	14,10	258	250
129	11,12	17,14	5,8	11,15	306	270
130	18,8	1,0	5,5	0,0	270	182
133	201,138	902,664	120,128	556,579	198	271
135	0,0	9,1	1,0	0,2	199	256
136	27,27	39,10	35,23	28,24	284	233
139	0,1	42,41	1,0	23,25	254	269
140	97,70	105,113	56,75	83,83	239	213
141	2,4	102,102	0,1	83,78	239	213
142	3,2	1,2	5,4	1,0	245	194
143	46,47	52,44	33,28	36,28	228	271
144	52,75	9,1	55,36	3,2	525	220
145	52,75	7,1	55,36	2,1	525	216
146	52,75	15,15	55,36	10,6	525	247
147	51,68	4,2	54,30	3,0	525	220
148	51,68	3,1	54,30	3,0	525	216
149	51,68	6,5	54,30	4,0	525	247
150	51,68	111,87	54,30	71,51	525	271
151	51,68	45,40	54,30	33,21	525	247
152	51,68	3,0	56,30	0,0	525	216
153	51,68	55,37	56,30	35,21	525	271
154	51,68	4,4	56,30	2,1	525	226
155	53,68	57,46	54,30	38,23	525	271
156	53,68	5,4	54,30	5,3	525	226
157	9,1	15,15	3,2	10,6	220	247
158	4,2	6,5	3,0	4,0	220	247
159	4,2	111,87	3,0	71,51	220	271
160	4,2	45,40	3,0	33,21	220	247
161	0,1	53,51	2,0	37,34	220	271
162	7,1	15,15	2,1	10,6	216	247
163	3,1	6,5	3,0	4,0	216	247
164	3,1	111,87	3,0	71,51	216	271
165	3,1	45,40	3,0	33,21	216	247
166	3,0	55,37	0,0	35,21	216	271
167	3,0	4,4	0,0	2,1	216	226
168	0,1	53,51	2,0	37,34	216	271
169	6,5	111,87	4,0	71,51	247	271
170	6,5	45,40	4,0	33,21	247	247
171	53,37	30,31	35,21	23,17	271	226
172	55,37	4,4	35,21	2,1	271	226
173	57,46	5,4	38,23	5,3	271	226
174	4,14	2,1	4,8	3,1	271	226
175	0,1	0,2	1,0	0,1	257	297
177	0,0	2,1	5,3	0,0	384	260
178	4,4	8,11	0,0	19,8	335	221
179	4,4	52,48	0,0	64,47	335	227
180	24,24	8,14	37,32	20,10	262	227
181	56,46	34,28	49,30	40,32	291	262
182	49,33	31,26	40,31	41,33	280	291
183	6684,5404	6177,4520	4964,4749	4408,3797	321	307
185	228,205	4662,4113	138,159	2930,3422	393	3606
186	4559,4050	36,34	2825,3360	13,35	3606	229
187	1,3	36,34	1,3	13,35	266	229
188	572,449	464,437	413,369	291,340	345	290
189	554,491	1013,783	349,400	748,640	302	402
190	991,853	672,626	747,727	534,534	402	273
193	8,3	39,40	0,11	29,28	285	277
194	12,4	16,3	9,15	3,5	285	211
195	80,94	5,5	58,54	9,8	322	285
196	106,64	44,31	75,43	36,47	359	269
199	1,0	0,1	2,0	0,0	375	311
200	0,0	1,1	1,0	0,2	375	308
221	209,195	222,161	165,152	138,124	282	277
222	413,368	92,78	337,275	68,47	352	232
223	209,195	85,75	165,152	67,47	282	232
224	221,201	523,436	166,152	358,267	282	352
225	158,138	351,318	102,104	229,151	248	283
226	135,126	211,156	92,87	132,92	225	248
227	355,258	144,118	177,137	69,94	298	225
228	112,142	302,294	101,90	263,224	227	272
245	8,11	13,30	17,23	32,16	444	212
246	228,193	352,329	185,98	253,208	249	280
247	1,2	8,10	4,1	4,0	247	245
248	1,1	8,10	0,3	4,0	268	245
249	116,107	261,188	68,50	157,122	206	249
250	244,289	116,82	235,155	84,61	334	197
251	244,208	116,82	172,111	84,61	300	197
252	244,208	216,245	168,111	175,160	300	326
253	244,208	228,253	168,111	186,180	300	334
254	214,186	1,0	110,96	5,4	257	300
255	217,189	204,233	113,103	203,125	257	300
256	68,48	203,233	46,33	202,123	211	300
257	0,0	194,150	0,2	133,78	216	257
258	25,21	211,161	16,27	148,93	176	257
259	70,47	194,150	48,34	133,78	211	257
260	6,6	10,9	5,6	7,1	248	249
261	6,1	176,198	3,5	152,147	249	213
262	100,117	86,71	70,60	61,78	219	228
263	52,81	84,71	81,59	61,79	240	228
264	153,157	153,141	160,136	162,119	233	253
265	747,632	1979,1715	643,369	1402,1301	305	315
266	747,632	664,566	643,369	439,432	305	185
267	744,634	1922,1612	646,367	1498,1441	305	346
268	16,31	159,142	34,46	145,112	229	307
269	224,205	144,142	142,162	113,133	361	317
271	657,463	365,298	407,432	206,217	207	197
272	766,696	654,554	541,576	408,388	249	235
273	767,696	785,672	541,578	544,530	249	285
274	766,696	32,29	541,576	37,29	249	285
275	1136,1022	914,698	744,838	481,541	285	248
276	32,29	654,554	37,29	408,388	285	235
277	1162,1049	657,553	779,866	408,390	285	235
278	1,0	914,698	2,0	481,541	280	248
279	377,342	941,723	247,263	518,568	235	248
280	401,358	1142,997	273,281	773,817	541	310
281	401,358	55,48	273,281	32,32	541	475
282	25,21	1142,997	24,26	773,817	248	310
283	25,21	55,48	24,26	32,32	248	475
284	757,621	1142,997	509,486	773,817	248	310
285	1356,1088	1342,1122	758,796	871,991	310	294
286	1052,913	726,729	666,701	562,502	303	286
287	1052,913	745,748	666,701	585,528	303	289
288	1052,913	0,4	666,701	0,2	303	289
289	1004,875	7,2	640,673	5,7	303	289
290	0,0	909,733	0,1	713,696	289	425
291	0,0	0,1	0,1	0,0	289	205
292	0,3	909,733	0,1	713,696	289	425
293	545,500	958,771	422,357	735,722	289	425
295	545,503	958,771	422,357	735,722	289	425
297	1693,1529	0,0	1311,1249	2,0	425	317
298	181,179	109,79	123,128	58,66	368	265
299	146,150	117,112	103,117	90,120	286	298
300	146,150	106,107	103,117	81,112	286	283
301	82,64	102,86	59,55	74,59	298	237
302	8,9	282,211	5,11	196,261	283	492
303	125,99	102,86	94,89	74,59	283	237
304	80,62	289,212	51,76	195,263	237	492
305	163,183	191,222	146,149	133,149	270	280
306	138,112	168,102	100,93	111,109	258	296
307	205,167	302,241	137,155	180,170	372	370
308	109,103	5,1	104,115	2,6	279	260
309	109,103	324,270	104,115	217,258	279	335
311	64,42	2,0	38,40	0,0	301	188
312	28,29	38,17	20,12	15,20	330	301
313	27,31	38,17	23,12	15,20	326	301
314	14,25	41,21	20,19	16,35	258	285
315	29,28	46,43	21,28	23,23	285	358
317	151,150	116,97	143,143	77,59	266	246
318	1,2	38,24	0,2	14,23	259	260
319	1,2	17,11	0,2	10,8	259	277
320	15,18	554,457	12,6	387,355	266	737
321	7,10	16,12	3,12	6,5	204	332
322	408,343	119,110	274,273	94,89	737	299
323	146,115	118,117	114,82	59,81	299	293
324	73,55	150,111	63,55	111,107	204	245
325	1176,896	1345,1100	878,896	951,978	233	251
327	1068,1045	1165,911	970,759	845,774	267	266
328	1068,1044	1379,1163	970,761	921,971	267	272
329	966,803	1379,1165	710,718	921,971	266	272
331	23,20	6,4	22,23	8,1	179	203
332	109,110	113,129	83,94	89,106	319	323
333	76,45	74,54	37,57	53,49	230	248
335	18,12	23,32	8,12	17,15	298	247
336	1638,1319	63,50	1489,1395	45,30	227	284
337	1399,1234	38,31	1068,989	26,17	276	284
338	1526,1280	557,422	1040,1072	477,428	310	227
339	1527,1280	22,13	1039,1072	19,12	310	276
340	1255,986	1850,1589	906,950	1338,1394	295	323
341	348,428	1693,1268	431,427	1183,1254	294	295
342	92,80	268,160	69,73	175,178	241	320
343	473,405	583,469	439,398	429,422	289	298
344	506,502	252,195	419,391	172,189	298	208
345	504,503	438,407	417,389	327,316	298	297
346	252,183	443,406	167,184	329,319	208	297
348	70,76	42,20	52,42	20,20	236	188
349	65,76	219,212	52,42	143,143	236	363
350	33,15	205,167	17,4	106,114	188	268
351	120,124	220,211	63,70	144,143	268	363
352	121,102	69,49	87,86	29,45	234	194
355	203,181	73,82	117,128	41,45	250	260
356	144,144	97,114	84,103	67,59	250	307
357	77,82	156,154	64,70	100,85	260	307
358	112,149	465,411	98,107	321,288	236	342
359	340,350	159,236	253,236	187,173	342	323
361	34,41	10,25	22,28	16,5	229	233
362	32,43	7,13	22,28	10,2	229	247
366	13,4	2,0	8,2	4,2	191	243
367	13,4	2,4	8,2	3,0	191	211
368	8,1	2,0	1,2	4,2	242	243
370	2,0	0,4	4,2	0,0	243	196
371	2,0	2,3	4,2	3,0	243	211
372	136,139	149,118	134,68	95,108	327	251
373	132,144	39,66	123,118	76,80	255	246
374	37,16	1,4	22,13	2,6	275	298
375	290,283	150,193	194,189	120,89	336	287
376	290,283	130,154	194,189	121,91	336	263
377	25,30	41,38	32,37	52,33	239	256
378	34,25	22,24	14,23	26,6	209	239
379	60,41	21,32	46,48	26,16	261	326
380	60,41	11,5	46,48	12,6	261	179
381	56,64	38,35	52,63	51,33	276	256
382	2,8	38,35	9,13	51,33	338	256
383	2,0	22,24	2,0	26,6	178	239
384	28,28	5,4	34,29	7,8	215	178
385	28,28	4,14	34,29	10,7	215	209
386	55,64	1,1	52,63	2,1	276	215
387	1,8	1,1	10,13	2,1	338	215
388	37,34	1,1	34,31	0,1	218	215
389	57,66	1,1	51,66	4,0	276	215
390	3,10	1,1	10,16	4,0	338	215
391	56,70	10,13	51,63	16,20	276	215
392	7,11	33,52	7,7	46,44	246	247
393	52,50	19,8	37,35	8,14	260	193
394	28,21	45,28	26,35	17,24	248	260
395	24,37	58,41	40,30	35,22	326	220
396	32,31	116,76	37,19	64,41	220	278
397	5,3	139,98	3,0	75,65	262	259
398	73,50	103,109	44,67	64,72	256	272
399	37,41	111,76	22,14	58,93	272	267
400	37,41	110,76	22,14	56,92	272	263
401	87,78	156,102	50,55	81,120	272	322
402	84,112	114,96	113,108	101,78	269	281
403	9,10	10,2	9,5	15,20	306	304
404	86,81	154,146	80,93	136,119	237	281
405	3,13	191,141	13,12	150,121	281	236
406	257,254	193,141	221,252	149,122	281	236
408	2,0	245,188	0,0	178,217	306	260
409	3,6	5,14	4,2	3,5	288	276
410	57,68	53,46	58,19	33,56	293	236
411	114,134	94,101	103,80	112,87	286	306
412	161,131	207,173	127,85	124,122	292	275
414	74,80	168,136	71,48	143,144	244	311
415	64,33	102,102	38,32	100,64	225	265
416	13,16	12,4	7,8	3,10	291	310
417	30,22	795,767	15,15	625,610	615	241
418	30,22	213,197	15,15	151,180	615	226
419	45,37	0,0	20,24	1,0	779	255
420	45,37	652,427	20,24	412,355	779	307
421	340,344	0,0	279,242	1,0	241	255
422	340,344	652,427	279,242	412,355	241	307
423	2,0	0,0	0,0	1,0	226	255
424	2,0	652,427	0,0	412,355	226	307
425	0,0	652,427	1,0	412,355	255	307
426	33,21	287,244	14,17	186,159	302	223
427	35,20	289,244	14,17	184,159	302	223
428	499,392	287,244	349,342	186,159	302	223
429	607,528	400,428	489,405	379,333	341	282
430	40,37	207,226	41,28	196,177	183	308
431	95,94	90,110	81,87	97,77	206	192
432	7,7	144,107	4,3	112,106	325	267
433	122,113	144,107	80,95	112,106	283	267
434	329,364	109,88	224,232	69,98	395	243
435	216,185	89,105	126,169	60,62	324	227
436	191,163	139,141	111,156	79,109	324	259
437	20,17	220,241	12,14	123,143	259	287
438	185,199	700,591	116,134	454,371	287	587
439	182,197	196,151	115,137	139,125	287	329
440	51,45	209,172	25,43	146,125	217	300
441	102,83	149,137	77,59	110,117	263	315
442	159,160	171,195	117,119	103,121	315	314
445	121,109	217,192	119,91	250,207	228	220
446	121,102	350,251	118,90	295,220	228	235
447	265,253	348,254	317,259	299,218	220	235
448	48,37	132,127	27,18	95,132	266	557
449	5,2	199,166	1,3	125,170	241	557
450	18,24	63,61	16,19	61,43	235	330
451	196,172	22,30	168,134	40,31	235	210
452	540,453	100,97	468,356	57,59	353	194
454	102,105	195,155	75,60	143,134	194	229
455	482,478	6,7	324,289	4,9	2498	308
456	461,457	43,37	318,280	25,25	2498	325
457	22,39	55,73	17,19	48,57	287	326
458	32,22	33,43	27,25	28,26	357	233
460	5,13	13,5	4,4	2,8	223	210
461	120,103	203,167	86,72	154,157	250	308
462	3,14	38,49	6,1	49,34	202	313
463	48,28	27,25	20,21	26,38	333	337
464	67,38	198,168	34,19	144,121	198	292
465	17,24	41,41	15,14	39,44	226	294
466	0,1	6,6	1,0	6,6	227	215
467	5,4	6,6	4,2	6,6	281	215
468	5,8	47,36	10,5	51,48	255	210
469	5,8	205,155	10,5	167,158	255	228
476	2,0	4,6	2,1	1,6	238	192
477	14,11	7,4	12,9	3,6	219	186
478	8,9	26,39	5,4	24,29	186	270
479	14,16	3,7	12,8	6,6	219	228
482	13,7	0,3	9,8	1,0	247	215
483	13,7	25,16	7,9	27,14	247	306
484	7,2	32,20	3,9	25,17	215	310
485	7,5	32,20	3,6	25,15	215	310
486	27,27	28,24	17,26	27,18	283	258
487	2,0	42,48	1,0	42,8	310	377
488	29,30	42,48	9,21	42,8	227	377
489	50,26	13,11	20,25	9,4	321	210
490	100,63	6,5	55,70	9,1	323	221
491	54,28	55,25	29,36	29,21	244	252
492	46,51	58,27	39,39	29,21	267	252
493	26,25	2,3	23,15	0,0	231	225
494	26,25	10,15	23,15	12,15	231	245
495	38,52	66,58	35,45	39,57	328	1711
496	2,3	10,15	0,0	12,15	225	245
497	276,260	167,120	217,181	121,110	273	219
498	353,303	172,133	315,231	122,114	325	219
499	90,97	248,235	99,108	230,254	219	319
500	5,2	351,308	7,0	251,220	247	373
501	91,93	0,0	64,61	1,0	373	168
502	0,0	104,80	2,0	86,72	168	267
503	27,13	34,25	13,14	18,8	168	204
504	15,8	103,79	6,8	86,77	168	267
505	116,108	34,12	106,95	16,12	262	371
506	74,60	102,77	62,40	86,73	204	267
507	7,25	193,195	14,28	153,130	211	327
508	141,126	82,98	119,116	75,104	287	227
509	89,92	113,124	77,61	111,124	227	254
510	565,477	379,292	447,339	207,170	334	316
511	233,175	160,98	167,112	98,85	224	239
512	71,50	34,34	46,31	23,13	273	263
513	4,0	323,281	0,2	199,248	203	374
514	23,21	97,87	28,6	94,75	236	313
515	15,16	0,0	7,13	0,1	203	249
516	0,0	2,1	1,1	0,1	240	258
517	43,29	4,4	16,31	2,2	240	258
519	4,1	22,18	0,2	20,25	187	240
520	77,80	22,18	72,59	20,25	297	240
521	86,76	22,20	67,54	21,24	274	240
522	149,127	2,4	102,102	1,5	297	508
523	77,80	4,1	72,59	0,2	297	187
524	149,127	2,0	102,102	2,3	297	187
526	107,82	197,161	99,92	120,121	227	260
527	98,58	151,132	64,72	132,117	233	227
530	87,94	100,95	61,64	59,90	257	266
531	102,74	107,68	52,61	61,52	266	233
532	74,71	23,24	39,48	18,26	546	321
533	94,109	125,113	76,73	86,97	274	292
534	1,3	4,1	0,1	1,0	222	267
535	257,297	236,203	216,154	197,174	315	241
536	1,0	471,474	2,0	331,342	234	315
537	28,27	475,475	20,6	334,346	234	315
538	0,0	475,475	0,2	334,346	337	315
539	15,9	194,188	14,17	159,173	253	339
540	136,96	267,192	101,136	166,180	325	313
541	122,117	223,207	90,76	164,163	233	306
542	229,195	68,86	147,135	78,95	306	252
543	145,152	132,114	117,130	106,98	252	266
544	169,115	157,120	129,141	103,67	313	241
545	6,9	4,1	13,6	2,0	297	272
546	7,3	8,9	0,0	6,6	267	172
547	24,26	6,9	12,9	5,3	247	172
548	10,7	6,9	2,2	5,3	247	172
549	14,13	6,9	8,8	5,3	233	172
550	7,3	28,36	0,0	38,18	267	265
551	24,26	17,29	12,9	29,10	247	265
552	10,7	31,30	2,2	36,17	247	265
553	14,13	31,30	8,8	36,17	233	265
554	47,37	17,29	34,44	29,10	285	265
555	120,102	17,29	83,88	29,10	285	265
556	71,64	17,29	49,45	29,10	283	265
557	3,1	17,29	4,2	29,10	292	265
558	7,3	19,32	0,0	31,10	267	268
559	24,26	17,29	12,9	30,10	247	268
560	10,7	17,29	2,2	31,10	247	268
561	14,13	17,29	8,8	31,10	233	268
562	7,3	17,29	0,0	29,13	267	289
567	14,13	10,7	8,8	2,2	233	247
568	14,13	8,6	8,8	7,5	233	247
569	0,1	8,6	0,0	7,5	229	247
571	0,1	14,13	0,0	8,8	229	233
572	0,3	11,21	1,2	9,9	285	233
573	71,64	11,21	49,45	8,12	285	233
574	2,2	0,1	4,0	0,0	218	229
575	3,1	120,102	4,2	83,88	292	285
576	11,25	47,37	4,2	34,43	292	285
577	26,16	47,36	32,20	34,43	262	285
578	3,1	85,65	4,2	56,52	292	285
579	2,0	14,2	0,0	7,6	292	285
580	80,86	18,15	64,78	10,11	494	285
581	3,1	71,64	4,2	49,45	292	283
582	3,2	0,6	4,3	0,3	292	230
583	1,2	74,67	3,2	51,45	274	292
584	16,9	75,66	9,11	48,45	269	292
585	0,5	73,66	2,1	48,45	262	292
586	37,39	73,66	35,33	48,45	261	292
587	44,42	26,41	26,28	32,15	274	314
588	42,37	26,41	34,27	32,15	270	314
589	81,87	21,41	67,78	32,15	494	314
590	8,5	21,41	7,1	32,15	255	314
591	18,10	21,41	9,11	32,15	269	314
592	44,42	48,30	26,28	34,9	274	307
593	42,37	48,30	34,27	34,9	270	307
594	15,19	42,30	9,14	34,9	274	307
595	14,15	42,30	17,13	34,9	270	307
596	2,4	72,95	2,1	65,78	262	533
597	8,5	81,87	7,1	67,78	255	494
598	18,10	81,87	9,11	67,78	269	494
599	28,16	66,79	32,20	58,68	262	494
600	2,4	66,74	2,1	58,68	262	494
601	14,7	0,0	9,3	2,0	255	266
602	24,9	0,0	13,16	2,0	269	266
603	37,39	0,5	35,33	2,1	261	262
604	37,44	6,10	35,33	4,6	261	262
605	37,39	7,11	35,33	13,1	261	262
606	132,129	133,143	95,75	132,94	247	281
607	168,134	13,12	105,118	8,14	289	272
608	9,7	13,11	5,6	8,15	208	272
609	82,71	136,98	56,48	89,109	224	346
610	4,4	1245,1054	7,8	988,922	245	336
611	17,22	102,72	18,21	64,84	206	229
612	48,56	146,131	50,31	88,96	229	258
613	143,89	103,111	90,87	58,62	258	233
614	83,64	118,107	50,59	73,74	233	207
615	79,62	10,13	68,47	22,15	260	242
616	984,839	119,119	672,750	106,97	615	366
617	81,61	65,65	61,45	46,39	237	201
618	68,77	14,25	58,57	14,8	201	179
619	71,76	1,3	59,56	0,3	201	179
620	6,8	70,125	2,0	108,92	201	362
621	69,68	71,127	47,44	107,94	179	362
622	197,259	167,166	172,180	143,111	362	388
623	70,102	486,467	85,80	386,327	388	500
624	281,219	209,212	180,165	144,154	260	277
625	113,94	42,49	82,83	42,41	269	286
626	45,73	372,311	67,40	199,198	233	245
627	93,83	182,176	73,66	164,163	409	315
628	0,1	207,143	0,0	160,132	219	377
629	0,1	224,178	0,0	181,160	219	409
630	26,21	10,16	19,14	5,11	222	266
631	0,0	27,32	2,0	19,19	269	303
632	38,43	7,6	48,28	21,12	264	220
633	38,43	29,32	48,28	19,19	264	303
634	7,6	29,32	21,12	19,19	220	303
635	24,27	42,57	28,17	56,36	220	254
636	29,49	0,34	50,45	24,22	300	348
637	2,0	4,8	3,0	14,15	312	248
638	2,3	6,8	4,0	14,14	312	248
639	235,268	0,2	218,214	4,1	311	208
640	245,256	145,107	218,156	93,74	354	254
641	79,85	275,232	70,50	223,230	235	347
642	230,255	155,140	205,222	127,127	317	263
643	64,80	108,100	63,72	91,78	244	245
644	70,54	66,67	66,64	54,55	240	244
645	140,157	100,102	133,117	68,83	313	238
646	210,174	156,132	137,133	116,83	272	313
647	143,145	90,119	89,88	101,88	255	272
648	235,268	165,138	218,214	113,129	311	255
649	207,228	11,27	177,144	14,16	445	372
650	206,228	10,24	177,145	11,10	445	298
651	133,126	13,27	118,101	14,15	296	372
652	0,0	228,208	5,0	194,190	219	360
653	16,19	130,110	15,23	117,94	320	257
654	141,132	133,119	141,138	120,100	320	257
655	163,131	174,143	117,104	101,102	257	306
656	183,137	61,49	126,123	46,53	257	306
657	159,130	175,176	115,105	138,142	257	293
658	243,217	72,65	209,186	52,69	306	219
659	195,155	7,6	144,149	0,9	215	259
660	117,95	488,448	97,86	400,282	183	324
661	221,234	75,91	164,129	101,55	243	183
662	3,4	29,33	7,5	44,15	161	251
667	119,111	49,53	112,65	50,36	401	278
668	49,49	16,18	34,43	13,16	252	214
669	5,13	47,28	22,17	25,29	314	261
670	10,14	47,28	16,9	25,29	483	261
671	290,263	181,201	189,173	167,140	246	258
672	84,93	472,441	91,91	293,310	288	271
673	85,87	389,334	88,82	273,210	288	258
674	3,2	386,333	4,1	268,210	315	258
675	85,87	49,33	88,82	24,26	288	225
676	3,2	48,34	4,1	20,26	315	225
679	4,2	6,4	5,11	0,3	267	253
680	3,4	2,0	6,5	1,0	282	267
681	0,1	13,9	0,2	8,8	187	216
682	330,292	13,9	240,296	8,8	216	216
683	330,292	0,1	240,296	0,2	216	187
684	34,27	19,48	25,30	21,16	210	248
685	66,53	11,22	64,66	14,9	262	210
686	1,0	8,6	0,0	26,15	242	299
687	155,171	28,25	141,94	31,15	441	298
688	5,1	460,427	8,3	449,465	252	225
689	546,465	292,249	511,573	279,301	308	226
690	535,464	929,860	504,567	1061,935	308	398
691	535,464	1,0	504,567	3,0	308	226
692	1,0	929,860	3,0	1061,935	226	398
693	219,205	940,862	271,236	1066,943	226	398
694	0,0	940,862	2,0	1066,943	202	398
695	26,13	174,139	12,12	121,130	195	278
696	40,17	182,158	5,11	132,141	195	278
697	38,40	182,158	30,34	132,141	249	278
698	56,65	182,158	57,59	132,141	254	278
699	3,7	182,158	1,2	132,141	186	278
700	38,40	40,17	30,34	5,11	249	195
701	56,65	40,17	57,59	5,11	254	195
702	3,7	40,17	1,2	5,11	186	195
703	3,7	38,40	1,2	30,34	186	249
704	2,3	27,16	2,4	14,18	186	249
705	3,7	56,65	1,2	57,59	186	254
706	2,3	41,37	2,4	45,36	186	254
707	3,0	610,511	0,0	430,372	179	197
710	385,326	204,162	251,309	88,100	476	401
711	542,433	10,6	303,359	4,2	401	203
712	43,20	4,8	9,6	6,7	203	222
713	11,14	189,182	14,11	123,122	232	349
714	191,147	28,38	114,103	30,22	349	256
715	124,134	67,68	90,87	77,61	256	297
716	110,100	162,161	74,70	129,117	256	318
717	52,92	183,200	49,39	147,137	297	318
718	46,41	2,5	32,29	5,2	253	246
719	121,97	297,293	105,77	304,242	291	581
720	103,105	11,19	53,48	11,19	242	179
721	30,28	140,127	22,14	69,69	179	279
722	58,64	174,124	56,57	123,109	252	341
723	4,6	87,65	0,4	58,60	296	211
724	20,19	136,88	28,26	97,77	211	278
725	15,14	176,138	10,8	104,111	187	579
726	40,31	177,149	22,17	111,120	238	579
727	21,27	22,19	16,17	27,14	187	238
728	3,6	20,19	2,3	28,15	187	238
729	30,36	20,19	23,17	28,15	245	238
730	30,36	3,6	23,17	2,3	245	187
731	27,34	7,20	23,17	11,9	245	187
732	2,7	190,170	3,3	143,179	172	289
733	1000,734	781,677	788,759	606,652	279	262
734	575,509	977,799	477,433	752,828	260	279
735	3,0	810,602	0,0	638,648	200	260
736	15489,14145	496,443	10178,10939	342,339	6065	310
737	3,1	50,35	0,0	23,35	187	229
738	0,2	27,29	0,0	11,26	187	229
739	16,6	864,703	8,5	582,563	229	297
740	5,3	433,347	3,7	289,302	229	297
741	71,52	106,103	81,51	68,80	272	246
742	38,26	26,7	13,13	18,17	293	258
743	1,0	25,11	0,0	13,7	258	211
744	12,7	38,14	10,6	14,11	211	265
745	57,74	212,178	47,51	170,142	251	328
746	131,98	238,185	72,97	172,183	253	334
747	129,87	112,93	81,106	85,82	337	245
748	88,64	112,93	80,73	85,82	334	245
749	143,111	117,92	102,101	82,81	245	280
750	156,141	255,192	133,106	179,140	236	306
751	103,78	81,53	71,80	41,54	370	344
752	134,104	232,173	96,89	160,137	317	436
753	3639,3055	203,161	2963,2481	120,99	317	206
759	12,20	0,2	13,16	2,0	378	376
792	8,3	5,1	8,0	5,0	1043	284
793	1135,1070	415,340	764,700	233,197	298	209
794	916,885	562,447	625,554	372,367	298	251
795	917,885	4,6	623,552	1,5	298	251
796	374,335	775,630	218,244	508,513	209	251
797	580,482	344,254	351,321	225,202	251	198
798	24,31	117,101	24,16	95,64	282	263
799	46,65	38,26	49,43	23,18	263	190
800	5,6	232,214	5,1	157,153	213	259
801	318,331	126,129	263,266	102,92	246	206
802	311,328	63,78	259,262	50,39	246	182
803	84,93	70,84	70,69	54,43	206	182
804	130,144	225,219	117,88	214,195	209	226
805	197,193	130,133	146,134	86,114	303	239
806	486,449	130,135	403,331	89,112	678	239
807	98,67	104,94	92,69	59,84	312	291
808	52,41	47,58	28,30	74,73	233	380
809	10,23	25,34	36,26	41,14	284	287
810	1753,1541	173,146	1325,1175	108,99	269	212
826	0,0	3,0	4,1	0,1	218	203
827	2,0	1,1	2,4	3,5	242	249
828	5,5	1,1	3,2	3,5	495	249
829	5,5	2,0	3,2	2,4	495	242
830	565,503	529,531	405,342	463,309	231	292
831	17,17	1699,1600	21,15	1202,1134	161	257
832	1676,1357	34,31	1185,1078	40,39	293	230
833	671,655	9,5	526,556	6,1	230	343
834	662,652	4,7	522,554	4,0	230	206
835	1070,820	876,625	744,742	507,552	253	230
836	980,754	2797,2186	592,692	1804,1877	230	326
837	116,126	317,259	97,84	221,177	195	244
838	1975,1643	2032,1866	1362,1369	1485,1532	242	236
839	2507,2061	1713,1408	1582,1683	1190,1138	236	236
840	2508,2054	1468,1188	1581,1681	945,963	236	221
841	20,25	2469,2096	10,16	1843,1876	257	256
842	1725,1340	2467,2097	1103,1108	1842,1876	257	256
843	1701,1312	2691,2256	1094,1092	1841,1735	257	225
844	28,23	4276,3465	9,12	2657,2984	225	344
845	784,830	1743,1509	804,601	1611,1219	226	260
846	1832,1900	1736,1510	2011,1555	1606,1216	347	260
847	26,23	1736,1510	15,15	1606,1216	226	260
848	1802,1881	1650,1557	1998,1546	1520,1156	347	226
849	1461,1334	2232,2292	1374,1134	2271,1708	298	347
850	27,25	284,225	17,13	193,172	410	1460
851	31,44	284,225	28,15	193,172	572	1460
852	9,0	6,11	3,1	6,4	251	230
853	4,7	8,13	0,2	7,5	251	230
854	3,7	284,225	1,2	193,173	251	1460
855	3,7	2,2	1,2	3,1	251	230
856	621,495	1625,1287	491,490	1110,1183	288	324
857	2145,1752	1631,1289	1529,1434	1110,1189	426	324
858	654,508	1150,932	506,501	815,935	288	298
859	1127,935	1150,932	743,861	815,935	341	298
860	640,435	1153,936	401,327	817,934	204	298
861	2155,1759	1152,933	1532,1439	815,937	426	298
862	2148,1754	1026,756	1531,1434	676,745	426	288
863	2151,1755	205,197	1529,1438	137,185	426	204
864	224,226	21,21	162,156	28,25	247	344
865	209,173	119,99	160,125	70,80	259	247
866	18,34	4603,3351	36,32	2931,2939	257	290
867	2930,2168	0,1	1978,1910	0,0	290	276
870	2,3	429,363	0,1	370,323	270	268
871	343,294	430,363	329,271	370,324	270	268
872	53,48	6,3	55,35	5,8	251	284
873	148,188	6,7	186,131	7,6	284	246
874	389,298	681,573	277,273	463,447	287	359
875	18,22	854,692	6,10	625,527	294	362
876	235,221	338,233	227,213	236,245	263	274
877	820,885	468,389	788,737	360,294	254	235
878	820,885	2,5	787,736	4,9	254	211
879	173,128	577,527	131,104	454,461	249	629
880	173,128	366,358	131,104	235,267	249	211
881	1886,1575	366,356	1443,1393	237,268	235	211
882	1886,1575	191,170	1443,1393	115,103	235	414
883	1313,1082	366,356	954,922	237,268	239	211
884	1313,1082	191,170	954,922	115,103	239	414
885	1903,1616	191,170	1420,1393	115,103	629	414
886	369,361	5,2	237,268	2,3	250	216
887	369,361	193,171	237,268	114,103	250	414
888	366,356	191,170	237,268	115,103	211	414
889	1132,1021	5,2	792,749	2,3	211	216
890	1132,1021	193,171	792,749	114,103	211	414
891	5,2	193,171	2,3	114,103	216	414
892	25,15	194,175	24,34	120,114	216	414
893	332,270	186,167	255,226	179,175	260	245
894	294,237	576,521	244,238	438,406	299	397
895	297,241	264,220	253,236	169,152	299	264
896	269,255	244,200	189,196	163,145	298	264
897	4374,3970	243,200	3508,3647	164,145	1958	264
898	291,274	294,262	194,201	284,200	298	299
899	175,183	294,264	196,168	284,199	281	299
900	324,245	635,512	224,219	497,457	196	249
901	555,534	935,854	438,387	701,632	255	300
902	557,532	639,518	436,386	497,459	255	249
903	877,715	956,879	701,586	715,636	323	300
904	857,757	263,223	695,627	189,171	291	231
905	992,902	922,797	743,628	625,614	303	327
906	650,481	245,217	421,377	196,239	237	224
907	523,429	603,419	425,367	377,400	225	235
908	2,1	1016,917	0,0	808,764	287	296
909	1219,1042	1016,917	1033,888	808,764	293	296
910	97,111	1237,1111	128,87	864,920	224	288
911	281,202	438,473	205,221	452,320	191	249
912	282,203	298,404	205,223	410,298	191	370
913	464,495	2007,1791	581,386	1542,1495	311	360
914	580,525	1031,1163	411,342	905,810	222	298
915	583,528	767,812	413,348	622,523	222	242
916	273,257	638,486	218,170	408,297	199	225
917	565,612	1210,1078	449,430	907,845	251	311
918	583,506	749,707	368,402	584,508	254	251
919	308,222	119,103	209,215	109,70	216	233
920	50,41	116,99	41,45	106,70	216	233
921	373,326	116,99	273,230	106,70	310	233
922	373,326	50,41	273,230	41,45	310	216
923	367,323	90,72	271,226	76,53	310	216
924	1205,1117	447,342	810,803	334,298	389	310
925	321,289	747,721	203,189	557,535	228	389
926	6,2	746,714	1,0	557,531	228	389
927	470,354	413,372	274,279	287,248	230	228
928	219,251	405,367	157,198	287,250	340	228
929	232,258	423,379	159,188	240,260	340	230
930	2510,2113	423,379	1760,1679	240,260	659	230
931	2510,2113	232,258	1760,1679	159,188	659	340
932	676,619	971,838	531,567	611,628	530	340
933	2511,2116	976,840	1760,1677	611,619	659	340
934	2515,2121	445,438	1761,1688	403,372	659	530
935	1736,1456	441,435	1217,1175	402,371	659	530
936	858,789	441,435	589,591	402,371	302	530
937	2515,2121	375,375	1761,1688	356,302	659	392
938	1736,1456	371,372	1217,1175	355,301	659	392
939	858,789	371,372	589,591	355,301	302	392
940	858,789	1736,1456	589,591	1217,1175	302	659
941	852,782	2223,1873	589,589	1578,1560	302	659
942	871,928	52,41	739,539	28,26	290	302
943	871,929	828,705	737,539	569,540	290	302
944	2365,2233	796,722	1799,1754	551,555	631	290
945	471,390	1908,1817	322,355	1491,1378	265	631
946	473,389	2775,2747	329,355	2229,1916	265	631
947	289,239	381,328	151,207	247,303	227	265
948	267,195	246,235	181,175	185,220	205	227
949	416,384	263,206	300,367	172,182	237	205
950	576,554	260,205	445,469	172,182	263	205
951	390,359	332,284	293,326	182,232	242	237
952	576,554	0,2	443,469	0,0	263	242
953	596,563	477,383	447,475	333,357	263	242
954	196,226	487,453	199,213	351,395	293	263
955	578,508	3,5	368,501	0,1	298	293
956	579,506	662,649	368,501	515,568	298	293
957	579,506	884,832	368,501	669,743	298	368
958	18,12	198,224	8,7	199,213	220	298
959	11,13	198,231	4,5	203,214	220	298
960	18,11	408,367	8,10	262,355	220	298
961	3,1	409,367	3,5	265,356	220	298
962	11,11	408,374	5,9	266,356	220	298
963	3,0	527,465	0,1	318,460	220	220
964	40,21	16,13	18,17	15,16	220	277
966	117,104	82,65	101,78	38,48	228	200
967	19,16	119,90	8,12	82,96	301	228
968	0,1	66,78	2,0	51,58	224	222
969	20,6	66,78	6,12	51,58	190	222
970	0,1	20,6	2,0	6,12	224	190
971	0,5	241,142	1,0	138,121	224	277
972	91,91	91,106	115,52	89,65	409	261
973	97,54	135,134	52,34	133,92	244	409
974	68,68	35,39	71,37	38,19	243	244
975	105,106	43,56	97,89	37,42	390	227
976	4,3	399,339	3,4	323,286	211	375
977	8,13	301,232	1,2	246,222	283	375
978	260,240	1213,1016	232,208	777,835	196	348
979	293,342	271,249	318,301	175,187	288	196
980	28,36	2,3	14,31	5,2	265	289
981	50,34	84,92	38,19	45,42	244	287
982	86,61	60,69	53,39	37,50	287	245
983	34,26	19,15	22,15	19,19	293	221
984	2120,1687	2548,2114	1452,1489	1821,1698	343	330
985	2172,1799	1487,1388	1548,1689	1188,1197	319	240
986	1352,1142	1483,1382	955,983	1182,1193	287	240
987	1354,1148	2960,2238	961,986	2066,2148	287	319
988	2320,2086	2959,2241	1655,1472	2066,2148	311	319
989	1181,996	1878,1585	833,889	1343,1448	229	287
998	13,12	467,370	10,11	360,298	260	279
999	13,12	141,123	10,11	118,101	260	307
1000	0,4	596,584	0,0	502,450	229	238
1001	140,137	180,164	128,117	181,140	241	305
1002	140,137	40,18	128,117	28,22	241	376
1003	1199,867	615,646	670,659	473,467	255	228
1004	4,8	490,376	4,3	254,278	227	182
1005	653,591	519,401	467,426	270,296	227	182
1006	653,591	606,455	467,426	305,349	227	200
1007	1274,1104	53,36	956,855	21,20	227	287
1008	2249,1880	396,307	1455,1691	285,263	354	227
1009	2226,1860	466,375	1439,1676	280,307	354	227
1010	2220,1858	17,11	1437,1676	13,11	354	227
1011	633,513	1830,1555	403,478	1294,1231	215	354
1012	577,469	872,651	392,371	536,498	215	203
1013	1893,1440	676,493	1119,896	384,394	344	203
1014	2082,1597	529,426	1268,994	279,371	344	215
1015	152,132	618,511	129,83	432,314	199	344
1016	151,131	1746,1436	129,87	1138,1017	199	344
1017	1084,920	1745,1436	702,695	1139,1017	2069	344
1018	1057,820	14,18	601,504	9,11	199	221
1019	174,197	461,339	168,149	304,225	213	199
1020	221,201	167,143	140,124	136,86	222	199
1021	848,703	118,114	449,427	71,49	222	304
1022	598,497	224,199	396,401	205,144	283	390
1023	598,497	689,627	396,401	614,518	283	386
1024	598,497	696,640	396,401	620,518	283	409
1025	598,497	11,3	396,401	2,2	283	218
1026	197,136	386,321	123,137	281,253	201	283
1027	195,138	2,0	123,136	0,0	201	283
1028	178,144	258,146	132,105	125,130	204	201
1029	376,316	224,118	269,251	109,115	283	201
1030	1,2	5,0	0,0	0,6	194	164
1031	499,511	445,402	367,304	334,298	293	283
1032	387,339	460,468	205,225	367,345	283	288
1033	464,423	542,563	357,310	460,460	288	498
1034	644,470	106,93	425,389	88,71	263	305
1035	618,506	529,400	443,411	366,309	258	227
1036	15,12	531,397	8,2	366,310	258	227
1037	259,264	464,442	195,208	395,420	207	258
1038	17,11	477,452	2,13	399,418	207	258
1039	5,6	462,440	2,5	393,418	207	258
1040	715,692	291,261	545,547	240,199	257	207
1041	296,308	336,295	215,244	253,214	222	207
1042	8,17	303,271	2,7	242,206	222	207
1043	74,50	303,271	26,31	242,206	257	207
1044	74,50	8,17	26,31	2,7	257	222
1045	739,714	403,334	552,559	282,274	257	222
1046	665,631	403,334	505,527	282,274	249	222
1047	600,585	412,350	475,521	280,276	245	222
1048	27,16	415,413	21,16	321,335	245	257
1049	602,589	493,455	478,523	351,374	245	257
1050	3,0	1477,1438	2,0	1121,1178	262	245
1051	15,6	1477,1438	6,6	1121,1178	191	245
1052	97,50	554,518	38,51	372,392	254	245
1053	46,23	4,3	27,29	0,0	191	235
1054	15,6	3,0	6,6	2,0	191	262
1055	2716,2425	2314,1928	1991,1861	1635,1522	290	258
1056	1391,1310	2420,2138	1093,962	1873,1787	240	290
1057	2323,1970	954,840	1658,1737	724,641	281	208
1058	337,319	3282,2950	293,304	2400,2400	292	281
1059	2067,1919	3282,2950	1688,1692	2400,2400	316	281
1060	2926,2636	3232,2880	2229,2184	2373,2361	335	281
1061	4267,3512	3229,2874	2828,3049	2365,2363	357	281
1062	874,686	3230,2873	589,549	2365,2361	205	281
1063	2989,2714	2726,2347	2264,2224	1963,2074	335	292
1064	4270,3518	2725,2349	2835,3049	1963,2074	357	292
1065	2989,2714	3018,2613	2264,2224	2200,2318	335	316
1066	997,773	3014,2606	667,744	2198,2319	207	316
1067	4268,3514	897,884	2827,3049	727,726	357	335
1068	1477,1188	847,813	1027,1106	683,679	278	335
1069	4271,3519	2387,2245	2829,3050	1933,1907	357	335
1070	1478,1301	2339,2174	1014,1282	1887,1860	266	335
1071	1527,1255	3480,2988	1073,1153	2539,2528	278	357
1072	874,686	3460,2963	589,549	2529,2501	205	357
1073	996,773	3460,2962	667,745	2531,2503	207	357
1074	894,712	2906,2459	598,577	1952,2130	205	278
1075	996,774	2925,2470	668,745	1965,2153	207	278
1076	1478,1301	2901,2449	1017,1283	1948,2122	266	278
1077	1008,786	1002,739	673,756	619,700	207	205
1078	1481,1301	647,557	1015,1284	481,510	266	207
1079	4,5	17,23	0,0	12,13	203	188
1080	435,395	312,285	301,343	209,216	253	222
1081	394,337	0,0	364,287	0,1	222	171
1082	394,337	317,351	364,287	286,253	222	225
1083	819,731	449,320	678,530	361,319	283	206
1084	819,730	215,194	678,529	201,180	283	230
1085	414,337	536,445	387,364	427,365	230	258
1086	19,8	356,293	4,4	288,260	258	218
1087	19,8	19,20	4,4	19,12	258	218
1088	546,396	357,294	436,377	286,263	258	218
1089	341,323	1394,1246	310,270	1111,1214	218	326
1090	367,292	1679,1292	261,243	1141,1048	186	298
1091	568,472	1667,1283	400,354	1138,1043	218	298
1092	29110,25831	1667,1283	20277,19854	1139,1043	3128	298
1093	174,130	1667,1283	94,91	1139,1043	218	298
1094	577,475	415,397	402,358	325,310	218	186
1095	179,138	419,391	97,94	324,303	218	186
1096	29110,25831	419,391	20277,19854	324,303	3128	186
1097	29110,25831	179,138	20277,19854	97,94	3128	218
1098	29118,25839	1219,1044	20282,19869	868,785	3128	218
1099	1254,1115	870,764	896,927	632,592	271	218
1100	11531,10017	297,246	7437,7479	210,161	1266	271
1101	1126,898	294,233	712,726	209,163	296	271
1102	1093,1086	302,235	767,811	214,170	278	271
1103	1090,958	292,231	674,675	211,161	272	271
1104	1266,1004	292,232	673,793	208,161	305	271
1105	1131,913	12043,10469	714,726	7855,7967	296	1266
1106	10251,9867	12046,10460	7035,6932	7853,7967	1034	1266
1107	1096,1085	12048,10464	770,810	7852,7969	278	1266
1108	1099,961	12044,10460	678,685	7853,7967	272	1266
1109	10252,9873	901,848	7038,6930	612,589	1034	296
1110	1098,1085	901,849	769,810	622,587	278	296
1111	1097,961	897,847	674,676	611,587	272	296
1112	1096,1086	9617,9103	769,812	6579,6285	278	1034
1113	1093,959	9602,9096	679,675	6568,6268	272	1034
1114	1104,965	1599,1498	683,691	1081,1270	272	278
1115	1269,1004	1029,1026	676,797	711,763	305	272
1116	957,689	1372,1231	580,674	855,861	433	305
1117	29,33	1833,1384	23,20	995,1235	263	433
1118	276,254	403,389	219,160	369,257	274	205
1119	1,1	11450,9461	0,0	9238,8111	228	317
1120	21,20	11450,9461	11,13	9238,8111	225	317
1121	129,85	11440,9455	82,61	9235,8102	225	317
1122	375,263	307,276	242,199	274,225	264	276
1123	318,259	1014,840	214,165	647,791	273	295
1124	1144,829	1421,1289	645,767	1015,997	295	357
1125	1494,1234	770,661	962,1107	481,512	357	271
1126	861,816	950,786	625,612	639,751	271	302
1127	38,24	69,82	17,43	52,43	219	268
1128	0,1	1,0	1,0	1,0	1542	398
1129	87,76	214,191	54,40	135,176	187	240
1130	16,15	105,104	29,20	78,49	232	258
1131	10,19	262,228	13,9	165,185	302	313
1132	336,278	246,180	304,324	210,147	268	261
1133	144,113	605,491	124,89	443,401	233	325
1136	504,471	468,389	377,322	358,331	233	186
1137	2161,1615	32,62	1436,1108	21,40	235	352
1138	49,60	48,54	52,36	47,36	283	259
1139	49,60	39,52	55,38	50,40	283	252
1160	24,51	11,23	34,17	10,13	248	267
1161	7,1	12,10	5,5	7,17	202	207
1162	9,3	578,453	4,3	372,432	248	285
1163	5,3	595,461	2,0	402,376	248	295
1164	21,8	595,461	7,12	402,376	285	295
1165	412,319	601,462	336,307	403,379	285	295
1166	527,495	193,128	439,403	128,133	384	207
1167	339,340	519,459	271,274	380,424	235	294
1168	497,371	407,344	375,368	314,269	265	273
1169	491,368	356,229	374,368	224,259	265	230
1170	377,314	359,232	250,290	224,257	273	230
1171	227,203	442,358	159,155	294,283	230	239
1172	346,258	470,446	258,257	336,312	239	256
1173	574,419	324,283	376,384	273,292	256	303
1174	574,417	353,236	372,384	252,211	256	236
1175	530,418	353,237	400,438	252,210	311	236
1179	37,33	87,50	49,34	44,57	271	331
1180	38,32	55,44	49,36	42,39	271	331
1181	3539,2876	1551,1325	2887,2762	1159,1321	457	226
1182	26,22	27,31	28,16	21,31	229	256
1183	17,15	18,31	16,18	21,27	234	256
1184	26,15	24,12	18,19	10,19	234	229
1185	19,13	22,10	9,15	10,21	270	229
1186	20,12	4,1	7,14	2,2	270	234
1187	21,14	23,26	7,16	15,27	270	234
1188	24,10	1,0	6,16	0,0	218	270
1189	21,10	0,2	6,15	0,2	218	270
1190	25,11	28,23	8,12	36,21	218	270
1191	26,12	0,0	4,8	1,0	416	224
1192	38,48	1547,1180	27,27	875,957	226	240
1193	119,101	38,45	53,72	30,26	261	291
1194	116,100	30,42	52,73	29,26	261	291
1195	116,100	1418,1275	52,73	886,977	261	287
1196	734,621	1015,923	468,418	675,689	240	291
1197	724,611	38,45	460,416	30,26	240	291
1198	722,611	30,42	458,417	29,26	240	291
1199	722,611	1418,1275	458,417	886,977	240	287
1200	30,42	1418,1275	29,26	886,977	291	287
1201	1995,1513	1420,1275	1140,1224	888,977	291	287
1202	1995,1514	556,452	1139,1222	385,368	291	195
1203	2003,1516	1002,828	1141,1224	598,614	291	274
1204	1995,1513	9,12	1140,1224	13,4	291	274
1205	9,12	1420,1275	13,4	888,977	274	287
1206	1001,892	1425,1278	661,666	888,979	274	287
1207	1083,913	557,450	637,653	386,367	287	195
1208	34,32	2032,1763	30,26	1299,1383	272	195
1209	432,341	1782,1428	230,256	1240,1202	195	307
1210	430,341	267,242	231,256	165,170	195	339
1211	14,14	1708,1371	12,8	1211,1177	195	307
1212	1804,1631	1960,1374	1231,1279	1128,1168	307	339
1213	1805,1630	268,242	1228,1277	165,170	307	339
1214	1826,1462	897,802	1258,1228	574,601	339	245
1215	1818,1457	1858,1405	1255,1225	1097,1101	339	324
1216	994,687	1864,1412	587,630	1100,1104	245	324
1217	1225,890	1563,1201	678,681	949,997	234	278
1218	1214,885	745,571	665,679	466,461	234	222
1219	1708,1340	755,575	1080,1151	479,464	278	222
1220	5,1	1170,1004	1,2	786,792	221	309
1221	8,7	572,534	5,5	411,401	221	244
1222	1064,951	1117,901	710,738	606,606	283	290
1223	1282,847	1076,916	711,624	688,706	290	270
1224	900,724	1186,1009	484,494	762,750	270	254
1225	1011,887	1242,1129	638,671	758,867	254	246
1227	1,2	0,0	3,0	23,0	267	267
1228	6,0	13,14	5,7	8,8	195	240
1229	6,0	25,20	5,7	13,9	195	278
1230	24,25	83,52	13,12	79,70	180	290
1231	106,69	128,97	82,69	69,88	290	291
1232	72,49	159,157	75,59	109,122	291	345
1233	179,144	172,168	97,112	135,129	345	369
1234	177,144	87,100	104,137	111,64	279	235
1235	174,140	161,94	102,131	95,86	279	218
1236	120,82	20,9	91,77	13,5	180	300
1237	33,46	6,0	54,41	0,1	263	272
1238	9,1	384,275	2,0	261,218	263	272
1239	38,45	383,275	54,41	261,218	263	272
1240	148,162	160,138	153,141	134,136	326	273
1241	413,336	296,377	269,257	281,245	324	322
1242	283,297	192,146	287,246	163,115	265	226
1243	35,34	137,106	34,45	84,87	228	234
1244	914,671	4,0	735,752	1,2	491	176
1245	166,130	255,212	91,114	213,222	226	284
1246	58,48	94,111	36,44	77,72	238	247
1247	95,107	176,144	85,70	118,147	247	278
1248	593,533	682,530	445,446	467,467	296	244
1249	426,399	682,530	328,323	467,467	258	244
1251	417,368	1874,1553	369,322	1532,1418	262	314
1252	3,3	47,42	4,7	58,46	264	344
1253	4,0	2281,1963	4,0	1768,1679	262	285
1254	974,813	2288,1972	723,618	1771,1682	282	285
1255	1,0	14894,13187	0,0	12965,10441	212	359
1256	3,0	9640,8549	0,0	8042,6747	212	359
1257	3,0	1859,2148	0,0	2175,1684	212	278
1258	9640,8549	1859,2148	8042,6747	2175,1684	359	278
1259	3211,2783	1834,2124	2806,2186	2156,1666	359	278
1260	27,24	733,835	18,20	841,719	278	248
1261	5116,4480	676,747	4731,3561	777,688	278	248
1262	59,67	235,236	42,35	203,138	245	632
1263	330,331	93,92	263,195	67,49	632	276
1264	237,232	132,125	234,156	129,84	671	299
1265	1,2	34,20	2,2	13,8	235	279
1266	10,3	28,34	7,8	16,22	342	188
1267	12,13	11,10	5,10	14,9	241	276
1268	55,43	33,19	86,60	56,28	313	286
1269	0,0	33,19	0,1	56,28	269	286
1270	285,351	467,558	332,253	439,451	251	402
1271	222,297	661,591	267,208	404,359	402	291
1272	50,130	9,25	148,94	30,23	428	290
1273	5249,4418	3630,3442	3937,3150	3440,2552	272	336
1274	280,248	466,392	203,172	331,307	239	278
1276	1,2	57,46	2,1	53,47	234	225
1277	1,2	0,0	2,1	2,0	234	276
1278	1,1	57,46	0,1	53,47	230	225
1279	65,87	8,9	83,46	9,2	257	214
1280	136,171	86,106	139,96	113,73	322	346
1281	30,27	33,31	31,21	16,22	229	276
1282	2,0	16,2	0,0	3,4	209	276
1283	36,22	25,16	16,33	8,24	276	278
1284	41,36	80,46	19,27	45,51	272	341
1285	114,115	308,334	123,134	327,298	306	415
1286	1,4	38,70	4,1	60,66	224	310
1287	1,4	240,248	4,1	198,190	224	306
1288	0,2	240,248	0,2	198,190	256	306
1290	20,12	19,15	18,11	17,7	280	423
1291	20,12	29,19	18,11	14,22	280	260
1292	32,24	29,19	41,21	14,22	328	260
1293	20,12	63,51	18,11	43,37	280	357
1294	32,24	63,51	41,21	43,37	328	357
1295	0,1	0,2	2,0	1,0	294	238
1296	36,27	56,81	35,32	51,59	535	227
1297	29,24	55,81	33,29	52,59	535	227
1298	97,100	36,30	69,58	51,27	259	237
1299	39,53	80,101	54,34	63,63	242	246
1300	476,407	1206,1092	411,256	998,788	213	292
1301	475,405	630,581	411,252	483,404	213	237
1302	476,403	11,10	413,257	7,18	213	292
1303	1023,830	631,584	875,558	485,408	292	237
1304	1032,839	1368,1177	881,574	1034,874	292	265
1305	924,790	1370,1175	704,577	1032,876	237	265
1306	221,245	9,7	221,186	12,3	292	236
1307	221,245	9,8	220,186	12,3	292	236
1308	14,15	9,7	18,8	12,3	289	236
1309	14,15	9,8	17,8	12,3	289	236
1310	111,106	68,54	94,87	73,44	236	422
1311	158,167	68,56	125,88	72,44	241	422
1312	138,151	68,56	121,74	72,44	290	422
1313	7,3	150,166	2,6	149,139	263	207
1314	24,38	147,160	23,21	147,137	263	207
1315	9,7	5,9	10,7	11,5	288	328
1316	664,627	230,199	528,446	194,140	329	211
1317	138,142	180,147	131,116	113,85	216	464
1318	138,139	126,87	129,115	83,57	216	329
1319	138,142	621,528	131,116	467,355	216	329
1320	42,41	621,528	45,39	467,355	307	329
1321	1,1	306,306	0,0	250,234	243	216
1322	1,0	306,307	0,2	249,234	243	216
1323	1,0	306,306	0,0	250,234	256	216
1326	209,197	2,0	205,174	0,0	214	252
1327	32,11	28,32	18,13	16,27	222	241
1328	7,0	306,244	0,2	239,201	241	1283
1329	23,18	308,244	15,21	238,199	241	1283
1330	14,15	44,40	7,2	66,37	205	291
1331	98,74	0,0	88,70	1,0	216	245
1332	98,74	254,221	88,70	233,175	216	256
1333	530,439	342,301	420,332	298,277	269	279
1337	16,41	11,7	45,18	9,5	311	208
1338	11,25	5,16	38,33	6,9	429	224
1339	1,4	353,369	2,4	315,215	224	350
1340	10,21	45,43	24,13	36,25	621	299
1341	0,6	45,43	7,3	36,25	562	299
1342	0,7	45,43	4,2	36,25	444	299
1343	16,15	19,18	18,14	21,19	299	244
1344	180,182	466,434	138,179	344,293	292	358
1345	417,381	181,167	316,315	153,123	358	276
1346	0,3	0,0	8,0	4,2	323	447
1347	1,2	1064,836	3,4	754,731	261	323
1348	5,1	1065,836	3,1	753,731	261	323
1349	909,732	904,754	663,622	620,700	323	292
1350	2,0	8,11	0,0	4,9	242	344
1351	556,455	812,676	462,376	705,586	255	294
1352	31,18	1524,1278	11,23	1287,1112	307	294
1353	12,8	492,424	6,11	380,399	294	219
1356	121,113	114,147	90,99	149,107	248	447
1357	121,113	291,316	90,99	306,260	248	417
1358	0,0	1018,850	1,2	763,680	180	293
1361	301,322	11,8	334,271	8,6	1427	224
1362	4,3	153,138	4,0	132,98	271	217
1363	62,56	29,38	63,60	39,22	281	217
1364	80,72	0,16	67,83	7,1	284	249
1365	86,79	59,48	73,63	49,41	245	284
1366	105,101	77,115	83,65	97,58	266	273
1367	179,133	77,115	133,105	97,58	266	273
1368	354,310	124,112	315,240	116,91	269	300
1369	636,556	952,882	512,427	768,691	235	270
1370	550,549	989,905	413,374	776,640	245	285
1371	0,2	21,14	4,0	26,22	198	276
1372	3986,3903	42,40	3085,2930	24,26	2981	203
1373	104,80	136,134	64,73	140,107	260	308
1374	13,6	20,18	12,12	4,11	428	428
1375	105,97	176,160	63,62	95,125	428	404
1376	118,122	169,161	74,103	99,111	428	428
1377	66,64	237,208	33,44	109,153	334	515
1384	2,0	2,4	0,0	3,0	227	500
1385	1,0	4,0	0,0	0,1	227	256
1386	8,4	2,0	2,3	1,0	351	295
1387	255,218	383,389	192,154	369,293	337	247
1390	4,6	0,1	6,2	0,0	345	238
1391	11,15	1,2	1,4	2,0	284	263
1392	11,15	2,0	1,4	3,4	284	267
1393	3,3	52,75	1,0	49,67	264	875
1394	10432,10229	41,40	10589,7487	29,30	333	204
1401	439,398	1,2	451,303	0,0	258	242
1402	175,174	229,214	147,125	206,178	356	291
1403	1432,1318	705,603	1102,972	559,486	303	223
1404	1429,1319	1367,1243	1101,968	1003,935	303	289
1405	1430,1319	1160,983	1101,968	793,819	303	249
1406	1431,1317	12,5	1101,968	1,4	303	289
1407	1431,1317	1104,1062	1101,968	821,808	303	262
1408	752,713	1360,1241	653,506	1003,936	223	289
1409	747,711	5,3	653,505	1,5	223	289
1410	747,711	1103,1064	653,505	821,808	223	262
1411	12,5	1104,1062	1,4	821,808	289	262
1412	5,3	1103,1064	1,5	821,808	289	262
1413	1763,1469	1226,1303	1234,1190	1309,876	318	434
1414	83,84	747,521	94,59	457,389	269	286
1415	491,350	462,287	344,264	301,247	286	217
1416	16,14	202,188	10,7	129,125	212	304
1417	35,31	893,679	26,29	579,529	244	322
1418	33,33	51,24	61,29	24,31	302	220
1419	0,0	58,36	1,0	38,35	201	237
1420	49,39	13,11	27,26	14,15	228	192
1421	19,22	3,1	31,16	1,2	300	171
1422	31,32	3,1	32,27	1,2	181	171
1423	31,32	92,81	32,27	108,77	181	208
1424	3,1	92,81	1,2	108,77	171	208
1425	38,38	2,0	33,38	2,1	171	269
1426	1,0	395,308	1,0	293,314	208	269
1427	67,59	412,315	79,53	302,322	208	269
1428	233,248	187,210	183,158	157,113	259	236
1429	53,62	31,49	61,67	33,32	273	233
1430	33,29	120,80	22,19	90,62	195	259
1431	631,499	3831,3062	403,370	2672,2275	271	351
1432	1199,1090	1315,1104	872,728	915,899	269	236
1433	2916,2465	84,63	2163,1779	79,94	235	235
1434	1242,1445	20,6	1416,995	16,13	230	215
1435	1068,911	7,11	877,645	10,4	224	216
1436	872,717	155,139	660,542	161,161	216	275
1438	106,99	188,192	86,58	194,138	207	305
1439	181,144	141,174	155,111	97,126	324	253
1440	79,127	71,65	90,116	93,43	371	315
1441	37,31	16,9	26,21	16,9	238	245
1442	1,0	16,9	2,0	16,9	207	245
1443	10,7	0,2	6,7	2,2	314	314
1444	3,3	143,131	5,1	87,115	219	276
1445	3,3	88,80	5,1	52,64	219	234
1446	15,21	5,7	4,10	4,5	313	229
1448	2,2	0,1	1,1	2,0	265	288
1449	18,7	22,17	10,11	22,17	246	235
1450	11,3	12,3	4,6	8,9	235	293
1451	46,30	32,33	34,35	28,29	212	207
1452	46,33	117,116	33,39	98,70	207	320
1454	118,84	0,2	87,53	1,0	271	225
1455	51,51	10,4	57,53	3,2	225	272
1456	42,44	127,113	51,43	110,75	213	272
1457	123,104	65,90	102,64	72,52	272	283
1458	1162,868	469,466	809,712	378,321	368	272
1459	363,424	266,280	319,269	232,196	288	269
1460	68,65	9,16	51,43	12,15	200	179
1461	37,43	27,40	25,33	46,37	179	235
1462	26,32	82,115	18,25	78,70	179	316
1463	331,268	2,7	256,193	8,5	234	224
1464	187,155	11,21	169,97	43,39	224	304
1466	1260,1220	541,615	1123,1063	566,571	339	187
1467	2,1	0,4	3,3	2,2	296	279
1468	1201,990	994,826	927,844	879,781	194	203
1470	1171,864	718,892	820,757	852,722	203	210
1471	2259,2226	2342,2059	2253,1953	2013,1872	302	279
1472	2259,2226	0,7	2256,1954	4,5	302	279
1473	2512,2031	857,773	2028,1850	793,690	279	226
1474	1565,1289	2452,1897	1339,1213	1895,1700	226	278
1475	1878,1733	1505,1253	1669,1518	1162,1111	278	225
1476	1065,803	1226,1024	818,740	1014,884	225	216
1477	44,39	53,48	42,44	19,34	308	247
1478	428,406	26,8	314,281	19,13	1183	315
1479	197,194	82,69	137,126	78,76	211	194
1480	2,0	81,69	1,0	78,73	211	194
1481	160,148	178,149	146,102	133,135	197	211
1482	0,0	170,158	1,0	114,106	213	197
1483	24,64	188,268	60,46	295,224	288	364
1484	243,235	193,157	186,171	159,130	337	269
1485	189,148	61,43	165,172	28,33	274	316
1486	191,151	236,218	166,172	160,170	274	316
1487	110,123	137,147	80,87	108,95	227	274
1488	92,125	100,104	83,98	93,106	225	227
1489	220,200	123,85	164,118	100,94	278	225
1490	61,53	4,8	49,33	6,2	265	278
1491	62,54	173,217	51,33	140,159	265	278
1492	32,20	39,39	13,13	24,31	239	319
1493	39,49	39,38	30,29	23,31	291	319
1494	39,49	16,13	33,29	7,15	291	239
1495	1546,1280	68,62	1028,1073	62,63	2278	267
1496	109,82	115,128	61,61	74,91	267	264
1498	1,1	83,60	0,0	78,69	198	227
1502	1,2	8,10	0,2	4,10	276	730
1503	5,1	4,2	1,2	3,3	482	595
1504	5,1	5,2	1,2	14,2	482	475
1506	36,32	0,5	22,26	0,0	293	275
1507	3,5	0,0	0,0	2,0	327	267
1508	31,15	21,14	25,16	18,11	276	248
1509	9,10	0,0	17,9	0,2	276	192
1511	2,0	0,0	0,0	0,3	272	291
1513	2,0	2,0	0,0	0,3	272	291
1515	35,28	5,17	31,29	3,4	245	258
1516	55,81	2,3	49,35	0,0	276	245
1517	55,80	13,13	49,35	6,4	276	245
1518	113,142	125,132	121,92	104,95	260	275
1519	539,550	425,479	415,404	430,321	228	221
1520	1,5	425,479	0,0	430,321	385	221
1521	539,550	0,1	415,404	2,0	228	241
1522	5,1	54,72	8,3	75,42	281	239
1523	135,107	137,107	114,123	117,140	239	281
1524	100,114	250,251	104,95	268,215	281	317
1525	200,157	339,272	174,171	290,212	317	429
1526	7,14	35,44	11,17	43,27	214	260
1527	4,10	26,21	13,7	21,22	262	214
1528	49,46	92,92	55,47	68,75	211	286
1529	6,9	88,92	7,11	68,77	211	286
1530	346,261	64,59	273,265	60,47	628	211
1531	179,190	355,320	143,142	280,266	261	628
1532	465,422	101,70	354,371	96,94	637	261
1533	192,129	499,528	113,102	429,436	270	637
1534	162,130	224,239	124,105	239,183	231	311
1535	1,3	432,440	1,0	491,376	238	322
1536	0,1	15,31	0,1	27,21	311	343
1537	25,11	26,19	23,15	19,15	268	274
1538	25,32	35,26	26,11	22,16	377	268
1539	620,478	720,593	545,528	638,544	224	242
1540	523,505	928,795	473,434	860,794	242	302
1541	206,175	197,179	138,149	144,171	268	249
1542	4,1	36,68	13,10	79,64	222	293
1543	7,7	47,40	5,2	33,25	202	315
1544	7,7	17,12	5,2	5,12	202	291
1545	0,2	6,6	0,1	0,0	247	280
1546	3,1	22,30	1,0	17,13	191	202
1548	7,3	34,32	1,2	21,14	202	315
1550	7,3	3,1	1,2	0,0	202	291
1552	52,68	225,148	43,35	145,183	202	240
1553	2,5	143,111	4,8	106,101	191	202
1554	235,178	400,350	151,123	277,279	275	395
1555	156,142	211,174	139,122	147,130	287	275
1556	121,79	89,76	78,68	88,67	210	210
1557	68,76	11,9	45,41	6,4	207	317
1558	22,9	0,2	14,15	0,0	294	294
1559	19,27	329,515	32,10	610,336	320	653
1560	15,28	331,519	25,12	612,342	320	653
1561	5,7	165,164	3,5	155,116	222	2287
1562	1386,1342	1141,1032	1175,934	876,735	1206	291
1563	1390,1416	1139,1025	1107,992	875,728	603	291
1564	646,699	1138,1026	578,466	875,728	603	291
1565	175,161	1138,1026	93,115	875,728	230	291
1566	1033,940	1139,1025	687,661	878,728	717	291
1567	1390,1416	1736,1636	1107,992	1518,1265	603	1846
1568	1033,940	1739,1636	687,661	1520,1265	717	1846
1569	646,699	2736,2657	578,466	2461,2033	603	2794
1570	175,161	2736,2657	93,115	2461,2033	230	2794
1571	1390,1416	2742,2664	1107,992	2468,2043	603	3300
1572	1033,940	2741,2665	687,661	2468,2043	717	3300
1573	450,434	131,89	350,244	84,95	258	223
1574	1026,932	240,246	684,660	248,207	717	930
1575	1026,932	453,434	684,660	352,244	717	258
1576	158,148	225,192	90,108	171,118	230	213
1577	27,15	540,461	9,18	357,255	230	246
1578	159,148	541,459	90,108	357,256	230	246
1579	175,161	646,699	93,115	578,466	230	603
1580	18,18	646,703	16,14	580,470	230	603
1581	1494,1329	646,703	1184,1111	580,470	390	603
1582	564,532	646,703	448,442	580,470	212	603
1583	607,551	646,703	472,454	580,470	207	603
1584	553,524	1647,1595	446,437	1331,1002	212	603
1585	535,509	1647,1595	425,427	1331,1002	207	603
1586	564,532	18,18	448,442	16,14	212	230
1587	607,551	18,18	472,454	16,14	207	230
1588	534,509	10,10	425,426	13,13	207	230
1589	553,525	389,390	446,437	276,268	212	230
1590	535,509	389,390	425,426	276,268	207	230
1591	404,413	379,379	260,232	268,251	182	230
1592	339,292	280,233	295,239	188,191	280	245
1593	63,56	196,226	54,57	219,131	202	737
1594	374,333	54,100	305,255	150,81	260	519
1595	377,336	0,1	304,252	5,1	260	202
1596	371,476	602,464	431,290	334,365	359	349
1597	443,412	320,341	342,310	261,219	278	359
1598	448,405	667,528	308,281	492,426	287	285
1599	437,402	276,291	359,293	282,194	297	247
1600	713,776	393,353	537,502	308,261	454	297
1601	97,172	152,183	180,114	180,162	334	282
1602	156,228	23,42	199,130	45,30	335	263
1603	146,159	409,506	125,126	416,374	272	383
1604	459,402	229,200	380,340	242,233	284	264
1610	23,43	302,351	73,24	317,202	262	231
1611	691,692	378,427	622,487	380,257	330	262
1612	81,61	665,553	66,43	518,419	237	467
1613	45,37	663,549	29,23	516,419	237	467
1614	4,15	570,514	27,33	458,417	450	301
1615	403,337	392,378	288,262	274,243	248	232
1616	124,104	1015,923	59,75	675,689	261	291
1617	968,759	610,576	599,559	394,445	246	222
1618	707,633	601,442	458,487	365,401	222	363
1619	708,634	603,449	458,488	370,416	222	363
1620	707,637	593,438	458,487	367,401	222	363
1621	2310,2003	165,132	1430,1630	120,80	363	228
1622	2302,1992	6751,6633	1425,1615	5824,5310	363	225
1623	2302,1992	6500,6371	1425,1615	5571,5095	363	221
1625	11,10	11442,9454	7,10	9235,8102	225	317
1626	5,6	11442,9454	3,5	9235,8102	221	317
1629	84,64	137,159	61,55	137,102	212	257
1630	244,314	2,1	213,207	3,1	337	252
1631	131,145	156,136	123,103	109,110	292	273
1632	197,180	318,323	158,99	295,221	268	242
1633	333,287	372,372	274,184	343,287	237	273
1634	343,409	4487,3955	396,278	4024,3236	261	303
1635	73,80	80,64	71,80	86,73	217	264
1636	147,152	4,6	111,129	1,5	264	294
1637	1,0	0,1	0,1	3,0	221	243
1638	160,162	130,120	114,106	106,96	222	200
1639	818,623	774,653	523,454	592,530	298	257
1640	226,180	11,15	187,141	8,23	236	255
1641	16,8	2,1	4,3	0,2	207	295
1642	30,22	3,0	6,16	0,1	276	207
1643	615,463	16,8	415,429	10,9	1116	245
1644	3,0	97,60	4,4	37,59	236	730
1645	444,453	1129,931	331,356	779,677	271	300
1646	441,441	1158,1008	331,351	793,788	271	313
1647	2,0	1158,1008	1,0	793,788	262	313
1648	211,292	2,0	283,204	1,0	412	258
1649	211,292	2,4	283,204	0,0	412	255
1650	312,386	2,0	393,247	1,0	403	258
1651	312,386	2,4	393,247	0,0	403	255
1652	341,284	275,324	256,219	270,168	258	282
1653	114,119	275,324	108,90	270,168	255	282
1654	224,240	108,141	192,144	133,90	266	316
1655	159,141	164,168	127,108	147,99	237	266
1656	66,100	145,172	81,73	149,121	236	237
1657	139,194	179,176	195,153	141,98	310	289
1658	487,445	15,9	442,334	15,1	288	265
1659	172,142	15,9	161,140	15,1	243	265
1660	2423,2177	2091,1726	1624,1668	1414,1282	379	327
1661	1648,1448	1118,1092	1164,865	817,854	327	297
1662	1934,1672	702,694	1324,1245	534,535	297	241
1663	530,601	1043,925	530,414	827,838	261	247
1664	1458,1283	1875,1727	1128,1073	1486,1250	260	349
1665	3141,2889	1737,1497	2426,2317	1369,1100	1123	275
1666	1745,1543	869,783	1280,1073	682,491	349	317
1667	1753,1546	941,966	1277,1073	769,627	349	317
1668	1740,1536	1803,1543	1273,1065	1434,1132	349	287
1669	1740,1536	1738,1495	1273,1065	1369,1100	349	275
1670	193,163	694,622	179,151	563,556	223	234
1671	8,6	586,459	3,2	389,410	234	234
1672	638,517	585,457	447,455	383,401	234	234
1673	431,308	840,731	316,299	668,585	210	273
1674	680,636	500,530	535,529	601,447	249	412
1675	597,522	995,847	552,446	866,741	253	234
1676	542,558	995,847	536,517	865,741	223	234
1677	643,522	995,847	603,536	865,748	220	234
1678	30,12	995,847	21,9	865,748	238	234
1679	0,1	73,46	0,0	44,42	242	204
1680	120,110	73,46	98,92	44,42	258	204
1681	58,74	191,148	59,38	133,119	255	258
1682	161,156	215,250	129,127	160,177	280	228
1683	2,6	250,216	3,2	208,152	267	260
1684	5,8	197,246	4,4	228,141	261	277
1685	60,81	63,98	84,51	118,57	237	277
1686	85,129	309,332	127,91	277,253	362	297
1687	86,131	213,211	126,91	142,114	362	273
1688	285,290	28,9	318,243	9,6	362	270
1689	389,513	20,30	486,444	63,51	619	341
1690	7,14	18,17	22,9	17,16	256	237
1691	4,10	4,9	25,12	13,12	300	201
1692	6,25	181,229	23,24	268,171	201	267
1693	54,91	501,515	113,99	506,383	267	256
1695	28,36	403,394	60,29	307,252	228	314
1696	48,30	36,35	33,36	16,31	276	230
1697	24,29	75,68	21,33	43,48	241	276
1698	3,1	5,6	1,1	3,14	211	310
1699	18,19	91,98	19,24	72,89	245	799
1700	18,19	20,13	19,24	20,27	245	238
1701	0,0	242,235	10,8	158,196	325	216
1703	16,18	215,249	18,21	213,162	266	355
1704	16,18	262,294	18,21	229,214	266	323
1705	16,18	141,192	18,21	141,112	266	289
1706	174,152	245,226	135,129	226,220	242	278
1707	216,225	163,151	175,198	173,119	278	256
1708	216,220	182,162	172,197	171,143	278	306
1709	205,193	183,165	183,170	174,144	256	306
1710	156,138	874,806	109,104	638,579	207	353
1711	424,370	871,805	338,349	638,577	258	353
1712	256,209	158,168	183,180	122,126	214	207
1713	318,386	196,203	251,310	184,168	294	214
1714	493,470	643,559	441,346	480,407	362	311
1715	266,272	307,294	217,251	251,272	263	258
1716	11,35	337,305	41,24	245,248	294	263
1717	143,111	91,85	111,95	73,44	243	204
1718	78,65	76,75	72,62	69,45	204	223
1719	117,100	1324,1022	76,72	887,928	207	2231
1720	129,105	58,47	75,82	31,26	242	207
1721	95,75	68,77	49,58	69,52	217	242
1722	240,207	155,154	170,123	103,107	237	221
1723	153,165	49,40	109,115	31,28	258	249
1724	95,89	159,176	64,60	137,123	330	232
1726	63,63	1,10	42,26	6,14	195	280
1727	0,2	20,27	1,0	20,27	271	347
1728	50,70	14,20	71,58	10,17	641	249
1729	2,9	2,14	7,8	8,10	230	273
1730	154,145	29,49	129,114	32,24	198	176
1731	12,3	5,7	6,9	4,5	224	169
1732	10,21	74,77	16,18	60,48	276	330
1733	26,10	42,37	13,22	28,34	276	321
1734	41,50	186,194	49,52	180,98	187	239
1735	2,0	111,90	1,1	92,70	212	187
1736	10,18	562,509	8,10	448,395	253	289
1737	570,503	562,509	413,331	448,395	279	289
1738	534,456	604,465	382,316	444,329	257	279
1739	469,381	383,354	346,274	285,248	230	257
1740	198,153	345,287	164,133	247,177	230	230
1741	346,338	225,239	273,260	240,151	229	223
1742	212,254	275,251	189,133	219,152	247	229
1743	50,74	23,16	81,45	33,26	601	190
1744	172,180	87,120	164,154	112,79	306	251
1746	763,731	446,420	745,570	466,311	385	373
1747	763,731	503,501	745,570	566,369	385	376
1748	119,158	2,4	177,114	3,2	223	308
1749	24,34	73,80	64,32	89,49	222	223
1750	75,78	79,72	78,56	101,75	240	327
1751	290,326	6,1	275,282	6,9	324	265
1752	397,399	588,511	328,306	469,335	262	298
1753	371,275	1640,1412	272,177	1280,1144	225	322
1754	364,271	196,211	273,177	218,156	225	296
1755	364,271	421,417	273,177	378,307	225	552
1756	370,273	137,125	272,179	116,115	225	183
1759	28,35	137,126	28,16	116,116	298	183
1760	150,162	89,73	171,152	52,77	300	240
1761	57,57	18,15	66,40	29,20	312	316
1762	10,16	24,21	19,6	15,11	290	205
1763	9,9	34,28	16,7	27,15	205	282
1765	5,13	445,363	9,10	322,278	224	1084
1767	85,66	138,124	53,58	109,100	212	247
1768	22,9	10,11	17,6	7,10	299	226
1773	20,15	47,49	22,18	37,28	195	230
1774	72,77	36,28	49,48	21,29	273	195
1780	28,36	0,2	34,30	2,0	173	370
1781	68,44	44,30	44,48	19,33	273	229
1782	74,54	25,28	41,74	17,18	249	232
1783	66,40	119,76	33,57	62,46	249	288
1784	31,40	66,72	19,24	45,45	232	232
1786	101,117	95,70	119,90	67,61	252	252
1787	74,51	131,110	31,36	86,107	228	332
1788	35,32	41,30	23,21	31,39	190	209
1789	74,60	38,35	72,63	32,33	256	189
1790	74,60	66,63	72,63	48,67	256	274
1791	44,29	19,12	42,41	20,31	275	226
1794	62,39	50,51	45,23	53,42	271	328
1795	56,44	34,15	21,45	16,16	300	246
1796	62,44	3,2	21,45	4,2	300	246
1797	121,47	0,3	47,43	0,1	224	265
1798	274,236	95,122	214,259	152,108	233	280
1799	276,236	316,284	214,259	254,221	233	288
1800	263,195	491,389	182,183	346,345	193	306
1801	191,186	1002,711	163,172	618,590	238	358
1802	292,206	119,71	189,178	78,74	263	211
1803	287,202	187,188	184,172	140,137	263	248
1804	300,240	149,153	163,164	109,106	247	248
1805	5,3	149,153	2,4	109,106	263	248
1806	1134,958	1378,1078	803,800	800,911	349	285
1807	263,189	2,1	161,160	0,1	232	228
1808	335,311	181,143	240,268	142,144	314	209
1827	645,537	667,529	413,537	526,483	287	327
1828	24,12	879,683	13,12	551,592	273	240
1829	655,549	314,238	422,555	226,213	287	240
1830	314,273	550,418	231,265	316,350	309	287
1832	54,77	6,15	48,29	14,11	250	273
1833	53,44	26,10	34,35	10,12	473	315
1834	0,0	1,1	3,0	0,0	199	300
1835	9,14	1,1	4,2	0,0	276	300
1837	1,1	1,1	1,0	1,0	199	217
1838	0,0	1,2	3,0	5,1	199	278
1839	9,14	1,2	4,2	5,1	276	278
1840	9,14	0,0	4,2	3,0	276	199
1842	11,6	0,0	9,22	3,0	281	199
1845	11,6	9,14	9,22	4,2	281	276
1846	0,3	41,33	0,2	31,18	447	374
1849	232,195	165,130	216,169	107,137	285	284
1850	288,239	213,156	183,167	141,196	284	273
1851	3,4	112,81	4,4	89,128	273	215
1852	2679,2392	2549,2198	2148,2266	2037,1960	257	294
1853	386,545	4432,3953	639,441	3363,3280	228	323
1854	386,545	0,0	639,441	2,0	228	257
1855	39,55	82,79	46,37	86,55	248	246
1856	27,30	13,12	29,20	16,5	227	184
1857	9,10	4,0	5,11	2,2	390	301
1866	103,87	79,74	72,43	39,34	236	245
1869	0,1	6,5	0,0	10,4	268	340
1870	6,7	6,5	9,3	10,4	248	340
1871	0,1	0,0	0,1	4,6	571	291
1872	11,6	0,0	15,3	4,6	248	291
1873	11,6	0,1	15,3	0,1	248	571
1874	5,0	6,5	2,3	3,4	335	277
1875	6,7	0,1	9,3	0,0	248	268
1877	1,0	6,0	0,0	2,3	257	335
1884	0,0	6,6	1,0	3,1	297	236
1885	59,37	132,184	25,31	115,121	266	611
1886	58,37	73,86	25,31	34,43	266	312
1887	297,246	19,29	233,257	12,26	227	344
1888	100,90	4,6	101,102	6,6	227	214
1889	100,90	233,189	101,102	169,165	227	290
1890	99,91	4,8	102,102	11,7	227	214
1891	4,6	233,189	6,6	169,165	214	290
1892	124,120	233,189	108,110	171,166	216	290
1893	124,120	182,146	97,113	138,136	216	245
1894	3,0	240,201	0,2	187,199	290	299
1895	249,185	245,210	142,152	192,205	281	299
1896	84,69	0,0	63,65	3,3	219	245
1897	97,87	98,120	60,70	127,120	207	222
1898	96,85	243,200	64,68	153,208	222	271
1899	96,85	104,102	64,68	62,94	222	219
1900	319,213	207,207	217,263	172,165	271	283
1901	0,2	207,207	0,3	172,165	219	283
1902	0,0	380,291	0,2	217,273	172	349
1903	329,260	323,268	251,242	185,221	267	330
1908	154,109	433,412	93,94	289,319	371	386
1909	377,327	433,412	252,288	289,319	374	386
1910	210,156	298,279	140,130	187,205	284	335
1911	116,90	19,16	70,92	16,5	767	285
1913	105,56	62,77	51,43	58,60	212	235
1914	62,36	93,95	45,47	67,83	257	273
1915	1,9	11,10	4,2	10,4	247	294
1916	4,6	15,16	5,7	17,4	263	259
1917	4,6	16,16	3,4	16,4	263	259
1918	6,13	10,18	9,12	9,27	317	346
1919	278,165	255,232	142,147	154,172	256	300
1920	527,416	181,134	344,414	101,119	396	256
1921	199,191	127,105	133,168	93,95	309	238
1922	143,144	311,233	90,112	225,197	287	325
1923	134,118	315,232	83,91	225,198	250	325
1924	134,121	207,179	82,91	132,136	250	287
1925	80,69	103,96	66,79	67,81	231	250
1926	32,39	39,24	21,31	27,18	264	323
1927	41,55	39,19	35,28	14,30	323	256
1928	21,15	62,50	15,15	31,35	256	287
1929	50,24	14,19	18,37	9,16	287	214
1930	34,28	17,17	15,14	15,11	211	211
1931	21,21	8,5	11,12	1,3	240	240
1932	4,1	36,25	4,0	13,19	180	222
1935	72,43	60,50	27,40	43,51	274	247
1936	0,2	95,61	6,2	53,49	247	287
1937	35,35	96,63	30,28	52,52	247	287
1938	28,26	23,31	15,16	32,14	214	359
1939	17,26	29,21	21,23	30,33	359	276
1940	3,0	24,27	1,0	22,32	276	280
1941	14,17	24,27	17,7	21,32	276	280
1942	139,154	363,278	140,150	253,258	284	331
1943	139,155	250,189	139,150	189,207	284	302
1944	143,156	143,122	140,154	121,121	284	259
1945	143,156	311,294	140,154	249,237	284	359
1946	2,4	8,6	3,5	5,4	239	218
1947	301,323	2,0	273,293	2,0	284	239
1948	4,1	7,3	2,10	0,2	328	317
1951	830,682	739,518	542,560	430,512	350	344
1952	601,489	902,663	433,365	528,550	265	350
1953	544,378	311,255	408,284	234,222	260	265
1954	635,541	638,516	504,459	437,384	275	260
1955	749,576	806,678	544,499	662,506	287	303
1956	16,8	797,653	8,8	653,500	274	303
1957	150,128	419,332	110,134	285,266	227	256
1958	83,66	170,120	59,39	131,115	195	258
1966	136,133	22,16	117,102	13,5	236	300
1967	136,133	1558,1193	117,102	1200,1114	236	354
1968	107,119	133,105	105,88	93,104	236	209
1969	22,16	1558,1193	13,5	1200,1114	300	354
1970	32,36	2384,1865	18,24	1779,1764	300	354
1973	755,665	916,807	587,559	648,705	302	230
1974	2538,2048	113,116	1701,1838	70,71	230	284
1975	928,734	1920,1553	602,635	1408,1489	230	323
1976	963,864	358,308	715,718	219,252	499	311
1977	2819,2414	49,41	1743,1899	38,27	4870	248
1978	82,83	99,69	60,47	61,82	248	293
1979	78,67	61,65	65,42	42,41	293	245
1980	1640,1285	10,26	1278,1343	8,16	318	272
1981	1633,1275	289,217	1274,1340	207,270	318	226
1982	1640,1285	497,397	1278,1343	440,429	318	259
1983	1345,911	294,224	891,868	210,269	259	226
1984	1359,918	294,224	900,875	210,269	272	226
1985	7,11	291,302	5,10	221,195	181	1683
1987	37,25	318,277	35,28	229,269	210	288
1988	183,120	198,156	161,99	152,149	288	239
1994	3358,2992	4052,2962	2747,2372	2548,2627	345	311
1995	289,272	59,47	193,174	57,43	495	249
1996	85,51	192,144	51,40	101,128	245	451
1997	53,65	40,38	52,74	35,32	324	256
2004	6,4	9,12	12,3	12,5	278	257
2006	7,9	6,2	15,5	3,2	257	224
2015	302,252	386,293	187,219	253,251	249	248
2016	64,77	81,63	85,76	36,37	279	249
2017	2,4	68,49	4,16	27,31	279	249
2018	40,46	68,49	25,30	27,31	191	249
2019	40,46	2,4	25,30	4,16	191	279
2020	44,52	59,60	30,20	60,47	191	279
2021	106,144	19,21	102,82	24,12	284	191
2022	60,69	89,108	56,49	95,88	237	284
2023	42,36	74,96	25,31	61,53	184	237
2024	8,3	18,24	4,3	24,13	232	184
2025	36,20	18,24	27,35	24,13	346	184
2026	7,6	14,19	10,10	25,13	222	188
2027	250,163	510,450	143,179	405,447	324	251
2028	632,517	1034,891	461,540	831,765	251	325
2029	213,155	508,479	158,145	375,367	182	254
2030	252,225	552,438	186,184	397,413	208	280
2031	385,448	108,101	334,298	99,66	721	213
2032	385,411	108,101	341,296	99,66	526	213
2033	384,447	108,101	339,299	99,66	721	213
2034	385,445	191,168	340,299	162,141	721	300
2035	386,409	191,168	342,296	162,141	526	300
2036	17,15	641,523	18,17	453,431	201	251
2037	351,283	641,523	236,247	453,431	235	251
2038	920,768	317,254	735,656	201,184	340	201
2039	920,768	452,341	735,656	262,254	340	235
2040	255,211	225,173	169,176	172,149	244	340
2041	258,211	769,647	169,175	551,554	244	340
2042	8,7	456,403	1,6	405,355	237	244
2043	62,78	207,188	70,45	137,151	224	251
2044	1644,1583	913,1081	1638,1222	1038,963	301	392
2045	92,187	787,1040	243,126	1010,814	244	284
2046	304,529	768,882	508,471	744,681	339	244
2047	593,596	319,286	555,414	250,178	258	200
2048	577,602	1266,1065	577,379	954,863	249	214
2049	186,406	576,716	347,228	628,482	242	313
2050	1429,1426	148,282	1238,1131	231,165	329	371
2051	137,196	851,952	261,144	910,712	220	329
2052	9,11	581,595	15,10	547,517	263	220
2053	197,187	235,203	141,134	238,171	215	215
2054	241,208	373,294	195,192	285,285	227	215
2055	428,349	77,67	310,254	71,58	194	203
2056	1,1	389,432	2,0	558,375	212	269
2057	349,305	16,23	275,314	12,8	257	213
2058	2,5	15,17	3,3	13,8	257	213
2059	223,186	406,324	189,150	364,326	217	257
2060	3499,3153	3311,2671	2578,2352	2527,1764	254	215
2061	24,22	3313,2671	11,13	2528,1763	287	215
2062	3499,3153	5791,4634	2578,2352	4389,3162	254	271
2063	3499,3153	6091,4840	2578,2352	4620,3362	254	275
2064	16,19	6091,4839	21,7	4620,3362	287	275
2065	3039,3044	6091,4840	3038,2251	4619,3362	356	275
2066	517,489	6091,4840	463,329	4619,3362	315	275
2067	3039,3044	4,0	3038,2251	2,1	356	254
2068	3041,3044	6,3	3039,2250	9,2	356	254
2069	16,19	3587,3086	22,7	2823,2374	287	254
2070	24,22	3594,3079	12,13	2832,2384	287	254
2071	3039,3046	3586,3071	3039,2250	2822,2372	358	254
2072	12,4	211,182	4,9	196,149	317	206
2073	2,7	211,182	7,6	196,149	254	206
2074	296,212	211,182	253,193	196,149	227	206
2075	414,397	353,336	300,290	239,248	245	266
2076	406,385	353,332	302,321	239,245	221	266
2077	559,486	791,743	376,412	591,596	276	310
2078	336,273	789,741	272,260	589,596	236	310
2079	388,273	630,500	266,265	370,438	221	276
2080	336,273	269,268	272,260	216,213	236	221
2081	887,885	267,265	669,635	216,209	329	221
2082	151,121	707,579	127,107	542,540	198	329
2083	12,6	699,706	4,3	509,492	244	273
2084	150,120	699,706	129,108	509,492	198	273
2085	150,120	12,6	129,108	4,3	198	244
2086	853,690	459,406	649,606	326,308	326	244
2087	864,692	145,133	652,604	116,111	326	198
2088	207,171	198,157	150,160	111,99	262	326
2089	205,170	831,699	151,160	573,503	262	326
2090	0,4	563,452	3,4	455,449	230	262
2091	149,122	84,134	156,81	95,82	332	261
2092	44,63	205,174	70,41	163,137	252	332
2093	60,65	74,73	62,40	74,58	347	269
2094	138,116	79,75	94,73	60,45	272	347
2095	54,46	54,51	36,33	47,33	194	272
2096	129,96	52,47	130,95	44,33	269	272
2097	145,111	224,172	76,82	176,140	242	347
2098	121,124	86,103	97,120	89,72	265	242
2099	75,98	85,104	89,59	87,73	232	242
2100	75,93	174,146	91,59	97,100	232	265
2101	97,69	47,41	74,67	39,34	209	203
2103	34,36	44,40	21,30	39,34	304	203
2105	38,34	69,61	21,26	61,50	304	209
2106	103,77	207,167	80,50	179,160	260	304
2107	128,102	138,135	95,66	123,131	260	306
2108	7,6	18,21	5,7	18,18	321	189
2109	1,0	18,26	4,4	19,19	314	255
2110	1,0	60,51	4,4	57,66	314	189
2111	0,1	80,35	0,0	47,47	255	262
2112	7,9	80,35	12,11	47,47	189	262
2113	72,52	20,16	47,42	17,8	262	218
2114	6,0	13,12	5,2	20,16	311	214
2115	68,39	13,12	53,38	20,16	278	214
2116	66,39	12,9	48,36	10,14	278	208
2117	73,107	55,45	97,65	54,29	290	283
2118	53,53	55,45	45,30	54,29	277	283
2119	10,17	104,94	5,3	94,76	255	300
2120	45,37	110,98	30,29	66,59	215	216
2121	229,191	391,390	116,109	345,277	280	743
2122	66,48	106,97	52,24	58,64	217	220
2123	11,12	69,56	5,7	29,30	252	217
2124	177,123	69,56	104,82	29,30	260	217
2125	177,123	11,12	104,82	5,7	260	252
2126	323,318	84,82	195,188	72,48	371	252
2127	283,269	162,102	173,194	90,66	411	260
2128	168,155	162,102	112,101	90,66	371	260
2129	283,269	168,155	173,194	112,101	411	371
2130	27,42	3,0	26,26	1,0	339	227
2131	51,26	108,88	28,33	64,68	227	249
2132	97,77	258,285	78,54	206,225	328	671
2133	95,75	63,55	80,54	47,33	328	298
2134	95,76	237,253	78,54	196,220	328	671
2135	3,1	258,285	1,0	206,225	270	671
2136	1,0	63,55	3,0	47,33	270	298
2137	265,279	46,26	223,220	42,22	671	329
2138	265,279	26,41	223,220	25,16	671	279
2139	9,18	10,8	7,14	8,1	342	319
2140	0,2	25,13	5,0	11,15	319	302
2141	2,14	24,14	14,2	11,15	319	302
2144	21,25	14,15	12,25	15,9	262	297
2145	0,0	60,48	1,0	55,36	196	190
2147	148,129	176,140	110,87	122,139	253	233
2148	59,64	97,74	59,47	85,72	247	307
2149	44,27	172,171	33,24	113,132	310	310
2150	143,126	593,560	129,74	500,386	195	308
2151	156,133	597,560	138,92	508,388	222	308
2152	160,136	230,196	140,94	172,146	222	195
2153	35,29	104,120	31,13	96,67	215	324
2154	2,4	7,11	1,3	8,7	311	263
2155	4,8	1,1	6,2	1,2	263	208
2156	4,18	19,30	4,14	43,12	299	208
2157	96,90	19,30	107,72	43,12	197	208
2158	250,249	80,99	200,188	76,63	352	236
2159	5,3	80,99	5,2	76,63	252	236
2160	117,86	204,143	95,103	173,141	227	235
2161	224,149	235,236	173,124	195,195	243	320
2162	224,149	28,26	173,124	20,32	243	356
2164	755,629	76,118	561,512	112,78	247	168
2165	1174,1069	5,0	953,854	4,0	292	283
2166	1170,1068	2,0	948,856	0,0	292	247
2167	1174,1069	634,683	953,854	598,539	292	247
2168	1629,1307	1,1	1260,1064	0,1	221	319
2169	819,815	129,138	674,579	105,91	372	206
2170	486,401	889,857	381,312	705,600	266	372
2171	0,0	54,49	4,2	35,25	310	271
2175	4,7	2,5	5,4	3,5	258	225
2176	118,93	79,68	75,78	38,52	268	250
2177	18,12	19,14	3,11	14,16	197	261
2180	783,593	338,284	540,494	259,250	338	226
2181	334,279	564,484	246,214	400,424	226	273
2182	526,468	422,349	431,393	291,281	273	238
2183	357,288	382,282	235,227	235,282	238	224
2184	139,128	41,35	116,142	35,33	305	213
2185	68,74	122,112	83,79	104,107	213	268
2186	837,643	371,330	532,622	245,268	324	227
2187	441,369	845,642	309,315	515,576	262	324
2188	712,561	647,560	502,537	498,476	254	299
2189	516,407	522,395	407,399	313,346	257	254
2190	427,352	712,573	313,314	465,484	278	257
2191	3,2	705,573	5,5	465,484	278	257
2192	287,223	160,111	188,263	85,101	447	417
2193	65,60	186,173	51,47	150,155	225	348
2195	5,8	10,2	5,2	5,3	290	252
2196	164,150	46,43	114,113	31,44	345	253
2197	109,114	140,118	79,101	80,89	308	345
2198	73,83	134,126	56,84	101,94	234	308
2199	171,157	74,65	111,112	57,66	352	234
2200	80,58	60,56	38,39	39,31	215	234
2201	82,64	231,186	51,68	146,156	255	343
2202	84,62	225,164	50,68	133,163	255	265
2203	58,37	193,195	23,31	137,160	265	275
2204	60,61	194,194	56,68	137,159	265	275
2205	57,54	162,113	51,65	95,88	265	262
2206	6,4	377,349	0,1	259,310	240	275
2207	172,147	236,193	114,147	151,157	275	343
2208	3,4	231,188	2,3	146,154	275	343
2209	257,246	162,112	172,210	94,89	343	262
2210	106,74	27,23	69,52	18,12	323	250
2211	296,225	11,15	196,215	22,11	2054	230
2212	3,11	11,15	6,10	22,11	290	230
2213	44,41	10,15	37,50	23,11	290	230
2214	88,95	6,12	79,90	3,10	290	266
2215	106,73	303,233	69,55	211,226	323	2054
2216	107,71	44,56	70,53	46,42	323	290
2217	106,73	4,0	69,55	3,4	323	290
2219	23,35	56,49	22,13	31,27	251	411
2220	13,4	71,70	13,15	56,70	207	252
2223	253,187	149,117	148,157	102,99	308	261
2224	86,77	227,188	72,93	191,159	219	317
2225	61,51	241,210	47,45	200,174	193	317
2226	49,45	327,263	30,36	285,226	245	317
2227	49,45	131,97	28,38	115,88	245	317
2228	22,27	186,149	17,25	97,114	317	260
2229	109,84	144,108	98,75	108,105	317	245
2230	108,80	2,3	102,77	1,2	317	245
2231	92,70	186,149	66,95	95,116	317	260
2232	143,136	114,80	133,92	93,88	245	242
2233	137,123	210,166	127,91	112,127	245	260
2234	150,104	193,162	103,108	101,115	242	260
2235	127,84	143,117	81,94	79,117	241	239
2236	110,88	184,118	92,70	113,128	239	319
2237	221,181	166,112	125,182	96,122	319	288
2238	219,180	174,122	124,181	92,111	319	261
2239	141,123	115,110	109,129	84,71	256	215
2240	35,61	35,54	28,36	64,50	311	309
2241	3,0	35,54	0,1	64,50	251	309
2242	118,87	59,72	76,94	41,54	440	371
2243	0,4	25,21	4,1	21,10	237	204
2244	39,24	28,40	7,8	31,28	204	225
2245	3,12	9,3	1,5	1,10	325	264
2246	175,104	253,195	64,84	181,160	274	315
2247	11,23	112,103	23,15	73,74	215	240
2248	85,67	107,113	47,36	80,92	363	266
2249	25,23	198,195	8,6	204,170	363	317
2250	27,21	136,134	6,9	98,100	363	227
2251	261,267	107,113	235,208	80,92	285	266
2252	201,223	198,195	195,178	204,170	285	317
2253	203,221	74,73	193,181	70,56	285	317
2254	203,221	136,134	193,181	98,100	285	227
2255	70,73	253,240	69,50	246,199	266	317
2256	69,71	135,136	67,42	100,100	266	227
2257	698,603	178,180	523,481	143,131	334	236
2258	836,716	576,548	620,578	452,409	361	334
2259	225,175	759,652	151,148	579,522	261	361
2260	259,253	759,649	197,227	580,522	255	361
2261	453,392	163,150	303,280	110,121	323	324
2262	259,251	574,496	197,227	395,413	255	323
2263	402,318	304,264	221,312	214,190	288	255
2264	111,82	293,279	53,76	194,227	224	288
2265	153,157	153,142	69,136	120,144	212	233
2266	343,234	154,140	185,249	119,144	281	233
2267	334,232	213,211	184,250	137,169	281	257
2268	286,228	188,202	185,194	131,163	309	257
2269	316,246	355,322	197,208	217,306	309	281
2270	270,228	320,281	196,192	201,277	268	281
2271	299,262	383,277	205,214	215,282	268	309
2272	178,162	223,176	130,100	148,154	255	268
2273	299,277	287,239	193,203	159,172	284	272
2274	149,116	287,239	131,126	162,169	236	272
2275	146,116	260,234	125,126	180,181	236	284
2276	40,34	777,678	26,21	555,507	278	297
2277	106,93	777,678	75,63	555,507	199	297
2278	430,392	249,197	243,257	168,170	270	218
2279	333,293	784,681	208,198	563,513	218	297
2280	106,55	1259,936	39,58	752,812	402	250
2281	653,462	813,642	366,406	507,518	240	257
2282	547,437	414,342	344,352	238,229	257	212
2283	178,109	478,329	119,129	324,364	290	333
2284	554,401	453,310	351,346	309,343	381	333
2285	272,202	482,316	186,200	329,368	314	333
2286	554,401	2,0	351,346	0,0	381	303
2287	295,220	303,241	194,220	234,235	314	290
2288	578,399	228,168	359,364	179,173	381	290
2289	246,181	228,168	174,197	179,173	297	290
2290	388,355	202,124	236,307	126,144	366	314
2291	626,462	198,119	394,401	126,143	381	314
2292	109,99	338,244	54,82	198,202	366	381
2293	3,4	675,573	10,10	434,506	245	366
2294	217,235	469,423	232,193	340,282	232	269
2295	509,480	469,423	453,420	340,282	317	269
2296	5,7	469,423	2,6	340,282	295	269
2297	419,305	502,449	268,260	375,306	295	269
2298	420,303	460,422	267,256	311,358	295	377
2299	2,3	460,422	3,0	311,357	269	377
2300	32,26	460,422	34,21	311,358	269	377
2301	529,429	459,424	378,349	312,361	269	377
2302	317,257	523,441	224,272	363,478	236	332
2303	473,425	232,213	336,394	173,201	332	230
2304	209,203	602,477	146,196	471,446	230	307
2305	55,61	0,2	75,55	2,0	248	192
2307	0,1	0,1	1,0	0,0	161	317
2308	19,22	92,76	29,12	63,67	237	236
2309	64,40	21,30	31,40	7,28	283	209
2310	842,736	475,377	594,617	332,327	339	268
2311	507,375	773,742	367,294	558,611	278	339
2312	249,222	851,699	195,187	564,675	226	329
2313	249,206	866,719	174,208	574,689	200	329
2314	394,334	396,296	222,306	222,272	231	226
2315	252,208	399,296	177,209	221,272	200	226
2316	249,206	401,369	174,208	289,280	200	231
2317	642,553	360,325	447,449	255,240	274	231
2318	681,597	174,140	481,489	138,122	274	200
2319	219,208	522,462	153,160	315,414	217	274
2320	473,377	556,493	322,423	389,344	266	272
2321	501,388	413,301	346,433	267,311	266	237
2322	96,61	25,8	62,54	21,12	190	266
2323	102,60	594,447	65,62	391,466	190	266
2324	3,0	594,449	5,8	388,463	190	266
2325	5,10	24,16	7,9	5,23	212	277
2326	21,9	14,21	21,19	4,18	250	231
2327	13,32	32,7	11,2	13,13	301	340
2328	50,55	4,14	52,28	9,13	260	211
2329	60,61	104,177	42,45	169,150	259	980
2330	64,55	49,48	47,46	46,32	265	259
2331	4,2	58,102	4,0	68,78	170	354
2332	22,16	9,19	14,19	2,10	410	208
2333	3,0	10,5	2,3	4,3	190	272
2334	3,0	14,22	0,1	22,24	190	273
2335	76,38	98,74	53,53	71,80	219	238
2336	124,85	73,65	57,83	54,59	251	219
2337	43,42	113,96	22,24	66,73	224	251
2338	272,216	1989,1612	206,180	1334,1328	234	283
2339	269,215	1970,1554	207,181	1241,1280	234	278
2340	269,215	2364,1854	207,181	1491,1585	234	299
2341	28,18	2364,1854	19,20	1491,1585	229	299
2342	6,9	1719,1382	9,5	1054,1130	228	266
2343	572,507	2233,1756	384,397	1417,1500	228	299
2344	572,507	1971,1550	384,397	1239,1280	228	278
2345	570,507	1,3	384,397	1,3	228	275
2346	1990,1624	1273,940	1230,1311	813,756	283	210
2347	737,541	1948,1538	431,397	1246,1284	210	267
2348	2227,1778	3,4	1495,1547	4,4	267	246
2349	2287,1833	1117,843	1527,1588	766,756	267	246
2350	2231,1776	591,493	1497,1550	365,390	267	201
2351	2228,1776	21,22	1495,1546	12,14	267	201
2352	1526,1142	638,543	968,943	388,426	246	201
2353	1518,1139	39,39	964,937	23,33	246	201
2354	1534,1150	844,638	965,959	461,637	246	231
2355	831,706	562,456	540,543	337,420	201	211
2356	728,770	1444,1278	691,568	1148,954	279	251
2357	1167,1093	1638,1488	951,875	1290,1137	251	262
2358	328,298	250,240	298,275	225,152	326	275
2359	132,102	246,238	104,103	225,151	326	275
2360	364,303	418,379	298,212	323,320	275	287
2361	290,277	335,284	270,189	239,220	287	275
2362	343,330	164,128	280,259	132,93	275	211
2363	198,301	160,155	265,217	151,103	341	242
2364	460,378	403,349	337,269	285,265	327	311
2365	567,552	160,155	425,351	153,103	311	242
2366	211,185	405,413	150,151	311,277	216	276
2367	283,243	246,245	183,174	287,247	251	316
2368	1191,1116	530,605	1226,967	645,477	359	318
2369	818,752	791,909	862,645	990,766	342	361
2370	931,920	790,909	877,654	988,766	318	361
2375	1017,836	1384,1322	822,601	1403,996	270	379
2376	961,876	1455,1187	777,598	1101,953	285	302
2377	708,714	1434,1165	666,471	1086,938	254	302
2378	722,738	1125,1047	681,479	915,743	254	285
2379	1017,837	762,724	823,599	633,505	270	254
2380	860,826	906,865	798,577	828,558	282	270
2381	6,11	386,424	14,5	306,367	357	277
2382	4,10	716,750	13,9	701,645	357	426
2383	408,360	1000,812	297,289	848,667	238	286
2384	408,360	12,20	297,289	15,12	238	298
2385	3192,2760	2165,1865	2358,2515	1576,1503	337	262
2386	66,69	2165,1865	58,32	1576,1503	261	262
2387	2171,1902	2164,1866	1696,1634	1577,1504	261	262
2388	8,11	2161,1863	13,11	1576,1503	261	262
2389	2046,1923	2006,1641	1674,1711	1387,1334	262	240
2390	781,638	830,598	594,592	536,637	339	252
2391	1,0	830,598	0,0	536,637	263	252
2393	18,10	3,8	9,8	3,2	273	221
2395	1,5	143,119	3,2	94,136	221	168
2396	1,5	1915,1419	3,2	1286,1513	221	252
2397	2,5	151,123	2,2	99,138	221	168
2398	2,5	1087,878	2,2	742,881	221	283
2399	151,123	1087,878	99,138	742,881	168	283
2400	473,413	969,830	306,328	746,703	219	272
2401	1043,856	648,500	719,729	393,527	272	236
2402	111,90	27,32	58,53	26,22	249	203
2404	69,69	2,1	58,48	2,1	249	203
2405	70,53	176,144	25,24	107,119	203	278
2406	0,16	61,68	25,2	46,31	291	216
2407	48,45	167,130	45,22	100,113	225	262
2408	67,56	142,115	53,28	76,115	225	275
2410	115,101	129,132	74,80	83,77	258	282
2411	187,124	144,88	96,92	91,61	282	290
2413	2,3	0,0	0,2	7,0	235	285
2414	7,5	14,9	1,4	5,10	221	268
2415	4,1	1,2	5,0	2,0	221	268
2419	121,144	157,182	125,153	165,123	378	294
2420	52,30	40,51	30,29	27,26	254	260
2421	119,75	136,92	67,77	66,66	293	280
2422	102,118	5,6	118,65	3,3	222	194
2423	3,1	19,9	5,2	8,4	184	167
2424	15,20	1,0	17,14	6,1	224	289
2426	703,531	1715,1645	614,469	1459,1230	247	395
2427	6,4	5,5	2,6	6,3	231	221
2428	13,15	21,20	16,12	14,14	290	261
2429	13,15	20,23	16,12	19,16	290	258
2430	2,5	23,31	6,3	20,19	261	235
2431	17,20	23,31	3,9	20,19	258	235
2432	4,3	37,33	4,7	19,21	275	258
2433	268,244	169,128	198,185	143,132	259	276
2434	263,243	8,18	195,179	18,15	259	276
2436	37,24	19,18	20,27	19,18	346	214
2438	7,2	4,5	5,7	6,0	303	290
2441	0,0	59,67	1,0	50,40	193	273
2442	53,29	37,15	37,27	19,24	276	889
2443	46,45	108,91	35,32	75,80	204	244
2444	157,135	14,14	114,98	12,0	266	280
2445	157,134	96,107	116,100	82,78	266	280
2446	504,415	191,140	353,293	179,145	262	218
2447	45,46	100,79	27,22	71,70	241	346
2448	35,13	81,89	7,16	70,56	326	330
2449	77,61	5,1	70,40	1,1	313	241
2450	41,38	47,30	29,30	30,39	269	270
2451	49,23	42,24	30,29	27,33	278	270
2452	24,13	76,89	16,14	65,75	180	276
2453	453,363	373,216	303,274	194,212	314	241
2454	265,243	168,123	199,162	140,128	263	224
2455	225,174	298,274	173,143	244,239	274	263
2457	4,4	4,1	1,4	1,2	346	250
2458	51,50	24,23	51,34	32,17	278	233
2459	55,52	56,64	49,36	71,47	278	295
2460	0,0	4,7	0,2	1,2	201	193
2461	220,195	369,302	171,188	219,255	251	287
2462	182,129	207,199	141,139	159,182	213	247
2463	1240,1354	664,528	1411,1006	475,372	689	298
2464	1386,1502	668,530	1575,1171	482,377	689	298
2465	410,378	652,549	405,274	472,324	298	291
2466	2,3	644,527	0,0	462,323	298	291
2467	75,68	134,147	48,54	161,118	242	266
2468	132,98	134,147	78,86	161,118	282	266
2469	129,102	624,599	74,85	549,415	282	806
2470	12,8	623,599	7,4	548,413	266	806
2471	107,78	630,599	84,61	552,416	266	806
2472	697,671	172,111	653,460	133,94	806	359
2473	8769,8113	9757,8703	7498,6408	7829,6623	340	287
2474	8763,8097	10701,9157	7489,6403	8402,6737	340	286
2475	12865,10821	10706,9171	9512,8235	8411,6742	287	286
2476	12865,10821	17824,15340	9508,8235	13530,11324	287	340
2477	10112,9121	12682,10896	8090,6843	9639,8072	286	253
2478	12998,11363	13479,11550	9949,8290	9936,9133	264	269
2479	12921,11314	10124,8847	9891,8244	7778,6931	264	253
2480	12945,11317	12675,11348	9887,8247	9696,8459	264	305
2481	12915,11303	73,79	9880,8237	68,45	264	200
2482	11667,9884	10203,8906	8911,7729	7843,6979	269	253
2483	11664,9891	12599,11288	8908,7731	9652,8415	269	305
2484	10867,9470	12601,11275	8146,7349	9649,8409	253	305
2485	10770,9349	58,63	8059,7282	54,36	253	200
2486	15292,13235	153,180	11596,10371	135,103	305	200
2487	29,16	525,517	17,9	427,398	176	310
2488	9,5	514,509	3,7	426,393	176	310
2489	7,4	536,527	1,1	440,396	176	310
2490	607,511	1,0	320,390	0,1	318	176
2491	83,58	102,95	42,51	82,53	188	176
2492	5,0	97,72	2,2	59,46	188	176
2493	169,181	97,72	100,114	59,46	234	176
2494	3,0	50,46	1,2	43,34	188	176
2495	4,2	50,46	2,3	43,34	234	176
2496	620,530	50,46	330,394	43,34	318	176
2497	169,181	5,0	100,114	2,2	234	188
2498	4,2	3,0	2,3	1,2	234	188
2499	620,530	3,0	330,394	1,2	318	188
2500	222,227	76,55	136,131	47,31	234	188
2501	39,31	69,50	24,10	40,31	234	188
2502	645,535	69,50	333,401	40,31	318	188
2503	620,530	4,2	330,394	2,3	318	234
2504	645,535	39,31	333,401	24,10	318	234
2505	606,519	156,116	324,389	87,119	318	234
2506	1430,1268	1704,1604	863,1031	1139,1144	245	255
2507	3296,2953	1701,1601	2069,2351	1133,1142	351	255
2508	1599,1370	1706,1604	975,1223	1133,1142	261	255
2509	3297,2951	1119,1112	2071,2355	818,825	351	245
2510	2392,1916	1078,1087	1343,1623	797,794	268	245
2511	1599,1372	1086,1089	977,1220	799,803	261	245
2512	2436,1941	3065,2883	1364,1653	1901,2309	268	351
2513	2052,1970	3067,2885	1310,1644	1900,2305	274	351
2514	1611,1377	3067,2885	982,1226	1902,2307	261	351
2515	1132,981	3067,2883	628,792	1897,2305	239	351
2516	2051,1968	2254,1947	1314,1648	1350,1494	274	268
2517	1129,979	2216,1905	633,786	1323,1465	239	268
2518	1639,1412	2272,1826	1002,1250	1288,1590	261	274
2519	593,541	2266,1823	473,485	1289,1584	223	274
2520	1133,980	2006,1882	628,790	1264,1574	239	261
2521	592,541	1999,1872	476,485	1260,1563	223	261
2522	600,552	1414,1233	477,495	869,1074	223	239
2523	732,628	1301,1133	475,586	827,979	224	239
2524	836,731	773,652	514,673	460,585	224	223
2525	854,628	731,625	447,529	434,554	221	223
2526	897,656	1028,932	477,562	587,737	221	224
2527	385,392	603,568	276,296	476,501	178	221
2528	1514,1481	505,431	1104,1304	298,323	282	178
2529	1064,924	310,247	630,649	196,205	228	178
2530	1118,980	83,105	674,687	62,71	228	204
2531	1640,1394	59,79	1019,1072	42,47	256	204
2532	1683,1443	1001,888	1050,1118	656,834	256	228
2533	187,165	112,114	157,143	105,73	247	201
2534	319,256	166,147	240,189	148,122	262	222
2535	132,120	137,109	99,119	105,114	206	235
2536	178,152	282,228	109,123	220,170	253	250
2537	177,155	374,286	112,123	270,258	253	285
2538	0,2	2,1	2,3	1,0	245	231
2539	0,2	3,0	1,3	0,1	245	231
2541	65348,53208	109,128	46647,44976	106,128	263	247
2542	75629,61999	23997,22071	53917,48855	19407,20052	278	263
2543	75629,61999	2,0	53917,48855	0,6	278	238
2544	6376,6435	12750,10788	6179,4865	9991,9058	334	257
2545	6367,6425	275,255	6173,4856	184,244	334	257
2546	10470,9425	15965,13426	9272,7233	12510,11850	257	327
2547	10078,9060	2731,2230	9003,6905	2062,2111	257	244
2548	20002,17040	3148,2594	15759,14331	2347,2446	327	244
2549	39,25	3148,2594	24,15	2347,2446	250	244
2550	295,441	657,707	381,305	634,583	229	204
2551	829,851	1114,1151	762,637	1001,976	204	259
2552	809,836	1025,1158	747,620	949,845	204	253
2553	3322,3339	3657,4369	2876,2433	4595,3782	366	764
2554	3256,3274	1657,1789	2852,2398	1819,1496	366	331
2555	3251,3273	1807,1681	2847,2392	1385,1327	366	258
2556	3253,3273	246,528	2845,2391	746,504	366	347
2557	1202,1254	812,807	1301,1063	759,596	258	216
2558	1193,1248	424,615	1293,1062	746,429	258	295
2559	811,813	435,625	647,611	754,430	216	295
2560	102,89	3,13	96,83	7,3	214	254
2561	471,412	5,5	283,268	8,4	254	251
2562	471,412	11,10	283,268	6,9	254	875
2563	732,655	516,419	385,463	285,347	318	278
2564	718,648	12,11	375,443	5,13	318	278
2565	468,352	588,484	270,296	371,438	278	285
2566	562,479	516,506	321,419	376,351	285	300
2567	2015,1681	2089,1725	1488,1411	1603,1647	327	267
2568	2013,1674	1545,1285	1483,1410	1128,1151	327	248
2569	2008,1673	35,55	1483,1416	26,37	327	198
2570	2008,1673	3322,2740	1483,1416	2486,2402	327	299
2571	2398,1921	1552,1291	1669,1824	1133,1148	267	248
2572	2373,1903	928,743	1639,1801	677,639	267	198
2573	2374,1902	38,55	1638,1801	26,37	267	198
2574	1683,1375	949,761	1271,1272	707,662	248	198
2575	1691,1378	47,65	1275,1280	38,45	248	198
2576	1691,1378	3322,2741	1275,1280	2487,2401	248	299
2577	47,65	3322,2741	38,45	2487,2401	198	299
2578	1132,994	3334,2748	862,944	2490,2405	198	299
2579	8,11	29,35	4,6	10,13	271	257
2580	348,346	237,199	239,299	166,212	256	241
2581	348,346	84,54	239,299	57,65	256	334
2582	25,17	237,199	10,21	166,212	209	241
2583	71,91	481,342	63,67	372,298	209	307
2584	217,195	189,150	165,145	169,150	241	238
2585	419,339	111,77	279,331	71,99	307	222
2586	404,332	162,94	271,320	78,76	307	213
2587	271,206	174,135	202,164	95,171	238	222
2588	271,203	42,43	199,163	16,38	238	222
2589	271,203	176,101	199,163	86,90	238	213
2590	270,203	79,84	201,163	70,69	238	193
2591	270,203	38,42	201,163	11,38	238	222
2592	270,204	35,39	199,163	10,37	238	222
2593	270,204	399,307	199,163	274,265	238	260
2594	42,43	176,101	16,38	86,90	222	213
2595	38,42	79,84	11,38	70,69	222	193
2596	35,39	399,307	10,37	274,265	222	260
2597	35,38	275,251	10,37	206,220	222	221
2598	220,137	162,97	172,142	81,77	222	213
2599	216,134	79,83	166,142	70,66	222	193
2600	214,131	399,307	166,143	276,263	222	260
2601	214,130	275,250	166,141	206,220	222	221
2602	152,131	85,91	129,138	80,67	213	193
2603	3,0	78,83	2,0	72,66	213	193
2604	87,63	399,308	64,82	278,263	193	260
2605	261,164	278,249	147,146	206,222	260	221
2606	418,390	545,471	286,276	300,378	246	246
2607	274,219	605,577	152,185	443,406	247	260
2608	698,578	715,589	454,468	464,505	263	263
2609	872,712	771,605	542,559	512,529	274	263
2610	1,0	612,465	0,0	309,364	260	282
2611	53,71	1114,963	32,36	622,695	260	282
2612	11,6	150,142	12,3	98,127	457	196
2613	1663,1393	516,368	1251,1025	353,309	560	287
2614	10,9	388,370	9,7	263,243	287	264
2615	695,547	389,368	531,524	261,243	287	264
2616	378,294	225,236	248,238	184,190	230	221
2617	371,287	0,2	240,233	0,0	230	225
2618	81,77	93,86	62,61	50,80	282	269
2619	204,221	615,516	190,141	377,431	220	253
2620	211,197	615,516	185,170	377,431	1377	253
2621	298,261	426,389	191,205	336,347	226	271
2622	298,261	163,183	191,205	173,163	226	223
2623	30,29	166,186	24,12	173,164	271	223
2624	179,160	432,378	122,134	394,343	240	321
2625	300,260	209,179	191,205	155,135	226	240
2626	455,400	214,234	405,362	195,203	282	219
2627	434,388	10,16	322,295	16,18	263	282
2628	434,388	482,481	321,296	355,371	263	282
2629	542,425	483,481	367,301	354,371	288	282
2630	646,582	365,306	590,494	310,269	298	263
2631	544,425	549,497	365,301	425,409	288	298
2632	14,22	5,7	22,14	6,11	318	248
2633	29,22	2,5	15,19	4,5	272	248
2634	27,32	3,5	20,19	2,5	329	272
2635	2251,1815	100,99	2800,2320	138,110	261	231
2636	7,4	386,406	6,1	300,331	209	255
2637	245,278	666,640	214,177	469,519	255	285
2638	1284,1087	515,480	836,877	369,383	340	265
2639	1563,1294	81,80	1139,1057	65,74	342	191
2640	298,226	770,634	177,186	514,593	236	304
2641	5,2	293,260	0,0	162,194	339	347
2642	6,8	293,259	2,3	160,194	293	347
2643	190,142	293,260	114,136	162,194	293	347
2644	382,336	203,199	229,276	144,115	347	301
2645	352,271	181,180	195,219	171,136	345	271
2646	17,12	38,15	12,17	31,24	260	309
2647	21,59	21,55	50,36	61,26	266	245
2648	25,42	21,80	66,28	85,49	259	266
2650	2,3	3,3	1,3	4,3	482	281
2651	3,3	3,3	1,3	4,3	334	281
2652	879,805	417,363	660,595	347,270	294	212
2653	883,810	417,363	665,600	347,270	430	212
2654	426,370	428,371	307,259	351,273	210	212
2655	427,370	785,710	307,259	567,552	210	275
2656	596,497	784,708	396,390	567,550	212	275
2657	1089,973	292,194	841,770	183,214	275	185
2658	0,4	0,0	2,0	1,0	308	287
2659	344,232	264,243	190,213	164,190	280	233
2660	337,229	385,305	190,211	274,233	280	269
2661	160,140	391,308	129,132	274,232	233	269
2662	141,120	181,143	127,99	150,146	245	272
2663	22,15	45,28	9,13	25,23	221	230
2664	117,103	90,82	112,110	67,63	214	218
2665	212,156	424,310	171,136	259,280	243	327
2666	211,195	473,354	145,168	297,295	255	327
2667	369,349	179,160	288,334	121,149	327	241
2668	224,144	399,323	141,148	221,238	241	348
2669	350,322	257,215	217,239	233,183	248	290
2670	146,107	16,13	108,105	9,8	312	214
2671	25,13	62,43	19,16	39,36	218	198
2672	26,28	8,10	10,26	19,18	272	245
2673	26,28	0,0	10,26	0,1	272	261
2674	8,10	0,0	19,18	0,1	245	261
2675	57,35	161,115	41,37	86,76	206	278
2676	168,163	373,355	132,81	348,339	223	332
2677	1,0	129,95	0,0	84,94	167	223
2678	161,165	129,95	153,116	84,94	236	223
2679	235,220	60,75	238,150	88,66	247	283
2680	610,574	318,274	469,368	245,190	367	244
2681	189,139	247,166	133,129	151,124	248	288
2682	272,187	252,167	202,202	154,124	293	288
2683	193,139	128,91	135,128	104,103	248	232
2684	272,185	168,132	202,202	143,116	293	248
2685	726,594	203,188	573,553	144,150	3304	282
2686	732,604	186,171	561,565	156,145	543	270
2687	726,594	186,174	574,554	159,145	3304	270
2688	87,69	696,578	63,59	584,550	222	543
2689	293,207	165,141	200,180	110,100	227	196
2690	293,207	0,0	199,183	1,0	227	207
2691	293,207	1162,894	199,183	911,797	227	398
2692	104,83	19,11	100,98	2,6	211	262
2693	566,514	849,747	445,404	617,528	251	284
2694	501,454	548,512	366,427	481,373	249	271
2695	1101,881	407,316	823,752	283,216	356	249
2696	910,817	840,675	623,646	527,505	341	352
2697	656,636	575,599	490,520	458,463	339	273
2698	155,141	841,781	94,132	610,653	210	339
2699	151,147	274,267	120,114	211,252	199	297
2700	28,28	32,26	22,21	24,24	324	349
2701	22,11	19,19	13,18	20,15	233	324
2702	5,7	1,1	6,2	2,0	295	255
2703	5,7	199,197	6,2	162,163	295	250
2704	17,23	237,219	10,6	174,183	292	956
2705	17,23	256,227	10,6	187,188	292	2574
2706	2,0	296,319	2,0	283,261	266	428
2707	16,23	8,6	12,4	0,2	292	428
2708	17,23	6,1	10,6	0,1	292	342
2709	2,0	295,314	2,0	283,260	266	342
2710	16,23	7,1	12,4	0,1	292	342
2711	17,23	4,6	10,6	4,1	292	295
2712	2,0	473,465	2,0	442,416	266	295
2713	16,23	188,152	12,4	159,157	292	295
2715	330,266	235,251	271,216	228,202	292	264
2716	397,387	328,313	307,316	265,273	357	292
2717	1,0	144,130	2,0	110,106	235	357
2718	4,1	144,130	1,3	110,106	239	357
2719	242,170	144,130	176,160	110,106	241	357
2720	258,193	472,397	185,164	380,322	241	357
2723	620,501	298,256	519,475	257,178	317	215
2724	74,66	263,227	68,63	230,161	317	215
2725	186,146	263,227	130,106	230,161	191	215
2726	186,146	74,66	130,106	68,63	191	317
2731	264,207	307,239	171,205	213,237	267	291
2732	394,345	660,561	309,325	428,507	251	250
2733	432,362	361,322	290,312	282,283	260	251
2734	2,1	361,322	0,0	283,283	260	251
2735	352,322	501,396	234,268	345,367	233	260
2736	504,372	167,153	277,341	110,124	251	200
2737	19,19	1126,952	16,23	730,807	266	359
2738	126,104	74,66	80,95	47,43	298	220
2739	128,105	0,0	74,94	2,2	298	220
2740	128,105	208,169	74,94	131,126	298	296
2741	184,138	8,3	118,108	3,9	294	239
2742	207,142	95,62	121,133	62,48	281	278
2743	161,175	134,92	89,104	79,75	315	245
2751	130,135	753,694	86,91	588,427	272	832
2752	174,146	100,95	120,129	106,50	293	272
2753	58,51	146,161	35,52	130,111	232	335
2754	70,56	269,222	38,56	186,161	232	357
2755	55,35	12,1	47,41	4,5	224	232
2756	55,35	84,71	46,41	60,71	224	232
2757	1,0	96,99	0,3	48,59	225	224
2758	33,30	46,82	15,16	50,55	223	225
2759	396,364	391,390	295,286	325,272	224	233
2760	149,183	547,426	165,126	368,339	221	230
2761	59,51	151,111	45,48	94,67	225	278
2762	47,63	235,198	58,51	165,133	241	340
2763	139,156	106,96	166,133	66,64	310	241
2764	206,211	107,112	184,136	111,106	371	310
2765	86,92	124,143	58,60	140,119	238	422
2766	33,26	93,91	29,15	76,94	263	238
2767	5820,5201	744,671	3703,3840	481,430	1034	289
2768	5266,4727	744,671	3312,3452	481,430	1031	289
2769	1325,1017	972,874	758,830	598,657	326	320
2770	893,793	1270,1136	575,523	894,938	320	339
2771	1047,948	541,439	674,715	338,376	339	206
2772	377,318	798,695	278,265	468,496	206	251
2773	893,800	605,576	583,675	419,382	251	227
2774	1070,894	102,92	612,607	48,77	291	212
2775	1081,912	325,363	607,611	266,279	291	254
2776	243,219	336,376	180,155	283,291	212	254
2777	220,192	211,137	169,149	105,129	212	304
2778	163,164	218,138	108,95	103,134	254	304
2779	93,106	362,340	89,59	183,227	254	277
2780	360,413	248,170	300,317	129,137	277	304
2781	390,342	971,786	317,315	689,641	234	260
2782	16,31	2,1	9,6	0,0	240	217
2783	436,379	198,172	284,282	132,109	383	245
2784	1,9	0,2	6,2	0,0	308	289
2786	4,3	3,8	0,0	3,2	292	308
2787	11,11	3,8	3,7	3,2	228	308
2789	259,251	77,73	166,161	50,63	471	274
2790	110,112	4,3	86,127	0,4	382	375
2791	4,9	2,0	0,0	3,2	373	323
2792	3,8	16,16	3,0	12,9	275	194
2793	59,46	43,45	46,37	52,52	275	291
2794	6,6	2,2	1,0	5,3	456	254
2795	73,75	1,3	52,58	2,2	260	254
2796	43,39	26,28	25,23	31,15	246	260
2797	32,33	5,1	23,22	7,6	246	260
2800	8,5	1,0	7,17	7,1	306	177
2801	0,0	0,4	0,2	0,0	244	338
2802	9,11	44,24	16,16	22,29	215	302
2803	11,14	14,14	17,6	7,20	214	317
2804	1,6	10,12	5,3	7,17	294	317
2805	1,1	10,12	2,0	7,17	261	317
2806	11,14	54,39	17,6	33,48	214	315
2807	1,6	50,37	5,3	33,45	294	315
2808	1,1	50,37	2,0	33,45	261	315
2809	244,240	283,217	205,192	213,180	271	250
2810	2,3	283,217	0,0	213,180	235	250
2811	55,86	287,271	63,64	195,153	312	408
2812	121,152	79,75	93,95	54,54	282	225
2813	104,86	4134,3368	55,54	3270,2737	198	282
2814	2071,1851	4749,3721	1750,1525	3526,2933	282	289
2815	2056,1840	6277,5198	1744,1518	4767,4386	282	318
2816	4275,3477	6280,5191	3410,2849	4771,4386	289	318
2817	311,340	93,76	258,275	96,72	297	197
2818	304,336	194,147	249,262	164,147	297	227
2819	71,61	201,151	49,66	171,162	197	227
2820	128,89	321,252	85,100	235,235	227	287
2821	124,100	6,0	79,87	3,7	200	256
2822	125,101	1179,1021	81,87	947,783	200	730
2823	289,291	410,447	206,216	324,237	286	323
2824	356,373	305,290	249,205	245,238	321	255
2825	815,696	351,405	669,512	293,245	353	263
2826	11,15	243,230	13,15	180,208	296	219
2827	75,61	68,58	57,59	43,33	329	237
2828	23,14	68,58	17,15	43,33	346	237
2829	586,458	555,399	400,343	418,335	303	239
2830	182,132	553,401	133,110	418,334	232	239
2831	167,116	651,553	119,103	489,429	232	303
2832	283,213	553,401	239,175	418,334	570	239
2833	31,26	20,31	37,18	27,19	253	345
2834	13,13	244,192	16,17	165,194	293	887
2835	1612,1556	228,185	1420,1294	165,163	883	251
2836	1621,1560	228,185	1426,1301	165,163	1161	251
2837	1,2	11,9	0,0	31,15	247	413
2838	60,41	1,0	87,78	0,1	612	190
2839	37,30	1,0	68,64	0,1	206	190
2840	17,21	36,20	25,34	45,54	345	235
2841	2,3	40,47	8,1	17,26	231	212
2842	23,33	159,182	15,13	138,136	310	774
2843	80,80	39,21	58,58	28,18	385	339
2844	94,83	126,154	75,65	129,97	261	309
2845	747,569	1036,805	512,478	746,759	243	248
2846	235,211	916,741	265,194	698,684	300	243
2847	231,219	142,107	143,167	93,109	353	310
2848	267,205	145,136	180,159	91,111	310	269
2849	265,253	234,152	157,197	119,129	328	281
2850	190,126	189,124	103,120	74,74	266	248
2852	888,767	1170,1094	702,652	1010,860	285	273
2853	888,767	1,0	702,652	1,0	285	168
2854	156,202	307,206	137,112	209,166	282	226
2855	240,144	172,175	127,141	129,114	238	234
2858	61,91	62,41	36,28	24,28	302	299
2859	35,35	99,72	16,24	54,54	199	284
2860	97,95	6,11	65,66	5,4	284	270
2861	97,95	58,65	65,66	41,29	284	303
2862	89,69	36,33	56,50	44,32	270	264
2863	364,337	259,182	221,274	176,171	323	236
2864	240,174	308,285	177,139	236,218	290	323
2865	463,320	11,1	296,371	5,2	329	242
2866	198,185	165,104	142,129	82,109	279	199
2867	10,13	165,104	13,8	82,109	298	199
2868	279,240	274,194	177,248	188,219	328	273
2869	139,137	396,312	122,104	296,342	247	328
2870	75,94	137,100	84,80	89,103	252	247
2871	79,80	116,95	65,56	82,92	255	275
2872	12,18	113,93	7,10	83,91	215	275
2877	12,33	129,110	35,12	124,99	221	242
2878	63,85	97,57	80,54	69,85	242	227
2879	64,83	0,0	79,53	2,1	242	227
2880	71,66	212,185	57,62	177,203	227	246
2881	71,67	231,176	56,59	156,161	227	256
2882	129,84	357,359	120,93	271,286	246	357
2883	1,3	357,359	3,3	271,286	256	357
2884	132,125	33,32	115,95	31,16	361	231
2885	42,39	329,293	33,31	214,220	213	307
2886	42,39	38,33	33,31	32,17	213	274
2887	489,388	408,410	356,274	276,288	284	279
2888	0,2	221,163	1,2	127,117	233	227
2889	150,172	127,99	129,161	109,83	241	224
2890	53,50	8,9	48,35	11,7	258	266
2891	8,8	91,85	6,6	64,75	251	266
2892	52,50	91,85	48,37	64,75	258	266
2893	3006,2509	2453,1932	2369,2473	2049,1757	356	286
2894	1146,934	3572,2727	897,823	2639,2724	256	356
2895	947,764	3572,2727	699,673	2639,2724	228	356
2896	3045,2592	1413,1155	2311,2135	1027,1077	349	256
2897	43,61	21,23	40,44	16,32	251	244
2898	35,27	56,51	19,26	30,50	228	293
2899	17,13	48,52	6,16	46,41	236	265
2900	26,41	45,23	25,25	25,20	313	218
2901	32,27	79,61	33,20	75,48	218	244
2902	2,5	2,1	1,0	0,0	274	287
2903	22,6	4,9	17,17	2,1	249	287
2904	98,75	82,109	70,65	92,74	322	258
2905	32,23	135,104	22,26	89,96	234	322
2906	50,42	134,101	29,36	88,95	223	322
2907	50,42	0,0	29,36	2,3	223	234
2908	74,64	63,47	33,47	41,40	278	234
2909	50,42	37,38	29,36	27,29	223	234
2910	50,42	1,3	29,36	2,0	223	278
2911	76,51	53,37	43,48	36,44	223	278
2912	80,64	12,4	55,65	7,9	326	223
2913	80,64	31,30	56,63	19,26	326	223
2915	100,98	9,3	112,77	1,6	199	271
2916	29,18	6,0	18,24	0,1	210	199
2917	37,30	19,33	28,21	25,33	262	226
2918	58,45	47,45	25,14	59,62	232	262
2919	48,43	63,42	34,49	27,27	245	223
2920	86,128	8,12	95,89	6,13	722	196
2921	86,128	25,9	95,89	9,13	722	228
2922	39,25	176,136	24,23	105,106	376	222
2923	218,217	48,41	180,215	71,39	343	209
2924	49,66	50,42	52,60	73,43	219	209
2925	272,251	471,469	242,200	418,328	227	296
2926	272,251	0,0	242,200	2,0	227	269
2927	0,0	396,404	2,0	327,278	169	227
2928	5,1	2125,2228	3,2	2289,1694	259	291
2929	0,2	3,0	1,3	1,1	256	237
2930	34,83	762,785	126,102	705,575	256	283
2931	0,0	3,3	4,0	4,1	246	207
2932	4,7	5,3	6,9	6,2	338	459
2933	44,48	141,114	47,44	96,91	277	290
2934	28,20	143,113	24,18	92,89	223	290
2935	62,52	21,31	44,35	33,27	241	277
2936	55,77	22,28	63,34	20,18	432	241
2937	3,5	592,509	11,13	359,340	205	256
2938	83,82	67,60	48,44	35,35	317	274
2939	1427,1329	3338,3531	1244,1018	3577,2928	253	488
2941	3841,3580	3256,2953	3082,2506	2686,2307	317	281
2942	451,421	3256,2953	335,252	2686,2307	313	281
2943	20,41	225,331	46,25	346,284	349	322
2944	428,280	2519,1896	262,279	1702,1609	280	1256
2945	44,48	2773,2430	54,53	2109,1887	218	1190
2946	47,49	3033,2686	64,55	2345,2099	218	1190
2947	132,125	259,211	114,158	247,199	210	241
2948	144,136	2792,2443	117,161	2114,1904	210	1190
2949	138,129	2795,2447	115,160	2116,1903	210	1190
2950	138,129	274,249	115,160	227,171	210	249
2951	132,127	520,439	114,158	391,363	210	327
2952	2791,2443	91,89	2113,1903	70,75	1190	205
2953	2795,2447	274,249	2116,1903	227,171	1190	249
2954	3217,2803	102,99	2434,2182	73,79	1190	205
2955	168,167	3,1	153,143	0,0	249	212
2957	132,149	236,203	129,92	163,164	240	244
2958	9,45	152,188	54,67	149,122	585	388
2959	166,175	166,154	150,128	130,127	301	261
2960	566,443	21,35	366,341	36,19	1322	316
2961	565,441	39,33	366,341	19,20	1322	316
2962	5,9	4,1	0,4	2,6	291	326
2963	6,2	118,114	14,9	110,94	229	213
2964	61,63	83,80	56,51	72,72	195	209
2965	76,62	190,129	44,56	120,145	209	226
2966	127,88	209,182	76,85	166,188	226	326
2967	127,88	101,66	76,84	70,73	226	326
2968	379,277	56,46	268,300	46,53	326	251
2969	346,262	78,45	250,282	38,44	326	213
2970	93,97	113,61	68,102	57,61	251	213
2971	89,94	114,76	68,99	72,48	251	262
2972	64,83	41,37	53,44	42,35	360	293
2979	0,1	1,3	0,0	2,1	291	240
2980	1,2	0,1	2,1	0,1	214	240
2981	4,1	0,1	0,0	0,1	212	240
2982	1,2	4,1	2,1	0,0	214	212
2983	1,3	2,4	2,1	0,0	214	212
2984	2,2	0,1	2,1	2,0	219	214
2985	24,28	110,103	32,23	99,76	433	1196
2986	40,29	5,1	14,16	7,9	290	324
2987	37,29	4,2	18,18	7,9	286	324
2988	38,27	25,21	18,18	30,23	286	290
2989	3,1	26,21	0,5	29,21	286	290
2990	85,51	26,21	42,30	29,21	320	290
2991	85,51	3,1	42,30	0,5	320	286
2992	85,50	43,30	44,32	13,20	320	286
2997	1,2	1,4	1,0	2,0	224	197
2998	228,241	215,192	160,183	176,158	277	269
2999	157,131	198,195	112,91	167,174	369	277
3000	1,1	261,210	0,0	214,177	202	218
3001	160,145	293,236	100,110	240,203	202	218
3003	138,131	345,279	106,106	242,251	264	381
3004	210,184	87,101	142,110	72,68	352	220
3005	626,560	256,229	413,416	177,179	669	352
3006	601,520	256,229	397,421	177,179	669	352
3007	241,185	223,151	199,176	147,161	251	257
3008	184,156	186,141	123,123	99,134	236	212
3009	161,145	416,332	98,111	311,281	221	333
3010	342,295	147,123	216,265	115,118	353	221
3011	5,2	17,17	4,3	14,6	262	244
3012	14,28	14,11	18,9	17,8	298	262
3013	100,99	542,468	91,66	406,336	240	240
3014	32,33	249,203	32,27	157,160	240	240
3016	7,0	3,2	8,7	2,1	431	229
3017	24,21	90,86	20,13	106,110	264	321
3018	147,167	36,41	98,147	48,36	321	234
3019	142,168	5,0	97,146	3,1	321	234
3020	51,40	43,26	56,63	50,35	234	229
3021	48,40	338,269	53,62	188,245	234	537
3022	88,78	133,136	60,47	88,108	249	345
3023	928,767	514,403	682,624	410,362	305	245
3024	397,393	585,471	324,302	453,410	272	1012
3025	70,71	585,472	59,73	448,410	853	1012
3026	396,397	722,642	327,302	559,507	272	305
3027	65,83	8,4	66,61	1,1	192	307
3028	65,83	814,633	66,61	592,528	192	272
3029	392,347	485,435	268,304	362,415	237	233
3030	619,496	368,353	408,311	267,266	310	248
3031	395,297	551,411	228,262	373,312	257	310
3032	234,187	66,62	183,236	53,73	290	204
3033	118,95	4,4	87,81	5,5	205	263
3034	161,111	175,160	123,119	102,129	226	245
3035	319,334	175,159	253,250	104,129	353	245
3036	282,203	1,1	157,232	0,0	246	230
3037	282,203	161,149	157,232	119,121	246	226
3038	421,268	285,222	299,306	210,170	291	246
3039	328,294	283,223	212,269	208,168	274	246
3040	329,294	366,260	212,271	213,292	274	291
3041	322,338	324,222	253,250	233,256	353	274
3042	2,1	38,59	3,2	53,52	199	276
3043	2,1	54,62	3,2	62,69	199	326
3044	286,343	53,67	333,203	78,78	372	224
3045	205,230	168,159	188,164	171,93	257	247
3046	610,539	365,332	468,394	259,268	322	291
3047	305,280	597,489	237,249	418,442	253	315
3048	500,396	417,328	299,409	311,298	315	245
3049	305,272	261,240	228,241	177,207	245	222
3050	305,271	23,35	230,241	26,23	245	222
3051	886,715	20,12	611,654	9,5	222	178
3052	684,666	579,521	470,428	392,453	293	272
3053	484,453	823,656	355,294	542,539	272	304
3054	928,659	569,465	600,525	358,358	355	306
3055	898,733	452,430	577,565	375,349	306	275
3056	495,409	1000,879	310,316	825,725	275	362
3057	504,464	874,700	401,365	650,520	293	254
3058	0,2	0,0	2,0	1,0	212	269
3059	49,48	39,36	49,51	26,36	301	200
3060	19,26	52,39	21,17	43,25	222	247
3061	33,41	52,43	29,23	32,38	247	230
3062	9,9	134,113	12,5	94,91	285	252
3063	117,96	132,112	81,95	96,91	285	252
3064	215,174	174,141	136,162	125,121	242	252
3065	168,171	206,144	150,154	130,176	242	252
3066	180,184	164,145	144,158	113,128	252	264
3067	178,183	432,307	142,158	262,285	252	387
3068	226,172	141,153	165,201	142,107	264	312
3069	20,13	0,1	10,9	4,0	244	239
3070	40,43	97,72	40,36	57,56	278	249
3071	17,8	124,112	14,13	75,77	236	278
3072	31,28	19,32	26,22	17,14	200	213
3073	97,106	59,50	90,82	24,35	275	200
3074	109,84	15,10	73,80	14,10	318	432
3075	715,721	344,319	678,537	264,211	306	298
3076	1,4	344,319	3,1	264,211	183	298
3077	233,217	608,561	207,186	419,399	239	361
3078	540,498	651,518	377,351	489,493	361	321
3079	168,146	499,380	128,123	376,372	214	256
3080	400,314	497,380	301,215	377,371	306	256
3081	2,1	335,310	5,6	293,243	256	245
3082	287,236	333,315	227,153	293,250	256	245
3083	461,355	520,486	373,351	439,459	245	335
3084	646,553	144,113	512,455	130,140	335	260
3085	1663,1464	1820,1414	1179,1350	1291,1266	305	294
3086	2257,2134	3330,2843	1719,1797	2377,2404	332	394
3087	3122,2405	2204,1743	2128,2288	1536,1450	394	295
3088	137,94	18,15	69,51	7,14	327	186
3090	127,89	80,59	59,43	62,49	327	258
3092	25,13	80,59	9,10	62,51	186	258
3093	23,13	84,65	9,15	35,68	186	299
3094	138,90	80,59	60,90	62,54	299	258
3095	58,53	35,31	35,39	31,40	233	239
3097	58,53	16,13	35,39	10,24	233	574
3098	58,53	18,31	35,39	8,30	233	789
3099	35,31	16,13	31,40	10,24	239	574
3101	35,31	18,31	31,40	8,30	239	789
3105	117,105	52,59	68,74	50,37	356	270
3106	45,40	51,39	22,44	33,35	241	197
3107	25,21	39,39	17,12	36,42	193	210
3108	24,21	2,0	17,12	0,0	193	197
3109	57,55	51,40	31,32	33,35	210	197
3110	29,24	78,74	33,31	69,51	215	236
3111	65,68	76,74	46,47	69,51	220	236
3112	129,99	161,121	118,81	109,107	271	299
3113	153,94	95,106	111,91	75,68	334	262
3114	30,10	85,102	17,16	75,64	172	262
3115	41,14	84,90	17,18	128,75	172	334
3116	90,81	5,1	84,60	0,0	317	172
3117	25,27	13,13	24,20	7,6	317	172
3118	90,82	16,11	85,58	8,7	317	172
3119	31,23	186,97	20,18	123,109	202	317
3120	94,84	7,9	82,56	5,2	202	309
3121	32,52	26,27	37,35	25,13	261	202
3122	8,11	3,11	2,9	6,5	272	303
3123	2,3	201,192	5,4	185,136	243	211
3124	676,663	164,150	522,472	172,123	374	197
3125	134,131	143,130	78,82	150,81	197	194
3126	10,9	312,246	12,9	191,183	266	266
3127	0,1	540,456	4,4	369,314	267	266
3128	148,142	184,167	137,75	147,140	266	276
3129	148,142	70,99	137,75	66,67	266	245
3130	5,6	67,91	4,1	60,60	266	245
3131	106,91	142,164	92,72	121,101	354	291
3132	131,107	342,222	91,85	210,215	230	294
3133	337,338	52,52	280,271	52,45	242	199
3134	4,2	52,52	0,0	52,45	264	199
3135	337,338	4,2	280,271	0,0	242	264
3136	296,265	293,220	197,206	219,219	236	242
3137	107,110	240,233	91,80	182,180	189	236
3138	194,150	367,246	151,130	238,284	229	259
3139	3,1	367,246	1,0	238,284	185	259
3140	147,97	153,132	97,114	115,112	210	185
3141	152,125	278,252	107,112	225,217	221	229
3142	79,61	0,0	90,76	0,2	253	221
3143	52,30	181,156	32,37	185,160	180	221
3144	3,5	2,0	3,4	0,2	292	254
3145	13,9	2,0	11,12	0,2	247	254
3146	524,427	352,335	371,337	282,233	267	266
3147	5,9	352,329	4,6	270,234	267	266
3148	123,126	296,222	108,92	188,187	191	267
3149	304,286	846,736	237,278	562,548	266	380
3155	133,144	91,90	138,127	79,74	308	245
3157	2,9	17,18	8,2	14,15	224	203
3163	25,20	30,30	17,19	30,30	276	311
3164	309,269	422,360	166,183	259,278	251	250
3165	81,57	240,169	52,71	114,111	209	233
3166	3,0	225,159	5,2	109,109	209	233
3167	75,53	96,97	49,45	64,59	200	209
3168	140,129	57,68	87,134	46,40	251	200
3169	2,1	414,412	2,3	338,344	304	267
3170	215,180	444,464	158,139	367,322	195	253
3171	505,419	218,207	389,410	186,192	318	224
3172	49,36	8,8	69,55	5,6	318	285
3173	309,234	400,297	204,188	300,227	234	254
3174	170,177	316,280	161,184	228,188	223	265
3175	46,68	110,93	62,53	105,77	239	248
3176	58,60	71,67	48,62	53,43	204	201
3177	99,67	130,119	66,63	98,85	201	283
3178	302,256	171,122	211,197	81,105	267	212
3179	156,122	152,144	79,87	122,121	224	239
3180	218,201	179,157	163,147	161,140	266	268
3181	234,231	190,143	201,207	155,111	268	267
3182	235,229	195,138	200,207	152,145	268	233
3183	223,199	195,140	191,137	151,145	267	233
3184	223,199	379,257	195,141	228,202	267	278
3185	132,119	116,102	114,97	86,106	294	321
3186	4,2	52,50	4,3	39,42	295	196
3187	209,240	172,142	163,153	102,129	295	250
3188	4,1	244,235	1,0	201,212	297	196
3189	71,72	172,143	64,81	103,131	196	250
3190	171,138	240,177	106,120	188,153	266	241
3191	2,0	248,205	0,0	148,170	241	278
3192	145,137	250,206	90,111	151,170	241	278
3193	313,242	211,156	271,206	111,142	278	263
3194	200,182	129,97	133,152	108,111	263	229
3195	214,182	301,259	106,119	233,258	213	239
3196	224,179	328,239	188,196	272,241	314	302
3198	363,364	220,139	316,274	150,146	430	326
3199	226,162	78,82	114,142	66,65	326	221
3200	34,36	175,115	23,22	87,121	352	1055
3201	565,461	299,285	319,334	190,199	377	230
3202	870,834	547,412	558,550	306,337	419	377
3203	362,392	855,756	253,257	480,508	401	419
3204	500,503	855,756	348,363	480,508	404	419
3205	7,9	3,10	4,14	8,13	281	275
3206	227,182	65,55	122,156	49,34	529	315
3207	3,3	5,6	3,0	2,3	233	233
3208	359,256	70,55	242,216	65,63	261	206
3209	103,70	158,108	44,54	64,96	278	363
3210	103,70	35,25	44,54	18,17	278	376
3211	62,42	561,555	28,39	469,461	179	362
3212	62,41	256,229	24,37	189,225	179	362
3213	3,4	6,6	3,1	6,10	227	240
3214	8,7	6,6	4,3	6,10	211	240
3215	2,6	6,6	4,4	6,10	188	240
3216	529,465	387,287	405,450	290,272	362	269
3217	529,463	101,77	401,445	69,65	362	200
3218	1,3	275,223	2,4	212,177	269	266
3219	244,266	275,223	227,197	215,182	269	266
3220	22,20	350,333	11,11	228,251	200	333
3221	80,77	267,236	59,51	197,184	196	318
3222	330,287	235,228	220,233	188,179	283	292
3223	300,291	395,394	194,209	275,299	292	357
3224	363,349	313,245	286,293	201,250	357	340
3226	2257,2463	4166,3444	1853,2130	2906,3133	263	323
3227	5114,4201	3229,2900	3483,3817	2316,2590	347	302
3228	3291,3029	4428,3654	2556,2580	3099,3240	314	330
3229	131,142	75,52	111,114	43,57	265	213
3230	49,30	104,99	21,40	69,70	213	245
3231	98,104	108,74	62,66	70,85	207	240
3232	3,0	274,216	0,0	179,211	240	240
3233	14,19	90,99	24,8	92,54	239	258
3234	166,169	109,74	118,80	63,77	305	262
3235	138,121	197,189	82,106	152,142	239	262
3236	542,493	885,664	362,379	657,668	272	329
3237	104,111	70,47	95,55	36,40	358	242
3238	31,41	0,3	50,36	0,0	166	172
3240	3,0	2,7	2,0	2,0	368	293
3244	25,25	58,69	26,23	32,51	273	270
3245	23,25	54,49	25,23	33,52	273	294
3246	53,62	1,2	25,46	2,0	259	254
3247	53,62	56,49	25,46	34,52	259	294
3248	62,68	1,2	25,46	2,0	270	254
3249	62,68	56,49	25,46	34,52	270	294
3250	1,0	3,0	0,1	0,0	280	313
3251	261,200	310,263	146,187	199,190	317	321
3252	93,82	241,179	46,50	163,156	201	280
3253	235,172	79,66	123,129	45,52	302	201
3254	107,85	189,138	61,75	121,124	220	300
3255	108,85	136,94	58,75	83,76	220	244
3256	1,8	675,710	7,2	546,420	174	390
3257	3007,2978	675,710	2637,2130	548,420	301	390
3258	3007,2978	38,50	2637,2130	27,15	301	390
3259	3007,2978	467,378	2637,2130	408,374	301	184
3260	2679,2363	673,710	2080,1655	553,420	294	390
3261	2671,2348	36,50	2068,1649	32,15	294	390
3262	2671,2348	468,370	2068,1649	401,372	294	184
3263	1121,1118	673,710	1007,720	553,420	291	390
3264	1113,1103	36,50	995,714	32,15	291	390
3265	1113,1103	468,370	995,714	401,372	291	184
3266	4313,3764	697,718	3475,2620	553,425	337	390
3267	38,50	467,378	27,15	408,374	390	184
3268	36,50	468,370	32,15	401,372	390	184
3269	60,58	474,385	32,20	414,378	390	184
3270	172,159	466,370	118,65	402,374	390	184
3272	11,10	1673,1515	10,10	1316,1254	256	279
3273	1236,1145	1673,1515	994,889	1316,1254	253	279
3274	1405,1306	144,141	1102,1154	150,42	251	250
3275	637,626	156,148	541,365	168,44	273	250
3276	24,40	74,87	59,49	80,69	514	258
3277	25,35	74,87	47,35	80,69	449	258
3278	18,36	74,87	32,25	80,69	321	258
3279	235,197	67,73	187,163	90,75	420	271
3280	98,116	276,272	78,110	208,162	271	379
3281	87,103	86,82	94,60	62,34	326	237
3282	176,181	243,228	165,168	173,191	342	286
3283	187,258	1955,2127	200,153	1585,1352	415	1648
3284	343,287	1954,2126	258,192	1583,1353	416	1648
3285	137,152	138,150	112,76	84,79	264	269
3286	217,286	360,360	222,166	308,231	415	437
3287	18,32	85,54	28,15	46,39	185	179
3288	0,5	98,150	1,5	131,90	179	221
3289	50,41	31,44	29,33	59,48	221	267
3290	0,1	0,5	0,4	4,3	284	222
3291	74,54	200,214	45,48	155,135	195	263
3292	230,269	87,153	231,114	141,73	410	311
3293	52,43	50,36	59,19	32,23	202	345
3294	0,0	7,2	1,0	0,2	291	271
3295	0,0	0,2	1,0	2,2	291	228
3296	47,68	103,92	42,43	58,50	255	339
3297	384,351	110,124	380,286	95,82	318	217
3299	84,62	261,168	55,38	171,131	273	381
3300	86,66	57,41	57,36	51,37	351	275
3301	72,42	27,15	37,42	14,17	264	218
3302	84,81	55,32	57,53	27,32	376	275
3303	47,28	20,17	18,21	15,15	252	263
3304	5,6	2,0	3,7	0,0	184	231
3305	5,4	15,12	3,9	21,7	184	231
3306	5,4	6,3	3,7	7,0	184	231
3307	166,173	58,75	157,123	63,69	321	1462
3308	2,1	250,263	8,1	217,183	310	339
3309	171,200	265,224	151,134	238,198	295	305
3310	144,170	250,263	137,109	217,183	295	339
3311	236,209	275,294	244,206	234,209	305	339
3312	508,538	1317,1110	427,343	903,911	260	362
3313	508,538	1288,1080	427,343	886,891	260	344
3314	508,538	6,5	428,342	1,1	260	221
3315	508,538	480,411	428,342	318,317	260	220
3316	649,585	508,413	473,455	318,367	362	221
3317	590,530	480,412	438,405	318,317	362	220
3318	1465,1310	508,413	1000,1014	318,367	344	221
3319	1406,1255	480,412	965,964	318,317	344	220
3320	6,5	480,411	1,1	318,317	221	220
3321	432,353	1182,1080	275,286	826,780	220	445
3323	37,44	3,4	39,15	0,0	247	274
3324	84,77	3,4	60,30	0,0	271	274
3325	795,808	45,44	732,573	42,16	243	271
3326	78,63	417,420	57,34	402,266	214	427
3327	288,242	445,439	221,188	417,289	221	717
3328	218,234	243,244	258,199	225,192	262	345
3329	10,3	244,244	2,9	225,192	262	345
3330	0,5	244,244	2,0	224,193	262	345
3331	218,234	2,0	258,199	2,2	262	214
3332	10,3	4,0	2,9	2,4	262	214
3333	0,5	3,0	2,0	1,3	262	214
3334	2,9	3,2	10,5	0,0	262	196
3335	180,202	266,253	178,133	216,179	246	262
3336	10,20	265,254	14,3	215,179	246	262
3337	158,214	276,256	175,185	217,188	293	262
3338	289,251	268,265	234,231	227,187	222	262
3339	3,0	265,254	1,1	215,179	235	262
3340	3,20	1,1	6,13	1,3	235	222
3341	178,208	1,1	180,133	1,4	246	222
3342	66,126	1,12	105,95	4,6	228	235
3343	179,202	139,173	178,133	135,131	246	235
3344	64,126	135,170	104,96	131,132	228	235
3345	10,20	135,170	14,3	131,132	246	235
3346	179,202	158,194	178,133	156,148	246	1356
3347	314,264	293,226	243,204	234,234	221	229
3348	8,11	289,229	16,10	230,232	221	229
3349	188,216	289,229	183,141	230,232	246	229
3350	188,216	8,11	183,141	16,10	246	221
3351	183,202	251,255	182,138	177,200	246	221
3352	64,126	10,20	104,96	14,3	228	246
3353	0,0	895,808	2,2	733,607	247	246
3354	64,129	553,466	107,95	428,365	228	246
3355	290,292	2,7	259,227	2,4	243	332
3356	652,597	2,0	574,467	0,6	321	274
3357	641,590	1,0	558,460	0,0	321	274
3359	5,0	8,12	0,0	14,10	181	221
3360	72,129	8,12	109,95	14,10	228	221
3361	65,129	251,254	104,98	174,200	228	221
3362	0,0	251,254	0,2	174,200	181	221
3363	127,85	133,110	73,66	100,120	226	252
3364	45,21	192,198	39,13	167,112	383	319
3365	366,267	69,55	205,230	45,36	487	246
3366	632,559	2108,1777	454,379	1365,1398	512	1904
3367	197,169	202,191	134,126	136,161	268	261
3368	332,250	109,83	243,257	77,69	358	215
3369	180,158	198,182	130,120	165,158	283	307
3370	127,140	65,69	96,106	63,33	253	230
3371	75,61	30,17	76,57	26,12	266	215
3372	76,65	63,49	44,48	38,43	304	266
3374	9,13	33,31	19,11	28,21	200	170
3375	168,164	91,93	140,139	98,80	262	234
3377	40,39	1,14	46,35	4,10	232	289
3379	907,791	47,73	738,670	140,70	414	198
3380	41,47	108,116	45,45	82,84	222	197
3381	418,393	108,116	341,304	82,86	222	197
3382	171,150	516,485	108,120	466,410	197	316
3503	19,26	21,15	29,16	19,12	942	214
3504	37,20	12,13	26,22	7,7	247	414
3505	32,11	37,17	23,17	24,23	247	234
3506	43,32	36,40	28,15	26,22	327	289
3507	145,118	421,328	133,136	308,328	242	361
3508	69,89	79,62	68,55	72,63	294	305
3509	6,14	33,28	10,8	22,32	301	228
3510	0,1	91,62	0,1	81,55	283	323
3511	104,127	88,65	123,117	56,39	267	230
3512	105,126	249,212	122,115	160,191	267	294
3513	100,128	229,175	126,114	177,189	267	259
3514	101,65	253,211	85,75	157,193	230	294
3515	194,152	229,174	111,125	174,178	336	259
3516	19,14	14,24	13,17	15,25	297	323
3517	20,20	14,25	17,18	17,20	280	305
3518	26,23	5,7	23,16	9,10	305	228
3519	122,107	103,120	71,59	82,80	368	340
3520	127,156	135,117	73,116	81,80	379	398
3521	943,783	973,846	769,692	713,754	269	267
3522	915,685	2,2	657,649	1,0	267	234
3523	5934,4867	5722,4699	4381,4017	3994,3681	251	245
3524	8691,7639	5640,4795	6551,5677	4104,3360	318	285
3525	8691,7639	6004,5082	6551,5677	4415,3601	318	465
3526	106,78	191,168	58,70	130,105	267	263
3527	0,1	0,5	2,0	2,4	189	184
3529	95,84	44,36	49,43	29,44	287	275
3530	90,83	18,21	49,41	10,15	287	211
3531	111,92	23,22	56,58	9,18	275	211
3532	110,95	92,84	79,84	101,59	353	296
3533	110,101	50,50	93,84	41,38	296	237
3534	51,79	81,60	65,64	72,32	326	317
3535	1,0	281,204	1,1	156,217	221	234
3536	2,0	281,204	4,4	156,217	249	234
3537	78,50	153,134	45,28	112,68	269	325
3538	105,105	130,140	65,72	78,79	322	575
3539	56,60	128,140	59,57	80,79	267	575
3540	105,105	129,143	65,72	78,82	322	578
3541	56,60	128,143	59,57	78,82	267	578
3542	41,30	717,552	19,26	474,415	296	339
3543	430,351	158,135	266,263	154,115	339	218
3544	456,386	205,186	267,268	129,141	275	200
3545	149,94	185,140	95,94	129,112	200	213
3546	438,396	345,321	304,288	239,252	321	268
3547	2,4	34,35	2,4	32,34	202	235
3548	48,59	26,24	52,24	26,16	235	278
3549	4,3	3,5	3,3	1,8	247	266
3550	55,42	46,39	42,36	50,42	193	192
3551	69,88	0,0	52,62	1,0	227	193
3552	0,0	221,202	2,1	163,149	270	193
3553	111,123	46,52	94,108	39,44	1615	193
3554	76,85	46,52	53,62	39,44	227	193
3555	3,4	0,4	5,12	2,0	270	224
3556	41,44	44,40	21,29	46,58	206	1615
3557	41,44	95,90	21,29	66,50	206	227
3559	101,82	76,60	57,65	53,53	230	206
3560	273,234	356,281	188,201	257,291	279	225
3561	259,188	423,357	217,158	315,280	244	279
3562	327,261	313,269	228,191	207,181	290	248
3563	183,157	420,330	149,116	286,263	232	290
3564	176,146	425,331	127,150	287,270	232	290
3565	267,206	152,152	182,181	120,102	259	232
3566	174,147	321,209	127,150	225,166	232	259
3567	1353,1060	629,528	996,1024	422,534	323	239
3568	780,562	1127,933	492,518	799,816	230	323
3569	1273,1000	1349,1105	816,946	860,1019	330	304
3570	815,658	1777,1318	475,580	1010,1086	227	330
3571	381,358	518,415	242,286	333,405	183	227
3572	784,669	274,181	551,522	140,182	374	183
3573	1186,1010	274,181	831,890	140,182	377	183
3574	7,17	2072,1839	14,12	1375,1519	191	377
3575	500,370	675,521	321,273	416,454	243	275
3576	520,432	524,413	384,338	391,337	251	243
3577	911,735	511,409	576,706	340,279	298	251
3578	532,402	2,1	363,404	0,2	288	298
3579	531,400	706,588	364,406	512,443	288	298
3580	165,173	375,306	148,184	262,251	283	313
3581	184,151	146,113	84,94	124,116	283	255
3582	184,151	5,3	84,94	1,2	283	193
3583	117,66	178,169	28,62	132,114	226	283
3584	168,136	115,83	112,131	53,56	331	226
3585	88,77	256,177	69,52	102,145	250	331
3586	188,169	213,148	225,183	120,128	347	308
3587	12,19	39,54	16,12	57,30	392	760
3588	2,2	32,41	1,1	23,28	291	292
3589	48,58	32,41	39,37	23,28	351	292
3590	1513,1454	1173,901	1313,1173	858,811	320	262
3591	208,156	1767,1528	185,99	1399,1213	244	320
3592	38,31	29,24	18,20	27,12	370	247
3597	87,74	38,54	79,71	59,16	230	251
3598	3,5	14,30	2,2	22,13	289	258
3599	436,528	327,327	407,325	266,271	329	274
3600	196,253	326,328	189,161	267,269	251	274
3601	322,359	667,546	262,225	451,529	312	329
3602	195,253	663,544	192,163	452,527	251	329
3603	200,254	329,428	190,163	321,234	251	312
3604	190,173	35,40	102,120	35,31	206	249
3605	196,175	154,173	101,120	138,116	206	249
3606	213,190	154,171	151,156	137,117	236	249
3607	31,18	154,171	24,17	137,117	236	249
3608	539,455	31,19	377,353	25,17	392	236
3609	15,36	0,2	36,24	0,2	267	248
3610	378,352	67,52	279,255	27,67	265	247
3611	380,352	230,239	279,252	181,166	265	247
3612	594,536	89,116	441,353	80,73	247	266
3613	288,271	363,410	227,169	352,294	329	566
3614	215,234	143,125	160,162	88,67	296	267
3615	150,146	381,351	103,140	243,254	263	392
3616	361,302	363,343	158,221	229,249	390	392
3617	376,310	159,157	171,226	101,89	390	263
3618	536,354	737,743	365,325	600,556	221	310
3619	660,467	295,241	447,462	191,193	290	221
3620	2,1	39,40	1,0	34,33	234	245
3621	32,29	79,72	32,29	64,42	234	329
3622	89,47	39,38	60,41	34,33	329	245
3623	58,33	8,14	30,37	5,10	321	343
3624	58,33	26,20	30,37	18,6	321	300
3625	0,0	22,20	1,0	14,5	203	203
3626	228,198	93,95	177,149	80,66	823	372
3627	8,15	222,177	8,10	122,119	273	632
3628	16,19	222,177	19,13	122,119	323	632
3629	11,19	40,35	9,19	33,21	244	273
3630	3,2	41,37	8,2	37,20	244	273
3631	3,2	49,46	8,2	42,25	244	323
3632	39,29	12,15	29,24	14,10	315	244
3633	305,358	110,82	275,324	51,53	777	293
3634	0,0	173,174	2,0	87,114	242	506
3635	0,0	33,25	2,0	13,7	242	234
3637	3,3	0,0	3,9	2,0	209	176
3639	0,0	230,244	1,0	224,185	271	278
3640	32,15	17,16	19,18	16,17	209	185
3641	32,15	70,72	19,18	49,38	209	179
3642	17,9	5,0	23,9	4,0	209	185
3643	17,9	101,76	23,9	78,59	209	182
3644	4,3	81,58	2,2	68,33	209	179
3645	4,1	49,43	2,2	23,15	209	182
3646	4,1	4,4	3,2	5,1	209	182
3648	46,42	76,75	36,28	49,42	209	179
3649	38,26	108,78	36,21	88,63	209	182
3650	14,18	85,61	13,11	73,33	209	179
3651	17,16	70,72	16,17	49,38	185	179
3652	5,0	101,76	4,0	78,59	185	182
3653	22,23	171,126	17,11	135,94	185	182
3654	12,15	82,58	9,6	68,33	182	179
3656	143,98	81,51	81,91	49,44	185	185
3657	128,90	4,6	73,86	7,5	185	182
3658	128,90	11,5	73,86	7,3	185	182
3659	128,90	4,6	73,86	3,1	185	185
3660	321,237	81,51	268,173	49,44	539	185
3661	4,6	11,5	7,5	7,3	182	182
3662	4,6	4,6	7,5	3,1	182	185
3663	141,114	3,2	97,88	4,0	182	185
3664	31,19	128,98	27,25	87,81	182	185
3665	30,19	129,132	27,25	126,79	182	182
3666	4,5	32,30	5,1	31,20	182	182
3667	11,5	4,6	7,3	3,1	182	185
3668	54,40	324,275	33,26	223,175	203	185
3669	67,56	58,46	44,36	41,38	203	185
3670	67,56	30,30	44,36	33,20	203	182
3671	44,37	33,30	27,28	33,14	185	182
3672	58,46	30,30	41,38	33,20	185	182
3673	24,23	33,30	19,10	32,14	185	182
3674	184,162	82,98	153,87	89,64	290	182
3676	39,29	82,98	25,16	89,64	182	182
3677	101,84	0,1	72,44	2,0	182	182
3678	96,118	441,378	93,66	449,309	179	281
3679	21,15	14,14	15,9	9,6	212	326
3680	20,14	417,451	12,8	472,349	212	263
3681	286,228	115,111	241,188	113,95	263	203
3682	286,228	5,6	241,188	8,11	263	316
3683	48,36	111,109	45,42	110,90	263	203
3684	102,93	299,298	77,70	204,262	321	427
3685	71,61	299,298	49,44	204,262	269	427
3697	513,469	237,223	321,351	173,143	227	182
3698	313,305	312,248	192,189	202,184	212	200
3699	1312,1228	619,513	1014,915	498,436	341	252
3700	432,473	269,274	365,388	224,219	305	215
3701	161,153	1273,1185	155,115	970,931	305	341
3702	270,337	149,185	266,211	144,80	266	242
3703	5,4	11,3	7,2	3,2	358	335
3704	24,20	11,3	22,14	3,2	631	335
3705	15,17	16,29	29,10	13,18	241	243
3706	257,281	64,49	296,284	62,53	298	198
3707	1,1	64,49	1,5	62,53	292	198
3708	40,55	120,87	35,31	52,69	343	303
3709	78,88	39,55	64,44	38,34	303	233
3710	72,54	19,34	31,43	27,15	233	198
3711	47,43	29,40	49,55	41,41	280	315
3712	48,52	67,51	39,37	54,64	267	280
3713	54,55	53,38	65,44	47,56	277	280
3714	69,71	51,44	75,55	54,54	277	267
3715	43,37	41,35	49,43	11,18	325	241
3716	2,3	8,4	4,2	1,3	220	227
3717	1,0	1,0	1,0	1,0	227	193
3718	1,0	2,2	1,0	4,3	227	204
3719	1,0	2,2	1,0	4,3	193	204
3721	11,4	6,3	5,3	5,6	329	204
3722	16,5	0,4	20,8	0,0	207	268
3723	4,11	75,66	7,9	97,67	277	251
3724	154,128	10,21	109,110	33,11	230	264
3725	67,81	46,75	102,81	73,50	277	418
3726	87,83	3,8	72,63	11,4	246	287
3727	38,37	61,89	23,23	66,49	179	354
3728	38,37	99,155	23,23	113,94	179	317
3729	163,132	29,40	93,74	33,33	238	179
3730	14,2	22,36	7,7	28,29	238	179
3731	355,239	93,99	218,186	83,66	293	238
3732	149,126	282,266	122,92	194,172	260	293
3733	190,137	296,213	115,75	192,164	248	260
3734	24,16	58,41	20,15	36,26	303	261
3735	24,16	56,42	20,15	38,26	303	251
3736	24,16	54,38	20,15	40,25	303	248
3737	11,10	0,0	15,9	2,0	303	296
3742	10,5	92,76	3,3	89,42	183	302
3746	175,161	137,108	157,129	109,111	228	196
3747	151,156	224,170	154,134	143,150	297	228
3748	7,2	57,75	4,8	46,41	253	325
3749	26,25	57,75	18,25	46,41	256	325
3750	82,87	19,17	56,76	16,19	409	290
3751	22,26	43,27	18,19	28,16	204	223
3752	34,38	16,14	27,23	15,7	233	204
3753	86,52	113,142	43,52	81,93	321	340
3754	29,17	113,142	10,23	81,93	318	340
3755	27,18	55,49	9,23	36,49	318	276
3756	84,53	55,49	42,52	36,49	321	276
3760	21,20	18,15	12,20	12,9	203	227
3762	59,40	1,4	53,38	0,0	203	265
3763	4,0	0,0	0,5	2,1	268	294
3764	172,104	1,4	116,109	4,1	1253	203
3765	4,1	30,5	2,3	7,9	258	296
3766	78,57	60,38	55,63	24,24	281	287
3767	78,57	35,16	55,63	11,13	281	299
3768	108,103	74,63	78,101	49,34	337	276
3769	106,102	81,56	74,101	37,33	337	276
3770	113,123	83,57	78,76	41,33	276	276
3771	25,31	2,2	13,12	0,1	778	271
3772	15,13	2,2	6,4	0,1	327	271
3773	17,24	5,8	26,20	5,6	368	182
3776	254,238	361,252	203,203	231,217	279	246
3813	2,0	0,1	0,3	0,0	225	247
3815	0,0	0,1	0,3	0,2	386	350
3816	0,0	0,1	1,0	0,0	279	270
3817	325,267	235,190	256,198	188,193	260	260
3818	244,215	248,187	186,206	157,139	286	245
3819	344,269	293,222	197,260	206,164	297	286
3820	21,9	35,28	17,15	37,23	227	223
3821	35,42	23,32	51,17	38,15	195	244
3822	17,23	35,30	19,10	41,16	211	199
3823	27,20	33,35	12,15	52,24	230	211
3824	187,195	215,220	241,174	228,167	321	450
3825	399,312	232,158	292,350	142,160	328	234
3826	395,309	243,275	245,286	195,205	317	292
3827	41,38	2,1	38,36	2,0	974	249
3829	1248,979	882,870	902,779	811,669	286	301
3830	1669,1504	1207,941	1276,1093	854,858	293	286
3831	5,2	2,3	5,6	3,2	371	263
3832	23,12	1,0	10,9	0,0	371	263
3833	23,12	17,9	10,9	11,7	371	257
3834	4,0	57,54	1,2	52,43	371	214
3835	1,0	17,9	0,0	11,7	263	257
3836	1,0	0,1	0,0	1,0	263	216
3837	25,15	82,94	15,9	89,68	214	230
3838	141,109	295,241	71,90	158,167	299	436
3839	169,132	5,2	95,97	2,0	301	241
3840	169,132	94,106	95,97	80,90	301	328
3841	156,186	137,88	122,149	90,102	328	332
3843	67,33	75,126	31,50	87,98	341	939
3844	35,35	63,38	26,30	51,47	337	341
3853	126,154	140,132	124,67	157,109	244	306
3854	41,43	153,152	39,25	136,106	179	235
3855	8,5	129,140	10,5	135,100	235	230
3856	3,6	0,1	1,1	3,2	235	223
3857	149,129	128,140	152,121	132,99	235	230
3858	0,2	430,420	0,0	404,302	416	230
3859	213,170	149,116	175,129	167,110	230	223
3860	213,170	27,16	176,128	14,19	230	172
3861	213,170	3,5	176,128	0,1	230	267
3862	0,1	138,109	0,4	149,103	230	223
3863	4,3	94,110	11,3	92,96	223	181
3864	102,117	92,102	105,84	91,98	223	181
3865	104,117	1,4	105,86	0,2	223	267
3866	3,5	27,16	0,1	14,19	267	172
3867	153,107	27,16	105,95	19,17	210	172
3868	137,142	3,2	154,154	1,1	227	239
3869	176,154	143,102	100,99	85,92	298	264
3871	464,305	316,259	320,272	196,166	299	207
3873	494,330	443,361	342,308	295,303	299	269
3874	22,10	423,350	21,33	288,298	259	269
3875	159,155	424,351	133,114	290,299	259	269
3876	159,155	39,29	133,114	27,46	259	299
3877	19,4	660,505	15,11	476,458	285	299
3878	100,56	54,37	50,72	33,29	238	214
3879	9,12	1,2	7,5	3,0	206	198
3880	0,0	6,2	0,2	5,7	251	198
3883	0,2	1,0	0,1	0,0	281	194
3884	10,6	33,18	4,7	22,24	338	245
3885	35,23	51,26	32,42	31,26	256	289
3887	150,109	156,132	77,117	137,140	342	237
3888	71,56	221,159	54,48	183,145	245	630
3889	138,90	815,641	93,87	591,605	297	1122
3890	138,90	942,735	93,87	663,722	297	1108
3891	166,107	123,102	99,107	60,85	287	364
3892	15,5	119,102	6,8	60,87	283	364
3893	51,37	3,2	34,27	1,8	217	283
3895	1263,1562	2715,2907	1499,1271	3025,2179	302	288
3896	2241,1982	1411,1833	1844,1611	1907,1368	261	302
3897	122,89	1411,1833	121,108	1907,1368	1757	302
3898	2153,2161	1410,1832	1977,1651	1906,1368	2200	302
3899	2033,2075	924,1181	1872,1575	1127,956	301	261
3900	2033,2075	966,1219	1872,1575	1186,1008	301	1757
3901	18,25	12,14	12,3	17,20	346	296
3902	46,64	35,26	65,46	34,27	280	225
3903	316,233	9,10	213,147	3,1	217	404
3904	316,233	884,723	213,147	611,580	217	236
3905	316,234	10,13	213,147	13,7	217	236
3906	0,11	79,60	3,4	57,59	287	266
3907	0,11	45,34	3,4	31,44	287	263
3908	936,771	910,699	607,710	595,607	236	230
3910	988,779	289,261	728,652	237,196	230	175
3911	988,780	574,490	729,650	474,455	230	234
3912	390,313	866,831	257,236	692,730	175	238
3913	863,681	1044,889	589,598	817,808	238	251
3914	1092,960	1180,1015	808,787	882,885	251	238
3915	849,801	1995,1742	692,662	1521,1570	238	322
3916	109,82	981,759	79,64	649,703	192	312
3917	70,58	697,550	44,36	521,558	192	227
3918	1619,1373	740,578	1142,1260	556,590	312	227
3919	1606,1369	23,18	1142,1250	16,18	312	227
3920	6,6	23,18	8,3	16,18	219	227
3921	299,259	126,110	217,169	102,100	315	250
3922	303,252	362,330	193,248	237,243	287	368
3923	302,253	91,96	191,245	43,85	287	219
3924	302,253	150,141	191,245	107,107	287	368
3925	300,252	129,110	192,245	101,100	287	250
3926	150,141	91,96	107,107	43,85	368	219
3927	385,322	92,86	253,272	45,86	368	219
3928	376,315	176,164	248,265	81,159	368	333
3929	121,98	64,53	69,71	29,59	219	333
3930	119,122	126,111	59,109	103,100	289	250
3931	234,194	130,110	157,181	101,100	321	250
3932	134,113	182,199	95,101	176,159	266	285
3933	407,387	418,337	351,286	255,326	322	298
3934	65,81	418,337	70,52	255,326	419	298
3935	242,206	442,428	178,155	328,360	255	322
3936	4,2	8,16	4,7	10,4	306	534
3938	13,2	307,290	7,9	272,238	233	264
3939	115,119	307,290	108,107	272,237	233	264
3940	73,72	76,79	32,51	62,58	306	331
3941	85,82	6,20	57,67	7,6	294	200
3942	163,114	6,5	98,91	2,3	355	204
3943	1,2	3,1	0,0	0,6	239	203
3944	348,235	444,315	225,240	266,268	263	246
3945	428,315	586,427	281,302	354,366	246	292
3946	446,355	333,297	263,251	259,236	292	278
3947	95,78	39,40	94,88	32,23	243	216
3948	332,242	79,66	210,209	58,67	478	243
3949	141,131	167,159	89,107	105,108	273	271
3950	83,76	141,125	73,53	117,102	256	260
3951	5,1	141,123	11,2	117,102	256	260
3952	330,322	81,86	252,205	90,57	339	256
3953	432,425	4,8	348,285	5,3	339	230
3954	91,107	172,204	87,78	158,159	246	216
3955	80,63	328,249	51,74	217,240	171	224
3957	478,360	659,576	307,271	473,519	244	283
3958	3,2	513,417	1,7	354,344	253	244
3959	383,364	513,417	330,295	354,344	321	244
3960	87,85	55,51	69,67	45,60	270	248
3961	0,0	20,22	3,2	12,8	252	201
3963	65,60	17,23	45,49	16,17	200	285
3964	66,61	258,250	47,46	199,226	200	285
3965	226,233	159,151	184,211	160,136	285	242
3966	169,175	3,1	148,149	2,0	242	252
3967	171,138	334,362	110,79	238,242	221	280
3968	8,5	146,142	2,4	96,95	293	207
3969	306,242	146,142	192,213	96,95	280	207
3970	173,166	590,480	132,131	391,401	207	410
3971	218,187	937,772	177,160	693,633	222	333
3972	245,222	592,405	178,200	395,360	196	260
3973	235,230	218,132	194,229	135,144	215	196
3974	4,2	10,10	2,8	6,4	413	240
3975	2,6	15,2	4,13	5,1	232	198
3976	270,220	327,258	209,184	229,201	259	222
3977	126,116	327,258	69,62	229,201	262	222
3978	211,195	285,250	195,183	206,202	215	217
3979	395,332	252,235	333,287	222,165	275	215
3980	6733,5904	4483,4364	5879,4801	4077,3411	316	331
3981	655,681	9762,9286	602,517	9143,7467	316	316
3982	4601,4077	6080,5300	3840,3409	4723,3926	241	281
3983	50,54	47,74	63,35	49,46	331	349
3985	2,3	0,2	6,9	0,0	315	431
3986	2,3	1,4	6,9	2,0	315	303
3987	0,0	6,5	3,7	3,3	315	241
3991	1,3	1,4	0,0	2,0	211	303
3992	0,2	1,4	0,0	2,0	431	303
3993	6,5	0,0	3,3	2,0	241	270
3996	5,9	293,254	23,8	202,209	226	300
3997	368,336	62,83	314,276	71,59	302	349
3998	368,336	27,49	314,276	71,26	302	334
3999	581,367	229,226	372,228	200,196	247	213
4000	1485,1134	194,173	1163,1010	127,135	348	247
4001	1,0	194,174	0,0	126,135	232	247
4002	1137,778	194,174	838,727	126,135	272	247
4004	1136,778	1102,694	839,727	739,505	272	348
4005	699,548	1085,694	627,460	719,498	299	348
4006	17,14	45,34	9,11	35,32	197	240
4007	31,20	18,11	16,28	24,8	217	219
4008	31,28	18,7	23,32	4,9	221	179
4009	0,4	13,13	3,3	6,12	179	176
4012	12,5	1,2	9,7	0,3	188	255
4013	89,61	48,44	90,65	36,35	281	224
4014	59,57	0,0	43,51	2,0	224	200
4015	0,1	0,0	0,0	2,0	222	200
4016	124,98	88,62	74,101	57,42	362	287
4017	149,134	4126,3482	107,89	3239,2913	409	279
4018	32,33	4,1	32,36	4,4	225	272
4019	56,70	40,33	46,77	19,19	228	225
4020	53,69	247,165	65,47	141,165	192	201
4021	734,584	248,175	492,501	142,166	314	201
4022	1,7	188,157	0,1	146,160	201	260
4023	193,163	190,156	121,130	146,166	201	260
4024	132,135	114,88	104,101	96,70	242	256
4025	211,219	95,55	158,152	54,85	309	191
4027	33,27	48,42	28,26	44,60	228	232
4028	21,26	2,7	23,18	6,1	256	237
4029	128,111	52,40	66,51	36,32	274	252
4030	49,51	52,41	32,47	39,33	241	252
4031	9,2	1925,1486	4,4	1523,1181	263	243
4032	12,8	265,185	6,8	166,193	265	281
4033	88,53	102,56	59,59	48,82	281	233
4034	18,13	99,56	3,6	47,82	281	233
4035	7,1	10,6	1,4	0,10	272	277
4036	2,8	176,190	3,6	167,127	266	317
4037	11,7	1844,1594	1,3	1294,1269	275	275
4038	1660,1280	20,22	1174,1024	13,20	225	225
4039	0,1	0,4	0,0	0,4	365	530
4040	157,134	115,67	118,167	66,42	295	239
4041	97,88	115,103	52,65	91,88	251	295
4042	77,78	69,65	57,90	55,61	297	246
4043	29,34	131,83	30,26	72,91	330	297
4044	336,306	131,83	259,275	72,91	592	297
4045	70,92	127,130	80,69	95,80	281	374
4046	156,116	90,79	108,129	77,77	324	303
4047	70,75	92,79	64,69	77,77	239	303
4048	93,90	143,147	66,78	123,131	236	248
4049	157,118	143,147	125,113	118,133	281	248
4050	155,118	161,160	129,113	112,106	281	236
4051	136,117	174,166	120,82	135,125	252	281
4052	1,2	29,45	1,0	26,22	197	237
4053	87,63	60,79	64,82	54,47	287	278
4054	255,151	15,10	161,166	7,2	308	270
4055	149,91	130,93	100,117	78,104	308	290
4056	148,91	117,101	99,118	53,63	308	257
4057	110,61	116,101	65,51	54,64	290	257
4058	266,183	251,193	148,159	148,175	268	299
4059	154,123	297,181	82,119	170,164	214	268
4060	6,5	919,665	5,2	563,608	177	564
4061	159,123	330,249	83,119	175,218	214	347
4062	161,134	17,11	102,113	7,14	237	214
4063	159,133	123,90	102,113	79,52	237	235
4064	30,30	72,74	17,18	41,52	302	276
4065	58,79	72,74	60,35	41,52	275	276
4066	32,104	118,203	123,63	151,134	324	313
4067	139,130	158,109	110,110	87,104	249	262
4068	107,100	46,108	92,88	87,75	249	494
4069	115,109	134,123	101,99	77,96	262	284
4070	24,18	3,5	19,20	5,7	268	195
4071	26,20	7,3	20,19	2,2	268	186
4072	44,25	121,87	36,20	76,64	210	257
4073	40,38	44,42	23,33	31,25	200	211
4074	74,39	709,620	29,28	393,464	271	1555
4076	69,71	11,15	36,44	8,17	308	313
4077	69,71	33,32	36,44	21,24	308	218
4078	70,54	94,74	64,40	58,53	258	308
4079	75,104	70,74	41,49	55,70	334	352
4080	121,97	15,12	90,116	6,5	202	206
4081	28,36	43,36	17,23	13,25	263	293
4082	25,15	42,35	1,18	28,25	231	257
4083	29,33	49,41	10,24	33,28	294	306
4084	47,42	34,39	22,41	21,14	321	294
4086	174,153	75,60	107,75	37,50	304	239
4087	16,5	73,51	4,3	35,48	304	239
4088	90,104	173,135	79,57	120,97	248	304
4089	69,76	136,136	44,45	124,109	213	330
4090	158,117	99,110	108,84	108,85	315	296
4091	123,122	90,59	101,105	73,52	293	257
4092	626,490	22,37	441,370	24,29	262	301
4093	626,490	718,668	441,370	660,430	262	434
4094	1729,1528	223,145	1133,1159	153,135	1335	294
4095	254,159	397,289	164,116	286,314	294	314
4096	282,180	441,303	197,173	252,236	314	351
4097	71,57	90,66	65,63	59,88	234	244
4098	134,130	133,135	132,145	117,132	349	306
4099	11,7	9,12	12,7	4,8	306	272
4100	16,5	14,7	4,11	5,2	280	257
4101	16,21	15,24	9,16	4,44	264	273
4102	1094,910	614,577	851,790	541,504	315	269
4103	409,397	615,577	318,283	539,504	309	269
4104	1094,908	193,224	853,792	187,197	315	243
4105	7,6	29,15	9,4	9,6	217	184
4106	26,13	29,15	20,16	9,6	220	184
4107	28,13	45,34	23,17	27,25	246	217
4108	28,13	47,38	23,17	28,27	246	220
4109	33,36	23,11	29,24	7,6	214	246
4110	34,36	41,33	29,26	33,34	214	246
4111	40,21	41,25	27,24	26,35	222	250
4112	121,97	75,75	85,87	43,48	363	274
4113	110,84	1,1	77,76	2,3	312	192
4114	110,84	113,116	77,76	85,101	312	294
4115	1,1	113,116	2,3	85,101	192	294
4116	33,24	184,166	20,11	125,133	192	312
4117	123,96	184,167	71,98	126,135	294	312
4118	122,96	2,4	71,99	0,0	294	281
4119	122,96	121,107	71,99	76,82	294	294
4120	122,96	6,8	71,99	0,2	294	298
4121	135,149	1,0	107,116	0,0	312	281
4122	135,149	120,103	107,116	76,82	312	294
4123	135,149	5,4	107,116	0,2	312	298
4124	420,375	160,117	268,323	115,125	412	362
4126	227,170	27,46	157,164	23,39	358	201
4127	54,49	134,132	26,18	114,98	200	218
4128	165,150	311,260	146,123	258,243	314	309
4129	9878,7770	703,515	10121,10470	667,678	428	177
4130	5742,4460	703,515	5773,6240	667,678	417	177
4131	4,8	37,23	9,6	37,36	230	292
4132	24,14	2,2	24,14	3,5	355	268
4133	8,5	7,5	6,5	5,6	208	268
4134	1,0	28,33	0,1	23,25	287	283
4135	21,21	46,34	21,13	44,37	289	348
4136	3,1	2,2	1,5	0,0	242	235
4137	2,0	2,2	1,1	0,0	274	235
4138	2,0	3,1	1,1	1,5	274	242
4139	6,3	37,20	1,2	32,21	256	295
4140	212,156	94,77	163,162	54,60	365	228
4141	1,6	0,2	0,8	0,0	324	294
4142	1397,1163	16,9	1037,1111	6,1	267	257
4143	2328,2175	1438,1315	2229,2016	1129,1005	236	252
4145	171,157	101,113	148,107	80,91	580	341
4146	748,703	41,45	534,528	40,39	1476	269
4147	92,92	101,88	51,43	65,76	277	308
4148	10,3	124,158	2,8	127,131	212	327
4149	21,28	51,60	13,16	68,55	327	284
4150	67,89	107,80	75,70	74,64	284	266
4151	0,3	34,16	3,0	20,20	273	280
4152	18,31	34,15	15,12	20,22	273	280
4153	2,1	11,6	2,0	4,9	280	210
4154	17,17	39,34	12,7	29,21	205	246
4155	50,46	23,11	26,40	9,13	299	247
4156	39,18	15,22	20,37	9,9	307	249
4157	5,3	39,51	2,0	32,26	259	270
4158	100,89	891,1017	74,63	994,835	171	428
4159	278,297	59,50	270,257	67,35	251	171
4160	3,0	74,64	0,3	64,75	220	191
4161	58,80	335,260	64,60	183,233	221	218
4162	214,170	143,116	138,159	116,91	267	211
4163	15,24	105,95	20,26	60,69	192	244
4164	74,53	31,37	48,57	14,46	339	325
4165	76,53	26,23	51,57	19,13	339	296
4166	41,36	19,29	20,37	24,26	296	241
4167	49,43	440,355	39,50	423,308	292	906
4168	79,63	0,1	61,42	0,0	259	292
4169	78,61	79,59	63,43	35,55	259	292
4170	69,70	49,56	47,50	41,43	248	251
4171	230,196	130,133	177,135	98,109	371	329
4172	97,103	200,183	72,78	95,131	260	354
4173	97,93	183,141	40,58	106,137	264	261
4174	272,233	63,58	194,200	41,40	277	211
4175	773,698	1189,1121	522,483	911,817	277	288
4176	1171,1037	600,557	883,771	460,474	288	320
4177	1171,1037	486,445	883,771	415,321	288	368
4178	1338,1266	20,27	1045,934	13,21	320	176
4179	174,159	108,98	171,145	91,66	368	176
4180	1410,1327	109,97	1123,1001	91,66	368	176
4181	1410,1323	20,27	1123,1000	13,21	368	176
4182	168,160	812,683	132,151	708,524	176	275
4183	81,60	0,1	65,47	0,1	200	268
4184	169,126	152,157	115,121	127,132	248	277
4185	70,70	70,96	71,62	70,50	227	230
4186	9,19	194,126	8,7	91,100	244	282
4187	793,705	719,533	617,623	511,446	294	271
4188	413,366	717,529	273,276	510,446	275	271
4189	467,408	621,526	334,355	395,362	274	294
4190	332,288	632,585	240,216	507,519	291	274
4191	763,697	660,615	509,505	536,530	361	274
4192	417,368	640,593	273,276	510,519	275	274
4193	406,321	626,577	276,234	495,507	255	274
4194	765,705	584,496	519,516	423,476	361	291
4195	446,405	547,461	314,299	403,440	275	291
4196	418,333	536,452	286,246	396,426	255	291
4197	459,408	517,469	298,323	372,327	275	361
4198	405,318	500,443	275,237	318,334	255	275
4199	133,135	396,365	97,110	261,304	189	255
4201	678,592	1423,1184	498,465	1089,1104	332	350
4202	274,310	1488,1319	212,256	1164,1176	209	374
4203	434,359	705,617	322,249	519,551	239	260
4204	581,448	933,806	450,442	616,656	221	294
4205	1127,967	395,340	745,829	233,326	294	232
4206	134,108	107,92	82,98	85,75	299	292
4207	2,1	91,90	0,0	77,52	248	446
4208	3,1	91,90	1,0	77,52	277	446
4209	0,0	47,29	6,0	43,48	304	455
4210	0,1	47,29	6,2	43,48	316	455
4211	1,4	0,2	1,0	0,0	411	394
4212	1205,1018	322,270	908,753	209,201	262	182
4213	202,166	229,226	144,144	175,175	326	323
4215	159,116	97,98	105,131	93,81	391	296
4216	114,83	99,98	76,84	92,81	319	296
4217	43,65	39,23	46,50	23,29	253	252
4218	27,22	67,53	12,17	38,48	270	290
4219	1,2	68,54	4,3	38,49	185	290
4220	1,2	99,88	4,1	55,91	185	270
4221	68,31	14,18	14,35	7,8	190	185
4222	35,20	3783,3177	14,16	2681,2618	288	404
4223	3482,2836	3089,2286	2425,2471	1879,1981	404	333
4224	2766,2264	2084,1859	1860,1857	1553,1579	333	336
4225	2043,1725	2431,1974	1587,1663	1706,1667	311	279
4226	1759,1370	1734,1262	1290,1220	1259,1100	279	250
4227	1757,1358	959,944	1289,1210	812,809	279	263
4228	1783,1417	960,955	1282,1212	809,820	250	263
4229	223,240	42,78	190,164	101,82	319	310
4230	58,78	220,230	71,59	235,184	263	320
4231	118,161	162,137	111,94	118,94	290	263
4232	0,7	92,116	0,6	108,89	245	290
4233	42,18	78,107	33,25	62,62	254	242
4234	116,135	218,183	118,97	205,144	298	279
4235	37,58	210,161	48,38	197,137	294	279
4236	37,23	11,13	30,21	10,14	315	279
4238	4,1	1,3	5,7	0,2	259	229
4240	10,5	53,51	0,1	52,44	362	258
4241	121,102	53,51	90,99	52,44	281	258
4242	14,13	57,71	11,11	48,46	238	308
4243	22,18	48,36	25,16	19,33	237	253
4244	10,11	24,13	10,16	8,12	227	205
4245	11,10	20,17	10,16	16,20	227	248
4246	62,47	4,7	33,17	2,4	196	228
4249	9,15	23,25	13,16	21,22	264	325
4250	71,63	214,218	81,50	163,143	239	256
4251	6,16	10,9	10,8	4,7	359	276
4256	29,21	23,12	15,10	13,16	207	205
4257	13,8	52,61	12,15	45,33	210	298
4258	8,7	798,834	4,4	664,576	251	1005
4259	38,19	3,2	19,24	0,1	247	321
4260	13,10	3,2	4,8	0,1	260	321
4261	16,7	3,2	13,11	0,1	240	321
4262	112,75	2,8	80,88	0,0	283	432
4263	67,38	72,51	41,51	36,47	283	283
4264	49,49	4,6	37,43	7,3	403	254
4265	12,9	14,16	10,9	12,14	283	254
4266	186,174	10,11	141,132	8,20	402	248
4267	8,6	1,0	3,15	1,2	248	312
4268	153,139	3,2	116,86	1,2	279	312
4269	12,10	4,0	3,3	0,4	224	337
4270	12,10	16,9	3,3	6,15	224	280
4271	4,0	16,9	0,4	6,15	337	280
4272	86,104	289,277	58,44	231,226	245	300
4273	76,94	11,12	51,36	12,16	245	300
4274	76,92	8,1	49,36	3,8	245	300
4275	406,294	217,250	240,251	194,198	300	295
4276	406,294	90,93	240,251	69,59	300	219
4277	406,294	69,73	240,251	57,49	300	208
4278	406,294	28,18	240,251	22,7	300	465
4279	210,241	26,25	192,193	29,7	318	465
4280	8,7	317,308	11,7	237,237	318	301
4281	217,250	28,18	194,198	22,7	295	465
4282	492,514	26,25	414,410	29,7	295	465
4283	292,281	317,308	234,225	237,237	295	301
4284	90,93	28,18	69,59	22,7	219	465
4285	96,102	26,25	78,67	29,7	219	465
4286	7,10	317,308	9,4	237,237	219	301
4287	69,73	28,18	57,49	22,7	208	465
4288	74,74	26,25	58,51	29,7	208	465
4289	1,2	317,308	5,1	237,237	208	301
4291	295,205	132,145	242,216	109,132	338	332
4292	120,93	357,308	76,100	255,225	265	418
4293	13,30	357,308	11,13	255,225	311	418
4294	157,118	106,94	99,89	103,62	239	243
4295	1675,1486	613,532	1275,1067	501,483	388	297
4296	1569,1502	459,351	1351,1119	384,288	349	237
4297	943,772	621,533	591,612	432,478	306	246
4298	748,572	1164,957	505,501	871,758	303	306
4299	48,51	1645,1310	24,47	1055,1093	297	303
4300	599,508	444,475	444,452	436,323	241	272
4301	4,22	521,518	20,26	435,408	272	239
4302	1,16	521,518	15,9	435,408	299	239
4303	4,2	5,1	1,0	2,0	315	279
4304	4,2	4,1	1,0	0,0	315	209
4305	357,319	93,109	290,227	105,70	269	230
4306	351,317	214,262	291,226	197,185	269	405
4307	4,2	93,109	1,4	105,70	217	230
4308	135,117	261,319	140,71	266,264	230	326
4309	867,868	1824,1861	785,713	1693,1526	286	354
4310	519,610	691,698	549,527	591,509	247	212
4311	1476,1423	737,728	1430,1111	610,534	302	212
4312	2837,2713	154,147	2665,2164	136,174	302	291
4313	2,2	21,38	0,0	17,11	239	272
4314	11,24	279,252	10,14	235,216	203	366
4315	310,243	347,226	235,230	213,212	294	268
4316	280,227	98,61	197,213	58,59	266	320
4317	570,523	445,361	405,434	399,372	317	287
4318	181,255	461,401	267,236	389,328	305	218
4319	3,7	298,366	5,6	356,321	203	305
4320	883,1163	1,3	1110,837	1,2	302	218
4321	302,343	432,568	262,216	561,410	250	302
4322	349,471	426,566	325,286	554,409	212	302
4323	296,332	29,23	251,211	37,16	250	302
4324	349,471	5,5	325,286	9,3	212	250
4325	352,470	306,375	332,284	373,280	212	250
4326	48,42	7,16	57,39	11,18	305	248
4327	305,285	414,315	237,201	249,247	264	281
4328	58,118	3,4	109,109	0,0	306	257
4329	59,55	60,45	45,37	61,69	226	251
4331	160,131	15,10	115,91	5,19	226	766
4332	10,27	4,1	8,22	1,3	270	237
4333	385,347	79,56	268,267	42,47	341	198
4334	119,82	84,73	83,69	41,58	203	198
4335	94,69	119,99	74,59	87,96	203	215
4336	94,71	4,7	74,60	1,4	203	198
4337	0,2	7,4	0,0	3,2	330	458
4338	0,2	0,2	0,0	0,2	330	243
4339	0,2	4,2	2,0	1,2	330	462
4340	0,2	7,4	2,0	3,2	330	458
4342	0,2	0,0	2,0	0,4	330	243
4343	0,2	324,264	2,0	198,198	330	198
4344	4,2	0,0	1,2	0,4	462	243
4345	4,2	324,264	1,2	198,198	462	198
4346	7,4	0,2	3,2	0,2	458	243
4347	7,4	0,0	3,2	0,4	458	243
4348	7,4	324,264	3,2	198,198	458	198
4351	0,0	324,264	0,4	198,198	243	198
4352	97,80	145,112	65,70	95,105	198	215
4353	98,80	17,10	65,70	8,13	198	215
4354	98,80	171,112	65,70	104,85	198	220
4355	17,10	171,112	8,13	104,85	215	220
4356	100,90	170,112	67,64	104,85	215	220
4357	1,1	0,3	1,1	0,1	206	305
4358	637,473	283,229	451,372	163,193	386	269
4359	635,474	766,623	447,372	551,526	386	367
4360	643,483	332,311	457,373	229,216	1035	253
4361	236,186	764,623	172,165	552,528	262	367
4362	343,246	764,628	232,268	551,526	303	367
4363	340,244	238,199	222,261	175,178	303	367
4364	51,52	764,628	33,44	551,526	255	367
4365	3,4	764,628	11,6	551,526	250	367
4366	698,568	334,313	549,517	239,223	367	253
4367	697,568	3,2	550,517	4,2	367	253
4368	400,324	7,9	281,293	5,7	253	478
4369	849,745	7,10	602,572	7,16	253	478
4370	401,324	437,401	281,293	325,263	253	407
4371	7,10	76,54	6,16	46,56	478	2204
4372	7,10	0,3	6,16	0,1	478	305
4373	7,10	1,2	6,16	0,0	478	279
4377	0,1	48,29	1,3	19,16	176	194
4378	1538,1214	2123,1819	1136,1012	1300,1227	261	295
4379	165,147	1484,1411	100,96	1223,1053	212	746
4380	182,149	222,178	108,119	174,160	236	255
4381	175,128	76,81	124,136	46,55	229	236
4382	38,35	19,17	24,11	25,8	230	224
4383	38,37	21,17	24,11	22,11	230	242
4384	5,3	46,48	6,1	27,32	242	290
4385	2,0	45,49	2,0	25,32	242	290
4386	104,123	76,76	73,69	70,67	330	291
4387	588,657	570,505	418,326	341,347	315	313
4388	7,3	570,505	0,2	341,347	254	313
4389	617,565	383,317	341,387	230,248	313	279
4390	3,0	12,5	0,0	5,7	214	254
4391	453,487	403,441	312,311	260,281	277	303
4392	3,6	403,441	2,2	260,281	267	303
4393	550,546	523,474	401,376	358,353	303	296
4394	537,546	182,274	400,375	204,148	303	244
4395	415,486	285,285	362,259	234,181	324	225
4396	44,18	25,21	21,26	17,13	312	239
4397	13,5	9,5	5,10	1,3	189	315
4398	27,14	9,5	16,15	1,3	243	315
4399	46,66	143,137	35,50	155,99	268	278
4401	748,614	499,384	528,433	365,306	323	290
4402	524,391	613,534	365,366	439,364	262	323
4403	347,258	467,377	250,270	335,283	250	262
4404	581,476	346,277	439,386	217,255	363	258
4405	96,79	626,436	54,42	446,364	321	363
4406	0,3	10,1	0,2	4,2	263	251
4407	0,1	638,587	0,0	404,391	193	321
4408	0,2	638,587	1,0	404,391	279	321
4409	0,2	457,379	0,0	296,286	279	321
4410	165,174	4,10	90,91	0,4	270	234
4411	0,0	17,11	4,0	11,14	265	269
4412	157,76	57,60	111,95	50,49	303	298
4413	94,111	94,76	60,63	66,82	298	286
4414	49,53	109,115	50,41	85,82	286	329
4415	117,97	52,61	88,107	49,39	329	241
4416	109,95	8,4	89,107	4,4	329	241
4417	75,95	1068,1022	68,60	784,788	301	2959
4418	75,95	1008,973	68,60	743,749	301	2875
4419	650,527	1350,1012	500,478	940,859	312	308
4420	650,527	1,5	500,478	0,2	312	210
4421	22,14	7,8	12,16	3,7	281	217
4422	160,132	323,257	107,95	205,210	235	310
4423	133,140	281,195	117,110	178,161	208	264
4424	255,224	364,305	211,171	280,200	292	278
4425	1,0	12,11	4,1	10,14	265	304
4427	50,33	58,61	32,35	33,49	205	219
4428	50,29	0,0	32,32	1,0	205	219
4429	50,29	49,34	32,32	23,26	205	237
4430	0,0	49,34	1,0	23,26	219	237
4431	85,34	48,38	70,62	23,29	219	237
4432	96,58	4,5	42,49	5,1	240	375
4433	497,427	321,293	369,336	249,224	323	216
4434	490,382	409,336	302,302	271,324	216	231
4435	487,381	13,6	296,300	5,4	216	231
4436	293,276	658,571	255,211	444,477	231	261
4437	652,594	212,183	516,513	133,194	288	222
4438	263,246	560,411	190,238	305,352	222	270
4439	262,248	300,185	190,238	147,179	222	234
4440	377,384	299,185	306,313	147,180	270	234
4441	374,296	741,611	255,274	588,538	259	292
4442	743,513	185,158	409,404	123,193	388	212
4443	23,22	91,65	21,18	51,51	242	340
4444	76,82	172,143	74,54	146,92	276	293
4445	75,84	221,214	74,54	159,103	276	1488
4446	297,304	0,3	257,205	3,0	266	368
4447	2,0	20,37	1,4	104,70	269	179
4448	6,9	30,39	17,8	44,32	182	311
4449	19,18	196,225	5,7	195,210	298	353
4450	493,376	201,225	367,432	194,210	298	353
4451	80,87	133,119	77,67	117,112	243	214
4452	903,640	810,695	598,635	585,467	338	279
4453	1296,1036	810,697	875,935	584,467	3051	279
4454	468,350	1057,801	311,321	670,661	225	338
4455	2864,2584	1592,1253	2121,2153	1045,1051	665	3051
4456	2866,2583	328,219	2122,2160	225,219	665	225
4457	2133,1844	2266,1950	1394,1544	1766,1698	746	674
4458	3204,2739	2266,1950	2117,2263	1766,1698	872	674
4459	62,39	101,68	63,41	86,46	210	245
4460	123,84	260,218	118,53	188,180	255	358
4461	166,140	42,28	159,151	19,32	312	211
4462	0,3	80,49	0,3	72,56	283	210
4463	1117,984	753,625	850,763	567,516	267	248
4464	389,333	222,208	363,301	200,170	350	320
4466	179,131	70,87	121,117	72,60	235	216
4467	77,72	191,144	68,43	134,141	316	247
4468	77,72	0,0	68,43	1,0	316	220
4469	2,0	2,2	0,7	2,0	304	278
4470	0,2	2,2	3,2	2,0	291	278
4471	1,1	3,4	1,1	4,1	299	345
4472	29,17	77,63	8,20	51,47	216	237
4473	31,30	77,63	24,13	55,50	194	237
4474	46,36	65,47	27,20	46,27	235	216
4475	3,0	46,32	1,3	28,20	194	216
4476	10,4	52,31	9,0	29,32	191	235
4477	46,45	52,31	37,18	29,32	194	235
4478	9,4	50,27	10,0	29,33	191	235
4479	13,6	50,27	12,2	29,33	194	235
4480	90,102	77,77	72,64	67,56	264	266
4481	69,47	60,61	38,38	59,43	231	264
4482	190,139	106,79	82,103	78,91	343	313
4483	486,374	567,439	330,393	380,399	266	341
4484	335,302	553,428	227,219	377,394	250	341
4485	39,24	553,428	37,34	377,394	266	341
4486	335,302	39,24	227,219	37,34	250	266
4487	434,405	181,157	324,304	142,124	498	264
4488	274,246	189,168	222,175	151,138	332	285
4489	348,342	317,290	291,309	220,193	303	333
4490	348,342	207,169	291,309	195,134	303	348
4491	8,6	364,312	8,9	348,291	300	272
4492	21,27	437,337	31,22	392,363	272	353
4493	191,206	435,337	187,154	391,364	272	353
4494	509,411	649,591	469,399	530,498	353	410
4495	65,49	97,119	42,36	87,53	247	290
4496	1,0	3,4	0,0	4,7	200	344
4497	15,23	52,74	12,20	58,55	207	222
4498	77,54	54,74	65,57	56,53	267	222
4499	109,81	55,36	75,61	17,33	322	213
4500	40,39	88,61	46,31	59,61	304	318
4501	4,23	9,15	26,20	8,7	180	293
4502	97,80	83,108	58,63	78,69	383	299
4503	77,42	111,111	26,40	80,90	258	383
4505	215,258	185,179	227,212	151,178	264	190
4506	7,16	1,2	5,0	2,3	297	205
4507	413,307	460,326	274,299	256,276	310	250
4508	412,337	480,353	296,297	293,343	250	305
4509	396,327	94,60	284,288	45,53	250	305
4510	400,329	128,99	286,291	79,98	250	305
4511	805,592	196,156	471,518	134,145	305	224
4512	738,547	487,415	440,482	394,368	305	309
4513	839,631	112,84	505,563	69,61	305	224
4514	234,199	554,459	162,192	423,404	224	309
4515	430,344	104,78	279,300	60,67	224	309
4516	430,344	316,247	279,300	178,215	224	367
4517	430,344	760,615	279,300	510,552	224	382
4518	104,78	316,247	60,67	178,215	309	367
4519	104,78	760,615	60,67	510,552	309	382
4520	356,260	315,249	224,257	180,218	309	367
4521	356,260	759,617	224,257	512,555	309	382
4567	5,6	15,8	11,6	9,9	224	301
4568	61,73	64,44	46,28	46,48	353	308
4569	343,243	414,323	188,188	219,256	246	267
4570	206,189	192,178	172,159	144,94	219	215
4571	649,543	1010,932	403,451	751,713	232	238
4572	926,769	7,1	641,687	1,3	267	251
4573	1319,1196	874,776	986,927	638,570	278	251
4575	53,52	91,96	65,38	93,67	217	230
4576	109,90	213,176	104,76	182,137	230	275
4577	4,1	1,2	2,0	3,0	295	244
4578	122,65	83,60	69,83	29,65	350	292
4579	74,66	100,71	43,52	92,86	292	328
4580	373,278	218,206	259,249	157,194	188	185
4581	0,1	188,234	0,0	155,185	210	227
4582	726,694	803,682	579,630	538,528	210	251
4583	718,684	11,15	576,628	10,5	210	251
4584	947,812	297,267	740,618	208,172	251	194
4585	933,797	188,237	725,611	156,195	251	227
4586	929,790	38,47	722,611	53,41	251	227
4587	13,14	1347,1155	20,4	1138,919	227	952
4588	0,0	0,2	1,0	0,0	183	198
4589	0,0	357,265	1,0	215,224	183	224
4590	0,2	357,265	0,0	215,224	198	224
4593	52,51	3,0	60,33	0,0	198	202
4594	1,0	357,265	0,0	215,224	202	224
4595	144,138	357,265	115,99	213,224	202	224
4596	0,1	180,182	2,1	126,154	224	205
4597	327,239	181,180	247,224	126,154	224	205
4598	9,8	181,180	5,6	126,154	222	205
4599	388,318	615,528	279,240	435,383	247	280
4600	388,318	210,184	280,240	205,202	247	223
4601	510,399	212,184	321,305	205,202	280	223
4602	5,0	128,86	0,0	63,61	172	221
4603	3,4	128,86	4,4	63,61	217	221
4604	2,0	3,3	0,0	4,3	217	221
4605	113,125	125,102	103,74	113,123	259	329
4606	113,125	131,105	103,74	113,127	259	345
4607	67,75	159,106	50,65	100,93	227	291
4608	190,147	144,183	128,143	146,129	319	330
4609	191,179	179,190	152,126	144,137	387	319
4610	45,37	144,114	19,31	76,100	210	376
4611	45,37	30,20	19,31	12,26	210	346
4612	118,116	41,34	79,115	21,44	437	210
4613	9,4	4,7	2,0	0,6	269	269
4614	6,6	8,3	3,2	0,0	278	269
4616	10,5	2,3	1,3	10,7	220	294
4617	95,100	146,102	82,101	113,154	280	257
4618	70,51	63,52	47,37	51,50	257	212
4619	94,69	114,92	89,82	97,72	212	257
4620	153,105	89,87	120,148	98,98	257	316
4621	133,126	90,87	101,109	96,98	265	316
4622	166,153	449,308	135,134	289,325	331	306
4623	6,12	629,547	5,4	412,429	285	341
4624	372,279	611,506	265,253	394,428	285	368
4625	724,494	634,553	423,471	413,431	368	341
4626	186,136	634,553	76,117	413,431	336	341
4627	478,461	547,423	371,374	372,373	341	300
4628	535,429	145,108	325,360	94,79	300	331
4629	652,510	102,96	440,432	78,85	331	275
4630	26,28	102,96	12,17	78,85	302	275
4631	302,279	212,177	256,231	172,165	239	275
4632	302,280	114,101	256,231	85,91	239	275
4633	303,279	441,306	256,231	274,315	239	277
4634	369,288	439,307	274,259	274,315	275	277
4635	37,19	166,155	8,14	93,121	233	268
4636	170,118	179,196	117,110	152,179	320	359
4637	305,247	45,44	199,201	55,32	3328	237
4638	106,83	28,15	79,99	18,9	237	189
4639	278,210	236,249	153,168	213,176	352	332
4640	2,1	236,249	1,3	213,176	226	332
4641	145,101	112,95	116,108	54,47	299	362
4642	67,77	115,121	61,84	73,87	238	299
4643	91,120	72,60	87,70	73,68	225	238
4644	97,83	86,52	51,53	37,54	253	225
4645	353,354	54,67	336,255	35,25	495	216
4646	6,6	21,27	5,4	14,20	228	309
4647	18,25	8,3	10,17	11,7	330	228
4648	13,13	25,14	12,9	24,16	268	339
4649	475,327	711,598	280,239	463,451	354	443
4650	190,119	711,598	105,93	462,453	354	443
4651	285,208	179,117	159,176	98,98	290	354
4652	285,208	481,395	158,176	303,308	290	354
4653	85,62	280,201	62,76	179,143	224	290
4654	91,60	3,3	62,46	0,1	224	224
4655	93,61	129,102	64,46	83,86	224	224
4656	40,60	190,147	38,39	141,144	281	290
4657	100,101	67,54	71,73	27,46	281	234
4658	4,3	7,2	3,7	10,3	177	193
4659	171,160	422,293	154,130	246,315	199	317
4660	454,378	149,105	330,273	95,102	317	207
4661	486,390	130,94	284,347	70,78	335	203
4662	51,48	82,59	39,19	35,45	257	266
4667	5,11	9,10	2,6	12,6	274	216
4668	9,6	0,1	7,7	0,0	216	268
4670	1415,1299	145,95	979,1159	96,76	1949	280
4671	20,16	90,65	5,7	47,58	369	253
4672	149,138	90,65	68,76	47,58	324	253
4673	33,21	68,76	18,8	30,61	282	240
4674	36,21	27,20	16,8	17,24	282	207
4675	19,2	27,21	9,4	16,24	240	207
4676	300,230	92,65	204,130	39,34	592	290
4677	90,50	29,31	49,45	15,30	238	229
4678	12,5	189,151	2,1	131,130	203	246
4679	56,41	123,97	33,44	103,104	240	293
4680	299,241	63,45	217,194	55,45	668	240
4681	99,94	278,226	111,76	170,165	258	347
4682	92,90	124,84	95,75	88,76	258	347
4683	327,228	90,70	204,202	65,47	347	218
4684	3,2	318,349	1,2	295,261	233	529
4685	1478,1301	4,3	1156,1018	3,3	230	212
4686	1478,1301	6,3	1156,1018	6,3	230	215
4687	0,0	67,36	0,1	35,31	213	231
4688	17,16	69,38	24,15	38,33	213	231
4689	112,99	58,47	84,54	40,43	368	252
4690	54,58	68,72	55,35	68,65	313	353
4691	26,18	61,69	12,8	69,37	238	313
4692	231,218	556,488	188,169	407,349	359	339
4693	375,313	789,730	259,266	585,610	254	359
4694	558,445	396,338	380,351	324,295	305	254
4695	13,24	386,335	22,17	320,288	305	254
4696	337,251	591,407	227,199	388,383	229	301
4697	6,2	7,5	0,2	8,4	227	272
4698	115,75	120,105	54,63	86,83	194	228
4699	275,197	90,68	141,176	73,56	253	216
4700	116,74	90,66	54,63	73,55	194	216
4701	138,82	0,0	86,96	0,1	217	194
4703	71,60	1,0	54,38	2,2	242	188
4704	29,51	62,60	50,29	53,54	248	284
4705	53,30	64,66	30,24	75,41	236	261
4706	62,56	64,65	76,55	75,42	282	261
4707	26,36	128,109	67,24	81,97	261	264
4708	124,79	113,106	50,78	84,97	325	285
4709	145,125	112,106	90,85	86,97	351	285
4710	145,125	168,92	90,84	92,72	351	325
4711	173,159	167,93	119,121	92,72	436	325
4712	90,107	165,106	60,92	71,97	277	351
4713	49,43	77,84	30,55	52,53	223	277
4714	105,80	160,139	68,90	104,108	200	269
4715	35,35	35,39	29,50	15,16	816	362
4716	137,131	155,148	105,105	131,148	258	253
4717	10,3	5,6	3,2	7,3	232	215
4718	1,0	4,6	0,0	7,5	232	215
4719	5,1	6,2	2,2	1,1	208	203
4720	174,143	19,18	112,128	12,16	271	318
4721	0,0	0,2	0,2	0,1	274	261
4722	0,4	368,252	1,4	264,270	263	435
4723	0,4	96,69	1,4	69,64	263	260
4724	37,25	97,70	18,18	63,64	236	260
4725	0,4	474,342	1,4	345,371	263	425
4726	37,25	412,288	18,18	302,322	236	425
4727	211,231	701,596	184,238	532,580	256	365
4728	167,189	427,303	183,167	271,254	302	272
4729	321,258	115,94	215,226	78,109	331	226
4730	239,161	1,0	158,141	0,0	257	203
4731	238,161	59,65	160,140	56,41	257	203
4732	16,3	59,65	6,4	56,41	298	203
4733	123,87	198,152	87,83	129,140	238	318
4734	2,5	2,2	6,3	2,0	240	272
4735	43,31	74,67	24,25	49,77	268	349
4736	87,71	103,88	58,65	65,74	327	304
4737	87,71	27,25	58,65	23,19	327	255
4738	56,37	23,27	46,42	23,19	304	255
4739	55,38	9,14	46,42	6,7	304	215
4740	55,38	10,7	46,42	7,6	304	255
4741	56,34	2,0	42,39	2,0	260	215
4742	52,31	37,35	32,32	13,25	240	229
4743	37,24	40,24	22,14	12,15	222	244
4744	52,55	63,27	41,35	25,30	244	247
4745	42,49	102,68	39,27	48,57	244	381
4746	47,50	543,416	21,37	308,335	234	1280
4747	125,166	230,208	204,150	197,157	471	226
4748	95,135	230,208	171,129	197,157	468	226
4749	129,147	346,299	145,126	237,244	226	293
4750	78,108	156,161	97,78	130,102	214	251
4751	169,127	50,43	130,111	54,31	258	185
4752	169,125	0,6	130,111	0,0	258	185
4753	43,30	50,43	21,26	56,33	229	185
4754	21,12	0,4	14,11	1,1	229	185
4755	21,12	148,98	14,11	106,83	229	223
4756	16,11	210,151	14,11	122,131	229	231
4757	226,182	148,96	180,141	107,83	229	223
4758	223,181	210,151	178,141	123,131	229	231
4759	0,4	148,98	1,1	106,83	185	223
4760	65,66	426,377	54,66	375,347	185	351
4761	218,181	177,139	160,167	127,138	377	289
4762	445,383	177,143	345,364	129,138	377	289
4763	270,197	83,60	199,202	46,51	344	214
4764	3,5	86,58	6,3	50,48	263	329
4765	13,9	83,73	6,9	63,63	319	326
4766	219,167	253,194	179,149	150,155	251	221
4767	568,538	416,318	434,352	240,241	343	267
4768	39,24	111,83	22,29	74,92	231	387
4769	9,10	28,26	11,9	25,30	192	231
4770	0,1	1,1	3,0	2,0	173	170
4771	33,21	73,44	21,13	28,36	203	247
4772	64,54	18,20	53,54	12,20	247	210
4773	488,379	754,646	297,304	569,578	217	264
4774	468,360	0,0	282,291	1,2	217	264
4775	468,360	389,273	282,291	252,227	217	237
4776	0,0	389,273	1,2	252,227	264	237
4777	976,759	408,295	621,568	267,242	264	237
4778	547,381	338,273	351,340	245,248	273	211
4779	547,378	231,211	352,340	196,187	273	221
4780	370,239	609,536	243,275	400,496	211	270
4781	414,332	83,68	256,285	59,61	396	219
4782	55,69	37,39	48,46	26,29	196	161
4783	6,1	61,61	0,0	44,52	233	188
4784	37,17	56,45	28,15	41,39	234	288
4785	3,0	1,0	1,0	0,3	273	308
4786	29,25	70,83	31,29	35,51	240	300
4791	567,469	360,313	436,352	284,303	590	420
4792	66,34	144,103	42,49	100,97	248	277
4793	98,87	98,62	58,89	61,61	260	248
4794	87,68	83,63	54,41	67,60	293	260
4798	10,9	514,350	15,2	394,310	216	871
4800	192,123	117,70	111,153	67,59	310	298
4801	145,115	140,110	89,107	93,91	322	310
4802	8,21	140,110	5,9	93,91	300	310
4803	644,552	200,136	431,524	122,156	978	322
4804	75,68	148,126	63,64	99,139	280	307
4805	7,10	23,16	8,12	12,19	227	308
4806	17,14	21,4	11,15	12,10	308	281
4807	19,11	5,4	10,9	8,6	281	282
4809	213,159	133,113	174,144	108,108	315	257
4810	75,80	442,330	59,88	243,304	276	418
4811	5,6	13,17	5,0	15,12	213	239
4812	5,6	19,22	5,0	17,23	213	325
4813	13,17	19,22	15,12	17,23	239	325
4814	30,21	31,33	21,24	21,18	303	255
4815	26,19	60,38	21,24	33,32	303	385
4816	25,19	23,19	23,24	15,13	303	385
4817	26,21	29,18	15,13	15,18	385	308
4818	66,35	42,36	34,33	32,53	339	369
4823	78,81	914,705	51,53	517,611	260	835
4824	98,78	93,78	67,48	61,62	281	238
4825	138,106	195,187	87,93	139,117	232	278
4826	701,630	13,14	500,468	12,18	218	222
4827	647,659	651,521	454,429	398,438	222	225
4828	645,658	969,894	453,430	726,753	222	305
4829	823,766	664,529	581,506	411,451	244	225
4830	70,47	77,68	56,31	51,63	209	263
4831	196,130	31,16	106,107	15,13	263	194
4832	163,115	3,6	98,97	1,8	263	194
4833	42,35	127,96	27,32	78,95	194	218
4849	10,28	41,40	35,41	45,37	322	326
4850	10,11	22,24	16,13	22,19	229	1103
4851	3,5	2,0	0,4	0,0	284	290
4852	621,456	124,119	374,394	98,98	302	188
4853	621,455	29,19	374,396	10,10	302	188
4854	211,170	291,213	118,182	151,171	215	302
4855	260,196	263,184	151,158	159,170	374	215
4857	159,144	115,123	101,81	99,91	261	213
4858	227,239	169,175	168,129	140,100	478	290
4859	31,53	169,175	36,33	140,100	213	290
4860	101,99	175,189	74,75	144,111	213	290
4861	2197,1962	2413,2028	1793,1580	1777,1421	739	419
4862	188,288	2411,2029	318,227	1777,1421	258	419
4863	2155,1928	2413,2028	1777,1556	1777,1421	360	419
4864	776,679	2411,2029	636,539	1777,1421	360	419
4865	3222,2695	2179,1732	2320,2400	1927,1837	305	328
4866	227,200	248,178	168,196	147,165	323	216
4867	223,192	10,7	165,190	15,5	323	267
4868	155,139	303,260	78,127	198,238	216	247
4869	12,12	4,6	12,13	6,3	271	215
4870	276,233	412,304	269,191	238,237	236	234
4871	295,258	412,304	285,208	238,237	241	234
4872	562,439	723,552	391,371	533,547	300	298
4873	543,434	403,341	389,367	365,302	300	250
4874	0,0	403,341	1,1	365,302	292	250
4875	493,316	422,346	313,293	368,303	298	250
4877	0,3	1,0	0,5	0,0	350	291
4878	4,1	0,0	2,0	1,1	245	264
4880	7,5	0,0	4,4	0,1	261	264
4882	7,5	0,0	4,4	2,0	261	245
4883	7,5	0,0	5,5	2,0	261	245
4884	389,375	760,643	260,287	588,499	298	397
4885	392,340	544,412	262,290	319,330	304	298
4886	43,38	200,130	41,48	125,148	296	245
4887	379,271	142,83	264,282	58,58	284	249
4888	142,126	313,204	110,102	190,178	237	284
4889	191,204	240,168	135,154	185,190	251	237
4890	257,247	220,164	197,235	173,187	293	237
4891	275,251	233,189	209,240	159,158	293	251
4892	507,420	264,264	391,349	190,205	428	293
4893	18,18	526,479	22,21	398,426	320	428
4894	17,22	7,15	15,31	13,11	286	226
4895	70,130	30,34	62,55	20,30	499	226
4896	20,24	87,112	16,34	87,86	286	499
4897	79,74	86,77	44,57	68,48	262	222
4898	21,23	73,54	27,25	52,50	187	238
4899	74,51	71,55	57,54	52,50	235	238
4900	168,128	326,266	129,108	227,266	227	281
4901	143,124	297,285	81,78	210,176	287	357
4902	75,71	104,82	38,47	84,70	330	287
4903	28,19	299,195	21,13	167,179	260	283
4904	32,23	47,41	34,21	27,39	260	290
4912	130,124	123,95	78,76	57,64	331	326
4913	116,116	92,81	62,81	68,69	326	312
4914	294,237	393,308	264,184	234,307	257	246
4915	41,48	204,207	42,39	163,141	271	233
4916	33,38	17,16	18,18	15,11	271	264
4917	34,36	44,27	17,17	15,29	271	269
4918	33,38	209,200	18,18	192,173	271	269
4919	33,36	1,2	17,21	0,1	271	269
4920	405,315	38,34	306,262	25,33	257	284
4921	436,344	38,34	333,291	25,33	264	284
4922	681,572	38,34	545,496	25,33	269	284
4923	416,333	204,209	321,277	163,142	269	233
4924	17,13	1464,1287	14,13	1129,1098	235	232
4925	756,619	53,32	527,504	26,25	187	210
4926	53,40	2370,1882	43,37	1787,1620	365	197
4927	806,720	411,342	598,541	272,267	327	264
4928	561,499	938,769	446,446	701,825	335	423
4929	200,224	494,440	223,148	351,322	275	254
4930	6,0	494,440	2,2	351,322	295	254
4931	412,377	170,218	328,299	140,169	279	263
4932	302,303	245,200	263,184	207,187	258	279
4933	318,305	275,233	197,210	214,181	305	209
4934	548,494	829,710	450,390	635,525	327	440
4935	101,89	829,710	84,67	635,525	386	440
4936	21,27	829,710	19,11	635,525	285	440
4937	231,224	304,231	195,183	206,185	214	250
4938	702,639	777,601	585,512	570,517	335	303
4941	16,21	17,15	13,12	19,9	251	283
4943	26,32	174,142	26,16	123,111	251	220
4944	1,0	209,145	2,3	141,125	201	284
4945	705,632	1222,1059	495,492	919,835	273	285
4946	48,53	1221,1059	31,35	919,835	273	285
4947	746,659	422,396	537,450	368,298	290	204
4948	562,514	1305,1241	455,390	927,922	263	290
4949	337,342	1305,1241	261,278	927,922	325	290
4950	476,386	599,535	317,282	433,384	205	263
4951	787,639	273,252	562,458	215,151	248	205
4952	373,339	723,646	306,319	525,478	226	245
4953	1971,1538	1242,1036	1277,1262	870,684	237	301
4954	1971,1538	444,387	1277,1262	391,266	237	340
4955	601,666	18,22	548,473	7,15	589	245
4956	381,365	3,0	323,334	1,1	273	246
4957	320,221	278,265	264,240	252,220	253	246
4958	382,365	283,264	323,336	256,222	273	246
4959	380,366	446,416	323,335	416,370	273	253
4960	363,415	6,2	361,352	9,8	303	273
4961	358,416	393,289	357,349	315,310	303	273
4962	19,15	39,28	21,20	29,15	236	357
4963	12,12	2,2	19,4	0,0	318	202
4964	33,22	2,2	30,23	0,0	461	202
4965	134,125	498,420	89,114	280,326	212	280
4966	71,90	191,134	85,67	119,128	269	219
4967	674,530	350,338	467,435	277,272	345	269
4968	303,225	350,338	202,172	277,272	2153	269
4969	146,114	332,334	127,121	284,259	225	267
4970	95,106	332,334	91,70	284,259	323	267
4971	200,163	131,111	168,134	79,90	323	203
4972	11,20	690,586	17,22	543,557	197	323
4973	4,0	435,370	2,1	343,356	197	323
4974	519,372	43,37	384,401	21,27	262	197
4975	7,3	1,0	8,6	0,2	247	267
4976	19,21	1,0	12,8	0,2	271	267
4977	5,4	1,0	6,2	0,2	288	267
4978	5,4	7,3	6,2	8,6	288	247
4979	5,4	19,21	6,2	12,8	288	271
4980	2,2	4,0	0,2	1,0	215	215
4986	1,0	111,78	0,0	62,55	263	296
4987	77,57	53,59	41,74	33,37	263	272
4988	102,95	72,57	81,86	49,44	365	263
4989	2,0	55,44	0,0	30,57	218	239
4990	9,3	146,101	5,2	93,108	258	215
4991	438,389	146,101	279,328	93,108	337	215
4992	438,389	9,3	279,328	5,2	337	258
4993	204,180	8,2	138,156	3,3	366	258
4994	437,388	174,158	280,328	120,151	337	258
4995	202,180	173,157	139,155	118,152	366	258
4996	601,490	51,33	370,434	31,48	366	188
4997	441,391	72,51	281,332	41,62	337	188
4998	94,86	84,91	84,77	72,65	261	218
4999	164,119	222,195	89,96	136,169	233	287
5000	220,196	190,134	153,186	96,87	267	233
5001	83,87	184,134	49,69	97,89	205	233
5002	1113,1070	702,658	796,805	434,467	992	521
5003	1197,1136	702,658	853,870	434,467	1073	521
5005	0,2	686,633	0,0	404,453	214	521
5006	1242,1161	686,633	871,905	404,453	1207	521
5007	0,0	686,632	0,2	404,453	197	521
5008	1246,1178	686,632	880,934	404,453	1207	521
5010	1127,890	609,470	821,706	452,372	319	279
5011	451,441	1383,1066	349,367	1028,850	225	319
5012	660,591	594,454	488,473	432,340	262	225
5013	844,592	627,515	637,546	415,468	277	285
5014	711,609	427,340	552,637	270,284	322	240
5015	907,723	817,591	593,718	479,549	301	322
5016	733,622	634,554	479,544	517,597	296	301
5017	81,53	523,406	54,46	318,382	398	246
5018	81,53	1432,1212	54,46	999,1081	398	320
5019	421,419	863,700	398,356	532,635	242	320
5020	633,544	2593,1717	485,425	1617,1503	197	234
5021	633,544	4187,3007	485,425	2805,2639	197	307
5022	1229,1094	4190,3005	1150,1008	2808,2638	197	307
5023	67,51	1051,911	19,32	904,718	317	197
5024	12,8	1318,1161	5,11	1032,874	175	264
5025	12,8	1537,1383	5,11	1429,1255	175	225
5026	68,50	11468,8989	19,32	8294,7744	317	426
5029	522,431	24,33	314,313	35,30	317	237
5030	750,683	3069,2389	586,448	2018,2046	312	175
5031	5,8	3069,2389	14,4	2018,2046	195	175
5032	7,4	409,369	15,6	332,236	347	1398
5033	7,4	236,223	15,6	203,147	347	1209
5034	32,42	19,17	19,20	13,17	254	293
5035	183,208	209,217	185,188	163,144	306	282
5036	35,33	100,57	21,30	58,56	217	293
5037	35,33	3,0	21,30	2,2	217	298
5038	50,51	102,57	33,24	58,56	262	293
5039	50,51	5,0	33,24	2,2	262	298
5040	504,478	317,314	374,384	283,256	319	253
5041	504,478	676,618	372,384	547,577	319	626
5042	296,282	629,578	248,258	516,537	253	325
5043	528,431	286,192	408,428	191,200	256	255
5044	1,2	37,46	2,2	32,50	284	311
5060	505,468	465,383	373,287	321,208	263	249
5061	1261,1079	590,497	986,802	456,315	308	263
5062	675,613	864,730	618,428	613,478	284	308
5063	904,811	1100,926	777,620	837,693	329	284
5064	355,283	871,802	250,217	790,611	209	329
5065	700,588	183,211	458,493	204,124	277	209
5066	0,4	184,135	7,2	92,105	256	308
5067	0,5	33,26	5,2	21,7	256	308
5068	46,42	44,22	54,40	24,17	256	205
5069	145,112	95,78	102,110	56,65	256	248
5070	84,60	42,23	40,58	24,17	260	205
5071	81,56	184,136	39,58	91,106	260	308
5072	80,55	33,27	38,57	20,8	260	308
5073	18,16	435,399	9,7	268,200	337	444
5074	5,3	300,245	0,1	219,217	225	216
5075	87,78	548,457	77,54	415,355	216	256
5076	81,67	45,44	71,54	20,28	216	256
5077	499,430	582,466	391,327	406,338	256	271
5078	499,430	23,24	391,327	23,16	256	432
5079	112,93	47,80	116,84	63,57	199	188
5080	86,70	101,178	109,71	191,147	188	299
5081	442,337	551,480	298,277	329,354	278	336
5082	436,334	223,232	294,276	185,165	278	267
5083	305,227	230,233	168,126	190,167	242	267
5084	301,225	362,275	171,127	257,250	242	345
5085	430,345	224,231	282,318	187,165	336	267
5086	431,344	367,277	282,320	257,250	336	345
5087	434,341	380,346	282,317	262,202	336	300
5088	355,321	380,348	200,220	260,203	267	300
5089	349,314	155,133	204,219	113,56	267	229
5090	377,361	158,144	292,287	114,58	345	229
5091	378,359	418,309	290,284	262,249	345	299
5092	354,291	161,140	250,212	123,58	300	229
5093	271,212	418,309	189,164	258,251	300	299
5094	104,96	56,49	93,77	34,31	280	301
5095	245,213	481,479	196,184	364,269	217	268
5096	450,332	511,353	304,313	284,292	255	322
5097	1,5	10,7	6,5	16,6	310	174
5098	4,5	10,7	6,7	16,7	310	174
5099	16,15	45,42	12,15	35,27	209	277
5100	51,40	62,38	47,60	29,30	277	285
5101	49,49	127,104	57,48	85,77	344	270
5102	51,47	23,5	56,48	3,2	344	270
5103	0,1	127,104	1,0	85,77	209	270
5104	149,143	36,21	120,130	18,16	270	200
5105	149,143	207,136	120,130	130,127	270	330
5106	138,98	203,182	99,121	193,123	369	282
5107	5,1	47,51	0,0	42,43	236	234
5108	40,36	147,142	34,24	136,99	234	351
5109	50,50	107,70	50,34	77,71	234	280
5110	57,56	157,149	40,39	149,109	280	351
5111	162,122	62,67	131,113	55,45	351	238
5112	65,61	24,16	33,57	15,9	236	289
5113	215,229	110,107	190,176	110,91	347	288
5114	81,84	17,11	76,66	12,29	273	248
5115	77,70	65,71	63,73	62,70	255	233
5116	3,2	2,0	2,2	4,2	199	269
5117	56,64	46,31	38,72	36,40	251	236
5118	210,150	88,95	161,132	102,61	433	242
5122	34,35	50,28	44,40	26,40	244	282
5123	25,27	2,0	34,26	1,0	244	282
5124	42,42	59,41	46,47	43,50	282	236
5126	190,209	34,23	147,127	25,24	366	237
5127	87,91	34,22	73,68	25,24	265	237
5128	52,49	93,70	46,46	62,56	260	252
5129	87,82	114,88	40,85	49,55	252	252
5130	70,53	116,86	55,57	112,94	203	290
5131	139,111	76,61	79,75	57,64	290	227
5132	264,183	147,102	174,163	92,93	273	197
5133	62,51	478,416	61,35	383,298	197	395
5134	548,438	192,182	408,361	182,150	395	269
5137	586,526	64,69	356,401	39,26	413	203
5138	12,10	302,269	10,13	259,201	260	267
5139	462,402	87,99	395,346	108,68	354	269
5140	62,44	55,49	41,34	35,39	238	232
5141	3,2	55,49	3,4	35,39	225	232
5142	23,15	125,180	21,19	94,112	287	276
5143	67,52	89,112	53,45	72,80	238	276
5144	23,15	115,124	21,19	85,89	287	331
5145	23,15	30,72	21,19	28,30	287	272
5146	30,29	1,0	21,21	0,0	305	251
5147	20,22	1,0	5,8	0,0	329	251
5148	19,22	29,20	15,14	7,7	267	354
5150	0,1	23,5	3,2	15,8	220	219
5151	6,2	12,5	3,0	3,3	431	179
5152	0,4	217,189	2,0	166,169	161	278
5153	341,248	214,206	226,214	195,189	287	280
5154	25,16	603,420	15,22	351,444	318	381
5155	493,375	603,420	333,409	352,443	318	381
5156	219,144	422,377	171,139	378,372	235	318
5157	223,149	422,377	176,142	378,372	239	318
5158	145,113	0,0	81,83	0,1	237	239
5159	145,113	295,224	81,83	206,253	237	235
5160	505,446	237,182	336,335	163,180	275	237
5161	233,175	266,190	148,120	195,165	218	275
5164	54,43	90,84	46,50	45,70	340	267
5165	14,4	36,18	9,11	22,7	326	254
5166	2,1	61,18	6,0	27,38	182	326
5171	6,11	0,0	9,5	1,0	196	195
5172	2,0	0,0	0,0	1,0	264	195
5173	2,0	6,11	0,0	9,5	264	196
5174	155,122	5,2	131,122	0,0	232	228
5175	156,123	295,234	131,122	208,208	232	228
5176	41,50	242,231	37,30	248,211	195	279
5177	0,0	241,229	1,0	249,211	195	279
5178	1,1	112,79	0,5	91,68	180	195
5179	266,266	112,79	254,195	91,68	269	195
5180	10,11	100,86	13,3	64,56	253	180
5181	266,266	1,1	254,195	0,5	269	180
5182	82,112	195,195	79,72	164,175	209	217
5183	44,35	137,140	23,25	98,128	207	240
5184	126,84	146,159	82,102	151,147	240	331
5185	32,35	20,11	22,37	12,12	290	222
5186	70,58	126,90	42,57	80,79	214	234
5187	65,58	114,87	51,72	71,82	215	234
5188	80,63	48,43	60,72	38,41	215	214
5189	106,102	53,41	99,120	46,30	284	215
5190	62,45	123,121	40,51	105,117	227	284
5191	18,21	78,58	25,16	67,82	182	227
5192	84,53	22,33	45,42	22,29	236	182
5193	138,131	60,36	93,89	35,48	239	236
5194	13,11	7,3	2,1	6,8	230	255
5195	0,0	3,4	0,1	0,8	211	241
5196	20,13	17,18	19,8	20,10	293	284
5197	0,1	1,0	0,0	0,2	199	252
5198	6,8	63,57	6,5	54,54	271	233
5199	1,3	328,407	9,4	405,404	311	186
5200	1136,1088	328,407	1007,961	405,404	224	186
5201	390,355	546,624	383,341	580,579	186	187
5214	152,139	185,150	131,117	127,136	281	278
5215	78,76	251,219	67,67	173,165	194	281
5216	2,0	16,10	0,0	9,6	270	219
5217	0,2	115,85	0,0	79,86	270	219
5218	21,20	104,91	18,12	88,78	215	293
5220	51,59	50,40	43,25	32,27	209	215
5221	280,237	76,62	191,210	68,61	320	207
5222	38,24	241,197	17,20	161,186	216	320
5224	74,60	99,56	34,39	54,48	241	255
5225	49,37	8,8	40,50	6,15	297	244
5226	0,0	1,0	2,1	1,5	297	244
5227	15,18	59,73	12,15	52,33	268	297
5228	65,30	112,83	42,44	75,69	242	343
5229	30,13	112,83	20,15	75,69	226	343
5230	30,14	63,33	20,13	35,39	226	242
5234	17,18	25,31	10,22	5,16	197	284
5235	77,89	397,312	73,80	305,285	264	325
5236	145,143	446,409	78,95	344,269	341	337
5237	864,797	263,243	663,570	203,169	337	342
5238	944,899	554,530	717,624	482,393	380	288
5239	31,30	7,18	22,26	7,22	269	256
5240	32,30	10,9	20,24	4,9	269	222
5241	44,37	8,7	36,29	6,8	245	222
5242	39,36	32,37	34,27	10,22	245	319
5243	13,13	18,12	17,26	7,8	256	222
5244	50,41	53,56	41,31	36,42	363	343
5245	41,47	50,56	43,19	35,44	363	343
5246	61,52	19,13	47,42	14,5	343	258
5247	35,22	14,9	9,20	5,4	286	248
5248	4,2	9,10	4,4	4,6	266	284
5249	5,2	1,4	6,2	0,0	238	322
5251	6,3	2,0	6,2	0,1	238	194
5253	0,0	3,1	0,1	7,1	226	241
5254	2,0	3,1	0,0	7,1	210	241
5255	2,1	3,1	2,3	7,1	203	241
5256	2,0	0,0	0,0	0,1	210	226
5258	2,1	5,0	5,0	4,1	231	238
5259	2,1	13,6	0,1	11,1	203	1304
5260	3,1	0,0	1,4	2,0	203	210
5261	6,2	0,0	2,8	2,0	207	210
5262	1,1	0,0	4,0	0,1	203	267
5263	6,2	2,1	2,8	1,2	207	203
5264	6,2	3,1	2,8	1,4	207	203
5265	6,2	4,2	2,8	6,2	207	203
5268	185,151	71,57	134,120	85,54	437	308
5270	120,94	82,78	94,80	63,51	233	194
5271	126,127	114,118	74,84	83,86	228	236
5272	120,96	88,76	93,80	61,59	233	228
5276	222,193	103,128	154,183	89,106	252	308
5277	135,151	84,94	126,135	67,71	307	176
5278	101,78	356,305	73,64	241,278	221	307
5279	67,73	67,84	54,50	59,65	206	221
5280	109,79	59,44	63,93	43,36	223	195
5281	101,112	155,136	91,95	78,129	270	256
5282	5,9	155,136	4,5	78,129	265	256
5283	36,27	137,123	23,32	121,124	209	301
5284	180,141	100,77	98,92	63,68	263	209
5285	176,170	97,70	125,105	80,78	242	263
5286	3062,2435	3935,3286	2129,2164	3371,3037	278	295
5287	171,213	1369,1177	260,223	1217,999	246	278
5289	2,2	0,1	0,0	1,2	190	248
5291	39,25	4,4	21,16	2,1	226	315
5292	43,40	11,8	33,33	13,11	260	225
5293	7,14	8,7	11,17	6,8	214	260
5294	35,31	1581,1519	15,27	1430,1452	231	305
5295	32,30	2174,1731	15,28	1928,1836	231	328
5296	13,10	253,250	14,9	213,172	608	236
5297	121,145	253,250	114,79	213,174	261	236
5298	180,184	264,221	130,130	204,166	225	239
5299	29,13	117,125	32,41	85,70	281	417
5300	23,16	119,139	10,20	105,82	278	417
5301	70,89	56,49	75,42	33,33	417	281
5302	80,91	56,49	68,36	33,33	417	281
5303	41,26	37,41	22,20	23,29	215	256
5304	335,349	286,251	280,235	198,165	1029	872
5305	916,783	746,491	673,702	448,358	230	1173
5306	14,9	14,8	10,17	5,6	334	242
5307	1064,806	408,361	640,664	353,361	218	215
5308	1075,809	960,825	643,672	709,753	218	232
5309	32,21	868,656	17,25	575,567	251	218
5310	32,25	4,5	11,35	1,2	272	245
5311	22,13	4,5	6,18	1,2	224	245
5312	1630,1278	1989,1471	1181,1172	1225,1262	249	260
5313	4,5	1502,1162	5,6	1053,1094	232	249
5314	0,2	1497,1166	7,4	1055,1087	232	249
5315	61,41	92,62	26,34	50,65	230	265
5316	80,106	104,105	66,74	90,83	273	308
5317	87,99	136,78	80,55	104,74	286	273
5318	77,59	55,44	65,64	46,49	257	285
5319	71,54	70,51	67,48	58,57	274	238
5320	0,1	69,47	0,3	58,56	274	238
5321	2,1	71,47	1,1	57,56	274	238
5322	6,15	69,48	3,7	57,56	274	238
5323	943,759	69,48	538,692	57,56	1408	238
5324	2,0	64,58	0,0	33,36	171	274
5325	2,0	2,4	0,0	0,3	171	224
5326	7,9	2,1	5,4	2,0	216	171
5327	40,35	1,2	38,29	5,4	213	197
5328	16,12	8,10	5,3	47,12	213	269
5329	16,11	31,23	11,10	20,19	269	294
5330	753,651	64,51	520,533	32,33	281	287
5331	419,404	712,519	302,339	452,483	256	283
5332	462,429	419,314	253,310	306,253	249	394
5333	462,429	529,387	257,313	287,339	249	283
5334	570,473	438,309	304,313	214,265	272	249
5335	306,234	49,33	264,240	28,26	789	263
5336	304,234	1,6	259,238	1,0	789	263
5337	44,34	40,37	34,30	34,28	263	279
5338	267,253	1555,1332	193,137	1210,1091	255	247
5339	77,65	180,99	43,29	108,85	297	397
5340	22,28	61,54	19,17	36,24	214	288
5341	448,348	622,569	325,313	469,448	259	317
5342	305,252	93,108	202,214	85,69	518	293
5343	17,30	3526,2614	21,8	2377,2423	228	262
5344	17,30	3,0	21,8	1,1	228	257
5345	971,799	3568,2661	808,715	2417,2444	211	262
5347	0,4	2,0	0,0	2,0	309	247
5348	0,4	2,3	0,0	3,1	309	203
5349	0,4	5,1	0,0	2,1	309	423
5350	2,0	2,3	2,0	3,1	247	203
5351	2,0	5,1	2,0	2,1	247	423
5352	182,165	180,191	158,142	144,133	234	224
5353	558,520	332,285	433,461	222,226	318	252
5354	358,329	501,416	239,228	373,381	378	306
5355	11,1	1080,957	3,2	762,773	273	306
5356	89,63	346,250	41,51	192,186	185	299
5357	76,54	249,202	31,41	157,137	185	287
5358	266,199	129,105	161,171	77,73	299	260
5359	63,48	118,69	37,39	85,72	174	215
5360	64,67	236,189	58,60	183,177	215	324
5361	89,91	82,60	90,72	65,48	284	282
5362	82,79	88,53	55,51	59,61	278	284
5363	60,58	46,33	43,47	25,22	217	227
5364	44,52	108,80	60,32	84,60	274	328
5370	4,2	4,0	2,1	2,1	271	458
5371	2,0	4,0	0,0	2,1	239	458
5379	25,16	31,30	8,13	19,25	214	260
5380	36,20	33,16	14,19	16,13	234	214
5381	31,38	20,11	26,30	7,16	374	234
5382	134,96	44,19	76,78	26,30	446	258
5383	38,27	0,1	34,20	3,0	341	196
5385	18,21	5,0	23,13	0,1	341	254
5386	0,2	16,3	2,0	10,6	196	254
5387	221,128	306,203	150,107	155,177	321	307
5388	60,50	93,60	42,40	52,47	181	197
5389	212,148	35,36	149,167	22,23	561	235
5390	23,18	14,10	9,7	9,4	275	270
5391	0,1	38,19	0,5	21,19	197	227
5392	58,53	27,37	36,35	14,19	332	256
5395	7,18	90,80	7,7	82,79	232	430
5396	5,0	5,3	6,3	10,4	236	202
5401	51,71	40,34	37,40	19,29	350	276
5402	2542,2358	11119,10017	2347,1725	10094,9106	204	310
5403	2542,2358	1043,1040	2347,1725	1101,975	204	322
5404	7678,7137	4101,4114	7447,5703	3947,3496	310	233
5405	262,254	198,176	187,160	132,137	347	266
5406	157,188	122,144	145,118	106,89	302	262
5407	109,92	136,130	63,86	142,107	235	282
5408	71,70	32,68	46,48	28,46	230	194
5409	0,0	3,0	0,1	7,4	285	225
5410	7,7	4,6	6,7	4,3	185	179
5411	0,4	10,8	9,12	18,5	355	218
5412	0,1	112,172	3,10	231,125	355	367
5413	0,1	79,129	3,10	152,123	355	313
5414	79,129	112,172	152,123	231,125	313	367
5415	108,164	112,174	220,166	237,129	313	367
5416	87,89	45,44	69,57	39,37	256	210
5417	81,75	109,130	100,51	94,118	213	284
5418	172,128	40,51	102,98	59,41	256	258
5420	1,0	6,10	2,1	15,13	249	244
5421	1,0	1,3	2,1	0,0	249	271
5423	6,10	1,3	15,13	0,0	244	271
5424	10,5	11,8	7,6	9,7	214	237
5427	655,614	150,119	497,466	119,86	287	202
5428	30,21	12,15	28,16	17,14	182	186
5429	37,60	35,49	60,37	75,56	210	239
5430	35,25	19,23	7,12	8,23	258	223
5433	7,3	2,1	0,2	0,1	283	305
5434	2,4	1,0	0,6	0,0	381	266
5435	514,480	765,830	390,359	920,733	297	446
5436	466,442	299,267	346,340	303,270	296	343
5437	464,440	766,831	344,339	919,733	296	446
5438	465,437	468,466	344,337	524,375	296	359
5439	362,363	238,299	298,351	368,259	343	325
5440	2150,2007	2899,2536	1826,1680	2251,2048	344	339
5441	1007,779	289,358	713,684	333,283	216	344
5442	1334,1117	613,606	976,938	537,465	227	216
5443	14,9	11,15	12,6	11,11	266	227
5444	10,6	1178,987	4,5	905,883	230	227
5445	10,6	1,0	4,5	0,0	230	225
5446	1759,1494	1,2	1404,1110	6,2	266	230
5447	1228,1187	1225,951	1045,867	851,817	225	230
5448	2330,2056	1765,1482	1829,1608	1344,1292	289	266
5449	1241,1195	5,3	1055,876	10,7	225	289
5450	1242,1197	2105,1761	1063,876	1652,1303	225	289
5451	0,3	3,2	3,0	3,4	292	312
5453	690,632	706,688	635,542	537,499	297	255
5459	94,122	65,64	65,83	59,37	297	230
5460	91,56	114,91	67,38	64,85	230	274
5461	116,96	118,74	90,54	66,47	274	469
5462	88,64	80,61	50,47	56,48	469	263
5463	98,83	80,64	49,78	54,48	272	263
5464	82,65	96,103	52,36	67,81	263	275
5465	190,166	82,89	187,147	84,71	268	223
5466	22,26	81,89	15,15	84,71	316	223
5467	21,24	167,131	15,17	143,115	316	268
5468	14,11	192,154	10,7	128,135	307	291
5469	81,69	141,139	64,70	86,104	267	321
5470	40,29	324,278	38,22	252,288	251	286
5471	359,255	607,580	200,188	487,403	237	340
5472	214,133	613,587	126,119	492,405	209	340
5473	56,44	280,271	38,46	241,287	226	343
5474	146,115	103,73	113,120	54,51	287	226
5475	134,107	101,70	75,83	54,51	242	226
5476	135,110	122,104	76,83	94,82	242	287
5477	77,57	182,131	46,66	91,109	224	296
5478	58,64	79,58	59,43	34,38	249	224
5479	184,147	84,50	110,99	51,49	285	249
5480	182,148	106,99	110,99	103,77	285	262
5481	124,105	72,75	81,65	54,53	283	240
5482	105,94	96,58	84,108	49,57	310	283
5483	95,65	313,269	50,78	223,223	254	459
5484	22,42	309,262	55,28	219,220	281	459
5485	95,65	330,276	50,78	232,235	254	462
5486	22,42	317,268	55,28	224,232	281	462
5487	26,49	69,50	59,31	38,54	281	254
5488	37,49	57,57	63,32	41,78	281	254
5489	25,18	17,13	20,21	18,8	309	286
5490	39,48	20,21	35,20	30,29	278	338
5491	227,168	249,210	156,165	176,242	221	242
5492	323,255	271,191	234,230	156,209	225	221
5493	500,414	258,207	390,421	163,205	300	225
5494	779,618	427,349	572,638	280,350	353	240
5495	740,572	413,357	466,540	356,343	293	261
5496	203,129	465,382	127,126	338,369	335	293
5497	3,8	0,2	5,2	0,0	264	203
5498	465,374	423,345	328,354	247,295	266	289
5499	31,30	42,53	20,32	52,52	202	265
5500	92,52	61,51	43,62	30,34	253	249
5501	189,125	88,69	107,112	56,54	357	239
5502	72,63	174,137	38,46	137,119	239	321
5503	160,132	68,49	106,88	46,45	321	208
5504	96,79	49,21	76,80	36,37	245	206
5505	253,221	841,704	170,161	473,526	229	382
5506	330,249	133,112	196,248	92,98	340	229
5507	459,453	191,131	372,264	127,127	272	229
5508	39,35	52,46	29,15	35,47	166	257
5509	4,6	30,27	6,1	22,27	166	257
5510	918,804	30,27	654,526	22,27	272	257
5511	918,804	4,6	654,526	6,1	272	166
5512	377,251	4,5	216,199	6,1	272	166
5513	1072,822	4,5	680,539	6,1	353	166
5514	481,475	1,1	385,283	0,0	272	166
5515	1064,814	1,1	677,535	0,0	353	166
5516	1072,822	377,251	680,539	216,199	353	272
5517	1063,815	33,24	677,535	24,17	353	272
5518	424,348	408,355	275,339	258,283	320	278
5519	181,169	116,110	138,139	102,112	287	318
5520	109,91	58,84	86,94	107,59	287	287
5521	66,47	194,177	51,38	137,148	217	287
5522	139,131	70,62	149,95	61,64	343	217
5523	44,32	107,85	48,28	90,77	324	276
5524	148,88	361,297	112,94	302,324	282	281
5525	24,39	74,85	34,30	64,57	231	246
5526	401,425	438,373	353,278	311,279	361	251
5527	4,7	182,193	2,3	183,142	251	238
5528	297,302	182,195	279,199	184,142	251	238
5529	41,40	58,52	34,14	43,43	239	242
5530	36,23	74,60	21,16	49,45	215	242
5532	648,490	897,700	499,515	648,570	297	312
5533	9,2	897,700	9,3	648,570	277	312
5534	282,276	862,742	229,188	652,581	239	1551
5535	751,674	330,288	636,589	264,234	340	239
5536	332,230	5,8	243,242	6,5	251	351
5537	332,230	343,334	243,242	274,240	251	231
5538	332,230	184,208	242,242	198,160	251	340
5539	261,187	403,327	153,154	301,298	216	251
5540	640,510	257,197	421,429	197,196	342	216
5541	153,111	633,462	122,110	420,416	259	342
5542	0,0	632,462	2,0	420,414	259	342
5543	54,80	35,32	73,70	25,27	283	171
5544	77,55	2,9	67,50	1,2	297	221
5546	125,123	74,100	117,89	60,50	222	246
5547	2,1	17,18	2,5	10,15	330	309
5549	558,501	284,248	635,579	410,266	391	297
5550	391,351	472,441	466,397	542,503	325	391
5551	322,424	96,95	524,399	132,96	432	325
5552	5,1	1331,985	3,5	1067,972	269	212
5553	6,1	1482,1423	2,2	1347,1222	269	260
5554	17,24	1331,985	30,20	1067,972	182	212
5555	15,22	1482,1423	26,20	1347,1222	182	260
5556	755,735	1083,960	737,729	909,810	218	217
5557	959,825	627,502	708,630	416,491	349	240
5558	916,807	122,103	568,568	92,102	310	275
5559	919,807	649,568	573,573	502,463	310	283
5560	916,809	1190,987	568,567	931,844	310	305
5561	916,811	680,588	570,569	469,402	310	250
5562	696,728	1868,1734	537,530	1376,1147	275	441
5563	508,487	721,681	414,390	597,564	267	251
5564	509,485	1189,987	413,390	931,842	267	305
5565	776,609	682,586	505,435	469,401	251	250
5566	1,5	53,63	4,3	53,41	322	253
5567	174,214	360,396	177,158	365,283	246	298
5568	508,510	255,235	375,342	167,161	311	242
5569	505,442	490,468	367,307	375,307	314	311
5570	464,490	474,481	425,292	360,340	365	314
5571	208,215	472,482	161,153	360,340	267	314
5572	450,394	668,708	311,314	504,440	329	370
5573	279,250	654,699	155,177	498,434	264	370
5574	293,261	646,533	160,185	439,370	264	329
5575	607,525	520,474	427,400	416,358	344	396
5576	373,429	196,206	306,305	145,171	339	220
5577	249,188	279,296	151,158	193,158	225	309
5578	190,134	102,85	101,127	74,52	242	225
5579	276,315	191,186	238,232	143,121	302	242
5580	144,141	326,218	106,119	179,212	200	302
5581	102,104	177,188	86,93	155,83	281	258
5582	66,81	94,66	72,42	68,68	313	243
5583	67,81	217,136	75,43	153,141	313	283
5584	76,93	154,96	83,72	97,92	243	264
5585	72,91	218,136	82,64	154,141	243	283
5586	109,82	219,139	87,72	154,151	264	283
5587	401,398	381,289	311,278	336,285	281	250
5588	1429,1347	340,309	1178,963	270,240	237	193
5589	1027,854	8,9	771,670	7,3	206	502
5592	26,20	10,17	21,14	3,7	341	234
5595	237,364	1636,1405	426,280	1312,1278	311	363
5596	78,60	1635,1400	70,41	1312,1275	311	363
5597	0,2	1636,1405	0,0	1312,1278	241	363
5598	12,8	1,6	5,4	2,2	244	264
5599	3,2	2,9	1,1	6,3	330	261
5608	42,27	117,83	36,37	66,48	228	309
5609	338,322	108,208	386,227	185,148	284	380
5610	446,395	120,146	452,366	124,110	360	284
5611	75,109	574,513	130,72	604,398	281	360
5612	339,374	105,110	374,294	93,90	338	199
5613	202,165	298,415	142,96	369,275	220	338
5614	0,0	296,413	1,0	368,275	220	338
5615	13,11	160,197	31,23	168,140	227	220
5616	107,82	160,197	110,83	168,140	279	220
5617	1255,1133	733,700	1281,1221	813,739	438	334
5618	1255,1133	547,526	1281,1221	598,522	438	287
5623	52,70	474,490	57,50	285,395	272	344
5624	516,470	582,546	306,390	431,435	344	342
5625	323,272	272,214	235,214	178,195	281	304
5626	297,245	144,119	200,137	111,130	304	217
5627	30,16	290,188	20,16	140,155	301	262
5628	66,102	37,24	54,47	17,8	249	278
5629	51,43	184,194	28,30	101,163	239	330
5630	88,109	77,90	86,118	62,56	357	239
5631	105,86	88,52	71,68	72,67	261	239
5632	140,117	107,89	122,99	95,70	268	257
5633	25,23	142,126	18,28	98,86	223	225
5634	124,85	133,120	74,91	102,104	225	247
5635	126,92	32,27	73,91	25,33	225	247
5636	173,151	187,145	102,127	151,107	247	239
5637	451,316	314,272	291,288	255,185	337	270
5638	297,277	130,117	219,193	109,127	265	254
5639	319,288	130,117	229,202	109,127	271	254
5640	290,363	707,655	371,242	666,583	290	229
5641	1264,1160	1354,1159	1105,977	1199,821	278	263
5642	1,0	0,1	2,0	0,0	251	259
5643	75,71	101,82	65,41	73,98	298	344
5644	23,22	146,155	17,12	122,106	242	309
5645	55,65	113,103	36,39	82,128	218	331
5646	56,63	40,40	40,47	16,32	218	331
5647	169,174	6,8	80,121	6,7	331	300
5648	169,174	73,102	80,121	50,100	331	295
5649	6,8	73,102	6,7	50,100	300	295
5650	93,84	145,127	74,107	71,88	300	323
5651	94,66	125,117	50,61	71,89	295	323
5652	2,2	110,112	5,7	87,64	287	308
5653	16,25	63,51	18,12	51,42	242	322
5654	74,50	106,109	52,43	78,67	239	253
5655	121,93	105,108	59,85	77,67	259	253
5656	92,54	104,108	82,66	77,69	225	253
5657	122,94	108,60	61,85	49,65	259	239
5658	94,72	107,63	72,87	50,67	288	239
5659	169,113	79,58	132,109	56,62	298	225
5660	78,74	74,48	60,75	56,55	263	225
5661	82,84	126,80	62,79	106,101	263	298
5662	26,13	167,122	16,11	110,125	311	339
5663	51,45	163,122	27,36	111,125	311	339
5664	28,14	143,97	16,13	77,107	311	348
5665	53,46	149,97	27,38	79,116	311	348
5666	0,2	24,7	0,4	11,12	194	182
5667	346,274	99,115	220,191	74,76	454	213
5668	37,35	359,340	32,22	260,280	220	454
5669	8,12	70,58	5,2	40,35	257	220
5670	176,107	48,45	90,122	28,25	347	332
5671	145,142	135,160	114,72	100,100	328	359
5672	176,106	192,228	90,123	177,123	347	328
5673	0,2	0,1	0,0	0,4	696	263
5674	59,62	74,95	37,51	44,55	299	398
5675	41,44	74,95	24,42	44,55	254	398
5676	16,16	1,2	8,20	1,1	283	262
5678	2,0	153,162	0,0	157,153	241	297
5679	159,153	22,9	177,107	16,13	297	294
5680	172,171	131,173	172,166	113,99	294	305
5681	9,3	85,57	5,8	46,28	305	195
5682	197,141	108,58	152,113	53,65	319	236
5683	0,3	3,0	1,1	1,1	239	268
5685	36,30	102,92	34,25	84,67	350	693
5686	115,133	132,116	96,96	90,104	269	254
5687	181,149	2,2	152,139	0,0	272	279
5688	183,147	163,142	152,139	104,113	272	279
5689	66,65	123,131	83,63	79,133	349	272
5691	543,475	308,259	416,417	237,229	464	318
5692	189,165	297,257	150,195	229,222	277	318
5693	199,167	544,453	157,203	394,403	277	464
5694	91,90	214,192	69,81	158,138	235	277
5695	248,174	114,100	147,122	88,121	268	235
5696	196,187	112,100	176,127	88,121	299	235
5697	26,17	114,100	23,12	88,121	289	235
5698	198,185	168,148	175,127	111,145	299	268
5699	1277,1205	289,212	906,944	177,171	944	299
5700	377,353	1257,1174	333,269	931,915	335	944
5701	377,353	705,619	333,269	501,554	335	712
5702	115,98	25,12	90,84	9,23	758	244
5703	16,18	43,39	18,4	24,37	244	378
5704	40,24	21,29	20,41	17,19	378	245
5705	40,24	32,10	20,41	18,17	378	294
5706	40,24	9,3	20,41	7,5	378	269
5707	15,19	42,32	12,12	21,31	245	294
5708	36,39	32,10	23,29	18,17	294	294
5709	36,39	9,3	23,29	6,6	294	269
5710	51,57	61,41	22,28	31,25	331	322
5711	94,78	86,79	71,62	62,87	276	275
5712	19,16	119,79	6,11	103,97	242	282
5713	78,74	22,20	62,56	10,19	219	238
5714	21,31	119,82	21,15	105,98	219	282
5715	2,4	10,4	5,4	8,7	226	261
5716	2,4	16,10	5,4	3,6	226	341
5717	2,4	23,12	5,4	10,6	226	490
5718	10,4	16,10	8,7	3,6	261	341
5719	10,4	23,12	8,7	10,6	261	490
5720	20,11	578,599	9,6	440,429	490	272
5721	703,608	360,254	585,556	232,230	375	242
5722	393,233	411,281	183,233	279,263	242	226
5723	302,298	618,460	184,197	418,384	245	284
5724	251,169	285,181	126,156	164,159	243	280
5725	7,5	12,14	6,6	7,10	231	236
5726	41,31	98,82	17,24	62,76	204	325
5727	43,21	27,19	28,23	11,10	218	204
5728	21,11	17,3	8,13	5,3	304	228
5729	13,4	20,16	4,15	11,19	333	328
5730	12,4	12,3	5,14	0,12	333	285
5731	12,4	22,9	5,14	8,15	333	228
5732	19,22	0,2	4,21	2,2	328	228
5733	22,9	12,3	8,15	0,12	228	285
5734	195,143	41,29	142,148	35,29	274	222
5737	2,3	21,25	1,4	20,23	271	252
5738	2,0	51,31	2,6	40,20	208	242
5739	85,46	48,40	40,56	28,30	317	240
5740	69,87	627,528	81,52	398,454	353	1252
5741	33,17	121,88	42,14	72,70	191	355
5742	73,58	23,30	56,58	16,40	269	191
5744	181,159	306,243	121,96	235,236	231	261
5745	170,110	308,239	113,91	232,237	287	261
5746	6,3	308,239	4,4	232,237	231	261
5747	169,112	215,158	114,89	143,114	287	231
5752	23,35	24,27	27,18	11,21	334	276
5753	0,2	1,4	0,0	2,0	271	342
5754	642,504	57,63	398,448	46,54	308	247
5755	384,252	304,264	246,268	265,322	269	245
5756	5,1	240,195	6,2	206,196	245	260
5757	219,175	239,186	180,198	190,186	245	260
5758	310,274	167,139	278,300	118,128	260	238
5760	75,72	39,29	53,54	24,26	307	238
5761	56,50	40,40	40,35	27,35	266	307
5762	45,47	54,59	40,25	42,40	248	266
5764	98,176	415,417	202,145	380,264	320	290
5765	216,171	285,301	180,157	322,205	228	347
5769	4,3	14,17	6,0	5,18	248	212
5770	4,3	13,26	6,0	20,24	248	371
5771	4,3	19,19	6,0	14,12	248	276
5774	7,1	4,3	1,2	1,1	236	292
5775	0,0	91,73	1,0	56,66	170	290
5776	90,88	188,166	57,48	150,170	402	379
5777	92,93	91,73	57,48	56,66	402	290
5778	0,4	188,166	2,2	150,170	290	379
5779	0,3	192,171	5,3	147,169	290	379
5780	45,35	94,65	18,29	72,68	212	273
5782	13,41	428,391	44,34	344,253	344	398
5783	41,31	425,392	63,33	353,255	293	398
5784	13,41	10,3	44,34	2,12	344	219
5785	40,33	42,67	51,37	68,48	293	344
5786	49,54	28,56	75,44	60,38	300	293
5787	69,31	29,19	25,23	6,21	265	218
5788	309,288	133,72	216,224	55,70	335	265
5789	246,253	197,156	190,209	138,124	344	263
5790	208,132	310,285	122,134	243,224	215	252
5791	463,416	192,147	342,395	131,110	331	244
5792	50,46	221,156	50,65	148,139	241	318
5793	484,416	361,361	390,326	259,283	205	201
5794	10,2	11,9	1,3	4,0	206	250
5795	48,64	265,202	43,46	168,197	222	239
5796	48,64	149,108	43,46	82,109	222	235
5797	55,57	412,356	44,38	263,287	239	325
5798	193,192	387,271	130,148	215,255	425	343
5799	90,73	128,91	48,55	89,115	343	250
5800	376,291	135,93	242,267	89,126	343	250
5801	245,167	88,71	129,165	60,81	250	357
5802	244,167	175,182	129,163	153,171	250	357
5803	370,308	18,12	283,333	9,7	357	231
5804	47,31	67,45	30,21	57,40	287	255
5805	65,52	62,40	30,53	56,36	315	255
5806	7,1	64,43	3,0	56,37	272	255
5807	23,6	67,45	4,0	57,40	272	255
5808	15,9	64,43	6,9	56,37	289	255
5809	57,41	79,52	23,28	54,62	289	287
5810	90,79	75,50	50,61	51,58	331	287
5811	67,53	43,34	30,59	28,23	315	289
5812	95,82	41,27	51,63	17,21	331	271
5813	0,2	4,0	0,1	2,0	285	312
5815	36,27	0,3	47,18	3,0	437	267
5816	82,87	133,116	62,75	98,93	235	236
5817	90,88	108,92	68,76	68,58	235	252
5818	0,10	6,4	8,8	3,3	670	300
5819	0,0	0,2	0,3	0,0	179	185
5820	89,62	54,50	44,53	31,41	258	309
5821	635,629	1615,1378	636,695	1165,1371	245	292
5822	994,805	1312,987	756,818	922,1015	292	251
5823	1040,862	837,566	861,883	575,576	234	211
5824	1318,937	1203,873	913,950	821,939	253	247
5828	0,1	4,0	0,2	0,2	186	193
5830	89,76	137,104	73,55	96,105	364	392
5831	88,73	196,182	59,61	141,159	347	404
5834	135,69	69,55	93,94	55,62	283	218
5835	63,53	69,54	54,56	55,60	257	218
5836	59,45	152,121	39,46	93,100	321	329
5837	26,21	117,91	20,27	74,82	234	329
5838	21,15	20,14	14,13	13,14	314	272
5839	0,0	0,2	0,1	0,0	917	242
5841	16,16	5,3	23,6	3,5	293	203
5844	48,72	91,65	46,48	55,60	320	333
5845	76,90	85,71	67,57	59,53	305	320
5846	35,35	46,65	30,29	42,48	319	305
5847	18,26	48,65	18,10	42,46	319	305
5848	0,1	84,102	0,0	76,62	239	319
5849	0,0	84,102	2,2	76,62	223	319
5851	29,27	33,46	13,27	40,27	225	284
5852	64,62	29,26	62,35	26,30	284	224
5853	81,67	18,17	39,53	25,8	312	194
5859	61,61	46,61	48,47	49,45	263	326
5860	292,210	378,290	197,225	282,234	359	368
5861	273,212	8,10	166,210	8,4	221	226
5862	73,46	10,5	55,52	3,14	268	221
5863	183,149	111,111	100,140	78,68	285	254
5864	7,7	4,0	2,5	1,2	166	285
5865	5,5	197,165	2,5	112,112	166	285
5866	70,57	12,7	30,36	5,8	215	166
5867	156,113	382,278	79,97	251,290	317	326
5868	120,95	274,208	68,96	183,223	254	326
5872	17,9	19,15	5,9	16,14	215	332
5873	2,0	1,0	1,2	0,0	191	224
5874	2,0	1,0	1,2	0,0	191	343
5879	35,35	51,43	35,33	45,35	275	292
5880	40,38	12,16	36,33	15,14	275	212
5881	46,54	12,19	29,35	15,14	292	212
5884	686,540	24,14	505,483	22,15	252	291
5885	261,213	756,638	244,201	521,555	235	252
5886	632,633	761,720	683,557	745,643	432	325
5887	607,606	116,128	660,523	144,106	432	325
5888	875,826	962,818	891,681	874,771	325	388
5889	874,826	433,420	891,681	434,398	325	388
5890	433,420	1123,1015	435,396	1045,1050	388	325
5891	1054,986	1124,1015	1013,903	1045,1050	388	325
5892	698,623	74,74	740,626	89,71	323	315
5893	698,623	754,718	740,626	755,629	323	325
5894	52,51	74,74	64,62	89,71	319	315
5895	52,51	754,718	64,62	755,629	319	325
5896	48,44	420,297	43,27	258,296	206	320
5897	0,2	420,297	0,0	258,296	206	320
5898	77,52	129,106	60,77	99,99	233	206
5901	2,5	0,0	5,0	5,0	389	274
5902	2,5	0,0	5,0	3,0	389	270
5903	4,5	0,0	6,0	5,0	411	274
5904	4,5	0,0	6,0	3,0	411	270
5905	24,40	33,26	32,27	36,41	230	290
5906	90,77	62,32	63,86	25,30	348	244
5907	79,62	140,104	38,57	65,77	269	333
5908	102,94	128,102	46,45	77,84	273	247
5918	0,5	47,43	0,1	50,48	262	249
5919	1223,1140	1708,1259	946,868	1057,1019	278	253
5920	823,535	1044,842	574,497	747,753	253	249
5921	11,18	3,2	12,12	0,0	217	206
5922	4,5	2,0	0,9	0,1	226	218
5923	65,42	143,95	62,32	79,75	224	310
5924	69,60	72,77	68,40	61,65	224	283
5925	63,42	1,6	62,32	0,3	224	283
5926	63,42	16,13	62,32	8,7	224	310
5927	6,2	5,8	7,2	5,8	236	242
5929	93,59	33,45	86,42	17,40	283	199
5931	104,103	3,0	73,96	3,0	199	249
5933	86,88	15,15	52,94	8,7	246	310
5934	188,187	60,61	149,118	51,55	294	221
5935	188,187	80,87	149,118	63,66	294	253
5936	85,94	152,163	67,65	116,122	253	277
5937	62,74	80,56	51,57	37,59	198	221
5938	32,32	1,4	21,25	0,0	352	269
5939	13,20	360,293	5,10	258,281	352	225
5940	27,26	1,4	21,23	0,0	348	265
5941	8,11	439,369	6,10	352,338	348	232
5942	181,156	550,435	122,146	325,358	206	290
5943	708,481	459,375	394,434	350,389	290	293
5952	64,63	19,11	64,47	7,22	514	284
5953	153,125	293,200	78,121	184,275	293	304
5954	407,346	186,137	310,344	128,113	291	358
5955	407,346	4177,3267	310,344	2799,3038	291	1643
5956	62,74	28,26	36,26	13,16	319	305
5957	187,118	63,55	84,138	54,56	328	231
5958	65,58	89,86	31,67	67,86	231	255
5959	99,92	75,104	73,95	68,86	255	228
5960	145,103	117,101	91,78	92,82	318	255
5961	83,72	123,80	54,52	74,68	255	262
5962	120,108	112,90	103,92	73,82	262	289
5963	172,111	176,126	95,88	132,134	289	356
5964	2,0	0,0	0,1	1,2	249	563
5965	2,0	2,6	0,1	0,5	249	401
5966	0,0	2,6	1,2	0,5	563	401
5967	0,1	2,1	2,2	0,1	355	356
5968	181,143	88,73	121,97	53,78	256	221
5969	1,0	5,3	1,0	6,3	227	358
5970	6,6	5,3	2,2	6,3	363	358
5971	228,194	582,460	160,189	371,439	283	232
5972	548,455	163,148	381,384	124,120	221	206
5973	710,541	99,102	406,431	67,60	342	212
5974	710,541	77,77	406,431	62,45	342	208
5975	498,369	255,153	292,330	163,175	342	189
5976	4,2	2195,1775	1,2	1286,1503	189	294
5977	254,152	2197,1776	163,174	1286,1501	189	294
5978	1152,887	5327,3927	679,756	2613,2665	224	433
5979	1433,1224	1511,1116	895,1022	693,688	254	311
5980	12,15	19,17	12,5	7,12	234	352
5981	162,110	145,136	111,95	85,91	280	276
5982	165,130	140,122	110,96	105,112	276	295
5983	167,149	12,18	105,100	24,25	295	211
5984	127,102	41,28	108,98	55,26	211	236
5985	30,41	195,153	14,30	161,159	236	294
5986	57,50	168,124	79,52	120,128	294	323
5987	12,16	15,18	15,10	16,18	221	221
5988	45,29	10,6	34,31	10,10	317	256
5989	21,39	22,6	23,25	5,16	256	195
5991	32,26	207,198	22,17	158,153	251	206
5992	222,193	230,218	201,148	157,162	251	206
5993	1,5	230,218	2,3	157,162	277	206
5994	91,108	206,193	107,72	150,148	206	206
5995	92,108	206,193	102,68	150,148	188	206
5996	114,99	475,390	72,66	345,253	169	248
5997	425,386	475,390	280,286	345,253	226	248
5998	222,210	7,2	199,136	2,2	247	246
5999	221,201	243,194	201,137	196,146	247	246
6000	222,210	300,276	199,136	304,222	247	293
6001	234,195	303,282	205,164	306,228	246	293
6002	1449,1536	644,701	1279,1066	711,561	1190	811
6003	625,562	444,374	446,406	298,283	284	225
6004	134,145	806,747	158,120	607,560	322	266
6005	0,0	806,747	0,1	607,560	251	266
6006	685,580	806,753	470,405	610,565	256	266
6007	956,736	346,370	692,591	290,228	351	224
6008	774,585	693,532	463,454	548,507	245	267
6009	774,585	268,231	463,454	223,221	245	200
6011	156,171	322,298	157,123	300,201	250	319
6012	311,328	222,216	197,246	174,155	276	310
6013	79,43	197,176	41,64	104,105	209	290
6016	848,745	933,754	670,480	644,541	289	315
6017	154,92	107,83	109,132	82,65	307	256
6018	23,9	2368,1947	5,10	1735,1470	227	221
6019	86,63	2079,1844	58,50	1496,1599	221	227
6020	17,9	2079,1844	8,9	1496,1599	247	227
6021	1,13	20,22	14,7	15,19	209	389
6022	25,38	20,25	19,20	22,21	208	241
6023	96,93	5,9	81,69	3,9	307	247
6024	9,17	53,42	9,7	33,23	196	243
6026	136,128	114,178	95,95	124,91	221	351
6027	196,197	86,124	133,130	69,63	261	221
6028	131,163	97,80	113,97	60,49	350	237
6029	110,75	94,82	87,80	60,51	220	237
6030	110,75	158,196	87,78	110,124	220	350
6031	231,181	336,307	138,157	251,199	221	263
6032	16,18	58,31	3,6	59,47	243	490
6033	37,22	8,15	43,23	3,14	490	238
6035	7,2	3,0	0,0	3,0	247	243
6036	129,153	28,25	121,111	23,17	404	301
6037	534,501	546,502	497,431	372,402	301	272
6038	495,358	256,235	374,328	189,148	320	251
6039	22,11	9,1	10,9	3,7	199	210
6040	170,115	259,249	91,108	213,242	218	239
6041	33,35	261,249	18,19	210,241	175	239
6042	175,162	202,137	127,128	104,141	201	223
6043	138,90	4,2	89,70	2,5	360	202
6044	389,231	131,115	197,249	79,141	239	320
6045	11,18	100,71	12,14	50,60	217	201
6046	569,397	191,148	354,310	117,137	643	278
6059	12,8	15,13	7,4	6,9	213	305
6060	69,72	104,80	83,58	83,67	359	244
6061	5,14	104,80	6,5	83,67	303	244
6063	83,99	211,148	61,59	150,155	258	349
6064	100,133	135,99	97,76	78,87	404	275
6065	150,175	47,58	105,88	44,28	305	404
6066	156,180	165,131	106,91	125,93	305	404
6067	111,108	175,156	105,83	131,140	252	340
6068	56,41	178,126	38,33	95,108	258	489
6069	107,93	97,84	67,49	52,73	246	268
6070	81,76	31,30	60,53	31,20	222	267
6071	33,25	138,168	35,20	132,119	353	351
6072	137,129	138,168	136,122	132,119	267	351
6073	245,238	911,762	190,190	704,693	173	182
6074	495,367	3664,3063	347,307	2359,2430	182	266
6075	2428,2120	3244,2928	1861,1789	2545,2483	266	281
6076	1276,1194	3188,2731	1034,957	2727,2365	236	319
6077	1608,1428	1114,942	1248,1108	803,766	236	191
6078	1374,1110	3188,2731	1038,992	2727,2365	224	319
6079	253,210	955,866	170,136	703,669	222	205
6080	615,513	3187,2731	448,432	2727,2366	205	319
6081	1717,1372	1114,942	1272,1170	803,766	224	191
6082	2389,2152	2819,2409	1798,1609	2112,1893	242	191
6083	3,2	2296,2152	2,2	1842,1650	188	532
6084	11,7	1991,1863	8,6	1580,1465	188	436
6085	11,7	1756,1656	8,6	1410,1311	188	382
6086	16,15	219,182	6,11	176,126	302	272
6087	297,204	225,189	173,157	176,131	302	272
6088	624,588	268,241	417,405	211,213	252	181
6089	611,579	855,807	408,385	735,746	252	224
6090	624,588	34,18	417,405	37,15	252	247
6091	962,934	855,807	686,637	735,746	586	224
6093	1431,1267	32,17	1087,1079	37,15	181	247
6094	111,113	4,1	100,81	3,1	181	247
6095	111,113	754,719	100,81	637,681	181	224
6096	4,1	754,719	3,1	637,681	247	224
6097	4,0	1124,866	3,2	805,695	247	255
6098	246,222	296,260	204,143	179,160	309	302
6099	16,15	209,175	6,11	172,122	302	268
6101	26,65	145,126	74,55	128,128	475	298
6102	3,1	0,10	1,1	0,2	272	353
6103	92,116	10,12	68,70	12,15	281	318
6104	92,116	32,33	68,70	25,16	281	265
6105	34,37	24,40	43,23	24,16	389	189
6107	166,164	251,203	128,135	181,149	285	335
6108	62,77	254,203	57,56	180,149	225	335
6109	84,62	47,55	51,38	43,36	296	225
6110	142,86	230,140	76,104	161,163	231	268
6111	14,27	5,2	16,10	0,0	216	199
6112	16,35	5,2	28,20	0,0	203	199
6113	864,676	1280,1123	622,649	1062,862	284	323
6114	1767,1491	676,606	1384,1192	504,577	378	247
6115	1767,1491	121,93	1384,1192	76,69	378	262
6116	706,608	1271,1008	505,463	837,753	247	363
6117	727,626	1271,1008	517,478	837,753	262	363
6118	22546,18987	13226,11047	16953,14965	10618,8424	358	245
6119	22546,18987	13574,11392	16953,14965	10924,8667	358	781
6120	6320,8208	25952,21157	8941,6536	19551,17301	519	358
6121	2,0	11,12	0,0	17,8	281	364
6122	338,293	209,193	273,230	162,160	231	205
6123	413,391	227,205	337,315	177,173	241	205
6124	6,7	192,151	9,8	159,146	205	201
6127	94,71	292,259	72,63	219,227	350	281
6128	301,295	75,88	251,238	84,83	322	299
6129	154,117	100,79	101,89	67,45	301	226
6130	55,36	53,25	34,39	24,33	265	232
6131	55,36	31,28	34,39	21,19	265	198
6132	54,36	93,120	38,39	97,131	265	336
6133	54,36	13,4	38,39	0,5	265	232
6134	54,36	34,44	38,39	20,34	265	184
6135	74,45	17,8	51,46	0,10	265	232
6136	74,45	7,3	51,46	5,3	265	198
6137	74,45	85,80	51,46	62,50	265	251
6138	13,4	93,120	0,5	97,131	232	336
6139	13,4	34,44	0,5	20,34	232	184
6140	17,8	85,80	0,10	62,50	232	251
6141	23,19	85,80	13,12	66,50	232	251
6142	7,3	85,80	5,3	62,50	198	251
6143	34,15	59,58	17,22	58,47	188	218
6146	0,2	5,5	0,0	4,1	269	238
6147	36,23	184,135	21,25	101,104	323	225
6148	203,165	184,135	118,126	101,104	305	225
6149	81,54	217,195	41,65	133,146	225	286
6150	1,0	217,195	1,0	133,146	222	286
6151	230,193	132,130	141,133	111,115	286	253
6152	93,73	398,270	79,87	227,166	203	362
6153	76,59	163,128	66,72	86,96	203	253
6154	13,10	238,172	12,13	123,185	253	271
6155	341,282	71,38	192,193	41,41	362	198
6156	341,282	3,3	192,193	4,1	362	198
6157	117,91	211,142	59,82	121,137	198	311
6158	220,218	252,183	157,182	130,197	311	271
6159	329,263	338,319	247,236	221,224	298	257
6160	1302,946	336,319	883,807	221,224	614	257
6161	145,97	1105,853	106,95	811,784	195	614
6162	182,123	159,132	125,98	109,80	291	195
6163	6,15	20,8	9,5	15,9	300	277
6164	143,119	275,191	120,96	172,171	230	267
6165	0,1	7,4	0,1	0,1	212	223
6167	245,240	181,160	200,179	91,108	251	307
6168	406,353	181,160	316,247	91,108	342	307
6169	413,353	1,0	317,248	0,1	342	209
6170	413,353	5,3	317,248	1,3	342	287
6171	1,0	5,3	0,1	1,3	209	287
6172	77,65	2,0	51,40	1,2	232	202
6173	136,107	968,917	78,74	893,657	284	948
6174	979,920	202,226	888,671	201,158	948	343
6175	222,206	207,233	192,161	212,161	432	343
6176	727,594	2146,1766	618,543	1688,1724	247	344
6177	228,221	284,270	179,152	214,181	272	265
6178	39,30	296,275	25,21	243,193	169	230
6179	0,1	21,24	0,0	17,19	263	308
6183	3,0	104,90	0,0	72,79	290	240
6184	111,92	104,90	93,118	72,79	273	240
6185	27,17	0,3	11,20	4,1	294	264
6186	122,110	130,111	73,95	112,106	240	296
6187	173,167	111,74	131,123	83,76	296	248
6188	175,115	76,60	120,121	61,73	302	360
6189	176,114	81,76	120,121	69,78	302	360
6190	175,113	239,176	123,121	161,198	302	360
6191	419,311	25,32	258,309	10,26	360	294
6192	251,195	233,228	154,182	181,173	360	351
6193	93,61	41,26	39,58	33,41	353	229
6194	56,45	58,57	25,26	25,36	280	234
6195	6,5	105,88	6,1	74,93	197	280
6196	0,0	100,91	1,0	71,84	197	280
6197	400,413	1129,950	316,347	765,750	213	309
6198	298,256	175,154	216,195	134,144	334	270
6199	12,13	365,283	13,5	315,232	280	334
6200	183,182	365,282	108,127	315,232	280	334
6201	116,71	143,148	44,47	124,110	247	268
6202	19,24	174,157	36,33	146,112	199	257
6203	67,61	70,48	55,42	59,53	269	245
6204	177,197	62,42	165,132	53,47	413	245
6205	1166,1091	18,28	952,875	8,18	251	262
6206	1592,1259	4222,4143	1141,994	3731,3134	262	279
6207	14,19	4518,4215	10,16	3460,3009	279	251
6208	2682,2783	3315,2985	2631,2087	2767,2556	251	262
6233	677,553	278,281	467,473	213,259	242	231
6234	304,250	481,477	174,207	336,413	223	242
6235	26,36	1076,859	15,20	684,742	264	364
6236	51,37	90,101	36,33	89,68	284	346
6237	115,102	117,85	79,67	68,62	298	288
6238	148,111	215,221	88,79	140,183	355	352
6239	49,21	134,122	15,24	90,86	248	430
6240	44,18	39,22	16,22	20,18	248	231
6241	13,8	23,16	14,17	17,10	229	227
6242	12,16	8,6	16,16	5,8	266	196
6244	91,92	281,215	78,62	252,206	211	361
6245	95,87	162,118	81,63	126,127	211	361
6246	423,330	84,68	321,376	64,62	361	206
6247	3,6	3,5	4,2	4,9	221	249
6248	14,7	3,5	6,4	4,9	291	249
6249	14,7	3,6	6,4	4,2	291	221
6250	262,231	867,831	221,219	636,681	319	627
6251	191,162	184,170	142,104	123,123	318	297
6252	138,101	198,190	78,114	131,129	253	318
6253	416,340	119,98	235,247	81,54	426	253
6254	117,100	372,310	75,93	238,264	252	426
6256	0,2	4,16	0,3	16,13	275	337
6257	12,36	142,100	37,27	69,81	257	248
6258	16,44	43,61	36,29	53,37	257	245
6259	19,24	106,55	19,13	47,62	265	253
6260	73,129	74,122	99,85	148,85	348	304
6261	114,141	337,281	120,98	206,216	362	298
6262	304,321	258,233	262,214	201,202	298	257
6263	50,37	131,142	20,54	70,92	333	657
6264	16,16	37,32	27,17	24,31	306	288
6266	66,57	131,123	56,52	84,85	236	307
6267	3,0	56,74	3,4	44,39	195	228
6268	3,0	53,70	3,4	42,37	195	223
6270	194,175	112,78	164,187	57,55	353	266
6272	8,7	3,5	4,5	5,4	317	263
6273	94,61	100,95	49,73	71,83	220	190
6274	1,12	5,8	1,2	6,7	209	231
6275	104,152	1269,1278	201,142	1180,995	230	278
6276	5,19	3190,3061	10,8	3016,2340	280	419
6277	5,19	1925,1739	9,10	1770,1447	280	419
6278	5,19	1112,944	9,10	951,678	280	254
6279	764,760	3190,3061	709,626	3016,2340	237	419
6280	766,760	1925,1739	708,626	1770,1447	237	419
6281	766,760	1112,944	708,626	951,678	237	254
6282	1925,1739	1112,944	1770,1447	951,678	419	254
6283	3339,3066	1112,942	3064,2436	948,678	419	254
6284	0,2	988,835	1,0	683,810	240	259
6285	83,48	226,177	71,33	143,122	250	303
6286	70,72	70,59	59,72	37,11	226	250
6287	55,55	18,11	42,70	13,10	226	250
6289	5,0	2,0	0,4	1,0	251	191
6290	10,7	10,3	5,6	8,7	229	242
6291	17,4	14,5	4,2	7,4	242	267
6292	5,0	40,32	0,6	24,32	294	201
6293	39,45	112,71	29,29	89,56	201	272
6294	78,64	126,69	46,53	38,55	245	241
6295	123,120	323,246	85,115	242,248	247	312
6296	602,454	2,4	389,403	1,0	327	253
6297	142,101	103,81	84,109	85,83	328	320
6298	106,80	77,54	86,79	42,32	278	234
6300	197,144	0,2	121,133	0,0	245	294
6301	197,144	0,1	121,133	0,0	245	314
6302	198,207	104,85	154,196	103,83	317	217
6303	39,35	0,2	16,15	0,1	273	242
6305	9,19	4407,4573	10,12	4815,3306	320	251
6306	9,19	67,73	10,12	67,30	320	275
6307	29,23	4317,4471	18,17	4723,3263	215	251
6308	29,23	4129,4281	18,17	4549,3122	215	246
6309	3457,2837	4407,4573	2762,2190	4815,3306	215	251
6310	3457,2837	67,73	2762,2190	67,30	215	275
6311	3511,2895	6465,5534	2825,2245	5572,4173	494	235
6312	8,14	6465,5533	10,6	5572,4173	251	235
6313	8212,7451	6468,5533	7245,6280	5570,4173	251	235
6314	7,14	6468,5533	8,0	5570,4173	246	235
6315	5985,5819	4807,4171	5942,4438	3961,3202	235	209
6316	2541,2455	6002,5333	2546,1756	5252,4295	209	272
6317	31,13	200,141	13,11	140,157	274	301
6318	16,8	61,34	2,11	36,39	259	320
6319	13,5	43,19	2,10	19,24	259	320
6320	0,1	31,43	0,0	33,37	258	259
6321	34,34	12,4	26,37	5,7	269	278
6323	105,107	126,151	73,67	98,117	357	257
6324	67,60	121,150	48,49	96,113	357	257
6325	23,16	17,14	21,6	14,17	254	222
6326	16,15	33,27	14,10	24,23	222	250
6330	38,29	34,27	35,43	29,30	299	251
6331	29,23	1,3	29,29	3,1	251	246
6332	29,23	48,28	29,29	18,28	251	261
6333	33,28	3,7	23,31	7,6	246	196
6334	37,33	3,7	27,35	7,6	261	196
6335	35,33	52,58	27,35	17,31	261	270
6336	4,5	2,0	3,5	0,0	209	255
6340	148,138	89,63	97,90	56,70	287	215
6341	612,566	140,128	458,461	127,79	338	221
6342	258,211	4,1	182,159	0,1	315	243
6343	542,410	192,172	385,405	147,158	260	203
6344	230,173	218,186	140,151	145,116	242	280
6345	3,3	175,153	1,5	112,115	280	209
6346	329,239	175,153	208,252	112,114	280	209
6347	4,2	419,367	1,6	272,243	360	209
6348	144,115	410,270	92,70	274,255	209	258
6349	717,500	472,420	498,487	323,392	320	277
6350	381,316	22,39	254,329	38,21	251	222
6351	59,69	111,94	56,65	97,74	347	294
6352	45,37	9,7	15,37	2,6	318	216
6353	48,37	12,8	12,37	1,1	318	216
6354	6,4	8,8	1,6	10,7	288	263
6355	7,7	188,187	9,6	140,133	260	228
6356	1,2	2,0	0,0	0,2	299	289
6357	34,48	32,40	35,20	18,29	253	299
6358	25,11	20,33	18,11	17,30	297	253
6359	69,66	27,18	43,33	15,13	262	222
6360	21,15	5,5	26,13	5,6	236	195
6361	278,294	1644,1422	189,214	1201,1149	294	796
6362	321,308	185,148	250,275	95,94	364	224
6363	862,727	142,168	618,545	117,105	538	264
6364	30,31	1154,994	8,13	786,768	287	743
6365	26,31	607,477	8,15	420,408	287	538
6366	8,9	1,0	10,6	1,0	252	224
6367	79,73	80,88	64,57	74,61	425	244
6368	55,72	125,118	57,32	76,66	223	265
6383	1,0	0,0	0,0	1,0	370	269
6388	67,61	22,15	37,53	14,8	218	194
6398	15,16	1,0	7,6	0,0	294	228
6399	6,4	1,0	0,2	0,0	225	228
6400	136,126	20,12	111,109	14,15	208	299
6401	0,2	35,30	2,3	18,25	299	354
6402	210,210	35,30	187,192	18,25	299	354
6403	1460,1208	1014,979	1097,1013	885,720	334	1000
6404	451,408	1005,978	345,304	878,713	229	1000
6405	451,408	205,161	345,304	162,138	229	334
6406	455,417	1253,1114	359,312	985,834	229	334
6407	455,417	1270,1145	359,312	1001,850	229	447
6408	101,57	174,185	64,55	157,134	219	283
6409	553,542	713,629	474,400	562,469	295	334
6410	688,588	168,171	549,470	148,105	343	221
6411	334,336	248,203	240,250	201,178	221	237
6412	548,467	464,451	397,360	372,315	324	272
6413	548,467	72,70	397,360	51,55	324	341
6414	1499,1358	1112,1061	1151,1077	1051,713	278	309
6415	539,559	18,16	452,309	13,10	203	310
6416	539,559	1698,1604	452,309	1267,1202	203	278
6417	199,161	691,669	133,117	494,448	185	203
6418	992,926	692,669	790,802	494,448	279	203
6419	991,925	352,307	790,802	277,296	279	185
6420	2,0	4,2	1,2	7,2	244	279
6421	787,628	117,113	592,512	79,82	374	332
6422	10,5	512,426	5,5	333,405	192	262
6423	13,8	16,29	3,15	19,25	192	233
6424	0,2	12,9	1,0	7,8	192	233
6425	0,0	0,1	2,0	2,0	307	245
6426	128,146	181,123	98,106	115,112	299	225
6427	121,137	113,80	78,98	77,74	225	208
6428	309,218	595,506	220,181	381,414	274	389
6429	512,382	258,261	329,351	229,238	389	324
6430	451,408	92,88	312,363	78,73	324	234
6431	157,149	28,24	146,109	15,27	263	276
6432	23,25	45,30	23,14	19,19	247	263
6433	555,487	399,336	408,376	323,221	302	246
6434	332,265	51,55	237,202	26,35	257	175
6435	332,265	624,568	237,199	538,470	257	378
6436	14,13	624,568	6,4	538,470	175	378
6437	75,54	623,566	44,46	538,473	175	378
6438	55,47	50,39	59,39	55,46	245	200
6439	74,50	178,166	39,42	167,130	200	299
6441	47,49	16,9	40,47	16,14	285	204
6442	2,1	108,79	0,0	69,69	187	271
6443	48,36	57,48	42,30	35,41	271	227
6445	2316,2009	4333,3606	1757,1859	3152,2553	335	389
6446	2,0	1,0	2,0	0,0	202	294
6447	15,16	25,33	13,13	10,17	231	264
6455	364,302	527,415	270,268	374,347	321	337
6456	355,303	720,572	270,269	484,454	321	343
6457	169,186	382,369	108,117	313,259	608	428
6458	37,44	56,66	54,34	73,30	302	218
6459	68,76	76,83	58,45	90,52	308	302
6460	68,76	138,139	58,45	133,89	308	662
6461	71,76	151,137	86,63	92,90	366	285
6462	78,81	151,137	90,59	92,90	286	285
6463	8,9	1,4	6,7	9,4	303	296
6464	2,10	111,120	8,0	97,108	235	244
6465	13,19	111,120	23,8	97,108	303	244
6466	13,19	117,131	23,8	105,120	303	248
6467	7,6	117,131	8,2	105,120	312	248
6468	245,222	117,131	134,156	105,120	704	248
6469	2,10	117,131	8,0	105,120	231	248
6470	2,10	117,131	8,0	105,120	235	248
6471	6,10	117,131	18,2	105,120	420	248
6472	7,6	121,133	8,2	111,122	312	251
6473	245,222	121,133	134,156	111,122	704	251
6474	2,10	121,133	8,0	111,122	231	251
6475	13,19	121,133	23,8	111,122	303	251
6476	2,10	121,133	8,0	111,122	235	251
6477	6,10	121,133	18,2	111,122	420	251
6478	13,19	119,135	23,8	110,120	303	261
6479	7,6	119,135	8,2	110,120	312	261
6480	245,222	119,135	134,156	110,120	704	261
6481	2,10	119,135	8,0	110,120	231	261
6482	2,10	119,135	8,0	110,120	235	261
6483	6,10	119,135	18,2	110,120	420	261
6484	13,19	121,144	23,8	110,128	303	436
6485	46,30	0,0	33,36	0,1	306	207
6486	46,32	0,0	35,37	0,1	312	207
6487	100,62	0,0	51,57	0,1	376	207
6488	264,257	0,0	158,171	0,1	704	207
6489	264,257	46,30	158,171	33,36	704	306
6490	245,222	7,6	134,156	8,2	704	312
6491	2,10	7,6	8,0	8,2	231	312
6492	13,19	7,6	23,8	8,2	303	312
6493	264,257	46,32	158,171	35,37	704	312
6494	264,257	100,62	158,171	51,57	704	376
6495	2,10	245,222	8,0	134,156	231	704
6496	13,19	245,222	23,8	134,156	303	704
6497	12,11	52,40	9,8	29,24	303	419
6498	18,10	30,24	17,18	20,13	231	365
6499	30,25	30,24	26,27	20,13	303	365
6500	9,13	30,24	9,7	21,13	303	365
6501	69,55	68,56	42,43	37,53	319	259
6502	139,87	24,25	78,73	22,9	242	245
6503	139,87	71,75	80,74	87,55	242	245
6504	4,6	1,8	0,6	1,1	216	236
6505	17,9	1,8	8,8	1,1	320	236
6509	63,46	90,64	28,45	50,67	269	280
6510	46,54	89,62	51,53	52,67	250	280
6513	330,344	47,44	216,285	31,27	1223	234
6514	349,318	305,324	339,243	367,257	263	272
6515	56,31	82,72	52,21	80,68	212	248
6517	3316,2704	14,20	2394,2337	15,22	302	185
6518	124,101	133,99	82,110	109,87	325	304
6519	126,104	4,5	81,111	7,14	325	304
6520	126,104	170,76	81,111	81,92	325	291
6521	4,5	170,76	7,14	81,92	304	291
6522	150,108	169,78	88,108	84,95	304	291
6523	2,5	169,78	2,10	84,95	299	291
6524	5,1	116,76	0,0	66,76	291	264
6525	126,93	3,3	102,76	4,7	291	264
6526	129,94	116,76	102,76	66,79	291	264
6527	18,8	22,12	19,6	14,15	251	223
6528	40,29	9,8	33,20	2,1	206	302
6529	19,10	116,75	15,22	47,66	206	1489
6530	19,10	51,31	15,22	15,15	206	232
6531	11,9	74,50	3,3	38,23	302	232
6532	55,40	35,33	39,35	29,13	227	231
6537	0,1	0,2	0,0	0,6	343	267
6538	272,198	364,330	204,173	248,251	256	314
6539	417,312	417,310	297,271	339,286	305	305
6540	449,422	360,269	335,304	290,288	269	261
6541	446,423	12,15	333,303	8,3	269	261
6542	446,423	375,277	333,303	250,263	269	261
6543	448,423	310,296	336,303	220,202	269	224
6544	12,15	375,277	8,3	250,263	261	261
6545	446,432	378,276	363,381	251,264	261	261
6546	443,425	308,295	359,386	220,202	261	224
6550	107,88	113,87	134,91	92,45	269	294
6551	20,21	241,207	17,32	208,163	307	357
6552	30,34	56,43	22,26	33,38	218	248
6557	3766,3542	2780,2188	3776,3007	1834,1749	273	234
6558	68,62	59,56	41,70	34,53	331	406
6559	53,66	62,45	49,50	35,48	406	276
6560	62,60	55,39	36,63	35,42	331	266
6561	10,10	59,56	6,9	34,53	252	406
6562	6,7	55,39	3,3	35,42	252	266
6563	173,152	71,80	101,120	50,56	227	269
6564	136,134	76,50	82,97	46,58	250	227
6565	12,18	7,10	16,14	7,15	311	216
6566	0,1	1,0	2,0	0,0	247	271
6569	3,0	171,244	0,0	207,164	238	769
6570	117,124	187,170	90,89	135,117	277	324
6571	1,0	58,63	0,1	52,41	203	222
6572	74,58	61,60	50,49	41,49	222	199
6573	84,62	61,60	54,49	41,49	363	199
6574	0,0	250,237	2,0	248,204	243	263
6576	250,237	0,0	248,204	1,0	263	163
6578	49,56	139,112	50,29	107,100	188	269
6579	191,173	144,143	142,130	115,79	397	351
6580	523,480	901,768	290,269	577,561	232	282
6581	614,561	421,324	402,302	238,207	284	232
6582	1017,946	622,577	632,574	423,298	331	265
6583	1259,1106	621,575	856,816	424,296	995	265
6584	997,859	989,827	659,657	635,523	505	331
6585	57,53	22,12	28,31	14,24	336	263
6586	436,328	136,115	353,293	97,91	431	253
6587	6,11	229,175	11,2	144,184	253	276
6588	106,98	2834,2604	64,62	2349,2396	245	333
6589	1743,1871	147,219	1651,1340	230,141	2439	431
6590	25,28	69,88	32,23	84,79	203	251
6591	202,177	198,189	169,155	120,143	272	278
6592	143,146	237,205	105,87	168,220	244	272
6593	314,236	154,143	207,166	130,144	296	244
6594	201,179	226,209	138,129	172,140	279	296
6595	117,78	551,485	70,98	383,441	329	355
6596	378,352	350,349	265,308	267,257	297	258
6597	373,315	591,508	267,271	406,448	258	354
6598	82,122	74,79	109,74	67,53	461	440
6599	76,121	62,68	99,74	57,48	461	440
6600	62,68	14,12	57,48	17,18	440	180
6601	1,0	14,1	1,2	7,1	230	211
6604	34,27	35,31	15,17	36,16	247	311
6605	3,0	24,16	0,0	13,24	247	262
6606	21,22	24,16	8,24	13,24	254	262
6607	21,22	3,0	8,24	0,0	254	247
6608	24,29	12,12	17,18	7,9	245	247
6609	4,6	13,4	3,11	3,8	263	302
6610	140,134	55,67	95,113	57,60	456	270
6611	167,151	157,141	109,90	124,123	345	367
6612	167,183	54,32	117,101	29,39	367	232
6613	24,35	226,179	24,24	186,190	193	322
6614	24,35	126,127	24,24	117,92	193	312
6615	1,0	0,2	0,1	0,2	186	199
6616	2,4	90,78	1,1	62,53	296	359
6617	7,2	108,79	7,0	64,68	231	243
6618	109,115	72,53	101,68	39,57	315	240
6619	552,429	107,84	402,407	69,86	863	334
6620	922,885	1,5	623,552	0,4	298	251
6621	331,256	1066,819	218,226	714,750	254	288
6622	593,430	667,524	352,375	421,468	230	235
6623	3,4	1915,1662	0,1	1405,1397	235	614
6624	757,563	1914,1662	481,498	1405,1399	235	614
6625	27,13	2,2	20,22	2,1	182	203
6626	54,57	1,0	44,36	0,1	233	182
6627	152,166	188,130	113,116	126,128	227	258
6628	3,0	62,61	0,0	51,46	258	203
6629	65,53	70,41	66,39	68,69	312	237
6630	66,53	135,78	65,39	95,71	312	240
6631	125,113	80,87	95,101	78,70	289	328
6632	7,1	6,4	3,2	1,0	335	245
6633	127,66	157,131	87,120	117,105	358	378
6634	3,0	48,58	0,0	34,33	227	255
6635	561,479	528,415	406,359	354,368	339	305
6636	382,318	506,411	290,249	345,362	296	305
6637	233,160	384,316	164,151	291,249	242	294
6638	269,251	11,7	141,183	2,10	309	242
6639	271,251	285,262	141,183	235,237	309	242
6640	135,108	356,283	70,85	269,219	219	309
6641	208,158	357,290	160,131	267,219	242	309
6642	244,199	353,283	166,152	270,219	258	309
6643	210,158	129,116	161,131	63,86	242	219
6644	246,206	121,111	166,150	61,81	258	219
6645	253,204	131,143	168,156	69,100	258	242
6646	275,205	224,161	217,205	152,142	259	258
6647	13,3	260,210	2,3	173,157	219	259
6648	222,162	262,210	121,156	179,158	276	259
6649	1064,994	259,209	791,738	173,158	603	259
6650	13,3	323,259	2,4	248,254	219	276
6651	1064,995	319,255	794,740	246,245	603	276
6652	20,4	12,12	7,3	9,4	219	184
6653	10,8	263,293	6,4	221,201	240	309
6654	88,104	266,294	66,69	227,201	240	309
6655	3,10	473,387	4,2	331,359	285	347
6656	24,25	256,234	15,25	216,233	240	262
6657	117,91	149,105	98,100	100,114	341	313
6660	16,9	11,5	10,10	4,11	308	259
6661	2,0	0,6	5,3	4,1	252	317
6663	220,171	134,109	180,183	100,112	303	276
6664	220,171	5,2	180,183	1,0	303	356
6665	221,173	3,3	182,185	1,0	303	276
6666	192,142	192,184	138,147	180,143	276	337
6667	6,14	18,14	2,5	7,7	203	200
6668	72,71	71,51	77,59	59,47	279	280
6669	49,62	47,37	37,43	30,33	272	304
6670	0,0	337,234	2,0	212,234	322	382
6671	39,26	42,34	48,22	34,29	298	256
6672	211,193	2,4	154,183	1,4	380	247
6673	1,2	90,98	1,0	75,91	250	270
6674	2,3	90,98	0,0	75,91	253	270
6675	20,25	90,98	15,9	75,91	325	270
6676	189,149	90,98	120,111	75,91	473	270
6677	63,69	76,60	44,55	58,29	253	250
6678	91,63	33,33	23,36	47,24	310	242
6679	45,24	70,76	33,32	42,48	280	310
6680	49,40	4,1	32,36	4,3	257	256
6687	1,4	252,197	2,10	236,184	197	267
6688	82,125	141,111	133,100	120,110	267	245
6689	149,123	228,182	160,135	170,132	225	250
6690	215,150	228,182	202,160	170,132	245	250
6691	127,127	310,254	117,93	231,270	250	293
6692	319,249	349,242	245,204	276,236	293	300
6693	51,31	22,13	30,46	10,7	425	331
6694	2,3	57,50	2,1	35,36	177	381
6695	7,3	83,80	8,3	63,71	227	722
6697	5576,5037	678,614	4655,4221	729,417	327	327
6698	5573,5035	1564,1487	4653,4221	1521,1232	327	251
6699	894,1171	1561,1463	1377,914	1508,1222	327	251
6700	893,1171	136,156	1374,911	124,123	327	251
6701	0,11	319,306	3,1	259,248	491	499
6702	1,2	319,304	2,1	258,250	210	499
6703	232,275	80,73	207,201	91,67	499	260
6704	108,75	103,57	74,69	83,81	260	298
6706	0,0	0,1	0,1	0,1	306	338
6710	3,2	255,235	0,0	201,239	212	861
6717	595,505	812,632	393,402	537,545	231	221
6718	173,128	2093,1732	121,120	1285,1346	197	280
6719	173,128	1215,919	122,124	730,750	197	262
6720	77,64	1667,1408	45,44	1021,1093	197	280
6721	78,66	1210,917	48,47	728,747	197	262
6722	78,66	184,172	48,47	119,121	197	280
6723	574,470	1215,919	356,352	730,750	280	262
6724	184,172	1210,917	119,121	728,747	280	262
6725	934,763	1209,917	661,668	730,749	280	262
6726	25,24	53,47	20,20	34,51	221	214
6727	9,7	53,47	9,7	34,51	236	214
6728	8,10	53,47	8,4	34,51	288	214
6729	25,24	122,94	20,20	74,89	221	303
6730	9,7	122,94	9,7	74,89	236	303
6731	8,10	122,94	8,4	74,89	288	303
6732	18,10	5,10	10,18	16,6	239	246
6733	24,17	4,9	6,11	4,7	239	246
6734	2158,1953	59,61	1520,1558	38,45	455	294
6735	1375,1278	53,58	996,1036	37,38	455	294
6736	388,358	2053,1807	259,318	1416,1459	266	455
6737	213,213	6,8	158,145	1,8	301	266
6738	219,213	636,557	160,155	443,438	301	266
6742	9,6	545,429	13,11	343,355	278	708
6743	11,6	111,115	7,10	77,105	278	275
6744	483,414	2,0	327,319	6,1	708	275
6745	487,414	111,115	329,321	83,106	708	275
6746	1,3	112,90	6,2	87,96	275	294
6747	125,91	114,91	69,68	89,98	275	294
6748	124,90	95,120	69,66	74,83	275	253
6749	124,89	75,89	69,66	75,50	275	246
6750	128,125	88,67	81,120	88,89	294	273
6751	54,58	136,118	37,52	83,104	289	373
6752	137,95	159,120	86,100	90,88	334	287
6753	137,93	21,14	84,100	9,17	334	287
6754	81,46	112,126	72,42	83,58	287	267
6755	109,85	130,135	62,54	100,111	267	309
6756	35,39	63,51	29,40	45,42	301	248
6757	128,120	133,105	93,86	92,84	326	299
6758	69,35	105,97	32,51	73,57	224	302
6759	65,39	125,143	53,42	112,93	236	365
6762	162,144	147,113	106,98	129,117	274	293
6763	63,41	168,128	38,53	142,127	195	293
6764	20,7	215,154	16,17	162,177	343	216
6765	76,45	68,56	53,58	62,57	216	208
6766	143,139	69,103	88,110	51,48	307	217
6767	130,87	68,101	96,99	51,49	263	217
6768	795,684	443,420	593,566	406,325	275	229
6769	132,132	687,602	121,103	577,453	176	275
6770	1001,788	131,116	756,748	105,81	286	176
6771	482,477	804,706	407,396	602,585	225	286
6772	610,528	584,438	495,482	464,380	246	225
6779	1,2	2,1	3,3	0,2	540	380
6780	0,0	2,1	1,1	0,2	254	380
6782	21,24	22,17	24,24	32,11	183	215
6783	0,2	6,4	1,0	1,4	293	406
6784	66,52	15,15	48,37	12,14	269	209
6785	500,436	683,542	281,369	413,532	953	4085
6786	500,436	28,33	281,369	15,11	953	221
6787	4,2	108,104	1,3	95,71	221	321
6788	15,13	108,104	6,5	95,71	280	321
6789	210,187	142,130	181,146	133,62	292	287
6790	104,102	75,55	79,62	57,61	240	292
6791	206,157	104,100	107,122	103,83	322	240
6792	188,181	107,112	123,123	54,69	314	236
6793	113,94	208,176	63,54	124,183	227	314
6794	184,177	331,303	137,118	379,254	247	294
6795	472,408	215,150	290,297	192,152	350	247
6796	273,230	316,209	255,236	180,196	280	221
6798	97,95	58,40	56,47	41,43	221	241
6799	68,50	59,40	55,49	41,41	253	241
6800	67,53	191,153	55,49	101,120	253	251
6801	11,3	145,121	11,15	89,85	269	251
6802	5,0	76,74	4,0	62,40	234	253
6803	1,0	8,8	0,0	21,15	241	363
6804	57,67	14,12	48,61	5,8	260	319
6805	44,34	205,139	39,46	111,130	173	209
6806	107,86	201,132	65,47	94,144	225	252
6807	180,146	190,125	117,95	91,143	292	252
6808	270,284	23,7	248,166	12,5	364	237
6809	433,420	23,7	348,258	12,5	338	237
6810	287,254	23,7	192,156	12,5	396	237
6811	107,96	47,26	81,110	31,24	248	335
6812	107,96	254,234	81,110	170,140	248	338
6813	176,178	86,92	116,130	95,77	380	274
6814	129,152	86,92	101,101	94,77	317	274
6816	38,16	72,67	15,16	59,62	221	324
6817	23,33	17,22	32,40	21,18	270	221
6818	19,6	0,0	5,16	2,0	319	299
6819	8,5	0,0	1,11	2,0	244	299
6820	42,34	3,0	31,31	3,1	245	286
6821	109,93	150,116	106,94	131,122	286	257
6822	11,10	6,11	10,14	16,7	343	227
6823	156,136	159,161	105,114	136,115	269	256
6824	63,59	203,193	58,62	143,166	238	269
6825	63,47	9,4	41,31	1,2	202	273
6826	5,0	0,1	2,5	6,5	220	217
6827	4,0	14,9	2,6	13,5	220	208
6832	145,163	72,51	108,105	55,54	320	306
6833	58,45	126,103	45,37	96,77	212	320
6834	117,93	57,57	58,71	47,29	263	212
6835	152,107	571,388	120,125	321,431	270	257
6836	63,55	1256,921	39,52	733,892	244	257
6837	203,158	10,3	150,144	6,2	244	243
6838	2,2	10,3	0,1	6,2	229	243
6839	2,2	203,158	0,1	150,144	229	244
6841	62,41	98,78	54,53	72,48	292	268
6842	116,78	22,25	87,62	14,21	367	243
6843	149,118	1,0	113,94	1,0	367	190
6844	29,19	44,49	23,23	24,28	222	283
6845	5,2	44,51	6,3	26,25	222	283
6846	29,19	14,4	19,22	10,4	222	283
6847	32,31	27,21	29,16	13,19	221	247
6848	23,24	27,21	21,8	13,19	197	247
6849	39,28	86,61	23,25	56,48	296	268
6850	75,38	107,69	29,52	66,65	268	249
6852	29,14	13,17	22,14	21,3	311	415
6853	19,9	29,21	14,12	23,17	288	214
6854	106,68	37,25	78,64	25,23	288	214
6855	349,302	173,157	241,250	102,122	752	497
6856	55,57	53,32	54,60	31,27	273	514
6857	55,57	133,95	54,60	69,64	273	418
6858	69,77	85,93	52,51	65,66	297	304
6859	49,58	183,131	43,55	109,88	307	397
6860	120,114	53,75	74,113	38,54	419	307
6861	2658,2697	4916,4670	2767,2239	4085,3961	360	344
6862	10,9	5,6	9,7	1,3	226	324
6863	1,0	432,353	0,0	304,304	190	253
6864	1,0	432,353	0,0	304,304	186	253
6865	171,200	340,302	142,146	276,283	253	239
6866	474,420	622,670	376,342	535,444	300	344
6867	29,25	622,670	29,32	535,444	259	344
6868	314,273	404,343	224,246	378,347	232	232
6869	708,546	1030,925	488,493	820,825	261	216
6870	681,479	1030,926	442,473	820,825	261	216
6871	8,2	25,18	2,9	28,20	261	243
6872	510,425	25,18	382,440	30,19	203	243
6873	10,7	1536,1344	6,10	1023,1096	261	243
6874	547,489	1536,1344	394,411	1023,1096	255	243
6875	369,288	1536,1344	256,296	1023,1096	255	243
6876	539,440	1536,1342	398,449	1025,1095	203	243
6877	547,489	10,7	394,411	6,10	255	261
6878	369,288	10,7	256,296	6,10	255	261
6879	509,429	1416,1110	382,439	907,960	203	261
6880	551,465	1416,1113	416,416	909,961	208	261
6881	369,288	547,489	256,296	394,411	255	255
6882	1214,890	1486,1245	807,882	1051,1077	255	255
6883	551,464	1,3	414,416	2,0	208	203
6884	399,461	248,237	373,319	160,220	294	265
6885	275,219	11,4	187,195	8,2	217	252
6886	344,350	283,270	292,247	203,184	324	280
6887	259,256	282,269	236,187	203,185	275	280
6888	256,246	491,403	268,258	409,345	292	324
6889	59,29	282,294	31,24	236,209	275	292
6890	256,253	308,313	238,187	246,229	275	292
6891	10,6	507,493	1,0	497,439	176	275
6892	69,34	2,0	32,27	1,0	176	161
6895	27,36	258,269	50,39	224,186	227	332
6896	347,316	410,460	273,225	394,280	268	363
6897	355,393	10,20	386,264	20,16	363	223
6898	174,133	2,0	103,132	0,0	218	246
6900	0,2	16,8	0,0	5,9	291	324
6901	5255,4353	548,549	4110,3906	568,449	253	202
6902	5255,4353	30,16	4110,3906	28,17	253	267
6903	5543,4540	2258,2195	4352,4090	2096,1794	253	267
6904	4953,4309	2255,2193	3988,3398	2093,1795	297	267
6905	195,136	2247,2188	144,107	2087,1790	297	267
6906	75,75	2247,2188	92,79	2089,1788	297	267
6907	4953,4309	209,133	3988,3398	165,126	297	253
6908	4956,4311	3119,3075	3996,3402	2598,2448	297	253
6909	1884,2129	6578,5567	2207,1542	5162,4890	469	297
6911	55,52	145,126	57,45	112,71	236	253
6912	376,438	29,13	349,268	12,19	290	243
6913	376,438	591,606	349,268	447,476	290	239
6914	29,13	591,606	12,19	447,476	243	239
6915	930,844	714,628	709,534	510,496	346	267
6916	825,682	704,537	645,562	430,410	238	231
6917	704,644	737,646	605,535	608,603	231	239
6918	582,480	5,2	486,347	5,9	227	276
6919	18,9	87,75	12,16	57,62	233	286
6920	4,0	87,75	4,1	57,62	190	286
6921	86,68	195,143	71,59	159,132	286	355
6922	4,3	2,2	2,9	3,2	287	299
6923	46,40	33,17	48,28	37,12	304	257
6924	72,64	1,5	52,60	0,0	216	255
6925	22,11	114,93	11,9	96,62	234	255
6926	68,56	153,114	57,38	89,109	362	208
6927	133,104	96,64	102,96	53,71	356	208
6928	69,47	93,65	56,53	53,69	356	208
6929	67,57	38,47	65,41	42,31	362	196
6930	192,153	32,27	137,136	27,26	356	196
6931	133,108	31,26	94,108	28,25	356	196
6932	37,36	31,26	30,34	28,25	293	196
6933	51,57	37,29	36,43	32,35	278	196
6934	37,36	133,108	30,34	94,108	293	356
6935	36,36	81,78	30,33	73,75	293	356
6936	64,71	65,55	47,65	48,43	394	293
6937	55,68	65,55	40,58	48,43	278	293
6938	10,1	1,2	3,9	3,0	233	251
6939	4,1	1,1	3,9	3,0	233	251
6940	13,18	6,4	15,18	4,2	233	251
6941	13,18	3,2	15,18	0,0	233	266
6942	4,1	40,42	3,9	19,17	233	441
6943	8,8	6,4	11,3	4,2	230	251
6944	8,8	3,2	11,3	0,0	230	266
6945	6,4	3,2	4,2	0,0	251	266
6946	0,4	9,2	1,6	0,0	251	266
6947	0,2	30,34	2,0	39,16	226	519
6948	1631,1411	664,652	1169,1122	455,399	372	240
6949	12,14	664,652	3,9	455,399	276	240
6950	575,476	664,652	384,364	455,399	443	240
6951	86,69	102,126	68,76	80,80	212	229
6952	86,69	1,8	68,76	1,2	212	210
6953	133,128	8,4	121,93	4,3	266	179
6954	359,323	149,124	278,238	120,90	322	243
6955	179,151	199,195	124,96	149,118	243	231
6956	9,13	0,2	9,9	2,0	212	176
6957	22,14	17,3	22,14	5,2	212	176
6958	1547,1533	1559,1301	1403,1022	1155,903	365	309
6959	1263,1194	743,759	1181,934	705,522	309	298
6960	5,2	6,4	3,6	1,5	232	276
6961	3,12	15,18	9,9	4,9	199	221
6962	19,14	35,37	18,21	19,14	221	226
6963	2,0	0,1	1,4	0,0	290	180
6964	3,0	0,1	1,0	0,0	287	180
6966	95,71	4,2	86,58	1,0	850	346
6967	4,9	4,2	6,0	1,0	261	346
6968	696,600	11,5	576,529	7,8	313	283
6969	696,600	202,180	576,529	176,212	313	202
6970	86,78	202,180	73,72	176,212	473	202
6971	701,605	202,180	579,528	176,212	359	202
6972	34,28	4,13	32,23	8,5	228	220
6973	512,431	87,60	331,377	48,43	316	169
6974	512,431	100,53	331,377	40,43	316	214
6975	4,11	550,421	11,0	344,372	259	316
6976	399,285	561,422	213,255	349,376	259	316
6977	398,277	72,60	205,254	46,43	259	316
6978	0,1	863,661	4,2	502,595	272	259
6979	139,115	359,297	66,98	226,262	315	259
6980	656,471	32,42	368,383	25,28	218	296
6981	656,471	107,79	368,383	50,61	218	510
6982	490,461	194,138	327,418	106,114	297	218
6983	222,188	496,349	146,113	278,286	385	297
6984	156,131	92,86	131,130	78,78	256	231
6985	46,45	198,186	61,51	144,169	203	263
6986	39,41	167,166	37,28	118,141	261	263
6987	30,55	143,140	69,40	196,122	362	294
6988	30,55	190,194	69,38	241,138	362	289
6989	0,6	540,597	3,5	568,444	207	200
6990	0,6	64,61	3,5	62,49	207	387
6991	362,373	165,238	430,346	273,179	282	243
6992	32,31	57,51	27,15	42,39	415	299
6993	10,10	68,59	7,14	49,46	251	299
6994	27,22	68,59	27,18	49,46	415	299
6995	2,0	68,59	0,0	49,46	230	299
6996	23,22	57,51	23,12	40,41	415	299
6997	64,52	68,59	68,27	49,46	631	299
6998	8,8	68,59	15,7	49,46	283	299
6999	41,36	7,3	37,26	4,4	415	347
7000	78,66	7,3	78,35	4,4	631	347
7001	7,8	7,3	5,13	4,4	251	347
7002	1,0	7,3	0,2	4,4	294	347
7003	1,0	7,3	0,0	4,4	230	347
7004	2,0	27,22	0,0	27,18	230	415
7005	9,9	37,36	6,5	33,20	283	415
7006	7,8	41,36	5,13	37,26	251	415
7007	1,0	41,36	0,2	37,26	294	415
7008	1,0	41,36	0,0	37,26	230	415
7009	7,8	78,66	5,13	78,35	251	631
7010	1,0	78,66	0,2	78,35	294	631
7011	1,0	78,66	0,0	78,35	230	631
7012	7,8	17,17	5,11	18,10	251	283
7013	1,0	7,8	0,0	5,13	230	251
7014	1,0	1,0	0,0	0,2	230	294
7016	50,49	658,555	38,48	428,445	194	372
7017	256,225	79,88	160,177	53,68	372	181
7018	548,466	81,88	332,402	53,70	372	181
7024	0,3	1,0	0,4	0,1	284	200
7025	1994,1796	2735,2393	1609,1513	2442,1863	254	373
7026	0,2	342,521	2,1	452,375	187	384
7027	128,130	118,122	142,98	123,94	221	215
7028	225,202	511,493	217,157	485,357	215	338
7029	25,17	562,604	24,11	453,403	243	278
7030	421,460	91,77	385,363	80,66	339	216
7031	499,414	118,125	368,361	133,133	307	266
7032	264,299	389,305	222,238	246,251	265	276
7033	221,196	1216,1153	161,230	906,820	276	544
7034	149,110	1337,1269	98,102	952,1046	233	419
7035	146,103	650,647	94,102	511,513	233	281
7036	1433,1260	653,652	932,1010	515,511	419	281
7037	1433,1259	366,382	932,1010	340,278	419	239
7038	647,607	365,384	523,523	340,278	281	239
7039	647,603	231,288	524,522	290,234	281	410
7040	647,603	1811,2054	524,522	1720,1558	281	862
7041	113,106	54,71	102,78	65,55	233	228
7042	25,20	54,71	25,24	65,55	229	228
7043	35,37	181,144	18,30	135,135	521	259
7044	35,37	63,70	18,30	58,65	521	263
7045	86,77	173,114	70,78	97,108	259	233
7046	168,125	271,255	122,114	193,182	296	271
7047	290,251	321,215	195,172	235,219	271	260
7048	44,54	341,351	21,17	276,221	184	422
7049	260,272	79,77	220,196	52,45	422	196
7050	197,152	72,73	112,123	48,41	281	256
7051	195,152	7,4	111,126	1,2	281	256
7052	196,158	240,188	113,133	153,122	281	308
7053	10,6	72,73	6,6	48,41	277	256
7054	249,215	24,10	197,159	7,8	256	343
7055	146,104	159,116	114,93	105,75	256	270
7056	145,103	242,188	115,92	152,122	256	308
7057	26,21	26,56	20,8	29,36	221	251
7058	226,173	212,188	183,214	156,162	237	256
7059	350,329	150,189	322,250	113,126	283	215
7060	350,329	275,337	322,250	189,239	283	255
7061	281,248	157,161	217,148	117,117	234	283
7062	296,270	400,359	217,162	358,297	234	283
7063	16,21	399,359	7,13	358,297	234	283
7064	132,169	204,198	152,123	193,161	247	234
7065	161,178	310,255	178,144	226,181	284	247
7066	11,9	334,350	3,2	324,252	221	284
7067	167,132	334,350	122,106	324,252	289	284
7068	11,11	61,54	6,6	82,60	214	189
7069	305,285	61,54	266,173	82,60	242	189
7070	305,285	77,72	266,173	94,71	242	692
7071	305,285	11,11	266,173	6,6	242	214
7072	237,209	276,280	178,158	208,192	237	251
7073	160,143	122,138	210,135	119,106	274	207
7074	280,341	865,895	321,227	697,533	227	389
7075	273,333	316,325	319,214	241,163	227	389
7076	274,332	1154,996	319,214	840,772	227	287
7077	280,341	265,269	321,227	207,138	227	394
7078	264,269	320,288	207,138	241,244	389	200
7079	818,952	324,296	733,529	243,256	389	200
7080	818,952	306,278	733,529	230,233	389	197
7081	179,166	1012,913	133,105	859,762	200	267
7082	171,161	4,1	124,102	2,2	200	267
7083	16,9	1012,913	13,7	859,762	197	267
7084	10,6	4,1	8,6	2,2	197	267
7085	596,629	481,440	485,436	388,407	267	259
7086	477,399	1699,1431	303,317	1075,1120	241	365
7087	1335,1204	1155,1002	901,880	844,776	365	287
7088	989,837	836,670	751,645	602,521	239	257
7089	981,754	1321,965	655,640	816,672	251	249
7090	184,172	110,72	142,101	59,67	258	197
7091	96,164	32,39	197,106	24,21	348	276
7092	275,296	2453,2245	295,212	1970,1643	269	2714
7093	275,296	20,6	295,212	16,7	269	278
7094	11,8	36,23	17,4	25,26	272	236
7095	5,3	36,23	1,3	25,26	247	236
7096	5,1	36,23	1,1	25,26	197	236
7097	552,565	584,570	434,468	661,455	254	362
7098	480,574	557,526	498,406	422,388	298	241
7099	100,167	694,630	212,109	562,379	301	298
7100	1,3	99,77	3,0	83,53	272	269
7101	11,13	100,77	14,11	81,53	272	269
7102	11,13	1,0	14,11	1,0	272	247
7103	5,8	97,100	6,4	96,77	272	272
7104	36,36	48,59	54,24	58,63	242	272
7105	21,33	16,19	32,22	21,10	317	251
7106	12,18	16,19	10,14	21,10	293	251
7107	1049,924	7,8	762,587	4,4	228	191
7108	821,636	14,3	544,507	4,0	305	399
7109	1411,1445	789,672	1132,927	605,480	283	233
7110	2,3	857,850	3,3	713,591	243	299
7111	0,0	475,448	2,2	357,338	199	299
7112	168,133	1573,1471	152,100	1379,1121	185	584
7113	160,179	1570,1473	187,152	1379,1121	336	584
7114	204,197	18,30	201,151	23,11	265	293
7115	204,197	530,532	201,151	502,393	265	3459
7116	204,197	323,294	201,151	314,199	265	407
7117	86,85	130,135	102,74	126,78	297	293
7118	84,85	20,39	102,80	24,7	297	293
7119	84,85	532,541	102,80	503,389	297	3459
7120	205,205	94,98	202,151	67,46	265	297
7121	109,128	325,294	89,53	313,199	293	407
7122	2339,1983	790,750	1669,1476	679,505	562	314
7123	66,70	2556,2252	108,68	1792,1581	247	562
7124	322,310	102,179	268,254	178,129	237	285
7125	322,310	555,595	268,254	505,431	237	883
7126	170,163	556,590	157,127	502,426	190	883
7127	779,742	12,12	701,533	6,13	435	275
7128	1147,1090	12,12	1004,744	6,13	286	275
7129	322,313	158,107	270,255	130,99	237	435
7130	174,164	159,102	158,130	127,94	190	435
7131	322,313	510,446	270,255	417,306	237	286
7132	174,164	511,441	158,130	414,301	190	286
7133	322,312	22,17	268,255	19,12	237	286
7134	171,167	427,422	162,132	384,294	190	237
7135	865,795	132,133	680,570	136,87	697	190
7136	143,154	91,100	122,86	91,51	663	218
7137	41,36	13,13	37,26	18,5	192	222
7139	67,43	40,30	41,31	31,29	245	242
7140	54,48	85,62	46,70	87,79	261	301
7141	1299,1298	2614,2375	1117,742	2236,1974	251	239
7142	427,447	363,352	310,322	286,286	290	229
7143	613,644	242,163	478,375	197,108	262	196
7144	378,327	98,82	267,171	54,63	196	185
7145	308,289	290,264	332,280	245,190	334	314
7146	14,11	289,263	14,14	289,207	248	247
7147	2875,2419	3071,2706	2099,1862	2103,1968	359	291
7148	1201,960	3071,2708	851,754	2101,1968	359	291
7149	3041,2638	2586,1986	2137,2097	1766,1724	276	270
7150	2543,1960	2592,1998	1626,1596	1772,1726	252	270
7151	482,376	294,276	433,377	213,175	860	364
7152	214,158	294,276	180,170	213,175	539	364
7153	203,183	84,166	166,117	153,140	331	247
7154	204,183	182,176	165,117	154,111	331	247
7155	457,429	84,166	413,335	153,140	328	247
7156	458,429	182,176	412,335	154,111	328	247
7157	458,427	446,422	412,335	425,357	328	407
7158	615,599	133,173	595,410	199,153	247	311
7159	615,599	13,10	595,410	9,17	247	518
7160	1790,1481	1206,846	1322,1376	716,869	288	219
7161	520,561	2262,1766	434,464	1336,1278	335	241
7162	1244,1429	2262,1766	1179,1082	1336,1278	323	241
7163	1241,1423	18,16	1179,1078	11,11	323	241
7164	10,9	11,19	7,5	4,7	263	290
7165	5523,4573	27,22	3470,3304	8,11	241	273
7166	1455,1129	2761,2383	854,797	1852,1647	208	581
7167	4528,3809	1458,1352	3044,2782	1118,887	581	233
7168	6,2	3442,3141	9,7	2449,2101	281	233
7169	4,7	1483,1372	2,0	1135,901	277	267
7170	4,7	1481,1368	2,0	1135,899	277	255
7171	499,460	92,101	457,417	76,67	295	206
7172	457,352	302,267	365,272	266,302	296	251
7173	111,108	468,408	104,99	385,337	225	296
7174	74,71	107,84	47,46	91,86	220	205
7175	282,286	556,476	243,170	344,394	259	309
7176	128,107	1068,894	106,80	711,709	474	309
7177	500,476	1035,860	383,383	753,758	278	318
7178	268,301	431,364	229,190	306,351	285	226
7179	485,408	410,374	354,309	316,307	214	226
7180	1315,1094	451,349	985,744	271,272	393	214
7181	2031,1911	452,385	1586,1320	337,233	385	246
7182	730,658	898,752	568,432	689,625	229	293
7183	1572,1251	335,232	1089,1014	221,207	329	219
7184	26,23	792,665	14,23	608,506	254	258
7185	26,29	11,29	23,32	14,15	281	217
7186	300,316	261,195	261,200	177,152	249	224
7187	304,319	691,615	265,208	492,510	249	338
7193	51,42	309,286	41,24	215,203	250	619
7194	6159,4871	7363,6387	4285,3509	5784,4942	292	293
7195	92,109	304,282	93,75	212,193	465	619
7196	5940,5239	10470,8863	4852,4179	7908,7254	232	314
7197	236,179	216,137	180,198	121,141	210	226
7198	514,395	210,211	316,340	196,164	373	259
7199	378,246	516,462	247,230	452,378	259	440
7200	180,189	25,20	166,117	26,20	358	333
7201	445,425	322,249	382,300	278,198	358	304
7202	180,189	322,248	166,117	280,197	358	304
7203	160,156	58,67	115,106	50,39	245	189
7204	330,325	512,517	270,246	420,338	348	358
7205	160,156	3,0	115,110	5,1	245	223
7206	73,85	9,6	53,50	4,2	247	336
7207	229,244	39,85	251,201	72,63	266	269
7208	1031,880	1183,1097	684,694	827,874	244	320
7209	1585,1242	1185,1099	1042,845	831,871	273	320
7210	1587,1242	902,875	1040,846	677,662	273	244
7211	2881,2122	1090,918	1764,1784	716,622	357	245
7212	832,738	2755,2078	692,641	1764,1809	257	357
7213	661,554	2114,1844	417,446	1525,1543	233	328
7214	662,554	1,2	416,447	0,3	233	252
7215	1319,1050	850,673	823,838	538,488	266	252
7216	804,651	918,736	541,517	604,696	264	247
7217	11,13	922,737	4,5	604,693	264	247
7218	1846,1630	14,9	1262,1172	5,2	371	264
7219	1846,1630	1036,896	1262,1175	763,733	371	264
7220	5,2	1031,892	0,0	760,732	298	264
7221	968,921	1031,892	704,617	761,734	298	264
7222	762,899	457,699	862,688	667,528	368	481
7223	231,412	431,356	490,403	319,271	481	299
7235	7,7	126,93	4,1	72,58	233	233
7236	7,7	124,95	4,1	72,56	233	230
7238	488,452	390,282	369,338	281,210	357	335
7239	25,22	256,196	16,25	170,182	295	262
7240	10382,8333	10410,8039	7861,8523	7585,7835	339	333
7241	8307,6436	11045,8815	5872,6229	8178,8247	340	339
7242	7753,6870	10425,8274	6598,6742	7818,8585	305	340
7243	99,93	6552,5085	85,58	4647,4840	290	305
7244	101,107	683,577	70,88	403,391	233	249
7245	307,242	768,781	263,189	628,604	245	331
7246	419,338	319,279	290,294	214,198	253	245
7247	534,451	6,3	328,373	0,1	270	253
7248	534,451	363,264	323,373	272,190	270	253
7249	160,117	24,9	98,107	9,12	348	237
7250	134,98	16,15	88,88	11,29	348	179
7251	27,11	130,103	8,14	124,124	314	221
7254	0,0	2,0	1,0	0,0	242	347
7255	0,0	0,2	2,1	0,0	198	257
7263	105,83	361,248	58,62	189,249	186	254
7264	14,15	2506,2396	5,4	1876,1845	268	685
7265	12,16	75,94	5,4	86,66	268	438
7266	12,16	36,55	5,4	38,39	268	329
7267	1,1	64,75	0,2	56,60	268	438
7268	12,16	44,60	5,4	41,49	268	331
7269	54,47	249,228	44,49	194,129	438	221
7270	580,479	526,418	427,391	318,349	264	237
7271	575,475	14,9	425,385	15,9	264	237
7272	575,475	314,280	425,385	203,234	264	3124
7273	534,403	356,292	343,358	264,299	3124	256
7275	49,123	750,654	183,92	571,607	295	280
7276	49,123	8,9	183,92	5,4	295	260
7277	0,1	54,72	0,0	58,57	268	438
7278	33,42	251,227	42,38	194,129	438	221
7279	544,412	305,266	370,370	201,231	237	212
7280	373,281	377,310	259,325	290,315	212	256
7281	455,379	401,380	292,301	322,261	282	273
7282	401,315	312,322	285,306	261,219	273	262
7283	388,305	3249,2879	275,309	2543,2276	273	1009
7284	335,335	3264,2893	293,229	2552,2274	262	1009
7285	10,7	22,33	3,10	21,18	242	283
7286	5,4	0,0	0,1	2,0	281	235
7287	19,13	0,0	22,33	0,2	207	285
7288	11,12	59,35	6,8	34,15	239	560
7289	2,10	17,16	0,0	4,11	234	264
7290	232,161	274,235	136,133	192,180	322	442
7291	699,552	5,5	540,464	9,14	249	254
7292	53,57	272,237	39,44	194,165	240	310
7295	24,22	3,5	24,11	4,2	220	278
7297	121,111	161,143	101,91	140,121	275	254
7298	107,75	176,117	70,74	112,117	248	269
7299	127,78	178,152	56,75	120,172	218	320
7300	626,534	262,216	387,436	183,198	460	307
7301	170,170	243,169	112,135	168,178	270	274
7302	507,411	321,229	363,331	205,220	488	360
7303	242,207	321,230	161,202	205,218	297	360
7304	170,170	456,410	112,137	328,312	270	488
7305	520,431	456,410	395,352	328,312	336	488
7306	240,207	161,125	161,203	111,102	297	270
7307	520,431	212,217	395,352	157,165	336	297
7308	382,294	448,402	313,252	319,349	217	225
7309	232,215	385,345	214,193	277,311	197	225
7310	426,381	263,234	376,301	141,183	207	197
7311	437,322	675,530	332,352	562,508	209	243
7312	345,299	1,2	327,305	0,2	212	201
7313	26,16	350,296	17,7	262,298	212	207
7314	301,237	126,122	166,226	113,132	284	311
7315	0,0	402,360	0,2	275,261	221	337
7316	0,0	379,326	0,1	256,246	221	337
7317	1307,1091	328,312	866,774	298,201	295	231
7318	610,493	1084,857	452,357	768,586	246	295
7319	652,665	966,781	583,489	626,549	298	246
7320	365,302	899,825	267,264	726,597	212	287
7321	80,90	89,101	92,58	81,72	263	239
7322	92,120	98,73	94,85	70,49	282	246
7323	4180,3581	16,10	3319,3153	6,8	360	317
7324	92,99	88,77	122,81	58,78	306	253
7325	195,110	99,81	106,129	100,78	403	289
7326	76,68	75,73	59,45	68,61	260	257
7327	2,2	2,3	1,0	0,2	217	158
7328	167,150	111,113	159,129	84,107	341	295
7329	133,118	106,86	93,112	99,89	327	292
7330	60,81	60,74	69,85	107,60	240	306
7332	6,2	1,0	2,4	0,0	254	205
7334	189,112	515,442	142,100	370,304	227	278
7335	36,43	506,442	33,28	368,305	226	278
7336	357,320	285,316	315,229	260,215	237	281
7337	4,0	80,76	5,4	82,64	265	205
7338	5,0	80,76	6,7	82,64	247	205
7339	18,12	162,132	17,13	111,114	205	231
7340	0,0	13,20	0,1	5,3	244	286
7341	153,143	238,219	112,127	172,151	246	248
7342	196,145	236,159	184,209	152,155	248	243
7343	215,186	407,303	173,160	241,284	243	286
7344	216,182	155,162	172,160	193,166	243	264
7345	358,265	156,164	240,232	194,167	286	264
7346	583,467	205,163	475,444	120,120	270	260
7347	150,110	237,197	88,103	199,175	214	270
7348	145,108	183,151	86,99	139,117	214	270
7349	416,303	164,129	294,312	147,124	305	214
7350	185,156	163,129	145,129	147,126	233	214
7351	34,36	38,30	44,32	29,19	337	263
7352	0,2	12904,11887	8,4	12101,9100	226	311
7353	0,0	12905,11887	4,1	12103,9100	226	311
7354	6,15	12905,11887	45,42	12103,9100	317	311
7355	116,324	12909,11895	454,380	12103,9103	317	311
7357	48,61	40,50	63,32	44,52	226	250
7358	3,12	67,56	22,12	41,32	185	226
7366	174,145	100,83	109,138	78,62	216	193
7367	170,143	1,2	109,129	0,1	216	193
7368	79,66	298,217	53,79	182,212	193	291
7369	284,237	224,194	196,184	151,155	263	293
7370	204,171	322,285	180,144	229,208	243	355
7371	457,439	222,194	329,340	155,155	355	293
7372	218,220	118,178	234,194	133,88	232	222
7374	87,73	211,170	64,56	185,133	265	368
7375	165,187	566,451	206,190	478,516	417	340
7376	244,212	469,343	158,164	298,255	285	343
7377	359,329	178,105	235,217	135,119	332	263
7378	260,217	436,350	239,220	256,334	343	356
7380	54,42	10,5	35,33	4,3	221	256
7381	54,42	36,20	33,35	18,20	221	195
7382	67,49	29,27	49,52	35,25	418	230
7384	172,179	61,54	125,148	37,44	289	184
7385	0,3	5,7	3,1	4,7	276	383
7386	61,39	60,51	52,34	49,36	252	240
7387	87,75	206,152	43,55	125,129	211	264
7388	139,155	176,135	131,100	132,149	246	260
7389	144,136	137,105	112,89	83,88	248	223
7390	118,86	106,99	86,93	86,76	223	233
7391	912,746	317,298	619,734	207,265	287	202
7392	911,746	586,431	619,737	361,401	287	211
7393	415,329	823,672	266,260	569,626	202	236
7394	415,328	1214,950	265,263	916,922	202	305
7395	1172,918	1566,1301	782,910	1100,1107	300	344
7396	1505,1302	934,736	1087,1149	645,602	344	250
7397	742,608	407,344	530,526	300,309	250	213
7398	216,161	43,38	140,181	29,57	354	195
7399	51,37	150,102	33,43	103,104	239	313
7400	1,2	150,102	0,0	103,104	224	313
7401	570,485	52,69	361,436	47,50	1248	273
7402	47,49	84,59	29,36	55,54	273	269
7403	13,3	242,216	5,16	166,225	212	446
7404	141,131	146,124	90,146	78,109	446	290
7405	69,85	142,121	68,83	76,115	446	290
7406	168,135	179,137	141,138	129,112	345	244
7407	167,135	338,277	142,139	259,273	345	303
7408	118,97	336,275	87,69	259,271	219	303
7409	116,98	282,229	87,70	220,246	219	345
7410	217,150	114,77	171,172	70,69	312	259
7411	123,82	108,89	83,77	81,104	227	312
7412	31,11	29,16	6,16	20,8	282	270
7413	1888,1564	111,83	1063,1244	65,84	3842	472
7414	63,48	35,22	32,35	23,23	302	245
7415	2,0	3,0	1,0	0,0	224	188
7417	1,2	0,2	0,2	0,0	272	184
7418	48,55	2,4	44,28	0,5	271	272
7419	8,6	404,307	15,6	289,359	360	233
7420	372,305	404,307	292,281	289,359	282	233
7421	489,414	498,413	388,400	343,318	249	231
7423	0,0	4,0	0,1	2,0	195	267
7425	49,42	11,12	41,55	7,9	276	1258
7426	348,282	17,24	239,235	11,11	331	247
7449	15,5	1,0	17,15	0,0	210	210
7450	15,5	2,0	17,15	2,3	210	337
7451	18,16	13,6	7,20	7,8	210	264
7453	0,2	0,2	0,0	2,2	185	264
7454	0,2	1,0	0,0	0,4	185	337
7455	0,2	1,0	0,0	0,3	185	354
7457	43,35	49,43	37,42	36,36	314	271
7461	67,79	128,104	56,60	92,88	247	278
7462	73,70	177,128	73,51	113,128	220	2134
7463	10,12	66,69	7,6	49,44	305	247
7464	10,12	68,70	7,6	53,46	305	307
7465	73,70	4,11	73,51	4,5	220	305
7466	18,24	66,63	14,17	58,69	221	221
7467	0,0	64,61	2,0	60,64	221	221
7471	6,5	66,65	4,6	56,66	188	313
7472	2939,2523	401,343	2030,2322	315,334	1201	275
7473	174,105	140,101	88,99	101,109	313	268
7474	35,16	140,101	17,26	101,109	313	268
7475	16,14	139,99	18,20	99,109	234	268
7476	64,62	177,116	46,75	111,115	215	285
7477	17,14	176,116	20,20	109,109	234	285
7478	64,64	138,86	47,81	112,89	215	313
7479	18,12	120,78	22,26	101,72	234	313
7480	474,423	749,705	411,363	575,585	245	325
7481	470,420	365,289	407,361	296,315	245	225
7482	468,424	587,446	406,361	445,383	245	284
7483	914,704	555,494	723,620	385,407	326	268
7484	598,434	549,455	451,408	478,462	268	255
7485	605,580	395,309	521,445	320,281	245	225
7486	288,233	153,113	174,208	80,118	342	243
7487	289,230	215,176	176,206	114,129	342	315
7488	288,233	11,6	174,208	8,5	342	315
7489	288,230	7,7	176,205	5,4	342	315
7490	11,6	153,113	8,5	80,118	315	243
7491	7,6	180,126	5,5	109,125	315	277
7492	208,181	154,113	119,135	82,116	315	243
7493	204,181	180,126	116,135	111,123	315	277
7494	35,56	48,36	31,42	28,27	269	263
7495	40,25	133,135	30,15	88,109	227	727
7496	56,37	60,41	39,22	50,51	283	362
7497	91,61	0,2	60,78	0,0	316	258
7498	113,82	52,35	66,55	29,37	308	316
7500	298,226	367,297	157,175	250,195	257	276
7501	207,185	29,24	111,149	28,18	231	336
7502	159,147	120,101	132,155	70,64	357	274
7503	89,84	131,88	57,63	97,138	279	286
7504	60,39	134,111	33,33	81,79	198	360
7505	121,98	69,47	98,74	32,43	293	198
7506	79,66	123,108	61,73	67,70	270	261
7507	2,2	44,36	1,0	36,31	209	270
7508	21,18	44,36	12,11	36,31	247	270
7509	21,18	82,63	12,11	56,54	247	374
7510	54,37	129,110	47,39	99,62	258	299
7511	82,78	350,326	55,65	258,319	325	620
7514	472,346	7,4	369,360	8,6	260	241
7515	670,595	805,569	513,542	542,554	229	260
7516	1443,1207	1174,992	935,1063	808,894	377	329
7517	629,466	519,447	409,415	389,416	319	264
7518	13,8	108,57	4,10	58,89	252	324
7520	91,77	162,177	81,71	126,133	252	290
7521	219,182	110,96	138,152	59,56	262	254
7522	127,165	1225,1115	110,147	1022,913	408	312
7523	41,30	73,52	28,45	77,50	264	335
7524	99,70	73,52	107,70	77,50	347	335
7525	97,71	32,30	107,70	28,31	347	264
7526	6,5	6165,4729	10,2	4174,4240	207	361
7527	6141,4847	6165,4729	4531,4476	4174,4240	354	361
7528	1703,1332	6164,4728	1257,1267	4172,4233	354	361
7529	6505,5117	17,10	4432,4403	12,6	365	254
7530	4502,3350	4886,4047	2635,2769	3427,3425	248	291
7531	3770,3340	4885,4046	2730,3019	3428,3425	720	291
7532	2401,1952	3413,2779	1607,1663	2222,2331	233	248
7533	3906,2742	3451,2448	2347,2566	2032,2024	260	233
7534	3772,3342	3450,2448	2728,3019	2032,2025	720	233
7535	3678,3222	4194,3211	2659,2949	2643,2740	301	260
7538	0,0	90,82	0,2	61,44	186	326
7539	83,59	104,90	66,53	66,50	290	334
7540	15,18	0,1	17,7	0,1	245	224
7541	0,0	7,11	0,1	4,3	186	245
7542	124,83	6,0	64,79	0,1	242	222
7543	23,34	165,93	23,24	95,85	233	346
7544	26,10	165,93	6,7	95,85	230	346
7545	74,50	38,43	63,48	25,35	269	225
7546	70,47	87,49	63,50	51,92	269	329
7547	53,43	75,63	45,15	59,38	225	275
7548	64,76	85,49	46,46	51,94	275	329
7549	100,100	171,72	82,60	78,90	298	311
7550	123,94	98,56	60,99	58,63	311	296
7551	2,2	653,604	0,4	591,570	272	231
7552	650,546	474,333	441,451	311,302	306	239
7553	988,780	419,283	656,673	282,289	310	216
7554	808,612	426,282	577,577	284,291	278	216
7555	807,614	903,674	576,573	588,598	278	275
7556	115,110	334,256	103,58	230,199	232	273
7557	358,268	283,204	247,215	205,174	331	273
7558	244,172	281,215	154,186	211,177	271	295
7559	26,17	209,156	14,29	163,154	278	271
7560	184,167	155,155	139,160	112,105	234	234
7561	9,7	317,257	6,6	183,176	243	281
7562	332,276	473,368	267,288	297,334	337	467
7563	1035,959	257,240	731,749	222,212	807	337
7564	8,13	37,51	8,6	57,33	194	334
7565	1,5	40,39	0,3	44,31	282	238
7566	6,11	7,9	12,3	7,3	190	282
7568	87,62	95,62	72,67	57,65	217	207
7569	88,64	98,66	75,67	62,77	217	191
7570	86,64	229,184	72,67	174,143	217	288
7571	234,169	360,251	190,161	242,221	275	338
7572	5,6	2,1	2,1	0,0	247	219
7573	9,10	0,0	2,3	2,1	247	300
7574	1,1	33,16	1,0	15,23	315	279
7575	455,405	176,198	357,318	148,125	338	219
7576	115,103	172,196	79,87	146,123	338	219
7577	502,461	549,483	400,362	403,374	348	338
7578	118,117	544,479	92,69	397,371	348	338
7579	592,474	454,417	432,385	368,298	328	348
7580	427,397	490,422	347,301	363,373	277	328
7581	344,374	467,369	334,250	333,290	300	277
7582	344,374	1,0	334,250	0,0	300	224
7583	344,374	4,3	334,250	4,1	300	219
7584	152,199	19,11	201,129	11,8	289	300
7585	154,199	464,431	200,129	394,322	289	300
7586	2,0	1183,1090	2,1	875,747	240	315
7587	867,784	1327,1099	617,558	1013,870	268	371
7588	70,73	1327,1099	56,45	1013,870	367	371
7589	3,27	637,617	27,13	473,440	250	268
7590	59,98	637,617	98,55	473,440	290	268
7591	70,59	92,88	62,36	89,86	229	355
7592	70,59	89,73	62,36	74,49	229	313
7593	68,57	200,143	49,42	129,120	172	250
7594	925,665	193,123	522,556	98,109	627	245
7595	762,537	193,123	445,472	97,109	627	245
7596	3,12	12,19	3,4	9,12	218	240
7597	3,12	6,1	3,4	3,2	218	240
7598	3,12	20,13	3,4	23,19	218	326
7599	6,1	20,13	3,2	23,19	240	326
7600	13,5	20,13	5,3	21,19	240	326
7602	1,0	10,13	0,0	2,4	343	498
7603	10,9	12,13	4,8	15,4	321	313
7604	0,2	3,0	0,4	5,2	260	340
7606	302,258	288,287	260,223	255,209	313	240
7607	410,308	154,129	269,230	105,120	327	250
7608	73,42	2,2	51,50	6,6	324	277
7609	54,36	149,114	39,33	120,144	324	402
7610	54,36	0,1	39,33	3,0	324	277
7611	8,4	18,9	16,7	14,8	332	234
7612	0,1	149,114	3,0	120,144	277	402
7613	1,4	158,115	2,5	125,147	277	402
7614	531,421	201,226	378,398	135,198	579	379
7615	140,119	463,420	96,101	347,367	306	579
7617	82,74	9,14	58,56	10,11	213	242
7618	111,98	117,67	82,86	64,59	288	242
7619	20,25	167,142	22,19	111,111	253	251
7631	6,4	11,2	5,5	3,2	206	206
7632	64,48	76,71	44,37	64,43	209	233
7633	64,48	101,88	44,37	74,54	209	354
7634	106,76	94,88	66,60	58,48	231	230
7635	104,86	144,113	65,64	109,96	218	231
7636	125,108	179,145	96,119	143,104	271	262
7637	190,154	177,142	133,151	143,105	2558	262
7638	129,98	181,148	76,111	144,101	238	271
7639	105,120	201,165	105,97	128,145	369	299
7640	374,355	20,21	334,329	26,14	269	179
7642	340,305	1063,909	321,237	797,639	264	247
7643	777,766	843,739	688,587	689,562	247	224
7644	22,32	2,6	22,17	0,1	246	222
7647	177,165	42,35	139,107	47,36	214	256
7648	243,227	777,535	171,187	498,507	244	299
7649	488,409	520,397	345,317	338,308	299	289
7650	417,300	200,182	263,289	147,142	232	238
7651	645,469	214,196	477,410	150,142	289	238
7652	324,264	53,57	230,208	39,38	238	256
7653	138,123	135,122	101,82	112,94	242	212
7654	179,155	33,26	181,114	20,23	237	230
7655	325,267	182,154	210,160	155,122	251	237
7656	269,227	255,226	209,179	228,163	268	251
7657	280,262	145,156	238,230	148,86	266	232
7659	1967,1825	1294,1485	1622,1371	1386,1060	272	294
7660	35,47	74,81	37,43	43,63	366	368
7661	9,0	6,5	7,10	10,0	287	267
7662	44,50	104,126	40,43	114,94	242	251
7663	1024,996	437,349	752,655	329,258	341	224
7664	3,4	585,503	8,9	448,331	248	321
7665	2,7	582,499	2,2	441,331	248	321
7666	50,69	40,50	71,35	65,51	278	278
7667	4,0	40,49	1,1	65,52	278	278
7668	95,108	26,21	109,100	32,26	276	278
7669	2,9	72,49	4,8	55,47	302	297
7670	64,46	68,48	58,34	52,43	301	301
7671	85,48	25,23	55,45	28,20	306	249
7672	16,16	38,41	14,13	22,17	210	287
7675	5,6	18,10	3,1	13,7	250	237
7676	287,217	118,80	209,206	72,75	322	211
7677	94,98	76,86	49,70	50,69	211	207
7678	124,78	95,62	66,76	47,55	207	202
7679	154,152	19,11	89,119	18,16	242	228
7680	527,425	1362,1396	421,373	1212,873	272	376
7681	1498,1464	614,547	1180,960	506,442	376	240
7682	505,520	992,781	478,351	667,661	240	305
7683	965,770	601,620	669,645	457,393	308	314
7684	760,607	1147,953	498,503	847,812	257	263
7685	759,605	577,649	494,502	550,393	257	292
7686	1249,1000	1331,1258	816,791	1128,1003	263	305
7687	1208,948	422,454	793,761	435,316	263	225
7688	1478,1256	422,456	1139,1040	435,314	305	225
7689	1478,1257	417,453	1137,1039	339,251	305	314
7690	502,520	5,5	368,327	6,2	292	221
7692	2,3	18,17	4,1	23,24	259	344
7693	58,82	75,69	50,49	74,54	224	230
7694	23,27	64,78	18,39	77,55	233	246
7695	60,51	67,54	39,61	57,42	269	282
7696	9,7	16,14	12,14	15,17	264	257
7697	28,5	39,27	10,4	35,27	337	303
7698	52,23	24,17	19,17	10,24	303	213
7700	278,236	310,229	252,197	187,197	301	327
7701	133,140	140,99	100,98	126,92	284	239
7702	3,3	173,148	0,4	128,159	233	302
7703	21,22	67,63	31,13	34,62	300	315
7704	0,0	4,3	0,1	4,0	356	285
7705	0,0	3,1	0,1	1,0	356	280
7706	82,61	33,22	31,53	26,16	226	193
7709	585,502	339,314	425,353	270,207	308	314
7710	394,386	611,507	372,360	450,448	233	252
7711	7,7	13,4	9,6	7,3	384	266
7712	12,5	7,9	4,4	10,13	204	219
7713	18,25	26,26	15,9	27,22	256	298
7714	1,2	1,1	2,7	2,1	176	225
7715	31,18	39,60	17,14	39,41	260	340
7716	16,9	25,17	14,18	22,14	218	260
7717	170,90	23,19	89,62	19,17	757	247
7718	15,10	3,4	2,3	2,2	222	222
7722	57,49	436,480	56,37	460,339	227	339
7723	446,396	223,261	446,316	284,196	261	249
7724	230,188	245,274	145,146	270,198	280	317
7725	146,139	243,274	105,102	270,199	272	317
7727	11,8	15,19	9,10	22,22	233	233
7728	12,12	7,14	14,30	19,22	233	239
7729	36,29	24,26	29,18	25,32	233	233
7730	46,27	39,40	27,39	36,39	233	233
7731	24,20	19,28	16,29	19,26	233	227
7732	331,234	493,455	392,431	731,726	897	337
7733	744,547	493,455	1023,1051	731,726	438	337
7734	1,6	23,16	0,0	35,16	188	219
7735	19,21	6,9	22,18	5,12	215	267
7740	15,25	4,2	12,13	6,2	267	262
7741	15,25	2,0	12,13	2,0	267	286
7742	15,25	20,18	12,13	17,15	267	219
7743	4,2	20,18	6,2	17,15	262	219
7744	2,0	20,18	2,0	17,15	286	219
7745	129,98	44,41	89,64	36,35	304	373
7746	120,96	197,164	95,103	117,200	373	297
7747	602,509	1495,1339	487,447	1086,1000	311	293
7748	1381,1170	232,138	1056,940	155,134	298	318
7749	9,16	834,727	12,13	698,589	560	211
7751	31,19	192,156	28,30	157,147	283	622
7752	127,82	113,80	80,74	66,68	263	223
7753	117,123	113,80	88,105	66,68	231	223
7754	133,129	114,82	140,118	70,66	231	223
7755	212,177	236,216	183,176	185,204	249	280
7756	235,234	225,198	216,164	156,120	321	261
7757	197,177	867,725	155,152	528,543	207	312
7758	1290,1111	0,4	961,916	1,0	152	167
7759	1290,1111	0,0	961,916	1,0	152	178
7760	74,80	56,33	59,61	46,39	327	273
7761	100,92	56,33	75,70	46,39	672	273
7762	57,50	58,38	48,39	55,39	265	273
7784	48,42	336,388	32,23	326,267	260	294
7785	454,505	336,388	497,419	326,267	321	294
7786	454,505	48,42	497,419	32,23	321	260
7787	497,562	474,497	533,447	425,375	321	307
7792	206,137	346,257	120,147	224,294	274	278
7793	76,58	130,88	75,72	78,113	316	217
7794	158,218	0,1	134,124	0,1	277	197
7795	70,79	110,125	54,57	76,71	277	278
7796	3,13	0,3	12,9	0,0	203	294
7797	132,105	173,152	90,94	150,115	261	317
7798	206,176	172,152	147,135	150,117	283	317
7799	29,23	57,37	30,21	40,50	229	279
7800	73,59	83,60	50,52	59,65	364	392
7801	0,2	1,4	0,0	2,0	260	263
7802	6,4	1,0	3,3	0,5	257	233
7803	4,2	87,68	1,0	61,54	197	192
7804	54,58	101,76	43,44	66,71	197	192
7805	7,11	6,1	9,11	0,4	251	287
7806	105,91	95,119	89,92	130,110	210	201
7807	3,0	274,241	0,0	219,137	208	234
7808	0,0	41,75	2,0	123,100	202	1620
7809	251,203	236,247	203,156	202,185	240	317
7810	274,253	162,180	182,158	141,110	269	242
7811	223,191	215,219	145,164	185,140	239	269
7812	195,201	316,282	139,142	301,230	245	333
7813	109,91	254,213	51,74	141,195	215	246
7814	350,240	107,87	219,262	66,83	298	215
7815	68,46	78,57	46,46	56,70	266	229
7816	163,147	107,76	122,173	102,73	291	266
7817	228,177	460,403	139,164	344,284	217	301
7822	24,16	43,20	15,12	34,31	319	272
7823	87,82	24,9	50,47	11,9	275	270
7825	144,140	108,48	147,122	53,54	233	212
7826	105,92	130,134	84,57	129,126	232	262
7827	111,84	123,108	76,64	89,96	241	232
7828	12,0	120,120	0,2	101,72	280	241
7832	1,0	1,1	0,1	1,2	346	309
7833	0,1	1,1	1,0	1,2	258	309
7844	0,1	1,0	1,0	0,1	258	346
7847	0,2	0,2	1,0	0,2	258	346
7849	0,1	0,0	1,0	0,1	258	346
7857	6,2	0,2	4,6	1,0	242	172
7863	0,2	12,14	4,4	7,13	346	200
7864	14,31	12,14	22,26	7,13	201	200
7865	14,31	0,2	22,26	4,4	201	346
7866	9,7	0,2	9,3	0,0	201	346
7867	3,1	1,0	1,0	2,0	237	228
7868	4,4	5,11	5,7	5,0	193	218
7869	24,18	16,28	9,17	21,21	266	260
7870	14,23	18,17	11,24	15,20	260	227
7871	22,11	29,28	19,13	16,26	208	258
7872	27,33	48,57	34,15	38,50	232	270
7873	59,51	90,88	41,35	64,81	208	233
7874	39,30	36,48	28,22	28,26	224	264
7875	1,1	13,10	0,0	10,13	264	194
7876	58,42	17,13	25,40	9,18	264	194
7901	77,52	38,27	73,31	32,26	263	348
7902	18,22	14,29	16,19	30,19	497	431
7903	210,182	7,11	153,155	6,9	414	218
7904	59,41	112,84	32,34	81,91	211	414
7905	55,41	75,62	34,34	57,63	211	414
7906	60,35	35,41	53,27	30,29	262	211
7907	18,7	37,38	10,11	30,26	262	211
7910	220,175	206,166	123,137	125,132	281	242
7911	220,174	9,10	123,137	13,4	281	242
7912	291,189	162,95	176,227	75,69	414	284
7913	188,157	57,28	157,180	30,29	864	303
7914	29,22	179,147	12,24	143,158	333	864
7915	68,74	202,158	55,63	133,133	249	321
7917	375,308	269,291	273,251	211,192	300	285
7918	177,102	338,319	99,101	257,301	204	277
7919	458,339	222,188	240,247	187,138	314	252
7920	358,302	231,188	206,276	187,139	277	252
7921	8,6	5,6	12,5	1,0	297	247
7922	292,181	278,254	132,171	192,202	245	269
7923	342,292	277,256	224,178	193,202	294	269
7924	59,41	76,83	54,34	48,51	225	238
7931	9,10	149,97	14,14	111,93	245	344
7932	59,39	77,61	40,27	51,54	344	347
7933	0,5	15,18	2,1	3,20	185	227
7934	1,2	227,189	0,0	137,155	265	343
7935	892,727	591,473	655,602	475,509	345	230
7936	298,225	776,588	221,165	499,495	248	260
7937	510,375	729,643	312,378	477,509	260	293
7938	514,376	404,446	312,372	354,343	260	241
7939	918,684	764,685	594,580	556,482	293	326
7940	910,777	404,443	574,596	355,343	326	241
7941	392,370	194,179	287,243	180,122	241	179
7942	93,112	1133,1012	113,93	756,701	179	341
7943	27,24	9,9	23,14	19,7	475	250
7944	27,46	16,13	22,51	12,30	233	193
7949	0,2	5,3	2,2	6,6	216	230
7968	13,5	42,26	10,6	22,21	217	271
7969	9,5	24,19	2,2	16,23	236	270
7970	22,20	24,19	18,14	16,23	465	270
7971	7,9	2,2	7,4	1,0	274	220
7972	7,9	104,99	6,4	114,97	274	1790
7973	0,0	10,12	4,4	8,12	228	274
7974	324,310	412,343	250,260	288,255	213	226
7975	324,310	32,18	249,261	25,20	213	226
7976	324,310	509,448	249,261	386,359	213	240
7977	1,4	30,20	0,3	19,27	258	253
7978	69,73	0,4	67,72	2,2	390	258
7979	32,36	16,15	25,20	25,10	294	203
7980	32,36	25,27	25,20	33,19	294	205
7981	5,7	23,15	4,2	24,14	294	205
7982	21,21	23,15	24,17	24,14	263	205
7983	70,74	21,15	67,75	24,13	390	205
7984	21,21	5,7	24,17	4,2	263	294
7985	23,28	30,40	29,24	18,24	263	294
7986	74,76	27,24	71,71	23,12	390	263
7987	15,12	50,50	12,6	46,48	193	390
7988	1,0	14,31	2,2	17,17	286	241
7989	50,46	79,73	31,50	50,79	245	264
7990	38,51	498,396	30,29	338,403	264	1068
7991	38,51	625,484	30,29	420,485	264	1170
7992	159,148	89,81	122,153	99,91	319	272
7993	55,39	31,24	43,57	12,14	354	279
7994	40,23	228,207	38,30	188,193	239	796
7996	671,574	82,88	479,461	75,68	1424	379
7998	7,11	7,10	5,12	6,7	289	303
7999	3,0	7,7	0,0	8,8	238	303
8000	7,9	6,4	2,3	2,0	344	328
8001	2,2	2,5	1,3	2,0	335	328
8002	159,143	97,76	121,120	53,62	295	250
8003	42,35	2,1	33,37	1,0	254	340
8004	92,68	1,0	61,54	1,0	319	340
8005	193,192	1,0	148,125	1,0	383	340
8006	42,35	57,53	33,37	61,55	254	232
8007	92,68	56,52	61,54	62,53	319	232
8008	193,192	56,53	148,125	61,53	383	232
8009	541,398	960,855	365,348	727,679	208	272
8010	996,730	422,306	644,577	263,247	245	208
8011	339,416	687,523	385,278	437,406	234	240
8012	440,385	995,686	375,319	622,630	244	263
8013	339,416	990,678	385,279	618,624	234	263
8014	346,424	1012,732	389,286	660,675	234	244
8015	8,22	519,396	28,11	411,381	193	234
8016	475,445	54,37	446,406	34,36	317	213
8017	474,444	238,241	445,406	171,177	317	213
8019	23,22	46,67	23,13	52,38	281	385
8020	37,50	6,25	35,42	12,13	339	273
8021	3,3	60,42	1,4	35,27	273	346
8022	13,8	20,22	3,8	20,19	273	247
8023	0,12	62,42	11,10	34,29	247	346
8024	6,1	0,0	0,2	1,0	299	235
8026	22,30	24,23	17,22	21,12	299	251
8032	7,12	26,29	7,10	19,15	415	441
8033	7,12	23,24	7,10	15,14	415	463
8034	18,14	23,24	7,6	15,14	283	463
8035	7,12	3,5	7,10	4,1	415	299
8037	7,12	3,5	7,10	4,1	415	299
8039	5,8	10,3	10,2	4,4	384	287
8040	196,163	70,40	120,157	32,40	973	319
8041	11,9	6,2	3,1	2,8	325	276
8045	33,21	211,187	25,19	173,156	333	301
8046	156,119	211,187	96,82	173,156	294	301
8047	1639,1326	1753,1436	1145,1194	1261,1240	270	280
8048	1213,1028	1542,1247	975,844	1044,1144	307	270
8049	140,81	2,12	75,82	0,1	259	323
8050	22,13	0,1	9,21	0,0	353	206
8051	3,0	0,1	1,0	0,0	247	206
8052	3,0	22,13	1,0	9,21	247	353
8053	232,204	45,37	125,173	30,24	347	228
8054	0,0	91,60	4,0	43,49	192	226
8055	112,90	426,380	66,82	279,293	213	366
8056	2,0	10,7	2,0	10,3	269	248
8058	820,730	411,342	602,543	272,267	331	264
8061	12,1	8,0	2,0	0,0	364	233
8063	0,2	3,1	0,8	0,0	290	322
8066	189,142	131,125	106,145	122,136	309	296
8067	50,54	34,34	16,33	26,26	295	240
8068	1966,1676	34,36	1169,1299	26,26	3604	240
8069	21,19	93,78	8,7	60,69	258	279
8070	173,135	98,98	150,126	72,72	328	326
8071	55,45	44,31	18,29	28,15	308	308
8073	15,17	25,30	27,11	19,13	232	244
8074	103,142	52,54	114,111	29,43	289	539
8075	31,33	61,69	8,14	38,53	415	1042
8076	31,33	158,138	8,14	116,120	415	1097
8077	31,33	58,55	8,14	30,58	415	539
8078	31,33	279,285	8,14	206,179	415	252
8079	129,113	1,8	114,91	3,5	323	333
8080	129,113	156,148	114,91	93,139	323	590
8081	129,113	343,362	114,91	261,253	323	1485
8082	1,8	156,148	3,5	93,139	333	590
8083	1,8	343,362	3,5	261,253	333	1485
8084	21,27	196,190	18,17	109,169	333	552
8085	21,27	224,221	18,17	135,190	333	590
8086	21,27	411,435	18,17	303,304	333	1485
8087	80,83	176,144	75,67	151,142	274	260
8088	126,128	165,217	103,81	169,145	260	265
8089	49,45	10,1	34,34	2,2	506	363
8090	41,31	10,1	22,29	2,2	405	363
8091	156,149	137,174	147,113	152,92	265	306
8092	156,149	8,8	147,113	7,2	265	334
8093	1312,1098	1508,1198	1283,907	1204,1083	227	263
8094	336,340	139,136	312,250	126,107	1262	282
8095	84,91	78,64	81,62	47,38	278	250
8096	556,461	266,209	399,362	168,178	291	237
8097	309,421	680,549	329,296	453,513	362	479
8098	209,173	339,284	151,201	225,285	213	289
8099	417,368	341,283	332,333	224,285	263	289
8100	1,1	339,284	2,3	225,285	263	289
8101	399,268	338,288	273,259	203,278	245	238
8102	209,173	1,1	151,201	2,3	213	263
8103	211,171	415,360	151,201	260,368	213	263
8104	399,268	417,360	273,259	260,372	245	263
8105	400,267	135,118	272,259	144,110	245	213
8106	3,2	406,349	0,4	312,320	256	245
8107	280,224	218,185	183,196	166,172	287	273
8108	169,137	334,274	121,98	242,206	254	338
8109	291,222	39,43	226,167	35,31	338	208
8110	110,83	39,43	94,50	35,31	332	208
8111	191,139	17,23	106,109	7,11	821	251
8112	97,66	17,23	55,43	7,11	515	251
8113	73,120	105,89	102,76	111,71	262	266
8114	111,112	232,159	96,76	124,144	192	230
8115	238,180	212,177	171,129	199,190	230	261
8116	36,35	239,213	34,42	207,154	207	242
8117	245,184	302,315	178,141	235,202	222	287
8118	296,309	10,15	235,212	8,13	3156	235
8121	23,22	78,47	9,18	54,58	195	334
8122	171,172	201,175	152,149	170,133	323	309
8123	121,124	78,83	97,94	68,82	303	303
8124	113,85	303,260	60,76	188,172	238	330
8125	81,63	42,40	52,43	26,16	330	192
8126	251,172	38,40	154,142	26,16	330	192
8127	241,234	697,600	185,177	486,473	246	320
8129	31,37	12,12	34,18	7,10	225	246
8130	12,15	739,551	13,11	517,495	208	279
8137	282,308	295,240	235,235	159,167	357	297
8138	335,274	185,150	286,224	156,164	326	222
8139	24,19	42,80	18,22	24,34	194	236
8140	159,132	381,322	94,78	271,266	251	282
8141	28,44	383,322	26,27	269,267	251	282
8142	29,44	336,343	24,27	229,255	251	273
8143	408,338	429,346	297,305	302,303	352	282
8144	410,340	336,343	296,307	229,255	352	273
8145	47,25	336,343	34,34	229,255	282	273
8146	383,280	336,344	240,232	229,255	282	273
8147	19,34	245,219	31,19	213,215	313	358
8148	14,20	242,217	18,14	214,214	313	358
8149	28,34	245,219	34,23	213,215	310	358
8150	20,19	242,217	16,17	214,214	310	358
8151	3987,3610	2923,2343	3278,3161	2358,1971	432	280
8152	1559,1373	4489,3915	1377,1215	3485,3396	280	355
8153	4651,3758	6327,5521	3633,3124	4968,5057	355	382
8154	265,261	3992,3989	175,177	3420,3033	281	3315
8155	357,347	667,612	237,237	453,533	300	422
8156	57,33	143,95	40,44	120,86	218	274
8157	154,162	108,75	125,128	58,52	347	264
8158	146,133	215,143	111,99	130,143	329	275
8159	807,812	1831,1468	707,648	1245,1404	287	400
8161	31,32	4,2	27,28	3,2	1448	326
8163	2,0	24,22	0,0	14,24	207	407
8165	237,210	4,0	132,148	0,1	226	196
8166	34,44	21,11	24,19	13,2	250	260
8167	186,173	107,89	161,163	88,88	534	309
8168	190,129	226,212	134,126	122,120	274	287
8169	317,231	156,143	207,193	134,109	334	243
8170	317,287	315,263	204,176	187,166	231	222
8171	152,153	353,315	108,70	253,227	211	231
8172	33,28	21,26	23,19	18,8	267	296
8173	17,16	6,4	26,14	5,0	322	217
8174	139,132	6,4	146,94	5,0	343	217
8175	28,34	6,4	34,28	5,0	384	217
8176	193,166	283,249	156,130	226,217	272	266
8177	147,139	215,186	109,113	185,144	266	251
8178	148,141	176,149	115,114	127,112	313	340
8179	1,1	3942,3630	0,1	3286,2987	222	204
8180	1959,1506	3948,3635	1319,1246	3292,2990	222	204
8181	1148,996	8880,7577	796,780	6943,6074	207	269
8182	469,340	8880,7577	324,246	6943,6074	204	269
8183	100,97	145,148	97,93	101,126	371	435
8184	89,85	99,95	76,75	71,60	243	236
8185	166,177	939,956	139,136	802,631	196	304
8186	435,449	249,252	370,337	202,166	266	196
8187	33,29	93,73	22,18	74,76	183	264
8188	78,53	67,45	59,47	34,43	264	224
8189	77,50	154,99	52,55	84,85	224	317
8190	106,84	75,52	98,100	56,41	328	209
8191	69,48	52,62	51,34	40,32	216	248
8192	362,243	285,192	301,280	177,216	338	293
8193	342,260	165,151	221,197	124,130	293	246
8194	142,103	332,250	92,95	228,273	263	270
8195	327,283	394,281	210,242	223,310	315	325
8196	228,146	286,197	145,194	165,206	270	271
8197	90,52	286,197	48,67	165,206	325	271
8198	470,345	294,197	305,377	167,204	325	271
8199	17,2	34,23	5,7	22,37	198	266
8200	214,141	303,279	174,176	219,219	312	343
8210	60,56	46,57	50,31	38,43	268	249
8220	490,389	9,2	314,346	3,5	255	278
8221	188,186	420,250	152,161	257,245	255	333
8222	188,183	9,2	153,163	3,5	265	278
8223	375,253	3,7	211,224	3,0	333	230
8224	224,114	343,264	129,119	230,243	230	291
8225	224,115	263,211	129,119	177,172	230	237
8226	189,153	341,271	160,166	233,243	255	291
8227	189,153	160,106	160,166	100,119	255	202
8228	2,2	45,51	6,6	40,29	291	261
8229	39,20	71,65	51,34	35,64	247	242
8230	16,8	154,118	4,10	102,134	225	257
8231	50,17	107,77	34,47	114,62	194	184
8234	0,1	2,0	0,0	2,4	268	207
8247	295,226	297,273	186,204	237,200	357	366
8248	89,69	290,264	61,59	235,199	357	366
8249	89,68	22,26	56,53	37,29	286	204
8250	43,37	8,6	22,24	2,1	251	286
8251	45,39	46,42	28,44	38,35	290	251
8252	8,6	8,10	8,8	8,11	209	205
8253	35,20	8,10	11,21	8,11	209	205
8254	0,0	56,38	3,0	33,24	276	209
8255	29,21	6,14	16,11	16,5	234	471
8256	24,22	9,7	12,10	9,6	234	280
8257	324,238	60,77	280,236	103,64	275	386
8260	3,0	4,9	0,7	11,7	210	335
8268	763,652	1269,998	484,578	886,902	223	276
8269	944,803	598,478	715,643	402,382	261	223
8271	27,22	46,33	19,33	40,40	256	225
8272	36,42	37,29	14,18	16,26	241	239
8273	183,195	532,390	183,177	404,382	375	332
8275	129,126	365,235	93,103	247,240	347	852
8276	132,129	0,0	95,105	0,4	347	293
8277	129,128	4,0	94,103	2,3	347	213
8282	54,48	0,0	55,36	2,0	191	227
8283	0,3	146,115	0,0	125,99	191	227
8284	54,46	148,115	55,39	122,96	191	227
8285	215,195	47,42	162,122	44,37	257	191
8286	365,338	255,226	317,269	201,168	294	280
8289	164,173	120,135	142,98	95,99	232	237
8290	274,250	320,272	245,195	284,172	308	258
8291	31,25	257,221	15,10	223,182	269	288
8292	41,23	43,39	22,35	38,35	288	222
8293	22,24	42,30	14,20	26,23	222	270
8294	3,5	0,0	2,0	0,2	232	218
8295	546,480	858,724	484,400	613,598	272	277
8296	21,8	654,548	13,10	453,479	223	272
8297	115,100	158,144	95,75	105,127	236	337
8298	183,156	86,86	166,165	45,65	337	290
8299	111,98	171,170	79,84	132,147	290	369
8300	209,172	15,8	138,153	3,6	278	251
8301	289,238	326,254	192,231	266,300	270	298
8302	56,62	226,175	65,77	149,146	298	314
8303	57,62	715,564	65,75	423,473	298	509
8304	304,166	228,200	201,207	158,111	314	308
8305	220,182	715,564	143,137	424,473	308	509
8306	18,13	51,38	7,15	24,33	215	310
8307	17,13	3,2	8,17	1,6	215	310
8308	2,2	51,38	1,1	24,33	211	310
8309	2,2	3,2	2,3	1,6	211	310
8310	27,29	47,39	20,23	42,38	310	291
8311	48,37	41,20	23,27	24,20	291	221
8312	34,26	46,39	15,25	28,36	320	259
8313	0,3	65,50	4,0	28,50	386	320
8314	0,3	65,51	4,0	28,50	386	320
8315	25,23	26,31	11,26	4,21	286	276
8316	14,5	9,35	5,7	23,19	203	266
8317	14,5	10,34	5,7	23,19	203	269
8323	4,0	2,0	2,1	2,0	280	197
8324	4,0	2,0	0,1	2,0	280	197
8325	1,0	2,1	0,0	3,0	293	247
8326	4,0	2,1	2,1	3,2	280	247
8327	4,0	2,1	0,1	3,0	280	247
8328	1,0	2,1	0,0	3,0	249	247
8329	4,0	2,1	0,1	3,0	280	247
8330	1,0	4,1	0,0	3,0	293	271
8331	4,0	2,1	2,1	3,0	280	271
8332	4,0	2,1	0,1	3,0	280	271
8333	1,0	2,1	0,0	3,0	249	271
8334	4,0	2,1	0,1	3,0	280	271
8335	1,0	4,0	0,0	0,1	249	280
8337	0,1	0,0	0,2	2,0	249	280
8339	868,833	1508,1294	700,647	1229,1116	252	265
8340	868,833	2,1	700,647	3,2	252	303
8341	0,1	825,772	2,1	657,663	291	225
8342	1254,1182	825,772	965,1029	657,663	265	225
8343	898,797	2445,2050	725,639	1739,1601	225	339
8344	158,185	146,125	142,124	124,104	235	252
8345	90,75	89,66	84,91	34,36	255	242
8346	18,19	90,66	13,19	34,36	190	242
8347	19,19	99,95	13,21	58,64	190	254
8348	2,4	100,93	8,2	58,64	233	254
8349	50,77	100,93	35,43	58,64	230	254
8350	252,226	130,127	190,168	148,122	268	370
8351	784,641	193,205	551,455	188,140	542	268
8352	322,257	421,308	228,215	286,275	326	354
8353	138,122	295,235	109,101	190,180	221	326
8354	1,2	1,0	2,0	0,0	214	232
8355	20,32	41,31	15,6	20,13	334	323
8356	2,7	40,33	4,2	20,13	334	323
8357	1069,963	14,13	581,673	9,11	4398	230
8358	124,106	161,117	75,68	97,112	209	249
8359	417,347	165,127	327,287	145,138	315	263
8360	13,22	6,5	14,13	9,5	238	228
8361	14,22	4,0	16,13	0,0	238	228
8362	17,9	11,20	8,4	18,11	228	287
8364	9,6	5,4	4,8	7,4	192	247
8365	4,1	10,8	0,3	2,7	225	218
8366	1,2	10,8	3,1	2,7	225	218
8367	0,2	41,28	4,1	17,17	225	246
8368	354,299	38,30	243,236	33,41	367	207
8369	30,17	81,111	22,24	88,85	207	302
8370	17,28	15,15	12,16	18,9	155	244
8371	3,1	17,16	6,1	18,12	191	244
8372	142,122	17,16	119,100	18,12	155	244
8374	153,139	167,209	119,93	259,162	224	227
8375	225,272	32,44	242,183	35,28	224	209
8376	144,160	476,401	128,101	351,257	232	302
8377	24,57	255,311	69,56	258,213	368	232
8378	484,453	311,328	373,272	290,220	342	368
8379	534,480	665,617	337,362	413,323	255	290
8380	314,243	928,985	194,188	752,648	288	395
8381	382,379	462,399	283,222	229,316	286	247
8385	55,55	57,51	34,43	49,53	293	300
8386	68,66	54,55	50,44	48,53	3121	300
8387	105,92	52,47	49,46	30,23	359	293
8388	18,19	77,57	17,19	28,39	302	342
8389	16,16	7,5	7,15	3,5	250	227
8390	1,1	6,3	0,0	4,4	241	215
8391	12,12	22,8	10,4	18,20	265	265
8392	22,8	16,6	5,16	4,1	259	207
8393	77,67	120,110	56,56	112,111	245	240
8394	0,0	120,110	1,0	112,111	236	240
8396	4,4	2,0	0,2	0,0	684	364
8397	0,1	2,0	0,2	0,0	239	364
8401	89,64	131,113	57,67	85,110	241	292
8402	89,67	148,117	57,67	117,157	241	871
8403	133,126	3,3	100,128	0,1	871	260
8404	52,39	171,151	44,43	112,120	217	300
8405	124,107	69,72	79,82	46,46	300	251
8406	121,107	38,28	79,73	22,21	326	1108
8407	6,16	124,121	0,2	98,52	536	1216
8408	130,129	44,38	116,112	27,49	265	203
8409	87,93	202,158	64,87	120,142	203	297
8410	1049,899	1040,728	749,787	600,636	343	309
8411	2809,2492	1034,727	2180,2139	607,636	585	309
8412	2814,2497	1082,881	2180,2139	819,874	585	343
8413	444,366	381,337	324,342	324,316	444	291
8414	382,309	580,552	270,297	435,523	444	377
8415	15,11	381,337	16,15	324,316	292	291
8416	9,3	580,552	1,5	435,523	292	377
8419	21,26	34,28	11,12	18,24	221	221
8420	33,44	77,68	22,22	54,58	200	240
8421	201,131	16,5	127,121	8,3	221	221
8422	111,68	56,34	53,55	46,40	223	180
8423	841,719	4330,3492	673,577	3199,3269	228	319
8424	129,125	427,407	105,120	328,296	203	362
8425	206,139	127,95	160,133	85,82	224	203
8426	308,252	190,155	256,193	147,149	284	224
8427	59,43	33,31	56,49	35,24	285	255
8428	18,9	6,12	15,13	9,1	227	262
8429	0,0	4,2	1,0	3,3	227	262
8430	25,10	30,13	22,15	34,17	227	244
8431	24,25	5,0	27,15	4,1	222	227
8432	17,16	11,8	21,16	9,16	222	227
8433	1,0	11,8	0,0	8,16	222	227
8434	15,16	3,9	16,12	6,1	190	222
8435	14,19	24,8	20,14	31,15	230	222
8436	14,18	14,7	16,12	28,9	190	222
8440	3,1	91,74	4,1	69,74	232	273
8441	120,127	239,185	126,88	167,147	258	233
8442	2,3	300,267	0,0	215,188	242	1404
8443	317,281	0,0	237,193	0,1	1404	223
8444	225,195	238,184	190,209	173,233	217	210
8445	103,104	128,117	83,79	89,102	275	247
8446	97,70	120,116	58,32	88,93	246	247
8447	107,73	107,109	59,41	103,76	246	275
8448	61,48	363,297	38,42	232,276	273	651
8449	359,298	187,169	236,295	153,148	651	308
8455	77,68	166,163	53,58	160,116	294	364
8456	20,20	65,71	6,13	55,32	194	217
8457	66,48	16,10	45,38	12,10	278	270
8458	43,26	46,32	29,35	22,42	422	321
8459	338,390	1261,931	419,353	843,884	300	264
8460	338,390	816,620	419,353	667,673	300	257
8461	338,390	14,5	419,353	5,7	300	264
8462	0,0	1261,931	3,4	843,884	278	264
8463	0,0	816,620	3,4	667,673	278	257
8464	14,10	1261,931	7,6	843,884	256	264
8465	735,800	1259,931	731,663	843,881	256	264
8466	6,6	657,613	4,5	607,557	298	275
8467	1084,949	1180,925	800,634	883,839	362	298
8468	24,37	489,437	21,28	347,309	269	241
8472	1782,1433	6,2	1272,1207	1,2	342	173
8473	79,126	568,456	150,95	363,436	266	265
8474	22,42	409,454	52,51	360,299	246	522
8475	151,183	311,249	173,124	314,222	293	381
8476	369,358	114,123	265,224	115,77	342	293
8477	21,40	99,129	24,25	84,68	229	282
8478	271,241	344,372	222,188	286,228	270	338
8479	113,105	402,389	88,67	261,267	223	338
8480	29,21	13,1	16,11	3,3	286	268
8481	4,4	246,276	10,12	378,205	211	246
8482	23,20	82,99	32,33	73,69	200	232
8484	678,616	1211,958	481,431	861,729	263	308
8485	53,68	577,417	38,42	402,437	209	283
8486	7,1	208,173	5,0	169,156	283	228
8487	131,113	207,173	100,76	170,156	283	228
8488	2,5	238,209	0,0	193,154	277	223
8489	484,387	498,454	296,352	365,307	277	296
8490	718,484	430,332	434,505	309,288	397	328
8491	512,406	247,189	365,375	154,179	328	344
8492	284,244	457,397	220,203	369,306	255	320
8493	77,84	58,39	58,40	25,37	247	258
8494	6,5	3,2	1,2	0,0	231	286
8495	13,13	23,10	4,10	5,14	231	330
8496	3,1	21,12	0,0	5,13	286	330
8497	0,2	9,9	0,4	2,4	330	242
8498	3,4	2,3	1,3	2,0	188	188
8500	42,39	42,47	35,36	50,53	222	212
8501	40,36	140,129	40,32	118,115	212	273
8502	134,140	158,127	100,77	105,111	243	251
8503	176,187	114,86	132,106	70,69	243	233
8504	702,504	479,381	461,412	323,326	327	244
8505	193,172	209,144	162,97	118,110	326	339
8506	193,172	670,478	162,97	446,435	326	327
8507	79,49	670,476	61,45	446,434	326	327
8508	162,122	149,109	116,133	111,119	282	301
8509	288,231	3,2	209,225	0,5	282	201
8510	75,53	74,64	38,62	54,63	245	205
8511	58,34	121,103	24,39	76,73	227	245
8512	25,23	68,64	33,20	37,41	295	227
8513	220,227	319,260	194,182	218,211	312	316
8515	230,167	80,126	179,159	94,60	353	269
8516	131,120	111,124	111,91	103,82	287	353
8517	67,83	164,113	74,54	132,116	293	287
8518	16,13	40,36	15,10	40,25	221	233
8519	26,16	40,36	12,18	40,25	185	233
8520	72,85	119,96	49,47	73,87	248	319
8521	116,126	67,55	82,67	32,60	377	248
8522	36,32	174,188	23,30	117,107	234	377
8523	339,347	194,200	290,274	235,173	293	202
8524	339,347	415,429	290,274	449,337	293	284
8525	208,187	340,281	190,131	330,257	231	293
8526	27,17	148,140	16,13	137,134	299	231
8527	59,64	151,140	69,45	136,133	299	231
8528	156,158	0,3	112,92	3,4	276	239
8529	11,2	563,449	6,3	302,337	213	723
8530	76,71	102,63	52,64	55,56	244	265
8531	155,129	156,121	80,70	93,81	293	283
8532	165,129	215,204	79,73	141,124	293	358
8533	150,116	68,68	76,66	53,58	293	256
8534	134,109	219,214	94,67	143,129	283	358
8535	215,187	69,68	149,131	52,58	358	256
8542	57,36	64,61	33,18	35,63	276	255
8543	43,27	23,30	44,30	25,24	203	221
8544	323,240	257,203	186,237	162,188	262	211
8545	3,4	257,203	1,0	162,188	246	211
8546	157,147	166,144	152,139	124,127	211	224
8547	243,150	365,311	149,139	253,252	224	276
8548	838,664	313,206	655,667	192,193	386	219
8549	194,171	832,720	159,150	588,672	210	386
8550	334,282	832,718	212,256	590,672	255	386
8551	334,284	188,142	211,256	132,147	255	210
8552	167,181	385,305	187,166	292,296	267	255
8553	285,208	233,183	149,149	120,162	322	259
8554	62,40	233,183	37,47	120,162	338	259
8556	2,4	156,132	1,1	77,102	183	191
8557	24,16	63,61	10,17	31,25	183	191
8558	50,60	63,61	45,55	31,25	249	191
8560	50,60	24,16	45,55	10,17	249	183
8561	95,87	111,82	56,90	68,82	246	183
8562	136,121	111,82	82,115	68,82	249	183
8563	90,77	67,47	67,64	30,54	216	246
8564	171,141	15,21	112,124	14,13	216	246
8565	171,141	17,24	112,124	16,15	216	249
8566	231,177	9,11	145,162	12,20	326	216
8567	231,178	32,30	146,163	13,24	326	216
8568	46,34	32,30	31,22	12,23	326	216
8569	140,104	51,35	99,113	32,21	264	610
8570	140,104	245,238	99,113	171,175	264	326
8571	115,96	127,124	85,67	82,88	252	264
8572	158,137	163,151	99,132	105,69	294	270
8573	163,163	5,4	103,98	4,5	286	294
8574	162,163	259,193	103,98	166,159	286	294
8575	106,85	195,175	86,80	109,128	248	203
8576	218,212	0,1	178,161	1,0	248	244
8577	0,0	170,168	1,2	126,132	199	281
8578	113,85	118,166	81,69	137,87	330	270
8581	3,10	517,400	4,1	355,329	248	303
8582	250,203	616,459	195,142	454,387	303	474
8583	27,20	1250,963	11,14	925,785	303	821
8584	976,741	402,363	714,585	311,267	821	325
8585	975,740	292,228	714,584	199,200	821	264
8586	1233,922	403,365	866,766	309,268	821	325
8587	335,217	403,365	236,180	309,268	474	325
8588	315,319	871,663	201,257	563,634	249	346
8589	317,318	305,208	195,255	180,175	249	346
8590	317,318	715,664	195,255	521,607	249	287
8594	2,1	174,131	3,1	133,139	250	354
8596	1,3	643,580	2,2	488,396	258	239
8597	604,532	643,580	471,481	488,396	258	239
8598	784,776	1386,1030	719,660	1014,930	239	254
8600	7,11	18,11	15,11	8,8	260	287
8601	6,2	5,6	3,8	6,6	207	241
8603	9,15	1,1	19,16	0,3	260	207
8604	7,11	1,0	15,11	1,1	260	207
8614	1,0	63,101	0,0	67,78	227	295
8615	244,229	97,120	131,152	86,91	290	242
8616	0,2	1,4	0,0	0,1	274	280
8617	195,182	122,112	240,191	109,87	234	209
8618	153,122	161,92	131,115	119,86	209	203
8619	465,351	340,231	346,323	195,225	252	226
8620	465,351	404,394	346,325	290,345	252	1477
8621	413,312	51,54	318,296	27,34	226	1477
8622	51,56	379,380	27,34	348,288	1477	289
8623	556,492	589,497	381,424	449,413	1477	302
8624	438,480	419,477	505,403	420,399	327	257
8625	491,416	593,502	424,320	455,421	257	302
8626	39,24	31,28	18,17	14,24	276	298
8627	7,7	86,68	8,6	57,50	254	314
8628	13,16	87,65	2,4	57,50	254	314
8629	89,81	35,26	49,49	29,19	314	238
8630	69,43	109,73	61,48	49,64	307	356
8631	93,68	111,78	45,61	51,68	346	356
8632	117,80	57,58	72,75	48,22	356	277
8633	219,165	139,71	149,161	75,54	328	328
8634	2,0	62,36	0,0	39,23	232	328
8635	122,108	62,36	87,87	39,23	353	328
8636	120,108	168,90	87,87	96,77	353	328
8637	240,183	315,271	167,147	216,218	262	293
8638	196,177	245,186	154,137	198,135	312	262
8639	95,104	182,169	37,64	127,125	255	358
8640	2,1	3,6	2,0	2,8	220	452
8641	493,333	16,4	290,269	8,4	257	203
8642	300,208	6,6	162,166	2,1	260	257
8643	152,114	168,123	82,74	90,83	260	203
8644	32,22	213,161	24,25	154,154	203	254
8645	58,33	215,160	21,39	154,154	203	254
8646	7,1	0,4	3,2	0,0	319	251
8647	68,94	45,30	61,56	23,20	276	245
8648	4,12	45,30	10,3	23,20	403	245
8655	93,64	1,3	78,73	3,0	513	282
8656	93,64	49,51	78,73	38,24	513	390
8657	1,3	49,51	3,0	38,24	282	390
8658	3,3	18,15	7,4	6,6	282	246
8659	56,36	13,10	27,24	9,8	300	203
8660	44,30	27,18	28,31	20,18	300	233
8661	95,125	0,0	93,83	0,2	239	207
8662	1042,837	267,195	850,677	137,170	942	259
8663	1044,837	356,328	850,679	226,217	942	292
8664	120,72	1120,883	105,65	848,728	243	942
8665	120,74	240,238	104,65	230,188	243	350
8666	180,137	243,236	122,119	236,187	279	350
8667	2,5	240,236	8,3	230,188	243	350
8668	30,18	243,236	12,19	236,187	243	350
8669	6,7	286,210	1,0	181,159	271	262
8670	180,141	146,98	124,122	71,67	279	262
8671	3,9	2,0	3,4	2,1	271	230
8672	110,122	51,39	105,68	34,25	366	243
8673	210,156	150,94	123,110	139,83	247	279
8674	114,133	127,123	149,91	127,87	334	317
8676	483,487	1362,1362	476,370	1695,1169	221	491
8677	157,116	100,98	112,111	98,89	226	217
8678	56,32	36,38	38,30	15,29	285	237
8679	25,12	118,121	19,34	88,95	249	288
8680	94,72	6,6	70,89	2,3	288	220
8682	119,62	104,66	96,67	61,62	318	264
8683	35,41	35,29	22,23	5,14	317	245
8684	19,17	38,38	22,25	30,38	239	317
8685	26,24	17,28	8,31	11,14	251	239
8686	1,16	13,16	14,14	11,17	261	254
8687	172,139	171,156	127,117	125,91	229	272
8688	125,130	204,190	72,80	137,107	196	469
8689	125,130	171,156	72,80	126,90	196	272
8690	123,127	533,454	72,77	410,324	196	416
8691	152,170	171,156	103,103	126,90	514	272
8692	189,191	242,201	132,137	189,160	272	416
8694	560,499	4,4	412,360	1,4	289	217
8695	224,170	302,320	125,128	287,256	226	217
8696	232,187	423,415	136,141	346,280	377	248
8697	5,6	423,415	5,2	346,280	217	248
8698	270,225	719,685	190,184	574,494	217	299
8699	636,602	591,578	565,511	411,404	299	281
8700	7,3	591,578	1,11	411,404	248	281
8701	691,619	579,535	550,446	454,480	305	241
8702	691,619	706,655	550,446	562,555	305	273
8703	46,55	706,655	29,28	562,555	299	273
8704	585,644	1251,1129	533,479	986,873	352	414
8705	760,732	1249,1128	691,587	986,872	745	414
8706	760,732	1322,1200	691,587	1057,910	745	439
8707	44,39	33,26	41,46	13,24	301	216
8708	40,50	34,25	47,54	13,24	301	216
8709	9,21	127,113	23,19	101,76	244	216
8710	18,10	19,26	15,12	34,30	285	301
8711	998,1103	19,26	839,862	34,30	1229	301
8712	635,570	451,393	524,455	327,346	280	301
8713	439,387	430,368	339,277	313,323	285	301
8714	18,10	430,369	15,12	314,322	285	301
8715	998,1103	430,369	839,862	314,322	1229	301
8716	635,570	74,93	524,455	74,65	280	283
8717	439,387	54,70	339,277	60,43	285	283
8718	660,583	989,807	533,471	732,814	280	296
8719	585,643	35,35	533,480	29,36	352	285
8720	1077,1078	11,5	910,808	4,5	352	241
8721	175,191	644,639	158,140	547,473	240	352
8722	175,191	726,742	158,140	654,567	240	745
8723	175,191	21,13	158,140	11,13	240	281
8724	97,61	122,127	65,62	120,90	194	182
8725	94,59	17,10	64,61	18,6	194	182
8726	94,59	342,332	64,61	267,298	194	343
8727	94,59	272,266	64,61	207,247	194	291
8728	17,10	342,332	18,6	267,298	182	343
8729	17,10	272,266	18,6	207,247	182	291
8730	85,51	343,333	63,59	270,299	182	343
8734	12,9	69,52	9,2	53,62	266	239
8735	2,8	1,2	1,2	0,0	235	196
8736	1,1	0,1	0,2	0,0	275	196
8737	263,243	6,10	223,169	8,6	226	228
8738	326,314	1335,1192	263,258	1111,984	228	342
8739	326,315	328,336	261,257	353,300	228	342
8740	332,335	531,446	357,301	409,435	342	212
8741	9,13	627,537	5,13	551,488	215	218
8742	11,16	11,17	7,16	3,14	215	218
8743	393,340	627,537	279,246	551,488	212	218
8744	396,341	11,17	280,252	3,14	212	218
8745	508,429	1112,962	396,344	889,810	218	319
8746	450,496	376,361	386,351	370,289	227	222
8747	455,477	3,2	377,365	3,0	222	288
8748	229,261	3,3	331,223	5,2	219	221
8749	178,190	181,237	218,144	272,202	219	274
8750	30,28	0,1	46,33	0,0	224	220
8751	30,28	34,54	46,33	81,23	224	221
8752	30,28	43,74	46,33	66,21	224	363
8753	0,1	34,54	0,0	81,23	220	221
8754	0,1	43,74	0,0	66,21	220	363
8755	4,1	35,45	7,0	80,51	220	221
8756	287,314	147,155	263,208	121,99	226	219
8757	139,202	151,165	204,132	176,121	359	226
8758	103,72	37,50	55,64	27,31	293	242
8759	106,73	4,4	55,64	2,4	293	242
8760	48,48	75,68	31,26	53,71	242	355
8769	88,75	240,154	90,78	157,137	244	286
8771	270,284	42,52	273,199	28,49	614	267
8772	271,284	12,17	273,199	20,10	614	267
8773	0,0	43,46	0,1	60,22	379	245
8777	41,42	13,22	28,34	7,17	264	282
8778	117,91	580,540	73,85	389,389	396	1018
8779	54,41	103,88	43,42	81,87	248	396
8780	5,7	55,41	8,4	41,32	308	248
8781	76,81	58,50	55,49	43,35	308	248
8782	469,558	2128,1737	621,442	1642,1281	259	250
8784	103,71	204,129	60,46	80,129	258	255
8785	26,16	11,9	10,18	6,2	357	300
8786	42,30	3,1	20,21	0,2	357	314
8787	42,30	4,4	20,21	4,1	357	260
8788	182,120	61,79	111,95	76,49	274	326
8789	55,61	101,101	41,62	80,107	280	238
8790	144,125	4,3	124,96	3,10	221	181
8791	39,30	74,78	30,23	50,31	196	218
8792	12,4	82,82	2,6	89,64	273	382
8793	20,23	1409,1418	23,12	1255,1015	223	823
8794	19,12	1403,1414	8,15	1254,1013	223	823
8796	85,59	0,9	27,68	5,2	250	194
8797	43,32	3,8	11,36	11,5	250	228
8798	43,32	2,7	9,36	0,3	250	239
8799	164,107	65,43	117,148	33,53	528	312
8801	38,32	10,17	21,13	18,19	297	303
8802	5,1	532,450	5,1	321,420	334	1086
8803	94,77	67,65	51,84	40,60	287	280
8811	15,22	1519,1212	17,15	1036,874	206	262
8812	17,22	12,11	19,16	3,4	206	236
8813	24,28	14,22	24,17	14,12	206	236
8814	17,22	1393,1251	19,16	1101,934	206	249
8815	15,22	7,15	17,15	8,4	206	249
8816	1,8	68,200	7,4	191,153	243	236
8817	303,278	70,200	253,203	195,157	243	236
8818	306,275	15,22	249,202	19,14	243	236
8819	13,11	1393,1235	7,6	1091,930	236	249
8820	41,63	12,18	59,30	9,8	236	260
8821	41,63	1412,1267	59,30	1090,928	236	326
8822	23,39	106,115	42,16	127,83	236	326
8823	35,50	1386,1227	44,20	1085,927	236	249
8824	88,95	1393,1235	113,86	1091,930	326	249
8825	242,396	770,709	386,312	628,550	326	216
8826	242,396	1400,1251	386,312	1103,942	326	249
8827	7,15	1519,1212	8,4	1036,874	249	262
8828	15,15	1531,1223	14,8	1037,878	249	262
8829	831,747	1518,1212	633,538	1035,874	249	262
8830	7,4	1518,1212	5,3	1035,874	219	262
8831	2330,1776	1107,994	1500,1365	824,665	296	254
8832	2930,2434	1112,996	1827,1978	824,669	386	254
8833	1427,1268	1488,1186	1131,884	994,901	250	252
8834	1425,1266	808,709	1132,883	611,491	250	252
8835	1480,1381	812,711	1322,879	609,492	252	252
8836	1190,1047	1527,1290	922,791	1070,923	275	248
8837	973,866	1556,1308	685,592	1085,930	231	248
8838	1456,1346	1685,1576	1062,1080	1229,1038	231	290
8839	425,284	178,139	245,271	145,150	246	230
8840	309,232	325,241	193,235	225,211	246	267
8841	800,680	441,393	513,517	294,319	312	244
8842	92,89	441,394	58,49	294,320	312	244
8843	322,240	562,594	205,200	426,444	221	312
8844	686,567	610,451	461,477	353,393	281	278
8846	0,4	4,7	0,4	3,4	224	240
8847	4,15	343,275	4,5	224,246	490	314
8848	82,78	176,120	57,66	102,99	314	225
8849	197,146	231,201	117,122	156,168	261	284
8850	2,1	176,120	0,0	102,99	294	225
8851	259,196	182,129	167,179	104,98	294	225
8852	7,1	182,129	2,2	104,98	258	225
8854	128,110	150,136	83,100	119,101	239	273
8855	196,158	235,222	141,144	139,127	273	278
8856	160,134	228,205	111,110	142,124	278	273
8857	10,7	38,28	15,4	30,30	214	285
8858	52,49	43,32	40,38	23,17	329	268
8859	308,220	188,116	175,194	153,99	282	266
8860	296,188	499,439	165,209	281,363	312	294
8861	296,189	409,346	165,208	333,305	312	310
8862	201,136	208,187	134,116	145,129	275	323
8863	227,171	85,63	160,154	40,48	323	186
8864	3,1	0,2	3,3	1,0	226	258
8869	0,0	0,2	1,0	0,0	308	274
8872	1104,862	200,206	656,671	107,131	1107	318
8873	18,7	16,5	16,14	14,3	287	232
8881	219,169	108,99	159,162	95,74	233	249
8882	119,100	109,114	90,79	79,70	236	233
8883	152,138	141,90	84,89	78,84	252	237
8888	90,60	101,87	68,35	62,71	313	400
8889	90,60	80,43	68,35	70,65	313	250
8890	101,87	80,43	62,71	70,65	400	250
8891	57,89	92,83	47,51	59,72	243	264
8892	162,140	349,329	107,102	271,268	224	268
8893	281,277	116,90	251,209	90,92	268	232
8894	1395,1138	21,23	903,1031	9,10	721	263
8895	1395,1138	333,267	903,1031	248,246	721	278
8896	21,23	333,267	9,10	248,246	263	278
8898	91,71	161,125	56,62	118,132	258	331
8899	89,69	129,109	56,62	108,94	258	330
8900	163,119	133,110	119,122	108,94	331	330
8901	164,119	218,173	119,121	153,167	331	383
8902	139,114	216,173	97,111	153,168	330	383
8903	77,62	202,137	51,67	110,123	257	356
8904	79,56	86,82	60,54	59,73	245	225
8905	529,601	288,298	526,419	316,237	530	281
8906	221,270	12,7	206,178	19,6	322	380
8909	11,7	16,28	7,9	14,18	217	358
8912	1,0	25,17	0,0	14,9	182	250
8918	70,81	179,170	55,51	101,109	238	327
8919	547,386	399,282	381,379	216,174	345	245
8920	82,74	94,74	48,81	46,45	382	297
8922	144,125	217,222	98,129	153,203	367	736
8923	137,122	68,50	93,126	53,64	367	336
8925	74,46	35,51	45,79	30,36	354	305
8926	74,47	6,6	42,79	5,5	354	305
8927	32,44	24,21	28,17	22,25	305	218
8928	20,21	55,32	14,20	38,41	196	270
8929	39,45	30,22	45,33	18,18	270	221
8930	71,70	49,32	60,86	62,40	333	273
8931	62,56	88,78	35,37	74,105	281	342
8933	0,2	0,1	0,0	2,0	221	221
8936	113,110	1,1	132,107	0,1	437	242
8937	98,73	122,104	60,69	80,73	219	259
8938	163,111	52,70	73,93	63,39	289	219
8939	70,54	48,41	44,55	25,40	260	343
8940	5,7	122,79	1,7	84,67	235	285
8941	75,42	130,82	19,51	85,69	235	285
8942	4,3	178,121	2,2	104,127	299	235
8943	95,100	281,210	81,103	202,171	291	381
8944	2,2	283,211	2,0	203,171	291	381
8945	114,88	281,209	66,97	202,171	310	381
8946	114,88	7,2	66,97	1,1	310	291
8947	113,89	92,68	67,97	46,58	310	291
8948	53,49	87,68	43,55	47,57	268	291
8949	53,49	9,8	43,55	9,10	268	269
8950	113,89	14,8	67,97	8,11	310	269
8951	53,49	0,0	43,55	3,0	268	251
8952	113,89	4,0	67,97	2,1	310	251
8953	111,87	80,75	67,97	54,82	310	268
8954	40,27	11,15	22,30	7,24	204	312
8955	40,27	10,16	21,30	8,24	204	312
8956	45,27	8,14	21,31	8,24	204	312
8957	57,32	85,86	23,31	75,102	204	312
8958	3,7	47,32	5,5	29,26	220	347
8959	2,1	47,28	0,1	29,26	220	347
8960	12,16	15,11	5,7	6,14	267	220
8961	133,83	56,58	125,122	66,75	291	305
8962	208,164	34,49	129,133	40,36	239	197
8963	59,52	151,113	40,45	92,109	251	233
8964	41,40	151,113	34,32	92,109	206	233
8965	85,51	193,189	55,48	148,190	187	286
8966	227,163	128,92	136,127	46,74	324	260
8967	77,60	100,95	64,65	63,78	298	278
8968	46,45	1,0	54,69	0,3	251	298
8969	45,45	96,64	50,67	81,51	251	298
8970	77,65	0,0	46,53	1,0	242	289
8971	76,65	77,69	46,53	68,79	242	324
8972	41,54	36,47	65,36	35,34	230	242
8973	81,48	46,49	42,47	30,40	237	230
8974	42,24	44,30	16,22	46,33	246	226
8975	179,119	319,272	94,89	339,273	353	738
8976	102,84	195,156	84,95	158,109	266	353
8977	69,70	99,76	56,66	46,57	246	266
8979	0,1	0,0	0,2	2,0	414	382
8986	49,68	1323,1089	47,40	940,1079	264	320
8987	1428,1101	558,475	1000,962	488,473	311	264
8988	1427,1106	1046,820	1000,963	691,703	311	281
8989	1239,1070	1163,931	1071,1028	890,813	318	311
8990	97,87	21,24	71,77	11,11	391	225
8991	24,25	108,88	23,22	86,86	195	239
8992	75,111	196,177	50,70	119,138	239	259
8993	74,39	99,88	38,39	75,61	281	264
8994	0,0	1,0	2,0	0,1	293	408
8995	9,12	601,435	5,2	348,400	222	324
8996	142,103	164,157	113,102	147,139	227	278
8997	2,9	135,114	9,14	135,105	372	222
8998	222,198	135,114	201,164	135,105	278	222
8999	132,106	438,374	101,101	303,259	230	299
9000	433,367	544,473	298,253	380,375	293	326
9001	435,366	550,468	298,253	422,303	293	306
9002	833,701	322,289	551,516	241,237	401	251
9003	258,202	350,284	191,170	238,233	251	239
9004	374,341	1057,794	316,326	678,638	215	281
9005	658,586	1057,794	456,552	678,639	228	281
9006	1528,1134	1617,1426	871,931	1084,904	310	347
9007	1525,1133	1350,1097	866,931	844,704	310	341
9008	286,330	502,523	326,315	485,417	260	365
9009	6,3	502,523	2,3	485,417	239	365
9010	286,330	6,3	326,315	2,3	260	239
9011	319,358	294,265	381,343	199,169	260	239
9012	21,10	290,261	6,3	197,166	286	239
9013	414,414	290,261	309,295	197,169	286	239
9014	3,11	39,48	8,3	33,41	192	311
9016	21,25	1,1	23,21	0,0	350	408
9018	26,23	298,349	16,10	290,266	367	462
9019	2,1	558,556	1,1	454,416	311	462
9020	43,29	16,15	30,26	21,29	415	299
9021	131,148	238,175	125,94	195,141	302	245
9022	131,148	61,41	125,96	34,38	302	222
9023	103,104	251,200	81,58	181,147	245	243
9024	203,192	106,117	179,186	99,112	296	227
9025	166,185	334,333	166,179	242,185	274	351
9026	166,185	323,326	166,179	236,181	274	347
9027	110,125	83,63	90,53	63,64	351	214
9028	264,276	78,58	215,149	66,60	351	214
9029	136,118	71,63	76,79	54,55	214	211
9030	507,451	319,222	346,411	221,229	243	210
9031	309,220	231,188	170,210	136,143	228	194
9032	15,13	224,182	2,10	132,138	228	194
9033	129,95	253,202	89,100	198,160	327	309
9034	90,52	153,147	55,73	114,137	216	326
9035	97,100	228,147	95,97	159,123	296	294
9036	98,94	153,124	59,60	93,112	294	296
9037	78,67	96,98	49,52	94,96	221	294
9038	12,6	96,98	6,8	94,95	221	294
9039	78,67	1,0	49,52	0,1	221	236
9040	91,93	70,56	72,73	45,45	257	221
9041	1,6	3,1	0,0	1,2	250	305
9045	181,153	17,19	103,137	19,21	285	266
9046	19,33	17,19	25,36	19,21	206	266
9047	329,299	362,320	267,196	270,234	269	316
9048	242,167	564,480	178,220	495,382	245	579
9049	244,167	207,180	178,220	142,114	245	284
9050	369,373	208,182	272,263	143,112	311	284
9051	244,167	11,7	178,220	8,2	245	239
9052	253,182	130,94	188,228	90,68	245	239
9053	373,375	7,13	275,265	5,4	311	245
9054	375,372	91,86	275,265	94,67	311	245
9055	269,249	383,278	208,207	272,337	318	311
9056	530,489	381,393	429,424	292,280	399	318
9057	240,222	439,417	185,219	347,365	354	399
9058	2,2	17,6	3,1	7,7	209	410
9060	2,1	11,6	3,0	5,5	274	292
9061	3996,3275	381,285	3265,3661	268,378	2395	386
9062	3996,3275	163,137	3268,3659	131,148	2395	386
9063	3996,3275	418,341	3268,3659	324,368	2395	371
9064	163,137	418,341	131,148	324,368	386	371
9065	418,363	418,341	341,402	324,370	386	371
9066	319,279	413,359	264,303	323,393	317	356
9067	485,374	1239,1034	383,385	1123,1110	356	749
9068	1186,1019	332,220	1067,1077	283,268	749	283
9069	1186,1019	257,245	1067,1077	262,226	749	1548
9070	205,216	480,369	197,233	335,361	277	328
9071	238,205	260,240	153,153	192,247	275	277
9072	188,121	214,229	104,182	195,250	228	275
9073	268,227	207,153	185,194	127,116	281	249
9074	186,182	103,85	136,174	62,94	244	238
9075	199,167	104,84	144,165	62,94	249	238
9076	468,427	27,30	347,383	22,18	244	272
9077	328,286	2,1	268,265	2,2	296	209
9078	53,62	237,165	52,58	179,169	275	296
9080	187,123	205,194	130,124	160,163	351	391
9081	225,222	307,308	196,216	315,206	242	239
9082	1007,707	523,413	699,713	375,368	273	223
9083	32,21	523,413	22,37	375,368	268	223
9084	769,643	463,331	607,619	371,327	222	215
9085	2,8	463,331	7,2	371,327	211	215
9086	1,2	463,331	0,0	371,327	201	215
9087	350,316	254,202	277,282	211,202	196	214
9088	9,4	3,11	4,7	4,0	295	329
9089	313,256	119,107	214,225	81,76	363	250
9091	5,4	5,2	6,1	3,0	230	282
9092	9,1	7,3	7,2	10,9	230	411
9096	1,0	2,0	0,3	3,0	260	267
9097	55,69	135,110	66,62	83,97	291	289
9098	73,65	64,39	36,70	51,38	230	291
9099	189,173	10,12	109,116	5,10	311	230
9100	189,173	30,35	112,117	37,29	311	230
9101	131,155	126,109	123,99	78,114	412	311
9102	216,169	202,153	134,184	141,129	264	262
9103	194,129	205,151	157,150	143,129	249	262
9104	188,130	274,237	156,152	163,195	249	264
9105	202,158	128,115	151,130	94,98	337	272
9106	202,158	5,7	151,130	4,6	337	210
9107	7,7	455,376	17,9	334,339	232	547
9111	81,75	102,77	50,60	76,82	207	270
9112	75,74	29,40	52,60	19,20	207	270
9113	391,334	159,158	227,261	106,143	404	299
9114	133,133	198,197	89,119	126,176	286	323
9115	141,151	66,82	78,78	49,51	314	305
9116	32,33	568,570	20,13	353,439	349	650
9118	4,12	35,16	1,1	17,9	269	325
9119	10,6	14,5	1,1	3,6	254	287
9120	1163,940	1069,841	817,830	791,752	232	245
9122	124,110	99,76	93,89	65,70	398	297
9123	290,276	58,51	196,171	59,36	243	200
9124	170,176	255,257	163,111	196,182	213	267
9125	361,323	31,79	264,226	59,51	267	252
9126	273,193	99,73	157,161	76,47	317	274
9127	26,8	23,19	18,8	20,16	265	282
9128	254,201	313,261	141,136	208,160	264	229
9129	110,99	331,181	70,77	206,202	199	220
9130	104,99	120,83	71,80	102,81	191	199
9131	1,8	116,97	9,8	70,67	230	264
9132	1,2	71,55	4,3	46,67	199	331
9133	68,53	83,68	46,47	67,75	272	309
9134	19,28	29,33	18,37	19,37	247	260
9136	0,2	62,71	5,0	48,43	206	263
9137	108,80	221,204	86,84	169,184	221	300
9138	109,80	87,91	86,85	83,90	221	265
9139	62,42	308,194	33,47	199,191	184	279
9140	353,248	207,149	229,242	123,131	321	275
9144	0,0	0,1	1,0	2,0	283	211
9148	1,0	0,2	0,0	2,0	321	242
9149	1,0	0,1	0,0	2,0	321	211
9150	1,0	0,2	0,0	2,0	321	242
9151	1,0	0,1	0,0	2,0	321	211
9152	3,3	4,3	4,1	3,4	287	342
9153	4,3	1,3	4,1	1,3	287	342
9157	1,2	0,0	13,1	0,1	217	240
9158	1,2	4,3	13,1	3,4	217	342
9159	1,2	4,3	13,1	3,2	217	336
9162	10,13	4,5	14,5	4,3	359	342
9166	150,160	404,413	123,103	334,282	341	442
9167	241,227	42,55	156,146	65,46	278	341
9168	231,286	100,110	263,197	90,83	521	278
9169	99,166	456,438	189,120	377,287	364	521
9170	17,8	15,12	8,10	12,15	317	303
9171	71,71	597,444	50,61	413,347	278	1022
9173	4,13	1,1	1,4	2,0	229	380
9174	8,13	1,1	1,4	2,0	249	380
9178	1,0	1,2	0,0	0,1	275	172
9179	100,105	86,53	78,91	49,53	415	281
9180	487,503	1171,1070	502,352	1037,864	263	314
9181	431,563	1465,1380	565,395	1289,946	247	341
9182	27,19	178,85	16,17	92,108	326	395
9183	244,150	133,108	131,137	90,93	1233	326
9184	153,90	598,511	80,85	357,417	381	994
9185	243,150	595,511	132,137	357,419	1233	994
9186	153,90	139,152	80,85	77,91	381	508
9187	243,150	136,152	132,137	77,93	1233	508
9188	1,0	153,118	0,0	118,130	245	336
9189	1,2	155,108	0,0	126,107	253	245
9190	412,355	135,136	273,316	117,99	224	205
9191	83,104	199,154	81,89	140,141	268	360
9192	107,87	521,538	86,82	427,381	256	432
9193	191,126	518,537	138,128	418,380	326	432
9194	195,126	210,181	146,129	186,143	326	256
9195	1,0	1,0	0,0	1,0	270	316
9198	56,76	300,214	32,47	249,214	268	270
9199	56,76	4,0	32,47	3,1	268	289
9200	316,261	276,197	233,211	220,205	270	238
9201	246,181	279,230	208,158	212,184	238	243
9202	253,180	523,393	211,162	389,365	238	820
9203	335,290	384,332	266,235	287,266	230	263
9204	51,59	567,482	46,45	413,361	250	307
9205	169,166	442,445	141,147	369,378	256	250
9206	37,21	442,445	24,17	369,378	358	250
9207	224,219	340,308	199,198	281,234	256	251
9208	78,66	340,308	61,47	281,234	358	251
9209	47,71	41,41	60,36	37,31	191	256
9210	48,72	302,248	71,32	231,230	191	256
9211	250,203	91,60	146,207	69,63	279	209
9214	8,2	127,80	1,3	75,91	295	312
9215	15,21	18,5	9,11	10,9	1104	295
9216	6,14	18,5	5,0	10,9	271	295
9217	2227,1873	601,445	1714,1536	432,373	371	222
9218	144,113	88,60	95,82	65,57	255	221
9219	163,90	174,198	93,86	152,160	221	289
9220	220,165	290,244	146,154	214,251	216	251
9221	466,339	230,197	301,314	175,179	251	245
9222	364,285	307,277	243,291	244,242	245	273
9223	187,136	353,255	117,110	217,264	329	257
9224	311,291	152,142	234,301	113,143	257	212
9225	306,275	22,18	228,281	21,11	257	212
9226	303,271	5,4	225,277	9,2	257	212
9227	222,198	445,375	145,164	282,396	212	302
9228	188,161	13,23	123,137	11,28	212	302
9229	188,161	337,329	123,137	250,289	212	368
9230	13,23	337,329	11,28	250,289	302	368
9231	4,3	4,6	1,4	0,0	290	344
9232	1300,941	1196,895	690,722	678,771	295	296
9233	616,455	753,556	408,411	404,397	255	237
9234	14,17	751,556	17,27	404,398	255	237
9235	149,152	915,652	104,118	479,580	212	255
9236	4,6	889,625	2,5	460,533	212	255
9238	11,26	3,2	14,19	0,0	300	294
9239	0,0	8,11	0,1	17,18	294	340
9240	0,3	10,21	2,3	22,24	294	340
9242	356,246	293,203	219,233	166,185	381	240
9243	347,240	639,509	210,220	470,431	381	310
9244	378,283	292,207	248,273	165,188	381	240
9245	369,277	639,509	239,260	472,430	381	310
9246	470,338	291,203	304,310	164,189	381	240
9247	189,136	315,232	130,131	185,216	206	240
9248	506,467	1468,1309	406,369	1178,1024	208	301
9249	12,9	1469,1304	6,8	1172,1020	208	301
9250	1162,1090	928,757	936,939	670,630	265	208
9251	407,434	1024,923	348,326	756,797	243	247
9252	66,70	83,40	77,68	31,48	189	182
9253	32,21	24,20	14,14	21,14	231	285
9254	29,28	34,24	35,20	36,31	285	352
9259	3,19	78,61	19,12	56,56	829	267
9260	63,68	67,56	76,75	57,59	267	228
9270	114,92	242,212	81,90	161,186	280	305
9271	116,112	203,159	73,118	139,138	278	280
9272	115,135	121,91	91,76	88,103	240	278
9273	117,81	191,145	72,76	133,161	226	249
9274	26,27	17,28	22,23	19,10	415	463
9275	25,18	17,28	17,26	19,10	280	463
9276	7,28	17,28	14,17	19,10	280	463
9277	12,5	0,3	9,16	1,1	230	320
9278	0,1	0,3	0,0	1,1	266	320
9279	12,5	18,54	9,16	35,35	230	628
9280	12,5	7,28	9,16	14,17	230	280
9282	7,4	3,20	6,13	8,11	230	280
9283	7,4	17,32	6,13	13,21	230	280
9284	29,14	0,2	18,31	0,0	230	294
9286	0,1	12,5	0,0	9,16	266	230
9287	0,1	29,14	0,0	18,31	266	230
9288	3,1	2,0	0,0	4,0	319	528
9291	90,136	174,166	136,95	148,120	357	261
9293	109,88	212,173	99,81	124,123	258	265
9296	1,1	2,0	2,0	0,0	255	231
9299	1542,1256	3653,2898	1132,1098	2584,2197	269	395
9300	2576,2297	1310,1074	1967,1938	975,942	342	249
9301	2793,2130	1285,1064	1843,1953	966,937	359	249
9302	2817,2134	2456,2063	1848,1954	1757,1828	359	342
9303	3879,3102	3046,2530	2865,2858	2233,2186	456	359
9304	2,1	38,43	0,2	26,22	214	266
9305	24,17	65,54	13,11	20,22	222	252
9306	3,12	12,6	9,9	13,6	199	249
9307	12,6	15,18	13,6	4,9	249	221
9308	1,1	35,37	0,1	20,14	221	226
9309	5,0	13,14	0,0	13,5	283	415
9310	0,3	13,14	3,2	13,5	251	415
9311	0,1	13,14	1,0	13,5	251	415
9312	34,21	13,14	10,23	13,5	232	415
9313	0,3	5,0	3,2	0,0	251	283
9314	2,2	3,0	2,2	0,0	251	283
9315	1,2	11,5	2,2	4,1	251	283
9316	34,21	0,1	10,23	1,0	232	251
9318	503,441	546,436	360,371	397,408	295	268
9319	505,441	297,272	363,373	198,237	295	207
9320	1360,1253	297,272	1032,957	198,237	368	207
9321	505,441	3182,3006	363,373	2296,2129	295	564
9322	436,389	3206,3021	321,308	2312,2130	253	564
9323	508,446	78,62	364,378	33,45	295	305
9324	434,390	102,77	321,308	49,46	253	305
9325	1397,1283	642,537	1051,971	470,470	368	322
9326	1449,1330	642,537	1082,1031	470,470	1288	322
9327	1397,1283	591,500	1051,971	431,452	368	295
9328	92,87	59,47	71,74	53,52	215	223
9329	92,87	76,77	71,74	66,51	215	226
9331	68,52	118,92	57,63	70,84	282	321
9332	145,124	107,113	151,128	131,82	265	295
9333	100,86	59,70	82,87	59,38	296	281
9334	88,72	58,68	64,59	59,37	269	281
9335	49,46	21,30	21,49	16,18	279	208
9336	32,23	98,76	27,14	50,34	276	237
9337	71,57	74,49	34,47	43,48	210	217
9338	70,62	104,106	47,55	68,62	217	241
9339	104,78	137,75	61,60	74,81	280	220
9340	69,63	61,69	77,84	55,64	309	263
9341	97,76	7,4	64,70	7,8	263	234
9342	118,78	68,35	55,66	43,35	302	275
9343	32,35	67,72	21,29	50,58	251	302
9344	80,52	87,62	49,48	46,55	306	312
9345	47,37	5,3	39,34	0,1	255	292
9346	47,36	50,45	40,34	52,27	255	292
9347	131,103	74,101	78,72	102,81	277	273
9348	354,283	205,176	253,235	150,189	249	221
9349	436,523	2,4	363,332	5,4	365	253
9350	487,436	213,186	447,400	178,195	321	208
9352	330,282	427,419	245,218	335,367	207	245
9353	158,140	429,419	110,113	336,369	182	245
9354	137,127	424,346	112,101	327,317	182	256
9355	443,358	60,70	318,321	75,71	272	178
9356	105,99	3,4	85,72	10,7	178	278
9357	11,25	33,35	10,19	18,23	306	259
9358	22,8	22,26	18,14	36,12	194	219
9359	0,0	56,47	1,0	64,42	203	219
9360	2294,1957	1451,1196	1736,1630	1148,1067	427	347
9361	119,101	235,215	98,73	208,157	217	284
9362	20,34	15,13	19,26	22,14	222	194
9363	18,17	22,47	28,11	27,23	227	222
9364	14,17	147,140	20,23	116,132	203	224
9365	341,285	491,444	215,281	357,368	301	337
9366	293,239	191,202	180,158	173,144	254	237
9367	175,160	160,152	114,112	138,119	237	247
9368	175,157	784,671	113,111	549,552	237	397
9369	201,215	342,267	152,136	221,273	247	282
9370	188,190	407,403	152,117	292,335	216	280
9371	8,16	381,453	4,10	386,302	266	240
9372	460,440	576,595	352,310	696,523	278	432
9373	1567,1335	531,500	1078,903	444,368	371	342
9374	1567,1335	12,4	1078,903	3,10	371	290
9375	712,728	1074,1046	603,501	838,738	323	371
9376	543,488	1074,1046	419,388	838,740	283	371
9377	540,488	1229,1049	419,388	883,690	283	323
9378	74,52	343,287	36,46	306,236	184	231
9379	2,0	342,283	0,0	304,234	184	231
9380	355,338	161,114	226,283	91,112	237	184
9381	160,92	157,111	69,82	92,114	184	184
9382	164,93	9,6	70,82	7,2	184	243
9383	164,93	323,309	70,82	294,247	184	237
9384	390,300	4,3	200,246	1,3	234	184
9385	390,300	98,92	198,245	76,62	234	184
9386	251,275	170,119	192,219	96,117	225	184
9387	87,102	412,269	79,82	202,248	225	228
9388	250,275	413,269	192,217	202,247	225	228
9389	775,650	412,271	597,571	202,247	369	228
9390	0,2	412,271	0,0	202,247	225	228
9391	176,139	412,271	126,108	202,247	329	228
9394	176,139	0,2	126,108	0,0	329	225
9395	775,650	0,2	597,571	0,0	369	225
9396	85,76	765,724	48,62	487,551	197	225
9397	179,138	321,283	126,108	170,210	329	225
9398	778,649	321,283	597,571	170,210	369	225
9399	127,114	611,575	107,97	437,432	257	329
9400	60,50	0,2	40,32	2,0	2112	2077
9401	0,0	58,39	1,0	21,26	195	174
9402	0,0	9,11	1,0	3,5	195	171
9403	24,23	18,10	23,29	16,14	248	184
9404	24,23	3,0	23,29	4,2	248	184
9405	5,3	31,22	4,7	18,21	184	261
9406	0,2	1,0	3,2	0,2	211	264
9408	86,66	135,82	40,68	61,83	221	290
9409	49,38	11,7	22,18	2,7	200	200
9410	48,51	7,3	40,26	0,3	200	200
9411	48,51	47,39	40,26	24,45	200	212
9412	17,21	2,3	10,9	0,0	200	200
9413	17,21	84,65	10,9	57,78	200	209
9414	16,19	3,3	8,6	0,0	200	200
9415	7,3	47,39	0,3	24,45	200	212
9416	2,3	84,65	0,0	57,78	200	209
9417	19,10	61,47	4,9	30,43	200	212
9418	19,10	1,0	4,9	1,0	200	215
9419	61,47	1,0	30,43	1,0	212	215
9420	115,92	38,45	77,71	31,41	272	224
9421	215,134	104,55	140,110	46,73	321	284
9422	20,18	32,26	8,13	21,20	214	239
9423	0,1	609,483	3,1	495,448	259	275
9424	5,7	420,312	6,5	259,287	299	221
9425	6,13	0,2	4,5	0,0	300	271
9426	0,2	9,13	0,0	14,11	253	271
9427	0,0	16,12	0,2	12,13	271	281
9428	30,31	6,2	33,19	2,2	271	241
9429	19,16	16,13	16,10	12,13	271	281
9430	1,4	27,27	2,3	29,23	241	281
9431	114,81	2,5	70,88	5,3	643	190
9432	200,228	957,946	220,191	874,664	252	418
9433	0,2	957,946	2,0	874,664	202	418
9434	721,571	789,576	485,510	469,433	250	294
9435	430,317	1015,881	229,222	704,818	208	317
9436	514,423	382,365	316,292	283,303	231	208
9437	380,301	535,400	290,287	287,301	242	231
9438	118,124	231,210	116,79	187,128	247	234
9439	7,6	289,264	8,1	212,174	234	298
9440	263,186	27,30	166,156	35,29	234	282
9441	263,186	281,265	166,156	210,172	234	298
9442	389,352	240,207	273,210	183,128	282	246
9443	411,360	240,207	291,231	183,128	298	246
9444	147,119	12,32	108,79	46,19	223	191
9445	1,2	138,107	6,3	92,59	193	210
9446	72,74	110,104	50,41	91,69	196	232
9448	38,46	181,201	26,36	188,190	206	457
9449	148,161	69,80	149,154	56,58	457	329
9450	67,73	16,27	48,51	12,7	278	215
9451	32,51	50,47	31,49	23,33	215	264
9452	37,41	95,68	17,26	87,56	256	277
9453	60,47	77,55	24,34	46,49	225	245
9454	70,53	73,55	37,57	46,50	277	245
9455	34,30	49,59	35,23	28,24	212	271
9456	55,72	19,14	49,35	15,16	288	212
9457	2,3	19,25	2,0	11,16	180	197
9458	2,3	125,130	2,0	107,86	180	287
9459	2,3	47,34	2,0	44,27	180	239
9460	19,25	47,34	11,16	44,27	197	239
9461	3,2	76,47	0,0	28,56	227	253
9462	76,57	35,25	41,38	20,18	227	326
9463	59,55	116,95	35,43	67,77	221	326
9464	44,44	84,70	31,27	39,63	215	227
9465	59,55	70,36	34,43	26,39	221	215
9466	101,98	10,1	73,80	6,6	258	282
9467	101,98	130,85	73,80	91,63	258	290
9468	102,98	16,17	72,80	22,34	258	255
9469	10,1	130,85	6,6	91,63	282	290
9470	137,132	23,18	94,82	23,32	290	255
9471	36,41	223,181	46,37	171,124	223	257
9473	123,117	0,1	117,83	0,0	399	382
9475	8,10	0,1	7,12	4,4	404	257
9476	505,437	92,58	312,349	50,67	908	368
9477	50,43	466,394	34,48	278,306	263	908
9478	90,99	43,56	42,43	29,41	288	263
9479	28,10	64,52	12,14	42,56	216	288
9480	46,47	51,42	36,33	20,18	277	216
9481	97,87	1,1	62,71	2,0	277	204
9483	12,21	109,118	22,22	119,93	203	266
9484	3,3	431,326	5,0	332,301	208	287
9485	373,290	348,232	252,289	202,229	282	262
9486	368,282	635,492	248,288	386,519	282	629
9487	432,328	361,286	295,279	278,260	629	237
9488	312,287	564,445	327,264	449,368	292	325
9489	237,231	176,195	161,146	126,107	231	236
9490	302,248	188,159	224,218	146,100	251	231
9491	176,126	340,310	129,126	238,169	252	251
9492	23,17	28,30	15,23	31,16	229	253
9493	38,39	11,1	28,24	4,5	235	283
9494	387,265	444,369	207,217	279,305	206	197
9495	605,479	514,291	413,439	282,337	232	206
9496	565,478	642,384	398,401	345,329	217	232
9497	153,212	450,300	193,171	244,247	221	217
9500	358,283	283,204	207,237	185,223	261	306
9501	353,283	253,207	207,236	187,185	261	294
9502	344,291	280,203	228,201	184,220	262	306
9503	337,275	723,558	220,180	444,486	262	467
9506	84,44	188,129	36,41	113,127	236	342
9507	7,4	85,52	4,6	50,39	234	315
9508	150,135	186,131	132,105	99,98	286	282
9509	159,143	246,269	134,111	217,172	286	329
9510	11,12	9,14	6,10	14,15	267	364
9511	22,11	11,12	13,12	6,10	228	267
9512	45,38	0,1	23,16	0,2	228	276
9513	21,14	13,18	18,26	6,8	244	216
9514	3,7	2,1	7,0	0,1	263	209
9515	1,2	2,1	0,1	0,1	368	209
9517	735,604	116,99	552,521	84,91	254	242
9518	17,11	7,4	10,17	9,1	268	264
9520	11,11	7,4	7,7	9,1	315	264
9521	22,13	7,4	8,7	9,1	273	264
9522	7,11	2,4	7,5	4,0	315	285
9523	17,11	2,6	10,17	4,1	268	285
9525	11,11	2,6	7,7	4,1	315	285
9526	22,13	2,6	8,7	4,1	273	285
9528	11,11	17,11	7,7	10,17	315	268
9529	22,13	17,11	8,7	10,17	273	268
9532	22,13	11,11	8,7	7,7	273	315
9533	13,6	4,4	5,4	4,2	273	315
9534	2,0	22,7	0,0	15,19	229	210
9535	32,40	22,7	41,22	15,19	307	210
9536	32,40	2,0	41,22	0,0	307	229
9537	32,35	12,12	24,24	12,13	224	236
9538	30,34	6,5	34,19	7,4	233	224
9539	30,34	7,14	34,19	6,8	233	224
9540	32,40	27,19	17,25	24,11	333	233
9541	186,132	168,124	131,109	99,118	243	257
9542	119,81	167,125	86,68	99,119	204	257
9543	181,131	172,125	103,126	97,120	341	257
9544	523,392	172,125	328,358	97,120	346	257
9545	201,152	194,138	117,142	118,132	346	257
9546	95,98	194,138	88,85	118,132	337	257
9547	368,298	182,137	191,205	111,130	293	257
9548	120,82	93,93	88,68	73,84	204	212
9549	85,103	11,16	77,57	19,12	233	243
9550	120,82	202,223	88,68	152,161	204	243
9551	101,117	178,187	89,69	131,137	233	243
9552	120,82	181,195	88,68	137,139	204	286
9553	204,165	97,48	124,148	52,68	341	204
9554	234,185	97,48	138,160	52,68	346	204
9555	95,98	201,152	88,85	117,142	337	346
9556	393,314	89,85	212,219	76,67	293	337
9557	368,304	406,329	193,210	290,286	293	337
9558	381,310	269,216	202,227	193,178	293	376
9559	87,104	253,194	75,59	169,163	233	376
9560	0,1	9,12	2,0	1,2	296	172
9561	6,1	10,14	2,1	1,2	296	172
9562	0,4	10,14	1,3	1,2	311	172
9563	0,1	28,20	2,0	5,7	296	286
9564	0,4	6,1	1,3	2,1	311	296
9565	144,113	4089,3072	108,103	2598,2870	256	2867
9566	91,85	158,143	48,48	98,116	231	307
9567	0,0	12,9	0,1	10,12	258	278
9568	129,117	141,102	109,141	102,112	289	264
9569	27,26	56,46	28,10	49,34	251	379
9570	49,26	9,15	44,32	9,12	321	209
9571	12,12	30,38	17,14	18,18	209	295
9572	32,42	21,10	23,26	19,17	285	213
9573	206,157	169,104	117,136	92,99	360	331
9574	197,199	220,232	149,129	172,185	500	360
9575	0,0	13,12	1,0	20,7	201	337
9576	25,28	18,18	25,13	12,12	269	300
9577	17,5	2,8	3,3	3,1	230	281
9578	1,1	9,10	3,1	10,1	317	230
9583	239,234	12,22	208,143	20,13	343	199
9584	30,56	59,69	30,30	52,58	199	253
9585	83,57	16,24	57,56	20,13	346	251
9587	129,98	200,167	78,94	151,105	290	268
9589	264,182	170,170	238,156	141,124	304	264
9590	15,15	170,170	18,11	141,124	351	264
9591	62,33	210,148	42,37	192,135	327	304
9592	1818,1710	210,148	1382,1230	192,135	1178	304
9593	1818,1710	62,33	1382,1230	42,37	1178	327
9594	118,149	199,130	144,111	121,98	312	335
9595	7,0	7,7	0,2	3,6	242	267
9597	2,0	0,0	0,0	0,4	254	214
9598	52,60	47,45	81,59	67,47	296	254
9599	7,2	77,67	3,2	93,57	277	216
9600	322,280	48,48	207,283	31,22	216	210
9601	37,49	497,419	39,38	344,410	216	326
9602	5,2	77,71	1,2	53,41	312	210
9603	10,14	749,614	11,12	502,624	210	326
9604	11,19	297,234	11,9	177,195	206	261
9605	221,201	293,192	151,169	190,211	261	257
9608	56,42	22,17	42,38	9,9	335	211
9609	216,192	61,32	130,184	33,32	813	305
9610	26,32	100,83	21,22	109,95	425	264
9611	28,32	349,301	21,22	242,215	425	316
9612	110,82	115,105	86,74	85,101	262	244
9613	3,1	119,110	4,0	82,101	262	244
9614	100,108	166,115	115,92	119,130	276	262
9615	181,159	140,154	120,133	152,123	307	322
9616	177,185	212,155	172,147	138,154	279	307
9617	42,30	7,7	25,15	6,10	245	188
9618	44,47	169,121	40,38	97,82	268	357
9620	17,19	28,18	7,10	18,24	277	314
9622	73,61	73,53	41,56	37,26	261	201
9623	63,97	0,0	88,70	0,1	468	170
9624	94,123	8,5	88,58	9,2	727	240
9625	177,143	163,131	113,124	101,112	338	278
9626	9,11	1,1	1,11	3,0	240	251
9627	138,82	268,198	81,68	188,192	206	272
9628	177,142	250,217	118,112	209,200	233	304
9629	284,203	415,351	180,179	355,401	304	1838
9630	29,55	62,47	35,58	44,39	313	291
9631	25,29	47,41	26,25	49,20	291	269
9632	193,132	101,97	116,114	67,67	238	224
9633	4,9	99,97	7,5	68,67	238	224
9634	271,252	142,114	211,179	83,75	343	238
9635	377,354	63,62	329,266	56,27	530	237
9636	3,3	91,71	6,0	46,54	232	256
9637	3,3	221,173	6,0	151,168	232	282
9638	106,85	69,43	62,65	58,55	282	238
9639	84,64	135,125	68,67	128,118	238	296
9640	120,96	67,40	58,53	25,25	220	205
9641	114,70	88,84	74,73	73,79	228	208
9642	140,100	91,93	100,68	59,73	266	228
9643	131,101	167,112	109,81	102,93	231	266
9644	66,63	74,49	45,27	50,44	205	197
9645	49,62	3,1	38,29	1,0	214	205
9646	56,67	80,38	36,28	36,36	214	205
9647	69,71	30,30	46,48	27,24	321	258
9648	154,95	114,106	93,85	97,76	300	285
9649	607,471	395,320	371,363	241,307	392	404
9651	143,142	82,85	138,107	71,55	306	202
9652	4,0	325,279	2,1	243,231	278	267
9653	84,121	573,519	103,77	436,370	227	272
9654	24,20	16,13	18,15	9,11	266	209
9655	91,98	23,28	77,84	12,15	233	209
9656	116,81	81,62	53,75	46,39	234	238
9657	6,4	396,284	4,3	218,237	239	363
9658	5,1	396,284	5,2	218,237	227	363
9659	104,102	332,259	47,70	201,256	232	402
9660	291,241	239,194	191,233	181,206	402	338
9661	120,88	234,200	64,72	127,134	249	345
9662	305,270	906,843	190,212	594,624	1683	1038
9663	801,724	82,42	493,492	43,65	1038	248
9664	949,852	84,49	574,597	46,68	1038	248
9665	38,31	621,537	40,36	427,494	244	403
9666	38,31	298,249	40,36	196,217	244	301
9667	248,189	123,114	224,245	129,148	209	179
9668	115,105	35,20	106,85	12,18	268	215
9669	2,1	16,11	0,0	21,17	242	265
9670	2,1	57,41	0,0	33,37	242	365
9671	4,1	0,0	1,0	4,2	242	257
9672	188,122	124,129	127,100	59,77	324	290
9673	186,130	76,62	96,135	57,48	290	293
9674	189,134	18,3	93,130	13,8	290	293
9675	189,134	98,74	93,130	50,56	290	315
9676	178,124	175,113	96,129	105,107	290	294
9677	18,3	98,74	13,8	50,56	293	315
9678	142,137	107,76	66,82	56,62	293	315
9679	34,17	3,5	41,22	5,0	273	185
9680	22,17	31,17	20,10	12,32	361	256
9681	32,20	31,15	24,13	12,33	361	256
9682	26,28	20,16	24,26	15,17	294	259
9683	0,2	1,0	2,1	0,0	203	230
9684	11,6	7,7	6,6	8,5	260	275
9685	1,0	2,13	1,5	7,11	200	256
9688	2,2	0,2	2,0	0,2	253	493
9693	2,0	1,2	0,0	0,1	315	367
9694	1,1	1,6	3,3	2,2	330	447
9701	12,30	12,8	5,17	11,4	283	296
9702	12,30	25,31	5,17	16,19	283	284
9703	37,33	54,36	27,19	16,19	249	364
9704	90,105	94,101	95,74	61,62	338	284
9705	62,67	35,28	61,43	26,24	218	182
9706	51,56	85,88	54,46	94,104	218	240
9707	1,0	85,88	0,1	94,104	182	240
9708	38,41	96,98	42,28	101,102	182	240
9709	114,132	136,57	109,122	70,79	252	233
9710	4,2	0,2	2,0	5,0	248	268
9711	4,7	12,17	1,1	17,14	235	266
9712	4,15	8,19	5,9	2,10	286	230
9713	37,44	19,16	28,24	25,9	356	252
9720	4,3	4,6	3,6	2,0	277	236
9721	3880,3259	11760,10060	2644,2680	9571,7527	268	395
9722	7,9	11740,10042	4,2	9554,7512	268	395
9724	119,78	228,134	79,66	165,174	189	268
9725	402,347	199,180	220,241	153,145	286	233
9726	137,89	47,55	72,85	53,46	209	193
9727	497,380	41,47	290,312	51,35	381	193
9728	241,183	40,49	150,167	50,35	381	193
9729	502,388	98,81	291,323	79,82	381	209
9730	403,347	99,79	221,240	80,84	286	209
9731	403,349	523,378	220,240	308,371	286	381
9732	1523,1229	246,222	1192,1224	203,187	227	227
9733	3,4	1631,1417	0,6	1244,1264	214	376
9734	2,0	53,74	9,0	57,51	230	353
9735	2,0	7,10	9,0	12,7	230	338
9738	197,134	34,28	145,123	25,32	181	182
9739	249,159	31,28	143,177	21,27	174	182
9740	18,20	34,28	11,17	25,32	174	182
9741	109,73	40,38	78,52	40,26	181	174
9742	0,0	40,38	2,0	40,26	196	174
9743	0,0	109,73	2,0	78,52	196	181
9744	130,84	313,245	69,81	219,227	239	257
9745	3,1	0,0	0,0	0,1	226	248
9746	94,56	371,294	58,58	282,270	248	688
9747	94,56	91,63	58,58	55,49	248	340
9748	62,38	186,119	49,45	123,128	192	230
9749	42,18	186,119	25,26	123,128	248	230
9750	94,56	194,121	61,58	124,127	248	230
9751	53,38	42,18	49,43	23,26	192	248
9752	62,38	42,18	49,45	25,26	192	248
9753	61,41	223,155	50,44	164,159	192	248
9754	67,59	166,128	45,44	131,126	229	248
9755	14,8	29,12	11,20	19,12	207	229
9758	59,51	271,283	41,71	192,206	239	464
9759	44,36	290,306	28,24	206,219	215	464
9760	40,38	223,254	26,24	156,173	215	464
9761	40,38	37,23	26,24	13,11	215	197
9762	223,254	37,23	156,173	13,11	464	197
9763	310,312	39,23	201,225	15,11	464	197
9764	294,288	92,44	194,208	42,43	464	206
9765	20,19	118,75	10,12	60,63	197	206
9766	4609,3701	137,67	2725,2876	92,80	4387	271
9767	200,116	184,117	99,118	138,110	271	280
9768	30,13	74,68	17,17	81,55	170	218
9769	160,125	332,264	89,106	178,188	246	298
9770	538,407	236,177	367,361	130,131	398	283
9771	33,20	112,82	23,29	66,71	227	346
9772	229,185	234,175	143,176	156,144	261	227
9773	128,74	69,57	77,84	51,47	270	229
9774	8,1	0,2	5,6	1,2	242	251
9775	0,2	2,0	0,0	2,0	206	197
9776	50,51	66,59	33,38	49,41	248	223
9777	68,50	68,43	40,53	89,51	262	243
9778	69,53	1,0	42,56	0,0	262	243
9779	69,50	367,313	40,53	245,216	262	520
9780	59,55	199,127	60,41	157,124	243	303
9781	18,7	368,312	12,17	247,219	303	520
9782	140,80	366,309	174,110	245,216	303	520
9783	114,80	31,24	93,98	17,11	258	213
9784	0,2	76,87	0,1	65,75	213	314
9785	85,63	76,92	27,37	68,76	213	314
9786	80,65	132,58	39,51	48,49	314	242
9787	518,423	237,212	414,318	230,148	280	197
9788	518,423	544,483	414,318	479,350	280	257
9789	35,22	264,204	11,17	197,166	515	211
9790	35,22	357,279	11,17	225,227	515	268
9791	845,685	7,1	575,564	7,3	211	236
9792	264,204	357,279	197,166	225,227	211	268
9793	1072,931	0,0	770,821	1,2	496	353
9798	28482,22569	28957,25358	21677,18531	23219,21891	296	275
9799	187,173	28957,25358	169,142	23219,21891	358	275
9800	372,238	221,191	276,232	175,150	303	250
9801	0,2	476,361	0,1	288,373	273	327
9803	295,244	184,174	196,197	114,129	398	328
9804	232,233	309,266	187,160	173,192	347	398
9805	458,387	180,136	251,285	89,106	597	305
9806	89,73	73,53	63,56	31,38	245	266
9807	237,158	73,53	122,125	32,38	325	266
9808	153,160	103,83	132,125	72,62	312	245
9809	206,190	200,165	188,138	135,134	248	270
9810	20,5	11,11	17,9	3,17	284	273
9811	507,538	334,276	383,350	268,229	848	617
9812	507,538	72,56	383,350	89,52	848	406
9813	143,112	497,554	100,120	390,327	354	848
9814	273,194	152,132	170,153	105,128	579	354
9815	47,33	99,98	48,42	75,57	245	314
9816	160,126	100,96	107,110	75,56	315	314
9817	0,4	240,204	2,0	169,155	173	325
9818	92,100	142,109	76,67	103,94	314	325
9819	108,112	73,81	80,73	51,57	304	299
9820	129,103	677,599	99,93	530,566	258	437
9821	803,638	170,123	587,646	150,144	437	215
9822	391,382	974,826	388,307	673,779	304	361
9823	730,622	497,466	501,563	375,453	337	263
9824	384,312	348,270	237,319	241,246	263	399
9825	384,312	919,665	237,319	621,670	263	362
9827	0,0	86,48	1,0	53,43	239	240
9828	217,154	19,17	152,154	8,12	242	220
9829	221,155	2,0	153,151	4,3	242	264
9830	218,163	155,122	142,177	73,82	220	552
9831	1,0	5,0	0,0	2,1	197	264
9832	0,0	2,0	0,2	2,1	197	264
9833	15,18	211,153	6,7	114,131	552	280
9834	1,0	39,32	0,0	25,35	280	335
9835	163,114	148,92	72,76	82,86	280	234
9836	90,60	101,96	43,46	98,91	335	249
9837	63,55	60,48	48,45	35,46	243	277
9838	21,27	39,52	14,25	45,38	335	310
9839	21,27	0,2	14,26	5,2	335	170
9840	21,27	16,13	14,26	12,8	335	310
9841	74,67	97,109	50,60	47,62	333	275
9842	26,21	351,248	28,29	240,223	241	295
9843	241,173	171,114	169,167	114,119	1296	295
9844	176,134	171,114	120,130	114,119	271	295
9845	12,8	169,113	12,15	115,119	241	295
9846	1,4	169,113	1,2	115,119	271	295
9847	287,202	169,113	187,173	115,119	372	295
9848	1,4	12,8	1,2	12,15	271	241
9849	287,202	12,8	187,173	12,15	372	241
9850	356,262	1,2	246,232	6,1	271	241
9851	144,117	1,4	104,86	6,1	271	241
9852	287,203	1,4	187,173	6,1	372	241
9853	287,202	1,4	187,173	1,2	372	271
9854	287,203	144,117	187,173	104,86	372	271
9855	110,84	101,68	90,87	83,63	219	223
9856	46,34	117,108	19,31	75,65	188	243
9857	271,134	910,761	176,154	622,619	233	344
9858	25,17	336,314	7,13	282,274	305	233
9859	643,476	501,290	433,410	314,314	345	305
9860	629,481	502,284	439,446	314,311	350	305
9865	467,425	337,234	324,292	232,233	322	271
9866	466,425	551,433	323,289	351,368	322	296
9867	234,165	552,433	179,156	352,371	271	296
9874	4296,4423	3717,4373	3245,3297	4423,3244	345	408
9875	2654,2868	3301,3362	2534,2137	2830,2622	255	263
9876	3756,4054	5171,4492	3960,2773	3615,3708	328	255
9877	142,77	44,59	41,96	30,48	346	226
9903	141,93	276,257	110,91	218,185	213	234
9904	10,4	80,51	10,7	55,43	261	214
9905	1,2	167,117	0,2	121,115	261	254
9906	1,0	0,0	0,0	1,0	261	254
9907	9,4	80,51	10,7	55,43	247	214
9908	1,2	167,117	0,2	121,115	247	254
9909	1,0	0,0	0,0	1,0	247	254
9910	7,5	140,140	11,7	90,113	254	244
9911	0,2	121,119	1,0	83,82	258	229
9912	106,88	121,119	84,57	83,82	223	229
9913	44,73	37,59	54,55	80,33	305	353
9914	2914,2304	4671,3918	2155,2134	3517,3423	322	290
9915	0,3	10795,8595	1,0	7538,7420	266	290
9916	688,574	4671,3918	495,529	3517,3423	345	290
9917	14,18	6,2	11,13	5,2	353	265
9918	275,239	16,33	247,238	17,25	252	299
9919	168,127	12,12	126,139	11,16	252	299
9920	207,175	79,97	130,114	94,68	282	225
9921	11,5	79,98	0,0	94,68	282	225
9922	145,115	70,91	94,76	78,59	265	282
9923	43,25	70,91	14,29	78,59	325	282
9924	35,28	49,49	27,25	39,31	213	256
9925	0,1	21,12	0,1	18,9	245	195
9926	489,479	656,538	393,244	553,389	360	296
9927	62,44	99,89	36,44	58,55	220	237
9928	78,49	193,165	44,46	134,153	220	350
9929	53,59	56,45	47,50	26,34	228	220
9930	13,5	80,52	5,4	36,42	233	228
9931	2,0	78,54	6,0	36,45	233	228
9934	73,83	91,87	57,56	69,59	289	343
9935	142,162	81,89	97,84	59,56	338	304
9936	18,20	98,127	32,14	98,85	236	329
9937	122,110	142,126	104,67	125,120	314	280
9938	8,10	150,127	4,5	108,88	346	314
9939	108,99	150,127	75,71	108,88	278	314
9940	17,10	97,84	9,3	86,55	212	346
9941	123,121	71,82	117,53	75,71	223	236
9942	98,119	206,169	124,93	143,89	326	307
9943	98,119	143,116	124,93	109,66	326	310
9944	468,391	375,314	340,275	272,234	314	299
9945	299,262	56,70	222,197	64,47	299	215
9946	161,97	122,73	91,84	60,93	249	225
9947	161,97	272,179	91,84	163,189	249	295
9948	24,23	273,179	11,10	163,188	225	295
9949	2,2	140,133	1,1	107,84	206	350
9950	62,67	48,26	43,46	8,34	350	252
9951	41,29	65,70	31,15	40,49	252	329
9952	90,91	45,59	47,77	29,37	289	287
9953	89,91	71,79	47,78	43,54	289	1377
9954	43,35	49,45	33,36	31,41	287	255
9955	476,420	1335,1124	397,402	939,877	201	308
9956	669,519	1335,1124	500,507	939,875	223	308
9957	669,519	1375,1151	500,507	979,897	223	3226
9958	1527,1284	1375,1149	1046,1169	979,897	268	3226
9959	476,420	2,3	397,402	0,3	201	246
9960	669,519	2,3	500,507	0,1	223	246
9961	661,521	2,3	500,509	0,0	223	282
9962	1527,1286	2,1	1044,1169	0,0	268	282
9963	661,521	536,424	500,509	388,373	223	201
9964	1527,1286	535,422	1044,1169	387,373	268	201
9965	1853,1654	537,421	1388,1531	387,373	1734	201
9966	957,822	2075,1726	750,756	1418,1550	269	319
9967	9,7	2075,1727	11,20	1413,1548	269	319
9968	3,0	2075,1726	2,9	1414,1549	269	319
9969	1856,1653	2075,1726	1388,1532	1414,1549	1734	319
9970	4,3	2075,1726	0,0	1414,1549	288	319
9971	1350,1122	2075,1726	973,1071	1414,1549	297	319
9972	1856,1653	3,0	1388,1532	2,9	1734	269
9973	4,3	3,0	0,0	2,9	288	269
9974	1350,1122	3,0	973,1071	2,9	297	269
9975	905,664	1317,1105	633,702	890,946	241	269
9976	1852,1654	1309,1092	1388,1531	881,934	1734	269
9977	909,868	1307,1094	747,847	881,930	307	269
9978	284,317	2,0	245,278	6,2	328	241
9979	1142,1041	2,0	861,1084	6,2	338	241
9980	394,415	2,0	331,389	6,2	404	241
9981	1152,1054	694,685	870,1099	591,612	338	241
9983	11,4	24,22	6,7	21,17	279	224
9984	8,12	24,22	10,12	21,17	282	224
9985	3,1	19,6	2,5	8,15	282	224
9986	12,11	31,26	16,12	24,11	331	239
9987	9,40	34,27	22,5	24,14	256	239
9990	257,271	391,328	239,177	317,295	392	264
9991	175,150	145,134	123,110	158,120	218	236
9992	753,712	469,440	716,673	402,304	568	365
9993	331,287	462,436	286,219	394,306	343	365
9994	113,97	691,684	115,103	712,619	245	568
9995	105,81	31,45	54,64	32,34	250	266
9996	105,81	3,6	59,65	2,2	250	266
9997	109,81	81,77	54,66	55,66	250	212
9998	105,79	2,0	57,67	0,1	250	212
9999	105,79	125,108	57,67	71,48	250	246
10000	43,46	11,14	48,37	10,13	266	192
10001	43,46	5,4	49,37	0,2	266	212
10002	43,46	129,110	49,37	69,49	266	246
10003	0,0	5,4	1,0	0,2	197	212
10004	0,0	129,110	1,0	69,49	197	246
10005	2,0	125,108	0,1	71,48	212	246
10006	5,4	129,110	0,2	69,49	212	246
10007	17,19	127,108	18,15	69,47	212	246
10008	40,32	105,88	47,47	89,83	219	322
10009	14,13	2,5	18,7	6,7	273	243
10012	19,23	12136,10090	24,6	9764,9455	250	331
10013	111,123	12136,10090	70,71	9764,9455	349	331
10014	93,111	12136,10090	58,65	9764,9455	361	331
10016	182,156	134,89	172,147	117,97	2099	294
10018	75,66	125,109	52,42	112,98	229	253
10019	75,66	0,4	52,42	0,1	229	258
10020	238,167	232,118	180,184	156,111	300	320
10021	139,107	112,101	109,111	104,75	320	265
10022	138,105	5,4	109,111	1,0	320	265
10024	69,70	16,8	38,33	23,9	425	290
10025	69,70	47,33	39,33	32,30	425	290
10026	3,6	21,19	8,4	15,10	259	225
10027	34,22	54,57	17,26	47,45	254	280
10028	71,35	25,32	54,64	16,34	413	272
10029	17,22	86,69	11,24	38,27	241	296
10030	186,157	24,13	125,77	11,14	307	267
10031	217,182	26,37	133,117	57,38	267	418
10032	5,13	339,289	26,13	237,211	215	349
10033	8,14	124,85	4,12	78,93	300	295
10034	81,78	125,85	59,58	77,93	300	295
10035	14,18	157,159	4,10	144,119	298	300
10036	53,36	117,144	36,26	115,117	301	256
10037	0,0	139,95	1,0	80,79	200	208
10038	2,4	3,0	4,0	1,2	200	261
10039	3,6	172,229	3,2	170,133	313	949
10040	3,6	111,139	3,2	114,87	313	245
10041	145,182	172,229	158,156	170,133	296	949
10042	160,197	188,157	171,158	127,154	296	261
10043	145,182	111,139	158,156	114,87	296	245
10044	303,348	173,146	299,265	140,167	1804	280
10045	303,348	14,17	299,265	12,6	1804	285
10046	3,1	173,146	0,0	140,167	261	280
10047	3,1	14,17	0,0	12,6	261	285
10048	8,14	170,159	14,9	116,148	305	242
10049	9,14	1,5	14,7	3,0	305	280
10050	1,0	170,159	0,0	116,148	208	242
10051	14,13	17,22	11,11	17,18	215	216
10052	3,4	17,23	1,0	32,28	193	215
10053	63,48	23,28	36,37	27,15	260	241
10056	19,21	28,29	5,7	26,20	278	298
10057	13,12	706,542	10,5	511,474	268	261
10058	708,718	22,14	568,492	12,14	261	245
10059	723,741	724,564	586,504	543,510	261	245
10060	709,718	851,814	567,494	779,694	261	320
10061	1603,1282	61,55	1224,1111	16,32	245	321
10062	535,492	866,833	453,399	791,704	245	320
10063	101,117	172,150	87,67	121,110	286	268
10065	130,93	112,101	77,114	82,85	219	265
10066	161,166	289,223	127,108	159,141	255	285
10067	209,171	199,192	140,146	147,172	258	256
10068	180,162	141,127	143,120	126,106	256	238
10069	0,0	52,48	2,0	29,46	210	290
10071	125,124	143,103	95,107	92,118	322	294
10072	22,14	34,39	6,20	27,43	253	347
10073	30,26	16,17	26,37	14,13	308	297
10074	12,9	13,10	12,14	6,4	342	272
10075	356,338	409,347	266,253	301,256	320	304
10076	112,114	370,323	108,93	252,207	261	345
10080	103,72	165,158	92,83	103,116	224	232
10081	94,88	76,63	78,68	58,53	324	343
10082	54,40	78,65	50,35	58,53	324	343
10083	195,215	104,99	149,156	90,87	343	288
10085	4,0	3,1	1,1	0,2	276	283
10086	4,0	149,91	1,1	85,79	276	343
10087	9,14	2,6	4,10	7,4	237	191
10088	377,280	173,155	271,255	157,165	338	258
10089	262,170	455,381	168,149	332,334	254	328
10090	263,169	326,237	172,149	230,215	254	255
10091	205,161	328,259	156,158	205,277	251	247
10092	140,109	43,43	83,97	26,45	198	245
10093	283,201	87,89	190,206	62,70	290	198
10096	103,106	68,73	92,64	90,91	257	317
10097	10,10	9,9	11,4	2,11	290	199
10098	8,7	21,20	8,5	8,14	290	242
10099	10,10	5,9	11,4	5,8	290	252
10100	10,9	0,2	10,4	0,0	290	252
10101	5,9	9,9	5,8	2,11	252	199
10102	0,2	0,2	0,0	0,1	252	199
10103	28,25	9,7	19,20	2,11	252	199
10104	22,15	9,1	14,10	1,8	252	318
10105	22,16	5,22	14,10	8,4	252	242
10106	22,16	19,12	14,10	10,15	252	318
10107	18,7	4,25	5,8	9,12	199	242
10108	18,7	4,1	5,8	1,0	199	307
10109	16,8	16,18	5,6	18,11	199	254
10110	5,4	9,1	1,0	1,8	242	318
10111	5,22	19,12	8,4	10,15	242	318
10112	3,2	14,7	1,0	1,8	242	318
10113	4,25	4,1	9,12	1,0	242	307
10114	50,45	8,3	24,39	1,0	318	307
10115	50,45	8,2	24,39	1,0	318	361
10116	45,40	4,2	15,32	0,0	318	307
10117	45,40	22,39	15,32	28,17	318	254
10118	39,33	5,12	15,29	8,5	318	254
10119	4,2	22,39	0,0	28,17	307	254
10120	1,1	27,29	0,3	27,21	307	254
10121	19,22	4,19	23,9	24,23	204	362
10122	164,139	216,193	159,105	207,158	266	289
10123	65,60	132,168	48,59	135,152	201	277
10124	182,179	337,241	108,140	249,229	280	312
10125	85,59	60,49	65,51	25,49	286	209
10126	7,9	104,78	1,4	83,98	225	286
10127	71,47	40,28	31,38	17,20	233	178
10128	179,159	117,102	149,124	109,72	262	224
10129	0,0	264,246	0,2	209,149	211	308
10130	0,5	160,190	0,1	190,120	223	247
10131	1,0	140,153	0,0	151,92	258	247
10132	26,32	8,13	40,19	9,4	352	242
10133	16,12	53,56	14,13	43,39	221	334
10134	5,7	0,1	6,9	1,0	209	228
10135	13,14	17,11	21,9	21,21	290	281
10136	23,15	3,6	25,10	6,3	290	257
10137	251,236	162,121	171,212	111,117	341	244
10138	0,0	2,0	1,1	0,0	263	268
10139	2,0	76,59	5,3	35,57	235	276
10140	30,22	34,31	25,14	25,27	311	342
10141	34,35	62,67	33,28	43,43	263	281
10142	58,61	33,20	37,46	37,34	281	242
10143	90,96	72,58	69,58	53,54	262	264
10144	140,103	113,97	72,100	67,54	264	248
10145	2,8	3,4	2,8	0,0	248	280
10146	0,0	153,145	0,8	108,120	248	179
10147	18,15	55,65	9,14	54,55	179	217
10148	67,70	53,61	42,51	49,52	215	217
10149	2,0	3,1	0,1	0,1	217	220
10150	68,65	87,77	58,58	68,66	217	220
10151	84,82	79,66	71,81	50,55	220	207
10152	233,162	107,61	175,112	64,79	338	346
10153	41,41	59,54	43,47	60,72	233	229
10154	108,66	61,57	54,62	49,48	263	233
10157	8,7	5,10	6,7	4,3	200	224
10158	2,2	5,10	3,2	4,3	179	224
10159	566,594	258,259	536,438	283,204	269	354
10160	696,762	18,34	698,516	10,13	289	233
10161	214,229	7,5	194,187	9,5	207	250
10162	123,131	132,96	99,79	81,68	306	310
10163	106,67	156,116	45,47	104,119	232	308
10164	1878,1453	1370,1201	1263,1231	965,936	451	368
10165	1880,1451	187,122	1260,1233	109,124	451	300
10166	1880,1451	467,362	1260,1233	317,259	451	318
10167	1673,1478	797,685	1198,1212	577,578	368	336
10168	1673,1478	923,732	1198,1212	600,640	368	348
10169	1144,970	439,321	735,786	260,259	336	318
10170	1143,971	496,375	737,786	333,287	336	318
10171	410,308	369,350	244,231	242,262	318	300
10172	467,362	187,122	317,259	109,124	318	300
10173	1012,829	245,268	730,670	202,209	318	259
10174	827,700	388,348	592,616	280,283	300	259
10175	63,95	324,242	98,61	193,189	235	268
10176	83,76	109,98	61,52	77,83	228	292
10177	37,35	174,98	20,23	86,113	276	249
10178	86,83	174,98	61,51	86,112	276	249
10179	1,0	341,225	0,0	167,224	235	249
10180	96,71	88,91	46,43	50,45	241	235
10181	20,21	100,93	9,13	74,84	187	248
10182	59,45	92,122	26,45	54,78	219	272
10183	3,12	92,125	5,12	54,78	219	272
10184	32,26	92,125	17,26	54,78	222	272
10185	32,26	134,139	17,26	63,87	222	422
10186	32,26	3,12	17,26	5,12	222	219
10187	31,26	23,9	15,26	9,12	222	219
10188	179,157	31,49	157,131	31,29	318	308
10189	160,154	143,119	94,102	95,84	325	299
10190	50,28	55,64	25,12	29,39	205	225
10194	211,184	84,46	143,153	61,75	275	257
10195	211,184	4,2	143,153	1,0	275	367
10196	38,38	203,189	24,39	151,159	205	384
10197	1,4	12,4	5,2	0,6	238	258
10198	1,4	3,2	5,2	4,7	238	290
10199	12,4	3,2	0,6	4,7	258	290
10200	150,89	139,127	70,48	82,112	266	320
10201	217,202	368,310	160,167	237,222	298	425
10202	154,126	359,305	101,135	236,222	279	425
10203	134,136	10,7	117,89	6,4	395	269
10204	134,136	197,155	117,89	149,113	395	257
10208	304,271	1,6	205,179	8,2	240	249
10209	304,274	266,284	205,179	219,175	240	249
10210	524,447	357,300	413,372	250,240	304	240
10211	407,288	355,300	227,254	250,240	257	240
10212	596,374	526,440	339,361	348,330	253	304
10215	58,46	184,163	53,51	151,137	223	401
10216	88,69	61,44	42,57	37,30	255	220
10217	463,468	249,176	414,307	161,145	257	233
10218	166,160	108,177	147,102	133,92	242	242
10219	481,428	160,179	357,335	158,130	302	268
10220	3652,3423	637,491	2642,2387	432,358	2082	298
10221	3,1	10,4	3,2	6,7	215	245
10223	0,0	19,17	2,4	7,2	242	245
10224	42,31	63,52	26,24	29,37	192	199
10225	43,28	113,126	19,23	105,75	208	270
10226	52,50	83,84	26,22	62,68	212	262
10227	84,67	59,42	65,45	30,27	236	223
10228	46,34	86,57	40,33	49,40	217	236
10229	107,72	43,33	66,92	19,23	298	217
10230	127,35	121,89	68,59	101,72	275	298
10231	1,0	93,66	1,0	60,80	252	275
10232	354,306	77,75	302,272	71,60	782	309
10233	29,27	122,137	15,18	67,72	282	282
10234	49,33	31,17	25,38	14,22	197	293
10235	145,122	257,188	74,104	135,148	309	339
10236	141,125	145,156	75,80	99,105	340	309
10237	129,83	257,214	92,82	178,217	312	302
10238	385,300	258,214	284,286	179,217	299	302
10239	184,136	267,221	139,147	183,228	233	302
10240	90,104	78,77	76,98	64,74	245	203
10241	42,25	21,27	29,35	17,37	203	233
10242	42,25	29,19	31,33	14,27	203	233
10243	60,45	14,19	45,50	15,38	254	188
10244	25,12	30,47	33,24	32,39	188	191
10245	10,6	49,44	5,5	42,52	221	290
10246	662,632	210,144	382,472	95,119	617	323
10247	650,619	74,96	371,459	68,85	617	227
10248	234,188	83,108	143,147	80,97	323	227
10249	126,119	150,159	84,87	90,109	259	262
10250	127,95	164,130	67,64	120,135	260	325
10251	123,108	174,140	70,101	109,151	209	208
10252	420,368	314,173	262,274	134,129	272	261
10253	92,80	325,273	57,61	217,223	186	298
10255	2,0	0,0	0,0	3,2	209	352
10256	0,1	5,6	3,8	9,0	304	169
10257	1,0	4,2	0,0	1,1	260	342
10258	7,9	4,2	4,2	1,1	978	342
10259	54,53	63,52	25,51	43,37	263	263
10260	65,45	52,53	32,41	17,32	263	250
10261	43,43	5333,4931	54,20	3470,3523	250	8325
10262	2,7	49,40	5,3	35,34	249	179
10263	85,71	853,754	48,50	643,634	293	1127
10264	187,193	843,746	201,147	630,627	422	1127
10265	175,189	30,40	198,147	28,45	422	293
10266	7,6	79,70	2,8	32,39	256	320
10267	70,60	88,71	42,43	40,42	321	320
10268	96,61	103,111	51,36	107,114	210	245
10269	78,54	201,199	37,25	190,193	210	339
10270	66,86	218,206	66,45	204,204	245	339
10272	279,239	271,249	243,171	206,133	300	276
10273	124,119	243,200	100,90	173,188	209	300
10274	124,119	0,3	100,90	1,0	209	156
10275	77,85	52,39	79,64	49,38	257	211
10276	50,57	77,49	22,45	44,47	258	287
10277	60,71	42,26	57,51	25,19	280	351
10278	63,70	78,64	60,52	83,70	280	258
10279	78,84	158,116	66,50	104,102	251	280
10280	83,72	63,53	55,63	40,49	255	251
10281	37,25	28,21	25,30	23,35	223	204
10282	38,32	0,0	22,22	1,0	989	231
10283	111,176	4,13	164,120	8,11	311	478
10284	147,161	9,18	181,108	11,16	308	208
10285	78,86	14,12	113,51	32,24	253	308
10289	306,326	63,45	184,263	24,24	317	183
10290	27,20	35,32	12,27	26,11	245	257
10291	44,22	19,16	21,19	17,14	245	191
10292	83,60	45,43	60,52	28,17	370	291
10293	2988,2666	1247,1218	2249,2017	1055,863	291	221
10294	2988,2666	1328,1280	2249,2017	1103,915	291	224
10295	1627,1324	1282,1256	1050,966	1091,892	222	224
10296	2642,2256	1281,1256	1881,1678	1091,892	254	224
10297	31,39	1282,1258	39,39	1095,892	291	224
10298	1627,1319	106,113	1046,959	80,53	222	291
10299	1647,1327	2973,2525	1062,969	2330,1738	261	291
10300	1669,1342	2973,2525	1057,977	2330,1738	222	291
10301	6,6	2973,2524	7,6	2328,1732	254	291
10302	1712,1467	2973,2524	1366,1155	2328,1732	288	291
10303	2640,2257	12,22	1883,1684	23,22	254	261
10304	2640,2257	1377,1254	1883,1684	1079,907	254	222
10305	6054,5104	55,49	4176,3822	30,25	254	228
10306	1712,1467	6,6	1366,1155	7,6	288	254
10307	1714,1467	2343,2031	1366,1159	1668,1562	288	254
10308	282,260	719,490	242,232	464,542	255	340
10309	564,442	279,224	374,394	183,232	274	235
10310	283,263	264,202	242,241	167,228	255	235
10311	386,272	261,203	219,244	167,220	217	235
10312	391,277	536,395	223,253	413,459	217	274
10313	4,7	8,2	2,4	2,10	187	221
10314	252,215	465,457	187,215	317,426	238	273
10315	29,35	60,52	33,25	53,55	180	197
10316	115,137	156,132	107,72	135,119	285	234
10317	1,4	156,132	2,2	135,119	197	234
10318	88,79	267,274	89,54	179,140	234	285
10319	2,2	3,4	1,2	4,6	331	273
10323	0,2	13,4	1,0	3,8	217	291
10324	220,182	190,177	135,118	173,141	321	362
10325	148,119	140,101	91,83	87,71	265	261
10326	147,119	259,213	92,83	191,182	265	321
10327	127,135	49,44	105,76	46,22	463	271
10328	127,135	176,179	105,76	174,108	463	749
10331	3,4	0,1	0,2	0,0	303	308
10332	134,112	198,149	104,103	140,125	187	237
10333	135,142	71,62	120,130	49,56	189	187
10334	103,123	77,80	61,113	59,60	200	189
10335	286,269	216,149	205,243	139,119	262	195
10336	476,358	1123,875	345,336	846,727	243	276
10337	127,98	33,15	88,76	25,23	438	227
10338	167,129	7,1	121,105	2,3	438	227
10339	6,2	116,81	4,5	76,72	263	438
10340	6,9	15,6	5,4	10,7	205	181
10341	1,0	6,0	0,0	0,4	244	241
10342	285,197	388,356	199,203	324,311	299	310
10343	49,32	43,48	15,30	27,30	308	343
10344	49,32	12,10	15,30	9,5	308	347
10345	43,36	26,9	43,25	8,13	343	243
10346	126,102	115,110	81,61	82,92	282	276
10347	88,82	123,127	56,64	89,92	270	282
10348	19,19	101,79	18,16	77,53	182	270
10349	55,55	118,100	54,55	83,87	253	270
10350	3,3	120,101	2,4	79,87	253	270
10351	21,25	44,46	32,29	38,47	283	179
10352	18,15	84,64	9,12	62,77	179	215
10353	18,16	2,6	17,15	7,2	256	186
10354	682,450	405,320	410,480	292,270	245	218
10355	82,56	397,313	28,45	284,268	245	218
10356	139,76	397,313	73,87	284,268	175	218
10357	682,450	415,324	410,480	296,283	245	240
10358	1194,903	29,23	847,833	27,31	245	230
10359	139,76	82,56	73,87	28,45	175	245
10360	634,470	259,163	521,442	160,179	249	183
10362	763,799	37,50	842,667	35,23	269	206
10363	1074,1012	328,320	1062,832	380,269	269	296
10364	453,468	1471,1336	518,404	1270,982	269	323
10365	454,467	221,213	517,405	217,126	269	323
10366	454,467	398,415	517,405	373,254	269	209
10367	453,469	54,49	516,403	54,36	269	209
10368	310,333	2071,1842	326,264	1774,1396	296	323
10369	221,213	398,415	217,126	373,254	323	209
10370	821,719	397,416	721,540	374,254	323	209
10371	525,485	397,416	554,376	372,254	323	209
10372	525,483	54,49	554,376	53,36	323	209
10373	4,7	4,0	0,0	0,2	291	289
10390	39,42	21,24	22,28	12,23	281	244
10391	20,28	32,27	5,20	36,22	243	281
10392	44,51	23,21	21,29	15,22	333	243
10393	12,9	40,35	4,8	21,19	220	248
10394	366,266	358,309	254,202	243,254	293	275
10395	315,225	10,3	217,178	0,2	293	275
10396	252,179	652,559	180,160	444,480	275	331
10398	6,2	44,28	2,5	41,27	261	273
10399	4,2	7,3	0,0	6,2	204	245
10400	53,37	33,33	36,30	30,32	263	287
10403	232,200	985,782	188,185	827,677	309	677
10404	215,212	1053,828	181,182	875,735	301	677
10405	756,568	473,432	595,498	366,369	677	378
10406	929,663	465,438	716,589	370,363	677	378
10407	108,174	301,339	179,164	358,214	302	268
10408	295,343	299,337	256,271	359,212	274	268
10409	352,416	299,337	296,319	359,212	1414	268
10410	8,5	301,339	3,9	358,214	322	268
10411	0,0	299,337	1,0	359,212	289	268
10412	109,175	514,563	179,164	520,362	302	342
10413	9,6	514,563	3,9	520,362	322	342
10414	109,175	10,7	179,164	9,14	302	306
10415	9,6	10,7	3,9	9,14	322	306
10416	268,229	2,0	198,176	0,1	176	173
10417	409,340	72,80	272,251	66,55	268	205
10418	386,373	39,56	264,257	51,50	256	233
10419	28,9	16,14	17,12	3,8	287	293
10425	695,471	268,186	436,488	164,188	320	228
10426	1295,1147	80,58	873,883	47,71	350	241
10427	144,178	201,134	114,124	153,114	331	251
10428	120,161	359,310	99,95	204,197	285	296
10429	242,193	350,318	165,127	241,190	296	281
10430	289,266	378,336	163,161	250,241	316	323
10431	417,332	241,243	276,301	179,203	323	251
10432	6,1	66,53	3,5	64,39	190	247
10433	2,4	133,104	1,5	76,95	256	266
10434	2,7	133,102	2,4	76,96	256	266
10435	85,78	133,103	56,75	76,95	256	266
10436	88,103	176,134	67,69	114,125	282	331
10438	432,394	2,1	353,297	2,1	321	225
10439	29,20	15,19	9,18	5,4	299	268
10440	35,20	0,1	13,22	3,0	299	268
10441	29,21	39,39	9,18	24,21	299	357
10442	30,21	25,27	9,18	17,13	299	239
10445	12,11	27,19	11,4	13,8	268	321
10446	35,37	14,12	14,25	13,8	330	224
10447	9,10	15,26	9,3	11,15	224	257
10448	32,31	109,70	16,29	57,64	206	310
10502	1381,1170	1970,1687	1056,940	1646,1337	298	318
10503	39,65	67,94	52,45	86,69	296	343
10504	425,339	464,371	289,294	387,323	246	272
10505	265,183	2,3	167,198	2,1	230	247
10506	265,184	327,230	167,197	226,257	230	247
10507	68,57	72,63	50,31	35,35	271	250
10508	6,4	72,63	10,2	35,35	296	250
10509	95,134	70,63	114,83	35,36	296	250
10511	1,1	0,1	1,0	1,0	320	322
10514	6,8	11,13	9,1	22,11	284	257
10515	115,98	76,51	81,81	73,67	228	277
10516	186,126	78,62	116,122	48,56	267	233
10517	84,84	52,34	71,61	30,34	217	267
10518	103,99	52,34	80,65	30,34	250	267
10519	90,82	193,140	74,63	124,138	217	267
10520	98,99	193,140	81,66	124,138	250	267
10521	679,575	930,849	446,447	625,680	303	464
10522	170,161	191,145	99,127	96,137	245	262
10523	198,157	215,136	110,105	123,156	262	216
10524	148,116	239,201	102,106	188,179	219	246
10525	39,33	244,204	24,19	170,200	246	291
10526	186,131	247,213	132,140	173,203	246	291
10527	167,147	100,79	113,118	65,67	314	268
10528	88,86	107,93	77,50	54,83	209	215
10529	57,38	351,251	20,19	234,238	215	293
10540	86,95	267,218	93,70	162,203	256	291
10541	169,172	412,344	145,156	290,265	274	295
10542	407,312	147,114	260,294	90,102	335	227
10543	407,312	4,7	260,294	9,3	335	291
10544	406,310	804,665	260,296	615,477	335	800
10545	406,310	486,366	260,296	359,253	335	810
10546	406,310	0,0	260,296	1,2	335	227
10547	73,80	156,118	49,57	117,142	351	230
10548	373,321	156,118	268,275	117,142	327	230
10551	197,166	4,7	124,125	8,3	230	291
10552	197,166	148,114	124,125	88,103	230	227
10553	198,166	0,0	125,124	0,2	230	227
10554	198,166	804,665	125,124	614,477	230	800
10555	198,166	486,366	125,124	358,253	230	810
10556	184,145	190,142	107,102	135,115	227	347
10557	184,145	775,652	107,102	592,464	227	462
10558	184,145	457,353	107,102	336,240	227	472
10559	187,149	456,348	109,105	341,239	291	462
10560	187,149	190,142	109,105	135,115	291	347
10561	187,149	775,652	109,105	592,464	291	462
10562	187,149	457,353	109,105	336,240	291	472
10563	79,89	271,174	85,47	149,196	250	332
10564	137,78	273,176	89,82	154,200	283	332
10567	0,0	4,1	0,1	3,2	268	270
10568	0,0	14,13	0,1	17,8	268	377
10571	1,0	14,5	0,0	14,5	208	270
10573	4,1	14,13	3,2	17,8	270	377
10574	0,0	5,8	2,0	2,7	234	339
10575	18,17	0,2	14,9	6,4	339	270
10576	124,97	48,32	94,76	23,29	282	222
10577	108,69	19,15	76,59	18,14	265	195
10578	88,66	79,52	74,45	68,34	256	265
10579	131,108	498,403	110,90	387,336	337	330
10580	409,324	546,459	316,285	444,285	330	377
10581	179,151	136,110	130,135	74,105	290	221
10582	250,209	43,52	150,185	36,53	332	257
10583	248,209	11,10	149,184	7,11	332	257
10584	131,126	148,139	121,117	109,173	257	305
10585	131,126	130,127	121,117	96,148	257	274
10586	155,156	257,179	110,89	184,173	260	351
10587	314,215	176,117	227,207	128,126	351	271
10588	145,106	250,146	102,94	185,163	271	334
10589	145,106	75,40	102,94	53,42	271	344
10590	282,169	41,26	188,192	35,36	334	183
10591	28,13	79,48	27,14	55,59	183	206
10595	72,68	284,242	74,67	188,217	226	271
10596	0,1	284,242	0,2	188,217	202	271
10597	85,99	293,249	70,82	190,219	202	271
10598	85,97	321,271	70,81	268,253	202	286
10599	331,231	150,91	251,213	113,95	271	214
10600	323,275	13,9	211,239	16,4	286	284
10601	321,276	276,215	211,241	223,173	286	284
10602	179,165	476,345	153,131	334,326	214	295
10603	429,309	427,336	324,263	239,273	313	284
10604	280,216	132,122	186,200	93,86	279	225
10605	131,123	99,91	126,127	67,76	292	222
10606	3,9	100,91	8,7	67,74	292	222
10607	2,0	0,0	0,0	0,1	219	210
10608	2,2	6,0	0,1	0,1	329	314
10610	29,25	40,39	17,18	29,20	283	317
10611	50,33	6,3	22,35	4,2	332	321
10612	13,11	19,31	10,15	22,12	227	332
10613	13,11	1,4	10,15	1,1	227	270
10614	34,13	60,34	14,27	28,35	230	249
10615	102,75	12,6	70,90	7,3	394	192
10616	1,0	12,6	2,0	7,3	188	192
10617	158,123	79,89	113,137	68,73	480	255
10618	126,88	79,89	90,108	68,73	454	255
10619	3,6	146,106	3,2	99,101	288	291
10620	15,10	123,122	13,16	88,93	194	214
10621	15,11	155,112	13,16	117,121	194	291
10622	7,2	0,0	0,0	0,1	246	171
10623	2284,2019	516,462	1743,1620	343,325	1565	389
10624	467,441	267,215	303,306	183,149	389	246
10625	141,113	222,192	104,93	149,151	235	248
10626	5138,4873	294,274	4076,3593	233,196	2845	233
10627	5230,4991	294,274	4171,3625	233,196	2631	233
10628	1557,1522	294,274	1435,1085	233,196	975	233
10629	4,6	0,4	6,4	0,1	247	257
10630	4,4	9,13	6,4	10,12	231	190
10631	23,11	9,13	14,21	10,12	255	190
10632	4,4	55,44	6,4	48,56	231	243
10633	23,11	55,44	14,21	48,56	255	243
10634	114,115	116,102	77,75	114,94	232	229
10635	260,168	115,102	165,145	116,94	279	229
10636	2,0	144,152	0,1	134,105	279	232
10637	148,91	144,152	79,59	134,105	244	232
10638	357,237	141,151	246,248	133,105	1143	232
10639	3,3	143,151	2,2	134,105	279	232
10640	148,91	2,0	79,59	0,1	244	279
10641	193,153	229,229	115,117	148,158	266	279
10642	316,202	187,135	183,210	121,101	316	244
10643	200,161	252,150	127,131	153,140	266	316
10644	112,133	3,11	75,133	4,1	273	227
10645	56,92	49,38	44,68	30,57	320	273
10646	5,11	47,40	12,14	29,57	244	273
10647	5809,4554	2827,2362	4021,3788	2065,2091	454	245
10648	6,10	2827,2362	9,9	2065,2091	273	245
10650	5,3	34,26	8,10	52,45	292	380
10651	5,3	10,16	8,10	20,22	292	300
10652	34,26	10,16	52,45	20,22	380	300
10653	7,4	87,78	5,9	71,73	210	258
10654	7,8	0,0	5,9	0,1	210	258
10655	90,76	57,35	88,88	40,38	258	199
10656	77,48	201,178	83,92	186,179	208	259
10657	6,8	11,6	8,6	2,4	224	248
10658	30,47	13,12	40,30	8,16	380	224
10659	125,126	33,25	93,74	36,24	990	380
10660	21,28	12,3	24,19	3,3	292	249
10661	115,99	2,4	81,95	0,0	285	242
10662	156,124	186,162	114,125	138,139	285	242
10664	208,142	60,53	86,101	45,39	317	233
10665	31,24	33,26	19,22	19,16	241	241
10666	30,17	35,26	11,8	27,42	215	326
10667	26,51	194,206	31,7	173,130	564	240
10670	28,31	87,54	18,14	37,50	342	251
10671	113,83	88,52	75,52	37,51	342	251
10672	295,270	200,175	220,217	121,167	374	304
10673	313,287	275,234	208,198	201,169	422	374
10674	224,242	169,129	138,171	92,91	389	331
10675	157,138	191,198	111,121	112,148	329	389
10676	124,99	155,177	70,80	108,119	288	329
10677	22,12	31,21	13,11	14,23	197	296
10679	1304,978	985,869	949,961	759,821	422	366
10680	513,396	1261,1042	379,418	919,901	281	422
10681	621,453	708,534	443,390	497,526	270	281
10682	1045,846	686,532	776,669	443,437	362	271
10683	1140,1015	1093,895	943,731	667,746	387	362
10684	552,457	1154,999	392,391	936,740	320	387
10685	8,6	519,417	7,10	371,373	230	254
10688	206,175	262,237	130,147	198,191	247	245
10689	0,0	2,0	1,10	0,3	347	403
10690	0,1	2,0	0,0	0,3	205	403
10691	0,0	2,0	1,10	0,0	347	415
10693	0,1	0,0	0,0	1,10	205	347
10697	1,3	0,2	1,0	1,1	240	190
10698	219,171	267,205	116,141	129,129	207	277
10699	544,456	267,205	337,372	129,129	314	277
10700	544,456	54,74	337,372	57,33	314	673
10701	796,610	572,500	509,526	397,418	383	335
10702	797,609	536,467	509,527	390,440	383	311
10703	584,454	537,466	392,392	389,440	335	311
10704	93,68	25,15	28,38	10,13	275	194
10705	81,52	44,30	27,49	14,22	254	269
10706	44,36	113,73	37,29	52,63	269	329
10707	12,15	424,363	19,12	349,274	200	201
10708	2,1	418,334	1,0	353,253	266	194
10709	32,37	418,334	41,20	353,253	233	194
10710	249,273	418,334	257,206	353,253	201	194
10711	223,187	425,451	198,155	407,329	193	207
10712	516,477	303,266	360,378	191,189	372	277
10713	331,302	422,349	167,200	248,307	332	357
10714	482,411	359,295	282,316	213,246	431	420
10715	534,483	352,291	339,374	210,245	1763	420
10716	47,51	70,69	17,40	47,70	259	266
10717	18,17	46,79	4,15	51,49	213	259
10718	60,89	49,38	45,27	16,19	639	380
10719	125,89	136,125	102,62	118,132	193	231
10720	66,56	136,126	53,41	118,130	176	231
10721	63,54	5,2	51,36	6,8	176	250
10722	155,126	18,6	109,86	11,9	231	250
10723	8,0	375,375	1,1	313,282	250	335
10724	188,123	135,142	132,146	112,112	250	234
10725	12,8	5,8	17,12	6,5	366	214
10726	100,75	114,94	64,65	87,101	244	254
10727	48,34	65,68	17,25	50,64	236	236
10728	59,58	99,84	54,45	74,71	285	346
10729	163,136	133,112	109,107	105,104	346	345
10730	127,131	116,136	129,97	82,72	397	296
10731	115,131	80,80	94,74	54,55	296	264
10732	123,82	120,62	65,92	68,79	250	276
10733	118,77	96,73	64,87	69,55	250	320
10734	118,77	20,23	66,88	15,17	250	327
10735	112,104	102,78	74,55	71,59	276	320
10736	174,93	20,22	93,104	16,19	320	327
10738	12,9	15,13	12,7	10,23	201	239
10739	53,52	22,7	67,45	8,19	332	252
10740	51,52	5,0	67,45	1,3	332	252
10741	51,52	38,40	67,45	27,25	332	313
10742	5,0	38,40	1,3	27,25	252	313
10743	23,17	40,41	40,20	27,25	252	313
10744	28,18	47,33	18,29	43,34	313	266
10745	31,35	43,27	24,23	29,19	266	272
10746	73,63	31,12	69,54	32,19	381	280
10747	159,131	31,12	110,107	32,19	635	280
10748	100,89	270,208	66,61	153,198	275	344
10749	68,58	237,187	38,46	161,159	255	333
10750	165,86	77,63	101,103	35,42	242	185
10751	1827,1445	7544,6397	1277,1239	5545,5479	224	380
10752	3790,3406	7486,6344	3037,3206	5488,5427	278	380
10753	0,2	0,0	0,0	0,1	325	336
10754	1,0	0,0	0,0	0,1	272	336
10757	1,7	2,0	1,6	0,0	304	242
10759	1,7	1,1	1,6	2,0	304	278
10762	2,0	43,49	0,2	56,36	247	247
10763	22,9	109,98	9,3	73,58	216	263
10764	8,8	109,98	2,0	73,58	450	263
10765	5,2	109,98	0,0	73,58	276	263
10766	107,83	21,30	112,73	19,9	276	263
10767	108,85	107,97	112,72	73,56	276	263
10768	117,95	107,97	123,82	73,56	309	263
10769	25,20	57,56	24,27	44,37	319	245
10770	0,0	2,0	0,2	0,0	265	279
10771	14,4	15,11	8,6	9,5	208	252
10773	19,11	93,59	19,13	52,49	247	2467
10774	19,12	99,65	18,13	55,53	247	2467
10775	39,16	103,65	27,22	56,54	247	1559
10776	39,16	0,1	27,22	1,0	247	297
10777	39,16	2,4	27,22	3,3	247	255
10778	26,30	21,24	14,23	23,25	268	280
10779	9,6	0,1	1,4	1,0	234	320
10781	138,118	160,167	82,102	141,132	303	408
10782	256,205	84,137	194,155	82,93	418	312
10783	131,135	213,212	128,72	173,173	347	418
10784	15,14	19,33	4,8	73,24	294	442
10785	238,242	162,152	175,154	133,94	353	203
10786	1,0	212,177	0,0	148,120	203	232
10787	164,113	212,181	114,82	148,120	203	232
10788	321,269	107,94	269,181	79,56	232	205
10789	413,426	454,382	543,449	518,378	338	323
10790	371,331	552,441	369,347	609,489	278	338
10791	300,348	549,363	381,310	462,457	280	355
10792	265,214	723,745	196,176	731,580	224	343
10793	265,214	0,0	196,176	1,0	224	199
10794	491,393	170,252	414,344	200,188	260	210
10795	900,761	55,93	778,662	78,72	343	190
10796	900,761	1,0	778,662	0,0	343	184
10797	899,761	170,252	780,663	200,188	343	210
10798	222,232	216,327	207,161	264,247	190	235
10799	248,208	450,293	158,215	343,345	261	302
10800	36,19	2,0	28,26	0,0	256	225
10801	148,130	486,350	105,83	290,243	242	941
10814	110,99	59,39	73,83	40,41	203	264
10815	111,99	17,2	73,83	6,2	203	264
10816	211,169	104,70	102,130	66,50	221	203
10817	149,125	62,77	92,134	48,63	253	191
10818	160,136	254,202	97,138	151,154	253	251
10819	113,62	80,79	56,54	66,74	320	277
10820	124,108	2,0	88,67	2,3	277	207
10821	154,122	144,106	79,133	102,96	227	287
10822	129,84	18,20	64,84	13,14	193	287
10823	161,124	150,112	89,105	105,99	193	287
10825	1,2	2,0	2,1	2,1	224	252
10826	235,176	138,112	201,190	124,96	619	329
10827	140,120	93,54	109,108	55,58	1156	202
10828	26,17	93,54	21,16	55,58	170	202
10829	3,7	178,174	5,9	180,139	248	285
10830	126,93	180,177	123,133	180,140	248	285
10831	67,85	7,21	70,79	11,19	243	314
10832	67,85	145,107	70,79	118,122	243	233
10833	25,17	90,105	22,16	101,118	170	243
10834	198,127	101,73	129,120	76,71	344	290
10846	15,0	0,2	7,2	0,0	346	267
10847	10,0	0,2	7,5	0,0	351	267
10848	2,0	0,1	1,0	0,0	218	221
10849	2,0	0,1	1,0	0,0	218	212
10853	18,36	15,20	24,20	13,13	233	233
10854	56,39	300,282	48,41	301,196	324	1974
10855	82,59	76,63	69,55	61,50	246	226
10856	46,51	184,148	29,17	101,108	229	257
10857	109,96	254,149	70,77	125,122	257	261
10858	441,354	204,176	295,263	143,155	339	276
10859	417,374	323,236	321,336	259,261	391	353
10860	5,2	579,514	1,1	450,407	246	519
10861	371,329	289,245	317,258	197,207	374	364
10862	259,216	362,335	184,182	371,285	293	381
10863	49,42	91,64	22,25	77,53	373	308
10864	58,45	70,53	24,35	56,37	291	308
10865	49,42	24,13	22,25	22,18	373	303
10866	58,45	3,2	24,35	1,2	291	303
10867	50,46	52,46	29,44	58,29	267	339
10868	4,4	68,55	13,3	33,47	268	267
10869	239,192	266,155	180,154	169,154	240	234
10870	39,32	25,19	19,15	21,20	252	235
10872	48,41	1,11	38,47	50,5	720	276
10875	531,535	424,346	452,383	426,295	329	312
10876	5,3	39,49	2,4	39,33	239	240
10883	124,153	274,225	159,125	230,162	269	218
10884	149,148	220,203	139,140	166,180	218	206
10885	2,2	0,0	1,0	3,2	209	242
10886	2,0	446,378	0,2	368,332	263	260
10887	423,374	381,338	377,323	244,241	273	257
10888	304,258	309,328	232,231	285,227	257	250
10889	2,0	354,259	1,1	354,305	248	249
10890	305,294	6,5	270,242	0,4	249	229
10891	8,13	18,11	13,17	5,3	317	299
10893	460,450	0,0	279,268	0,2	341	269
10894	237,253	419,379	164,156	247,251	239	341
10896	8,7	0,3	0,5	0,0	259	461
10897	8,7	0,2	0,5	0,0	259	307
10898	8,7	0,1	0,5	0,0	259	242
10899	13,18	21,13	6,9	22,31	243	627
10902	110,110	101,83	122,83	66,57	281	231
10903	50,49	49,31	32,49	25,42	259	230
10904	60,63	25,27	57,62	28,19	256	217
10905	13,11	261,214	7,11	185,163	223	255
10906	61,67	195,140	44,54	144,122	200	299
10907	153,139	143,116	98,100	84,74	264	236
10908	142,151	140,114	117,129	84,74	278	236
10909	47,35	52,40	38,29	41,43	268	328
10910	1,0	245,175	0,0	143,173	184	224
10911	66,56	110,72	59,52	60,57	248	224
10912	14,18	39,25	11,14	18,25	282	297
10913	36,52	28,35	31,26	23,24	311	275
10914	16,8	19,13	10,9	24,23	287	311
10916	139,202	433,491	154,106	456,345	292	323
10917	272,242	333,290	254,214	220,212	237	240
10935	4,4	0,3	0,0	0,1	267	289
10938	17,11	133,134	32,20	151,86	300	295
10939	41,52	55,52	49,30	27,37	304	256
10940	41,53	13,22	51,30	9,5	304	256
10941	41,52	8,9	49,30	6,8	304	276
10942	51,39	67,72	23,28	32,50	238	276
10943	1,3	64,64	5,4	31,46	238	276
10945	91,50	8,20	66,55	18,9	337	250
10946	91,50	31,55	66,55	18,19	337	274
10947	40,36	26,43	26,29	32,40	274	253
10948	22,42	80,77	12,22	82,57	253	374
10949	22,42	24,32	12,22	36,23	253	408
10950	161,113	344,262	85,88	225,234	266	267
10951	122,99	344,262	63,81	223,232	266	267
10952	140,95	249,194	81,98	145,194	267	240
10953	27,32	2,0	29,22	1,1	234	204
10954	21,25	2,3	26,7	1,0	204	244
10971	4265,3448	30,14	3000,3122	9,1	359	254
10972	4281,3459	3529,2947	3010,3123	2735,2553	359	377
10973	1190,979	3527,2946	909,891	2738,2553	359	377
10974	3,9	3527,2946	4,5	2738,2553	256	377
10975	3,9	1190,979	4,5	909,891	256	359
10976	1592,1280	1190,978	1117,1300	911,891	274	359
10977	1591,1279	4082,3559	1118,1300	2994,3158	274	359
10978	1595,1340	4104,3575	1103,1125	2997,3167	242	359
10979	0,5	2000,1591	1,3	1351,1466	237	242
10980	1594,1292	1223,975	1119,1306	724,803	274	223
10981	0,1	1509,1263	2,2	1080,1044	208	237
10982	39,83	1513,1266	79,56	1083,1050	208	237
10983	0,4	1513,1266	1,0	1083,1050	251	237
10984	0,1	3,2	2,2	1,1	208	223
10985	620,515	779,645	358,359	559,446	287	314
10986	0,2	107,59	2,0	37,55	290	348
10987	27,34	107,59	20,41	37,55	290	348
10988	83,41	56,51	31,42	42,32	348	310
10989	70,68	35,43	66,39	18,24	372	254
10990	37,39	16,35	29,21	44,12	254	261
10991	0,0	214,140	0,2	166,130	239	1364
10992	18,15	7,13	11,8	3,4	215	199
10993	58,55	92,71	29,41	63,47	304	335
10994	783,540	258,159	505,544	151,132	298	218
10995	4,7	258,159	0,0	151,132	294	218
10996	2167,1502	16,10	1310,1459	4,6	338	245
10997	747,533	1057,744	532,544	676,683	270	338
10998	361,234	1054,737	262,230	665,685	244	338
10999	745,530	257,152	531,540	155,143	270	338
11000	369,243	977,654	276,234	565,685	244	270
11001	614,439	978,654	448,427	565,685	259	270
11002	607,437	594,438	445,421	391,428	259	244
11003	3,2	592,437	0,1	393,420	259	244
11004	200,166	592,437	112,117	393,420	251	244
11005	200,166	3,2	112,117	0,1	251	259
11006	200,167	525,354	112,125	383,357	251	259
11007	13,19	2,1	39,15	0,4	303	251
11008	17,21	550,411	37,16	439,399	303	251
11009	80,67	3,3	58,81	5,4	994	313
11010	4,1	57,86	2,4	64,52	273	307
11011	5,2	0,3	4,2	8,2	239	253
11012	45,50	199,222	30,27	181,170	323	233
11013	106,90	349,302	99,81	312,230	333	286
11014	9,6	315,255	9,3	242,195	286	285
11015	197,199	346,266	165,143	249,205	286	285
11016	196,197	212,180	164,141	145,113	286	207
11017	9,7	199,173	13,11	138,110	285	207
11018	348,315	201,174	311,237	138,111	285	207
11019	4,0	45,50	0,0	40,27	269	284
11020	96,78	0,1	51,52	2,0	283	252
11023	26,30	7,25	29,18	13,10	261	247
11026	1150,790	165,133	832,744	148,119	772	322
11027	321,264	178,136	208,222	108,113	257	263
11028	240,164	182,134	137,135	112,115	224	263
11029	3,0	178,159	4,2	140,156	263	263
11030	257,206	177,159	168,196	140,158	263	263
11031	289,251	1407,1214	184,168	1125,1017	222	776
11039	42,22	33,24	35,36	27,23	308	332
11040	9,8	1,0	9,2	4,1	311	269
11041	43,35	31,16	39,58	27,34	394	309
11042	18,15	39,29	18,33	31,25	309	319
11043	18,15	5,3	18,33	8,3	309	170
11044	9,8	83,80	0,7	79,57	266	1272
11045	520,460	718,547	357,456	551,508	280	282
11046	405,306	819,768	278,295	635,608	282	273
11047	12,24	3,5	2,22	5,0	330	294
11048	193,151	108,92	143,126	87,58	300	280
11049	24,16	76,91	9,17	92,67	295	250
11050	32,50	175,157	45,16	127,114	240	313
11051	36,35	47,32	35,37	25,33	255	246
11052	37,28	105,85	17,32	59,60	246	288
11053	41,58	59,54	25,39	32,38	250	213
11054	25,43	93,59	20,10	46,67	213	287
11055	91,95	62,39	74,82	41,60	287	265
11056	78,73	87,86	48,42	65,53	316	271
11057	92,119	4,12	110,103	27,12	304	302
11058	20,20	91,90	22,15	68,60	218	325
11059	4,3	3,8	1,2	4,1	368	238
11061	7,8	3,1	9,5	1,1	321	421
11062	0,2	2,5	0,0	1,0	276	278
11063	1021,920	1102,1006	787,747	836,873	342	263
11064	193,192	1102,1006	188,152	836,873	340	263
11065	95,93	1102,1006	78,78	836,873	309	263
11066	1258,983	0,5	947,771	4,6	263	222
11067	1258,983	290,248	947,771	203,284	263	890
11068	595,562	379,317	494,412	259,226	754	230
11069	623,574	384,321	511,394	258,223	370	230
11070	342,311	379,317	273,231	259,226	339	230
11071	0,0	379,317	0,1	259,226	272	230
11072	4,0	6,1	4,0	4,3	191	235
11073	16,8	296,272	7,10	166,222	235	316
11074	73,79	136,109	36,47	98,93	316	342
11075	80,79	497,360	36,46	310,320	316	342
11076	86,87	137,117	74,64	99,90	316	342
11077	32,22	497,361	12,10	307,316	316	342
11078	405,365	513,326	247,303	293,317	342	317
11079	363,341	2265,1833	219,283	1549,1611	342	1248
11080	451,311	466,379	264,278	288,347	317	319
11081	5,0	7,15	5,3	13,11	317	283
11083	9,7	66,48	6,7	64,68	243	290
11084	17,15	37,43	17,17	44,49	242	329
11085	26,20	20,27	21,20	28,20	242	243
11086	62,70	0,0	62,57	2,1	334	242
11087	59,68	8,5	59,57	7,5	334	242
11088	572,510	938,704	485,444	713,602	290	287
11089	282,262	618,560	267,257	468,420	242	290
11090	20,22	20,12	21,21	8,16	275	208
11092	6,1	7,0	0,8	0,1	226	284
11093	337,364	621,681	270,272	700,488	320	336
11094	421,437	621,681	397,363	700,488	323	336
11095	28,44	738,616	64,50	451,450	298	249
11096	387,375	913,689	283,298	600,569	198	276
11097	1213,1143	897,683	869,769	600,558	302	276
11098	30,47	895,684	64,49	598,557	298	276
11099	400,380	248,228	294,303	186,170	198	210
11100	2,3	483,412	4,2	325,281	198	253
11101	1229,1149	483,412	871,781	325,281	302	253
11102	35,30	480,412	24,26	325,280	302	253
11103	1,0	480,412	1,0	325,280	197	253
11104	388,359	480,412	316,285	325,280	242	253
11105	1229,1149	686,632	871,781	481,449	302	682
11106	35,30	686,631	24,26	481,449	302	682
11107	1,0	686,631	1,0	481,449	197	682
11108	388,359	686,631	316,285	481,449	242	682
11109	1229,1149	2,3	871,781	4,2	302	198
11110	388,359	2,2	316,285	4,2	242	198
11111	1211,1144	0,4	869,769	2,0	302	198
11112	1,0	127,112	0,0	88,67	197	198
11113	392,359	127,112	314,285	88,67	242	198
11114	1,0	35,30	1,0	24,26	197	302
11115	388,359	35,30	316,285	24,26	242	302
11116	387,361	1190,1047	316,284	825,892	242	302
11117	0,1	1190,1047	0,0	825,892	197	302
11118	30,45	445,474	65,49	340,304	298	197
11119	30,45	840,762	65,49	570,497	298	242
11120	125,135	76,58	106,97	37,53	262	184
11121	65,57	181,173	41,33	114,148	184	281
11122	117,125	24,69	136,68	72,46	227	473
11123	1,2	3,0	1,0	3,0	212	232
11124	6,0	1,0	2,1	1,0	232	174
11126	14,18	137,113	14,8	87,99	259	321
11130	100,71	38,32	106,64	39,27	279	224
11131	32,27	38,32	22,20	39,27	286	224
11132	32,27	100,71	22,20	106,64	286	279
11133	46,34	0,1	27,31	2,0	286	188
11134	120,76	15,9	122,74	7,12	219	286
11135	41,49	71,84	34,51	80,96	193	221
11137	92,84	56,52	47,68	60,34	218	193
11138	132,136	54,59	118,141	44,35	314	196
11139	23,13	54,59	15,16	44,35	308	196
11140	18,15	52,59	11,15	45,35	314	196
11141	81,74	207,151	64,54	144,146	267	314
11142	2,0	208,147	0,0	147,153	267	314
11143	50,50	208,147	33,32	147,153	196	314
11144	50,50	2,0	33,32	0,0	196	267
11145	50,53	95,106	32,32	89,104	196	267
11146	3,0	5,2	0,0	1,0	273	270
11147	2,7	48,29	0,0	37,32	271	399
11148	15,15	15,8	18,8	10,17	399	255
11149	24,20	18,7	26,16	11,17	399	255
11151	391,332	467,413	279,234	416,278	240	304
11152	398,315	215,235	263,208	245,157	253	240
11153	439,367	215,233	323,316	237,153	517	240
11154	360,308	215,233	281,270	237,153	265	240
11155	407,347	274,251	346,272	228,188	233	253
11156	407,347	353,307	346,272	272,236	233	517
11159	150,100	212,146	125,143	182,132	312	256
11160	1176,1068	462,336	842,862	261,285	334	242
11161	649,473	940,760	404,396	681,746	246	334
11162	815,607	561,515	554,603	415,396	280	246
11163	603,426	973,863	361,350	632,670	234	342
11164	225,211	942,852	154,189	613,655	254	342
11165	500,453	378,419	285,424	324,314	221	234
11166	224,213	18,7	156,191	8,10	254	221
11167	299,266	522,446	207,222	326,305	255	221
11168	52,20	478,421	28,39	303,289	255	221
11169	276,235	830,619	186,211	480,564	254	255
11170	113,135	766,583	106,111	444,513	307	255
11171	0,0	0,1	3,0	0,0	360	357
11172	57,60	44,39	31,37	25,31	311	260
11173	26,33	48,63	33,22	41,51	248	280
11174	57,39	146,124	29,36	96,104	315	362
11175	29,23	158,120	20,23	97,101	315	362
11176	97,58	47,39	53,48	43,41	243	315
11177	1,1	0,1	0,1	0,0	323	318
11178	29,30	41,49	12,18	38,26	257	226
11179	2,0	122,103	3,3	90,87	191	301
11180	147,131	33,32	118,84	21,21	370	205
11181	96,99	122,103	57,48	90,87	362	301
11182	1,1	137,104	1,0	88,81	194	245
11183	86,74	334,203	55,58	185,206	247	333
11184	42,46	35,32	40,25	29,32	322	231
11187	20,19	7,8	16,15	4,0	253	253
11189	25,12	2,1	11,12	0,0	233	233
11190	36,18	2,2	14,22	0,0	233	233
11192	0,1	0,0	0,0	0,1	199	178
11193	142,174	175,79	116,140	74,73	301	238
11194	152,194	70,63	168,160	61,46	294	243
11195	54,40	86,77	49,41	58,53	277	300
11196	16,6	4,0	5,9	1,2	283	208
11216	28,27	145,115	20,14	117,100	246	248
11217	122,88	63,56	78,84	67,41	248	218
11218	122,122	117,105	87,93	89,87	210	221
11219	118,114	98,72	108,60	79,89	221	205
11220	127,177	163,159	169,122	132,84	413	230
11221	228,175	197,198	176,163	184,108	393	362
11222	1,0	1,1	0,0	5,0	267	466
11223	0,3	60,45	0,0	44,22	207	233
11224	6,6	192,151	2,0	129,176	402	300
11225	43,33	63,54	31,22	36,42	209	272
11226	42,32	518,383	31,23	391,392	209	949
11227	42,32	599,459	31,23	450,464	209	1072
11228	40,56	440,391	25,44	286,302	221	851
11229	366,345	132,135	305,251	163,109	287	242
11230	453,378	265,301	368,282	275,215	297	287
11231	466,409	376,368	392,292	314,260	302	297
11232	445,444	466,391	362,307	381,299	325	302
11233	459,479	495,461	435,349	430,315	349	325
11234	209,215	542,540	209,194	457,374	246	349
11235	138,119	286,258	103,96	232,192	252	299
11236	35,30	64,36	25,34	45,40	202	235
11237	132,106	88,96	103,99	94,72	232	234
11238	3,0	86,97	0,0	92,71	232	234
11239	266,146	86,97	192,125	92,71	269	234
11240	266,146	3,0	192,125	0,0	269	232
11241	266,146	102,109	194,122	100,57	269	232
11246	912,890	154,113	834,667	66,60	958	201
11247	9,13	29,46	27,14	34,27	227	272
11248	9,12	2,0	14,6	3,0	176	227
11249	11,19	57,54	26,11	51,18	216	227
11250	46,52	0,1	73,34	0,0	216	279
11251	28,26	0,1	26,14	0,0	236	279
11253	28,35	298,263	28,17	266,217	219	244
11254	161,202	594,472	160,133	416,458	244	286
11255	161,202	612,483	160,133	424,470	244	306
11256	45,28	327,303	32,35	237,268	306	302
11257	457,423	327,303	393,393	237,268	286	302
11258	490,437	197,144	370,401	150,128	375	227
11259	219,171	276,224	125,167	172,196	227	217
11260	303,266	444,368	222,245	347,293	292	285
11261	116,95	174,105	69,82	103,119	277	327
11263	37,32	34,46	24,25	31,31	244	224
11264	37,23	56,64	29,15	42,37	267	300
11265	229,203	166,112	165,190	96,111	285	289
11266	5,2	4,2	6,5	4,11	261	273
11267	0,1	4,2	0,0	4,11	161	273
11268	7,4	5,0	1,0	2,3	249	261
11269	101,66	5,0	97,89	2,3	279	261
11270	140,93	5,0	118,108	2,3	271	261
11271	83,51	5,0	80,72	2,3	250	261
11272	101,66	7,4	97,89	1,0	279	249
11273	140,93	7,4	118,108	1,0	271	249
11274	83,51	7,4	80,72	1,0	250	249
11275	113,78	100,126	72,51	114,52	314	298
11277	104,84	59,40	67,83	25,29	278	210
11278	45,53	1,0	33,36	2,0	210	212
11279	70,76	35,32	38,54	34,20	210	212
11280	48,42	34,42	30,36	17,31	212	195
11281	69,55	0,0	42,44	0,1	220	188
11282	69,55	1121,919	42,44	680,841	220	1299
11283	79,96	1,0	71,88	0,0	182	182
11284	79,96	172,109	71,88	98,120	182	178
11285	113,56	184,146	73,70	121,113	182	190
11286	0,6	184,146	2,1	121,113	198	190
11288	648,528	185,147	453,561	121,113	900	190
11290	566,422	184,144	368,455	121,113	900	190
11291	155,137	184,144	137,113	121,113	200	190
11292	1,0	184,144	0,1	121,113	232	190
11293	440,356	137,83	315,372	82,71	683	188
11294	22,15	137,83	14,22	81,71	182	188
11296	140,123	137,83	112,112	81,71	196	188
11297	164,109	137,83	108,125	81,71	483	188
11298	140,123	217,165	112,112	137,139	196	431
11299	144,121	21,13	113,112	13,24	196	182
11303	140,123	22,15	112,112	14,22	196	182
11304	164,109	22,15	108,125	14,22	483	182
11305	15,8	155,94	6,6	105,115	182	182
11306	155,137	155,94	138,113	105,115	200	182
11307	144,121	45,48	113,112	42,40	196	338
11308	155,137	566,422	137,113	368,455	200	900
11309	1,0	566,422	0,1	368,455	232	900
11310	155,137	768,573	138,113	517,633	200	900
11312	58,38	165,100	31,26	98,88	182	190
11313	159,137	165,100	139,113	98,88	200	190
11316	153,153	181,110	120,147	111,111	182	196
11317	58,38	181,110	31,26	111,111	182	196
11318	159,137	181,110	139,113	111,111	200	196
11319	33,22	181,110	18,18	111,111	182	196
11320	343,290	181,110	272,309	111,111	847	196
11321	18,16	181,110	16,12	111,111	233	196
11322	155,137	15,8	138,113	6,6	200	182
11323	159,137	58,38	139,113	31,26	200	182
11324	18,16	33,22	16,12	18,18	233	182
11325	155,137	15,10	139,113	6,10	200	182
11326	155,137	134,97	137,113	102,91	200	182
11328	32,16	184,147	18,27	145,175	225	200
11329	83,47	184,147	50,51	145,175	233	200
11330	3,2	337,269	0,2	262,301	192	478
11331	129,128	337,269	99,109	262,301	471	478
11332	3,2	37,19	0,2	21,29	192	233
11333	129,128	37,19	99,109	21,29	471	233
11334	0,1	274,235	0,1	223,236	192	233
11335	11,6	1,9	8,5	9,8	183	187
11336	29,19	19,17	11,13	15,8	248	265
11337	5,8	305,217	3,7	203,211	270	267
11338	0,0	2,0	1,0	0,0	270	294
11339	38,54	11,21	46,34	9,8	308	242
11340	23,35	3,7	41,30	5,1	329	308
11341	23,33	32,33	42,30	16,13	329	308
11342	5,6	1,3	4,13	0,1	296	219
11343	5,6	22,17	4,13	12,14	296	284
11345	34,35	59,29	35,37	38,39	255	304
11346	38,33	0,2	37,42	0,0	255	246
11347	277,261	169,194	189,170	226,137	266	334
11348	167,168	212,200	157,125	150,138	236	266
11352	0,0	4,18	2,0	6,23	233	289
11353	1,1	4,18	0,0	6,23	206	289
11354	6,18	42,23	15,7	35,27	306	247
11355	7455,6080	7214,6768	5434,4680	6659,5546	257	973
11356	7455,6080	51,69	5434,4680	73,61	257	288
11357	275,280	568,538	251,246	594,452	285	340
11358	688,649	2729,2599	571,572	2437,2045	340	1167
11359	316,258	97,106	304,241	110,79	200	304
11360	566,435	360,330	449,369	362,285	218	200
11361	627,532	433,327	522,468	338,221	254	218
11362	348,366	705,580	400,311	615,499	234	254
11363	261,263	529,417	339,247	405,344	205	234
11364	632,556	194,185	586,467	230,165	266	196
11365	44,27	5,0	26,17	7,2	227	363
11366	6,14	8,9	15,12	13,7	374	233
11367	0,1	8,9	0,0	13,7	280	233
11368	8,3	8,15	11,9	12,6	295	374
11369	2,1	291,262	0,0	258,255	194	302
11370	251,212	264,246	197,146	184,196	302	252
11371	247,209	5,6	192,146	2,2	302	252
11372	163,159	92,58	154,165	65,44	252	189
11373	159,159	231,187	155,168	141,164	252	258
11374	84,65	190,166	75,50	142,124	189	239
11375	84,65	33,24	75,50	12,21	189	263
11376	77,63	26,27	69,49	19,12	189	239
11377	77,63	3,0	69,49	1,0	189	239
11378	77,63	236,191	69,49	144,166	189	258
11380	361,313	273,215	265,223	208,200	292	244
11381	0,3	119,107	0,1	71,83	238	249
11382	142,174	173,166	129,127	134,131	249	313
11383	177,159	97,88	105,126	76,74	313	228
11384	135,94	228,200	83,105	160,138	277	328
11385	323,270	301,270	205,271	220,221	346	269
11386	9,10	465,324	5,4	259,285	293	289
11387	224,195	309,259	127,147	214,198	289	261
11388	399,282	367,324	228,251	268,276	261	304
11389	200,196	787,641	177,198	528,601	244	400
11390	200,194	282,262	177,198	224,258	244	239
11391	118,102	94,91	84,77	85,69	316	367
11392	118,107	248,201	88,79	184,167	316	483
11393	120,130	49,47	91,99	47,44	335	278
11394	118,133	79,31	93,100	39,42	335	247
11395	123,130	34,24	91,96	22,17	374	335
11396	123,130	32,27	91,96	24,18	374	335
11397	123,130	87,62	91,101	68,50	374	335
11398	13,9	19,16	6,15	15,4	259	220
11399	24,11	35,15	9,18	29,16	259	294
11400	65,64	13,18	39,49	11,12	503	259
11401	173,147	7,4	130,151	2,1	299	234
11402	1111,777	1481,1359	632,660	1190,1089	281	259
11403	1000,1081	2100,1712	929,796	1376,1500	362	333
11404	1568,1488	2100,1712	1303,1067	1376,1500	492	333
11405	882,931	2100,1712	790,668	1376,1500	394	333
11406	1273,1183	1089,980	1083,1018	807,798	277	242
11407	3,8	0,4	5,0	0,0	315	276
11408	3,8	0,0	5,0	1,0	315	279
11410	0,4	0,0	0,0	1,0	276	279
11411	0,2	0,0	0,0	1,0	276	279
11412	45,37	37,21	33,29	29,29	350	280
11413	7,8	8,3	7,6	4,8	275	307
11414	4,2	5,4	3,7	3,4	254	215
11415	69,40	159,161	51,38	118,123	243	358
11416	99,79	49,26	89,65	42,60	299	253
11417	78,58	86,83	44,54	93,65	308	374
11418	108,73	50,68	57,64	41,27	323	308
11419	108,73	0,1	57,64	2,0	323	254
11420	18,8	83,63	9,9	48,62	267	323
11422	1902,1704	238,190	1398,1275	153,170	844	213
11423	18,11	7,4	23,26	6,6	227	221
11424	0,1	2,7	0,0	9,16	266	407
11425	41,35	61,51	27,24	40,40	238	237
11426	115,90	36,36	97,59	33,38	263	312
11427	84,61	205,175	56,80	150,117	239	340
11428	137,115	77,59	96,91	53,37	250	252
11429	213,185	186,208	130,129	132,150	317	399
11430	79,82	46,51	82,58	32,38	222	321
11431	303,324	211,236	221,249	204,156	321	362
11432	3,0	4,2	0,2	0,3	267	314
11433	161,121	343,256	99,102	239,261	261	509
11434	0,2	71,55	0,0	55,42	329	363
11435	69,68	156,149	45,52	103,96	210	263
11436	3,2	162,124	7,2	126,106	308	241
11437	143,113	16,15	141,161	35,36	316	216
11438	40,48	43,35	52,50	52,50	216	220
11440	4,12	18,7	3,4	16,5	295	313
11441	260,210	3,4	158,157	4,2	230	206
11442	612,589	203,140	479,419	161,117	340	230
11443	612,589	211,149	479,419	158,120	340	319
11444	1472,1231	2427,2011	1267,1136	2052,2062	200	305
11445	2259,1960	1959,1512	1953,1859	1534,1509	253	269
11446	483,477	792,797	384,377	574,508	284	302
11447	638,505	373,336	389,404	300,289	257	237
11448	638,500	7,9	389,404	1,4	257	237
11449	381,371	687,539	273,248	453,424	227	257
11450	652,592	435,413	496,456	308,323	321	251
11451	871,786	435,419	537,643	308,325	289	251
11452	873,788	741,747	534,643	544,541	289	321
11453	94,59	72,53	36,44	52,48	240	234
11454	91,69	47,37	65,64	33,27	265	218
11455	63,60	71,65	51,47	44,60	227	265
11456	62,62	54,31	27,40	21,30	245	227
11457	171,150	211,136	147,148	117,137	260	257
11458	0,0	211,136	0,1	117,137	250	257
11459	632,585	1509,1249	453,471	1038,1078	205	302
11460	815,705	458,392	548,489	364,326	255	205
11461	1,4	841,722	1,1	650,621	199	255
11462	10,4	18,6	6,4	9,21	242	242
11463	18,15	19,14	14,5	14,10	267	229
11464	8,15	20,15	15,8	16,10	229	254
11465	225,161	106,84	129,129	87,107	519	341
11466	4535,4048	1852,1970	3565,3401	1800,1775	244	257
11467	6673,5888	1890,1994	5087,5178	1814,1789	234	257
11469	56,44	98,103	32,31	90,83	328	244
11470	56,44	88,88	32,31	82,62	328	218
11474	9,15	20,16	8,8	9,8	269	338
11475	15,19	31,26	12,7	17,11	338	276
11476	35,41	36,30	25,26	11,15	323	291
11477	49,39	0,1	24,23	0,2	288	283
11478	475,419	600,505	416,366	476,460	222	227
11479	817,808	598,505	719,637	473,460	330	227
11480	566,577	370,312	564,493	332,263	255	222
11481	818,807	701,553	718,637	538,515	330	255
11482	589,542	536,451	537,391	406,380	281	238
11483	573,524	916,775	449,350	683,695	293	281
11484	16,14	655,598	15,16	597,441	243	293
11485	26,33	446,419	24,28	368,272	442	243
11486	0,0	3,6	3,1	3,1	318	273
11488	0,0	3,12	3,1	8,4	318	273
11489	0,0	15,8	3,1	12,5	318	283
11490	0,0	8,5	3,1	7,1	318	299
11492	0,0	3,12	6,1	8,4	328	273
11493	0,0	15,8	6,1	12,5	328	283
11494	0,0	8,5	6,1	7,1	328	299
11495	0,0	3,12	1,0	8,4	330	273
11496	0,0	15,8	1,0	12,5	330	283
11497	0,0	8,5	1,0	7,1	330	299
11498	3,12	15,8	8,4	12,5	273	283
11499	3,12	8,5	8,4	7,1	273	299
11500	33,32	16,22	31,35	13,20	299	281
11501	39,45	4,1	38,38	4,5	264	306
11502	0,1	10,4	0,0	4,5	324	309
11503	0,1	5,2	0,0	4,5	324	306
11506	11,5	393,303	3,6	299,279	281	325
11507	0,0	0,2	0,1	3,2	202	240
11508	0,0	947,721	6,0	681,662	281	264
11509	175,140	88,60	90,89	26,65	352	264
11510	479,406	367,321	382,352	276,304	292	247
11511	466,388	216,209	379,349	161,161	292	198
11512	319,238	216,220	276,223	161,160	247	198
11513	31,54	13,22	30,58	12,37	221	221
11514	106,77	7,9	61,72	5,20	2843	221
11515	74,39	7,9	48,54	5,20	315	221
11518	35,18	55,34	10,11	87,53	248	319
11519	32,18	55,34	10,10	87,53	221	319
11520	67,38	0,1	31,39	1,0	221	176
11540	3,2	10,3	3,4	2,7	277	303
11541	0,0	10,3	2,3	1,7	209	303
11542	68,39	10,3	25,39	1,7	301	303
11543	68,39	0,0	25,39	2,3	301	209
11544	2,0	0,0	0,0	0,1	251	408
11551	37,41	134,154	26,29	126,110	257	295
11552	33,42	4,0	26,29	2,2	257	295
11553	190,204	143,129	195,182	112,78	295	408
11554	468,421	786,707	378,390	617,540	277	357
11555	800,662	1020,932	585,570	748,778	357	378
11564	25,14	17,10	12,11	8,10	260	200
11565	53,34	55,31	40,44	17,27	316	260
11567	174,157	513,448	108,118	318,333	353	370
11568	26,28	68,54	18,15	79,55	248	236
11569	6,11	50,52	4,1	50,32	177	248
11570	1,0	42,53	0,0	49,28	177	248
11571	47,26	12,13	21,28	18,4	258	177
11572	0,0	16,13	1,0	18,5	209	177
11573	79,69	0,0	41,38	2,0	258	417
11574	0,0	41,38	1,0	18,17	209	258
11577	17,7	44,23	2,8	19,21	284	233
11578	24,24	61,64	13,18	46,38	233	254
11579	2,0	16,14	0,0	10,8	253	401
11582	11,17	17,7	5,5	10,8	199	214
11584	13,15	17,7	5,7	10,8	277	214
11587	280,263	161,129	201,193	135,107	228	223
11588	46,46	77,38	58,29	44,22	243	207
11589	38,32	1,6	17,35	4,2	257	288
11590	50,56	82,45	51,44	44,57	272	272
11591	67,54	85,68	40,50	71,62	272	272
11592	1,2	5,5	4,2	5,4	335	287
11593	127,116	73,72	119,96	57,55	361	245
11594	170,158	102,89	103,123	53,58	299	225
11595	168,163	0,2	104,124	0,0	299	225
11596	168,163	228,166	104,124	181,152	299	311
11597	0,2	228,166	0,0	181,152	225	311
11598	44,46	232,168	38,58	181,151	225	311
11599	138,100	71,42	97,75	51,52	252	220
11600	13,6	363,320	7,5	237,271	210	246
11601	101,74	208,153	77,46	132,124	256	345
11602	115,73	208,151	74,71	132,123	264	345
11603	410,344	182,146	289,306	104,129	423	252
11604	421,351	19,22	296,311	13,20	423	252
11605	421,351	227,158	296,311	127,149	423	270
11606	409,344	274,209	289,306	151,209	423	347
11607	19,22	227,158	13,20	127,149	252	270
11608	177,125	273,211	113,120	155,211	270	347
11609	66,55	168,132	41,56	92,117	347	260
11610	317,242	174,130	185,222	93,118	347	260
11611	12,14	221,201	7,10	146,123	172	305
11612	206,186	6,7	144,112	10,7	214	194
11613	206,186	176,161	144,112	144,127	214	253
11614	202,179	145,121	139,110	153,93	214	236
11615	60,52	148,128	46,29	157,96	194	236
11616	182,142	148,128	135,111	157,96	253	236
11617	154,130	436,358	117,117	338,339	236	558
11618	11,9	214,240	4,4	207,157	269	283
11619	148,130	214,240	103,82	207,157	253	283
11620	67,57	2,0	39,21	1,0	402	273
11621	37,24	22,41	19,12	8,11	402	272
11622	57,48	2,0	32,20	1,0	326	273
11623	27,15	22,41	12,11	8,11	326	272
11624	27,30	22,35	17,10	19,20	272	247
11626	425,326	467,391	304,316	364,342	298	266
11627	425,326	24,28	304,316	19,15	298	412
11628	607,476	968,827	445,378	824,648	266	385
11629	2,3	24,25	1,0	13,22	202	245
11630	20,21	39,26	15,11	13,25	270	358
11631	42,37	19,11	15,24	12,8	286	284
11632	26,15	36,37	20,16	19,37	251	349
11633	9217,8383	12414,10486	7776,6978	9991,7947	347	351
11634	9900,8498	9568,7841	7821,7118	7604,6723	372	347
11635	4820,4198	2789,2504	4095,3602	2398,2325	245	219
11636	3,0	8655,6626	1,1	6301,6009	208	208
11637	4864,4229	2266,1833	4122,3624	1761,1633	245	208
11638	2984,2511	23,27	2498,2002	15,16	243	245
11639	2984,2512	4764,3493	2498,2002	3298,3192	243	245
11640	193,152	275,186	116,141	199,184	276	248
11641	33,31	113,110	14,13	78,88	223	347
11642	108,106	58,47	73,75	42,30	366	223
11643	4,7	151,130	4,1	108,100	292	366
11644	14,31	151,130	27,18	108,100	273	366
11645	12,12	147,125	9,13	99,97	273	366
11646	14,31	4,7	27,18	4,1	273	292
11647	211,174	216,180	186,176	193,172	263	276
11648	83,83	227,265	112,56	228,176	341	335
11653	0,0	1,0	0,1	0,0	332	347
11654	0,0	7,14	1,0	7,7	290	239
11655	24,21	7,14	10,13	7,7	317	239
11656	7,7	22,14	2,0	11,14	206	317
11657	4,0	16,13	7,1	8,10	278	260
11658	1,1	6,6	0,0	3,1	257	239
11660	5,3	4,4	10,2	0,1	278	239
11661	4,2	0,1	10,1	0,0	278	257
11663	121,109	118,95	105,71	93,69	323	293
11665	99,54	153,119	59,64	69,84	203	255
11666	135,109	124,80	91,110	75,72	255	233
11667	9,3	33,23	5,4	12,15	359	252
11668	74,72	73,60	57,40	47,65	299	280
11669	20,9	8,5	11,17	4,9	265	281
11670	8,0	20,17	1,2	8,5	212	400
11671	4,4	0,7	2,3	0,2	247	316
11672	3,4	11,5	2,5	28,5	247	494
11673	5,4	5,7	0,1	4,0	224	237
11674	14,7	1,1	8,1	3,2	237	440
11675	7,8	5,2	2,1	1,0	226	321
11677	0,11	1,0	6,0	0,0	235	249
11678	97,73	195,127	66,59	126,151	578	236
11679	9,4	26,18	9,5	8,19	235	260
11680	3,5	3,8	3,4	4,2	229	294
11681	5,5	109,75	4,3	66,86	229	294
11682	30,25	109,74	19,12	66,88	229	294
11683	132,145	222,142	136,129	143,133	287	289
11684	188,121	110,88	117,114	91,68	289	238
11685	136,89	151,144	88,94	83,118	238	256
11686	138,89	224,208	88,93	134,192	238	300
11687	273,239	1193,1016	170,220	884,873	322	1289
11688	273,239	1207,1064	169,220	907,876	322	1289
11689	272,239	160,163	171,220	103,111	322	291
11690	1283,1115	160,163	940,973	104,111	1289	291
11691	1283,1115	160,163	940,973	103,111	1289	288
11692	1279,1113	6,19	941,973	11,25	1289	288
11693	1279,1113	97,71	941,973	71,78	1289	263
11694	6,19	97,71	11,25	71,78	288	263
11695	97,112	101,73	88,101	69,78	288	263
11696	9,1	233,223	5,11	186,151	286	272
11697	36,78	75,98	107,70	113,101	281	320
11698	55,67	83,67	72,50	66,65	234	277
11699	55,66	12,5	74,51	11,3	234	277
11700	55,66	61,44	74,51	41,49	234	222
11701	12,5	61,44	11,3	41,49	277	222
11702	75,74	61,45	69,48	39,48	277	222
11703	33,27	16,9	28,30	4,3	222	194
11704	34,24	76,84	17,25	81,66	194	283
11705	7,11	113,112	7,5	105,88	167	283
11706	48,35	1569,1362	38,39	1115,1133	197	716
11713	184,175	401,299	184,144	305,233	475	224
11714	18,27	1,1	16,13	2,1	419	212
11715	133,152	761,516	144,128	500,513	197	319
11716	768,590	481,295	632,603	295,317	285	302
11718	6,3	8,11	7,6	7,8	265	194
11720	2189,1993	12,4	1523,1434	6,3	3075	378
11721	24,9	8,8	12,9	18,9	307	278
11722	28,11	28,13	10,9	14,7	307	278
11723	2,0	28,13	2,0	14,7	206	278
11724	169,134	1267,1123	105,109	889,801	320	1554
11725	167,134	1185,1024	105,111	833,735	320	1554
11726	1185,1025	94,79	833,733	58,48	1554	260
11727	1197,1034	94,79	840,737	58,48	1554	260
11728	74,38	60,43	29,38	29,34	251	228
11729	463,381	513,382	360,356	379,334	255	250
11730	451,381	12,11	359,357	13,5	255	250
11731	451,381	85,114	359,357	123,76	255	345
11732	12,11	85,114	13,5	123,76	250	345
11733	406,336	97,112	309,274	116,72	250	345
11734	122,111	80,84	70,70	82,58	277	244
11735	189,160	76,87	108,114	67,50	375	277
11736	57,66	195,174	44,39	107,128	290	375
11737	96,88	86,62	61,87	47,56	292	267
11738	103,90	51,51	61,90	32,28	292	234
11739	46,48	48,45	24,37	27,28	209	234
11740	73,52	41,31	31,51	20,36	245	209
11741	131,91	40,32	81,90	20,36	359	209
11742	132,91	3,1	80,90	0,0	359	245
11743	131,93	67,67	80,93	51,55	359	245
11744	94,105	2,1	63,82	0,2	317	250
11745	99,111	93,78	70,83	60,52	317	250
11746	787,738	84,62	621,612	48,53	1011	317
11747	659,643	84,62	544,525	48,53	1050	317
11748	667,647	84,64	546,531	46,55	1011	317
11749	86,81	751,742	47,70	606,607	305	1011
11750	86,81	743,738	47,70	603,601	305	1050
11752	110,62	60,45	59,54	28,60	247	249
11753	4,6	93,95	5,3	63,79	265	247
11754	11,10	93,95	7,11	63,79	268	247
11755	138,108	93,95	96,74	63,79	317	247
11756	166,124	168,118	142,121	97,116	333	317
11758	96,71	160,134	69,66	114,88	252	333
11759	96,60	154,123	56,50	112,86	236	333
11760	122,82	49,30	79,93	34,39	339	248
11761	260,245	8,3	178,187	8,7	243	213
11762	207,179	4,3	150,176	4,1	228	250
11763	384,287	1,1	244,225	0,0	226	250
11764	207,179	432,381	150,176	315,338	228	243
11765	384,287	429,378	244,225	311,337	226	243
11766	277,252	1206,1031	201,163	776,845	237	412
11767	480,488	357,347	407,322	244,309	262	233
11768	1,2	4,10	1,2	4,3	175	204
11769	6,6	30,25	2,8	35,27	224	333
11770	14,10	28,29	14,5	39,46	315	355
11771	1,5	399,282	4,1	221,210	223	281
11772	26,18	20,12	11,9	12,9	201	205
11773	1717,1310	244,211	1181,1362	215,228	365	222
11774	1201,905	1047,823	852,869	638,721	299	295
11775	890,716	931,758	628,678	608,711	295	282
11778	4,10	0,0	1,8	0,2	192	181
11779	259,198	1,3	197,190	1,3	189	192
11780	146,126	62,50	142,127	50,46	282	189
11781	129,135	62,50	124,107	50,46	294	189
11782	18,21	62,51	28,32	50,44	282	189
11783	122,105	0,1	114,92	0,3	282	189
11784	0,0	0,2	1,0	0,3	282	189
11785	105,138	175,127	121,106	132,132	242	282
11786	70,85	127,129	78,59	147,83	203	242
11787	83,85	188,136	74,75	142,147	243	276
11788	238,179	117,79	157,166	56,86	276	213
11789	235,177	0,0	154,164	1,0	276	213
11790	177,122	159,134	132,164	126,132	267	252
11791	66,74	237,143	67,70	107,110	208	271
11792	192,162	816,789	145,157	726,633	291	290
11793	382,357	853,725	348,301	631,644	230	238
11794	887,951	854,724	794,657	631,643	272	238
11795	912,976	608,561	809,681	502,400	272	222
11796	537,443	1114,854	378,406	828,756	224	356
11797	952,826	1088,837	738,727	804,743	434	356
11798	2869,2471	1692,1356	2237,1983	1457,1063	324	252
11799	77,57	122,99	50,46	100,94	260	269
11800	3,2	121,101	2,0	99,94	260	269
11801	24,36	10,7	46,18	4,9	252	176
11802	98,92	6,10	106,76	3,9	406	176
11804	17,16	96,108	18,12	122,82	233	380
11805	0,1	166,159	1,0	162,149	245	380
11806	103,91	73,67	83,88	50,37	380	304
11807	101,91	114,104	83,88	90,50	380	288
11808	33,39	74,63	47,23	50,37	380	304
11809	32,43	1636,1533	58,29	1383,1236	211	259
11811	35,25	62,80	31,22	73,43	265	385
11812	28,39	78,62	36,16	46,46	328	267
11815	16,12	21,11	12,2	12,8	305	214
11816	5,2	21,11	1,4	12,8	302	214
11818	21,12	38,27	13,13	30,22	334	305
11819	131,131	439,367	117,101	324,289	281	388
11820	201,195	439,367	202,163	324,289	284	388
11821	60,61	51,60	41,38	28,33	293	300
11822	34,36	71,48	27,18	52,44	220	293
11824	139,223	939,824	271,172	726,772	187	232
11825	336,273	298,264	260,217	229,197	239	215
11826	249,190	298,257	162,175	229,193	227	215
11827	249,195	278,226	164,177	181,171	227	239
11828	31,21	5,5	16,18	1,4	235	208
11829	110,65	5,5	62,62	1,4	263	208
11831	46,57	67,44	47,53	41,41	218	194
11832	0,0	67,44	1,2	41,41	182	194
11833	0,0	46,57	1,2	47,53	182	218
11834	0,0	165,153	1,4	112,110	182	218
11835	0,0	33,40	1,4	33,36	182	176
11836	39,76	65,86	34,48	55,62	233	244
11837	37,25	70,62	31,31	53,39	204	215
11838	637,547	785,782	573,516	678,667	232	229
11839	253,326	770,768	376,262	672,656	470	229
11840	71,62	769,770	61,56	670,654	379	229
11842	0,2	0,0	0,0	0,1	283	267
11843	0,2	0,0	5,1	0,1	249	267
11845	1,1	0,0	0,0	0,1	376	267
11846	0,2	0,0	0,2	0,1	283	267
11848	0,1	0,0	1,2	0,1	392	267
11849	0,1	0,0	1,2	0,1	369	267
11850	0,1	0,0	1,2	0,1	364	267
11851	0,1	0,0	0,0	0,1	191	267
11854	6,1	0,1	2,2	0,0	1035	261
11855	0,1	0,1	1,2	0,0	392	261
11856	0,1	0,1	1,2	0,0	364	261
11857	0,1	0,1	0,2	0,0	323	261
11859	6,1	0,2	2,2	0,2	1035	283
11860	0,1	0,2	1,2	0,2	392	283
11861	0,1	0,2	1,2	0,2	364	283
11862	0,1	0,2	0,2	0,2	323	283
11864	0,2	0,2	5,1	0,0	249	283
11868	0,1	0,2	1,2	0,2	369	283
11869	0,1	0,2	0,0	0,2	191	283
11871	0,1	0,2	2,1	0,0	249	283
11887	1,1	0,2	0,0	5,1	376	249
11902	0,1	0,1	3,0	0,0	221	245
11903	0,5	0,1	5,0	0,0	224	245
11906	16,40	393,405	29,13	361,327	268	796
11910	1,0	0,1	0,0	0,2	195	351
11911	30,24	84,55	16,26	44,60	224	284
11912	5,0	83,55	0,0	44,60	224	284
11913	70,46	35,29	35,34	53,38	284	224
11914	38,26	62,52	21,13	35,49	233	284
11915	38,30	24,22	34,23	18,19	266	246
11916	271,268	188,139	213,205	105,135	353	407
11917	323,247	97,85	195,230	101,75	407	303
11918	323,247	46,36	195,230	29,26	407	198
11919	323,247	89,99	195,228	94,52	407	303
11920	28,21	184,187	27,24	160,142	185	244
11921	2414,1836	1748,1456	1447,1541	1114,1049	264	240
11922	1888,1607	1761,1466	1283,1314	1125,1045	211	240
11923	2038,1809	1761,1466	1406,1487	1125,1045	407	240
11924	1892,1603	2424,2061	1278,1320	1712,1636	211	264
11925	1792,1471	2478,2143	1310,1289	1782,1710	237	407
11926	1793,1479	1327,1069	1311,1291	880,888	237	211
11927	1917,1592	1598,1292	1348,1249	1007,1098	228	237
11928	1445,1290	1247,1131	1116,1198	852,934	252	215
11929	1286,1142	1246,1131	1014,999	852,939	254	215
11930	5,4	1246,1131	10,6	852,939	273	215
11931	1132,949	2469,2049	919,855	1721,1707	227	252
11932	65,117	348,307	122,90	230,217	231	303
11933	66,116	236,213	122,90	193,187	231	303
11934	113,126	109,98	79,99	86,62	202	200
11935	78,72	122,107	65,70	87,82	227	250
11936	66,61	48,47	55,61	39,24	227	216
11937	89,72	55,59	69,72	47,35	250	216
11938	62,52	249,183	48,56	140,170	216	430
11940	201,180	144,93	132,152	96,101	275	264
11943	168,131	389,334	148,157	247,316	259	310
11944	1752,1522	2760,2256	1212,1234	1998,1776	245	290
11945	328,330	506,426	356,264	388,359	273	257
11946	328,330	263,201	356,264	190,183	273	198
11952	2,0	0,0	0,0	1,0	227	227
11953	3,0	0,0	0,0	1,0	317	227
11954	3,0	0,0	0,0	1,0	507	227
11955	3,0	0,0	0,2	1,0	1497	227
11956	2,4	15,17	1,3	9,10	207	221
11957	12,14	39,32	11,21	33,28	221	281
11958	221,139	394,364	145,100	303,304	252	279
11959	30,51	212,217	40,21	143,90	314	305
11960	455,366	47,42	274,290	30,45	792	361
11961	456,366	122,102	274,290	83,111	792	361
11962	78,54	429,375	35,44	273,294	255	792
11963	36,52	42,27	28,50	39,43	245	241
11964	83,66	110,109	46,66	69,103	247	297
11965	2,7	113,83	2,2	103,64	234	234
11966	240,232	249,247	131,158	155,160	225	297
11967	155,139	120,99	90,111	93,84	274	255
11968	133,126	169,154	86,101	95,127	304	298
11969	71,63	164,144	43,41	124,120	344	304
11970	43,19	492,373	19,18	353,337	292	326
11971	131,132	394,322	143,113	324,240	335	328
11972	42,19	83,75	19,20	73,70	292	337
11973	389,360	244,223	299,289	178,162	292	337
11974	43,19	256,232	19,18	185,171	292	337
11975	147,141	256,232	114,97	185,171	227	337
11976	1,1	242,223	0,0	175,159	292	337
11977	147,141	43,19	114,97	19,18	227	292
11978	436,454	311,248	398,351	226,215	334	292
11979	147,141	311,248	114,98	226,215	227	292
11980	1,3	110,80	1,2	69,73	189	290
11981	6,0	114,145	2,3	75,89	290	247
11982	9,0	109,144	0,3	76,91	290	247
11983	72,78	272,274	58,59	241,185	200	296
11984	73,77	426,334	58,59	311,285	200	320
11985	206,234	422,331	172,155	309,285	296	320
11986	67,42	38,42	52,32	27,55	271	261
11987	36,28	70,44	37,19	48,36	324	276
11988	55,46	89,64	30,36	50,48	287	324
11989	24,27	49,52	31,42	32,30	296	362
11990	11,21	38,34	20,18	14,28	297	296
11991	49,44	603,435	44,35	485,527	192	311
11992	49,44	920,652	44,35	700,833	192	659
11993	38,43	752,599	42,29	647,731	192	370
11994	161,151	21,8	173,133	3,10	191	186
11995	44,39	53,30	32,58	19,36	268	230
11996	4,14	1,0	1,0	0,0	732	284
11997	4,14	0,0	1,0	0,2	732	205
11998	15,5	29,14	7,6	13,9	276	316
11999	43,31	94,85	40,38	58,62	316	1406
12000	4,1	94,85	6,4	58,62	247	1406
12001	2,3	6,0	5,2	3,3	242	249
12002	207,202	446,451	148,199	290,310	362	362
12003	2219,2002	446,451	1606,1444	290,310	1171	362
12004	1244,1105	444,452	876,760	290,310	661	362
12005	1238,1100	711,622	875,748	484,472	661	308
12006	3,6	78,49	6,6	45,59	208	265
12007	33,56	115,85	26,15	73,61	253	348
12008	218,145	88,64	128,112	29,30	680	341
12009	42,34	84,46	32,35	47,97	286	313
12010	465,551	1557,1267	553,401	1102,987	233	226
12011	289,270	204,177	149,150	137,123	263	242
12012	382,368	1,1	255,241	0,0	3533	200
12013	616,509	317,284	483,413	209,182	312	238
12014	615,510	668,535	483,413	470,409	312	350
12015	234,227	669,532	223,150	469,406	238	350
12016	522,493	585,566	444,376	504,402	310	314
12017	107,94	153,118	65,87	91,70	226	224
12018	95,84	126,92	64,56	101,84	194	237
12019	169,149	216,167	102,124	136,159	237	286
12020	169,149	0,0	102,124	0,1	237	220
12022	956,778	1498,1228	758,705	1139,1146	231	266
12023	351,348	804,627	309,218	599,498	290	264
12024	350,344	37,39	308,218	42,30	290	267
12025	350,344	279,280	308,218	268,238	290	258
12026	889,858	281,282	822,631	269,236	365	258
12027	49,29	21,27	27,22	17,15	218	184
12028	33,29	72,70	21,26	51,46	184	250
12029	350,305	297,256	218,222	201,216	278	269
12030	337,250	215,186	193,170	198,174	260	278
12031	384,274	305,262	228,266	183,183	302	260
12032	2,0	5,6	0,2	1,0	314	173
12033	239,281	24,31	169,201	21,15	907	228
12034	78,82	76,83	66,51	75,70	292	279
12035	0,0	9,8	0,1	6,7	238	289
12036	253,286	346,326	228,248	319,241	233	220
12037	253,286	272,203	229,247	214,175	233	221
12038	117,102	220,174	119,92	187,198	244	324
12039	1,4	152,106	0,0	94,73	259	228
12040	9,6	431,370	5,5	292,258	259	228
12041	197,161	149,106	120,145	91,73	280	228
12042	200,163	18,20	122,145	19,13	280	259
12043	473,424	18,20	317,330	19,13	231	259
12044	179,142	18,20	103,126	19,13	220	259
12045	113,110	3,1	120,110	2,0	319	280
12047	768,623	768,700	602,502	650,530	275	316
12048	104,117	272,228	100,69	218,199	328	326
12049	100,113	161,133	96,69	138,113	328	312
12050	391,370	5,8	339,289	5,3	240	297
12051	1,5	18,16	2,2	12,10	265	173
12052	1,5	9,8	2,2	14,11	265	177
12053	21,23	56,55	24,23	46,53	323	230
12054	560,440	604,547	403,486	531,490	536	747
12055	6,4	259,211	7,0	180,170	270	211
12058	25,26	58,41	11,10	49,31	318	332
12059	2,0	3,4	1,0	2,2	229	199
12060	26,25	127,78	22,24	45,68	254	296
12062	15,18	12,15	6,11	3,9	415	212
12063	13,16	12,15	6,7	3,9	365	212
12064	289,261	559,442	210,187	381,428	219	247
12065	621,572	408,288	492,358	238,274	247	206
12071	28,30	66,71	28,32	61,54	198	245
12072	76,87	66,70	62,44	64,54	313	245
12073	60,69	116,112	63,39	94,56	245	245
12074	59,77	134,129	75,52	118,95	245	302
12075	922,849	464,453	783,627	362,338	466	260
12076	704,622	384,357	631,641	319,270	335	224
12077	704,622	697,626	632,640	589,490	335	245
12078	566,433	667,604	354,398	571,473	224	245
12079	564,428	1080,881	351,398	881,639	224	266
12080	518,425	1082,887	376,377	883,639	245	266
12083	107,98	104,78	107,84	91,81	303	227
12084	265,211	103,76	201,247	91,81	321	227
12085	258,208	145,136	191,236	131,150	321	263
12086	2,0	145,136	1,0	131,150	227	263
12087	101,104	152,138	73,75	143,161	227	263
12088	25,31	20,12	13,22	25,31	241	232
12089	46,39	28,24	48,42	10,30	307	240
12090	18,32	34,38	21,17	26,43	257	307
12091	33,26	33,24	10,11	31,26	253	257
12092	46,27	29,29	27,24	21,13	316	267
12093	23,13	28,12	14,18	21,17	257	293
12100	244,184	80,87	145,145	58,75	300	199
12101	255,190	180,112	161,154	93,104	266	256
12102	163,131	151,123	84,97	79,88	266	207
12103	0,0	148,123	1,1	77,88	266	207
12104	1717,1462	190,146	956,1110	110,125	1094	266
12105	380,346	316,292	285,257	194,145	372	347
12106	20,13	5,14	7,13	6,5	280	308
12107	35,31	20,7	15,19	13,12	319	263
12108	19,25	17,7	11,17	12,12	272	263
12109	35,31	16,8	15,19	12,12	319	281
12110	759,670	247,223	593,606	194,210	255	243
12111	68,63	103,72	30,39	64,63	240	277
12112	86,58	101,73	45,42	59,58	296	277
12113	83,56	34,41	48,47	27,33	296	240
12114	67,54	101,99	56,62	44,63	262	296
12115	1,0	101,101	0,4	43,64	262	296
12116	48,35	54,44	31,45	34,32	215	262
12117	32,26	41,32	29,26	23,27	217	215
12118	50,43	54,40	24,45	42,46	297	217
12119	177,135	3,6	125,131	6,3	233	233
12120	174,131	67,79	125,132	70,71	233	233
12121	273,259	163,160	174,240	131,146	341	233
12122	2,0	381,324	1,2	292,305	245	341
12123	634,659	1327,999	569,570	953,770	244	228
12124	1213,1065	1969,1647	936,907	1396,1262	243	289
12125	1769,1398	1328,993	1178,1149	953,770	289	228
12126	1122,920	2033,1686	782,701	1439,1377	228	263
12127	1818,1428	824,694	1260,1090	621,643	263	204
12128	1,0	0,0	0,0	2,0	260	226
12129	127,86	5,5	96,66	4,15	262	277
12131	8,7	13,18	8,6	4,3	302	401
12132	0,1	6,5	0,1	0,2	389	266
12134	71,75	157,119	65,57	123,114	248	221
12135	55,43	1,0	50,38	0,0	245	248
12136	443,392	574,505	284,297	428,519	251	239
12137	612,486	831,761	408,455	571,570	248	282
12138	600,475	430,509	399,451	344,352	248	255
12139	899,742	362,321	621,613	230,248	282	200
12141	1,0	3,2	0,0	0,4	211	247
12142	373,312	176,119	250,199	95,69	374	240
12143	394,403	306,274	286,279	251,176	344	374
12144	94,77	151,137	62,48	75,61	237	277
12145	192,200	70,98	116,90	51,29	327	254
12146	35,36	71,98	28,12	47,28	327	254
12147	107,132	71,98	57,56	47,28	280	254
12148	107,132	35,36	57,56	28,12	280	327
12149	107,131	75,92	61,56	70,39	280	327
12150	205,170	136,115	101,113	56,85	366	324
12151	207,171	53,52	101,112	35,36	366	213
12152	201,155	434,275	111,113	301,230	213	309
12153	200,155	49,29	113,113	31,18	213	309
12154	423,308	374,212	265,253	185,155	309	290
12156	1,1	0,3	3,3	1,0	255	264
12157	1,1	0,4	3,3	1,0	255	283
12158	10,10	0,4	3,5	1,0	269	283
12159	0,2	2,2	2,0	3,5	236	271
12163	352,320	311,204	317,267	171,144	305	269
12164	5,0	9,7	6,5	10,13	242	272
12165	4,4	64,56	9,4	45,45	242	323
12166	255,194	469,391	144,172	263,310	198	403
12167	55,58	47,43	80,60	55,45	210	722
12168	55,58	9,15	80,60	15,11	210	358
12169	55,58	68,51	80,60	41,47	210	227
12170	9,6	15,22	4,6	14,7	339	273
12171	11,7	46,24	9,6	45,38	209	644
12172	1,3	0,0	1,0	1,0	186	172
12173	0,1	4,0	0,0	0,2	258	1185
12174	27,39	157,164	31,21	162,134	179	275
12175	17,17	60,32	12,18	39,26	181	231
12176	31,26	119,64	27,17	73,55	231	312
12177	0,0	15,9	1,0	7,1	242	246
12178	69,55	48,45	52,26	47,38	246	260
12179	88,106	139,89	100,55	108,118	315	298
12180	49,39	111,112	34,27	110,75	226	386
12181	199,212	103,145	159,112	152,83	386	466
12185	370,360	179,142	247,337	113,122	371	242
12186	145,191	236,258	126,150	217,199	329	371
12188	134,119	147,139	102,97	115,119	269	247
12189	106,112	118,128	79,81	93,100	218	216
12190	95,104	295,285	74,80	219,210	218	325
12191	93,101	90,93	85,86	64,60	216	197
12195	1,0	0,0	0,0	1,6	230	259
12196	1,4	0,0	2,2	1,6	2112	259
12197	1,2	0,0	0,0	1,6	226	259
12201	2,0	5,6	1,1	10,5	252	252
12202	25,37	6,9	12,18	6,7	282	233
12203	62,43	29,34	22,34	26,27	299	270
12204	6,20	33,24	20,6	13,25	212	277
12205	178,169	375,349	149,140	260,261	240	340
12206	510,410	212,188	352,303	146,171	340	265
12207	130,84	548,403	88,86	275,310	232	285
12208	1416,1135	548,401	1049,724	275,311	232	285
12209	1253,1027	0,0	936,618	0,1	232	285
12210	1416,1135	11619,7690	1049,724	5937,5652	232	1495
12211	1416,1135	58,45	1049,724	42,32	232	222
12212	234,175	176,141	156,161	131,103	378	222
12213	605,503	265,195	452,274	181,190	187	378
12214	2191,1938	390,316	1503,1065	288,226	245	173
12215	2601,2518	1766,1402	1891,1832	1249,1002	212	227
12216	2601,2518	2389,1952	1891,1832	1689,1357	212	269
12217	40,38	2389,1950	22,21	1690,1357	212	269
12218	2601,2518	0,1	1891,1832	0,0	212	245
12219	40,38	0,0	22,21	1,0	212	245
12220	4646,3688	1195,939	3164,2747	704,492	230	212
12221	5508,4325	1195,939	3982,3860	704,492	251	212
12222	1,1	1195,939	2,1	704,492	246	212
12223	5509,4325	1727,1570	3981,3860	1197,864	251	230
12224	1,1	1727,1570	1,1	1197,864	246	230
12225	10276,8105	4963,4376	7406,7411	3465,3197	360	251
12226	7371,5797	4963,4376	5092,5156	3465,3197	289	251
12227	7236,5687	10424,8246	5147,4883	7695,7246	296	360
12231	2,6	58,70	5,10	59,58	223	639
12232	59,67	4,6	64,53	4,1	639	245
12233	73,67	253,248	40,42	156,193	228	411
12234	33,38	70,73	24,30	67,49	198	285
12236	69,50	145,99	47,52	97,111	270	344
12237	155,120	145,98	104,98	98,116	333	344
12238	65,57	211,150	52,57	121,127	268	317
12239	73,59	153,100	71,51	121,101	237	281
12240	0,0	1,2	1,0	0,0	243	222
12241	109,105	329,250	74,87	193,175	259	321
12242	15,5	43,31	7,14	29,37	214	255
12244	65,44	10,17	39,37	5,5	255	180
12245	29,13	11,32	12,18	6,19	407	248
12246	48,29	0,1	40,15	1,0	395	241
12247	25,23	78,62	13,9	51,61	204	267
12248	57,51	70,57	43,33	51,39	294	308
12249	263,211	354,345	152,172	246,275	244	279
12250	408,348	228,190	322,306	152,147	316	244
12251	52,76	130,108	59,58	88,91	222	243
12254	30,43	0,4	32,33	6,0	346	279
12255	319,285	263,200	263,219	232,150	240	268
12256	241,213	281,268	207,169	268,191	240	632
12257	241,213	276,260	207,169	261,184	240	291
12258	275,259	1,0	262,189	3,0	288	284
12259	828,847	12,13	575,652	7,4	353	283
12260	305,231	268,239	198,218	197,179	260	212
12261	469,465	139,111	339,323	87,109	281	184
12262	188,175	6,2	127,111	3,4	216	301
12263	239,196	537,393	207,166	373,373	238	301
12264	502,397	607,446	378,368	414,386	301	306
12267	10,7	11,2	7,7	1,4	228	265
12268	10,7	10,7	7,7	16,18	228	204
12269	11,2	10,7	1,4	16,18	265	204
12270	22,15	47,17	23,14	15,33	265	270
12271	21,11	45,17	18,10	15,34	204	270
12272	21,19	35,17	19,20	13,31	270	261
12273	304,280	469,397	266,198	394,372	305	293
12274	1081,934	94,80	736,751	66,71	283	266
12275	25,18	146,116	29,21	104,105	258	266
12276	476,361	359,305	276,296	229,210	259	242
12277	539,415	190,172	314,380	145,138	242	199
12278	322,260	295,248	225,206	230,196	231	239
12282	85,58	204,146	51,40	153,108	212	320
12283	144,119	1,4	99,71	3,0	320	279
12284	35,39	1184,1025	29,25	909,882	247	334
12285	880,729	11,7	621,657	2,0	334	256
12287	147,89	437,351	107,76	301,305	212	310
12288	132,107	145,120	90,85	93,88	239	212
12289	332,226	139,118	198,202	93,85	298	212
12290	275,237	146,128	247,231	94,96	303	212
12291	305,250	140,121	240,224	92,85	238	212
12292	338,228	241,175	198,205	174,154	298	239
12293	275,236	271,205	246,231	188,176	303	239
12294	312,261	240,173	241,233	165,152	238	239
12295	278,238	265,182	254,233	172,166	303	298
12296	338,281	228,165	262,246	160,145	238	298
12297	344,270	363,248	250,244	217,229	238	303
12298	28,35	7,9	24,20	1,0	400	329
12299	220,147	18,20	148,109	14,10	525	293
12300	1225,986	12,17	844,926	10,8	1695	293
12301	1331,1079	18,20	894,988	14,10	1695	293
12302	1237,982	3,0	845,926	0,0	1695	293
12307	44,42	20,28	31,30	27,12	293	272
12308	29,22	0,7	17,20	5,3	293	272
12309	29,22	292,242	17,20	184,205	293	356
12310	29,22	102,72	17,20	65,83	293	278
12311	0,7	292,242	5,3	184,205	272	356
12312	0,7	102,72	5,3	65,83	272	278
12313	0,7	79,63	5,4	56,54	272	242
12314	11,14	68,60	11,9	49,51	272	242
12315	23,16	1,0	13,19	2,0	251	233
12316	23,16	27,8	13,19	13,15	251	212
12317	11,14	60,38	18,8	25,44	239	305
12318	12,14	32,20	10,8	6,10	183	239
12319	68,51	106,64	45,37	45,42	197	184
12320	10,17	106,64	10,4	45,42	219	184
12321	2,1	106,64	2,1	45,42	305	184
12322	49,39	89,65	34,31	56,60	185	197
12323	1,0	87,62	0,0	56,57	185	197
12324	273,264	123,93	201,242	71,68	313	185
12325	10,16	123,93	10,13	71,68	164	185
12326	123,114	273,217	97,127	164,154	207	313
12328	13,6	57,42	24,11	28,29	231	266
12329	36,11	11,7	10,15	5,12	195	172
12330	36,11	38,21	10,15	26,28	195	231
12331	29,23	38,21	20,23	26,28	233	231
12332	25,23	37,12	18,21	12,15	233	195
12333	6,2	2,0	0,6	0,1	194	265
12336	31,42	26,17	50,25	13,25	210	206
12337	18,13	26,17	18,33	13,25	208	206
12338	18,13	36,16	18,33	25,22	208	210
12339	491,404	826,628	389,314	541,505	206	244
12340	93,100	205,186	102,54	121,133	231	261
12341	62,58	27,44	41,42	25,11	209	200
12342	212,197	37,55	178,179	38,49	326	209
12343	143,106	36,54	87,81	36,44	256	209
12344	340,305	179,129	290,285	120,119	385	326
12345	239,196	54,43	176,149	33,36	406	193
12346	97,77	149,151	75,67	92,88	259	305
12347	217,167	247,176	114,137	139,132	241	283
12348	336,277	321,255	259,194	245,218	275	302
12349	116,104	83,62	84,56	55,67	335	329
12350	109,56	50,70	84,89	36,38	274	228
12351	72,60	21,13	45,34	11,15	227	207
12352	74,64	20,14	42,34	18,18	227	207
12353	72,60	31,35	45,34	39,37	227	282
12355	299,255	179,228	254,193	223,158	301	367
12358	6,5	0,1	9,6	2,0	204	211
12359	6,5	0,2	9,6	1,0	204	208
12360	0,6	2,0	0,2	0,0	204	309
12361	0,0	2,2	1,0	0,0	267	279
12362	0,0	5,3	1,0	0,0	267	274
12366	2,2	2,0	0,0	1,0	279	288
12367	18,11	24,15	12,3	11,15	244	260
12368	18,11	10,10	12,2	5,12	244	251
12370	1,2	22,19	11,14	14,17	290	290
12371	229,187	323,321	134,155	305,228	260	291
12373	1,4	3,0	2,0	0,0	274	194
12374	3,1	0,1	0,1	1,0	212	243
12375	3,1	0,2	0,1	1,1	212	190
12376	7,3	221,170	3,0	193,150	180	229
12377	0,2	0,0	0,0	0,1	257	265
12383	1,3	1,2	1,0	0,0	204	214
12384	27,43	44,26	18,10	20,30	275	314
12385	245,257	118,104	175,214	91,55	338	237
12386	0,5	0,3	0,2	0,0	271	275
12387	0,2	0,3	0,1	0,0	223	275
12388	0,1	10,20	0,0	6,6	240	473
12389	43,31	39,37	31,29	18,22	258	282
12390	10,17	307,247	25,10	235,212	298	1099
12410	1,0	72,71	0,2	68,94	197	271
12411	317,257	95,89	195,163	63,68	358	226
12412	49,32	65,71	36,23	39,42	255	202
12413	57,38	65,71	35,22	39,42	199	202
12414	33,25	7,7	22,18	6,0	186	255
12415	33,25	53,60	22,18	53,35	186	199
12416	123,94	52,47	78,87	35,38	241	186
12417	83,82	59,66	72,50	38,47	200	244
12418	5,8	20,23	6,6	17,8	266	200
12419	5,2	19,21	3,6	17,9	266	200
12420	35,31	23,21	28,30	17,8	268	200
12421	12,14	16,21	24,10	11,27	277	580
12422	39,34	118,107	31,34	106,72	268	289
12423	130,103	88,71	129,78	71,57	301	242
12424	2,4	4,1	1,3	1,0	225	191
12429	1085,896	109,120	657,667	101,88	1484	356
12435	170,151	376,282	109,142	226,269	247	289
12436	171,148	144,91	110,144	71,86	247	217
12437	27,13	34,17	16,25	16,18	239	279
12450	7,7	39,36	11,4	39,28	279	281
12451	44,49	7,8	38,33	9,9	360	211
12452	14,8	6,9	7,5	9,10	236	211
12453	162,103	6,9	87,89	9,10	327	211
12454	38,33	39,41	25,38	34,27	226	263
12455	26,28	36,37	28,25	29,29	236	263
12456	15,6	36,41	6,5	30,27	236	263
12457	47,48	0,0	35,30	1,0	352	226
12458	118,122	0,0	98,85	1,0	360	226
12459	121,125	17,18	103,85	16,5	360	226
12460	47,52	16,18	43,33	17,6	360	226
12461	47,52	19,18	43,34	16,8	360	226
12462	27,28	19,18	29,26	16,8	236	226
12463	33,35	16,18	32,18	18,5	239	226
12464	27,28	47,52	29,26	43,34	236	360
12465	25,28	110,108	30,25	83,84	236	360
12466	14,6	8,5	8,5	5,4	236	311
12467	163,103	8,5	86,92	5,4	327	311
12468	16,12	77,77	14,6	65,57	327	311
12469	162,103	14,8	87,89	7,5	327	236
12470	160,103	17,6	86,91	7,6	327	236
12471	163,103	14,6	86,92	8,5	327	236
12472	160,103	14,6	86,90	6,5	327	236
12473	16,36	36,25	18,19	13,21	219	242
12474	8,6	27,18	4,5	9,5	289	249
12475	28,12	27,18	11,16	9,5	269	249
12476	27,12	5,7	11,16	11,12	269	177
12477	38,31	17,11	19,15	8,19	249	214
12478	21,12	4,6	9,10	12,12	214	177
12480	355,311	104,98	216,266	58,95	338	200
12481	320,289	107,71	197,246	94,67	338	216
12482	91,83	142,91	54,77	102,86	200	216
12483	22,18	54,60	8,9	68,59	201	298
12484	7,3	54,60	9,4	68,59	198	298
12485	620,486	496,395	317,409	307,319	351	302
12486	341,236	133,89	201,192	119,93	302	261
12487	43,65	53,40	35,37	40,27	193	219
12488	47,63	2,3	42,37	0,7	193	219
12489	46,61	133,145	43,44	124,124	219	271
12490	43,59	3,4	41,37	3,0	219	271
12491	43,59	174,181	41,37	154,124	219	284
12492	3,4	174,181	3,0	154,124	271	284
12493	99,81	174,185	98,73	149,131	271	284
12496	196,182	357,313	159,134	236,287	225	241
12497	495,424	387,336	362,305	257,320	313	287
12498	370,401	254,239	291,284	230,241	288	233
12499	262,263	149,135	249,165	146,112	233	230
12500	225,219	273,235	259,170	217,205	230	238
12502	703,690	741,568	692,564	566,480	251	241
12503	126,120	298,270	92,95	202,281	292	286
12504	78,60	90,73	46,55	81,60	240	254
12505	39,35	56,51	42,23	34,31	217	240
12506	37,41	57,51	46,17	32,29	217	240
12507	26,23	155,158	36,16	92,89	215	217
12508	81,78	163,163	69,54	112,109	313	415
12509	28,37	163,163	24,18	112,109	635	415
12510	89,53	61,55	51,44	56,40	315	256
12511	72,95	61,56	73,57	56,38	320	256
12515	328,268	40,31	257,240	29,24	378	199
12516	2,0	3,10	4,0	19,7	210	227
12517	4,6	7,5	5,3	4,3	252	210
12518	1,0	18,12	0,0	5,20	212	371
12520	2,3	12,4	2,2	8,7	284	253
12521	31,20	3,2	22,19	0,1	252	183
12522	0,2	41,30	0,0	17,21	222	244
12523	28,33	19,19	41,36	33,23	253	227
12524	27,39	99,96	17,29	66,74	279	253
12525	59,53	45,46	38,45	44,51	238	279
12526	119,123	151,181	101,79	125,101	284	292
12527	80,79	94,90	76,64	72,65	431	364
12528	46,53	106,109	22,26	99,75	262	431
12529	87,83	106,109	33,51	99,73	282	431
12530	33,39	35,30	37,40	33,29	268	262
12531	882,840	934,846	625,703	721,644	312	296
12532	955,851	1029,921	612,685	791,694	288	569
12533	955,851	77,62	612,685	55,51	288	312
12534	937,840	846,685	607,687	562,528	288	312
12535	9,14	522,516	9,2	395,374	259	259
12536	511,491	522,516	336,383	395,374	1381	259
12537	462,311	1001,739	299,276	579,624	230	259
12538	4,0	998,730	0,1	574,614	230	259
12539	462,311	1023,748	299,276	583,625	230	1381
12540	466,317	486,391	302,277	290,336	230	226
12541	368,368	5,5	301,290	5,1	263	230
12542	290,316	341,317	221,220	205,251	223	230
12543	5,9	49,41	4,2	38,41	359	359
12544	28,31	3,5	16,11	1,0	421	291
12547	293,228	601,560	207,182	500,487	238	355
12548	6,6	392,373	11,9	289,317	229	285
12549	339,316	98,78	314,253	67,66	343	176
12550	587,593	1121,915	480,471	872,738	276	275
12551	83,79	222,201	71,48	185,187	201	223
12552	205,201	259,213	169,158	214,215	223	226
12553	150,124	147,125	124,120	137,151	226	220
12554	594,540	4017,3250	556,540	2908,3018	266	303
12555	6,8	8,6	2,1	7,4	303	261
12556	6,8	9,5	2,1	7,4	303	248
12557	6,8	8,6	2,1	7,4	303	251
12558	13,6	8,7	2,1	4,3	303	378
12559	0,1	7,15	4,1	6,8	320	378
12561	8,4	27,30	10,10	28,19	286	285
12562	9,6	27,30	10,6	28,19	366	285
12564	33,18	1,1	14,28	0,0	363	263
12565	119,93	142,115	64,97	141,129	289	327
12566	288,218	8,7	179,220	3,1	289	177
12567	88,66	157,118	55,62	110,112	217	289
12568	6,3	154,119	5,6	108,109	217	289
12569	121,123	154,119	97,99	108,109	294	289
12570	121,123	6,3	97,99	5,6	294	217
12571	122,123	70,60	95,100	36,63	294	217
12572	2,1	148,100	0,5	88,105	213	294
12573	45,46	113,111	64,36	83,64	191	219
12574	22,30	113,112	28,21	84,64	272	219
12575	45,46	147,138	64,36	114,94	191	223
12576	76,59	46,38	69,43	45,37	272	191
12577	167,161	0,1	168,112	0,0	272	226
12582	0,2	29,10	0,0	25,23	205	199
12584	11,10	2,0	7,2	8,4	362	308
12585	11,10	5,1	7,2	3,2	362	291
12586	11,10	2,0	7,2	0,0	362	202
12587	2,0	5,1	8,4	3,2	308	291
12588	2,0	2,0	8,4	0,0	308	202
12589	1,1	2,1	0,1	1,0	280	250
12590	1,1	3,0	0,1	0,0	280	233
12591	2,1	3,0	1,0	0,0	250	233
12592	0,2	506,478	4,4	381,345	257	316
12594	23,19	0,3	16,16	2,0	239	242
12597	104,96	384,304	93,74	249,244	200	261
12598	407,347	305,269	343,300	210,258	315	264
12599	253,214	317,344	213,216	278,247	254	315
12600	12,10	1,0	6,1	0,0	305	244
12603	0,0	0,6	2,0	5,5	239	229
12622	7,4	22,19	5,7	15,21	201	267
12623	287,305	493,388	309,264	347,334	293	263
12624	219,228	494,386	200,138	347,332	251	263
12625	217,228	516,476	200,140	411,281	251	293
12626	415,360	270,332	361,285	251,171	289	261
12633	83,86	136,99	78,74	83,70	285	293
12634	224,173	137,99	147,121	82,70	419	293
12635	88,66	296,279	23,44	220,164	290	257
12636	80,54	188,169	46,45	142,141	225	323
12637	134,129	92,47	99,83	70,66	319	225
12642	1,1	49,35	0,0	40,33	292	238
12643	53,36	73,61	25,31	58,58	238	259
12644	168,176	1201,934	158,155	761,878	310	841
12645	1090,839	299,208	728,798	153,183	841	320
12646	364,263	394,307	211,284	271,314	320	351
12647	105,118	145,164	85,51	114,86	284	251
12648	4,3	99,86	5,8	68,67	239	247
12649	79,68	99,86	53,37	68,67	243	247
12650	5,2	7,3	5,0	5,2	290	243
12651	8,6	7,3	1,11	5,2	320	243
12652	8,6	5,2	1,11	5,0	320	290
12653	7,6	125,92	1,11	75,43	320	290
12654	6,4	78,71	5,2	54,58	310	289
12657	89,49	4,0	51,48	0,0	310	252
12658	49,50	157,132	32,43	127,107	220	326
12659	160,125	168,117	113,131	108,152	326	309
12660	139,110	185,115	108,86	125,123	309	364
12661	67,71	55,46	68,62	40,39	271	263
12662	63,61	29,32	48,60	26,33	310	211
12663	28,32	82,53	19,30	32,57	243	305
12664	66,33	55,56	45,52	52,47	352	308
12665	6,3	55,56	8,9	52,47	262	308
12666	55,45	158,87	42,36	106,89	222	292
12669	3,1	17,6	5,0	7,2	270	232
12670	6,5	1,4	5,3	2,1	270	225
12671	1,1	14,6	4,0	11,11	210	268
12672	1,1	9,7	0,0	8,13	210	268
12673	1,1	8,9	4,0	5,8	210	270
12674	418,341	4,1	308,337	3,4	1194	210
12675	482,448	211,174	416,403	121,124	265	278
12676	650,566	25,15	521,528	6,9	338	265
12677	856,716	659,570	676,644	548,528	315	338
12678	242,249	600,587	231,187	501,488	283	315
12679	447,492	600,587	339,380	501,488	875	315
12680	19,5	340,318	9,15	195,211	239	450
12689	6,11	0,1	7,2	0,0	395	190
12690	6,9	9,12	9,2	5,8	395	1724
12691	854,604	12,11	586,622	6,7	276	287
12692	854,604	461,407	586,622	408,377	276	248
12693	111,112	546,411	131,100	334,361	284	260
12699	17,20	123,68	19,15	68,93	211	290
12700	88,78	108,91	67,66	82,56	305	350
12701	25,22	15,6	18,19	10,9	214	222
12705	0,1	5,3	0,2	2,3	195	226
12706	49,39	57,53	39,40	38,45	262	290
12707	18,13	52,26	10,9	18,40	217	270
12710	42,37	69,59	23,26	43,60	261	273
12711	154,132	71,60	82,78	43,61	354	273
12712	119,116	7,6	103,102	5,9	289	194
12713	73,62	67,22	52,57	30,48	289	238
12714	19,10	114,77	7,11	81,93	194	238
12715	40,44	83,68	37,37	68,83	238	285
12716	58,19	81,67	20,23	70,83	238	285
12717	44,43	143,94	29,31	88,85	227	341
12718	1299,1254	1002,849	1031,965	857,795	302	245
12719	1046,856	1186,1062	749,768	998,884	245	240
12720	74,49	13,7	65,41	9,8	312	229
12721	58,50	101,46	51,37	89,55	261	312
12722	3,3	2,2	0,0	3,4	241	229
12723	11,12	4,2	1,5	5,2	296	233
12724	138,141	155,97	114,125	123,109	304	272
12725	274,202	1,6	212,175	2,0	272	185
12726	599,549	384,313	423,411	301,265	374	356
12727	22,32	111,113	38,18	85,66	226	302
12728	93,89	416,319	62,75	312,334	302	844
12729	119,106	98,86	64,93	62,67	335	302
12730	76,60	119,105	52,41	91,76	257	375
12731	0,2	48,63	0,0	59,33	368	284
12732	48,55	48,63	30,23	59,33	286	284
12733	44,40	84,53	43,40	72,52	283	334
12734	12,14	24,26	11,12	25,15	235	244
12735	5,8	18,15	8,18	12,22	244	241
12736	0,0	734,531	1,0	429,454	182	1001
12737	11,28	10,16	14,9	19,10	266	218
12738	105,121	10,13	102,90	19,8	211	218
12739	62,48	105,104	43,54	96,80	291	319
12740	67,63	88,73	32,46	77,92	236	302
12741	292,278	167,183	248,195	157,102	380	206
12742	78,85	66,97	84,69	85,61	248	311
12743	108,91	65,62	95,57	55,35	311	224
12744	1397,1262	869,728	1209,1003	603,564	316	254
12746	317,329	281,236	317,285	169,192	368	281
12749	3,3	93,60	7,2	47,31	325	276
12750	3,3	91,68	7,2	49,33	325	289
12751	7,2	19,16	13,2	13,6	325	320
12754	5,5	3,0	2,6	0,0	249	211
12755	1,2	0,1	0,0	2,0	271	256
12756	27,22	0,1	28,12	2,0	320	256
12757	27,22	1,2	28,12	0,0	320	271
12758	40,30	124,112	31,37	87,111	237	710
12759	8,4	68,64	5,5	34,47	206	239
12760	84,47	52,36	48,38	40,38	364	248
12763	84,62	49,30	73,65	47,31	271	267
12764	84,62	21,15	73,65	14,21	271	329
12765	107,101	124,80	118,103	100,66	281	266
12766	17,21	12,11	18,7	6,4	359	352
12767	17,24	3,7	12,19	2,2	301	205
12768	5,5	7,6	2,2	10,1	265	304
12769	921,770	1051,826	695,627	786,757	233	259
12770	13,9	1051,826	9,12	786,757	210	259
12773	3,1	1,0	1,0	0,0	206	266
12774	1,1	6,3	0,0	3,1	245	187
12776	542,432	1553,1518	413,330	1125,1071	292	350
12777	10,4	204,166	11,9	126,136	237	239
12778	10,4	220,191	11,8	206,165	237	266
12779	139,107	220,191	97,82	206,166	239	266
12780	134,106	195,191	97,82	154,134	239	272
12781	252,192	199,193	153,189	154,134	266	272
12783	83,123	196,197	114,90	180,150	272	272
12784	299,306	872,916	226,216	770,638	272	530
12785	285,299	351,395	223,214	373,306	272	530
12786	596,632	445,416	597,488	275,265	530	272
12787	11,7	414,422	3,0	356,282	272	272
12788	405,415	416,422	318,255	356,282	272	272
12789	405,415	3,1	317,255	1,1	272	272
12790	481,435	306,303	288,294	229,186	272	269
12791	415,422	402,383	347,282	307,272	269	275
12792	353,351	582,580	279,223	407,409	275	321
12793	525,504	799,713	382,348	590,533	321	377
12794	827,775	520,394	615,573	319,308	377	268
12795	830,777	15,21	614,569	13,11	377	268
12796	389,364	524,447	289,267	322,373	268	289
12797	371,346	18,18	271,253	4,6	268	291
12798	20,24	458,453	19,15	448,318	291	320
12799	526,441	458,461	317,363	452,320	291	320
12800	556,519	473,464	438,451	452,322	302	320
12801	550,515	464,492	433,449	334,379	302	307
12802	68,90	287,269	73,51	219,252	320	227
12803	337,423	292,274	362,290	224,254	320	227
12804	213,219	481,522	213,158	359,397	227	307
12806	16,18	66,58	9,12	36,23	213	292
12807	263,231	463,411	218,178	285,310	220	230
12808	763,625	469,422	465,421	392,327	293	305
12810	204,181	340,284	133,176	298,263	241	225
12811	221,150	263,270	130,110	218,222	221	241
12812	275,230	263,270	208,227	218,222	216	241
12813	346,223	257,198	217,229	191,217	244	221
12817	14,20	13,17	11,14	20,20	317	292
12818	10,0	1,4	3,8	0,1	293	272
12821	26,7	64,62	4,22	50,59	242	289
12822	1,0	48,45	1,2	32,48	242	289
12823	51,51	18,9	51,53	23,15	300	242
12824	4,1	23,21	2,2	21,20	247	252
12825	24,21	4,1	23,20	5,6	228	247
12826	0,2	1,0	0,0	3,5	228	247
12827	14,2	1,0	5,0	3,5	265	247
12828	25,22	15,24	24,21	18,25	228	304
12829	49,47	1,1	44,40	0,1	265	228
12830	14,2	0,2	5,0	0,0	265	228
12831	10,4	2,3	7,3	0,0	265	228
12832	44,47	33,20	45,41	29,19	265	228
12833	9,3	32,22	6,1	29,18	265	228
12834	32,16	53,30	12,21	42,29	204	265
12835	10,5	42,28	9,9	39,29	312	265
12836	184,129	97,96	90,112	73,81	290	212
12845	0,0	2,3	1,0	0,0	272	275
12847	1232,1067	202,241	991,931	173,146	331	205
12848	1232,1067	91,98	991,931	83,81	331	188
12849	19,22	352,275	14,35	261,220	780	248
12850	19,22	206,147	14,35	137,134	780	241
12851	14,22	352,275	17,29	261,220	376	248
12857	232,190	51,58	189,146	51,58	270	237
12858	164,174	32,46	153,123	43,34	312	280
12859	84,106	131,144	100,80	119,118	343	278
12871	126,138	133,57	87,114	52,78	308	338
12872	41,27	71,58	22,43	48,46	200	239
12873	3186,2987	6295,5306	2787,2629	4772,4635	284	352
12874	5654,4753	3187,2577	4383,3933	2322,2447	352	327
12875	135,110	46,50	112,75	42,30	338	275
12876	126,102	38,42	91,95	32,33	356	338
12877	4,12	3,8	0,1	5,8	235	222
12878	17,8	9,10	6,2	3,7	222	200
12879	39,43	0,1	28,48	0,0	290	208
12880	22,19	40,30	7,13	17,41	301	265
12881	17,17	27,16	15,11	15,12	243	264
12882	1178,839	367,264	733,792	281,296	352	256
12883	1225,927	556,473	838,820	393,461	436	272
12884	544,401	2329,1823	369,392	1560,1687	272	583
12885	2257,1791	56,45	1488,1702	32,25	583	258
12894	29,24	22,18	14,14	15,16	214	222
12895	30,24	57,57	22,11	35,30	222	301
12896	66,48	41,23	44,28	19,24	291	252
12897	41,32	95,74	29,28	54,86	252	326
12898	21,42	108,58	25,32	75,78	237	281
12899	55,54	46,41	46,45	33,41	281	227
12900	1038,943	61,60	869,801	86,75	2477	287
12901	137,131	123,120	105,105	110,118	258	225
12904	109,84	13,7	89,92	8,4	300	195
12905	7,13	142,174	5,5	111,104	300	258
12906	65,49	145,175	33,50	111,104	195	258
12907	115,107	172,194	71,75	131,132	238	258
12908	217,206	402,360	149,177	288,314	276	325
12909	443,361	748,668	249,294	460,532	325	432
12910	635,555	771,789	407,441	546,605	432	407
12911	803,777	655,547	542,677	379,460	407	350
12912	0,0	403,295	1,0	235,324	210	755
12914	855,579	75,50	509,413	57,66	567	327
12915	857,579	74,51	511,419	56,65	567	327
12916	444,287	13,10	288,274	12,12	327	288
12917	444,287	749,581	288,274	448,525	327	300
12918	13,10	749,581	12,12	448,525	288	300
12919	628,557	207,142	403,451	170,140	322	224
12922	0,1	4,5	2,0	4,3	299	377
12923	49,38	91,60	37,44	52,64	228	247
12924	2,1	70,32	0,0	27,38	247	278
12925	137,101	1,0	55,80	0,3	247	278
12926	138,96	71,32	54,80	27,40	247	278
12927	127,97	101,96	78,95	65,61	278	276
12928	145,133	114,95	126,95	75,66	362	300
12929	136,75	19,21	75,97	17,12	257	267
12930	211,193	4,11	192,140	10,6	321	275
12974	6,3	0,1	0,1	1,0	283	307
12975	18,12	24,32	7,11	29,18	231	230
12976	93,164	1203,956	155,133	1003,783	220	278
12977	1,0	21,13	0,0	4,7	249	360
12978	1,0	28,12	2,0	4,13	236	360
12979	125,141	156,113	83,68	73,119	280	245
12983	109,63	123,102	59,43	137,99	215	236
12984	2,4	2,1	7,2	2,0	204	306
12985	16,11	4,6	11,8	4,0	306	254
12986	16,11	64,84	11,8	78,67	306	340
12987	4,6	64,84	4,0	78,67	254	340
12988	18,17	73,63	17,23	49,41	233	233
12989	18,17	37,25	17,23	29,27	233	236
12990	21,25	37,25	19,9	29,27	230	236
12991	21,25	73,63	19,9	49,41	230	233
12992	37,25	73,63	29,27	49,41	236	233
12993	48,81	84,53	34,77	51,58	297	286
12994	104,83	101,79	55,51	65,69	231	230
12995	76,93	123,85	52,43	65,66	266	231
12996	3,0	108,81	0,1	68,62	254	297
12997	186,121	38,33	96,95	12,17	384	205
12998	11,10	170,163	0,9	142,168	266	267
12999	58,47	85,80	33,40	57,45	232	267
13000	1,10	185,143	3,7	103,85	213	351
13002	110,107	127,100	108,111	104,102	392	430
13003	110,107	36,27	108,111	27,26	392	349
13004	1,0	198,167	0,0	125,98	203	254
13005	2,3	158,156	2,2	130,132	255	219
13006	25,46	172,165	30,21	142,132	329	348
13008	891,773	239,139	682,703	130,177	844	275
13009	51,42	97,104	32,26	76,53	314	298
13010	191,156	109,95	104,113	64,88	335	259
13011	119,111	81,54	83,94	71,71	259	293
13012	18,16	61,70	9,15	60,57	317	500
13013	33,69	4,4	69,67	3,2	500	287
13014	38,24	66,50	22,23	65,29	287	304
13015	34,29	47,61	21,37	65,38	404	285
13016	33,31	26,16	20,37	22,21	404	313
13017	3,18	67,50	16,7	67,29	285	304
13018	3,13	26,18	10,5	20,21	285	313
13019	51,72	26,22	68,41	26,23	304	313
13020	2,0	2,0	2,2	0,0	263	300
13025	56,48	49,52	37,31	51,26	311	239
13026	47,30	24,23	30,48	20,25	314	259
13027	53,51	56,23	44,68	42,36	289	314
13028	67,59	42,45	46,30	38,28	325	336
13029	4,3	1,2	1,0	4,4	231	345
13030	4,3	2,5	1,0	0,4	231	192
13031	1,2	2,5	4,4	0,4	345	192
13032	68,50	50,47	50,61	43,33	299	305
13034	184,135	137,171	131,123	152,101	251	309
13035	240,204	153,114	190,151	98,104	280	235
13036	545,455	197,163	382,375	144,143	429	280
13037	203,163	198,166	124,141	142,143	281	280
13038	204,163	539,495	122,140	420,357	281	429
13039	4,8	55,51	6,6	45,43	248	263
13040	276,270	462,381	219,180	349,393	303	367
13041	0,1	296,215	0,2	178,184	238	331
13042	12,7	35,21	10,13	22,24	254	292
13043	21,19	17,17	24,13	22,20	292	259
13044	315,313	336,299	258,236	267,205	340	290
13045	260,215	158,202	202,162	161,135	290	251
13046	1939,1610	3905,3323	1467,1236	3152,2326	221	246
13047	375,255	2857,2511	246,194	2291,2188	246	223
13048	3518,2887	2857,2511	2494,1921	2291,2188	243	223
13049	59,81	9,8	43,45	4,2	279	199
13050	82,141	47,67	117,80	40,42	328	279
13051	194,193	136,193	143,128	164,118	265	538
13052	196,193	187,261	146,130	205,162	265	538
13053	198,198	31,45	147,132	26,14	265	336
13054	196,193	13,26	146,130	18,9	265	328
13055	198,198	21,37	147,132	29,13	265	328
13056	192,193	25,40	144,128	21,10	265	328
13057	185,169	16,13	126,101	12,5	293	308
13058	11,7	116,91	7,7	63,61	254	293
13059	3,3	121,100	1,0	70,65	378	293
13060	13,7	121,100	5,2	70,65	270	293
13061	8,2	6,1	4,2	1,1	254	293
13062	227,167	106,56	157,136	63,82	256	230
13063	224,162	152,107	152,131	104,75	256	278
13064	224,162	104,68	152,131	59,97	256	259
13065	121,96	114,72	85,86	88,71	230	244
13066	111,107	98,59	92,75	81,62	244	221
13067	2,8	2,0	8,12	1,0	392	276
13068	477,394	530,414	330,388	349,350	327	301
13069	4,2	443,324	1,5	341,307	223	287
13070	1,9	3171,2648	11,3	2211,2187	190	1073
13071	4,1	3171,2648	2,3	2211,2187	274	1073
13072	72,73	3180,2659	80,76	2220,2193	274	1073
13073	2958,2514	433,357	2117,2052	321,324	1073	332
13074	7,7	249,206	13,7	172,197	213	183
13077	1,0	0,0	1,3	1,0	246	570
13081	139,116	3,2	120,95	2,2	194	319
13082	332,262	343,262	229,256	218,265	245	261
13083	640,433	591,469	334,397	318,352	370	315
13087	1,0	9,0	0,0	0,2	221	257
13088	79,60	32,37	41,59	21,13	210	207
13089	201,192	116,130	151,107	82,93	361	210
13090	277,241	252,206	192,164	143,149	313	361
13091	63,59	238,203	53,53	126,132	202	361
13092	78,69	182,178	71,71	133,93	202	313
13093	3,2	52,46	2,1	32,17	189	949
13095	267,251	235,229	187,153	178,173	244	199
13096	347,286	217,165	234,257	148,123	271	224
13097	410,420	59,74	318,352	54,54	251	285
13098	409,418	1073,951	318,352	811,858	251	260
13099	409,418	47,35	318,352	20,29	251	285
13100	1237,1055	753,634	923,934	527,599	285	240
13101	1223,1013	8,11	885,901	5,9	285	240
13102	1223,1013	1071,952	885,901	812,858	285	260
13103	1182,992	7,7	867,876	4,3	285	260
13104	1183,995	1549,1162	871,877	994,1019	285	317
13105	2,7	1073,951	3,5	811,858	240	260
13106	8,11	1071,952	5,9	812,858	240	260
13107	573,523	1126,1007	456,462	867,916	240	260
13108	46,45	1592,1185	51,41	1011,1044	260	317
13109	46,45	902,619	51,41	535,564	260	236
13110	43,41	306,238	43,38	190,198	260	317
13111	43,41	1381,955	43,38	952,967	260	281
13112	795,618	1553,1168	579,583	998,1027	260	317
13113	795,618	900,617	579,583	535,565	260	236
13114	306,238	1381,955	190,198	952,967	317	281
13115	1661,1483	1391,957	1226,1361	958,971	317	281
13116	1648,1476	698,508	1217,1356	491,490	317	230
13117	15,12	1391,957	10,4	958,971	236	281
13118	8,6	698,508	4,1	491,490	236	230
13119	1076,798	708,515	706,742	500,495	281	230
13120	1073,800	836,648	701,721	658,654	281	266
13121	834,588	846,649	580,600	663,675	230	266
13122	1357,935	691,596	905,913	499,551	266	211
13123	373,286	2391,1854	272,245	1601,1511	211	252
13124	46,29	12,7	48,20	14,8	239	203
13125	41,22	81,66	24,20	41,53	235	304
13126	109,105	72,55	101,81	39,50	363	304
13127	1197,971	48,32	932,881	26,19	199	253
13128	429,340	1268,1006	307,268	904,870	202	377
13164	4,2	1,0	3,7	0,2	464	246
13165	4,3	1,0	3,7	0,2	464	268
13166	4,2	3,0	3,7	0,0	464	272
13167	4,2	1,0	3,7	0,2	464	268
13168	4,2	1,0	3,7	0,2	464	246
13173	1,0	1,0	0,1	0,2	306	268
13174	1,0	1,0	0,1	0,2	306	246
13175	57,46	9,16	73,43	12,9	256	283
13176	57,46	46,36	73,43	24,57	256	303
13177	34,37	2,0	51,27	2,1	253	283
13178	34,37	47,35	51,27	36,25	253	210
13179	3,2	2,0	8,2	2,1	250	283
13180	3,2	47,35	8,2	36,25	250	210
13181	2,0	47,35	2,1	36,25	283	210
13182	19,38	48,43	23,36	40,26	303	210
13183	69,40	0,3	55,56	3,1	279	191
13184	42,38	1,1	17,33	0,0	320	239
13185	4,1	430,407	6,6	312,296	276	3204
13187	26,25	129,98	21,13	64,49	245	290
13188	123,102	56,43	101,127	25,64	265	205
13189	5,4	6,7	4,1	6,8	190	205
13190	9,2	25,29	8,3	5,12	205	246
13191	134,85	30,24	56,79	23,19	243	294
13192	134,86	201,196	56,77	122,120	243	294
13193	208,186	80,49	121,123	51,71	291	243
13194	0,0	364,330	0,5	331,267	213	248
13195	0,0	2,4	2,0	4,0	193	213
13196	0,0	2,6	2,0	7,2	193	227
13197	227,180	407,369	155,147	335,294	232	286
13198	1297,938	822,676	938,862	647,603	302	264
13199	26,24	822,676	16,19	646,603	302	264
13200	1132,809	924,791	780,788	831,748	321	302
13204	1084,942	996,753	787,773	702,732	249	247
13205	1084,944	42,32	787,773	31,27	249	247
13206	620,502	792,697	519,473	604,621	296	247
13207	2110,1856	436,422	1571,1576	353,338	249	296
13208	6,7	1455,1140	14,4	1070,1084	206	311
13209	1842,1529	5142,4167	1219,1310	3428,3582	262	413
13210	5,7	5142,4167	7,0	3428,3582	256	413
13211	1801,1397	1840,1525	1103,1042	1157,1339	249	262
13212	13,29	1363,1030	28,14	872,832	261	223
13213	217,259	947,876	267,210	653,685	297	326
13214	230,262	149,135	269,213	98,98	297	326
13215	1064,911	1968,1387	736,727	1334,1191	326	389
13216	1063,906	156,88	735,726	78,84	326	232
13217	1063,906	406,333	735,726	231,254	326	239
13218	1623,1400	423,315	1152,1180	236,246	389	232
13219	1614,1398	148,89	1150,1181	77,80	389	232
13220	1610,1394	636,407	1150,1181	424,340	389	248
13221	156,88	406,333	78,84	231,254	232	239
13222	5,3	5,3	4,5	1,2	232	260
13223	898,597	418,337	588,511	233,254	232	239
13224	671,455	639,409	468,396	424,341	232	248
13225	657,448	5,3	466,394	0,3	232	260
13226	125,196	80,62	102,120	52,76	352	276
13227	89,79	87,76	56,63	43,65	276	277
13228	172,189	131,132	117,136	103,89	357	291
13229	163,168	91,71	118,122	92,73	292	239
13230	162,168	153,124	117,122	129,145	292	275
13231	3,4	13,8	0,2	7,9	238	174
13232	53,56	36,60	33,34	35,36	311	292
13233	51,63	43,56	38,32	40,40	299	311
13234	51,30	95,64	26,34	61,86	227	259
13235	51,64	68,36	43,36	46,40	262	227
13236	58,41	63,67	38,35	49,43	295	292
13237	58,41	27,34	38,35	27,27	295	288
13238	8,18	32,30	10,13	20,15	230	292
13239	637,480	367,345	455,418	309,317	263	233
13240	636,472	1031,882	434,443	692,743	233	330
13241	638,472	1139,972	434,445	863,864	233	308
13242	1247,1008	1140,972	890,861	861,864	330	308
13244	15,3	102,102	7,10	64,69	258	252
13245	130,69	105,92	67,87	93,87	276	319
13246	66,46	386,306	36,45	303,328	228	567
13247	118,106	63,47	80,87	33,34	252	219
13248	174,167	61,48	87,126	36,31	302	219
13249	50,67	94,113	44,36	92,59	292	341
13251	105,60	22,12	73,74	19,10	651	405
13252	22,16	38,32	20,11	47,46	318	440
13253	120,119	198,191	60,60	210,141	291	307
13254	7,7	198,191	2,18	210,141	288	307
13255	28,32	198,191	25,18	210,141	246	307
13256	76,72	215,198	62,74	222,148	337	307
13257	67,60	215,198	50,63	222,148	334	307
13258	52,30	155,77	35,34	83,53	307	266
13259	186,132	157,80	142,142	83,50	307	266
13265	442,337	632,509	340,352	548,421	233	265
13266	827,662	428,343	582,621	271,275	292	233
13267	629,497	607,463	495,493	377,346	308	3127
13268	629,497	47,42	495,493	41,19	308	292
13269	894,763	728,596	752,666	583,584	384	292
13270	632,500	1158,956	496,493	849,856	308	384
13271	1105,839	1157,956	798,825	848,859	412	384
13272	393,311	1156,956	282,292	849,856	265	384
13273	1105,839	585,470	798,825	491,466	412	308
13274	390,305	582,463	279,294	485,450	265	308
13275	327,254	1161,911	257,222	872,870	301	412
13276	274,260	49,32	245,212	36,21	919	249
13277	1,4	4,4	5,4	1,3	403	231
13278	1,3	0,10	2,2	4,4	403	205
13279	1,4	4,4	3,1	1,3	252	231
13280	1,3	0,10	0,0	4,4	252	205
13285	371,268	649,457	218,214	428,355	612	925
13286	65,51	172,110	41,45	97,88	317	290
13287	140,136	114,68	94,109	58,76	325	317
13288	242,238	486,287	249,183	233,286	292	284
13289	245,236	581,498	249,182	361,432	292	316
13290	366,314	581,498	267,249	362,430	284	316
13291	352,229	757,653	171,217	489,548	250	315
13292	509,426	522,379	330,353	324,355	252	304
13293	1,1	32,11	3,0	13,15	225	276
13294	29,6	0,0	8,11	1,0	305	209
13295	7,4	0,1	5,14	0,1	1575	222
13296	114,70	60,45	69,66	40,31	299	251
13297	6,1	108,64	2,0	38,57	201	299
13298	145,108	21,16	60,81	20,9	700	250
13299	23,11	13,2	9,18	6,4	250	214
13300	15,7	19,4	7,10	4,8	214	218
13302	555,472	636,546	401,419	446,514	280	289
13303	155,214	440,366	198,183	410,300	324	255
13304	43,68	207,206	96,70	204,135	255	196
13306	82,93	1735,1567	109,69	1540,1287	196	702
13307	1707,1575	461,405	1626,1265	330,305	702	275
13308	374,343	461,405	330,289	330,305	384	275
13309	3,2	20,11	7,0	15,11	268	282
13310	81,63	532,438	54,37	395,396	224	253
13311	566,399	849,731	386,427	630,605	290	336
13312	33,26	57,44	14,24	24,31	241	336
13313	39,32	24,21	24,36	14,18	342	241
13316	171,118	252,173	109,130	151,146	223	293
13317	4,4	13,16	6,5	10,10	214	220
13318	4,4	28,21	6,5	23,23	214	311
13319	4,4	34,28	6,5	28,35	214	345
13320	1828,1734	783,716	1593,1393	600,514	636	290
13321	0,0	27,11	3,1	18,23	200	336
13322	33,37	81,82	20,22	65,54	252	332
13323	618,558	1270,1069	508,480	989,1037	261	223
13324	618,553	1401,1246	506,480	1098,1113	261	272
13326	962,823	1401,1250	792,702	1100,1113	223	272
13327	2527,2085	1439,1068	1944,1949	1037,1089	272	248
13328	1078,1027	1134,983	915,982	1037,960	248	245
13329	0,0	113,76	1,0	75,68	204	321
13330	102,61	235,231	59,66	205,214	321	431
13332	347,344	164,189	287,230	118,120	415	282
13333	371,321	417,330	289,192	228,289	377	377
13334	184,165	417,329	140,100	225,286	377	377
13335	1304,1156	442,337	904,864	314,271	1086	377
13336	60,41	226,211	32,32	145,154	218	302
13337	215,139	127,128	126,118	114,113	302	269
13338	28,22	1429,1367	15,29	1186,1178	295	285
13339	3115,2642	3157,2570	2506,2582	2716,2655	267	323
13340	3112,2634	4143,3422	2504,2578	3302,3079	267	323
13341	3112,2636	335,305	2505,2580	301,285	267	323
13342	3625,2952	2835,2271	2973,2916	2425,2227	323	267
13343	3625,2952	691,567	2973,2916	529,475	323	323
13344	3625,2952	1862,1406	2973,2916	1498,1387	323	223
13345	691,567	2835,2271	529,475	2425,2227	323	267
13346	691,567	1862,1406	529,475	1498,1387	323	223
13347	3323,2900	882,1151	2520,2002	1160,822	354	306
13348	3321,2899	1326,1148	2516,2003	945,786	354	260
13349	2207,1956	1328,1145	1651,1388	944,786	354	260
13350	2599,2313	43,30	2048,1583	16,13	300	246
13351	2599,2313	2163,2126	2048,1583	1749,1560	300	271
13352	33,27	1664,1372	34,19	1133,981	271	227
13353	28,26	2251,1943	4,14	1597,1210	227	287
13354	1376,1430	2252,1940	1215,1026	1601,1209	227	287
13355	2675,2269	1329,1145	1916,1675	944,790	287	260
13356	1240,1046	1126,1384	914,738	1231,863	230	266
13357	1240,1044	393,328	911,737	297,245	230	210
13358	2383,2017	544,491	1732,1432	514,413	266	210
13359	2388,2017	389,329	1733,1434	296,247	266	210
13360	2384,2017	725,818	1731,1432	796,601	266	243
13361	1839,1730	922,872	1480,1080	693,629	210	237
13362	1164,1056	727,818	859,634	798,602	210	243
13363	435,306	3803,3137	305,314	3036,2774	190	284
13364	11,14	3800,3136	9,10	3042,2768	190	284
13365	463,398	147,127	351,343	93,154	610	316
13366	5,5	371,345	3,2	320,253	332	332
13367	425,474	279,254	482,360	270,229	280	252
13368	425,474	5,2	482,360	2,6	280	209
13369	203,277	693,586	243,216	604,466	243	280
13370	386,360	690,586	278,288	604,466	1749	280
13371	2,0	693,586	0,5	604,466	207	280
13372	51,93	341,344	78,52	326,273	277	243
13373	279,255	341,344	278,228	326,273	458	243
13374	43,29	341,345	28,6	326,272	277	243
13375	768,598	836,760	445,580	636,565	1338	2369
13376	768,598	560,631	447,580	563,421	1338	1078
13377	1142,1022	211,225	865,868	247,187	422	269
13378	768,598	47,85	446,580	68,42	1338	269
13379	476,471	211,225	408,381	247,187	410	269
13380	1142,1022	53,80	865,868	73,52	422	221
13381	768,598	28,16	446,580	11,4	1338	221
13382	476,471	53,80	408,381	73,52	410	221
13383	244,248	565,571	181,196	468,459	245	422
13384	249,253	1212,1151	180,196	1051,948	245	422
13385	771,602	1212,1149	445,582	1053,949	1338	422
13386	590,457	467,371	353,428	324,333	287	245
13387	68,70	10,16	48,44	4,5	895	258
13388	6,1	81,80	0,1	40,45	305	895
13389	13,29	81,80	22,8	40,45	396	895
13390	326,342	622,547	298,243	427,443	375	392
13391	264,259	622,549	228,200	427,449	302	392
13392	303,257	627,557	213,197	441,448	603	392
13393	627,555	268,258	442,444	167,170	392	350
13394	359,269	57,48	239,257	40,48	310	206
13395	268,168	355,328	178,175	244,245	314	329
13396	5,7	0,9	2,0	7,7	465	282
13397	35,32	27,12	20,23	12,18	203	179
13398	3,1	1241,967	1,1	829,763	225	1705
13399	45,38	1,0	34,29	0,0	225	262
13400	45,38	1241,967	34,29	824,763	225	1705
13402	116,81	130,87	94,97	102,105	259	249
13403	3,2	51,38	2,2	57,53	322	209
13404	71,44	72,39	36,30	34,38	300	322
13408	3,4	26,44	14,6	46,33	222	272
13409	6,26	38,31	12,7	20,21	300	297
13410	14,10	24,15	10,3	24,12	297	316
13411	52,46	16,14	48,46	13,17	316	287
13412	41,34	20,26	28,29	13,16	316	283
13413	64,44	18,10	35,36	15,15	264	195
13414	5,12	165,160	3,3	128,117	410	266
13415	3,4	165,160	3,1	129,117	266	266
13416	2,6	165,160	1,3	127,117	317	266
13417	2,6	22,33	3,3	29,32	317	266
13418	5,12	22,33	3,3	29,32	410	266
13419	5,12	3,3	3,3	4,1	410	317
13420	3,0	4,11	0,2	3,4	251	410
13422	34,32	27,46	31,28	30,33	240	246
13423	30,28	32,35	24,19	14,19	240	229
13424	23,28	15,17	14,13	9,13	229	209
13425	1,1	10,11	0,0	6,9	268	234
13426	2,0	62,43	0,2	36,40	268	250
13427	1,2	251,219	1,1	201,176	250	175
13428	1,2	25,16	1,1	29,11	250	403
13429	2,13	112,99	2,1	78,80	250	175
13430	1,2	111,98	2,3	78,80	250	175
13431	7,6	502,429	6,3	358,446	175	270
13432	3,1	0,2	4,0	0,0	175	270
13433	251,219	25,16	201,176	29,11	175	403
13434	0,2	4,3	0,0	4,4	296	236
13435	214,189	4,3	184,160	4,4	270	236
13436	126,71	22,41	86,63	49,34	391	242
13437	129,91	100,107	95,96	77,92	280	257
13438	87,70	0,0	69,77	0,1	230	233
13439	87,70	117,152	69,77	139,158	230	288
13440	81,72	170,149	77,56	125,126	235	304
13442	373,372	71,57	252,318	60,68	569	257
13459	13,26	177,164	23,27	170,178	204	922
13460	45,32	13,9	40,30	28,18	401	204
13462	304,336	2,1	249,262	1,0	297	197
13463	2,1	194,147	1,0	164,147	197	227
13464	755,609	317,240	545,523	203,240	251	198
13465	8,2	1,1	0,2	1,1	176	191
13466	448,380	553,548	394,375	482,356	259	335
13467	19,20	85,62	20,8	33,31	199	242
13468	67,59	154,102	59,46	103,76	227	281
13508	10,16	1,1	4,0	4,1	263	191
13510	101,108	311,295	122,72	319,230	215	268
13511	103,107	54,34	122,73	35,50	215	282
13512	101,108	6,5	122,72	2,6	215	282
13513	6,5	311,295	2,6	319,230	282	268
13514	297,274	218,231	238,223	189,146	282	271
13515	297,274	204,213	238,223	178,138	282	235
13516	517,453	309,295	417,378	319,231	296	268
13518	1522,1307	6021,5377	1179,1082	4701,3856	320	561
13519	77,66	589,486	80,70	437,407	285	982
13520	240,241	28,31	165,148	35,26	287	308
13521	103,68	1968,1596	61,47	1332,1442	264	2061
13522	0,0	1967,1596	0,1	1332,1442	264	2061
13523	100,94	1967,1596	56,64	1332,1442	265	2061
13524	103,68	927,753	61,47	642,737	264	1398
13525	0,0	926,753	0,1	642,737	264	1398
13526	100,94	926,753	56,64	642,737	265	1398
13527	103,68	4859,4208	61,47	3145,3356	264	5338
13528	104,69	50,31	60,45	19,23	264	223
13529	100,94	0,0	56,64	0,1	265	264
13530	102,94	0,1	56,64	1,1	265	264
13531	108,104	99,81	59,66	62,57	265	264
13532	68,91	49,52	51,62	32,30	278	254
13533	8,10	56,60	0,7	34,30	264	272
13534	109,101	56,60	59,77	34,30	266	272
13535	535,496	361,317	361,407	280,288	290	254
13536	435,365	248,217	270,339	203,190	266	260
13537	322,304	537,414	238,258	427,356	300	351
13538	710,621	319,264	434,508	214,213	390	269
13539	541,491	354,305	367,402	224,327	425	257
13540	951,813	544,567	774,538	435,419	269	243
13541	9,6	500,586	6,1	439,347	264	238
13542	264,265	500,586	237,123	439,347	243	238
13543	1199,962	574,412	926,763	396,350	384	279
13545	65,36	130,117	44,45	72,92	249	328
13546	90,50	125,116	91,71	72,89	293	328
13547	79,73	36,43	83,71	27,26	280	200
13548	54,47	36,39	32,41	25,24	246	200
13549	50,44	116,102	47,39	94,62	299	343
13550	274,239	202,176	166,145	158,143	351	339
13551	119,100	276,244	87,77	175,155	279	351
13552	296,284	315,261	266,237	199,253	249	234
13553	236,208	300,263	141,171	239,255	232	249
13554	371,239	241,240	254,256	218,205	260	277
13555	172,137	462,424	145,135	343,413	242	254
13556	552,420	768,624	380,383	590,646	254	372
13557	911,833	284,247	721,787	234,220	372	257
13558	455,377	684,602	338,409	536,415	257	362
13559	506,417	463,378	429,369	304,264	362	225
13560	7,5	22,26	10,15	26,18	198	237
13561	26,16	26,23	17,19	15,23	251	209
13563	119,144	1,1	113,107	1,3	298	339
13564	83,49	9,4	34,32	18,9	282	286
13565	25,30	10,4	34,34	18,9	282	286
13566	201,208	255,289	230,132	251,207	242	258
13567	5,6	11,11	3,0	11,9	239	285
13568	2,2	11,11	5,0	11,9	279	285
13569	15,19	11,11	24,17	11,9	371	285
13570	0,0	0,1	1,0	1,0	269	298
13571	27,58	0,1	28,31	1,0	271	298
13572	0,0	6,4	1,0	8,4	269	259
13573	27,58	6,4	28,31	8,4	271	259
13574	15,24	36,38	6,12	23,19	274	271
13576	14,7	3,11	12,8	4,3	239	205
13577	3,0	2,8	4,5	8,3	176	239
13578	4,0	2,6	4,3	6,7	176	239
13579	161,179	27,52	168,145	41,20	289	198
13580	43,40	124,79	24,25	92,73	239	345
13581	23,21	259,166	12,13	132,113	320	930
13582	359,258	17,14	194,161	7,13	1252	223
13583	9,6	6,19	9,4	9,4	204	250
13585	162,172	362,269	118,144	311,206	251	345
13586	150,123	215,177	109,111	151,137	242	199
13587	230,207	285,237	209,179	162,194	284	318
13588	273,213	365,330	155,188	277,273	304	308
13589	138,166	364,331	115,77	277,273	297	308
13590	343,356	161,176	278,270	125,117	308	253
13591	343,356	8,7	278,270	3,5	308	285
13592	238,210	107,150	171,154	113,102	253	247
13593	238,218	107,150	172,152	113,102	285	247
13594	8,15	55,56	11,17	47,45	262	256
13595	80,72	99,31	58,26	41,55	246	223
13596	80,72	3,4	58,26	2,10	246	331
13597	80,72	3,0	58,26	0,3	246	413
13599	50,46	137,115	48,23	104,87	240	343
13600	89,79	101,83	53,56	48,48	312	240
13601	2,2	7,4	2,4	5,2	224	191
13602	3,2	1,1	2,3	3,0	224	191
13603	2667,2347	1543,1323	1869,1737	1162,1088	374	294
13604	789,730	1543,1323	584,548	1162,1088	363	294
13605	909,810	2104,1753	654,581	1579,1496	233	318
13606	2114,1888	1126,968	1537,1451	871,734	318	244
13607	2114,1880	1209,1047	1537,1452	901,842	318	276
13608	1222,969	1203,1054	828,805	897,834	244	276
13609	1218,962	1557,1574	828,805	1285,1227	244	268
13610	1549,1289	1561,1581	1235,1063	1285,1226	276	268
13611	24,31	103,73	16,22	107,84	255	282
13612	102,62	81,56	46,49	52,46	264	273
13613	67,71	43,38	55,49	30,35	340	249
13614	310,240	29,20	195,188	20,18	281	301
13615	152,107	30,19	86,88	18,18	244	301
13616	151,108	286,226	88,88	176,180	244	281
13617	200,190	279,224	148,141	174,176	249	281
13618	15,11	39,66	15,10	51,42	210	271
13619	1,0	39,66	0,0	51,42	207	271
13622	0,0	30,30	0,3	16,13	232	616
13623	33,23	78,60	23,29	40,52	258	329
13636	145,125	397,276	88,79	273,287	189	236
13637	356,312	448,348	241,288	284,294	260	273
13638	353,312	648,515	242,286	454,465	260	271
13639	63,94	630,505	85,82	439,452	254	271
13640	2,2	630,505	1,3	439,452	260	271
13641	13,8	632,505	9,16	441,448	254	271
13642	353,312	674,540	242,286	480,488	260	377
13643	353,312	675,540	242,286	480,493	260	385
13644	0,3	388,317	0,5	315,313	232	260
13645	11,8	34,19	10,16	24,16	254	260
13646	375,391	353,359	342,224	275,284	278	203
13647	908,824	350,212	754,641	253,184	315	226
13648	985,711	74,92	762,632	76,59	226	223
13649	44,42	1008,674	36,24	752,631	223	257
13650	211,191	126,114	151,175	115,110	251	220
13651	1,8	57,37	4,2	53,30	239	230
13652	70,55	19,20	50,47	14,3	309	239
13653	5,8	61,56	0,4	50,28	232	304
13654	45,34	51,77	35,36	45,27	224	266
13655	52,35	42,58	38,42	39,28	224	237
13656	72,65	51,47	53,48	38,25	309	224
13657	68,51	9,4	42,49	1,1	240	270
13658	16,5	34,38	5,15	44,48	276	240
13661	196,169	363,280	84,128	215,222	253	275
13662	282,252	269,226	168,209	249,157	280	284
13663	244,207	34,27	232,148	33,32	247	311
13664	30,38	10,9	19,16	2,8	235	243
13665	51,42	1013,1009	34,25	701,633	297	1663
13666	139,147	273,245	133,114	209,193	287	271
13667	201,150	315,250	88,142	223,222	271	270
13668	84,63	250,205	59,54	160,130	214	236
13669	255,261	259,206	209,168	144,161	281	263
13670	102,68	257,206	58,56	144,165	213	263
13671	0,0	51,65	0,1	59,37	301	218
13672	6,4	12,2	2,0	3,8	256	374
13673	10,15	29,29	12,3	12,15	774	247
13674	85,73	1360,1269	59,46	953,898	251	1391
13675	83,54	3,4	53,54	6,3	325	277
13677	46,37	122,129	38,45	83,61	236	376
13678	7,13	41,45	9,11	33,39	166	207
13679	7,13	42,47	9,11	39,40	166	204
13680	261,210	380,278	186,210	211,245	269	359
13681	150,100	389,339	86,87	256,286	359	330
13682	387,329	389,339	287,291	255,286	359	330
13683	1120,899	937,810	694,774	697,711	355	299
13684	512,440	937,810	340,412	697,711	364	299
13685	693,564	935,809	518,522	696,710	285	299
13686	47,56	935,809	41,43	697,710	285	299
13687	598,554	211,182	419,405	146,145	263	326
13688	647,612	985,806	462,449	717,721	263	326
13689	634,478	42,40	381,423	26,37	257	263
13690	689,520	377,322	416,463	287,294	257	263
13691	545,489	615,438	371,327	368,394	405	301
13699	296,201	443,353	145,194	335,325	293	358
13700	23,10	7,9	8,5	6,3	212	215
13701	18,10	61,47	6,5	28,35	215	254
13702	398,277	117,88	289,265	66,66	294	240
13703	398,277	210,149	289,265	108,118	294	300
13705	239,211	28,8	153,198	19,10	236	294
13706	129,98	29,6	87,103	20,8	253	294
13707	7,4	27,6	8,7	20,8	253	294
13708	409,373	165,133	313,313	82,104	321	294
13709	35,26	163,130	20,13	82,105	321	294
13710	409,373	207,206	315,313	137,164	321	294
13712	35,26	3,1	20,13	0,0	321	213
13713	0,1	2,0	2,1	4,0	271	271
13715	128,98	29,17	87,109	24,18	253	360
13716	6,4	29,17	3,2	24,18	236	360
13719	244,216	408,299	153,197	289,270	236	321
13720	6,4	394,289	3,2	284,269	236	321
13721	128,98	394,289	87,109	284,269	253	321
13723	128,98	1,0	87,109	0,3	253	278
13724	446,383	5,2	316,290	0,1	348	236
13725	128,98	6,4	87,109	3,2	253	236
13726	143,130	214,190	103,79	153,172	348	236
13727	13,16	214,190	11,13	153,172	190	236
13728	13,16	143,130	11,13	103,79	190	348
13729	13,23	539,504	15,13	393,406	190	348
13730	14,16	6,4	13,12	8,11	224	253
13731	15,16	6,4	12,12	8,11	190	253
13732	3,1	0,0	11,3	0,4	280	253
13733	3,1	209,190	11,3	152,134	280	253
13735	214,222	218,191	180,175	137,124	391	374
13736	13,9	16,17	13,10	12,29	299	192
13737	30,25	51,59	17,26	49,54	283	275
13738	17,11	52,59	15,19	47,53	283	275
13739	36,24	69,52	30,25	55,68	254	283
13740	247,253	335,262	168,153	203,204	367	410
13741	79,73	250,232	40,59	186,166	238	367
13742	72,96	115,133	41,71	68,63	286	238
13748	7,19	2,2	17,6	0,4	331	302
13749	33,21	21,26	16,11	17,17	337	261
13750	33,26	539,400	29,20	340,384	244	248
13751	2,2	0,3	5,1	1,5	292	224
13754	1,0	13,3	0,0	6,8	237	274
13755	107,83	209,152	89,102	141,121	234	265
13756	843,636	532,408	536,544	335,359	327	216
13757	218,308	500,472	365,321	458,350	375	344
13758	574,600	3,2	518,406	1,2	344	210
13759	574,600	470,459	518,406	499,382	344	404
13760	169,162	329,318	157,118	305,268	210	239
13761	391,401	329,318	390,293	305,268	404	239
13762	198,167	160,160	167,143	105,93	262	239
13763	16,13	48,51	8,8	35,35	285	324
13764	139,131	88,91	105,89	76,69	355	358
13765	186,157	25,43	155,128	45,37	258	175
13767	799,688	537,386	590,625	412,320	351	294
13768	58,45	31,34	34,54	22,18	249	179
13769	32,23	175,126	16,23	109,100	179	264
13770	14,13	15,13	15,16	5,11	342	281
13771	298,245	88,73	209,201	61,73	350	282
13772	205,212	186,176	142,156	167,127	314	350
13773	290,254	185,175	165,221	167,128	424	350
13774	266,265	276,345	245,186	346,334	223	269
13775	41,31	11,11	35,20	8,3	289	249
13781	1,4	8,9	1,1	1,3	236	384
13782	1,4	9,12	1,1	3,4	236	371
13783	1,3	6,0	1,0	2,4	272	257
13784	40,28	28,16	32,13	15,15	297	214
13786	91,60	37,31	33,57	24,21	338	311
13787	91,60	37,32	33,57	24,22	338	317
13789	48,42	17,21	43,36	14,16	298	239
13790	9,8	37,22	13,6	25,16	257	256
13791	34,51	27,27	41,32	8,13	344	257
13792	20,14	26,26	12,10	6,11	209	257
13793	41,27	34,28	38,25	34,24	243	320
13794	30,19	33,29	14,23	39,28	296	282
13795	8,18	16,5	7,11	4,5	262	305
13798	34,14	30,20	8,12	15,9	357	284
13799	3,2	11,16	4,3	10,4	253	281
13801	227,224	2,0	191,176	1,3	273	267
13802	3,15	324,294	3,1	284,237	228	287
13803	265,239	185,166	215,191	157,135	296	248
13804	11,12	811,755	8,14	782,581	248	367
13805	188,131	724,695	151,135	722,520	248	367
13806	238,231	324,294	231,156	284,237	367	287
13807	318,292	109,113	283,219	117,105	367	227
13808	511,465	22,13	454,355	14,10	367	312
13809	28,25	56,30	16,16	26,28	359	252
13810	1,1	23,22	0,0	19,15	252	201
13811	22,29	22,23	28,17	19,15	252	201
13812	106,65	110,65	63,58	79,91	364	355
13813	30,21	0,0	23,21	2,0	201	202
13814	30,21	47,69	23,21	31,23	201	313
13815	30,21	1,0	23,21	0,0	201	233
13816	256,199	25,24	157,156	12,18	570	184
13817	426,359	25,24	284,275	12,18	854	184
13818	256,199	37,44	158,155	21,24	570	184
13819	426,359	37,44	285,274	21,24	854	184
13820	47,37	20,14	24,22	19,10	274	252
13821	111,89	49,45	80,67	28,25	257	200
13822	55,54	116,104	38,35	93,81	200	233
13823	59,51	18,12	38,35	8,10	200	233
13824	80,75	95,107	45,66	63,89	233	239
13825	63,66	75,61	43,64	38,66	233	242
13826	165,139	105,106	90,123	133,95	243	217
13827	81,74	68,57	63,53	51,48	217	276
13828	197,216	95,121	183,162	63,61	276	233
13829	107,124	51,69	67,63	35,42	242	241
13830	20,19	93,104	14,4	61,57	169	263
13831	8,5	233,174	0,1	155,147	291	283
13832	142,102	233,174	96,122	155,147	294	283
13833	93,74	170,147	84,77	128,131	257	305
13834	1,0	169,149	0,0	128,131	253	305
13835	4,7	169,149	5,12	128,131	257	305
13836	8,3	173,149	1,0	130,131	257	305
13837	203,136	163,118	149,141	96,112	433	257
13838	1071,952	20,64	1198,977	227,136	251	227
13839	4,1	20,64	6,3	227,136	331	227
13840	4,4	13,8	4,1	5,5	225	262
13841	288,292	251,252	206,214	208,216	394	288
13842	61,55	3,7	35,39	5,9	283	214
13843	48,82	14,14	54,62	6,20	340	283
13844	22,17	67,76	20,10	50,55	253	340
13845	76,64	38,23	59,56	32,16	285	219
13846	73,66	7,4	56,56	4,1	285	219
13847	225,166	170,163	145,188	154,134	302	299
13848	6127,5406	3051,2633	4520,4125	2313,1996	395	281
13849	4051,3419	5942,5100	3069,2879	4265,3776	330	395
13850	2639,2153	4487,3855	1960,1949	3310,3119	231	330
13851	2848,2208	2098,1559	1935,1860	1418,1404	246	267
13852	43,25	2098,1565	23,28	1420,1406	246	267
13853	0,0	2096,1560	0,2	1418,1406	225	267
13854	3,12	2096,1560	1,7	1418,1404	246	267
13855	88,95	1367,1164	79,84	1071,1038	211	225
13856	1463,1213	1599,1378	1111,1023	1257,1216	212	246
13857	1343,1227	1652,1402	918,926	1289,1249	200	246
13858	1350,1240	1019,822	919,933	770,668	200	212
13859	125,92	319,213	102,119	216,209	217	258
13860	298,194	202,165	210,250	136,126	303	217
13861	325,220	364,265	163,219	244,305	250	303
13862	0,2	428,349	1,0	312,381	239	284
13863	327,328	428,349	266,234	312,381	280	284
13864	209,151	280,179	124,142	179,182	232	259
13865	2,0	91,83	0,0	57,57	220	200
13867	128,92	392,329	91,76	313,297	254	295
13868	127,90	13,5	91,76	5,7	254	295
13869	399,352	389,327	324,302	304,312	733	302
13870	10,20	389,327	19,7	304,312	259	302
13871	449,348	298,246	371,318	233,187	322	237
13872	2,3	298,246	1,2	233,187	217	237
13873	222,205	321,260	194,199	230,221	252	245
13874	284,260	448,321	255,259	296,318	842	304
13875	2,6	448,321	4,1	296,318	237	304
13876	0,3	149,131	1,1	133,104	290	283
13877	3,0	93,94	1,0	97,63	565	237
13878	20,35	23,17	45,28	11,8	237	203
13879	45,34	63,66	34,21	62,50	203	273
13880	10,6	13,20	9,5	15,9	256	386
13881	10,12	3,0	9,12	4,0	233	383
13882	0,0	1,7	5,3	9,3	313	365
13885	105,146	56,40	95,79	42,47	373	233
13886	215,179	384,343	198,174	263,307	232	249
13887	214,180	5,3	196,173	1,3	232	249
13888	7,7	113,81	7,6	60,65	240	227
13889	88,114	119,105	69,67	97,100	235	298
13890	21,13	54,62	19,18	53,28	281	368
13891	81,57	45,35	34,48	34,22	320	281
13892	25,35	60,52	19,25	23,40	225	307
13893	61,59	16,9	45,50	7,8	304	312
13894	61,59	79,71	45,50	37,48	304	285
13895	3,5	48,35	2,0	22,27	288	251
13896	28,21	48,35	15,21	22,27	220	251
13897	28,21	3,5	15,21	2,0	220	288
13898	1447,1322	551,424	1085,959	367,363	277	211
13899	1171,961	679,521	800,854	435,439	248	2205
13900	1883,1575	1334,1127	1388,1320	1004,870	302	277
13901	1171,961	1737,1552	799,854	1288,1145	248	302
13902	1469,1245	1170,1056	1078,977	928,836	278	248
13903	1200,1048	1617,1274	864,839	1103,1157	272	278
13904	678,696	1066,951	529,588	787,782	230	290
13905	3,6	0,2	0,2	0,0	207	270
13906	207,129	117,108	129,97	60,69	307	246
13907	13,13	26,21	7,4	16,12	265	253
13908	9,6	4,1	7,13	2,4	238	254
13909	11,7	22,13	7,13	11,23	238	349
13910	20,24	6,0	8,7	8,3	315	319
13911	6,4	10,20	1,0	13,4	187	344
13912	22,28	10,20	21,17	13,4	218	344
13913	22,28	6,4	21,17	1,0	218	187
13914	15,19	9,33	8,14	14,16	239	208
13916	147,144	186,161	103,139	120,119	332	267
13917	129,87	198,165	75,79	164,152	267	358
13918	116,138	91,88	91,66	69,69	403	212
13919	0,0	91,88	1,0	69,69	181	212
13920	81,118	122,180	88,57	116,92	220	255
13921	80,80	129,113	84,60	117,81	221	270
13922	80,80	122,181	79,60	116,94	221	255
13923	150,135	122,181	144,106	122,92	270	255
13924	28,21	67,54	21,19	36,17	325	258
13925	31,39	58,55	31,15	58,30	258	256
13926	64,100	35,37	76,57	27,32	266	242
13927	13,12	91,82	10,13	72,75	164	331
13928	19,18	85,87	25,31	102,66	298	324
13929	20,55	63,78	50,20	55,52	324	272
13930	5,4	8,13	5,10	21,10	256	385
13931	6,1	0,0	0,2	3,1	271	393
13934	74,63	14,14	62,58	13,20	232	204
13935	51,34	46,33	31,47	26,35	284	247
13936	48,46	66,36	41,48	25,40	280	251
13937	33,36	66,40	21,26	35,43	250	280
13938	38,11	3,8	29,24	3,1	242	328
13940	0,1	39,26	2,0	22,33	271	319
13941	27,25	20,22	14,14	24,14	319	222
13942	52,49	37,27	32,36	20,19	362	303
13943	96,110	40,36	60,63	45,24	252	254
13944	121,131	66,64	77,122	39,42	465	290
13945	1,5	69,50	7,0	48,47	280	190
13946	2,4	4,10	4,7	4,1	342	197
13947	0,1	26,22	3,3	23,25	277	409
13948	0,1	235,190	3,3	172,213	277	280
13950	6,4	3,3	6,1	3,5	362	410
13952	2,0	6,0	1,4	0,0	249	194
13953	0,0	7,5	1,2	1,1	249	219
13955	0,0	8,7	1,2	1,3	249	261
13957	6,0	2,0	0,0	0,2	219	249
13960	1,0	0,1	0,0	3,0	264	219
13961	2,1	0,1	0,0	3,0	267	219
13962	1,3	7,3	2,1	3,2	273	264
13963	1,3	8,4	2,1	3,2	273	267
13964	205,182	200,143	186,161	132,107	278	267
13965	278,271	125,110	252,239	123,116	307	243
13967	49,52	52,46	21,34	37,32	263	241
13968	58,46	61,50	33,24	37,31	303	246
13969	4,2	43,32	0,0	34,34	344	303
13970	14,12	43,32	2,8	34,34	286	303
13972	4,1	0,4	3,0	0,0	305	236
13973	2,1	0,4	1,0	0,0	320	236
13974	1,0	0,4	1,0	0,0	247	236
13975	6,0	477,337	9,11	270,307	283	232
13976	5049,4244	477,337	3370,3517	270,307	1977	232
13977	5049,4244	6,0	3370,3517	9,11	1977	283
13978	209,188	519,458	171,208	372,351	257	342
13979	291,280	505,450	196,234	369,351	300	342
13980	354,308	336,333	252,238	262,316	281	300
13981	296,249	399,359	154,194	254,300	243	273
13982	221,209	269,202	151,164	131,191	254	243
13983	410,466	322,243	356,326	186,261	357	266
13987	6,7	8,9	6,8	5,12	284	309
13988	25,21	8,4	14,14	5,7	300	222
13991	228,166	112,101	136,182	97,88	439	262
13992	3,1	85,55	1,0	62,75	280	321
13993	24,22	84,55	14,34	62,77	280	321
13994	21,21	10,3	14,34	7,7	280	321
13995	2,2	171,146	3,2	118,82	265	365
13996	2,2	277,233	3,2	172,153	265	354
13997	65,56	84,55	55,39	62,75	365	321
13998	1267,1197	1090,1012	980,977	731,666	284	236
13999	1068,1063	1358,1263	901,870	1144,1033	294	348
14000	1838,1713	1414,1142	1414,1242	969,851	348	254
14001	715,669	1089,1011	614,582	733,666	254	236
14002	123,109	162,100	99,71	78,91	266	292
14003	122,109	1,0	97,71	0,1	266	292
14004	122,109	3,1	96,71	0,2	266	292
14005	97,71	126,84	69,77	95,71	292	266
14006	99,72	22,13	69,78	15,7	292	266
14007	99,72	51,61	69,78	44,45	292	251
14008	22,13	51,61	15,7	44,45	266	251
14009	164,112	51,61	83,84	43,46	266	251
14010	143,98	1,1	69,77	0,0	266	251
14011	143,98	96,89	69,77	66,70	266	264
14012	1,1	96,89	0,0	66,70	251	264
14013	107,56	115,102	75,75	80,76	251	264
14014	13,12	20,18	11,8	17,9	264	257
14015	10,8	17,14	6,6	12,7	208	283
14016	240,149	121,95	120,158	84,75	336	261
14017	113,81	295,230	59,75	204,163	261	390
14018	282,200	73,67	186,157	63,78	390	236
14019	281,201	1,1	186,157	0,1	390	236
14020	148,86	1,1	83,64	0,1	387	236
14021	99,91	568,462	81,96	352,321	233	292
14022	0,1	377,338	4,0	248,251	230	233
14023	94,74	225,180	57,45	225,160	258	384
14024	89,93	32,30	86,61	13,25	750	247
14025	108,126	48,75	120,103	70,48	345	550
14026	108,126	177,196	120,103	174,144	345	378
14027	268,224	279,243	211,175	199,205	300	325
14028	51,32	246,201	29,28	179,154	319	300
14029	210,185	50,32	134,156	31,28	301	319
14030	7,2	8,7	3,7	8,9	248	342
14031	684,512	85,77	404,483	50,82	347	472
14032	645,492	2,0	465,453	1,0	255	272
14033	420,347	350,310	305,309	276,278	275	299
14034	278,263	264,254	287,177	218,218	291	260
14035	176,181	7,1	133,143	3,1	237	247
14036	0,0	126,115	2,0	116,85	235	266
14037	3,6	126,115	4,4	116,85	210	266
14038	68,102	21,38	61,44	24,25	267	280
14042	453,334	343,329	228,298	253,254	320	363
14043	457,335	307,286	229,297	219,285	320	296
14044	613,522	681,491	432,501	406,425	458	364
14045	229,203	673,580	102,175	463,532	262	458
14046	231,195	10,10	104,174	6,5	262	183
14047	180,152	252,217	130,134	165,193	268	262
14048	180,178	431,429	114,140	337,332	267	383
14049	331,312	245,189	217,244	152,139	447	267
14050	71,75	61,28	45,63	29,35	270	253
14051	24,20	48,35	13,15	50,30	214	251
14052	25,12	48,36	14,13	50,29	197	251
14053	39,35	178,140	28,31	160,117	275	610
14054	39,42	229,160	28,32	195,142	411	610
14055	0,10	198,144	2,6	164,112	411	610
14056	0,7	198,146	1,3	164,110	411	610
14057	75,49	58,54	59,77	24,39	256	275
14058	28,35	25,12	18,36	26,22	240	256
14059	66,50	23,10	39,49	27,24	273	256
14060	2,5	24,26	3,6	25,20	240	256
14061	28,38	25,28	20,37	26,20	240	256
14062	68,49	47,42	40,49	26,45	273	240
14063	54,36	47,42	29,42	26,45	250	240
14064	85,89	47,42	39,74	24,37	501	240
14065	205,171	47,42	120,158	24,37	673	240
14066	86,89	46,44	39,80	30,53	501	273
14067	206,171	46,44	120,164	30,53	673	273
14068	86,89	3,1	39,80	1,4	501	250
14069	206,171	3,1	120,164	1,4	673	250
14070	18,15	163,135	2,13	98,142	239	673
14071	17,16	240,193	2,13	140,193	239	673
14072	27,18	0,1	10,22	5,4	259	213
14073	70,58	0,1	35,36	5,4	303	213
14074	15,17	0,1	12,10	5,4	220	213
14075	124,110	329,273	85,97	218,230	247	276
14076	256,250	585,502	196,211	422,423	275	328
14077	88,86	340,233	61,53	205,216	290	648
14078	115,102	159,111	89,98	82,72	326	351
14079	226,242	44,43	225,173	41,46	323	196
14080	129,124	5,10	122,119	5,6	278	246
14081	106,80	64,37	69,48	50,49	274	215
14089	222,163	328,328	188,169	266,309	233	233
14090	222,163	13,17	188,169	14,12	233	243
14091	130,121	181,159	113,83	139,134	293	284
14104	69,96	57,47	76,76	53,55	915	297
14105	76,101	106,134	105,60	109,108	635	915
14111	857,920	1049,923	801,825	825,954	262	277
14112	2024,1814	1136,965	1650,1493	873,874	332	262
14113	0,1	1220,1106	0,0	1024,1097	225	272
14114	644,639	1220,1106	540,564	1024,1097	243	272
14115	1529,1486	2398,2129	1282,1280	1924,1734	294	340
14116	1867,1861	1503,1414	1660,1523	1314,1261	298	294
14118	21,27	62,39	18,23	32,47	296	350
14122	8,0	45,45	3,0	77,21	237	221
14123	43,32	162,105	41,19	72,75	209	329
14124	73,85	21,11	75,57	9,10	319	252
14125	12,18	21,11	12,8	9,10	313	252
14126	72,67	21,10	53,32	4,7	252	302
14127	51,29	6,2	27,25	7,0	230	212
14128	57,61	6,2	35,43	6,1	272	212
14129	55,59	55,34	34,43	37,38	272	362
14130	25,31	57,36	27,26	39,40	212	362
14131	1,0	4,0	0,3	3,4	236	266
14132	178,126	299,261	96,126	202,178	243	312
14133	418,357	130,89	273,212	71,91	273	239
14134	419,290	259,217	294,235	196,139	322	273
14135	401,393	191,164	424,370	139,131	315	194
14136	251,258	4,4	237,185	4,7	237	302
14137	123,129	1,14	168,132	18,9	375	236
14138	6,1	3,2	2,0	3,0	460	248
14139	553,438	374,355	377,359	309,271	279	233
14140	0,0	426,383	2,0	340,314	256	826
14141	0,0	6,1	2,0	0,0	256	279
14144	14,10	71,46	12,5	56,67	211	270
14145	29,19	39,29	13,20	45,45	221	251
14147	147,132	217,232	100,70	105,139	308	353
14148	54,74	76,62	37,41	37,42	302	265
14153	14,1	21,10	6,4	9,9	222	272
14154	4,1	21,10	1,4	9,9	297	272
14155	4,0	7,2	1,0	2,1	222	272
14156	0,0	47,43	4,2	34,33	220	255
14157	368,360	390,318	300,302	283,238	272	254
14158	542,477	387,315	415,333	279,236	594	254
14159	593,545	490,468	425,390	352,292	385	594
14160	473,422	474,397	373,360	394,291	437	385
14161	10,13	474,397	11,14	394,291	235	385
14162	622,523	474,397	424,466	394,291	416	385
14163	192,223	471,388	144,173	390,291	295	385
14164	4,2	471,388	3,1	390,291	224	385
14165	192,231	243,227	146,171	162,161	295	235
14166	192,231	816,687	146,171	532,545	295	416
14167	337,262	271,221	232,249	194,200	247	238
14168	572,490	254,256	400,305	186,230	380	265
14169	159,147	277,298	149,135	228,170	259	309
14170	278,261	3,11	266,213	7,9	288	259
14171	570,502	369,284	385,362	306,273	391	347
14172	265,198	37,59	241,188	70,27	281	238
14173	122,111	45,48	90,105	53,34	237	190
14174	223,183	68,50	135,177	40,61	250	195
14175	232,188	186,145	176,160	118,121	260	250
14176	176,173	153,129	129,162	114,106	219	230
14177	252,210	154,123	184,207	81,88	269	219
14178	61,59	307,263	50,52	207,239	199	269
14179	66,52	94,70	66,55	57,69	193	199
14180	136,130	131,108	105,87	94,85	304	262
14181	368,510	0,4	330,278	3,2	326	224
14182	173,144	3,2	107,118	5,3	209	269
14183	173,144	697,633	107,118	569,531	209	347
14184	3,2	697,633	5,3	569,531	269	347
14185	256,244	174,122	174,172	116,138	347	227
14186	976,776	173,120	667,605	117,138	347	227
14187	91,67	144,104	45,67	96,117	335	263
14188	15,13	127,80	3,6	88,84	320	209
14189	47,35	355,281	33,24	317,212	209	267
14190	4,2	179,135	1,6	151,111	209	267
14191	152,122	309,212	150,83	181,207	267	265
14192	73,37	288,206	51,64	163,186	267	265
14193	182,144	153,128	153,114	120,129	265	236
14194	291,255	121,97	173,195	99,72	306	238
14195	287,256	144,143	172,195	102,94	306	255
14196	145,112	142,138	77,83	98,94	238	255
14197	1,0	142,138	0,1	98,94	232	255
14198	45,69	99,92	75,64	77,51	344	332
14199	59,46	99,92	57,31	77,52	284	332
14200	59,46	37,63	56,31	72,44	284	344
14201	92,102	150,164	68,73	72,134	324	383
14202	20,25	153,166	13,12	70,135	324	383
14203	68,37	58,68	40,46	37,56	226	324
14204	21,10	0,1	4,6	2,0	311	226
14205	117,81	19,8	87,75	4,6	313	311
14206	2,0	2,3	1,2	8,5	262	227
14207	6,0	4,1	0,2	6,6	227	253
14208	2,4	9,5	4,1	16,7	287	287
14209	41,47	14,20	43,48	9,17	288	218
14211	10,15	0,0	16,6	3,0	217	239
14212	10,15	0,2	16,6	0,1	217	271
14213	10,15	0,2	16,6	0,1	217	211
14214	3,5	387,351	7,2	289,320	217	328
14215	3,5	323,307	7,2	285,208	217	285
14216	0,0	0,2	3,0	0,1	239	271
14217	0,0	0,2	3,0	0,1	239	211
14218	387,351	323,307	289,320	285,208	328	285
14219	277,304	217,162	256,217	129,116	274	475
14222	505,454	5,3	432,334	2,3	247	253
14223	245,176	357,296	195,161	315,269	254	296
14224	1342,1142	1315,983	916,861	820,952	294	278
14225	35,43	1315,983	41,27	820,952	289	278
14226	0,1	0,0	0,0	0,1	243	245
14227	119,77	168,145	63,61	140,132	218	262
14228	79,65	10,6	68,55	6,10	341	188
14230	33,26	60,67	26,23	43,21	278	418
14231	2,1	13,17	0,0	28,14	253	278
14232	41,36	13,17	27,16	28,14	259	278
14234	1521,1351	2032,1806	1257,1090	1581,1354	430	271
14235	1357,1170	869,758	1136,1116	624,559	221	430
14236	3226,3049	872,705	2411,2387	711,589	387	222
14238	14,12	12,16	6,12	16,17	236	233
14239	11,19	25,10	5,13	24,15	233	267
14240	87,88	57,67	77,48	69,37	437	196
14241	188,183	63,119	139,142	100,117	356	361
14242	453,362	90,48	273,319	70,57	276	232
14243	18,7	25,18	9,12	16,12	195	258
14244	32,24	18,17	23,34	13,12	237	195
14245	109,98	54,38	53,68	34,21	331	279
14246	17,25	2,2	12,5	0,0	421	404
14247	17,25	4,6	12,5	4,3	421	339
14248	62,78	25,57	100,73	45,26	354	524
14249	13,3	177,169	8,9	103,125	309	364
14250	163,98	177,169	88,98	103,125	363	364
14251	67,52	187,171	55,58	126,113	277	363
14252	106,123	106,73	70,89	53,82	351	364
14253	1370,984	101,75	737,851	71,73	2356	351
14255	106,67	241,207	47,64	177,166	258	440
14256	109,88	37,31	58,85	27,41	308	325
14257	111,87	45,31	58,89	27,40	308	325
14258	165,167	5,10	164,147	7,2	1104	224
14259	30,15	172,159	13,10	158,134	271	1104
14260	88,60	445,376	78,74	354,398	269	334
14261	78,57	71,41	55,52	33,40	314	281
14262	79,55	63,50	52,50	40,52	314	290
14263	52,40	89,90	38,41	30,42	263	314
14264	52,40	53,58	35,41	31,55	263	267
14265	65,55	55,56	39,58	34,55	314	267
14266	198,183	1526,1323	139,150	1219,1185	267	396
14267	199,182	1700,1422	137,150	1270,1198	267	675
14268	476,427	1526,1323	330,350	1219,1185	327	396
14269	920,774	809,661	712,627	618,560	396	271
14270	1316,1089	815,661	935,867	618,565	396	271
14271	3,1	8,1	4,1	1,0	198	191
14272	111,156	283,226	197,121	248,196	401	350
14274	29,42	71,34	39,49	32,39	226	207
14275	79,40	66,34	56,41	32,35	218	207
14276	82,40	88,56	53,43	72,77	218	226
14277	70,78	78,51	78,45	72,76	269	226
14278	3,2	78,52	1,2	71,76	218	226
14279	118,80	47,30	113,104	26,43	218	209
14280	50,37	41,28	36,29	28,41	226	209
14281	79,79	15,21	79,46	25,23	269	218
14282	38,22	15,20	7,18	25,23	269	218
14283	37,29	19,37	26,31	29,31	247	218
14284	0,5	19,37	2,7	29,31	226	218
14285	76,77	19,28	80,47	22,25	269	218
14286	37,28	22,32	30,31	24,28	247	218
14287	50,38	119,70	35,29	91,99	226	269
14288	37,30	119,70	26,23	91,99	214	269
14289	37,29	0,5	26,31	2,7	247	226
14290	40,39	0,6	28,36	1,7	247	226
14291	37,29	72,62	26,31	66,50	247	226
14292	1,1	222,174	0,0	161,143	225	320
14293	141,143	176,120	122,123	73,100	320	254
14294	28,15	11,12	12,20	7,4	237	251
14296	1,5	143,97	1,1	96,94	280	258
14297	83,95	176,153	72,79	165,122	258	290
14298	213,144	154,121	149,138	101,101	290	245
14299	96,92	349,236	110,80	262,205	245	398
14300	186,160	466,372	124,148	355,322	234	337
14301	390,325	336,328	288,251	259,233	337	348
14302	521,410	247,178	389,354	151,96	348	293
14303	167,144	399,366	114,109	326,266	217	340
14304	204,171	237,249	149,155	200,177	227	253
14305	499,515	362,333	405,313	309,234	341	292
14306	58,85	529,437	69,48	397,412	291	362
14314	98,126	117,112	112,59	110,125	209	199
14315	74,55	115,112	47,45	112,125	195	199
14316	80,83	3,5	62,67	2,9	199	189
14317	106,113	87,68	113,105	54,75	273	243
14318	85,50	144,145	76,46	107,132	244	273
14319	4,23	3,0	30,7	0,0	250	195
14320	191,177	3,0	195,176	0,0	252	240
14321	10,11	15,26	6,7	12,3	261	301
14322	10,12	4,5	6,7	6,4	261	238
14323	879,843	320,308	724,712	218,168	306	239
14324	2,1	0,0	0,0	0,1	338	338
14325	9,4	8,7	2,4	6,6	202	248
14326	7,9	69,95	3,5	60,47	322	322
14327	167,151	112,166	118,97	147,101	315	352
14328	272,236	131,134	183,206	136,131	343	311
14329	242,210	269,236	143,134	147,183	236	249
14330	18,14	273,236	11,6	147,183	236	249
14331	228,209	267,225	206,202	189,184	235	236
14332	208,207	241,210	160,152	174,173	221	236
14333	338,277	177,149	264,223	132,113	259	225
14334	15,43	177,149	7,22	132,113	385	225
14335	211,177	264,199	249,141	206,171	297	259
14336	4,3	2,0	2,3	0,2	248	208
14337	235,205	55,48	129,129	33,33	336	285
14338	62,52	79,79	52,52	35,60	250	264
14339	41,29	57,64	25,31	33,32	263	348
14340	128,120	108,109	110,111	89,120	385	276
14341	162,148	93,104	122,100	64,53	427	324
14342	65,61	174,137	34,62	113,97	289	427
14343	44,32	91,96	40,22	89,56	288	315
14344	12,8	91,92	3,4	91,56	288	315
14345	42,36	93,49	28,14	58,45	279	288
14347	112,100	30,20	71,51	15,22	349	203
14348	5,10	63,55	9,7	37,30	263	171
14349	7,1	16,5	8,4	4,5	197	171
14355	1669,1481	1370,1278	1400,1148	1090,1066	298	297
14356	1042,909	272,170	805,842	159,83	239	245
14357	687,626	148,108	550,480	89,49	236	230
14358	38,23	589,487	24,19	386,281	230	290
14359	310,280	447,343	228,242	297,290	242	285
14360	230,192	253,184	168,138	215,180	230	242
14361	555,420	174,155	340,335	118,108	279	230
14362	16,3	175,153	4,7	118,111	279	230
14363	0,3	89,86	9,3	80,67	193	227
14364	39,50	240,167	39,59	162,133	227	258
14366	256,234	42,23	226,218	42,15	279	164
14367	378,293	63,45	271,282	56,44	261	254
14368	378,293	73,58	271,282	61,50	261	287
14369	213,184	109,107	163,122	70,68	303	228
14370	180,194	2,5	136,143	1,1	303	231
14371	85,76	2,5	97,62	1,1	253	231
14372	85,76	180,194	97,62	136,143	253	303
14373	153,103	49,46	86,78	52,36	234	211
14374	20,25	118,95	29,18	89,71	304	234
14375	64,48	120,95	59,42	89,71	304	234
14376	95,57	72,55	61,46	47,39	354	329
14377	1,0	38,29	2,0	34,12	254	239
14378	107,48	39,30	59,73	34,12	374	239
14379	56,58	58,42	51,56	37,37	333	295
14382	0,2	7,3	0,0	7,8	270	344
14383	739,587	786,666	566,576	541,444	329	268
14384	453,383	800,679	326,329	559,453	215	268
14385	452,377	410,308	326,329	236,217	215	219
14386	8,6	2,0	1,0	5,0	477	195
14387	4,0	2,1	0,0	2,0	246	238
14388	0,1	3,4	0,0	0,1	206	251
14389	1,1	614,561	0,0	548,511	206	211
14390	681,592	1,4	600,589	1,1	281	176
14391	1,0	698,612	0,0	619,559	281	211
14392	1512,1330	1,4	1332,1294	1,1	251	176
14393	568,482	698,612	472,456	619,559	251	211
14394	423,374	1552,1395	380,383	1330,1120	211	313
14395	309,216	357,371	228,199	269,212	284	319
14396	312,313	194,138	249,259	132,138	258	232
14397	1,0	234,193	3,1	174,174	212	250
14398	137,126	61,50	117,145	57,43	250	192
14399	69,74	106,86	63,39	59,81	240	295
14400	333,272	580,617	272,214	451,458	247	273
14401	489,446	1152,1080	412,363	966,879	273	311
14402	489,446	875,836	412,363	758,670	273	293
14403	203,192	256,216	181,174	195,223	308	328
14404	16,3	168,176	4,5	154,121	266	308
14405	132,190	122,94	117,110	94,95	247	237
14406	110,103	106,90	64,75	94,95	261	277
14407	20,19	6,23	33,10	35,11	257	254
14408	142,102	58,40	101,80	36,46	377	301
14409	99,75	91,49	76,95	55,44	416	377
14410	51,46	149,112	40,55	103,105	294	416
14411	1,4	281,238	5,0	234,155	308	196
14412	294,315	281,238	318,216	234,155	270	196
14413	2523,2140	1842,1556	1786,1673	1360,1355	328	282
14414	1,0	1842,1556	0,2	1360,1355	177	282
14415	452,388	1842,1556	346,278	1360,1355	348	282
14416	1892,1664	2497,2278	1351,1339	2034,1815	269	1288
14417	1710,1185	2493,2269	1070,1163	2029,1811	262	1288
14418	1892,1664	429,369	1351,1339	331,261	269	328
14419	1710,1185	425,360	1070,1163	326,257	262	328
14420	1714,1196	1675,1475	1076,1167	1198,1150	262	269
14421	1621,1309	4,12	1081,1153	3,4	325	262
14422	1623,1311	1873,1623	1088,1158	1281,1298	325	262
14423	1122,891	2402,1742	780,723	1584,1655	257	325
14424	1858,1483	916,739	1247,1461	628,661	314	257
14425	2,1	916,739	2,4	628,661	294	257
14426	265,195	933,745	139,156	642,677	314	257
14427	1,3	1819,1422	0,2	1165,1134	210	314
14428	1420,1160	1819,1422	1007,1037	1165,1134	290	314
14429	2839,2139	1545,1250	1840,1937	1087,1279	362	290
14430	2839,2139	1,1	1840,1937	6,2	362	269
14431	3,2	6,5	5,2	2,4	238	238
14432	3,2	15,10	5,2	11,15	238	296
14433	53,48	118,92	40,63	89,88	263	278
14434	97,99	311,301	79,93	178,219	278	355
14435	121,101	61,59	78,99	44,55	228	307
14436	48,35	51,47	28,25	43,39	211	257
14437	15,21	35,47	9,6	46,37	239	305
14438	37,37	37,45	26,20	47,41	239	305
14439	21,20	20,19	16,14	15,13	264	239
14440	7,10	20,19	7,13	15,13	177	239
14441	86,56	17,21	51,42	6,6	265	264
14442	86,56	5,6	51,42	4,5	265	177
14443	22,15	1,2	4,8	4,1	250	214
14444	14,7	15,21	10,7	17,8	186	233
14445	186,118	233,217	138,112	138,174	257	247
14446	1239,1112	972,978	942,723	748,559	419	336
14447	1342,1363	956,974	1346,952	745,562	556	336
14448	1130,998	971,986	773,774	751,576	394	336
14449	219,216	956,975	138,161	746,568	214	336
14450	73,59	956,975	36,37	746,568	229	336
14451	849,729	956,974	626,446	745,562	419	336
14452	1357,1365	1580,1395	1350,952	1211,868	556	419
14453	1128,996	1523,1327	774,776	1178,841	394	419
14454	247,169	1498,1314	132,159	1162,827	199	419
14455	134,118	1503,1321	70,102	1163,825	179	419
14456	1213,1077	1226,1271	821,816	1196,862	394	556
14457	259,171	1195,1249	140,154	1177,852	199	556
14458	222,216	1195,1251	138,162	1177,851	214	556
14459	75,59	1195,1251	36,37	1177,851	229	556
14460	246,262	1195,1250	186,136	1177,851	218	556
14461	294,299	417,367	199,158	235,282	218	253
14472	73,44	47,38	44,50	26,37	252	247
14473	16,23	47,77	23,15	47,30	303	281
14474	37,29	43,75	21,40	41,30	271	281
14475	16,23	44,63	23,16	40,54	303	362
14476	36,29	1,5	21,47	4,1	271	307
14477	36,29	13,19	21,47	21,17	271	303
14478	2,0	2,2	3,6	1,0	311	308
14479	342,365	457,413	274,239	312,346	258	258
14480	585,503	444,352	422,386	313,323	339	323
14481	440,383	444,354	332,357	313,322	304	323
14486	15,28	7,14	11,16	0,7	353	268
14487	108,105	55,37	89,87	34,20	316	261
14488	108,105	2,3	89,87	4,0	316	357
14489	260,186	160,136	224,186	148,137	355	241
14490	43,19	293,231	32,29	228,195	196	355
14492	61,35	113,87	45,36	59,64	235	268
14493	223,174	5,4	152,130	1,6	298	348
14494	195,155	115,91	120,126	88,102	356	279
14495	58,58	162,124	35,39	102,113	239	356
14496	371,354	85,78	258,247	66,89	329	461
14497	201,165	47,44	117,113	43,49	329	461
14498	201,165	271,204	117,113	190,183	329	401
14499	47,44	271,204	43,49	190,183	461	401
14500	90,77	441,388	70,80	332,315	461	401
14501	191,181	5,4	199,134	2,3	231	306
14502	77,91	5,4	81,46	2,3	228	306
14505	47,29	1,5	39,31	1,0	267	168
14506	24,11	1,5	19,18	1,0	247	168
14507	24,11	47,29	19,18	39,31	247	267
14508	203,205	315,306	168,135	241,270	259	270
14509	148,102	101,103	77,68	75,61	315	347
14510	40,51	25,21	29,34	16,22	274	260
14511	61,33	22,16	35,41	13,14	341	232
14512	87,71	182,167	54,81	140,134	265	368
14514	57,47	76,63	37,42	55,57	206	221
14515	68,44	24,25	20,29	7,16	263	237
14516	22,41	53,55	19,19	30,59	237	276
14517	51,42	36,21	29,25	21,19	285	240
14519	352,242	656,646	252,201	529,510	210	279
14520	59,38	6,1	30,28	2,7	390	256
14521	59,38	370,287	30,28	288,226	390	525
14522	136,88	429,300	90,89	262,256	340	226
14523	129,82	6,1	82,86	2,7	340	256
14524	129,82	370,287	82,86	288,226	340	525
14525	469,411	429,300	358,387	262,256	263	226
14526	463,404	6,1	348,384	2,7	263	256
14527	463,404	370,287	348,384	288,226	263	525
14528	49,123	68,53	183,92	52,31	295	804
14529	38,26	40,35	17,18	25,19	276	233
14530	6,6	36,30	0,2	14,13	233	226
14531	259,246	397,352	234,160	343,249	386	299
14532	127,144	28,60	123,102	75,41	215	386
14533	384,407	86,112	346,273	87,69	357	215
14534	146,120	133,120	105,91	125,114	431	371
14535	1611,1340	1427,1416	1032,1161	1004,1028	395	276
14536	438,386	1427,1416	320,347	1004,1028	350	276
14537	673,669	1442,1274	579,492	918,1102	276	321
14538	1539,1329	1497,1337	1114,1101	1182,1135	324	291
14539	2,0	92,61	0,0	69,55	297	265
14540	474,390	329,235	280,349	179,204	369	290
14541	151,101	327,234	111,94	179,204	231	290
14542	311,249	324,235	226,228	177,204	298	290
14543	311,245	359,278	225,228	240,269	298	369
14544	311,246	221,187	222,228	117,136	298	231
14545	61,55	308,247	50,67	219,176	217	269
14546	302,247	299,247	207,215	222,172	306	269
14547	311,253	170,133	211,220	139,128	306	217
14548	74,84	106,92	52,50	94,100	357	280
14549	149,149	106,92	121,113	94,100	299	280
14550	149,149	74,84	121,113	52,50	299	357
14551	8,1	207,204	0,0	109,133	285	357
14552	157,150	207,204	121,114	109,133	299	357
14553	37,27	36,26	13,22	13,31	290	553
14554	9,0	36,26	9,8	13,31	250	553
14555	14,2	36,26	12,18	13,31	257	553
14556	9,0	37,27	9,8	13,22	250	290
14557	14,2	37,27	12,18	13,22	257	290
14558	3,7	4,5	2,7	3,6	307	180
14559	4,3	4,5	4,11	3,6	257	180
14560	3,7	20,13	2,7	9,9	307	247
14561	4,3	20,13	4,11	9,9	257	247
14562	3,7	227,166	2,7	173,195	307	1025
14563	4,3	227,166	4,11	173,195	257	1025
14564	34,33	6,9	19,27	3,9	257	363
14565	4,3	3,7	4,11	2,7	257	307
14566	34,33	13,31	19,27	12,29	257	307
14567	318,298	172,155	276,245	161,127	374	248
14568	7,8	195,165	8,3	136,138	258	223
14569	25,17	507,441	16,15	357,327	258	223
14570	186,155	397,308	121,106	355,263	214	264
14571	2,2	357,277	2,2	218,225	193	186
14572	24,25	19,25	22,10	23,19	221	193
14573	45,56	89,90	37,22	61,65	221	245
14574	24,30	148,128	20,10	116,102	221	317
14575	44,43	158,140	32,42	125,118	245	317
14576	43,42	51,40	27,41	22,45	245	245
14577	162,173	53,41	107,142	26,45	317	245
14578	195,179	60,52	127,161	50,59	317	242
14579	83,78	78,77	76,68	57,86	245	242
14580	137,106	728,611	89,68	503,456	277	239
14581	77,73	488,465	60,45	424,296	239	269
14582	554,468	658,573	421,359	584,440	269	301
14583	21,4	187,138	11,12	201,124	265	297
14584	79,57	105,53	50,92	71,83	278	274
14585	49,43	118,93	44,63	88,63	245	265
14586	134,116	130,101	105,111	112,113	296	299
14587	75,62	132,114	88,91	127,101	291	305
14588	31,20	62,35	12,20	42,28	201	282
14589	103,88	65,84	41,88	54,48	217	249
14590	200,179	53,53	111,137	26,45	345	217
14591	119,91	260,238	82,76	131,187	287	345
14592	133,117	233,179	82,106	127,137	287	323
14593	14,5	2,5	12,5	0,2	249	221
14594	180,136	435,435	180,127	366,323	244	303
14595	309,269	180,174	227,198	149,139	274	240
14596	21,21	0,0	7,11	1,0	465	303
14598	160,131	132,96	113,107	89,71	297	282
14599	290,264	226,223	244,203	152,182	323	285
14600	131,108	92,116	86,110	128,90	285	222
14603	4,9	509,423	3,11	423,417	253	231
14604	2,4	41,21	1,3	17,16	213	242
14606	47,43	35,38	24,29	61,38	197	193
14607	343,325	786,656	278,259	530,491	242	278
14608	5,10	1,0	6,4	0,0	171	351
14609	5,10	6,7	6,4	5,3	171	215
14610	2,1	2,9	1,2	1,3	199	242
14611	2,1	0,3	1,2	1,3	199	242
14612	0,4	3,1	0,3	4,2	253	199
14613	129,139	108,93	135,108	59,53	362	313
14614	2151,1711	7363,6387	1519,1200	5784,4942	208	293
14615	40,36	44,25	30,32	30,16	263	270
14616	48,28	71,61	36,16	56,44	270	283
14617	50,32	7,7	41,17	8,4	283	211
14618	50,32	24,27	41,17	20,31	283	223
14619	86,99	106,93	86,89	76,47	279	327
14620	18,10	7,3	10,9	0,5	271	217
14621	189,173	158,132	156,165	105,118	336	250
14622	227,250	227,213	184,127	153,170	328	336
14623	642,522	321,313	505,403	245,274	474	387
14624	364,295	321,314	271,240	251,272	474	387
14625	919,794	636,455	651,629	466,439	554	474
14626	848,744	636,455	564,551	466,439	767	474
14627	102,80	56,41	66,66	40,37	302	245
14628	36,22	17,18	32,46	18,10	245	223
14631	864,830	1132,995	675,697	849,816	262	277
14632	1131,1034	1132,995	832,863	849,816	299	277
14633	1102,950	519,406	732,863	363,338	239	223
14634	40,23	3,12	19,22	2,1	240	297
14635	71,44	9,24	41,42	2,19	240	430
14636	61,74	18,11	38,49	11,10	347	240
14637	59,66	7,2	36,48	0,7	347	240
14638	70,52	36,49	49,54	53,39	212	255
14639	161,133	132,116	104,102	89,62	272	272
14640	973,826	1197,905	718,763	791,802	256	303
14641	29,37	395,303	40,15	252,259	253	180
14642	288,321	392,303	256,205	252,259	253	180
14643	13,30	392,303	8,18	252,259	255	180
14644	19,31	392,303	12,3	252,259	251	180
14645	12,14	392,305	8,3	250,259	253	180
14646	3,9	392,305	6,8	250,259	251	180
14647	29,37	503,372	40,15	303,306	253	593
14648	716,517	205,153	505,463	192,170	252	236
14649	623,524	462,414	477,371	386,425	276	217
14650	289,289	462,412	236,208	386,426	216	217
14651	285,289	906,741	235,208	740,679	216	276
14652	46,79	176,148	71,47	125,124	223	234
14653	83,83	63,77	69,59	52,63	260	230
14654	84,75	162,183	69,59	168,137	260	332
14655	126,84	124,80	81,79	94,84	235	226
14656	210,167	74,47	115,151	67,67	272	235
14657	147,128	197,144	105,112	130,120	244	272
14658	3,3	57,66	1,0	17,47	253	276
14659	0,0	4,5	0,2	6,5	302	276
14660	60,69	4,6	17,53	1,4	276	205
14661	43,53	1076,1046	29,39	1056,816	314	263
14662	0,0	168,186	3,0	162,138	282	191
14663	2,2	168,186	13,1	162,138	263	191
14664	146,151	168,184	139,117	162,138	263	191
14666	4,8	0,2	3,6	0,0	204	245
14673	454,413	265,221	484,367	202,200	275	195
14674	13,4	496,460	2,8	410,301	329	275
14676	444,335	188,136	247,299	160,120	275	233
14677	444,335	563,432	247,299	434,364	275	293
14678	223,208	581,448	190,196	435,407	255	275
14679	0,1	269,199	2,0	202,180	270	241
14680	557,469	269,199	403,389	202,180	2464	241
14681	695,583	3,14	482,493	2,6	270	219
14682	439,378	12,18	321,303	15,9	294	270
14683	850,1183	7,4	1286,869	6,2	419	214
14684	850,1183	32,25	1286,869	15,14	419	227
14685	1580,1504	2147,1942	1262,1220	1594,1460	214	267
14686	2194,1919	1342,1422	1636,1635	1344,1026	245	229
14691	587,482	687,538	489,380	601,639	309	314
14692	424,297	384,272	303,355	345,322	274	238
14693	421,287	504,382	297,354	399,340	274	252
14695	305,257	517,395	193,243	320,332	278	260
14696	84,105	48,38	77,89	23,22	352	286
14697	58,74	62,50	62,53	31,46	286	291
14698	125,208	545,389	122,137	325,326	240	259
14699	2,0	539,389	3,3	325,327	240	259
14700	518,447	622,464	340,326	363,429	260	281
14701	517,440	1,1	340,318	1,0	260	220
14702	577,437	631,464	379,375	392,443	281	291
14703	1,4	623,454	1,0	391,435	281	291
14704	7,10	1,2	4,2	0,0	290	267
14705	1890,1704	491,571	1572,1294	521,391	599	331
14706	1662,1482	490,569	1314,1146	518,391	599	331
14707	1032,848	603,702	735,737	612,443	371	331
14708	1032,844	532,657	731,737	569,444	371	426
14709	1060,910	608,707	791,829	616,443	342	331
14710	1060,910	27,16	791,829	8,14	342	249
14711	608,707	27,16	616,443	8,14	331	249
14712	430,576	703,628	456,365	577,438	319	318
14713	425,407	17,47	326,304	102,49	282	335
14714	80,63	21,28	43,34	13,14	466	252
14715	687,580	17,45	494,491	103,49	318	335
14717	73,73	23,34	69,44	29,23	267	207
14718	49,50	51,51	54,56	69,38	284	352
14719	71,61	29,25	19,37	15,15	254	228
14720	42,47	80,65	16,30	36,45	228	313
14721	298,301	707,604	258,227	633,522	270	355
14722	13,11	709,602	14,17	634,522	270	355
14723	527,464	709,602	434,356	634,522	310	355
14724	527,464	13,11	434,356	14,17	310	270
14725	525,465	311,291	434,357	286,243	310	270
14726	872,740	1647,1418	682,686	1377,1199	226	272
14727	211,260	2,11	226,180	18,17	326	245
14728	239,224	317,235	191,153	245,211	250	240
14729	174,257	287,252	197,136	181,192	300	263
14730	451,426	351,286	362,319	320,297	389	304
14731	12,18	2350,1769	11,15	1525,1592	254	274
14732	3,11	2351,1769	5,2	1525,1592	254	274
14733	3,8	2913,2215	3,8	1938,1869	208	254
14735	147,133	126,130	90,104	103,80	443	299
14736	75,51	70,35	51,47	51,30	248	250
14737	67,41	9,2	39,40	5,2	248	250
14738	56,45	92,58	38,45	47,29	294	281
14739	36,30	82,41	27,35	36,45	216	294
14740	20,19	78,40	18,15	37,44	195	294
14741	58,37	79,39	40,37	36,44	254	294
14742	28,28	17,10	32,23	14,15	235	216
14743	57,41	4,2	40,37	1,0	254	235
14744	171,136	381,326	104,90	245,306	181	274
14745	172,133	510,447	104,90	292,427	181	281
14746	4,5	524,456	0,2	305,434	207	281
14747	18,21	1,5	15,12	0,0	295	180
14749	549,485	901,761	387,287	557,546	283	318
14750	743,687	307,251	529,463	205,193	318	233
14751	746,681	556,471	561,531	495,337	310	319
14752	673,524	47,55	440,345	44,38	319	161
14753	11,20	23,21	24,10	8,13	321	329
14754	3,3	24,21	8,2	6,12	321	329
14755	9,3	24,21	10,11	6,12	235	329
14756	9,3	3,3	10,11	8,2	235	321
14757	8,1	13,22	10,12	15,11	235	321
14758	663,604	621,464	513,496	462,358	296	246
14759	420,343	740,635	305,254	558,502	233	245
14760	3,0	112,72	0,0	46,53	291	401
14761	61,41	111,73	27,49	44,53	239	401
14763	0,2	1,2	1,0	0,3	284	269
14764	88,73	184,131	47,49	101,110	214	245
14765	106,134	214,178	134,77	140,165	245	276
14766	266,174	104,88	143,157	67,62	276	236
14767	2,6	5,8	5,3	3,5	203	185
14768	39,30	10,6	26,17	7,8	287	203
14769	49,39	8,6	37,23	6,6	287	239
14783	0,2	0,3	2,2	2,3	208	217
14784	21,21	2,2	28,6	2,9	296	272
14786	40,52	37,44	38,45	60,41	236	263
14787	2,3	58,83	2,4	100,62	249	266
14788	2,3	75,81	2,4	102,78	249	263
14789	20,32	1,0	36,20	0,0	266	163
14790	20,32	55,61	36,20	39,57	266	302
14791	1,0	53,61	4,0	39,55	266	302
14792	30,31	55,61	40,36	39,57	263	302
14793	50,59	116,98	73,46	63,85	302	360
14794	126,113	132,166	116,82	144,86	287	360
14795	240,220	4,3	239,168	1,0	287	284
14796	52,29	89,52	50,41	40,68	267	260
14797	67,62	68,40	64,41	45,42	241	285
14798	13,12	24,26	17,8	24,23	203	241
14801	129,97	21,5	66,78	8,11	272	275
14802	84,96	150,100	77,78	88,107	296	278
14803	137,96	107,83	75,104	77,76	275	293
14804	143,93	182,122	85,85	117,111	275	289
14805	1902,1696	429,364	1596,1415	394,347	312	199
14806	1379,1138	2738,2313	1035,867	1922,1606	288	335
14807	247,229	2741,2317	214,183	1921,1607	515	335
14808	197,202	1928,1436	187,149	1239,971	226	288
14809	1,5	609,567	1,3	462,485	227	252
14810	0,0	0,2	2,0	0,0	282	414
14811	0,0	0,2	2,0	0,0	282	414
14812	68,55	176,163	37,53	124,148	279	386
14813	0,0	192,217	1,4	109,119	231	277
14814	96,87	77,60	48,52	56,57	277	278
14815	174,142	167,179	140,139	126,122	316	332
14816	1071,970	1217,1343	830,743	1093,922	232	249
14817	1071,972	3150,2713	830,742	2364,2119	232	328
14818	2624,2367	765,633	2159,1757	577,495	292	187
14819	127,75	765,633	86,61	577,495	328	187
14820	694,679	134,170	547,655	190,176	188	223
14821	313,205	73,39	250,247	37,22	452	246
14822	28,25	296,173	25,22	180,163	225	374
14823	14,10	23,26	4,4	17,16	283	238
14824	78,53	23,26	47,41	17,16	234	238
14825	4,4	6,17	5,3	11,11	168	271
14826	10,8	6,16	4,6	13,10	267	271
14827	75,56	127,120	46,44	101,104	238	307
14828	2,8	6,1	1,4	5,6	234	240
14829	800,877	2870,2006	584,513	1496,1609	252	291
14830	1700,1397	2525,2006	1074,1014	1581,1634	291	266
14831	1700,1395	3,1	1075,1010	2,2	291	266
14832	0,4	2525,2006	1,7	1581,1634	289	266
14833	0,4	2525,2006	1,5	1581,1634	287	266
14834	2554,1771	6942,5566	1318,1436	4254,4464	266	481
14835	2554,1771	2332,1746	1318,1436	1337,1511	266	276
14836	7366,5993	2140,1606	4652,4660	1091,1270	481	261
14837	1794,1343	2191,1853	1019,1216	1381,1432	261	269
14839	2379,1693	2064,1666	1235,1415	1395,1373	269	266
14840	2151,1816	3176,2527	1295,1373	2123,2165	266	287
14841	6177,4609	5675,4481	3482,3295	3440,3238	419	395
14842	6177,4609	2734,2153	3482,3295	1569,1507	419	649
14843	517,383	449,279	394,345	235,291	323	310
14844	294,296	244,190	176,184	176,162	244	276
14846	387,364	264,244	290,261	203,197	348	243
14847	301,223	360,412	203,193	341,291	261	361
14848	259,198	340,311	205,169	258,228	236	261
14849	359,282	199,183	257,231	145,127	272	236
14850	688,641	293,243	533,505	180,179	415	231
14851	353,324	126,103	237,301	76,82	306	231
14852	351,325	347,292	238,301	206,235	306	293
14853	16,1	19,11	1,8	6,8	275	260
14856	58,55	91,70	54,43	86,56	231	325
14857	58,55	787,739	54,43	732,534	231	319
14858	63,80	56,39	58,62	38,22	182	202
14859	227,218	26,32	163,133	41,35	245	182
14860	9,7	198,155	3,5	122,123	306	230
14861	9,7	282,241	3,5	215,171	306	265
14862	24,30	209,170	23,20	137,120	224	265
14863	9,7	211,169	3,5	147,121	306	310
14864	11,6	0,0	5,9	0,3	306	177
14865	69,69	0,0	74,44	0,7	224	177
14866	10,7	23,27	12,5	30,19	254	236
14867	61,47	19,6	38,44	2,13	275	254
14868	62,52	75,57	39,51	55,43	294	295
14869	65,49	75,57	37,48	55,43	275	295
14872	9,7	4,4	5,0	11,8	240	212
14873	967,783	112,126	537,647	101,70	1130	268
14874	52,47	112,127	40,37	101,70	334	268
14875	6,2	1,2	6,0	1,0	255	245
14876	6,2	1,0	6,0	2,0	255	210
14877	1,2	1,0	1,0	2,0	245	210
14878	1,0	32,20	0,0	18,10	325	599
14879	2,0	2,1	1,0	0,1	319	310
14880	8,2	3,2	6,0	1,3	283	229
14881	6,4	6,3	0,1	4,2	287	283
14882	13,5	10,4	7,3	6,0	316	287
14883	125,127	75,56	106,92	37,41	260	194
14884	135,133	86,80	111,105	57,74	260	194
14885	1218,936	369,319	973,1201	266,346	530	289
14886	117,148	1071,871	127,127	892,1047	207	530
14887	0,0	202,154	0,1	136,228	166	207
14888	58,54	77,45	61,28	49,48	286	325
14889	33,31	82,55	38,28	58,52	272	325
14895	77,105	8,3	54,84	3,6	904	223
14896	0,1	17,13	0,0	12,17	267	223
14897	156,152	316,233	97,140	226,220	220	311
14898	285,207	19,21	221,178	12,13	273	274
14899	0,3	499,438	0,0	391,294	200	273
14900	1,3	20,31	3,2	32,21	173	340
14901	9,13	17,9	6,5	2,4	527	353
14902	13,2	8,3	12,6	6,2	306	314
14903	8,9	49,36	12,4	27,35	204	302
14904	32,16	36,17	21,17	17,33	260	316
14905	47,42	10,6	54,56	10,4	260	256
14906	8,4	44,14	1,15	27,21	244	225
14908	96,99	63,58	78,77	52,61	307	265
14909	96,99	53,38	78,77	30,48	307	256
14920	5,2	0,2	3,4	0,0	267	325
14921	1,2	3,2	3,4	2,3	241	267
14922	29,15	268,227	15,14	169,175	260	320
14923	2,4	178,198	5,5	171,144	238	396
14924	80,46	959,840	40,56	609,607	258	989
14925	2,0	105,82	0,0	58,66	258	264
14926	19,16	105,82	5,5	58,66	263	264
14927	4,0	105,82	1,6	58,66	275	264
14928	1,0	324,334	0,0	206,225	258	329
14929	18,16	324,334	5,5	206,225	263	329
14930	3,0	324,334	1,6	206,225	275	329
14931	99,130	238,213	92,72	138,140	245	329
14934	30,26	4,11	18,11	2,0	263	182
14935	2,0	1,3	1,6	0,0	275	182
14936	123,83	4,1	64,75	0,1	278	245
14937	50,54	71,55	40,38	60,54	267	250
14938	109,134	195,168	90,88	134,147	277	258
14939	502,523	174665,151680	434,360	125143,105861	256	272
14940	502,523	165066,143374	434,360	118327,100158	256	267
14941	495,517	129595,119755	431,346	98842,89026	256	942
14942	7,6	174665,151680	3,10	125143,105861	247	272
14943	105243,95518	123612,114158	80575,69095	94118,84801	272	270
14944	108214,98212	87814,79422	82816,71291	68149,61096	942	260
14945	182718,155356	87820,79426	127602,107170	68149,61103	270	260
14946	126,86	355,259	64,67	204,223	222	270
14947	454,355	127,132	330,265	69,106	485	279
14948	56,42	65,63	47,49	66,42	251	322
14949	54,50	29,32	33,38	27,26	322	242
14950	33,35	81,88	35,23	52,45	242	356
14951	29,35	38,39	34,23	35,38	242	258
14952	5,42	476,379	35,19	345,327	348	230
14953	5,40	747,582	35,19	496,555	348	263
14954	197,190	1092,940	183,150	727,815	230	403
14955	196,190	508,366	186,146	285,333	230	248
14956	1236,1047	512,368	927,906	286,336	403	248
14957	390,345	765,591	253,276	512,561	248	263
14958	83,59	106,75	76,69	68,64	281	362
14959	136,99	46,38	98,141	45,40	307	281
14960	3,3	1,1	2,0	0,2	241	286
14961	215,174	2,1	171,123	3,0	301	241
14962	24,20	128,87	16,33	100,64	216	301
14967	730,646	217,243	539,519	189,162	245	225
14968	497,473	537,456	386,365	365,288	236	257
14969	13,25	537,456	7,11	365,288	298	257
14970	35,43	50,49	21,18	36,58	329	418
14971	5,5	55,62	8,4	43,34	183	329
14972	99,80	32,20	34,45	28,15	347	344
14973	1260,976	2627,2289	910,890	1983,1776	293	323
14974	6201,5281	32,28	4775,4758	18,21	467	233
14975	4723,3942	1388,1180	3616,3605	1077,1028	467	284
14976	4723,3942	1293,1099	3616,3605	1001,955	467	248
14977	382,243	1878,1646	269,269	1409,1263	284	252
14978	1130,1052	1878,1646	903,860	1409,1263	248	252
14979	310,302	397,416	274,226	422,287	212	308
14980	393,399	95,131	462,314	128,113	308	212
14981	148,111	188,134	72,102	108,129	263	294
14982	25,16	188,134	3,7	108,129	268	294
14983	11,3	188,134	2,3	108,129	1385	294
14984	0,3	188,136	0,3	108,128	263	294
14985	172,115	188,136	105,77	108,128	2285	294
14986	159,110	141,114	102,75	93,95	239	263
14987	159,110	143,112	102,75	96,94	239	268
14988	144,131	157,117	98,116	96,95	318	2285
14989	56,51	256,167	42,36	133,126	238	303
14990	136,104	80,61	99,125	25,48	280	318
14991	138,100	79,76	111,100	60,61	282	238
14992	7,7	79,76	2,3	60,61	223	238
14993	30,33	12,39	52,45	38,33	315	305
14994	33,35	12,37	32,26	40,33	219	305
14995	58,61	51,70	54,38	56,36	305	206
14996	220,111	62,38	186,136	38,56	182	268
14997	160,196	307,281	156,107	212,249	261	322
14998	12,20	4,3	21,11	2,2	350	182
14999	2,1	4,7	0,0	1,2	251	182
15000	15,21	4,7	15,10	1,2	350	182
15001	3,3	14,13	7,6	5,2	248	251
15002	3,3	29,38	7,6	26,15	248	350
15003	5,7	20,27	4,0	23,10	344	350
15004	458,374	815,676	325,299	490,555	282	343
15006	238,228	38,29	217,245	35,33	806	247
15007	8,9	3230,2808	8,14	2468,2172	257	296
15008	9,10	3239,2810	11,4	2475,2172	257	296
15009	87,80	69,71	67,65	78,64	278	235
15010	73,73	82,47	55,54	45,47	247	241
15011	17,5	30,29	11,19	22,18	336	296
15012	163,118	166,148	99,81	127,108	363	354
15017	1861,1388	326,236	1331,1146	217,156	338	233
15018	303,213	323,235	187,143	210,155	312	233
15019	1862,1389	1126,945	1331,1146	773,689	338	265
15020	2400,1797	1908,1297	1647,1452	1295,1139	312	338
15021	365,267	1910,1296	239,204	1295,1141	425	338
15022	332,243	1910,1296	212,162	1295,1141	312	338
15023	245,176	1690,1285	96,101	1220,1051	283	312
15024	52,66	35,49	51,52	31,29	230	249
15026	213,170	345,300	130,139	248,273	342	296
15027	479,449	85,66	374,361	58,53	280	245
15028	279,291	345,302	221,237	246,275	280	296
15029	209,167	227,160	158,134	143,151	296	233
15030	1159,980	505,393	944,747	292,323	456	316
15031	1148,969	247,166	936,744	144,133	456	229
15032	479,379	260,175	343,353	152,136	316	229
15033	208,181	405,322	125,132	305,252	229	293
15034	43,23	341,285	23,28	228,207	321	268
15035	38,25	237,181	23,25	146,116	321	233
15036	38,23	182,155	22,23	109,132	321	211
15037	282,228	341,285	201,161	228,207	263	268
15038	275,230	237,181	199,157	146,116	263	233
15039	275,228	182,155	198,155	109,132	263	211
15040	276,199	245,180	154,157	149,121	268	233
15041	208,184	181,155	144,131	109,130	233	211
15042	546,461	288,291	333,344	202,197	293	250
15043	263,248	333,259	228,192	229,170	250	252
15044	4,0	333,259	1,0	229,170	225	252
15045	276,239	348,230	170,187	212,221	213	238
15046	193,187	219,158	125,118	147,125	238	220
15047	310,219	288,227	199,189	235,231	317	300
15048	213,192	306,340	155,159	280,294	257	317
15049	132,99	314,259	108,95	215,219	237	261
15050	244,216	302,197	153,132	175,150	324	285
15051	125,102	94,86	79,77	60,73	265	267
15052	5,2	60,59	1,3	47,45	265	227
15053	57,50	60,59	43,28	47,45	250	227
15054	57,50	5,2	43,28	1,3	250	265
15055	88,105	79,62	76,72	52,37	253	181
15056	133,144	177,168	130,102	136,119	181	215
15057	187,100	163,107	110,99	107,93	238	490
15058	15,15	279,285	25,13	225,231	186	244
15059	0,1	273,245	0,0	188,205	186	207
15060	8,6	11,2	14,7	0,0	186	244
15061	210,161	304,311	165,143	237,254	248	244
15062	206,148	282,256	159,139	199,211	248	207
15063	232,208	277,257	163,190	197,209	244	207
15064	222,232	164,166	289,188	159,149	277	1431
15065	222,232	4,6	289,188	3,4	277	197
15066	1,0	4,6	0,2	3,4	300	197
15067	189,169	116,107	156,131	110,93	203	197
15068	221,234	115,107	289,186	109,90	277	197
15070	342,268	169,124	274,260	148,109	246	203
15071	98,97	343,301	59,72	280,334	231	398
15072	287,229	239,179	214,196	142,114	257	241
15073	274,203	189,114	203,192	130,117	257	224
15078	968,903	905,778	736,683	596,590	313	279
15079	825,627	669,572	610,545	479,508	279	272
15080	767,647	745,549	521,500	431,446	272	326
15081	1207,932	68,52	899,824	50,58	381	206
15083	0,0	13,7	0,2	4,7	204	359
15086	13,2	1,2	5,4	0,0	204	208
15088	59,46	13,7	73,38	4,7	615	359
15089	59,46	9,3	73,38	3,4	615	287
15093	5,2	0,1	1,2	0,5	469	257
15095	623,593	47,33	516,417	15,21	1676	272
15096	623,593	12,4	516,417	3,2	1676	364
15097	48,43	36,43	34,34	24,25	272	246
15098	31,21	97,70	10,25	63,45	246	323
15106	0,0	2,0	0,4	0,0	219	287
15107	139,112	103,118	105,107	91,112	279	247
15108	136,110	356,321	104,108	261,270	279	341
15109	316,264	4,1	225,228	1,2	279	267
15110	182,188	74,71	143,160	68,53	279	204
15111	106,112	131,168	69,55	134,112	204	253
15154	66,73	89,123	75,60	102,87	377	345
15155	487,392	322,248	373,338	211,203	443	345
15156	67,65	292,263	65,60	226,192	239	858
15157	132,113	64,58	73,107	48,45	276	229
15158	84,57	174,111	34,58	88,79	202	276
15159	2,6	177,116	1,3	89,80	202	276
15160	2,0	174,111	0,1	88,79	202	276
15162	98,53	57,56	51,74	37,45	216	202
15163	3,3	56,44	1,3	36,39	216	202
15164	123,102	56,44	84,119	36,39	299	202
15165	123,102	3,3	84,119	1,3	299	216
15166	126,112	76,69	85,127	47,60	299	216
15167	69,48	99,64	42,53	76,92	210	235
15168	54,65	61,40	44,42	36,23	248	227
15169	23,15	46,40	8,12	38,33	195	248
15181	694,654	483,371	655,441	358,281	410	314
15182	2337,2210	656,552	2110,1760	623,452	1287	410
15184	152,149	159,156	126,130	135,103	241	320
15185	198,161	236,214	147,101	181,182	224	242
15186	249,169	169,139	170,242	172,141	345	243
15187	145,122	168,141	108,101	166,138	289	243
15188	0,3	0,0	0,0	0,5	239	291
15189	0,3	6,0	0,0	2,1	239	282
15190	0,0	6,0	0,5	2,1	291	282
15191	85,76	118,86	78,65	86,102	262	311
15192	106,79	87,75	102,103	79,66	311	261
15193	189,161	213,211	150,150	152,178	330	389
15194	186,158	157,154	124,115	134,93	259	270
15195	164,136	157,163	130,131	140,124	252	259
15196	146,138	161,136	121,136	105,121	1060	252
15197	67,67	106,86	61,47	78,81	269	1060
15198	32,41	175,166	56,42	151,154	277	269
15199	29,37	175,166	52,39	151,154	262	269
15200	54,82	84,70	81,59	55,58	242	277
15201	54,82	70,44	81,59	40,47	242	262
15202	1,1	0,2	0,0	0,2	304	276
15203	3,3	50,68	2,2	72,57	205	236
15204	1,3	50,68	1,0	72,57	200	236
15205	1,0	50,68	1,0	72,57	167	236
15207	1,0	44,45	1,0	47,24	205	186
15209	2,0	0,0	0,2	1,2	343	339
15211	3,1	4,1	4,2	4,1	470	422
15212	3,1	4,1	4,2	4,1	470	422
15213	2,1	0,1	0,1	1,1	269	253
15214	2,0	162,178	4,0	133,104	204	265
15215	194,142	123,104	136,90	109,86	266	204
15216	195,143	332,233	139,90	244,182	266	259
15217	195,143	472,364	139,90	371,284	266	317
15218	2,0	4,11	0,0	5,2	242	264
15222	0,1	3,0	0,0	2,1	234	337
15225	379,320	164,97	262,275	87,88	242	179
15226	4,6	7,8	6,6	4,3	245	251
15227	26,25	18,28	17,32	12,17	253	229
15229	1060,885	674,627	859,790	564,487	395	340
15230	2,2	371,383	6,1	362,334	210	255
15231	41,47	371,383	58,37	362,334	213	255
15232	1,1	21,22	2,1	16,11	234	324
15233	20,17	6,2	18,8	1,1	337	234
15234	124,121	3,2	88,114	0,1	282	222
15235	108,85	2,0	57,53	1,3	338	282
15236	10,8	6,2	17,8	3,0	200	286
15237	51,44	11,15	53,41	11,2	200	286
15238	46,35	2,0	35,40	0,0	238	204
15239	306,256	64,50	159,226	56,40	910	280
15240	15,4	342,257	1,9	167,237	248	910
15241	10,13	19,24	11,10	19,13	173	228
15243	31,19	172,127	18,15	81,96	284	292
15244	122,114	196,156	135,84	148,135	321	269
15245	168,200	134,176	157,122	152,114	365	321
15246	360,345	3,2	327,276	0,0	232	238
15247	463,444	772,692	431,336	661,592	207	219
15249	2,4	979,743	2,0	653,592	249	235
15250	2,4	15,34	3,0	19,16	249	296
15252	61,57	127,87	34,36	74,68	275	304
15253	101,83	43,37	52,54	33,34	439	283
15255	13,7	21,30	7,6	39,31	273	308
15256	54,61	54,36	71,26	74,34	317	312
15257	76,101	9,11	112,74	14,9	355	188
15258	48,33	309,324	29,38	220,218	212	279
15259	262,284	111,131	186,227	81,84	279	239
15260	214,226	375,291	148,131	207,178	284	271
15261	24,47	175,164	37,29	125,125	228	263
15262	49,45	323,276	58,32	260,216	239	263
15263	137,153	134,121	94,102	98,76	230	260
15264	3,11	109,126	16,5	104,102	216	274
15265	99,90	169,164	73,83	134,112	274	283
15266	194,151	176,193	161,110	145,140	223	255
15267	118,79	102,106	84,79	117,85	273	226
15268	5,0	102,106	4,0	117,85	202	226
15269	3,8	223,212	5,3	220,206	225	235
15270	0,1	223,212	0,0	220,206	214	235
15271	20,19	41,81	11,22	76,61	491	257
15272	92,103	18,13	101,88	19,11	287	313
15273	92,103	50,74	101,88	77,51	287	440
15274	1096,1042	561,464	896,968	421,358	223	207
15275	1095,1042	5,7	896,968	5,6	223	222
15276	439,353	503,465	348,316	419,350	207	222
15277	437,350	1,0	348,316	0,2	207	222
15282	121,88	38,40	66,59	28,25	362	254
15283	117,85	21,15	61,57	16,8	362	192
15284	40,49	57,79	35,37	41,46	206	212
15285	0,0	28,36	0,2	30,27	191	212
15286	16,16	48,60	7,6	34,37	212	326
15287	28,34	77,89	21,21	68,72	326	278
15288	72,100	77,90	61,64	67,72	326	278
15289	28,33	89,84	22,14	58,37	278	251
15290	71,77	64,58	59,69	43,30	251	230
15293	254,206	192,127	159,172	119,110	263	214
15294	208,212	73,59	159,149	62,52	298	208
15295	119,111	294,262	102,66	195,181	249	298
15296	279,315	271,232	252,285	241,187	278	284
15297	3,0	269,233	1,3	241,187	286	284
15298	6,7	271,232	1,5	241,187	286	284
15299	279,315	2,0	252,285	0,0	278	217
15301	258,218	253,261	180,157	249,252	281	278
15302	133,121	87,98	118,137	60,54	233	202
15303	126,118	88,98	86,93	63,54	222	202
15304	168,126	49,30	126,158	32,20	231	191
15305	14,17	49,30	20,7	32,20	273	191
15306	130,126	46,38	88,96	32,37	222	206
15307	138,121	2,0	119,142	0,0	233	231
15308	9,13	1,1	3,3	1,4	256	178
15311	156,181	483,400	185,142	386,337	259	275
15312	2,11	10,0	1,1	3,2	310	257
15313	2,11	10,0	1,1	3,2	310	265
15314	2,11	12,0	1,1	3,3	310	307
15315	2,11	1,0	1,1	0,0	310	307
15316	0,4	1,2	0,1	0,0	190	255
15320	59,56	65,51	39,30	40,46	246	272
15321	581,512	413,408	461,562	336,366	363	282
15322	17,35	6,5	27,13	6,4	224	188
15323	33,30	15,7	25,26	9,11	205	217
15324	62,66	22,24	49,46	27,14	310	230
15325	15,8	65,58	9,3	42,65	273	346
15326	16,8	25,30	16,6	24,15	273	247
15327	46,37	16,23	36,32	16,12	339	273
15328	48,35	27,31	37,32	16,20	339	273
15329	188,185	315,289	152,121	244,227	291	295
15330	134,104	248,226	83,106	190,254	211	291
15331	60,49	99,101	38,41	79,69	256	211
15332	51,71	99,101	62,63	79,69	253	211
15333	73,48	44,36	54,46	28,27	286	236
15334	74,43	75,80	30,25	49,67	241	291
15335	82,112	90,81	79,77	51,61	291	296
15336	36,27	115,100	16,30	57,95	206	284
15337	43,39	66,54	39,29	56,42	242	267
15338	82,63	23,18	52,57	13,12	264	187
15340	42,35	62,47	24,12	38,36	187	272
15341	17,12	0,1	17,14	0,1	336	234
15342	2,0	13,19	1,2	15,15	324	336
15345	16,5	1,1	12,5	2,0	254	384
15346	5,1	41,34	2,4	36,42	235	236
15347	294,263	267,244	216,195	178,218	273	223
15348	294,263	4,2	216,195	3,2	273	236
15349	220,209	129,108	186,159	76,68	252	222
15350	88,90	229,213	57,30	241,188	186	591
15351	86,88	232,212	55,31	181,143	186	265
15352	228,277	222,278	229,206	255,184	336	369
15353	35,43	371,371	32,38	289,275	185	435
15354	44,23	31,35	15,19	41,27	246	277
15355	31,28	19,27	15,29	20,18	277	244
15356	31,27	79,68	14,29	51,56	277	339
15357	201,216	364,278	189,170	233,261	277	261
15358	343,326	396,339	289,257	243,286	261	261
15359	392,285	152,137	231,298	104,114	261	208
15360	181,149	264,219	103,134	159,196	208	239
15361	166,153	661,571	101,118	431,523	200	307
15362	254,233	239,188	212,175	189,150	239	222
15363	168,145	215,147	163,118	160,133	222	233
15364	239,183	200,154	194,160	173,165	229	206
15365	28,17	22,9	6,23	8,16	308	296
15366	6,5	19,17	16,16	9,6	290	308
15367	14,9	25,15	6,19	5,19	284	290
15368	9,7	5,6	3,13	13,15	203	284
15369	99,67	41,18	71,69	26,19	273	217
15370	72,59	95,89	51,48	53,69	217	320
15371	119,77	226,174	74,55	147,122	291	362
15372	175,148	153,140	125,132	112,107	362	284
15373	18,14	90,70	24,9	54,66	226	236
15374	60,68	64,56	44,44	43,41	234	206
15375	63,70	4,2	43,45	1,0	234	206
15376	63,70	90,70	43,45	53,66	234	236
15377	4,2	90,70	1,0	53,66	206	236
15378	40,43	90,70	25,23	54,67	206	236
15379	2,0	165,135	1,0	119,123	236	290
15380	72,82	165,135	81,44	116,121	236	290
15381	153,126	172,144	93,115	99,98	290	253
15382	144,129	54,96	96,102	76,82	278	256
15383	164,108	113,75	102,106	76,79	255	223
15384	0,2	3,1	1,1	1,0	365	215
15386	45,41	1,0	42,37	2,0	365	289
15388	4,11	172,137	6,1	130,116	388	325
15389	103,130	2,4	109,107	5,0	325	238
15391	0,9	1,2	6,3	7,4	278	176
15392	0,6	1,8	7,3	9,2	278	176
15394	9,4	138,159	7,6	78,83	211	286
15395	465,360	805,658	308,354	552,564	283	349
15396	389,327	802,655	315,331	547,554	346	349
15397	395,333	705,578	322,336	575,581	346	283
15398	52,45	40,26	41,43	26,25	464	272
15400	0,0	121,101	2,0	108,123	251	713
15403	557,500	332,248	397,411	289,239	356	224
15404	209,182	577,464	144,137	419,404	224	248
15405	345,233	501,469	225,226	449,462	248	305
15406	32,34	19,8	12,19	9,13	252	199
15407	19,12	54,51	18,13	33,38	320	471
15408	9,2	56,49	11,4	26,28	254	471
15409	5,2	23,28	11,2	6,9	254	295
15410	8,2	56,49	11,6	26,28	268	471
15411	44,30	14,19	5,21	10,15	471	295
15412	25,11	1,0	16,21	0,0	374	261
15414	23,12	23,32	11,12	26,28	374	263
15416	32,31	116,76	29,31	94,88	267	435
15417	77,76	98,85	33,61	78,43	390	357
15418	112,96	74,88	62,79	49,53	378	390
15422	134,124	217,195	109,109	161,174	291	278
15423	422,413	373,411	416,259	356,318	261	440
15424	374,311	825,792	316,232	729,589	245	261
15425	443,440	417,385	394,313	383,227	271	245
15426	40,54	320,243	44,45	232,227	192	307
15427	246,237	323,242	189,184	232,228	291	307
15428	244,237	283,229	189,182	179,159	291	278
15429	407,367	283,230	367,292	179,161	307	278
15430	72,56	136,123	44,45	117,136	205	191
15431	4,1	414,337	2,1	305,253	221	224
15432	340,277	261,231	283,163	280,192	255	509
15433	243,265	1003,763	191,168	663,641	232	250
15434	5,6	1003,763	2,1	663,641	225	250
15435	621,460	1062,799	499,380	614,669	250	254
15436	620,456	472,321	497,379	286,304	250	215
15437	622,459	28,20	497,381	10,14	250	200
15438	622,459	49,55	497,381	24,18	250	215
15439	622,459	1658,1348	497,381	1092,1169	250	3141
15440	837,641	474,323	616,609	286,306	254	215
15441	867,622	25,17	467,479	14,25	215	251
15442	149,145	389,363	117,132	274,245	242	282
15443	488,363	325,300	388,347	218,222	326	257
15445	40,58	229,192	42,32	154,142	251	278
15446	158,154	79,55	113,100	45,46	233	251
15447	43,39	60,61	35,34	43,37	224	233
15448	258,200	73,79	167,223	42,46	474	224
15449	0,1	309,255	0,0	218,245	210	474
15450	45,74	369,386	94,82	350,281	245	292
15451	265,323	213,278	336,235	252,205	292	256
15455	311,232	737,609	225,219	488,552	215	291
15457	4,10	8,11	6,1	11,1	248	310
15458	24,17	22,15	10,8	15,8	251	300
15459	24,17	22,17	10,8	13,8	251	225
15460	344,304	280,264	208,203	195,188	237	243
15461	233,212	281,262	212,170	195,188	227	243
15462	172,163	332,260	115,142	256,216	218	260
15463	358,246	4,3	216,235	6,3	265	218
15464	485,397	5,2	330,313	5,3	306	218
15465	31,24	255,282	24,13	267,229	265	237
15466	6,12	239,234	9,6	227,181	265	237
15467	92,87	239,234	67,41	227,181	246	237
15468	93,68	64,63	87,58	57,45	265	333
15469	66,57	63,61	70,49	55,44	265	333
15470	1,0	63,61	4,3	55,44	172	333
15471	9,6	63,61	9,3	55,44	247	333
15472	150,158	63,61	139,97	55,44	246	333
15473	92,87	6,12	67,41	9,6	246	265
15474	1,0	66,57	4,3	70,49	172	265
15475	9,6	66,57	9,3	70,49	247	265
15476	150,158	66,57	139,97	70,49	246	265
15477	56,49	61,44	60,55	59,42	246	265
15478	9,6	1,0	9,3	4,3	247	172
15479	150,158	1,0	139,97	4,3	246	172
15480	150,158	9,6	139,97	9,3	246	247
15481	348,200	5,7	199,240	12,12	1252	276
15482	193,127	300,178	108,131	176,220	845	1252
15483	98,70	97,141	60,53	86,86	264	290
15489	114,129	17,46	120,114	40,21	295	273
15490	93,104	135,116	100,101	101,84	289	279
15491	26,18	117,135	31,34	111,101	236	218
15492	4,0	3,9	0,0	5,0	203	230
15493	76,75	147,148	34,45	108,89	250	352
15494	39,30	126,84	32,26	74,66	239	403
15495	55,74	52,27	57,41	24,17	331	235
15496	88,80	48,27	73,69	26,19	403	235
15497	41,28	73,60	25,21	44,54	235	345
15498	143,150	2,1	75,132	6,2	232	182
15499	81,84	48,47	39,54	39,24	232	224
15501	2,4	64,63	1,3	34,33	182	344
15502	45,36	46,26	22,24	17,29	248	315
15503	73,51	31,11	38,33	29,15	280	234
15504	33,23	40,54	19,15	44,38	234	323
15505	10,10	37,41	10,6	33,42	250	247
15506	5,12	13,6	6,5	10,13	364	329
15507	79,40	20,24	33,52	8,18	257	214
15508	41,37	111,80	24,26	77,55	214	282
15509	67,50	191,173	55,51	149,121	240	314
15510	35,51	112,65	36,39	84,46	218	240
15511	3,4	4,18	3,4	2,14	387	244
15512	6,3	16,14	3,6	3,15	387	244
15515	101,81	53,51	70,80	49,31	244	216
15516	64,67	214,161	63,57	136,132	216	336
15517	57,58	134,128	58,52	77,98	216	271
15518	440,419	134,110	341,334	80,86	402	232
15519	433,420	200,142	339,333	138,119	402	270
15520	124,95	200,140	81,72	140,119	232	270
15521	124,90	151,117	84,71	98,111	232	247
15522	226,186	150,121	127,145	98,111	270	247
15524	41,51	83,68	32,25	42,52	285	327
15525	17,13	15,4	16,4	5,18	272	281
15526	7,3	2029,1590	3,8	1284,1366	281	313
15527	967,798	6,4	694,699	2,5	276	286
15528	7,3	28,27	3,3	32,15	252	223
15530	1170,862	4382,3390	799,910	3115,2940	209	374
15531	1170,862	5453,4306	799,910	3894,3842	209	483
15532	2659,2089	3682,3140	1906,1929	2680,2745	246	283
15533	3299,2615	3025,2459	2502,2088	2166,2370	315	246
15534	174,157	115,99	100,117	74,97	288	197
15535	91,98	2384,2002	82,71	1803,1488	276	336
15536	91,98	948,793	82,71	740,601	276	235
15537	91,97	851,639	86,68	538,494	276	336
15538	92,100	339,279	84,75	222,222	276	184
15539	1472,1435	2384,2002	1224,1028	1803,1488	273	336
15540	1472,1435	948,793	1224,1028	740,601	273	235
15541	1472,1434	851,639	1227,1025	538,494	273	336
15542	1473,1437	339,279	1225,1032	222,222	273	184
15543	2858,2328	2252,1929	2100,1805	1650,1392	336	361
15544	2866,2345	832,685	2103,1812	617,484	336	361
15545	2855,2325	374,296	2096,1803	244,241	336	182
15546	2939,2395	2390,2027	2145,1851	1730,1655	336	317
15547	2859,2332	211,129	2098,1807	171,86	336	330
15548	2854,2330	210,184	2099,1805	149,89	336	330
15549	2866,2345	371,299	2103,1812	248,236	336	187
15550	2866,2345	337,278	2103,1812	222,223	336	184
15551	1928,1703	3039,2518	1565,1292	1960,2003	317	3143
15552	1927,1703	1496,1105	1565,1293	1045,1080	317	268
15553	1927,1703	2340,2000	1566,1293	1696,1440	317	361
15554	1929,1705	919,756	1566,1293	666,530	317	361
15555	1929,1705	214,132	1566,1293	175,88	317	330
15556	1933,1709	213,187	1564,1292	153,91	317	330
15557	1928,1703	373,304	1565,1292	250,237	317	187
15558	1928,1703	337,283	1565,1292	225,224	317	184
15559	1927,1703	916,754	1565,1293	663,529	317	361
15560	919,756	214,132	666,530	175,88	361	330
15561	916,754	1496,1105	663,529	1045,1080	361	268
15562	2958,2463	41,26	2113,1908	29,13	361	330
15563	2961,2464	210,129	2118,1909	173,87	361	330
15564	2962,2465	209,184	2116,1909	151,90	361	330
15565	2962,2464	3035,2515	2115,1911	1958,2002	361	3143
15566	2962,2464	370,299	2115,1911	250,234	361	187
15567	2962,2464	343,284	2115,1911	222,222	361	184
15568	1633,1431	3,0	1184,1000	1,2	330	225
15569	1471,1275	371,300	1061,924	253,234	330	187
15570	1471,1275	341,282	1061,924	225,223	330	184
15571	1363,1149	1238,1282	1031,880	1105,855	272	312
15572	1065,1080	832,786	958,727	675,498	312	247
15573	61,57	1485,1454	49,39	1140,929	235	402
15574	772,792	1485,1454	692,557	1140,929	247	402
15575	74,59	316,325	37,51	260,229	244	332
15576	320,320	28,27	264,236	18,22	311	325
15577	294,252	167,126	239,210	103,128	314	325
15578	179,183	179,153	189,142	126,100	325	321
15579	22,34	27,31	23,13	24,21	235	231
15580	30,42	19,20	19,17	11,2	231	185
15581	28,40	14,23	19,17	15,12	231	208
15585	1,2	0,1	0,0	1,0	217	284
15591	356,255	544,377	213,230	357,389	236	276
15592	0,2	479,338	0,0	329,338	236	276
15593	52,33	266,191	24,42	209,183	269	236
15594	126,116	266,191	85,115	209,183	194	236
15595	126,116	52,33	85,115	24,42	194	269
15596	126,116	474,319	86,115	305,320	194	269
15597	47,53	247,167	57,45	162,182	214	203
15598	1,2	1729,1374	2,0	1253,1160	217	179
15599	8,17	1729,1374	16,11	1253,1160	194	179
15600	8,17	27,15	16,11	9,11	194	264
15602	854,675	1824,1422	605,541	1273,1198	250	298
15603	1734,1234	0,1	1055,1151	8,0	287	265
15604	3055,2380	11,27	2036,2095	20,15	287	265
15605	201,263	1,0	203,144	2,0	293	277
15606	6,7	39,36	7,5	25,34	194	192
15607	40,36	108,95	38,29	76,80	192	242
15608	19,14	54,51	21,14	43,54	192	258
15609	156,155	183,213	134,83	167,143	262	224
15610	172,155	325,316	129,104	271,237	224	296
15611	167,152	174,96	132,121	118,105	260	333
15612	170,149	40,31	130,121	26,37	260	228
15613	63,71	80,60	49,43	53,38	250	260
15614	3,4	15432,12387	7,2	11664,11187	201	249
15615	6754,6185	11675,9555	5958,5295	9133,7855	249	256
15616	6754,6185	1,4	5958,5295	0,0	249	283
15617	15071,12915	13389,11419	12265,11014	10810,9348	265	231
15618	14033,12265	63194,54934	11798,10591	55233,46550	231	562
15620	8,5	0,3	0,12	0,0	253	285
15624	285,247	34,19	210,225	12,20	332	254
15625	183,183	85,82	129,161	51,58	332	230
15626	9,17	186,140	12,13	132,120	254	230
15627	158,133	95,74	95,110	60,78	356	273
15628	208,155	86,85	127,134	59,68	325	287
15629	427,345	470,353	299,283	392,344	232	226
15630	754,641	467,353	621,493	392,342	293	226
15631	545,434	430,364	426,399	305,301	263	232
15632	526,498	733,581	422,388	554,520	304	293
15633	460,466	825,699	359,334	542,552	260	277
15634	717,596	984,853	535,482	717,628	254	346
15635	663,673	527,446	551,494	449,395	304	291
15636	229,299	62,55	317,186	52,48	240	179
15637	25,27	61,53	17,23	49,45	240	179
15638	666,678	61,53	551,500	49,45	304	179
15639	553,455	59,52	396,359	50,45	267	179
15640	666,678	25,27	551,500	17,23	304	240
15641	665,676	247,218	554,497	205,228	304	240
15642	553,447	368,462	396,359	469,319	267	304
15643	998,1006	316,248	942,710	212,202	340	229
15644	36,23	93,63	33,36	63,70	236	267
15645	32,18	39,30	22,21	37,40	233	236
15646	20,22	32,20	12,30	26,49	234	233
15647	5,12	47,34	1,9	39,51	198	296
15648	49,50	166,87	46,60	77,103	295	335
15650	253,199	150,128	209,166	109,120	314	250
15651	253,198	130,120	210,166	109,98	314	216
15652	72,46	146,125	44,57	107,117	314	250
15653	156,105	856,705	83,98	512,614	227	439
15654	158,105	172,136	83,97	113,130	227	250
15655	17,8	130,120	5,8	109,98	250	216
15656	274,238	132,119	159,193	109,98	250	216
15657	44,46	180,152	35,52	105,117	236	252
15658	44,46	94,80	35,52	53,52	236	186
15659	44,46	10,11	35,52	3,4	236	197
15660	180,152	10,11	105,117	3,4	252	197
15661	94,80	10,11	53,52	3,4	186	197
15662	81,82	139,139	104,59	126,90	302	247
15663	171,215	158,195	161,122	114,142	327	272
15664	192,179	163,209	109,118	149,163	265	327
15665	208,193	110,141	162,149	96,77	251	265
15666	1,0	5,5	1,0	10,2	345	295
15667	10,8	5,5	17,1	10,2	546	295
15671	2,3	24,18	2,6	15,18	230	278
15672	3,10	0,0	8,8	0,1	207	250
15673	4,2	1,1	4,2	1,4	253	299
15674	172,171	102,128	124,116	92,76	263	245
15675	173,171	3,3	124,116	0,4	263	245
15676	137,112	206,275	90,95	187,202	245	308
15677	132,171	34,44	112,129	32,14	257	209
15684	1091,978	21,63	751,709	82,36	380	228
15685	58,69	155,142	34,41	126,87	200	280
15686	70,91	2,1	85,58	6,6	280	216
15687	67,18	26,21	24,19	27,15	182	210
15688	16,18	16,27	22,21	17,9	273	292
15689	8,10	117,88	6,4	59,92	273	247
15690	1,5	13,9	2,2	12,2	292	338
15691	35,29	57,39	46,64	27,21	292	338
15692	35,29	2,2	46,64	1,1	292	185
15693	57,39	2,2	27,21	1,1	338	185
15694	71,59	3,1	40,32	1,3	338	185
15695	48,48	56,42	38,14	29,40	218	221
15697	10,2	2,0	6,4	0,0	298	231
15704	15,8	5,0	4,7	1,1	452	319
15705	86,86	88,91	43,80	50,53	272	272
15706	63,84	3,3	58,49	2,1	446	210
15707	6,4	7,10	10,3	7,13	325	391
15708	0,0	254,183	1,0	165,190	184	219
15710	95,69	402,347	61,52	259,347	219	235
15711	27,39	154,143	57,44	135,104	322	520
15712	0,0	3,1	2,0	1,1	267	242
15715	1317,1064	474,391	1079,1104	413,371	217	204
15716	767,685	1124,955	725,635	994,1002	212	236
15717	5,3	1124,955	2,5	994,1002	192	236
15718	252,237	1124,955	203,244	994,1002	336	236
15719	3,3	1426,1247	0,5	1196,1171	182	336
15720	88,66	24,18	73,85	5,12	288	257
15721	22,50	92,79	36,25	65,52	194	245
15722	145,154	57,47	140,93	56,25	333	194
15724	89,52	27,31	77,93	27,25	279	232
15725	146,75	25,30	83,98	31,25	370	232
15726	2,1	25,30	2,5	31,25	279	232
15727	146,77	85,55	83,98	55,68	370	279
15728	36,35	84,58	34,42	58,57	311	284
15729	46,33	71,66	42,26	81,72	254	311
15730	75,49	120,107	50,46	117,81	226	294
15731	247,260	1032,854	279,166	772,790	258	260
15732	786,820	843,782	692,642	648,597	260	263
15733	1069,893	475,424	830,810	390,359	263	358
15734	1069,893	0,6	830,810	2,0	263	297
15735	1070,893	469,424	829,810	388,357	263	358
15736	1070,893	0,4	829,810	0,1	263	297
15741	12,17	5,10	8,3	5,7	250	270
15742	30,32	5,9	9,12	5,6	311	270
15743	24,16	37,23	19,14	38,22	292	215
15744	17,16	41,31	19,15	33,28	292	257
15745	185,150	393,321	137,120	285,263	272	319
15746	204,267	147,185	183,180	131,137	354	317
15747	173,265	135,161	206,160	127,93	278	354
15748	335,389	0,1	324,283	0,0	402	219
15749	336,393	4,22	327,286	15,11	402	219
15751	18,19	36,43	13,15	27,42	270	207
15752	29,28	75,90	21,11	51,63	207	250
15753	95,77	0,0	67,75	1,0	250	250
15754	1,4	92,73	0,0	75,68	241	250
15755	1,4	0,0	0,0	1,0	241	328
15756	87,81	110,132	59,81	92,116	250	295
15758	868,683	411,373	528,557	300,292	467	269
15759	857,673	1167,1039	520,543	766,765	467	332
15760	922,727	414,370	538,599	301,291	467	269
15761	924,730	762,609	543,595	515,499	467	326
15762	911,717	1169,1039	530,585	768,761	467	332
15763	749,588	409,373	445,484	306,289	464	269
15764	27,21	762,609	9,11	515,499	269	326
15765	15,15	1167,1039	6,5	767,761	269	332
15766	572,477	773,619	342,336	523,513	269	326
15767	560,470	1181,1052	339,330	779,771	269	332
15768	559,470	767,795	339,334	555,540	269	284
15769	586,525	1180,1046	437,413	769,768	326	332
15770	584,522	767,795	435,412	555,540	326	284
15771	584,522	646,579	434,412	376,326	326	278
15772	886,705	768,797	581,566	559,541	332	284
15773	886,703	325,383	581,567	279,243	332	335
15774	884,706	1176,1039	581,566	800,889	332	347
15775	606,529	828,755	342,311	612,581	263	293
15776	605,529	330,387	344,310	281,243	263	335
15777	641,661	294,392	524,643	336,258	345	286
15778	546,923	717,558	875,624	420,489	781	252
15779	69,82	946,916	95,63	632,639	252	308
15780	67,76	1174,1088	91,62	918,916	252	292
15781	924,736	1174,1095	547,628	922,917	308	292
15782	876,859	1148,969	582,593	811,742	292	311
15783	1348,1230	1104,951	1037,1047	865,753	311	354
15784	66,75	287,196	54,74	161,193	290	284
15786	152,130	213,184	100,116	148,162	416	294
15787	154,149	1059,839	85,114	595,724	294	778
15788	159,158	329,232	147,104	272,191	290	288
15789	257,213	128,119	212,193	116,102	288	234
15790	163,200	156,141	201,192	95,104	292	265
15791	8,6	145,133	17,10	106,121	203	292
15792	2,4	147,127	2,2	100,102	424	269
15793	7,4	9,9	13,3	9,10	254	292
15794	46,36	22,20	23,11	19,20	363	208
15796	72,64	44,36	60,82	33,30	337	256
15797	0,2	231,152	0,3	190,180	210	303
15798	230,162	471,323	197,165	310,329	303	370
15799	226,167	293,212	191,160	205,189	303	294
15800	392,267	289,211	277,295	212,190	370	294
15806	6,11	21,70	7,9	51,35	259	275
15807	5,6	7,5	7,12	4,5	241	201
15809	199,183	392,358	181,135	306,302	441	371
15810	28,16	42,12	14,24	22,29	199	255
15813	154,101	29,23	72,106	17,8	240	284
15814	93,92	88,51	58,72	39,69	316	240
15815	3,3	88,51	2,1	39,69	345	240
15816	90,94	88,51	56,71	39,69	264	240
15817	8,10	89,51	5,6	36,68	264	240
15818	118,101	89,51	58,46	36,68	260	240
15819	513,585	87,51	378,380	37,66	594	240
15820	85,90	10,8	54,69	8,5	264	240
15821	24,38	11,12	17,19	9,9	259	316
15822	118,101	8,10	58,46	5,6	260	264
15823	12,9	52,37	8,5	27,37	260	264
15824	119,94	56,43	60,46	31,43	260	264
15825	24,38	52,37	17,19	27,39	259	264
15826	18,13	219,199	4,12	118,119	241	260
15827	490,584	66,81	374,364	43,51	594	260
15828	24,37	444,486	17,20	299,316	259	594
15829	22,38	571,603	16,19	366,362	259	594
15830	51,31	95,62	18,21	52,73	239	233
15831	119,68	92,80	58,71	57,85	272	239
15832	18,12	45,68	12,12	52,39	210	294
15833	59,47	48,70	40,63	52,42	354	294
15834	2,4	61,61	2,0	51,45	265	332
15839	1,2	0,1	0,0	10,2	400	256
15840	0,1	0,1	0,0	10,2	207	256
15841	119,90	105,73	68,82	107,90	290	253
15842	90,44	67,40	61,60	46,44	275	283
15843	40,37	110,79	32,20	84,73	233	307
15844	47,50	0,2	65,38	3,0	335	240
15845	26,26	21,19	18,22	37,21	221	335
15848	178,178	156,157	162,161	146,134	221	212
15849	26,21	33,40	32,15	50,22	248	243
15851	168,140	170,123	97,89	111,115	266	239
15852	141,109	115,85	82,93	88,82	239	211
15853	216,149	279,210	136,133	158,168	247	247
15854	0,2	11,12	0,2	10,13	176	251
15855	31,28	19,20	26,15	15,15	205	231
15857	49,64	205,137	53,41	94,96	240	277
15858	4,5	205,136	6,2	94,97	240	277
15859	4,8	0,0	6,2	0,1	240	277
15860	239,197	64,50	114,127	50,44	277	229
15861	144,150	87,69	111,94	46,35	320	233
15862	136,132	111,105	82,75	71,67	310	307
15863	110,87	96,84	52,58	62,57	237	310
15864	64,53	17,15	44,59	11,10	265	200
15865	92,69	76,84	74,80	66,73	285	242
15868	24,28	22,36	38,32	33,17	217	223
15869	26,29	45,36	26,33	37,43	276	266
15870	408,420	670,684	309,262	567,471	224	288
15871	1767,1452	955,900	1179,1034	798,678	325	308
15872	553,522	952,900	416,328	796,680	225	308
15873	554,522	1103,928	418,326	831,678	225	325
15874	1835,1623	4879,4488	1219,1285	3792,3231	358	749
15875	585,545	516,397	461,482	342,319	239	228
15876	1060,948	379,374	765,794	280,275	306	239
15877	1067,955	537,459	768,794	431,378	306	239
15878	43,29	19,19	30,26	23,29	415	321
15880	0,0	23,39	1,0	26,19	205	251
15881	22,15	23,39	19,12	26,19	384	251
15883	1163,1062	325,258	828,810	261,276	413	269
15884	91,71	985,794	64,55	653,671	208	413
15885	38,24	985,792	27,30	653,671	208	413
15886	1118,1019	291,304	873,747	210,202	491	208
15887	1009,923	291,304	792,692	210,202	446	208
15888	671,534	37,29	442,466	20,5	323	273
15889	69,52	111,90	51,53	90,80	188	227
15890	369,332	416,287	281,287	261,286	273	348
15891	35,21	52,35	17,17	46,47	241	326
15902	179,153	69,52	131,158	68,45	344	218
15903	224,189	405,331	189,187	251,228	308	413
15904	205,168	156,121	131,131	121,102	413	286
15905	437,350	156,121	266,305	121,102	413	286
15906	859,771	56,57	730,641	33,47	206	263
15908	965,843	1,3	839,751	4,1	312	271
15909	965,843	3926,3400	839,751	2977,2970	312	451
15910	1533,1233	1,3	1094,1072	5,0	343	271
15911	1533,1233	3926,3400	1094,1072	2978,2969	343	451
15912	0,0	1030,873	1,0	759,707	271	245
15913	1338,978	1039,878	931,924	761,711	271	245
15914	915,707	526,527	612,468	441,381	252	189
15915	2,2	526,527	0,0	441,381	248	189
15916	291,237	1437,1285	263,137	1071,1020	189	259
15918	499,373	453,367	309,310	343,366	242	224
15919	2708,1898	453,366	1813,1572	341,367	838	224
15920	2706,1898	690,628	1813,1572	511,542	838	280
15921	2,0	1,1	4,4	5,1	279	249
15922	96,71	291,318	60,90	274,247	176	233
15923	256,238	75,82	208,204	72,68	215	176
15924	525,515	217,202	512,459	180,155	309	215
15925	328,313	489,553	357,285	507,399	278	364
15926	2,2	101,35	1,7	41,22	288	282
15927	11,6	3,1	4,5	0,0	219	340
15928	82,50	37,40	42,40	59,21	221	269
15929	100,129	156,142	142,71	139,103	375	299
15930	269,214	509,426	200,173	334,354	230	281
15931	336,277	387,282	237,247	223,208	254	230
15932	3,6	383,272	4,4	219,206	254	230
15933	38,39	362,295	34,35	267,236	193	254
15934	0,0	358,289	0,2	265,229	201	254
15936	81,95	37,25	71,48	29,17	332	222
15937	110,99	169,166	81,87	99,141	337	365
15938	12,7	50,59	8,11	62,54	173	207
15939	14,7	475,381	8,11	397,319	173	241
15940	18,13	503,444	14,18	393,426	210	267
15941	18,11	313,263	14,12	225,254	223	267
15942	3,5	331,277	5,3	238,267	210	267
15943	115,103	331,277	62,92	238,267	223	267
15944	1,2	18,18	6,7	14,17	273	262
15945	115,103	3,5	62,92	5,3	223	210
15946	1,2	87,67	6,7	58,67	273	210
15947	301,271	50,47	215,250	47,42	223	210
15948	81,73	122,105	57,54	91,96	274	223
15949	2,0	152,147	2,0	118,139	293	274
15950	11,21	176,172	6,15	134,170	293	274
15951	2722,2293	1631,1406	1810,1728	1219,1031	356	334
15952	39,38	2572,2184	21,16	1837,1566	263	1303
15953	2722,2293	156,180	1810,1728	139,133	356	314
15954	39,38	916,760	21,16	607,507	263	356
15955	36,28	2202,1903	16,8	1494,1355	263	356
15956	1400,1246	1962,1649	903,781	1343,1332	294	328
15957	1400,1246	93,52	903,781	45,49	294	307
15958	1400,1246	22,14	903,781	16,16	294	301
15959	14,13	23,15	20,6	18,12	242	264
15960	5,6	4,10	3,4	9,9	224	252
15961	34,26	31,29	17,25	20,22	245	248
15962	52,25	28,18	27,45	32,16	233	274
15963	2,0	16,8	0,0	12,15	274	236
15964	43,21	26,8	18,30	11,27	274	236
15972	66,64	101,81	29,34	92,76	276	256
15973	2,0	101,81	4,2	92,82	276	256
15974	65,66	101,81	65,41	92,82	269	256
15975	64,68	101,81	61,46	92,82	259	256
15976	65,66	2,0	65,41	4,2	269	276
15977	66,66	108,89	66,41	78,51	269	276
15978	65,68	108,89	62,43	78,51	259	276
15979	341,262	910,824	250,240	773,682	274	296
15980	49,36	695,693	33,33	631,528	296	283
15981	880,806	1200,1004	753,665	956,838	283	351
15982	880,806	363,274	753,665	284,242	283	434
15983	879,810	222,215	752,665	222,197	283	217
15984	877,808	171,135	753,665	154,152	283	208
15985	32,33	129,122	26,31	135,86	345	226
15986	194,197	129,122	202,131	135,86	309	226
15987	8,13	129,122	17,15	135,86	298	226
15988	77,78	798,732	82,89	741,576	226	377
15989	496,452	394,268	501,366	287,245	377	244
15990	518,307	206,164	405,465	214,176	304	263
15991	523,309	24,28	407,462	44,36	304	263
15992	520,307	295,224	407,463	264,273	304	320
15993	329,235	191,166	266,273	206,146	263	257
15994	203,189	31,27	125,127	24,36	414	194
15995	122,84	47,42	81,131	40,39	372	269
15996	40,33	2,1	31,33	1,1	359	293
15997	56,37	26,42	37,40	31,54	313	360
15998	58,47	48,40	44,34	30,36	270	218
15999	57,45	66,67	45,34	45,46	270	277
16000	63,38	77,83	34,41	66,47	213	221
16001	34,52	61,30	34,47	40,17	221	224
16002	94,48	58,47	61,41	51,47	276	250
16006	103,81	538,442	85,76	342,348	251	234
16007	542,419	894,735	332,393	657,523	234	326
16008	551,421	244,228	335,398	184,144	234	326
16009	490,454	1170,944	305,353	652,717	248	274
16010	191,154	1463,1087	90,98	947,989	274	290
16011	527,447	835,696	338,388	507,539	274	257
16012	528,448	77,48	338,386	47,60	274	257
16013	848,694	1462,1087	505,569	947,991	257	290
16014	764,631	913,627	455,498	483,585	257	306
16015	117,89	131,113	94,98	98,90	214	257
16016	137,87	0,4	73,61	0,1	218	268
16017	146,123	387,308	89,101	319,272	257	243
16018	143,123	144,101	89,102	90,77	257	243
16019	105,94	219,184	77,62	204,111	243	306
16020	229,207	17,19	190,131	19,21	306	176
16021	526,461	18,19	454,362	19,20	306	176
16022	81,75	17,19	71,46	19,21	236	176
16023	88,77	18,19	71,45	19,20	236	176
16024	6,7	54,38	4,7	47,32	287	235
16025	13,8	3,0	4,8	0,1	251	231
16026	4,0	5,2	0,0	2,2	249	272
16027	4,0	21,14	0,0	11,10	249	251
16028	272,188	250,208	212,202	192,208	225	280
16029	292,230	157,132	304,260	139,140	246	225
16030	17,6	156,135	13,14	139,140	246	225
16031	312,273	414,302	283,235	355,295	291	246
16032	524,441	390,285	481,489	338,280	345	246
16033	5,0	396,292	0,2	346,286	291	246
16034	202,167	396,292	178,184	346,286	273	246
16035	227,175	389,285	179,249	336,278	251	246
16036	202,167	5,0	178,184	0,2	273	291
16037	554,456	428,314	500,508	410,370	345	291
16038	123,93	432,313	88,84	408,372	345	291
16039	205,167	432,313	178,186	408,372	273	291
16040	205,167	123,93	178,186	88,84	273	345
16041	202,167	410,352	179,184	361,302	273	345
16042	1,2	36,17	4,5	28,18	288	352
16043	11,13	36,17	17,4	28,18	286	352
16044	11,13	1,2	17,4	4,5	286	288
16045	1,5	0,3	6,0	0,1	360	207
16047	7,11	25,23	5,11	15,24	270	259
16048	196,167	153,119	155,150	95,120	309	292
16049	193,154	337,269	146,106	267,264	282	378
16050	3,8	337,269	6,8	268,265	282	378
16051	165,159	337,269	141,107	268,265	2558	378
16052	119,117	231,162	96,66	158,190	242	282
16053	126,121	5,1	108,87	2,0	237	242
16054	144,134	2,0	96,117	0,0	247	242
16055	126,121	123,102	107,86	95,76	237	242
16056	142,137	125,94	97,117	109,74	247	237
16057	123,116	136,132	119,76	112,73	251	247
16058	487,467	344,343	355,367	334,255	673	396
16059	1,0	395,365	2,0	347,307	216	234
16060	1,10	396,366	7,12	350,313	216	234
16061	270,255	347,334	193,195	266,277	234	251
16062	480,422	549,461	376,389	430,433	251	277
16063	368,273	372,333	280,302	261,290	249	245
16064	447,319	250,239	314,335	175,234	245	222
16065	18,17	820,744	11,11	588,661	213	222
16066	18,17	606,569	11,11	403,452	213	1874
16067	402,337	330,278	275,289	222,265	222	216
16068	2,5	2,5	1,1	1,1	424	214
16069	805,676	1781,1383	593,612	1196,1197	275	317
16070	1263,984	1230,872	879,868	852,853	317	281
16071	103,88	55,48	88,91	44,34	376	261
16072	47,36	576,499	62,34	387,398	271	501
16073	47,36	25,18	62,34	12,20	271	349
16074	47,36	31,25	62,34	14,27	271	195
16075	518,467	24,18	359,359	12,19	501	195
16076	576,499	25,18	387,398	12,20	501	349
16077	576,499	31,25	387,398	14,27	501	195
16078	368,339	1,0	255,206	0,0	501	349
16079	368,339	2,2	255,206	0,2	501	195
16080	368,339	120,110	255,206	107,137	501	217
16081	367,332	1,0	258,202	1,2	501	217
16082	367,332	115,84	258,202	64,76	501	213
16083	592,532	24,17	399,420	13,22	501	195
16084	384,372	120,114	267,228	108,133	501	217
16085	383,365	1,1	270,224	1,2	501	217
16086	1,0	120,110	0,0	107,137	349	217
16087	2,2	120,110	0,2	107,137	195	217
16088	20,16	117,91	21,16	64,80	195	213
16089	21,15	330,277	23,16	238,329	195	217
16090	20,16	98,54	21,16	60,97	195	217
16091	1,0	115,84	1,2	64,76	217	213
16092	98,54	117,91	60,97	64,80	217	213
16093	22,16	118,84	20,36	66,76	217	213
16094	292,249	303,217	222,263	184,260	300	259
16095	8,6	172,142	8,3	106,109	229	254
16096	97,67	172,146	68,60	105,109	251	254
16097	97,66	1,0	68,60	2,1	251	229
16098	42,51	135,107	26,29	86,122	218	287
16099	112,96	117,85	76,83	55,79	287	260
16100	102,85	116,70	63,99	74,63	260	284
16101	90,70	147,115	98,105	114,138	317	308
16102	133,102	145,99	122,109	90,137	308	257
16103	89,86	144,115	81,99	101,111	257	271
16104	16,13	12,11	5,3	7,8	236	215
16107	0,0	728,706	0,2	608,493	182	538
16108	24,54	9,4	30,29	14,2	284	282
16109	20,55	5,2	35,29	1,0	284	282
16110	55,80	68,71	61,59	55,58	536	282
16111	10,2	87,103	11,0	79,72	297	313
16112	10,2	80,100	11,0	75,72	297	294
16113	5,1	125,160	10,0	111,78	297	340
16114	4,1	6,6	10,0	1,4	297	210
16115	6,2	87,103	4,1	79,72	281	313
16116	6,2	80,100	4,1	75,72	281	294
16117	1,1	125,160	3,1	111,78	281	340
16118	0,1	6,6	3,1	1,4	281	210
16119	38,41	87,103	35,29	79,72	265	313
16120	38,41	80,100	35,29	75,72	265	294
16121	34,40	125,160	34,29	111,78	265	340
16122	32,40	6,6	34,29	1,4	265	210
16123	104,104	82,100	77,54	73,73	282	294
16124	50,65	125,120	42,20	90,86	210	260
16125	74,86	126,127	59,56	91,89	268	260
16129	386,313	1482,1314	255,263	1279,1001	292	1229
16130	1655,1488	3,4	1359,1069	4,2	1229	225
16131	53,56	104,118	52,51	86,91	315	844
16132	1,8	46,47	13,0	21,31	248	185
16133	1,1	225,194	4,0	132,103	366	248
16134	12,17	2,1	10,16	2,0	225	257
16135	35,32	59,27	20,23	29,35	203	225
16136	58,36	1475,1238	39,28	1136,1180	213	277
16137	1303,1327	1089,787	1222,1197	612,678	277	244
16138	693,558	1594,1319	480,470	1057,1184	244	294
16139	688,542	1937,1705	477,470	1507,1503	244	319
16140	1038,905	1942,1720	823,795	1511,1502	294	319
16141	1036,905	1546,1224	824,794	1032,1044	294	322
16142	1922,1531	1549,1224	1278,1367	1030,1046	319	322
16143	1,2	0,2	2,0	2,0	188	274
16144	2,7	0,2	0,2	2,0	562	274
16146	20,36	382,308	8,19	294,281	1738	356
16148	90,68	89,72	58,66	43,67	196	221
16149	91,71	8,5	62,65	5,1	196	236
16150	91,71	339,269	62,65	212,202	196	312
16152	91,68	382,308	58,65	294,281	196	356
16154	89,71	0,0	57,71	0,2	221	281
16155	8,5	339,269	5,1	212,202	236	312
16156	164,113	341,268	100,105	213,201	236	312
16157	25,20	107,100	12,17	94,91	312	270
16158	54,43	137,98	49,35	76,111	227	182
16159	33,33	137,98	36,18	76,111	338	182
16160	76,37	121,88	32,51	116,124	221	267
16161	115,100	70,69	107,78	53,46	293	217
16162	48,56	55,47	30,62	44,34	212	226
16163	59,63	88,57	66,79	48,65	253	212
16165	69,58	35,29	35,35	33,22	302	281
16166	44,50	394,333	45,36	257,232	274	1106
16167	17,19	25,21	8,8	7,7	182	246
16168	18,17	5,2	9,10	0,1	182	246
16169	17,20	1,5	9,10	2,0	182	246
16170	16,17	1,1	9,8	0,0	182	246
16171	26,41	53,51	29,18	29,49	246	321
16172	26,41	25,30	29,18	15,28	246	233
16173	26,36	7,6	27,18	4,9	246	321
16174	26,36	395,336	27,18	258,234	246	1106
16175	7,6	395,336	4,9	258,234	321	1106
16176	35,30	394,339	18,19	259,232	321	1106
16177	3,4	394,339	0,1	259,232	233	1106
16178	120,85	94,75	57,58	53,66	301	311
16179	28,26	94,75	20,23	53,66	298	311
16181	382,341	106,80	298,270	85,85	342	183
16182	2,12	45,16	3,3	33,21	179	207
16183	141,134	164,162	130,93	121,92	231	304
16184	78,59	36,40	48,64	33,29	393	218
16185	175,130	39,39	101,127	35,29	393	218
16186	3,9	0,1	0,4	3,0	285	281
16187	110,115	81,72	123,80	44,39	522	329
16189	425,399	132,177	320,225	178,149	461	404
16190	3,3	4,5	4,0	2,0	276	440
16192	206,231	24,20	144,129	12,12	745	213
16193	73,38	44,34	34,42	24,15	281	223
16194	429,311	287,230	235,275	201,191	356	226
16195	206,174	787,591	178,164	622,520	226	380
16196	738,590	408,357	573,535	364,281	380	270
16197	455,348	1019,860	352,319	780,744	270	489
16198	1070,914	147,140	876,744	116,91	489	222
16199	721,718	1236,1005	515,499	928,891	683	1034
16200	1239,986	180,183	915,862	148,128	1034	277
16201	159,151	391,256	113,127	218,215	277	333
16202	632,531	291,236	402,437	191,219	361	254
16203	99,100	339,267	78,62	212,236	193	254
16204	100,100	206,184	78,62	109,130	193	216
16205	241,181	180,128	182,174	128,138	306	245
16206	389,298	354,324	236,247	230,224	260	268
16207	390,298	545,395	237,245	348,272	260	326
16208	390,298	60,36	237,245	32,38	260	268
16209	60,36	545,395	32,38	348,272	268	326
16210	516,381	544,395	303,317	348,272	268	326
16211	212,175	462,340	156,168	301,293	223	251
16212	3,2	4,3	0,2	3,7	220	223
16213	73,71	4,3	76,38	3,7	197	223
16214	151,139	220,178	139,130	159,162	220	223
16215	6,2	210,168	2,2	147,149	220	223
16216	73,71	3,2	76,38	0,2	197	220
16217	82,78	226,192	85,49	168,168	197	220
16218	83,104	188,148	89,72	135,145	215	197
16219	99,97	143,100	73,66	91,81	260	263
16220	418,350	15,30	312,264	20,16	821	214
16221	33,28	72,136	36,33	64,86	214	326
16222	102,91	25,32	66,74	20,25	326	229
16223	0,1	22,27	0,0	12,22	189	204
16224	0,2	89,91	0,0	60,62	189	204
16225	1,1	51,63	1,0	36,42	264	235
16230	3,7	53,28	5,2	13,26	214	316
16231	235,202	617,550	184,158	506,415	267	374
16232	212,164	257,218	173,167	203,194	261	292
16235	0,2	0,0	0,0	1,0	325	273
16236	0,2	0,0	0,0	1,0	330	273
16237	6,4	0,0	1,5	1,0	350	273
16239	6,4	0,2	1,5	0,0	350	325
16240	6,4	0,2	1,5	0,0	350	330
16241	42,56	122,118	56,43	80,61	278	275
16242	105,123	197,154	108,78	121,136	275	362
16243	67,59	61,50	35,33	28,27	252	214
16244	91,93	112,108	78,80	69,64	259	280
16245	86,54	70,59	43,39	54,52	292	261
16246	47,27	68,58	25,29	55,52	302	261
16247	109,53	69,58	68,48	54,52	296	261
16248	13,1	69,58	1,3	54,52	292	261
16249	5,22	68,58	17,19	55,52	292	261
16250	4,6	69,58	4,5	54,52	302	261
16251	14,17	113,80	9,7	87,69	302	292
16252	5,7	102,74	3,11	83,56	302	292
16253	48,28	106,94	23,29	99,72	302	292
16254	5,7	114,73	2,5	83,56	302	292
16255	108,53	114,73	69,48	83,56	296	292
16256	108,53	5,7	69,48	2,5	296	302
16257	9,7	132,82	12,7	67,65	279	302
16258	112,75	89,61	85,64	46,41	296	302
16259	21,22	134,100	12,15	59,104	229	302
16260	23,39	32,38	17,10	51,32	211	250
16261	58,68	47,43	47,37	31,42	278	211
16262	6,16	2,1	4,16	0,0	387	251
16263	142,139	162,156	113,105	140,132	239	283
16264	224,172	139,141	182,198	100,92	283	228
16265	94,70	453,379	83,73	351,297	228	387
16266	92,70	269,207	85,73	206,126	228	280
16267	71,64	154,147	40,40	103,99	236	364
16268	170,136	23,34	113,113	41,33	364	231
16269	2,0	21,34	1,0	41,39	195	231
16270	49,45	86,74	28,33	74,65	231	232
16271	5,7	33,33	4,0	33,29	171	319
16273	297,277	99,126	201,157	107,82	245	268
16274	321,404	68,93	438,264	78,52	358	258
16275	990,828	1625,1295	756,545	1089,853	218	275
16276	1,4	1274,1193	2,0	1041,808	274	278
16278	844,682	442,347	553,551	332,284	225	197
16279	396,308	1038,781	249,226	766,637	197	220
16280	341,235	420,295	253,208	252,328	311	294
16281	453,339	311,303	318,307	305,296	343	311
16282	0,2	1,0	8,5	0,1	302	310
16284	0,0	0,4	0,1	1,0	221	355
16285	109,93	54,56	93,104	56,51	271	209
16286	21,21	61,42	23,15	41,30	233	262
16287	27,36	533,559	48,19	501,332	221	228
16288	125,119	49,43	71,77	27,31	324	219
16289	66,59	44,43	35,55	27,32	235	219
16290	1,0	45,43	0,4	27,31	235	219
16292	27,12	74,74	22,18	43,52	225	226
16293	60,40	150,121	36,32	92,119	221	242
16294	14,13	151,120	5,9	92,119	247	242
16295	102,95	90,89	70,87	58,87	225	240
16296	40,40	53,50	55,37	51,40	236	242
16297	62,52	73,64	51,47	48,49	242	299
16298	83,74	52,59	69,63	43,29	299	245
16299	50,55	97,57	28,37	45,55	245	245
16301	173,154	252,252	156,122	201,218	229	235
16302	1144,938	3,2	771,856	0,2	3393	204
16303	570,493	142,145	435,392	138,102	271	204
16304	568,493	251,247	435,393	191,187	271	229
16305	372,309	834,702	254,235	519,652	236	3393
16306	352,295	834,702	240,225	519,652	234	3393
16307	371,307	435,344	256,233	251,351	236	2678
16308	371,307	11,6	256,233	1,2	236	315
16309	371,307	279,287	256,233	222,227	236	271
16310	371,307	5,4	256,233	1,1	236	241
16311	371,307	3,0	256,233	1,0	236	169
16312	0,11	3,4	2,0	2,2	268	327
16313	0,11	0,4	2,0	1,1	268	247
16314	11,3	0,4	9,2	0,0	327	191
16316	26,25	0,3	33,16	3,10	260	240
16317	70,64	299,271	30,38	158,157	335	341
16318	2,2	161,106	0,0	96,78	275	230
16319	201,149	7,4	109,124	2,3	230	170
16320	201,149	20,1	109,124	10,4	230	1261
16321	10,22	19,20	19,16	9,15	258	199
16322	34,41	1,1	20,24	3,8	270	204
16323	31,16	57,38	15,13	42,40	184	243
16324	2,1	56,38	0,2	57,32	276	248
16325	76,47	91,82	33,55	57,67	284	305
16326	41,28	40,37	17,41	28,36	229	221
16327	64,47	5,10	34,40	10,9	221	208
16328	63,52	20,21	34,39	6,15	221	208
16329	10,11	6,4	3,14	2,4	276	245
16330	21,10	54,40	18,9	75,53	283	320
16331	160,165	198,129	104,123	106,103	317	297
16332	60,58	54,72	41,46	44,36	236	221
16335	65,59	4,4	43,50	4,4	258	189
16336	4,4	4,4	0,1	4,4	227	189
16337	63,58	1,0	44,50	0,0	258	189
16338	85,97	50,28	75,84	28,29	270	189
16339	4,3	49,23	1,2	27,29	227	189
16340	4,3	49,23	4,5	27,29	270	189
16341	68,64	73,75	46,50	61,59	258	227
16342	68,64	113,113	46,50	87,87	258	270
16343	4,6	109,109	1,2	85,82	274	270
16346	15,25	18,8	16,13	12,13	279	305
16348	0,3	5,9	1,0	3,2	361	355
16349	290,245	47,28	208,157	25,42	378	244
16350	22,23	47,28	13,7	25,42	306	244
16351	2,4	378,319	4,3	260,253	289	341
16352	124,98	6,10	88,65	11,4	241	289
16353	161,163	135,115	127,119	106,92	257	241
16354	98,76	66,80	71,63	67,65	281	248
16355	195,135	115,113	153,115	116,105	263	281
16356	5,1	2,1	1,0	0,0	182	211
16359	313,221	1,1	229,184	0,0	263	182
16360	4,4	11,3	4,1	6,4	217	277
16361	2,1	11,3	2,3	3,0	234	217
16364	61,58	2,3	40,31	0,2	276	230
16365	7,9	9,7	2,6	11,9	211	257
16366	6,4	11,11	2,4	10,8	211	257
16367	65,79	1600,1587	75,37	1500,1231	164	197
16368	6,28	343,327	26,22	334,232	220	267
16369	20,17	344,327	25,12	332,232	220	267
16370	2,16	343,327	10,7	334,232	268	267
16371	42,57	124,143	67,61	150,98	359	220
16372	42,57	107,116	67,61	129,90	359	268
16373	26,26	105,55	31,22	81,51	205	240
16374	26,28	148,108	31,22	88,79	205	283
16375	26,26	5,4	32,20	1,1	205	283
16376	128,136	57,47	87,103	43,31	283	216
16377	158,124	180,142	96,110	124,114	281	353
16378	233,150	73,52	123,154	47,52	353	229
16380	85,118	142,132	61,112	122,100	290	361
16381	144,138	89,77	102,118	59,68	366	291
16382	2803,2417	2136,1865	2094,2044	1758,1565	350	278
16383	0,4	360,350	0,0	344,293	186	499
16384	344,320	19,19	332,258	14,13	499	301
16385	2,3	36,27	1,0	16,19	272	212
16386	2,3	2,0	1,0	4,2	272	257
16387	36,27	2,0	16,19	4,2	212	257
16389	13,16	17,19	24,10	24,20	237	279
16390	9,9	41,21	21,7	29,17	221	276
16391	94,96	63,62	64,45	65,54	260	227
16392	6,7	63,62	8,5	65,54	301	227
16393	94,93	26,41	64,45	50,17	260	232
16394	7,4	26,41	8,5	50,17	301	232
16395	237,266	223,176	281,187	170,140	266	232
16396	237,266	1424,1206	281,187	1029,1008	266	1943
16397	237,266	79,65	281,187	64,56	266	631
16399	2726,2453	261,196	2295,2023	175,169	415	232
16401	930,701	1739,1516	629,635	1219,1150	218	285
16402	1733,1509	2279,1860	1223,1132	1472,1297	291	285
16403	1745,1527	1770,1499	1234,1140	1193,1108	291	269
16404	16,21	1836,1555	16,9	1352,1110	285	247
16405	12,19	1631,1406	12,9	1398,1161	285	261
16406	28,74	1337,1233	71,44	1034,1074	210	276
16407	17,18	17,11	7,10	14,11	261	266
16408	12,2	120,129	10,7	127,95	274	279
16410	89,81	448,406	100,70	420,280	373	833
16411	1449,1111	4209,3541	1009,1075	3121,3056	252	406
16413	98,76	242,161	73,70	185,161	271	316
16414	8,12	188,131	10,10	141,112	271	318
16415	29,27	187,131	19,24	141,114	329	318
16416	129,92	243,162	94,112	185,159	318	316
16417	65,54	173,133	49,42	101,124	258	350
16418	95,75	64,65	52,57	53,58	350	305
16423	386,292	26,24	281,289	20,14	233	173
16424	380,328	105,111	279,251	79,87	287	233
16425	379,328	70,73	280,251	51,47	287	233
16426	159,120	295,199	122,116	229,210	222	287
16428	29,62	976,920	67,46	780,689	238	273
16429	1020,991	743,649	947,694	602,613	809	368
16430	47,68	169,121	64,47	96,96	271	239
16431	188,190	175,122	141,172	91,99	285	275
16432	190,189	149,95	141,172	64,101	285	229
16433	188,189	134,124	143,174	96,106	285	265
16434	124,92	181,124	69,84	94,102	237	275
16435	158,102	149,95	123,91	64,101	275	229
16436	14,10	72,62	7,6	65,50	190	248
16437	10,4	72,62	5,0	65,50	187	248
16438	165,125	155,90	89,118	110,91	351	319
16439	197,128	1,0	90,75	0,2	288	311
16440	197,128	7,0	90,75	5,5	288	272
16441	178,134	9,10	130,164	10,9	277	286
16443	716,637	435,399	651,553	394,355	281	238
16488	347,311	657,539	231,267	472,528	271	342
16489	332,319	972,788	251,266	666,672	386	417
16490	260,258	362,322	180,180	228,235	288	293
16491	3,5	18,12	3,2	12,11	246	370
16492	299,179	62,64	134,150	36,56	671	234
16493	139,97	104,85	66,105	74,78	362	300
16494	92,91	76,69	71,94	70,66	300	265
16495	60,64	211,157	57,75	178,174	261	398
16496	203,122	132,141	144,155	104,108	398	279
16497	490,434	316,254	335,338	227,162	196	208
16498	609,480	466,303	409,402	291,291	219	196
16500	92,65	239,295	70,48	172,155	212	347
16501	250,219	127,124	169,153	121,116	347	1077
16502	253,222	98,124	171,156	69,89	347	311
16503	15,19	18,35	20,24	18,21	309	212
16504	12,19	83,104	19,16	75,65	309	312
16506	49,60	75,63	50,43	26,52	263	294
16507	39,35	13,22	26,26	18,18	223	191
16508	127,129	93,80	115,83	88,96	254	249
16509	11,7	20,27	2,1	21,16	214	308
16510	11,7	0,0	2,1	1,0	214	206
16511	16,11	13,17	7,1	14,15	206	252
16513	29,29	13,17	17,18	14,15	308	252
16515	26,24	3,0	18,9	0,0	308	252
16516	26,24	17,23	18,9	21,10	308	292
16517	3,0	17,23	0,0	21,10	252	292
16518	22,19	22,30	12,10	21,18	252	292
16519	0,0	18,23	7,0	21,9	256	292
16523	32,29	5,7	24,25	9,3	361	176
16524	0,1	6,2	0,0	3,2	260	296
16525	0,2	6,2	0,4	3,2	230	296
16529	274,222	939,776	191,149	595,639	197	338
16530	27,19	57,50	20,15	36,30	229	222
16531	316,279	269,207	254,249	181,174	260	230
16532	316,280	144,112	254,249	94,91	260	259
16533	317,278	3,3	254,250	1,1	260	229
16534	2,2	303,264	0,2	201,175	259	229
16535	2,0	416,433	1,2	318,325	259	223
16536	0,2	297,266	0,0	199,174	259	229
16537	0,0	417,432	1,0	317,326	259	223
16538	2727,2244	472,399	1832,1725	321,281	1166	229
16539	64,67	307,316	54,38	251,273	229	235
16540	115,105	307,315	81,75	251,273	229	235
16541	457,422	436,370	386,309	422,242	227	278
16542	389,234	326,282	284,262	193,208	489	360
16543	199,169	98,94	138,167	91,96	308	254
16544	299,220	267,168	178,226	214,225	297	302
16545	198,171	221,181	138,167	185,184	308	297
16546	105,96	154,117	92,117	156,153	245	265
16547	10,10	168,113	6,3	82,110	295	248
16548	257,137	168,113	122,160	82,112	295	248
16549	12,22	18,20	14,7	12,14	264	277
16550	27,11	7,7	16,13	2,11	326	288
16556	157,142	133,108	145,116	117,59	341	324
16557	77,65	1335,1019	58,50	1022,1007	176	311
16558	9,6	89,63	2,2	93,60	328	265
16559	0,0	32,35	4,0	36,25	265	194
16560	18,11	32,35	17,16	36,24	265	194
16561	191,154	44,67	126,133	45,53	300	240
16562	13,8	98,70	10,7	75,85	304	310
16563	92,82	136,86	73,35	94,102	304	310
16564	2,2	13,13	0,2	11,11	229	201
16565	1,2	193,179	2,0	174,139	229	201
16566	29,36	445,455	30,27	385,319	201	272
16567	11,13	25,21	19,19	25,15	201	272
16568	11,13	402,313	19,19	278,309	201	251
16569	5,6	73,51	12,4	70,58	201	177
16570	25,21	402,313	25,15	278,309	272	251
16571	485,417	442,352	400,333	315,340	272	251
16572	458,394	30,31	374,318	29,25	272	251
16573	457,395	32,30	374,318	29,25	272	251
16574	30,30	501,400	30,25	310,374	251	280
16575	354,366	499,400	335,244	302,373	251	280
16576	96,98	72,51	89,76	68,58	179	177
16577	0,0	498,401	1,0	302,373	177	280
16578	3,2	506,409	2,1	316,374	177	280
16579	471,334	246,218	379,357	183,188	280	230
16580	263,199	349,327	211,213	294,278	209	267
16581	304,259	349,335	218,257	300,282	239	267
16582	934,746	1210,919	689,716	851,781	348	337
16583	1656,1354	338,304	1244,1238	252,214	775	201
16584	222,214	345,302	213,169	259,214	361	201
16585	207,200	338,304	206,162	252,214	337	201
16586	209,211	339,300	204,170	251,215	337	201
16587	1010,869	345,302	722,692	259,214	337	201
16588	158,133	345,302	146,125	259,214	328	201
16589	72,39	101,66	58,63	61,45	341	328
16590	5,2	5,2	2,2	4,0	360	480
16591	61,48	380,384	49,39	274,239	249	363
16592	60,49	399,416	46,38	315,255	249	354
16593	350,343	0,2	267,241	1,0	363	251
16595	35,33	11,8	19,24	3,2	240	200
16596	35,33	5,2	19,24	0,3	240	173
16597	11,8	5,2	3,2	0,3	200	173
16599	2,0	3,2	4,0	1,3	210	247
16600	1,0	76,71	0,0	80,53	268	278
16601	138,121	75,72	131,87	82,53	467	278
16602	20,14	75,72	9,8	82,53	191	278
16603	1,0	90,82	1,0	78,87	268	323
16604	136,121	81,75	132,87	65,85	467	323
16605	19,12	81,75	9,8	65,85	191	323
16606	72,87	80,73	66,70	63,85	312	323
16607	0,0	116,112	0,1	109,70	228	467
16608	4,0	68,76	10,4	76,55	286	312
16610	270,214	302,289	184,223	199,244	319	274
16611	45,60	5,10	54,20	14,6	308	228
16612	93,103	334,303	57,58	178,206	328	611
16613	99,92	69,72	70,57	44,67	310	293
16614	38,41	69,71	23,25	44,67	225	293
16615	1,3	68,73	1,0	45,67	225	293
16616	10,17	68,73	8,4	45,67	310	293
16617	118,102	68,73	48,80	45,67	358	293
16618	44,54	584,460	21,28	366,387	337	1229
16619	149,155	81,80	139,110	76,78	403	421
16620	150,136	72,76	102,130	66,72	304	421
16621	130,107	131,104	109,83	115,141	218	264
16622	193,164	7,20	136,146	13,13	264	235
16623	4,1	38,78	7,6	83,62	264	312
16624	149,136	38,78	122,147	83,62	235	312
16625	1,0	15,11	2,9	1,2	317	275
16626	36,37	37,37	31,40	27,28	230	209
16627	36,35	253,223	31,42	205,152	230	209
16643	578,515	352,229	459,413	207,281	251	203
16644	799,651	607,560	612,607	497,382	598	224
16645	206,140	397,246	125,143	285,221	261	291
16646	1,1	395,245	1,0	281,221	261	291
16647	240,169	170,146	113,129	122,94	266	261
16648	143,113	403,316	99,78	293,242	265	334
16649	46,36	275,253	22,32	226,184	189	265
16656	0,2	16,15	1,0	15,15	256	622
16659	1633,1436	905,680	1106,1089	612,632	225	212
16660	4467,3585	4,2	2846,2934	1,1	225	225
16662	829,603	728,593	510,536	398,416	312	262
16663	829,603	801,633	510,536	444,466	312	265
16664	506,398	166,115	264,331	77,96	224	312
16665	524,402	836,641	270,346	489,527	224	312
16666	944,706	833,635	586,650	489,525	284	312
16667	233,185	833,635	103,126	489,525	435	312
16668	454,371	415,310	261,348	277,272	231	224
16669	949,709	383,293	586,653	207,250	284	231
16670	239,189	383,293	103,129	207,250	435	231
16671	217,170	869,680	135,133	478,615	322	284
16672	215,217	13,13	151,136	7,6	278	176
16673	175,133	153,109	118,119	99,119	347	353
16674	38,24	54,40	22,19	29,27	235	222
16675	21,17	2,4	9,8	8,5	209	350
16676	21,17	25,25	9,8	18,23	209	239
16677	380,325	249,196	279,300	200,192	226	226
16678	32,24	113,94	23,33	107,97	203	246
16679	44,34	113,94	31,45	107,97	221	246
16680	181,186	117,104	136,137	79,92	337	226
16681	155,138	347,304	101,81	221,227	254	297
16682	255,226	130,111	189,157	94,98	297	503
16683	180,216	260,189	162,169	132,157	257	262
16684	169,135	327,258	114,102	265,251	262	358
16686	29,29	123,81	31,21	88,83	202	223
16687	0,1	8,8	1,2	4,4	206	201
16688	1,3	4,1	0,1	1,0	194	206
16689	2,4	2,0	0,1	1,0	272	366
16690	2,4	2,0	0,1	0,0	272	233
16693	8,5	211,155	14,10	145,140	221	221
16694	171,114	31,29	92,117	17,22	274	227
16695	169,123	295,253	105,115	222,181	225	252
16696	6,2	2,0	3,1	0,0	242	193
16697	6,13	13,10	10,2	16,17	263	257
16698	6,11	28,11	11,2	10,10	263	254
16699	37,21	12,14	14,12	16,10	260	251
16700	4,3	223,146	1,6	169,116	284	319
16701	350,307	12,11	281,303	10,4	310	304
16702	1,0	176,166	2,1	134,128	234	307
16704	4,1	112,91	7,6	66,59	263	319
16705	51,41	2,5	40,20	2,0	201	236
16706	51,41	98,112	40,20	81,68	201	190
16707	2,3	2,4	5,3	1,2	393	354
16710	2,0	2,4	0,0	1,2	309	354
16713	2,0	2,3	0,0	5,3	309	393
16717	274,254	51,71	214,190	106,75	267	283
16719	231,149	160,103	169,156	102,94	236	241
16720	119,129	3,0	113,95	6,5	286	242
16721	125,135	171,116	126,114	129,115	286	223
16722	2,0	47,65	8,12	65,54	325	223
16723	15,6	1394,1225	4,3	1142,853	330	374
16724	44,56	34,26	42,23	33,12	267	329
16725	222,177	690,555	136,95	420,480	301	213
16726	633,513	690,555	487,417	420,480	509	213
16727	247,162	61,48	130,129	46,47	208	232
16728	118,80	93,60	87,76	86,65	242	264
16729	35,18	100,77	20,27	66,70	220	331
16730	565,498	146,99	371,359	64,57	1236	344
16731	31,45	171,214	19,28	158,159	206	307
16732	19,27	16,16	27,13	13,9	298	237
16733	839,733	671,555	728,664	418,386	335	307
16735	19,12	32,21	12,12	27,19	248	323
16736	14,15	7,11	9,27	8,8	307	248
16737	402,391	497,434	349,327	509,421	250	274
16738	111,91	433,354	64,79	261,269	308	782
16739	44,34	433,354	32,48	261,269	305	782
16740	400,352	18,28	267,273	18,20	778	178
16742	184,149	130,92	151,131	74,83	240	205
16743	401,323	298,202	330,284	178,148	260	240
16744	226,187	216,156	182,181	138,112	257	219
16745	167,141	333,234	147,122	182,164	217	257
16746	232,214	391,328	182,188	299,281	232	288
16747	105,60	59,64	66,56	51,46	197	202
16748	65,85	92,62	49,54	72,50	267	311
16749	13,1	0,0	4,5	0,1	184	236
16750	20,14	35,28	25,9	17,17	236	255
16751	27,23	20,24	17,12	14,11	237	257
16752	49,41	17,19	22,22	14,6	257	213
16753	49,41	8,13	22,22	8,4	257	175
16757	2789,2643	1403,1277	2129,2007	1296,1194	413	293
16759	4,5	3,2	2,0	0,0	206	246
16761	50,63	107,77	51,39	62,56	258	338
16762	167,174	46,54	164,124	43,39	305	258
16763	139,123	119,93	110,140	92,77	299	259
16764	85,89	114,62	47,53	49,64	280	233
16765	133,155	13,41	156,128	33,21	260	532
16766	45,62	127,84	53,40	68,80	203	192
16773	34,54	30,31	31,35	7,11	320	281
16774	35,43	36,30	19,33	16,12	292	302
16775	255,203	1450,1171	179,189	910,1041	277	676
16776	185,184	297,242	134,140	211,231	215	308
16777	221,194	127,126	156,175	83,134	257	215
16778	176,138	5,7	129,122	5,2	286	329
16779	104,92	84,52	87,69	69,99	226	221
16780	91,49	44,42	81,104	31,30	244	233
16782	44,47	41,37	47,37	34,29	232	207
16783	31,45	28,31	42,38	23,34	312	230
16784	2,1	5,11	0,0	11,9	441	321
16786	20,36	105,134	38,26	109,80	276	1920
16788	51,34	38,18	23,20	24,18	254	228
16789	12,17	38,18	14,9	22,19	192	228
16790	21,14	33,48	8,9	40,29	207	402
16791	161,154	144,93	164,132	107,115	284	254
16792	16,20	27,21	12,16	25,12	213	284
16793	38,36	31,11	20,20	13,14	284	294
16794	1,2	1,0	1,0	0,2	273	253
16796	3,2	10,4	3,0	6,6	234	257
16797	304,322	270,225	292,274	201,163	353	215
16798	165,215	627,582	213,176	452,312	215	266
16799	293,277	80,87	222,182	92,93	790	287
16800	62,73	137,89	50,57	88,85	287	292
16802	12,26	3,1	13,8	4,1	262	209
16803	44,35	37,19	28,23	14,28	210	285
16804	41,46	22,28	27,51	9,14	285	219
16805	15,19	37,19	18,13	17,14	260	273
16808	0,0	12,7	1,0	2,4	254	199
16809	0,1	8,8	0,0	3,4	199	204
16810	1495,1320	8035,7276	1093,986	6289,5738	326	331
16811	869,801	8034,7278	663,639	6289,5739	326	331
16812	782,689	5903,5245	640,550	4431,4197	466	326
16813	729,608	5903,5245	546,499	4431,4197	261	326
16814	3877,3839	4706,4293	3120,2720	4034,3377	235	325
16815	738,612	2324,2260	548,503	1984,1496	261	235
16816	130,152	238,204	111,103	164,165	289	334
16817	318,331	330,280	250,211	213,200	260	454
16818	246,232	330,280	192,170	213,200	944	454
16822	15,11	0,5	9,8	0,0	360	222
16823	77,54	0,5	34,32	0,0	363	222
16836	8,2	346,286	1,2	275,215	223	325
16837	53,59	138,128	59,43	113,71	251	232
16838	1,0	138,128	2,0	113,71	201	232
16839	1490,1274	1303,1198	1131,1083	1149,838	252	290
16840	1825,1559	1303,1198	1368,1256	1149,838	267	290
16841	20,19	58,42	20,15	51,53	215	296
16842	0,0	1,1	0,2	1,1	266	271
16843	12,17	83,72	10,9	48,47	190	208
16844	9,7	622,541	4,5	391,487	188	392
16845	207,203	1006,869	145,198	674,750	412	620
16846	494,432	1006,869	339,433	674,750	397	620
16850	265,210	466,334	186,191	270,324	252	319
16851	448,364	473,443	291,366	367,348	319	324
16852	503,371	316,245	304,341	223,257	324	243
16853	253,240	591,424	206,192	370,458	243	300
16854	133,98	434,389	106,133	329,317	224	275
16855	291,215	387,339	248,228	268,264	275	293
16856	287,239	355,229	181,190	222,183	281	245
16858	3,0	1,2	0,0	1,0	202	292
16859	5,4	4,4	4,0	0,1	292	237
16860	101,60	20,15	40,41	13,17	198	284
16861	115,99	223,168	58,58	179,126	198	284
16862	180,149	5,13	158,87	7,8	413	198
16863	0,1	5,13	1,3	3,5	181	198
16864	178,146	83,83	160,86	73,68	413	198
16865	71,58	83,83	47,47	73,68	352	198
16866	59,42	83,84	45,27	73,67	352	198
16867	354,378	83,84	332,209	73,67	981	198
16868	0,1	61,45	1,3	43,28	181	352
16869	0,1	402,288	5,2	239,196	181	352
16870	23,23	402,288	17,16	239,196	339	352
16871	0,1	454,356	5,2	305,234	181	413
16872	23,23	454,356	17,16	305,234	339	413
16873	1,0	9,10	2,2	7,1	340	181
16874	1,0	9,10	2,2	8,1	340	181
16875	1,0	9,10	2,2	7,1	438	181
16876	12,7	5,7	10,3	2,7	230	224
16877	121,97	5,2	67,73	2,2	655	230
16878	120,91	6,4	60,65	2,8	655	230
16879	298,212	162,103	186,172	119,155	339	297
16880	211,181	85,82	137,150	46,68	254	214
16881	119,112	162,139	80,101	118,129	214	343
16882	117,110	306,313	80,101	310,224	214	343
16883	516,531	42,44	448,435	42,23	343	200
16884	297,279	10883,9549	192,278	8383,6896	343	301
16885	304,366	18022,15905	374,240	14653,12225	301	363
16886	1505,1840	18022,15902	2174,1452	14654,12221	301	363
16887	1504,1836	5225,5014	2167,1454	4389,3942	301	223
16888	1684,2062	18022,15902	2346,1650	14654,12221	364	363
16889	1686,2060	5225,5014	2346,1652	4389,3942	364	223
16890	16819,14814	5986,5998	13080,10867	5650,4746	363	284
16891	16815,14816	48,25	13079,10867	38,30	363	269
16892	16816,14810	48,25	13077,10868	39,27	363	269
16893	16816,14810	5228,5014	13077,10868	4393,3939	363	223
16894	6605,5963	5985,5996	5297,4402	5643,4746	363	284
16895	6602,5959	5224,5015	5294,4403	4387,3939	363	223
16896	2854,3257	11246,10230	3227,2612	8706,7787	265	291
16897	6,8	5225,5014	3,2	4389,3942	269	223
16898	48,25	5228,5014	39,27	4393,3939	269	223
16899	9951,9108	5226,5015	7666,6894	4387,3939	269	223
16900	9928,8513	5227,5017	7541,6443	4390,3943	276	223
16901	13856,13849	9456,9541	11972,10347	8125,7324	349	240
16902	13845,13848	10852,10830	11964,10348	9505,7695	349	310
16903	13842,13848	11874,10364	11964,10346	9134,7420	349	288
16904	16116,16224	10852,10830	14090,12124	9505,7695	1015	310
16905	15517,15735	11880,10365	13415,12030	9140,7422	310	288
16906	8960,7553	18051,15280	6814,6104	13257,10649	248	335
16907	8957,7545	10209,9481	6814,6103	8355,6738	248	305
16908	8979,7554	6616,6341	6826,6104	5531,4869	248	247
16909	18215,16692	10218,9492	14372,12913	8355,6743	335	305
16910	18193,16672	4965,5338	14343,12897	4589,4052	335	225
16911	18197,16672	6634,6369	14343,12897	5546,4886	335	247
16912	9771,9833	6674,6371	8461,7317	5556,4890	296	247
16913	9737,9813	3281,3351	8437,7299	3128,2514	296	338
16914	8081,7363	3313,3365	6556,5705	3150,2529	247	338
16915	338,285	636,597	240,255	456,490	172	197
16916	1114,1126	521,480	922,920	340,368	226	197
16917	0,1	521,480	0,0	340,368	179	197
16918	2,0	521,480	0,0	340,368	226	197
16919	696,644	521,480	552,511	340,368	187	197
16920	2,0	1514,1347	0,0	1234,1265	226	597
16921	696,644	1514,1347	552,511	1234,1265	187	597
16922	825,637	355,314	569,556	207,251	179	172
16923	35,46	354,314	37,38	207,253	179	172
16924	771,715	354,314	617,571	207,253	203	172
16925	29,41	354,314	37,34	207,249	179	172
16926	486,349	354,314	338,304	207,249	203	172
16927	26,37	354,314	35,33	207,249	179	172
16928	696,644	354,314	552,511	207,249	187	172
16929	696,644	719,626	552,511	461,573	187	370
16930	1342,1274	719,626	903,975	461,573	179	370
16933	696,644	0,1	552,511	0,0	187	179
16934	1,0	0,1	0,4	0,0	226	179
16935	486,349	29,41	338,304	37,34	203	179
16936	771,715	35,46	617,571	37,38	203	179
16937	696,644	26,37	552,511	35,33	187	179
16938	1342,1274	26,37	903,975	35,33	179	179
16939	770,711	337,310	613,573	235,260	203	179
16940	485,346	325,308	335,303	237,255	203	179
16941	1414,1419	321,303	1156,1157	230,251	468	179
16942	1112,1126	321,303	922,924	230,251	226	179
16943	663,748	321,303	550,577	230,251	187	179
16944	1342,1274	321,303	903,975	230,253	179	179
16945	1128,1142	758,681	930,933	545,549	226	203
16946	671,757	758,681	558,583	545,549	187	203
16948	1342,1274	758,681	903,977	547,549	179	203
16950	122,108	758,683	103,90	545,549	540	203
16951	22,25	758,683	18,12	545,549	189	203
16952	3,8	758,683	11,4	545,549	203	203
16954	696,644	2,0	552,511	0,0	187	226
16955	696,644	904,701	552,511	640,599	187	226
16956	22,25	905,702	20,10	640,600	189	226
16957	696,644	237,190	552,511	175,157	187	187
16959	1343,1274	1008,846	905,977	694,657	179	187
16960	22,25	1003,838	18,14	694,654	189	187
16961	1,0	1003,839	1,0	693,652	179	187
16963	1,1	1003,839	0,0	693,652	202	187
16965	1,1	1480,1244	0,0	1068,1010	202	499
16973	1,1	1,0	0,0	1,0	202	179
16974	26,31	569,539	18,14	454,443	189	179
16975	16,13	567,553	14,12	458,443	185	179
16976	0,2	569,543	0,0	458,442	189	179
16978	19,14	756,606	12,13	581,537	185	189
16979	5,20	756,604	6,4	582,537	202	189
16980	19,14	776,622	12,13	603,556	185	203
16981	25,15	9,13	29,16	6,8	254	200
16982	39,33	24,16	30,34	19,22	242	276
16983	153,164	110,86	121,153	57,105	302	284
16984	94,87	131,118	50,87	104,91	245	302
16985	82,71	1177,898	58,50	677,839	303	1705
16986	30,16	1178,898	16,22	675,838	212	1705
16987	8,11	7,5	4,4	9,1	215	245
16988	209,158	177,149	131,155	95,85	300	252
16989	32,18	165,125	25,10	101,117	201	270
16990	3,2	18,8	0,0	6,9	284	305
16991	105,62	158,127	72,82	151,106	263	274
16992	139,114	183,177	70,110	155,166	260	263
16994	29,16	105,63	20,23	69,66	267	260
16995	30,25	27,22	11,11	13,33	334	302
16996	53,53	38,32	58,48	34,34	230	184
16997	54,53	1,0	58,48	0,0	230	184
16998	1,3	2,1	0,1	0,0	227	184
16999	114,65	188,177	58,49	115,167	227	311
17000	26,27	187,178	48,29	115,167	213	311
17001	26,27	11,9	48,29	13,14	213	318
17002	5,0	245,199	3,0	155,228	184	373
17003	54,32	187,177	28,26	116,167	184	311
17004	54,32	11,8	28,26	14,14	184	318
17005	40,44	188,177	20,30	115,167	279	311
17015	46,48	19,5	28,20	8,9	309	232
17016	190,182	304,258	114,107	172,186	209	231
17017	546,480	364,296	301,351	224,286	317	255
17018	552,525	396,342	340,326	244,273	381	254
17020	20,45	334,389	104,68	315,281	285	194
17021	15,40	799,835	102,64	807,599	285	253
17022	4,3	803,843	8,9	810,603	194	253
17023	908,864	1742,1533	776,598	1259,1174	266	288
17027	89,82	91,66	78,69	44,69	303	251
17028	9,3	91,68	7,6	45,70	303	251
17029	66,72	112,73	47,51	60,74	256	303
17030	19,27	113,73	24,29	57,71	233	303
17031	0,0	112,74	3,1	57,71	256	303
17032	8,7	112,74	13,4	57,71	202	303
17033	8,7	0,0	13,4	3,1	202	256
17034	9,6	68,55	13,4	59,43	202	256
17036	0,1	14,17	0,0	8,14	265	313
17037	252,227	71,42	151,191	49,45	568	329
17043	5,15	10,22	2,9	20,7	364	261
17044	0,0	8,22	0,4	19,6	241	261
17045	20,16	508,393	14,3	376,335	255	250
17046	22,37	74,91	27,15	81,61	323	302
17047	22,37	49,58	27,15	46,31	323	332
17048	33,39	27,9	34,46	17,19	268	323
17049	33,39	23,10	34,46	13,16	268	320
17050	147,118	75,80	120,80	84,78	237	341
17051	11,9	217,222	7,4	213,175	285	237
17052	30,30	217,222	24,10	213,175	288	237
17053	38,49	217,222	40,27	213,175	244	237
17054	604,490	465,446	387,350	341,313	242	264
17055	247,247	81,63	247,183	44,49	329	212
17056	134,105	251,192	72,83	178,162	235	318
17057	175,116	253,192	111,104	177,162	225	318
17058	176,116	302,256	110,104	263,193	225	258
17059	76,60	44,40	59,47	26,36	287	196
17060	80,72	122,108	103,74	73,74	296	287
17061	28,14	30,32	12,19	30,29	214	251
17062	21,19	32,30	20,17	27,31	251	264
17063	26,35	39,23	30,23	21,19	264	237
17064	142,85	67,32	98,92	53,54	240	225
17065	45,45	167,172	41,37	87,129	211	332
17066	583,501	46,43	308,381	21,44	866	211
17067	394,365	783,675	294,318	523,502	277	349
17068	0,0	33,9	0,1	9,22	227	263
17069	1,4	33,9	1,2	9,22	200	263
17070	1,0	33,9	0,4	9,22	197	263
17097	21,42	57,37	31,32	35,24	268	245
17098	4,16	46,30	8,6	29,19	211	245
17099	8,7	36,37	5,2	28,31	231	284
17100	16,15	36,39	16,8	30,32	231	284
17101	17,14	38,38	22,9	28,31	231	284
17102	29,43	38,38	35,36	28,31	268	284
17103	9,5	47,56	6,7	42,32	328	231
17104	21,43	40,51	31,33	48,33	268	231
17105	2,1	21,31	0,0	23,18	211	231
17106	50,66	9,13	50,46	7,8	268	328
17107	247,181	120,85	200,164	75,57	302	247
17108	149,114	3,0	127,123	1,1	247	388
17109	149,114	125,137	127,123	82,90	247	283
17110	183,113	64,59	110,88	58,74	388	217
17113	91,69	21,14	46,50	7,11	257	226
17115	23,18	59,34	12,16	49,35	207	228
17116	0,0	2,3	1,0	2,2	266	288
17117	13,5	31,30	11,17	30,30	232	376
17118	44,24	11,7	19,23	9,9	358	246
17119	31,55	89,82	41,31	88,77	224	203
17120	401,322	83,57	276,268	67,58	320	185
17121	99,82	274,242	79,78	205,198	185	264
17122	89,64	0,3	57,76	0,3	222	259
17123	0,0	761,638	0,2	493,548	198	282
17124	0,0	761,638	0,1	493,548	195	282
17125	941,805	2088,1780	806,659	1479,1438	282	318
17126	180,266	369,288	344,234	263,239	1180	316
17127	18,22	369,288	27,25	263,239	332	316
17132	5,1	54,66	3,1	29,36	227	379
17133	0,1	54,66	1,0	29,36	290	379
17134	15,9	54,66	9,15	29,36	263	379
17135	11,13	54,66	4,9	29,36	267	379
17136	3,2	14,24	4,0	13,27	227	345
17137	5,1	53,65	3,1	28,34	227	345
17138	0,1	53,65	1,0	28,34	290	345
17139	15,9	53,65	9,15	28,34	263	345
17140	11,13	53,65	4,9	28,34	267	345
17141	3,2	36,68	4,0	27,28	227	304
17142	5,1	75,109	3,1	42,35	227	304
17143	0,1	75,109	1,0	42,35	290	304
17144	15,9	75,109	9,15	42,35	263	304
17145	11,13	75,109	4,9	42,35	267	304
17146	3,1	26,47	2,0	18,10	227	304
17147	77,88	26,47	76,51	18,10	234	304
17148	39,54	26,47	40,24	18,10	229	304
17149	0,1	32,54	1,0	21,18	290	431
17150	15,9	32,54	9,15	21,18	263	431
17151	11,13	32,54	4,9	21,18	267	431
17152	3,1	40,36	2,0	29,14	227	299
17153	3,2	52,57	4,0	37,32	227	299
17154	5,1	91,98	3,1	52,39	227	299
17155	0,1	91,98	1,0	52,39	290	299
17156	15,9	91,98	9,15	52,39	263	299
17157	11,13	91,98	4,9	52,39	267	299
17158	3,1	42,36	2,0	28,14	227	299
17159	77,88	42,36	76,51	28,14	234	299
17160	39,54	42,36	40,24	28,14	229	299
17161	0,1	48,43	1,0	31,22	290	426
17162	15,9	48,43	9,15	31,22	263	426
17163	11,13	48,43	4,9	31,22	267	426
17164	3,2	17,33	4,0	10,27	227	295
17165	5,1	52,72	3,1	25,34	227	295
17166	0,1	52,72	1,0	25,34	290	295
17167	15,9	52,72	9,15	25,34	263	295
17168	11,13	52,72	4,9	25,34	267	295
17169	0,1	5,1	1,0	3,1	290	227
17170	15,9	5,1	9,15	3,1	263	227
17171	11,13	5,1	4,9	3,1	267	227
17172	77,88	3,1	76,51	2,0	234	227
17173	39,54	3,1	40,24	2,0	229	227
17174	15,9	0,1	9,15	1,0	263	290
17175	11,13	0,1	4,9	1,0	267	290
17176	30,39	15,17	36,27	21,20	221	234
17177	31,39	29,33	36,27	17,11	221	234
17178	6,10	4,2	6,6	2,0	236	306
17179	4,15	4,2	8,4	2,0	317	306
17180	4,15	4,2	8,4	2,0	325	306
17182	12,9	4,2	7,9	2,0	348	306
17183	4,9	4,2	3,1	2,0	349	306
17185	12,9	6,10	7,9	6,6	348	236
17186	4,9	6,10	3,1	6,6	349	236
17188	12,9	4,15	7,9	8,4	348	317
17189	4,9	4,15	3,1	8,4	349	317
17191	12,9	4,15	7,9	8,4	348	325
17192	4,9	4,15	3,1	8,4	349	325
17194	4,9	12,9	3,1	7,9	349	348
17195	67,77	122,96	99,69	96,51	300	273
17196	15,44	115,156	60,43	109,92	338	302
17197	798,603	13,5	563,550	0,5	222	280
17201	2,0	4,3	0,1	2,5	212	188
17202	141,126	283,206	94,127	151,173	278	288
17203	1,4	6,4	1,0	8,3	246	325
17204	311,334	679,633	277,244	537,502	312	392
17205	136,175	679,633	158,127	539,502	260	392
17206	714,724	2,0	630,562	1,1	312	287
17207	29,45	179,195	60,38	183,149	286	260
17208	22,22	716,684	16,21	746,481	203	292
17209	278,216	1134,904	165,183	781,759	294	832
17210	401,296	620,548	277,258	446,426	260	288
17211	61,68	617,543	42,42	446,426	278	288
17212	292,199	416,308	206,210	282,261	364	260
17213	62,69	816,598	40,42	578,561	278	364
17214	68,75	1214,904	42,52	817,794	278	379
17215	0,0	3,0	1,0	2,2	202	352
17216	21,38	240,179	42,28	164,168	219	259
17217	2,2	72,67	4,5	60,74	171	219
17218	226,305	153,151	227,236	152,122	417	296
17219	226,305	10,6	227,236	7,3	417	248
17220	42,39	176,144	43,40	119,108	299	243
17221	124,109	180,135	113,87	118,112	299	243
17222	2,0	165,130	0,3	111,103	299	243
17223	201,211	585,493	205,141	360,315	259	299
17224	201,211	4,2	205,141	1,0	259	226
17225	778,560	267,228	427,440	167,149	299	269
17226	562,484	85,74	357,309	54,58	269	207
17227	133,103	158,117	111,124	155,130	267	273
17228	25,17	42,37	17,30	33,31	285	201
17229	69,57	627,409	35,53	383,393	195	286
17230	25,27	5,8	25,17	17,10	354	725
17231	8,12	5,8	9,6	17,10	319	725
17232	83,74	113,70	64,42	77,73	254	206
17233	158,143	113,70	133,93	77,73	251	206
17236	92,62	4,1	56,49	0,2	258	288
17237	159,118	204,206	123,134	142,152	318	1174
17238	159,118	63,58	123,134	53,43	318	377
17239	175,146	665,571	133,141	518,470	307	901
17240	1399,1356	180,162	1246,951	141,116	1981	307
17243	3,3	4,2	5,0	0,0	278	275
17244	205,192	396,361	189,90	339,211	332	328
17245	240,233	309,332	182,194	313,236	262	335
17248	4,5	1,0	2,0	4,0	321	289
17249	7,2	5,4	7,2	1,1	207	196
17250	7,2	2,4	7,2	1,3	207	324
17251	5,4	2,4	1,1	1,3	196	324
17252	23,25	3,5	21,29	3,4	231	241
17254	81,59	232,172	59,56	148,160	211	249
17255	112,97	76,59	66,86	63,64	241	244
17256	83,71	11,16	83,80	14,13	201	199
17257	83,71	3,3	83,80	0,3	201	217
17258	433,359	8,14	293,337	8,10	331	232
17259	104,97	8,9	79,85	7,8	331	232
17262	0,1	11,10	2,1	19,10	240	272
17263	43,53	94,76	35,28	79,66	242	275
17264	78,108	120,123	101,83	100,98	302	314
17265	76,107	44,26	103,83	37,23	302	211
17266	135,142	44,27	115,112	37,22	314	211
17270	87,82	4,1	50,47	1,4	275	267
17282	2,4	125,98	2,2	76,99	231	363
17283	12,2	0,3	5,2	0,0	243	289
17284	19,13	28,18	25,30	20,21	234	212
17285	19,13	2,0	25,30	1,0	234	212
17286	53,36	42,21	34,20	27,16	262	251
17290	0,3	9,14	0,6	9,5	192	243
17291	81,62	102,103	57,62	79,98	266	272
17292	9,7	77,104	5,5	67,78	272	244
17293	89,118	99,109	73,81	76,91	272	244
17294	81,84	117,109	61,83	65,74	244	264
17295	232,179	19,8	131,163	5,7	307	182
17296	234,179	28,24	132,163	15,22	307	182
17297	127,109	176,164	79,113	115,106	412	232
17298	124,109	1,3	81,113	0,0	412	232
17299	234,199	176,164	153,183	115,106	359	232
17300	231,199	1,3	155,183	0,0	359	232
17301	3,0	176,164	0,0	115,106	253	232
17302	0,0	1,3	1,0	0,0	253	232
17303	166,130	230,210	93,106	141,150	232	305
17304	335,338	531,420	246,241	333,347	305	527
17306	0,2	41,43	0,0	37,33	183	265
17307	117,118	41,43	103,99	37,33	637	265
17308	136,135	31,40	103,109	35,30	637	265
17309	348,308	203,177	310,308	141,158	293	222
17310	344,307	28,18	311,308	20,15	293	222
17311	344,306	17,9	309,309	14,8	293	222
17312	344,306	545,542	309,309	383,325	293	339
17314	17,9	545,542	14,8	383,325	222	339
17315	204,166	620,473	140,159	414,432	222	318
17316	181,149	544,544	129,151	382,325	222	339
17317	128,137	519,447	112,103	387,346	346	284
17318	775,697	519,447	560,539	387,346	331	284
17319	764,676	354,332	555,516	309,247	331	239
17320	468,472	356,353	391,314	311,268	284	239
17321	474,472	445,401	393,314	280,275	284	282
17322	352,290	445,401	243,224	280,277	239	282
17323	346,288	729,661	240,219	514,566	239	285
17335	119,77	58,57	67,79	52,50	325	312
17336	57,54	159,155	54,62	134,157	312	443
17337	59,64	37,24	71,59	13,18	340	210
17338	17,15	26,20	6,14	15,11	297	310
17339	170,143	46,39	123,157	20,28	365	345
17340	101,76	174,165	43,53	99,143	267	365
17341	10,17	169,166	16,10	99,141	715	365
17342	143,111	118,95	96,84	77,85	334	267
17343	17,24	105,87	16,17	77,90	715	267
17344	26,27	207,133	17,11	96,100	715	334
17345	181,210	167,166	158,106	135,177	344	345
17346	61,67	241,216	27,44	145,137	207	344
17347	61,67	1,2	27,44	0,2	207	158
17352	233,214	2,1	176,201	1,1	222	222
17353	3,6	2,8	1,0	6,0	243	250
17354	19,10	28,14	7,12	8,10	279	250
17355	143,106	42,43	64,86	32,42	409	311
17356	21,34	0,2	28,22	0,0	243	232
17357	27,21	12,18	21,17	14,21	275	320
17358	11,15	37,55	12,7	30,32	361	434
17359	24,49	56,53	39,31	52,46	372	361
17360	53,38	67,62	30,27	68,41	296	262
17361	270,244	64,35	200,216	40,36	302	183
17362	283,276	259,314	207,168	257,189	380	362
17363	422,413	302,315	338,209	281,205	350	336
17364	420,407	271,258	332,208	221,171	350	286
17365	422,407	118,117	332,206	112,79	350	286
17366	184,158	120,122	197,95	118,82	336	286
17367	184,158	216,165	197,95	132,152	336	263
17368	184,158	4,1	197,95	2,0	336	401
17369	120,122	216,165	118,82	132,152	286	263
17370	264,267	426,446	226,181	388,276	286	369
17371	261,268	250,248	226,181	221,186	286	369
17372	233,210	546,563	182,124	501,356	263	369
17373	467,430	981,729	367,289	563,474	330	710
17374	1200,941	145,112	800,654	100,108	710	247
17375	183,115	209,179	142,133	148,164	323	377
17376	367,313	477,428	282,233	261,275	316	348
17377	1,0	1,2	0,1	0,0	233	313
17378	1,0	1,2	0,1	0,0	233	379
17380	149,101	103,65	102,92	53,69	364	314
17381	99,56	4,2	47,58	4,2	278	188
17382	86,64	114,80	37,48	59,65	265	345
17383	0,0	534,511	0,1	438,347	219	318
17384	62,48	534,511	70,39	438,347	262	318
17388	204,154	94,84	156,147	50,60	301	248
17389	133,111	125,105	106,104	95,66	248	256
17390	294,252	214,198	240,226	192,145	316	283
17391	88,88	135,125	61,43	111,115	254	226
17392	249,197	254,260	168,194	207,211	192	212
17393	230,156	731,599	180,144	524,450	212	264
17394	177,157	10,6	136,144	5,10	244	252
17395	12,15	307,260	22,21	247,216	242	244
17396	115,103	152,133	95,82	118,108	240	244
17397	0,0	153,133	4,0	118,107	237	244
17398	11,15	131,103	20,20	114,87	242	244
17399	87,75	11,3	84,60	14,14	240	244
17400	41,41	9,7	39,60	5,8	242	336
17401	561,512	474,346	477,447	325,302	224	227
17402	559,508	0,0	477,447	3,0	224	227
17403	559,508	679,615	477,447	539,508	224	235
17404	584,531	679,615	491,462	539,508	481	235
17405	0,0	679,615	3,0	539,508	227	235
17406	469,466	682,619	449,395	538,511	227	235
17407	10,7	3,1	8,10	0,4	212	245
17408	10,7	0,3	8,10	0,1	212	242
17409	187,202	84,85	158,126	69,55	381	309
17410	187,202	414,410	158,126	407,348	381	663
17411	288,306	11,7	260,163	8,3	309	288
17412	530,542	235,281	475,388	262,167	663	288
17413	533,549	11,7	478,389	8,3	663	288
17414	195,242	103,100	211,145	76,76	263	206
17415	142,174	174,168	149,142	171,115	309	269
17416	272,268	339,290	240,226	278,299	293	282
17417	313,291	6,17	271,274	11,23	282	284
17418	332,302	134,152	280,283	187,151	282	284
17419	488,456	6,4	474,464	2,12	284	246
17420	355,297	231,202	279,310	209,173	284	268
17421	118,144	322,239	171,138	227,154	268	279
17422	212,181	641,591	190,164	593,524	279	1384
17423	399,421	431,309	377,377	348,267	1384	307
17424	88,86	116,93	70,60	111,65	217	220
17425	159,133	82,73	123,98	98,56	243	220
17426	193,151	84,86	135,108	80,68	243	217
17427	150,112	25,9	115,95	9,10	223	243
17428	150,112	136,133	116,95	100,91	223	243
17429	124,101	131,116	81,75	100,77	230	223
17430	985,1003	32,35	731,724	36,26	1350	311
17431	27,26	979,970	35,14	716,726	244	1350
17432	1271,1110	1102,1097	977,1033	913,707	296	263
17433	1276,1114	620,634	979,1038	495,434	296	188
17434	1041,875	758,727	735,720	627,621	247	246
17436	125,155	46,22	105,116	22,33	300	188
17437	5,2	46,22	3,2	22,33	247	188
17438	0,1	46,22	0,1	22,33	221	188
17439	130,165	56,32	105,121	41,52	300	221
17440	148,133	107,67	78,138	49,49	264	247
17441	325,305	437,332	183,213	266,227	435	276
17442	446,396	437,334	254,288	265,227	435	276
17445	17,30	95,59	40,28	33,51	229	303
17446	351,290	112,99	238,219	74,64	264	227
17447	254,284	82,62	194,210	64,43	227	211
17458	564,459	371,260	348,381	237,261	309	330
17459	564,459	954,769	349,383	618,689	309	330
17461	461,385	4,4	341,321	1,7	371	256
17462	4,1	6,0	0,2	2,4	232	288
17470	61,69	190,145	50,63	125,122	242	284
17471	84,118	94,81	103,89	53,51	293	242
17472	2,4	94,81	7,2	53,51	318	242
17473	722,677	741,581	533,563	476,476	348	269
17474	335,320	687,566	274,298	515,569	269	273
17475	466,297	654,455	241,225	470,454	230	260
17476	467,334	348,258	277,275	249,245	260	212
17477	319,190	527,347	215,184	283,370	212	248
17478	582,435	241,199	422,407	167,183	248	218
17479	401,288	1741,1426	258,289	1142,1135	218	653
17480	395,286	280,224	255,289	231,192	218	226
17481	1947,1515	285,226	1237,1280	234,193	653	226
17482	24,20	16,19	22,20	19,9	242	248
17483	23,17	13,4	18,20	8,4	242	276
17484	316,275	57,48	190,186	27,20	353	203
17485	316,272	240,235	187,184	184,208	353	209
17486	316,272	590,574	187,184	456,477	353	348
17487	438,391	893,759	279,286	665,633	353	514
17488	438,391	607,587	279,286	466,482	353	348
17489	15,15	57,48	7,7	27,20	300	203
17490	4255,3457	590,574	2618,2753	456,477	6715	348
17491	4265,3458	741,578	2618,2757	475,475	6715	269
17492	116,111	236,235	70,80	186,201	203	209
17493	10,14	234,232	5,4	183,198	203	209
17494	1337,1020	607,587	880,834	466,482	1591	348
17495	1347,1021	744,578	880,838	474,476	1591	269
17496	1302,1002	592,571	846,811	454,471	1591	348
17497	467,368	586,572	316,274	454,471	514	348
17498	1,2	607,587	0,1	466,482	209	348
17499	4,1	744,578	0,5	474,476	209	269
17500	37,23	586,572	27,22	454,471	209	348
17501	456,396	712,531	305,279	477,474	293	269
17502	47,25	711,530	29,24	473,478	293	269
17503	186,193	808,695	171,127	537,487	240	293
17504	1,1	775,661	9,8	511,475	206	293
17505	113,107	312,264	109,76	190,196	225	240
17507	11,15	3,5	6,9	0,1	204	230
17508	532,517	912,656	478,374	597,584	212	228
17509	13,9	41,22	16,12	23,25	237	289
17510	571,458	473,366	397,359	295,279	295	223
17511	418,355	755,689	296,239	556,571	233	295
17512	16,15	270,241	11,5	208,177	292	233
17513	535,561	694,546	491,415	472,406	409	292
17514	704,648	940,777	478,468	630,522	204	260
17515	1126,1022	621,549	846,787	513,430	260	260
17516	958,857	507,494	698,657	368,348	260	205
17517	75,74	424,402	76,73	313,313	205	219
17518	528,487	364,463	455,372	417,359	219	298
17519	1169,1141	241,345	886,813	352,272	298	239
17520	208,223	1091,1288	231,213	1043,863	239	327
17521	521,705	239,307	702,528	278,176	327	221
17525	24,15	19,16	13,6	19,11	323	296
17526	29,17	26,27	48,40	26,19	285	314
17527	68,56	35,38	67,53	49,35	299	317
17528	71,57	117,113	42,78	63,92	214	298
17529	139,107	82,74	95,134	53,81	298	279
17531	10,5	36,23	5,3	22,11	249	248
17532	281,235	385,362	209,181	248,209	248	278
17533	288,234	315,261	201,167	196,165	278	239
17534	2,2	150,93	4,0	99,96	221	331
17535	63,27	39,32	32,50	14,23	316	247
17536	23,21	67,57	19,36	34,33	247	327
17537	45,34	52,34	30,29	47,41	245	290
17538	45,31	58,47	30,30	53,54	245	297
17539	2,0	54,55	1,0	42,34	303	351
17540	27,48	59,49	45,28	47,41	286	285
17541	4,3	59,49	1,3	47,41	295	285
17542	16,29	59,49	35,15	47,41	366	285
17543	18,38	59,49	25,23	47,41	604	285
17544	2,1	1,2	0,3	3,1	295	366
17545	5,0	1,2	1,0	3,1	303	366
17546	5,0	5,17	1,0	14,9	303	684
17547	2,0	7,17	1,0	15,13	303	684
17548	5,0	16,36	1,0	24,23	303	604
17549	2,0	13,19	1,0	23,12	303	604
17550	5,0	2,1	1,0	0,3	303	295
17551	4,2	6,24	2,0	18,26	303	248
17552	4,2	6,24	2,0	18,27	303	251
17553	4,2	6,25	2,0	18,27	303	261
17554	4,2	6,26	2,0	18,28	303	436
17555	29,29	0,1	17,12	0,0	376	203
17556	41,31	0,1	18,15	0,0	390	203
17557	2,0	0,1	1,1	0,0	303	203
17558	2,0	0,1	0,1	0,0	284	203
17559	31,25	0,1	17,13	0,0	376	203
17560	43,27	0,1	18,16	0,0	390	203
17561	0,0	0,1	2,0	0,0	210	203
17562	29,29	1,1	17,12	1,0	376	402
17563	41,31	1,1	18,15	1,0	390	402
17564	0,0	2,0	2,0	0,1	210	284
17565	0,0	31,25	2,0	17,13	210	376
17566	0,0	43,27	2,0	18,16	210	390
17567	33,29	120,72	28,15	68,56	215	240
17568	9,8	341,286	5,2	237,237	191	345
17569	339,319	6,8	203,195	12,7	304	229
17570	362,288	243,239	274,265	188,210	280	236
17589	103,92	262,249	77,52	208,213	231	277
17590	1,6	182,164	6,4	141,155	245	271
17591	138,122	165,122	124,112	103,109	286	241
17592	138,122	171,135	124,112	113,117	286	245
17593	352,261	1,5	265,247	2,0	286	245
17594	598,554	107,122	483,455	75,84	280	224
17595	556,544	138,150	503,443	99,124	259	224
17596	16,17	138,150	9,18	99,124	224	224
17597	2,0	1,3	0,6	11,2	248	214
17598	312,271	166,137	218,228	113,114	314	263
17599	350,352	164,136	244,255	113,115	314	263
17600	350,352	34,38	244,255	22,18	314	314
17601	351,354	255,249	244,255	180,213	314	314
17602	258,217	212,137	167,198	109,135	315	267
17603	233,192	118,76	161,177	62,63	286	233
17604	128,90	3,7	77,89	0,4	255	286
17605	126,90	209,182	77,89	136,144	255	286
17606	771,637	524,455	578,510	441,478	266	1044
17607	771,637	3,0	578,510	1,3	266	215
17608	722,687	772,718	630,573	723,635	291	266
17609	714,626	1005,840	537,504	740,653	263	291
17611	28,45	73,67	32,18	70,36	206	231
17612	643,582	740,654	504,516	529,558	347	332
17613	645,582	190,184	503,516	151,157	347	332
17614	645,582	526,420	503,516	328,302	347	960
17615	645,582	16,8	503,516	10,3	347	194
17616	645,582	184,142	503,516	97,121	347	191
17617	325,300	118,99	229,282	76,92	332	194
17618	190,184	16,8	151,157	10,3	332	194
17619	190,184	184,142	151,157	97,121	332	191
17620	849,715	118,95	588,667	77,92	332	194
17621	714,599	16,7	510,542	10,3	332	194
17622	709,592	1,0	506,535	0,0	332	188
17623	526,420	184,142	328,302	97,121	960	191
17624	1030,828	228,194	675,684	125,146	960	188
17625	16,8	184,142	10,3	97,121	194	191
17626	649,551	8,9	445,486	9,6	194	325
17627	184,153	324,263	121,142	180,253	194	191
17628	156,132	231,201	101,128	128,153	194	188
17629	6,7	217,171	5,6	135,135	188	185
17630	138,147	99,130	105,141	119,111	185	213
17631	29,11	11,8	11,9	0,7	295	233
17632	58,40	22,34	41,43	46,33	213	239
17633	89,85	94,97	88,71	79,99	230	218
17637	127,87	214,207	101,84	154,197	375	751
17638	1,1	3,2	2,1	6,2	310	313
17639	22,16	3,2	12,13	6,2	329	313
17640	33,29	0,0	15,25	2,0	247	342
17641	6,6	0,0	8,3	2,0	271	342
17645	22,16	1,1	12,13	2,1	329	310
17646	34,27	2,3	17,25	4,3	247	310
17647	6,4	2,3	9,3	4,3	271	310
17648	31,62	0,4	28,23	0,1	658	224
17649	23,18	21,35	13,13	16,19	329	595
17650	33,29	17,10	15,25	11,15	247	329
17651	37,28	17,10	17,30	13,15	247	329
17652	33,27	17,10	15,26	11,15	247	329
17653	40,37	18,12	22,28	12,15	247	329
17654	9,12	18,12	13,5	12,15	271	329
17655	33,27	17,14	15,27	11,16	247	329
17656	34,26	2,1	23,37	1,5	203	247
17657	34,25	5,7	21,34	5,2	203	247
17658	0,5	41,29	1,2	18,27	324	247
17659	31,25	5,0	21,34	1,1	203	247
17660	31,25	1,0	21,34	2,0	203	247
17661	0,5	4,0	1,2	1,1	324	267
17662	0,5	10,4	1,2	9,4	324	271
17663	31,25	4,0	21,34	1,2	203	271
17664	31,25	0,0	21,34	2,1	203	271
17669	15,12	88,69	13,4	49,73	253	203
17671	1,2	2,2	1,0	0,2	174	288
17672	8,12	2,2	3,3	0,2	231	288
17673	31,32	2,2	23,8	0,2	253	288
17675	2,0	2,2	0,0	0,2	203	288
17676	3,0	2,2	1,0	0,2	223	288
17677	1,4	2,2	0,1	0,2	285	288
17679	1,2	2,4	1,0	0,2	174	291
17680	8,12	2,4	3,3	0,2	231	291
17681	31,32	2,4	23,8	0,2	253	291
17683	2,0	2,4	0,0	0,2	203	291
17684	3,0	2,4	1,0	0,2	223	291
17685	1,4	2,4	0,1	0,2	285	291
17693	31,32	2,0	23,8	0,0	253	747
17695	3,0	2,0	1,0	0,0	223	747
17696	0,1	2,0	0,1	0,0	235	747
17698	2,0	1,2	0,0	1,0	203	174
17699	3,0	1,2	1,0	1,0	223	174
17700	1,4	1,2	0,1	1,0	285	174
17702	2,0	8,12	0,0	3,3	203	231
17703	3,0	8,12	1,0	3,3	223	231
17704	1,4	8,12	0,1	3,3	285	231
17705	2,0	31,32	0,0	23,8	203	253
17706	3,0	31,32	1,0	23,8	223	253
17707	0,1	31,32	0,1	23,8	235	253
17709	1,4	31,32	0,1	23,8	285	253
17711	1,2	1,0	0,1	1,0	285	249
17712	0,1	2,0	0,1	0,0	235	203
17713	1,4	2,0	0,1	0,0	285	203
17717	0,1	3,0	0,1	1,0	235	223
17718	1,4	3,0	0,1	1,0	285	223
17719	1,2	1,0	0,1	1,0	285	223
17720	0,1	1,0	0,1	1,0	235	223
17721	53,44	0,1	27,47	0,0	354	236
17722	21,13	0,1	9,13	0,0	250	236
17723	0,0	0,1	0,2	0,0	221	236
17724	0,0	0,1	0,2	0,0	221	236
17725	8,4	0,1	2,11	0,0	223	236
17727	35,31	0,1	18,30	0,0	350	236
17729	8,4	0,0	2,11	0,2	223	221
17730	53,44	0,0	27,47	0,2	354	221
17731	1,0	0,0	0,0	0,2	219	221
17732	35,31	0,0	18,30	0,2	350	221
17733	21,13	0,0	9,13	0,2	250	221
17735	21,13	8,4	9,13	2,11	250	223
17738	21,13	1,0	9,13	0,0	250	219
17743	1562,1280	1878,1352	1097,1009	1243,1335	306	299
17744	1972,1588	694,484	1367,1394	521,491	317	249
17745	167,163	110,96	140,131	63,74	295	224
17746	365,268	277,248	298,223	176,207	339	265
17747	364,274	163,130	298,221	108,99	339	217
17748	119,129	132,141	107,112	153,106	217	263
17749	294,246	155,162	172,184	186,106	263	402
17750	345,341	111,114	357,243	112,84	402	315
17751	72,106	340,246	80,56	209,223	258	300
17752	12,17	340,246	7,7	209,223	378	300
17753	0,0	98,68	1,1	76,45	301	298
17754	18,9	30,33	8,18	25,36	264	266
17755	27,22	33,43	18,12	23,54	266	269
17756	41,37	39,31	21,25	28,17	234	217
17757	227,200	162,138	171,175	143,133	263	224
17759	32,14	2,7	15,13	4,0	300	240
17760	498,454	10,6	455,401	8,1	282	302
17761	189,219	506,478	236,176	462,424	302	282
17762	189,222	2,2	239,178	0,4	302	282
17763	565,509	1,1	447,395	0,2	282	259
17764	565,509	267,301	447,395	279,239	282	280
17765	56,66	43,28	71,63	37,34	294	257
17766	10,33	147,155	26,14	102,95	246	359
17768	0,2	6,1	0,0	4,0	192	203
17770	1,0	3,6	0,0	9,3	194	224
17771	1,0	11,6	0,0	1,16	223	265
17773	144,114	136,122	103,96	114,146	310	353
17774	2748,2401	2916,2230	1693,1907	1770,1903	3553	2993
17776	27,33	197,143	37,36	130,113	203	343
17777	43,42	122,90	25,45	94,92	223	295
17778	77,66	55,39	49,44	34,46	311	232
17779	13,10	77,75	15,15	39,87	201	250
17780	207,135	54,34	141,109	30,28	450	231
17781	9,4	188,120	3,4	108,104	254	450
17782	40,43	188,120	36,27	108,104	257	450
17783	51,45	61,74	54,40	50,61	217	263
17784	77,82	29,32	60,48	30,26	302	254
17785	87,89	29,32	62,59	30,26	326	254
17786	2,2	58,82	0,1	44,61	254	302
17787	13,18	58,82	4,16	44,61	254	302
17788	30,52	61,83	23,22	43,65	254	302
17789	65,62	128,117	31,27	72,110	260	368
17790	149,151	97,89	86,101	70,78	382	279
17791	44,33	58,69	22,42	37,48	235	289
17792	76,77	58,72	58,59	37,49	279	289
17793	4,1	1,2	2,0	2,0	213	184
17795	245,173	186,151	150,164	120,130	282	257
17802	0,0	2,0	1,0	0,0	229	242
17804	496,409	756,713	464,307	588,463	302	271
17805	589,692	94,89	639,529	115,69	337	223
17806	0,0	15,11	0,1	10,4	243	184
17807	3,1	15,11	4,1	10,4	257	184
17808	1,2	15,11	2,5	14,5	257	184
17809	35,15	15,11	28,33	14,5	414	184
17810	37,15	15,11	30,27	14,5	434	184
17811	13,9	15,9	12,2	10,4	317	184
17812	3700,3245	595,468	2725,2619	410,453	641	229
17813	2329,1993	798,635	1987,1521	566,572	458	244
17814	1113,1004	3221,2870	859,770	2717,2334	264	592
17815	428,399	255,252	443,367	246,166	551	255
17816	4,2	20,11	5,3	8,8	299	536
17817	9,2	0,1	2,9	0,1	239	280
17818	116,127	146,162	84,69	129,128	338	251
17819	162,169	148,168	113,118	128,136	296	251
17820	87,61	104,86	52,53	80,68	203	207
17821	82,57	126,79	49,51	84,69	203	216
17822	17,10	955,915	6,8	733,724	207	870
17823	66,54	148,102	48,45	80,75	207	220
17824	81,58	955,915	52,48	735,723	207	870
17825	166,120	960,920	99,92	743,729	220	870
17826	162,113	244,196	97,87	178,173	220	299
17827	2,1	14,14	0,0	13,5	283	415
17828	3,1	346,224	1,2	319,267	194	347
17829	85,75	83,66	68,66	68,64	257	198
17830	238,184	298,204	229,181	212,194	252	243
17831	328,222	180,183	238,221	121,117	243	258
17832	172,168	395,253	136,135	252,251	252	281
17833	202,185	182,148	118,101	120,149	263	333
17834	598,425	729,711	372,381	600,642	272	341
17835	3,1	0,3	0,1	0,0	212	220
17836	36,28	0,3	19,12	0,0	216	220
17837	54,49	60,49	46,43	49,37	248	298
17838	30,29	53,48	21,17	47,39	225	251
17840	20,24	33,36	8,10	28,29	218	227
17842	8,3	4,8	4,1	5,6	215	220
17843	99,80	195,142	87,76	77,125	276	350
17844	151,105	89,111	123,82	65,59	382	276
17845	31,35	158,124	23,36	105,82	358	384
17846	11,7	148,115	5,13	94,71	173	384
17847	21,11	16,34	20,13	32,20	292	220
17848	42,52	24,28	29,46	35,16	358	220
17849	33,48	31,30	28,50	24,33	358	292
17850	14,25	6,5	16,13	3,2	523	324
17851	16,15	20,12	10,7	7,10	324	263
17852	39,37	356,301	25,24	200,203	245	1665
17853	39,37	405,333	25,24	219,237	245	2074
17854	64,112	250,244	145,91	185,182	353	272
17855	167,182	97,131	214,130	114,78	272	226
17856	3,4	219,218	1,0	276,155	226	258
17857	124,111	219,220	84,99	278,154	226	258
17858	586,560	64,71	479,440	47,30	308	305
17859	155,126	229,184	119,127	150,182	227	266
17860	28,32	0,0	38,40	0,2	277	214
17861	31,30	0,0	38,36	0,2	277	214
17862	8,2	30,24	3,2	1,13	214	2898
17863	0,2	7,0	0,5	4,1	355	268
17865	113,98	1,10	85,96	1,3	325	316
17867	20,33	361,313	31,28	304,213	311	229
17868	494,553	361,313	582,451	303,216	340	229
17869	458,407	1007,990	461,347	783,706	240	291
17870	61,42	44,50	48,53	40,17	352	284
17871	0,0	211,197	5,0	254,254	243	321
17872	4,2	211,197	5,0	254,254	302	321
17873	0,1	211,197	2,0	254,254	297	321
17874	21,7	39,24	20,18	33,38	247	283
17875	274,201	105,87	182,186	82,100	408	233
17876	96,89	126,83	50,74	85,93	233	221
17877	120,106	40,39	77,119	23,32	428	271
17879	17,27	13,35	21,9	38,23	187	285
17880	16,12	48,29	24,14	60,50	192	309
17882	14,18	4,10	14,9	14,12	224	313
17883	5,0	11,13	2,3	3,10	200	224
17884	7,10	2,2	2,3	2,4	233	217
17885	5,11	15,9	5,2	12,10	247	233
17887	1,1	4,2	0,2	4,5	265	235
17888	0,0	8,9	1,3	1,1	188	244
17889	8,11	11,6	8,7	9,0	289	292
17890	28,40	7,11	23,13	8,3	537	289
17891	28,39	7,11	20,12	8,3	527	289
17892	0,0	29,39	1,0	22,13	271	551
17893	0,0	36,50	1,0	31,20	271	537
17894	572,494	3650,3122	422,327	2630,2440	216	351
17895	8,5	3649,3122	6,2	2632,2442	216	351
17896	2018,1830	1012,901	1443,1361	736,678	312	216
17897	1551,1397	1008,889	1125,1026	736,673	256	216
17898	17,20	1008,889	10,18	737,673	256	216
17899	1025,865	2251,1954	715,623	1599,1356	213	312
17900	37,26	2,6	19,16	2,3	256	213
17901	391,405	2,6	344,307	2,3	188	213
17902	1554,1397	755,646	1124,1025	484,428	256	213
17903	20,19	754,650	11,17	485,430	256	213
17904	391,405	37,26	344,307	19,16	188	256
17905	397,405	1641,1454	342,307	1187,1101	188	256
17906	314,313	0,0	282,231	2,0	252	188
17908	332,338	463,432	290,247	361,308	252	188
17909	6,4	412,381	3,3	340,309	308	198
17910	0,3	426,399	1,3	355,326	218	198
17911	3,0	436,394	0,0	348,313	218	198
17912	3,24	436,394	14,6	348,313	260	198
17913	2,0	439,396	1,0	354,316	295	198
17914	0,5	18,22	2,3	11,21	218	308
17915	2,1	16,24	1,0	11,19	218	308
17916	19,44	16,24	29,23	11,19	260	308
17917	3,24	3,0	14,6	0,0	260	218
17918	19,44	2,1	29,23	1,0	260	218
17919	5,23	6,3	13,9	2,3	260	218
17920	26,23	28,13	19,15	15,33	218	274
17921	13,6	16,18	14,12	20,16	276	218
17922	105,90	21,19	59,64	23,22	262	215
17923	43,42	36,38	33,34	43,40	215	234
17924	48,37	43,39	32,34	42,25	234	240
17925	49,37	119,84	32,33	69,87	234	287
17926	44,30	120,85	43,42	69,87	240	287
17927	1,0	179,139	3,0	108,138	285	316
17928	55,46	84,73	31,30	40,62	238	220
17929	11,8	5,4	7,6	5,1	227	243
17930	39,29	44,33	32,26	28,53	226	238
17931	218,179	10,10	172,140	13,5	284	230
17932	60,65	104,69	28,34	69,50	226	284
17933	183,106	7,5	94,104	4,1	249	251
17934	241,169	578,529	170,171	447,449	196	286
17935	684,569	838,646	501,480	612,606	291	306
17936	267,240	838,646	198,215	609,606	232	306
17937	1323,965	433,389	851,844	365,390	310	261
17938	87,93	301,235	67,56	193,202	300	709
17939	105,112	107,99	70,94	101,76	456	260
17940	67,56	84,46	42,53	46,46	244	251
17941	67,56	44,22	42,53	24,23	244	207
17942	5,5	84,46	2,1	46,46	240	251
17943	5,5	44,22	2,1	24,23	240	207
17944	120,94	14,23	64,71	16,8	266	273
17946	253,189	627,453	164,169	357,388	228	335
17947	253,189	15,9	164,169	2,16	228	279
17948	257,195	409,295	166,168	265,291	228	279
17949	443,403	149,131	286,300	129,128	295	228
17950	479,338	471,368	306,345	319,320	269	295
17952	447,363	395,362	316,323	257,261	290	269
17953	397,289	499,365	307,278	325,373	288	290
17954	56,61	499,365	45,44	325,373	2058	290
17955	1,4	462,360	1,6	314,329	288	288
17956	408,333	462,360	339,308	314,329	306	288
17957	206,157	409,312	138,168	306,309	254	351
17958	138,115	409,312	98,116	306,309	206	351
17959	0,1	12,16	0,0	18,18	243	286
17960	0,1	3,5	0,0	10,7	243	267
17961	0,1	1,5	0,0	0,5	243	289
17962	12,16	1,5	18,18	0,5	286	289
17963	3,5	1,5	10,7	0,5	267	289
17964	670,565	1288,1101	454,396	841,913	347	499
17965	224,176	100,124	129,153	124,109	253	275
17966	314,275	88,106	241,220	68,71	265	212
17967	230,206	125,113	176,154	88,81	256	212
17968	298,255	119,108	219,241	86,82	303	212
17969	235,209	88,67	179,154	56,49	256	236
17970	102,81	110,101	96,90	74,104	201	258
17971	206,254	62,55	171,226	38,46	292	201
17975	41,26	77,60	22,16	39,52	205	258
17976	59,42	42,23	34,32	18,39	258	216
17977	30,29	66,41	11,18	23,50	216	234
17978	23,31	9,10	24,20	24,22	219	271
17979	25,28	254,218	24,28	163,173	296	795
17980	50,37	14,16	35,30	15,17	263	237
17981	33,18	35,53	22,15	28,23	371	263
17982	48,46	35,53	32,41	28,23	381	263
17983	65,46	40,27	47,49	21,24	369	275
17984	278,256	183,147	202,160	125,95	337	280
17985	0,2	185,148	0,1	128,95	234	280
17986	489,476	137,127	372,312	91,66	337	930
17987	489,476	4,2	372,312	2,2	337	217
17989	68,96	265,280	88,72	212,194	234	337
17990	0,2	264,279	1,1	213,196	234	337
17991	16,8	10,7	2,8	10,14	248	288
17992	42,44	94,90	26,30	76,81	201	211
17993	311,272	513,341	276,285	331,341	340	431
17994	240,208	211,161	142,192	124,116	256	289
17995	9,8	16,14	12,14	15,17	268	257
17996	168,173	115,100	121,113	109,69	613	400
17997	122,85	119,98	93,65	76,79	400	367
17998	4,1	1,0	5,7	1,2	203	215
17999	23,25	17,20	20,30	16,8	324	217
18000	354,253	68,40	205,175	28,31	412	198
18001	73,63	56,32	44,34	41,31	269	276
18003	3,0	47,39	0,1	32,35	197	254
18006	55,26	83,66	24,33	58,51	245	298
18007	27,27	103,83	23,19	75,75	261	309
18008	29,9	105,82	20,15	76,81	261	309
18009	2,0	106,83	0,1	76,73	261	309
18010	29,23	106,83	20,13	76,73	222	309
18011	1371,1121	103,84	897,984	75,73	3492	309
18012	29,23	2,0	20,13	0,1	222	261
18013	6,13	87,81	9,14	65,53	221	261
18014	31,21	50,67	21,15	42,33	222	261
18015	6,7	50,70	10,15	42,34	222	261
18016	32,26	50,70	19,22	42,34	254	261
18018	29,25	17,26	18,23	21,10	254	221
18019	0,2	15,27	0,0	21,10	235	221
18020	20,11	15,27	8,8	21,10	222	221
18021	32,26	6,7	19,22	10,15	254	222
18022	301,228	277,204	235,263	226,231	266	273
18023	413,277	296,274	319,369	326,334	296	254
18026	82,35	56,40	46,31	30,49	309	295
18027	73,46	142,98	35,42	86,79	295	356
18028	104,77	72,56	55,71	40,62	356	298
18029	0,0	47,26	4,0	21,28	248	248
18030	33,22	32,28	34,25	27,37	248	264
18031	94,39	39,19	47,42	24,26	264	253
18032	87,38	46,29	45,36	23,28	264	248
18033	0,3	89,73	1,2	83,56	248	344
18034	7,3	91,74	0,5	77,56	248	344
18042	3463,2998	1139,1820	2614,2083	1856,1503	248	273
18043	3,0	1137,1813	0,0	1849,1498	257	273
18044	9,14	2334,2459	18,7	2369,1828	249	248
18045	3293,3303	2334,2459	3249,2774	2369,1828	257	248
18046	233,174	473,422	132,151	389,283	249	395
18047	529,434	159,154	414,337	111,113	395	212
18048	94,82	22,13	83,54	11,24	212	218
18049	29,24	29,22	26,16	14,19	219	273
18050	2,1	7,16	0,0	4,4	273	280
18051	103,82	14,18	109,72	3,12	280	277
18052	23,19	200,276	20,8	230,177	233	351
18053	3,8	200,276	9,3	230,177	236	351
18054	0,7	202,277	2,4	230,175	233	351
18056	12,25	1,6	16,9	6,11	216	187
18057	1465,1186	853,716	1070,976	627,513	350	314
18058	388,256	330,253	228,235	222,227	328	275
18059	303,311	345,243	247,215	244,255	342	328
18060	183,148	236,166	161,157	159,128	239	263
18061	86,82	229,177	75,70	130,162	252	239
18062	98,108	202,177	103,99	165,184	297	252
18063	98,108	0,0	103,99	0,1	297	175
18064	207,155	321,286	140,148	266,288	264	317
18065	211,156	264,271	141,148	224,232	264	314
18066	259,179	57,35	195,186	42,42	314	317
18067	259,179	300,289	195,186	199,166	314	287
18068	57,35	300,289	42,42	199,166	317	287
18069	486,422	497,441	368,343	407,311	288	307
18070	180,139	452,385	122,94	301,321	253	288
18076	114,110	60,26	95,109	45,35	272	206
18077	119,86	0,1	102,74	0,0	221	272
18078	99,57	220,176	63,63	130,121	236	297
18079	196,127	119,74	133,133	62,81	328	258
18080	39,33	65,37	31,30	32,31	187	328
18081	37,31	275,169	28,28	179,176	187	328
18082	171,140	476,392	115,92	216,217	293	377
18083	67,103	179,172	58,54	113,98	235	293
18084	3,4	179,172	4,3	113,98	250	293
18085	38,26	179,171	20,13	113,97	269	293
18086	66,79	179,171	37,39	113,97	382	293
18087	5,5	84,71	0,2	72,54	269	235
18088	36,27	82,74	20,14	74,56	269	235
18089	370,291	143,105	234,251	99,86	376	210
18090	170,108	172,137	134,112	109,91	238	228
18091	99,87	183,196	78,56	171,168	214	264
18092	251,208	242,204	190,163	189,191	264	266
18093	235,244	346,252	206,211	217,247	266	252
18094	73,65	196,121	41,54	98,107	319	242
18095	72,61	2,0	40,54	0,0	319	242
18096	1,0	1,3	0,1	2,0	289	236
18097	1,0	429,275	0,1	245,295	289	296
18098	277,217	224,133	177,205	115,109	242	236
18099	275,217	1,3	177,206	2,0	242	236
18100	275,217	429,275	177,206	245,295	242	296
18101	1,3	429,275	2,0	245,295	236	296
18102	185,132	431,275	107,140	245,295	236	296
18103	1241,1002	271,254	909,914	185,190	267	316
18104	409,422	275,263	397,357	187,186	251	316
18105	1450,1190	800,670	1097,1061	570,595	267	203
18106	413,424	765,645	399,361	557,581	251	203
18107	5,8	2825,2294	0,6	2120,2067	219	267
18108	260,273	323,272	222,191	222,198	321	232
18109	68,67	323,272	36,35	222,198	315	232
18110	20,9	5,7	3,8	19,13	252	304
18111	256,214	988,713	182,188	651,683	257	290
18112	588,454	16,13	363,346	14,21	259	257
18113	858,673	353,286	518,541	257,207	259	257
18114	733,657	281,245	611,509	172,183	326	259
18115	963,765	830,651	653,649	518,500	322	326
18116	26,17	836,746	25,12	665,548	298	322
18117	289,367	156,138	323,262	108,98	452	243
18118	839,803	164,141	608,513	114,99	656	243
18119	838,803	8,3	608,513	4,5	656	247
18120	1,1	147,111	8,0	123,73	243	247
18121	191,150	156,149	111,105	136,111	243	247
18122	157,132	7,3	106,101	4,5	243	247
18123	178,149	182,128	118,138	136,77	247	247
18124	178,149	137,106	118,138	117,69	247	243
18125	178,147	215,162	115,131	131,141	247	304
18126	39,26	215,162	14,9	131,141	247	304
18127	0,1	2,0	0,0	1,1	305	215
18134	0,0	4,2	2,0	2,4	228	264
18135	0,0	0,1	4,0	1,3	228	264
18137	0,1	0,0	0,0	2,0	305	231
18138	137,135	193,189	111,113	143,117	304	318
18139	148,154	16,24	109,91	9,29	268	306
18140	74,61	17,24	42,53	10,31	283	306
18141	143,85	138,98	99,87	110,102	212	277
18142	188,179	107,82	153,149	64,103	263	221
18143	105,99	455,308	77,97	340,365	247	313
18144	121,89	142,118	76,83	116,107	298	258
18145	120,90	46,55	74,83	35,45	298	225
18146	120,90	7,8	74,83	15,4	298	258
18147	120,90	0,0	74,83	0,4	298	168
18148	1,4	137,117	4,3	106,105	298	258
18149	38,19	45,56	20,22	37,45	168	225
18150	7,8	46,55	15,4	35,45	258	225
18151	137,102	45,56	102,107	37,45	258	225
18152	131,98	104,87	99,107	53,61	258	210
18153	129,97	5,3	97,106	0,1	258	272
18154	98,75	225,160	77,81	139,168	225	272
18155	218,184	145,136	172,155	145,133	288	329
18156	212,195	80,56	173,168	37,31	288	305
18157	87,59	80,56	71,53	37,31	329	305
18158	5,11	12,15	1,6	4,2	244	306
18159	51,52	78,73	47,33	61,45	188	254
18160	66,57	70,99	59,45	92,92	283	322
18161	165,119	20,22	116,105	33,30	305	219
18162	154,128	103,73	112,117	82,71	283	285
18163	152,131	106,93	114,117	91,82	283	308
18164	136,131	111,64	107,122	56,74	313	244
18165	106,99	172,121	88,107	107,115	284	320
18166	169,194	247,226	171,161	162,154	260	267
18167	75,58	614,528	65,44	429,415	254	874
18169	88,149	46,61	122,114	67,56	497	287
18170	13,22	22,20	21,16	7,15	329	246
18174	5,1	1,0	2,2	0,0	372	221
18175	1,2	95,56	8,3	73,56	215	301
18176	1285,1271	805,861	1136,940	786,597	311	264
18177	28,31	69,50	27,28	73,52	256	302
18178	87,60	91,55	57,72	59,56	302	396
18179	71,48	17,11	41,52	13,14	208	299
18180	433,363	727,732	229,284	540,504	412	747
18181	190,135	154,138	113,103	139,107	250	332
18182	309,262	141,137	208,198	117,108	332	313
18183	157,141	444,432	134,102	423,311	313	876
18184	41,22	31,26	44,16	27,26	269	303
18185	5,0	109,83	2,1	75,92	248	374
18186	115,113	186,134	126,75	114,141	255	238
18187	5,1	322,261	0,12	201,197	238	292
18188	11,10	327,235	18,13	250,198	229	341
18189	100,69	76,54	81,70	46,53	341	224
18190	132,101	71,52	82,99	48,51	341	224
18191	79,57	71,52	63,50	46,53	341	224
18192	9,7	30,43	10,4	20,17	336	373
18193	9,7	23,21	10,4	19,11	336	207
18194	9,7	2,6	10,4	2,7	336	310
18195	30,43	2,6	20,17	2,7	373	310
18196	23,21	2,6	19,11	2,7	207	310
18197	141,132	144,101	109,112	92,129	272	216
18198	145,131	24,13	109,113	13,22	272	216
18199	108,115	265,189	92,107	168,179	216	297
18200	108,111	244,172	93,107	156,188	216	275
18201	270,190	296,251	164,229	196,224	297	332
18202	264,184	62,50	161,227	52,46	297	229
18203	344,237	68,52	207,231	56,45	332	229
18204	255,209	195,158	173,168	135,120	306	250
18206	155,127	107,111	132,112	107,102	250	294
18207	4,7	115,94	0,1	70,50	279	224
18208	251,183	123,97	186,182	103,120	269	215
18209	45,23	395,221	39,19	256,272	225	269
18212	7,3	6,17	8,2	26,11	216	182
18213	25,29	85,45	28,20	52,47	322	383
18214	7,12	85,45	4,4	52,47	316	383
18217	39,37	13,12	30,28	15,14	321	260
18218	2,0	13,12	0,0	15,14	242	260
18219	11,11	26,44	10,7	33,33	182	321
18220	33,19	50,35	14,21	24,29	285	295
18221	3032,2386	165,186	2424,1980	214,153	249	203
18222	13,5	45,40	7,7	42,47	221	226
18223	29,27	97,84	13,15	70,93	245	337
18225	14,19	26,17	9,14	21,20	224	221
18227	29,24	32,30	18,32	19,37	229	220
18228	39,28	24,19	15,18	26,17	220	190
18229	98,100	82,78	92,81	76,46	427	326
18230	15,9	186,192	2,3	141,157	221	257
18231	0,1	185,191	1,0	142,157	221	257
18232	5,4	89,56	1,3	52,39	268	221
18233	22,11	248,156	23,14	154,131	268	221
18234	0,3	248,156	1,3	154,131	185	221
18235	0,3	22,11	1,3	23,14	185	268
18236	2,6	50,23	1,3	29,23	185	268
18237	55,54	19,28	63,50	43,36	344	272
18238	15,19	28,35	21,11	52,51	344	323
18239	0,1	105,133	0,0	121,100	269	344
18240	452,404	316,267	380,342	274,244	297	214
18241	449,318	64,75	237,253	71,90	242	231
18242	87,89	368,336	77,61	283,257	251	242
18254	0,4	4,14	0,0	11,6	300	288
18255	3,0	63,50	3,6	22,39	323	799
18256	11,1	10,9	10,5	7,0	233	300
18257	2,1	0,0	3,2	2,0	406	380
18258	1262,1169	2587,2331	1084,896	2169,2001	230	343
18259	4,0	0,0	10,1	0,2	214	239
18261	191,158	208,155	127,140	136,135	304	325
18262	142,119	224,179	112,85	153,174	310	304
18263	209,190	198,160	165,170	131,134	279	310
18264	191,162	122,96	120,119	95,65	278	279
18265	181,155	195,183	130,142	150,156	295	278
18266	162,108	211,180	114,98	137,145	264	295
18267	0,2	4,1	0,1	0,2	241	295
18268	112,103	149,150	89,84	106,111	241	257
18269	95,84	81,55	68,75	46,50	255	232
18270	101,96	2,0	59,86	0,0	244	255
18271	0,0	82,51	2,1	49,65	242	255
18272	0,0	82,51	2,1	49,65	200	255
18273	101,96	82,51	61,85	49,65	244	255
18274	222,209	192,138	165,176	120,123	237	259
18278	383,261	0,0	205,231	1,0	234	271
18279	134,93	18,7	71,72	7,10	234	186
18280	134,93	243,169	71,72	125,160	234	335
18281	293,200	119,124	156,197	100,122	335	238
18282	1,2	105,102	1,5	103,98	248	249
18283	4,7	82,104	3,6	83,78	249	226
18284	3,5	163,131	5,3	123,107	226	1013
18285	3,0	0,0	2,1	2,1	283	522
18286	422,383	657,621	255,235	460,467	247	292
18287	404,333	291,266	225,291	205,187	282	232
18288	1,3	8,3	0,3	2,1	161	176
18289	10,11	23,22	40,12	13,10	232	223
18290	3,2	18,13	1,2	15,14	189	208
18291	18,4	5,8	13,6	9,9	208	195
18292	673,580	22,25	413,453	24,23	360	176
18293	0,0	22,25	0,1	24,23	279	176
18296	154,115	272,238	106,88	175,206	261	313
18297	319,233	388,260	205,257	253,254	342	370
18298	234,180	230,132	137,180	146,159	329	316
18299	18,20	142,103	20,13	84,112	171	246
18300	42,37	72,48	34,38	53,52	386	284
18301	228,168	44,39	175,137	25,28	305	308
18302	346,389	29,68	267,238	82,45	285	264
18303	308,282	54,103	219,185	109,71	241	473
18304	297,278	52,86	216,183	110,66	241	285
18305	614,525	245,303	483,415	224,191	309	241
18306	441,457	381,381	454,441	346,279	329	289
18307	283,328	7,9	277,237	11,12	245	267
18308	85,68	150,163	76,47	106,116	267	207
18309	26,25	1,3	23,9	2,4	485	213
18310	2,6	3,7	3,11	7,3	347	219
18311	41,45	76,64	45,58	57,61	214	248
18312	92,87	47,54	62,60	53,48	248	240
18313	90,85	116,125	59,55	86,84	248	224
18314	2,1	99,115	5,2	95,89	240	266
18315	75,62	100,119	57,50	98,94	240	266
18316	25,18	8,3	10,15	10,10	271	292
18317	25,18	6,0	10,15	9,7	271	289
18318	52,44	29,21	36,39	10,26	238	219
18319	169,125	269,204	133,107	169,186	266	371
18320	84,74	66,52	61,72	52,41	254	209
18321	106,95	2,0	74,82	1,0	330	254
18322	108,95	91,49	74,82	58,45	330	254
18323	0,0	26,27	2,0	15,15	177	198
18334	0,2	0,2	0,0	1,0	335	289
18341	814,672	644,570	559,588	535,491	291	258
18342	28,30	109,115	9,10	89,59	189	390
18343	48,35	106,107	28,24	51,82	262	395
18344	7,9	1,2	13,4	1,2	223	223
18345	21,31	21,26	27,16	26,10	263	263
18346	50,54	510,531	43,34	471,402	191	260
18347	742,667	538,451	595,448	388,355	345	359
18350	159,139	207,163	133,124	158,131	222	249
18351	214,167	221,197	157,149	167,135	241	222
18352	165,154	178,151	131,135	143,137	209	241
18353	213,152	172,151	176,168	139,137	266	241
18354	218,153	97,93	178,168	100,94	266	209
18355	195,155	97,94	161,170	99,94	421	209
18356	283,230	97,94	239,213	99,94	427	209
18357	195,154	299,255	162,170	235,233	421	266
18358	283,229	299,255	240,213	235,233	427	266
18359	64,35	95,92	30,35	51,68	283	334
18360	49,38	95,96	36,39	76,67	251	349
18361	0,2	1,1	1,1	0,0	294	219
18370	0,0	0,1	2,2	2,2	211	183
18371	1,1	0,0	0,0	2,2	211	183
18375	0,1	0,1	0,0	1,0	230	211
18382	21,14	140,133	14,7	100,117	215	360
18383	39,37	88,80	33,27	43,47	191	282
18384	97,61	119,80	42,45	58,67	327	291
18385	71,57	117,79	41,56	58,67	362	291
18386	74,58	87,96	41,55	47,51	362	327
18387	174,149	69,65	129,82	39,69	363	247
18388	97,59	92,80	61,68	67,74	247	293
18389	274,234	457,320	166,218	295,328	263	257
18390	40,34	39,29	19,25	17,11	324	319
18391	4963,4029	741,562	3477,3233	849,511	245	282
18392	148,151	236,223	150,161	171,173	308	245
18393	4,0	5,15	1,2	9,7	256	642
18394	3,4	1,3	2,0	4,0	307	203
18395	398,386	1076,936	391,265	891,758	311	190
18396	1223,1244	3338,2847	1100,723	2644,1996	303	239
18397	61,68	88,75	55,36	41,50	337	254
18398	5,3	6,3	1,4	2,1	247	214
18400	73,67	432,375	55,74	313,258	182	271
18401	10,10	80,46	8,7	22,41	234	222
18402	25,26	44,44	20,20	36,42	222	229
18403	71,50	27,26	32,40	12,26	229	192
18404	24,15	76,54	11,5	41,33	233	236
18405	66,52	59,57	49,52	69,46	320	263
18406	17,13	25,29	13,4	16,10	260	282
18407	251,230	265,157	259,231	137,104	282	201
18408	382,258	428,376	265,270	287,329	224	275
18409	1837,1800	7187,6208	1611,1312	5537,5364	344	286
18410	3550,3534	7187,6208	3193,2641	5537,5364	331	286
18411	3,3	7187,6208	0,2	5537,5364	234	286
18412	0,0	7187,6208	0,2	5537,5364	208	286
18413	27,39	109,100	53,40	92,79	262	230
18414	143,113	172,154	107,92	127,149	230	279
18415	56,61	60,62	49,36	45,58	254	237
18416	49,55	193,169	48,48	131,134	246	273
18417	144,137	149,113	89,117	73,71	245	225
18418	422,307	229,201	288,276	161,176	335	264
18419	124,119	235,201	96,119	163,176	218	264
18420	287,221	343,240	207,229	202,225	264	277
18421	265,229	296,294	172,219	188,228	250	335
18422	442,325	61,55	299,294	54,47	323	236
18423	664,491	61,55	467,506	54,47	326	236
18424	3,1	61,55	4,2	54,47	230	236
18425	3,1	442,325	4,2	299,294	230	323
18426	335,274	322,229	220,265	193,229	250	323
18427	68,32	321,229	38,42	193,231	250	323
18428	358,321	321,229	278,317	193,231	290	323
18429	274,236	145,110	180,230	111,131	250	323
18430	14,4	144,110	7,10	111,133	250	323
18431	3,1	664,491	4,2	467,506	230	326
18432	335,274	333,231	220,265	196,231	250	326
18433	68,32	324,230	38,42	194,231	250	326
18434	358,321	324,230	278,317	194,231	290	326
18435	274,236	156,112	180,230	114,133	250	326
18436	14,4	147,111	7,10	112,133	250	326
18437	358,321	68,32	278,317	38,42	290	250
18438	355,320	82,70	277,314	78,47	290	250
18439	365,321	226,174	279,313	181,186	290	250
18440	146,150	88,103	95,107	78,80	263	240
18441	146,150	6,5	95,107	8,10	263	247
18442	202,148	332,288	114,159	210,225	262	282
18443	244,191	296,289	151,206	193,221	265	262
18444	332,230	155,123	214,289	100,131	262	236
18445	257,237	336,289	168,202	210,230	236	282
18446	248,232	394,334	163,195	236,242	236	298
18447	279,236	401,339	163,218	241,250	282	298
18448	320,228	367,293	196,234	232,311	254	273
18449	6,4	6,4	1,2	0,1	321	183
18450	148,118	76,61	96,93	65,45	326	281
18451	226,207	437,372	211,132	247,263	226	282
18452	317,179	69,66	194,222	61,81	335	228
18453	7,6	12,13	10,15	16,5	343	269
18454	2,1	117,93	2,3	60,73	204	288
18455	0,2	116,96	5,3	60,73	204	288
18456	163,179	151,188	199,173	167,128	245	272
18457	52,39	82,41	18,40	37,39	218	272
18458	49,38	82,41	18,37	37,39	234	272
18459	0,0	2,1	1,0	0,1	252	177
18460	1,0	149,113	0,1	76,86	177	272
18461	47,46	13,8	34,42	7,5	230	422
18463	3,8	268,228	11,4	175,160	288	223
18464	212,187	279,252	148,146	195,163	205	196
18465	243,193	383,287	149,118	262,279	183	224
18466	240,225	510,438	178,163	342,345	224	237
18471	3509,3161	8,9	2929,2573	2,6	275	227
18472	1856,1560	2365,2020	1473,1453	2074,1789	227	301
18473	2109,1902	2369,2022	1809,1619	2074,1787	249	301
18474	237,212	646,488	231,166	398,316	263	401
18475	224,187	295,218	182,130	189,199	276	263
18476	150,140	849,664	127,91	599,530	185	266
18477	741,721	649,567	622,576	427,423	266	243
18478	11,12	361,297	24,8	302,324	253	281
18479	68,57	401,265	63,44	275,309	253	282
18481	961,873	1106,957	709,789	851,731	315	330
18482	1011,869	1111,956	710,822	852,735	344	330
18483	1309,1252	1106,955	919,893	848,731	352	330
18484	1011,872	1178,993	713,821	793,933	344	315
18485	1312,1250	1175,986	922,897	787,931	352	315
18486	553,473	311,283	440,386	198,137	219	418
18487	1007,839	743,639	737,660	572,551	256	246
18488	2357,1932	311,283	1766,1459	198,137	256	418
18489	12,15	430,398	14,4	363,341	255	233
18490	907,796	427,399	753,614	363,342	255	233
18491	2,0	2,1	0,0	4,0	230	228
18492	2,0	2,1	0,0	8,0	230	228
18493	649,567	685,556	449,476	564,527	263	263
18494	373,303	297,252	247,256	253,242	263	263
18495	373,303	398,320	247,256	258,262	263	211
18496	297,252	398,320	253,242	258,262	263	211
18497	179,122	546,527	129,112	423,449	211	255
18498	257,234	174,130	175,192	114,91	308	275
18499	164,149	167,125	120,118	108,90	251	295
18500	257,234	170,131	175,192	109,92	308	323
18501	172,153	194,161	124,120	142,157	251	308
18502	161,147	36,23	118,118	22,24	251	308
18503	116,97	139,138	73,73	103,107	240	247
18504	116,97	143,142	73,73	112,111	240	251
18505	5,0	142,140	4,2	109,110	240	251
18506	172,138	161,173	101,109	115,121	297	240
18507	118,109	165,171	84,87	122,124	248	240
18508	10,6	161,173	7,7	115,121	248	240
18509	172,138	10,6	101,109	7,7	297	248
18510	176,138	131,108	108,112	91,104	297	248
18511	85,58	105,81	76,53	75,80	272	315
18513	260,237	651,493	183,166	409,303	215	317
18514	64,71	159,142	54,52	116,96	204	243
18515	55,96	109,88	75,65	75,64	270	204
18516	13,17	102,88	21,18	53,55	208	260
18517	19,14	56,70	10,10	50,43	208	243
18518	74,68	83,91	45,51	38,43	243	234
18519	79,67	52,46	46,53	36,28	243	208
18520	70,74	49,51	42,48	37,28	234	208
18521	109,102	75,113	95,136	91,49	1619	262
18522	212,192	174,164	185,178	135,105	422	1619
18525	68,53	193,96	34,51	127,122	234	342
18526	108,81	0,0	79,98	2,0	237	176
18527	54,32	0,0	38,31	1,1	189	176
18528	117,100	87,84	78,57	88,71	261	241
18529	2,5	9,10	0,2	0,2	214	278
18530	42,27	142,97	20,22	86,120	241	249
18531	18,16	0,2	8,15	6,0	241	249
18532	18,16	177,134	8,15	90,118	241	225
18533	18,16	161,122	8,15	83,92	241	221
18534	0,2	177,134	6,0	90,118	249	225
18535	0,2	161,122	6,0	83,92	249	221
18536	89,79	202,149	84,61	104,126	249	225
18537	270,249	4997,3801	172,257	3454,3464	319	2694
18538	270,249	4982,3790	172,257	3445,3459	319	2690
18540	86,74	101,113	55,43	111,93	263	288
18541	66,69	88,62	76,40	70,76	223	248
18542	98,79	114,96	64,69	65,80	248	250
18544	14,15	20,19	13,15	22,13	190	219
18545	1,2	2,2	1,0	1,0	239	292
18546	259,257	41,56	226,176	30,47	312	251
18547	21,22	150,118	21,11	84,107	197	323
18549	186,143	130,129	145,106	99,104	297	287
18550	507,388	459,387	364,370	327,343	277	229
18551	627,455	457,387	407,500	327,344	261	229
18561	23,21	70,61	34,18	31,60	189	264
18562	43,33	104,110	31,28	74,91	216	352
18563	81,68	41,61	78,71	43,41	345	311
18564	972,842	55,53	632,859	61,43	2394	345
18565	5,4	0,3	4,4	2,4	268	290
18566	1,0	11,7	2,1	4,5	281	256
18567	0,1	11,7	0,1	4,5	216	256
18568	0,1	1,0	0,1	2,1	216	281
18570	236,152	540,448	142,151	363,364	317	289
18572	12,2	23,20	7,6	15,8	214	297
18573	12,2	16,16	7,6	15,5	214	264
18574	23,18	23,20	19,23	15,8	260	297
18575	23,18	16,16	19,23	15,5	260	264
18577	44,36	0,1	31,34	0,0	287	285
18579	44,38	4,2	32,34	2,4	287	285
18582	24,14	0,4	18,24	1,0	285	240
18583	32,34	158,123	32,42	106,101	708	223
18584	152,129	7,2	127,93	5,4	223	251
18585	152,130	199,223	127,92	158,152	223	251
18588	12,13	40,52	11,14	30,34	254	254
18589	368,290	228,152	224,204	148,147	268	395
18590	113,101	143,144	84,62	96,95	330	273
18591	169,169	143,146	147,118	92,95	400	273
18592	3193,2405	2353,1927	2390,2478	1618,1764	313	245
18593	52,31	74,59	34,17	44,32	221	250
18594	8,13	15,20	8,11	6,7	324	207
18595	163,129	306,295	122,139	252,236	218	286
18596	304,296	179,129	221,254	122,140	308	218
18597	354,262	172,122	237,203	119,139	273	218
18598	361,272	318,264	240,204	229,294	273	308
18599	345,279	317,263	222,238	229,294	310	308
18600	294,224	260,201	167,194	163,170	265	255
18601	78,63	134,118	40,51	76,102	236	230
18602	485,499	190,134	392,399	127,130	353	276
18603	2,2	18,17	2,2	11,15	254	230
18604	25,28	39,31	31,40	30,29	270	254
18605	228,210	209,206	158,193	185,191	244	308
18606	268,206	60,57	207,177	38,43	308	187
18607	0,0	65,57	1,1	38,43	289	187
18608	9,3	6,12	2,8	10,8	239	220
18609	11,6	6,12	3,7	10,8	238	220
18610	11,6	9,3	3,7	2,8	238	239
18611	15,5	13,13	3,7	7,18	238	239
18612	11,6	9,19	9,12	13,11	193	199
18616	107,80	174,149	76,68	102,115	233	210
18617	1,1	11,6	0,0	2,5	194	194
18620	164,125	16,21	123,91	45,22	293	268
18621	110,89	66,63	84,69	70,69	257	283
18622	27,33	16,24	26,24	23,15	278	261
18627	3,2	1,1	3,5	0,0	244	240
18628	3,2	1,1	3,5	0,0	244	237
18631	2,3	2,3	0,0	0,2	309	336
18634	3,0	2,3	0,0	0,2	279	336
18638	3,0	2,3	0,0	0,2	279	332
18639	2,3	2,3	0,0	0,2	309	332
18645	101,106	1,0	74,66	0,0	479	309
18646	90,95	1,0	68,65	0,0	315	309
18647	106,110	1,0	75,67	0,0	793	309
18648	71,60	1,0	66,45	0,0	335	309
18649	53,76	179,137	49,60	131,146	208	261
18650	392,366	1,3	332,327	3,4	261	209
18651	200,181	165,140	146,197	149,165	229	229
18652	264,246	178,148	156,173	101,104	393	431
18653	177,143	73,58	104,123	33,32	431	208
18654	1576,1257	336,335	978,903	285,260	390	201
18655	1489,1201	336,335	934,871	285,260	374	201
18656	398,338	320,328	268,224	280,248	374	201
18657	3000,2657	7930,7454	2109,2138	6524,5689	661	1677
18658	3000,2657	8620,8097	2109,2138	6950,6148	661	3269
18659	1132,919	615,506	728,724	387,330	329	374
18660	1028,882	609,499	680,717	381,326	309	374
18661	646,598	1360,1060	495,563	851,829	273	329
18662	1032,888	1380,1088	689,718	864,847	309	329
18663	665,625	929,814	505,583	623,601	273	309
18664	969,796	787,687	667,661	505,553	293	273
18665	7,11	788,687	9,10	503,553	293	273
18666	2995,2654	818,708	2111,2129	596,661	661	293
18667	250,188	27,26	162,196	21,22	241	225
18668	234,184	9,10	173,189	0,7	225	170
18669	310,281	165,159	228,243	144,116	359	251
18670	163,151	236,169	106,111	131,149	315	251
18671	108,95	188,193	78,67	156,166	251	272
18672	56,52	75,78	41,49	63,48	225	252
18673	49,64	46,46	37,37	33,16	252	220
18674	92,55	82,104	38,37	64,64	236	302
18675	16,15	11,6	10,9	6,7	237	238
18676	23,21	9,8	13,9	8,10	322	218
18677	3,0	2,2	0,6	1,0	255	393
18679	17,16	26,6	14,25	8,16	292	282
18680	15,10	29,25	8,14	15,14	282	302
18685	0,0	0,1	2,0	2,0	251	259
18690	22,17	65,65	19,12	42,58	205	221
18692	193,144	252,244	151,111	205,225	197	233
18693	944,723	247,209	653,760	152,142	338	201
18694	253,214	606,414	188,194	398,466	201	296
18695	289,225	356,317	206,211	252,213	222	222
18696	289,227	154,131	212,212	113,143	222	351
18697	312,281	146,117	221,236	105,135	222	192
18698	1,0	3,6	1,3	3,3	184	504
18699	9,1	3,6	4,3	3,3	400	504
18700	116,86	237,246	84,72	167,181	256	354
18701	4,1	11,10	3,5	14,11	193	279
18702	5,1	26,19	4,6	21,14	193	279
18703	36,25	54,35	31,36	37,40	224	206
18704	60,38	137,109	29,22	86,75	201	313
18705	0,0	6,5	2,1	2,3	185	197
18707	17,5	19,36	7,10	15,10	226	233
18708	33,16	32,19	20,21	12,7	233	222
18709	37,22	26,33	7,23	10,27	273	256
18710	61,29	126,84	32,33	78,91	255	302
18711	54,75	737,731	28,27	390,407	332	2033
18712	264,328	23,51	168,211	19,21	868	269
18713	78,61	35,39	26,58	17,19	321	264
18715	270,234	225,211	195,207	182,179	294	260
18716	148,133	316,221	93,110	208,201	246	294
18717	202,137	49,47	128,127	47,65	238	193
18718	289,166	126,74	136,148	67,77	244	212
18719	208,140	224,175	129,129	175,157	238	244
18720	222,206	126,99	147,166	108,115	233	230
18721	238,187	225,179	135,168	137,154	320	250
18722	124,136	290,268	98,111	163,227	354	320
18723	18,4	114,92	7,5	93,97	217	259
18724	18,4	9,12	7,5	16,9	217	443
18725	114,92	9,12	93,97	16,9	259	443
18726	40,51	51,33	41,40	37,25	275	997
18727	45,51	86,103	38,40	66,84	275	312
18728	45,51	77,88	38,40	53,69	275	287
18729	99,106	1,4	72,95	4,9	399	456
18730	24,18	1,4	25,29	4,9	413	456
18731	105,127	1,4	76,89	4,9	306	456
18746	174,135	199,175	118,112	167,151	321	326
18747	708,739	568,583	706,559	491,388	336	315
18748	512,508	567,580	431,361	492,386	348	315
18749	206,171	568,580	195,131	490,386	336	315
18750	513,511	759,677	430,362	636,481	348	336
18751	159,168	759,677	114,120	636,481	230	336
18752	581,616	683,729	408,473	694,543	362	348
18753	581,616	11,3	408,473	9,0	362	230
18754	16,25	1,2	9,11	0,1	212	310
18755	3,0	2,2	0,1	4,2	233	242
18756	3,0	0,1	0,1	0,0	233	236
18757	2,2	0,1	4,2	0,0	242	236
18758	220,173	164,93	169,141	100,107	411	326
18759	39,50	331,252	66,57	222,194	240	348
18760	35,45	214,163	54,51	175,152	240	247
18761	2,2	331,252	4,0	222,194	197	348
18762	0,0	214,163	1,0	175,152	197	247
18763	262,204	202,163	189,163	175,142	348	280
18764	3,0	202,163	0,0	175,142	277	280
18765	3,2	848,828	3,1	771,564	204	344
18766	3,2	268,229	3,1	254,215	204	195
18767	0,0	765,706	3,0	603,505	204	253
18768	194,254	766,710	241,116	604,506	344	253
18790	836,688	1731,1400	600,511	1256,1152	292	433
18791	1275,1153	828,766	939,881	621,663	297	280
18792	706,611	828,766	552,557	621,663	262	280
18793	561,463	1024,843	448,417	690,752	222	262
18794	246,187	1021,842	163,152	690,750	195	262
18795	220,165	1020,842	179,149	694,750	282	262
18798	1112,863	523,426	734,794	354,375	320	241
18799	1,0	1,1	2,2	0,1	350	210
18800	1,0	14,13	0,0	4,7	210	479
18801	898,785	1125,879	567,697	653,818	345	336
18803	20,27	17,23	26,17	12,10	261	209
18804	53,53	34,33	31,47	30,21	319	261
18805	311,278	377,324	236,218	290,302	262	290
18806	289,249	55,45	216,206	29,38	262	290
18824	52,51	35,35	39,49	17,20	342	237
18825	76,76	3837,3108	69,54	2292,2448	244	5301
18826	97,69	154,116	49,53	122,148	242	328
18827	40,38	41,35	31,20	29,20	289	286
18828	35,25	42,33	21,8	29,17	237	286
18829	34,27	65,49	21,10	22,34	237	289
18830	53,46	27,21	46,39	10,14	290	237
18831	46,31	38,32	26,33	21,21	289	213
18832	27,19	41,55	24,25	37,40	246	289
18833	7,6	3,0	6,1	0,0	250	224
18835	13,0	13,13	3,0	13,10	271	212
18836	58,53	13,13	42,30	13,10	409	212
18837	89,78	151,126	65,77	114,106	224	220
18838	23,27	53,52	12,12	34,32	219	314
18839	16,10	29,13	10,7	10,10	232	219
18840	49,63	94,80	41,45	66,48	195	212
18841	51,44	140,162	26,19	94,110	201	241
18842	47,43	99,58	25,36	38,57	269	362
18843	51,21	17,15	22,32	7,4	276	269
18844	41,21	41,26	20,32	17,25	276	269
18845	55,40	32,34	26,33	38,23	266	327
18846	515,443	935,929	359,334	713,577	285	518
18847	335,250	250,242	173,180	172,164	266	320
18848	368,376	384,334	290,276	283,262	295	288
18851	662,594	644,643	531,497	525,489	288	269
18852	439,350	644,643	307,313	525,489	283	269
18853	439,351	580,487	307,313	430,451	283	288
18854	336,309	359,289	233,210	260,221	237	244
18855	11,3	400,309	2,7	251,235	244	263
18856	322,238	404,308	194,214	254,237	244	263
18857	422,337	220,242	274,249	176,173	263	240
18858	433,341	290,273	297,250	169,183	240	229
18859	200,128	334,301	115,119	335,320	208	272
18861	561,499	585,491	446,446	447,566	335	361
18862	561,499	444,368	446,446	330,360	335	372
18863	575,433	617,482	409,373	438,351	253	265
18864	210,210	1070,813	184,222	764,744	217	331
18865	636,647	1061,812	629,527	759,741	682	331
18866	635,651	595,500	629,527	402,425	682	236
18867	548,509	595,500	501,435	402,425	262	236
18868	280,218	128,121	211,215	134,119	215	201
18869	232,209	340,339	170,167	269,239	252	277
18870	291,233	342,339	241,230	270,237	241	277
18871	243,157	196,156	162,158	138,126	226	252
18872	175,141	195,157	135,110	139,124	229	252
18873	19,15	160,132	16,16	132,113	238	226
18874	239,162	160,132	198,185	132,113	264	226
18875	292,234	183,160	241,230	129,120	241	238
18876	292,234	239,217	241,230	178,168	241	264
18877	177,143	18,13	134,112	16,12	229	241
18878	176,149	236,164	134,111	185,151	229	241
18879	6,10	21,23	17,8	28,11	264	309
18880	0,1	56,58	0,1	39,46	222	276
18888	324,344	736,560	340,322	556,602	281	380
18889	224,160	792,559	147,207	532,615	221	301
18890	529,355	641,560	307,334	576,594	301	284
18891	55,40	119,103	31,39	96,78	241	376
18892	149,113	50,33	98,99	39,33	340	241
18893	44,45	137,110	26,32	85,80	252	340
18894	141,213	31,14	219,158	7,19	485	208
18895	162,256	31,14	264,178	7,19	447	208
18896	162,256	44,33	264,178	11,19	447	270
18897	72,76	314,321	73,69	235,208	174	236
18898	282,280	210,164	211,231	130,132	301	244
18900	153,129	75,46	96,115	51,69	276	254
18903	33,42	108,119	22,29	97,70	218	345
18904	44,36	62,47	33,32	46,45	200	218
18905	2,0	60,46	1,1	43,45	200	218
18906	159,160	24,15	138,109	25,17	383	200
18907	209,167	126,112	166,177	106,120	299	221
18908	224,194	248,217	179,176	135,170	293	299
18909	215,161	200,164	149,147	160,174	242	293
18910	129,122	231,222	102,120	167,157	262	298
18911	650,537	1,0	410,459	2,1	752	236
18912	173,178	617,466	113,138	353,380	324	752
18913	524,422	135,119	369,352	90,126	827	274
18914	525,423	114,128	371,354	78,83	827	246
18915	117,81	188,154	79,66	103,113	202	212
18916	91,67	155,125	48,77	122,92	226	254
18917	149,119	131,114	109,148	111,78	292	254
18918	179,132	69,60	121,164	70,54	292	226
18920	48,29	58,62	32,43	40,32	234	215
18921	132,64	3,0	77,74	3,2	192	269
18922	52,31	59,55	22,33	43,33	192	215
18923	6,0	48,27	0,2	32,42	215	230
18924	47,15	49,27	25,31	33,43	215	230
18925	92,78	23,37	77,74	7,15	244	198
18926	69,55	66,45	46,54	37,44	244	269
18927	22,18	92,47	31,20	50,57	269	252
18928	53,58	24,37	30,38	30,33	252	197
18929	42,31	33,32	20,22	29,39	197	218
18936	16,27	123,112	34,15	94,122	327	252
18937	6,3	129,104	1,3	81,73	173	373
18938	1,0	90,84	0,0	49,30	195	281
18939	110,76	50,44	66,51	22,17	369	281
18940	58,56	79,74	28,29	44,32	338	324
18941	44,31	72,43	19,25	39,33	283	338
18942	109,209	3,1	104,158	3,0	223	211
18943	82,63	85,83	57,49	55,56	214	228
18945	216,174	136,132	158,156	119,95	371	344
18946	133,100	99,86	106,93	74,94	281	268
18947	130,87	79,65	78,68	67,48	268	238
18948	647,538	564,471	399,393	358,319	295	327
18949	9,2	19,12	3,1	13,14	197	262
18950	2,2	1,2	23,1	1,3	273	256
18951	0,4	8,4	4,3	7,5	243	273
18952	15,17	1,2	8,6	24,0	451	243
18953	8,9	0,3	5,9	23,0	285	243
18954	11,4	13,10	8,2	6,12	344	289
18955	128,65	70,60	113,113	64,59	300	233
18956	124,62	72,71	109,112	46,57	300	287
18957	48,38	71,67	31,31	53,54	233	259
18958	115,103	70,72	103,80	46,57	259	287
18959	18,12	157,148	15,12	117,124	240	287
18960	86,79	128,111	68,66	86,81	287	311
18961	24,14	126,98	9,7	78,74	287	311
18996	1,4	7,4	0,0	4,1	245	272
18997	54,43	42,38	34,62	27,34	220	205
18998	177,124	42,29	93,122	33,42	321	218
18999	28,20	76,45	15,25	42,51	191	229
19000	0,1	71,42	2,0	37,48	257	260
19001	51,50	70,42	49,23	37,48	271	260
19002	58,45	73,50	29,65	46,47	257	227
19003	61,58	3,7	56,45	1,0	249	260
19004	593,573	817,585	513,548	564,460	300	290
19005	585,541	656,529	499,514	589,547	276	300
19006	16,20	11,28	20,12	4,9	340	352
19007	8,28	3,0	9,21	0,0	297	294
19010	82,89	166,125	78,64	104,95	279	323
19011	89,82	114,57	70,55	65,57	248	208
19012	59,66	86,107	63,44	81,79	281	319
19013	85,77	54,59	70,56	59,49	303	281
19014	16,19	96,62	12,26	70,70	241	281
19015	34,14	59,40	27,13	41,45	301	360
19016	639,614	68,64	420,400	52,67	1010	317
19017	74,68	96,75	43,62	71,36	317	250
19019	464,315	519,451	403,361	431,438	224	234
19022	157,104	715,499	86,116	541,639	194	263
19023	315,299	461,425	265,280	410,438	208	236
19024	303,248	304,274	252,201	321,214	397	365
19025	1115,887	190,164	825,807	153,153	1009	267
19026	98,39	91,87	45,55	100,67	251	402
19027	55,46	68,77	19,48	51,34	223	251
19028	58,90	115,107	50,45	72,79	319	348
19029	74,83	332,320	35,54	170,214	287	662
19030	238,168	270,235	126,141	209,227	335	347
19033	2,0	25,29	0,1	39,39	242	254
19034	28,25	53,39	27,30	50,55	222	265
19035	0,1	10015,8805	0,0	7739,7219	180	323
19036	0,4	10015,8805	2,0	7739,7219	177	323
19037	0,4	54,39	2,3	33,43	177	185
19038	0,4	10161,8914	2,0	7827,7316	177	711
19039	72,37	7747,6800	60,32	6134,5300	274	257
19040	134,103	7747,6800	81,101	6134,5300	185	257
19041	8471,7611	1883,1831	6916,5499	1651,1650	293	227
19042	293,286	267,208	245,268	198,216	278	257
19043	470,246	324,272	322,278	261,240	257	334
19044	454,345	136,120	313,359	118,100	334	200
19045	107,83	196,185	75,69	199,197	200	236
19047	194,158	18,37	167,115	19,26	280	197
19048	10,11	6,2	18,20	0,3	254	164
19050	2,1	22,16	3,1	13,19	164	290
19052	30,19	12,9	8,13	18,6	272	254
19054	11,9	47,33	17,9	15,28	227	256
19055	2,7	29,16	0,7	14,68	256	205
19056	39,31	4,2	20,79	2,1	263	257
19057	102,109	41,46	98,91	39,40	374	230
19058	65,62	3490,2818	49,43	2492,2546	257	390
19059	3115,2611	596,469	2251,2188	404,429	390	215
19060	837,655	622,367	581,636	385,323	215	213
19061	3,7	13,36	4,3	18,9	364	330
19062	352,278	215,175	213,215	160,133	300	232
19063	350,277	298,257	213,215	201,217	300	254
19064	232,188	101,94	194,181	84,86	335	245
19065	10,5	132,134	8,7	108,106	219	268
19066	57,53	132,134	46,45	108,106	222	268
19067	0,0	132,134	0,6	108,106	241	268
19068	132,86	30,19	122,90	23,21	312	213
19069	149,123	64,73	111,131	75,26	274	312
19070	132,106	131,124	90,83	90,104	254	264
19071	137,95	130,121	88,90	89,110	264	280
19072	150,127	2,0	101,112	1,0	280	277
19073	124,122	0,2	85,113	0,2	277	412
19074	16,21	7,14	10,24	14,6	239	233
19075	16,14	2,1	11,8	1,4	233	251
19077	23,14	2,0	13,9	0,1	233	236
19078	23,14	1,1	13,9	1,3	233	310
19079	15,12	2,1	11,8	1,7	233	251
19080	15,12	0,1	11,8	0,0	233	236
19081	15,12	33,33	11,8	34,37	233	555
19082	2,1	0,1	1,7	0,0	251	236
19083	2,1	33,33	1,7	34,37	251	555
19084	10,9	10,4	7,8	5,10	251	414
19085	16,16	2,0	9,10	1,1	251	236
19087	11,9	36,36	7,11	36,33	251	555
19088	11,9	9,12	7,11	3,4	251	232
19091	2,0	1,1	0,1	1,3	236	310
19092	0,1	33,33	0,0	34,37	236	555
19093	4,4	3,1	2,4	1,1	294	303
19095	13,15	125,98	9,9	112,102	254	331
19096	56,52	13,23	34,38	10,10	249	254
19097	4,1	140,171	5,0	161,147	171	274
19098	59,56	65,86	34,38	84,76	249	274
19099	2,4	39,70	1,2	39,41	249	270
19100	25,65	39,70	42,45	39,41	309	270
19102	221,180	533,424	129,166	337,340	285	272
19103	89,90	525,407	79,50	329,332	285	272
19104	16,5	533,424	4,4	337,340	282	272
19105	209,171	218,141	164,132	121,157	305	312
19106	210,160	197,150	132,182	110,119	278	305
19107	78,83	236,216	66,53	146,206	219	302
19108	81,82	151,136	66,53	95,110	219	275
19109	201,171	63,60	138,161	48,48	286	203
19110	74,75	85,66	46,51	60,57	224	272
19120	11,11	1,0	2,11	0,0	531	268
19126	1,0	0,0	2,0	0,3	215	247
19127	112,97	0,0	78,85	0,6	217	247
19129	38,32	45,30	33,15	26,31	247	217
19130	127,117	586,568	94,76	507,378	311	315
19131	5,4	586,568	5,3	507,378	236	315
19132	5,5	586,568	5,3	507,378	233	315
19133	393,402	25,28	363,240	21,26	315	215
19134	392,401	204,207	361,240	166,146	315	215
19135	305,300	42,26	259,197	26,24	215	161
19136	126,99	455,354	86,116	353,358	236	239
19137	111,89	351,314	82,74	269,264	239	230
19138	121,88	303,277	80,58	241,239	239	230
19139	391,329	306,247	272,283	235,236	242	221
19140	4,1	3,1	0,0	0,1	296	268
19141	232,202	280,229	140,173	189,206	319	289
19142	50,54	280,228	46,25	189,207	319	289
19143	235,201	294,268	163,152	217,160	308	319
19144	54,41	271,237	41,39	184,149	191	319
19145	334,276	96,86	247,280	83,60	252	245
19146	308,215	111,70	186,192	70,83	281	252
19147	147,125	182,133	120,120	192,147	205	228
19148	136,104	298,199	94,83	206,200	203	256
19149	72,43	237,171	48,57	149,141	186	216
19150	118,78	70,53	80,68	73,47	220	186
19151	157,110	171,100	121,94	97,119	246	220
19152	51,43	154,160	53,47	136,140	210	224
19153	2,6	160,158	3,4	121,174	172	313
19154	6,0	183,197	8,4	143,155	236	443
19155	36,39	183,197	29,35	143,155	239	443
19156	95,56	95,77	66,41	62,36	398	236
19157	140,117	95,77	118,84	62,36	401	236
19158	140,117	100,79	118,84	62,37	401	239
19159	95,56	100,79	66,41	62,37	398	239
19167	55,44	55,36	40,39	31,30	219	237
19168	143,103	88,76	76,119	84,76	282	270
19169	129,113	61,38	85,79	27,30	270	208
19170	1015,881	879,683	722,630	612,454	265	268
19171	1063,1028	986,794	871,745	738,558	269	265
19172	290,265	518,414	232,218	347,339	222	223
19173	714,622	517,415	555,601	346,338	334	223
19174	770,764	518,413	788,718	346,338	681	223
19175	421,421	518,413	466,392	346,338	300	223
19176	98,148	517,413	161,167	346,339	287	223
19177	698,617	443,380	551,597	424,337	334	222
19178	754,759	424,362	784,714	406,321	681	222
19179	417,422	424,362	464,391	406,321	300	222
19180	439,439	881,841	486,409	739,686	300	334
19181	92,138	1043,1015	146,156	929,876	287	681
19182	90,137	524,452	142,155	420,465	287	300
19192	166,133	74,63	87,132	55,49	284	247
19193	9,8	28,45	3,10	10,31	187	247
19197	132,113	78,81	96,96	66,68	325	277
19198	305,299	122,84	194,287	79,73	748	325
19199	52,52	106,65	39,48	55,69	292	336
19200	25,23	51,49	18,23	41,34	225	267
19201	29,26	50,48	12,17	31,34	211	258
19202	11,9	25,33	8,6	28,30	273	175
19203	74,57	473,341	61,68	316,290	259	353
19204	246,272	111,105	223,150	74,90	353	226
19205	161,167	380,349	106,125	364,260	223	392
19206	7,6	9,10	2,9	9,3	207	274
19207	200,164	185,171	125,96	150,149	241	282
19208	372,373	487,443	294,237	406,356	401	274
19209	372,373	476,427	294,237	401,356	401	271
19210	423,420	476,427	343,245	401,356	383	271
19211	423,420	487,443	343,245	406,356	383	274
19212	315,315	927,746	246,273	666,520	227	318
19213	315,315	258,256	246,273	201,168	227	351
19214	315,315	8,10	246,273	3,5	227	297
19215	641,591	257,257	407,466	201,169	260	351
19216	641,591	7,11	407,466	3,6	260	297
19217	641,591	926,747	407,466	666,521	260	318
19218	606,567	481,410	388,452	310,324	260	245
19219	1254,1137	518,435	944,798	328,341	318	245
19220	1282,1156	518,435	958,818	328,341	351	245
19221	405,323	1142,952	210,250	741,837	202	321
19222	1419,1219	1920,1672	1022,1134	1439,1373	322	339
19223	1412,1208	637,597	1011,1120	509,449	322	222
19224	350,299	1873,1653	267,219	1539,1211	203	367
19225	634,571	1871,1649	502,463	1535,1209	231	367
19226	2126,2137	356,275	1728,1463	319,249	367	255
19227	405,375	374,290	244,273	261,285	210	221
19229	611,579	7,12	408,385	4,8	252	271
19230	611,579	6,3	408,385	2,0	252	247
19231	1309,1254	37,26	973,918	46,31	586	271
19232	287,253	37,26	229,225	46,31	206	271
19233	289,254	6,2	234,236	7,12	206	187
19234	289,254	34,20	234,236	51,22	206	271
19235	0,3	963,886	2,4	792,778	206	1644
19236	0,3	754,719	2,4	637,681	206	224
19237	1431,1267	6,2	1087,1079	7,12	181	187
19238	1431,1267	34,20	1087,1079	51,22	181	271
19239	111,113	963,886	100,81	792,778	181	1644
19240	7,12	855,807	4,8	735,746	271	224
19242	95,90	43,40	59,63	38,31	272	185
19243	335,234	966,885	230,193	791,850	248	325
19244	1,1	947,875	5,1	776,834	248	325
19245	2,1	947,872	1,2	777,834	248	325
19246	723,492	958,879	580,584	781,836	246	325
19247	354,241	369,261	261,256	243,278	258	257
19248	512,441	1,0	353,399	2,1	295	258
19249	510,439	335,241	350,397	227,217	295	258
19250	183,174	472,308	143,121	337,320	230	295
19251	0,0	442,302	0,1	330,309	230	295
19252	325,259	346,294	230,229	216,250	311	230
19253	1,0	417,373	0,1	320,320	236	311
19254	0,0	419,373	2,2	320,319	236	311
19255	11,7	2,0	7,10	2,0	210	202
19256	354,285	3,6	212,240	5,1	277	316
19257	1,1	43,33	0,0	33,31	244	318
19258	26,18	14,18	16,11	6,14	279	251
19259	12,4	10,11	14,8	9,4	299	272
19260	16,32	11,21	47,34	21,22	248	170
19261	16,32	23,43	47,34	46,52	248	173
19266	1,1	4,3	0,0	2,3	478	276
19267	0,1	1,6	1,2	1,3	478	222
19268	9,9	4,1	11,7	2,7	240	208
19269	56,47	119,103	53,47	71,85	264	315
19270	349,270	221,192	216,217	138,135	305	231
19271	181,136	287,210	121,117	222,230	231	360
19272	444,355	140,107	307,316	92,93	360	223
19273	603,512	1017,794	413,426	631,716	245	281
19274	431,385	3,9	302,317	2,1	245	245
19275	427,391	600,484	301,321	421,388	245	245
19276	25,38	10,4	67,44	2,2	222	245
19277	184,132	91,76	102,122	57,66	318	214
19278	89,60	80,65	42,36	56,64	327	214
19279	969,824	304,316	649,604	286,230	628	300
19280	7,4	2,1	4,3	4,1	212	265
19281	19,13	125,149	21,19	134,93	306	230
19282	0,0	11,5	1,0	3,4	263	290
19283	0,0	5,5	1,0	2,3	263	381
19284	0,0	5,4	1,0	2,3	263	389
19290	12,16	128,98	16,15	76,75	296	216
19291	28,24	129,98	23,9	79,76	296	216
19292	0,0	412,280	2,0	303,262	189	326
19293	34,36	38,22	39,25	26,33	318	319
19294	9,5	13,18	13,12	12,13	292	327
19295	1,0	195,145	0,0	113,125	219	219
19296	0,1	0,5	1,3	0,0	214	274
19297	0,5	10,2	1,0	5,3	274	455
19298	17,20	35,23	10,2	16,24	229	243
19299	0,0	37,23	0,2	17,23	293	243
19300	19,22	37,23	18,25	17,23	282	243
19301	1,1	454,365	0,0	271,252	230	237
19302	10,7	454,365	4,1	271,252	204	237
19303	841,740	6,5	575,514	3,5	237	272
19304	409,375	243,183	277,229	166,172	244	229
19305	409,375	22,19	277,229	12,9	244	1012
19306	512,408	106,92	300,295	112,106	263	206
19307	264,229	56,57	231,187	58,42	277	327
19308	304,226	130,106	238,165	121,90	300	217
19320	0,0	0,2	2,0	1,0	226	346
19321	0,1	0,2	0,2	1,0	209	346
19322	6,6	0,2	0,0	1,0	246	346
19323	8,5	0,0	8,2	1,0	352	346
19327	0,1	0,0	0,1	1,0	209	226
19328	0,1	0,0	0,2	2,0	209	226
19329	6,6	0,0	0,0	2,0	246	226
19331	6,6	0,1	0,0	0,2	246	209
19333	1,2	5,12	0,0	3,2	266	352
19334	4,4	7,12	2,2	3,2	272	352
19341	5,5	3,2	4,4	2,0	272	266
19342	4,2	2,0	1,2	2,0	252	266
19343	2,0	1,1	0,0	4,1	187	272
19344	26,18	8,3	17,12	5,2	299	252
19345	6,4	5,0	0,2	2,2	346	252
19346	0,1	5,7	0,0	0,3	230	252
19348	0,1	1,3	0,0	2,4	231	252
19349	0,1	1,3	0,0	2,4	234	252
19350	1,0	4,3	0,0	4,7	211	252
19352	0,1	4,10	0,0	2,7	234	252
19353	0,2	7,4	0,1	6,4	187	252
19354	26,18	7,4	19,11	6,4	299	252
19355	8,6	3,1	0,2	6,4	404	211
19356	6,4	3,1	0,2	6,4	346	211
19357	4,1	1,1	0,0	6,5	346	211
19358	3,1	1,1	0,2	6,5	187	211
19359	0,1	1,1	0,0	6,5	230	211
19360	8,6	2,1	0,2	6,4	404	234
19361	6,4	2,1	0,2	6,4	346	234
19362	4,1	1,1	0,0	6,4	346	234
19363	3,1	1,1	0,2	6,4	187	234
19364	0,1	1,1	0,0	6,4	230	234
19365	0,1	6,4	0,2	1,0	187	404
19366	1,3	7,3	2,2	0,0	187	404
19367	31,19	7,3	20,15	0,0	330	404
19368	29,27	7,3	17,18	0,0	299	404
19370	0,1	4,2	0,2	1,0	187	346
19371	1,1	4,0	0,1	2,0	187	346
19373	3,1	4,1	0,2	0,0	187	346
19375	1,3	5,1	2,2	0,0	187	346
19376	31,19	5,1	20,15	0,0	330	346
19377	29,27	5,1	17,18	0,0	299	346
19378	4,0	4,6	0,0	1,0	187	346
19379	0,2	5,6	0,1	1,0	187	346
19380	26,18	5,6	17,12	1,0	299	346
19381	26,18	0,2	19,11	0,1	299	187
19383	0,1	3,1	0,0	0,2	230	187
19384	31,19	1,3	20,15	2,2	330	187
19385	29,27	1,3	17,18	2,2	299	187
19386	26,18	0,2	17,12	0,1	299	187
19387	26,18	0,2	17,11	0,1	299	187
19388	26,19	0,4	17,11	0,2	299	187
19389	0,0	0,4	1,0	0,2	230	187
19390	29,18	0,4	21,13	0,2	330	187
19391	26,19	0,0	17,11	1,0	299	230
19392	0,0	0,1	0,1	0,1	270	230
19396	11,7	59,43	14,7	40,32	366	369
19400	11,7	0,2	14,7	0,0	366	209
19401	11,7	0,2	14,7	0,0	366	223
19402	9,8	128,93	10,5	93,80	366	649
19403	6,5	59,43	6,3	40,35	195	369
19404	6,5	43,30	6,3	28,26	195	312
19405	6,5	16,15	6,3	8,7	195	222
19406	0,2	59,43	0,0	40,32	209	369
19407	0,2	16,15	0,0	8,7	209	222
19409	12,7	59,43	3,2	40,35	209	369
19410	12,7	43,30	3,2	28,26	209	312
19411	12,7	16,15	3,2	8,7	209	222
19412	0,2	59,43	0,0	40,32	223	369
19413	10,9	59,43	3,2	40,35	223	369
19414	10,9	43,30	3,2	28,26	223	312
19415	10,9	16,15	3,2	8,7	223	222
19416	109,81	43,32	79,57	38,20	649	490
19422	135,141	253,142	116,120	183,168	246	265
19423	226,201	264,188	198,180	193,160	265	229
19425	152,155	229,240	158,137	228,182	232	275
19426	11,16	52,49	9,11	53,27	212	205
19427	670,689	1364,1182	678,642	987,1049	291	327
19428	618,660	775,571	660,610	554,623	291	254
19429	617,662	2560,2087	660,608	1781,1889	291	377
19430	1283,979	822,598	961,975	570,655	327	254
19431	1283,980	2561,2087	966,978	1779,1891	327	377
19432	823,748	2561,2087	609,661	1779,1889	254	377
19433	156,105	55,38	110,105	32,37	275	187
19434	51,37	1356,1131	45,35	857,938	187	1374
19435	108,70	81,59	53,60	51,47	302	242
19437	28,39	28,6	32,39	4,6	315	195
19438	16,22	42,38	7,24	24,30	197	240
19439	166,121	60,48	117,107	54,72	256	206
19440	44,52	103,103	54,37	74,77	206	244
19441	1246,1001	1879,1542	850,855	1330,1292	303	321
19442	1077,894	1877,1538	789,681	1328,1294	256	321
19443	1,3	1879,1542	1,2	1330,1292	306	321
19444	5,6	1879,1542	4,3	1330,1292	275	321
19445	1280,1046	1581,1213	978,977	1132,1054	275	314
19446	0,3	1877,1538	0,2	1328,1294	233	321
19447	2022,1424	1098,895	1328,1267	817,680	338	247
19448	26,17	66,32	12,14	33,32	197	227
19449	91,60	90,63	45,37	31,38	227	287
19450	59,64	63,45	75,61	41,32	276	217
19451	5,2	63,45	7,2	41,32	260	217
19452	54,59	118,80	60,33	93,65	217	258
19455	62,88	417,373	79,52	376,279	398	1168
19456	3,2	3,12	0,0	4,4	258	229
19457	1,2	43,30	0,2	16,30	258	492
19458	1,2	4,5	0,2	1,4	258	240
19459	43,30	4,5	16,30	1,4	492	240
19460	348,331	425,394	270,270	313,352	283	313
19461	164,169	397,351	146,167	309,272	243	283
19465	16,7	41,29	13,11	23,16	182	204
19466	16,7	1,0	13,11	0,0	182	210
19467	9,16	115,91	12,11	76,90	196	372
19468	7,12	78,125	10,10	116,101	377	262
19469	92,78	89,61	81,61	99,80	244	217
19471	93,102	359,313	94,72	299,226	236	313
19472	149,158	3,0	119,101	3,0	221	295
19473	93,103	240,291	94,71	271,225	236	295
19474	153,157	138,200	127,101	190,129	221	295
19475	149,156	6,10	118,101	4,3	221	295
19476	4,1	3,5	4,6	2,4	271	231
19477	111,120	2,4	115,86	3,4	331	231
19478	185,205	2,4	166,166	3,4	236	231
19479	5,2	51,44	4,2	41,48	282	221
19480	3,0	53,46	0,0	43,53	355	221
19481	137,110	278,279	92,117	251,215	236	282
19482	137,110	275,283	92,117	249,216	236	355
19483	136,110	266,279	92,115	219,181	236	292
19484	24,25	1815,1455	20,16	1328,1167	167	243
19485	680,640	807,738	547,521	617,543	228	244
19486	8,1	590,502	0,2	369,421	192	240
19487	18,4	6,6	1,5	1,3	229	216
19489	267,234	193,146	257,192	128,141	292	231
19490	390,367	45,41	386,342	26,23	303	218
19491	390,367	220,176	386,342	162,167	303	275
19492	390,366	3,0	386,344	5,0	303	218
19493	390,366	3,1	386,344	1,2	303	275
19494	101,80	45,41	77,70	26,23	266	218
19495	101,80	220,176	77,70	162,167	266	275
19496	97,80	3,0	77,71	5,0	266	218
19497	97,80	3,1	77,71	1,2	266	275
19498	267,196	411,337	235,165	241,256	218	320
19499	192,160	407,324	141,114	293,239	320	310
19500	316,247	427,327	224,233	308,253	320	310
19501	208,180	138,102	147,119	85,68	221	221
19502	213,185	348,328	166,148	249,176	221	266
19503	460,442	315,304	314,327	196,195	285	254
19504	266,220	601,512	185,168	368,345	250	312
19515	0,2	1,2	2,0	0,2	303	191
19518	13,6	18,16	6,16	13,21	219	288
19519	5,4	30,23	6,6	22,24	213	329
19520	18,10	10,18	13,17	18,0	373	502
19521	18,11	18,4	14,17	8,13	373	330
19522	142,127	271,210	92,114	153,178	287	271
19523	199,107	192,143	107,102	90,136	287	275
19524	229,213	246,234	185,182	228,167	293	446
19525	142,92	246,257	73,90	189,175	243	301
19526	285,236	505,408	149,186	295,346	328	420
19527	283,228	236,197	147,187	185,191	328	316
19528	146,150	251,214	117,106	191,197	258	316
19529	9,10	10,6	9,3	14,8	190	192
19530	252,243	209,206	147,180	127,158	242	251
19531	212,223	636,586	170,189	365,445	251	351
19532	468,467	624,525	295,347	402,380	351	353
19533	10,12	175,151	3,7	128,82	246	295
19534	174,154	175,151	143,120	128,82	284	295
19535	174,154	10,12	143,120	3,7	284	246
19537	806,687	510,491	595,649	380,394	309	239
19538	149,119	32,22	123,110	25,24	299	306
19539	75,58	410,294	44,54	214,267	306	314
19540	18,13	370,273	12,15	250,260	314	256
19541	468,415	370,271	320,374	250,260	314	256
19542	248,176	236,231	125,150	186,189	256	218
19543	125,141	106,100	132,71	73,66	251	199
19544	182,197	165,143	145,130	123,113	315	305
19545	182,197	5,4	145,130	4,3	315	213
19546	186,167	127,120	119,138	108,89	235	241
19547	220,200	403,337	180,164	311,257	311	329
19549	44,15	106,60	14,20	61,63	250	356
19550	5,2	183,176	0,0	136,100	272	344
19551	106,97	18,10	100,77	22,13	301	323
19552	180,178	277,201	146,143	224,180	221	248
19553	7,4	100,71	3,3	69,63	240	212
19554	7,4	481,359	3,3	354,338	240	248
19555	4,11	0,0	7,10	1,0	226	270
19556	38,24	85,90	23,25	61,71	224	332
19557	26,23	32,14	20,22	21,23	205	224
19558	1,1	32,14	0,4	19,24	205	224
19559	284,217	33,19	207,225	18,24	719	205
19560	74,81	142,118	102,107	84,79	233	207
19561	2,1	28,13	4,2	13,13	276	311
19569	8,18	164,118	14,7	98,93	184	230
19570	24,26	164,118	22,15	98,93	181	230
19571	1,3	378,310	5,3	253,271	185	230
19572	113,124	344,264	84,107	226,230	230	280
19573	16,1	339,263	15,13	224,231	230	280
19574	329,270	108,116	226,196	74,72	355	233
19575	322,270	124,117	224,192	85,70	355	198
19576	3,1	201,175	1,3	126,113	198	234
19577	3,1	12,10	0,3	8,1	198	234
19578	4,4	245,225	0,5	177,145	198	279
19579	136,131	230,231	88,83	202,175	234	296
19580	131,125	245,224	94,89	177,145	234	279
19581	24,23	121,85	12,6	57,68	279	195
19582	42,30	47,23	26,35	17,35	212	232
19583	31,34	45,23	27,26	17,34	203	232
19584	87,53	36,19	66,50	18,18	250	186
19585	207,161	137,134	123,115	111,98	249	194
19586	275,252	877,862	220,231	687,693	237	337
19587	6,3	347,265	8,5	286,278	271	229
19588	590,544	350,268	518,421	290,283	271	229
19589	330,312	104,81	235,241	88,80	229	197
19590	186,149	323,248	162,142	230,226	197	237
19591	170,98	339,265	98,74	250,252	219	244
19592	58,49	214,185	67,43	160,180	226	219
19593	52,53	31,30	36,40	33,24	385	248
19594	56,31	74,72	27,33	59,62	248	295
19595	195,152	160,151	142,119	112,147	253	225
19596	147,159	412,343	102,111	258,231	235	375
19597	146,151	269,267	100,111	244,186	235	285
19598	460,417	204,241	323,234	184,128	375	262
19599	167,145	266,267	121,99	248,186	262	285
19600	597,446	31,32	465,406	50,26	415	275
19601	136,105	32,46	128,75	64,35	275	332
19602	178,168	140,132	134,120	113,142	267	286
19603	72,60	38,63	57,58	40,36	226	196
19604	57,36	1187,1213	44,45	933,746	457	326
19605	30,58	1187,1213	86,32	933,746	252	326
19606	5,1	1187,1213	7,0	933,746	243	326
19607	357,307	263,215	239,309	209,224	268	221
19609	45,44	9,5	27,23	8,1	330	272
19610	49,51	0,0	36,26	0,2	330	208
19611	5,9	10,5	2,3	3,9	373	208
19612	1,2	10,5	0,3	3,9	252	208
19613	5,9	14,10	2,3	8,8	373	272
19614	1,2	14,10	0,3	8,8	252	272
19615	271,277	280,189	241,233	191,157	287	275
19616	189,146	54,79	153,94	69,38	278	211
19617	419,371	589,484	365,339	452,468	239	293
19618	3,4	573,467	2,2	434,461	239	293
19619	612,442	573,467	373,398	434,461	1137	293
19620	612,442	3,4	373,398	2,2	1137	239
19621	532,442	348,295	406,412	293,243	270	239
19622	628,459	351,295	391,405	296,241	1137	239
19623	24,19	22,17	10,11	6,12	184	250
19624	23,14	6,12	10,11	2,7	250	185
19625	25,14	5,3	10,11	6,8	250	185
19626	2,2	50,36	1,5	26,29	185	269
19627	15,11	8,2	7,10	6,4	185	201
19628	9,10	50,36	5,6	24,29	185	269
19629	8,5	36,44	8,2	47,53	269	316
19630	348,277	575,489	241,218	432,418	256	347
19631	809,651	391,323	549,442	299,315	347	260
19634	243,186	230,220	198,195	200,162	260	249
19635	440,323	344,335	309,330	285,220	249	239
19636	6,3	0,1	2,3	0,0	448	235
19638	681,562	362,377	522,476	305,244	269	263
19639	563,430	694,639	362,340	533,440	240	269
19640	536,471	694,639	432,404	533,440	394	269
19641	563,430	536,471	362,340	432,404	240	394
19642	16,14	32,34	13,9	12,22	224	260
19643	33,33	37,26	11,6	11,21	260	266
19644	0,2	37,26	0,0	11,21	206	266
19645	60,55	64,59	32,51	33,50	230	221
19646	38,38	68,62	39,32	33,50	248	221
19647	39,38	99,109	39,26	81,61	248	283
19651	1080,910	892,936	667,737	705,712	310	322
19652	617,545	891,937	403,480	703,712	215	322
19653	1033,863	1308,1082	701,723	801,929	291	310
19654	617,547	1280,1044	403,481	788,914	215	310
19655	644,583	850,778	416,495	557,607	215	291
19656	685,602	503,405	412,490	345,363	283	215
19657	310,256	149,122	298,255	132,103	252	241
19658	2,1	149,122	2,5	132,103	288	241
19659	455,314	340,209	365,349	233,231	348	252
19660	17,31	352,270	25,23	253,216	236	282
19661	371,413	1314,1048	369,305	940,854	222	250
19662	417,446	1873,1671	406,333	1534,1200	444	315
19663	956,940	1879,1676	759,727	1539,1200	252	315
19664	57,66	131,138	71,46	98,122	259	372
19665	89,74	7,5	59,57	3,4	280	259
19666	89,81	89,58	58,55	53,53	280	259
19667	60,53	38,38	53,41	31,21	320	240
19668	99,74	3,0	115,76	0,0	232	182
19671	2,1	2,0	0,0	3,0	380	308
19672	7,3	8,4	4,4	3,6	215	308
19673	5,3	7,1	3,5	3,5	215	308
19685	15,11	73,88	23,9	49,43	214	225
19693	1,0	11,2	3,0	4,1	248	221
19694	57,71	59,53	68,67	35,45	304	269
19695	66,80	79,50	81,65	40,50	318	302
19696	10,15	84,63	16,11	70,57	276	318
19697	0,0	41,63	2,0	61,45	213	276
19702	3,12	1,0	18,11	2,0	314	314
19704	1,2	8,2	0,0	1,1	193	236
19705	101,80	217,179	86,116	135,139	228	325
19706	160,162	111,112	113,129	80,80	325	222
19707	250,166	56,45	129,105	44,25	311	236
19708	252,166	33,33	125,105	12,16	311	236
19709	202,151	43,59	155,167	38,46	311	380
19710	167,132	237,172	97,92	180,179	284	299
19711	167,132	43,26	97,92	18,35	284	323
19713	3,0	3,3	1,0	2,2	294	227
19716	15,14	1,0	18,9	0,0	291	247
19720	64,35	77,57	34,26	50,48	273	487
19721	5,3	1,3	7,1	1,0	525	243
19722	4,3	1,3	4,1	1,0	527	243
19728	159,98	156,119	103,79	107,115	315	284
19729	159,98	0,3	103,79	3,3	315	294
19730	153,96	203,160	101,79	145,168	315	294
19731	22,31	212,170	38,34	136,160	250	315
19732	259,246	74,64	187,204	57,55	349	220
19733	36,42	115,123	21,11	105,81	220	305
19734	194,120	65,56	114,126	35,36	305	221
19735	54,53	53,70	53,42	52,62	221	243
19736	33,22	194,166	13,17	120,119	178	286
19737	143,118	99,80	77,99	69,75	262	264
19738	67,52	18,10	46,24	5,3	223	279
19739	79,69	49,35	64,34	30,14	241	223
19740	1,4	59,63	5,1	58,62	289	243
19741	74,53	185,192	39,56	183,158	293	419
19742	127,132	18,30	157,100	14,29	591	264
19743	70,68	50,34	52,58	41,15	218	185
19744	3,2	10,8	8,8	7,12	243	200
19745	2,3	128,134	1,1	74,97	200	259
19746	0,6	61,63	0,2	45,54	200	259
19747	29,15	47,42	22,22	40,45	270	265
19748	40,19	37,37	39,41	30,17	265	243
19749	40,36	135,129	36,29	109,88	243	512
19750	23,29	43,55	22,29	28,37	242	282
19752	60,56	140,76	50,46	60,85	259	259
19753	18,14	141,74	12,14	60,85	259	259
19754	122,110	141,74	82,76	60,85	328	259
19755	122,110	18,14	82,76	12,14	328	259
19756	118,111	92,79	82,72	43,66	328	259
19757	13,12	34,20	8,8	28,37	227	287
19758	43,28	26,20	20,28	22,26	287	271
19761	36,42	38,54	36,35	40,49	200	192
19762	2185,1906	265,240	3344,2533	421,375	425	182
19763	2185,1906	288,292	3344,2533	497,405	425	740
19764	2189,1920	1004,921	3358,2537	1338,1060	425	266
19765	262,378	1428,1145	765,490	1949,1523	425	425
19766	262,379	2881,2528	765,488	3795,3164	425	425
19767	115,72	513,479	92,95	356,359	198	328
19768	52,53	45,45	56,35	59,29	286	253
19769	138,124	45,45	144,79	59,29	556	253
19770	6,5	0,1	9,5	0,0	185	276
19771	4,8	3,3	10,2	3,0	185	276
19772	699,622	530,491	443,407	323,424	287	260
19773	661,645	859,764	404,417	571,507	242	284
19774	345,268	331,361	185,198	217,259	197	241
19775	807,803	730,688	567,504	504,465	331	249
19776	925,874	1000,864	653,480	633,572	271	282
19777	894,910	465,394	692,578	298,290	282	248
19778	536,595	1330,1243	484,363	983,796	226	359
19779	662,550	374,395	486,319	304,222	262	204
19780	53,58	473,508	33,29	388,275	167	204
19781	64,32	77,60	38,16	53,45	253	299
19782	248,194	293,227	178,168	217,153	219	241
19783	939,870	109,180	764,639	188,101	359	276
19784	77,25	47,24	34,50	25,34	268	259
19785	75,37	46,26	28,46	25,19	337	273
19786	83,54	86,63	52,31	58,68	327	318
19787	60,35	143,129	49,47	95,90	268	332
19788	139,76	75,61	91,62	56,49	332	259
19789	24,23	124,93	24,23	66,84	225	282
19790	27,31	84,63	27,23	53,52	225	228
19791	6,5	12,6	8,11	4,5	406	371
19792	3,3	12,6	3,2	4,5	243	371
19793	0,1	2,9	0,0	3,0	228	269
19794	120,115	72,81	95,101	75,66	286	249
19795	134,117	5,5	112,97	9,7	257	302
19796	577,617	269,190	571,367	184,146	556	257
19797	272,223	269,190	217,209	184,148	329	257
19798	271,225	509,537	216,209	471,329	329	556
19799	271,225	315,356	216,209	306,202	329	537
19800	2,3	10,5	3,2	12,16	184	199
19801	60,33	10,5	32,43	12,16	232	199
19803	24,17	61,51	19,11	44,40	199	224
19804	89,62	6,4	50,40	0,6	236	194
19805	95,63	1,0	49,42	0,2	236	194
19806	33,15	2,2	28,28	4,4	194	206
19807	26,23	25,24	18,21	20,13	240	276
19808	36,41	103,79	40,18	62,60	282	345
19809	418,326	223,177	332,235	163,155	279	216
19810	627,520	224,174	431,515	166,155	329	216
19811	43,49	221,172	34,37	163,155	245	216
19812	268,183	221,172	179,201	163,155	236	216
19813	1,2	221,172	1,1	163,155	287	216
19814	42,45	195,149	31,40	149,121	245	227
19815	247,199	663,554	204,202	493,426	245	329
19816	268,183	43,49	179,201	34,37	236	245
19817	270,186	369,328	180,201	292,333	236	245
19818	3,1	369,328	1,1	292,333	287	245
19819	6,3	42,12	2,7	31,36	236	268
19820	47,24	25,6	17,28	14,17	248	268
19821	11,2	0,0	1,6	1,0	307	247
19822	11,25	27,27	17,20	38,20	276	246
19823	13,12	24,25	23,8	37,18	355	246
19827	301,246	323,313	230,234	263,307	274	260
19828	0,1	422,322	1,0	289,269	260	245
19829	343,254	428,323	234,239	290,271	260	245
19830	24,62	153,132	62,51	149,129	346	223
19831	71,71	26,23	84,74	40,40	223	185
19832	192,144	51,39	114,121	39,25	260	230
19833	44,63	55,43	42,35	44,40	210	230
19834	44,63	138,145	44,36	109,100	210	252
19835	0,1	97,103	2,1	89,75	210	252
19836	197,147	97,103	120,130	89,75	260	252
19837	197,147	0,1	120,130	2,1	260	210
19838	226,185	66,55	135,139	48,42	260	210
19839	123,104	117,91	91,74	81,92	236	222
19841	304,225	206,152	225,179	147,136	234	208
19842	190,157	207,148	174,117	149,141	225	208
19843	153,114	612,465	104,88	375,399	198	234
19844	191,159	614,462	177,117	372,400	225	234
19845	191,160	274,173	176,116	155,151	225	198
19847	5,7	11,9	8,2	11,10	263	247
19850	41,35	75,83	32,24	48,25	313	300
19851	15,7	9,6	6,9	5,7	205	276
19852	17,18	441,474	27,40	432,387	310	271
19853	0,0	441,474	7,2	432,387	306	271
19854	0,0	598,694	1,1	638,544	274	271
19855	15,27	598,694	21,16	638,544	378	271
19856	10,14	84,121	15,13	136,94	378	271
19857	10,14	949,769	15,13	697,653	378	329
19858	84,121	949,769	136,94	697,653	271	329
19859	166,129	44,39	116,102	29,24	292	371
19860	166,129	160,131	116,102	100,98	292	301
19861	139,126	13,12	123,85	13,11	311	292
19862	141,126	166,150	130,85	112,132	311	292
19863	114,85	60,55	61,68	28,32	356	266
19864	64,38	5,2	51,32	0,0	197	173
19867	0,0	39,29	1,0	32,25	256	257
19868	0,1	10,9	0,0	9,5	236	268
19869	1,2	0,2	0,0	1,0	228	236
19870	182,98	340,266	104,120	289,260	580	645
19872	116,108	119,118	85,77	87,101	267	268
19873	99,65	119,118	56,57	88,99	352	268
19874	117,97	138,113	90,82	79,91	246	267
19875	453,376	234,210	358,314	185,164	464	334
19877	105,129	125,118	71,60	139,89	258	588
19878	92,77	82,76	67,53	61,71	247	276
19879	640,516	474,318	486,483	296,267	315	296
19880	73,44	474,315	52,46	296,264	315	296
19881	80,45	169,135	56,50	100,139	315	187
19882	426,322	169,135	324,292	100,139	276	187
19883	426,322	80,45	324,292	56,50	276	315
19888	453,431	172,128	308,262	93,116	250	227
19889	194,181	102,70	150,120	35,60	227	293
19890	204,195	279,285	152,128	216,234	227	255
19891	192,182	16,19	147,120	9,23	227	293
19892	394,305	282,281	244,254	218,234	293	255
19893	335,255	616,472	204,198	358,320	293	339
19894	333,254	430,328	202,196	255,299	293	325
19895	167,155	358,331	88,120	244,272	235	255
19896	167,153	664,511	88,120	395,370	235	339
19897	210,189	604,460	115,125	354,312	255	339
19898	202,164	429,327	106,111	255,299	255	325
19899	25,43	200,182	32,22	123,108	347	332
19900	199,210	146,147	167,151	126,103	340	294
19901	116,157	56,108	121,160	77,66	348	283
19902	0,4	263,278	5,2	245,290	357	348
19903	2,0	716,671	0,0	565,620	203	319
19904	10,18	716,671	31,17	565,620	232	319
19905	429,495	360,304	377,389	301,263	319	246
19906	236,170	396,363	173,136	398,282	220	257
19907	438,335	654,578	337,256	562,428	257	314
19908	687,611	381,349	656,490	391,295	314	257
19909	406,358	91,152	319,257	189,130	257	280
19910	406,358	55,72	319,257	100,32	257	247
19912	298,310	692,597	206,213	520,474	236	290
19913	339,297	110,91	242,276	91,101	329	216
19914	96,95	212,124	70,93	139,139	231	231
19915	119,110	162,155	104,99	132,153	213	268
19916	1598,1398	5688,4456	1203,1131	3913,3607	210	348
19917	1593,1396	3329,2459	1200,1130	2157,2237	210	299
19918	3136,2451	5706,4473	2060,2042	3935,3624	314	348
19919	2,6	5706,4473	1,6	3935,3624	222	348
19920	2,2	5688,4456	0,5	3913,3607	192	348
19921	2691,2035	3115,2584	1770,1872	2330,2276	269	335
19922	2689,2035	4397,3353	1770,1871	3203,3053	269	330
19923	4447,3381	5389,4366	2806,2763	4038,3606	335	287
19924	2159,1835	4398,3351	1720,1599	3204,3051	287	330
19925	448,354	1,0	331,329	3,1	257	292
19926	449,355	302,270	331,328	265,307	257	292
19927	538,562	405,360	482,409	338,291	371	264
19928	255,208	13,15	182,154	16,4	323	224
19929	170,165	31,38	107,107	67,55	322	714
19930	29,22	7,23	25,19	17,4	331	274
19931	15,23	5,18	14,8	17,4	200	274
19936	198,170	366,364	98,125	219,190	281	380
19937	331,316	165,156	196,193	94,95	380	272
19938	264,212	4,0	141,157	8,1	219	288
19939	48,44	87,65	47,44	60,61	219	239
19940	507,453	397,407	407,365	354,334	322	272
19942	984,930	122,117	746,660	122,83	1025	273
19943	73,76	129,111	81,55	87,94	337	284
19945	313,260	423,355	311,236	348,270	284	291
19946	401,408	152,142	425,374	139,137	466	231
19947	0,1	500,360	1,0	476,434	186	345
19948	78,40	500,360	38,49	476,434	186	345
19949	422,332	276,227	290,317	188,167	334	262
19950	83,58	444,338	60,43	285,314	172	334
19951	362,303	589,409	270,334	374,317	292	290
19952	314,227	596,411	169,248	375,317	259	290
19953	421,360	404,316	288,320	281,262	341	259
19954	313,226	403,317	169,249	278,262	259	259
19955	391,326	645,568	220,283	445,499	278	341
19956	393,340	224,208	221,288	164,194	278	292
19957	398,327	0,0	221,284	2,1	278	259
19959	12,16	9,5	13,11	7,7	279	302
19960	12,16	18,13	13,11	11,10	279	812
19961	12,16	0,2	13,11	0,0	279	283
19962	12,16	11,6	13,10	5,7	279	243
19963	14,16	21,12	13,10	15,18	279	324
19964	14,16	16,8	13,10	13,17	279	292
19965	9,5	0,2	7,7	0,0	302	283
19966	11,2	13,21	3,5	20,19	302	329
19967	2,3	0,1	4,2	0,0	302	283
19968	1,1	6,6	0,0	2,7	283	289
19969	1,1	19,27	0,0	22,26	283	334
19970	1,0	13,21	0,0	20,21	283	334
19971	20,26	14,10	23,23	6,1	337	234
19972	44,46	21,10	29,17	15,20	234	324
19973	4,4	55,56	9,2	37,33	167	243
19974	86,50	54,56	43,48	39,33	323	243
19975	29,30	106,95	16,24	95,49	197	260
19976	86,63	103,80	54,45	52,21	272	362
19978	4,0	40,19	4,0	16,32	245	212
20013	0,0	1766,1362	1,0	1184,1143	222	272
20014	32,31	1767,1362	30,23	1185,1146	222	272
20015	197,158	374,271	140,148	244,274	272	316
20016	62,56	361,277	47,59	241,278	272	316
20017	429,308	197,175	254,283	110,144	316	285
20018	299,222	123,110	201,232	90,114	285	244
20019	300,221	93,101	201,230	67,80	285	285
20020	300,223	89,94	202,230	80,71	285	285
20021	299,224	102,118	205,230	90,93	285	234
20022	175,155	93,100	98,113	67,82	244	285
20023	173,156	89,93	98,113	80,73	244	285
20024	173,155	103,120	99,113	91,92	244	234
20025	173,155	106,121	99,113	93,93	244	237
20026	38,24	66,49	29,33	41,31	381	242
20027	2,0	124,115	1,0	87,93	231	308
20028	23,40	71,54	21,20	46,31	308	242
20029	20,17	66,49	14,12	41,31	308	242
20030	14,7	67,47	7,6	41,31	308	242
20031	476,363	305,231	332,362	174,190	408	248
20032	356,316	303,229	268,263	177,189	408	248
20033	97,74	794,661	70,87	574,599	258	408
20034	828,776	679,558	693,609	496,533	416	408
20035	383,359	207,145	271,247	131,161	261	193
20036	184,146	383,324	134,116	292,274	193	220
20037	267,172	162,128	210,167	137,154	220	199
20038	194,167	485,322	167,147	323,351	200	251
20039	405,349	674,474	320,311	478,455	251	278
20040	116,148	178,156	103,105	134,127	299	233
20041	19,11	176,150	12,11	130,126	299	233
20042	420,351	336,339	292,332	194,279	319	319
20043	379,266	340,339	190,239	196,280	282	319
20044	379,266	134,108	190,239	99,102	282	319
20045	380,270	457,400	188,239	277,365	282	319
20046	33,31	119,95	35,33	89,91	184	226
20047	66,82	67,64	49,37	52,42	211	184
20048	81,84	77,68	51,62	45,62	275	247
20049	34,28	54,28	25,34	47,49	222	258
20050	2,0	54,28	2,3	47,49	196	258
20051	449,417	297,241	317,364	219,221	337	272
20052	0,0	297,241	1,2	219,221	228	272
20053	0,0	449,417	1,2	317,364	228	337
20054	332,319	436,326	283,283	333,300	385	337
20055	129,130	193,157	126,89	146,129	261	293
20056	127,130	8,19	128,88	6,10	261	293
20057	127,130	117,92	128,88	97,99	261	248
20058	127,130	0,0	128,88	0,1	261	259
20059	207,183	117,92	161,129	97,99	3167	248
20060	207,183	0,0	161,129	0,1	3167	259
20061	206,183	171,178	161,129	197,155	3167	280
20062	8,19	117,92	6,10	97,99	293	248
20063	8,19	0,0	6,10	0,1	293	259
20064	7,19	171,178	6,10	197,155	293	280
20065	162,136	171,177	138,92	199,155	293	280
20066	167,141	164,136	140,92	108,107	293	284
20067	133,120	63,59	85,103	66,48	294	223
20068	9,8	64,63	3,8	69,50	294	223
20069	143,151	132,123	133,126	115,108	288	294
20070	90,96	126,115	72,71	114,101	233	294
20071	90,96	212,196	72,71	176,170	233	3094
20072	97,100	127,123	70,75	82,100	233	288
20073	88,92	1,4	71,69	3,3	233	288
20074	97,100	1,3	70,75	2,2	233	238
20075	1,2	158,156	1,4	115,144	201	254
20076	97,63	103,107	68,49	66,78	281	254
20077	29,22	104,104	20,24	66,78	213	254
20078	29,22	21,13	20,24	17,12	213	314
20079	133,100	25,34	102,96	25,20	281	314
20080	107,84	24,34	73,100	25,20	281	314
20081	32,25	24,34	19,24	25,20	213	314
20082	32,25	107,84	19,24	73,100	213	281
20083	21,19	52,45	21,12	45,53	196	281
20084	21,19	15,16	22,12	9,11	196	281
20085	221,167	98,61	143,143	48,56	245	205
20086	223,155	236,136	121,113	115,98	228	245
20087	32,46	195,165	43,26	189,130	280	222
20088	2440,2329	2040,1874	2064,1998	1773,1621	306	296
20089	47,53	60,55	28,35	46,39	282	312
20090	70,90	148,136	52,49	76,77	285	379
20091	100,80	894,693	92,92	629,533	226	322
20092	129,132	310,296	88,121	221,178	240	226
20093	178,173	309,297	116,139	220,178	276	226
20094	178,173	156,169	116,138	119,137	276	240
20095	76,92	170,156	64,58	135,155	314	276
20096	18,10	32,17	13,9	24,25	256	306
20097	36,11	24,12	16,11	15,16	382	256
20098	0,2	18,17	1,1	10,8	277	285
20099	141,99	44,49	89,90	47,42	286	256
20100	96,89	134,98	62,64	82,51	265	247
20101	77,63	107,90	28,64	98,68	216	265
20102	47,44	73,87	52,44	66,76	247	302
20103	74,63	74,59	49,48	63,62	220	242
20104	81,62	37,58	51,40	36,26	246	220
20105	2,11	52,57	3,8	37,48	242	283
20106	70,70	38,24	55,61	22,18	328	213
20117	0,1	1,0	0,2	0,0	277	365
20122	197,172	76,59	208,158	51,35	659	236
20123	66,67	78,66	55,51	51,63	236	259
20124	104,84	153,157	84,66	157,123	259	321
20125	103,85	185,170	84,67	133,104	259	341
20126	103,84	49,44	84,66	45,46	259	209
20127	26,14	44,30	6,5	39,36	214	319
20128	13,12	40,35	5,10	55,56	296	238
20129	171,124	40,35	99,125	55,56	333	238
20130	48,34	38,34	35,49	51,53	333	238
20131	48,29	38,36	32,41	51,51	333	238
20132	121,120	38,36	103,85	51,51	252	238
20133	53,54	38,36	44,30	51,51	199	238
20134	59,30	40,35	39,44	55,56	508	238
20135	48,29	38,34	32,41	51,51	333	238
20136	13,12	44,38	5,10	53,59	296	327
20137	171,124	44,38	99,125	53,59	333	327
20138	59,30	44,38	39,44	53,59	508	327
20139	14,12	46,38	5,10	53,59	296	327
20140	48,34	46,38	35,49	53,59	333	327
20141	121,120	44,38	103,85	53,59	252	327
20142	53,54	44,38	44,30	53,59	199	327
20144	120,116	36,19	96,77	33,31	252	333
20145	121,120	48,29	103,85	32,41	252	333
20146	53,54	48,29	44,30	32,41	199	333
20147	122,117	114,97	100,83	100,84	252	333
20148	109,103	114,97	69,85	100,84	236	333
20149	54,54	45,23	42,30	34,37	199	333
20150	52,54	114,97	42,32	100,84	199	333
20151	1,2	114,97	0,0	102,84	236	333
20152	120,116	45,23	96,77	34,37	252	333
20153	109,101	45,23	69,85	34,37	236	333
20154	109,101	85,70	69,85	39,58	236	252
20155	81,69	1,1	66,60	0,0	289	236
20168	0,2	16,7	0,0	18,14	212	803
20169	118,117	73,41	97,79	41,41	272	199
20170	13,8	25,16	10,4	10,6	330	298
20171	2,1	39,44	1,0	36,51	197	317
20172	223,145	186,154	145,135	111,151	239	230
20173	316,229	248,208	216,252	150,176	299	256
20174	314,276	345,264	220,212	243,211	285	299
20175	193,163	298,213	117,107	197,231	240	285
20182	156,121	140,99	116,135	90,135	305	263
20183	13,11	137,97	7,17	87,131	305	263
20184	19,17	137,97	13,20	87,131	1925	263
20185	74,76	137,97	36,58	87,131	218	263
20186	74,76	13,11	36,58	7,17	218	305
20187	576,463	68,46	418,423	44,41	597	218
20188	1,2	302,228	0,5	203,205	199	298
20189	62,24	102,87	48,52	60,104	221	251
20190	129,115	102,87	82,140	59,101	357	251
20191	127,116	68,51	83,143	29,55	357	221
20192	0,0	8,6	2,1	5,9	207	225
20193	0,1	17,16	0,0	14,11	296	207
20194	314,218	596,472	230,203	500,349	194	265
20195	379,324	624,453	288,247	442,424	200	232
20196	538,404	327,320	367,314	256,254	215	200
20197	386,363	329,299	279,292	253,229	253	215
20198	7,3	329,299	3,3	253,229	301	215
20199	582,438	645,540	346,356	475,433	234	253
20200	553,426	645,540	333,336	475,433	230	253
20201	268,207	378,274	187,163	281,282	239	312
20202	1145,915	1599,1406	905,758	1078,1109	275	313
20203	1464,1164	1712,1385	970,1027	1098,1037	256	275
20204	1212,929	1040,791	758,781	664,798	261	275
20205	1225,909	744,645	766,789	605,594	262	261
20206	10,6	733,634	5,17	599,591	262	261
20207	1471,1037	733,634	891,1023	599,591	335	261
20208	1471,1037	10,6	891,1023	5,17	335	262
20209	1485,1046	1235,1032	898,1025	838,863	335	262
20210	148,89	67,59	112,143	39,51	367	238
20212	24,30	65,50	30,27	35,38	257	226
20213	74,41	115,72	43,41	102,80	226	264
20214	94,93	87,60	87,57	77,69	341	224
20215	0,0	41,38	0,6	28,36	233	336
20216	16,10	5,3	18,12	1,0	216	275
20217	49,35	41,27	25,29	31,33	369	276
20218	6,9	5,11	5,9	10,18	378	365
20221	2,5	12,10	3,3	5,6	259	576
20224	2038,2135	1573,1455	2107,1652	1374,1261	320	203
20225	1949,1898	3417,3631	1726,1487	3266,2786	209	311
20226	8,11	3417,3631	4,5	3266,2786	203	311
20227	115,130	3,7	72,70	0,3	282	302
20228	0,2	1,0	1,0	2,0	271	230
20229	5,13	1,0	4,3	0,0	320	294
20230	5,13	4,3	4,3	4,4	320	384
20231	8,3	25,25	10,9	31,23	191	233
20232	18,14	24,25	19,14	31,25	238	233
20233	19,13	15,9	19,14	14,6	238	191
20234	52,52	11,8	50,43	10,6	340	191
20235	123,117	2,4	71,76	1,0	198	216
20236	369,393	2,0	330,295	0,0	316	198
20237	127,71	69,89	79,72	68,64	287	216
20238	156,98	206,127	117,124	112,143	260	338
20239	149,109	176,125	75,79	124,154	293	337
20240	66,32	118,97	39,38	74,59	239	293
20241	105,84	84,66	67,54	37,41	281	239
20242	217,149	22,7	134,122	13,8	281	273
20243	118,72	18,7	66,67	13,6	281	273
20244	85,75	18,7	62,64	13,6	264	273
20245	85,75	118,72	62,64	66,67	264	281
20246	87,75	23,12	58,66	4,6	264	281
20247	61,49	66,46	36,41	46,37	210	264
20248	53,55	59,61	45,34	36,36	264	210
20249	1712,1165	112,83	1057,1123	60,72	2266	264
20252	1,1	1,1	0,0	3,1	257	422
20253	10,11	39,46	7,7	35,34	248	310
20259	6,0	1,0	3,1	1,0	242	288
20267	6,0	2,0	3,1	0,0	242	245
20279	11,22	18,6	12,12	18,12	234	324
20280	45,52	18,6	26,46	18,12	324	324
20281	135,139	22,12	83,116	6,12	337	234
20283	67,65	38,45	32,59	22,42	324	337
20284	44,37	30,43	21,33	21,35	324	337
20290	2,4	4233,3365	1,2	2844,3013	272	1509
20291	128,143	221,243	130,96	203,170	254	244
20292	128,142	349,333	132,96	300,229	254	255
20293	128,142	321,304	132,96	286,214	254	258
20294	203,190	319,256	130,123	230,220	257	266
20296	129,156	2,1	106,79	0,0	302	203
20297	18,0	163,161	6,11	112,137	265	245
20298	13,0	112,88	6,2	96,72	249	235
20299	169,140	152,146	129,111	117,90	245	254
20300	169,140	165,155	129,111	121,96	245	257
20301	130,116	9,4	122,98	8,5	276	245
20302	130,116	33,30	122,98	38,14	276	245
20303	130,120	84,63	123,100	72,58	276	245
20304	4,0	96,67	0,0	40,36	206	1756
20306	25,25	23,29	39,17	29,30	245	251
20307	1,2	1,6	1,3	7,1	230	288
20308	64,37	39,35	43,37	25,15	307	313
20309	69,81	102,75	65,59	46,73	277	249
20310	107,87	305,190	55,94	179,189	266	1631
20311	1,2	268,215	0,0	171,209	208	301
20313	10,7	268,215	6,9	171,209	188	301
20314	8,6	103,103	5,7	65,99	188	301
20327	45,33	1,3	26,40	2,3	271	245
20328	20,22	14,23	19,9	19,17	344	365
20329	9,5	31,12	1,1	10,11	251	206
20330	229,161	205,210	143,168	185,161	310	285
20331	225,163	606,509	142,146	432,435	285	516
20338	3,0	4,0	2,5	0,0	278	251
20341	4,3	1,0	0,4	0,5	203	278
20342	15,6	1,0	5,7	0,5	206	278
20343	1,0	5,3	2,0	1,4	280	206
20353	0,2	2,3	2,0	3,1	219	273
20355	0,2	0,1	2,0	0,0	219	189
20360	294,255	160,129	179,121	88,77	298	308
20363	6,0	0,0	0,0	0,2	293	287
20364	88,67	88,61	68,67	52,48	253	214
20365	144,115	134,130	99,129	101,98	358	307
20366	144,114	141,138	94,129	101,91	358	279
20367	48,62	19,9	59,46	9,5	299	203
20368	35,44	69,85	38,29	51,44	183	217
20369	64,64	1,1	55,40	3,0	183	217
20370	51,45	60,46	43,29	45,45	217	218
20371	40,58	178,158	44,32	100,101	218	260
20372	115,113	199,186	67,71	152,150	260	268
20373	114,113	6,0	66,70	4,0	260	268
20374	216,163	142,100	126,96	105,83	268	249
20375	7,4	1,2	5,4	1,4	237	238
20376	2,7	114,55	2,2	52,53	253	333
20377	46,30	153,107	25,15	77,124	333	407
20378	59,54	105,78	30,37	76,67	261	332
20379	115,74	131,105	43,63	57,75	299	270
20380	26,21	140,197	26,14	125,131	185	298
20381	366,306	186,156	277,281	163,181	397	311
20382	863,730	186,156	633,710	163,181	828	311
20383	68,48	104,71	41,46	108,81	357	431
20384	38,30	85,53	15,20	55,49	253	357
20385	2,4	85,53	0,0	55,49	242	357
20386	10,7	85,53	1,2	55,49	356	357
20387	25,32	203,117	28,33	118,164	280	646
20388	3,0	200,116	0,0	118,164	280	646
20391	871,694	236,202	533,589	148,146	776	332
20392	1536,1353	243,215	907,1081	154,159	1775	332
20393	1537,1353	219,187	906,1081	117,161	1775	347
20394	191,172	219,187	117,142	118,160	332	347
20395	197,216	157,114	109,119	132,99	381	301
20396	96,83	195,202	67,52	147,141	250	288
20397	360,300	376,310	208,231	208,205	350	424
20398	358,298	233,170	208,232	186,133	350	324
20399	381,316	192,136	214,235	123,105	350	296
20400	186,130	399,329	125,137	214,209	296	424
20401	186,128	234,173	124,137	186,135	296	324
20403	295,224	404,286	154,195	276,273	311	293
20404	174,146	403,288	116,151	275,274	264	293
20405	192,154	404,286	98,132	276,273	363	293
20406	175,146	508,432	118,151	278,316	264	363
20407	773,657	223,192	547,591	145,152	916	294
20408	803,670	285,259	551,603	197,184	916	358
20409	121,111	507,479	85,80	410,324	265	368
20410	443,357	736,854	297,277	697,521	257	469
20411	353,296	782,882	195,196	725,536	237	487
20412	442,356	203,241	298,277	195,152	257	237
20413	419,384	326,291	268,275	202,191	208	239
20414	301,230	540,505	136,170	368,380	200	256
20415	299,231	529,517	138,174	368,350	200	243
20416	299,231	547,528	138,174	379,360	200	268
20417	63,62	0,3	45,40	2,1	188	200
20418	135,115	5,5	65,56	2,4	188	200
20419	62,62	256,208	45,39	168,170	188	200
20420	134,114	266,218	65,55	170,178	188	200
20421	159,125	108,126	93,96	86,83	230	179
20422	159,125	688,599	93,96	372,396	230	188
20423	429,340	6,9	248,238	3,0	213	209
20424	305,237	373,291	202,174	178,209	193	213
20425	1,0	374,291	0,0	178,208	193	213
20426	8,3	373,291	5,3	180,208	193	213
20427	188,192	254,195	121,114	139,112	254	193
20428	464,372	270,199	268,295	146,121	254	193
20429	88,88	270,199	59,63	146,121	230	193
20430	88,88	464,372	59,63	268,295	230	254
20431	87,88	1368,1056	59,63	800,784	230	254
20432	104,102	57,42	71,70	34,27	461	285
20433	31,28	37,29	19,15	27,20	324	238
20434	50,26	56,33	30,18	34,32	240	237
20435	1,0	31,21	0,0	22,22	186	204
20436	2,0	31,21	0,0	22,22	236	204
20438	796,726	255,169	588,532	193,170	752	291
20439	265,235	200,176	183,206	136,171	372	243
20440	265,235	387,321	183,206	232,316	372	342
20441	75,78	388,323	65,49	232,316	372	342
20442	104,68	56,34	46,45	39,26	428	297
20443	76,86	38,33	47,71	24,26	330	213
20444	78,86	7,4	47,70	3,2	330	213
20445	66,46	72,91	19,24	43,60	213	336
20446	50,36	124,96	15,22	78,66	213	354
20449	75,121	1052,1011	124,95	797,767	223	299
20450	704,736	602,524	570,602	467,377	299	248
20451	1245,1059	847,831	951,661	649,605	292	285
20452	719,643	736,650	564,446	542,528	285	236
20453	1752,1557	119,80	1165,1148	70,94	288	288
20454	686,509	672,607	421,427	445,386	220	263
20455	474,434	678,607	332,342	445,391	201	263
20456	75,79	722,647	57,78	513,419	161	263
20457	658,583	1015,869	456,406	849,677	261	314
20458	452,376	586,527	455,368	478,514	255	244
20460	13,11	23,7	17,12	16,12	254	248
20461	13,23	25,19	7,11	12,15	248	246
20463	3,15	4390,3642	12,6	3305,3089	218	779
20464	47,51	31,33	19,49	30,24	347	265
20465	73,60	480,373	44,47	332,345	319	1569
20466	30,22	25,30	16,34	34,41	296	319
20467	25,22	72,57	10,4	38,38	235	296
20468	78,61	108,84	46,24	48,76	275	285
20469	179,144	285,200	139,208	187,177	354	307
20470	232,227	234,199	149,161	186,185	266	275
20471	28,35	4,5	21,23	0,7	238	240
20478	55,35	170,142	34,36	121,134	259	239
20479	43,37	125,89	29,23	61,77	219	223
20480	13,6	129,145	12,8	107,101	224	210
20481	13,5	2,2	8,8	1,0	224	210
20482	173,123	768,706	85,95	594,541	210	425
20483	748,641	409,346	518,474	289,328	425	310
20484	441,429	195,175	363,352	123,148	310	247
20485	181,216	616,557	151,177	524,553	245	410
20486	530,464	177,147	459,474	103,130	410	224
20487	225,215	227,221	186,184	156,171	224	247
20488	282,259	234,195	206,226	188,180	247	279
20489	67,53	111,92	38,41	74,69	220	278
20490	76,61	60,75	40,58	73,46	242	245
20491	1,0	60,72	2,3	73,46	242	245
20492	70,77	60,72	59,64	73,46	236	245
20493	70,77	1,0	59,64	2,3	236	242
20494	70,81	63,62	59,64	50,46	236	242
20495	74,69	2,2	43,68	0,0	242	236
20496	74,68	80,69	45,69	45,68	242	236
20497	137,94	82,81	67,69	55,65	307	242
20500	122,218	30,82	144,121	82,73	252	254
20501	155,163	19,48	127,117	54,37	292	297
20502	28,43	122,91	43,23	86,64	206	202
20503	12,4	8,5	10,11	2,10	235	221
20504	15,6	13,19	17,11	9,9	235	221
20505	12,5	46,44	10,12	22,35	235	221
20506	1,3	46,44	1,1	22,35	232	221
20507	45,56	7,6	37,22	6,5	221	193
20508	26,26	79,54	19,10	41,64	221	317
20509	36,34	38,41	22,24	28,33	221	230
20510	7,6	89,90	6,5	61,65	193	245
20511	5,3	167,157	1,2	127,115	193	317
20512	5,3	2,0	1,2	2,0	193	245
20513	2,0	65,77	2,0	32,58	245	317
20514	42,42	3,6	27,41	2,7	245	245
20515	56,60	51,40	30,61	22,45	317	245
20516	162,173	12,17	107,142	16,7	317	249
20517	195,179	5,7	127,161	5,7	317	245
20518	5,7	60,52	5,7	50,59	245	242
20519	2,0	83,126	0,0	71,83	242	260
20520	67,46	86,133	33,39	74,89	242	260
20521	164,155	38,41	104,117	22,40	356	208
20522	1,2	23,13	1,0	15,11	208	310
20523	1,2	216,196	1,0	117,164	208	385
20524	41,25	248,219	21,13	129,182	208	385
20525	136,157	2,5	96,103	1,4	339	369
20526	4,5	0,0	3,4	0,2	207	191
20527	6,1	0,0	4,2	1,0	207	242
20528	6,1	1,0	4,2	0,3	207	183
20530	0,1	1,5	0,0	1,1	191	242
20531	0,0	1,0	1,0	0,3	242	183
20532	1,5	1,0	2,1	0,3	242	183
20533	4,2	1,0	2,8	0,3	305	183
20534	2,0	1,0	0,0	0,3	215	183
20535	17,27	26,14	20,11	15,18	265	198
20536	413,387	812,550	429,366	472,476	228	279
20537	138,93	87,91	95,107	60,59	309	251
20538	5,4	20,12	8,8	8,12	398	319
20542	155,170	341,351	143,146	243,199	195	261
20544	4,11	275,219	8,12	146,192	214	323
20545	97,76	59,54	52,69	58,44	241	228
20546	97,76	51,48	52,69	51,39	241	216
20547	95,78	187,137	71,66	122,96	226	278
20548	85,66	49,36	68,59	28,20	226	193
20549	81,77	52,39	37,50	45,51	241	229
20550	2,0	37,27	3,4	26,18	1041	248
20556	247,179	3,7	203,203	4,2	255	276
20557	1020,937	1533,1254	784,788	1188,1173	1078	1279
20558	8560,7024	5842,4523	6307,5819	4385,3953	287	259
20559	20,17	16,12	16,9	17,7	248	178
20561	1,0	12,13	0,0	17,7	248	178
20562	21,24	43,26	20,16	25,23	204	228
20563	8,10	44,26	11,13	23,23	185	228
20564	7,10	18,21	13,13	21,9	185	220
20565	41,47	1,1	40,15	0,0	239	209
20566	41,51	27,27	40,19	21,19	239	209
20567	255,239	197,200	179,169	161,176	259	251
20568	81,81	146,148	60,77	100,96	208	218
20569	78,85	148,128	80,70	111,112	266	208
20570	152,141	191,151	117,90	142,126	229	237
20571	2,0	33,40	2,0	26,16	321	270
20572	0,7	33,40	0,2	26,16	247	270
20573	13,19	33,40	11,15	26,16	302	270
20574	8,2	33,40	9,5	26,16	271	270
20575	0,7	2,0	0,2	2,0	247	321
20576	13,19	2,0	11,15	2,0	302	321
20577	8,2	2,0	9,5	2,0	271	321
20578	13,19	0,7	11,15	0,2	302	247
20579	8,2	0,7	9,5	0,2	271	247
20580	8,2	13,19	9,5	11,15	271	302
20581	926,719	686,516	616,657	464,474	288	272
20582	700,554	264,173	421,397	206,141	346	234
20585	6,0	0,2	2,0	0,0	326	286
20587	0,0	0,2	0,2	0,0	338	286
20589	8,0	0,2	2,0	0,0	326	344
20591	6,0	0,2	2,0	0,0	326	344
20593	0,0	0,2	0,2	0,0	338	344
20594	8,0	2,0	2,0	0,0	326	301
20595	6,0	2,1	2,0	0,0	326	301
20597	0,0	2,1	0,2	0,0	338	301
20600	0,0	6,0	0,2	2,0	338	326
20601	432,353	426,408	342,350	360,342	283	346
20602	181,170	471,331	142,132	361,342	230	283
20603	393,415	309,228	370,291	230,215	373	230
20604	164,168	309,228	149,126	230,215	460	230
20610	9,9	19,15	3,5	11,7	413	260
20611	9,9	17,15	3,5	11,7	413	257
20612	29,19	0,0	17,18	3,2	301	226
20613	17,18	19,15	15,6	11,7	301	260
20614	17,18	17,15	15,6	11,7	301	257
20615	13,13	7,4	13,6	8,8	301	336
20616	1,0	36,20	3,4	15,19	226	260
20617	1,0	32,24	3,4	20,10	226	257
20630	4,9	23,16	4,7	23,15	209	271
20631	0,1	4,4	2,2	0,0	285	200
20632	8,5	4,4	2,9	0,0	288	200
20650	65,41	174,124	20,19	99,108	311	456
20651	66,66	124,93	54,68	77,94	285	345
20652	7,6	42,18	9,7	14,13	206	247
20653	6,15	23,18	13,9	20,19	213	227
20654	115,87	303,246	81,75	251,227	236	267
20655	16,34	89,78	23,14	54,55	224	255
20666	42,52	74,43	31,32	41,38	244	193
20667	336,297	299,243	243,269	184,218	415	351
20668	811,643	181,159	583,603	164,159	257	257
20669	1350,1145	510,474	1077,939	444,401	295	257
20670	198,158	942,787	152,131	650,546	192	266
20671	198,158	1173,994	152,131	840,690	192	302
20672	641,529	235,206	438,448	167,146	291	280
20673	248,210	955,824	156,180	709,714	291	283
20674	641,534	53,20	445,450	33,37	291	192
20675	650,546	172,160	451,457	137,130	291	192
20676	361,333	683,544	266,291	503,437	265	291
20677	600,550	522,426	469,440	352,350	368	265
20678	197,168	179,165	133,140	156,110	261	238
20679	107,123	257,211	95,118	149,175	215	261
20681	41,38	9,23	22,22	8,15	409	274
20682	37,26	31,41	9,25	27,37	313	409
20683	17,17	34,31	13,17	12,11	271	313
20684	59,58	69,58	40,40	52,54	220	216
20685	85,62	124,87	56,61	112,67	218	279
20687	19,20	124,128	16,21	131,87	198	263
20688	10,4	124,128	3,2	131,87	329	263
20689	9,8	124,128	7,3	131,87	302	263
20690	235,208	360,286	125,171	230,286	237	308
20691	323,259	6,11	219,234	4,7	308	192
20692	323,259	107,84	219,233	66,79	308	192
20693	153,107	37,18	102,90	17,26	231	284
20694	407,327	37,18	246,322	17,26	192	284
20695	0,0	144,95	1,2	66,87	212	221
20696	0,0	144,95	0,2	68,87	212	221
20697	15,13	141,128	18,11	96,79	221	209
20698	67,40	46,47	40,65	38,35	209	191
20699	67,45	97,73	41,67	75,92	209	206
20700	67,45	82,50	41,67	39,36	209	191
20701	66,41	16,6	38,65	9,7	209	263
20702	82,50	97,73	39,36	75,92	191	206
20703	273,224	99,72	159,195	77,92	191	206
20704	104,78	12,11	63,86	12,10	191	263
20705	2,5	134,101	3,3	98,93	263	218
20706	230,162	145,110	149,172	107,104	230	218
20707	116,92	104,93	98,86	94,100	230	242
20708	187,135	78,64	118,160	61,60	233	197
20709	37,42	54,58	51,37	41,35	249	216
20711	9,17	13,5	12,16	6,6	224	213
20712	496,535	457,545	568,496	569,484	275	303
20714	0,2	62,67	0,0	49,47	242	402
20715	0,1	23,26	0,0	14,23	242	402
20716	0,1	105,72	0,0	76,84	242	377
20717	18,8	63,67	14,15	49,45	242	402
20718	23,26	105,72	14,23	76,84	402	377
20719	61,67	103,74	44,49	76,84	402	377
20720	65,55	84,60	55,49	62,44	377	278
20721	491,462	730,617	342,336	530,520	242	283
20722	834,709	728,617	602,567	532,520	307	283
20723	577,479	1636,1455	416,344	1089,1100	245	393
20724	1532,1346	411,400	1063,1093	294,243	393	225
20725	1531,1347	888,781	1057,1093	687,587	393	253
20726	1532,1347	867,873	1057,1093	709,529	393	275
20727	407,415	889,781	315,292	693,585	225	253
20728	409,408	867,872	312,290	709,529	225	275
20729	410,408	644,634	313,290	485,386	225	218
20730	694,631	867,878	442,411	712,531	253	275
20731	908,828	644,642	699,592	490,388	275	218
20732	604,566	1152,957	499,373	934,685	218	292
20733	1122,1108	1333,1038	865,688	927,818	292	321
20734	1460,1168	694,519	1112,861	476,475	321	247
20735	675,586	211,172	464,461	121,107	800	300
20738	1349,1080	491,375	923,851	341,307	343	343
20739	65,64	99,83	56,53	54,57	592	286
20740	12,3	101,85	5,1	54,56	254	286
20741	63,69	101,85	56,47	54,56	258	286
20742	2,2	99,83	4,4	54,57	258	286
20743	38,34	99,83	24,24	54,57	313	286
20744	91,71	99,83	67,68	54,57	318	286
20745	92,73	77,50	67,69	47,55	318	254
20746	39,36	77,50	24,25	47,55	313	254
20747	38,34	2,2	24,24	4,4	313	258
20748	91,71	2,2	67,68	4,4	318	258
20749	34,29	79,52	19,24	51,56	318	258
20750	39,36	80,54	24,25	51,60	313	258
20751	92,73	80,54	67,69	51,60	318	258
20753	6,5	27,20	8,10	16,12	240	346
20754	166,111	304,251	128,127	228,200	262	342
20755	26,37	60,37	16,18	16,20	327	246
20756	39,48	74,64	42,32	47,51	387	291
20757	28,45	74,64	22,19	47,51	384	291
20758	38,64	95,64	57,50	61,89	290	277
20759	1652,1527	11,7	1118,1135	2,8	362	265
20760	406,289	18,10	233,276	8,23	206	265
20761	227,154	8,5	123,124	2,9	194	265
20762	410,291	1627,1540	233,276	1207,1153	206	362
20763	226,155	463,446	124,124	315,282	194	206
20764	274,245	266,267	170,176	188,184	210	194
20765	779,616	301,261	525,577	190,199	280	210
20766	362,349	749,536	263,271	420,476	245	280
20767	362,348	588,493	264,275	422,491	245	276
20768	351,306	554,450	228,287	396,445	218	276
20769	379,350	402,326	251,331	269,276	218	245
20770	388,316	18,20	266,241	10,22	244	218
20771	391,317	306,242	271,246	216,200	244	218
20772	224,146	477,471	132,160	347,398	224	244
20773	79,53	457,458	57,59	326,364	204	244
20774	97,65	323,268	76,95	214,222	204	224
20775	9,8	202,150	8,2	143,128	211	204
20776	104,104	134,97	82,69	74,74	217	238
20777	104,101	187,126	81,68	106,132	217	275
20779	14,11	147,112	5,11	95,69	230	230
20781	210,159	264,248	135,162	153,171	243	287
20782	57,36	73,78	26,39	61,66	240	284
20785	64,60	44,44	32,51	31,32	280	254
20787	3085,2403	3,1	2280,2064	0,1	342	300
20788	3085,2403	2756,2285	2280,2064	1967,2134	342	257
20789	4,3	35,33	6,1	21,8	367	433
20790	17835,16300	7046,6128	13773,11968	5013,4964	296	227
20791	11876,11044	7046,6128	9367,7995	5013,4964	255	227
20792	17835,16300	15887,13750	13773,11968	11804,11518	296	335
20793	11876,11044	15887,13750	9367,7995	11804,11518	255	335
20794	17835,16300	16020,13853	13773,11968	11905,11613	296	366
20795	11876,11044	16020,13853	9367,7995	11905,11613	255	366
20796	3,3	21217,18487	2,0	15614,14091	251	325
20797	370,343	21217,18487	322,227	15614,14091	311	325
20798	1,1	109,126	0,0	97,69	274	246
20799	1,1	29,32	0,0	30,25	274	203
20800	6,3	109,126	1,2	97,69	261	246
20801	6,4	29,32	1,2	30,25	261	203
20802	106,105	29,31	88,64	30,25	246	203
20803	58,75	58,61	64,40	46,24	203	212
20804	94,71	72,62	59,57	52,62	263	228
20805	139,124	53,46	110,119	21,30	247	179
20806	268,223	473,444	184,171	317,284	291	337
20807	2,8	473,444	3,1	317,284	219	337
20808	548,470	468,439	385,355	316,284	1945	337
20809	420,363	468,439	303,302	316,284	605	337
20810	115,104	748,654	90,77	487,448	230	1945
20811	117,104	342,328	90,75	239,250	230	336
20812	121,110	138,133	95,110	113,122	335	230
20813	223,150	54,39	121,114	32,26	563	245
20814	25,22	22,21	17,18	28,8	295	292
20815	33,18	24,19	26,23	28,8	291	292
20816	281,250	16,12	181,158	13,12	395	277
20817	2,1	1,0	4,2	0,0	385	323
20818	2,1	1,0	3,6	0,0	323	323
20820	2598,2271	15151,12867	2046,2082	11221,11040	245	422
20821	5439,4189	3506,2902	3714,3695	2514,2720	287	245
20822	2366,1921	4020,3437	1554,1656	3155,3127	244	287
20823	3972,3066	3437,2721	2657,2772	2374,2435	289	244
20824	534,631	4651,3561	856,602	3092,3366	378	343
20825	0,0	4651,3561	2,0	3092,3366	211	343
20826	11,6	10,13	5,6	16,5	290	302
20827	53,41	124,107	52,47	96,91	241	221
20828	130,140	162,163	116,113	155,163	261	257
20829	349,307	339,280	303,216	297,256	326	353
20830	87,83	264,242	72,54	230,163	226	326
20831	45,30	57,52	18,35	30,50	195	220
20832	78,72	77,36	42,50	31,55	278	210
20834	211,240	518,409	178,223	347,395	263	248
20835	3,4	518,409	6,8	347,395	263	248
20836	645,524	518,409	430,397	347,395	2193	248
20837	584,466	532,413	379,353	381,416	252	263
20838	856,750	4,1	601,633	2,3	252	218
20839	792,838	705,612	591,567	507,595	351	345
20840	7,12	703,607	11,9	501,585	208	345
20841	1,3	191,217	2,2	141,144	208	351
20844	2,0	5,11	0,0	11,3	300	247
20846	91,57	65,65	46,43	77,72	233	236
20847	286,267	60,105	157,195	67,66	1284	297
20848	76,79	61,103	64,62	67,66	247	297
20849	20,11	14,11	7,21	20,17	228	282
20850	19,17	32,34	28,34	21,34	328	339
20851	55,54	9,8	57,36	14,6	341	226
20853	87,36	70,60	71,57	46,58	293	312
20854	104,71	48,33	75,58	49,47	337	293
20855	52,44	124,62	31,40	103,69	242	337
20856	9,16	554,530	14,5	431,487	238	367
20857	76,76	554,530	61,90	431,486	319	367
20858	26,19	569,541	27,22	331,471	256	319
20859	538,460	442,355	415,455	333,294	376	269
20860	377,270	441,355	240,254	333,294	282	269
20862	585,516	413,343	479,404	294,313	251	209
20863	470,368	467,360	367,374	370,359	209	219
20864	509,420	553,499	385,393	499,419	219	236
20867	111,104	5,19	122,72	24,10	218	246
20868	22,20	448,432	17,14	347,256	198	361
20869	149,160	448,432	131,114	347,256	203	361
20870	10,13	225,189	12,15	178,131	198	361
20871	22,20	170,156	17,14	134,92	198	351
20872	149,160	170,156	131,114	134,92	203	351
20873	73,53	141,91	31,24	84,82	243	221
20874	4,4	139,86	0,4	98,82	289	259
20875	4,4	2,0	0,4	1,0	289	253
20876	207,128	116,96	116,139	84,85	284	236
20877	91,56	152,135	64,56	131,120	236	345
20878	86,51	65,70	59,56	81,59	236	345
20879	4,9	31,31	2,9	22,17	219	224
20880	2,3	26,32	3,0	21,20	219	224
20881	0,2	20,31	0,0	17,16	219	224
20882	23,18	78,56	16,23	29,48	261	248
20883	48,39	29,13	31,28	16,12	308	216
20884	1,5	35,18	1,0	12,19	234	337
20885	35,21	48,35	23,23	18,18	268	288
20888	6,3	81,66	1,2	38,48	192	261
20889	37,25	56,44	25,26	26,52	261	253
20890	9,52	1165,1079	48,63	1050,950	203	272
20891	144,134	218,185	102,103	165,195	244	256
20892	0,0	274,220	0,1	191,221	235	234
20893	143,133	274,220	102,104	191,221	244	234
20894	0,0	274,220	0,1	191,221	262	234
20895	162,136	338,259	130,106	263,258	230	273
20896	170,131	171,161	116,89	151,134	215	230
20897	26,30	47,39	21,34	47,48	264	306
20898	26,20	5,8	40,22	3,4	265	178
20901	0,1	2,0	1,0	0,1	266	248
20902	63,42	33,33	31,48	43,37	200	197
20903	65,46	48,34	34,48	38,31	200	197
20904	71,52	139,140	33,52	150,114	200	197
20905	71,52	72,79	33,52	85,54	200	260
20906	7,10	9,7	5,4	13,5	203	209
20907	1,4	14,7	2,0	16,6	203	209
20908	59,23	14,7	33,22	16,6	185	209
20909	1,4	7,3	0,2	13,11	203	209
20910	23,6	7,3	11,8	13,11	185	209
20911	195,137	7,3	151,139	13,11	200	209
20912	1,0	5,5	1,1	7,2	203	336
20913	19,8	5,5	16,6	7,2	185	336
20914	10,5	2,4	3,3	0,1	203	305
20915	1,0	2,4	0,2	2,1	203	305
20916	1,1	2,4	1,0	2,1	185	305
20917	70,45	2,4	35,47	2,1	200	305
20918	59,23	1,4	33,22	2,0	185	203
20919	23,6	1,4	11,8	0,2	185	203
20920	195,137	1,4	151,139	0,2	200	203
20921	19,8	1,0	16,6	1,1	185	203
20922	1,1	1,0	1,0	0,2	185	203
20923	70,45	1,0	35,47	0,2	200	203
20924	195,137	23,6	151,139	11,8	200	185
20925	70,45	1,1	35,47	1,0	200	185
20926	64,41	4,5	32,46	3,4	200	185
20928	0,2	4,0	2,1	3,0	352	279
20930	5,6	1,0	8,2	0,2	279	247
20932	304,276	88,63	220,180	55,71	291	217
20934	133,123	419,331	80,146	261,321	217	370
20935	417,345	213,172	253,310	147,156	370	248
20936	285,207	133,92	222,216	88,88	351	233
20937	9,7	206,175	11,5	162,141	176	351
20938	4,0	208,177	2,1	164,141	282	351
20939	130,107	184,127	68,71	136,133	208	282
20940	1,1	85,45	0,2	44,61	234	225
20941	93,88	274,215	79,55	240,199	234	306
20942	89,66	4,0	85,66	2,7	237	234
20943	1,2	16,16	2,0	12,32	237	234
20944	89,66	93,62	91,71	72,85	237	234
20945	61,32	113,89	26,33	86,119	193	234
20946	0,1	25,12	0,0	9,8	407	716
20947	1,0	25,12	0,0	9,8	240	716
20948	1,1	25,12	0,0	9,8	401	716
20949	1,1	25,12	0,0	9,8	405	716
20950	92,72	22,11	72,45	8,7	237	716
20951	64,32	22,11	27,34	8,7	193	716
20952	0,1	2,0	0,0	1,1	407	275
20953	1,0	2,0	0,0	1,1	240	275
20954	1,1	2,0	0,0	1,1	401	275
20955	1,1	2,0	0,0	1,1	405	275
20956	92,72	2,0	72,45	0,0	237	275
20957	64,32	2,0	27,34	0,0	193	275
20958	64,32	92,72	27,34	72,45	193	237
20959	10,6	11,8	3,1	9,9	233	219
20960	5283,4171	5652,4573	3806,3358	3839,3906	256	281
20961	4683,4028	648,501	3469,3160	455,481	281	260
20962	4,8	5,2	14,10	0,5	230	207
20965	0,1	0,0	0,0	0,1	342	297
20966	2270,2053	1404,1335	1805,1767	1111,693	276	373
20967	2075,1468	1399,1333	1404,1554	1107,693	904	373
20968	1,0	1404,1335	1,0	1111,693	299	373
20969	4980,4334	4,2	3809,3642	2,3	276	226
20970	2426,2052	4,2	1805,1684	2,3	299	226
20971	2059,1451	2429,2052	1388,1537	1805,1689	283	276
20972	2054,1449	7,7	1382,1537	3,7	283	276
20973	8,0	2029,1622	2,3	1516,1703	228	307
20974	2209,1777	2029,1622	1451,1507	1516,1703	273	307
20975	30,25	2029,1622	32,24	1516,1703	504	307
20976	78,85	104,78	83,57	76,65	209	215
20977	90,64	61,58	65,52	42,37	321	276
20978	10,11	61,58	15,9	42,35	321	276
20979	18,10	61,58	15,6	43,35	321	276
20980	2,0	61,58	0,0	43,35	273	276
20981	4,2	166,134	2,0	126,123	250	332
20982	160,169	0,0	151,148	0,1	325	247
20983	24,20	125,80	14,14	72,89	335	354
20984	214,132	69,58	103,129	66,56	332	307
20985	171,123	100,117	112,102	94,97	307	325
20986	5,2	0,0	9,10	0,2	351	265
20987	102,117	0,0	95,97	0,1	325	247
20988	1253,1140	117,69	739,824	73,65	1067	238
20989	26,28	28,27	13,13	15,30	186	195
20990	6,5	28,27	3,8	15,32	186	195
20991	107,128	82,39	72,89	27,48	236	186
20992	285,252	350,259	215,204	274,226	290	272
20993	3,2	6,7	2,0	6,4	221	215
20994	0,5	6,7	0,1	6,4	226	215
20995	0,5	3,2	0,1	2,0	226	221
20996	42,35	57,43	36,30	47,34	257	259
20997	87,58	51,50	62,62	45,31	299	257
20998	380,378	1543,1174	301,266	1080,871	217	297
20999	2280,1939	498,445	1695,1680	387,384	300	207
21000	3293,2796	1797,1467	2434,2476	1324,1289	293	290
21001	1519,1234	2445,1879	1177,1116	1653,1619	223	293
21002	15,21	17,9	7,7	6,6	215	237
21003	47,46	53,37	44,38	31,44	291	271
21006	33,37	118,103	27,26	67,84	230	175
21007	27,37	530,414	28,22	350,364	230	238
21008	122,144	357,326	129,104	277,269	175	239
21009	108,146	8,2	123,106	4,6	175	239
21010	100,139	289,231	126,99	190,206	175	211
21011	357,313	295,239	304,293	190,214	239	211
21012	357,313	554,419	304,293	358,370	239	238
21013	843,755	13,7	611,595	10,11	267	223
21014	308,271	208,181	226,250	138,129	267	214
21015	216,201	221,247	153,183	189,168	219	242
21016	86,50	61,48	42,26	31,43	287	290
21017	162,140	337,220	151,134	188,181	264	303
21018	13,10	118,78	10,2	102,87	246	248
21019	569,577	213,216	408,418	147,171	972	373
21020	196,178	121,93	117,133	87,77	373	353
21021	60,55	179,120	24,36	127,108	338	340
21022	282,222	45,49	177,175	31,18	300	192
21023	204,212	234,187	183,141	162,173	301	258
21024	227,169	390,353	143,137	258,280	258	367
21025	388,378	324,331	310,310	300,303	367	372
21026	427,350	676,663	260,308	532,424	372	637
21027	427,350	724,679	260,308	532,471	372	1066
21028	339,298	71,85	260,252	46,63	484	234
21029	77,63	70,56	50,62	67,38	234	336
21030	0,1	1,0	2,0	1,2	222	236
21031	0,1	1,0	2,0	0,0	222	236
21032	1,0	1,0	1,2	0,0	236	236
21034	2959,2507	395,320	2100,2003	282,258	249	240
21035	643,640	1031,904	492,489	756,695	260	249
21036	17,15	1031,904	6,8	756,695	433	249
21037	2897,2424	1533,1274	2100,1983	1077,1011	347	257
21038	13,13	1,3	5,21	0,0	282	226
21039	7,3	31,25	1,2	15,10	203	223
21040	42,41	1,0	23,33	0,0	239	203
21041	46,49	16,10	31,36	10,8	239	191
21042	25,14	1,0	4,4	0,0	180	191
21045	69,59	246,279	78,59	263,205	413	408
21046	23,22	137,145	31,28	140,125	391	349
21047	11,38	246,279	60,21	263,205	345	408
21048	1,2	3,9	2,0	11,6	220	238
21049	0,3	2,3	2,0	2,4	220	240
21050	1,2	394,299	2,1	276,271	220	238
21051	259,229	258,162	211,207	149,143	238	240
21052	262,234	389,322	217,211	191,194	238	213
21053	446,352	508,396	334,306	267,250	240	272
21054	446,352	389,322	334,306	191,194	240	213
21055	446,352	228,209	335,306	142,140	240	237
21056	356,236	225,203	193,219	135,135	272	237
21057	193,119	450,317	125,99	252,297	237	239
21058	0,4	263,290	3,0	191,238	239	205
21059	491,428	265,294	271,250	193,236	239	205
21060	483,457	584,493	291,362	358,406	249	289
21061	15,5	798,655	14,12	649,637	247	225
21062	12,5	253,235	13,8	224,226	247	225
21063	12,5	227,202	13,8	142,171	247	203
21064	253,235	227,202	224,226	142,171	225	203
21065	253,234	3,5	224,226	2,2	225	203
21066	241,186	176,124	182,188	133,124	203	202
21067	242,186	183,155	182,187	126,134	203	218
21068	0,0	176,123	3,2	134,124	203	202
21070	170,133	0,0	136,134	0,1	202	183
21071	2,4	12,6	1,5	18,10	196	299
21072	0,0	12,8	1,0	17,11	216	299
21073	0,0	3,3	2,0	3,2	216	196
21074	0,2	14,10	0,3	8,4	182	196
21075	0,1	7,2	0,2	1,4	182	216
21077	161,150	69,53	106,107	66,56	242	218
21078	118,105	105,79	101,102	78,51	364	242
21080	144,136	340,347	91,95	284,258	243	364
21081	4,6	2,3	6,3	2,1	246	215
21082	4,6	70,53	6,3	51,44	246	199
21083	14,19	120,110	17,10	82,65	246	219
21084	332,283	212,147	237,199	131,121	348	241
21085	123,93	0,1	88,99	4,2	222	287
21086	207,178	85,93	94,159	54,52	274	224
21087	107,97	915,954	77,67	742,730	224	749
21088	702,654	712,640	495,507	517,467	429	406
21089	692,656	393,328	496,505	284,279	429	321
21090	692,653	306,226	495,505	201,202	429	269
21091	704,554	505,372	466,504	363,313	406	416
21092	704,551	392,328	462,500	285,279	406	321
21093	579,522	395,331	424,341	288,283	416	321
21094	579,520	306,226	423,339	201,202	416	269
21095	613,426	881,647	357,429	572,584	288	340
21096	683,489	511,501	381,379	469,404	289	288
21097	614,494	598,431	433,376	343,396	325	289
21098	10,28	134,87	42,16	74,99	253	325
21099	6,11	1304,978	2,11	818,759	273	325
21100	10,28	824,571	41,16	459,482	253	325
21102	1933,1486	1882,1457	1108,1151	1120,1119	345	316
21103	1933,1485	169,143	1108,1152	106,116	345	316
21104	1262,1109	1289,1139	789,830	855,842	316	269
21105	1575,1189	3204,2663	891,905	2205,1914	269	419
21106	4218,3693	3174,2789	3060,2810	2496,2224	284	229
21107	4233,3701	3808,3411	3061,2817	3034,2648	284	294
21108	78,260	3670,3207	270,238	2888,2661	287	249
21109	198,168	91,90	117,119	81,85	258	249
21110	99,119	64,50	89,102	34,21	296	232
21111	56,60	134,108	45,46	108,116	232	240
21112	1,4	40,35	0,0	27,26	294	183
21113	58,76	116,106	100,44	91,105	282	262
21114	18,57	13,16	49,27	11,5	370	245
21115	23,55	48,29	52,28	32,20	370	179
21116	157,238	39,45	187,128	36,50	370	194
21117	159,242	39,45	191,129	36,50	391	194
21118	0,8	162,148	2,0	119,135	245	221
21119	1,3	295,256	0,3	212,204	179	291
21123	48,49	171,241	34,28	126,162	206	237
21124	33,28	215,190	16,23	132,116	237	277
21125	265,237	3,0	177,170	2,1	295	292
21126	686,563	320,239	409,446	155,206	597	296
21128	37,38	9,23	32,12	22,9	265	341
21129	518,371	295,230	371,381	197,182	313	258
21130	639,517	61,59	429,403	47,53	375	168
21131	80,61	102,49	52,74	55,78	315	301
21132	72,81	148,119	42,48	86,105	271	318
21133	65,62	91,63	23,43	63,86	260	271
21134	245,211	76,88	157,155	57,67	723	260
21135	87,76	76,88	63,60	57,67	428	260
21137	80,78	128,114	66,74	97,102	274	273
21139	200,201	348,276	222,160	217,182	266	296
21140	259,175	261,177	161,146	212,177	392	266
21141	115,131	259,162	102,126	149,138	269	257
21142	59,59	2,0	86,67	1,0	239	269
21143	10,8	2,0	8,7	0,1	337	268
21144	10,8	2,0	8,7	0,1	337	271
21145	15,6	259,229	14,5	160,172	322	243
21146	136,114	259,229	127,88	160,172	248	243
21147	32,41	48,30	39,28	46,59	210	225
21148	141,132	48,38	114,137	47,59	289	225
21149	25,19	30,32	26,22	29,21	259	239
21154	145,114	75,64	106,74	51,62	264	241
21155	89,49	84,83	49,63	68,97	259	264
21156	40,51	84,83	23,21	68,97	262	264
21157	441,401	137,96	289,335	91,90	546	259
21158	52,55	238,221	36,47	126,228	227	436
21159	68,64	62,75	55,62	37,53	227	237
21160	122,194	71,103	144,152	111,65	354	254
21162	6,4	2,2	7,8	2,3	242	205
21165	681,596	79,71	469,508	59,64	1284	312
21166	24,30	87,75	17,24	57,52	205	276
21167	84,65	874,649	39,46	646,609	276	1157
21172	218,162	456,331	174,184	329,326	244	251
21173	2,0	995,808	0,0	575,616	291	289
21174	312,275	631,519	170,261	390,397	251	280
21175	172,161	3,2	139,116	3,5	269	537
21176	4,1	3,4	4,2	2,3	269	537
21177	172,161	714,578	139,116	536,538	269	290
21178	4,1	714,580	4,2	535,536	269	290
21179	175,113	415,326	99,98	334,338	364	269
21180	799,657	415,326	565,614	334,338	375	269
21181	1,2	410,323	0,0	331,336	278	269
21182	1,0	0,1	1,0	0,0	228	311
21183	618,630	408,337	575,449	279,259	562	314
21184	187,187	601,551	139,140	526,439	247	562
21185	239,293	178,188	198,219	155,128	326	247
21186	21,33	1,4	17,17	2,3	237	256
21188	399,353	642,508	257,310	449,528	237	274
21189	469,357	133,118	301,290	119,125	274	216
21190	306,212	328,257	202,204	216,247	216	255
21192	1,0	2,0	0,0	0,2	244	309
21193	117,109	7,4	77,104	4,1	248	231
21194	124,114	50,22	80,120	41,33	245	231
21195	121,111	51,22	80,106	41,33	248	231
21196	119,109	90,60	77,102	81,76	248	245
21197	2,4	1,0	2,4	0,0	507	291
21198	0,2	1,1	1,1	0,1	207	434
21203	266,265	296,257	219,177	144,191	295	331
21204	572,541	720,566	492,466	556,482	327	277
21205	531,495	574,414	463,434	433,379	327	236
21206	536,498	3,0	464,432	6,2	327	277
21207	1,0	646,509	6,0	484,462	277	250
21208	735,527	632,513	511,469	490,449	277	402
21209	735,527	633,513	511,469	488,449	277	267
21210	735,527	660,546	511,469	508,479	277	250
21211	275,230	358,342	197,173	254,249	221	246
21212	533,457	346,327	368,305	243,247	281	246
21213	527,555	345,328	452,378	241,246	644	246
21214	489,524	345,328	410,349	241,246	312	246
21215	379,329	498,580	308,274	435,398	222	303
21216	664,523	493,581	467,442	433,396	286	303
21217	6,3	493,581	4,3	433,396	303	303
21218	22,12	493,581	13,8	433,396	325	303
21219	664,523	6,3	467,442	4,3	286	303
21220	668,523	281,349	462,442	244,253	286	303
21221	664,523	22,12	467,442	13,8	286	325
21222	668,523	297,358	462,442	253,258	286	325
21223	549,439	152,93	324,394	117,122	288	378
21224	549,439	397,326	324,394	331,339	288	362
21225	199,196	258,169	110,128	162,150	227	235
21227	403,286	318,256	229,276	215,228	287	311
21228	2,2	305,247	2,0	209,211	287	311
21229	219,181	305,247	120,169	209,211	230	311
21230	219,181	2,2	120,169	2,0	230	287
21231	232,188	145,114	124,186	100,110	230	287
21232	252,210	6,4	147,193	5,9	237	230
21233	252,210	195,129	147,193	124,128	237	230
21234	24,17	30,25	15,13	17,21	210	227
21235	60,57	139,75	62,63	79,88	268	274
21236	128,79	107,76	64,97	71,60	274	241
21237	444,361	140,106	279,286	110,82	446	290
21238	160,136	105,81	111,113	72,74	290	269
21239	172,156	164,160	101,89	84,124	284	314
21240	147,165	170,159	87,90	123,117	314	299
21241	157,145	152,167	77,116	112,111	299	294
21244	169,119	0,2	97,124	0,0	243	250
21245	81,83	42,33	70,85	31,42	252	219
21246	81,83	95,98	70,85	72,81	252	326
21247	264,243	1099,988	229,220	776,690	308	635
21248	264,239	277,245	211,211	149,210	329	308
21249	301,258	367,280	204,256	251,259	308	331
21250	221,171	266,236	130,146	181,204	269	308
21251	71,52	121,91	45,33	99,70	222	226
21252	305,243	210,127	227,239	138,126	275	226
21253	7,1	210,127	10,5	138,126	206	226
21255	18,24	0,0	13,7	2,0	261	178
21256	659,627	31,37	655,510	20,33	305	345
21257	332,233	367,285	215,268	221,238	233	238
21258	421,324	367,285	302,354	221,238	255	238
21259	481,393	385,301	392,399	235,247	299	238
21260	466,388	888,681	383,376	537,516	299	327
21261	2,1	2,1	0,0	0,1	247	232
21262	18,24	125,106	16,18	124,112	303	318
21263	2,1	160,146	2,0	106,115	204	223
21264	231,226	517,496	178,223	385,438	269	361
21265	303,251	212,196	221,216	154,168	239	215
21266	173,184	465,361	132,157	270,357	215	269
21267	148,149	292,301	150,163	244,241	226	264
21268	311,296	260,187	279,242	197,191	227	235
21269	157,192	544,476	145,155	412,398	235	295
21270	69,45	78,79	45,39	63,42	381	264
21271	175,121	117,121	93,69	106,107	308	347
21272	130,100	59,60	103,90	54,41	307	274
21273	5,5	598,503	0,1	430,451	248	224
21274	946,787	941,725	681,664	691,668	276	248
21275	2,1	2227,1766	0,0	1550,1594	267	276
21276	67,73	181,159	60,48	155,100	297	349
21277	0,1	2,0	2,0	2,0	231	406
21279	18,1	2,0	2,9	2,0	293	406
21281	18,1	0,1	2,9	2,0	293	231
21284	3370,2773	9197,8633	2216,2023	7546,6784	300	311
21285	49,40	195,230	38,31	201,166	324	320
21286	9,7	249,251	5,4	243,187	259	252
21287	372,378	1,0	368,309	0,0	341	249
21288	192,166	169,149	159,97	128,100	273	239
21289	140,103	211,183	96,87	186,120	227	341
21293	438,454	140,206	334,356	194,138	302	279
21294	34,79	399,470	69,42	334,323	213	302
21295	25,13	10,13	4,2	3,4	311	221
21296	15,10	27,27	10,8	10,17	257	311
21297	2,6	27,11	6,1	7,9	230	251
21298	84,62	3,3	33,40	0,0	417	299
21299	15,15	13,21	11,15	29,10	289	266
21300	13,15	17,24	3,13	31,12	266	266
21304	10,5	0,4	6,1	2,1	329	221
21305	19,13	2,1	14,8	0,2	224	274
21306	419,370	292,309	324,310	256,202	316	335
21307	338,292	252,195	209,241	191,186	335	333
21308	114,151	417,292	106,80	308,303	266	299
21309	686,608	829,670	451,446	514,555	256	301
21310	27,47	11,0	35,23	6,18	473	298
21311	15,17	2,7	8,11	1,10	319	279
21312	15,17	0,0	8,11	2,0	319	388
21313	2,7	0,0	1,10	2,0	279	388
21314	2698,2218	1156,1034	1892,1725	864,953	229	225
21315	1293,1038	701,628	1151,874	569,464	308	246
21316	1324,1116	1386,1167	810,893	1023,923	264	290
21317	289,271	583,472	228,220	369,423	291	207
21318	226,171	589,443	178,138	373,408	254	260
21319	1,1	3,5	0,0	2,3	259	264
21320	402,329	546,408	257,315	383,442	329	327
21321	401,329	112,83	257,310	66,73	329	327
21322	631,519	136,130	347,421	80,99	327	194
21323	629,521	403,378	347,421	269,300	327	268
21324	629,521	3,2	347,421	0,3	327	194
21325	3,2	403,378	0,3	269,300	194	268
21326	111,82	404,378	69,76	269,300	194	268
21327	111,82	398,372	69,76	266,297	194	264
21328	0,0	762,613	0,2	513,510	207	321
21329	0,0	4,7	0,2	1,3	207	319
21330	762,613	4,7	513,510	1,3	321	319
21331	210,238	224,273	192,159	247,157	476	551
21332	94,100	107,106	51,83	106,93	227	251
21333	231,192	164,138	170,170	110,154	303	226
21334	295,274	165,137	232,222	110,156	306	226
21335	16,17	186,152	16,23	129,128	254	235
21336	580,459	93,68	358,363	89,74	324	212
21337	2249,1826	93,68	1462,1572	89,74	763	212
21338	580,459	176,160	358,363	148,147	324	254
21339	893,756	599,531	610,639	418,389	434	308
21340	118,129	598,520	95,96	414,386	248	308
21341	381,355	1041,843	289,340	693,735	321	434
21342	404,304	259,217	210,241	183,187	280	248
21343	404,304	67,57	210,241	50,65	280	321
21344	405,305	226,215	213,241	171,197	280	321
21345	96,86	273,242	59,73	198,244	247	280
21346	4,8	339,277	8,15	202,219	201	247
21347	1,0	10,11	0,0	6,5	329	642
21348	161,169	43,25	136,157	54,32	315	262
21349	298,225	6,6	216,245	1,4	299	256
21350	202,208	282,257	154,148	193,166	272	268
21351	319,336	633,518	203,251	363,479	302	375
21352	319,337	417,321	200,242	283,300	302	321
21353	620,563	416,321	348,486	286,309	375	321
21354	181,177	342,254	141,161	197,223	237	248
21355	181,176	5,9	141,153	4,5	237	248
21356	295,260	324,226	240,211	192,219	248	245
21357	341,288	191,129	217,215	136,159	245	225
21360	20,23	15539,14305	14,21	12752,11793	233	346
21361	16378,14347	8789,8092	11928,10966	6834,5632	243	244
21362	16338,14295	50,45	11902,10908	24,26	243	244
21363	16338,14295	1,0	11902,10908	0,0	243	177
21364	3281,3211	29387,24843	2695,2427	22402,19871	177	337
21365	12104,10774	29387,24843	9279,7762	22402,19871	244	337
21366	12047,10708	10661,9534	9242,7734	8329,7451	244	346
21367	3433,3481	15565,14318	3176,2753	12762,11802	337	346
21368	3433,3481	2478,2109	3176,2753	1860,1927	337	258
21370	22,18	203,160	22,15	150,158	275	386
21371	1,0	203,160	0,1	150,158	272	386
21372	156,159	127,101	129,140	127,84	299	286
21373	19,13	79,66	18,15	57,71	230	225
21374	46,41	114,140	32,27	87,91	225	299
21375	170,153	198,206	125,113	150,145	350	356
21376	115,125	46,41	84,106	22,37	305	206
21377	22,34	8,4	32,26	10,3	206	271
21378	23,33	81,98	32,26	69,72	206	271
21379	20,9	392,332	5,4	269,235	275	234
21380	181,132	129,109	122,125	77,88	234	304
21381	7,12	129,108	7,11	77,89	234	304
21382	28,11	29,34	12,11	19,11	331	276
21383	10,6	26,34	8,7	18,11	264	276
21384	13,6	16,6	9,5	8,13	264	331
21385	253,224	527,493	221,254	488,471	246	295
21386	250,218	578,501	217,247	518,614	246	296
21387	30,26	332,265	40,48	263,275	246	229
21388	435,465	333,271	437,381	267,283	295	229
21389	424,435	3,3	426,372	4,2	295	245
21390	424,435	166,121	427,372	178,150	295	199
21391	258,246	589,531	241,244	530,622	229	296
21392	625,526	297,256	527,519	290,258	296	245
21393	624,525	5,3	526,519	4,1	296	245
21394	345,307	115,84	310,385	119,94	245	317
21395	344,307	348,249	309,384	378,364	245	281
21396	338,305	165,123	308,382	178,151	245	199
21397	612,501	355,253	544,542	381,367	317	281
21398	559,472	171,126	519,514	179,154	317	199
21399	5,9	171,126	5,5	179,154	281	199
21400	67,64	221,151	88,61	201,182	281	199
21401	273,289	543,467	267,161	415,389	477	216
21402	299,282	349,257	200,218	194,258	273	275
21403	851,702	848,730	537,641	616,638	502	403
21404	129,134	12,13	132,84	4,9	295	209
21405	45,34	50,38	26,27	38,31	295	246
21406	1,1	79,107	1,0	58,72	246	272
21407	67,75	79,107	72,38	58,72	246	272
21408	26,34	4,6	22,18	14,6	327	178
21409	48,60	4,6	47,43	14,6	275	178
21410	63,53	4,6	46,39	14,6	272	178
21412	328,288	260,361	284,167	298,240	339	257
21413	0,1	1071,967	0,2	707,669	196	453
21414	249,217	327,307	211,171	275,234	251	270
21415	1,1	327,307	1,0	275,234	195	270
21416	463,386	205,148	319,362	152,187	309	195
21417	463,386	330,241	319,362	233,276	309	251
21418	3163,2339	2889,2493	2032,2048	2273,2061	229	243
21419	3162,2339	3453,2815	2032,2048	2771,2366	229	256
21420	3163,2339	2051,1703	2031,2048	1460,1447	229	214
21421	3162,2339	12,9	2031,2049	13,12	229	214
21422	3163,2339	2128,1765	2031,2048	1508,1479	229	418
21423	3163,2339	3,3	2031,2048	4,3	229	218
21424	3260,2449	2889,2493	2124,2138	2273,2061	1523	243
21425	3250,2441	3453,2815	2121,2142	2771,2366	1523	256
21426	53,29	2889,2493	23,16	2273,2061	269	243
21427	43,21	3453,2815	20,20	2771,2366	269	256
21428	5392,4175	2892,2493	3755,3763	2275,2061	269	243
21429	5384,4167	3447,2810	3752,3765	2771,2362	269	256
21430	5379,4165	1190,877	3752,3760	854,787	269	251
21431	5408,4211	3447,2810	3779,3800	2771,2362	644	256
21432	3252,2769	3459,2820	2314,2307	2773,2365	243	256
21433	9,6	29,32	8,6	30,25	214	207
21434	9,6	2407,1893	8,6	1790,1693	214	922
21435	1924,1593	2384,1869	1600,1376	1768,1672	207	236
21436	1,0	11,9	0,2	12,9	192	242
21438	8,13	11,20	7,13	17,8	242	244
21439	4,6	8,5	8,2	5,1	323	322
21440	6,3	30,29	3,5	22,18	368	296
21441	37,22	10,25	19,16	31,19	296	296
21442	38,29	129,100	27,24	73,90	352	293
21443	183,138	129,100	109,158	73,90	1289	293
21444	81,78	93,76	49,72	46,47	382	297
21445	97,111	94,74	84,96	46,45	419	297
21446	44,23	94,74	20,36	46,45	399	297
21447	44,23	97,111	20,36	84,96	399	419
21448	21,8	92,102	4,27	68,94	297	419
21449	17,16	42,31	14,6	28,23	272	305
21450	12,23	21,14	11,9	17,19	266	254
21451	1,1	0,0	0,0	1,0	253	205
21453	3,4	0,1	6,2	0,0	435	227
21455	104,110	319,442	103,81	319,265	267	445
21457	1,1	0,1	1,0	0,0	271	331
21463	0,1	0,0	1,0	0,1	271	215
21465	0,0	3,2	2,0	1,1	329	332
21466	0,2	0,0	2,1	1,0	329	268
21471	2,0	2,2	0,2	9,2	695	869
21472	38,46	821,741	65,49	695,721	295	369
21473	8,17	1189,1010	12,8	950,808	370	211
21474	11,12	586,539	8,5	536,474	211	222
21475	403,384	1501,1332	345,279	1166,1009	222	244
21477	930,775	2329,1912	750,668	1748,1631	244	274
21478	5,12	2205,1860	14,2	1702,1515	423	254
21479	1586,1428	2205,1860	1318,1099	1702,1515	274	254
21480	1586,1427	4,11	1313,1098	3,2	274	254
21481	1899,1552	995,838	1315,1343	779,614	254	210
21482	1895,1534	1724,1551	1314,1340	1326,1171	254	250
21483	1269,1028	1728,1568	975,878	1326,1174	210	250
21484	42,38	71,46	33,26	59,37	202	228
21485	53,34	102,71	36,44	71,69	281	260
21486	75,80	116,102	74,62	75,80	293	266
21487	164,111	123,96	79,91	96,91	280	243
21488	12,3	529,451	6,4	377,341	225	354
21489	4,5	0,1	6,4	2,3	245	221
21494	345,280	414,325	242,239	235,294	304	284
21495	268,219	415,341	183,153	320,335	264	304
21496	122,105	236,186	81,90	171,172	205	264
21497	372,323	143,109	303,212	73,81	311	205
21498	495,459	366,300	338,398	265,221	408	311
21499	95,103	583,492	84,112	441,388	209	408
21500	269,243	85,92	191,231	57,75	263	209
21501	333,327	212,224	266,246	149,203	303	263
21502	308,266	276,271	179,225	219,207	271	274
21503	263,258	291,263	160,218	245,241	275	271
21504	127,101	153,138	100,117	84,107	219	219
21505	220,207	149,154	153,162	97,106	242	219
21506	150,140	185,137	114,114	130,136	235	231
21507	186,204	157,159	165,120	125,124	269	235
21508	1778,1360	1463,1171	1242,1113	992,913	298	299
21509	1551,1219	1975,1549	1209,1077	1417,1428	309	298
21510	1997,1691	1911,1447	1503,1521	1317,1176	373	309
21511	1166,894	2063,1602	821,757	1527,1542	256	356
21512	935,686	2056,1592	660,589	1526,1540	249	356
21513	1215,1021	2059,1592	797,959	1531,1540	279	356
21514	942,696	1117,732	661,590	643,835	249	256
21515	1215,1019	1123,737	797,959	643,836	279	256
21516	1215,1019	1057,796	799,960	675,694	279	249
21517	27,25	67,77	29,19	48,73	268	312
21518	0,0	61,73	2,0	46,61	280	312
21519	2,5	0,2	12,4	2,0	280	268
21520	9,9	46,22	12,16	17,15	280	268
21522	1038,751	931,793	692,695	789,720	274	292
21523	38,30	0,1	14,13	0,1	200	173
21524	0,2	2,1	0,0	2,0	225	211
21525	1,0	2,1	0,0	2,0	415	211
21526	1,0	2,1	0,0	2,0	279	211
21527	2,0	2,1	0,0	2,0	245	211
21528	2,0	0,0	0,0	0,2	248	225
21533	1,1	0,3	1,2	2,0	233	256
21534	2,1	0,2	1,2	4,5	256	303
21535	2,4	27,54	1,1	34,31	249	370
21536	3,7	27,54	4,5	34,31	249	370
21537	707,561	650,487	531,463	417,463	359	323
21538	163,138	437,327	126,125	280,239	322	320
21539	424,279	261,185	227,213	188,141	320	248
21540	12,14	261,185	11,4	188,141	291	248
21541	37,25	17,16	32,27	10,13	234	200
21542	56,38	54,40	53,51	42,42	279	234
21543	558,506	70,42	465,385	46,39	1143	279
21544	6,2	12,9	7,0	8,8	198	184
21545	9,2	13,12	5,2	10,9	198	195
21546	2,7	25,26	10,7	14,10	231	227
21547	0,0	22,21	0,5	9,6	231	227
21548	18,16	14,11	17,6	11,9	227	231
21549	2,1	127,89	1,1	83,67	340	285
21550	79,57	127,89	41,40	83,67	278	285
21551	5,0	127,89	0,1	83,67	205	285
21552	94,83	149,130	68,63	87,97	285	326
21553	53,65	565,447	55,63	422,480	242	683
21554	442,391	423,348	290,310	303,242	274	256
21555	306,326	423,348	238,246	304,240	276	256
21556	184,168	445,363	120,114	317,253	328	256
21557	158,161	431,351	160,141	305,246	257	256
21558	4,10	431,351	4,5	305,246	276	256
21559	106,93	431,351	73,63	305,246	328	256
21560	306,327	436,382	241,248	294,295	276	274
21561	381,355	438,383	249,235	293,297	328	274
21562	183,168	432,385	124,115	294,300	328	274
21563	140,169	432,385	133,115	294,300	236	274
21564	4,11	430,384	7,7	298,295	276	274
21565	105,93	430,384	77,64	298,295	328	274
21566	106,93	4,10	73,63	4,5	328	276
21567	105,93	4,11	77,64	7,7	328	276
21568	387,354	422,387	246,235	261,305	328	276
21569	189,167	427,391	121,115	269,307	328	276
21570	122,141	427,391	107,98	269,307	236	276
21571	111,92	423,391	74,64	265,302	328	276
21572	140,169	183,168	133,115	124,115	236	328
21573	122,141	189,167	107,98	121,115	236	328
21574	119,146	542,538	107,102	402,393	236	328
21575	5,2	2,6	7,6	2,8	622	257
21576	523,547	419,357	427,371	293,319	309	261
21577	301,240	544,485	167,189	308,391	240	309
21578	572,380	386,398	338,364	307,285	304	240
21579	216,169	111,58	109,118	62,68	230	304
21580	221,166	530,431	114,120	340,331	230	304
21581	676,550	373,288	450,443	204,236	303	293
21582	429,453	105,84	381,305	84,78	258	256
21583	431,451	265,256	381,305	220,200	258	256
21584	439,453	259,236	389,309	172,186	258	219
21585	76,58	252,209	45,42	169,177	218	284
21586	297,299	142,134	256,244	129,125	266	211
21587	297,299	16,13	256,244	8,10	266	179
21588	227,252	349,283	185,184	184,151	228	249
21589	129,96	331,259	103,74	234,267	230	392
21590	130,95	354,254	103,74	225,214	230	347
21591	348,282	353,254	220,241	224,214	392	347
21594	14,1	26,33	15,5	21,16	204	301
21595	1471,1572	152,100	1431,1167	119,91	1170	225
21596	112,132	1386,1468	138,136	1333,1107	389	1170
21597	114,128	1474,1580	137,132	1467,1187	389	1170
21598	591,559	183,203	451,446	223,172	384	389
21599	144,127	183,203	151,125	223,172	348	389
21600	8,11	144,128	6,2	151,123	278	348
21601	677,720	144,128	680,512	151,123	537	348
21602	591,559	144,127	451,446	151,125	384	348
21603	591,560	396,473	450,448	495,330	384	537
21604	151,126	641,557	115,101	517,467	392	384
21605	169,164	174,188	148,130	143,111	455	332
21606	15,24	18,20	25,18	18,8	270	236
21607	1134,1055	2172,1821	972,761	1617,1461	250	275
21616	70,32	79,54	28,41	40,56	279	297
21617	132,100	24,30	72,105	20,25	437	239
21618	25,47	3,7	48,22	2,6	312	238
21619	27,47	42,26	48,22	38,28	312	258
21620	23,19	24,29	19,3	20,25	238	236
21622	5,3	1206,1190	1,6	1006,891	213	706
21623	1334,1307	292,217	1076,919	180,165	706	330
21624	1334,1307	100,96	1076,919	74,68	706	394
21625	232,232	280,225	213,218	133,153	330	307
21626	52,43	384,341	32,28	234,242	270	281
21627	277,262	320,258	213,183	232,201	281	295
21628	277,262	33,11	213,181	11,2	281	295
21629	411,367	201,191	256,262	213,178	295	376
21630	234,213	197,149	199,155	121,127	250	242
21631	283,313	576,462	220,220	392,343	242	341
21632	537,446	186,134	358,359	120,134	341	215
21633	187,155	183,135	114,104	123,128	215	239
21634	148,109	170,142	86,121	129,115	235	239
21635	52,46	123,85	35,46	73,115	248	219
21636	122,109	101,62	119,102	79,84	309	261
21637	131,91	154,96	102,101	110,101	261	287
21638	76,72	28,22	63,76	18,19	273	211
21639	37,41	74,39	45,28	44,47	211	215
21640	78,42	73,66	28,51	53,63	215	219
21641	47,36	99,69	28,24	76,55	219	251
21642	1,3	11,18	2,1	16,9	286	278
21643	10,34	28,13	25,14	11,17	237	275
21644	34,46	26,13	29,42	11,16	307	275
21645	24,18	17,17	11,13	20,30	238	225
21646	5,3	17,17	5,3	20,30	229	225
21647	5,3	24,18	5,3	11,13	229	238
21648	11,8	5,4	9,16	5,5	229	244
21649	11,8	12,10	9,16	7,10	229	331
21651	338,284	234,189	224,188	160,177	221	200
21652	307,268	238,238	252,202	168,147	215	221
21653	862,764	335,292	692,606	248,172	390	215
21654	172,182	1044,931	121,131	815,664	218	390
21655	854,751	666,696	704,524	623,496	359	364
21656	270,329	522,522	343,286	471,380	311	300
21657	855,752	516,515	703,524	467,378	359	300
21658	860,758	286,302	707,527	274,199	359	311
21660	125,105	143,117	114,95	142,126	213	221
21661	130,104	47,38	111,92	39,23	213	221
21662	2,7	414,380	2,6	295,275	221	221
21663	50,51	377,310	39,33	218,230	208	288
21664	49,60	78,68	19,28	59,50	279	208
21665	116,156	78,70	147,123	59,49	279	208
21666	97,98	291,311	103,75	257,212	390	279
21667	47,48	169,153	37,42	103,88	318	279
21668	40,29	165,153	34,21	100,86	318	279
21669	0,1	165,153	0,0	100,86	242	279
21672	0,4	1055,821	0,0	742,782	306	240
21673	0,4	336,266	0,0	206,223	306	196
21674	180,162	43,36	128,110	24,32	266	314
21675	7268,6482	1677,1497	5742,5342	1349,1347	290	260
21676	5555,4693	4670,3924	4101,4051	3582,3447	260	290
21677	9137,7792	7082,5780	7133,5872	5167,5115	325	297
21678	129,67	95,74	65,80	44,87	343	223
21679	66,62	74,42	43,31	60,44	241	294
21680	66,60	12,2	38,32	10,4	241	294
21681	66,60	109,87	38,32	50,92	241	223
21682	12,2	109,87	10,4	50,92	294	223
21683	4,0	41,27	4,3	23,31	294	202
21684	4,0	8,8	4,3	11,3	294	223
21685	52,34	2,1	57,59	3,1	294	223
21686	52,34	44,26	57,59	23,31	294	202
21687	8,8	41,27	11,3	23,31	223	202
21688	2,1	44,26	3,1	23,31	223	202
21689	37,15	50,28	27,15	29,30	223	202
21690	4,0	101,62	3,1	71,79	202	257
21691	49,33	103,66	29,30	78,79	202	257
21692	2395,1959	50,29	1794,1753	35,46	288	517
21693	0,4	43,40	0,0	23,29	248	353
21694	0,4	0,2	0,0	2,0	248	201
21695	43,40	0,2	23,29	2,0	353	201
21696	32,25	65,60	14,19	53,48	353	204
21697	8,11	63,68	8,5	42,52	204	259
21699	31,36	80,71	24,27	62,53	259	253
21700	8,5	17,19	0,0	11,10	243	285
21701	161,114	317,333	89,116	254,240	405	719
21702	72,74	12,12	61,50	10,9	182	197
21703	43,29	1,0	18,29	0,0	197	260
21704	88,89	167,99	57,43	85,103	261	304
21705	5,3	1,3	6,0	3,2	223	237
21707	50,34	38,56	9,18	30,30	276	210
21708	15,8	38,56	14,9	30,30	285	210
21709	32,59	83,88	30,33	61,76	245	230
21710	51,71	87,93	22,33	83,66	230	258
21711	138,104	364,311	59,97	240,225	218	394
21712	3,3	1,5	2,3	0,0	406	267
21713	3,3	1,3	2,3	3,6	406	193
21714	20,14	6,9	9,14	11,8	284	227
21715	0,4	64,71	4,4	38,45	267	306
21716	237,222	678,648	187,239	549,486	341	391
21717	237,222	626,519	188,237	441,394	341	379
21718	237,222	415,418	187,239	325,315	341	316
21719	682,604	621,516	547,510	436,388	391	379
21720	49,56	621,516	49,39	436,388	316	379
21721	649,582	307,289	467,438	274,200	379	305
21722	383,343	287,260	280,253	220,156	305	229
21723	57,66	332,243	87,72	230,199	324	292
21724	59,52	283,209	70,60	226,169	324	296
21725	58,66	280,208	87,71	227,169	324	296
21726	86,76	161,129	44,52	129,95	264	287
21727	191,183	179,173	129,138	141,134	287	300
21728	164,128	41,37	103,102	19,18	255	170
21729	1452,1197	102,106	880,936	95,76	1316	254
21730	67,71	138,109	53,38	82,120	227	241
21731	105,102	142,136	69,82	86,114	287	378
21732	104,93	80,60	62,76	20,49	287	378
21733	0,1	262,233	1,0	151,178	263	378
21734	105,78	110,104	37,68	65,110	916	299
21735	108,75	9,13	37,62	7,10	916	299
21736	197,160	110,104	85,119	65,110	378	299
21737	200,157	9,13	85,113	7,10	378	299
21738	74,59	108,95	20,55	58,104	378	299
21739	77,56	7,4	20,49	0,4	378	299
21740	73,80	48,52	66,69	40,44	299	226
21741	8,1	35,25	5,4	15,20	302	275
21742	8,1	26,18	5,4	13,13	302	236
21743	11,5	0,1	7,9	1,1	319	275
21744	18,6	35,25	9,10	15,20	319	275
21745	18,6	26,18	9,10	13,13	319	236
21748	5,3	2,7	4,0	3,2	293	338
21749	6,3	2,8	4,0	3,3	312	338
21750	6,3	2,7	4,0	3,2	312	338
21770	4,10	0,1	5,5	0,0	247	205
21776	6,5	0,0	1,0	5,0	298	299
21777	6,5	4,2	3,6	4,0	268	298
21778	175,130	113,96	110,148	76,92	278	288
21779	38,22	113,96	16,31	76,92	214	288
21780	75,48	114,95	30,36	76,88	214	288
21781	153,107	115,95	107,117	77,91	338	288
21782	154,165	109,96	137,103	75,91	277	258
21783	373,345	37,35	266,294	30,23	313	312
21784	373,345	26,24	266,294	22,16	313	308
21785	334,267	251,215	238,217	160,158	312	257
21786	169,148	269,231	104,129	172,219	232	255
21788	88,75	3,3	67,81	3,0	454	184
21789	3,5	2,0	0,2	0,0	217	388
21790	3,5	2,1	0,2	0,2	217	214
21791	0,0	1,3	1,0	0,0	220	214
21794	3,0	3,4	1,0	1,4	368	391
21795	93,78	19,3	67,45	7,7	288	232
21796	73,66	305,266	59,40	214,172	288	755
21797	1,4	345,318	5,1	226,235	268	1108
21798	264,211	109,110	155,175	61,67	1108	239
21799	145,109	109,110	104,128	62,67	362	239
21800	194,168	992,1056	141,151	1004,951	339	3060
21801	202,168	197,176	140,152	152,123	339	947
21802	1030,1094	196,176	1039,975	154,123	3060	947
21803	3,5	47,36	4,9	29,42	272	219
21804	47,61	47,36	46,29	29,42	240	219
21805	39,37	38,35	43,22	26,23	219	192
21806	39,37	85,48	43,18	39,69	219	242
21809	0,1	8,3	0,0	12,3	267	266
21810	1,2	61,71	4,0	49,35	231	285
21811	47,34	43,50	40,34	32,24	348	271
21812	20,18	65,46	15,10	34,36	321	348
21813	615,591	590,497	429,426	387,305	246	265
21814	662,578	7,4	433,433	8,2	312	203
21821	9,5	265,224	4,5	174,174	277	267
21822	71,57	267,224	27,34	175,173	271	267
21823	4,9	1,0	1,4	0,2	291	247
21824	4,9	2,1	1,4	0,0	291	243
21825	2,1	1,0	0,0	0,2	243	247
21826	0,0	1,1	0,2	2,4	247	208
21828	0,0	0,1	0,2	0,1	247	268
21831	0,0	0,1	0,2	1,2	247	208
21835	1,1	0,1	2,4	0,1	208	268
21838	1,1	0,0	2,4	1,2	208	270
21839	0,1	0,0	1,2	0,2	208	270
21845	0,1	0,0	0,1	1,2	268	270
21846	0,3	0,0	0,1	2,0	268	270
21862	6,9	1,3	5,5	0,11	348	195
21863	4,6	204,143	6,2	131,130	216	240
21864	2,2	204,143	0,0	131,130	226	240
21865	265,218	196,153	207,159	154,119	226	251
21866	207,171	10,2	173,129	7,6	226	277
21867	119,129	1740,1320	92,108	1058,1148	263	1061
21868	154,109	293,209	108,94	140,136	253	263
21869	195,172	106,123	163,149	134,102	284	312
21870	217,180	52,52	185,195	51,30	286	284
21871	26,9	52,43	9,18	40,35	245	252
21874	2,7	0,1	11,7	0,0	320	236
21875	11,3	29,34	10,18	20,23	325	251
21876	11,0	35,26	3,2	27,17	299	270
21877	0,1	0,0	0,1	0,4	252	274
21878	0,0	40,20	1,0	31,20	211	219
21879	11,8	97,73	10,13	95,96	219	239
21880	9,7	72,58	9,10	51,51	219	240
21881	71,56	114,96	50,63	63,94	240	308
21885	0,3	12,13	2,0	9,7	305	309
21886	20,14	12,13	8,9	9,7	220	309
21887	20,14	0,3	8,9	2,0	220	305
21888	2,2	3,4	0,0	0,4	238	274
21889	17,3	7,5	11,11	4,8	213	276
21890	645,557	137,140	438,417	115,112	335	347
21891	0,0	8,7	0,4	3,11	423	222
21895	78,130	146,153	94,81	125,159	211	233
21896	2,0	144,153	3,0	126,159	211	233
21897	3,0	243,286	0,2	225,210	211	279
21898	431,483	4,0	398,338	3,6	381	211
21899	29,98	4,0	69,49	3,6	449	211
21900	410,428	110,87	360,308	111,72	333	211
21902	117,116	840,628	100,117	616,516	301	941
21903	57,54	157,155	34,41	121,93	242	302
21904	78,72	49,43	76,54	24,46	296	249
21905	121,85	9,7	93,75	9,15	296	188
21906	136,111	154,144	92,126	118,115	363	312
21907	1,3	41,31	3,2	18,21	162	210
21908	56,48	30,17	36,53	10,10	235	194
21909	63,47	23,46	33,50	34,17	224	235
21910	49,42	46,24	41,28	24,37	277	239
21911	65,28	0,2	41,43	1,1	266	188
21912	161,138	779,721	81,88	540,553	217	543
21913	124,108	165,141	71,88	115,139	205	261
21916	69,111	389,371	70,71	311,367	324	647
21917	370,336	174,145	299,268	134,139	568	325
21918	175,172	255,266	140,137	196,177	299	451
21919	183,175	92,100	142,144	65,79	299	277
21920	174,172	149,119	140,137	79,81	299	281
21921	286,261	92,98	220,199	65,79	451	277
21923	376,344	532,405	316,212	366,316	211	231
21924	648,595	530,408	510,394	364,316	281	231
21925	259,224	372,357	215,159	320,289	224	211
21926	650,599	478,395	510,395	351,339	281	224
21927	2,1	1,0	5,0	0,0	238	332
21928	1,0	5,0	0,0	3,1	389	238
21931	1,1	5,4	0,0	1,0	173	230
21932	1,1	145,111	0,0	73,92	173	589
21933	5,4	145,111	1,0	73,92	230	589
21935	15,10	84,82	13,7	58,53	207	358
21936	6,3	84,84	3,4	56,53	207	358
21937	1,1	1,3	1,0	1,0	191	217
21939	68,44	55,39	27,45	33,28	297	302
21940	59,38	1,2	24,39	0,1	297	302
21941	40,28	43,53	23,15	18,19	302	262
21942	90,52	0,2	63,65	0,1	259	264
21943	5,3	1,3	3,6	1,0	269	264
21946	3,1	0,1	0,5	1,0	275	283
21947	3,1	3,4	0,5	1,2	275	291
21948	3,0	3,3	0,0	4,2	275	226
21949	0,0	3,4	0,2	2,2	275	226
21950	0,0	7,3	0,2	0,1	275	233
21951	0,1	3,4	1,0	1,2	283	291
21952	3,4	7,3	2,2	0,1	226	233
21953	6,5	10,3	2,6	0,1	226	233
21955	30,31	4,2	14,32	3,5	267	291
21956	11,7	2,0	2,12	0,0	267	291
21957	11,7	45,23	2,12	10,15	267	353
21958	2,0	45,23	0,0	10,15	291	353
21959	0,7	56,46	1,1	20,35	291	353
21960	35,29	6,5	17,22	13,7	353	294
21962	3,2	1,0	0,0	2,0	287	413
21963	3,2	1,6	0,0	3,0	287	397
21965	0,1	1,0	0,0	2,0	260	413
21966	0,1	1,6	0,0	3,0	260	397
21970	26,22	21,21	16,21	8,19	294	370
21971	22,17	4,3	3,14	5,8	294	323
21972	21,17	6,5	3,14	5,4	294	323
21973	21,17	3,1	3,14	1,2	294	214
21975	30,30	1,2	12,22	4,0	370	285
21976	23,20	3,6	7,14	3,4	370	221
21977	23,20	11,10	7,14	18,11	370	323
21978	23,20	1,1	7,14	1,2	370	214
21979	3,6	1,1	3,4	1,2	221	214
21981	6,5	3,1	5,4	1,2	323	214
21982	11,10	1,1	18,11	1,2	323	214
21984	9,11	7,6	5,8	4,6	323	239
21987	3,3	1,5	6,9	1,0	214	302
21988	1,1	1,5	1,2	1,0	214	302
21990	5,2	6,10	1,5	9,13	302	239
21991	5,2	1,3	1,6	4,5	302	239
21993	383,405	144,165	357,253	133,93	299	333
21995	45,64	22,30	51,56	17,31	380	206
21997	6,10	39,27	12,4	35,22	223	186
21998	17,14	124,98	13,28	78,69	186	262
21999	175,163	205,171	142,128	111,145	280	266
22000	293,303	120,73	225,250	82,87	323	241
22006	152,138	108,94	95,123	92,78	305	308
22007	92,73	124,99	54,50	62,71	218	284
22008	135,104	50,27	85,100	31,21	260	218
22009	93,70	60,47	48,63	40,34	275	208
22010	114,69	60,47	49,45	41,33	278	208
22011	41,23	164,130	25,18	118,137	193	327
22012	22,15	84,72	8,16	44,39	237	262
22013	0,1	542,502	0,0	433,393	255	343
22014	607,518	716,612	451,469	527,495	321	336
22015	479,337	178,109	285,258	94,76	610	307
22016	595,441	183,109	369,353	93,78	610	307
22017	0,1	178,111	1,0	93,76	218	307
22018	5,6	748,582	2,0	507,469	210	610
22019	4,1	602,461	1,2	400,360	218	610
22020	84,85	57,39	103,72	59,46	431	350
22023	92,76	5,2	73,64	4,4	350	170
22024	853,579	328,260	500,533	201,231	291	247
22025	688,599	1278,826	479,424	682,895	397	441
22026	689,603	827,629	479,423	451,511	397	341
22027	968,830	671,522	646,518	422,346	368	397
22028	465,371	595,556	296,301	411,368	294	368
22029	706,771	599,549	540,600	411,363	432	368
22030	707,781	755,641	545,608	512,405	432	294
22032	0,1	0,3	0,0	0,1	223	266
22033	3,3	0,3	1,1	0,1	285	266
22037	3,1	0,1	1,1	0,0	285	249
22038	3,3	0,1	1,1	0,0	285	223
22039	17,16	91,67	14,17	43,57	223	233
22040	20,25	91,67	13,15	43,57	354	233
22041	1,2	66,62	1,1	54,55	222	194
22042	1,0	187,145	0,0	105,135	222	221
22043	92,100	192,150	72,60	111,134	194	221
22044	4,5	117,116	5,2	92,94	221	215
22045	188,161	119,117	133,96	93,94	221	215
22046	137,113	3099,2791	98,102	2531,2282	215	1716
22047	1,0	3099,2791	2,5	2531,2282	206	1716
22048	2981,2702	488,408	2431,2189	377,341	1716	320
22049	384,299	385,329	306,249	280,292	320	320
22050	12,14	117,93	11,11	80,92	273	173
22052	14,14	16,21	1,14	12,16	243	241
22053	12,13	28,14	3,11	10,5	239	226
22056	97,90	1,1	94,59	1,2	194	321
22057	66,60	71,56	69,41	71,50	277	304
22058	1,12	21,19	11,2	24,24	232	273
22059	8,8	4,10	6,8	8,9	297	232
22060	64,50	79,47	44,32	60,37	239	294
22061	64,50	11,12	44,32	8,6	239	197
22062	62,50	79,47	44,33	60,37	244	294
22063	58,53	13,10	24,22	8,6	294	197
22065	4,1	189,167	0,0	114,123	223	237
22066	3,7	5,2	1,2	4,2	223	292
22067	424,440	1366,1165	382,277	1016,987	217	281
22070	92,58	138,100	60,46	93,103	298	309
22096	8,10	15,3	9,6	2,3	352	244
22097	3,5	15,9	3,3	8,10	217	352
22100	474,461	183,135	293,341	105,150	297	244
22101	279,208	811,609	169,143	501,523	251	350
22102	56,55	251,187	15,19	127,138	318	251
22103	222,188	252,189	113,98	130,140	318	251
22104	162,136	1,3	101,123	0,0	264	210
22105	160,138	36,43	101,122	34,34	264	210
22106	154,177	60,53	171,142	57,38	265	182
22107	0,0	984,1031	1,0	912,685	198	637
22108	112,126	984,1031	97,125	912,685	253	637
22109	0,0	1059,1074	1,0	961,736	198	748
22110	112,126	1059,1074	97,125	961,736	253	748
22113	10,7	87,63	5,5	63,56	245	321
22114	30,24	36,58	21,18	26,33	247	311
22115	1598,1299	446,399	1588,1287	474,424	425	266
22116	603,462	101,107	599,468	127,97	266	182
22117	422,374	339,317	317,268	339,257	218	216
22118	379,338	358,351	299,237	299,275	218	209
22119	259,244	399,387	260,227	318,306	216	209
22120	50,45	25,30	41,47	16,11	218	221
22121	302,276	403,418	249,213	330,309	335	450
22122	95,94	147,231	78,62	180,151	288	370
22124	0,1	65,59	0,0	64,50	212	205
22125	0,0	22,65	0,1	39,41	237	322
22126	91,88	210,287	97,73	309,197	336	396
22127	218,277	293,233	304,208	244,206	396	315
22128	54,52	1,2	41,49	5,3	225	252
22129	2,0	4721,3612	0,0	3119,3213	223	342
22130	2009,1691	1877,1583	1326,1364	1152,1432	223	208
22131	2003,1674	8,6	1320,1346	4,0	223	208
22132	2002,1672	6,5	1320,1346	5,0	223	208
22133	2002,1672	4,5	1320,1346	7,3	223	291
22134	2,0	4721,3612	2,0	3119,3213	208	342
22135	4,6	4052,3218	4,0	2656,2928	208	291
22136	6,5	4,5	5,0	7,3	208	291
22137	2061,1516	4058,3236	1164,1272	2658,2947	208	291
22138	2063,1517	10,23	1166,1272	9,21	208	291
22139	2063,1517	4724,3614	1166,1272	3118,3212	208	342
22140	2063,1517	3450,2657	1166,1272	2292,2334	208	296
22141	1,4	4721,3612	3,3	3119,3213	291	342
22142	2,0	6456,5487	0,0	4212,4246	291	339
22143	10,23	4724,3614	9,21	3118,3212	291	342
22144	10,23	3450,2657	9,21	2292,2334	291	296
22145	11,19	6458,5486	6,18	4212,4246	291	339
22146	4509,3781	2576,2013	2840,3247	1652,1941	291	231
22147	4492,3755	14,9	2822,3226	3,5	291	231
22148	4493,3759	4726,3615	2823,3228	3119,3213	291	342
22149	4493,3759	3451,2657	2823,3228	2292,2332	291	296
22150	4494,3755	6458,5488	2820,3225	4215,4246	291	339
22151	2012,1692	4738,3639	1343,1487	3138,3234	231	342
22152	2012,1692	3450,2657	1343,1487	2294,2333	231	296
22153	5003,3969	2960,2405	3255,3248	1750,1815	365	269
22154	4985,3954	1,0	3250,3242	2,2	365	276
22155	4985,3954	2207,1914	3250,3242	1648,1738	365	229
22156	4985,3954	3,3	3250,3242	0,2	365	269
22157	5015,3985	3770,3032	3261,3257	2365,2165	1125	276
22158	0,2	3770,3032	0,0	2365,2165	269	276
22159	2421,1886	3788,3047	1424,1357	2374,2171	269	276
22160	2421,1886	3573,2888	1424,1357	2240,2073	269	270
22161	2424,1887	18,14	1424,1360	11,8	269	276
22162	2,2	3788,3047	0,0	2374,2171	265	276
22163	2,2	3573,2888	0,0	2240,2073	265	270
22164	152,149	269,221	116,144	220,183	238	344
22165	41,48	16,12	50,42	17,19	262	195
22166	4577,4363	965,819	5460,4550	1081,927	269	182
22167	5528,5295	964,811	7262,5315	1074,917	425	182
22168	5529,5305	3033,2770	7271,5326	3413,2719	425	269
22169	77,141	9126,8313	308,185	10699,8439	408	425
22170	746,1179	9126,8313	2005,1283	10699,8439	425	425
22171	5,0	0,3	1,2	0,0	164	179
22172	38,22	31,28	23,17	22,22	258	276
22173	36,27	3,6	52,19	2,2	291	176
22195	61,42	12,9	25,55	19,27	360	323
22196	60,34	62,50	30,46	31,38	208	286
22197	60,34	59,41	30,46	36,22	208	277
22198	145,148	756,607	118,115	461,474	352	579
22199	145,121	208,190	108,111	133,180	320	352
22200	297,316	1384,1427	244,215	1151,1039	361	327
22201	264,308	1384,1427	238,181	1151,1039	324	327
22202	645,732	2367,2227	641,562	2058,1533	235	374
22203	633,726	1308,1196	634,556	1057,869	235	290
22204	1808,1715	1319,1204	1582,1177	1064,875	374	290
22205	1754,1558	787,674	1275,1147	680,569	360	248
22206	947,1020	625,718	799,770	762,532	248	362
22207	315,339	202,206	300,246	240,157	227	262
22208	555,560	35,53	515,485	68,47	227	257
22209	317,339	7,10	300,247	11,17	227	257
22210	6,2	1211,1190	10,2	1048,876	279	347
22211	19,17	513,518	15,7	408,416	270	267
22212	0,1	1,2	0,1	0,0	260	260
22213	889,789	613,578	724,630	438,414	225	339
22214	2161,1955	3408,2640	1798,1612	2403,2303	256	331
22215	2872,2429	2017,1611	2348,2031	1515,1459	275	256
22216	1356,1279	2291,2056	1265,924	1829,1686	259	275
22217	0,3	2299,1959	3,0	1849,1651	238	259
22218	56,43	76,51	47,51	58,34	240	291
22219	368,364	314,294	311,245	212,215	275	254
22220	372,356	2541,2095	310,236	1767,1840	190	349
22221	43,39	3118,2703	33,32	2322,2258	372	349
22222	60,54	3118,2703	59,54	2322,2258	368	349
22223	10,4	3118,2703	3,4	2322,2258	254	349
22224	408,421	3118,2703	344,277	2322,2258	243	349
22225	33908,37920	57529,55217	26644,21390	35161,29106	256	272
22226	36978,46996	40222,48541	123,96	72349,55854	251	298
22227	220,166	139,125	145,121	93,84	632	244
22228	48,62	114,108	45,25	68,83	377	285
22229	97,131	114,108	103,68	68,83	385	285
22230	48,63	149,112	45,25	100,85	377	296
22231	97,132	149,112	103,68	100,85	385	296
22232	40,60	109,93	12,26	86,73	235	303
22233	0,1	176,155	0,5	114,101	226	367
22234	166,91	2,4	120,109	2,2	271	250
22235	163,92	101,117	119,108	86,86	271	236
22236	183,148	102,115	125,132	87,85	272	236
22237	7,2	41,16	2,1	26,27	159	226
22238	1029,831	4017,3432	753,735	2843,2984	324	271
22239	866,1064	4017,3432	1168,869	2843,2984	332	271
22240	866,1064	1029,831	1168,869	753,735	332	324
22241	119,139	187,138	156,99	125,100	213	204
22242	394,338	323,260	295,281	236,222	332	334
22243	243,188	275,273	203,193	183,188	251	332
22244	116,117	172,117	188,101	134,129	646	264
22245	337,342	260,185	344,310	197,146	316	215
22246	292,264	0,2	233,208	1,1	215	260
22247	255,174	22,51	182,166	118,51	198	303
22251	2035,1840	2180,1927	1726,1450	1585,1461	364	524
22252	2045,1853	3283,2815	1730,1454	2385,2197	364	524
22254	81,57	239,228	49,33	209,149	322	279
22255	75,75	59,51	60,69	51,31	234	192
22267	4,0	2,2	4,7	0,0	378	276
22268	2,3	4,0	8,3	3,7	282	378
22269	2,3	2,1	8,3	1,4	282	378
22270	3,8	1,1	2,4	2,1	240	303
22271	3,10	1,1	2,5	2,1	243	303
22275	0,1	6,3	0,0	2,6	285	236
22277	0,1	6,3	0,0	2,6	285	239
22278	3,3	6,3	2,8	2,6	417	239
22280	3,3	0,0	2,6	2,0	417	285
22281	94,83	231,184	74,67	164,157	194	234
22282	135,141	121,112	115,80	78,81	260	194
22283	20,23	35,27	25,14	21,47	223	237
22284	107,108	34,28	87,75	21,47	470	237
22285	3,0	34,28	1,2	21,47	301	237
22286	136,133	34,28	110,92	21,47	750	237
22287	107,108	29,22	87,75	17,16	470	222
22288	3,0	29,22	1,2	17,16	301	222
22289	136,133	29,22	110,92	17,16	750	222
22290	1,0	0,1	0,1	0,0	254	223
22291	140,125	0,1	116,88	0,0	470	223
22292	1,0	19,22	0,1	31,12	254	223
22293	141,125	19,22	116,88	31,12	470	223
22294	108,108	19,22	87,75	32,12	470	223
22295	4,0	19,22	1,2	32,12	301	223
22296	137,133	19,22	110,92	32,12	750	223
22297	246,197	4,6	217,196	2,5	238	224
22298	249,195	5,1	196,189	5,1	238	224
22299	16,15	122,89	8,3	108,109	224	308
22300	17,15	233,178	8,3	200,192	224	308
22301	25,19	144,99	18,7	120,139	224	308
22302	25,19	38,33	18,7	24,30	224	209
22303	144,99	38,33	120,139	24,30	308	209
22304	135,106	3,0	108,98	1,0	308	182
22305	88,122	109,147	148,124	145,112	233	200
22306	0,5	109,147	0,0	145,112	230	200
22307	18,10	114,114	11,8	74,81	260	194
22308	2234,2224	222,190	1939,1450	144,142	205	260
22309	4882,4057	6,4	3563,2744	4,7	227	205
22310	36,94	1756,1522	105,90	1435,1183	197	296
22311	598,679	517,492	781,552	439,355	347	197
22312	147,83	90,52	80,77	56,65	332	280
22313	61,55	114,84	51,47	84,87	251	332
22314	2,2	4006,3511	0,4	2969,2683	224	230
22315	2,2	76,162	0,4	202,155	224	488
22316	2120,1945	6067,4961	1789,1344	4292,4100	488	298
22317	54,86	5637,4417	66,77	4044,3707	298	322
22318	46,46	24,24	45,25	24,11	212	161
22319	233,203	5,2	209,154	5,8	212	212
22329	3712,3237	790,609	2794,2754	514,524	357	188
22330	3713,3237	1686,1530	2794,2754	1288,1067	357	605
22331	2288,1883	788,609	1746,1528	513,524	284	188
22332	625,513	1099,792	493,441	759,681	188	236
22333	213,227	69,83	168,172	88,74	290	228
22337	0,1	0,3	0,1	4,6	197	217
22338	165,170	441,454	145,104	402,335	197	217
22339	3,2	439,455	1,0	402,335	197	217
22340	612,474	259,257	445,342	249,175	243	192
22341	611,474	1,0	445,342	0,1	243	197
22342	612,474	279,280	445,342	277,192	243	197
22343	352,274	277,275	228,227	276,189	201	197
22344	0,1	2,4	0,1	1,3	175	209
22345	1,0	2,4	0,0	1,3	201	209
22346	307,253	2,4	240,218	1,3	207	209
22347	2,3	2,4	2,4	1,3	312	209
22348	307,253	0,1	240,218	0,1	207	175
22349	2,3	0,1	2,4	0,1	312	175
22350	308,252	234,158	241,218	185,111	207	175
22351	3,3	234,158	3,5	185,111	312	175
22352	143,115	234,158	102,105	185,111	172	175
22353	307,253	1,0	240,218	0,0	207	201
22354	2,3	1,0	2,4	0,0	312	201
22355	308,252	396,282	241,218	287,191	207	201
22356	3,3	396,282	3,5	287,191	312	201
22357	143,115	396,282	102,105	287,191	172	201
22371	197,186	90,64	185,117	67,77	303	237
22372	50,47	81,42	38,21	39,41	212	257
22373	50,47	9,6	38,23	4,16	212	257
22374	245,195	334,327	197,176	292,289	282	329
22375	22,21	22,9	26,20	3,10	257	173
22376	36,38	22,9	44,25	3,10	327	173
22377	389,346	650,630	285,317	588,492	260	327
22378	562,488	456,366	409,377	337,325	327	240
22379	559,480	301,232	404,371	238,178	327	231
22380	354,362	304,239	321,273	241,184	240	231
22381	265,253	63,47	165,166	28,54	426	286
22382	265,253	64,53	165,166	28,48	426	265
22383	199,164	63,47	128,106	28,54	331	286
22384	199,164	64,53	128,106	28,48	331	265
22385	22,28	25,14	17,33	14,17	286	198
22386	66,49	25,14	40,32	14,17	265	198
22387	32,20	6,10	28,20	15,3	392	334
22388	34,20	10,11	30,19	14,4	408	334
22389	34,28	6,10	29,22	15,3	408	334
22390	88,62	99,74	50,66	69,91	261	250
22391	107,65	117,72	80,76	77,72	250	257
22392	1061,973	236,193	824,761	155,158	376	200
22393	90,55	26,12	74,50	26,15	284	245
22394	27,24	5,0	13,18	0,10	218	278
22395	12,8	15,12	11,7	11,9	253	327
22396	108,97	775,896	58,67	796,693	252	841
22397	14,6	12,7	10,11	4,8	259	205
22398	22,18	207,180	7,4	193,196	283	310
22399	332,242	162,165	236,206	118,115	310	252
22400	1,7	369,272	0,1	249,311	267	220
22401	87,92	61,50	67,74	53,63	274	292
22402	387,350	204,213	242,253	193,195	300	280
22403	140,139	41,19	134,94	27,18	409	228
22404	39,46	82,53	46,35	41,44	228	263
22405	54,73	68,57	58,32	51,52	263	280
22406	87,55	90,69	46,39	58,48	280	288
22407	19,17	160,104	10,26	83,97	248	248
22408	53,36	68,82	32,36	66,53	202	252
22409	68,73	42,42	58,66	41,45	252	198
22410	128,100	48,26	84,63	43,26	311	253
22411	96,74	50,30	76,83	24,23	258	206
22412	933,854	163,135	684,693	126,118	408	210
22413	635,488	537,386	431,403	344,374	316	283
22414	14,7	8,5	11,8	4,4	283	281
22415	250,229	4,6	220,195	5,5	283	281
22416	450,349	4,5	297,338	10,6	281	210
22417	450,356	22,19	297,344	18,10	281	210
22418	452,352	163,135	300,343	127,118	281	210
22419	449,351	230,152	297,340	187,182	281	210
22420	5,3	759,543	4,6	651,634	249	216
22421	306,188	166,139	236,197	130,122	216	210
22422	306,188	12,8	236,197	16,9	216	271
22423	166,139	12,8	130,122	16,9	210	271
22424	3,0	232,155	3,2	190,185	210	210
22425	628,489	12,8	546,559	16,9	210	271
22426	213,195	238,160	240,214	195,185	210	213
22427	213,195	268,177	240,214	221,215	210	210
22428	5,4	22,18	2,2	30,19	221	271
22429	156,119	65,49	115,95	39,31	282	223
22430	124,89	201,162	101,63	163,142	288	282
22431	99,80	93,93	76,71	88,68	226	242
22432	44,65	207,146	48,45	128,144	273	246
22433	129,96	267,216	94,100	177,183	246	272
22434	3,2	43,25	2,2	27,28	184	315
22435	4,2	242,172	2,2	129,133	184	328
22436	609,532	374,326	476,466	308,235	326	265
22437	711,586	206,176	593,434	206,165	363	236
22438	240,156	0,4	140,169	2,1	179	236
22439	58,29	54,29	13,24	36,35	179	200
22440	187,138	38,33	118,141	27,32	200	188
22441	174,140	99,64	154,123	63,64	268	235
22442	12,26	1,0	27,26	0,2	411	231
22443	51,74	1,0	61,77	0,2	380	231
22444	30,23	51,44	29,16	29,24	231	251
22445	115,61	52,43	77,51	29,26	369	251
22446	22,35	33,33	16,19	23,19	202	220
22447	75,49	37,32	55,32	34,32	265	213
22448	117,117	312,330	129,65	256,240	318	288
22449	114,131	402,421	143,113	298,296	252	340
22450	338,237	279,244	312,222	234,175	285	269
22451	529,493	174,186	402,320	170,137	382	230
22452	3,0	392,312	1,0	362,238	230	301
22453	277,192	390,312	204,181	366,238	230	301
22454	322,290	328,331	291,221	292,269	301	328
22455	65,94	226,279	69,58	229,226	304	650
22456	105,89	41,47	95,62	28,40	329	259
22457	0,2	0,4	2,0	1,3	216	224
22458	128,116	72,81	99,103	63,65	377	306
22459	67,62	62,63	47,51	61,47	248	339
22460	112,98	78,92	89,69	63,66	295	247
22461	19,14	35,25	16,16	27,19	221	346
22462	163,126	68,68	74,84	51,40	367	319
22463	2,10	229,240	3,1	228,182	256	275
22464	678,632	623,550	451,382	333,370	347	324
22465	356,359	622,550	256,219	334,370	258	324
22466	357,357	489,443	253,219	370,317	258	347
22467	52,44	15,2	32,20	3,5	317	202
22468	27,28	21,16	16,13	7,5	225	220
22469	20,32	89,82	26,26	84,51	473	229
22470	15,35	89,82	33,26	84,51	332	229
22471	186,159	50,37	129,155	43,46	236	215
22472	103,80	54,79	59,55	78,61	215	312
22473	101,80	140,127	59,54	141,85	215	255
22474	101,75	153,148	60,52	129,116	215	265
22475	67,49	152,148	28,23	128,116	317	265
22476	236,205	152,150	202,129	127,116	317	265
22477	29,23	9468,7926	20,24	6641,6781	309	356
22478	5884,4814	9468,7926	4147,4379	6641,6781	296	356
22479	11,6	9441,7897	13,13	6629,6769	296	356
22480	7062,5847	16536,13451	4934,4980	11645,11571	309	458
22481	6578,4835	16567,13462	3901,3806	11658,11583	283	458
22482	16244,12867	9427,7694	10798,10567	6559,6768	458	315
22483	8087,6462	9306,7267	5713,5698	6796,6533	315	340
22484	13470,11012	20792,17345	9292,7990	15555,13840	418	483
22485	114,150	194,188	83,89	144,139	247	246
22486	191,158	524,512	170,123	398,342	272	2006
22487	116,113	84,80	90,60	45,55	226	247
22488	141,108	62,77	84,73	39,41	210	226
22489	192,160	107,115	170,121	75,73	272	210
22490	169,136	99,71	136,150	65,66	283	218
22491	28,31	138,167	27,40	173,143	278	275
22492	49,61	134,114	59,53	78,110	275	278
22493	82,93	128,113	106,79	98,103	263	281
22494	10,9	107,133	9,13	78,94	278	251
22495	1,0	87,105	1,0	57,75	278	251
22496	118,131	88,104	106,92	57,75	278	251
22497	13,25	265,202	17,13	161,189	251	353
22498	23,30	52,20	17,13	21,21	262	257
22499	87,69	155,128	37,32	108,118	233	304
22500	191,170	114,69	132,122	70,63	372	233
22501	30,30	114,69	27,16	70,63	316	233
22502	3,4	22,17	2,1	6,16	224	210
22503	0,0	30,37	3,1	32,30	161	205
22504	21,52	269,281	37,29	187,198	247	249
22506	62,49	1,4	58,39	1,2	203	231
22507	95,57	130,96	53,67	109,93	231	258
22508	130,59	155,101	68,59	117,109	250	258
22509	24,15	67,61	24,20	56,73	270	185
22510	141,100	76,74	84,108	66,82	265	225
22511	83,85	276,209	64,56	159,188	225	325
22512	67,45	77,55	47,48	67,68	449	251
22513	202,153	77,55	144,172	67,68	325	251
22514	98,100	97,61	48,49	43,66	267	268
22515	34,19	105,65	24,23	44,66	202	268
22516	9,3	80,53	3,0	60,46	268	259
22517	107,57	80,51	54,86	60,47	268	259
22518	92,55	198,167	45,65	115,130	259	327
22519	2724,2123	3,2	1754,1670	4,0	244	273
22520	2724,2123	2959,2329	1754,1670	1974,1768	244	263
22521	44,34	2956,2326	25,19	1971,1768	244	263
22522	2725,2069	3196,2509	1630,1492	2137,1996	249	244
22523	73,48	3134,2454	38,30	2100,1961	577	244
22524	0,0	3135,2452	2,0	2100,1964	208	244
22525	77,55	3135,2452	45,30	2100,1964	577	244
22526	31,29	2762,2232	19,19	1818,1745	208	249
22527	77,55	0,0	45,30	2,0	577	208
22528	86,67	2051,1610	57,56	1337,1327	426	208
22529	43,31	3252,2604	27,26	1976,1911	426	208
22530	77,51	41,33	44,31	22,20	577	254
22531	3,0	41,33	1,0	22,20	271	254
22532	103,78	41,33	66,66	22,20	426	254
22533	48,45	41,33	33,35	22,20	297	254
22534	81,58	41,36	51,31	23,16	577	254
22535	93,60	41,36	49,28	23,16	552	254
22536	60,42	41,36	36,36	23,16	426	254
22537	5,9	41,36	3,5	23,16	297	254
22538	0,0	41,36	1,2	23,16	204	254
22539	653,439	41,36	425,385	23,16	230	254
22540	3,0	77,51	1,0	44,31	271	577
22541	103,78	77,51	66,66	44,31	426	577
22542	48,45	77,51	33,35	44,31	297	577
22543	60,42	81,58	36,36	51,31	426	577
22544	5,9	81,58	3,5	51,31	297	577
22545	0,0	81,58	1,2	51,31	204	577
22546	653,439	81,58	425,385	51,31	230	577
22547	60,42	93,60	36,36	49,28	426	552
22548	5,9	93,60	3,5	49,28	297	552
22549	0,0	93,60	1,2	49,28	204	552
22550	653,439	93,60	425,385	49,28	230	552
22551	103,78	3,0	66,66	1,0	426	271
22552	48,45	3,0	33,35	1,0	297	271
22553	653,439	60,42	425,385	36,36	230	426
22554	653,439	5,9	425,385	3,5	230	297
22555	653,439	0,0	425,385	1,2	230	204
22556	992,935	679,576	680,659	456,426	442	354
22557	419,324	521,412	279,272	365,352	314	327
22558	0,0	17,17	0,3	11,17	201	208
22559	138,165	17,17	125,152	11,17	1018	208
22560	4,0	36,16	10,7	17,11	275	201
22561	32,25	33,39	20,30	23,31	228	254
22562	152,126	287,207	128,101	176,204	257	275
22567	32,34	1,3	23,40	1,0	288	201
22568	32,34	2,5	23,40	3,2	288	288
22569	232,138	211,121	147,185	113,164	319	261
22570	389,323	632,484	242,276	425,359	365	321
22571	546,502	262,280	377,400	157,184	311	230
22572	545,488	638,487	377,392	424,359	311	321
22573	545,490	289,237	377,392	141,163	311	241
22574	21,16	83,91	15,13	107,74	200	319
22575	22,16	15,13	15,14	13,12	200	319
22576	76,108	68,57	92,73	61,56	319	249
22577	75,106	1,0	93,72	0,1	319	249
22578	75,106	4,1	93,72	4,3	319	299
22579	75,106	76,107	93,72	113,70	319	301
22580	1,0	4,1	0,1	4,3	249	299
22581	1,0	76,107	0,1	113,70	249	301
22582	37,43	3,3	50,27	4,3	249	299
22583	37,43	75,109	50,27	113,70	249	301
22584	964,848	976,798	726,774	671,724	274	284
22585	9,11	1,2	7,18	0,2	230	247
22586	6,1	1,2	0,2	0,2	244	247
22587	5,2	1,2	6,2	0,2	284	247
22588	6,1	9,11	0,2	7,18	244	230
22589	5,2	9,11	6,2	7,18	284	230
22590	5,2	6,1	6,2	0,2	284	244
22592	103,93	1,1	102,83	0,2	271	319
22593	163,175	262,251	173,169	223,163	271	296
22595	110,81	126,92	62,71	97,99	325	329
22597	115,58	57,62	49,59	63,57	275	261
22598	59,51	78,76	42,61	69,58	261	300
22599	83,87	45,29	81,69	27,33	300	276
22600	64,56	93,104	56,48	78,71	276	303
22601	1060,930	89,88	707,698	51,71	1753	293
22602	104,66	91,97	49,66	70,99	293	280
22603	98,62	5,12	50,65	5,4	293	280
22604	76,78	129,101	49,69	82,91	280	336
22605	133,135	41,41	94,138	28,23	336	218
22606	3,1	0,0	2,0	0,1	276	239
22607	5,5	0,0	4,9	0,1	239	239
22608	5,5	3,1	4,9	2,0	239	276
22609	7,5	2,0	2,7	0,0	324	285
22610	10,6	8,0	4,7	2,4	324	285
22611	7,5	1,0	2,7	0,0	324	239
22612	10,6	1,2	4,7	5,3	324	239
22613	7,5	1,0	2,7	0,0	324	239
22614	10,9	15,12	3,17	9,22	337	324
22615	12,9	5,5	3,18	5,12	337	234
22616	13,25	12,18	17,27	4,13	233	337
22617	21,17	0,0	24,15	1,0	302	165
22618	12,12	0,0	18,11	1,0	257	165
22619	41,21	4,4	34,22	6,8	302	297
22620	12,12	4,4	19,11	6,8	257	297
22621	41,21	2,0	34,22	1,0	302	274
22622	12,12	2,0	19,11	1,0	257	274
22623	1,4	2,5	2,2	2,6	222	233
22626	479,389	1140,922	357,358	886,907	237	265
22627	1025,741	912,677	657,704	618,645	287	328
22629	407,401	764,742	365,324	685,515	267	284
22630	727,656	975,981	545,461	741,739	284	354
22631	282,273	190,222	278,220	144,112	282	277
22632	488,412	92,189	380,299	199,133	277	353
22637	47,42	49,61	69,47	54,37	271	182
22639	108,99	528,457	96,106	412,453	300	336
22640	108,99	272,185	96,106	165,202	300	382
22641	107,99	272,189	95,106	163,202	300	382
22642	107,98	272,185	95,107	163,203	300	382
22643	19,15	285,237	23,22	217,205	300	215
22644	272,185	528,457	165,202	412,453	382	336
22645	568,416	563,500	372,454	439,486	382	336
22646	568,420	146,126	370,454	108,108	382	336
22647	568,420	482,391	370,454	326,314	382	287
22648	568,416	284,237	370,455	215,205	382	215
22649	146,126	482,391	108,108	326,314	336	287
22650	143,127	4,8	106,106	1,4	336	287
22651	143,127	428,345	106,106	294,329	336	279
22652	143,129	14,12	106,107	7,9	336	279
22653	143,129	552,535	106,107	412,502	336	302
22654	503,320	481,390	298,338	327,315	336	287
22655	4,8	428,345	1,4	294,329	287	279
22656	395,355	287,238	317,357	217,207	287	215
22657	396,362	428,346	314,358	294,329	287	279
22658	393,355	583,426	315,354	356,373	287	299
22659	219,152	453,370	132,148	377,327	215	262
22660	220,144	14,11	133,145	9,9	215	279
22661	220,144	554,542	133,145	413,506	215	302
22662	428,389	409,314	319,310	264,305	262	263
22663	472,402	428,345	378,332	296,332	263	279
22664	465,399	14,12	369,332	9,12	263	279
22665	14,12	552,535	7,9	412,502	279	302
22666	14,13	551,537	7,9	412,502	279	302
22667	14,11	554,542	9,9	413,506	279	302
22668	496,389	558,538	352,371	425,504	279	302
22669	541,385	307,183	337,299	197,159	265	247
22670	541,385	320,196	337,299	202,170	265	376
22671	474,329	11,15	290,262	8,7	235	236
22672	594,412	165,121	357,315	103,103	235	236
22673	480,339	22,26	289,279	12,16	235	236
22674	477,330	320,195	292,262	203,170	235	376
22675	477,330	308,182	292,262	198,159	235	247
22676	477,330	277,170	292,262	180,140	235	229
22677	240,179	321,195	197,172	203,170	236	376
22678	240,179	427,265	197,172	265,216	236	247
22679	240,179	284,180	197,172	179,157	236	229
22680	240,179	224,127	197,172	122,108	236	196
22681	447,269	633,491	293,251	385,385	280	271
22682	571,498	605,549	367,359	364,378	271	303
22683	794,660	506,489	486,494	400,369	303	300
22684	158,155	314,209	120,184	210,175	275	321
22686	343,278	117,103	220,212	98,108	321	297
22687	254,173	139,104	183,134	96,80	297	234
22688	0,2	139,104	0,0	96,80	267	234
22689	126,128	159,127	119,84	94,83	253	253
22708	1216,1000	882,729	766,761	613,668	315	300
22709	275,231	1135,825	177,178	718,725	209	311
22710	1,1	1132,826	1,1	718,725	209	311
22711	695,575	372,361	464,489	305,292	278	209
22712	191,183	243,168	153,151	146,162	287	249
22715	189,137	2,0	127,161	0,0	296	258
22716	117,84	223,235	86,75	184,153	247	393
22717	35,50	116,113	41,25	75,93	229	226
22718	197,154	94,66	87,92	50,52	288	229
22719	194,133	86,87	102,121	87,66	241	288
22720	150,68	118,105	68,63	62,52	229	241
22721	128,75	154,92	69,65	66,79	240	229
22722	107,88	140,93	57,62	60,76	215	229
22723	120,87	163,119	64,66	79,96	215	240
22742	460,409	234,234	326,359	177,133	303	227
22743	329,277	463,385	215,243	308,288	256	303
22744	178,155	464,387	130,120	309,289	239	303
22745	175,157	305,287	129,118	228,266	239	256
22746	217,154	309,263	101,125	209,240	230	239
22747	402,353	174,141	245,305	121,115	273	230
22748	432,394	269,212	289,303	142,163	265	273
22751	133,103	214,179	94,94	158,142	232	272
22752	145,133	1,2	103,119	10,2	259	247
22753	67,63	1,2	48,48	10,2	234	247
22754	1,5	37,26	2,1	39,23	221	290
22755	74,55	48,36	52,55	29,43	297	240
22756	92,66	46,36	55,53	25,45	308	240
22757	34,29	35,23	39,38	19,18	237	236
22758	154,106	27,23	93,86	21,21	383	237
22759	39,28	134,111	27,33	107,89	346	383
22760	442,500	259,283	428,356	223,206	419	321
22761	136,166	513,413	151,131	381,422	321	348
22762	136,163	680,576	152,132	501,480	321	462
22763	429,396	680,576	358,321	500,480	348	462
22764	429,395	199,143	358,321	153,121	348	234
22765	740,636	199,144	525,592	152,121	462	234
22766	735,626	338,304	516,589	259,241	462	289
22767	6,10	480,380	10,3	311,318	289	300
22768	397,332	416,329	260,281	316,322	256	314
22769	544,407	212,146	374,376	142,145	319	235
22771	3,0	18,6	0,1	6,5	197	200
22772	377,302	230,229	251,249	178,145	236	203
22773	346,332	520,437	272,251	299,334	224	289
22774	468,396	432,406	322,254	270,357	279	292
22775	517,447	20,9	340,363	3,11	289	282
22776	810,726	852,770	477,506	513,646	422	422
22779	94,79	3,4	74,87	1,3	318	237
22780	94,79	87,57	74,87	46,70	318	231
22782	12,6	5,2	10,2	6,4	198	289
22783	44,39	4134,3368	17,23	3270,2737	192	282
22784	57,29	66,57	51,30	64,34	287	340
22785	305,274	30,30	192,252	25,18	1063	229
22786	36,40	40,34	44,38	32,26	334	215
22787	3,0	69,39	7,4	32,25	275	247
22788	110,100	57,62	120,100	58,54	347	213
22789	31,14	54,56	16,20	33,30	240	381
22790	430,358	154,140	269,288	117,86	345	248
22791	78,67	156,140	57,64	117,86	345	248
22792	433,363	226,194	274,289	153,147	345	307
22793	263,209	112,78	179,208	60,70	283	345
22794	263,209	368,328	180,208	260,290	283	345
22802	2020,1398	1579,1262	1312,1290	1061,865	355	516
22803	2019,1397	1241,949	1303,1283	798,667	355	516
22804	2020,1398	950,716	1312,1290	583,496	355	478
22805	1212,985	621,502	908,875	396,418	299	271
22806	2020,1396	1331,1130	1305,1285	886,890	355	299
22807	1048,798	508,392	697,672	372,329	285	355
22808	1048,798	1678,1343	694,672	1253,1188	285	355
22809	1048,798	16,20	694,672	8,9	285	250
22810	134,128	7,6	86,109	10,8	326	285
22811	1344,1118	1447,969	871,975	910,926	326	285
22812	135,128	1455,973	86,109	920,934	326	285
22813	917,859	1262,983	589,610	820,822	263	326
22814	293,276	11,10	238,280	10,7	248	293
22815	166,176	6,10	166,137	10,4	228	293
22816	311,288	0,0	246,294	1,0	356	311
22817	301,280	0,0	245,289	1,0	248	311
22818	384,361	90,74	308,332	70,115	230	218
22819	233,229	241,233	214,220	193,217	228	230
22820	52,26	59,51	26,22	28,28	239	270
22821	9,6	47,53	5,3	39,43	355	245
22822	17,10	44,50	13,4	37,45	276	245
22823	74,42	47,53	37,35	39,43	276	245
22824	74,42	3,0	37,35	4,6	276	210
22825	2,2	46,50	0,0	37,43	276	245
22827	246,155	133,88	135,154	78,68	323	241
22828	399,316	5,10	218,280	7,3	245	256
22829	117,107	94,102	96,96	55,63	256	245
22830	18,15	196,165	15,22	153,163	233	308
22831	175,152	3,4	108,116	4,3	226	273
22832	1,4	136,106	0,7	105,95	311	205
22833	150,131	26,10	97,119	12,7	247	205
22834	1,4	37,14	0,7	26,18	311	1101
22835	0,2	118,101	0,0	92,113	223	252
22836	352,236	344,310	198,202	192,273	299	221
22837	133,146	429,365	97,92	270,297	293	299
22838	86,74	51,37	116,97	68,40	245	200
22839	4,0	45,35	5,4	53,34	200	191
22841	1208,998	8603,7317	948,915	6427,5685	239	452
22842	1207,997	2021,1757	948,915	1573,1450	239	232
22843	26,21	24,15	16,22	11,16	292	298
22845	2,10	0,0	6,3	2,0	248	248
22846	1,5	23,10	6,3	6,10	227	254
22847	0,0	44,20	0,1	27,35	232	218
22848	12,15	51,30	11,21	33,37	232	218
22849	4,0	44,20	4,4	27,37	232	218
22850	17,21	27,34	22,11	22,26	218	250
22851	50,31	18,12	32,30	15,11	250	224
22852	40,19	40,30	28,31	26,24	224	265
22853	28,43	952,787	26,27	625,656	265	2395
22854	8,11	5,5	4,6	2,4	271	172
22857	56,55	1,1	47,49	3,0	282	248
22858	33,15	49,31	19,15	32,49	230	244
22860	5,4	3,0	2,2	1,3	242	227
22861	2,2	11,4	1,1	2,1	219	227
22862	26,31	167,129	30,31	112,101	195	288
22863	26,31	174,131	30,31	113,107	195	308
22864	81,69	68,55	53,60	48,41	215	195
22865	34,30	61,65	24,34	32,35	222	256
22867	124,90	284,237	100,90	231,231	229	269
22868	21,28	133,81	30,21	84,78	178	247
22869	65,53	50,53	36,36	35,34	327	283
22870	44,34	45,60	22,35	24,39	261	327
22871	40,38	45,43	24,30	33,39	277	311
22872	39,38	23,12	26,30	24,28	277	285
22873	55,56	96,92	47,41	57,98	248	310
22874	2,2	29,18	0,0	12,12	204	242
22875	4,1	8,13	3,2	6,5	242	254
22876	17,17	508,387	7,7	332,378	254	1948
22877	478,377	57,55	328,363	55,57	1948	325
22878	24,13	106,73	23,16	85,83	221	462
22879	117,98	9,12	104,95	8,13	363	221
22880	220,220	118,103	161,182	92,94	733	394
22881	231,229	99,93	174,193	70,109	733	495
22882	33,25	200,210	15,20	156,168	267	733
22883	52,56	101,108	40,27	82,69	373	266
22884	0,1	30,28	0,0	27,24	271	285
22885	26,20	63,55	17,21	37,46	276	249
22886	4,8	132,103	2,9	90,107	272	302
22887	24,22	91,73	17,21	50,70	276	302
22888	45,65	2,0	40,36	0,0	229	261
22889	22,25	149,103	18,20	62,94	293	816
22890	168,142	250,162	103,96	136,98	241	217
22893	7,6	171,98	3,2	87,85	228	247
22898	63,71	37,41	40,62	26,12	297	204
22899	6,5	5,6	3,0	2,1	331	297
22900	0,0	14,10	3,0	13,4	248	207
22901	1,5	22,13	2,3	51,36	243	232
22902	17,20	16,6	7,29	4,10	281	232
22903	16,17	10,5	13,11	4,8	225	232
22904	16,12	8,5	11,5	5,8	254	232
22905	17,15	18,12	11,13	48,28	225	281
22906	2,0	0,1	2,0	4,0	413	425
22907	159,85	126,137	81,90	115,98	295	276
22908	97,88	35,42	61,62	27,25	276	182
22909	199,148	220,156	140,131	143,139	289	308
22911	2,4	193,177	2,2	145,152	201	315
22912	45,45	121,102	46,32	87,93	317	315
22914	2,4	121,102	2,2	86,93	201	337
22915	73,78	2,3	64,61	1,1	317	201
22916	62,51	2,3	47,63	1,1	247	201
22917	62,51	73,78	47,63	64,61	247	317
22919	0,3	1517,1399	3,2	1075,997	164	257
22920	2,1	1519,1396	1,2	1075,997	164	257
22921	28,23	608,510	4,12	405,397	161	290
22922	28,21	930,905	4,12	689,720	161	283
22923	19,15	609,505	21,15	404,402	161	290
22924	346,336	39,22	267,273	27,17	161	267
22925	28,21	2225,2015	4,12	1616,1472	161	257
22926	28,23	467,405	4,12	380,323	161	257
22927	124,145	609,505	99,107	404,402	257	290
22928	467,405	608,510	380,323	405,397	257	290
22929	404,351	608,504	330,310	401,393	257	290
22930	402,349	608,504	324,310	401,393	268	290
22931	1968,1828	5,3	1394,1296	11,6	290	241
22932	1970,1827	44,26	1392,1294	35,31	290	241
22933	462,375	930,906	300,295	689,722	241	283
22934	9,11	10,10	6,7	16,3	201	251
22935	5,13	10,15	7,5	9,4	208	232
22937	26,21	15,18	10,12	11,24	222	321
22938	29,30	3,7	27,28	3,5	281	293
22939	22,19	46,58	12,17	37,43	207	281
22940	899,750	6,9	696,750	7,3	188	245
22941	1190,886	671,580	795,844	505,618	221	206
22942	1278,1042	672,582	959,972	505,620	188	206
22943	2,6	18,23	7,8	10,23	248	306
22944	60,12	18,23	15,16	10,23	273	306
22947	0,0	4,5	2,0	8,6	189	247
22948	17,20	2,0	21,16	6,2	294	247
22949	233,200	528,431	160,162	363,363	236	276
22950	18,12	253,237	13,8	209,198	276	252
22951	371,399	249,237	279,321	209,198	276	252
22952	249,244	77,55	200,187	66,38	252	192
22953	296,219	476,390	178,189	340,348	192	294
22954	153,148	147,157	153,122	100,123	213	194
22955	57,59	129,111	33,41	117,93	226	249
22956	148,118	197,153	88,91	122,126	249	252
22957	175,165	309,238	133,131	200,189	252	294
22963	1551,1293	355,375	1202,1049	330,225	986	342
22964	38,46	19,15	51,40	16,9	314	305
22965	101,102	125,114	83,107	102,77	290	305
22966	61,52	143,90	40,36	60,51	290	324
22967	49,46	84,71	40,31	53,47	337	325
22968	53,34	63,26	30,49	42,28	271	337
22969	1616,1267	3247,2827	1051,1062	2510,2394	274	301
22970	6,5	0,4	5,8	2,5	1216	388
22971	0,0	2,0	1,1	1,0	388	217
22972	0,1	1,4	1,2	6,2	388	772
22986	376,332	271,271	264,330	282,238	288	230
22987	11,9	264,271	2,7	278,231	288	230
22988	7,3	468,379	7,7	307,301	269	288
22989	116,94	223,167	65,69	135,178	187	206
22990	503,406	182,187	275,390	130,162	283	225
22991	299,283	343,284	200,246	246,204	267	280
22992	4,0	0,3	4,0	0,5	312	271
22993	3,7	2,2	4,5	1,0	890	285
22994	29,23	29,8	20,24	16,12	251	249
22995	22,20	42,25	17,23	13,16	251	244
22996	28,25	34,47	42,20	34,37	238	249
22997	117,110	27,21	82,67	31,23	298	253
22998	39,54	112,83	39,31	79,56	227	298
22999	129,112	54,48	85,80	41,33	340	227
23000	94,63	125,142	55,64	113,79	277	340
23001	55,48	85,77	39,40	49,54	239	277
23002	72,65	73,39	55,54	41,48	261	239
23004	23,15	502,394	11,21	311,325	259	309
23005	47,55	320,259	61,57	221,224	219	259
23006	73,73	274,189	73,76	191,232	219	282
23007	140,103	13,10	85,112	5,9	236	219
23008	141,100	122,110	85,111	113,116	236	219
23009	217,144	127,104	151,143	105,102	294	275
23010	78,70	127,106	54,56	103,100	203	275
23011	187,184	128,104	146,178	103,100	284	275
23012	219,143	64,52	151,143	35,60	294	250
23013	78,70	64,48	58,58	34,60	203	250
23014	82,75	259,219	55,56	177,191	203	294
23015	189,184	257,216	146,177	178,187	284	294
23016	189,186	81,38	147,181	44,38	284	203
23017	0,2	2,1	1,0	10,0	170	251
23019	23,18	98,74	16,21	48,68	232	207
23020	43,40	56,44	42,29	28,37	207	235
23021	16,3	23,16	8,4	24,20	222	283
23022	57,45	145,103	33,53	81,92	191	235
23023	187,150	84,53	131,118	60,53	194	191
23025	625,467	418,352	369,363	341,373	721	401
23026	271,209	193,172	187,230	96,152	339	266
23029	1,2	7,9	4,1	6,7	238	272
23030	428,367	745,570	271,328	397,505	240	294
23031	867,754	488,367	579,662	251,304	319	240
23032	6,8	29,23	4,0	18,9	295	213
23033	15,14	1,0	14,8	0,0	295	240
23034	8,13	1,0	10,1	0,0	286	240
23035	8,13	15,14	10,1	14,8	286	295
23037	378,295	1,0	291,270	0,3	312	298
23038	629,554	689,545	532,493	450,450	298	269
23039	628,554	626,512	533,491	391,424	298	245
23040	1508,1362	1077,1102	1257,1070	1022,836	383	454
23041	824,906	816,663	887,596	598,496	454	732
23042	823,906	8,3	887,597	5,0	454	333
23043	823,906	617,587	887,597	486,465	454	305
23044	8,3	617,587	5,0	486,465	333	305
23045	6,3	618,584	7,1	486,465	333	305
23046	361,256	617,587	269,173	486,467	333	305
23051	258,238	1221,1027	249,196	798,826	265	298
23052	68,37	16,12	46,43	13,15	306	230
23059	57,33	26,20	36,51	24,21	323	332
23060	0,0	1,0	2,1	0,1	185	161
23061	0,4	6,2	0,4	1,4	191	179
23064	269,223	319,278	227,193	226,233	257	244
23065	257,263	410,354	228,217	301,322	244	263
23085	1,1	5,6	1,0	9,8	311	208
23088	3422,3322	6088,4742	2982,2503	4053,3897	266	252
23089	3768,3612	6088,4742	3231,2764	4053,3897	402	252
23090	4678,4077	409,343	3617,3275	304,315	252	251
23091	117,84	406,343	96,65	305,313	252	251
23122	806,701	80,73	537,599	68,61	993	236
23123	50,50	257,204	38,37	171,152	275	323
23124	88,86	259,210	66,65	177,146	275	323
23125	258,202	169,162	126,148	136,132	323	290
23126	127,88	204,109	80,78	157,129	230	272
23127	216,183	218,207	134,110	137,122	272	279
23128	138,95	310,279	71,77	247,255	222	347
23129	117,94	304,255	92,89	214,206	275	344
23130	70,63	211,157	73,72	171,137	254	404
23131	0,1	73,39	0,0	32,41	332	512
23132	0,1	92,48	0,0	38,52	332	512
23133	1,2	2,2	7,0	0,0	387	270
23134	0,1	1,0	3,0	0,0	387	270
23140	41,20	57,58	20,27	43,52	270	283
23141	94,73	29,31	47,49	12,12	363	263
23142	4,1	243,205	3,0	222,189	292	245
23143	3,0	294,316	3,0	230,237	170	329
23144	1,3	504,490	8,5	363,328	225	320
23145	67,90	25,23	59,47	31,33	292	315
23147	57,53	60,42	45,42	43,43	211	218
23148	2,0	0,0	2,0	0,2	266	239
23149	1,0	1092,917	0,0	897,890	229	395
23150	421,318	509,484	311,343	371,331	395	334
23151	466,440	776,648	430,327	603,543	312	368
23154	0,3	51,65	3,0	59,37	308	218
23155	28,24	51,65	15,20	59,37	347	218
23156	19,18	39,28	9,9	14,9	366	285
23157	83,78	39,28	55,53	14,9	286	285
23158	42,31	66,58	41,40	41,44	296	286
23159	6,8	6,2	2,1	5,1	303	296
23161	6,10	23,18	3,3	20,22	303	248
23162	1,2	23,18	1,1	20,22	235	248
23163	6,10	25,19	3,3	21,24	303	251
23164	6,10	25,19	3,3	21,24	303	261
23165	1,2	25,19	1,1	21,24	235	261
23166	15,10	0,1	25,6	2,1	376	203
23167	0,1	0,0	4,0	1,0	312	203
23168	4,5	0,0	18,0	1,0	376	203
23169	7,7	19,18	3,2	18,18	303	376
23170	2,1	19,18	1,0	18,18	264	376
23171	50,57	93,94	51,39	66,82	266	284
23173	5,1	4,4	4,5	4,1	318	323
23174	5,1	12,5	4,5	4,10	318	323
23176	393,389	50,29	246,252	32,27	1408	335
23177	48,25	35,27	41,23	28,22	335	260
23179	1322,1131	5,1	865,973	2,0	522	250
23180	1322,1131	9,1	865,973	2,0	522	275
23181	1,0	2,0	0,0	2,2	265	242
23182	13,7	2,0	9,5	2,2	370	242
23183	44,50	1,0	39,37	1,2	260	247
23184	1,0	1,0	0,0	1,2	265	247
23185	13,7	1,0	9,5	1,2	370	247
23186	10,16	106,83	16,8	94,98	280	559
23187	10,16	57,53	16,8	51,54	280	311
23188	1,0	0,2	0,0	4,0	258	356
23189	27,42	74,50	26,30	47,39	263	268
23190	35,9	95,48	24,23	55,44	204	318
23208	151,122	167,181	145,138	111,141	277	289
23209	25,38	13,22	24,23	47,29	219	305
23210	186,166	81,75	192,114	76,52	274	201
23211	279,240	10,17	225,184	18,9	317	258
23212	1,6	182,147	1,0	138,126	247	255
23213	1,2	182,147	3,2	138,126	213	255
23214	107,72	2,4	75,55	2,1	227	220
23215	21,17	24,24	12,13	30,27	251	282
23216	27,26	55,74	14,36	60,67	282	496
23218	0,0	129,99	2,0	78,94	298	340
23219	39,23	136,152	28,13	99,157	246	301
23220	50,26	62,81	21,16	43,20	255	308
23221	52,36	30,29	45,14	15,19	271	255
23222	2,4	126,83	4,2	72,90	285	301
23223	159,127	126,83	129,120	72,90	330	301
23224	166,126	101,50	129,127	75,72	330	285
23226	6,10	3,0	11,10	0,0	383	279
23227	6,11	3,0	10,12	0,0	349	279
23228	246,183	252,212	157,127	196,200	235	319
23229	246,183	376,297	157,127	242,261	235	366
23230	296,199	46,49	186,168	34,47	362	245
23231	168,148	144,135	156,136	87,91	275	362
23232	1844,1618	1428,1210	1352,1248	1097,885	299	264
23233	273,190	183,132	136,138	106,141	363	317
23234	85,78	70,51	56,72	59,71	248	252
23235	107,98	94,77	89,79	57,59	251	248
23236	42,50	22,9	20,29	13,17	275	224
23237	63,78	179,116	55,53	97,74	290	230
23238	373,328	84,62	225,252	51,41	413	230
23239	770,637	273,184	429,503	126,131	904	413
23240	288,264	256,196	192,216	202,149	254	219
23241	0,2	257,196	3,2	202,153	233	219
23242	260,252	445,435	221,184	370,356	336	303
23243	249,259	63,54	212,175	58,33	496	224
23244	62,58	34,20	52,55	22,19	467	350
23245	65,54	133,103	56,39	105,130	240	332
23246	436,331	75,66	311,384	60,65	864	240
23247	90,69	61,70	57,60	82,60	197	218
23248	89,70	1,5	57,58	7,7	197	309
23249	1,5	15,30	7,9	42,36	309	215
23250	18,44	16,30	57,31	41,36	259	215
23251	7,20	45,81	26,18	109,68	259	376
23252	89,71	57,41	55,45	36,31	267	286
23253	33,19	1629,1446	17,8	1252,1152	281	349
23254	989,889	516,480	781,760	403,380	281	349
23255	989,888	1630,1452	779,760	1251,1152	281	349
23256	757,705	599,540	600,451	438,473	257	215
23257	31,41	23,21	28,25	25,33	232	312
23258	91,60	128,113	64,54	100,86	311	303
23259	135,100	162,196	107,91	143,130	283	294
23260	31,29	297,242	39,37	222,172	226	223
23261	292,326	392,334	261,260	306,202	250	216
23262	805,710	290,376	629,477	376,239	312	286
23263	102,132	189,147	120,125	148,118	343	279
23264	42,53	233,185	60,43	183,166	279	251
23265	41,52	31,28	34,35	13,27	206	191
23266	24,35	96,93	28,31	80,81	191	236
23267	48,59	81,51	44,32	47,61	236	206
23268	3,3	6,17	3,0	4,6	263	356
23269	6,11	9,20	4,2	16,12	326	365
23270	3,3	9,18	3,0	13,12	263	365
23271	9,14	2,0	1,18	2,2	347	263
23272	9,15	2,3	1,14	3,2	347	263
23273	70,76	104,100	59,42	69,79	239	329
23274	103,107	149,193	71,72	178,120	329	477
23275	156,193	92,87	148,114	55,86	477	295
23276	79,94	19,21	87,62	28,16	321	253
23277	24,28	104,85	18,10	45,71	246	322
23278	22,15	5,4	12,13	4,2	248	163
23279	17,13	0,1	10,15	0,2	183	316
23280	12,6	13,4	7,7	9,8	228	274
23281	22,7	1,4	6,14	3,2	328	252
23282	18,10	30,61	12,4	37,39	277	201
23283	211,157	30,61	163,118	37,39	202	201
23284	83,68	16,44	80,58	29,15	201	219
23285	12,13	7,14	3,3	11,6	291	295
23286	3,0	1,17	2,2	4,12	237	291
23287	141,104	213,243	122,64	192,146	258	253
23288	7,8	172,141	4,6	158,84	267	258
23289	896,721	189,148	653,659	143,130	273	342
23290	892,722	914,754	653,655	679,706	273	342
23291	1208,986	800,654	869,869	611,607	325	273
23292	857,705	1184,948	634,678	848,863	276	325
23293	553,517	865,683	423,418	627,634	247	276
23294	4,4	1,0	1,4	0,2	412	271
23295	89,100	98,79	61,106	74,58	279	255
23296	217,174	366,303	137,113	277,259	269	406
23297	100,88	93,80	70,72	93,81	245	212
23301	11,4	39,22	17,4	18,22	275	365
23304	271,186	48,49	161,149	25,34	449	224
23305	271,186	73,69	161,149	44,39	449	999
23306	148,106	48,49	82,75	25,34	425	224
23307	5,5	488,445	7,10	400,389	301	336
23308	209,235	467,429	193,218	347,382	301	270
23309	147,156	502,412	122,107	327,332	215	268
23310	59,42	343,308	68,48	292,305	179	305
23311	222,206	392,366	226,190	340,297	269	296
23312	34,25	33,39	35,29	19,30	359	370
23320	1,0	0,1	0,0	2,1	334	332
23321	45,56	179,143	36,42	127,97	245	260
23322	51,50	180,141	45,64	127,97	280	260
23323	174,119	469,371	112,87	336,271	260	299
23324	20,17	49,62	34,32	45,35	205	209
23325	37,29	77,68	25,35	52,26	209	214
23326	15,11	31,38	14,18	30,19	237	239
23327	46,30	16,14	33,38	12,10	277	244
23328	8,8	269,187	12,10	140,183	207	1044
23329	86,57	64,79	52,72	67,39	1044	218
23330	138,143	99,61	158,105	77,62	266	258
23331	52,38	129,111	42,55	104,89	195	224
23332	3,1	101,74	3,0	91,74	207	220
23335	0,1	64,51	1,2	49,42	209	189
23336	0,0	19,43	1,0	20,21	272	365
23337	0,5	15,16	0,3	3,11	205	274
23338	16,13	3,7	12,4	8,5	266	222
23339	6,5	353,417	8,8	347,292	314	449
23340	32,47	353,417	60,46	347,292	317	449
23341	10,14	274,330	6,10	272,236	278	449
23342	6,25	4,7	30,27	9,9	218	317
23343	86,106	149,156	102,83	134,107	218	317
23344	94,90	173,141	70,70	115,131	261	317
23345	127,109	47,44	81,80	33,57	268	211
23346	130,73	272,234	84,94	184,205	244	415
23347	142,131	239,202	102,107	136,171	268	344
23348	282,194	134,134	163,149	78,114	344	241
23349	85,72	207,190	51,59	129,175	241	335
23350	112,100	57,54	64,71	58,36	363	241
23351	76,75	138,150	40,45	129,117	242	218
23352	260,158	529,479	166,168	424,361	255	372
23353	244,204	298,274	223,189	270,226	226	251
23354	3,3	247,214	7,2	209,210	251	237
23355	218,200	248,212	193,164	212,207	251	237
23357	24,36	60,41	26,24	44,38	262	269
23358	60,29	23,30	22,50	23,31	282	246
23360	0,0	97,78	1,0	73,62	227	368
23361	134,164	34,55	124,97	47,35	310	239
23362	135,163	1,0	125,97	1,0	310	239
23363	69,65	60,43	69,50	39,32	239	210
23364	45,70	575,520	91,67	420,354	233	290
23366	682,610	1846,1522	551,456	1247,1261	313	315
23367	847,628	764,627	636,573	690,563	279	256
23368	8,1	181,133	0,1	116,128	323	288
23369	115,108	61,55	78,82	44,44	275	238
23370	117,90	115,111	66,78	87,75	247	275
23371	12,10	97,99	10,20	87,77	252	294
23372	84,77	100,61	59,61	75,81	294	234
23373	159,120	36,28	78,74	29,24	344	203
23374	0,1	26,21	4,5	25,7	266	237
23375	53,69	20,42	78,63	29,16	328	228
23376	150,162	87,99	161,92	114,64	210	271
23377	5,5	464,383	2,1	358,364	369	246
23378	10,6	338,443	1,0	328,363	246	338
23379	8,4	333,435	2,4	319,353	246	338
23380	555,493	428,393	438,453	330,271	338	334
23381	428,486	0,0	355,377	2,3	334	176
23382	71,62	99,117	59,38	103,115	176	329
23383	71,60	2,4	57,37	7,17	176	329
23384	1,3	183,227	6,15	180,128	329	248
23385	203,192	183,227	186,161	180,128	329	248
23386	226,241	10,47	200,188	41,31	347	233
23387	239,246	6,5	204,194	3,7	347	260
23388	239,246	183,228	204,194	181,130	347	248
23389	208,244	56,78	190,165	72,47	233	260
23390	6,5	183,228	3,7	181,130	260	248
23391	127,146	199,257	131,120	211,150	260	248
23392	0,0	301,232	1,0	235,204	248	243
23393	11,12	312,243	23,13	238,211	248	243
23394	17,35	307,238	49,29	238,210	248	243
23395	207,174	227,151	183,171	156,119	236	193
23396	234,154	468,354	123,128	324,329	193	279
23397	612,577	304,255	483,404	196,193	317	242
23398	536,521	469,418	516,365	349,335	299	288
23399	34,43	456,392	53,30	349,325	228	288
23400	3,10	108,48	2,3	53,54	230	212
23401	19,10	119,122	11,16	101,72	280	241
23402	154,164	19,32	153,120	33,34	248	274
23403	5,0	9,12	0,0	7,2	204	260
23404	128,103	133,156	102,54	99,104	225	241
23405	4,14	75,45	27,16	30,40	290	206
23406	27,12	134,88	23,16	94,55	329	274
23407	35,52	53,61	52,31	81,55	328	290
23408	31,40	53,61	36,17	81,55	365	290
23409	12,22	53,61	22,15	81,55	325	290
23410	125,115	265,242	92,141	194,193	228	263
23411	217,218	107,98	164,199	97,95	309	228
23412	299,282	237,219	243,252	173,254	339	309
23413	416,374	53,44	288,249	21,25	297	224
23414	416,374	72,50	288,249	27,32	297	301
23415	865,860	1475,1266	866,740	1133,1048	342	269
23416	1203,1029	775,621	926,975	525,509	269	207
23417	1202,1028	1999,1776	926,977	1414,1444	269	307
23418	1571,1384	2203,1947	1229,1151	1541,1583	278	360
23419	2423,2125	1446,1345	1674,1719	1198,1255	307	281
23420	2423,2123	2205,1945	1675,1716	1538,1584	307	360
23421	2428,2128	758,590	1676,1720	605,539	307	222
23422	472,433	2208,1945	362,388	1539,1583	196	360
23423	2085,1711	764,589	1545,1382	605,539	360	222
23424	937,738	2530,2001	750,605	1741,1533	228	288
23425	222,199	183,223	220,165	198,187	304	522
23426	4,4	1,1	5,5	0,2	195	278
23427	44,37	89,82	31,26	99,67	200	220
23428	61,60	63,76	39,39	60,52	205	349
23429	141,149	52,48	107,99	36,29	349	254
23430	1,7	1,8	12,2	20,9	173	260
23433	188,216	10,4	180,134	7,5	292	247
23434	288,242	336,348	205,144	251,237	326	331
23435	162,102	54,53	95,138	35,32	289	200
23436	50,41	154,124	45,36	68,99	226	252
23437	12,14	154,124	13,14	68,99	495	252
23438	1126,1030	153,126	770,730	69,99	821	252
23439	978,927	153,126	702,659	69,99	992	252
23440	1127,1029	101,89	770,730	68,55	821	226
23441	979,926	101,89	702,659	68,55	992	226
23442	7,0	2,2	0,1	0,0	291	194
23443	242,209	97,71	151,203	61,71	1004	183
23444	125,127	97,71	110,109	61,71	255	183
23445	125,127	80,64	110,109	55,68	255	180
23446	227,164	377,387	133,132	312,225	221	248
23447	175,174	644,536	142,127	453,386	207	312
23448	168,165	385,389	136,128	319,238	207	248
23449	601,593	707,647	478,342	517,505	291	310
23450	599,592	337,273	478,339	219,231	291	223
23451	613,605	173,181	486,341	161,129	291	221
23452	599,591	340,341	478,340	247,227	291	277
23453	570,508	339,273	432,316	219,234	310	223
23454	571,511	172,182	432,317	167,129	310	221
23455	361,320	174,182	276,279	162,129	226	221
23456	0,2	3,11	2,0	5,1	269	214
23457	5,1	3030,2418	4,6	1923,2152	242	323
23458	719,531	1702,1327	412,475	1072,1159	231	323
23459	2,3	15,19	0,1	8,13	360	286
23460	2,3	32,34	0,1	26,22	360	281
23461	2,3	33,24	0,1	20,19	360	425
23462	2,1	30,27	2,0	20,16	242	425
23465	261,204	262,186	184,193	180,150	211	261
23466	400,257	261,216	244,258	189,161	261	183
23467	72,79	180,150	70,73	108,106	218	301
23468	97,90	72,50	65,66	64,49	293	218
23469	64,44	72,50	25,56	64,49	296	218
23470	100,71	5,5	58,55	2,5	216	184
23471	2760,2207	684,605	1999,2222	521,581	477	261
23472	352,267	2774,2340	309,321	2084,2210	210	477
23473	513,451	600,436	397,356	440,504	308	283
23474	174,193	128,61	148,191	92,73	350	260
23475	170,194	6,3	148,189	4,6	350	260
23476	79,39	45,54	44,63	26,31	217	220
23477	30,30	89,83	15,36	54,71	220	232
23478	110,113	89,134	76,74	72,72	290	250
23479	73,82	166,137	58,91	108,125	291	358
23480	84,74	30,31	51,89	44,40	233	227
23481	147,101	32,33	76,70	41,40	276	227
23482	2,1	31,31	1,1	41,38	276	227
23483	4,10	31,31	9,2	41,38	272	227
23484	2,2	32,31	3,0	41,40	272	227
23485	70,70	30,33	57,42	41,38	301	227
23486	147,101	122,78	78,72	74,67	276	233
23487	2,1	121,78	3,3	68,65	276	233
23488	87,114	121,78	71,68	68,65	277	233
23489	3,2	122,78	1,0	68,64	272	233
23490	109,116	122,78	81,74	68,64	321	233
23491	87,114	2,1	71,68	3,3	277	276
23492	86,112	138,114	77,69	76,117	277	276
23493	3,2	141,114	1,1	76,115	272	276
23494	4,2	159,99	1,2	78,80	272	277
23495	109,116	3,2	81,74	1,0	321	272
23496	112,126	202,181	89,77	158,109	321	408
23497	70,71	14,17	57,42	12,6	301	321
23498	66,74	106,110	58,42	93,78	301	321
23499	253,219	24,26	216,221	45,25	295	233
23500	127,126	23,41	102,101	40,29	233	280
23501	569,506	3027,2347	416,415	1973,1922	250	402
23502	569,506	219,149	416,415	114,103	250	308
23503	579,522	2827,2370	427,420	2015,1865	250	308
23512	0,0	0,1	0,2	0,0	436	311
23531	3,0	0,0	0,0	0,1	229	396
23532	55,48	132,75	38,41	96,88	210	301
23533	55,48	137,80	38,41	96,95	210	333
23534	67,45	26,35	45,35	35,32	238	210
23535	72,47	26,35	45,32	35,32	218	210
23536	25,18	3,5	21,11	7,5	183	205
23540	0,6	9,11	0,2	8,7	233	206
23541	5,14	0,2	15,20	1,0	308	233
23544	1,3	7,7	2,1	12,9	199	242
23546	1,0	5,9	0,0	8,7	199	242
23547	1,0	8,4	0,2	11,4	205	199
23548	15,6	97,91	4,12	58,49	231	247
23549	69,41	242,212	32,46	153,145	247	319
23550	322,242	267,228	183,216	164,159	404	319
23551	225,225	97,60	170,180	56,41	319	215
23552	90,87	190,125	53,51	124,134	215	308
23553	89,87	151,120	55,61	105,95	215	302
23554	229,142	325,204	139,129	182,231	308	354
23555	1096,806	439,357	671,748	301,294	368	280
23556	386,272	420,413	238,271	315,320	295	269
23557	387,272	581,452	236,271	385,435	295	282
23558	799,646	256,197	529,535	137,155	306	206
23559	154,245	262,188	151,181	105,75	260	242
23561	520,459	401,328	328,349	244,293	297	290
23562	479,350	414,327	294,289	244,303	292	290
23563	474,350	670,559	294,288	434,431	292	345
23564	514,501	229,323	446,329	318,193	316	337
23565	263,202	196,134	206,163	156,150	323	248
23566	4,7	235,157	5,1	126,158	210	297
23567	6,7	82,98	5,1	71,88	210	233
23568	114,86	81,100	93,84	70,88	297	233
23569	73,61	59,45	50,53	41,40	237	226
23570	450,467	234,218	451,364	228,155	251	323
23571	19,33	252,189	21,17	153,161	365	305
23572	880,706	481,372	608,641	276,335	661	354
23573	331,291	366,282	183,215	286,212	354	364
23574	587,536	360,296	393,401	244,220	386	321
23575	3595,3116	12,14	2879,2485	18,16	266	339
23576	1826,1406	272,370	1179,958	443,257	279	236
23577	1140,1037	274,373	894,758	444,258	228	236
23578	7,8	1014,976	5,1	891,792	246	219
23579	8,16	1015,977	6,3	892,792	246	219
23580	2,4	1015,977	2,0	892,792	216	219
23581	107,159	1184,1076	209,142	1066,826	219	239
23582	12,28	56,52	14,7	61,52	266	253
23583	192,127	127,76	126,122	70,78	324	262
23584	63,47	33,28	54,27	17,25	213	198
23585	96,61	28,26	76,62	14,26	269	198
23586	78,43	26,30	56,58	26,22	297	187
23587	0,3	1,3	1,0	0,2	228	281
23588	21,23	45,51	28,24	42,38	246	318
23589	2581,2279	6,2	2166,1913	2,3	259	271
23590	322,241	126,155	274,181	105,90	317	165
23591	1706,1366	944,851	1484,1161	780,759	317	259
23592	322,241	944,850	274,181	779,748	317	259
23593	1387,1240	1965,1690	1055,1017	1672,1357	285	317
23594	105,83	1962,1690	81,91	1667,1354	309	317
23595	1157,1134	1962,1690	1115,1009	1667,1354	386	317
23596	8,8	1962,1690	15,14	1667,1354	285	317
23597	424,394	1962,1690	373,373	1667,1354	346	317
23598	6,11	11,15	0,4	2,6	195	247
23599	15,11	14,8	1,11	6,8	254	195
23600	20,24	17,13	10,31	10,4	299	254
23601	53,38	22,31	37,41	22,29	236	206
23602	34,38	72,52	19,27	57,46	210	236
23603	30,27	46,32	23,23	31,28	212	210
23604	6,2	1358,1144	12,17	860,900	214	326
23605	790,754	571,509	587,593	423,472	326	253
23606	18,7	770,543	9,12	507,536	259	288
23607	1233,931	1434,1213	837,803	1026,1082	263	263
23608	28,12	15,19	27,23	10,18	290	217
23609	4170,3163	77,53	2293,2424	36,52	213	318
23610	3111,2468	19,11	1838,1895	5,10	223	318
23611	4170,3163	5178,4240	2293,2424	3231,3263	213	233
23612	3111,2468	5092,4169	1838,1895	3181,3200	223	233
23613	247,223	73,77	199,158	87,92	296	221
23614	2,4	73,77	5,8	87,92	293	221
23620	117,92	19,9	71,66	19,20	296	188
23621	150,110	131,95	92,102	81,85	302	296
23622	91,73	117,92	36,61	72,71	246	302
23623	5,9	3,9	2,5	3,6	292	395
23624	92,95	78,54	47,98	58,71	251	238
23625	1,2	6,5	0,1	7,4	247	266
23628	0,0	4,1	2,0	0,0	240	361
23629	22,12	16,11	5,17	5,10	238	243
23630	21,12	19,13	5,17	10,8	238	1954
23631	6,12	20,13	4,7	10,8	243	1954
23634	13,7	15,15	9,8	3,19	215	306
23635	13,8	5,13	8,12	12,11	248	248
23637	2,0	2,4	1,0	0,2	222	261
23638	14,7	2,3	14,3	0,1	391	222
23639	0,4	4,11	0,1	11,5	190	408
23640	0,4	5,4	0,1	9,3	190	391
23641	44,38	57,38	30,34	32,62	283	231
23649	7,7	1,5	0,6	4,7	363	220
23650	7,7	1,5	0,6	4,7	363	220
23651	9,8	1,5	0,6	4,7	363	220
23652	7,7	1,5	0,6	4,7	359	220
23653	11,9	17,17	6,8	18,5	257	323
23655	296,288	323,313	279,229	241,228	428	296
23656	250,253	391,364	274,179	380,348	313	428
23657	221,182	166,144	184,140	146,105	305	313
23658	203,176	243,242	168,206	260,171	275	305
23659	120,196	125,115	120,132	113,100	451	232
23660	62,46	208,195	50,69	192,161	337	451
23662	0,1	2,0	0,0	0,2	193	409
23663	0,1	2,0	0,0	0,3	193	555
23664	0,1	2,0	0,0	0,2	207	409
23665	0,1	2,0	0,0	0,3	207	555
23666	0,1	2,0	0,0	0,2	217	409
23667	0,1	2,0	0,0	0,3	217	555
23671	72,48	48,29	32,42	16,30	266	237
23672	38,27	95,75	15,18	59,66	246	329
23673	18,12	31,33	14,14	31,44	244	226
23691	2,4	5,18	0,0	15,14	291	251
23692	2,4	4,12	0,0	10,9	291	231
23693	2,4	48,50	0,0	39,33	291	247
23694	0,3	5,18	3,0	15,14	280	251
23695	0,3	4,12	3,0	10,9	280	231
23696	0,3	48,50	3,0	39,33	280	247
23697	58,46	76,39	32,58	40,46	290	293
23699	6,4	18,16	0,0	23,17	3110	5411
23700	0,5	1891,1576	5,2	1296,1458	201	292
23701	4,3	1889,1573	3,0	1294,1457	201	292
23702	1662,1226	2257,1792	1112,1078	1544,1657	292	312
23703	2041,1715	980,834	1432,1576	709,693	312	244
23704	26,30	980,834	23,29	709,693	239	244
23709	4,5	1,0	6,6	0,0	212	241
23710	232,246	216,171	213,181	132,147	254	228
23711	238,255	297,293	215,183	246,216	254	249
23712	4,17	10,5	5,3	0,2	286	220
23713	1009,701	1044,781	617,656	583,641	337	308
23714	1011,701	141,86	616,654	65,73	337	308
23715	530,426	638,522	354,300	445,470	253	275
23716	826,750	786,682	594,527	615,592	293	342
23717	312,260	5,5	232,212	10,8	203	251
23718	1270,1001	5,5	946,868	10,8	342	251
23719	175,192	169,163	122,76	109,100	316	325
23720	158,156	405,358	125,97	336,287	297	591
23721	440,409	246,250	391,285	228,156	591	333
23722	438,409	43,47	390,285	44,19	591	333
23723	155,133	10,13	99,79	13,5	269	227
23724	126,114	72,54	82,74	59,49	269	272
23733	75,92	89,107	92,66	82,76	273	530
23734	47,49	214,169	48,26	130,92	368	351
23735	39,17	131,136	18,12	69,63	190	307
23736	1,0	130,132	0,5	68,61	190	307
23737	15,9	132,84	5,6	62,62	271	835
23738	49,51	39,25	40,56	24,26	255	296
23739	50,50	60,44	40,56	47,31	255	299
23740	83,90	60,43	52,46	42,31	296	299
23741	0,0	6,4	0,1	0,8	215	318
23742	0,0	2,0	0,1	0,4	215	318
23743	173,156	275,243	152,146	195,194	255	229
23744	8,3	18,24	6,1	25,18	306	312
23745	27,38	20,9	20,22	8,9	233	306
23746	18,17	189,158	15,14	141,114	272	592
23747	28,38	0,0	22,20	0,1	233	272
23748	15,15	0,0	7,11	0,1	247	272
23749	15,15	28,38	7,11	22,20	247	233
23750	51,42	11,13	39,22	11,6	299	233
23751	51,39	2,3	23,24	3,3	247	180
23752	1,0	7,3	1,0	1,2	221	225
23775	99,122	150,132	70,100	86,78	270	235
23776	192,189	88,92	109,108	58,59	235	221
23777	151,121	82,92	87,96	72,56	221	239
23778	48,58	73,52	50,34	36,50	190	219
23779	209,172	60,51	177,163	30,43	267	203
23780	9,2	4,8	11,7	2,4	241	211
23781	1,1	21,16	0,1	8,14	180	241
23782	1,0	21,17	0,2	8,15	180	241
23783	1,3	3,3	1,2	6,2	232	180
23784	510,422	630,564	376,386	513,540	295	336
23785	505,422	496,421	377,383	338,327	295	295
23786	659,543	501,420	510,619	338,330	336	295
23787	494,448	448,389	394,402	351,361	295	313
23788	47,38	34,22	25,20	5,2	227	236
23789	6,8	161,129	9,3	138,141	407	187
23790	518,454	510,408	406,424	309,391	231	281
23791	514,454	384,304	407,424	308,283	231	951
23792	580,510	519,407	465,500	310,401	249	281
23793	579,511	393,303	462,495	309,293	249	951
23794	579,511	302,240	462,495	269,211	249	222
23795	872,758	459,401	705,630	376,345	314	237
23796	59,82	233,182	65,44	151,98	263	837
23797	77,60	146,166	63,69	122,84	267	248
23798	8,0	145,167	2,2	122,81	267	248
23799	58,82	123,92	65,47	117,75	263	267
23800	177,131	497,373	124,133	323,253	272	473
23801	59,43	272,187	18,44	192,160	304	272
23802	92,64	155,109	72,68	112,89	211	253
23803	157,104	268,197	133,95	200,179	243	315
23804	49,48	150,121	51,51	101,111	235	266
23805	235,217	110,112	162,163	69,68	266	253
23806	42,34	123,164	21,22	129,72	238	308
23807	411,422	220,281	330,270	219,190	308	465
23808	150,150	49,35	140,143	17,25	210	260
23809	150,150	1018,1019	140,143	751,763	210	789
23810	105,114	265,236	113,110	212,155	210	247
23811	117,147	296,264	142,130	240,187	260	247
23813	1375,1381	3810,3469	1193,911	2725,2316	230	364
23814	1,16	229,177	5,7	182,181	204	264
23815	6,10	485,324	6,1	308,318	264	311
23819	19,7	12,15	13,15	15,23	255	221
23820	443,349	106,67	309,344	72,64	432	203
23821	2,0	2,0	0,0	1,7	276	230
23822	37,37	11,16	19,30	13,17	217	240
23823	32,33	0,3	15,20	3,2	217	240
23824	32,33	37,20	15,20	32,26	217	284
23825	0,3	37,20	3,2	32,26	240	284
23826	15,23	42,24	18,21	36,34	240	284
23827	93,69	943,769	70,66	653,635	313	275
23828	133,104	943,775	109,90	653,637	313	275
23829	0,1	943,775	0,2	653,637	172	275
23830	925,696	1105,871	635,646	854,805	275	329
23831	82,58	73,60	54,37	43,39	241	260
23833	549,440	248,180	400,343	174,156	604	302
23834	3,6	317,256	5,3	250,254	231	305
23835	3,6	135,115	5,3	105,127	231	294
23836	282,258	1,3	225,226	1,2	274	231
23837	1120,916	222,165	794,787	143,166	239	174
23838	43,31	222,165	22,26	143,166	212	174
23839	1176,988	573,395	859,825	430,392	239	212
23840	1884,1350	613,511	1129,1079	483,469	248	239
23841	719,569	1124,916	509,440	919,813	219	210
23842	719,569	1661,1378	509,440	1319,1228	219	248
23844	1671,1532	1322,1075	1425,1428	1029,1012	282	272
23845	7,6	1312,1072	2,2	1025,1020	226	272
23846	1,0	1312,1072	2,0	1025,1020	282	272
23847	1,0	743,708	0,4	707,605	241	189
23849	0,0	677,544	0,1	473,451	189	563
23850	162,176	655,531	110,131	465,433	201	255
23851	178,183	1305,1120	110,132	888,818	563	343
23852	178,185	348,283	110,132	251,190	563	270
23853	21,14	1307,1124	12,8	892,818	255	343
23854	1469,1253	348,283	1035,1018	252,190	343	270
23855	1469,1255	113,113	1035,1020	85,80	343	184
23856	1469,1255	11,7	1035,1020	8,4	343	270
23857	11,7	113,113	8,4	85,80	270	184
23858	650,567	113,112	443,403	85,80	270	184
23859	2,0	107,101	1,2	82,64	203	250
23860	122,89	1,0	83,76	0,1	337	245
23861	125,100	248,301	91,74	233,189	200	359
23862	282,245	343,288	233,213	236,230	276	316
23863	2,3	60,47	4,0	65,39	274	239
23864	2,3	67,59	4,0	69,49	274	252
23865	39,32	88,87	20,28	110,92	270	549
23866	39,32	2,3	20,28	4,2	270	274
23867	8,4	2,5	2,3	4,15	270	282
23868	99,104	258,180	74,77	158,174	300	308
23869	253,209	282,222	173,149	139,197	308	296
23870	6,2	1836,1577	2,4	1573,1234	273	545
23871	6,2	10,5	2,4	5,9	273	230
23872	895,979	935,861	817,704	893,694	264	348
23873	7,3	1,9	4,5	6,9	273	264
23874	4,2	332,412	2,4	406,247	273	264
23875	8,15	12,9	13,9	8,9	278	278
23876	3,11	12,9	4,5	8,9	278	278
23877	39,26	12,9	35,15	8,9	263	278
23878	3,11	8,15	4,5	13,9	278	278
23879	39,26	8,15	35,15	13,9	263	278
23880	39,26	3,11	35,15	4,5	263	278
23882	44,23	21,24	17,12	23,14	190	221
23883	0,0	21,24	1,0	23,14	224	221
23884	55,26	36,15	29,28	14,17	192	187
23885	0,0	44,23	1,0	17,12	224	190
23887	33,30	37,28	22,16	26,23	204	222
23888	1,0	73,62	0,0	42,30	307	204
23889	370,354	668,617	329,248	562,446	293	338
23890	16,10	630,546	15,5	503,387	282	293
23891	412,325	636,546	308,296	507,387	282	293
23892	803,710	613,589	648,517	512,428	398	341
23893	803,710	319,299	648,517	214,208	398	341
23894	762,704	128,125	590,570	98,98	341	240
23895	762,704	407,346	590,570	252,300	341	252
23896	1,2	5,2	0,2	4,2	240	252
23897	128,125	407,346	98,98	252,300	240	252
23898	89,92	356,333	55,48	303,224	240	252
23899	288,267	863,780	193,196	643,619	240	252
23900	0,9	816,685	5,3	540,487	265	304
23901	717,681	768,633	538,465	544,463	304	296
23902	793,684	803,674	563,495	600,435	278	329
23903	1022,824	841,732	684,669	648,536	278	313
23904	523,431	844,736	303,296	652,532	222	313
23905	11,12	383,268	17,22	229,250	251	216
23906	11,12	636,495	17,22	400,405	251	306
23907	46,33	8104,6560	34,34	6246,6230	180	238
23908	97,77	28217,22536	87,83	21066,19969	180	322
23909	18,10	4132,3313	8,19	3354,3100	180	322
23910	21562,16167	86,54	15612,14208	39,43	238	269
23911	21562,16167	28249,22564	15612,14208	21091,19982	238	322
23912	4,0	1207,1079	2,0	930,954	227	279
23913	2,2	0,0	0,0	1,0	318	330
23914	2,2	1,1	0,0	0,2	318	277
23917	0,0	1,1	1,0	0,2	330	277
23923	0,3	4,3	0,3	4,6	324	309
23924	0,3	3,1	0,3	4,3	324	306
23925	0,1	102,82	0,0	57,86	223	378
23926	0,1	96,93	0,0	57,88	223	297
23927	23,17	6,7	22,9	11,8	291	305
23928	10,8	15,10	3,8	12,15	202	277
23929	6,3	14,17	2,1	7,4	213	341
23930	6,3	31,27	2,1	14,15	213	344
23931	4,3	2,1	2,7	0,3	285	356
23932	144,106	4,19	89,75	4,6	246	271
23933	47,43	52,44	40,42	34,37	233	267
23934	62,82	71,48	66,73	61,46	284	233
23935	20,27	13,15	11,12	13,8	273	346
23936	5,2	13,20	3,2	15,17	247	346
23937	12,24	9,8	11,14	8,5	288	262
23938	27,18	0,4	14,15	5,1	262	286
23939	56,34	59,52	15,27	33,50	285	255
23940	68,32	56,66	28,19	43,45	255	279
23941	105,77	1,0	56,68	1,2	257	188
23942	48,49	3,2	33,43	5,1	291	197
23943	15,25	71,81	20,6	56,54	251	283
23944	346,584	811,656	772,541	642,591	686	275
23945	12,51	103,89	59,26	58,75	326	214
23946	0,1	103,89	1,0	58,75	264	214
23947	97,129	27,20	75,89	18,31	267	196
23948	340,356	584,556	293,280	406,382	274	307
23949	61,24	8,9	35,35	8,12	290	276
23950	109,79	55,42	88,65	38,39	277	276
23951	108,78	12,9	89,65	10,15	277	276
23952	53,81	23,13	64,71	20,16	276	197
23953	44,73	137,110	57,57	87,116	276	292
23954	10,9	467,398	11,15	353,348	292	1352
23955	11,4	0,0	9,3	0,1	280	218
23956	11,4	2,0	9,3	0,3	280	241
23957	0,0	2,0	0,1	0,3	218	241
23958	84,96	272,204	54,78	137,145	224	288
23959	84,87	21,17	52,70	5,12	224	288
23960	84,87	245,170	52,70	138,127	224	360
23961	21,17	245,170	5,12	138,127	288	360
23962	231,217	249,188	124,181	146,137	288	360
23963	109,92	169,98	77,78	100,76	244	266
23964	161,128	57,44	101,73	35,33	249	247
23965	213,179	159,157	130,147	118,104	247	266
23966	19,12	369,313	5,4	234,261	224	323
23967	307,258	93,63	213,202	59,67	349	200
23968	550,429	314,304	357,352	300,287	417	349
23969	156,160	503,392	132,118	339,301	256	417
23970	271,230	5,3	202,213	5,6	353	256
23971	273,230	232,179	201,213	141,155	353	256
23973	36,18	1,2	22,33	0,5	182	241
23974	1,8	182,142	6,1	106,140	222	264
23975	384,342	204,201	298,200	189,157	372	350
23976	387,344	132,217	299,199	188,132	372	347
23977	287,220	277,314	225,193	208,274	266	320
23978	265,193	297,250	170,168	164,190	243	266
23979	96,82	192,145	96,84	108,123	243	221
23981	3,2	4,6	0,1	6,12	229	188
23982	3,3	25,27	4,0	22,15	177	237
23983	93,44	8,2	34,27	13,5	347	292
23984	0,1	0,0	0,0	0,4	238	382
23985	826,555	448,415	466,494	334,303	316	259
23986	31,30	25,17	40,35	6,20	263	271
23987	59,50	77,89	50,40	86,45	252	254
23988	9,6	154,156	7,1	148,100	242	254
23989	155,156	192,161	130,116	137,129	303	287
23990	142,89	76,100	98,105	82,97	277	258
23991	405,356	169,139	298,249	118,125	284	298
23992	406,358	356,244	300,251	230,244	284	295
23993	24,20	325,224	18,11	204,222	308	295
23994	9,11	190,147	10,13	116,116	295	198
23995	120,124	291,266	138,124	206,205	343	275
23996	9,11	291,266	10,13	206,205	295	275
23997	21,14	290,264	24,21	206,201	343	275
23998	4,14	291,266	17,10	206,205	292	275
23999	1827,1296	1088,1001	1097,1118	846,826	309	232
24000	854,594	1620,1294	570,546	1188,1279	232	246
24001	1657,1361	2196,1859	1239,1070	1691,1607	246	297
24002	2248,1867	2531,2112	1648,1804	1841,1765	297	283
24003	2162,1836	1337,1167	1679,1598	1006,1036	283	252
24004	304,282	536,476	257,238	419,375	306	264
24005	620,530	122,107	427,438	101,79	264	194
24006	599,522	17,14	425,428	14,10	264	194
24007	599,522	1,3	425,428	1,0	264	203
24008	599,522	618,623	425,428	574,453	264	300
24009	581,519	1,1	397,416	4,3	264	194
24010	581,519	377,344	397,416	312,268	264	205
24011	577,508	1,1	396,415	5,0	264	234
24012	17,14	1,3	14,10	1,0	194	203
24013	17,14	618,623	14,10	574,453	194	300
24014	1,1	377,344	4,3	312,268	194	205
24015	208,184	662,646	137,139	606,477	194	300
24016	163,157	55,35	118,112	42,35	194	300
24017	163,157	390,349	118,112	336,279	194	205
24018	217,240	416,362	192,167	334,294	203	205
24019	55,35	390,349	42,35	336,279	300	205
24020	583,561	416,362	483,415	334,294	300	205
24021	958,1535	4505,4011	1783,1156	3803,3646	399	294
24022	101,65	1,1	80,63	3,0	301	215
24023	45,39	96,81	50,34	76,68	197	301
24024	56,38	96,81	57,33	77,68	251	301
24025	80,86	216,186	65,68	167,179	246	328
24026	80,98	69,53	64,70	43,51	246	234
24027	92,78	0,11	56,65	1,4	233	246
24028	137,112	96,79	85,111	74,54	295	246
24029	5,2	79,73	1,4	74,51	295	246
24030	93,78	79,73	56,66	74,51	233	246
24031	2,2	79,73	1,2	74,50	295	246
24032	2,1	79,73	0,0	74,50	233	246
24033	93,78	5,2	56,66	1,4	233	295
24034	2,1	2,2	0,0	1,2	233	295
24035	108,83	148,138	56,69	102,100	233	295
24036	7,5	145,138	0,2	102,98	233	295
24037	86,77	8,4	59,66	0,2	242	233
24038	89,76	68,53	59,67	50,62	242	233
24039	97,82	111,93	94,98	67,62	258	242
24040	49,51	105,90	49,63	67,61	308	242
24042	39,42	102,52	42,28	48,79	288	277
24045	52,41	110,85	37,34	80,65	232	308
24046	0,2	490,395	2,2	389,383	271	231
24047	13,34	490,395	55,35	389,383	289	231
24048	15,32	490,395	53,35	389,383	285	231
24057	173,162	230,167	142,86	145,137	305	332
24058	48,44	60,49	46,46	49,44	217	255
24060	21,21	29,32	25,22	36,37	214	217
24064	9,4	1,7	8,7	4,5	247	298
24066	75,62	16,11	69,44	4,13	276	245
24067	23,16	71,66	12,9	43,42	212	235
24068	45,32	11,10	49,20	4,11	250	185
24069	0,0	71,64	0,1	43,43	185	235
24070	26,19	72,64	21,8	43,42	185	235
24071	2,0	41,50	0,1	37,24	235	199
24072	33,23	41,49	20,10	37,25	235	199
24073	47,24	4,10	33,21	1,6	254	198
24074	47,24	11,11	33,21	2,2	254	228
24075	47,24	4,6	33,21	7,9	254	285
24076	47,24	6,2	33,21	3,1	254	300
24077	47,23	113,82	34,21	71,55	254	254
24078	4,10	11,11	1,6	2,2	198	228
24079	4,10	4,6	1,6	7,9	198	285
24080	4,10	6,2	1,6	3,1	198	300
24081	0,0	113,82	3,5	71,55	198	254
24082	2,6	78,68	12,7	57,40	198	254
24083	20,15	13,8	15,13	3,3	222	228
24084	20,15	4,8	15,13	7,8	222	285
24085	20,15	6,4	15,13	3,0	222	300
24086	11,11	4,6	2,2	7,9	228	285
24087	11,11	6,2	2,2	3,1	228	300
24088	13,8	4,8	3,3	7,8	228	285
24089	13,8	6,4	3,3	3,0	228	300
24090	0,0	155,124	1,0	140,109	176	319
24091	0,0	99,74	1,0	68,66	176	271
24092	159,181	6,1	187,167	4,0	219	209
24093	159,181	331,288	189,165	291,225	219	209
24094	261,232	650,572	227,185	496,465	209	507
24098	16,29	1,8	9,12	6,7	360	230
24099	15,23	1,8	8,10	6,7	235	230
24101	235,226	4,4	157,134	1,6	402	235
24102	2,1	92,78	1,2	60,68	231	246
24103	155,152	49,35	97,75	33,26	315	246
24104	5,3	97,104	6,5	73,70	348	324
24106	0,4	105,109	4,0	84,70	218	324
24108	5,3	98,105	6,5	73,74	348	327
24110	0,4	113,123	4,0	99,77	218	327
24115	0,0	10,16	1,1	6,6	223	348
24116	0,0	9,19	0,3	3,1	218	348
24117	0,0	3,1	1,1	1,4	223	276
24118	91,78	192,135	44,55	98,131	231	282
24119	804,706	469,386	619,626	260,287	371	260
24120	475,461	589,489	351,363	459,405	260	298
24121	308,296	529,470	260,267	485,422	262	292
24122	308,294	690,596	260,267	424,461	262	279
24123	166,193	526,468	150,165	486,423	219	292
24124	166,202	805,684	148,165	568,613	219	340
24125	191,168	240,182	129,152	192,225	340	254
24126	622,522	507,418	373,425	341,425	254	232
24127	547,372	346,296	365,294	226,252	251	257
24128	8,4	424,331	2,0	306,322	253	251
24129	326,277	477,335	204,237	326,256	232	268
24130	53,53	89,79	38,50	74,62	284	286
24131	216,223	285,266	156,142	182,195	946	345
24132	193,202	97,68	125,112	58,83	316	231
24133	14,7	200,143	10,10	100,132	231	282
24134	12,7	182,148	11,10	125,137	231	241
24135	137,120	183,148	69,113	125,137	282	241
24136	4,0	20,23	2,0	13,14	254	310
24137	26,22	18,22	14,19	13,16	253	310
24144	0,1	1,4	2,1	3,1	322	222
24147	0,1	1,3	2,1	3,0	322	486
24151	0,1	0,1	1,0	2,1	238	322
24156	39,29	3,0	34,21	2,0	333	236
24157	10,6	3,0	13,8	2,0	333	236
24158	36,29	1,1	34,21	3,0	333	236
24159	36,29	3,0	34,21	0,0	333	236
24162	18,19	34,25	10,19	28,23	236	333
24163	13,10	33,24	9,8	28,22	289	333
24164	18,19	39,24	10,19	30,25	236	508
24165	17,14	1,5	11,7	2,0	228	262
24166	47,43	1,5	31,33	2,0	236	262
24167	1,4	20,14	2,3	11,8	284	236
24168	14,11	20,14	9,9	11,8	289	236
24169	2,0	20,14	0,0	11,8	188	236
24173	501,457	266,173	416,321	201,132	324	337
24174	285,228	15,24	220,196	16,12	347	291
24175	285,228	505,371	220,196	391,356	347	324
24176	204,199	134,108	166,119	99,89	278	253
24177	128,126	172,178	152,107	163,130	269	278
24178	404,337	201,193	289,303	157,119	620	269
24179	2,5	17,9	4,2	5,17	251	344
24180	43,36	1,0	17,40	0,0	212	189
24181	289,242	114,88	180,189	88,62	490	352
24182	99,81	96,96	87,121	81,80	307	272
24185	1,1	24,24	0,2	7,11	189	257
24186	43,37	3,0	17,15	1,0	266	273
24187	106,110	3,0	59,70	1,0	235	273
24188	9,6	22,19	4,1	7,11	229	257
24207	24,19	73,65	9,26	39,48	235	307
24208	79,48	55,46	45,42	41,37	317	266
24221	8,7	73,30	10,3	32,23	245	287
24222	68,64	15,13	46,54	10,13	222	241
24223	68,64	72,31	46,54	32,23	222	287
24224	15,13	72,31	10,13	32,23	241	287
24225	58,36	87,34	24,27	40,27	241	287
24226	594,503	794,729	372,440	502,547	866	1029
24227	185,137	933,831	80,84	610,648	392	1029
24228	4528,3644	3,2	2822,2927	1,2	3998	275
24229	6336,6400	2,7	6483,5213	9,6	273	268
24230	114,74	207,144	98,94	145,135	316	305
24231	363,380	565,513	350,302	452,378	245	246
24232	496,414	561,508	303,354	444,378	232	246
24233	678,619	586,530	512,474	452,388	246	246
24234	547,497	233,213	422,364	197,151	235	195
24235	549,497	254,272	422,363	221,176	235	208
24236	345,224	252,274	198,177	221,176	195	208
24237	678,553	1149,1011	502,473	944,784	320	331
24240	235,185	187,198	136,117	219,155	288	259
24241	236,184	274,262	136,117	249,222	288	356
24242	193,189	269,258	143,111	246,216	259	356
24243	54,40	73,41	47,39	42,42	257	254
24244	8,11	92,59	10,12	40,55	182	257
24245	3,1	35,32	1,2	42,48	164	224
24246	413,410	550,453	339,262	414,459	288	284
24247	264,198	408,303	169,168	277,295	193	227
24248	397,273	183,136	219,235	87,110	227	206
24249	4,0	0,2	0,0	5,0	333	178
24250	7,3	0,0	1,4	1,0	245	306
24251	7,3	0,0	1,4	1,0	245	271
24252	7,3	0,0	1,4	1,0	245	312
24253	6,2	0,0	1,5	1,0	283	306
24254	6,2	0,0	1,5	1,0	283	312
24255	11,5	9,5	7,7	3,4	373	284
24256	12,5	0,0	7,9	1,0	373	306
24257	12,5	0,0	7,9	1,0	373	312
24258	11,5	10,5	7,7	14,11	373	236
24259	11,6	0,0	8,7	1,0	391	306
24260	11,6	0,0	8,7	1,0	391	271
24261	20,10	0,0	16,15	1,0	1578	306
24263	11,12	10,28	15,18	22,15	289	236
24265	12,12	10,5	15,20	14,11	289	236
24266	2,6	10,28	2,0	22,14	289	236
24267	6,3	31,19	2,4	29,28	289	252
24268	9,5	10,5	3,4	14,11	284	236
24269	8,5	10,28	3,2	22,15	284	236
24270	1,0	31,19	0,2	29,28	284	252
24271	42,39	0,1	37,19	1,0	236	262
24272	61,49	34,21	56,30	30,28	236	262
24273	61,49	31,17	56,30	29,28	236	252
24274	42,39	25,13	37,19	12,12	236	508
24275	42,39	25,12	37,19	12,14	236	333
24276	42,40	18,4	37,19	7,9	236	333
24278	42,40	18,5	37,19	7,7	236	508
24280	42,40	3,1	37,19	1,2	236	296
24283	12,25	18,5	17,12	7,7	262	508
24284	12,25	36,16	17,12	28,18	262	333
24285	12,25	3,1	17,12	0,2	262	296
24293	343,299	19,7	227,201	4,7	237	235
24294	536,489	203,262	419,386	226,175	323	235
24295	344,299	195,261	227,200	221,170	237	235
24296	350,301	648,614	232,203	552,467	237	323
24297	156,126	293,249	99,86	298,218	201	234
24298	273,194	294,250	179,131	297,218	216	234
24299	49,24	99,115	22,38	68,94	282	194
24300	1,1	3,2	4,5	3,3	227	209
24301	0,1	105,94	0,0	78,104	237	260
24302	0,3	72,48	0,0	42,58	253	288
24303	5,2	2,0	0,0	0,1	333	193
24304	5,2	2,1	0,0	5,3	333	178
24306	151,150	159,122	130,121	101,139	284	289
24307	1,5	54,49	0,0	42,44	249	198
24308	689,611	48,42	465,524	39,32	812	198
24309	9,2	0,0	8,1	2,2	249	292
24310	65,50	0,0	37,32	2,2	432	292
24311	46,27	0,0	21,19	2,2	334	292
24312	44,26	0,0	18,26	2,2	317	292
24313	65,50	9,2	37,32	8,1	432	249
24314	46,27	9,2	21,19	8,1	334	249
24315	44,26	9,2	18,26	8,1	317	249
24316	106,80	672,607	97,68	451,491	269	812
24317	113,77	78,93	80,64	69,79	284	269
24318	91,85	7,3	30,44	2,0	273	276
24319	70,50	104,79	36,40	60,47	227	247
24320	92,85	2,1	30,44	1,3	273	227
24321	91,85	45,68	32,44	43,37	273	227
24340	5,6	19,19	3,6	18,24	196	308
24341	0,0	88,87	0,6	69,38	316	293
24342	138,239	16,6	168,115	20,9	328	199
24343	142,250	16,6	166,117	20,9	336	199
24344	277,411	16,6	300,229	20,9	538	199
24345	43,53	16,6	35,30	20,9	324	199
24346	182,225	16,6	167,144	20,9	534	199
24347	2,3	88,87	8,6	69,38	270	293
24348	9,5	221,184	7,7	153,140	291	782
24349	146,143	87,84	103,91	77,77	266	209
24350	3,5	17,17	2,2	26,20	253	302
24351	3,2	43,37	0,0	28,37	281	227
24352	28,14	30,20	21,18	20,30	332	253
24353	29,34	6,9	14,28	5,8	228	332
24354	27,36	47,23	12,28	29,29	340	332
24355	93,61	108,66	53,42	69,74	255	302
24356	38,38	30,21	13,18	20,10	267	241
24357	112,90	22,25	78,73	12,21	311	267
24358	112,90	24,35	78,73	15,31	311	582
24359	166,133	4,16	99,99	12,11	311	268
24360	22,14	31,32	14,13	26,41	272	281
24361	23,35	41,36	24,29	26,18	313	272
24362	27,17	140,97	20,20	90,105	270	466
24363	156,112	60,46	95,103	30,45	258	188
24364	180,132	164,123	104,141	64,96	226	221
24365	180,132	11,6	104,141	1,6	226	188
24366	207,189	68,54	138,177	42,58	245	188
24367	66,45	162,122	36,38	63,98	188	221
24368	171,129	136,103	106,106	84,83	221	209
24369	196,142	6,5	129,97	2,2	209	292
24370	202,144	246,239	132,102	198,179	209	292
24371	580,480	2,0	362,385	0,0	292	206
24372	333,241	103,78	170,211	74,61	292	216
24373	207,208	91,85	139,135	47,64	217	180
24374	76,60	372,288	48,52	202,236	180	257
24375	3,3	3,1	1,4	11,10	246	218
24376	2,0	33,32	0,0	35,34	281	993
24377	144,96	75,60	96,125	61,62	368	278
24378	37,21	99,78	16,12	57,56	236	305
24379	39,29	542,446	30,17	398,303	220	1046
24380	514,422	84,59	376,291	81,45	1046	251
24381	49,50	54,47	45,22	46,27	251	220
24382	41,28	175,185	28,35	141,96	200	586
24383	257,260	665,495	200,208	461,426	233	222
24385	3,13	2,0	10,4	0,0	371	230
24386	5,21	2,0	11,9	0,0	412	230
24387	18,31	2,0	30,21	0,0	616	230
24388	21,50	722,561	48,32	492,508	1119	259
24389	4,10	722,561	12,3	492,508	445	259
24390	2,10	722,561	12,3	492,508	442	259
24391	497,371	722,561	335,314	492,508	222	259
24392	988,719	330,286	720,630	248,260	259	229
24393	89,77	47,30	51,54	28,52	251	239
24394	90,97	75,47	80,57	50,27	320	247
24396	34,34	8,21	44,16	11,16	329	302
24397	16,12	13,12	6,4	6,10	320	252
24405	99,115	7,3	82,89	4,5	236	272
24406	112,138	181,156	88,87	108,122	248	237
24407	227,198	182,156	128,140	108,121	314	237
24408	227,196	211,200	128,141	126,173	314	248
24409	60,72	233,190	44,44	145,159	221	257
24410	62,71	304,249	44,44	153,173	221	299
24411	148,127	302,248	88,93	153,172	251	299
24412	168,122	69,75	92,91	49,47	265	221
24413	161,143	383,313	96,118	233,265	323	382
24414	265,179	151,147	125,109	111,85	369	269
24415	197,157	321,178	116,178	184,225	322	329
24416	195,160	70,36	140,132	37,28	329	200
24429	0,0	1,2	1,0	0,0	243	344
24433	247,210	340,252	173,191	260,232	316	218
24434	95,91	195,107	82,71	81,101	286	309
24435	49,67	106,75	65,51	69,51	1433	242
24436	3,4	106,75	3,9	69,51	248	242
24437	67,51	34,26	46,41	24,22	253	232
24438	35,15	74,59	21,20	54,42	233	269
24439	0,0	7,4	4,2	7,16	260	270
24440	244,201	248,197	191,161	138,221	221	233
24441	244,197	169,176	151,192	147,170	236	209
24442	449,377	1188,1010	326,332	784,849	283	386
24443	0,0	210,196	1,0	159,163	222	444
24444	44,47	208,190	36,32	158,163	193	444
24445	478,422	53,49	398,396	45,47	835	216
24448	422,308	127,105	294,230	84,71	274	200
24449	242,197	8,17	206,201	6,10	320	230
24450	0,1	1,1	0,0	0,1	225	257
24451	505,567	567,561	492,481	488,371	259	231
24452	11,18	567,561	11,6	488,371	277	231
24453	555,579	845,747	637,471	585,517	323	259
24454	44,29	438,422	21,32	375,294	283	217
24455	44,27	438,422	31,19	375,294	259	217
24456	220,204	1114,1020	185,101	864,707	209	259
24457	220,204	1145,1043	185,101	902,736	209	283
24458	20,51	11,12	51,27	12,12	249	209
24459	18,51	13,10	48,28	9,8	249	209
24460	82,66	70,76	69,49	56,69	216	232
24461	89,85	6,3	67,69	0,0	269	173
24462	115,78	6,3	90,71	0,0	322	173
24463	93,90	6,3	68,77	0,0	269	173
24464	115,78	89,85	90,71	67,69	322	269
24465	146,133	10,9	134,133	2,9	339	269
24466	147,133	108,102	134,133	72,76	339	322
24467	113,97	124,85	90,88	103,89	261	339
24468	66,45	95,89	36,31	86,82	209	261
24469	89,66	137,117	52,62	98,144	280	310
24470	30,29	117,93	34,29	77,81	241	280
24471	235,157	62,44	124,144	43,37	371	241
24472	0,5	4,7	0,3	2,0	335	262
24473	213,141	61,32	122,148	17,28	256	200
24474	222,147	179,166	129,157	106,131	256	239
24475	422,346	187,130	284,329	105,122	350	256
24480	65,67	17,13	61,46	3,6	197	311
24481	65,67	19,14	61,46	3,7	197	315
24482	2,5	9,9	0,2	6,7	268	243
24483	17,9	9,9	11,7	6,7	561	243
24484	89,77	77,64	50,52	58,48	232	355
24485	97,78	77,60	73,101	61,54	210	282
24486	296,249	157,142	209,173	141,128	314	273
24487	293,239	157,142	202,170	141,128	320	273
24488	94,80	125,131	85,41	116,87	212	275
24489	6,3	125,131	3,6	116,87	277	275
24490	232,192	238,204	204,189	182,170	308	386
24498	12,16	21,25	9,6	18,14	310	199
24499	11,16	1,1	10,4	0,0	310	199
24500	10,15	56,49	9,3	18,37	199	260
24501	116,140	85,89	84,77	63,51	349	367
24502	102,123	48,33	67,64	28,16	320	218
24503	156,154	216,229	100,133	167,183	349	411
24504	115,84	91,70	70,66	54,60	296	253
24505	26,22	252,194	9,30	171,108	234	582
24506	26,22	204,150	9,30	138,92	234	586
24507	0,0	21,30	0,1	26,24	241	273
24508	51,42	22,30	38,35	25,24	241	273
24512	70,80	12,11	57,57	6,3	290	230
24513	136,95	5,9	87,90	2,2	264	280
24514	151,127	109,87	105,112	107,73	280	277
24515	577,511	194,196	456,418	140,94	332	224
24516	157,149	76,70	119,77	78,62	206	216
24517	157,149	189,160	119,77	149,112	206	269
24518	487,557	188,160	344,381	147,108	570	269
24519	482,550	212,179	340,381	113,91	303	206
24520	15,19	2,1	21,21	0,2	281	248
24521	16,19	2,1	17,21	0,2	285	248
24522	186,188	17,15	162,166	9,9	246	280
24523	276,233	139,105	205,215	118,111	274	231
24524	20,16	14,28	9,17	21,27	230	312
24525	158,112	2,1	94,115	2,3	333	238
24526	5,4	8,15	4,5	2,9	181	1410
24527	586,479	80,52	488,460	59,55	278	194
24528	6,7	104,114	2,3	86,85	271	236
24529	17,25	106,52	24,22	63,45	250	232
24530	234,195	41,80	164,147	75,63	287	247
24531	94,103	240,217	119,79	192,176	315	252
24532	66,114	151,199	161,91	173,160	521	523
24533	2,1	0,2	1,5	2,2	260	319
24534	26,23	167,211	26,24	147,181	322	402
24535	108,111	88,70	86,67	99,71	293	293
24536	55,36	115,99	41,60	63,60	287	293
24537	11,15	82,79	19,20	71,60	224	287
24538	17,51	93,136	43,27	95,82	320	229
24539	435,374	312,267	300,370	262,254	364	317
24540	455,435	483,465	331,368	358,403	317	359
24541	731,595	359,291	493,582	206,229	440	299
24542	331,268	286,199	201,225	180,185	260	314
24543	378,351	1204,990	251,269	887,744	314	591
24544	1032,793	209,160	686,572	164,167	591	244
24545	1034,794	129,111	685,572	80,94	591	207
24546	1030,794	13,10	684,572	2,10	591	244
24547	1030,794	272,232	684,572	201,222	591	255
24548	277,251	132,112	251,223	82,94	244	207
24549	183,145	274,238	138,139	209,228	207	255
24550	67,39	54,35	43,48	25,28	259	238
24551	52,32	60,48	34,32	43,43	304	291
24552	46,25	74,38	32,27	38,41	257	304
24553	60,100	223,186	76,47	158,161	710	228
24554	98,82	163,116	75,60	93,86	228	250
24555	192,163	128,106	138,141	67,68	250	235
24556	155,119	80,69	100,82	48,51	235	214
24558	107,87	22,35	87,99	38,11	290	254
24559	49,42	7,9	31,30	8,3	184	242
24560	49,42	224,185	31,30	142,164	184	317
24561	48,43	107,102	31,30	72,80	184	228
24562	7,9	224,185	8,3	142,164	242	317
24563	27,27	61,50	21,24	49,58	252	227
24564	27,29	69,43	28,24	51,46	206	252
24565	39,52	14,23	36,43	12,10	224	206
24566	65,34	17,27	51,76	30,30	231	224
24567	42,31	24,7	37,28	7,5	239	236
24568	1,3	3,1	0,2	7,3	279	231
24569	93,115	6,4	127,84	6,2	270	312
24570	0,0	10,4	0,2	2,6	259	191
24571	4,3	15,11	4,1	12,26	259	288
24572	7,0	461,321	2,5	286,363	218	326
24573	572,425	311,252	353,446	236,231	348	262
24574	197,175	130,126	197,175	124,86	689	352
24575	21,30	239,227	17,12	245,199	303	689
24576	351,288	103,99	208,162	79,59	299	219
24577	350,292	216,209	207,170	146,141	299	238
24579	131,110	136,76	76,77	65,69	260	262
24580	79,46	148,85	41,47	77,78	197	260
24581	87,78	47,40	74,61	35,38	262	197
24582	88,45	58,67	58,48	56,44	198	240
24583	2,3	115,127	2,1	92,130	334	379
24584	2,3	14,6	2,1	1,4	334	238
24585	115,127	14,6	92,130	1,4	379	238
24586	113,93	101,64	60,62	62,48	267	259
24587	102,90	219,172	75,92	181,177	251	279
24588	124,99	198,167	95,113	175,170	276	279
24589	143,108	140,117	101,119	103,97	276	251
24590	27,18	140,116	10,17	103,98	276	251
24591	114,116	140,117	135,120	102,97	310	251
24592	114,113	148,142	137,120	117,123	310	276
24593	80,82	148,142	94,76	117,123	237	276
24594	89,74	142,140	63,72	113,120	211	276
24595	96,77	156,125	66,75	115,149	211	310
24596	96,77	8,9	66,75	4,9	211	237
24597	263,211	169,99	147,169	119,127	294	261
24598	168,121	180,131	126,77	113,128	251	294
24599	1398,1257	137,82	1192,1068	99,76	236	254
24600	520,528	951,875	481,392	732,742	236	275
24601	511,519	39,27	473,388	23,39	236	275
24602	510,519	548,454	473,390	401,403	236	249
24603	510,519	36,24	473,390	22,37	236	275
24604	36,24	548,454	22,37	401,403	275	249
24605	815,710	882,681	698,625	616,628	275	267
24606	813,707	8,7	697,623	7,6	275	267
24607	813,707	548,453	697,623	401,403	275	249
24608	8,7	548,453	7,6	401,403	267	249
24609	966,835	553,456	729,752	402,406	267	249
24610	625,543	1173,973	436,431	891,830	249	274
24611	8,3	1,2	3,7	0,0	195	197
24612	8,3	101,73	3,7	66,109	195	334
24613	10,17	59,38	11,14	33,68	197	241
24614	183,162	160,159	137,141	100,132	349	364
24615	212,147	99,89	117,144	81,89	364	330
24616	214,147	61,57	118,146	77,55	364	268
24617	5,2	30,21	2,3	24,18	219	287
24618	18,21	32,22	7,4	26,19	219	287
24619	33,34	18,10	21,27	24,18	304	194
24620	35,34	18,10	23,28	24,18	285	194
24621	8,3	400,363	2,1	310,266	156	291
24622	164,158	345,250	107,109	195,179	265	295
24623	154,152	241,187	105,104	138,160	265	259
24624	154,151	246,188	102,105	131,162	265	412
24625	274,228	237,197	173,155	179,198	259	293
24626	315,255	317,246	196,211	197,231	293	347
24627	202,168	371,297	148,165	240,228	277	309
24628	201,166	246,188	148,165	132,162	277	412
24629	16,7	371,297	11,6	240,228	204	309
24630	108,99	373,298	70,72	242,228	204	309
24631	64,44	245,187	53,61	133,162	309	412
24632	159,146	306,219	118,109	193,204	230	257
24633	200,181	306,219	130,133	193,204	412	257
24634	235,182	321,229	126,141	192,204	239	257
24641	130,133	63,88	109,132	113,71	235	223
24642	2,2	10,8	0,0	8,7	185	302
24643	371,222	658,484	275,274	366,354	261	334
24644	111,109	592,517	69,82	489,421	263	785
24645	35,29	185,139	21,39	115,154	245	423
24646	64,54	8,3	49,42	7,6	258	305
24647	78,78	2,2	63,55	0,0	303	308
24648	125,104	439,384	107,128	328,354	289	220
24649	52,50	436,385	45,35	329,355	244	220
24650	27,18	974,803	15,22	659,710	244	290
24651	28,32	329,256	30,16	264,219	290	181
24652	288,220	472,465	214,194	431,415	181	244
24653	559,521	397,328	389,432	320,294	244	233
24654	174,132	359,288	114,112	266,231	248	265
24655	326,251	395,363	218,179	270,282	265	385
24656	8,4	63,45	3,3	25,35	232	241
24657	115,64	50,52	65,76	21,39	282	217
24658	458,353	706,561	300,218	461,501	258	284
24659	474,375	21,16	265,365	19,18	245	278
24660	22,18	22,24	7,10	24,21	281	278
24665	0,4	26,26	5,0	27,35	401	259
24666	0,4	26,26	5,0	27,35	423	259
24668	1209,1094	696,578	916,904	495,448	276	242
24669	1071,835	696,577	676,690	495,450	241	242
24670	1055,821	1499,1210	660,671	1093,1025	241	305
24671	73,57	748,685	48,59	623,547	305	221
24672	84,70	749,685	64,78	623,547	305	221
24673	14,10	5,8	5,9	3,7	207	224
24674	90,68	21,20	56,43	11,16	351	226
24675	0,2	0,0	4,2	0,2	236	286
24676	1684,1278	709,625	1091,928	668,528	272	243
24677	1669,1444	704,620	1332,1048	667,524	301	243
24678	1673,1449	1061,889	1333,1052	811,763	301	272
24679	5,5	185,171	12,6	143,158	264	276
24680	68,85	161,132	52,81	126,132	254	298
24681	68,85	677,614	52,81	539,552	254	3375
24682	217,177	164,137	143,173	127,138	276	298
24683	4,7	104,99	3,8	56,66	298	212
24684	202,192	103,98	169,172	57,67	298	212
24685	256,264	360,344	263,221	293,295	229	211
24686	249,262	446,340	259,215	350,319	229	219
24687	274,255	467,371	223,204	328,333	211	223
24688	396,300	956,879	285,320	755,732	219	321
24692	221,148	84,83	132,77	67,65	304	247
24693	139,80	129,88	65,66	65,83	247	264
24694	8,9	284,215	5,13	173,188	285	252
24695	131,76	9,9	63,67	4,9	252	300
24696	131,76	2,6	63,67	2,4	252	242
24697	5,5	148,109	2,3	81,93	300	242
24698	221,197	265,206	152,159	154,148	233	253
24699	1,2	431,396	0,3	285,302	195	320
24700	14,8	10,7	10,13	6,3	247	216
24702	139,69	46,54	73,95	27,46	665	378
24703	143,76	48,53	71,96	28,45	665	378
24704	1,1	3,4	4,1	3,0	255	235
24705	13,6	1,2	9,14	2,0	307	235
24707	2,2	8,2	1,2	15,11	328	238
24708	0,1	8,2	0,0	15,11	352	238
24710	1,4	6,0	2,6	2,0	217	271
24711	22,20	18,14	13,18	16,11	257	292
24712	179,192	94,98	187,100	74,89	363	340
24713	149,130	72,74	137,103	51,48	340	277
24714	69,49	45,29	58,43	19,19	254	265
24715	20,16	491,371	8,15	416,376	194	266
24717	108,158	205,156	138,94	215,162	246	261
24719	117,85	0,2	68,77	0,5	280	320
24721	182,253	1349,1175	251,224	889,885	230	259
24722	522,458	370,301	466,463	276,248	263	239
24723	565,508	433,339	402,379	285,305	273	219
24724	102,114	121,139	101,83	125,104	264	259
24725	117,127	123,142	115,80	130,112	249	259
24726	73,56	87,83	42,50	79,57	210	289
24727	41,40	85,86	37,24	71,53	289	256
24728	63,76	65,65	64,50	45,43	256	215
24734	0,0	3,5	0,1	5,5	271	220
24740	97,61	98,84	67,67	52,58	232	286
24741	44,45	50,47	18,35	31,30	213	238
24742	33,36	25,25	32,27	17,19	238	220
24747	61,58	201,151	60,56	156,111	189	202
24752	445,444	121,105	363,377	90,99	263	310
24753	446,450	846,612	363,376	525,553	263	310
24754	0,0	793,667	0,3	620,618	173	263
24755	456,451	793,667	364,348	620,618	278	263
24756	8,11	86,155	19,6	126,106	248	303
24757	32,30	202,162	34,31	162,138	180	209
24759	6,4	192,154	4,1	158,137	217	209
24763	28,34	25,36	26,38	18,33	300	244
24764	34,48	47,49	35,47	40,25	277	252
24765	59,70	65,56	81,48	47,31	318	277
24766	20,6	31,16	10,6	34,16	263	312
24767	3,5	10,7	4,4	7,10	239	281
24780	188,153	72,38	163,148	50,76	252	240
24781	240,205	104,81	165,224	68,105	270	252
24782	637,478	217,193	442,425	158,186	402	251
24783	6,4	2,3	1,0	4,10	227	417
24784	82,100	43,55	62,64	56,42	288	353
24785	80,100	152,185	61,65	133,125	288	320
24786	45,55	58,65	22,37	34,33	336	312
24787	81,50	106,78	64,52	94,66	222	268
24788	31,23	106,78	26,23	94,66	315	268
24789	31,23	81,50	26,23	64,52	315	222
24790	154,130	49,35	150,95	41,34	236	192
24791	154,130	404,500	150,95	405,352	236	526
24792	129,92	397,494	111,71	403,332	246	526
24793	11,3	397,494	3,5	403,332	262	526
24794	136,102	131,136	116,91	137,139	246	236
24795	2,13	225,163	11,5	200,128	184	301
24796	7,7	39,43	17,4	30,38	194	184
24800	6,7	58,86	19,6	108,73	361	356
24801	120,118	71,78	82,93	75,59	278	245
24802	112,110	179,170	76,86	186,120	245	401
24803	103,109	54,72	66,81	64,61	245	401
24804	180,166	114,113	157,142	119,101	401	278
24805	178,168	21,26	157,142	25,15	401	203
24806	79,71	168,139	58,54	113,155	266	272
24807	143,85	220,179	115,105	127,123	295	265
24808	13,9	10,4	7,4	2,1	264	295
24809	12,13	162,149	7,4	149,132	264	295
24810	16,32	23,16	13,16	19,12	302	258
24811	1149,1086	33,29	937,835	26,27	297	286
24812	516,455	549,475	417,354	404,349	297	207
24813	246,249	572,545	183,193	466,381	207	250
24814	252,215	2,0	191,182	5,3	189	403
24815	6,4	5,5	7,11	6,7	258	335
24816	2,0	0,0	1,0	1,1	303	258
24817	20,8	0,0	10,7	1,2	303	258
24818	20,9	3,1	9,7	1,4	303	258
24819	3,0	2,1	1,3	0,0	295	324
24820	10,3	9,5	4,3	7,10	334	303
24821	310,264	336,320	203,220	268,217	337	332
24822	300,236	148,144	241,222	112,114	332	244
24823	169,131	321,250	119,112	236,201	258	323
24824	10,13	321,250	3,2	236,201	255	323
24825	767,618	1,1	670,552	1,0	238	223
24826	207,178	79,76	139,154	68,59	321	221
24827	604,466	112,106	414,466	94,111	521	230
24828	195,170	589,607	99,90	521,348	308	473
24829	264,294	1073,1027	234,215	823,618	292	933
24830	264,294	554,482	234,215	328,295	292	776
24831	195,170	39,40	99,90	13,16	308	308
24832	274,305	110,81	238,215	67,72	292	308
24833	29,38	179,160	33,28	92,82	186	292
24834	277,285	77,86	190,163	58,59	286	186
24835	0,3	77,86	0,0	58,59	236	186
24836	130,116	77,86	90,71	58,59	199	186
24837	130,116	0,3	90,71	0,0	199	236
24838	506,620	618,581	460,421	411,366	324	278
24839	503,619	252,253	460,419	166,181	324	200
24840	465,423	1267,1162	307,332	831,1006	276	351
24844	37,47	59,49	30,41	30,62	251	296
24845	91,66	27,37	56,63	24,27	332	251
24846	23,20	23,30	20,28	22,26	332	251
24847	42,42	72,75	28,22	58,69	360	332
24848	2,0	53,30	0,2	28,38	261	304
24849	60,44	53,30	20,23	28,38	270	304
24850	2,3	53,30	0,0	28,38	270	304
24851	114,105	79,73	60,76	48,43	455	316
24856	164,101	166,113	100,95	75,82	281	210
24857	4,2	266,207	1,3	210,238	295	309
24860	126,127	429,395	147,132	327,343	300	317
24861	343,300	129,132	231,300	113,112	317	231
24862	3,4	86,68	1,2	36,44	198	290
24863	9,13	195,169	7,4	125,125	282	381
24864	92,85	7,2	48,44	5,7	381	236
24865	37,32	75,81	20,19	38,29	211	257
24866	119,109	110,106	54,63	71,92	274	366
24867	119,109	38,50	54,63	35,40	274	1129
24868	109,113	20,9	54,59	2,11	274	239
24869	28,39	87,78	38,38	36,47	221	299
24870	89,79	132,107	63,72	66,74	320	325
24871	113,108	25,22	69,60	17,9	325	191
24872	3,0	133,111	0,0	74,78	233	191
24873	33,29	82,65	22,23	45,33	191	289
24874	139,114	17,11	82,96	0,8	300	262
24875	82,65	75,77	50,58	53,44	300	278
24876	42,59	93,95	38,26	56,57	278	290
24877	91,86	170,147	70,56	78,118	290	284
24878	84,89	395,370	52,61	282,246	249	396
24879	2077,1762	304,264	1508,1527	230,210	2116	301
24880	228,173	261,255	188,182	194,183	301	276
24881	245,238	159,115	174,193	100,104	272	273
24882	242,238	60,73	173,194	59,51	272	273
24883	0,2	60,73	0,0	59,51	210	273
24884	245,248	90,95	239,183	103,90	328	231
24885	24,23	92,81	19,12	48,69	311	220
24886	109,100	53,54	71,58	46,43	320	295
24887	66,56	52,26	36,29	21,17	271	236
24889	306,309	445,422	338,256	361,335	275	328
24890	101,84	432,410	100,79	348,329	190	328
24891	112,117	432,410	93,109	348,329	598	328
24892	457,371	432,410	352,286	348,329	857	328
24893	457,371	494,466	352,286	412,366	857	1737
24894	110,95	372,326	108,84	280,268	190	275
24895	223,176	4,4	170,141	1,2	244	190
24896	223,175	100,115	170,142	71,66	244	190
24897	339,278	230,218	266,217	267,199	319	244
24898	75,45	230,218	50,42	267,199	340	244
24899	10,16	326,199	13,30	253,218	328	266
24900	23,24	70,55	17,15	61,48	287	480
24901	19,10	4,4	14,7	2,5	360	282
24902	1112,1200	2200,1860	911,869	1449,1300	306	383
24903	133,161	2200,1860	109,105	1449,1300	309	383
24904	1248,1169	1844,1494	856,927	1156,1006	301	306
24905	546,523	2390,1956	395,382	1673,1625	330	355
24906	233,211	21,24	188,169	27,18	263	263
24907	233,212	2,0	188,169	6,0	263	328
24910	45,42	72,64	45,21	76,71	323	305
24911	87,98	106,112	79,53	116,91	305	347
24912	89,91	132,123	104,88	113,81	347	323
24917	134,78	138,163	73,98	168,139	220	256
24918	340,230	140,164	215,303	168,142	332	256
24919	6,1	1,0	1,1	2,2	235	190
24920	25,14	19,17	4,25	39,26	277	300
24921	31,38	19,34	16,14	18,14	311	281
24928	495,410	681,513	388,267	406,418	248	262
24929	251,205	190,259	231,169	329,207	311	294
24930	116,118	223,176	200,146	231,150	281	311
24931	89,68	5,5	58,76	3,3	222	230
24932	108,63	86,47	50,79	44,56	214	222
24933	163,122	168,130	120,95	110,113	289	253
24934	2,5	158,124	3,0	104,114	289	253
24935	0,3	158,124	8,3	104,114	222	253
24937	181,147	337,304	124,144	229,215	306	307
24938	71,63	82,70	36,31	48,65	279	322
24939	362,350	469,332	309,275	322,378	245	216
24940	380,347	249,205	290,272	207,189	240	198
24941	381,350	248,212	289,278	180,179	240	208
24942	85,65	187,133	61,43	98,120	254	200
24943	10,14	39,24	19,11	27,28	241	279
24945	7,6	3,5	2,6	4,0	515	247
24947	11,9	3,5	4,4	4,0	253	247
24948	7,6	4,5	2,6	4,0	515	265
24950	7,6	4,5	2,6	5,0	515	271
24951	7,6	10,5	2,6	7,2	515	271
24953	11,9	6,9	4,4	9,2	253	271
24956	7,9	50,45	11,3	19,25	406	188
24957	8,9	22,11	12,3	8,8	406	337
24958	3,5	22,11	6,7	8,8	277	337
24963	81,114	44,54	81,70	51,38	247	227
24964	87,114	74,78	81,72	66,58	247	212
24965	67,85	61,52	54,44	44,37	227	227
24966	58,52	113,80	45,31	63,73	227	202
24967	24,24	76,77	30,17	66,59	202	212
24972	39,30	48,56	22,16	23,37	264	293
24974	136,105	88,69	74,111	51,83	284	239
24975	238,218	76,80	164,169	63,80	332	257
24976	86,70	66,78	56,55	64,78	247	257
24977	136,103	203,238	75,111	134,166	284	332
24978	137,104	142,130	75,112	87,95	284	247
24979	66,43	128,110	44,47	84,85	225	247
24980	80,61	161,139	45,57	102,98	225	284
24981	2,2	0,0	0,0	1,0	512	181
24982	4,3	42,49	5,3	36,41	224	261
24983	14,15	73,74	15,10	56,58	210	292
24984	97,79	46,54	60,82	33,43	324	272
24985	14,15	48,55	14,10	56,51	176	293
24986	11,11	13,10	9,13	3,9	251	271
24987	22,14	2,4	11,15	2,10	279	238
24988	28,12	2,5	15,12	2,10	401	238
24991	332,210	471,384	226,227	325,343	274	323
24992	127,133	150,122	124,87	120,101	334	307
24993	117,93	62,70	65,68	61,66	245	239
24994	144,100	184,146	84,87	97,110	245	299
24995	197,192	102,90	126,143	81,70	275	245
24996	15,11	176,160	11,8	102,131	330	261
24997	216,125	176,160	98,163	102,131	278	261
24998	216,125	15,11	98,163	11,8	278	330
24999	49,29	133,72	21,29	88,101	182	278
25000	388,291	148,114	251,277	128,105	332	263
25001	305,262	288,219	236,203	193,192	332	328
25002	207,150	420,361	140,129	321,315	292	332
25003	137,85	211,178	85,96	164,132	275	292
25004	135,85	17,27	84,97	31,23	275	292
25005	9,6	951,841	7,2	743,756	246	219
25006	3,0	49,52	6,2	63,75	210	319
25007	62,40	86,99	38,33	89,92	269	582
25008	62,40	4,1	38,33	2,1	269	246
25009	215,190	367,365	146,98	317,258	237	326
25010	161,150	351,286	131,137	205,179	251	305
25014	65,62	247,179	54,71	133,144	392	380
25015	185,147	123,106	138,132	67,83	380	317
25018	179,154	3,3	145,112	4,12	190	235
25019	15,9	499,523	6,17	427,319	275	311
25020	336,300	499,523	268,212	427,319	254	311
25021	336,300	8,6	268,212	6,4	254	268
25022	42,28	43,33	24,29	15,25	265	257
25023	51,47	27,42	47,46	25,27	320	296
25024	183,148	78,59	115,137	52,37	276	250
25027	9,5	93,62	10,7	53,60	368	260
25028	11,11	127,151	10,13	112,83	319	237
25029	29,28	127,151	19,21	112,83	316	237
25030	26,62	134,155	59,57	112,88	275	237
25031	23,29	145,131	25,24	93,89	294	502
25032	97,97	1316,1240	99,59	1051,1103	322	333
25033	972,904	1138,920	747,796	812,821	278	341
25034	312,282	1235,1017	243,216	908,879	365	326
25035	1427,1189	1235,1017	1084,1031	908,879	341	326
25036	0,1	2,1	3,1	0,1	232	384
25037	1,1	2,1	0,1	0,1	329	384
25038	4,3	2,1	1,5	0,1	223	384
25039	0,1	2,1	2,2	0,1	283	384
25043	1,1	0,1	0,1	3,1	329	232
25044	4,3	0,1	1,5	3,1	223	232
25045	0,1	0,1	2,2	3,1	283	232
25046	3,3	0,1	1,4	3,1	223	232
25047	0,2	0,1	1,0	3,1	356	232
25048	0,1	1,1	2,2	0,1	283	329
25049	0,1	4,3	2,2	1,5	283	223
25050	0,2	3,3	1,0	1,4	356	223
25051	0,0	21,18	0,2	9,23	270	237
25052	0,0	22,18	0,2	9,23	270	257
25085	97,81	112,89	80,58	78,78	197	225
25086	108,86	102,86	82,85	100,104	225	208
25087	5,7	1,0	5,5	4,1	204	369
25091	17,13	2,2	9,10	2,2	497	262
25092	21,16	0,0	10,10	0,2	497	211
25095	0,1	3,2	1,2	2,2	321	288
25096	0,1	2,2	1,2	2,2	321	262
25097	0,1	0,1	1,2	0,1	321	395
25099	1,0	2,0	0,1	6,0	242	787
25100	1,0	2,3	0,1	6,1	242	847
25101	1,0	7,5	0,1	3,2	242	288
25102	1,0	4,4	0,1	0,1	242	421
25103	1,0	3,2	0,1	2,2	242	284
25104	1,0	2,2	0,1	2,2	242	262
25115	5,6	6,5	0,4	4,2	288	238
25116	1,3	6,5	0,5	4,2	288	238
25118	0,1	6,5	0,1	4,2	421	238
25122	1,3	6,5	2,4	4,2	262	238
25154	1,1	0,1	0,1	0,1	214	259
25155	0,0	0,3	1,1	1,10	230	251
25156	1289,1553	22,57	1496,1012	66,32	329	354
25157	111,99	357,405	71,65	410,294	209	329
25158	617,613	359,408	508,437	411,296	209	329
25159	36,36	239,346	39,20	440,288	204	329
25160	579,582	239,346	492,421	440,288	209	329
25161	20,18	359,408	8,9	411,296	233	329
25162	88,82	237,343	65,59	439,286	209	329
25163	1770,1538	3822,3312	1125,1145	2506,2619	239	333
25164	3091,2953	24,13	2161,2083	15,22	225	223
25165	489,500	394,399	360,319	270,273	252	222
25166	1052,1038	400,415	885,736	330,287	949	363
25167	965,990	401,414	846,704	330,287	949	363
25169	74,111	211,185	87,70	156,133	262	265
25170	73,110	219,206	89,68	175,131	262	297
25171	259,334	219,206	239,221	175,131	337	297
25172	320,304	205,175	245,204	151,131	337	265
25173	49,48	213,185	29,35	150,138	281	265
25174	38,39	213,185	29,36	150,138	255	265
25176	215,172	119,104	142,128	59,88	233	189
25177	222,175	461,406	143,127	334,298	233	310
25178	167,152	223,160	154,130	149,139	227	233
25179	214,213	199,148	173,177	167,133	257	227
25180	265,217	254,214	197,149	196,183	225	257
25181	382,343	7,5	277,255	2,1	280	225
25182	379,341	167,147	276,255	144,133	280	225
25183	140,67	342,273	64,84	198,206	327	366
25184	196,137	27,7	123,132	24,7	314	206
25185	1,0	324,203	2,0	223,225	195	238
25186	118,135	151,103	134,110	129,104	240	230
25187	118,135	167,107	134,110	136,113	240	236
25188	40,36	2,4	49,23	1,5	533	267
25189	44,56	121,124	33,41	133,105	231	282
25190	173,180	71,48	132,102	53,41	316	187
25191	19,21	106,72	36,23	57,47	247	214
25192	2,0	5,9	2,0	11,5	234	328
25193	21,13	146,120	8,9	98,116	270	239
25199	140,121	220,198	122,81	148,193	253	289
25200	124,110	210,175	110,98	169,176	232	258
25201	300,202	165,127	217,184	127,136	302	229
25202	78,92	1210,1059	78,81	911,844	326	435
25203	1208,1079	766,629	910,888	489,484	435	300
25204	1209,1079	10,6	910,886	9,9	435	300
25205	514,445	605,443	391,329	398,387	300	333
25206	514,447	354,305	387,325	274,291	300	293
25207	92,82	40,50	72,66	21,27	400	284
25210	74,45	130,65	48,41	72,74	240	255
25211	91,72	142,87	63,76	119,88	255	243
25212	34,38	56,73	26,29	25,44	221	251
25213	60,73	94,84	33,46	59,75	246	263
25214	65,73	93,71	47,34	57,67	263	241
25215	219,210	94,80	196,166	56,79	386	278
25216	105,93	189,162	66,69	121,135	278	353
25217	222,181	155,120	97,142	97,118	362	332
25218	19,16	52,47	24,21	31,42	255	274
25219	125,103	76,70	71,43	47,52	336	319
25220	12,6	118,106	3,11	78,79	319	319
25221	34,20	46,38	17,16	25,19	261	289
25222	833,678	915,681	588,543	523,541	313	311
25223	304,236	16,22	217,242	15,18	235	238
25224	298,235	541,390	212,227	393,332	235	238
25225	66,85	217,198	63,67	157,166	249	267
25226	155,145	190,211	99,133	139,136	223	207
25227	922,884	245,220	681,703	235,185	464	240
25228	235,212	254,222	222,180	191,157	228	224
25229	227,203	831,700	208,170	564,450	228	369
25230	216,186	840,708	177,168	578,460	224	369
25231	4,8	105,75	1,2	85,53	808	275
25232	0,1	105,75	3,2	85,53	289	275
25233	392,344	841,744	288,260	747,761	373	532
25234	396,342	48,49	288,260	38,38	373	197
25235	396,342	758,625	288,260	677,667	373	532
25236	1042,879	50,49	904,893	37,38	532	197
25237	992,839	102,78	858,850	88,69	532	214
25238	54,41	146,120	51,54	134,112	197	214
25239	257,190	349,372	167,159	290,253	241	264
25240	412,350	516,445	302,302	342,336	246	269
25241	46,37	197,178	45,29	103,109	260	305
25242	46,38	40,41	45,31	21,35	260	181
25243	158,141	41,41	114,124	21,34	421	181
25244	65,56	41,41	52,50	21,34	223	181
25245	16,21	84,69	13,9	48,34	255	263
25246	13,9	2,3	10,21	0,0	194	206
25247	0,2	0,0	0,0	1,2	366	289
25248	4,1	0,0	5,2	1,2	272	289
25249	4,1	0,2	5,2	0,0	272	366
25252	0,0	69,50	1,0	59,62	195	209
25254	200,211	5,4	145,179	3,2	314	260
25255	36,31	173,205	28,38	172,204	296	314
25257	740,555	104,94	461,485	74,76	607	282
25258	3644,3213	29381,26562	2916,2545	24286,21180	257	309
25259	362,268	202,212	227,251	175,155	315	262
25260	358,251	11,2	210,285	0,4	315	270
25261	254,179	518,332	140,193	346,336	262	327
25262	253,181	313,264	140,193	208,235	262	319
25264	69,47	186,112	36,57	105,80	225	352
25265	47,35	30,35	22,32	21,19	201	225
25266	69,33	85,70	38,39	65,52	262	340
25267	118,79	157,122	78,82	136,122	332	392
25268	362,278	153,112	259,186	111,102	294	254
25269	544,528	27,16	399,377	12,15	481	294
25270	545,529	356,322	399,376	255,193	481	294
25271	175,166	647,575	105,142	482,421	294	481
25272	2,3	132,132	1,1	123,78	239	282
25273	2,4	132,132	1,2	123,78	267	282
25274	3,5	132,132	1,1	123,78	272	282
25276	49,27	65,45	20,15	44,40	236	270
25277	50,49	4,12	53,59	15,8	283	212
25278	53,56	37,27	30,38	45,28	278	306
25283	1520,1147	927,797	1024,1046	651,596	567	291
25284	409,349	1158,1045	329,281	787,785	236	308
25285	632,528	8,12	556,394	12,4	249	236
25286	636,531	480,573	561,394	428,409	249	236
25287	308,274	876,801	261,228	757,616	219	297
25288	1,5	1,0	3,1	2,2	264	367
25290	13,19	1211,1083	10,4	868,858	211	248
25291	3,7	1506,1367	2,3	1060,1102	275	268
25292	1,7	1371,1225	0,4	1069,1001	275	561
25293	1346,1185	1506,1367	964,903	1060,1102	248	268
25294	1345,1185	1371,1225	962,904	1069,1001	248	561
25295	1614,1446	1201,1036	1196,1180	882,864	268	234
25296	1121,1065	4,0	943,743	1,0	227	231
25297	129,130	101,92	137,143	88,67	292	248
25298	19,8	30,35	12,4	40,25	198	246
25299	1035,953	188,135	744,598	103,156	957	258
25300	101,96	96,95	74,73	79,88	285	358
25301	202,197	41,17	132,190	17,18	358	217
25302	27,19	93,86	23,20	60,61	217	272
25303	47,26	39,35	32,34	27,36	272	245
25304	4,2	142,114	2,3	105,81	186	213
25305	102,121	142,114	104,87	105,81	240	213
25306	123,113	112,107	96,92	81,46	271	260
25307	62,38	155,132	47,44	107,108	300	294
25309	162,126	331,327	125,82	224,212	248	371
25310	278,254	314,265	132,134	218,188	371	299
25311	54,56	43,30	55,54	31,43	230	232
25312	5,5	7,6	3,1	4,3	220	295
25313	5,5	10,5	3,1	4,3	220	223
25314	49,22	21,19	36,37	14,13	373	282
25315	1,0	1,8	2,3	2,0	212	243
25324	131,118	556,406	79,90	286,276	357	752
25325	1671,1538	625,524	1425,1428	546,529	282	1698
25326	4,6	1307,1065	5,12	1021,1002	226	272
25327	3,3	95,72	5,6	54,50	272	267
25328	20,32	44,49	23,21	43,56	272	244
25329	12,23	38,39	18,12	29,41	267	219
25330	12,23	7,3	18,12	2,3	267	275
25331	44,61	135,98	45,39	94,86	239	274
25332	86,97	113,103	88,70	73,76	274	257
25333	45,29	1,0	21,42	3,2	216	224
25334	45,29	32,33	21,42	17,17	216	199
25335	1,0	32,33	3,2	17,17	224	199
25336	72,63	106,81	57,70	80,53	236	214
25337	59,58	144,128	35,46	103,148	214	289
25338	41,44	412,567	43,38	707,503	180	870
25339	450,588	61,91	554,434	81,49	1528	372
25340	119,94	63,47	88,58	47,35	254	198
25341	10,6	15,9	1,6	3,29	258	223
25342	69,87	186,171	53,87	143,159	254	276
25343	12,18	37,45	6,7	35,43	180	310
25344	4,6	15,12	1,2	17,13	194	267
25346	42,26	28,30	32,26	20,25	245	253
25347	42,26	6,9	32,26	7,2	245	211
25349	60,40	1,3	48,41	3,2	245	232
25351	83,54	286,225	51,39	212,181	246	490
25352	27,16	246,188	19,12	175,212	184	535
25353	29,16	85,97	19,12	60,55	184	281
25354	268,267	553,496	231,210	435,478	371	315
25355	247,253	1408,1282	221,195	1187,1040	371	677
25356	65,57	553,496	41,44	435,478	314	315
25357	77,77	1430,1296	68,76	1198,1055	338	677
25358	463,431	1430,1296	371,341	1198,1055	315	677
25359	61,51	78,48	36,43	44,25	219	249
25364	36,32	11,9	46,23	15,11	241	276
25370	559,471	260,185	467,446	173,151	284	196
25371	1,2	260,185	1,2	173,151	315	196
25372	895,650	0,0	612,582	1,0	318	284
25373	958,735	850,660	733,826	668,617	344	318
25374	654,539	863,667	444,515	613,630	284	344
25375	656,542	716,568	446,515	572,670	284	333
25376	969,810	635,536	624,740	486,569	313	284
25377	873,805	845,780	645,698	683,667	1869	331
25378	926,758	673,509	664,535	486,486	347	288
25379	1,0	458,459	1,0	364,413	216	278
25380	574,497	458,459	427,451	364,413	269	278
25381	123,104	779,689	119,111	527,609	194	331
25382	304,231	169,113	216,242	128,130	211	194
25383	295,262	5,0	214,272	4,0	222	211
25384	294,257	238,175	215,268	187,159	222	211
25385	548,443	234,166	355,401	168,163	251	222
25386	454,361	467,382	288,316	334,390	281	251
25387	10,7	637,545	7,3	429,503	256	281
25388	2,1	637,545	1,0	429,503	175	281
25389	459,390	320,298	287,306	270,223	281	249
25390	262,247	641,557	159,187	385,404	249	341
25391	297,269	266,313	180,184	286,233	267	274
25395	7,4	4,9	6,13	6,11	230	346
25396	7,6	3,20	6,15	8,11	230	280
25397	39,38	76,53	27,41	31,53	236	324
25398	59,59	162,119	50,50	116,100	324	456
25399	132,113	72,51	60,88	59,42	456	299
25415	0,0	65,53	0,3	49,34	235	312
25416	0,0	185,152	0,1	117,106	293	314
25417	0,0	122,98	0,1	73,71	293	310
25418	47,50	33,40	12,19	26,15	263	284
25419	47,50	39,54	12,19	46,45	263	451
25421	60,45	2,0	33,44	1,0	271	261
25422	59,43	82,68	29,44	54,54	271	414
25423	64,66	93,44	49,67	58,61	249	378
25424	63,25	43,52	33,31	32,18	378	284
25425	63,25	49,66	33,31	52,49	378	451
25426	63,25	41,49	33,31	46,42	378	447
25428	14,2	56,66	3,9	54,61	265	451
25431	492,433	529,402	370,420	394,360	315	273
25432	178,139	120,90	96,113	87,75	337	1790
25433	178,139	38,57	96,113	45,36	337	230
25434	186,147	78,75	105,114	52,59	337	238
25435	245,202	114,72	154,143	72,84	327	337
25436	117,98	198,158	74,88	103,113	222	327
25437	54,52	33,30	37,53	32,24	372	256
25438	223,217	104,60	239,171	74,35	1283	364
25439	45,43	41,21	36,51	18,23	281	249
25440	28,24	31,27	27,21	16,10	267	256
25441	43,15	19,14	22,26	15,10	256	230
25442	41,14	12,12	18,21	10,5	256	238
25443	26,16	14,13	14,6	14,10	230	238
25444	26,16	21,8	12,5	14,7	230	221
25445	20,19	21,8	20,8	16,8	238	221
25446	17,14	34,33	14,7	14,13	221	278
25447	33,14	31,22	25,11	10,11	278	259
25448	27,20	50,43	10,12	31,48	259	408
25450	1049,1027	4,0	793,845	0,0	217	213
25451	182,146	138,129	117,136	102,140	312	244
25452	25,8	195,162	13,17	135,147	228	312
25454	315,278	686,540	239,271	488,428	240	255
25455	11,6	2,11	10,6	4,5	763	409
25456	71,80	4,2	68,78	4,5	217	264
25457	65,67	47,43	36,21	26,34	230	242
25460	109,90	81,59	55,65	37,46	288	197
25461	12,11	81,55	15,14	37,44	288	197
25462	218,182	186,200	121,154	151,133	346	288
25463	263,225	3,10	152,185	5,6	296	218
25464	488,402	679,587	317,328	397,452	329	384
25465	488,402	129,119	318,325	105,94	329	218
25466	834,729	3,10	490,573	6,8	384	218
25467	834,729	471,500	490,573	320,352	384	301
25468	3,10	471,500	6,8	320,352	218	301
25469	315,304	376,371	227,213	250,305	301	280
25470	108,106	376,371	62,87	250,305	298	280
25471	2,0	376,371	1,6	250,305	295	280
25472	9,11	295,343	10,9	211,200	280	258
25473	7,14	520,480	9,7	339,397	280	333
25474	225,176	304,349	142,158	212,200	249	258
25475	304,328	296,343	179,212	211,199	289	258
25476	283,317	518,482	170,198	339,398	289	333
25477	275,233	540,491	182,192	349,412	258	333
25478	317,280	369,322	179,251	208,272	264	280
25479	306,266	490,462	177,248	342,265	264	318
25480	425,341	500,476	312,302	344,270	280	318
25481	102,94	466,353	67,43	321,316	318	288
25482	481,429	466,353	289,335	321,315	318	288
25483	72,66	466,353	53,26	321,315	314	288
25484	408,382	326,294	279,224	222,205	288	267
25485	47,36	91,61	50,39	60,57	233	222
25486	24,10	100,72	29,24	54,66	222	225
25487	57,54	40,22	31,52	12,31	199	207
25488	99,77	93,58	43,65	43,54	236	245
25489	78,58	125,102	46,51	50,78	245	305
25490	165,112	46,35	95,97	21,22	305	239
25491	46,21	879,759	10,24	671,696	324	298
25492	432,352	345,316	330,346	246,298	261	298
25493	1014,840	686,576	704,694	497,575	384	278
25494	175,164	974,812	135,129	697,723	320	384
25496	61,49	26,26	38,44	18,18	234	228
25497	61,48	5,4	38,42	0,1	234	216
25498	0,0	2,2	0,4	2,9	341	300
25499	0,0	2,2	0,4	0,0	341	243
25500	2,2	2,2	2,9	0,0	300	243
25501	44,35	51,41	22,37	33,27	228	226
25502	44,64	53,47	38,44	37,41	207	230
25503	100,120	97,125	68,98	81,68	352	306
25504	100,120	93,120	68,98	78,66	352	287
25505	34,35	124,115	25,19	90,74	203	311
25506	42,28	169,105	15,19	100,76	1526	316
25507	104,103	169,105	73,68	100,76	311	316
25508	1,1	169,105	1,1	100,76	248	316
25509	17,11	34,40	16,9	29,47	218	299
25510	1013,791	1278,936	597,646	707,811	254	310
25511	1027,793	1434,1162	601,649	829,997	254	293
25514	826,570	848,649	453,520	505,545	208	234
25521	574,429	1099,867	468,465	713,845	272	284
25522	32,48	75,65	63,59	91,74	298	239
25523	77,77	27,23	54,44	27,26	296	244
25524	35,19	29,41	9,44	32,22	632	249
25525	9,2	35,44	4,5	31,25	229	284
25526	35,19	35,44	10,43	32,24	632	284
25527	36,24	29,24	9,43	15,6	632	204
25528	3,0	48,55	0,1	71,44	265	420
25529	37,19	51,54	10,43	76,44	632	420
25530	69,33	166,116	58,58	128,109	236	299
25531	116,100	0,1	69,95	1,0	209	310
25532	86,76	106,71	83,66	84,70	277	308
25533	4,2	0,4	3,0	1,0	245	179
25535	348,288	1145,896	259,258	798,829	239	292
25536	375,311	1082,882	271,277	884,871	239	258
25537	44,79	1085,882	122,87	879,872	202	258
25539	11,19	104,91	17,14	65,74	181	227
25543	81,54	13,12	30,52	14,10	254	195
25545	4,6	4,0	3,0	1,0	496	299
25547	71,42	99,84	40,65	54,59	325	343
25548	56,49	97,75	30,52	48,55	359	343
25549	107,76	89,44	69,73	59,58	351	335
25562	31,21	22,28	20,13	21,9	221	323
25563	1,3	451,423	4,1	263,300	216	334
25564	147,91	112,122	101,96	74,80	221	238
25565	41,22	100,95	26,32	100,82	180	283
25566	2,2	426,348	5,4	301,309	287	237
25567	39,36	146,128	58,41	112,90	267	237
25568	8,2	13,8	1,0	18,13	229	287
25575	20,11	30,35	21,17	25,18	323	293
25576	230,207	265,276	211,193	269,237	286	239
25577	130,87	266,275	104,81	269,237	205	239
25578	0,0	265,275	0,1	269,236	205	239
25579	0,1	265,275	1,1	269,236	218	239
25580	230,207	325,357	211,193	337,303	286	271
25581	130,87	325,359	104,81	339,303	205	271
25582	133,88	220,231	104,85	218,201	205	286
25584	0,1	85,64	0,0	72,63	199	196
25585	0,1	0,0	1,1	0,1	218	205
25586	0,1	102,79	0,0	82,76	199	205
25587	119,92	152,121	116,90	92,118	239	243
25588	15,11	607,510	11,16	502,375	209	257
25589	287,236	251,212	191,168	173,194	212	246
25590	231,196	217,222	151,154	164,184	286	341
25592	7,0	4,0	3,6	1,1	668	486
25596	83,76	53,45	40,80	35,41	304	253
25597	61,61	80,64	64,56	38,54	248	304
25598	193,142	45,39	108,126	13,45	369	248
25599	117,78	97,62	52,58	71,74	338	319
25600	73,64	119,114	56,52	77,130	319	338
25601	13,16	116,114	14,11	77,131	319	338
25602	221,254	92,77	183,158	43,38	711	319
25603	52,39	93,76	32,22	45,37	290	319
25604	2,3	1,0	0,6	0,0	218	185
25607	335,329	34,49	255,255	46,32	1022	266
25608	26,33	342,352	17,13	275,260	365	1022
25609	247,163	25,11	207,164	19,19	308	307
25610	345,333	88,105	329,220	82,73	551	238
25611	346,336	332,315	331,220	296,281	551	350
25612	76,45	332,315	49,42	296,281	256	350
25615	129,112	39,40	51,74	45,26	375	301
25616	72,78	57,58	45,53	35,29	312	375
25617	150,119	80,57	95,90	19,46	431	312
25618	76,59	81,55	38,74	77,83	274	240
25619	84,80	58,44	89,77	41,32	273	281
25620	84,80	13,14	89,77	11,5	273	284
25621	51,65	52,56	58,87	45,47	284	248
25622	62,47	55,60	46,44	48,48	281	248
25623	99,79	67,70	63,70	54,70	308	269
25625	197,180	101,90	158,152	73,89	241	194
25626	126,115	398,374	103,107	272,290	194	274
25627	171,161	213,181	145,100	146,132	249	218
25628	2,1	3,2	0,1	2,0	267	243
25629	2,1	0,0	0,1	2,0	267	202
25630	2,1	2,0	0,1	1,0	267	199
25631	2,1	0,0	0,1	0,1	267	210
25632	2,1	2,2	0,1	2,0	267	291
25633	2,1	4,20	0,1	11,8	267	268
25634	2,1	0,0	0,1	6,3	267	330
25635	3,2	0,0	2,0	2,0	243	202
25636	3,2	2,0	2,0	1,0	243	199
25637	3,2	0,0	2,0	0,1	243	210
25638	3,2	2,2	2,0	2,0	243	291
25639	3,2	4,20	2,0	11,8	243	268
25640	3,2	0,0	2,0	6,3	243	330
25642	0,0	2,2	2,0	2,0	202	291
25643	0,0	4,20	2,0	11,8	202	268
25645	2,0	0,0	1,0	0,1	199	210
25646	2,0	2,2	1,0	2,0	199	291
25647	2,0	4,20	1,0	11,8	199	268
25648	2,0	0,0	1,0	6,3	199	330
25649	0,0	2,2	0,1	2,0	210	291
25650	0,0	4,20	0,1	11,8	210	268
25652	0,0	270,302	0,2	189,251	210	281
25653	2,2	4,20	2,0	11,8	291	268
25654	2,2	0,0	2,0	6,3	291	330
25655	4,20	0,0	11,8	6,3	268	330
25656	152,131	92,82	97,95	74,57	258	210
25657	137,122	106,100	81,92	88,67	258	1346
25658	137,122	99,98	81,92	82,64	258	204
25659	64,51	105,73	37,38	73,61	318	238
25660	237,232	203,185	157,120	145,144	315	361
25661	222,224	105,73	150,118	73,61	315	238
25662	299,249	330,272	220,230	203,201	361	344
25663	1,3	102,74	0,1	73,61	290	238
25664	153,159	151,119	120,77	107,78	300	251
25668	46,35	48,33	20,33	21,13	344	274
25669	21,29	12,18	7,20	10,6	216	291
25670	158,113	17,33	79,100	22,23	955	326
25671	6,2	364,322	0,1	324,254	219	242
25672	6,14	48,79	4,13	39,37	249	302
25673	50,34	66,65	20,28	38,57	302	316
25674	51,78	74,58	47,38	42,44	316	314
25675	0,2	2,3	0,0	4,3	243	244
25680	105,108	2,1	82,86	9,0	527	336
25682	96,67	101,95	66,44	53,63	314	226
25683	886,776	160,129	708,598	113,101	523	248
25684	499,462	461,463	353,330	431,284	299	523
25685	296,197	556,466	180,184	398,392	236	299
25686	206,173	299,280	148,159	213,206	224	236
25687	21,27	303,280	14,16	214,204	224	236
25688	191,150	265,233	122,130	174,176	212	224
25689	179,118	467,327	110,125	317,315	270	326
25690	129,83	323,241	82,110	209,198	205	270
25691	181,122	129,93	93,131	61,76	239	205
25692	100,68	94,65	71,92	79,75	222	239
25693	99,68	160,97	47,53	97,135	226	222
25694	48,61	139,99	63,54	76,96	284	226
25701	117,104	126,104	89,85	119,100	232	260
25702	80,73	98,99	72,79	67,70	283	254
25703	14,18	95,97	14,12	65,68	223	254
25704	58,65	109,111	66,50	76,80	244	283
25705	104,89	108,109	59,62	73,81	283	283
25706	107,90	49,52	62,60	56,60	283	244
25707	192,160	331,225	129,123	231,217	263	294
25708	271,200	250,251	187,155	208,225	273	281
25709	91,94	172,107	88,97	106,99	260	304
25710	170,194	224,199	130,132	151,158	339	309
25711	121,103	207,246	75,75	147,173	269	339
25714	1,4	2,4	5,2	0,4	280	324
25715	223,174	225,218	146,162	128,151	307	311
25716	482,450	264,227	353,383	156,181	573	369
25717	57,75	119,140	35,49	77,91	234	233
25718	88,94	112,109	51,55	72,57	235	310
25719	137,111	104,61	108,108	74,56	289	247
25720	0,0	99,59	3,0	71,57	289	247
25721	188,118	138,114	133,144	104,93	289	255
25722	188,118	154,123	133,144	110,104	289	289
25723	131,100	154,124	97,81	110,102	270	289
25725	5,0	9,5	3,5	6,3	553	1469
25726	21,29	16,6	11,22	13,10	302	270
25727	3,1	234,160	0,0	155,122	185	195
25728	4,2	601,560	4,7	500,487	232	355
25729	161,190	269,216	207,123	209,187	295	275
25730	187,195	111,124	123,121	80,104	377	289
25731	193,196	72,105	124,122	40,54	377	268
25732	54,45	94,81	41,37	73,53	269	275
25733	13,9	94,81	11,8	73,57	269	275
25734	37,35	94,81	37,26	73,57	278	275
25735	37,35	13,9	37,26	11,8	278	269
25736	39,38	51,50	37,26	41,39	278	272
25737	19,8	42,37	10,7	21,20	228	289
25739	181,185	289,213	128,125	189,223	304	335
25740	657,582	3161,3039	619,463	3113,2322	216	351
25744	140,144	4,8	109,109	5,5	222	228
25745	7,7	114,98	5,6	100,78	225	220
25746	182,171	4,4	152,135	1,5	329	242
25747	160,140	4,4	143,113	1,5	365	242
25748	828,788	1790,1609	807,707	1451,1395	320	305
25749	311,266	1773,1580	260,268	1428,1383	320	305
25750	4,7	1,0	2,1	1,0	324	277
25752	81,62	67,41	48,52	23,58	274	229
25753	118,87	44,36	66,84	14,43	254	229
25754	82,60	41,47	48,52	47,56	274	273
25755	89,69	176,124	42,68	120,117	297	368
25756	89,69	424,310	42,68	299,280	297	784
25757	49,51	69,76	38,47	49,54	224	301
25758	23,32	22,15	21,26	9,10	232	190
25759	43,51	45,37	34,52	22,17	263	249
25760	61,50	30,37	34,38	14,25	245	232
25761	27,36	75,98	18,14	47,50	217	342
25762	186,186	19,15	143,127	12,14	570	200
25763	53,21	89,106	27,21	55,68	202	304
25765	164,128	299,214	139,139	242,204	323	290
25766	986,832	1528,1395	678,615	1017,960	623	293
25767	1575,1158	1180,1188	967,962	891,736	304	623
25768	1573,1157	945,866	966,963	679,619	304	254
25769	1104,898	1460,1203	859,742	976,898	288	304
25770	0,3	1038,1042	0,0	762,695	214	262
25772	75,103	543,473	106,94	435,345	277	221
25773	14,6	540,469	13,16	433,342	277	221
25774	8,11	104,83	7,7	62,61	425	422
25775	2,5	104,83	0,1	62,61	422	422
25776	2,5	8,11	0,1	7,7	422	425
25777	72,89	159,140	56,56	124,79	422	422
25778	247,257	159,199	203,147	148,133	422	422
25779	140,89	405,358	90,58	309,334	306	419
25780	493,473	434,326	394,434	301,286	301	267
25781	825,648	535,423	637,689	429,424	349	301
25782	179,177	262,291	125,137	203,204	233	248
25783	123,71	264,225	63,93	198,192	197	233
25784	219,197	118,94	182,153	90,86	245	231
25785	6,4	182,168	8,6	116,139	220	276
25786	7,5	415,312	5,0	279,268	261	220
25787	142,104	159,137	93,111	103,118	222	220
25788	329,227	339,264	211,214	293,292	246	263
25789	219,156	679,476	155,188	429,419	263	321
25790	616,449	257,233	488,467	147,184	321	245
25791	169,140	227,178	132,144	168,125	246	237
25792	634,509	777,747	401,444	542,579	238	361
25793	927,778	1107,1029	654,637	747,826	304	361
25794	927,781	777,745	656,643	542,581	304	361
25795	1365,1309	43,29	1001,1038	23,23	361	170
25796	32,20	12,19	20,23	17,14	271	240
25797	0,0	3,4	0,4	5,0	343	215
25809	39,26	2,7	25,30	1,2	379	228
25810	40,35	25,26	32,33	14,13	379	228
25811	30,43	5,19	20,26	16,9	228	197
25812	30,43	4,14	20,26	9,2	228	192
25813	13,17	0,1	11,12	1,0	264	206
25814	13,17	24,19	11,12	14,12	264	314
25815	13,17	0,1	11,12	3,0	264	343
25817	16,20	24,19	12,14	14,12	327	314
25818	16,20	0,1	12,14	3,0	327	343
25820	0,1	24,19	1,0	14,12	206	314
25821	0,0	17,15	1,4	9,9	206	314
25822	0,0	2,4	1,4	0,0	206	273
25823	24,19	0,1	14,12	3,0	314	343
25825	17,15	2,4	9,9	0,0	314	273
25826	16,13	0,1	9,8	3,0	314	343
25831	0,2	2,4	3,0	0,0	343	273
25833	265,274	50,41	221,197	24,39	559	318
25834	239,225	50,41	196,152	24,39	559	318
25836	2,3	10,20	0,0	5,11	233	320
25837	2,3	18,38	0,0	14,12	233	295
25838	1,1	99,108	0,0	85,92	233	318
25839	1,1	1,0	0,0	4,0	233	271
25840	1,1	0,0	0,0	1,0	233	269
25841	1,1	37,15	0,0	22,18	233	450
25844	0,3	0,0	0,3	1,0	159	248
25845	62,76	3,3	72,64	1,2	318	269
25846	99,108	1,0	85,92	4,0	318	271
25847	99,108	0,0	85,92	1,0	318	269
25848	99,108	37,15	85,92	22,18	318	450
25849	58,68	36,21	63,57	22,11	318	279
25850	1,0	0,0	4,0	1,0	271	269
25851	1,0	37,15	4,0	22,18	271	450
25852	2,4	36,23	6,6	28,25	271	450
25853	0,0	37,15	1,0	22,18	269	450
25854	45,39	43,35	21,33	26,17	279	262
25855	3,3	43,35	1,2	26,17	220	262
25858	43,38	5,7	22,13	3,4	360	187
25859	2,4	34,26	3,1	18,26	309	278
25867	34,23	65,44	18,26	34,27	278	262
25868	34,23	39,35	18,26	55,25	278	351
25869	34,23	40,34	18,26	26,17	278	260
25870	34,23	1,5	18,26	1,0	278	245
25872	34,23	3,3	18,26	1,0	278	256
25873	60,56	0,3	38,43	0,0	276	262
25874	19,20	16,16	7,20	9,23	553	463
25875	19,20	99,75	7,20	48,52	553	262
25876	19,20	81,65	7,20	73,48	553	351
25877	19,20	6,4	7,20	6,2	553	275
25878	16,16	99,75	9,23	48,52	463	262
25879	16,16	81,65	9,23	73,48	463	351
25880	16,16	6,4	9,23	6,2	463	275
25881	65,44	1,5	34,27	1,0	262	245
25883	65,44	3,3	34,27	1,0	262	256
25884	15,8	174,129	8,10	136,136	262	286
25885	15,8	17,24	8,10	25,18	262	1037
25886	15,8	164,118	8,10	128,130	262	283
25887	55,37	0,1	20,31	0,0	262	259
25888	99,75	6,4	48,52	6,2	262	275
25889	39,35	1,5	55,25	1,0	351	245
25891	39,35	3,3	55,25	1,0	351	256
25892	81,65	6,4	73,48	6,2	351	275
25893	40,34	1,5	26,17	1,0	260	245
25895	40,34	3,3	26,17	1,0	260	256
25896	12,22	3,0	12,15	0,1	371	277
25897	12,22	1,6	12,15	3,1	371	245
25898	12,22	2,2	12,15	2,1	371	192
25899	9,20	3,6	10,15	1,0	368	245
25900	9,20	0,1	10,15	0,0	368	259
25901	9,20	3,4	10,15	1,0	368	256
25902	9,20	4,2	10,15	7,3	368	275
25903	9,20	4,2	10,15	2,1	368	192
25904	3,0	1,6	0,1	3,1	277	245
25905	3,0	2,2	0,1	2,1	277	192
25907	1,5	3,3	1,0	1,0	245	256
25908	3,6	0,1	1,0	0,0	245	259
25909	3,6	3,4	1,0	1,0	245	256
25910	3,6	4,2	1,0	7,3	245	275
25911	3,6	4,2	1,0	2,1	245	192
25912	1,6	2,2	3,1	2,1	245	192
25914	0,1	3,4	0,0	1,0	259	256
25915	0,1	4,2	0,0	7,3	259	275
25916	0,1	4,2	0,0	2,1	259	192
25917	0,0	3,3	0,1	2,1	190	256
25918	3,4	4,2	1,0	7,3	256	275
25919	3,4	4,2	1,0	2,1	256	192
25920	3,3	4,2	1,0	6,2	256	275
25921	164,143	250,205	158,124	178,185	255	286
25922	22,21	239,198	19,11	174,175	271	286
25923	32,27	171,197	25,21	144,163	271	255
25924	3,6	212,192	0,5	196,154	232	271
25925	1,2	204,181	1,2	194,147	232	271
25926	66,52	234,205	28,39	216,167	232	271
25927	12,19	254,184	11,10	149,145	232	232
25928	4,1	254,184	4,6	149,145	255	232
25933	4,1	12,19	4,6	11,10	255	232
25934	0,1	11,16	0,0	9,9	227	232
25935	5,2	11,16	4,8	9,9	332	232
25936	4,3	11,16	5,6	9,9	255	232
25937	5,2	0,1	4,8	0,0	332	227
25938	4,3	0,1	5,6	0,0	255	227
25939	0,1	106,82	0,0	48,40	195	236
25940	2,9	0,1	2,3	0,0	195	207
25943	1155,1029	177,155	840,735	137,129	640	272
25944	90,95	1130,1022	65,71	804,690	208	640
25945	92,83	1130,1022	62,54	803,690	219	640
25946	368,302	14,6	288,259	23,14	320	219
25947	615,526	239,223	468,424	163,164	378	320
25948	5,3	73,58	12,15	62,58	235	276
25949	23,17	3,4	10,13	1,3	254	225
25950	155,101	294,233	102,102	213,224	225	270
25951	22,8	376,259	10,3	234,264	270	329
25952	213,158	378,265	146,168	240,265	270	329
25953	394,283	331,287	307,308	254,266	301	266
25954	70,43	402,377	55,46	382,340	314	302
25955	510,448	294,266	361,263	212,203	416	411
25956	505,446	124,108	366,265	86,78	416	226
25957	525,435	88,104	387,308	92,73	411	269
25958	147,118	216,190	101,94	158,139	269	341
25959	43,47	6,3	24,21	6,7	818	303
25960	6,6	6,3	2,3	6,7	201	303
25962	168,138	69,64	114,108	46,41	266	329
25963	237,191	73,66	188,146	48,41	296	329
25964	232,188	121,91	189,144	111,85	296	280
25965	232,190	182,173	188,144	125,125	296	329
25966	196,184	221,158	170,110	137,153	329	368
25967	228,202	194,148	192,129	129,136	329	368
25968	197,181	126,92	171,110	110,85	329	280
25969	335,274	80,85	228,239	45,46	368	293
25970	30,23	99,112	19,18	85,75	280	270
25971	0,1	0,0	0,0	0,1	258	341
25972	734,615	1004,779	545,547	704,712	276	298
25973	6,6	3,8	4,8	0,0	242	272
25976	187,141	83,102	135,120	122,92	284	308
25977	189,171	82,99	143,103	121,83	299	308
25978	191,171	155,145	145,110	143,82	299	284
25981	517,381	354,306	297,286	327,244	305	230
25982	411,342	484,391	310,255	393,317	256	305
25983	112,108	314,247	107,81	189,188	189	256
25984	9,9	326,256	7,11	192,196	189	256
25985	201,180	326,256	149,124	192,196	212	256
25986	201,180	9,9	149,124	7,11	212	189
25987	202,179	259,177	149,124	147,141	212	189
25988	481,399	181,159	335,322	148,123	281	212
25989	484,408	466,398	381,366	366,294	287	281
25990	310,299	478,407	227,217	317,308	236	287
25991	413,309	15,18	284,275	6,9	261	236
25992	419,309	312,265	285,275	263,243	261	236
25993	555,429	383,390	340,386	300,288	354	261
25994	205,157	625,496	143,181	423,448	239	354
25995	197,179	625,491	136,143	423,448	234	354
25996	165,160	237,170	148,138	142,152	250	239
25997	272,167	299,213	155,128	189,230	265	250
25998	276,210	293,209	183,176	182,225	250	250
25999	197,178	175,126	136,143	118,107	234	250
26000	409,395	2,0	300,343	0,2	206	170
26001	106,134	3,7	88,102	5,4	202	206
26002	58,63	0,3	67,43	0,3	180	167
26003	303,240	271,288	202,261	208,211	257	267
26004	99,90	447,379	95,81	309,350	204	290
26005	237,212	133,92	158,204	92,107	229	204
26006	46,46	3,2	41,34	2,2	237	229
26007	264,213	309,309	184,138	242,275	316	237
26008	11,11	183,105	14,6	85,86	305	187
26009	38,32	4,3	30,32	3,3	202	187
26010	35,28	0,2	29,27	0,1	202	187
26011	3,3	215,227	4,1	168,169	202	238
26012	671,534	32,28	423,442	26,30	187	274
26013	122,97	257,268	69,94	196,202	187	238
26014	37,35	23,13	40,39	4,13	274	207
26015	2,5	763,656	0,2	525,511	207	238
26016	31,28	557,481	15,19	422,421	238	319
26017	345,317	149,120	257,243	75,91	238	319
26018	19,5	556,483	3,12	422,421	238	319
26020	125,130	199,205	90,77	140,144	267	331
26021	18,14	33,22	18,10	29,16	318	285
26022	14504,10752	23709,19612	9013,9171	16819,16866	418	483
26023	17,32	0,4	57,35	4,5	306	263
26024	150,135	14,18	111,119	13,4	216	407
26025	200,140	61,49	188,167	45,35	338	216
26026	200,140	6,6	187,168	7,10	338	216
26027	48,51	69,65	53,39	49,37	268	221
26028	253,207	200,239	204,157	243,165	234	230
26029	2956,3630	2929,2616	3587,2501	2159,1801	371	344
26030	12,36	2929,2616	31,11	2159,1801	276	344
26031	1237,1159	549,1066	973,799	1198,789	221	249
26032	1237,1159	21,33	973,799	35,36	221	192
26033	49,56	6,9	37,32	3,4	328	280
26034	2,2	38,51	1,8	55,24	163	280
26035	85,65	207,192	88,63	168,111	612	346
26036	1,0	207,192	3,0	168,111	235	346
26037	96,115	161,124	99,81	98,95	269	277
26038	420,402	238,228	334,331	207,155	283	214
26039	375,313	291,287	244,210	276,161	223	283
26040	63,39	65,44	44,59	66,43	238	237
26041	222,237	193,205	172,187	156,108	227	242
26042	203,230	318,465	194,208	526,355	274	528
26043	265,395	7,36	425,298	39,15	528	273
26044	142,257	7,36	279,207	39,15	471	273
26045	20,12	235,190	20,11	164,142	213	281
26046	8,8	235,190	11,7	164,142	195	281
26047	164,176	400,354	154,124	311,215	224	230
26048	13,7	304,284	5,7	303,221	204	251
26049	443,406	304,284	374,330	303,221	255	251
26050	115,77	510,443	79,51	486,395	187	1204
26051	480,481	149,184	338,277	129,115	239	204
26052	115,77	585,572	79,51	470,439	187	976
26053	119,85	41,27	81,49	23,35	187	239
26054	92,148	152,127	158,91	129,117	325	223
26055	104,188	289,257	207,157	264,186	321	325
26056	21,48	72,136	77,53	150,88	451	321
26057	1,18	13,31	21,12	39,18	239	222
26058	160,154	108,161	125,132	144,91	279	321
26059	84,138	121,118	94,85	117,100	333	279
26060	277,267	200,179	249,187	153,113	266	223
26061	17,10	36,22	24,25	26,17	246	214
26062	70,95	364,521	116,55	623,454	328	982
26063	18,32	223,161	19,14	190,146	253	294
26064	18,31	227,184	20,18	168,146	253	383
26065	18,33	16,21	21,14	24,6	253	294
26066	116,91	17,21	108,74	24,6	242	294
26067	117,93	224,161	106,75	190,146	242	294
26068	117,93	218,157	106,75	185,142	242	291
26069	124,99	11,12	115,76	22,16	242	291
26070	124,99	227,186	115,76	168,146	242	383
26071	124,99	211,176	115,76	155,135	242	335
26072	216,206	227,184	170,170	169,147	294	383
26073	216,206	212,177	170,170	156,137	294	335
26074	11,12	227,186	22,16	168,146	291	383
26075	11,12	211,176	22,16	155,135	291	335
26076	0,1	112,122	1,0	104,115	291	243
26077	69,66	122,133	69,45	124,127	383	243
26078	259,198	122,133	227,177	124,127	335	243
26079	118,98	20,27	69,74	15,11	243	239
26080	235,212	70,75	210,185	84,57	260	223
26086	24073,20801	12640,11825	18136,15621	10650,8589	368	265
26087	1091,1466	3658,3373	1568,1131	2801,2267	291	183
26088	471,505	1236,1005	364,347	928,891	634	1034
26089	838,603	1034,967	574,522	835,732	239	239
26090	2316,1893	1291,1082	1745,1617	1151,1026	293	262
26091	2730,2305	1289,1081	2065,1952	1145,1020	655	262
26092	1163,849	47,40	745,736	44,9	328	221
26093	1910,1503	47,40	1403,1315	44,9	288	221
26094	2011,1701	7,5	1516,1348	8,2	305	221
26095	29,25	6,5	20,16	6,2	277	221
26096	1910,1503	1163,849	1403,1315	745,736	288	328
26097	2399,1954	2478,2146	1814,1645	1844,1665	293	328
26098	2009,1705	1907,1508	1511,1341	1397,1313	305	293
26099	11,11	1610,1385	10,5	1254,1111	242	277
26100	93,99	3,15	64,67	10,1	263	212
26101	100,62	0,0	47,58	0,1	247	228
26102	55,21	26,18	42,28	15,9	298	219
26103	21,8	23,14	20,8	14,9	298	219
26104	17,12	23,14	13,19	14,9	236	219
26105	17,12	21,8	13,19	20,8	236	298
26106	19,13	58,20	13,18	51,48	236	298
26108	3,12	1,1	6,0	1,0	243	211
26109	4,12	1,0	6,0	1,0	243	211
26110	4,14	1,0	7,0	1,0	243	211
26111	1,0	1,0	2,6	1,0	242	211
26112	0,2	4,14	0,0	7,0	299	243
26113	1,0	4,14	2,6	7,0	242	243
26115	13,14	71,56	21,13	67,57	220	260
26116	2,5	57,44	4,2	31,35	203	255
26117	41,59	414,344	35,42	246,228	226	468
26118	199,157	200,214	110,99	176,126	321	432
26119	125,140	199,214	123,76	177,126	358	432
26120	125,140	198,216	123,76	179,128	358	402
26121	123,140	36,41	122,76	39,32	358	208
26122	50,69	38,41	54,39	40,32	432	208
26123	51,79	38,41	56,35	40,32	402	208
26124	5,3	4,3	2,2	0,0	236	301
26130	88,82	32,35	52,58	25,31	289	208
26131	106,56	65,53	53,53	36,67	269	253
26132	40,42	23,31	30,41	20,23	264	284
26133	4,12	20,32	9,7	20,21	264	284
26134	39,33	20,32	29,36	20,21	263	284
26135	39,33	4,12	29,36	9,7	263	264
26136	42,33	16,19	25,38	18,15	263	264
26137	167,164	73,73	98,104	50,49	819	382
26138	48,63	168,170	60,43	111,120	538	819
26139	72,54	137,100	40,25	69,73	197	301
26140	8,5	33,53	4,2	38,27	243	221
26141	15,13	33,53	7,6	38,27	248	221
26142	109,91	73,71	101,99	55,45	400	275
26143	43,40	79,94	10,20	59,60	275	267
26146	63,43	31,24	39,41	20,19	276	245
26149	1,0	35,30	1,0	41,16	251	199
26150	0,0	30,37	1,0	38,16	211	199
26151	76,92	6,2	49,37	5,6	245	300
26159	14,10	4,5	10,9	6,12	256	281
26160	47,40	22,17	40,39	16,16	346	208
26161	36,52	56,48	40,31	48,40	299	314
26162	20,16	57,47	17,21	48,40	232	314
26163	36,20	285,241	26,28	199,176	210	491
26164	34,33	383,296	19,12	225,264	211	783
26165	36,30	109,64	21,12	75,56	211	350
26166	68,87	3,4	49,57	2,2	232	186
26167	3,0	4,4	0,0	2,2	202	186
26168	29,31	49,64	23,26	34,47	202	186
26169	1,0	91,85	0,1	69,96	287	202
26170	2,1	91,85	0,0	69,96	242	202
26171	11,8	23,15	6,5	9,17	240	202
26172	2,1	1,0	0,0	0,1	242	287
26173	28,25	29,21	28,31	25,22	294	325
26174	9,10	30,13	6,16	18,22	280	282
26175	12,23	26,26	16,24	20,12	282	356
26176	12,23	11,7	16,24	10,7	282	360
26177	2042,1730	1328,1133	1239,1172	824,826	343	255
26178	3368,2833	1328,1133	2068,1995	824,826	500	255
26179	28,24	1328,1133	13,10	824,826	218	255
26181	43,16	19,9	25,29	9,5	279	267
26182	41,19	22,8	27,21	11,8	267	228
26183	136,115	143,142	89,72	141,100	230	261
26184	96,66	91,76	67,52	69,65	212	230
26185	61,74	80,106	69,53	70,59	259	203
26186	176,177	100,92	146,130	93,75	242	252
26187	266,223	114,78	157,177	81,72	252	220
26189	0,2	0,0	0,0	2,0	285	273
26190	324,253	263,297	225,161	289,147	237	308
26191	135,128	84,54	88,91	43,47	222	300
26192	283,214	267,189	157,122	146,157	220	214
26193	6,3	596,514	6,4	465,442	250	271
26194	563,418	218,160	332,320	188,150	271	217
26195	565,376	386,273	412,345	257,227	271	255
26196	698,651	433,414	520,526	334,307	316	305
26197	702,652	298,246	522,527	221,201	316	246
26198	224,195	296,246	196,129	221,202	243	246
26199	438,308	434,419	271,327	334,307	262	305
26200	858,658	455,331	558,542	355,341	291	242
26201	742,557	604,481	497,465	492,460	288	291
26202	116,93	78,50	67,63	35,45	233	237
26203	0,3	81,52	1,2	35,45	233	237
26204	158,173	77,49	85,105	52,44	281	233
26205	54,53	176,143	34,47	89,102	222	281
26215	37,32	8,3	32,18	7,5	407	279
26216	23,15	20,11	21,15	21,14	283	279
26217	24,14	1,5	20,15	2,5	283	279
26218	112,114	104,87	96,108	111,111	254	307
26219	107,95	331,274	64,47	244,215	209	376
26220	122,126	85,70	101,98	55,61	452	209
26221	2,2	247,222	0,0	171,170	236	335
26222	2,2	358,305	0,0	260,221	236	337
26223	48,23	267,250	22,16	184,187	191	337
26224	62,56	267,250	47,51	184,187	196	337
26225	48,23	333,311	22,16	247,236	191	452
26226	62,56	333,311	47,51	247,236	196	452
26228	281,223	247,209	200,192	201,193	254	196
26229	173,119	318,239	132,130	256,231	196	221
26233	197,204	1167,1042	110,139	866,913	233	599
26234	41,41	220,236	13,21	205,169	189	345
26235	177,141	70,78	108,103	66,42	288	216
26236	42,44	205,195	15,19	171,130	189	306
26237	189,181	184,162	146,128	130,136	424	319
26238	101,74	184,160	64,66	129,136	339	319
26239	108,85	307,220	66,68	247,226	339	363
26240	67,44	298,216	32,35	245,222	339	363
26241	42,31	321,276	33,45	227,224	217	339
26242	20,15	75,73	15,12	54,51	202	217
26243	40,46	63,66	38,28	51,61	253	215
26244	46,46	60,66	43,46	51,60	227	215
26245	2,1	96,80	2,0	53,65	187	260
26246	2,1	196,146	2,0	97,111	187	2791
26247	29,29	66,48	22,24	37,41	289	227
26248	2,2	15,3	0,0	10,6	271	187
26249	445,404	611,515	301,326	496,542	312	328
26250	165,140	572,508	116,172	368,348	215	312
26251	40,22	21,20	26,28	8,14	397	298
26252	2,6	15,7	2,8	9,12	237	229
26254	5,1	21,21	5,3	8,16	229	298
26255	189,186	25,20	159,142	12,13	320	396
26256	188,186	24,20	159,142	12,15	320	396
26257	188,186	0,0	159,142	0,1	320	200
26258	24,20	0,0	12,15	0,1	396	200
26259	173,205	762,582	205,182	552,431	236	233
26260	18,18	55,28	12,15	35,33	328	198
26261	4,9	55,28	4,8	35,33	242	198
26262	132,121	55,28	124,101	35,33	225	198
26263	182,168	269,210	164,125	208,164	363	279
26264	0,1	55,28	0,1	35,33	176	198
26265	86,69	265,206	77,58	200,162	198	279
26266	164,135	132,112	141,137	94,70	279	206
26267	1,0	268,198	5,6	188,192	229	272
26270	49,40	2,7	36,28	10,7	399	297
26273	956,854	460,496	678,746	385,354	2665	284
26274	0,1	279,220	2,2	199,209	219	250
26275	0,1	571,506	2,2	433,476	219	268
26276	0,1	322,273	2,2	243,253	219	288
26277	117,77	557,492	70,88	351,380	874	1144
26278	631,505	556,493	393,394	351,380	307	1144
26279	117,77	3,1	70,88	1,4	874	234
26280	631,505	2,2	393,394	1,4	307	234
26281	105,77	340,299	65,81	263,267	177	267
26282	602,478	351,297	438,454	267,273	303	874
26283	105,77	1,1	65,81	5,2	177	255
26284	296,241	808,579	242,205	498,432	248	303
26286	0,2	3,0	2,0	0,0	485	242
26288	6953,5422	8585,7347	4607,4470	6422,6296	262	458
26289	5376,4827	9722,8559	4017,3833	6771,6220	272	362
26290	5,1	9722,8559	4,2	6771,6220	290	362
26291	26,11	91,71	9,21	49,57	278	379
26293	0,0	1,4	1,5	3,0	225	225
26294	128,79	55,60	45,56	65,54	271	249
26295	41,31	75,58	29,24	66,33	234	271
26296	67,69	76,38	45,57	30,43	256	234
26297	38,27	150,158	16,20	93,74	343	363
26298	6,6	12,11	7,1	26,33	217	232
26299	23,6	79,77	19,14	63,68	245	293
26300	23,6	9,16	19,14	13,11	245	266
26301	26,20	75,60	20,8	49,57	235	266
26302	23,19	81,75	18,8	63,68	235	293
26303	9,16	79,77	13,11	63,68	266	293
26304	55,55	82,76	34,37	65,69	266	293
26305	55,42	35,31	30,30	42,40	266	218
26306	67,78	222,180	72,49	188,195	272	381
26307	57,35	83,63	38,49	38,56	212	265
26308	61,40	287,255	40,57	209,156	256	352
26309	494,423	515,403	309,353	287,239	297	297
26310	611,493	507,399	439,424	280,238	332	297
26311	619,495	639,486	446,425	427,399	332	297
26312	637,474	611,522	433,447	403,441	327	332
26313	433,472	5792,4889	398,447	4044,4112	347	1851
26314	307,321	646,638	258,306	510,582	271	347
26319	235,181	327,291	152,170	352,244	230	305
26320	379,405	904,721	456,348	633,564	269	254
26323	24,19	27,17	22,10	13,14	302	228
26324	24,19	26,17	22,10	13,14	302	224
26354	4,1	1,1	2,3	3,1	250	280
26355	6,6	0,1	7,1	0,0	280	268
26357	565,494	396,462	441,353	417,301	227	207
26358	483,420	399,403	406,335	362,290	210	235
26359	70,72	399,403	63,46	362,290	207	235
26360	78,59	40,27	38,48	24,35	270	236
26362	0,0	4,8	2,1	9,8	259	247
26363	0,0	3,2	2,1	1,1	259	247
26366	32,30	19,13	23,13	4,9	193	287
26367	229,172	19,13	127,149	4,9	401	287
26368	32,30	0,0	23,13	3,1	193	267
26369	229,172	0,0	127,149	3,1	401	267
26374	117,119	482,318	88,87	300,268	187	296
26375	647,517	168,138	490,487	99,135	315	187
26376	430,324	495,398	325,289	327,362	276	315
26426	13,20	925,872	9,7	729,615	344	399
26427	24,29	1285,1112	30,28	1040,724	344	388
26428	8,8	887,756	12,15	715,486	223	388
26429	22,27	886,754	35,20	715,487	223	388
26430	6,8	886,753	3,2	715,486	223	388
26431	71,47	83,57	36,47	46,71	272	272
26432	101,75	28,23	63,90	30,21	272	191
26433	34,19	55,43	16,17	23,40	191	224
26434	58,41	272,185	30,57	172,170	189	240
26435	191,138	163,136	151,121	163,141	240	257
26436	44,31	116,93	21,21	71,76	243	388
26437	41,38	19,18	30,11	24,13	388	208
26438	85,59	20,17	54,41	20,13	388	208
26439	32,22	37,33	17,21	33,24	208	310
26440	58,57	52,45	32,35	25,28	273	302
26441	30,20	37,31	25,17	31,22	274	254
26442	143,118	176,212	93,102	131,121	227	206
26443	39,36	176,212	38,34	131,121	224	206
26444	227,198	165,153	164,114	115,98	206	218
26445	363,336	104,119	278,253	126,113	218	221
26446	617,610	34,27	629,501	43,34	289	181
26447	64,74	31,43	77,48	39,35	181	193
26448	103,125	206,225	96,88	263,187	193	270
26449	5,0	3498,2768	6,0	2461,2234	277	221
26450	133,111	3498,2768	103,63	2461,2234	242	221
26451	128,113	4,7	93,63	6,10	242	221
26452	270,193	300,258	184,159	213,199	231	251
26453	28,28	530,497	32,20	382,354	252	241
26454	22,28	57,56	30,20	38,53	252	198
26455	14,11	530,497	11,6	382,354	227	241
26456	12,11	57,56	10,6	38,53	227	198
26457	30,52	446,395	52,45	330,313	318	301
26458	59,64	5,0	59,47	0,1	247	261
26461	1,0	0,0	0,0	4,0	292	277
26462	6,2	0,1	0,2	0,0	291	292
26463	1,0	2,1	2,0	0,0	320	292
26629	49,70	95,94	110,56	77,66	290	260
26632	4,7	107,77	2,0	60,48	195	209
26633	36,30	2,2	27,22	0,1	237	294
26634	9,13	7,0	8,2	0,0	236	194
26635	6,8	1,9	2,3	7,2	233	289
26636	4,7	1,9	5,0	7,2	366	289
26637	1,2	7,3	0,0	8,4	206	201
26642	11,9	5,1	3,7	0,0	236	194
26643	10,13	5,2	4,9	2,0	272	366
26644	8,7	1,2	4,5	1,5	272	206
26646	34,25	5,2	27,34	3,6	270	247
26664	0,1	0,0	0,0	0,2	256	284
26665	0,1	0,0	0,0	0,4	236	284
26668	2,1	6,3	0,5	6,2	255	233
26669	88,53	53,28	51,57	41,44	276	242
26670	88,53	199,139	51,57	94,145	276	330
26671	142,93	85,58	106,131	46,52	330	237
26672	100,86	156,133	98,86	135,127	314	329
26673	123,69	115,72	94,93	85,70	235	266
26675	27,38	180,183	24,15	155,133	209	290
26676	24,39	2,5	19,13	2,4	209	208
26677	286,225	83,54	194,180	67,50	290	234
26678	293,227	102,52	195,180	55,72	290	210
26679	322,234	175,112	219,187	99,123	290	240
26680	285,219	4,10	188,175	9,10	290	208
26681	155,140	104,58	118,94	60,79	234	210
26682	155,140	184,118	121,101	104,131	234	240
26683	34,55	177,111	44,45	97,123	210	240
26684	81,54	14,12	60,54	6,5	240	208
26685	16,20	109,93	14,9	71,81	208	216
26686	131,71	109,92	66,87	69,81	208	216
26687	110,81	116,138	81,68	114,114	198	245
26688	219,130	120,93	120,149	76,91	245	216
26690	602,452	678,576	361,325	469,484	253	275
26691	506,419	677,575	327,345	468,484	261	275
26692	507,419	722,565	326,344	476,538	261	253
26693	416,325	844,665	243,242	510,503	309	261
26694	54,49	844,665	31,32	510,503	306	261
26695	29,20	21,14	24,14	19,17	227	200
26696	27,26	4,0	23,15	2,1	227	200
26697	27,26	52,37	23,15	26,27	227	288
26698	22,17	15,14	18,14	10,11	227	186
26699	9,6	43,35	0,0	28,30	277	200
26700	9,3	8,2	0,1	2,3	277	200
26701	9,3	57,38	0,1	33,21	277	288
26702	7,3	18,23	1,0	17,14	277	186
26703	2,7	43,35	0,0	28,30	245	200
26704	2,4	18,23	1,0	17,14	245	186
26705	4,0	52,37	2,1	26,27	200	288
26706	8,2	57,38	2,3	33,21	200	288
26707	1,3	52,40	0,0	25,19	200	288
26708	6,6	15,15	0,0	10,12	288	186
26709	51,37	14,14	32,32	10,11	288	186
26712	15,9	26,16	10,9	8,19	288	195
26713	33,29	26,16	24,47	8,19	285	195
26714	0,3	20,10	4,0	11,18	278	227
26715	385,321	338,347	234,277	235,234	355	322
26716	338,343	270,242	226,235	179,169	322	319
26717	350,351	187,129	250,250	82,134	319	278
26718	9,12	1229,1019	16,4	882,818	186	345
26719	3,2	1228,1021	5,4	879,817	186	345
26721	472,361	816,583	336,314	494,489	363	256
26722	764,543	816,583	458,475	494,489	345	256
26723	1,0	3,3	2,2	0,0	299	272
26724	711,615	768,661	517,459	496,493	256	265
26725	3,1	768,661	1,0	496,493	249	265
26726	940,749	974,831	559,577	683,700	262	272
26727	5,0	974,831	0,8	683,700	260	272
26728	1953,1705	1718,1518	1342,1524	1125,1117	458	395
26729	1945,1702	44,43	1339,1524	39,37	458	272
26730	1945,1704	1006,905	1339,1522	672,653	458	395
26731	1945,1704	985,843	1339,1522	693,706	458	272
26732	1006,905	985,843	672,653	693,706	395	272
26733	1621,1338	980,834	1057,1090	685,704	395	272
26734	1621,1338	128,133	1057,1090	73,117	395	376
26735	980,834	128,133	685,704	73,117	272	376
26736	166,176	70,82	126,151	58,62	294	226
26737	166,177	47,77	126,150	75,63	294	340
26738	206,193	36,56	147,167	49,27	302	294
26739	206,193	0,0	147,167	1,1	302	249
26740	427,395	15,24	293,291	9,15	354	166
26741	215,215	15,23	165,146	11,15	224	166
26742	224,224	15,23	173,157	11,15	254	166
26743	207,206	295,315	154,137	201,203	224	354
26744	106,94	303,313	90,95	206,209	212	354
26745	114,106	74,68	92,104	46,71	212	254
26746	114,106	137,123	92,104	81,99	212	224
26747	64,56	200,173	42,42	150,161	194	212
26753	4,0	0,0	2,2	0,1	343	343
26757	1150,958	1574,1424	857,759	1251,1172	204	233
26758	2241,1841	1967,1583	1734,1812	1508,1458	222	221
26759	1196,984	1501,1208	885,917	1206,1070	193	222
26760	0,1	10,10	1,4	8,19	359	534
26761	35,22	1,0	15,8	0,0	402	217
26762	2138,1729	17,21	1379,1442	20,15	192	246
26763	9495,8112	17,21	6803,6858	20,15	229	246
26764	3063,2717	17,21	2259,2338	20,15	246	246
26765	1229,844	119,110	733,815	106,85	1679	257
26766	207,145	163,136	99,112	127,106	378	265
26767	19,16	23,20	8,12	19,18	236	250
26768	1205,1008	1596,1370	739,698	1075,1097	248	311
26769	2225,1951	1507,1323	1476,1396	1031,1074	361	311
26770	248,196	1505,1322	167,164	1031,1072	213	311
26771	777,566	1503,1321	385,381	1030,1070	277	311
26772	2312,1998	892,718	1513,1416	560,542	361	248
26773	316,249	2411,1908	208,220	1473,1397	213	361
26774	249,196	2414,1916	167,164	1475,1401	213	361
26775	137,119	1484,1296	77,72	977,970	274	213
26776	844,762	466,359	572,502	251,266	386	219
26777	1809,1618	466,362	1292,1096	252,265	386	219
26778	38,68	2736,2319	53,18	1780,1560	266	386
26779	1758,1410	1676,1396	1146,928	1014,924	322	386
26780	1324,1123	329,327	944,905	317,255	298	321
26781	448,336	1888,1537	320,283	1414,1281	298	378
26782	350,374	1878,1536	298,318	1409,1269	260	378
26783	20,18	37,55	26,10	17,27	241	274
26784	3,2	1,0	0,1	0,0	383	314
26785	102,85	250,198	80,67	219,178	228	286
26790	981,859	650,581	605,659	419,469	506	422
26791	1697,1458	635,577	1099,1230	418,461	1034	422
26792	117,64	273,252	67,45	196,127	237	275
26793	257,230	4,6	134,179	5,3	248	237
26794	262,235	119,110	137,180	79,82	248	237
26795	303,298	153,71	212,261	96,97	287	248
26796	2,1	153,71	0,1	96,97	242	248
26797	2,1	303,298	0,1	212,261	242	287
26798	241,197	301,260	178,149	145,184	276	287
26799	74,58	377,271	72,78	211,248	203	296
26800	57,46	317,240	41,25	194,213	194	296
26801	174,174	68,48	135,138	50,39	266	203
26802	162,153	229,145	115,114	129,133	252	550
26803	188,122	27,14	138,128	12,16	275	231
26804	192,123	115,110	139,126	82,61	275	231
26805	153,132	103,85	118,121	92,63	288	228
26806	153,132	111,84	118,121	97,69	288	248
26807	8,6	273,236	3,4	240,187	266	235
26808	28,25	230,190	25,32	139,221	295	399
26809	2,0	228,189	6,1	139,220	295	399
26810	210,188	174,137	128,210	108,148	399	291
26811	26,23	174,137	11,16	108,148	278	291
26812	126,103	211,209	81,110	151,168	291	376
26813	213,149	213,173	141,116	144,168	304	342
26814	24,19	27,36	18,15	36,18	251	363
26816	1,0	163,151	0,0	119,111	218	282
26817	78,62	163,151	38,53	119,111	222	282
26819	24,36	13,7	19,20	7,10	387	322
26820	54,30	13,7	34,25	7,10	282	322
26823	54,30	24,36	34,25	19,20	282	387
26824	17,6	2,0	8,10	0,0	295	311
26825	10,6	2,0	9,10	0,0	290	311
26828	6,14	15,9	4,17	4,7	246	257
26829	71,83	134,113	57,54	82,86	200	179
26830	112,72	131,105	45,49	99,113	263	272
26831	22,10	14,11	13,10	11,17	238	238
26838	131,120	13,44	134,129	31,28	303	209
26839	94,77	18,11	64,58	14,25	269	274
26840	61,53	67,71	45,53	55,46	249	247
26842	4,4	27,25	0,5	18,15	339	238
26843	56,63	27,25	44,41	18,15	307	238
26844	21,36	2,6	24,19	2,0	341	194
26845	4,8	5,4	9,4	2,0	248	194
26846	45,34	44,53	28,28	48,42	257	225
26847	578,521	255,198	500,472	196,216	396	232
26848	294,271	686,597	221,125	529,482	237	377
26849	992,832	493,395	710,673	420,393	377	324
26850	267,243	460,471	205,224	461,418	264	359
26851	189,174	182,167	199,157	171,125	287	291
26852	88,83	75,49	53,70	57,67	241	239
26853	106,81	50,81	72,63	73,36	245	259
26854	234,175	225,228	159,144	151,212	297	295
26856	2,1	125,117	5,1	109,95	217	265
26857	18,13	125,117	11,4	109,95	250	265
26858	34,31	157,118	33,39	117,120	212	277
26859	159,120	169,146	132,123	113,121	277	264
26860	146,102	126,103	117,110	91,55	277	263
26861	124,112	259,251	94,108	198,175	264	368
26862	294,273	131,107	209,198	92,63	368	263
26863	135,116	72,64	100,97	43,48	263	221
26864	62,61	124,132	55,38	105,109	221	262
26865	147,114	113,113	103,65	109,94	262	247
26866	125,89	188,160	77,46	158,156	262	292
26867	75,85	211,185	60,58	183,171	247	292
26868	0,1	21,35	0,0	27,25	234	333
26869	158,134	142,119	131,135	144,126	293	329
26870	128,131	104,79	97,99	42,51	319	227
26871	49,35	177,123	47,36	134,122	214	254
26872	49,35	93,73	47,36	57,66	214	214
26873	138,121	139,138	113,98	90,111	254	244
26874	109,90	156,187	85,57	162,145	223	294
26875	69,27	70,74	31,52	43,51	258	328
26876	93,66	139,106	47,55	101,74	328	362
26877	19,9	29,23	10,15	13,14	272	343
26878	33,30	1,0	15,18	1,0	221	276
26879	19,21	4,9	13,22	8,6	217	228
26880	28,25	2,4	18,22	2,0	217	218
26881	29,26	21,24	18,24	20,19	217	218
26882	111,79	126,93	58,65	57,65	269	288
26883	35,28	120,90	12,16	58,62	300	288
26884	0,3	1,6	6,0	0,0	320	230
26885	1417,1368	1254,939	1313,1151	846,735	337	214
26887	2,5	0,0	6,9	0,2	190	197
26891	2,5	89,69	6,9	66,57	190	191
26892	0,3	89,67	2,0	66,53	190	191
26893	24,26	89,67	55,46	66,53	228	191
26894	24,26	0,3	55,46	2,0	228	190
26895	24,28	99,84	55,49	85,62	228	190
26896	85,62	231,212	69,46	185,131	232	305
26897	700,571	228,211	684,578	184,131	557	305
26898	370,283	228,211	327,278	184,131	293	305
26899	79,74	382,316	80,63	338,263	290	270
26900	3,4	382,316	0,6	338,263	287	270
26901	57,57	52,37	39,52	26,37	270	255
26902	56,57	89,60	39,53	47,56	270	275
26903	69,52	1659,1550	83,49	1317,1259	240	2663
26904	95,101	88,74	54,55	53,49	342	268
26907	373,368	533,502	309,319	529,431	304	416
26908	509,394	297,267	358,365	243,232	299	216
26909	16,14	218,160	31,18	139,159	254	209
26910	106,88	100,87	92,59	46,53	388	285
26911	89,59	100,87	42,51	48,51	262	285
26912	88,55	118,93	42,46	66,80	262	388
26913	48,44	5,3	18,15	4,2	282	210
26914	528,455	215,191	345,345	211,184	276	225
26915	204,164	97,95	207,155	75,62	235	230
26916	58,65	109,85	53,35	98,95	236	215
26917	16,16	17,20	14,17	36,11	215	205
26918	58,40	17,19	37,40	39,11	215	205
26919	974,850	1060,823	730,637	683,758	278	242
26920	953,813	1034,786	732,715	736,679	213	228
26921	64,40	23,23	37,30	19,30	305	215
26922	524,433	193,205	359,276	188,140	677	268
26925	3,0	0,1	0,3	1,0	247	220
26926	4,0	4,3	0,5	5,7	247	220
26927	4,0	1,0	0,5	2,1	247	273
26928	5,4	1,0	4,2	2,1	345	273
26929	4,3	1,0	5,7	2,1	220	273
26930	1,1	1,0	6,1	2,1	220	273
26931	1,4	1,0	1,0	1,0	267	233
26932	22,22	43,18	22,11	18,13	283	277
26947	134,136	160,115	87,122	92,90	306	334
26950	0,0	8,3	0,1	3,1	232	330
26951	10278,8579	830,635	7329,6816	599,576	2060	295
26952	614,603	5682,4682	536,580	4133,4067	295	1022
26953	614,603	543,430	536,580	340,344	295	363
26955	32,24	85,96	40,31	82,65	236	324
26956	3,2	1,4	0,0	2,1	337	252
26957	64,74	1,0	53,40	1,0	235	246
26958	70,68	81,81	44,52	68,69	236	242
26959	91,71	16,21	64,46	13,27	337	221
26961	9,7	31,23	11,8	24,31	192	228
26962	128,79	225,202	104,85	166,180	255	271
26963	121,113	145,152	96,97	104,82	251	273
26964	309,274	200,172	195,262	124,138	322	251
26965	162,140	276,217	115,143	167,188	299	318
26966	87,79	68,36	72,67	41,47	258	268
26967	86,73	13,6	74,67	6,10	258	268
26970	11,13	19,15	13,17	13,25	260	308
26971	22,19	48,48	16,24	47,37	308	345
26972	56,54	63,78	33,52	30,61	259	257
26973	74,68	2,4	60,47	1,4	296	292
26974	1,6	241,223	11,8	179,187	248	380
26975	211,191	19,17	165,164	32,18	380	175
26976	587,571	35,29	476,421	32,38	1127	214
26977	109,151	119,140	105,133	107,94	481	300
26978	235,197	125,113	162,181	144,75	362	359
26979	33,51	137,98	42,22	97,98	275	352
26980	138,124	83,86	148,128	60,92	368	275
26981	0,1	8,2	2,0	2,1	219	300
26982	3,3	1,0	2,0	2,1	300	279
26983	0,5	8,2	0,0	1,0	204	252
26984	170,164	287,243	164,122	283,177	228	294
26985	228,204	238,213	220,143	232,182	270	228
26986	131,124	393,338	121,104	282,265	262	245
26987	4,1	393,338	0,2	282,265	271	245
26988	207,159	121,140	140,132	89,100	218	208
26989	207,159	1,0	140,132	0,0	218	203
26990	214,213	1974,1673	221,158	1542,1161	297	340
26991	194,156	194,169	130,131	131,148	311	373
26992	783,624	105,101	480,602	99,87	1066	311
26993	155,140	91,86	100,109	61,64	363	231
26994	886,721	90,84	544,667	59,65	833	231
26995	885,723	149,153	546,667	84,81	833	363
26996	98,94	782,624	78,79	459,590	260	833
26997	252,160	188,157	123,133	134,134	312	260
26998	49,42	2,0	37,38	0,0	190	254
26999	269,217	248,244	178,143	215,226	296	278
27000	343,278	530,558	252,264	505,466	227	283
27001	397,427	273,209	362,284	195,163	386	227
27002	243,225	191,136	156,197	98,106	269	266
27003	476,359	322,280	340,301	213,256	382	322
27004	476,359	134,112	340,302	86,116	382	198
27005	566,553	321,241	376,393	221,236	567	381
27006	92,73	319,303	64,78	218,227	242	368
27007	326,266	643,602	201,263	437,506	293	419
27008	812,678	425,439	547,565	358,309	344	283
27009	1055,810	417,434	738,755	354,303	567	283
27010	1247,962	417,434	872,880	354,303	659	283
27011	1413,1268	11,18	1027,1028	2,3	344	240
27012	1057,810	832,780	736,753	633,615	567	344
27013	1249,962	832,780	870,878	633,615	659	344
27014	51,54	6,14	55,36	10,5	515	237
27015	22,17	7,11	14,12	3,9	336	343
27016	57,55	40,63	37,40	33,40	370	326
27017	26,27	45,40	25,14	24,21	266	291
27018	54,52	86,72	38,27	56,74	291	2903
27019	79,73	1,0	53,55	0,0	2903	285
27020	79,73	120,127	53,55	52,88	2903	463
27021	77,73	102,102	54,55	49,68	2903	463
27022	50,36	45,37	25,36	34,43	285	358
27023	156,140	45,37	76,107	34,43	463	358
27024	24,27	44,32	15,11	32,26	261	220
27025	11,19	5,1	8,7	3,1	261	226
27026	15,14	27,19	8,6	17,19	223	220
27027	3,0	26,18	0,1	17,21	226	220
27028	1559,1470	823,763	1379,1175	709,526	354	304
27029	966,829	457,460	761,636	402,330	299	239
27030	527,607	266,354	611,461	384,276	283	240
27031	491,490	248,328	483,376	399,265	240	320
27033	665,680	1155,1115	555,462	880,779	345	271
27034	3141,3049	1994,1654	2736,2086	1491,1195	492	345
27035	2378,1983	884,686	1806,1459	684,536	379	228
27036	1505,1296	918,716	1208,909	695,546	379	228
27037	1505,1296	1016,844	1208,909	818,652	379	243
27038	343,381	1727,1472	353,298	1362,1009	221	379
27039	455,603	655,558	644,438	505,401	265	221
27040	1540,1274	620,632	891,916	548,475	346	244
27041	1595,1516	630,520	1231,1126	530,389	378	267
27042	562,455	630,519	425,336	532,389	275	267
27043	0,4	618,512	0,0	390,409	233	361
27044	356,296	277,247	236,245	202,206	305	268
27045	23,12	371,294	22,18	248,227	268	241
27046	7,3	6,11	5,6	4,8	268	241
27047	7,3	540,421	5,6	357,334	268	309
27048	255,268	372,294	200,222	248,226	268	241
27049	237,257	7,9	179,209	4,8	268	241
27050	6,11	540,421	4,8	357,334	241	309
27051	193,173	554,424	126,156	377,346	241	309
27052	120,123	104,68	61,67	37,42	303	249
27053	3,0	15,16	2,1	6,14	352	1052
27054	2,0	2,1	0,0	0,2	223	246
27057	3,0	1,2	0,0	0,5	246	251
27058	282,229	118,136	229,210	149,143	247	252
27059	533,458	309,249	443,375	265,233	338	247
27060	374,340	443,383	283,231	419,307	296	323
27061	1088,925	589,483	870,697	473,411	586	326
27062	81,66	26,9	49,49	10,11	246	241
27063	12,11	602,435	15,14	387,352	223	284
27064	626,578	602,435	458,460	387,352	323	284
27065	28,20	595,488	22,21	372,420	223	322
27066	644,585	595,488	466,472	372,420	323	322
27068	6,2	14,10	4,2	11,5	292	250
27069	9,8	0,3	8,2	0,0	292	251
27070	120,107	199,228	89,75	160,160	208	302
27071	256,239	28,29	220,123	18,23	307	302
27072	278,276	201,227	233,143	166,160	307	302
27073	279,259	293,224	232,127	181,134	307	311
27074	353,409	11,7	314,287	3,6	302	220
27075	165,194	315,259	171,147	194,146	302	311
27076	157,188	56,55	158,130	36,29	302	311
27077	157,188	259,218	158,130	172,164	302	299
27078	56,55	259,218	36,29	172,164	311	299
27079	226,240	240,205	178,166	172,177	311	299
27080	198,246	1555,1326	220,178	1246,1242	231	229
27081	2338,1990	2613,2088	1633,1739	1800,1751	277	285
27082	2464,2202	878,660	1763,1879	559,536	285	277
27083	2468,2202	1752,1296	1763,1879	1205,1176	285	320
27084	2137,1760	1753,1296	1545,1493	1206,1175	277	320
27085	88,81	112,66	61,45	61,81	279	272
27086	87,109	72,43	81,82	42,30	272	244
27089	109,95	47,33	88,84	57,40	258	323
27090	109,95	22,12	87,85	21,10	258	323
27091	105,74	161,128	88,84	128,128	323	295
27092	97,70	32,20	76,82	13,7	323	295
27093	70,80	108,91	65,60	103,75	206	194
27094	503,435	4,3	397,342	2,2	218	271
27095	86,95	222,158	100,59	170,158	240	280
27096	86,93	38,33	98,59	23,20	240	280
27097	34,20	90,104	16,24	89,63	418	224
27098	15,11	90,104	10,10	89,63	376	224
27099	15,11	90,102	8,11	89,64	376	224
27100	155,133	90,104	99,91	89,63	237	224
27101	22,11	90,102	16,15	89,64	237	224
27102	171,180	152,118	87,73	75,94	224	230
27103	128,104	102,136	95,105	79,90	230	245
27104	127,106	6,7	95,107	4,4	230	245
27105	124,119	4,3	98,98	0,3	245	244
27106	124,119	141,122	98,98	110,103	245	248
27107	121,118	0,4	96,91	0,4	245	281
27108	55,40	141,131	34,32	77,96	480	244
27109	55,40	335,332	34,32	234,246	480	248
27110	138,137	164,184	81,101	155,133	248	281
27111	1238,974	1053,1048	861,717	1010,842	265	312
27112	1244,989	137,183	870,722	268,154	265	254
27113	678,626	521,415	459,423	339,366	358	324
27114	456,506	356,367	389,382	311,296	316	321
27115	452,502	248,292	384,381	243,225	316	298
27116	474,518	253,294	365,446	247,224	321	298
27117	20,10	276,240	10,7	184,195	208	226
27118	188,127	276,240	126,135	184,195	207	226
27119	188,127	20,10	126,135	10,7	207	208
27120	283,238	223,176	179,222	152,153	253	207
27121	5,4	297,247	3,4	207,230	224	251
27122	161,112	297,247	72,100	207,230	207	251
27123	161,112	5,4	72,100	3,4	207	224
27124	273,203	148,110	162,140	109,111	250	207
27125	301,224	311,233	222,195	172,137	248	260
27126	334,219	384,281	227,205	236,242	254	248
27127	11,9	47,25	8,8	37,41	254	344
27129	292,226	251,242	160,175	198,169	308	302
27130	223,202	141,141	165,132	128,97	302	257
27131	68,112	292,316	139,94	272,180	280	277
27143	187,189	261,257	181,150	225,166	309	239
27144	8,8	14,10	9,6	7,6	360	326
27145	32,33	40,37	28,13	15,24	297	299
27146	8,8	14,10	9,6	6,10	360	329
27147	180,171	486,414	125,123	284,286	277	328
27148	1,2	1981,2099	1,1	1997,1600	164	390
27149	126,97	1075,1036	107,45	940,742	173	239
27150	384,354	1051,1021	319,244	935,730	212	239
27151	0,1	1051,1021	1,0	935,730	173	239
27152	384,354	0,1	319,244	1,0	212	173
27153	417,373	189,164	330,257	167,103	212	173
27154	599,550	289,238	528,383	219,177	242	212
27155	385,401	546,560	348,289	583,406	291	278
27156	2439,2010	781,613	1759,1691	561,466	315	463
27157	2439,2010	2321,1953	1759,1691	1783,1491	315	324
27158	897,746	3303,2758	573,572	2374,2196	203	315
27159	789,758	943,780	669,532	675,646	268	203
27160	24,19	934,770	9,9	669,645	268	203
27161	41,45	1562,1228	53,47	1074,1044	248	268
27162	198,228	1562,1228	196,190	1074,1044	293	268
27163	147,129	7,11	107,117	5,12	290	220
27164	50,38	52,42	47,47	37,53	221	251
27165	87,64	104,83	59,81	57,67	244	231
27166	86,66	42,21	59,77	13,15	244	195
27167	1579,1356	1537,1253	1245,1285	1016,1115	321	294
27168	271,223	1534,1246	200,192	1016,1114	321	294
27169	769,538	1534,1246	503,551	1016,1114	249	294
27170	769,538	271,223	503,551	200,192	249	321
27171	771,546	1531,1193	503,551	1017,1107	249	321
27172	388,302	1007,779	338,327	641,700	249	284
27173	20,11	601,645	17,7	599,355	301	402
27174	199,181	600,645	197,140	601,359	365	402
27175	72,48	56,25	93,49	22,22	274	213
27176	5,3	7,2	4,4	6,1	238	274
27177	162,136	307,218	135,84	166,165	201	220
27178	1,0	302,218	1,0	162,162	201	220
27179	6,5	68,72	8,5	54,58	233	164
27180	185,173	34,11	148,127	18,35	302	164
27181	89,78	34,11	70,89	18,35	332	164
27182	0,2	278,243	3,0	229,260	174	288
27183	173,178	137,113	153,170	96,105	288	228
27184	14,14	6,9	11,13	12,4	518	272
27185	20,29	7,7	15,14	12,4	518	272
27186	30,45	7,7	42,38	12,4	374	272
27187	30,45	20,29	42,38	15,14	374	518
27188	0,2	6,2	2,0	12,4	374	518
27189	19,33	15,18	28,15	24,10	374	518
27190	141,108	6,4	103,109	12,7	281	518
27191	154,118	11,14	111,113	18,25	281	374
27192	0,0	22,32	1,0	36,20	274	374
27193	162,149	1570,1320	136,133	1084,1210	251	4878
27194	112,83	419,291	90,81	294,283	195	278
27195	9,8	551,399	3,5	359,381	195	1197
27196	833,848	826,812	672,713	664,557	445	422
27197	780,785	621,590	613,523	441,437	334	302
27199	2,0	351,282	0,0	208,255	305	216
27200	802,758	253,265	585,545	170,182	624	325
27201	802,758	185,186	585,545	110,115	624	289
27202	48,44	253,265	48,31	170,182	327	325
27203	48,44	185,186	48,31	110,115	327	289
27204	182,189	209,191	145,145	143,148	308	253
27205	319,380	154,170	213,240	123,129	311	249
27206	319,380	180,171	213,242	111,114	311	225
27207	319,380	0,1	212,241	2,0	311	249
27208	319,380	149,121	212,241	98,113	311	211
27209	319,380	5,5	213,242	7,2	311	249
27210	0,1	149,121	2,0	98,113	249	211
27211	149,156	180,171	143,107	111,113	249	225
27212	145,149	187,127	137,106	91,93	249	228
27213	153,152	174,172	143,111	110,111	249	234
27214	147,145	192,134	133,121	96,93	225	228
27215	144,147	175,173	130,118	112,112	225	234
27216	144,143	158,126	128,118	105,119	225	211
27217	159,167	150,125	139,127	99,113	228	211
27218	135,93	305,283	112,90	216,179	220	302
27219	137,93	281,257	115,93	182,214	220	306
27220	98,128	900,856	95,95	622,596	319	327
27221	59,74	900,856	46,40	622,596	315	327
27222	752,676	511,448	431,506	372,328	327	252
27223	820,803	379,391	507,536	315,302	292	240
27224	993,933	1026,965	804,637	805,707	340	345
27225	585,604	483,527	498,447	451,363	345	366
27226	1260,1219	704,683	1048,880	534,463	366	355
27227	429,461	432,470	350,305	366,340	355	295
27228	432,400	563,625	323,267	501,464	295	291
27229	565,531	667,626	425,354	500,497	341	347
27230	455,452	667,626	348,293	500,497	338	347
27231	644,659	454,476	606,487	379,318	347	236
27232	927,1008	438,419	749,642	354,259	342	247
27234	4,15	8,13	8,5	3,6	305	407
27235	3,14	8,13	7,5	3,6	308	407
27236	5,9	8,10	10,3	4,6	305	407
27237	404,341	935,906	277,292	744,680	306	650
27238	2,2	0,0	0,1	1,1	234	199
27239	2,7	169,122	1,3	127,115	301	332
27240	82,99	169,122	44,55	127,115	316	332
27241	5,9	171,122	3,2	125,112	316	332
27242	32,33	171,122	20,15	125,112	193	332
27243	32,33	5,9	20,15	3,2	193	316
27244	31,33	87,80	24,18	65,54	193	316
27245	3,3	108,123	0,0	60,69	214	193
27246	308,343	13,26	200,204	8,12	708	193
27247	94,95	69,64	65,42	37,51	261	268
27248	111,82	59,53	94,77	46,63	253	302
27249	1,3	55,46	1,0	45,58	253	302
27250	129,134	55,46	104,101	45,58	335	302
27251	129,134	62,60	104,101	53,66	335	1867
27252	129,134	1,3	104,101	1,0	335	253
27253	133,137	76,44	105,106	41,36	335	253
27254	0,2	177,150	0,0	138,115	212	335
27255	0,2	6,4	1,1	0,1	224	245
27256	0,2	12,9	1,1	3,3	224	368
27257	35,40	691,684	44,20	712,619	209	568
27258	142,136	105,95	115,111	63,60	321	315
27260	2,5	21,12	2,12	19,6	213	276
27262	286,256	296,314	224,186	274,220	220	274
27263	266,238	0,0	207,169	3,0	220	274
27265	32,25	30,16	15,22	21,21	224	233
27266	30,18	30,25	17,23	30,31	243	224
27267	4,3	32,23	24,8	29,31	243	224
27268	19,18	28,31	17,25	57,32	227	243
27273	0,0	5,5	1,0	4,5	269	254
27274	0,0	1,0	0,1	0,0	269	269
27275	104,109	228,210	82,82	199,186	223	261
27276	1,5	8,4	0,1	10,1	223	234
27277	104,109	10,6	82,82	12,2	223	234
27278	144,176	275,193	141,111	202,190	244	250
27279	52,72	30,32	70,29	21,10	269	257
27280	153,166	37,86	211,97	83,60	325	222
27281	167,104	180,197	103,129	167,190	241	260
27282	265,186	180,197	159,207	167,190	343	260
27284	9,3	21,12	1,8	13,18	205	277
27285	7,7	7,8	16,12	5,5	233	197
27286	197,164	29,32	119,123	23,31	349	266
27287	194,152	68,73	121,116	86,85	349	325
27288	25,28	68,73	21,26	86,85	325	325
27289	82,78	73,87	48,60	88,93	266	325
27290	81,51	45,53	44,37	29,42	328	268
27291	55,65	118,66	50,41	71,53	358	328
27292	12,18	15,12	8,16	26,23	208	232
27294	398,325	590,527	242,304	407,428	253	281
27295	36,53	474,422	62,63	316,360	239	274
27296	0,0	185,188	5,0	199,165	155	218
27297	166,180	386,388	163,125	301,236	411	322
27298	315,263	228,217	213,206	201,172	322	411
27299	315,263	8,4	213,206	11,4	322	219
27300	66,61	367,319	56,44	289,243	241	322
27301	54,50	85,40	43,51	45,36	218	273
27302	52,37	92,61	42,37	64,79	273	285
27303	92,46	64,33	54,35	36,44	285	206
27304	2,0	103,69	2,1	71,79	206	248
27305	41,41	104,71	28,49	71,79	206	248
27306	2,0	1,0	1,2	0,0	255	194
27307	199,194	186,169	122,154	93,133	242	237
27308	183,133	260,184	103,141	138,158	237	227
27309	185,171	353,258	105,152	238,204	227	268
27310	93,84	67,58	88,69	44,52	324	273
27311	120,87	72,86	73,80	75,56	318	320
27312	233,222	191,156	170,149	126,111	300	339
27313	267,191	16,12	196,184	13,5	278	188
27314	100,71	52,42	81,48	20,34	281	241
27315	173,180	239,229	153,143	195,159	224	228
27316	173,180	334,330	153,143	275,231	224	275
27317	450,369	336,330	325,310	275,231	262	275
27318	299,232	432,405	205,213	362,312	284	288
27319	236,323	134,145	323,240	165,111	259	350
27320	236,323	5,2	323,240	2,0	259	275
27321	5,2	615,588	7,7	547,472	207	324
27322	1,2	505,360	1,0	361,327	199	221
27323	111,98	286,243	77,58	192,210	188	189
27324	40,47	208,175	51,46	153,173	246	188
27325	5,2	470,420	7,3	384,398	182	271
27328	10,13	5,0	7,2	2,3	267	273
27329	90,97	90,71	45,56	49,59	325	230
27331	66,57	64,68	44,48	51,64	261	318
27332	34,41	26,38	44,32	38,39	292	238
27417	136,197	186,105	145,137	116,107	340	242
27418	238,208	116,141	217,209	86,102	286	271
27419	151,79	215,204	127,110	161,166	216	211
27420	648,456	255,228	460,356	276,191	316	206
27421	476,407	190,139	436,238	105,130	301	223
27422	480,340	236,244	380,287	184,139	320	334
27426	867,697	209,177	574,591	196,113	334	243
27427	1460,1273	49,43	1112,1055	37,43	305	186
27432	6,4	103,119	3,1	77,74	268	269
27433	364,383	112,118	290,258	92,77	355	214
27435	2713,2540	30,60	2160,1679	94,72	269	239
27437	2,0	88,55	0,0	45,61	250	276
27438	4,0	88,56	0,0	45,63	246	276
27440	29,24	25,11	21,25	16,15	232	189
27441	182,145	155,102	119,89	81,90	425	333
27442	549,493	138,103	318,434	74,88	929	310
27443	19,17	38,31	16,10	24,35	215	228
27444	1,2	98,79	1,1	57,81	282	228
27449	202,146	309,256	176,153	217,209	326	352
27450	279,203	292,235	187,118	238,182	352	332
27451	268,229	120,89	211,187	68,73	332	223
27452	128,93	248,171	85,81	128,144	223	302
27453	157,112	190,152	69,94	154,151	265	299
27454	174,129	108,95	110,141	88,99	299	243
27455	116,86	243,178	96,89	177,178	243	308
27456	0,0	10,13	2,2	11,11	209	183
27458	52,31	71,96	33,23	40,59	248	310
27459	50,48	40,36	35,62	41,36	288	248
27460	129,112	130,117	95,99	90,87	819	511
27461	38,48	40,53	17,32	31,37	220	230
27462	14,7	123,72	10,11	67,99	201	264
27463	125,104	33,5	68,70	14,15	323	201
27464	251,221	613,468	177,179	450,430	193	235
27465	107,94	135,107	73,71	92,86	281	252
27466	128,114	126,102	93,87	77,77	252	242
27467	85,91	126,103	56,52	75,77	240	242
27468	4,4	36,27	1,0	31,22	253	225
27469	4,4	111,105	1,0	83,91	253	296
27470	58,46	238,132	30,45	138,148	204	303
27471	158,124	195,172	98,103	146,121	303	325
27472	153,104	314,214	81,92	214,192	215	1129
27473	152,138	74,77	101,119	39,65	246	183
27474	4,4	70,79	2,0	39,62	246	183
27475	75,81	292,191	52,69	187,170	183	264
27476	2,1	254,222	1,0	238,218	306	259
27477	80,47	254,222	49,58	238,218	254	259
27478	63,43	240,170	47,41	152,173	210	213
27479	0,2	175,197	0,0	173,138	259	236
27480	238,196	241,170	200,193	153,176	259	213
27481	130,127	177,197	126,123	172,138	213	236
27482	144,148	177,197	139,134	172,138	2221	236
27483	367,351	78,92	329,261	58,81	292	206
27484	0,2	3,0	1,0	0,1	278	260
27485	102,94	44,38	82,63	40,26	213	184
27486	127,127	476,318	148,151	351,312	291	301
27487	366,283	352,255	291,265	223,254	301	298
27488	5,0	8,8	2,2	9,12	193	341
27489	0,0	8,8	1,1	9,12	203	341
27490	0,0	8,8	1,1	9,12	251	341
27491	0,0	8,8	2,1	9,12	339	341
27493	0,0	4,2	1,0	5,0	213	291
27494	23,19	6,4	20,7	3,12	311	226
27495	12,18	17,27	14,13	16,11	284	344
27496	988,832	477,373	721,637	312,338	294	219
27497	849,673	477,374	609,596	312,338	220	219
27498	3,0	477,374	0,0	312,338	211	219
27499	1448,1234	480,375	1044,973	318,342	248	219
27500	4,0	49,48	2,0	30,42	214	258
27501	34,23	77,54	27,22	31,40	258	280
27502	35,22	44,36	27,22	42,42	258	291
27503	15,12	25,20	5,11	7,5	262	279
27504	10,9	15,11	4,6	12,15	183	291
27505	15,15	2,4	18,23	0,0	248	213
27506	3,2	1,3	0,1	1,0	272	271
27507	459,358	398,346	356,321	315,309	223	236
27508	993,802	390,320	653,698	275,250	276	223
27509	912,710	880,697	643,727	697,674	301	276
27510	748,546	1102,902	472,515	734,791	305	301
27511	370,327	589,551	254,274	422,438	240	302
27512	14,2	983,839	2,1	663,704	270	240
27513	438,292	547,507	293,294	418,434	248	259
27514	749,673	498,457	518,568	390,400	312	259
27515	806,729	411,359	549,613	317,274	312	248
27516	305,402	121,99	366,299	68,94	284	312
27517	303,407	827,519	372,293	496,495	284	312
27518	350,379	395,407	341,312	410,330	240	250
27519	475,432	1297,1202	411,360	1165,985	220	284
27520	3,2	14,8	0,1	9,5	309	303
27521	73,55	118,95	49,65	76,74	230	281
27525	191,178	58,83	123,137	40,52	375	276
27526	23,23	2,3	25,10	0,7	1079	320
27527	4,2	2,7	0,1	0,7	230	320
27528	4,3	24,25	0,1	26,11	230	1079
27531	225,193	83,44	153,160	50,48	249	191
27535	219,208	1413,1070	213,209	949,925	235	372
27536	15,5	1413,1070	14,6	949,925	1218	372
27537	4,0	3,7	0,0	1,1	233	331
27538	4,0	2,2	0,0	3,3	233	223
27540	21,41	55,35	21,9	49,32	226	276
27541	0,1	57,35	2,1	49,30	226	276
27543	0,0	56,35	0,2	49,30	250	276
27544	0,1	56,35	0,1	49,30	178	276
27545	18,23	29,19	9,15	23,12	204	226
27546	2,0	0,0	0,0	0,1	250	204
27547	20,14	19,21	8,13	8,9	248	250
27548	14,13	13,4	6,12	11,9	305	312
27549	3,5	19,15	2,7	12,14	222	312
27550	132,130	30,34	103,96	22,24	400	305
27551	102,85	256,180	76,83	162,168	224	250
27552	3,5	256,180	5,0	162,168	184	250
27553	60,52	264,192	41,46	174,177	184	250
27554	60,50	53,31	44,44	34,40	184	185
27555	59,52	123,98	37,42	104,82	184	207
27556	63,49	208,221	36,42	194,185	184	269
27557	214,162	55,33	150,189	39,42	250	185
27558	205,144	127,101	141,177	111,83	250	207
27559	73,64	210,219	53,61	194,181	185	269
27560	3,2	283,319	0,3	255,269	269	316
27561	5,2	5,11	2,2	5,1	237	235
27562	54,62	109,112	45,30	71,71	268	333
27563	42,24	80,89	22,30	90,56	269	345
27564	4,2	3,5	1,0	2,1	211	240
27565	391,321	1256,1063	225,293	729,819	363	1067
27566	1073,1021	637,570	792,866	508,387	340	273
27567	514,382	1115,799	317,324	776,814	228	296
27568	815,760	13,14	561,577	12,8	254	222
27569	820,762	428,340	561,582	293,313	254	222
27570	383,348	957,719	277,287	586,674	222	264
27572	639,552	474,446	422,352	286,313	378	340
27574	603,492	127,130	428,506	135,130	219	192
27575	627,538	558,466	571,498	442,471	235	219
27576	1044,736	1148,980	696,671	841,884	236	276
27577	19,39	563,446	82,37	444,438	208	203
27579	153,116	231,202	129,140	186,244	233	295
27580	1,0	231,202	0,1	186,244	179	295
27581	416,333	142,106	273,253	85,117	340	229
27582	417,332	317,225	273,253	168,181	340	289
27583	156,121	325,241	116,108	224,272	229	338
27584	152,115	239,189	117,108	159,207	229	292
27585	347,256	243,195	228,271	157,207	338	292
27586	173,129	105,100	148,125	85,68	231	223
27587	79,84	195,112	52,55	115,94	208	272
27588	80,85	277,236	51,54	181,189	208	297
27589	129,112	276,236	94,91	182,189	272	297
27590	5,11	112,98	7,1	93,69	230	274
27591	399,327	63,36	218,292	29,43	1063	244
27592	91,48	65,42	58,50	28,43	328	244
27594	9,9	63,59	7,6	50,55	291	401
27596	247,187	26,31	172,211	24,25	313	187
27597	247,186	40,38	172,211	37,33	313	178
27598	9,11	206,160	10,8	158,197	195	218
27617	2,0	403,415	0,0	370,330	201	238
27618	2,0	47,64	0,0	46,46	201	223
27619	11,6	3,0	9,11	7,2	450	217
27620	5,8	105,89	5,2	87,64	226	262
27621	88,88	34,32	79,74	18,28	263	323
27622	6,5	0,2	2,7	0,1	253	323
27623	6,8	0,2	4,4	0,1	256	323
27624	88,88	67,56	79,74	45,56	263	263
27625	6,5	28,21	2,7	24,23	253	263
27626	6,8	28,21	4,4	24,23	256	263
27627	3685,2923	738,521	2333,2609	486,497	1133	290
27628	572,434	3779,2937	376,447	2403,2710	293	1133
27629	382,305	402,332	299,293	282,295	238	258
27630	508,360	394,323	311,307	280,289	290	258
27636	1,0	27,14	0,0	18,16	337	271
27639	2,0	191,192	0,1	158,120	280	282
27640	1,1	452,334	2,3	366,300	282	355
27641	3,3	452,330	3,4	366,301	282	355
27642	327,310	210,152	260,231	146,161	355	298
27644	2,4	13,5	4,7	4,0	378	265
27648	3,14	16,22	4,2	8,22	423	249
27650	29,29	50,31	29,25	39,32	240	293
27651	0,2	65,44	0,0	23,32	214	297
27652	76,43	10,11	29,48	5,7	381	269
27654	0,2	2,2	0,2	2,2	218	242
27655	3,2	1,2	5,3	0,5	218	263
27656	59,41	39,33	46,27	33,23	229	210
27657	13,19	72,97	20,18	70,49	208	243
27658	150,151	11,7	93,101	3,1	280	242
27659	124,107	11,11	70,62	7,7	280	219
27660	134,110	2,6	72,64	1,0	280	219
27661	1,4	26,17	1,1	3,19	251	242
27662	13,24	69,55	16,19	45,50	219	337
27663	10,12	30,22	10,3	22,7	279	259
27664	10,12	6,4	10,3	3,4	279	306
27665	10,14	35,31	12,3	27,9	279	259
27666	10,14	6,0	12,3	2,2	279	279
27667	10,14	11,6	12,3	4,9	279	306
27668	30,22	6,4	22,7	3,4	259	306
27669	35,31	6,0	27,9	2,2	259	279
27670	35,31	11,6	27,9	4,9	259	306
27671	10,5	3,2	12,5	0,0	259	192
27672	6,3	2,0	6,0	0,1	369	199
27673	6,0	11,6	2,2	4,9	279	306
27674	5,0	2,2	0,2	1,0	279	192
27675	183,121	219,166	129,95	145,111	303	316
27676	73,61	135,74	43,39	111,97	267	303
27677	105,74	64,59	40,61	38,56	291	230
27678	28,17	112,82	9,14	42,83	192	291
27679	210,205	382,312	182,173	291,263	324	325
27682	2,0	0,2	1,1	1,0	246	238
27683	192,136	60,45	150,115	45,42	298	239
27684	133,107	74,38	111,79	37,51	298	209
27685	22,14	201,138	22,6	143,101	209	347
27686	42,91	412,472	82,76	492,399	291	899
27687	42,91	331,306	82,76	281,268	291	304
27688	117,119	131,153	137,93	137,119	250	220
27689	34,28	292,207	29,36	228,184	245	1064
27690	31,26	290,208	40,47	226,184	293	1064
27691	30,23	34,16	42,47	43,24	293	245
27692	69,48	121,119	63,56	103,96	253	335
27694	215,174	188,128	154,186	127,125	299	334
27695	194,164	1035,821	142,167	677,714	299	913
27696	41,29	318,228	34,31	216,187	230	275
27697	238,204	191,170	179,185	115,108	391	302
27698	236,201	13,10	174,185	1,4	391	302
27699	236,201	197,170	174,185	131,112	391	297
27700	13,10	197,170	1,4	131,112	302	297
27701	141,129	198,173	101,109	136,113	302	297
27702	227,177	953,683	190,169	491,536	336	707
27703	2908,2358	4856,4836	1797,1603	4107,3223	222	323
27704	3877,3603	3002,2824	2761,2745	2321,1709	254	222
27705	5418,5098	3964,3303	4145,3658	2538,2072	308	254
27706	776,924	5957,5326	818,656	4089,3935	209	308
27707	818,635	837,698	556,469	565,506	284	334
27708	818,635	391,389	556,469	341,301	284	289
27709	1075,888	634,612	826,779	530,487	288	289
27710	1075,888	1082,924	826,779	753,703	288	334
27711	474,426	791,650	341,314	542,515	334	236
27712	1376,1130	788,648	1035,949	541,512	334	236
27713	335,262	921,912	238,216	778,791	236	265
27714	873,787	851,791	644,563	649,708	265	285
27715	14,18	38,25	9,8	15,17	215	219
27716	395,340	368,323	331,247	280,195	266	242
27717	8,1	368,323	3,2	280,195	362	242
27718	11,19	367,325	16,7	280,195	266	242
27719	201,170	528,404	159,141	409,349	212	266
27720	59,84	291,231	58,46	190,163	315	212
27721	314,235	578,472	232,200	402,395	268	316
27722	488,423	263,248	327,347	192,186	283	268
27723	138,123	364,295	102,112	271,220	208	283
27724	580,488	172,148	347,399	103,124	307	208
27725	379,312	233,286	269,259	214,172	261	234
27726	488,362	373,299	389,333	241,187	329	257
27727	68,53	215,153	38,33	156,131	225	328
27728	2,3	221,157	3,0	131,143	223	309
27729	0,4	194,167	0,0	164,152	223	284
27730	63,43	222,157	46,43	130,144	223	309
27731	204,137	46,35	131,153	42,33	309	194
27732	1950,1412	955,799	1109,1199	612,630	593	328
27733	365,300	611,519	235,263	410,429	225	267
27734	917,720	612,519	579,680	414,429	328	267
27735	581,488	938,787	380,379	656,692	267	335
27736	1096,914	703,518	702,739	492,510	335	295
27737	686,603	743,568	511,549	469,534	295	299
27738	688,604	13,7	510,550	10,3	295	299
27739	688,604	889,632	510,550	515,486	295	311
27740	13,7	889,632	10,3	515,486	299	311
27741	716,526	889,634	500,513	516,487	299	311
27742	788,613	470,468	498,567	365,386	311	269
27743	788,613	4,3	499,565	1,0	311	269
27744	744,527	226,202	418,408	180,190	269	223
27745	287,257	529,489	217,217	397,444	223	309
27746	507,500	6,12	415,441	3,7	309	284
27747	507,500	187,133	415,441	111,104	309	194
27748	7,10	187,133	3,5	107,106	284	194
27749	6,12	187,133	3,7	111,104	284	194
27750	81,90	1466,1419	41,52	955,1003	299	3108
27757	51,70	181,170	63,56	202,125	280	335
27758	2,3	231,214	2,1	174,169	219	315
27759	167,131	209,175	133,106	149,100	238	248
27760	210,174	391,273	152,164	268,304	255	296
27761	94,48	105,108	36,53	60,69	241	239
27762	72,44	109,112	43,53	68,71	208	239
27763	70,47	81,74	43,53	60,62	208	241
27764	73,45	47,25	44,40	43,28	223	208
27765	73,94	47,25	59,57	42,30	231	208
27766	73,93	29,15	60,57	11,13	231	196
27767	805,805	164,132	547,483	88,95	1988	580
27768	0,1	0,1	4,1	2,0	262	307
27769	3250,3066	2415,2028	2612,2234	1779,1885	307	257
27770	3289,3110	1707,1399	2648,2250	1215,1166	307	230
27771	1715,1413	3728,3200	1092,1115	2638,2584	206	281
27772	4844,4346	3726,3198	3903,3652	2638,2583	350	281
27773	4367,3678	603,573	3081,2901	410,429	293	206
27774	4844,4350	4540,3633	3904,3654	3062,2847	350	293
27775	22,16	38,33	13,21	17,13	251	260
27776	25,19	21,25	9,13	12,9	260	254
27777	33,46	1,3	48,35	1,6	260	240
27778	2,2	0,0	0,1	2,0	323	236
27779	4,3	2,2	0,6	2,0	323	236
27783	63,38	0,2	41,54	0,2	241	241
27786	27,23	1,2	38,42	3,5	220	249
27787	82,62	132,105	105,106	100,150	220	220
27788	132,102	60,50	89,88	49,39	278	235
27789	137,98	91,85	100,112	60,42	278	278
27790	184,145	129,94	136,142	79,93	342	278
27791	615,535	416,322	425,396	323,265	252	244
27792	5,5	1099,1094	9,4	829,782	204	354
27793	3,5	37,46	4,7	19,24	235	367
27794	3,5	6,16	4,7	5,11	235	284
27795	3,5	37,47	4,7	19,24	235	367
27796	3,5	6,16	4,7	5,11	235	284
27799	7275,6321	1734,1909	5593,5130	1771,1306	314	275
27800	5366,4358	3725,4081	3933,2960	4211,3034	275	370
27801	2498,2843	1136,1168	2769,1991	1126,929	370	184
27802	11,14	1136,1168	16,14	1126,929	292	184
27804	34,33	31,42	41,12	25,23	311	243
27805	155,150	198,199	141,135	150,133	253	307
27806	135,119	198,199	78,82	146,128	277	307
27807	116,127	180,185	51,74	158,141	247	253
27808	21,28	173,175	18,17	158,153	337	277
27809	25,30	97,94	26,18	60,65	337	247
27810	112,76	248,195	55,62	188,125	248	311
27811	97,101	814,725	104,76	688,637	242	1169
27812	105,103	106,84	85,73	69,83	253	242
27813	171,183	102,103	113,99	110,76	325	253
27814	161,136	18,12	133,123	10,18	249	297
27815	53,71	151,131	50,51	110,118	269	312
27816	50,68	7,3	46,51	1,2	269	183
27817	52,66	15,20	48,51	14,6	269	183
27819	21,10	9,12	31,11	4,6	258	275
27820	44,37	14,21	24,22	5,16	303	258
27825	15,46	16,28	29,14	17,10	247	312
27826	15,46	10,25	29,14	15,5	247	272
27827	9,33	13,12	19,6	21,18	247	268
27829	2,0	91,51	4,3	47,66	272	206
27830	79,45	19,11	62,38	12,11	342	371
27831	78,40	19,11	42,26	12,11	273	371
27832	60,50	8,6	43,59	19,6	252	295
27833	5,4	253,232	6,6	149,239	268	252
27834	0,0	17,22	0,2	16,30	226	268
27837	1,0	85,80	0,1	59,55	228	225
27838	51,37	312,266	40,30	204,215	307	346
27839	3,1	58,69	0,0	44,49	325	307
27840	11,7	0,0	8,6	1,2	336	175
27841	17,12	2,2	9,18	2,2	511	336
27842	1,1	0,0	3,2	0,2	370	285
27843	1,1	2,1	3,2	2,4	370	336
27844	83,85	31,16	46,49	15,26	345	233
27845	4,3	0,1	14,8	0,0	265	263
27846	423,336	81,69	287,235	55,52	357	238
27847	241,196	110,93	158,135	83,70	314	357
27848	242,198	308,236	159,136	191,248	314	357
27849	113,107	169,121	56,112	117,108	261	247
27850	327,337	140,97	204,288	119,101	377	261
27851	152,139	268,246	100,118	147,222	261	377
27852	4,4	66,47	5,5	46,51	273	275
27853	89,79	88,71	81,60	55,84	257	324
27854	35,35	93,77	23,33	79,61	235	265
27855	37,38	95,70	26,35	62,59	235	232
27856	17,20	3,7	7,8	3,0	254	441
27857	0,2	104,86	1,1	64,68	252	294
27860	417,322	305,246	232,218	227,234	273	262
27861	465,415	247,219	318,271	216,180	331	273
27862	510,363	3,1	369,342	4,0	241	290
27863	510,363	282,264	369,342	235,190	241	212
27864	350,257	101,76	294,279	71,78	244	329
27865	350,259	699,582	294,279	550,533	244	329
27866	223,184	297,279	160,165	227,252	213	244
27867	9,6	297,288	7,9	229,252	376	244
27868	62,70	2,0	72,71	0,0	230	205
27869	0,4	19,12	1,1	13,20	202	376
27870	1,0	0,1	0,0	0,1	242	314
27871	60,57	395,365	43,50	302,276	194	388
27875	5,5	7,13	4,3	2,4	248	243
27876	1,3	5,4	0,0	2,1	243	269
27877	4,10	0,1	1,6	1,0	243	269
27878	29,38	33,31	22,20	25,24	253	285
27879	0,1	33,31	1,2	25,24	242	285
27880	52,49	33,31	28,25	25,24	242	285
27881	34,32	41,42	31,20	25,27	285	261
27882	13,10	16,23	9,9	24,33	227	276
27883	37,28	44,48	30,20	46,14	308	314
27910	185,182	131,102	198,141	87,73	280	280
27911	111,104	119,125	77,95	89,92	248	242
27912	60,74	158,125	61,57	96,103	219	248
27913	143,81	90,100	64,74	44,72	286	279
27914	86,58	93,72	56,57	51,42	274	270
27915	78,75	112,101	47,78	69,83	275	302
27916	183,149	181,166	113,140	131,131	302	361
27917	89,82	167,104	50,56	88,114	364	572
27918	73,58	44,29	39,47	18,24	306	251
27919	158,103	42,34	113,107	30,38	261	317
27920	227,150	17,10	183,184	29,9	294	294
27921	157,143	17,10	123,149	29,9	1789	294
27922	122,101	176,166	72,65	131,137	237	278
27923	124,101	342,349	72,64	205,232	237	316
27924	184,155	119,97	129,119	72,63	258	237
27925	43,55	134,120	36,37	80,103	218	300
27927	64,39	59,45	32,50	52,36	280	243
27928	247,190	88,63	158,160	48,66	401	348
27929	0,1	2,0	4,3	0,0	272	321
27941	131,131	558,513	175,108	406,355	265	364
27942	79,69	105,82	80,73	75,65	231	219
27943	25,13	6,7	12,17	1,2	313	161
27944	227,193	29,19	173,170	21,18	313	231
27945	82,113	379,318	96,86	255,229	343	304
27946	131,82	124,113	70,63	88,62	255	266
27947	89,61	122,113	47,42	88,62	226	266
27948	91,57	89,96	48,43	68,64	226	255
27949	65,44	91,65	38,35	53,50	233	226
27950	0,1	0,0	0,0	0,2	215	242
27951	61,57	95,66	45,51	60,57	183	200
27954	67,99	6,2	87,62	3,3	238	190
27955	69,97	1,0	88,66	0,0	238	183
27956	67,99	69,32	87,62	41,31	238	183
27957	82,95	2,8	107,66	6,5	224	238
27958	82,95	139,132	108,66	111,99	224	238
27959	2,0	92,55	0,0	43,46	238	235
27960	0,0	117,149	1,2	106,93	238	273
27961	4,4	93,56	2,1	43,46	238	235
27962	21,28	25,15	23,28	22,9	322	336
27963	41,42	102,105	46,47	96,58	347	336
27964	41,41	25,15	32,44	22,9	347	336
27965	41,43	24,16	32,44	22,9	347	336
27966	41,41	24,15	34,44	21,9	347	336
27967	37,32	45,42	29,40	32,23	347	220
27968	12,13	3,1	12,12	10,3	220	245
27969	12,13	58,74	12,12	60,37	220	262
27970	25,17	58,74	22,9	60,38	336	262
27971	25,16	21,21	21,9	14,22	336	221
27972	3,1	58,74	10,3	60,37	245	262
27973	57,56	59,74	42,27	63,37	245	262
27974	5,4	11,6	2,3	5,9	282	293
27975	309,251	163,109	204,232	94,98	359	269
27976	1,2	214,194	2,0	172,144	224	359
27977	77,80	214,194	64,75	172,144	229	359
27978	135,139	1,4	142,137	0,0	234	218
27979	17,18	172,113	7,12	128,143	251	364
27980	50,40	172,113	45,50	128,143	228	364
27981	50,40	17,18	45,50	7,12	228	251
27982	9,3	9,5	2,3	2,2	234	251
27983	51,41	71,60	47,54	59,75	228	251
27984	8,7	62,47	7,7	52,64	234	251
27985	17,13	45,43	15,14	49,21	341	278
27986	141,171	114,93	166,121	128,140	320	248
27987	131,102	198,181	84,68	173,167	215	290
27988	125,137	119,92	92,98	83,83	244	215
27989	4,0	0,0	1,3	1,3	294	222
27991	573,463	441,345	389,400	337,298	265	285
27992	482,407	6,4	319,340	4,0	285	278
27993	4,7	3,1	2,1	9,0	176	303
27994	4,2	6,5	0,0	2,7	176	230
27995	513,460	156,119	470,350	107,98	324	211
27996	278,200	562,440	208,172	417,340	242	324
27997	125,115	593,525	95,93	451,417	214	275
27998	33,43	2983,2273	74,29	2075,2208	221	267
27999	1883,1697	1698,1316	1555,1500	1268,1108	267	212
28000	1061,798	4901,3703	740,837	3504,3298	212	309
28001	140,104	330,255	93,86	248,233	222	344
28002	245,203	1947,1683	183,178	1246,1378	278	1505
28003	186,150	187,109	144,143	168,113	248	256
28004	166,176	7,5	165,139	3,4	228	218
28014	4,2	2,2	1,0	2,2	439	306
28016	250,175	65,48	200,143	48,46	630	241
28017	2,1	3,0	3,3	1,0	200	222
28018	3,4	27,25	4,7	20,17	200	222
28019	1,4	146,132	0,4	86,119	317	325
28020	106,104	146,132	52,94	86,119	286	325
28021	73,52	143,132	39,63	88,119	278	325
28022	110,105	115,94	50,80	69,79	325	279
28023	366,265	360,270	269,232	236,258	266	239
28024	137,132	288,242	121,114	230,184	202	233
28025	374,282	438,378	287,295	333,309	277	312
28026	226,195	179,157	185,166	127,149	223	245
28027	376,257	174,164	322,276	138,130	303	223
28028	0,2	0,1	0,0	0,4	241	191
28029	47,46	31,18	44,52	30,22	365	244
28030	17,12	195,189	12,9	203,122	240	267
28037	279,188	497,445	157,137	421,324	238	351
28038	359,303	248,213	254,259	190,181	321	254
28039	215,183	243,208	158,166	186,179	340	254
28040	410,370	252,183	292,300	158,167	358	321
28041	285,263	609,614	264,258	525,509	253	315
28043	8,6	7,11	7,3	12,7	286	278
28044	282,237	182,133	184,214	141,133	283	314
28045	59,39	241,202	49,81	193,215	273	267
28046	84,94	247,206	75,83	193,214	273	267
28047	67,35	172,130	31,29	124,164	191	250
28050	3,4	40,33	0,0	15,24	278	182
28051	37,23	16,9	17,19	5,8	278	182
28052	1,0	17,10	0,0	2,5	278	182
28053	49,45	53,55	23,26	28,48	278	278
28054	19,22	17,22	11,14	10,27	278	278
28055	110,99	17,22	54,56	10,27	379	278
28056	110,99	19,22	54,56	11,14	379	278
28057	70,61	44,50	58,61	16,24	395	379
28058	69,59	80,81	58,61	31,41	395	379
28059	28,32	78,81	26,28	30,41	395	379
28060	69,59	74,72	58,61	25,33	395	379
28061	16,6	27,34	3,15	26,25	212	395
28062	15,14	96,81	16,12	65,60	253	395
28063	2,0	94,81	1,0	65,57	253	395
28064	16,6	94,81	3,15	65,57	212	395
28065	16,6	2,0	3,15	1,0	212	253
28066	18,6	25,20	3,18	24,25	212	253
28067	97,72	68,46	63,69	43,41	249	240
