ID	IJC_SAMPLE_1	SJC_SAMPLE_1	IJC_SAMPLE_2	SJC_SAMPLE_2	IncFormLen	SkipFormLen
32	4,1	0,1	11,0	2,0	189	149
33	20,10	0,1	11,1	2,0	218	149
34	16,8	0,1	10,7	2,0	298	149
35	17,9	1,0	3,1	3,0	178	149
36	15,9	1,0	8,8	3,0	298	149
37	13,7	9,6	8,8	2,0	298	149
38	16,7	0,1	10,2	2,0	292	149
39	16,8	0,1	10,3	2,0	298	149
40	17,10	0,1	10,5	2,0	298	149
41	13,6	1,0	2,2	3,0	252	149
42	14,9	1,0	8,4	3,0	291	149
43	16,11	1,0	8,6	3,0	293	149
44	5,3	9,6	1,1	2,0	223	149
45	6,6	9,6	7,3	2,0	262	149
46	8,8	9,6	7,5	2,0	264	149
50	12,5	0,1	9,1	2,0	241	149
51	16,11	0,1	14,3	2,0	298	149
52	9,4	1,0	1,1	3,0	201	149
53	15,12	1,0	12,4	3,0	298	149
54	1,1	9,6	0,0	2,0	172	149
55	13,10	9,6	12,4	2,0	298	149
58	17,3	1,2	8,13	0,2	298	149
63	2,3	31,14	4,3	24,19	176	149
70	12,6	0,1	9,8	0,0	161	149
80	0,1	5,1	0,1	4,2	187	149
81	0,2	5,1	2,2	4,2	160	149
84	0,1	5,1	0,1	4,2	205	149
85	0,1	5,1	0,1	4,2	183	149
116	0,2	2,0	4,1	0,0	160	149
154	6,16	0,6	9,9	2,0	152	149
155	4,11	24,49	12,2	42,19	170	149
156	8,5	62,75	5,9	64,61	204	149
157	27,11	62,75	14,10	64,61	298	149
158	35,19	7,5	16,7	5,6	298	149
159	5,0	29,37	1,0	45,12	169	149
160	6,1	374,325	2,2	270,319	196	149
161	1811,1798	2,0	1539,1500	0,3	298	149
162	3,3	1031,1084	8,4	845,811	166	149
164	21,32	503,409	12,7	412,443	298	149
166	72,66	39,24	61,88	27,17	209	149
167	4,6	0,0	3,6	1,0	152	149
168	64,64	30,36	73,73	18,23	152	149
173	178,145	1,2	116,127	0,2	298	149
174	18,17	2,3	22,12	8,6	191	149
175	12,2	0,1	12,9	0,0	185	149
181	0,0	6,7	0,2	25,19	169	149
185	98,75	59,29	121,69	40,33	298	149
186	124,97	19,13	126,83	19,22	155	149
187	8,6	0,0	12,6	0,2	298	149
188	23,21	11,6	23,14	7,2	230	149
189	38,44	119,75	32,39	103,108	230	149
190	62,73	0,0	71,64	2,0	156	149
191	62,47	2,0	38,48	0,1	253	149
194	136,134	0,2	137,119	0,0	151	149
198	85,95	87,56	71,87	90,65	169	149
199	304,240	87,56	234,271	90,65	200	149
200	229,161	10,16	176,208	13,24	180	149
201	112,122	576,481	101,92	523,504	169	149
202	778,562	576,481	546,588	523,504	200	149
203	703,483	37,43	488,525	43,29	180	149
204	17,23	365,313	29,20	339,297	298	149
205	17,23	24,15	27,20	30,25	298	149
213	6,4	0,6	8,4	8,3	152	149
216	4,8	0,0	5,3	4,0	152	149
217	4,2	14,20	1,0	10,13	185	149
218	3,10	4,4	6,14	1,1	154	149
221	5,17	7,8	11,10	11,1	152	149
245	0,2	51,53	2,0	35,52	170	149
246	9,2	3,1	2,3	0,1	153	149
250	2,0	0,0	0,0	0,1	153	149
252	4,0	2,0	1,1	0,2	152	149
253	63,55	0,0	50,50	1,2	298	149
254	101,85	2,0	100,101	0,0	298	149
255	138,99	2,0	99,113	0,0	298	149
256	41,31	2,0	53,53	0,0	298	149
257	78,45	2,0	52,65	0,0	298	149
258	80,45	2,0	51,63	0,0	298	149
261	101,84	4,2	98,108	7,2	298	149
263	4,14	6,2	17,18	3,5	193	149
264	28,15	1,0	11,19	1,0	188	149
265	5,5	1,0	2,9	1,0	235	149
266	0,0	23,10	0,3	9,13	196	149
271	8,1	25,35	5,3	29,36	298	149
272	4,1	2,2	5,2	0,1	257	149
273	42,33	0,3	38,27	3,4	152	149
274	0,0	0,3	3,1	3,4	156	149
275	0,0	42,33	2,0	37,26	153	149
282	504,415	55,39	409,396	32,28	179	149
283	463,422	1,3	457,418	2,1	298	149
292	75,47	34,34	58,61	32,45	225	149
293	121,100	34,34	114,83	32,45	298	149
294	194,175	34,34	174,159	32,45	298	149
295	115,112	7,0	120,74	2,4	298	149
296	188,187	7,0	180,150	2,4	298	149
297	225,198	2,0	154,163	0,0	298	149
300	10,2	0,0	1,0	2,0	154	149
307	144,167	52,43	134,154	31,39	152	149
308	34,15	0,0	21,5	1,0	298	149
309	475,389	0,0	356,433	2,0	298	149
310	0,3	3,0	1,0	0,0	298	149
311	300,277	85,94	322,315	72,89	152	149
316	96,103	2,2	83,79	0,0	199	149
317	13,6	1,7	3,2	6,5	194	149
318	10,3	14,9	0,0	10,6	164	149
319	281,240	6,12	242,239	13,7	167	149
320	91,62	6,12	64,58	13,7	298	149
321	65,44	247,218	41,37	216,212	298	149
324	257,232	2,2	205,210	0,0	155	149
325	26,27	0,1	18,22	0,0	167	149
326	26,30	0,1	21,29	0,0	170	149
327	284,257	0,1	239,218	0,0	182	149
330	258,227	0,0	219,191	1,2	161	149
331	3,4	334,300	4,4	277,291	198	149
332	312,265	0,5	254,259	2,0	151	149
333	10,10	0,5	1,9	2,0	181	149
334	8,6	310,261	1,6	254,256	179	149
335	327,265	1,0	296,261	0,0	194	149
336	3,7	203,233	0,4	177,169	278	149
337	205,235	3,0	186,176	0,0	157	149
339	3,8	245,208	5,2	224,201	176	149
341	2,6	0,0	7,13	0,2	169	149
342	86,86	10,11	67,61	1,4	196	149
343	40,23	10,11	31,25	1,4	298	149
344	20,17	65,73	7,15	43,45	298	149
346	17,16	0,0	20,2	1,1	183	149
347	50,84	0,10	55,57	4,0	161	149
348	12,15	0,0	17,17	1,0	155	149
349	216,203	109,76	182,177	103,51	155	149
350	233,220	0,1	196,194	0,0	166	149
351	126,93	0,1	117,68	0,0	160	149
352	280,251	0,0	273,267	1,0	298	149
354	1365,1203	3,1	1227,1235	2,1	279	149
355	2449,2161	8,7	2272,2246	13,9	279	149
356	0,0	0,1	1,1	0,0	156	149
362	1483,1084	0,2	1123,1286	2,2	298	149
363	10,6	1364,1047	18,13	1068,1163	298	149
364	37,35	24,26	49,41	21,27	298	149
365	1391,1076	24,26	1099,1191	21,27	152	149
366	1218,1101	1,0	1248,1120	2,0	154	149
369	875,749	27,27	790,803	28,21	298	149
370	1111,971	2,0	1166,1039	0,0	298	149
372	954,849	0,0	968,869	6,1	298	149
373	972,872	0,4	990,900	0,0	298	149
374	19,23	0,4	28,32	0,0	152	149
375	26,25	0,0	35,38	11,3	298	149
376	1093,842	0,2	1000,868	0,0	298	149
377	590,554	274,270	528,533	228,222	152	149
378	597,556	49,38	535,539	28,29	298	149
379	1142,880	1,0	1017,894	2,1	298	149
380	1877,1638	7,3	1689,1540	2,0	298	149
381	18,11	7,6	19,17	6,11	164	149
382	88,69	125,102	83,83	128,107	164	149
384	16,10	30,45	16,6	43,40	298	149
390	2,2	0,0	0,0	1,0	173	149
392	16,18	17,13	11,9	15,15	152	149
393	1963,1477	50,43	1857,1542	35,39	176	149
394	137,142	13,11	131,112	13,11	160	149
395	28,16	0,1	21,24	0,0	160	149
396	300,233	13,16	273,245	14,8	263	149
397	52,42	1,3	44,54	0,2	179	149
398	83,52	0,0	61,65	0,3	236	149
400	136,141	1,3	158,121	0,0	298	149
401	244,195	0,4	242,215	4,1	298	149
402	18,15	76,45	17,17	42,48	298	149
403	37,27	41,36	35,28	34,44	298	149
404	166,148	11,6	190,162	3,5	298	149
405	3,4	0,0	3,3	2,0	298	149
406	101,101	2,0	75,85	2,1	298	149
407	15,16	8,1	9,12	5,1	298	149
408	16,17	1,2	11,12	3,5	298	149
409	9,2	1,2	7,1	3,5	152	149
410	36,28	0,0	20,35	0,1	152	149
411	81,59	10,13	64,75	9,10	298	149
414	172,143	0,2	166,163	2,0	152	149
415	235,194	0,1	232,215	0,0	204	149
416	63,53	0,1	68,52	0,0	201	149
417	53,32	167,116	53,46	133,112	298	149
418	54,34	1,0	55,51	0,0	298	149
419	169,118	1,0	137,117	0,0	151	149
427	23,26	6,2	31,23	6,0	152	149
428	2,2	0,0	7,5	2,0	152	149
429	3,3	2,2	0,1	2,2	153	149
432	41,11	1,1	20,21	0,2	291	149
433	41,11	1,0	20,21	0,0	294	149
434	1,1	1,0	0,2	0,0	152	149
435	8,2	3,2	4,0	9,3	152	149
436	0,4	0,0	0,1	0,2	152	149
442	1,0	10,10	0,1	10,22	152	149
443	11,5	234,227	4,1	160,172	152	149
444	21,24	206,225	15,32	165,166	152	149
445	2,3	138,158	1,0	106,81	170	149
446	68,109	2,0	64,45	0,1	153	149
447	29,39	1,0	18,21	0,0	298	149
448	47,45	2,3	44,31	4,7	180	149
449	1,12	2,2	2,0	1,1	180	149
450	6,4	66,58	3,4	55,46	179	149
451	6,15	71,75	11,14	78,73	211	149
452	3,1	76,80	3,5	81,74	165	149
456	2,0	1,0	2,0	0,0	153	149
457	124,120	61,71	113,108	64,66	204	149
458	125,120	24,17	115,108	20,21	208	149
459	62,71	24,17	66,66	20,21	153	149
460	0,1	1,1	0,1	0,1	152	149
464	205,126	4,3	198,172	5,1	205	149
465	7,6	1,0	3,8	0,1	298	149
466	7,8	1,0	3,8	0,0	298	149
467	1,6	0,1	3,2	0,0	160	149
468	1,2	90,51	1,1	54,67	200	149
469	1,4	6,8	3,2	4,10	205	149
470	90,53	6,8	56,68	4,10	154	149
475	14,11	215,213	3,9	218,222	298	149
476	3,7	0,0	5,7	0,2	298	149
477	0,1	0,1	0,1	0,0	165	149
478	44,28	25,30	33,25	13,27	182	149
480	0,2	0,3	2,5	0,0	192	149
482	94,85	13,7	95,67	10,9	298	149
483	25,21	224,193	31,15	191,177	298	149
484	291,266	0,2	268,249	3,0	219	149
485	13,18	0,0	17,5	0,1	298	149
486	20,14	0,0	4,1	3,0	298	149
487	860,764	3,0	832,758	0,5	219	149
488	16,16	0,0	14,10	1,0	298	149
489	23,19	538,531	23,13	561,489	298	149
492	20,14	0,0	4,4	0,1	298	149
493	22,13	2,0	5,1	2,3	298	149
495	471,500	3,3	420,431	4,2	298	149
496	10,10	144,144	6,7	140,123	191	149
499	250,360	5,4	251,203	7,9	239	149
500	6,4	4,1	9,13	0,0	298	149
501	361,301	1,1	319,313	0,1	298	149
502	3,6	1,0	7,6	0,0	298	149
503	38,17	382,324	26,19	385,370	298	149
504	428,360	2,0	432,398	0,0	298	149
505	553,469	3,9	492,434	2,3	263	149
506	3,7	49,73	1,4	38,42	212	149
507	30,17	2,3	23,37	0,5	266	149
508	31,17	0,0	20,41	2,0	266	149
509	52,41	163,151	49,56	141,104	266	149
511	34,18	346,268	19,13	259,253	214	149
512	15,12	4,8	11,9	0,4	214	149
514	11,4	37,19	3,7	24,5	298	149
515	2,4	9,8	6,1	8,7	173	149
516	0,0	2,0	0,1	0,0	153	149
517	120,100	2,0	91,64	2,0	154	149
519	3,3	27,24	0,0	25,18	215	149
520	388,366	1,0	321,360	0,2	298	149
523	196,189	2,0	158,151	3,2	154	149
528	0,1	15,10	1,0	15,18	178	149
529	4,2	158,112	2,6	142,134	178	149
530	223,159	1,2	163,164	1,3	172	149
531	4,6	67,79	2,3	70,42	298	149
534	1,1	42,32	1,0	18,26	168	149
536	23,23	7,9	40,15	8,7	176	149
537	37,34	0,6	54,33	2,2	271	149
538	21,20	0,6	22,25	2,2	244	149
539	2,0	43,48	0,1	25,38	232	149
540	37,28	0,0	17,21	2,1	154	149
541	3,2	18,14	0,1	18,25	219	149
542	432,336	9,5	320,311	2,4	263	149
543	68,71	0,0	52,65	0,3	298	149
544	0,7	0,0	5,4	0,1	298	149
545	14,28	2,10	17,21	3,5	298	149
546	21,46	56,55	34,34	60,44	214	149
547	14,11	165,173	6,4	145,123	231	149
548	244,218	4,7	273,251	6,2	218	149
549	289,249	23,14	233,233	6,8	152	149
550	293,226	13,22	220,195	10,6	164	149
551	3,5	31,28	1,2	17,31	198	149
552	37,42	13,13	38,34	7,14	267	149
553	65,65	13,13	54,63	7,14	218	149
555	101,100	8,1	120,91	1,2	182	149
556	22,26	0,0	24,24	2,0	182	149
575	0,1	150,116	1,3	124,121	210	149
577	1,0	2,2	1,0	2,3	260	149
580	35,27	259,328	16,19	285,273	152	149
584	2,0	1,3	0,1	4,4	298	149
588	25,28	2,1	36,47	4,0	242	149
589	16,24	2,1	29,26	4,0	245	149
590	14,22	2,1	28,26	4,0	266	149
591	2,3	11,7	2,2	9,23	152	149
592	0,1	11,7	1,2	9,23	173	149
593	0,1	2,3	1,2	2,2	170	149
594	14,21	0,1	27,24	0,0	242	149
595	14,21	0,1	27,24	0,0	245	149
598	28,22	0,1	39,27	0,0	242	149
599	14,21	0,1	27,27	0,0	245	149
600	0,0	14,1	0,3	12,3	152	149
601	9,19	6,1	19,5	2,1	267	149
605	75,82	0,4	77,91	0,2	298	149
606	19,12	10,7	10,9	11,3	163	149
609	117,140	2,2	114,109	2,1	197	149
613	1,2	162,159	3,3	156,112	298	149
615	103,122	1,0	88,79	0,2	298	149
616	13,8	112,110	7,9	113,96	276	149
631	449,386	2,0	430,360	1,0	298	149
632	19,36	2,1	27,31	2,2	181	149
633	4,3	49,46	3,2	36,24	203	149
634	106,94	1,2	82,84	0,0	153	149
635	8,4	53,56	9,3	58,36	226	149
636	5,9	21,25	3,2	15,8	298	149
637	4,9	69,116	2,5	58,73	298	149
638	22,28	69,116	17,11	58,73	298	149
640	35,37	1149,1075	43,27	986,900	207	149
642	146,93	0,0	127,100	0,2	242	149
644	19,29	26,23	27,23	21,9	298	149
648	2,2	104,119	1,3	100,98	298	149
659	47,28	2,0	18,27	0,0	298	149
660	10,13	6,12	16,9	11,12	298	149
661	33,32	12,27	37,26	20,29	229	149
664	0,0	9,12	0,1	9,9	197	149
665	0,1	0,1	0,0	0,2	152	149
669	1,1	0,0	2,2	0,1	221	149
672	14,17	1,2	14,17	2,0	203	149
681	15,23	0,1	5,20	0,1	286	149
682	15,16	0,1	18,15	0,6	168	149
683	57,37	290,292	62,39	245,239	168	149
684	582,481	1,1	538,518	0,3	173	149
685	766,622	0,0	731,707	1,0	218	149
689	120,115	18,8	109,125	17,13	298	149
690	44,46	14,15	52,38	13,9	154	149
691	1318,1110	3,0	1180,1054	3,1	298	149
697	10,7	160,186	3,7	161,131	298	149
699	93,87	2,2	87,81	1,0	154	149
700	6,9	0,0	4,0	3,0	198	149
701	6,10	2,2	4,0	2,2	198	149
702	12,17	21,20	10,2	22,10	198	149
705	10,9	728,647	13,8	801,721	166	149
706	5,6	9,2	3,3	9,3	165	149
707	144,94	210,208	92,121	216,214	202	149
708	2,2	2,0	3,0	0,0	195	149
709	102,66	61,43	92,78	54,68	152	149
728	3,0	1,3	0,4	2,0	298	149
732	5,5	0,2	4,2	0,0	298	149
756	14,14	19,12	22,11	14,20	209	149
757	17,14	165,135	20,17	115,112	209	149
758	6,4	64,97	6,8	45,55	298	149
759	27,17	95,83	16,16	76,75	255	149
760	1,2	3,1	2,2	0,5	227	149
761	2,4	96,61	3,5	79,79	298	149
762	4,3	96,61	1,8	79,79	221	149
763	74,95	2,1	69,77	1,2	206	149
764	6,0	22,31	3,2	18,27	202	149
765	6,0	0,0	3,2	2,1	206	149
766	22,31	0,0	18,27	2,1	153	149
767	11,16	2,0	5,2	2,0	289	149
769	375,470	16,4	357,375	7,4	155	149
771	18,17	1,0	8,13	0,0	298	149
774	7,8	1127,1000	9,14	1119,1045	188	149
782	80,72	1,0	66,54	0,0	184	149
783	156,161	2,6	136,135	0,0	184	149
784	1053,1026	0,0	1020,978	2,1	156	149
795	15,9	1,0	11,10	0,0	298	149
796	9,5	408,362	8,9	394,349	273	149
797	180,137	0,0	169,167	1,0	204	149
798	117,91	0,0	114,118	3,0	188	149
799	496,460	0,0	483,481	0,1	188	149
800	629,463	0,0	505,491	1,0	298	149
805	2,0	8,7	4,3	7,4	232	149
811	266,179	0,0	195,161	0,2	154	149
813	2144,1777	0,0	2036,1803	1,1	298	149
814	16,12	782,674	46,32	740,707	188	149
815	16,12	861,766	19,19	839,887	298	149
816	926,808	2,0	882,826	0,5	298	149
817	20,15	0,2	32,10	0,0	298	149
818	789,645	0,2	781,742	0,3	298	149
819	1300,1106	2,0	1298,1180	0,0	155	149
820	189,173	990,826	216,170	878,842	167	149
827	629,552	196,224	588,654	237,197	224	149
828	225,186	3,3	211,209	0,5	224	149
830	258,203	0,2	229,220	0,1	161	149
831	105,130	0,3	148,116	2,3	155	149
832	106,102	18,20	93,98	26,27	178	149
834	28,41	118,95	32,25	102,113	200	149
835	6,6	0,5	2,6	6,1	154	149
838	1,2	40,49	0,0	35,43	221	149
839	24,23	99,112	17,16	69,85	207	149
840	3,9	1,0	3,3	2,1	164	149
841	6,5	0,1	6,2	2,2	164	149
842	3,7	0,3	6,3	0,1	164	149
843	7,7	2,5	3,6	0,0	164	149
844	6,4	43,43	9,7	23,28	165	149
845	43,37	4,1	33,36	2,7	206	149
846	80,76	4,1	47,57	2,7	190	149
847	5,4	23,25	10,6	22,27	165	149
848	42,37	1,0	34,35	0,0	206	149
849	60,58	1,0	46,56	0,0	190	149
850	1,0	39,44	0,2	44,36	162	149
851	8,4	39,44	4,9	44,36	247	149
853	58,42	5,0	37,57	0,1	297	149
856	3,4	48,41	0,2	33,48	218	149
869	41,29	0,0	49,46	1,2	151	149
883	2,1	58,83	5,4	63,70	186	149
885	9,9	0,0	5,6	0,1	249	149
886	43,62	1,0	60,41	0,0	164	149
888	846,659	644,542	684,579	535,529	167	149
889	127,88	644,542	107,83	535,529	202	149
890	12,12	731,583	14,8	591,504	184	149
891	124,83	32,27	99,75	31,31	167	149
892	1289,1052	35,24	1106,1059	26,17	152	149
893	0,1	1332,1086	0,1	1153,1052	173	149
894	19,39	33,26	33,22	21,18	298	149
895	891,791	0,2	698,601	0,2	298	149
898	9,12	444,338	16,8	353,363	172	149
899	9,14	2,0	14,8	4,1	172	149
900	469,381	0,0	396,378	1,0	298	149
901	1,1	397,316	2,1	336,353	163	149
902	227,185	27,14	203,189	7,20	181	149
903	143,108	3,4	127,123	3,4	181	149
905	5,2	2,0	0,1	2,6	227	149
906	11,4	341,268	5,14	308,317	245	149
907	8,2	341,268	7,19	308,317	167	149
909	4,0	11,10	0,0	18,15	236	149
910	2180,1979	359,333	2116,2047	330,313	173	149
911	335,292	1,2	355,325	2,1	173	149
913	8,13	4,0	7,9	1,2	243	149
914	8,15	119,93	11,13	130,86	243	149
915	8,13	1,6	7,9	6,8	243	149
916	97,90	0,0	80,89	0,1	171	149
917	4,6	74,73	3,2	48,65	298	149
918	0,0	1,4	1,1	1,0	166	149
919	10,3	2,2	0,6	1,2	233	149
920	170,113	3,0	113,117	6,1	193	149
921	175,110	2,2	113,117	2,1	193	149
925	40,18	7,15	23,13	27,10	167	149
926	33,14	25,24	27,33	29,28	167	149
927	191,197	24,28	183,178	25,18	298	149
928	155,182	5,1	150,132	1,2	298	149
929	151,173	5,1	141,133	1,2	298	149
1014	1,1	327,307	0,0	382,343	157	149
1015	898,676	4,1	676,692	0,2	203	149
1016	0,4	9,2	0,0	4,9	215	149
1018	3,1	0,3	0,2	4,2	164	149
1019	5,1	0,3	0,1	4,2	206	149
1020	2,1	0,1	0,0	0,1	191	149
1021	1,6	1,0	3,0	2,0	152	149
1022	64,39	31,28	40,55	29,21	152	149
1023	0,1	131,111	1,0	114,91	165	149
1035	24,19	1,0	33,21	0,0	195	149
1036	222,165	1216,1005	176,180	1041,941	170	149
1037	64,40	14,11	46,47	13,11	170	149
1038	665,517	4,2	554,528	0,1	214	149
1039	1494,1207	39,38	1304,1236	37,20	214	149
1049	12,6	0,0	4,4	1,0	187	149
1050	108,98	0,6	114,102	2,0	197	149
1057	9,9	0,2	6,5	0,2	156	149
1058	297,282	1,2	296,246	0,0	298	149
1059	190,138	7,7	168,128	2,14	298	149
1060	274,206	0,2	231,223	0,0	298	149
1063	0,5	0,3	0,2	2,0	152	149
1064	1,0	0,1	1,0	0,0	158	149
1065	27,18	40,67	28,19	73,51	298	149
1066	147,191	0,1	110,122	0,0	161	149
1067	13,16	157,122	10,6	126,160	171	149
1068	49,49	4,0	55,34	6,0	206	149
1069	193,155	4,0	171,188	6,0	184	149
1070	811,770	0,0	862,748	0,2	298	149
1071	1961,1881	1,0	2027,1990	0,0	159	149
1072	1191,1226	2,1	1074,915	0,0	271	149
1073	1257,1312	1,5	1117,909	1,3	173	149
1074	98,97	4,10	48,67	4,1	298	149
1075	121,115	44,44	128,115	36,47	184	149
1076	0,0	55,54	2,1	52,56	164	149
1079	14,8	5,3	8,6	0,0	152	149
1080	14,3	1,10	7,6	0,7	152	149
1081	4,0	3,1	1,1	1,0	152	149
1085	0,4	4,3	2,4	1,2	152	149
1087	8,18	2,6	9,16	3,1	152	149
1090	1,5	11,9	1,0	9,1	152	149
1091	52,57	27,48	23,26	31,26	152	149
1092	19,29	10,1	18,7	5,3	181	149
1104	182,150	3016,2861	184,144	2413,2449	298	149
1106	10,7	25,38	8,3	26,23	152	149
1107	451,378	2,0	396,389	0,0	298	149
1108	22,40	105,84	25,14	92,63	202	149
1109	22,41	345,336	26,14	327,304	205	149
1110	105,85	345,336	93,63	327,304	152	149
1111	382,333	0,3	295,310	0,0	153	149
1112	22,16	379,371	14,20	356,322	298	149
1113	8,9	73,43	2,2	53,98	172	149
1114	3,7	101,124	3,3	74,73	177	149
1116	204,197	4,7	179,147	0,3	186	149
1117	51,23	54,69	22,19	64,58	213	149
1119	39,17	0,1	35,14	0,0	244	149
1121	8,4	2,0	5,10	1,0	298	149
1122	13,19	21,15	11,12	7,10	215	149
1123	47,36	5,3	37,36	5,9	168	149
1125	60,32	0,1	46,42	2,0	173	149
1126	6,3	59,51	8,2	42,59	163	149
1134	278,195	1,5	238,243	1,4	182	149
1135	51,84	0,0	63,77	2,1	298	149
1136	18,23	26,54	18,24	30,38	220	149
1137	25,32	4,4	33,39	8,1	298	149
1138	25,30	6,3	35,39	1,3	298	149
1139	3,4	35,41	3,2	43,17	181	149
1140	3,5	2,0	3,0	0,0	152	149
1143	89,76	3,1	65,53	1,0	246	149
1144	34,33	0,1	22,14	0,0	246	149
1145	34,25	21,12	21,30	23,26	197	149
1147	0,0	2,4	2,1	2,0	152	149
1148	8,7	153,155	6,6	103,109	227	149
1149	15,7	0,0	16,9	0,1	298	149
1151	468,345	10,3	381,385	3,0	298	149
1152	13,28	15,12	27,19	11,20	232	149
1153	28,46	55,45	35,31	48,53	232	149
1156	235,263	15,15	199,198	11,12	152	149
1158	3,1	205,259	6,3	180,174	298	149
1159	4,5	205,259	7,6	180,174	298	149
1160	422,399	1,3	382,358	1,2	298	149
1161	422,404	7,8	383,357	10,13	154	149
1162	699,644	10,15	614,530	18,12	248	149
1163	236,252	10,15	246,193	18,12	298	149
1164	31,31	484,417	38,20	392,350	249	149
1165	33,25	4,9	15,25	8,8	152	149
1166	697,635	4,9	575,513	8,8	199	149
1167	683,621	19,11	568,498	8,10	196	149
1168	566,465	11,1	443,447	12,9	154	149
1172	4,2	0,0	4,3	1,0	298	149
1174	0,0	0,2	2,2	0,0	219	149
1175	4,6	32,41	2,5	21,29	219	149
1176	894,856	4,13	863,728	4,6	298	149
1177	15,18	0,0	16,11	2,0	153	149
1178	1,4	0,0	1,0	2,0	166	149
1179	1,2	15,16	0,0	15,11	162	149
1180	0,1	0,0	2,1	0,1	179	149
1182	10,12	0,1	5,2	0,0	298	149
1186	0,0	0,2	0,3	3,2	167	149
1187	3,2	17,18	2,4	5,14	287	149
1188	3,5	0,1	1,17	0,0	200	149
1189	12,15	0,1	15,13	5,0	188	149
1190	61,37	0,1	28,46	5,0	298	149
1191	50,23	1,0	14,35	0,2	298	149
1196	494,429	20,7	455,388	8,8	298	149
1200	7,7	3,2	4,5	5,0	153	149
1201	55,65	2,1	48,45	1,0	298	149
1202	258,243	1,2	197,196	0,0	180	149
1203	194,198	8,9	176,163	3,2	298	149
1204	10,10	31,30	10,8	30,28	185	149
1205	59,55	8,15	47,37	10,7	298	149
1206	83,79	8,15	76,61	10,7	298	149
1212	2,2	3,5	0,1	0,0	224	149
1213	6,4	168,100	3,11	112,96	152	149
1215	105,84	0,2	75,88	0,0	207	149
1218	5,6	2,4	4,5	1,2	154	149
1220	94,68	145,167	89,83	119,137	251	149
1222	47,33	1,0	39,36	0,0	190	149
1223	44,47	0,6	55,52	0,6	190	149
1227	2,4	0,1	2,2	0,0	152	149
1228	24,30	10,7	30,24	4,3	152	149
1231	112,111	0,0	134,123	0,1	298	149
1232	1,0	0,0	0,3	0,2	218	149
1233	39,42	0,4	39,51	2,1	251	149
1234	0,5	61,73	2,0	55,49	164	149
1238	2,0	77,69	2,0	65,67	166	149
1240	0,1	1,0	2,2	0,0	188	149
1242	2,0	1,0	2,0	0,1	188	149
1246	3,0	0,0	2,0	1,0	298	149
1248	1,2	10,11	0,0	9,10	179	149
1249	26,25	867,766	23,23	849,681	170	149
1256	6,6	594,468	3,8	513,477	174	149
1257	1,0	0,2	0,0	0,2	153	149
1259	0,1	5,0	1,0	0,2	197	149
1262	32,17	1,5	13,7	0,2	152	149
1264	4,2	2,3	1,3	0,0	163	149
1269	2,2	0,0	4,2	0,2	207	149
1270	2,2	2,2	3,1	3,0	204	149
1271	2,2	0,0	4,1	0,2	152	149
1272	8,9	1,0	8,4	0,0	202	149
1277	7,8	236,215	9,6	209,218	224	149
1279	3,8	5,2	0,2	2,2	298	149
1280	3,10	0,2	0,2	0,0	298	149
1281	5,10	0,1	0,2	1,1	298	149
1282	0,5	5,2	0,2	2,2	297	149
1283	0,7	0,2	0,2	0,0	298	149
1284	2,7	0,1	0,2	1,1	298	149
1285	5,4	0,2	2,2	0,0	160	149
1286	7,4	0,1	2,2	1,1	172	149
1287	2,2	0,1	0,0	1,1	161	149
1288	199,180	794,897	135,110	675,649	179	149
1289	565,465	2,0	410,390	0,0	298	149
1290	1174,1204	2,0	977,950	0,0	298	149
1295	10,2	36,20	3,3	27,22	152	149
1296	1467,1202	6,7	1165,1100	8,7	242	149
1297	2169,2553	8,15	1953,1866	3,3	152	149
1298	2,2	7,1	0,0	2,3	152	149
1299	4,2	1,0	3,3	0,0	298	149
1300	9,1	1,0	5,6	0,0	298	149
1301	471,451	2,1	412,397	2,0	298	149
1302	204,188	9,0	161,147	2,2	277	149
1303	77,68	74,33	72,61	36,22	152	149
1305	123,98	1,0	78,57	1,0	220	149
1306	8,11	7,0	5,4	2,0	165	149
1307	487,647	2,2	454,392	4,5	298	149
1308	2,0	8,12	2,0	7,8	298	149
1311	337,305	0,0	270,242	0,1	298	149
1312	4,5	22,7	5,3	8,7	179	149
1314	0,1	190,195	0,2	154,177	298	149
1315	0,0	7,7	0,1	2,4	152	149
1316	38,30	0,0	26,23	1,6	191	149
1317	36,22	1,5	24,23	1,0	191	149
1318	64,62	2,1	53,58	0,4	180	149
1319	60,54	4,3	44,48	9,6	191	149
1320	44,28	7,8	28,28	4,2	191	149
1321	33,22	2,0	22,22	0,0	191	149
1323	0,9	0,0	4,4	0,1	298	149
1324	1,8	0,2	4,4	0,0	298	149
1325	1,1	0,2	1,3	0,0	183	149
1326	12,5	1,4	6,4	4,2	240	149
1327	4,2	7,11	5,3	10,7	298	149
1329	1,0	22,15	0,3	35,22	191	149
1330	32,20	0,2	47,33	0,0	194	149
1331	4,0	16,15	0,4	7,6	166	149
1332	2,0	0,2	1,4	0,1	166	149
1333	21,14	16,6	18,11	8,11	298	149
1334	4,0	11,3	0,1	8,5	190	149
1335	45,19	0,0	24,20	0,3	298	149
1336	11,7	26,19	9,12	32,19	152	149
1337	35,16	1,0	33,13	0,0	240	149
1338	38,17	4,0	31,13	2,0	240	149
1339	14,17	0,1	13,11	1,2	158	149
1340	42,53	11,5	33,57	17,16	152	149
1341	13,15	11,5	7,11	17,16	298	149
1342	10,15	39,53	7,11	33,57	298	149
1343	184,159	132,116	181,138	186,149	272	149
1344	209,178	0,0	196,210	0,2	298	149
1345	237,196	0,0	231,250	0,2	298	149
1346	133,129	0,0	119,160	0,2	298	149
1347	152,119	76,49	183,141	77,50	204	149
1348	50,59	76,49	82,64	77,50	254	149
1349	2,7	104,67	11,13	112,90	199	149
1350	124,104	1,0	92,118	3,0	298	149
1351	10,8	100,92	6,8	74,118	198	149
1353	121,92	2,2	112,81	7,2	164	149
1354	131,192	0,0	140,132	0,1	216	149
1355	154,123	10,12	161,147	7,4	189	149
1357	88,95	1,4	79,74	1,2	153	149
1358	65,77	15,11	46,46	8,6	298	149
1359	93,128	1,0	79,73	0,0	298	149
1360	99,131	0,2	88,77	0,0	298	149
1361	57,71	1,0	48,46	0,0	298	149
1362	63,74	0,2	57,50	0,0	298	149
1363	8,7	0,2	13,6	0,0	164	149
1364	42,60	75,75	40,42	51,51	298	149
1365	48,63	46,27	49,46	21,31	298	149
1366	82,82	46,27	64,57	21,31	164	149
1372	8,17	38,42	4,15	26,21	152	149
1373	14,10	22,18	15,11	11,19	152	149
1374	169,175	2,0	150,140	0,2	298	149
1375	41,46	108,113	60,42	98,69	298	149
1376	3,3	8,7	3,22	4,3	152	149
1377	67,51	8,7	66,60	4,3	289	149
1378	64,51	0,3	66,53	3,15	286	149
1379	130,88	24,21	85,99	18,30	298	149
1380	47,34	24,21	44,49	18,30	298	149
1381	29,21	60,45	18,26	29,56	174	149
1382	107,76	0,0	70,100	0,2	298	149
1384	3,5	27,44	2,0	27,17	170	149
1387	989,801	5,7	728,746	3,0	241	149
1389	94,99	0,0	108,89	0,1	298	149
1390	115,112	11,9	124,95	15,4	295	149
1391	73,63	4,2	69,57	2,2	298	149
1402	2,2	1,0	1,0	0,0	241	149
1403	2,0	0,0	0,1	1,1	155	149
1419	0,0	6,1	2,1	1,1	183	149
1420	1,0	6,1	2,1	1,1	186	149
1422	3,1	0,3	1,1	0,0	152	149
1423	4,6	3,1	5,1	1,4	152	149
1424	10,8	7,14	10,2	12,6	152	149
1432	6,1	525,407	5,0	437,417	200	149
1433	251,292	1,2	305,263	1,2	189	149
1434	44,29	1,0	23,25	6,0	207	149
1435	860,684	6,0	766,700	0,0	154	149
1437	178,153	6,0	169,196	0,0	155	149
1451	12,11	0,3	7,16	1,0	298	149
1452	20,8	1,0	10,8	0,0	298	149
1454	37,32	4,1	31,26	2,3	154	149
1456	4,1	0,0	1,1	2,0	152	149
1466	14,12	7,6	10,11	6,8	152	149
1468	11,1	7,4	13,8	1,2	152	149
1469	10,6	11,12	4,4	12,18	298	149
1474	169,153	18,17	134,143	10,14	219	149
1475	36,28	1,5	22,33	5,0	298	149
1476	15,10	2,10	12,7	3,3	154	149
1477	186,137	10,9	156,145	10,6	152	149
1479	14,15	0,2	18,13	0,0	154	149
1480	139,152	0,4	160,122	2,5	298	149
1481	2,0	226,189	0,0	176,171	156	149
1485	6,11	14,21	7,2	20,9	298	149
1486	3,5	26,48	3,1	57,29	168	149
1487	19,16	415,420	11,5	373,337	168	149
1488	216,240	115,113	184,189	93,89	152	149
1489	152,159	4,2	201,95	0,0	161	149
1490	29,25	0,1	30,32	0,0	298	149
1495	1120,980	0,0	1025,1000	0,2	298	149
1496	16,2	4,1	11,5	0,2	237	149
1497	29,15	442,355	20,15	440,414	286	149
1498	17,14	442,355	9,12	440,414	198	149
1499	194,184	0,0	179,189	1,0	153	149
1510	3,1	1,2	2,2	5,2	223	149
1513	51,51	0,1	40,36	0,0	212	149
1514	0,3	62,61	0,1	55,44	298	149
1515	5,19	1,0	19,9	0,0	298	149
1516	1,4	0,3	1,1	0,0	168	149
1517	26,41	129,119	27,25	102,91	298	149
1518	337,304	59,67	273,255	48,47	298	149
1523	4,7	6,3	0,0	13,7	160	149
1524	12,9	1,0	9,7	0,0	152	149
1525	204,188	4,0	209,230	2,1	169	149
1532	4,0	143,108	7,9	126,140	196	149
1533	5,0	143,108	2,1	126,140	206	149
1536	198,161	0,0	228,218	2,0	283	149
1538	161,116	17,12	157,147	21,25	298	149
1540	51,42	0,0	56,49	2,0	209	149
1542	59,49	17,12	60,54	21,25	298	149
1545	12,9	20,21	12,13	19,15	188	149
1546	3,3	20,21	8,5	19,15	179	149
1547	4,5	0,3	2,4	1,0	183	149
1548	7,6	0,3	10,3	0,1	298	149
1549	1341,1136	25,16	1163,1089	19,15	226	149
1550	528,485	25,16	460,404	19,15	266	149
1551	21,12	834,663	22,13	725,698	189	149
1552	245,248	573,548	187,179	602,481	298	149
1553	45,42	25,14	32,37	12,17	177	149
1554	127,168	25,14	98,98	12,17	212	149
1555	87,136	5,10	72,68	6,7	184	149
1556	215,215	491,482	197,161	454,465	298	149
1557	216,175	3,7	169,158	2,2	298	149
1558	845,769	3,7	700,745	2,2	298	149
1559	874,843	33,37	759,774	33,26	298	149
1560	183,139	1,0	136,134	0,0	298	149
1561	1173,1177	17,6	1047,911	13,9	298	149
1562	185,139	1,0	136,132	0,0	298	149
1563	214,213	0,1	195,161	0,2	298	149
1564	68,81	0,1	57,57	0,1	298	149
1565	428,461	3,0	321,306	1,1	298	149
1566	429,460	2,0	325,306	2,1	298	149
1567	1222,1097	1,4	1171,1060	3,0	298	149
1568	1974,1741	19,14	2005,1731	17,7	298	149
1569	186,139	1,0	138,133	2,0	298	149
1570	183,139	1,0	138,132	2,0	298	149
1571	212,213	3,1	197,161	2,1	298	149
1572	769,669	2,1	846,681	0,2	298	149
1573	758,652	2,1	839,676	0,2	298	149
1574	2156,1999	2,1	2198,1896	0,2	298	149
1575	38,30	11,17	26,12	7,5	239	149
1576	1445,1387	11,17	1392,1240	7,5	298	149
1578	7,2	62,65	3,3	62,48	166	149
1579	6,2	297,206	3,5	232,275	166	149
1580	28,42	11,7	21,27	11,8	190	149
1581	514,460	2,0	431,463	0,0	298	149
1588	1018,834	0,0	774,702	0,1	298	149
1589	1045,1001	1,0	880,852	0,0	160	149
1590	2,1	6,3	0,0	1,4	170	149
1591	4,21	714,648	19,10	675,701	298	149
1592	252,268	0,5	225,313	0,0	153	149
1593	261,277	0,0	243,328	1,0	153	149
1594	521,473	33,25	433,495	32,19	153	149
1595	179,157	2,1	148,114	0,0	151	149
1596	341,350	4,2	350,336	4,3	298	149
1597	1,0	0,0	0,4	1,0	155	149
1603	5,2	139,91	6,2	114,74	160	149
1604	264,343	5,3	272,268	2,4	213	149
1605	231,243	18,6	184,257	8,11	240	149
1606	6731,5356	1,0	5834,5504	1,0	298	149
1608	29,20	486,438	28,19	498,437	171	149
1609	61,48	14,7	58,51	7,7	176	149
1610	485,403	14,7	498,370	7,7	213	149
1611	426,356	2,1	444,320	4,1	186	149
1612	59,47	7,3	55,54	2,0	176	149
1613	153,154	7,3	155,131	2,0	213	149
1614	94,107	0,0	101,81	1,4	186	149
1615	12,12	9,9	6,23	10,13	257	149
1616	12,12	393,319	6,23	360,335	257	149
1617	23,20	0,2	19,20	0,0	170	149
1620	0,0	1,0	0,1	2,0	165	149
1622	2,4	22,17	6,3	16,11	298	149
1624	742,531	3,0	619,633	2,2	270	149
1625	19,21	2,13	11,10	10,4	253	149
1626	7,9	2,1	11,9	0,0	182	149
1627	15,14	1,1	13,12	1,0	175	149
1628	369,287	3,1	295,299	4,3	258	149
1629	368,287	0,2	296,299	1,1	258	149
1631	6,2	24,35	1,6	19,16	173	149
1632	0,4	2,0	4,0	0,0	152	149
1633	0,0	0,1	0,1	0,3	152	149
1634	0,3	1,8	0,0	4,0	152	149
1635	0,1	1,1	0,0	0,1	152	149
1636	829,651	15,15	747,664	26,11	152	149
1637	602,598	8,2	577,555	7,8	158	149
1638	11,20	982,940	10,6	971,885	201	149
1639	13,25	1,0	10,15	0,0	154	149
1640	161,172	262,266	103,89	193,197	158	149
1641	9,8	2,4	15,11	1,0	152	149
1642	4,19	41,45	8,1	47,32	158	149
1643	600,493	241,220	468,467	170,219	152	149
1644	9,8	4,1	15,13	2,0	152	149
1645	7,8	0,0	15,14	0,1	152	149
1646	39,33	930,847	18,24	821,761	251	149
1648	318,308	1,1	313,268	2,1	194	149
1649	27,27	265,221	26,21	233,215	183	149
1650	2126,1885	1,0	1877,1740	0,0	298	149
1651	74,55	16,10	73,61	10,16	161	149
1652	829,701	835,836	603,604	715,679	161	149
1653	825,691	7,11	841,717	11,2	298	149
1655	100,85	1583,1407	130,119	1434,1416	298	149
1656	247,185	1,0	209,201	0,0	278	149
1657	197,169	0,1	215,177	0,1	165	149
1658	62,97	2,7	36,60	7,4	298	149
1660	232,208	5,7	255,228	2,0	168	149
1661	79,61	5,7	79,44	2,0	298	149
1662	52,31	202,178	39,23	215,206	298	149
1663	48,22	9,6	35,20	14,11	298	149
1664	117,162	0,0	114,91	2,1	298	149
1665	19,22	2,0	17,13	0,1	298	149
1666	220,280	17,27	190,191	20,10	268	149
1667	2,6	5,0	4,1	6,5	182	149
1668	66,54	0,2	56,54	0,3	196	149
1669	83,59	0,0	71,66	2,0	196	149
1670	253,207	0,0	216,209	2,0	196	149
1671	211,201	3,2	247,196	1,5	239	149
1672	24,30	0,1	17,14	0,0	168	149
1673	232,290	3,3	242,228	2,0	208	149
1683	2,6	2,4	3,6	3,0	152	149
1687	7,9	3,2	6,6	6,3	152	149
1688	39,36	9,5	32,29	6,1	152	149
1692	137,159	0,0	140,127	0,2	156	149
1693	15,6	2,1	7,4	2,0	153	149
1694	46,38	93,83	38,31	68,77	181	149
1695	76,65	2,8	68,54	1,1	215	149
1696	123,110	2,8	98,100	1,1	183	149
1697	12,14	7,0	9,14	0,0	181	149
1698	13,14	14,15	11,17	21,10	181	149
1699	43,41	0,0	41,40	2,0	215	149
1700	44,42	0,0	51,33	2,0	183	149
1705	1,0	1,5	0,0	2,1	226	149
1706	128,125	1,0	101,90	0,1	298	149
1707	131,131	0,1	113,120	0,1	298	149
1708	9,15	1,0	12,6	1,0	298	149
1709	3,9	0,0	6,6	2,0	298	149
1715	11,9	727,657	7,5	534,504	224	149
1718	2,0	0,0	2,0	0,5	298	149
1719	2,0	0,2	0,2	2,0	152	149
1730	1,4	2,0	1,2	2,1	201	149
1737	1,0	2,0	0,0	2,1	172	149
1740	1,1	2,0	1,1	2,1	211	149
1744	1,0	2,0	1,1	0,0	219	149
1757	254,231	0,2	195,191	0,2	230	149
1758	2,2	330,271	1,0	233,197	172	149
1759	224,194	3,6	226,183	5,1	153	149
1760	214,206	0,1	214,199	0,0	155	149
1765	10,13	0,0	19,19	2,0	152	149
1766	2,5	25,40	2,3	19,18	227	149
1770	1,6	0,7	2,1	3,5	152	149
1771	2,0	0,0	4,5	8,0	213	149
1772	11,3	0,0	11,7	8,0	298	149
1773	11,3	0,0	11,6	2,4	298	149
1774	352,321	0,0	268,220	3,0	159	149
1775	465,441	0,2	391,276	0,2	203	149
1776	233,257	2,2	210,154	0,0	298	149
1777	598,446	4,8	404,470	2,8	298	149
1778	2685,2499	18,8	2174,1997	9,4	157	149
1779	3169,2894	1,0	2582,2397	0,0	168	149
1780	4723,4380	0,0	4033,3697	2,1	219	149
1781	502,403	1,0	417,404	0,0	160	149
1782	2056,1889	0,0	1868,1704	2,1	211	149
1783	1555,1486	0,0	1451,1300	2,1	200	149
1785	15,21	667,479	6,13	552,447	259	149
1786	969,810	2,4	756,721	3,8	231	149
1787	53,56	11,9	57,41	6,9	185	149
1788	1,0	282,297	0,0	251,207	199	149
1789	682,610	14,19	578,500	11,6	175	149
1791	14,13	77,64	11,4	51,55	278	149
1792	2,15	165,106	6,6	146,131	272	149
1795	657,594	11,9	582,472	11,15	298	149
1796	85,114	27,30	84,89	11,8	152	149
1797	76,116	1,1	79,59	0,1	154	149
1798	93,95	0,0	72,67	0,2	155	149
1800	61,108	12,16	71,48	4,4	152	149
1802	0,2	0,0	0,0	2,0	153	149
1809	0,1	3,12	0,1	0,3	190	149
1810	0,0	6,5	1,0	7,3	298	149
1813	169,202	0,1	202,224	0,2	298	149
1814	0,0	2,1	1,2	1,0	194	149
1815	0,0	1,2	1,2	3,1	224	149
1816	2,1	1,2	1,0	3,1	179	149
1817	0,7	104,113	6,0	105,67	298	149
1818	0,8	6,6	6,0	6,4	298	149
1819	104,114	6,6	105,67	6,4	154	149
1820	19,20	570,537	27,19	462,458	171	149
1821	629,630	0,1	555,599	0,0	153	149
1822	19,20	0,1	25,18	2,1	171	149
1823	29,32	517,481	32,21	473,502	298	149
1824	5,2	220,186	4,5	197,158	152	149
1826	11,21	2,0	7,4	0,0	189	149
1827	1557,1435	7,4	1401,1538	2,6	298	149
1828	197,214	0,0	208,193	1,0	158	149
1829	435,569	11,2	394,329	6,7	170	149
1830	79,82	0,0	63,41	0,2	169	149
1831	199,217	1,0	168,169	0,1	153	149
1832	11,18	0,1	6,6	0,0	226	149
1833	35,40	0,1	40,34	0,0	245	149
1843	0,4	5,1	4,1	1,0	236	149
1844	0,3	5,1	1,1	1,0	298	149
1847	120,108	0,0	97,125	6,0	298	149
1870	104,86	4,0	90,103	1,1	161	149
1871	114,114	2,2	123,80	0,1	189	149
1872	105,110	2,3	107,95	7,2	234	149
1873	29,28	1,0	29,35	4,0	234	149
1874	136,106	2,0	159,128	0,0	298	149
1875	105,23	0,2	37,38	2,5	293	149
1877	9,5	476,372	8,5	359,405	181	149
1878	12,15	350,270	13,10	289,295	212	149
1884	175,119	2,1	168,106	2,4	218	149
1885	18,20	3,4	31,32	2,3	298	149
1888	3,2	1,1	7,0	0,2	153	149
1890	54,60	2,1	68,62	0,0	176	149
1891	102,84	5,0	101,114	2,1	176	149
1892	9,2	1,0	4,11	7,5	152	149
1893	0,1	0,0	0,1	2,0	175	149
1895	165,159	1,0	174,139	0,2	298	149
1896	11,8	4,7	8,2	2,3	152	149
1897	181,211	0,0	198,193	2,0	157	149
1898	1285,1478	1,3	1349,1298	1,2	157	149
1899	209,224	1,3	204,216	1,2	173	149
1900	32,16	1108,1270	14,23	1159,1105	165	149
1911	2,0	0,0	2,0	2,0	251	149
1912	21,7	0,2	18,6	2,2	298	149
1916	18,8	2,2	17,9	5,4	298	149
1924	140,103	0,2	150,124	0,0	201	149
1925	509,357	3,4	424,439	1,2	201	149
1926	511,357	6,4	428,439	6,1	204	149
1927	5,4	6,4	5,2	6,1	152	149
1928	4,3	428,296	6,3	440,398	298	149
1943	0,3	292,275	0,0	238,260	170	149
1945	390,323	0,0	352,311	1,0	220	149
1946	210,153	5,2	180,145	8,7	158	149
1966	1711,1501	11,3	1668,1616	1,3	276	149
1973	13,5	2,2	7,9	2,2	298	149
1974	238,236	23,22	256,247	24,16	298	149
1975	24,38	1,5	47,25	0,0	294	149
1976	49,52	3,6	57,44	2,3	298	149
1977	5,13	2,2	3,3	2,0	152	149
1978	50,21	20,27	26,30	28,20	152	149
1979	305,331	6,1	342,311	5,0	249	149
1980	169,172	1,0	167,154	0,0	249	149
1992	60,76	4,4	45,65	1,10	233	149
1998	47,37	7,5	38,34	10,7	152	149
2016	87,63	52,65	73,76	49,46	263	149
2017	72,59	8,3	65,74	4,2	263	149
2018	118,102	8,3	108,113	4,2	298	149
2019	105,96	0,2	91,97	2,0	298	149
2020	26,20	177,152	26,13	205,158	170	149
2021	312,239	3,0	229,224	0,2	298	149
2022	188,172	3,3	184,203	1,4	198	149
2024	368,338	53,37	347,263	38,53	212	149
2025	185,148	53,37	174,108	38,53	250	149
2026	21,7	204,197	19,11	192,166	187	149
2027	244,244	9,7	191,219	6,7	220	149
2028	45,48	4,2	64,50	0,0	298	149
2029	11,6	409,263	6,6	286,330	171	149
2030	724,598	48,37	560,521	35,37	183	149
2031	136,87	1,0	84,87	0,1	183	149
2032	1,1	1,0	0,0	2,0	174	149
2035	580,608	98,101	607,544	80,89	157	149
2037	993,961	2,1	948,767	2,2	182	149
2038	20,35	2716,2338	22,27	2515,2262	163	149
2039	2093,1927	5,1	2093,1795	15,5	289	149
2040	140,154	3,1	148,108	5,0	289	149
2041	1092,1105	3,1	1045,943	5,0	298	149
2042	1046,1018	2,0	1001,907	3,2	298	149
2043	13,21	84,73	20,21	86,83	223	149
2044	616,726	24,28	592,578	10,16	152	149
2046	26,23	300,277	17,21	251,218	298	149
2047	60,53	4414,3385	59,51	3614,3409	222	149
2048	3885,3541	10,7	3585,3441	12,8	298	149
2049	168,146	1,0	157,143	0,0	298	149
2050	4959,4361	1,0	4350,4015	0,0	298	149
2051	5156,4467	65,47	4500,4156	49,57	153	149
2052	2557,2015	4,4	2071,1910	0,3	205	149
2053	7648,6435	4,4	6522,6009	0,3	209	149
2054	103,100	0,1	108,88	0,2	298	149
2055	300,206	0,0	258,229	1,0	153	149
2056	2792,2173	2,0	2281,2080	0,0	209	149
2057	1263,1392	10,3	1004,995	3,5	223	149
2058	4176,4457	10,3	3400,3268	3,5	230	149
2059	1349,1499	10,3	1078,1066	3,5	298	149
2060	2914,3066	1,1	2396,2274	0,1	156	149
2061	93,115	1,1	78,76	0,1	258	149
2062	49,60	2870,3011	46,39	2364,2237	251	149
2063	5,7	205,228	10,0	204,181	280	149
2064	816,725	12,4	720,694	12,3	232	149
2065	13,7	4,9	8,3	13,13	212	149
2066	15,10	505,390	10,5	371,410	239	149
2067	6,12	505,390	15,15	371,410	176	149
2068	83,108	406,316	108,82	282,260	298	149
2069	231,226	8658,8740	123,100	7147,6282	298	149
2070	5647,6745	1,1	4552,4145	1,2	176	149
2071	19,22	0,1	20,16	0,0	152	149
2072	3,2	12,15	1,2	10,15	164	149
2073	0,5	47,30	0,1	37,28	215	149
2074	4,0	69,40	1,2	55,39	182	149
2077	59,89	0,0	50,39	4,0	298	149
2078	23,37	2,0	28,25	0,0	188	149
2079	87,94	0,0	78,63	4,4	188	149
2080	2,0	12,16	1,3	12,10	285	149
2081	92,82	0,0	75,73	0,2	235	149
2082	58,34	0,0	54,43	0,2	253	149
2083	1,0	35,48	1,0	22,30	167	149
2084	103,122	10,14	119,101	5,11	191	149
2085	54,63	27,25	48,38	23,24	152	149
2086	10,21	27,25	13,11	23,24	168	149
2087	8,17	52,59	12,11	47,38	165	149
2089	8,8	285,386	5,7	261,234	270	149
2090	118,107	55,50	120,107	52,31	172	149
2091	75,77	0,0	67,56	1,0	298	149
2092	9,2	237,197	9,4	153,110	183	149
2094	17,25	0,0	8,8	1,0	187	149
2095	103,84	2,0	69,56	2,3	207	149
2096	16,22	0,1	11,13	0,0	222	149
2097	52,66	17,14	34,52	8,14	222	149
2100	0,0	1,0	0,4	0,0	267	149
2106	35,52	195,151	24,19	149,143	298	149
2107	0,0	1,0	0,3	0,0	298	149
2108	2,13	0,0	7,10	0,1	161	149
2109	2,12	0,1	5,10	0,0	298	149
2113	0,0	5,12	1,0	12,12	176	149
2115	24,27	8,15	37,21	14,13	152	149
2116	13,16	11,18	15,18	13,13	152	149
2124	1011,961	2,1	903,858	1,1	207	149
2125	94,80	1,2	104,72	2,2	174	149
2126	102,83	2,0	110,78	0,0	199	149
2127	9,5	2,0	8,8	0,0	174	149
2128	11,2	1,5	6,5	1,1	154	149
2129	363,327	4,4	308,268	2,8	213	149
2130	29,2	24,40	8,10	13,22	236	149
2131	27,44	0,0	48,35	0,1	207	149
2133	58,63	0,4	86,50	0,0	298	149
2134	100,180	14,10	131,71	1,1	153	149
2135	312,296	1,0	286,243	0,0	161	149
2136	7,23	0,1	10,7	0,0	161	149
2137	118,126	0,2	119,130	2,0	233	149
2138	12,16	1,0	19,23	0,0	298	149
2139	10,15	3,3	5,8	3,2	164	149
2140	0,2	5,19	2,0	16,20	185	149
2144	29,27	2,0	17,21	0,0	215	149
2145	7,11	0,1	3,8	2,0	153	149
2146	0,0	23,19	2,0	11,8	227	149
2148	5,26	184,214	21,13	187,137	251	149
2149	184,220	0,1	189,139	0,0	298	149
2150	94,140	26,52	98,69	44,30	298	149
2151	50,85	27,55	50,40	35,29	152	149
2152	34,54	8,7	44,45	6,12	298	149
2153	206,170	4,13	169,191	3,2	232	149
2155	289,240	11,7	233,230	5,3	161	149
2156	318,213	0,0	202,223	0,2	184	149
2157	135,105	3,3	112,138	0,3	173	149
2158	11,14	414,374	9,6	386,380	170	149
2159	85,62	15,16	82,82	18,10	211	149
2160	177,132	15,16	187,149	18,10	226	149
2161	99,71	7,1	110,76	5,9	164	149
2163	57,42	69,86	61,48	60,77	152	149
2164	1,10	1,3	4,3	2,3	265	149
2165	4,7	65,79	6,9	68,61	294	149
2166	4,7	4,1	5,9	4,8	294	149
2184	3,2	0,1	3,9	7,2	153	149
2185	24,33	5,6	19,28	4,2	153	149
2186	4,8	0,1	9,13	1,1	153	149
2187	1228,988	0,1	1120,995	1,1	298	149
2189	0,1	2,1	0,0	0,1	152	149
2191	19,18	39,48	31,32	64,32	152	149
2195	8,3	129,114	3,2	121,118	168	149
2196	10,26	2,0	17,20	0,0	174	149
2197	46,67	0,1	47,61	0,3	174	149
2198	3,9	0,0	11,15	1,0	174	149
2200	111,83	5,2	93,105	0,6	155	149
2201	5,12	186,133	4,6	141,144	170	149
2202	5,12	3,0	3,2	2,0	170	149
2213	14,8	97,85	18,11	75,69	298	149
2214	94,71	4,1	71,84	1,2	158	149
2215	28,9	0,0	30,20	1,0	158	149
2218	181,149	8,1	180,148	4,6	298	149
2219	0,0	1,0	2,0	0,0	284	149
2220	25,22	201,224	10,10	163,141	227	149
2221	492,447	12,17	477,462	10,9	279	149
2222	332,294	0,4	267,273	3,5	168	149
2223	30,27	0,0	23,38	0,1	168	149
2224	1,3	9,3	1,4	7,6	159	149
2225	14,10	558,447	14,14	570,509	168	149
2226	1031,822	24,19	854,885	12,20	298	149
2227	102,129	0,2	108,104	0,0	298	149
2228	4,9	299,239	3,10	220,242	200	149
2229	15,23	173,149	24,10	148,149	298	149
2230	112,78	552,456	100,108	511,464	176	149
2231	32,30	0,1	30,23	0,0	176	149
2233	1,1	10,19	0,1	15,5	167	149
2235	4,3	2,1	4,0	2,6	253	149
2236	4,5	2,0	5,0	4,2	286	149
2237	4,5	0,2	5,1	6,4	293	149
2238	2,3	2,0	3,6	4,2	182	149
2239	2,3	0,2	3,7	6,4	189	149
2240	2,0	0,2	4,3	6,4	156	149
2241	4,3	4,8	3,1	3,2	158	149
2243	60,62	26,42	61,45	21,21	176	149
2246	8,18	4,1	5,9	0,0	217	149
2248	1311,1172	69,76	1411,1162	72,64	298	149
2249	692,597	75,48	570,600	44,33	154	149
2250	26,30	3,2	27,20	0,5	177	149
2251	59,51	2,1	42,42	0,1	182	149
2252	36,23	2,1	15,27	0,1	154	149
2253	36,23	0,2	16,27	0,0	154	149
2254	263,206	1,0	227,240	0,0	170	149
2255	1297,996	16,19	1200,1071	14,15	170	149
2256	202,179	1,0	150,166	1,0	182	149
2257	206,185	0,0	151,178	2,0	182	149
2258	1889,1500	79,70	1571,1417	64,64	182	149
2259	28,42	2196,1845	34,35	2108,2085	211	149
2261	21,35	371,308	34,25	361,306	204	149
2262	147,100	0,1	150,128	0,6	298	149
2263	291,244	1,0	297,251	0,0	298	149
2264	145,145	1,0	147,129	0,0	171	149
2265	726,612	22,25	678,643	17,5	171	149
2266	951,887	2,0	770,617	0,5	298	149
2267	75,201	0,1	120,97	0,0	210	149
2268	6,6	0,1	5,5	0,0	264	149
2276	190,167	1037,949	199,246	900,967	280	149
2278	575,556	2,0	514,505	1,0	298	149
2280	2,6	1,0	1,0	0,0	298	149
2281	6458,5475	0,0	6110,5969	1,2	298	149
2283	1064,883	5,11	870,914	6,2	225	149
2288	24,26	0,1	16,19	0,0	186	149
2290	38,52	0,2	38,39	0,0	298	149
2291	11,14	129,113	9,12	100,95	170	149
2292	91,77	1,0	81,95	3,4	193	149
2293	6,5	23,17	5,4	10,24	242	149
2294	27,28	0,1	17,26	4,6	298	149
2297	250,154	7,9	201,174	8,7	213	149
2298	1,6	1,4	1,0	0,2	168	149
2299	54,43	64,42	33,54	62,40	152	149
2300	36,34	183,123	43,41	149,148	167	149
2301	22,10	155,113	21,15	121,152	227	149
2302	249,179	4,3	237,201	4,4	290	149
2303	89,86	5,2	62,61	0,0	153	149
2304	132,120	7,7	94,101	5,4	152	149
2305	139,122	0,2	95,105	0,0	155	149
2306	14,9	0,2	6,8	0,0	152	149
2307	9,5	0,1	10,3	3,4	287	149
2309	21,15	2,0	7,6	1,1	298	149
2311	15,15	2,0	9,9	1,1	298	149
2312	15,14	2,0	6,5	1,1	298	149
2313	15,15	0,0	8,5	4,0	298	149
2315	4,0	1,0	0,1	0,0	298	149
2316	161,121	2,3	124,144	0,3	206	149
2318	3,3	0,2	5,1	0,0	188	149
2319	27,23	0,2	12,12	0,0	241	149
2320	25,20	1,0	11,11	4,0	202	149
2321	228,218	0,0	210,233	1,1	166	149
2322	56,47	0,2	43,29	1,2	185	149
2328	1,3	135,109	0,0	116,121	158	149
2329	1,0	4,9	0,2	6,4	237	149
2330	9,4	0,2	4,7	0,0	153	149
2331	22,26	624,685	31,23	516,502	191	149
2332	795,768	1,3	619,581	3,4	169	149
2336	7,0	11,11	4,4	14,8	169	149
2337	4,0	3,3	0,2	4,0	152	149
2338	6,0	25,21	2,3	14,29	152	149
2352	42,41	4,1	33,39	4,0	298	149
2353	43,41	2,0	38,39	0,0	298	149
2354	2,0	4,1	1,0	4,0	153	149
2355	13,6	47,39	3,4	45,49	298	149
2356	15,6	0,0	3,4	0,2	298	149
2357	66,55	0,0	76,55	0,2	298	149
2358	249,221	5,17	229,253	5,4	205	149
2359	2,3	5,0	0,5	0,0	172	149
2362	18,7	583,421	10,8	553,492	188	149
2364	75,57	0,0	71,105	1,0	221	149
2365	416,431	0,0	408,419	1,0	298	149
2366	738,574	0,1	595,535	0,0	298	149
2368	78,44	0,0	78,56	0,2	185	149
2369	137,86	0,0	134,111	2,0	298	149
2375	45,59	0,0	50,75	3,1	177	149
2376	36,23	7,0	23,18	4,1	152	149
2377	1,0	534,368	0,1	465,447	298	149
2379	569,443	1,2	519,442	0,1	154	149
2380	434,331	1,0	411,359	1,0	298	149
2381	8,10	388,342	10,7	351,322	188	149
2383	759,704	2,0	711,647	0,0	298	149
2384	486,476	3,3	544,586	4,0	298	149
2385	69,51	0,2	36,38	0,0	154	149
2386	69,55	0,1	36,38	0,1	154	149
2387	73,54	1,1	37,39	0,0	154	149
2388	895,1130	227,304	699,714	189,196	154	149
2389	216,204	2,3	188,166	2,8	298	149
2390	22,20	2,0	23,19	1,3	158	149
2391	14,2	2,1	7,9	3,0	298	149
2392	11,2	0,0	6,7	2,0	298	149
2393	2,2	31,42	4,2	30,32	259	149
2394	36639,32336	6,6	35474,31115	3,1	164	149
2395	12,9	3,0	27,16	1,2	167	149
2399	3617,2816	5,10	3032,2935	6,7	152	149
2400	85249,69513	5,10	78335,71164	6,7	161	149
2401	81650,66721	18,24	75322,68241	19,12	158	149
2402	25458,21522	45,26	23553,21938	34,29	226	149
2406	39,25	3,0	23,29	0,0	153	149
2407	65,39	0,0	46,50	0,2	153	149
2408	389,320	9,7	329,348	9,8	153	149
2409	654,678	8,15	610,626	13,13	239	149
2410	263,324	4,0	246,265	0,0	239	149
2412	19,18	2,0	19,18	0,0	154	149
2413	570,522	2,2	538,417	6,3	154	149
2414	321,307	2,1	282,337	1,6	154	149
2415	52,39	4,9	32,28	11,3	209	149
2416	59,39	604,624	34,42	537,496	298	149
2433	8,5	2,0	1,9	1,7	198	149
2434	1353,1276	0,0	1299,1205	0,1	263	149
2435	1198,1054	2,4	1086,1083	7,2	222	149
2439	171,162	1,0	176,153	0,0	298	149
2440	98,41	5,4	51,68	6,5	163	149
2441	5,1	5,4	1,0	6,5	187	149
2443	14,3	0,0	0,1	0,1	200	149
2447	487,404	7,2	434,381	5,6	298	149
2449	342,317	0,0	253,252	1,2	298	149
2450	6,15	2,0	9,8	0,4	298	149
2451	478,434	2,0	339,353	0,0	218	149
2452	255,171	3,5	204,178	1,0	298	149
2453	1074,973	9,6	1101,948	7,7	295	149
2454	266,271	0,1	279,266	0,0	221	149
2457	327,300	0,0	304,246	0,3	298	149
2459	14,4	0,0	1,11	1,0	298	149
2460	13,4	0,0	1,10	1,0	298	149
2461	1,0	2,0	0,1	0,1	298	149
2462	3,4	0,0	0,6	0,1	298	149
2463	16,14	1,1	10,11	2,0	153	149
2464	395,330	1,1	359,272	2,0	155	149
2465	383,317	4,1	350,262	1,1	151	149
2466	16,6	0,1	6,12	0,0	152	149
2467	8,10	1,0	5,7	0,1	275	149
2468	21,20	3,4	23,28	3,0	159	149
2469	155,139	0,5	135,164	0,2	298	149
2484	1,4	0,1	0,2	0,0	290	149
2490	126,95	1,2	100,91	4,0	153	149
2491	18,16	3,0	14,12	0,0	174	149
2492	58,71	3,0	69,58	0,0	205	149
2493	45,64	5,9	59,52	4,6	180	149
2501	4,6	0,0	5,5	1,0	298	149
2502	10,17	2,1	4,7	4,1	206	149
2503	0,1	0,0	0,4	2,1	205	149
2505	0,3	9,2	0,4	2,1	205	149
2506	340,308	0,1	292,232	0,0	204	149
2509	0,2	136,100	3,0	104,131	174	149
2510	9,9	0,1	11,11	2,4	154	149
2523	153,215	123,126	97,86	81,70	152	149
2524	982,810	4,1	728,574	0,0	212	149
2537	12,24	16,15	20,30	13,25	298	149
2539	0,1	317,264	0,2	313,290	285	149
2546	45,40	6,6	33,31	5,9	152	149
2547	11,10	17,25	8,4	18,19	298	149
2548	33,28	2,4	34,33	1,1	155	149
2551	158,137	19,22	86,97	20,22	152	149
2552	329,267	31,36	282,274	16,33	152	149
2554	4,11	105,116	2,5	87,70	256	149
2555	142,116	153,128	112,133	107,76	152	149
2556	9,6	0,4	10,15	1,0	152	149
2561	225,218	4,2	208,162	0,1	298	149
2571	1,4	0,3	1,2	0,0	266	149
2573	0,1	0,3	1,2	0,0	202	149
2575	25,27	1,6	29,19	4,3	298	149
2576	95,58	2,2	62,57	2,2	195	149
2577	90,69	4,0	69,84	1,5	254	149
2578	61,68	0,0	76,82	1,0	200	149
2579	7,2	9,6	4,1	21,2	167	149
2580	348,308	2,0	312,310	0,0	185	149
2581	30,30	144,100	32,16	107,116	277	149
2582	71,62	106,93	50,46	89,77	152	149
2583	4,4	6,4	6,9	2,2	152	149
2584	2,1	5,0	7,2	3,4	298	149
2585	2,0	47,36	7,0	41,54	298	149
2586	5,0	47,36	5,4	41,54	181	149
2587	41,31	2,2	26,31	2,1	298	149
2590	0,11	0,0	3,2	1,0	298	149
2591	350,263	6,5	252,284	8,4	251	149
2592	132,113	0,0	107,96	2,3	221	149
2593	135,113	0,0	105,115	4,4	221	149
2594	35,18	146,117	32,27	109,71	260	149
2595	65,68	15,12	57,50	11,4	298	149
2596	7,6	59,53	3,4	49,44	166	149
2597	61,54	2,5	46,53	4,0	153	149
2598	136,118	4,0	123,115	0,0	248	149
2599	0,0	0,1	1,0	0,0	272	149
2600	980,730	16,15	826,766	15,12	176	149
2601	58,47	0,0	23,50	1,0	298	149
2603	132,121	1,1	128,102	0,0	189	149
2604	420,379	0,1	434,404	1,1	189	149
2605	95,74	4,7	52,55	16,12	153	149
2606	144,122	226,228	130,102	272,225	153	149
2607	2,1	2,0	0,2	1,0	154	149
2609	22,22	26,25	17,10	26,24	298	149
2614	85,70	2,1	69,73	2,1	201	149
2620	2,6	1,1	4,3	0,0	283	149
2622	11,8	9,0	7,6	3,7	228	149
2624	58,48	3,0	60,80	4,2	298	149
2625	2,2	2,0	2,1	0,0	200	149
2626	2,3	1,0	1,1	2,0	200	149
2627	76,62	0,0	68,80	0,3	298	149
2630	6,2	114,88	10,6	113,94	185	149
2631	36,23	390,314	27,40	347,333	217	149
2632	17,8	5,5	12,14	4,8	217	149
2633	18,18	239,211	18,22	220,194	168	149
2634	14,6	3,2	6,3	2,5	167	149
2637	4,2	133,93	0,0	121,95	177	149
2639	31,14	1,0	18,11	0,0	298	149
2640	211,161	12,1	174,153	2,5	298	149
2641	26,11	323,297	12,5	298,245	249	149
2644	1,2	1,0	5,2	0,0	298	149
2646	2,2	3,0	2,2	1,2	298	149
2647	8,2	4,2	4,7	1,0	154	149
2651	67,83	12,15	93,85	6,6	156	149
2653	59,64	1,3	44,59	0,0	154	149
2654	0,0	2,0	2,0	0,0	298	149
2656	215,166	811,647	159,190	738,815	210	149
2657	1984,1624	5,9	1740,1684	6,11	298	149
2658	14,10	1940,1581	12,12	1697,1658	168	149
2662	4,2	6,8	4,1	6,0	163	149
2663	14,6	36,56	12,15	39,52	272	149
2664	16,12	36,56	14,14	39,52	258	149
2665	1,0	3,2	1,1	1,0	163	149
2666	32,47	1,3	26,52	5,4	188	149
2667	62,68	2,0	52,76	0,2	225	149
2668	15,9	81,57	2,10	44,45	298	149
2669	105,95	3,0	64,95	0,0	187	149
2670	58,51	75,70	45,46	76,50	215	149
2671	162,137	131,138	153,141	148,135	152	149
2672	12,17	7,1	10,14	9,4	173	149
2674	14,12	20,37	10,5	42,22	298	149
2675	63,89	1,0	82,53	1,2	298	149
2681	1,2	36,81	0,0	49,58	179	149
2682	4,2	30,31	2,2	30,32	171	149
2683	3,2	0,2	1,2	1,0	163	149
2684	38,27	0,4	31,18	0,0	272	149
2685	27,30	0,0	22,15	2,3	168	149
2686	262,302	0,2	249,225	0,0	298	149
2687	19,37	134,158	34,14	113,86	245	149
2688	269,291	11,14	227,200	18,15	283	149
2689	7,7	333,309	3,3	252,305	168	149
2690	25,15	471,469	14,17	448,480	298	149
2691	24,14	471,469	13,18	448,480	298	149
2692	1,10	1,1	6,2	1,0	298	149
2693	12,10	631,567	13,10	551,628	172	149
2694	12,11	631,567	15,12	551,628	204	149
2697	259,378	5,1	303,245	8,2	298	149
2700	4173,4022	2,0	3643,3609	0,1	167	149
2701	66,52	40,38	43,60	36,32	152	149
2702	7,5	122,100	8,10	96,111	202	149
2706	5,3	0,0	7,2	2,2	241	149
2708	0,1	2,0	3,0	0,0	154	149
2711	1116,1141	356,299	872,966	349,332	283	149
2712	109,143	2,1	88,106	0,0	239	149
2713	0,5	57,80	0,3	54,62	181	149
2716	25,47	51,65	15,19	31,30	298	149
2727	2,12	270,292	4,4	240,181	279	149
2736	3404,3177	14,18	2967,3258	13,10	153	149
2737	16,10	2,9	5,9	5,4	171	149
2738	87,74	0,0	104,72	0,2	298	149
2739	92,85	2,0	107,80	0,2	190	149
2740	242,242	6,0	244,210	0,0	162	149
2743	8,6	55,66	6,3	63,43	217	149
2744	1396,1177	0,0	1302,1309	2,0	155	149
2745	17,11	58,63	12,4	45,42	182	149
2747	26,23	8,25	16,21	15,20	152	149
2748	2,1	3,3	0,1	2,1	152	149
2750	0,0	6,4	1,0	2,3	298	149
2752	4,1	0,2	2,6	5,3	182	149
2753	8,2	6,10	5,7	5,8	182	149
2754	0,1	0,0	0,0	1,0	152	149
2756	0,0	1,0	0,1	0,0	152	149
2757	2,9	155,184	4,6	113,105	163	149
2760	1,0	7,0	1,1	1,1	244	149
2762	5,5	621,535	4,4	594,533	203	149
2763	769,700	2,3	820,762	1,0	197	149
2765	5,5	4,0	7,6	3,0	187	149
2766	5,3	452,429	2,2	361,320	167	149
2767	252,270	0,0	230,177	1,1	161	149
2768	257,262	0,0	264,174	0,2	155	149
2769	6,6	187,212	3,1	192,155	167	149
2774	4,5	257,281	9,4	229,188	168	149
2775	38,50	0,0	39,38	1,1	174	149
2777	291,326	0,0	259,222	1,1	155	149
2781	69,116	0,2	117,50	1,0	200	149
2785	524,570	0,0	437,399	0,1	254	149
2786	4,3	450,429	2,5	365,344	185	149
2787	2,10	26,20	11,5	18,14	178	149
2790	58,52	4,0	66,62	0,0	158	149
2792	1,4	10,23	5,7	11,12	231	149
2795	6,5	784,698	6,5	753,711	162	149
2796	17,16	666,545	8,12	593,603	170	149
2797	296,292	0,1	281,303	0,0	152	149
2798	34,30	0,0	37,37	2,0	153	149
2799	452,382	14,8	440,372	7,12	153	149
2800	62,61	0,1	30,35	0,0	151	149
2801	39,37	3,2	50,38	1,2	152	149
2802	25,16	10,10	22,13	11,6	199	149
2803	20,14	3,11	18,14	5,10	199	149
2804	2,1	59,83	2,0	73,56	245	149
2805	76,107	2,0	48,62	0,0	298	149
2806	4,13	0,0	9,7	1,0	165	149
2808	16,27	4,9	14,24	3,0	247	149
2809	40,32	65,106	25,29	62,44	298	149
2810	3,14	39,21	7,13	33,46	231	149
2811	161,90	33,24	124,85	29,32	264	149
2813	18,11	148,96	14,17	132,125	262	149
2814	0,0	2,0	0,1	1,1	164	149
2815	402,361	16,7	385,382	7,7	152	149
2816	991,962	8,11	992,953	7,10	272	149
2817	470,487	2,1	407,390	0,2	187	149
2818	11,11	474,410	5,14	417,429	165	149
2819	110,98	1,0	91,109	1,0	194	149
2820	307,285	1,4	280,276	2,1	232	149
2821	573,497	1,0	503,524	1,0	178	149
2822	770,684	1,4	692,691	2,1	216	149
2823	198,187	1,4	190,167	2,1	187	149
2824	175,117	5,0	111,144	4,1	270	149
2825	3,1	419,378	2,3	381,339	166	149
2826	21,27	57,56	24,25	37,44	247	149
2828	1,2	137,89	2,0	68,97	298	149
2829	21,25	13,10	24,23	12,14	298	149
2830	25,33	78,56	35,25	62,50	298	149
2831	20,22	40,42	26,8	28,42	246	149
2832	22,22	13,13	34,13	11,18	246	149
2833	0,5	73,64	2,1	70,78	174	149
2835	5,4	0,5	3,7	0,0	260	149
2838	1,2	1,0	4,3	0,0	157	149
2843	0,5	133,117	1,2	165,147	172	149
2844	32,25	136,128	31,52	114,97	239	149
2846	118,102	5,2	129,91	7,1	153	149
2847	8,6	137,115	6,4	98,104	176	149
2848	110,131	15,9	85,72	15,10	152	149
2849	0,1	1,0	3,0	0,0	155	149
2850	976,729	13,10	876,735	8,12	201	149
2856	0,2	0,2	3,2	1,2	235	149
2857	17,3	2,0	8,5	0,0	174	149
2858	16,9	1,0	13,13	0,2	152	149
2859	339,280	0,0	300,283	0,1	298	149
2860	4,0	0,0	0,0	3,0	175	149
2867	38,40	0,2	19,28	1,0	159	149
2868	159,145	2,0	146,120	0,0	298	149
2869	10,14	2,2	14,16	0,2	295	149
2875	2,4	477,351	2,6	422,411	185	149
2876	483,418	2,0	477,425	0,5	193	149
2877	336,331	0,1	322,292	0,4	176	149
2878	904,801	0,0	868,687	0,1	263	149
2881	5,2	253,262	1,4	202,199	189	149
2882	10,2	5,6	5,9	5,5	273	149
2883	22,4	159,98	14,11	91,106	273	149
2888	5,4	66,63	0,1	72,59	199	149
2890	4,4	79,45	0,2	63,57	200	149
2900	9,3	1,0	6,6	1,2	241	149
2901	5,2	1,0	3,3	1,2	203	149
2902	7,3	22,14	5,6	18,10	241	149
2903	2,1	0,0	2,3	0,1	187	149
2904	7,3	8,7	5,6	6,3	241	149
2905	5,2	8,7	3,4	6,3	203	149
2909	21,41	170,159	7,22	150,131	153	149
2911	40,41	597,535	41,49	499,519	164	149
2912	305,303	44,19	260,279	25,30	207	149
2913	835,774	18,6	764,734	16,13	298	149
2914	764,674	0,0	634,594	1,3	298	149
2915	862,797	44,19	718,749	25,30	192	149
2916	1405,1277	18,6	1228,1217	16,13	298	149
2917	1334,1177	0,0	1098,1077	1,3	298	149
2918	661,546	18,6	581,551	16,13	262	149
2919	781,661	0,0	624,588	1,3	298	149
2920	642,559	0,0	519,506	1,3	275	149
2921	166,155	239,253	140,144	257,196	167	149
2922	1,1	25,13	3,1	28,16	161	149
2923	403,287	41,18	358,309	40,43	188	149
2924	56,48	10,3	52,39	3,6	200	149
2925	5,7	73,53	11,3	71,76	218	149
2927	1,0	83,72	3,1	76,54	194	149
2928	22,19	76,60	18,26	64,61	274	149
2929	23,14	76,60	19,21	64,61	277	149
2930	2,1	1,6	5,0	4,5	152	149
2931	153,133	2,2	113,94	0,0	197	149
2932	22,13	0,0	20,29	0,1	298	149
2933	136,121	0,0	101,90	0,1	298	149
2934	125,110	1,0	88,72	3,5	298	149
2935	13,14	131,119	7,9	106,105	298	149
2937	3,2	90,78	0,2	75,79	203	149
2938	1,6	193,190	5,2	247,203	184	149
2945	171,118	0,0	147,184	2,0	298	149
2946	25,13	14,11	25,14	8,8	152	149
2947	198,178	60,67	164,160	57,58	152	149
2952	1,0	16,13	2,0	11,15	176	149
2953	0,1	15,6	0,0	6,17	176	149
2954	213,146	2,0	180,186	0,1	225	149
2956	171,144	274,249	176,138	263,218	152	149
2957	4,2	0,0	7,2	0,4	152	149
2958	539,357	3,1	478,416	3,3	152	149
2959	189,117	27,26	185,143	13,29	290	149
2960	1,1	11,8	1,2	7,5	165	149
2961	9,2	1,4	3,6	4,2	188	149
2962	19,9	1,4	9,9	4,2	172	149
2963	9,7	319,267	4,3	241,248	230	149
2964	151,143	9,1	125,121	3,4	240	149
2965	2,1	181,167	0,2	170,143	172	149
2966	13,11	22,7	10,6	16,19	204	149
2971	0,1	0,0	0,0	3,0	226	149
2974	475,378	0,7	386,338	1,4	219	149
2977	499,467	0,0	483,529	0,2	168	149
2978	5607,4868	0,0	5091,5116	1,3	168	149
2979	2000,1700	0,1	2066,1970	0,0	153	149
2980	248,232	0,0	221,214	1,0	205	149
2981	302,231	4,11	286,241	3,3	212	149
2983	3,3	786,577	5,5	628,660	169	149
2984	2,0	8,14	0,0	13,8	167	149
2987	31,35	0,0	29,19	0,1	298	149
2989	2,1	0,0	2,2	1,0	156	149
2991	1,0	0,0	0,0	4,1	189	149
2999	66,80	0,4	91,54	0,0	298	149
3000	3,3	3,2	1,2	6,0	298	149
3002	382,347	29,18	346,310	24,12	194	149
3003	105,87	1,0	79,96	0,0	152	149
3004	118,93	7,9	85,101	6,7	152	149
3005	2776,2435	1168,1151	2259,2347	1056,1053	152	149
3006	203,174	2,0	139,146	0,1	298	149
3007	227,182	0,0	157,157	0,2	298	149
3008	66,56	2145,1882	70,79	2077,1813	152	149
3009	1085,918	4,6	833,693	7,8	257	149
3010	403,300	1,0	317,329	0,3	176	149
3011	12,11	6,12	22,12	5,8	298	149
3013	20,7	3,6	11,3	4,4	248	149
3014	0,7	8,6	3,3	8,1	234	149
3015	28,27	0,2	32,35	0,0	298	149
3017	2,4	20,22	3,0	14,6	152	149
3018	0,0	10,1	0,2	11,3	253	149
3019	7,4	0,2	6,6	0,1	156	149
3020	40,31	0,0	20,32	2,0	298	149
3025	70,56	69,62	53,52	60,71	190	149
3031	0,1	41,32	0,1	23,58	166	149
3032	103,68	0,1	72,74	0,1	298	149
3033	22,10	34,30	8,10	30,17	298	149
3034	329,366	1,0	295,266	0,0	154	149
3035	333,374	0,1	299,276	0,0	298	149
3038	3,8	2,2	3,3	3,1	152	149
3039	481,439	1,3	406,411	2,1	228	149
3040	79,71	6,0	106,90	1,0	298	149
3041	28,17	312,264	6,12	277,257	199	149
3043	78,71	350,289	106,90	256,253	298	149
3044	8,5	0,0	5,3	3,0	193	149
3054	1,2	0,0	1,0	0,2	176	149
3055	1,2	0,0	2,0	0,3	179	149
3057	1,0	20,17	1,0	14,18	176	149
3058	1,0	6,6	2,0	0,7	179	149
3059	20,17	6,6	15,18	0,7	152	149
3060	4,2	144,169	5,2	143,175	164	149
3061	4,1	7,4	2,4	2,5	152	149
3062	996,984	24,38	807,750	15,19	172	149
3063	31,30	2,0	32,20	0,0	167	149
3064	178,164	994,889	146,131	831,741	167	149
3066	9,15	0,1	13,12	1,0	298	149
3067	10,17	4,3	14,13	1,4	298	149
3068	1,4	4,3	2,1	1,4	152	149
3069	537,634	0,0	446,375	2,0	298	149
3070	538,636	6,9	447,376	0,3	298	149
3071	1,3	6,9	3,1	0,3	152	149
3072	7,29	167,266	23,7	109,88	152	149
3073	14,47	0,1	33,16	0,0	158	149
3074	174,284	0,1	119,97	0,0	155	149
3075	198,210	10,4	226,149	20,15	169	149
3076	214,235	33,40	259,164	34,44	172	149
3077	26,29	33,40	53,30	34,44	152	149
3078	82,91	2,0	68,62	0,0	169	149
3079	98,116	8,10	101,77	11,8	172	149
3080	18,25	8,10	33,15	11,8	152	149
3082	53,38	6,5	28,26	3,0	173	149
3083	357,324	7,0	313,287	0,0	298	149
3084	751,631	10,15	670,548	19,17	298	149
3085	10,9	8,3	8,14	0,3	298	149
3086	588,548	4,2	530,569	0,0	154	149
3090	4,0	24,16	0,1	14,12	160	149
3091	130,120	2,2	119,91	4,2	153	149
3094	21,18	126,105	20,7	134,93	278	149
3100	1,0	1,0	0,1	0,0	190	149
3101	11,8	1,0	9,12	3,1	156	149
3102	479,354	11,9	401,326	6,6	199	149
3103	223,192	3,0	217,191	0,1	187	149
3104	312,215	1,0	201,238	0,0	212	149
3115	1,0	128,119	0,1	118,72	171	149
3116	140,121	18,18	108,121	20,13	154	149
3166	4,8	0,5	10,7	0,2	154	149
3168	101,73	2,0	74,60	0,0	154	149
3169	5,7	1,0	6,3	8,8	287	149
3171	1891,1492	0,0	1578,1445	0,1	241	149
3172	678,511	8,8	562,519	3,1	241	149
3173	407,318	4397,4047	407,298	4115,3909	298	149
3174	263,211	2,0	278,202	3,1	298	149
3178	3,0	2,0	0,4	2,3	177	149
3179	79,99	0,0	77,74	0,1	215	149
3180	63,68	0,0	61,51	0,1	218	149
3181	22,18	38,49	29,17	45,40	152	149
3182	1,1	0,2	2,0	5,3	152	149
3183	35,41	16,15	33,41	18,17	152	149
3184	1,3	2,0	1,3	1,0	152	149
3185	108,62	1,0	68,55	0,0	158	149
3187	285,213	3,6	247,256	10,2	152	149
3188	411,381	1,2	367,387	0,2	298	149
3189	147,130	2,1	102,120	2,2	152	149
3192	251,199	1,0	193,185	1,1	157	149
3193	551,426	149,85	518,497	101,98	152	149
3194	20,20	0,0	23,28	0,2	152	149
3195	760,624	7,7	685,674	4,4	152	149
3196	407,306	10,7	351,375	12,11	220	149
3201	269,233	5,1	194,145	1,2	298	149
3202	3,1	61,50	6,0	31,40	177	149
3203	37,24	4,6	21,21	4,1	262	149
3206	1,5	49,54	6,4	55,62	192	149
3210	4,2	118,116	1,0	112,140	298	149
3211	10,9	1,2	2,10	1,0	298	149
3212	1,0	118,116	0,0	112,140	165	149
3213	7,7	1,2	1,10	1,0	175	149
3214	124,123	1,2	113,150	1,0	159	149
3216	4,6	97,77	4,6	89,108	152	149
3217	53,50	2,0	34,38	0,0	298	149
3218	1,1	5,1	4,2	8,1	182	149
3220	88,52	267,325	50,68	245,233	266	149
3221	271,281	49,54	231,209	68,52	167	149
3222	26,42	0,0	27,28	2,0	167	149
3223	32,44	0,0	29,29	0,2	167	149
3224	2,3	97,94	2,4	100,86	283	149
3228	53,83	0,0	53,49	2,0	203	149
3230	5,2	104,105	3,3	98,96	179	149
3231	37,47	863,732	30,29	717,709	252	149
3232	1,0	27,35	1,0	31,8	191	149
3234	21,25	13,19	20,16	33,10	199	149
3235	9,8	0,0	6,6	2,0	199	149
3236	13,37	7,14	6,26	10,4	213	149
3237	0,1	0,0	3,2	4,5	154	149
3239	0,2	0,4	5,2	0,0	153	149
3240	7,12	2,1	14,7	5,2	176	149
3245	0,2	2,0	4,2	0,0	152	149
3246	22,18	2,0	12,19	0,0	298	149
3249	1,0	4,2	2,2	2,0	152	149
3251	520,402	8,14	450,456	13,13	298	149
3252	534,443	13,3	465,466	18,11	298	149
3253	190,175	19,14	163,122	18,18	257	149
3254	377,336	188,167	276,235	149,176	257	149
3255	53,66	254,263	28,49	252,182	187	149
3256	200,259	254,263	201,170	252,182	298	149
3257	218,280	0,4	251,176	0,1	298	149
3258	119,178	0,8	121,86	2,0	298	149
3273	59,63	1283,1384	44,37	1078,1001	218	149
3274	1001,912	0,0	842,829	0,1	275	149
3276	123,112	3,1	66,72	0,1	152	149
3277	2,2	4,3	2,2	4,0	154	149
3278	7,6	178,132	7,7	110,107	167	149
3279	114,61	0,3	82,65	1,1	225	149
3280	9,7	178,132	9,5	110,107	162	149
3281	116,62	0,3	84,63	1,1	220	149
3282	285,187	0,3	185,165	1,1	207	149
3283	284,252	15,9	270,218	6,6	153	149
3284	354,297	22,14	281,233	9,7	298	149
3285	10,29	339,386	17,17	282,220	171	149
3286	2,4	2,0	0,1	0,0	298	149
3287	2,4	0,2	0,1	0,0	298	149
3289	30,11	4,5	16,19	5,6	152	149
3290	0,4	4,4	0,0	0,2	298	149
3292	6,7	82,81	10,2	40,53	152	149
3294	55,72	3,1	43,37	0,0	298	149
3295	28,46	0,1	43,26	0,0	298	149
3296	34,32	0,2	42,31	2,0	298	149
3297	4,2	26,29	0,1	24,13	162	149
3298	0,0	0,1	0,1	0,0	200	149
3305	6,12	165,215	10,7	205,229	167	149
3306	35,24	30,30	26,26	27,24	298	149
3307	32,40	0,0	20,26	0,2	209	149
3308	99,144	3,5	111,91	0,2	209	149
3311	683,718	5,5	554,574	0,2	298	149
3312	546,513	2,18	452,382	1,3	188	149
3313	1,9	1,1	10,1	3,0	152	149
3314	27,18	0,2	13,18	0,0	298	149
3315	0,0	0,4	1,0	4,0	209	149
3317	118,96	1,1	70,75	0,2	298	149
3319	113,109	0,0	77,84	1,0	207	149
3320	320,270	0,2	203,237	3,3	207	149
3321	222,223	1,1	168,183	1,2	298	149
3323	321,264	2,2	283,265	0,2	156	149
3324	170,186	19,10	169,143	31,17	176	149
3327	29,28	4,1	17,18	0,0	183	149
3328	240,174	4,1	148,160	0,0	298	149
3329	218,150	1,0	134,145	0,0	298	149
3330	69,62	148,138	95,67	135,113	298	149
3332	3,13	85,92	5,4	79,51	271	149
3333	0,3	0,1	3,0	3,2	167	149
3336	3,6	0,0	0,0	1,0	199	149
3341	0,3	2,6	1,0	0,0	298	149
3343	0,0	0,1	1,0	0,0	179	149
3345	13,24	9,9	14,10	1,5	266	149
3346	2,2	0,3	0,2	2,2	159	149
3347	5,3	1,0	0,2	0,3	162	149
3348	3,4	1,0	2,2	0,3	152	149
3349	33,35	1,0	14,24	1,0	188	149
3352	34,46	1,0	26,28	1,0	298	149
3353	2,3	9,9	2,3	1,5	190	149
3354	26,29	1,0	15,22	1,0	229	149
3355	52,32	3,3	25,25	3,6	162	149
3356	45,60	0,2	44,80	3,0	298	149
3358	0,0	2,2	0,1	0,0	176	149
3363	2,1	49,30	1,1	25,23	298	149
3364	2,2	1,2	1,3	0,2	298	149
3365	5,3	3,3	1,3	3,6	298	149
3366	49,31	1,2	25,25	0,2	159	149
3367	4,3	3,3	0,2	3,6	152	149
3368	0,1	1,0	0,2	0,2	159	149
3373	0,2	0,0	0,2	0,2	298	149
3379	2,3	12,16	1,5	11,9	298	149
3380	2,4	1,0	2,6	0,0	298	149
3381	2,5	12,16	1,5	11,9	229	149
3382	2,6	1,0	2,6	0,0	234	149
3383	12,17	1,0	12,10	0,0	154	149
3384	0,0	92,75	1,0	81,81	170	149
3386	1,0	62,51	0,0	52,53	163	149
3389	37,38	8,4	43,53	11,2	152	149
3390	76,47	1,1	40,54	8,0	205	149
3392	39,27	12,12	36,39	12,7	152	149
3393	2,0	0,0	0,2	1,0	152	149
3394	59,41	2,6	47,45	10,4	152	149
3395	31,24	12,6	52,18	12,14	152	149
3403	1,2	3,10	1,3	4,2	217	149
3407	102,89	5,1	66,63	3,4	220	149
3413	5,5	1,0	9,6	0,0	298	149
3437	46,44	0,1	47,46	0,0	154	149
3438	364,292	4,3	336,297	15,14	298	149
3440	11,23	85,80	21,18	84,66	297	149
3444	4,2	5,10	1,0	9,2	223	149
3445	0,1	6,3	0,2	0,5	187	149
3447	3,4	9,9	10,3	5,12	252	149
3449	8,11	1,0	4,3	0,1	298	149
3450	1,3	75,62	4,0	55,58	166	149
3451	2,5	33,16	7,2	21,21	169	149
3452	76,64	33,16	58,60	21,21	152	149
3453	1,2	0,0	3,2	1,0	152	149
3454	1,3	3,1	5,2	5,0	229	149
3455	14,15	0,1	8,10	0,0	268	149
3456	2,5	283,297	5,3	309,276	229	149
3457	78,82	1,2	91,88	3,2	291	149
3458	359,374	1,2	395,361	3,2	211	149
3459	174,158	12,2	182,172	16,13	152	149
3470	344,339	2,0	247,215	0,0	298	149
3472	15,8	125,117	7,7	136,112	227	149
3473	122,98	20,18	119,88	31,24	152	149
3474	152,113	2,1	134,128	3,2	298	149
3475	5,13	0,0	11,8	1,1	217	149
3478	2,0	0,1	0,0	0,2	170	149
3481	12,10	5,2	16,15	4,0	298	149
3482	11,4	2,3	16,8	1,0	298	149
3484	28,29	0,0	41,29	0,1	162	149
3488	3,5	0,0	4,0	0,1	178	149
3489	1,2	0,0	0,0	0,1	174	149
3491	3,2	1,1	0,1	4,0	174	149
3492	4,2	1,1	4,1	4,0	178	149
3493	3,0	2,0	4,1	0,1	153	149
3497	92,75	0,0	65,74	0,1	258	149
3498	4,3	51,22	0,0	35,39	229	149
3509	10,12	82,57	8,4	74,65	171	149
3510	9908,7651	3,0	9093,9134	3,3	298	149
3511	143,117	9,5	108,89	6,14	180	149
3512	139,101	9,5	90,90	6,14	298	149
3513	130,91	133,105	86,86	100,82	298	149
3514	24,14	150,111	14,20	126,83	162	149
3515	54,30	150,111	32,46	126,83	171	149
3516	33,19	3,3	23,30	5,4	158	149
3517	21,11	7,4	9,16	4,2	162	149
3518	29,16	7,4	13,28	4,2	171	149
3520	156,141	82,79	151,132	70,63	298	149
3523	4,3	124,104	5,9	124,112	156	149
3525	1258,1546	10,1	1309,1214	2,0	298	149
3526	85,68	2515,2291	81,81	2488,2334	298	149
3527	1976,1999	2,0	1837,2021	2,0	298	149
3529	38,58	1,0	37,46	0,0	162	149
3530	433,461	5,3	438,380	12,7	185	149
3532	42,29	8,3	31,27	3,3	152	149
3533	0,1	0,0	0,1	1,0	152	149
3534	1338,1154	1,0	1203,1162	10,2	298	149
3535	2092,1723	9,10	1852,1799	8,10	242	149
3536	32,51	342,313	37,19	344,303	298	149
3537	10,19	352,325	28,23	339,353	246	149
3538	25,26	233,225	8,6	219,236	298	149
3539	73,71	2,1	62,48	0,1	298	149
3540	283,273	2,1	273,280	0,1	174	149
3541	63,60	0,2	64,59	0,0	174	149
3542	551,539	0,2	559,507	0,0	254	149
3543	4,3	222,228	2,4	287,238	174	149
3544	0,0	248,146	2,3	216,191	186	149
3547	1,0	21,35	1,2	28,39	183	149
3548	48,54	0,2	71,55	0,0	154	149
3550	5,7	72,80	4,2	77,84	194	149
3551	3,0	32,32	0,1	38,36	172	149
3552	161,112	1,1	108,132	1,0	196	149
3554	35,27	0,0	23,25	2,1	152	149
3555	68,27	1,4	31,35	1,1	152	149
3556	63,37	0,1	55,39	1,0	243	149
3557	87,65	2,0	82,63	1,0	162	149
3558	36,25	3,6	20,21	4,2	152	149
3560	0,1	0,2	6,5	0,0	172	149
3566	88,115	1,0	93,84	0,0	218	149
3567	32,33	4,2	32,27	0,0	187	149
3568	136,165	4,2	125,92	0,0	298	149
3569	105,132	1,0	94,68	0,2	298	149
3570	14,21	92,118	14,10	82,48	162	149
3571	1,8	173,150	1,6	166,152	227	149
3572	11,4	97,105	4,1	91,67	160	149
3573	6,3	97,105	1,2	91,67	298	149
3574	5,2	10,3	1,2	4,1	298	149
3575	66,56	1,1	46,27	0,2	188	149
3576	157,146	4,1	192,154	3,2	298	149
3577	242,175	36,57	200,170	44,35	152	149
3578	15,14	5,4	18,26	2,3	169	149
3579	12,12	82,68	9,8	58,71	238	149
3580	52,31	0,0	27,40	1,0	267	149
3581	122,87	0,0	76,103	1,0	178	149
3584	18,31	505,419	16,19	582,437	298	149
3585	452,354	0,0	468,386	1,0	298	149
3586	456,355	6,12	466,380	12,17	298	149
3587	8,9	432,377	9,14	320,330	191	149
3588	188,204	41,66	121,132	47,36	298	149
3589	7,6	10,17	0,0	11,21	152	149
3592	1,1	0,0	0,1	1,0	189	149
3598	278,382	2,1	306,219	0,0	274	149
3599	384,378	9,2	302,303	1,3	173	149
3601	111,98	96,87	134,100	107,85	152	149
3602	11,4	35,26	5,4	34,15	154	149
3603	0,0	40,24	5,0	42,30	185	149
3606	21,17	226,188	9,13	193,228	298	149
3607	235,147	0,0	193,192	1,0	298	149
3608	23,11	323,274	16,23	251,319	162	149
3610	65,63	650,554	51,38	637,533	298	149
3611	16,13	668,479	14,8	590,588	192	149
3612	18,20	6,6	12,14	4,2	242	149
3613	18,20	321,349	14,14	373,286	242	149
3614	18,20	321,349	12,15	373,286	182	149
3616	164,153	353,301	165,110	277,254	152	149
3617	180,137	0,2	137,146	0,0	154	149
3618	2,6	11,15	0,1	10,8	172	149
3619	18,9	42,38	14,8	42,28	298	149
3620	1,2	0,1	2,2	0,0	253	149
3625	19,33	1,2	19,12	0,0	152	149
3630	1518,1087	15,3	1349,1205	11,11	189	149
3633	150,135	6,4	133,120	2,5	270	149
3634	7972,6523	6,4	7422,6739	2,5	298	149
3635	7876,6449	24,35	7341,6658	15,24	298	149
3636	0,1	2,2	1,0	2,5	152	149
3640	12,25	14,13	26,15	3,5	182	149
3645	2052,1731	9,2	1865,1743	11,0	298	149
3646	2044,1738	3,8	1863,1752	3,2	153	149
3648	21,7	1,1	11,5	0,4	297	149
3649	9,2	1,1	3,0	0,4	226	149
3650	152,128	0,1	127,134	1,1	298	149
3651	43,40	895,797	36,35	848,714	298	149
3655	184,165	0,2	221,210	0,2	298	149
3656	107,128	14,14	147,121	9,8	218	149
3657	195,125	74,43	187,152	68,67	203	149
3658	3,3	0,0	1,2	1,2	170	149
3659	11,7	365,284	4,13	355,286	170	149
3660	33,24	68,80	21,18	50,64	176	149
3661	43,25	49,37	42,35	59,40	173	149
3663	9,11	117,63	17,9	101,72	234	149
3664	46,21	9,34	38,31	12,12	156	149
3665	159,137	2,0	148,137	0,0	197	149
3666	0,0	116,111	3,2	113,97	174	149
3667	131,113	1,0	130,78	7,1	163	149
3671	4,10	1,6	5,1	1,1	298	149
3672	37,34	2,0	31,20	0,0	153	149
3673	663,551	0,0	547,464	0,1	298	149
3674	49,54	654,537	34,40	577,516	298	149
3675	16,17	591,498	8,11	515,522	163	149
3676	626,535	54,36	544,560	50,46	298	149
3678	34,30	0,0	33,25	0,1	279	149
3679	3,0	13,8	2,2	6,11	172	149
3680	2,2	19,14	0,3	9,9	237	149
3682	7,0	5,10	2,2	16,13	151	149
3683	77,64	0,0	68,79	1,0	279	149
3684	59,43	23,16	54,39	18,20	152	149
3685	3,4	1,0	3,11	0,0	152	149
3688	101,68	120,107	113,95	146,117	170	149
3689	4,6	352,250	6,2	325,316	201	149
3692	86,64	10,7	55,43	2,0	153	149
3698	32,22	331,288	22,34	322,315	234	149
3700	26,9	14,18	17,9	13,21	232	149
3701	44,34	0,0	35,33	0,1	155	149
3702	64,65	0,2	43,53	3,0	293	149
3704	19,14	0,0	11,22	1,0	182	149
3706	129,102	2004,1652	130,94	1828,1556	170	149
3707	3571,2776	4,3	2977,2885	5,0	298	149
3708	40,31	2866,2193	44,39	2409,2263	170	149
3709	146,120	1,0	139,105	0,0	174	149
3710	2972,2282	1,0	2504,2329	0,0	153	149
3711	2934,2257	10,7	2479,2315	8,4	298	149
3712	3505,2767	3,0	3042,2624	0,1	154	149
3714	6,5	2,5	3,3	5,1	152	149
3715	1,3	1,3	1,0	0,1	152	149
3718	3656,3330	2,0	3474,3405	0,4	298	149
3719	2970,2758	0,0	2969,2687	1,0	195	149
3722	0,0	0,1	2,2	0,2	161	149
3723	16,12	16,22	13,18	9,7	190	149
3724	1,8	22,23	6,2	29,16	206	149
3725	1,6	22,23	11,7	29,16	238	149
3726	0,3	0,5	6,5	1,0	181	149
3727	2,6	0,3	8,4	2,1	238	149
3728	150,132	0,0	92,111	2,2	155	149
3729	5,6	1,0	5,9	1,0	153	149
3730	8,5	84,101	9,4	98,81	197	149
3731	34,32	80,43	40,32	68,48	152	149
3732	85,107	2,2	113,114	3,4	298	149
3733	59,56	23,31	33,32	35,25	152	149
3734	15,4	844,717	10,11	742,714	243	149
3735	689,612	0,0	669,586	2,0	298	149
3736	22,26	0,0	25,28	2,0	222	149
3738	475,492	0,2	360,363	0,2	298	149
3739	504,507	3,8	369,375	4,8	152	149
3740	357,293	2,0	323,328	0,0	298	149
3742	26,11	335,295	25,31	306,295	298	149
3743	9,8	335,295	8,6	306,295	212	149
3744	10,4	11,3	6,5	3,13	298	149
3745	0,0	13,7	0,1	6,13	170	149
3746	17,9	0,0	29,20	1,0	154	149
3747	1,0	30,13	0,0	24,16	169	149
3748	1,0	0,1	0,0	0,1	173	149
3749	30,13	0,1	24,16	0,1	153	149
3751	0,2	13,16	0,0	22,15	238	149
3752	32,37	7,2	29,32	0,6	298	149
3753	4,4	1,5	4,2	2,0	189	149
3754	268,218	6,6	291,229	5,3	152	149
3755	267,230	1,0	294,229	1,0	152	149
3758	37,35	0,0	18,33	5,0	298	149
3759	41,36	2,0	30,34	2,1	298	149
3760	71,74	0,1	92,85	1,2	164	149
3762	1794,1592	6,16	1634,1493	9,10	209	149
3763	13,7	46,30	4,5	35,25	164	149
3764	32,39	193,157	31,14	167,143	258	149
3767	50,33	0,0	34,47	1,0	192	149
3768	145,106	10,4	111,112	4,5	192	149
3769	1,6	261,188	7,2	169,179	166	149
3770	801,695	1,7	805,612	3,0	298	149
3772	21,10	1,0	15,22	4,3	298	149
3775	3,6	16,34	5,2	27,25	270	149
3779	0,2	16,20	2,1	23,15	298	149
3784	76,57	3,1	67,74	1,0	152	149
3785	33,29	4,0	35,24	0,0	219	149
3790	2824,2105	2,0	2658,2480	1,1	272	149
3792	0,2	0,1	1,0	1,0	152	149
3793	2,5	0,3	5,1	4,0	298	149
3794	0,1	0,2	0,0	2,0	194	149
3801	4,4	0,4	0,4	5,5	152	149
3802	104,73	0,0	60,61	0,1	233	149
3803	206,138	15,6	114,140	8,13	233	149
3807	46,34	0,0	62,44	2,0	298	149
3816	12,4	62,73	11,18	56,71	298	149
3821	8,5	127,110	5,5	107,93	230	149
3822	3,4	84,51	3,8	82,55	180	149
3823	95,101	2,0	102,98	0,0	298	149
3827	159,143	1,0	116,107	4,2	171	149
3828	6,5	0,0	2,6	0,2	298	149
3841	163,152	49,46	188,161	47,38	298	149
3842	591,466	0,3	514,467	2,4	264	149
3855	28,20	5,9	33,29	2,2	152	149
3856	2,1	303,271	5,7	314,286	173	149
3857	20,19	29,30	20,8	17,21	152	149
3858	537,415	29,30	425,415	17,21	298	149
3859	538,415	18,17	427,417	17,7	298	149
3860	21,9	5,1	19,16	1,1	152	149
3861	0,0	1,1	0,4	0,0	152	149
3863	0,1	27,11	1,0	29,27	162	149
3864	17,8	19,12	25,19	15,10	298	149
3865	21,6	0,1	18,12	1,4	253	149
3866	22,7	0,2	20,12	0,0	258	149
3867	1,2	0,2	3,4	0,0	154	149
3869	18,9	0,0	19,11	1,0	253	149
3870	19,10	1,0	21,11	0,0	258	149
3871	1,1	1,0	3,0	0,0	154	149
3872	4,6	9,0	11,8	2,8	152	149
3873	0,5	2,6	2,4	1,0	152	149
3874	5,29	0,1	8,18	0,0	155	149
3875	95,74	0,0	93,81	2,2	207	149
3876	15,15	49,36	18,6	62,45	178	149
3877	104,75	4,2	95,75	2,2	241	149
3879	0,0	11,14	0,2	17,20	298	149
3880	0,2	0,0	1,1	1,0	256	149
3881	103,99	0,0	45,89	1,0	298	149
3882	6,2	132,75	0,3	89,96	182	149
3883	134,78	0,3	102,98	5,0	298	149
3884	102,100	12,14	113,103	10,12	152	149
3889	135,161	2,2	193,171	0,1	225	149
3890	157,180	0,0	216,206	2,2	236	149
3891	24,21	0,0	23,36	2,2	160	149
3892	5,4	286,277	1,0	305,252	172	149
3893	129,152	8,12	176,166	9,12	248	149
3894	151,171	5,1	199,201	3,1	259	149
3895	410,425	8,12	480,418	9,12	225	149
3896	432,444	5,1	503,453	3,1	236	149
3897	30,31	5,1	32,47	3,1	160	149
3898	15,33	190,134	27,26	167,138	195	149
3901	36,25	166,130	44,38	167,158	152	149
3919	135,139	2,0	134,157	2,0	298	149
3920	14,6	426,357	7,13	359,402	219	149
3921	480,434	2,2	395,469	3,2	201	149
3923	2,3	0,1	1,4	1,6	175	149
3924	12,6	256,231	7,12	205,223	206	149
3925	10,4	256,231	7,14	205,223	180	149
3926	11,4	282,238	0,5	219,252	163	149
3928	3,2	1,2	0,3	0,0	152	149
3929	3,4	1,1	2,4	0,0	152	149
3930	3,4	0,1	5,0	0,0	152	149
3931	40,63	0,3	34,14	4,2	152	149
3932	0,2	1,0	0,1	0,0	174	149
3934	6,10	1,0	12,8	2,1	154	149
3935	14,11	1,2	21,11	0,0	154	149
3936	19,7	1,3	9,7	4,4	168	149
3937	538,486	0,0	515,442	1,3	298	149
3938	4,5	711,678	6,1	573,523	208	149
3941	14,39	1,1	19,15	0,0	190	149
3945	47,113	2,12	46,42	4,2	254	149
3946	4,4	50,53	5,12	45,55	244	149
3947	7,7	3,6	6,13	5,2	261	149
3948	53,56	3,6	46,56	5,2	166	149
3949	0,0	0,2	2,2	2,0	191	149
3950	304,260	16,2	230,240	12,4	298	149
3951	1,0	2,0	3,0	0,0	162	149
3953	101,83	0,2	138,85	2,3	155	149
3954	362,349	6,5	330,272	14,6	214	149
3955	54,75	139,122	51,24	139,103	243	149
3956	47,66	22,33	41,24	27,14	243	149
3957	2,0	5,2	0,0	4,0	153	149
3960	407,275	0,0	333,309	4,0	298	149
3961	439,336	69,67	399,382	47,53	197	149
3962	456,347	7,4	412,392	0,4	202	149
3963	86,78	7,4	60,63	0,4	154	149
3965	5,2	1,0	14,10	1,0	298	149
3966	0,1	1,0	3,0	1,0	175	149
3967	22,13	449,424	12,19	411,376	298	149
3971	2757,2426	19,8	2336,2112	14,7	288	149
3974	3,2	59,64	1,1	36,49	197	149
3975	39,26	4,10	22,30	4,3	153	149
3976	5,3	4,10	3,6	4,3	178	149
3977	3,2	37,25	1,4	20,28	174	149
3978	13,8	221,202	6,5	183,245	219	149
3979	827,837	27,17	630,672	18,25	210	149
3980	508,420	1,0	401,475	0,0	157	149
3981	596,620	10,7	548,625	8,7	159	149
3983	531,526	1,0	436,483	0,5	298	149
3985	1,4	734,636	15,12	589,628	298	149
3986	1,4	734,636	15,12	589,628	298	149
3987	573,522	0,2	457,454	2,0	154	149
3989	484,428	2,1	410,432	0,0	298	149
3990	17,9	759,660	9,8	673,617	170	149
3991	806,677	2,0	704,647	5,4	186	149
4002	126,116	0,0	148,97	0,2	154	149
4003	392,326	0,0	318,317	0,1	168	149
4004	2,2	1,0	2,0	0,0	214	149
4005	3,2	1,0	2,0	0,0	235	149
4008	95,100	0,0	81,77	2,1	233	149
4010	0,0	23,14	0,1	29,12	185	149
4014	2,0	2,2	0,0	5,0	298	149
4021	97,83	5,4	96,105	5,4	155	149
4022	239,160	3,7	224,196	5,0	239	149
4023	3,4	0,0	2,3	0,2	152	149
4024	2,1	145,92	0,0	125,109	184	149
4025	4,3	5,8	2,3	9,8	187	149
4027	147,94	5,8	127,112	9,8	152	149
4030	0,5	0,0	3,2	4,0	153	149
4034	19,13	758,645	20,11	743,607	191	149
4035	31,35	8,4	30,28	4,11	154	149
4036	4,1	1,0	2,0	2,4	164	149
4039	38,34	2,1	23,25	8,4	154	149
4044	44,58	6,0	60,38	0,2	298	149
4045	10,3	1,3	4,5	1,2	298	149
4047	16,14	132,96	10,11	112,108	298	149
4048	165,103	1,1	122,118	0,0	161	149
4049	6,1	105,108	2,1	76,67	175	149
4050	13,14	0,0	13,13	0,1	298	149
4051	148,122	1,0	129,122	0,1	298	149
4052	185,158	1,0	168,166	2,0	181	149
4053	1,1	49,43	0,1	34,31	189	149
4054	49,38	38,31	40,43	27,30	152	149
4055	90,95	18,19	78,86	28,10	152	149
4057	210,196	1,0	158,148	0,3	184	149
4059	3,1	1,0	2,1	6,1	152	149
4060	1,2	0,1	3,1	1,2	180	149
4061	853,640	2,1	779,646	2,1	298	149
4062	47,40	0,0	63,50	0,3	298	149
4063	1073,898	2,3	987,914	0,2	275	149
4065	0,0	14,7	0,2	24,25	275	149
4066	362,474	3,7	366,299	7,1	298	149
4067	5,12	1275,1182	14,3	1093,1043	167	149
4074	112,101	2,0	116,105	2,2	153	149
4076	140,114	2,0	121,129	0,0	172	149
4078	16,16	0,1	26,22	0,4	172	149
4079	1,0	70,48	0,0	49,51	168	149
4080	91,81	1,2	73,83	2,3	152	149
4082	578,487	4,1	526,550	0,2	227	149
4083	77,57	2,6	58,55	6,3	153	149
4085	4547,3682	1,0	4353,3896	1,0	169	149
4086	106,85	2,0	100,109	3,1	153	149
4087	18,18	294,309	13,10	285,249	298	149
4088	740,545	13,12	602,566	12,11	157	149
4089	23,11	433,346	15,10	366,350	182	149
4090	43,30	311,275	32,25	305,248	185	149
4091	120,85	25,24	107,93	18,23	197	149
4092	453,365	311,275	383,365	305,248	152	149
4093	530,420	25,24	458,433	18,23	164	149
4094	388,330	25,24	380,316	18,23	161	149
4118	36,24	0,0	19,19	0,1	171	149
4120	56,36	4,2	33,51	0,5	298	149
4121	414,412	6,15	480,444	7,8	155	149
4122	1,1	100,71	2,1	106,71	229	149
4123	9,7	219,178	7,8	232,210	228	149
4135	2673,2052	0,1	2389,2224	0,0	298	149
4136	2,6	132,142	0,3	173,165	298	149
4137	5,4	248,221	13,2	215,218	174	149
4138	71,48	10,2	81,58	6,3	205	149
4139	314,265	10,2	283,274	6,3	180	149
4140	628,447	12,11	502,492	6,13	151	149
4141	17,26	642,465	24,17	536,507	168	149
4143	126,95	1,0	125,84	2,0	192	149
4144	35,20	293,221	14,14	251,221	279	149
4145	154,106	5,5	135,91	3,5	298	149
4146	416,308	5,5	373,298	3,5	192	149
4147	5,9	147,102	4,7	115,99	165	149
4150	172,179	1,0	157,157	0,0	298	149
4152	4,4	5,9	7,7	10,7	170	149
4153	116,83	2,0	94,83	1,0	178	149
4154	111,78	0,0	99,84	1,0	181	149
4155	4,5	382,286	8,7	325,343	170	149
4156	578,395	40,37	527,459	29,21	181	149
4157	635,494	9,12	574,548	8,11	178	149
4158	160,115	5,6	104,117	3,5	298	149
4159	82,89	0,2	89,96	2,1	226	149
4160	275,262	2,4	250,299	5,11	226	149
4161	315,243	1,0	263,221	0,0	275	149
4162	5,0	125,103	8,3	99,77	167	149
4163	21,19	2,2	11,15	0,0	198	149
4164	141,122	2,2	102,89	0,0	180	149
4165	70,51	86,64	55,40	65,66	174	149
4166	276,252	2,0	246,272	0,2	190	149
4167	4,1	201,143	2,3	211,165	174	149
4168	400,344	26,22	342,333	18,14	181	149
4169	275,263	16,13	233,221	21,12	153	149
4170	124,102	99,83	116,94	59,62	152	149
4171	2,3	1,0	0,0	2,0	178	149
4179	0,2	129,124	1,1	129,130	194	149
4180	42,25	123,78	45,41	103,91	298	149
4181	105,83	54,39	73,102	57,39	152	149
4182	1,1	4,5	0,8	0,2	210	149
4183	1,3	4,5	2,12	0,2	245	149
4184	6,11	4,5	3,11	0,2	273	149
4187	5,10	0,2	3,2	2,3	177	149
4189	1,0	4,3	3,0	0,0	298	149
4190	12,6	1,0	10,10	0,0	164	149
4191	75,68	5,9	52,74	4,6	164	149
4192	134,92	0,0	124,81	1,0	298	149
4193	23,8	10,0	3,11	3,2	258	149
4194	41,24	97,99	14,25	100,98	258	149
4196	170,156	12,5	196,149	6,14	223	149
4197	186,186	0,1	209,140	0,0	230	149
4198	347,294	0,1	350,277	0,0	233	149
4199	195,137	34,29	171,160	30,23	152	149
4200	37,48	1003,875	46,49	868,822	298	149
4202	36,44	3,0	46,46	0,0	298	149
4203	1041,926	3,0	973,873	0,0	298	149
4204	1023,891	0,0	941,850	0,2	298	149
4207	28,16	869,927	19,15	696,701	173	149
4209	6,3	1,2	5,13	3,4	152	149
4213	103,59	0,1	99,86	0,0	298	149
4214	8,7	70,61	2,6	57,28	167	149
4215	72,53	4,1	82,73	1,0	227	149
4216	661,610	0,0	627,576	0,1	188	149
4217	88,127	63,102	87,63	57,39	152	149
4223	24,28	155,183	34,30	195,145	152	149
4224	65,33	87,98	30,42	75,90	152	149
4225	3,4	0,0	4,1	1,0	152	149
4226	248,194	0,0	212,206	1,0	272	149
4227	6,2	0,0	6,3	1,0	152	149
4228	138,111	2,0	121,120	0,0	272	149
4232	134,176	3,1	141,163	0,0	155	149
4233	161,158	4,0	150,127	4,0	193	149
4236	2,4	0,2	1,1	0,3	169	149
4239	0,1	0,8	0,0	2,7	167	149
4241	377,277	4,3	334,325	2,3	298	149
4242	315,223	5,4	276,251	0,2	298	149
4244	45,21	1,5	29,33	2,3	167	149
4245	304,266	2,2	320,270	2,1	209	149
4246	35,26	1,0	35,24	1,2	211	149
4247	13,6	195,147	11,6	181,130	207	149
4248	289,221	3,0	256,235	2,1	237	149
4249	96,81	0,2	82,110	0,0	237	149
4250	156,130	2,7	101,112	8,2	298	149
4251	17,6	281,206	4,4	227,214	190	149
4252	61,55	1,0	47,42	0,0	189	149
4253	9,6	175,162	6,6	161,159	165	149
4254	196,184	7,4	190,193	2,3	298	149
4255	44,58	14,27	57,26	28,40	152	149
4256	268,279	305,259	212,234	188,219	192	149
4257	10,5	21,12	9,10	7,16	274	149
4258	125,134	0,8	118,79	3,1	206	149
4263	175,159	0,0	152,186	1,0	180	149
4267	17,18	86,47	12,22	59,44	298	149
4268	58,43	4,0	39,45	0,1	170	149
4269	54,41	337,286	35,47	285,299	152	149
4273	1,0	0,0	0,1	1,0	247	149
4277	17,10	13,11	8,13	15,7	298	149
4278	1,0	13,11	1,0	15,7	163	149
4283	0,3	1,2	2,3	0,0	281	149
4286	103,89	46,39	67,72	35,48	152	149
4287	111,100	97,80	92,98	61,59	158	149
4289	2,3	2,2	6,2	0,0	154	149
4290	16,15	1,0	25,17	0,3	171	149
4292	263,177	0,0	221,203	0,2	298	149
4293	304,281	4,1	267,237	0,1	203	149
4294	1,2	874,942	1,3	820,674	260	149
4312	5,1	12,6	2,0	6,8	171	149
4313	20,10	433,371	15,14	392,329	170	149
4317	249,249	49,63	253,242	63,51	298	149
4318	244,222	9,3	218,215	6,3	298	149
4319	3266,2684	42,41	2802,2671	46,48	278	149
4320	1402,1267	6,14	1206,1049	12,10	298	149
4328	2,2	2,0	2,4	0,0	167	149
4332	19,12	0,2	9,9	0,0	298	149
4333	142,122	19,23	125,119	9,21	298	149
4334	10,7	20,8	2,3	7,7	194	149
4335	26,22	0,3	14,19	2,0	167	149
4336	289,230	52,55	294,211	60,47	152	149
4338	22,23	1,2	19,13	0,3	153	149
4345	11,18	208,228	15,8	184,210	153	149
4346	0,1	38,44	0,2	41,37	298	149
4347	0,0	1,2	2,0	4,3	165	149
4354	129,107	0,0	102,79	1,1	157	149
4355	10,5	0,2	6,9	0,1	298	149
4356	8,4	0,0	4,7	0,1	298	149
4357	643,552	0,0	517,518	4,0	292	149
4358	15,26	149,110	27,20	140,139	200	149
4359	35,31	45,35	46,38	28,38	228	149
4360	0,4	1,1	1,0	0,0	160	149
4362	28,12	91,85	14,18	63,76	177	149
4363	391,309	2,3	350,348	4,0	298	149
4365	51,37	1,0	18,50	3,3	155	149
4366	22,18	381,327	25,16	373,406	178	149
4368	8,5	257,274	5,4	274,227	169	149
4369	301,291	2,7	277,289	2,2	157	149
4371	6,0	228,217	1,2	188,213	166	149
4372	15,52	0,1	39,25	1,1	181	149
4373	0,0	4,18	0,3	14,1	160	149
4374	33,29	480,434	33,22	376,333	208	149
4375	130,113	21,26	111,93	26,20	250	149
4376	577,518	21,26	454,404	26,20	191	149
4377	551,541	2,1	482,406	1,0	298	149
4378	64,30	0,2	38,49	0,0	298	149
4379	486,395	0,0	400,400	2,0	298	149
4380	576,486	8,10	448,482	12,5	200	149
4381	850,728	33,21	664,685	32,13	298	149
4382	349,303	33,21	289,256	32,13	266	149
4383	22,18	441,430	25,23	393,359	215	149
4384	468,454	2,1	425,392	3,0	298	149
4385	384,399	7,8	419,318	14,8	174	149
4386	47,21	26,27	33,37	15,14	177	149
4387	460,443	14,26	461,369	28,26	204	149
4388	551,517	0,5	529,431	6,1	220	149
4389	105,100	0,5	96,88	6,1	165	149
4390	225,211	29,32	259,192	33,45	204	149
4391	316,285	1,0	327,254	0,0	220	149
4392	120,106	1,0	101,107	0,0	165	149
4393	0,1	1,6	0,0	2,2	163	149
4394	2,6	0,5	3,4	4,1	232	149
4396	1701,1611	27,18	1549,1403	23,25	178	149
4397	792,702	1,0	689,614	0,0	152	149
4398	543,546	5,3	456,430	4,1	298	149
4399	416,412	724,647	370,330	695,625	211	149
4400	46,42	2,9	27,25	5,4	153	149
4401	3949,3384	1,0	3700,3236	0,0	298	149
4402	16,17	460,419	12,13	448,432	298	149
4403	11,11	0,0	22,15	0,1	259	149
4404	22,17	5,2	25,20	3,4	259	149
4406	15,17	505,396	21,19	444,377	298	149
4407	488,471	15,17	517,399	10,3	174	149
4408	88,74	0,0	71,57	1,0	174	149
4409	0,1	60,49	0,1	43,65	168	149
4410	12,19	0,0	5,22	4,3	173	149
4411	2,4	0,0	2,2	1,0	298	149
4412	2,2	0,0	0,1	0,2	152	149
4421	2,0	162,113	3,3	112,132	210	149
4423	263,211	1,1	209,156	3,0	298	149
4424	263,211	2,0	202,154	0,0	298	149
4425	261,210	2,1	206,155	0,0	298	149
4426	531,452	20,21	542,420	18,13	228	149
4427	455,475	2,0	442,353	2,0	298	149
4428	43,28	290,199	39,46	250,233	173	149
4429	480,509	4,1	512,442	1,5	298	149
4430	84,66	0,0	83,86	1,2	230	149
4431	925,812	16,6	949,927	7,4	223	149
4432	3143,2374	80,65	2766,2941	92,79	152	149
4433	1594,1290	0,0	1512,1434	0,1	222	149
4434	236,161	47,35	222,181	25,36	298	149
4435	237,165	2726,2123	222,184	2332,2414	298	149
4436	920,782	2726,2123	763,745	2332,2414	298	149
4437	2,1	44,49	1,0	64,58	171	149
4438	4,0	55,50	1,0	72,40	176	149
4439	18,24	0,0	30,16	0,4	298	149
4440	40,48	1,0	34,23	0,0	298	149
4441	471,402	27,22	421,403	13,9	233	149
4442	170,110	3,3	129,92	3,3	153	149
4444	412,383	0,0	363,409	1,0	298	149
4445	390,349	1,0	411,414	0,0	298	149
4446	379,353	1,0	408,414	0,0	298	149
4447	5,4	0,0	8,2	1,1	152	149
4448	110,87	2,0	76,78	0,1	171	149
4449	127,100	3,3	98,115	2,5	171	149
4450	78,73	3,2	73,55	0,2	174	149
4452	3,2	18,25	6,1	13,6	165	149
4453	2,2	0,0	2,1	0,10	152	149
4454	17,19	9,9	10,6	8,6	152	149
4472	55,37	54,39	52,38	47,36	279	149
4473	53,39	115,120	52,38	75,67	279	149
4474	44,26	1,1	36,46	2,0	188	149
4475	124,91	1,4	108,118	4,1	196	149
4476	16,17	75,43	15,16	58,37	192	149
4477	9,7	4,5	3,4	6,6	178	149
4480	21,37	522,459	15,25	503,436	298	149
4481	106,124	0,0	107,107	3,2	298	149
4482	44,41	343,284	44,43	245,291	298	149
4483	388,406	2,5	351,335	4,2	180	149
4484	133,201	38,44	101,93	38,33	257	149
4485	86,60	11,11	66,63	4,12	289	149
4486	3,5	204,226	6,6	204,219	173	149
4487	134,109	3,0	158,179	2,0	200	149
4488	2,1	9,2	2,5	5,2	152	149
4489	15,9	8,10	14,14	7,8	212	149
4490	22,10	8,10	17,11	7,8	209	149
4491	6,4	9,2	2,6	2,1	152	149
4492	19,12	6,2	14,15	7,3	212	149
4493	22,10	6,2	14,10	7,3	209	149
4494	0,2	2,4	0,1	0,1	152	149
4503	177,122	2,0	167,133	0,0	279	149
4504	53,28	146,118	44,23	137,149	180	149
4505	206,135	23,5	194,147	11,7	298	149
4506	323,238	23,5	302,279	11,7	279	149
4510	23,26	4,5	28,32	11,10	182	149
4511	35,23	54,38	42,27	34,42	298	149
4512	19,28	148,123	31,29	124,106	272	149
4516	15,20	10,7	10,24	3,20	257	149
4523	84,52	2,1	77,67	4,3	152	149
4537	3,1	1,1	0,4	2,2	298	149
4538	219,225	1,1	227,216	0,0	298	149
4541	70,51	0,0	100,72	2,0	287	149
4542	18,8	2,0	12,6	0,0	298	149
4545	21,23	8,6	24,10	11,6	175	149
4548	36,51	0,2	40,54	0,0	298	149
4561	0,0	164,121	1,0	134,129	174	149
4562	11,6	2,0	2,13	0,0	298	149
4563	3,12	2,0	1,7	0,0	194	149
4570	3,3	1,0	4,0	1,0	298	149
4571	2,3	152,93	4,1	124,113	298	149
4572	67,40	0,0	58,42	2,0	298	149
4573	1,0	152,93	1,1	124,113	170	149
4574	66,37	0,0	56,42	2,0	230	149
4575	217,130	0,0	179,154	2,0	209	149
4577	28,21	38,77	30,28	60,52	204	149
4578	21,17	21,18	12,11	26,18	159	149
4579	103,108	10,8	97,98	9,1	162	149
4583	29,43	0,1	45,35	0,1	298	149
4584	4,4	17,41	1,1	27,32	176	149
4585	31,41	0,0	48,26	0,2	298	149
4586	1,1	11,8	1,2	11,15	173	149
4587	1,1	45,37	7,6	57,22	208	149
4591	9,12	19,20	12,8	40,16	230	149
4593	91,60	11,2	93,71	2,2	182	149
4594	82,55	1,2	83,65	0,0	182	149
4595	162,131	0,2	140,112	0,0	204	149
4606	24,25	0,0	15,28	0,1	298	149
4609	153,147	187,129	144,128	135,145	256	149
4610	75,57	137,130	67,58	152,139	152	149
4612	37,23	17,17	23,22	18,6	192	149
4614	19,20	2153,1999	24,22	2232,2223	236	149
4615	2343,2184	0,2	2454,2399	0,2	298	149
4617	17,29	1,2	20,19	2,0	296	149
4624	8,3	38,49	4,5	43,42	152	149
4625	3,0	1,0	0,4	0,1	152	149
4626	67,48	10,3	51,49	10,6	289	149
4635	80,93	63,35	99,103	37,35	152	149
4636	7,4	1,4	11,13	2,4	152	149
4637	2,9	4,6	6,10	2,2	152	149
4638	6,6	0,3	2,6	5,5	152	149
4639	213,132	7165,5463	165,145	6603,5731	298	149
4641	25,15	34,39	12,9	26,35	206	149
4651	0,1	2,2	0,0	5,0	286	149
4652	8,8	2,13	12,7	6,7	298	149
4665	214,191	29,29	221,184	35,32	185	149
4666	162,159	85,106	162,148	105,87	298	149
4667	166,155	85,106	167,130	105,87	298	149
4668	147,153	39,49	151,138	37,46	298	149
4669	6,7	10,8	1,9	11,6	152	149
4670	59,47	111,77	39,40	74,92	152	149
4671	3,2	70,56	1,1	50,57	173	149
4672	256,187	0,2	211,214	0,2	298	149
4673	60,37	4,0	33,32	2,0	298	149
4674	57,38	155,165	38,39	183,164	298	149
4675	13,5	155,165	7,8	183,164	188	149
4676	222,212	12,8	201,183	17,11	186	149
4677	10,7	20,16	5,8	13,16	188	149
4678	113,123	6,8	143,127	4,5	154	149
4679	115,94	26,14	141,129	24,17	298	149
4685	10,14	0,4	13,14	0,0	164	149
4686	8,3	1511,1451	6,5	1661,1612	167	149
4687	369,320	15,1	341,295	3,4	274	149
4688	6,3	0,1	3,9	0,0	210	149
4690	27,32	334,354	42,31	376,292	298	149
4691	348,368	0,1	388,304	0,0	298	149
4692	373,387	2,0	407,326	0,0	298	149
4693	39,34	2,0	31,34	0,0	298	149
4696	339,331	0,3	316,307	3,0	298	149
4698	22,18	1320,1144	25,14	1264,1238	298	149
4699	4,6	2,1	5,4	0,0	170	149
4700	2404,1867	3,6	2255,2009	3,9	167	149
4703	33,24	0,0	27,30	2,0	151	149
4708	5,7	0,1	6,7	1,0	169	149
4709	27,26	82,87	27,26	100,92	169	149
4710	151,92	0,1	162,97	2,0	171	149
4723	0,0	0,2	0,1	0,0	298	149
4724	867,792	2,0	804,829	0,2	261	149
4725	331,283	0,0	280,255	0,1	167	149
4727	343,265	3,2	303,280	1,3	158	149
4728	12,23	342,325	28,13	306,359	298	149
4729	596,474	1,1	529,578	0,1	177	149
4730	118,84	1,1	79,93	0,1	298	149
4731	5,7	483,396	4,2	453,487	287	149
4732	80,52	709,656	56,64	642,618	152	149
4733	3,3	1,4	0,0	0,1	162	149
4734	7,4	2,5	6,5	16,4	206	149
4735	8,4	5,10	6,5	6,14	219	149
4736	5,5	2,5	6,6	16,4	193	149
4737	6,5	5,10	6,6	6,14	206	149
4738	3,5	5,10	16,4	6,14	162	149
4739	1,2	5,5	1,1	3,3	162	149
4740	5,1	5,5	6,5	3,3	206	149
4741	11,4	28,13	8,8	30,21	193	149
4743	4,8	1,0	7,5	0,0	288	149
4754	0,2	19,13	0,4	13,16	212	149
4756	35,24	6,8	27,29	3,4	298	149
4757	3,1	10,9	3,0	8,2	197	149
4758	7,5	7,19	3,9	10,5	178	149
4760	18,24	3407,3089	25,21	3051,3238	172	149
4761	5223,4817	62,39	4819,4884	36,40	176	149
4762	725,634	0,0	631,602	0,1	176	149
4768	1,0	0,0	0,0	2,0	152	149
4769	2,0	2,4	0,2	0,5	152	149
4781	16,9	182,151	10,4	129,120	163	149
4782	13,4	5,4	7,9	3,1	152	149
4783	329,288	250,197	247,225	159,130	152	149
4788	100,72	1,0	55,79	0,0	197	149
4789	271,220	1,0	188,173	0,0	217	149
4790	173,152	2,4	134,104	1,10	169	149
4791	422,416	4,8	407,358	9,1	231	149
4792	6,1	212,219	7,4	189,199	298	149
4793	200,182	13,12	163,164	16,16	169	149
4798	6,9	0,0	10,8	1,0	152	149
4799	257,226	2,0	226,223	0,0	298	149
4800	17,15	1,0	16,11	0,0	298	149
4802	17,15	1,0	16,11	0,0	298	149
4803	17,15	1,0	16,11	0,0	298	149
4804	1,0	0,0	0,0	4,0	173	149
4805	1,0	1,0	2,2	0,0	202	149
4806	0,0	1,0	6,2	0,0	178	149
4807	2,1	0,0	3,0	4,0	153	149
4809	8,9	0,6	1,0	0,0	298	149
4813	8,9	0,6	2,0	0,0	298	149
4824	2,3	17,20	0,6	11,17	248	149
4825	115,95	3,1	83,82	1,5	298	149
4826	668,628	0,0	627,665	3,0	298	149
4827	599,425	2,3	544,542	8,3	298	149
4828	609,427	2,0	542,549	6,3	298	149
4829	11,3	453,356	12,10	462,485	167	149
4830	769,583	3,3	748,700	9,6	298	149
4831	1,0	6,3	1,0	7,5	186	149
4832	90,95	2,8	65,44	0,5	286	149
4843	19,20	2,1	13,10	2,5	152	149
4844	10,12	0,0	17,9	3,0	210	149
4849	160,126	2449,2148	138,175	2271,2293	298	149
4851	3033,2878	19,14	2738,2488	10,12	196	149
4852	0,2	3,2	1,0	3,2	298	149
4855	94,107	7,18	129,97	3,8	207	149
4861	58,51	0,2	53,57	0,0	298	149
4880	260,220	2,2	223,227	2,0	173	149
4882	92,86	93,78	93,68	60,83	152	149
4883	21,15	4,8	14,14	5,6	152	149
4884	2,3	36,56	1,2	36,38	263	149
4885	7,5	20,38	1,0	15,11	202	149
4886	5,7	2,4	2,0	2,2	219	149
4887	71,56	61,47	55,53	43,60	231	149
4888	50,50	0,0	45,50	2,3	231	149
4890	22,32	10,4	24,18	2,6	163	149
4891	486,404	5,1	481,448	4,2	298	149
4892	244,185	6,5	173,189	2,2	227	149
4893	334,235	237,187	266,236	175,194	152	149
4894	11,10	0,0	6,7	5,0	152	149
4895	10,10	0,0	7,7	0,1	152	149
4896	11,10	1,0	5,7	0,0	152	149
4897	69,59	87,61	59,49	61,57	171	149
4898	40,16	223,148	27,14	223,190	171	149
4899	588,516	40,34	460,472	19,22	152	149
4901	295,228	3,4	230,258	6,6	202	149
4902	1048,806	3,4	831,806	6,6	222	149
4903	770,586	17,8	608,572	7,24	169	149
4904	28,31	0,0	31,23	1,1	298	149
4905	680,596	147,150	602,643	118,91	188	149
4906	405,338	1,0	352,374	0,0	298	149
4907	3,2	8,6	0,0	2,0	195	149
4908	1,12	83,82	0,0	68,50	195	149
4909	263,226	0,4	193,199	0,0	298	149
4911	147,124	1,0	119,125	0,0	154	149
4914	1721,1478	0,2	1609,1578	0,1	298	149
4915	1704,1642	4,0	1936,1722	0,2	296	149
4916	158,152	819,787	151,112	750,674	164	149
4917	838,772	9,6	773,632	1,4	258	149
4918	1499,1407	9,6	1372,1194	1,4	243	149
4919	1930,1733	13,13	1810,1614	19,12	164	149
4920	243,217	13,13	236,254	19,12	196	149
4921	125,100	1812,1616	131,128	1705,1488	181	149
4922	44,40	1,0	42,33	0,1	155	149
4923	710,729	1,0	635,562	0,1	157	149
4925	122,128	0,0	110,133	1,1	164	149
4926	85,106	1,1	85,87	0,0	156	149
4936	21,16	1,0	7,8	0,0	156	149
4937	1375,1202	0,0	1279,1244	0,2	298	149
4938	423,431	2,2	431,462	2,2	298	149
4939	1493,1303	269,227	1408,1297	303,285	228	149
4940	2498,2300	276,221	2591,2425	279,233	298	149
4941	1165,1019	776,720	1042,1075	786,749	202	149
4943	1882,1602	269,227	1664,1623	303,285	281	149
4944	334,260	776,720	287,281	786,749	198	149
4945	1051,843	269,227	909,829	303,285	277	149
4946	832,785	0,2	847,804	4,0	298	149
4947	866,811	6,5	853,814	7,6	298	149
4948	893,814	1486,1406	880,829	1544,1657	298	149
4949	1207,1096	0,0	1215,1149	2,0	298	149
4950	41,37	6,5	26,17	7,6	201	149
4951	108,92	1486,1406	93,70	1544,1657	275	149
4952	430,376	0,0	430,398	2,0	292	149
4953	73,60	1486,1406	74,59	1544,1657	223	149
4954	395,344	0,0	411,387	2,0	240	149
4955	1808,1690	0,0	1881,1985	2,0	166	149
4956	106,72	1423,1198	80,76	1385,1221	223	149
4957	42,35	39,17	24,22	13,23	201	149
4958	109,90	1423,1198	91,75	1385,1221	275	149
4959	431,374	2,0	428,403	0,0	292	149
4960	428,356	2,0	417,404	0,0	240	149
4961	1745,1482	2,0	1722,1549	0,0	166	149
4962	2486,2289	0,0	2580,2423	0,1	298	149
4963	20,16	276,221	18,16	279,233	160	149
4964	27,37	2179,2016	35,24	2192,2034	160	149
4965	31,9	33,15	19,8	23,16	152	149
4979	21,18	1,0	20,38	0,2	158	149
4980	11,10	0,1	6,16	0,0	176	149
4983	29,30	3,5	24,22	1,0	153	149
4984	1202,991	4,0	1098,979	2,1	155	149
4985	1269,1137	0,0	1155,1061	4,0	298	149
4986	0,3	0,2	0,0	1,0	152	149
4993	189,175	3,0	185,164	0,5	196	149
4994	38,27	661,578	24,23	601,521	164	149
4996	225,199	48,34	207,185	40,30	211	149
4998	848,750	48,34	784,683	40,30	196	149
4999	139,142	48,34	150,124	40,30	191	149
5000	629,508	0,0	535,570	1,3	298	149
5001	89,64	28,23	68,85	32,24	247	149
5003	2,0	97,90	0,0	81,59	158	149
5004	6,0	292,239	2,2	219,211	170	149
5005	101,90	292,239	83,61	219,211	161	149
5006	158,134	16,16	142,138	17,22	298	149
5007	43,21	4,1	28,31	1,1	168	149
5008	42,47	49,35	31,36	38,53	298	149
5009	273,320	9,10	277,287	11,8	287	149
5010	2,5	165,200	1,1	168,143	185	149
5011	0,0	32,39	1,1	17,37	173	149
5020	19,9	43,37	13,3	35,45	298	149
5021	41,45	12,7	43,31	4,8	152	149
5028	5,11	251,182	0,4	188,177	237	149
5030	167,141	0,2	150,118	2,0	179	149
5031	77,40	0,2	66,49	2,0	182	149
5032	29,35	0,2	32,37	2,0	285	149
5033	53,17	143,118	41,27	125,96	152	149
5034	5,12	143,118	7,15	125,96	255	149
5035	4,12	52,17	6,12	40,24	252	149
5036	9,8	119,72	7,5	76,75	298	149
5037	122,77	0,0	83,79	0,1	153	149
5038	117,97	27,12	98,80	15,27	298	149
5051	25,13	266,193	16,16	197,181	170	149
5052	0,3	80,61	4,0	66,87	169	149
5053	3,4	7,2	4,8	2,0	167	149
5058	11,10	102,94	11,7	72,94	161	149
5062	26,28	1,2	23,23	1,2	154	149
5069	221,232	0,2	283,243	2,2	170	149
5072	33,38	6,5	25,31	4,5	154	149
5073	156,127	22,14	178,137	16,21	152	149
5079	26,18	1,0	20,21	0,0	194	149
5084	7,6	8,7	12,5	1,1	153	149
5086	166,172	490,435	162,173	400,347	170	149
5087	94,130	490,435	85,84	400,347	294	149
5088	66,101	138,143	61,67	138,156	273	149
5089	33,53	498,528	37,31	441,456	268	149
5090	21,23	10,11	29,14	7,14	268	149
5102	0,1	27,29	0,0	29,21	171	149
5108	6,9	148,113	14,8	139,112	210	149
5111	82,84	8,8	70,59	11,12	298	149
5112	47,34	4,1	42,24	2,5	298	149
5113	250,226	33,19	225,191	18,28	152	149
5114	565,455	9,8	505,479	10,6	221	149
5115	608,525	4,0	674,552	2,0	218	149
5116	48,74	98,107	56,55	88,80	221	149
5117	149,131	5817,5213	133,111	5065,5150	172	149
5118	8,2	1,5	7,1	1,1	224	149
5120	126,97	9,3	77,84	3,0	153	149
5121	88,82	1,0	53,77	0,2	153	149
5122	169,128	183,140	123,121	106,111	161	149
5123	285,215	8,6	274,268	14,10	153	149
5124	18,9	3,0	11,5	0,0	298	149
5125	25,15	112,130	17,10	172,143	298	149
5126	20,9	24,20	12,5	29,22	298	149
5127	54,36	22,6	40,37	20,10	164	149
5128	19,7	0,0	11,8	0,3	164	149
5130	22,11	0,0	11,12	1,0	179	149
5133	3,2	14,4	0,3	7,5	298	149
5136	13,1	2,8	3,1	4,4	189	149
5137	7,18	1,0	13,12	0,0	298	149
5138	4,1	6,17	7,2	12,12	189	149
5139	132,122	0,1	141,127	0,0	298	149
5140	44,42	0,1	36,27	2,1	160	149
5141	11,5	0,1	7,9	2,1	252	149
5142	4,0	37,37	0,2	29,20	241	149
5143	8,6	3,1	3,7	1,2	185	149
5144	16,6	3,1	9,13	1,2	246	149
5145	10,1	2,1	6,7	0,1	210	149
5146	134,114	0,0	132,76	1,0	298	149
5147	0,6	99,81	0,2	91,91	298	149
5149	5,0	102,81	0,0	65,66	167	149
5156	13,10	1,0	13,6	0,0	155	149
5157	3,0	3,5	0,0	0,2	156	149
5162	8,3	2,3	3,3	0,1	152	149
5163	3,8	12,4	3,5	6,3	293	149
5165	27,29	22,31	16,15	34,23	152	149
5166	4,8	0,0	14,6	2,0	298	149
5171	3,0	168,152	0,0	144,116	298	149
5172	159,123	13,8	114,112	11,13	185	149
5176	2,0	28,16	1,0	32,15	298	149
5179	59,58	12,11	66,73	11,17	190	149
5181	940,715	14,15	866,906	11,20	152	149
5182	307,334	4,3	312,295	7,2	227	149
5183	73,110	6,4	85,78	2,2	153	149
5184	155,148	0,0	172,143	2,0	184	149
5185	153,151	0,2	172,144	1,0	184	149
5186	705,637	0,0	647,611	1,0	154	149
5187	819,755	10,4	781,726	8,3	184	149
5188	114,118	10,4	135,115	8,3	179	149
5189	35,25	1,1	33,27	0,0	153	149
5191	1170,1180	9,5	1157,1129	14,5	298	149
5192	592,637	3,1	486,484	5,5	181	149
5197	1,3	0,2	3,0	1,0	152	149
5198	7,8	1,0	10,1	0,0	297	149
5200	8,14	99,134	7,7	91,80	187	149
5202	73,76	1,0	53,53	2,0	217	149
5204	164,196	1,0	137,126	2,0	179	149
5205	6,11	1,0	8,4	2,0	152	149
5206	72,59	4,11	40,34	4,2	200	149
5221	94,71	0,5	68,73	1,1	298	149
5223	4,6	214,163	0,4	179,206	177	149
5224	170,179	5,2	190,185	3,2	181	149
5225	1,0	2,6	1,0	1,1	298	149
5226	79,78	0,1	90,71	1,0	156	149
5232	163,101	0,2	131,113	12,5	192	149
5233	172,157	9,1	189,143	1,0	218	149
5234	17,23	3,6	20,18	7,9	152	149
5235	8,12	1,2	2,1	0,2	152	149
5236	0,2	2,7	0,1	2,0	225	149
5238	237,208	5,6	206,163	6,3	184	149
5239	69,48	1,0	68,71	0,0	187	149
5242	145,83	1,3	94,106	6,1	226	149
5243	4,2	0,0	1,1	1,1	298	149
5244	235,149	0,0	190,185	1,0	207	149
5245	376,310	1,0	388,287	0,0	227	149
5246	253,220	2,2	208,187	0,0	159	149
5247	251,215	0,0	207,179	2,0	298	149
5248	321,264	0,0	241,237	1,1	298	149
5249	72,49	0,0	38,59	1,1	208	149
5250	77,51	5,11	40,64	5,0	208	149
5251	189,140	0,0	155,164	0,5	181	149
5256	213,161	2,1	226,222	4,4	298	149
5257	3,1	196,127	0,2	212,176	298	149
5260	183,132	1,2	157,148	5,3	153	149
5261	229,184	1,0	202,189	0,0	298	149
5263	186,158	0,0	109,87	1,0	153	149
5264	211,170	3,3	173,155	13,1	154	149
5265	25,24	2,0	18,23	0,4	154	149
5273	56,48	0,0	52,49	0,2	153	149
5274	862,746	34,28	740,666	24,22	233	149
5275	9,9	378,325	9,9	314,280	175	149
5276	9,16	0,0	12,12	2,0	298	149
5280	0,0	1,0	1,0	0,1	242	149
5281	17,18	44,31	27,8	35,38	298	149
5282	146,118	4,1	119,111	1,1	153	149
5283	15,27	772,652	12,17	678,562	193	149
5284	958,814	0,2	825,705	0,0	298	149
5285	166,123	416,332	154,120	369,343	152	149
5288	5,4	526,513	13,6	510,473	179	149
5289	533,493	2,0	516,472	1,0	155	149
5294	30,23	153,120	29,35	142,129	298	149
5295	226,167	19,9	193,210	18,28	168	149
5296	7,5	210,235	3,9	198,181	239	149
5297	366,353	4,3	342,284	2,3	298	149
5298	798,612	79,106	527,512	72,89	163	149
5299	131,113	79,106	128,127	72,89	267	149
5300	152,139	79,106	159,171	72,89	298	149
5301	82,70	749,569	90,97	489,482	253	149
5302	116,110	749,569	130,151	489,482	298	149
5303	38,47	0,0	48,63	1,1	202	149
5304	756,668	8,2	674,605	3,3	180	149
5305	1096,833	54,28	1019,899	43,19	216	149
5306	1318,1125	2,0	1068,1119	0,1	216	149
5312	87,63	1215,1022	73,77	937,900	177	149
5313	236,215	0,0	223,207	2,4	207	149
5314	1364,1174	0,0	1087,1030	2,4	179	149
5318	192,130	1,0	140,144	0,0	298	149
5319	8138,6719	3,2	7501,6748	0,1	243	149
5320	4885,4180	76,48	4388,4371	59,45	161	149
5321	544,450	76,48	489,505	59,45	177	149
5322	83,35	4424,3765	40,53	3939,3919	165	149
5324	147,117	1769,1552	144,131	1591,1600	175	149
5325	51,39	1769,1552	41,38	1591,1600	198	149
5326	5,6	29,27	5,8	25,46	222	149
5327	24,34	3,1	21,46	1,1	298	149
5328	20,20	0,0	25,43	2,0	183	149
5330	2,8	0,2	2,4	0,0	281	149
5331	1,3	5,4	0,2	2,2	202	149
5332	3,12	5,4	0,4	2,2	281	149
5334	27,21	0,0	29,40	0,2	298	149
5335	2,8	0,0	0,4	0,2	281	149
5338	159,119	25,33	137,102	27,30	298	149
5339	11,5	0,1	9,5	0,0	298	149
5340	237,207	1,0	217,200	2,0	298	149
5341	29,20	4,2	25,20	0,1	210	149
5342	361,349	0,4	313,357	0,5	298	149
5343	335,265	1,0	280,299	0,1	168	149
5344	8,6	75,81	7,6	57,74	170	149
5347	1,2	2,0	0,0	2,0	152	149
5348	1,4	6,2	3,3	2,0	152	149
5349	5,2	3,1	5,2	0,1	152	149
5350	120,79	0,0	98,115	1,0	210	149
5354	8,5	18,35	2,3	16,16	170	149
5355	27,26	0,0	17,16	2,0	298	149
5356	3,2	18,37	1,1	17,15	211	149
5357	664,579	4,5	570,543	3,4	241	149
5362	20,15	0,0	19,12	1,0	152	149
5363	193,157	6,2	159,166	5,0	152	149
5364	164,138	9,23	179,164	9,16	197	149
5365	24,19	35,18	15,22	13,28	152	149
5366	0,3	162,124	1,1	143,137	174	149
5377	85,55	1,4	79,61	1,2	269	149
5378	40,36	0,0	41,39	0,2	166	149
5379	4,6	7,4	9,5	4,7	173	149
5380	26,28	7,4	26,15	4,7	177	149
5381	23,22	1,0	20,12	3,2	153	149
5388	168,184	0,0	162,152	2,0	298	149
5391	156,129	0,0	144,124	2,1	170	149
5394	54,57	3,0	72,69	0,0	152	149
5395	89,101	1809,1671	94,86	1518,1610	298	149
5396	13,22	0,0	32,15	0,6	154	149
5397	67,74	1,0	81,56	1,0	194	149
5398	54,52	1,0	49,47	1,0	189	149
5399	36,15	3,3	18,17	1,2	166	149
5400	127,131	12,7	104,125	14,10	166	149
5401	25,12	0,1	15,13	3,2	166	149
5402	37,27	164,143	39,50	152,141	235	149
5403	144,127	3852,3553	166,122	3750,3538	298	149
5404	2583,2340	2932,2509	2377,2081	2514,2443	161	149
5405	1357,1143	85,72	1239,1196	83,82	152	149
5406	1984,1668	357,338	1930,1805	364,396	152	149
5407	1058,1018	21,25	993,1062	9,10	245	149
5408	1286,1221	22,21	1214,1251	24,20	298	149
5409	1405,1339	8,10	1352,1325	6,5	298	149
5410	1819,1747	3,2	1807,1719	1,7	298	149
5411	255,231	22,21	238,209	24,20	203	149
5412	478,457	8,10	470,380	6,5	229	149
5413	1088,1044	3,2	1099,969	1,7	298	149
5414	245,247	8,10	256,191	6,5	175	149
5415	999,972	3,2	1041,916	1,7	287	149
5416	762,735	3,2	791,730	1,7	261	149
5417	952,943	3,16	993,1004	15,9	298	149
5418	28,29	1165,1042	32,33	1206,1115	174	149
5419	228,199	0,4	219,185	3,2	298	149
5420	10,8	0,1	9,8	0,0	153	149
5421	16,15	1,0	17,11	0,0	153	149
5422	289,253	5,4	258,210	8,1	153	149
5424	2,1	144,124	1,4	133,147	177	149
5425	1,0	11,15	0,0	5,10	170	149
5426	2,4	0,3	2,2	5,5	244	149
5427	8,8	0,0	6,9	3,4	152	149
5429	9,6	1,1	6,8	0,0	152	149
5430	51,49	2,0	35,44	0,1	153	149
5431	38,49	0,0	36,40	2,0	298	149
5432	64,39	1,2	26,35	1,7	236	149
5433	60,42	2,2	28,34	6,3	236	149
5434	63,46	7,4	31,46	5,2	236	149
5435	66,46	4,2	28,35	0,0	236	149
5436	58,40	2,1	30,33	1,2	236	149
5437	44,32	924,671	41,60	884,814	239	149
5438	1560,1953	5,6	1548,1374	4,6	201	149
5439	1556,1951	13,8	1553,1374	3,2	201	149
5443	107,96	200,185	118,78	201,135	184	149
5444	0,0	0,12	4,0	2,3	298	149
5445	0,2	67,44	1,0	44,32	153	149
5446	49,17	12,13	36,34	13,12	183	149
5447	65,92	0,7	96,87	4,0	298	149
5448	77,53	3,3	60,61	2,1	183	149
5449	64,88	1,0	88,85	0,0	298	149
5451	134,145	1,0	158,145	0,0	298	149
5452	83,99	2,0	91,89	5,0	155	149
5453	4,4	117,87	8,1	106,96	175	149
5454	306,252	0,3	248,225	1,6	213	149
5455	219,199	2,4	195,238	0,4	229	149
5456	0,0	0,1	1,0	0,0	169	149
5459	1,3	0,0	1,3	3,0	152	149
5460	24,45	1,0	43,21	0,2	152	149
5461	3,5	0,3	2,1	3,0	152	149
5462	2,4	1,0	2,5	0,0	152	149
5463	21,11	188,153	24,31	187,175	167	149
5465	401,299	10,13	365,302	16,5	152	149
5467	54,38	365,341	63,58	361,359	152	149
5468	11,8	0,0	11,6	1,0	153	149
5487	33,58	0,0	26,24	2,1	298	149
5488	36,44	3,9	47,37	16,3	298	149
5490	40,26	54,49	40,40	67,44	152	149
5491	93,70	2,0	78,94	4,2	298	149
5492	227,195	6,1	194,193	1,0	298	149
5493	228,179	0,2	179,184	0,3	152	149
5494	83,72	259,242	79,77	228,242	271	149
5495	207,164	14,15	165,161	23,12	298	149
5496	394,344	14,15	327,335	23,12	202	149
5503	8,4	146,119	2,2	155,132	166	149
5504	377,281	1,2	325,284	0,0	180	149
5506	103,67	0,0	78,84	0,1	152	149
5508	19,24	257,194	22,10	212,234	213	149
5509	720,760	0,1	642,654	0,0	221	149
5510	1131,1093	4,2	1186,970	0,3	298	149
5511	2101,1766	0,1	2013,1721	0,0	272	149
5512	64,45	4648,4027	53,48	4523,4508	170	149
5513	79,72	0,1	68,59	2,1	298	149
5514	40,35	33,36	20,24	27,19	298	149
5516	371,325	9,1	289,279	5,4	221	149
5525	0,1	8,12	0,0	6,12	188	149
5526	0,1	1,0	0,0	0,1	188	149
5558	226,188	4,5	194,172	2,2	298	149
5562	0,3	8,11	4,1	14,12	161	149
5565	147,110	0,1	117,128	0,0	242	149
5566	408,322	1,2	362,358	1,0	242	149
5567	23,21	21,24	24,19	21,20	167	149
5568	26,29	0,0	26,20	2,0	242	149
5569	24,32	0,0	23,21	2,0	224	149
5570	3,7	1,0	8,3	0,3	210	149
5571	5,7	0,0	10,5	1,0	210	149
5572	7,10	4,4	15,6	5,0	210	149
5575	0,0	9,2	0,1	5,2	298	149
5580	1,2	61,106	0,2	64,57	168	149
5588	2,0	85,70	3,1	79,70	172	149
5590	241,254	5,4	161,194	6,6	298	149
5591	10,12	86,72	4,12	83,65	195	149
5592	12,12	11,23	9,17	4,15	200	149
5593	88,72	11,23	88,70	4,15	154	149
5594	4,4	174,147	8,2	108,128	224	149
5595	14,8	155,138	6,7	98,130	177	149
5596	47,30	0,2	28,41	0,0	195	149
5597	188,160	0,2	120,164	0,0	167	149
5598	229,218	8,9	236,184	5,8	188	149
5599	163,148	11,18	166,130	25,15	154	149
5604	414,319	0,4	384,272	2,2	204	149
5605	2,0	326,268	0,2	316,253	166	149
5606	295,224	2,0	254,268	0,0	203	149
5608	5,13	0,0	13,23	1,0	298	149
5613	35,33	0,1	36,25	0,0	248	149
5614	1,1	20,7	1,0	18,12	214	149
5615	19,17	2,2	16,25	0,1	243	149
5616	56,78	1,1	48,54	3,0	298	149
5617	309,465	0,4	285,242	0,0	190	149
5618	40,63	1256,1239	39,36	1216,1085	192	149
5619	9,4	37,46	8,8	42,43	183	149
5620	108,78	1,0	107,85	1,4	157	149
5621	1,0	117,119	2,1	142,120	220	149
5622	203,182	1,0	193,206	2,0	177	149
5623	29,38	1,0	32,36	2,0	267	149
5624	3,4	177,148	7,4	168,174	239	149
5625	152,77	3,4	118,127	9,1	195	149
5626	32,23	4,8	32,39	1,1	195	149
5627	14,17	10,2	12,8	7,10	192	149
5629	20,7	0,0	8,2	5,0	298	149
5630	222,187	0,1	211,172	0,0	224	149
5632	4188,3487	0,0	2924,3307	0,1	298	149
5633	4219,3475	0,0	2935,3292	1,0	298	149
5634	188,192	0,1	118,106	2,3	154	149
5635	64,65	9807,8486	67,71	7811,7837	254	149
5636	9836,8539	102,117	7879,7898	98,47	298	149
5637	12637,11455	5,13	10858,10159	10,1	154	149
5638	8,1	0,2	3,4	0,2	179	149
5644	45,36	1273,1207	38,32	1126,1097	298	149
5650	1,2	2,0	2,0	0,0	262	149
5654	2,1	58,70	1,4	47,47	298	149
5660	76,67	32,22	94,100	20,16	152	149
5665	3,0	6,10	8,8	6,6	242	149
5666	2,0	0,1	6,5	1,2	242	149
5667	2,1	1,2	7,5	2,2	242	149
5668	1,0	0,1	2,1	0,0	227	149
5669	23,36	2,4	37,23	5,3	190	149
5670	23,37	0,1	35,22	0,0	190	149
5671	38,44	0,1	53,28	2,0	190	149
5672	133,198	0,1	147,129	2,0	298	149
5673	112,162	16,8	112,107	18,6	298	149
5674	94,72	0,1	101,98	0,0	284	149
5675	0,0	1,2	2,1	5,5	298	149
5677	2,6	0,0	0,5	1,0	208	149
5678	64,49	0,0	38,50	1,0	298	149
5685	3,0	0,1	1,2	0,0	221	149
5686	33,27	2,2	45,27	0,0	298	149
5688	0,0	2,0	2,0	2,0	245	149
5689	26,10	28,21	13,21	36,27	298	149
5690	11,8	1,0	10,8	0,0	154	149
5691	16,20	8,13	18,15	2,3	224	149
5693	37,24	22,28	31,29	6,11	224	149
5694	2,10	0,0	7,9	0,1	222	149
5695	420,351	22,31	367,402	29,10	161	149
5696	11,8	268,196	8,7	244,248	232	149
5698	15,22	238,229	23,27	252,226	171	149
5699	48,44	4,1	38,32	2,1	152	149
5700	28,32	12,4	23,24	10,3	191	149
5701	27,6	12,9	17,12	12,3	298	149
5702	18,18	11,9	11,15	8,9	152	149
5703	98,160	8,5	73,67	6,2	215	149
5704	10,3	101,130	7,2	106,104	176	149
5705	0,2	3,1	0,2	1,0	193	149
5706	1,4	143,109	5,4	85,102	193	149
5707	117,103	2,0	74,78	2,0	298	149
5708	55,51	3,2	53,21	1,0	151	149
5709	150,136	1,1	140,145	2,0	152	149
5710	4,5	3,5	3,1	11,2	163	149
5711	13,10	119,119	6,10	136,108	247	149
5712	7,3	211,218	8,6	184,185	196	149
5732	2,7	12,8	4,2	10,5	165	149
5733	0,2	2,7	0,0	4,0	204	149
5734	0,2	12,8	0,2	10,5	220	149
5739	0,2	5,2	7,1	2,3	173	149
5740	4,11	4,0	17,9	0,0	223	149
5741	9,11	4,0	12,11	0,0	199	149
5742	5,11	0,2	15,12	8,0	199	149
5743	28,25	3,8	30,27	10,11	270	149
5744	34,19	0,0	22,18	2,3	200	149
5745	42,22	5,0	33,28	4,15	228	149
5746	8,3	5,0	13,13	4,15	177	149
5748	34,33	0,0	42,37	3,2	298	149
5751	23,22	12,5	19,10	2,3	218	149
5755	31,30	2,6	11,18	3,3	193	149
5756	0,0	28,49	3,0	34,32	236	149
5761	4,3	3,2	5,0	2,3	236	149
5764	7,7	0,2	7,4	0,0	298	149
5765	12,7	0,0	5,3	1,0	298	149
5766	1,0	5,4	0,0	8,10	179	149
5767	31,42	2,1	47,42	11,4	298	149
5768	215,186	45,52	236,204	60,45	246	149
5769	1108,944	45,52	1059,1009	60,45	298	149
5770	969,813	17,14	887,866	27,14	298	149
5771	1284,1065	1,7	1220,1092	3,5	157	149
5772	47,52	1,7	78,60	3,5	270	149
5773	18,34	1255,1047	48,36	1190,1068	262	149
5775	1,0	1,1	4,6	2,0	154	149
5776	2,12	13,6	8,4	3,0	190	149
5777	14,29	739,573	19,15	536,556	190	149
5778	192,120	5,9	165,131	11,5	165	149
5779	343,204	0,3	222,176	2,3	224	149
5781	1686,1604	0,1	1539,1540	2,0	298	149
5782	98,98	2,1	116,84	0,0	298	149
5783	342,338	0,2	301,298	0,2	266	149
5784	280,246	7,4	252,263	6,7	266	149
5785	145,145	2,2	148,152	1,2	153	149
5786	492,403	13,13	471,442	5,8	298	149
5787	23,37	0,2	37,20	0,0	298	149
5788	59,52	9,5	71,64	8,3	167	149
5789	728,668	9,5	708,708	8,3	169	149
5791	3,1	0,0	1,1	1,0	169	149
5792	537,422	0,4	507,495	4,4	152	149
5794	378,303	14,23	340,328	27,8	152	149
5795	387,295	120,116	369,304	124,116	188	149
5796	149,137	137,109	143,183	112,124	170	149
5798	204,175	125,114	210,216	126,85	161	149
5801	107,84	5,0	87,104	8,3	298	149
5802	235,198	0,2	195,225	0,0	298	149
5803	56,65	35,34	69,72	32,26	169	149
5804	3,2	29,35	6,4	17,37	155	149
5805	7,1	0,0	2,2	2,0	151	149
5806	427,433	6,5	336,320	6,6	164	149
5807	1023,918	0,0	1015,925	1,0	298	149
5810	33,16	6,9	17,21	3,9	155	149
5811	3,2	89,78	6,0	81,58	209	149
5814	35,34	0,0	25,17	0,2	157	149
5817	3,0	0,2	0,1	0,0	298	149
5819	0,0	3,2	0,1	0,0	152	149
5833	24,11	0,0	21,28	0,1	155	149
5834	7,11	10,6	4,6	2,4	169	149
5835	9,1	1,0	2,4	0,0	250	149
5836	16,12	192,168	6,9	121,144	270	149
5849	99,81	42,40	103,87	40,60	152	149
5853	2,7	109,133	6,1	93,121	163	149
5854	4,2	76,83	4,5	56,61	170	149
5855	9,12	76,83	6,2	56,61	298	149
5856	7,10	2,0	4,1	2,4	298	149
5857	3,0	0,2	1,0	0,0	167	149
5858	46,54	0,0	33,32	2,0	298	149
5859	37,44	0,0	27,31	0,1	154	149
5860	2,2	0,0	0,3	0,1	234	149
5861	4,6	0,0	2,1	0,1	298	149
5862	3,5	0,0	1,1	0,1	298	149
5863	2,2	37,44	0,2	27,30	229	149
5864	4,6	37,44	2,0	27,30	298	149
5865	3,5	37,44	1,0	27,30	298	149
5866	29,29	0,0	23,18	0,2	298	149
5867	28,28	0,0	22,18	0,2	298	149
5868	2,2	2,1	0,0	1,0	169	149
5878	2,0	68,76	0,1	40,50	172	149
5882	167,150	3,4	107,84	2,1	156	149
5884	5,5	1,4	2,4	0,5	298	149
5885	70,71	1,4	71,41	0,5	298	149
5886	86,95	0,2	80,55	2,3	298	149
5888	26,20	39,26	23,25	22,29	152	149
5889	3,5	39,26	9,5	22,29	162	149
5890	2,3	25,18	5,4	19,24	159	149
5894	5,4	22,17	7,4	16,18	152	149
5895	2,8	22,17	7,5	16,18	162	149
5896	3,8	22,17	9,14	16,18	298	149
5897	1,6	4,2	3,4	3,3	159	149
5898	2,6	4,2	5,13	3,3	298	149
5899	2,7	1,4	5,13	2,4	298	149
5900	0,3	0,1	1,5	3,1	155	149
5901	54,33	0,1	22,44	3,1	219	149
5902	68,48	0,1	36,56	3,1	298	149
5909	2,5	0,1	6,1	1,2	162	149
5910	0,0	7,9	1,2	4,9	266	149
5911	4,3	0,1	9,3	1,2	152	149
5912	1,3	3,1	2,0	5,2	159	149
5915	24,34	0,1	24,49	1,1	217	149
5916	3,10	0,1	9,9	1,2	298	149
5917	2,8	3,1	5,8	5,2	298	149
5918	2,9	1,1	5,8	1,0	298	149
5919	14,15	0,0	9,21	0,1	188	149
5925	1,7	76,77	4,10	83,65	280	149
5928	22,9	2,2	13,27	0,1	253	149
5932	0,0	85,92	1,0	87,85	170	149
5933	100,127	4,2	127,112	0,0	153	149
5934	61,73	0,4	83,69	0,3	298	149
5935	2,2	61,72	2,1	81,68	175	149
5943	98,101	3,5	96,93	4,4	200	149
5944	0,0	39,63	2,1	45,18	168	149
5946	173,134	0,1	138,121	1,0	228	149
5947	149,106	1,3	109,95	0,0	154	149
5948	1,2	129,94	0,1	95,91	173	149
5949	20,10	143,65	14,5	114,108	170	149
5950	2,1	4,4	0,2	1,0	175	149
5951	10,13	0,2	5,7	0,0	298	149
5952	18,22	23,21	18,18	25,29	298	149
5970	7,5	378,301	6,9	370,338	161	149
5971	150,136	10,3	153,150	7,6	203	149
5972	152,142	0,0	163,159	2,0	207	149
5973	521,432	10,3	517,479	7,6	191	149
5974	523,438	0,0	527,488	2,0	195	149
5975	12,9	0,0	17,15	2,0	153	149
5977	18,18	0,0	22,10	3,2	196	149
5978	0,0	1,0	1,0	0,1	183	149
5979	12,14	0,1	10,9	0,0	196	149
5982	0,0	2,6	1,0	5,6	183	149
5985	1,2	0,0	0,1	2,0	169	149
5989	13,8	0,2	24,11	0,0	189	149
5990	156,155	0,0	119,111	0,2	228	149
5992	10337,8186	0,2	8995,8573	0,1	298	149
6000	2,3	172,141	1,0	199,161	170	149
6002	69,71	8,5	58,68	8,9	228	149
6026	15,6	0,0	14,14	1,0	298	149
6031	108,92	1,4	127,109	0,2	298	149
6032	17,16	0,1	25,9	0,2	175	149
6033	16,16	5,2	25,10	0,0	175	149
6034	169,140	13,13	164,127	13,13	175	149
6035	31,28	112,76	20,19	96,93	152	149
6037	186,172	4,0	169,160	3,0	298	149
6039	138,126	0,0	108,112	2,0	298	149
6040	368,288	1057,862	225,182	663,666	152	149
6041	1264,1055	41,38	856,759	21,20	154	149
6042	38,31	982,811	20,20	742,657	178	149
6043	48,53	817,648	43,43	620,645	298	149
6044	12,14	1,2	20,16	0,0	298	149
6045	752,662	0,5	525,555	0,2	153	149
6046	994,860	2,2	850,792	0,0	298	149
6047	991,845	1,2	834,795	1,2	298	149
6048	753,673	11,22	500,449	6,19	298	149
6049	8,7	1,0	21,4	0,0	298	149
6050	6,14	132,135	6,11	138,105	298	149
6052	2454,2175	1,0	2597,2196	0,0	261	149
6053	6833,5791	35,35	6446,6183	29,34	261	149
6057	0,4	0,1	2,0	0,0	152	149
6058	3,1	3,19	9,7	17,10	202	149
6059	50,60	3,3	52,51	0,2	298	149
6060	50,78	3,3	60,54	0,2	245	149
6061	8,3	0,0	5,3	1,3	298	149
6062	61,114	0,0	80,88	0,2	298	149
6063	119,87	4,4	93,85	5,5	152	149
6065	25,60	10,2	37,39	8,0	232	149
6068	7,5	0,1	8,7	0,0	164	149
6070	1,0	90,79	0,0	104,97	191	149
6071	37,37	49,36	21,36	39,40	152	149
6072	69,40	4,7	73,41	3,7	298	149
6073	83,76	5,1	107,65	10,14	224	149
6074	35,43	0,1	45,30	0,0	224	149
6075	85,88	0,0	72,85	8,0	156	149
6076	156,99	6,4	150,135	5,2	170	149
6080	0,3	1,1	2,0	1,2	282	149
6081	15,20	329,272	16,13	278,282	298	149
6082	113,96	2,3	100,111	3,0	298	149
6083	429,350	2,3	366,384	3,0	194	149
6084	165,176	0,0	172,147	0,1	153	149
6085	119,93	46,47	122,115	42,35	152	149
6086	143,108	0,0	134,121	0,1	292	149
6087	19,7	45,44	5,8	36,44	152	149
6089	573,480	2,2	470,477	0,0	194	149
6090	144,121	3,1	134,136	0,4	198	149
6091	39,31	0,0	45,37	0,1	198	149
6096	21,13	0,2	14,13	0,3	182	149
6098	146,170	0,1	171,141	0,0	155	149
6100	135,108	2,0	119,112	0,0	298	149
6101	2,2	32,33	1,2	30,17	298	149
6102	1,0	0,0	0,0	3,0	167	149
6104	184,155	0,0	219,158	2,3	152	149
6105	0,1	0,3	2,0	6,0	297	149
6110	6,10	0,0	6,12	1,0	153	149
6111	1,0	1,0	1,2	1,0	171	149
6112	13,5	2,0	13,8	0,0	171	149
6115	1,0	39,35	3,3	36,38	156	149
6119	12,12	55,40	14,9	39,54	152	149
6120	27,24	15,9	24,25	16,2	257	149
6121	59,44	32,43	76,49	24,32	257	149
6122	22,25	13,3	17,13	3,7	190	149
6123	49,47	15,17	40,53	13,9	152	149
6124	45,26	90,67	24,31	70,58	171	149
6125	36,15	16,15	14,22	6,12	298	149
6127	41,38	0,2	45,51	4,3	298	149
6128	216,190	0,1	238,223	1,0	298	149
6129	667,656	0,2	616,720	0,1	298	149
6130	801,731	1,2	741,819	1,0	298	149
6131	216,192	1,2	234,224	1,0	298	149
6132	391,404	2067,1854	442,425	1889,2008	298	149
6140	18,28	113,88	16,18	103,103	207	149
6156	39,48	0,0	34,35	1,0	151	149
6157	135,127	0,6	169,121	0,3	238	149
6158	78,55	8,8	81,55	8,4	238	149
6159	13,11	48,59	20,22	62,51	164	149
6160	10,15	48,59	19,14	62,51	216	149
6161	9,12	12,8	15,11	16,19	201	149
6162	3,4	0,3	2,2	0,0	298	149
6166	711,580	1,6	693,675	4,3	201	149
6167	2,2	0,0	0,0	0,2	173	149
6173	0,0	6,0	1,0	0,0	174	149
6176	2,3	0,1	1,4	0,0	172	149
6177	16,15	1,0	4,8	0,2	176	149
6178	2,3	0,1	0,2	4,1	172	149
6179	153,127	0,2	146,104	0,2	298	149
6180	3,6	141,112	7,6	135,123	166	149
6181	2,5	1,2	10,6	0,0	298	149
6182	153,163	12,6	158,130	6,10	298	149
6183	5,9	2,3	5,6	0,2	154	149
6185	2,4	0,1	1,5	0,0	154	149
6186	9,7	0,0	8,6	1,0	154	149
6187	11,11	11,14	3,1	5,17	152	149
6188	30,20	0,0	21,26	1,0	173	149
6189	21,16	2,0	14,13	0,0	173	149
6190	86,81	27,20	57,47	10,19	167	149
6191	86,81	0,5	57,47	0,0	170	149
6192	27,20	0,5	10,19	0,0	152	149
6193	74,54	2,0	75,76	2,0	298	149
6194	136,125	0,2	134,129	0,2	298	149
6198	0,1	2,1	0,1	2,0	167	149
6199	190,143	38,40	147,136	30,25	152	149
6200	954,846	21,20	1000,900	20,10	203	149
6207	1,0	0,0	0,0	0,1	152	149
6208	2,3	2,0	0,0	2,1	281	149
6209	1,3	2,0	0,1	2,1	278	149
6210	1377,1269	0,4	1257,1328	2,0	298	149
6211	205,180	808,675	176,175	658,745	155	149
6214	14,11	14,22	14,11	22,18	298	149
6215	36,33	10,24	42,32	41,34	152	149
6216	2,4	95,92	1,4	94,70	171	149
6218	1,0	130,109	4,4	107,90	172	149
6219	53,40	2,0	46,52	1,0	298	149
6222	246,193	129,93	216,215	91,101	164	149
6223	175,145	8,6	131,150	10,5	170	149
6225	284,241	1,0	248,233	0,0	188	149
6228	374,362	2,6	346,305	3,3	271	149
6229	33,21	179,187	15,19	186,155	207	149
6230	11,5	462,461	19,6	447,438	218	149
6231	25,24	16,3	36,13	5,4	238	149
6232	0,1	2,5	0,0	3,2	153	149
6233	71,56	0,0	62,52	3,0	180	149
6234	18,9	3,1	17,9	0,4	180	149
6236	0,3	49,42	6,1	58,42	298	149
6237	21,15	4,0	20,12	3,0	223	149
6238	366,271	0,0	309,288	3,1	298	149
6239	57,56	1,2	62,53	1,4	298	149
6242	0,1	1,3	0,0	3,3	174	149
6243	11,3	5,1	3,16	5,3	152	149
6245	470,438	39,41	450,407	29,34	178	149
6248	1,2	7,16	1,4	13,11	192	149
6249	3,4	7,16	1,4	13,11	286	149
6251	0,0	169,155	0,2	155,142	215	149
6252	101,77	2,0	85,80	2,3	152	149
6262	129,132	3,1	107,121	2,2	298	149
6263	154,152	3,0	128,123	2,0	154	149
6264	23,10	2,2	15,10	2,1	178	149
6265	212,149	2,2	174,172	2,1	224	149
6266	189,140	0,1	159,162	0,0	195	149
6267	194,159	1,0	174,147	0,0	244	149
6268	65,57	2,0	53,59	1,1	153	149
6269	15,11	7,8	17,22	10,9	278	149
6270	173,196	0,2	194,190	0,2	153	149
6271	5,5	0,0	6,10	0,2	251	149
6272	5,5	2,0	6,10	1,0	260	149
6273	0,0	2,0	0,2	1,0	158	149
6274	632,553	24,13	588,561	28,29	190	149
6275	2,0	0,0	0,0	1,0	177	149
6276	7,6	0,0	13,12	2,0	182	149
6277	5,8	0,2	21,10	0,2	246	149
6278	155,165	2,1	133,140	0,2	298	149
6279	130,132	0,2	104,82	0,1	298	149
6281	1,1	141,149	1,1	160,151	174	149
6282	1358,1227	15,27	1289,1169	23,28	298	149
6284	2,3	0,2	0,1	0,0	269	149
6286	55,55	4,3	32,21	0,3	195	149
6287	12,21	0,0	7,5	2,0	195	149
6288	4,5	0,0	0,0	0,1	159	149
6289	250,270	5,0	267,225	0,0	245	149
6293	0,1	18,15	0,2	20,23	298	149
6295	1,0	15,20	0,1	18,18	171	149
6296	1,0	9,18	0,0	13,11	171	149
6299	1,0	5,4	0,0	1,4	171	149
6306	81,76	1,2	55,46	1,3	210	149
6308	1816,1569	12,11	1610,1507	3,7	245	149
6309	760,634	12,11	629,594	3,7	298	149
6310	15,14	1071,949	8,14	988,926	220	149
6311	24,16	336,338	10,18	253,294	152	149
6312	2,2	15,5	2,2	22,7	152	149
6313	1,1	20,9	2,4	3,9	152	149
6315	16,5	60,47	11,4	43,28	152	149
6317	1,0	0,1	0,2	0,0	222	149
6318	1,1	32,47	0,2	32,38	261	149
6319	0,2	32,47	0,0	32,38	188	149
6321	44,28	0,0	29,31	1,0	298	149
6322	39,29	0,4	29,28	0,0	298	149
6323	29,23	0,0	25,24	1,0	298	149
6324	24,24	0,4	25,21	0,0	298	149
6325	2,5	0,4	6,0	0,0	184	149
6326	1,0	9,20	1,0	12,11	183	149
6327	1,0	6,15	0,0	9,5	183	149
6328	0,0	0,2	1,1	1,0	215	149
6329	112,124	3,9	108,126	1,8	181	149
6330	15,8	625,530	12,4	593,589	298	149
6332	4,12	0,0	11,20	0,1	298	149
6333	3,12	0,0	11,18	0,1	298	149
6334	3,3	38,44	2,4	48,40	193	149
6335	1,4	12,11	2,3	5,11	193	149
6336	10,12	67,47	12,14	67,40	152	149
6337	33,19	507,379	18,15	474,396	194	149
6338	17,2	3,8	7,4	10,2	194	149
6339	20,35	4,1	24,16	5,3	228	149
6340	60,64	4,1	58,50	5,3	298	149
6341	75,49	6,5	57,52	6,2	298	149
6342	17,35	0,0	18,14	0,1	228	149
6343	35,52	0,0	34,27	0,1	298	149
6344	529,397	0,0	509,376	0,1	298	149
6345	50,37	3,5	33,29	0,0	298	149
6346	544,382	3,5	508,378	0,0	298	149
6347	500,358	3,5	483,354	3,2	298	149
6349	5,12	93,92	12,6	89,93	165	149
6351	2,2	12,11	1,0	14,3	253	149
6353	34,36	398,398	29,12	395,436	219	149
6354	0,3	3,1	4,1	3,4	171	149
6355	2,3	16,14	2,2	10,11	171	149
6356	0,3	0,0	2,1	2,1	171	149
6358	0,3	11,8	2,1	2,11	171	149
6359	28,20	4,0	30,16	2,3	298	149
6360	1,0	7,9	0,0	6,14	192	149
6361	400,346	23,5	322,302	11,2	152	149
6366	3,4	0,0	2,2	0,1	298	149
6367	2,3	0,1	2,2	0,0	298	149
6370	1,0	10,7	0,0	2,3	169	149
6371	18,21	2,2	13,6	3,2	152	149
6372	148,178	35,19	157,133	32,25	298	149
6373	18,20	0,1	23,16	1,0	298	149
6374	37,40	223,221	38,41	187,182	298	149
6375	69,82	11,17	63,47	13,9	176	149
6376	333,328	79,91	284,231	71,45	176	149
6377	1360,1293	1,0	1196,1061	1,0	298	149
6378	2401,2180	2,4	2103,1951	0,0	298	149
6379	539,478	58,62	479,428	60,49	247	149
6380	74,61	197,196	51,64	144,193	298	149
6381	64,82	1,0	54,80	0,0	298	149
6382	305,280	74,50	228,264	63,30	298	149
6383	90,147	0,0	60,80	0,1	206	149
6384	54,76	0,0	65,72	0,1	174	149
6385	414,432	25,41	506,412	26,43	174	149
6386	179,198	47,39	133,92	44,43	153	149
6387	197,187	74,58	169,164	51,61	152	149
6389	229,148	140,111	163,186	116,97	152	149
6390	67,78	182,149	54,63	144,139	298	149
6391	0,1	35,34	1,0	28,34	166	149
6392	6,4	53,40	0,4	49,37	241	149
6393	6,5	53,40	0,5	49,37	244	149
6395	75,61	1,1	71,70	0,0	193	149
6396	46,41	0,0	56,55	0,1	298	149
6397	75,59	1,0	62,75	0,0	152	149
6398	2,2	1,0	3,7	0,0	298	149
6399	2,1	75,58	1,3	60,71	298	149
6407	2,1	95,75	0,0	76,69	190	149
6408	62,65	4,0	51,52	1,0	152	149
6409	2,2	64,56	2,2	44,52	191	149
6412	246,252	2,3	240,182	0,3	249	149
6413	193,194	0,3	161,158	1,0	298	149
6414	236,178	14,8	180,190	4,16	153	149
6415	0,0	32,16	0,2	19,11	175	149
6417	699,549	8,5	580,565	6,1	157	149
6418	520,495	168,172	489,445	134,145	189	149
6419	142,160	11,9	145,175	7,12	189	149
6420	286,254	4,9	268,203	0,1	217	149
6421	581,486	3,0	478,502	0,0	298	149
6422	591,551	0,0	480,496	0,2	298	149
6423	8,8	1,0	11,10	1,0	298	149
6424	1,3	1,1	2,2	3,3	186	149
6425	1,6	9,20	2,3	19,10	186	149
6426	437,413	0,1	359,339	0,1	298	149
6427	21,20	0,1	26,25	1,0	152	149
6428	615,638	52,57	488,487	44,49	152	149
6429	1195,1082	71,69	954,918	54,56	152	149
6430	1503,1323	17,21	1238,1302	19,18	152	149
6431	1,0	12,8	2,0	16,13	185	149
6432	2,0	3,1	2,2	3,1	185	149
6433	6,6	1,0	11,9	0,1	192	149
6434	56,46	3,6	55,49	1,7	178	149
6435	4,8	13,23	2,1	7,7	152	149
6437	12,8	0,2	9,12	0,0	152	149
6438	19,20	114,128	11,23	118,95	152	149
6439	288,223	2,1	215,203	0,0	173	149
6440	467,340	4,0	348,314	0,0	298	149
6441	358,326	32,25	281,254	31,18	247	149
6443	4,2	0,10	0,0	8,2	174	149
6450	25,34	0,0	55,46	0,3	157	149
6452	904,843	5,3	757,709	2,7	158	149
6455	12,7	480,567	10,11	465,367	182	149
6456	104,160	0,0	99,76	0,1	298	149
6457	8,17	38,84	17,6	46,32	291	149
6458	179,175	8,0	182,153	0,6	298	149
6459	35,25	5,4	37,35	2,2	152	149
6460	51,42	3,2	40,44	0,5	152	149
6461	91,71	5,1	67,60	6,9	298	149
6463	715,692	1,0	655,699	1,2	159	149
6464	634,543	1,0	503,596	1,0	298	149
6465	499,406	7,5	422,410	4,11	219	149
6468	11,2	1,1	1,1	2,2	226	149
6474	0,3	26,28	0,0	28,20	236	149
6475	0,1	26,28	0,0	28,20	240	149
6476	0,1	26,28	0,0	28,20	251	149
6480	15,21	666,615	13,17	613,506	298	149
6482	1147,1043	4,1	1081,894	0,1	298	149
6483	4,4	0,0	3,2	1,0	298	149
6484	6,5	0,0	5,2	1,0	298	149
6486	0,0	1,0	0,1	0,0	169	149
6487	115,114	2,0	68,118	0,0	298	149
6488	35,39	0,0	39,37	0,2	248	149
6490	737,745	0,5	643,595	0,1	298	149
6491	95,97	6,2	92,78	3,3	298	149
6492	646,607	4,1	587,528	0,0	298	149
6493	288,258	19,27	223,178	10,18	173	149
6495	7,3	0,0	3,5	0,1	152	149
6496	150,124	0,0	125,105	0,1	175	149
6497	144,121	1,0	122,100	0,0	172	149
6502	4118,3485	71,40	3585,3342	51,55	164	149
6503	177,219	12,19	173,154	13,8	152	149
6504	897,877	9,7	728,774	8,7	298	149
6505	4,5	0,0	4,2	2,0	152	149
6506	13,9	200,196	9,9	150,107	185	149
6507	65,60	384,349	71,66	347,319	152	149
6510	63,59	2,5	52,44	3,3	209	149
6511	36,32	171,101	50,30	112,132	298	149
6512	54,63	309,309	49,44	303,291	152	149
6513	6,3	188,172	7,5	169,191	170	149
6516	48,58	37,28	47,44	28,28	152	149
6517	21,11	745,879	12,9	570,533	161	149
6518	778,900	0,0	591,552	0,1	298	149
6519	8,3	5,6	7,5	5,4	153	149
6520	2,4	0,0	3,2	5,0	161	149
6521	28,21	1991,1796	24,20	1645,1546	183	149
6522	26,17	1991,1796	26,18	1645,1546	171	149
6524	463,441	1,0	517,459	0,0	298	149
6526	36,30	5,4	18,40	1,6	152	149
6527	178,200	3,3	136,137	1,2	298	149
6528	447,428	0,0	391,371	2,0	298	149
6529	55,55	0,3	49,59	1,3	273	149
6530	13,11	3,1	9,22	0,0	259	149
6532	2,9	4,15	0,2	4,1	152	149
6536	433,255	3,0	320,286	0,0	158	149
6537	11,28	2,0	17,11	1,3	298	149
6540	169,142	0,0	152,149	0,4	193	149
6541	9,4	6,4	10,9	1,9	174	149
6542	13,4	0,0	12,11	1,1	224	149
6543	10,4	0,0	3,11	1,1	199	149
6545	10,6	1880,1671	2,5	1720,1607	153	149
6546	1111,965	0,0	1042,921	3,0	298	149
6549	30,38	1801,1528	29,26	1582,1562	168	149
6550	1790,1543	22,18	1651,1736	21,22	157	149
6551	31,33	1,0	31,32	0,0	157	149
6552	59,50	1,0	64,59	0,0	208	149
6553	1312,1086	1,0	1223,1272	0,0	298	149
6554	32,20	4,3	37,30	4,3	200	149
6555	1286,1056	4,3	1197,1243	4,3	298	149
6556	1256,1041	0,0	1167,1221	1,2	298	149
6557	19,18	0,0	25,21	1,0	298	149
6558	48,35	0,0	49,49	2,0	298	149
6559	9,16	1021,923	13,7	1053,954	258	149
6562	403,408	419,343	344,350	367,360	152	149
6568	8,3	6,6	3,5	1,5	152	149
6569	6,5	10,10	6,3	7,1	152	149
6573	0,0	0,1	0,2	4,0	224	149
6579	13,18	5,8	21,15	8,2	154	149
6585	143,101	16,15	125,100	21,15	298	149
6586	36,36	11,1	28,25	10,12	188	149
6587	104,100	3,1	91,72	3,2	298	149
6588	34,36	6,1	25,23	0,0	188	149
6589	36,26	74,57	27,18	78,62	242	149
6590	70,61	53,28	52,41	55,41	281	149
6591	108,92	53,28	103,85	55,41	188	149
6595	19,16	1,0	26,21	0,0	256	149
6596	28,19	1,2	33,21	1,3	256	149
6598	39,21	0,7	40,44	0,2	256	149
6600	17,14	0,7	23,17	0,2	249	149
6603	855,650	8,4	845,721	6,8	298	149
6604	534,463	17,23	491,469	39,15	152	149
6606	5,1	0,1	5,5	0,0	201	149
6607	12,7	165,133	13,6	158,133	298	149
6616	4,1	9,10	2,1	4,9	194	149
6617	417,512	3,6	359,270	8,5	212	149
6618	0,2	19,13	0,2	12,9	188	149
6621	3,1	0,10	2,0	15,8	186	149
6627	19,35	338,262	31,15	288,243	200	149
6628	18,9	1,3	18,15	0,0	298	149
6629	25,18	0,0	21,14	0,2	298	149
6630	26,18	0,2	21,14	3,4	298	149
6631	14,16	0,0	12,8	0,2	294	149
6632	15,16	0,2	12,8	3,4	297	149
6633	1,0	0,2	0,2	3,4	152	149
6634	6,9	3,1	4,3	0,2	298	149
6635	11,12	14,10	8,13	4,2	165	149
6636	11,12	7,9	8,13	11,4	175	149
6637	14,10	7,9	4,2	11,4	159	149
6642	2,0	3,9	1,0	8,5	202	149
6643	227,139	3,1	167,178	3,4	154	149
6644	7,9	181,130	7,8	122,147	167	149
6645	211,151	5,7	153,162	4,3	298	149
6646	109,128	0,0	88,78	0,1	262	149
6647	472,454	97,115	407,282	82,75	200	149
6651	191,153	193,143	153,177	140,146	152	149
6652	257,234	101,84	218,201	114,86	161	149
6653	30,22	2,0	20,21	0,0	161	149
6654	334,275	6,5	321,239	16,4	152	149
6655	0,7	80,93	5,6	35,51	170	149
6659	164,136	7,17	152,140	2,7	298	149
6660	6,6	95,112	2,4	62,82	194	149
6661	1,2	106,66	1,0	62,54	169	149
6662	5,3	44,32	2,7	27,40	167	149
6663	6,10	522,476	6,10	472,437	204	149
6664	3,0	3,0	2,2	2,2	167	149
6676	514,413	3,3	533,418	1,2	235	149
6677	9,12	356,294	8,8	301,253	192	149
6679	3,3	13,11	5,7	9,10	252	149
6682	10,10	0,0	3,5	1,0	154	149
6683	6,9	2,0	3,5	0,0	154	149
6684	230,167	204,159	202,189	209,176	154	149
6685	661,550	9,7	709,565	15,8	206	149
6687	556,467	1,0	544,500	1,0	233	149
6689	38,42	21,7	30,31	10,15	152	149
6690	1,3	2,1	1,3	0,1	152	149
6698	1,9	2,1	4,2	0,0	298	149
6702	1,9	2,1	4,2	0,0	298	149
6703	1,9	2,1	4,2	0,0	298	149
6704	1,9	2,1	4,2	0,0	298	149
6707	67,54	10,7	48,52	1,16	152	149
6708	10,8	0,1	2,3	0,0	152	149
6709	1,1	60,45	1,0	37,42	162	149
6715	2,1	0,2	2,2	0,0	179	149
6723	20,11	35,38	14,12	80,48	152	149
6741	20,17	84,62	2,16	65,84	298	149
6742	11,7	121,120	13,12	104,113	225	149
6743	2,1	0,1	2,5	0,0	209	149
6744	8,6	95,108	7,13	101,84	209	149
6746	117,128	0,1	146,118	0,0	298	149
6749	12,9	1,0	5,2	0,0	298	149
6750	3,2	3,2	2,3	6,3	152	149
6751	2,0	0,0	7,0	1,0	174	149
6754	1,1	17,15	0,2	17,9	271	149
6755	9,13	8,13	22,18	1,7	253	149
6756	10,12	2,6	11,12	3,2	152	149
6760	347,256	0,2	355,297	1,0	168	149
6761	2,2	392,326	0,1	324,329	174	149
6764	8,7	3,0	5,5	0,0	153	149
6765	574,440	1,2	468,469	2,3	242	149
6766	408,293	0,1	328,312	0,1	153	149
6768	51,42	1,0	50,31	0,0	253	149
6769	44,31	1,0	51,26	0,0	253	149
6770	149,126	63,64	180,108	41,46	253	149
6773	75,70	1,0	99,65	0,0	158	149
6774	131,111	6,8	84,96	11,1	152	149
6781	0,1	0,0	0,0	0,2	220	149
6784	148,107	2,4	131,124	0,1	181	149
6788	0,0	4,2	0,2	3,8	202	149
6790	4,2	0,0	3,9	2,0	156	149
6791	39,33	1,0	29,44	0,0	228	149
6792	15,8	8,14	14,22	4,10	152	149
6793	4,0	17,19	2,0	20,11	244	149
6794	7,3	31,14	2,1	22,22	164	149
6796	1,2	3,9	0,5	0,10	152	149
6804	150,124	3,5	170,119	4,4	298	149
6805	3610,3223	35,15	3559,3259	22,12	298	149
6806	6405,5344	0,0	5807,5496	3,0	172	149
6807	695,667	16,21	724,618	15,23	186	149
6808	483,378	6,0	479,445	0,0	211	149
6818	0,1	11,13	0,0	3,5	298	149
6825	73,71	0,1	89,76	0,0	190	149
6826	72,67	0,1	80,61	2,0	157	149
6827	1,2	61,49	0,2	71,52	244	149
6828	1,2	61,49	0,2	71,52	298	149
6832	43,63	46,14	61,42	16,21	152	149
6834	0,4	0,0	1,2	0,1	298	149
6835	197,151	0,0	149,147	0,1	298	149
6836	14,16	114,99	8,9	107,113	156	149
6837	15,10	198,197	13,6	171,153	298	149
6838	176,187	5,6	150,123	11,5	298	149
6839	186,193	52,52	162,125	42,25	298	149
6840	293,207	9,4	233,263	1,2	298	149
6841	303,213	1,0	245,265	1,2	298	149
6842	311,207	0,0	301,241	0,1	298	149
6843	1,7	32,31	6,2	36,43	298	149
6846	0,0	30,29	3,1	41,30	192	149
6848	367,313	2540,3360	329,337	2723,2257	292	149
6849	323,272	2540,3360	281,285	2723,2257	194	149
6850	15,18	8460,8293	18,24	8106,7293	181	149
6851	7966,6628	38,51	7488,6804	43,25	286	149
6852	16411,14903	38,51	15576,14073	43,25	254	149
6854	923,713	0,0	827,756	0,1	194	149
6861	2,2	0,3	0,2	0,0	165	149
6865	493,481	1,0	440,394	1,1	166	149
6866	395,358	5,4	364,401	4,5	298	149
6868	477,452	3,2	447,353	5,4	298	149
6871	330,371	2,0	293,296	0,0	298	149
6872	190,225	2,3	176,164	7,10	298	149
6874	816,742	16,4	689,647	7,10	298	149
6875	135,146	0,0	170,129	0,1	298	149
6876	34,48	1,0	41,44	0,1	298	149
6877	26,17	2,0	30,27	0,1	234	149
6878	65,56	5,7	63,50	3,2	234	149
6879	73,76	6,7	47,86	8,5	289	149
6880	53,42	13,8	37,41	5,4	179	149
6881	99,111	1049,939	124,102	936,829	248	149
6882	27,11	0,0	19,12	0,1	298	149
6883	0,3	38,16	1,0	16,18	298	149
6884	34,26	0,0	35,29	0,1	298	149
6885	14,7	131,94	10,13	115,95	169	149
6887	61,57	2,2	76,85	0,2	298	149
6894	11,14	177,168	3,9	205,156	174	149
6896	5,3	1,0	8,8	0,2	228	149
6898	17,18	25,30	12,19	34,36	298	149
6899	17,17	61,63	13,18	53,65	298	149
6909	1,0	0,0	3,0	0,2	194	149
6914	12,24	9,14	20,9	15,14	298	149
6915	3,0	4,2	0,0	7,1	168	149
6916	1,1	10,15	0,5	12,14	168	149
6918	41,29	142,149	36,30	131,109	270	149
6919	38,26	1,0	27,25	0,0	270	149
6920	187,163	1,0	180,145	0,0	298	149
6921	159,149	2,0	170,131	0,0	298	149
6922	209,154	0,0	178,158	2,0	298	149
6923	37,34	75,66	34,29	81,75	196	149
6924	3,4	0,1	6,4	0,1	196	149
6925	30,28	407,366	14,20	456,374	185	149
6926	18,14	1,0	18,15	1,0	223	149
6927	20,14	0,0	20,16	1,5	223	149
6928	20,16	0,1	25,15	1,4	223	149
6933	0,0	1,0	0,1	0,0	158	149
6935	63,67	87,102	58,56	94,74	152	149
6936	37,96	9,38	32,42	13,14	155	149
6946	3,0	5,4	0,0	3,5	152	149
6947	307,300	9,2	285,250	8,3	180	149
6948	197,214	0,1	160,146	0,0	166	149
6952	15,11	140,164	9,14	131,105	221	149
6953	904,872	4,3	688,674	1,1	298	149
6955	3,3	0,3	11,6	1,1	186	149
6956	6,6	6,3	5,4	5,1	209	149
6960	9,13	22,21	7,5	12,11	257	149
6961	2,3	7,16	1,3	8,13	190	149
6962	96,79	1,0	106,105	0,0	157	149
6963	15,9	1,0	7,15	0,0	298	149
6964	2,1	83,71	0,2	99,92	298	149
6965	32,22	0,0	19,20	0,2	278	149
6966	50,33	0,0	24,28	0,2	298	149
6969	192,199	0,0	162,141	0,1	274	149
6970	11,19	1,0	7,2	1,0	154	149
6971	4,4	24,61	5,4	29,32	298	149
6972	36,35	3779,3289	34,40	3346,3130	189	149
6985	0,0	0,2	1,1	0,7	180	149
6986	3,2	649,572	2,9	685,690	189	149
6991	1,1	2,7	0,0	5,5	169	149
6992	22,28	0,1	24,16	1,1	225	149
6993	26,25	2,0	17,9	2,0	203	149
6995	4,5	48,72	1,8	71,44	238	149
6996	31,34	1,4	28,35	1,3	184	149
6998	1,0	27,34	0,0	43,27	167	149
6999	0,3	0,0	0,0	1,0	298	149
7003	1351,1191	1,0	1267,1208	0,0	157	149
7004	1294,1294	1,7	1175,1058	4,4	298	149
7005	1184,1296	2,7	1205,1156	5,2	223	149
7006	1479,1581	10,8	1402,1352	12,9	268	149
7007	297,292	10,8	202,198	12,9	194	149
7016	3,1	19,7	0,1	8,8	210	149
7018	97,76	11,4	101,105	10,12	276	149
7025	835,865	11,10	742,615	0,5	154	149
7026	698,710	328,352	545,500	227,273	200	149
7027	682,768	57,47	528,469	26,47	152	149
7028	844,1038	8,7	653,584	6,8	186	149
7029	278,354	13,34	260,163	12,20	298	149
7030	123,166	2,3	125,74	11,0	154	149
7039	35,25	0,0	24,13	1,1	191	149
7040	12,10	0,0	4,9	2,0	298	149
7041	6,11	1,0	4,6	2,0	298	149
7043	12,6	7,8	15,14	17,11	298	149
7045	3,0	43,33	2,0	59,46	170	149
7046	38,21	28,29	26,36	26,30	152	149
7051	1,6	4,0	0,1	0,0	152	149
7052	0,1	0,0	0,0	2,0	152	149
7053	7,4	1,0	8,6	1,0	223	149
7054	38,29	1,0	36,18	4,0	162	149
7056	10,4	1,0	5,2	0,1	179	149
7057	189,151	9,23	165,163	23,12	190	149
7058	636,500	0,1	535,535	1,0	298	149
7059	787,660	7,23	664,575	7,18	173	149
7060	92,79	39,18	61,69	22,26	161	149
7061	7,6	1,1	7,10	3,3	161	149
7073	2,4	2,0	4,1	3,1	208	149
7074	3,8	2,2	10,12	1,0	185	149
7075	8,12	6,1	17,18	9,1	232	149
7076	9,12	14,4	17,18	11,7	235	149
7077	7,6	6,1	8,6	9,1	196	149
7078	8,6	14,4	8,6	11,7	199	149
7079	7,1	14,4	9,1	11,7	152	149
7080	6,10	0,0	6,5	0,1	298	149
7081	18,17	13,10	7,10	14,13	152	149
7082	0,1	2,0	0,4	0,0	152	149
7084	5,15	2,0	6,11	0,0	298	149
7085	5,14	0,0	4,11	1,0	298	149
7091	18,28	5,3	27,16	6,6	152	149
7092	25,38	0,0	48,18	0,1	298	149
7094	20,20	0,0	17,16	1,1	207	149
7095	11,7	7,5	12,14	15,9	152	149
7097	58,78	0,1	44,51	6,6	159	149
7098	172,164	828,729	139,131	709,587	196	149
7099	114,87	828,729	101,86	709,587	186	149
7100	1196,1134	13,7	1122,1076	14,8	257	149
7103	293,330	2,0	253,225	1,1	298	149
7104	22,45	503,461	28,44	424,441	298	149
7108	269,404	4,6	236,150	0,1	154	149
7109	376,510	0,1	312,204	0,0	191	149
7110	111,112	0,1	76,55	0,0	186	149
7111	20,13	279,331	3,3	216,157	172	149
7112	161,228	3,8	186,141	0,4	298	149
7113	433,552	3,8	401,296	0,4	298	149
7114	293,340	2,0	227,162	3,0	298	149
7115	126,192	0,0	168,111	1,0	155	149
7116	139,243	3,0	189,123	0,0	191	149
7117	13,51	3,0	22,12	0,0	185	149
7118	486,544	5,13	533,437	4,7	298	149
7119	387,443	8,12	340,231	22,14	194	149
7120	507,543	1,2	415,305	3,0	225	149
7122	320,360	5,4	265,205	4,4	298	149
7123	128,112	1,2	97,88	3,0	180	149
7126	33,14	625,622	16,13	515,409	164	149
7127	18,19	16,14	9,20	17,14	152	149
7128	1,5	12,20	3,3	24,21	207	149
7129	1,2	0,0	1,0	0,2	151	149
7130	2,1	43,31	0,0	50,37	213	149
7134	29,19	447,336	32,12	499,402	298	149
7135	485,436	0,2	443,409	1,0	154	149
7136	90,92	35,23	60,61	28,14	233	149
7139	95,54	0,2	81,84	0,0	153	149
7140	131,125	10,14	138,132	10,7	167	149
7141	121,114	5,5	148,130	1,6	152	149
7144	127,125	65,37	110,99	45,65	290	149
7146	20,11	0,0	13,18	4,2	181	149
7147	170,121	192,186	104,118	213,216	181	149
7148	17,21	0,2	22,22	0,0	298	149
7149	257,226	0,0	269,245	0,3	298	149
7150	275,261	22,19	189,200	25,25	176	149
7151	6,7	3,9	4,6	0,2	154	149
7152	32,33	505,412	32,28	474,389	289	149
7153	226,186	413,324	244,212	419,362	152	149
7155	1437,1225	0,1	1433,1302	0,0	298	149
7156	1434,1226	191,189	1435,1301	256,216	298	149
7157	1,2	191,189	2,1	256,216	152	149
7159	2,0	2,6	2,0	3,1	176	149
7160	3,3	1,2	2,2	2,1	152	149
7161	0,2	8,14	0,0	13,5	163	149
7162	59,56	3,2	44,53	1,0	298	149
7163	69,79	0,4	62,74	0,7	203	149
7172	295,315	1,0	269,318	2,0	193	149
7193	212,146	0,0	146,184	1,0	298	149
7198	201,190	0,0	196,200	3,0	182	149
7199	3,2	180,161	6,7	166,151	190	149
7200	223,225	5,8	274,275	1,7	237	149
7201	10,5	218,182	12,4	180,189	169	149
7202	251,204	31,34	217,225	21,15	153	149
7214	3,1	0,0	0,1	2,1	257	149
7215	6,1	0,0	1,1	2,1	298	149
7216	4,1	0,0	0,1	2,1	298	149
7223	536,425	320,263	494,406	233,250	298	149
7225	38,27	1,0	52,12	1,1	211	149
7229	71,54	314,255	48,53	275,197	298	149
7231	79,80	1,3	70,47	0,0	170	149
7232	17,8	102,92	11,8	76,91	176	149
7234	63,44	81,43	47,51	51,51	152	149
7263	3,5	151,108	5,3	130,84	269	149
7264	111,109	19,18	77,103	3,10	298	149
7265	11,11	32,41	5,11	39,48	197	149
7266	1,3	15,23	2,8	15,3	178	149
7275	330,277	5,2	318,280	0,2	298	149
7280	12,12	3,3	10,2	1,2	194	149
7282	8,7	0,3	11,4	0,0	194	149
7283	1,0	2,5	0,1	4,4	170	149
7284	1,0	3,1	0,0	6,3	152	149
7285	17,11	7,14	15,18	8,14	153	149
7289	77,76	454,389	58,49	431,409	298	149
7292	386,307	0,3	350,309	1,0	298	149
7293	20,23	493,468	25,17	435,409	179	149
7294	17,14	493,468	13,9	435,409	209	149
7295	2,1	5,10	1,1	13,9	179	149
7296	238,144	0,2	194,191	3,3	175	149
7298	12,21	8,12	13,12	2,9	244	149
7299	47,46	6,8	52,47	8,12	152	149
7300	27,22	82,83	20,24	94,116	197	149
7302	11,9	177,150	13,9	168,171	162	149
7303	19,10	69,59	4,9	65,63	163	149
7310	121,138	1,0	142,126	0,0	211	149
7311	145,112	0,0	125,125	0,2	222	149
7331	3,1	1,0	4,1	3,0	188	149
7332	0,0	0,2	2,0	0,0	298	149
7334	90,67	1,4	103,95	5,5	152	149
7335	50,46	91,119	50,48	80,101	164	149
7338	16,18	307,249	18,22	302,278	182	149
7339	5,5	307,249	5,9	302,278	200	149
7340	0,1	11,14	3,2	16,15	167	149
7341	5,5	0,2	2,7	2,0	182	149
7343	506,341	4,0	409,367	0,0	173	149
7344	304,275	0,0	330,251	0,4	298	149
7347	25,23	157,145	16,17	146,137	245	149
7348	205,170	2,2	180,149	3,2	153	149
7349	7,7	1,0	6,8	0,0	153	149
7350	20,23	275,258	15,27	203,196	167	149
7352	6,4	0,0	0,6	0,1	178	149
7353	1,0	0,0	0,0	0,1	153	149
7354	6,1	1,0	3,4	0,0	164	149
7364	26,16	3,5	13,16	9,6	233	149
7366	1,4	6,3	2,3	2,5	169	149
7367	4,1	6,3	0,2	2,5	173	149
7368	12,15	6,3	8,2	2,5	298	149
7369	16,8	6,3	13,2	2,5	298	149
7370	11,8	6,3	8,1	2,5	298	149
7371	3,1	0,4	0,2	2,3	153	149
7372	11,15	0,4	8,3	2,3	298	149
7373	15,8	0,4	13,3	2,3	298	149
7374	10,8	0,4	8,2	2,3	298	149
7375	9,15	1,1	8,3	0,2	298	149
7376	13,8	1,1	13,3	0,2	298	149
7377	8,8	1,1	8,2	0,2	298	149
7378	5,0	1,7	5,1	0,1	152	149
7388	10,10	291,271	8,7	219,206	271	149
7389	2,2	136,150	1,0	113,114	160	149
7390	0,0	2,4	0,1	1,1	298	149
7401	22,22	15,11	12,24	8,2	298	149
7403	7,5	3,1	3,6	0,0	239	149
7404	593,440	2,0	540,509	1,0	298	149
7405	17,19	6,2	13,13	6,11	196	149
7408	29,25	15,8	31,20	14,5	298	149
7410	30,38	1,0	24,34	1,0	151	149
7411	9,12	0,0	13,8	3,2	151	149
7413	58,60	3,0	58,80	1,1	153	149
7416	4,3	30,38	6,1	25,28	200	149
7418	38,19	4,2	34,28	1,0	180	149
7421	189,210	14,8	154,172	5,1	240	149
7423	72,68	1,0	65,74	3,0	225	149
7431	2,3	0,0	4,0	1,0	191	149
7433	0,1	2,0	1,0	0,0	298	149
7439	3,2	17,18	0,1	14,5	298	149
7442	1,0	4,4	2,0	0,0	171	149
7443	0,0	3,5	1,1	4,0	171	149
7444	2,4	3,5	8,8	4,0	298	149
7445	3,4	0,0	9,8	1,1	298	149
7456	20,24	5,6	13,15	6,2	298	149
7461	257,214	15,12	287,209	12,4	152	149
7462	35,22	156,116	37,19	146,107	188	149
7463	38,28	0,2	47,23	1,4	194	149
7464	159,122	0,2	156,111	1,4	155	149
7465	2,4	2,0	1,5	0,0	152	149
7466	204,182	14,3	187,200	5,5	152	149
7467	2,3	1,0	1,1	2,0	152	149
7470	1,0	3,0	0,0	1,0	152	149
7476	1053,907	3,4	956,959	7,7	229	149
7482	0,2	1,2	3,2	5,11	153	149
7483	4,2	64,119	2,2	70,64	182	149
7484	0,1	3,0	0,0	2,2	152	149
7485	9,5	19,13	11,9	8,8	152	149
7487	19,45	79,58	36,30	56,55	298	149
7488	3,5	6,1	4,1	13,10	298	149
7489	17,13	174,192	18,23	173,187	298	149
7490	179,192	3,4	181,188	10,5	298	149
7492	105,108	0,0	78,97	0,1	170	149
7493	27,27	0,4	45,32	0,2	198	149
7494	27,21	0,0	19,32	0,1	298	149
7495	17,28	251,216	15,24	251,199	298	149
7497	12,14	4,0	14,19	0,0	250	149
7498	10,5	225,269	4,4	234,212	276	149
7499	40,56	1,0	37,36	0,0	298	149
7500	256,320	1,0	269,245	0,0	194	149
7501	0,4	133,167	2,2	132,112	204	149
7504	1,4	0,0	3,1	0,2	230	149
7507	3669,3051	3,1	3118,3233	2,3	156	149
7509	0,0	186,196	0,1	174,166	168	149
7510	0,2	126,105	6,2	110,114	185	149
7511	296,297	0,2	281,262	0,0	294	149
7513	24,15	0,0	13,20	0,1	169	149
7514	15,11	0,0	7,7	0,1	165	149
7515	129,77	6,0	87,88	2,0	153	149
7516	144,88	8,3	94,95	3,5	169	149
7517	21,11	8,3	9,7	3,5	165	149
7518	10,11	107,107	11,12	110,111	199	149
7519	30,27	3,0	18,12	4,2	162	149
7520	37,38	107,107	25,22	110,111	212	149
7521	138,149	6,0	103,171	0,0	298	149
7525	52,60	13,17	39,41	13,14	298	149
7526	574,474	0,2	538,438	0,0	181	149
7530	219,174	38,35	181,164	35,38	155	149
7531	55,54	4,8	34,48	1,6	298	149
7532	0,0	2,1	2,0	5,4	166	149
7537	229,196	17,5	199,152	12,11	154	149
7538	64,50	117,144	53,52	141,88	173	149
7539	87,69	91,117	82,55	95,77	173	149
7548	3,2	1,0	6,2	1,3	162	149
7549	0,1	1,0	0,2	1,3	170	149
7550	0,0	3,1	0,1	6,1	157	149
7554	83,87	20,16	96,77	12,10	152	149
7556	3,4	2,0	0,5	0,1	152	149
7557	101,81	2,5	103,105	2,3	152	149
7561	3,4	94,73	6,0	109,89	188	149
7562	122,81	29,24	101,77	27,16	152	149
7563	6,1	0,8	8,6	0,1	152	149
7564	143,108	12,20	110,112	19,28	152	149
7570	128,105	0,2	140,129	2,0	298	149
7571	113,85	1,0	107,114	0,0	298	149
7572	1,0	124,110	0,0	167,100	175	149
7574	27,39	400,296	19,35	315,296	223	149
7575	15,26	10,7	8,18	9,14	223	149
7576	475,449	10,2	407,382	5,2	223	149
7579	0,1	111,99	0,0	127,108	190	149
7584	60,77	0,0	49,79	0,1	153	149
7585	190,190	0,1	182,192	0,0	153	149
7586	61,41	2,1	34,45	0,0	189	149
7587	31,43	0,7	37,38	0,2	176	149
7588	42,49	19,18	57,45	22,16	212	149
7589	61,62	1,1	66,60	2,1	198	149
7590	2769,2458	1099,914	2599,2302	957,890	152	149
7591	619,541	2616,2264	585,564	2438,2235	152	149
7592	8827,7498	0,0	8140,7593	0,1	162	149
7593	8999,7052	0,2	7610,6795	0,2	298	149
7594	98,81	0,1	89,67	1,0	157	149
7596	2,0	0,0	3,1	0,2	298	149
7601	1,0	41,41	1,2	28,33	209	149
7602	30,46	0,5	20,34	0,4	298	149
7603	71,87	0,5	48,65	0,4	274	149
7604	147,110	286,232	122,114	241,220	173	149
7606	186,165	2,0	180,137	3,0	238	149
7607	244,193	3,0	253,218	0,0	298	149
7608	2,0	356,278	4,1	304,248	165	149
7611	416,345	0,0	358,332	4,1	298	149
7612	257,245	1,1	297,313	2,3	158	149
7630	99,95	1,0	115,85	0,0	279	149
7633	107,144	2,0	88,84	0,1	298	149
7641	4,1	454,404	0,2	430,380	180	149
7642	3,0	245,209	1,9	231,191	161	149
7644	5,10	0,0	4,3	0,1	190	149
7645	10,10	773,672	17,15	697,690	201	149
7646	101,73	0,2	74,64	1,2	154	149
7647	0,2	12,17	1,3	15,27	164	149
7648	0,0	2,0	1,0	0,2	164	149
7649	22,26	0,2	16,33	1,0	220	149
7651	25,24	5,3	19,12	7,10	153	149
7652	61,37	0,2	71,45	0,1	152	149
7656	6,9	4,0	26,19	1,0	154	149
7657	5,2	0,0	5,12	0,1	154	149
7660	11,5	11,16	10,5	18,16	152	149
7661	13,23	2,1	11,10	3,2	152	149
7671	1,1	1,0	2,2	0,0	223	149
7677	7,4	1651,1510	5,9	1633,1502	175	149
7678	1960,1709	3,2	1851,1563	7,1	158	149
7679	2,3	91,99	6,1	98,84	152	149
7683	4,6	1,0	9,4	2,0	169	149
7684	36,44	2,4	31,51	2,4	298	149
7685	26,15	0,4	25,26	0,0	152	149
7686	33,35	0,0	46,31	3,1	152	149
7687	40,42	0,0	40,42	1,0	205	149
7689	41,48	0,3	39,30	0,1	207	149
7690	12,12	0,3	7,12	0,1	204	149
7691	3,0	44,47	0,1	32,47	170	149
7693	26,54	0,0	40,47	1,0	153	149
7697	3,5	4,1	5,4	0,1	154	149
7705	766,606	0,1	654,659	0,0	152	149
7706	506,498	1,3	477,558	0,0	298	149
7708	132,127	294,314	69,62	213,217	215	149
7709	31,37	294,314	19,25	213,217	239	149
7710	2,5	103,95	2,1	52,38	173	149
7720	2,0	0,1	0,0	1,0	152	149
7726	69,49	0,0	51,42	1,0	298	149
7729	108,97	2,0	132,107	4,2	158	149
7730	126,91	0,0	95,79	2,0	298	149
7731	124,90	0,1	94,80	1,0	152	149
7732	0,1	182,164	0,0	240,173	182	149
7734	184,168	0,0	191,174	3,0	179	149
7742	2,0	87,50	0,0	69,81	167	149
7743	131,106	0,6	96,103	0,1	201	149
7744	103,73	2,1	91,80	0,3	168	149
7745	160,136	2,1	169,149	0,0	298	149
7749	414,364	0,8	356,329	0,1	298	149
7757	97,58	1,2	86,52	6,2	203	149
7758	3719,2976	16,10	3775,3023	10,11	183	149
7763	56,52	3,0	40,33	3,2	298	149
7764	92,130	2,0	63,60	1,4	279	149
7765	15,22	48,49	11,13	25,29	298	149
7777	179,152	0,0	184,161	1,0	220	149
7778	59,43	21,21	56,55	12,17	152	149
7784	0,0	1,0	2,0	0,0	298	149
7787	304,382	2,0	271,205	4,6	288	149
7788	407,366	0,2	370,253	0,2	291	149
7789	271,240	25,19	220,176	14,25	206	149
7790	269,266	0,2	204,227	2,0	197	149
7791	281,189	22,23	249,325	18,13	298	149
7792	281,189	2,3	251,327	0,0	298	149
7793	287,212	0,0	280,402	1,0	298	149
7794	225,165	0,0	219,364	1,0	298	149
7795	841,678	2,0	1051,1265	2,0	236	149
7797	28,18	681,596	11,10	555,534	265	149
7798	3,3	569,520	0,5	483,517	165	149
7799	8,6	569,520	6,9	483,517	227	149
7800	6,5	1,2	6,8	0,4	211	149
7801	400,272	5,2	306,271	0,7	298	149
7802	266,281	0,0	306,255	0,1	298	149
7803	337,243	0,0	299,295	2,0	298	149
7804	10,7	336,325	8,12	367,318	167	149
7805	6,13	400,322	5,11	354,328	298	149
7806	471,369	0,0	421,438	4,0	298	149
7807	790,649	3,0	664,591	0,9	222	149
7808	6,7	32,26	9,3	27,26	196	149
7809	4,9	2,3	7,3	6,3	196	149
7811	0,2	367,256	1,1	303,280	298	149
7813	0,0	9,9	1,2	20,10	153	149
7814	17,15	1,0	11,17	0,0	272	149
7816	65,48	4,2	55,51	2,1	213	149
7821	5,4	2,2	1,2	0,0	245	149
7822	1,0	0,4	0,2	1,6	190	149
7823	0,4	3,4	6,4	6,0	152	149
7824	3,2	75,61	8,5	98,98	179	149
7825	225,210	9,9	248,235	12,8	298	149
7829	19,9	142,153	15,7	127,145	252	149
7830	226,164	6,0	184,144	1,1	194	149
7832	669,555	8,3	629,612	9,2	154	149
7851	3,3	179,156	6,1	129,176	258	149
7852	17,38	154,139	25,31	113,134	298	149
7858	19,16	5,2	16,14	0,2	249	149
7859	26,50	0,1	22,42	2,3	152	149
7860	33,31	1,0	20,15	0,0	152	149
7861	37,23	86,61	28,32	51,54	185	149
7862	6,1	1,0	3,0	0,0	188	149
7863	14,25	479,403	21,13	423,457	155	149
7864	511,422	12,17	467,477	18,7	298	149
7865	455,460	2,0	491,484	2,2	298	149
7866	348,291	2,0	368,357	3,3	298	149
7867	11,3	2,0	4,6	3,3	298	149
7868	347,291	7,2	371,363	2,6	298	149
7869	566,517	2,0	606,565	0,0	231	149
7870	226,232	2,0	241,212	0,0	231	149
7872	40,35	5,4	31,17	4,0	193	149
7873	39,41	120,122	41,19	87,100	298	149
7878	13,10	236,178	29,11	213,207	165	149
7880	75,80	31,47	71,62	28,40	152	149
7881	7,5	0,2	2,5	0,0	152	149
7882	17,29	39,38	24,18	35,22	298	149
7886	279,218	0,2	201,238	1,0	298	149
7887	536,399	4,1	386,432	0,4	298	149
7888	10,4	0,1	4,2	0,0	152	149
7891	39,30	7,0	29,45	12,6	197	149
7893	2,3	0,1	5,3	0,2	245	149
7894	5,0	0,0	1,2	1,0	197	149
7895	0,0	0,4	0,1	1,0	175	149
7896	250,219	2,1	212,164	4,2	298	149
7905	6,2	4,0	2,1	0,2	297	149
7907	148,160	12,4	111,139	14,14	271	149
7909	20,26	152,157	14,31	118,110	298	149
7912	10,9	1,0	7,11	2,0	172	149
7913	583,607	0,2	630,514	5,3	298	149
7916	196,156	2,0	161,182	1,1	191	149
7917	188,162	1,2	157,154	1,1	270	149
7918	5,6	312,204	3,0	226,212	298	149
7919	5,4	39,32	3,0	48,40	298	149
7920	7,9	289,228	12,8	263,226	172	149
7924	1,6	73,89	7,11	70,61	276	149
7925	44,44	1,0	15,26	0,0	293	149
7926	40,43	0,0	12,25	2,5	293	149
7927	2,2	2762,2213	3,4	2425,2517	179	149
7928	2778,2503	8,5	2801,2657	6,3	200	149
7929	94,103	4,0	114,69	1,0	211	149
7930	216,203	26,17	217,180	21,25	232	149
7931	9,15	26,17	15,9	21,25	160	149
7932	42,36	26,17	27,31	21,25	181	149
7933	46,39	26,17	32,37	21,25	190	149
7934	83,90	26,17	90,71	21,25	298	149
7935	34,32	1,11	18,23	6,1	170	149
7936	38,35	1,11	23,29	6,1	179	149
7937	208,199	1,11	208,172	6,1	221	149
7938	79,88	1,11	84,64	6,1	298	149
7944	34,25	146,127	25,19	140,119	298	149
7947	25,16	196,157	13,23	156,159	298	149
7948	0,2	24,16	0,4	14,24	172	149
7949	0,2	24,36	0,3	21,23	172	149
7950	2287,2046	16,9	2222,2043	10,9	254	149
7952	1828,1656	4,7	1835,1625	2,7	298	149
7953	1193,1170	0,1	1206,1142	0,0	152	149
7956	13,25	1008,1044	20,22	942,900	169	149
7957	38,51	0,1	43,34	0,0	175	149
7958	1033,1070	0,1	965,912	0,0	155	149
7960	40,50	580,584	42,31	474,414	176	149
7961	636,666	44,37	498,458	41,42	298	149
7962	1198,1225	44,37	954,846	41,42	298	149
7963	708,714	36,24	554,502	39,27	298	149
7964	9,4	82,57	10,1	40,42	152	149
7965	132,132	1093,894	88,88	813,830	298	149
7966	210,187	1093,894	120,130	813,830	298	149
7967	4,3	2,0	8,3	0,0	153	149
7968	24,23	580,584	25,8	474,414	170	149
7969	183,308	2,5	191,120	2,5	298	149
7970	22,20	580,584	17,5	474,414	166	149
7971	183,307	2,5	189,117	2,5	298	149
7972	741,871	2,5	648,526	2,5	283	149
7973	53,64	323,267	48,34	259,276	254	149
7974	34,25	43,35	37,35	58,31	170	149
7975	6,4	0,2	11,6	1,2	170	149
7977	96,75	0,0	71,89	2,3	153	149
7978	1,8	1,4	3,1	2,1	298	149
7987	10,25	0,0	19,17	2,0	225	149
7988	12,26	0,1	18,19	0,0	225	149
7989	23,52	2,1	53,39	0,2	225	149
7995	14,19	328,333	15,19	290,337	182	149
7996	365,369	5,4	317,369	0,4	298	149
7997	326,328	0,0	286,343	1,0	298	149
7998	382,304	2,1	315,310	4,0	298	149
7999	43,24	597,515	30,15	474,452	163	149
8000	504,404	4,1	395,409	2,2	298	149
8001	923,861	7,5	720,602	11,13	200	149
8002	0,2	0,2	2,0	0,0	155	149
8003	821,692	63,40	739,680	34,49	181	149
8004	141,128	7,6	127,89	10,8	181	149
8005	654,568	8,4	620,556	4,1	155	149
8006	401,343	60,43	316,342	40,49	174	149
8007	83,77	5,5	55,71	0,8	174	149
8008	74,72	1,0	52,67	0,0	174	149
8009	160,171	1,0	111,166	0,0	298	149
8010	96,105	0,0	69,104	1,0	298	149
8011	10,14	665,517	13,3	653,588	178	149
8012	74,72	1,0	51,68	1,1	174	149
8013	102,91	1,0	71,98	1,1	298	149
8014	38,25	0,0	29,36	0,1	298	149
8015	122,116	1,0	91,130	1,1	298	149
8016	541,557	19,10	525,444	21,17	298	149
8017	709,601	0,1	609,508	0,0	298	149
8018	108,122	0,0	100,77	1,0	298	149
8019	6,3	1,1	4,4	0,1	281	149
8021	207,184	1,0	244,187	0,0	298	149
8022	70,69	0,3	66,74	0,1	201	149
8029	16,12	188,167	13,13	192,149	233	149
8032	21,16	1,0	11,13	0,1	200	149
8033	34,32	85,103	30,17	81,74	298	149
8034	20,12	85,103	10,12	81,74	179	149
8035	33,37	27,30	19,34	26,29	234	149
8036	35,37	1021,875	20,34	895,835	237	149
8037	29,30	1021,875	27,29	895,835	152	149
8038	44,39	27,47	18,23	18,8	152	149
8039	529,509	314,307	416,384	314,287	298	149
8040	331,334	314,307	271,276	314,287	298	149
8041	55,54	235,209	32,57	167,145	176	149
8048	142,134	1,0	128,132	0,0	298	149
8049	299,261	0,0	272,206	2,1	298	149
8050	70,82	0,2	76,37	0,0	298	149
8051	282,277	0,2	243,195	0,0	298	149
8052	272,242	2,0	212,192	0,2	298	149
8059	5,3	24,9	11,12	18,20	168	149
8061	7,5	0,0	7,12	0,2	187	149
8062	19,11	0,0	13,14	1,0	187	149
8063	24,10	1,1	19,20	1,0	187	149
8064	4,8	4,14	5,6	10,6	193	149
8066	0,3	0,4	0,2	0,1	298	149
8079	3,7	0,0	4,8	1,0	152	149
8080	39,49	33,22	50,34	25,29	152	149
8081	99,103	12,20	105,106	6,11	161	149
8089	0,0	3,1	3,3	2,3	172	149
8090	12,8	365,278	9,4	343,249	219	149
8091	15,9	365,278	8,4	343,249	196	149
8092	7,7	21,23	10,5	28,25	172	149
8093	19,10	0,2	16,7	0,0	157	149
8094	47,33	3,5	49,51	1,2	298	149
8099	4,6	11,11	3,3	14,3	165	149
8100	47,51	0,3	69,44	1,2	157	149
8101	49,36	0,0	57,28	1,0	157	149
8102	0,1	42,19	2,1	29,24	154	149
8108	60,47	86,116	37,33	94,91	209	149
8109	631,543	0,0	511,461	2,0	182	149
8110	1912,1662	51,40	1549,1461	45,37	179	149
8111	1943,1692	22,21	1574,1475	23,21	182	149
8112	82,70	22,21	70,51	23,21	152	149
8113	63,68	1603,1368	56,47	1342,1229	233	149
8114	8,10	3,3	10,12	3,5	152	149
8115	10,15	7,8	4,7	4,7	152	149
8116	65,116	167,361	105,91	173,122	152	149
8117	1770,1396	0,3	1526,1511	0,2	298	149
8118	74,82	2230,2106	72,60	2055,1804	180	149
8119	2,1	1,0	0,1	0,0	155	149
8120	295,230	8,5	255,258	11,7	185	149
8123	157,116	0,0	115,181	1,2	154	149
8124	14,3	4,2	2,11	2,6	250	149
8125	221,182	3,10	242,192	3,10	226	149
8126	74,68	18,16	61,64	6,9	256	149
8127	201,202	18,16	175,179	6,9	264	149
8128	130,134	3,0	114,115	0,0	157	149
8129	18,9	0,6	26,28	4,1	154	149
8140	6,3	9,2	0,3	4,18	182	149
8141	6,9	9,2	13,6	4,18	210	149
8142	6,8	9,2	9,7	4,18	234	149
8143	2,7	2,1	13,3	0,0	177	149
8144	2,6	2,1	9,4	0,0	201	149
8145	1,1	1,2	0,4	4,3	173	149
8152	338,232	2,0	262,233	2,0	191	149
8159	112,135	0,0	143,99	0,2	154	149
8161	6,1	3,5	2,3	2,8	153	149
8162	674,535	443,334	673,613	444,389	180	149
8166	172,119	8,2	157,107	6,9	180	149
8167	29,34	118,116	21,39	112,98	161	149
8168	127,104	41,50	132,121	55,52	152	149
8169	41,24	172,166	31,26	172,129	165	149
8170	11,5	10,11	14,9	7,8	165	149
8175	3,0	4,6	0,5	7,5	238	149
8176	0,0	5,2	0,5	1,0	222	149
8177	0,1	5,2	0,5	1,0	298	149
8181	12,7	0,0	1,2	1,0	295	149
8183	4,3	0,0	5,7	0,2	298	149
8185	85,55	2,5	82,81	1,0	189	149
8186	24,12	0,3	22,18	0,0	189	149
8193	1,0	7,5	3,2	2,3	169	149
8194	2,0	80,77	9,2	85,79	169	149
8195	4,7	13,5	2,8	12,11	155	149
8198	7,8	0,3	5,2	4,0	152	149
8199	582,467	13,17	594,522	11,21	298	149
8201	5,5	42,31	1,2	39,34	178	149
8203	3,1	0,0	2,6	0,2	152	149
8204	4,0	4,0	0,1	0,0	152	149
8205	1,4	4,0	2,3	0,0	212	149
8206	1,4	4,0	2,3	0,1	209	149
8207	82,77	0,0	85,78	1,2	283	149
8208	1,1	130,108	1,0	115,98	298	149
8209	163,114	2,0	164,111	1,0	156	149
8212	3,0	221,140	2,0	170,163	177	149
8214	1,1	117,117	0,0	123,91	245	149
8215	109,89	131,108	133,107	175,115	194	149
8216	29,30	1,0	21,26	0,0	288	149
8222	2,0	0,0	0,0	1,2	152	149
8226	5,3	93,84	2,0	93,74	167	149
8227	0,0	119,85	4,9	104,113	162	149
8230	3,10	27,19	3,1	30,35	169	149
8231	3,1	54,46	3,0	51,48	298	149
8236	84,75	1,4	46,53	5,3	298	149
8237	85,73	19,16	48,58	11,13	298	149
8238	63,51	0,2	45,52	2,4	182	149
8239	63,51	13,7	46,56	10,7	185	149
8240	0,2	13,7	3,8	10,7	152	149
8241	20,23	0,0	33,19	0,1	167	149
8242	132,128	2,0	132,98	2,2	171	149
8244	1,1	283,241	5,0	282,220	185	149
8245	5,2	239,222	4,4	191,233	177	149
8246	5,8	305,300	11,6	324,306	298	149
8247	3,5	300,275	3,6	335,300	199	149
8248	261,200	1,0	264,238	0,0	298	149
8249	4,10	248,219	8,18	241,208	243	149
8250	17,14	191,177	8,9	157,147	298	149
8253	13,8	106,78	7,1	63,67	152	149
8254	2980,2319	6,3	2664,2258	2,2	293	149
8255	39,38	1501,1260	30,40	1333,1114	176	149
8256	0,1	2,3	0,0	2,2	298	149
8271	20,21	0,0	24,25	2,0	191	149
8272	18,16	3,0	17,14	7,5	298	149
8273	69,62	0,0	66,61	2,0	224	149
8274	205,143	123,111	178,152	100,97	224	149
8275	225,153	37,20	199,162	21,20	227	149
8276	143,121	37,20	121,107	21,20	152	149
8277	22,10	2,0	22,12	0,0	152	149
8279	165,158	2,0	149,152	1,0	153	149
8280	234,215	0,3	191,181	0,0	298	149
8281	127,85	1,0	105,104	0,0	187	149
8282	743,634	2,0	714,648	1,2	187	149
8284	1235,1070	0,1	1132,1143	0,1	191	149
8285	1,0	44,33	0,2	43,43	298	149
8286	2,5	6,12	4,3	8,4	176	149
8288	30,28	8,11	21,15	7,11	152	149
8289	0,3	16,20	2,0	26,15	152	149
8291	0,0	0,1	0,1	0,0	152	149
8294	125,89	1,0	136,120	0,0	234	149
8295	43,54	252,216	47,43	239,228	184	149
8298	1222,882	37,22	1156,1050	43,33	154	149
8299	1424,1204	4,12	1445,1317	6,14	160	149
8300	1465,1238	0,3	1484,1352	5,2	170	149
8301	45,46	0,3	45,49	5,2	159	149
8314	1,0	3,0	0,2	1,5	298	149
8315	1,0	2,0	0,2	0,2	298	149
8316	1,2	8,1	0,0	8,10	206	149
8317	1,2	8,1	0,0	8,10	298	149
8324	139,126	20,18	106,112	20,11	152	149
8325	24,20	13,3	18,21	9,4	197	149
8326	30,24	51,61	20,21	69,56	197	149
8327	24,23	113,103	18,24	100,102	197	149
8329	2500,2073	10,3	2373,2252	7,15	298	149
8331	185,250	40,45	198,178	32,33	196	149
8333	157,136	1,1	172,145	0,0	191	149
8336	7,3	0,1	2,6	0,0	152	149
8337	10,7	4,6	4,9	4,2	152	149
8342	155,153	17,9	158,149	7,18	187	149
8343	78,60	5,3	83,34	1,5	256	149
8344	122,108	5,3	128,83	1,5	259	149
8345	52,56	8,8	53,50	8,1	152	149
8348	0,3	1,4	1,2	3,0	193	149
8349	1,1	1,0	3,3	2,0	170	149
8351	19,15	4,2	13,17	0,0	151	149
8357	13,6	0,0	12,8	1,0	153	149
8358	8,10	15,3	7,12	2,0	154	149
8380	2,0	1,0	2,0	0,0	153	149
8391	3,4	7,4	3,2	9,10	219	149
8397	0,3	0,1	1,0	0,0	169	149
8398	0,3	0,0	1,0	0,1	219	149
8399	0,1	0,0	0,0	0,1	199	149
8400	7,7	0,2	6,10	4,1	298	149
8404	9,8	2,7	8,12	0,6	298	149
8405	9,6	1,0	7,12	0,0	298	149
8407	7,4	2,7	5,10	0,6	290	149
8408	7,4	1,0	5,10	0,0	296	149
8410	2,7	1,0	0,6	0,0	155	149
8418	327,207	11,10	272,263	20,4	230	149
8420	1,1	2,0	5,6	2,1	154	149
8421	1,2	12,5	2,0	7,7	152	149
8422	1,2	1,3	3,0	4,2	152	149
8425	5,1	2,4	4,3	4,0	152	149
8430	1,0	0,1	0,4	2,0	152	149
8432	2,0	4,4	2,1	5,5	253	149
8433	28,32	0,0	23,23	1,0	240	149
8440	728,698	4,6	641,570	2,8	259	149
8441	1335,1469	3,0	1283,1080	0,2	259	149
8443	3669,3023	0,1	3602,3413	1,0	298	149
8444	280,232	2,1	248,227	0,4	298	149
8445	8,13	251,221	4,6	211,189	292	149
8446	6,4	148,125	3,3	137,120	164	149
8450	447,329	0,4	421,378	0,0	298	149
8451	51,37	307,265	30,35	295,319	251	149
8452	26,16	211,233	21,18	206,253	198	149
8454	4,7	46,34	9,2	49,42	298	149
8455	948,690	0,0	804,875	1,0	298	149
8456	459,359	0,1	351,299	2,2	298	149
8457	7,4	222,187	8,6	183,144	168	149
8463	12,15	6,4	6,5	7,11	295	149
8464	16,19	6,4	9,7	7,11	298	149
8465	6,4	2,0	3,2	0,0	155	149
8475	3,0	4,6	2,1	3,3	152	149
8476	52,51	2,0	41,52	2,0	298	149
8478	421,304	0,0	339,341	0,1	219	149
8484	140,97	1,0	112,116	0,3	153	149
8487	2,2	269,232	1,1	255,216	182	149
8503	1,0	34,33	1,0	32,48	171	149
8506	30,30	116,94	20,17	65,56	223	149
8507	15,8	159,126	14,14	130,109	170	149
8508	240,180	0,0	225,183	3,0	153	149
8509	19,11	0,0	22,12	3,0	193	149
8510	2,2	223,171	0,2	203,173	189	149
8521	5,7	4,6	6,12	5,8	153	149
8523	14,14	1,2	21,15	5,4	197	149
8524	8,9	22,28	12,6	17,19	230	149
8525	7,0	0,4	1,0	3,2	171	149
8526	6,0	2,0	1,0	0,0	171	149
8527	8,0	0,1	1,0	1,2	171	149
8528	6,0	20,12	2,3	11,6	171	149
8531	1796,1522	5,6	1532,1526	3,8	298	149
8532	1213,1032	0,1	1093,1034	0,0	298	149
8533	229,217	0,0	202,171	0,2	192	149
8534	220,208	0,2	189,173	2,0	192	149
8535	698,625	8,3	618,682	1,8	192	149
8536	36,44	19,14	45,33	24,13	152	149
8537	38,31	0,2	20,14	0,0	298	149
8538	21,17	1,1	16,7	0,0	298	149
8539	12,5	0,0	9,4	1,0	152	149
8540	67,48	132,102	61,79	129,162	152	149
8541	29,9	4,5	14,12	14,5	152	149
8543	778,679	70,57	660,814	73,67	152	149
8544	2,0	0,2	1,0	7,0	152	149
8557	168,94	28,16	109,122	13,10	168	149
8558	199,142	5,11	200,160	4,0	228	149
8563	421,309	20,9	303,271	10,11	153	149
8566	2,3	547,434	4,6	552,453	182	149
8567	538,537	0,0	596,564	0,2	298	149
8570	0,0	0,2	0,2	0,0	151	149
8571	0,0	50,55	3,0	51,52	167	149
8573	5,8	25,24	5,9	23,8	152	149
8574	3,2	25,24	1,0	23,8	171	149
8575	3,4	25,24	7,0	23,8	278	149
8577	0,2	2,6	6,0	4,9	275	149
8579	269,229	0,0	248,205	1,2	298	149
8581	15,12	1,0	15,11	0,0	298	149
8582	3,2	59,31	1,3	49,55	153	149
8583	3,4	59,31	0,1	49,55	170	149
8584	1,2	1,0	0,1	1,3	166	149
8585	24,20	67,74	15,14	85,72	186	149
8586	5,6	0,0	3,8	1,0	186	149
8592	362,422	10,17	308,315	15,14	298	149
8593	6,5	396,389	5,6	352,319	181	149
8594	548,567	3,0	528,542	4,1	298	149
8595	652,675	0,1	701,719	2,0	298	149
8596	610,519	11,8	543,555	5,14	189	149
8597	395,311	0,0	313,333	1,0	198	149
8601	43,42	2,0	43,35	0,0	152	149
8614	35,41	3,1	42,22	0,0	154	149
8616	6,5	115,117	5,2	157,129	170	149
8619	4,3	32,26	6,2	30,23	298	149
8620	19,12	601,451	26,11	503,496	174	149
8621	0,1	13,34	0,0	20,16	181	149
8623	41,51	372,377	34,15	354,328	227	149
8624	85,77	3,0	83,94	0,0	298	149
8625	7,7	51,64	7,2	51,54	200	149
8626	0,0	110,113	1,0	89,108	164	149
8629	9,17	73,75	11,17	41,61	152	149
8630	93,112	1,6	99,91	0,2	197	149
8637	7,1	2,3	6,8	2,2	298	149
8643	3,5	95,79	2,5	99,76	177	149
8649	20,7	8,0	11,4	3,2	298	149
8650	23,5	2,0	13,4	0,0	298	149
8654	17,4	8,0	8,4	3,2	257	149
8655	20,4	2,0	10,4	0,0	264	149
8658	3,0	8,0	0,1	3,2	178	149
8659	6,0	2,0	2,1	0,0	185	149
8662	11,0	2,0	5,2	0,0	156	149
8674	18,6	148,175	8,15	136,129	220	149
8675	1,3	1,1	5,0	2,0	173	149
8676	7,16	79,92	14,18	77,87	298	149
8677	8,17	79,92	16,18	77,87	298	149
8678	488,365	5,8	401,382	0,10	298	149
8679	423,514	7,8	384,300	13,5	269	149
8680	548,470	18,13	457,432	12,16	186	149
8681	7,16	0,1	10,14	0,0	225	149
8682	4,0	5,2	0,1	2,3	151	149
8684	194,161	0,1	145,197	0,0	298	149
8685	8,13	0,0	10,10	2,0	170	149
8686	59,67	0,0	55,32	2,0	175	149
8687	53,55	2,1	47,24	2,2	154	149
8688	61,56	3,6	43,65	7,0	160	149
8689	42,22	18,5	21,19	10,5	252	149
8690	88,84	12,8	79,87	9,9	154	149
8691	19,15	1,0	19,13	0,0	183	149
8693	6,2	627,426	5,1	607,548	219	149
8698	0,1	23,32	0,0	16,24	228	149
8701	90,47	149,102	66,44	128,128	185	149
8702	87,99	197,151	108,99	168,135	170	149
8703	11,11	0,0	14,9	2,0	170	149
8704	7,4	0,2	3,6	0,0	241	149
8706	0,2	2,5	0,0	2,3	254	149
8707	1,3	0,2	1,1	0,0	170	149
8708	1,3	5,0	0,1	0,2	170	149
8709	0,1	0,2	0,2	2,1	235	149
8710	565,464	2,2	513,406	3,4	181	149
8711	248,210	0,0	233,208	1,0	298	149
8714	2,7	263,161	2,7	200,236	192	149
8715	118,134	2,0	93,105	0,0	180	149
8716	97,106	2,0	77,77	0,0	223	149
8717	3,9	24,37	7,6	23,34	192	149
8718	343,264	1,3	296,304	1,1	154	149
8719	20,18	0,0	18,13	0,2	154	149
8721	8,6	0,0	11,4	2,2	298	149
8722	0,0	4,6	1,0	5,5	164	149
8723	6,10	5,6	7,11	3,0	152	149
8724	214,193	1,2	199,235	0,4	298	149
8725	4,4	142,131	1,2	165,149	174	149
8727	152,158	2,0	135,129	0,0	266	149
8729	0,2	22,29	0,1	17,23	172	149
8731	1,2	0,2	2,2	0,0	175	149
8732	1,2	2,0	6,0	0,0	175	149
8733	20,22	0,0	46,33	2,0	221	149
8734	4,6	0,0	6,6	7,0	153	149
8735	25,14	23,19	24,21	14,22	242	149
8736	2,1	0,2	7,0	0,0	159	149
8745	1954,1602	16,14	1792,1680	19,15	298	149
8747	67,59	23,13	34,35	23,19	155	149
8748	7,3	2,1	4,3	0,0	155	149
8749	98,74	41,26	80,81	43,38	194	149
8750	1,2	250,169	0,3	199,202	196	149
8751	160,152	0,1	128,146	0,0	298	149
8752	20,29	0,0	26,34	0,1	208	149
8753	10,12	7,2	2,7	3,6	152	149
8754	4,15	12,0	4,6	2,7	152	149
8755	17,12	20,20	3,10	12,7	152	149
8756	0,2	0,2	2,5	0,0	298	149
8758	577,426	7,0	452,376	0,0	298	149
8759	3,9	101,93	8,8	78,84	254	149
8760	71,65	1,0	43,40	0,0	270	149
8765	0,3	1,0	0,3	0,0	215	149
8766	437,339	0,1	390,341	6,1	183	149
8767	329,291	46,23	310,259	34,28	258	149
8768	72,83	97,73	76,70	116,76	152	149
8769	20,9	55,36	13,3	49,36	152	149
8770	1240,1062	3,12	1089,1123	1,5	238	149
8771	546,565	108,120	533,507	103,91	298	149
8785	2,5	0,5	0,1	8,0	152	149
8786	189,154	6,12	160,170	2,4	179	149
8788	5,1	0,0	2,4	0,2	298	149
8791	1,4	0,2	1,3	1,0	192	149
8797	741,795	2,0	746,616	0,0	191	149
8798	48,84	305,366	65,36	339,268	298	149
8799	43,78	0,4	61,32	3,3	298	149
8800	313,377	0,4	349,271	3,3	200	149
8801	0,0	0,1	0,2	0,0	162	149
8802	0,2	136,137	1,1	147,153	258	149
8803	2,2	1,0	1,0	0,0	152	149
8806	22,24	0,0	15,18	0,3	296	149
8807	22,25	0,0	14,20	0,1	298	149
8808	0,1	0,0	0,5	0,1	153	149
8809	33,34	14,14	22,39	4,9	296	149
8810	33,35	7,2	21,41	3,11	298	149
8811	14,15	7,2	4,11	3,11	153	149
8812	4,12	5,1	14,5	8,8	198	149
8816	216,214	3,0	172,182	2,0	298	149
8819	52,34	0,0	47,33	0,1	188	149
8820	18,7	3,0	5,9	0,0	260	149
8822	150,142	14,3	124,144	2,11	153	149
8823	53,31	0,1	77,50	0,1	153	149
8824	66,52	0,3	72,70	3,0	298	149
8825	151,95	0,0	144,120	2,0	151	149
8829	148,129	1,0	118,117	0,0	156	149
8832	531,554	4,2	509,450	0,2	153	149
8833	97,89	10,7	85,99	3,12	169	149
8834	774,752	10,7	702,622	3,12	211	149
8835	714,696	37,33	651,550	34,27	191	149
8836	214,235	1,0	191,194	0,2	211	149
8837	407,420	2,1	341,318	0,4	298	149
8838	798,627	6,9	668,740	7,8	154	149
8839	859,709	6,3	790,847	1,4	183	149
8841	34,33	1,3	23,30	0,2	181	149
8842	27,13	1,3	16,22	0,2	205	149
8843	16,6	23,26	8,14	15,22	173	149
8844	15,12	12,7	7,6	8,5	161	149
8845	5,5	87,69	3,3	64,68	180	149
8846	8,8	182,147	5,3	169,125	183	149
8847	90,72	182,147	66,68	169,125	152	149
8848	25,23	227,200	21,18	174,191	237	149
8849	14,10	992,725	12,20	946,874	298	149
8850	31,9	8,6	14,20	4,17	195	149
8851	980,715	1,0	870,870	0,1	298	149
8852	28,26	648,481	24,11	573,525	254	149
8853	6,12	970,901	4,5	964,975	167	149
8854	775,627	3,1	761,752	2,3	155	149
8857	1,0	1,1	1,0	0,3	153	149
8859	10,3	0,0	1,4	2,0	152	149
8860	3,4	0,1	7,2	0,0	152	149
8863	0,0	2,13	3,1	12,19	197	149
8868	1,1	0,0	0,0	1,2	154	149
8869	1,0	0,0	0,0	0,1	154	149
8872	1,1	0,1	0,0	0,2	295	149
8886	44,51	1,0	54,56	0,0	244	149
8889	5533,5111	6,17	5546,4788	15,27	152	149
8891	906,850	5,4	869,817	5,3	179	149
8893	2,9	62,51	4,10	62,50	152	149
8894	62,41	3,5	56,30	3,1	187	149
8895	254,227	3,5	207,175	3,1	227	149
8896	202,189	10,3	162,149	11,4	189	149
8897	139,124	44,25	110,144	38,23	198	149
8898	57,40	18,15	33,50	9,11	198	149
8899	40,36	3,2	29,42	10,12	198	149
8900	137,126	3,2	121,126	10,12	298	149
8901	100,94	1,2	94,86	1,0	298	149
8902	120,102	0,0	91,89	0,1	176	149
8903	58,61	2,0	72,44	1,0	298	149
8909	5,0	37,36	2,3	46,32	194	149
8910	8,2	37,36	3,3	46,32	219	149
8911	11,8	37,36	5,3	46,32	267	149
8912	14,12	37,36	8,15	46,32	298	149
8921	60,65	1,0	57,61	1,0	298	149
8925	336,232	0,0	242,232	7,1	298	149
8926	32,18	1,0	21,19	2,2	298	149
8927	40,19	0,1	20,19	0,0	298	149
8935	228,226	0,0	229,244	2,0	283	149
8936	200,132	0,0	143,123	0,1	152	149
8939	284,253	49,28	225,225	44,37	284	149
8940	302,244	0,0	231,245	1,4	153	149
8941	71,67	24,23	53,55	24,18	152	149
8942	29,37	0,2	23,21	4,2	298	149
8943	13,10	0,0	6,13	0,2	154	149
8944	1,2	2,0	2,4	0,0	154	149
8945	640,691	21,32	665,574	22,17	164	149
8946	55,70	16,17	61,52	3,5	164	149
8947	23,20	2,2	16,13	0,3	203	149
8948	752,663	14,5	730,625	12,3	152	149
8949	350,298	39,21	345,322	25,27	209	149
8950	53,120	1,0	49,39	0,1	151	149
8951	0,1	1,0	0,0	0,1	176	149
8953	8,7	0,1	3,0	2,2	152	149
8954	15,10	5,3	7,3	5,7	241	149
8955	7,4	5,3	6,5	5,7	238	149
8957	584,413	0,1	527,471	0,4	162	149
8961	44630,35578	36,37	39281,34852	31,30	156	149
8962	137,117	10,4	91,75	8,8	211	149
8963	1,0	0,0	4,2	6,2	172	149
8964	12,7	263,236	15,17	236,236	164	149
8965	3,3	2,6	9,9	2,9	164	149
8966	2,3	0,0	1,0	0,5	179	149
8967	6,6	0,0	2,4	0,5	224	149
8968	6,3	2,0	2,4	1,0	194	149
8972	3,4	3,5	1,2	3,8	154	149
8973	3,0	1,3	1,0	2,1	154	149
8974	148,144	19,43	129,87	27,25	152	149
8975	76,91	21,15	67,80	13,12	152	149
8976	18,10	194,231	24,18	190,154	185	149
8977	229,201	6,3	227,219	4,7	298	149
8978	9,9	220,188	14,9	213,192	209	149
8981	122,103	2,2	127,92	2,3	183	149
8982	20,17	0,0	29,15	1,0	183	149
8989	7,8	24,13	1,7	13,12	180	149
8995	10,5	153,112	3,10	149,128	205	149
8998	42,47	3,1	28,31	0,4	289	149
8999	42,45	0,2	28,31	0,0	289	149
9001	253,206	0,0	242,241	1,0	298	149
9002	677,553	1,2	614,539	0,0	298	149
9004	788,631	19,19	696,629	11,6	198	149
9005	1,1	36,47	2,3	42,35	156	149
9007	218,150	0,0	174,202	0,1	298	149
9008	10,5	131,106	10,6	120,116	253	149
9019	70,30	67,57	59,39	42,74	152	149
9021	213,202	0,0	171,160	2,0	298	149
9022	1,2	143,137	6,2	136,141	184	149
9023	152,146	2,0	142,149	0,0	298	149
9026	46,46	50,41	37,36	44,39	159	149
9027	56,30	170,145	36,59	133,124	209	149
9028	154,116	9,8	178,133	5,5	154	149
9029	101,87	115,93	98,90	120,117	268	149
9030	8,13	57,54	1,7	60,33	165	149
9032	468,539	2,5	358,412	4,11	185	149
9033	1440,1534	3,0	1247,1135	0,5	191	149
9034	48,60	6873,5668	30,46	5874,5575	201	149
9035	96,82	1476,1238	76,64	1226,1383	243	149
9036	1,0	1,2	1,0	2,1	215	149
9039	5,7	124,113	6,5	96,87	209	149
9040	4,3	1,1	6,8	0,3	162	149
9041	0,4	118,115	1,0	110,105	151	149
9042	1,1	38,56	2,0	33,43	175	149
9043	10,22	8,4	15,17	1,6	152	149
9047	7,6	124,107	15,5	108,103	217	149
9048	221,183	0,0	208,202	1,1	193	149
9050	15,2	418,354	3,7	347,310	185	149
9051	47,40	1,0	30,42	0,0	298	149
9053	1179,925	0,2	1175,1048	0,0	298	149
9054	19,8	0,2	16,19	0,1	298	149
9055	858,725	0,1	825,784	0,0	159	149
9056	110,99	0,1	117,100	0,0	225	149
9057	19,11	767,637	12,13	720,697	215	149
9058	1368,1137	15,13	1301,1183	11,21	158	149
9061	8,11	10,3	18,9	2,5	152	149
9062	2,0	0,0	0,0	1,0	152	149
9071	96,93	9494,7998	86,88	9241,8702	203	149
9074	3,0	0,0	3,1	4,0	161	149
9077	0,1	216,118	0,0	196,194	169	149
9078	0,0	0,2	0,1	0,0	154	149
9079	0,2	0,0	1,0	0,1	154	149
9084	3,5	145,181	10,2	162,144	166	149
9085	167,188	4,2	187,174	1,3	298	149
9086	17,27	1,0	30,11	0,0	298	149
9087	287,245	3,2	265,247	12,8	298	149
9088	389,368	2,1	390,361	1,2	298	149
9089	132,148	2,1	168,146	1,2	246	149
9091	403,397	2,1	393,379	2,1	246	149
9092	138,152	2,0	158,143	0,0	246	149
9093	60,49	269,230	33,44	224,225	288	149
9094	6,5	117,146	2,9	108,114	298	149
9095	17,9	0,0	7,20	0,1	298	149
9096	128,150	0,0	113,125	0,1	154	149
9097	10,7	234,238	15,9	187,145	216	149
9098	262,289	2,3	221,188	0,3	298	149
9099	490,527	2,3	407,327	0,3	298	149
9100	33,29	20,27	19,15	17,22	178	149
9102	195,174	3,0	143,127	2,2	294	149
9104	182,172	3,0	141,134	2,2	265	149
9105	159,142	3,0	120,106	2,2	259	149
9108	160,133	114,90	177,203	106,118	216	149
9109	71,81	9,4	65,87	5,11	152	149
9114	2,0	2,0	0,4	0,0	298	149
9118	1,0	5,0	0,1	0,1	160	149
9119	1,0	5,0	1,0	0,1	200	149
9121	16,10	14,7	6,11	14,16	257	149
9122	64,54	0,2	42,44	0,0	153	149
9123	4,2	94,80	1,2	87,68	175	149
9125	25,28	5,5	29,19	5,3	298	149
9126	37,37	0,0	30,31	2,0	298	149
9127	30,25	0,0	22,23	2,0	241	149
9128	27,29	6,0	31,18	2,2	298	149
9129	7,1	5,5	3,4	5,3	161	149
9130	32,21	0,0	20,24	2,0	253	149
9131	35,49	63,63	33,32	66,53	298	149
9134	37,39	0,0	34,24	1,0	298	149
9135	42,18	1,0	24,15	0,2	298	149
9136	27,30	1,1	18,18	2,1	298	149
9137	2,4	0,0	3,1	1,0	298	149
9138	7,1	188,173	2,5	163,149	166	149
9139	74,51	65,79	39,40	47,46	152	149
9140	114,136	0,2	140,91	0,0	298	149
9147	14,3	0,0	7,5	2,0	298	149
9149	11,2	1,0	8,5	0,0	298	149
9150	9,1	0,0	0,0	2,0	223	149
9152	8,1	1,0	3,1	0,0	298	149
9154	3,0	1,0	5,1	0,0	239	149
9159	0,1	1,0	0,0	5,1	153	149
9162	90,61	40,43	67,56	31,33	152	149
9163	12,8	0,0	6,10	2,0	152	149
9164	9,2	2,0	5,2	0,0	298	149
9166	4,4	0,0	3,2	0,4	184	149
9167	0,4	0,0	2,2	0,4	220	149
9168	0,1	4,1	1,2	2,2	185	149
9173	23,12	2,1	19,14	0,2	169	149
9174	3,8	2,4	0,0	1,2	154	149
9175	6,4	119,152	10,9	150,120	298	149
9176	9,6	121,91	5,10	107,103	163	149
9177	6,0	1,2	1,4	5,2	152	149
9179	1,2	0,1	4,1	0,0	152	149
9183	0,0	25,22	0,2	22,16	298	149
9188	6,1	145,159	2,1	139,127	223	149
9192	89,74	2,0	70,68	0,1	156	149
9193	1,1	199,154	4,5	178,206	167	149
9197	24,12	10,17	11,14	11,12	298	149
9198	44,45	11,2	23,22	1,2	298	149
9200	2,1	4,7	1,0	2,0	186	149
9202	0,3	8,4	6,4	3,2	152	149
9203	32,34	1,0	36,22	0,0	290	149
9204	41,36	4,0	32,27	3,3	298	149
9205	26,20	4,0	18,19	3,3	298	149
9207	0,1	2,1	2,0	0,0	152	149
9208	4,2	13,17	5,6	20,24	292	149
9209	5,5	5,1	9,12	0,5	292	149
9214	1,0	161,138	3,3	194,176	182	149
9215	94,73	26,9	83,67	15,26	152	149
9216	4,5	102,77	6,5	96,83	175	149
9218	2,3	0,1	2,3	0,0	158	149
9219	33,39	76,81	30,29	53,54	298	149
9220	32,57	0,2	56,21	1,2	153	149
9226	85,60	2,4	66,74	6,2	269	149
9227	160,119	165,131	112,113	143,123	269	149
9228	2238,1979	7,9	1983,1801	4,4	272	149
9230	18,9	205,151	10,20	225,167	274	149
9231	470,408	6,0	414,408	9,10	298	149
9232	239,208	2,0	232,220	0,0	298	149
9233	141,73	2,0	103,107	0,0	298	149
9234	48,19	2,3	24,29	0,0	298	149
9242	2,3	3,0	3,3	0,3	152	149
9250	2,0	16,2	1,1	7,6	177	149
9252	20,21	87,80	9,17	76,86	152	149
9253	70,72	0,1	75,52	0,1	158	149
9254	298,193	4,2	247,232	4,1	186	149
9255	231,229	7,7	224,224	12,9	298	149
9270	3,7	1,0	2,6	0,0	157	149
9275	142,115	1,0	123,123	0,0	298	149
9276	0,1	13,18	2,0	17,14	171	149
9278	50,49	8,5	38,50	6,1	298	149
9279	0,0	14,21	1,1	9,11	245	149
9280	8,10	314,262	15,8	290,234	180	149
9281	90,76	10,14	63,75	4,5	198	149
9282	3512,2848	4,10	3149,2897	6,8	193	149
9283	3167,2710	12,8	2800,2515	9,4	182	149
9286	168,148	0,5	202,175	0,0	199	149
9287	112,77	12,10	101,119	12,23	169	149
9299	148,150	0,0	136,113	2,0	298	149
9300	124,92	4,1	88,87	0,0	298	149
9303	185,140	1,1	177,158	1,4	153	149
9305	27,22	0,0	14,28	3,0	209	149
9306	63,72	52,31	76,66	45,39	209	149
9307	221,195	0,0	227,215	0,3	155	149
9308	416,369	8,4	386,321	10,11	152	149
9318	0,0	2,0	0,2	0,0	152	149
9320	6,4	4,0	2,0	0,2	152	149
9324	115,68	8,8	85,116	8,2	298	149
9326	11,19	8,8	10,10	8,2	298	149
9327	81,80	6,17	68,43	1,5	298	149
9337	74,95	2,0	91,52	0,0	298	149
9338	1,2	3,1	4,2	3,1	216	149
9339	3,8	200,213	8,2	217,196	298	149
9340	108,81	2,0	101,78	0,2	298	149
9341	5,7	200,213	7,2	217,196	257	149
9342	111,81	2,0	101,78	0,2	298	149
9343	306,290	2,0	312,272	0,2	231	149
9349	4,2	40,14	4,6	23,19	152	149
9350	45,68	7,4	46,27	6,1	282	149
9351	57,50	327,267	48,44	231,246	298	149
9352	173,157	2,1	126,127	2,1	211	149
9353	374,391	2,1	331,344	2,1	215	149
9354	202,235	1,1	205,217	0,0	153	149
9355	529,503	35,21	454,409	38,15	240	149
9356	181,191	0,0	181,172	3,0	240	149
9357	41,21	288,289	25,22	267,217	298	149
9359	219,134	0,1	176,197	0,0	298	149
9360	219,135	1,0	176,197	0,1	298	149
9363	165,248	7,9	162,138	8,9	252	149
9364	183,209	2,0	166,147	0,0	298	149
9365	162,178	8,6	140,116	1,4	181	149
9375	77,84	105,54	85,69	67,65	152	149
9390	3194,2713	114,114	2814,2853	100,81	152	149
9391	222,217	10,19	228,210	18,16	237	149
9394	31,35	0,1	38,23	0,2	183	149
9396	842,796	8,10	783,681	7,18	235	149
9397	224,268	0,0	198,224	1,0	155	149
9398	425,352	1,4	392,374	7,2	298	149
9402	61,53	4,13	69,32	2,5	298	149
9403	70,69	1,1	50,64	1,7	224	149
9408	8,6	58,60	10,3	62,40	197	149
9409	6,21	60,55	8,2	35,59	167	149
9412	104,134	7,8	83,113	4,12	196	149
9413	13,7	437,403	16,4	363,408	298	149
9416	1,0	1,0	1,2	2,0	298	149
9417	255,177	32,20	207,175	26,20	155	149
9419	18,26	9,9	18,25	7,3	152	149
9420	94,83	32,36	96,85	33,37	152	149
9422	20,15	32,34	12,12	31,26	171	149
9423	18,13	69,56	14,14	80,52	171	149
9424	32,22	583,503	21,16	547,503	171	149
9426	20,34	3,1	40,36	4,1	298	149
9427	9,6	0,2	12,8	0,3	152	149
9428	8,10	0,2	8,5	2,0	152	149
9429	970,911	167,188	819,827	142,156	152	149
9449	92,71	1,0	86,82	0,0	270	149
9450	6,2	216,172	0,0	184,177	282	149
9453	28,46	2,0	29,31	1,3	167	149
9454	54,43	2,0	48,36	1,3	219	149
9455	47,35	21,38	44,33	25,28	201	149
9467	4,2	104,171	1,3	96,96	169	149
9468	5,9	342,391	10,7	261,254	164	149
9469	5,5	54,110	0,1	68,61	177	149
9470	537,393	1,0	415,370	0,0	298	149
9471	9,5	257,301	7,4	210,202	185	149
9473	1,2	370,335	2,0	291,226	224	149
9480	9,2	9,29	0,3	12,9	208	149
9481	2,2	14,20	5,5	16,15	298	149
9483	5,11	5,3	7,7	2,1	298	149
9484	4,1	45,37	1,1	45,37	232	149
9485	2,0	1,4	0,0	11,8	152	149
9486	5,3	0,0	3,0	0,2	179	149
9487	4,7	0,0	14,8	0,2	176	149
9488	256,239	9,4	227,203	5,1	153	149
9490	422,376	0,0	387,395	3,0	298	149
9491	48,40	268,255	33,43	316,262	298	149
9495	93,91	11,4	114,98	17,6	214	149
9499	27,15	62,55	21,11	56,77	184	149
9502	0,0	1,0	0,1	0,0	156	149
9503	0,0	0,1	0,2	2,0	156	149
9504	2,5	0,0	1,2	0,1	298	149
9505	2,5	4,1	1,2	0,5	274	149
9506	179,190	8,0	173,165	2,0	298	149
9524	346,355	0,3	376,317	0,4	200	149
9525	0,0	0,1	1,2	4,0	164	149
9526	0,2	248,163	1,1	205,191	164	149
9527	28,37	1,2	32,22	1,0	298	149
9559	1,3	2,2	4,1	0,0	153	149
9560	11,11	0,0	14,19	4,1	298	149
9561	2,6	302,247	4,4	274,248	173	149
9562	0,1	387,311	0,1	304,307	171	149
9563	2,2	330,252	0,2	296,264	172	149
9564	1,2	0,1	4,1	0,1	153	149
9565	1,1	2,2	4,2	5,1	153	149
9566	10,10	6,3	8,13	6,3	203	149
9567	11,11	325,309	12,14	281,256	207	149
9568	7,4	325,309	10,4	281,256	153	149
9569	523,465	6,1	488,489	2,1	210	149
9570	10,17	423,346	12,2	347,331	160	149
9571	449,371	9,5	392,365	6,7	298	149
9572	426,366	3,2	405,365	2,0	178	149
9573	3,1	372,327	3,7	368,331	169	149
9575	17,4	3,1	8,8	2,0	152	149
9576	81,51	4,8	67,47	9,4	152	149
9578	0,0	2,0	2,2	2,1	209	149
9579	11,7	2,0	7,22	0,0	172	149
9583	18,13	0,1	28,13	0,0	180	149
9584	73,84	13,16	90,91	16,8	180	149
9594	6,14	1,0	0,7	0,0	153	149
9595	0,2	0,0	0,0	0,2	253	149
9601	2,0	26,36	0,1	18,24	171	149
9602	27,27	5,2	21,32	2,0	169	149
9604	0,1	0,0	2,0	0,1	152	149
9605	29,25	11,5	34,19	5,12	152	149
9607	6,0	0,0	0,1	1,0	152	149
9609	40,47	1,0	30,29	0,0	298	149
9611	1,2	65,36	1,0	52,41	173	149
9612	46,44	14,9	34,52	17,9	175	149
9613	2,0	11,2	0,2	1,0	255	149
9614	4,1	75,72	1,4	83,41	191	149
9617	18,12	1,0	20,25	0,2	202	149
9618	37,34	4,8	46,42	4,2	298	149
9619	49,31	0,0	53,58	0,1	202	149
9623	305,204	7,9	161,164	17,17	298	149
9624	69,56	1,0	48,61	0,0	298	149
9626	98,101	5294,4497	111,100	4948,4417	173	149
9627	4389,3381	0,1	4068,3802	0,0	298	149
9628	5619,4472	2,5	5147,4920	4,5	298	149
9632	1,2	176,142	0,0	140,152	179	149
9635	3,1	6,7	3,2	9,6	152	149
9638	34,20	0,0	47,35	1,0	298	149
9639	14,20	24,14	12,16	34,16	152	149
9640	6,2	63,61	9,1	62,58	246	149
9641	0,1	65,64	1,1	67,89	155	149
9646	7,3	30,16	4,4	23,16	155	149
9647	702,624	1,1	733,671	0,2	151	149
9648	26,33	42,42	17,13	53,27	298	149
9649	838,614	1,0	706,719	0,0	298	149
9650	2,0	0,0	1,0	0,2	203	149
9657	105,96	0,0	110,110	0,1	199	149
9658	455,363	0,0	360,379	0,1	209	149
9659	350,268	0,1	251,271	1,2	159	149
9660	289,249	0,0	291,283	2,0	153	149
9661	297,266	126,85	282,223	64,82	152	149
9663	5,3	0,2	1,6	0,0	298	149
9664	2,4	2,1	1,2	0,0	168	149
9665	223,197	0,5	198,180	1,3	199	149
9666	274,248	4,2	255,195	4,1	224	149
9667	220,197	1,3	202,183	0,0	199	149
9668	548,444	2,8	487,478	6,6	199	149
9669	2,2	56,64	2,3	39,35	182	149
9670	24,31	777,799	19,16	699,686	214	149
9671	78,93	777,799	56,48	699,686	181	149
9672	15,11	1144,965	9,5	937,848	178	149
9673	373,334	6,0	352,322	4,0	213	149
9674	1502,1288	6,0	1280,1165	4,0	184	149
9675	1440,1174	5,0	1161,1100	0,0	285	149
9676	704,565	5,4	602,558	5,3	250	149
9678	359,328	136,123	268,322	126,112	290	149
9679	276,219	14,7	205,200	19,5	152	149
9681	278,233	19,22	292,252	14,21	298	149
9682	6,10	4,2	4,8	1,0	152	149
9683	6,13	151,172	5,13	135,124	174	149
9684	4,5	151,172	2,5	135,124	171	149
9687	0,2	77,52	2,0	53,64	225	149
9688	275,227	0,1	275,274	0,0	298	149
9689	296,272	20,10	270,290	16,23	188	149
9692	2,2	0,1	0,2	0,2	164	149
9693	3,3	0,0	2,2	2,0	152	149
9694	28,27	2,4	16,39	3,6	152	149
9695	12,4	0,0	14,6	0,2	298	149
9698	2,2	1,1	3,4	3,0	163	149
9699	8,10	1,0	7,9	0,0	298	149
9700	3510,3000	1,3	3280,2843	1,0	151	149
9701	1651,1447	3,5	1467,1464	1,1	153	149
9702	0,2	1,0	0,2	0,0	202	149
9708	0,0	1,6	1,4	2,2	154	149
9710	25,20	3,2	17,13	4,0	298	149
9711	6,16	113,94	8,11	95,87	298	149
9712	9,5	0,0	0,8	0,2	159	149
9713	5,8	85,72	3,3	55,59	152	149
9714	14,13	1,2	3,8	2,1	162	149
9715	94,77	1,2	55,64	2,1	159	149
9716	6,3	58,47	3,9	35,28	152	149
9717	7,4	1,0	7,2	1,0	184	149
9718	16,24	21,8	15,16	19,14	298	149
9719	1,0	15,22	0,0	9,16	173	149
9725	173,126	1,0	136,145	0,0	298	149
9729	6,0	0,0	0,2	1,0	298	149
9730	156,158	3,4	122,101	2,10	160	149
9732	1,6	294,369	0,1	264,239	193	149
9733	12,10	0,0	5,8	0,3	298	149
9739	3,17	3,2	9,3	1,0	153	149
9743	1,0	5,0	0,2	3,0	152	149
9750	115,95	2,0	117,107	1,0	298	149
9752	2,0	0,1	2,0	0,0	164	149
9757	310,235	10,4	247,272	6,5	298	149
9758	275,201	0,1	207,234	0,2	298	149
9759	2,7	309,234	5,2	230,260	165	149
9760	12,3	7,5	6,10	6,7	298	149
9761	16,6	36,46	4,8	35,27	298	149
9762	26,16	178,133	20,24	170,134	298	149
9763	310,237	1,2	236,186	1,2	209	149
9764	2,2	8,3	2,3	18,6	152	149
9766	7,4	275,232	4,1	220,201	177	149
9767	241,198	1,1	256,199	2,2	179	149
9768	50,52	1,1	70,44	2,2	203	149
9769	7,11	198,157	15,8	201,163	173	149
9770	31,25	3,4	32,22	9,7	196	149
9771	30,25	4,3	32,21	11,4	196	149
9772	214,195	0,0	222,215	0,1	276	149
9773	21,44	2,0	44,38	0,0	298	149
9774	208,232	0,2	209,207	0,1	298	149
9775	212,223	0,1	198,198	0,0	298	149
9776	151,129	39,39	181,173	21,21	161	149
9777	206,212	4,2	260,197	5,7	153	149
9778	7,2	78,73	1,1	92,95	193	149
9779	134,91	6,6	149,126	4,0	173	149
9784	1,0	0,1	1,0	0,0	170	149
9787	3,3	2,0	0,0	2,0	298	149
9789	0,3	0,0	1,0	1,0	158	149
9790	2,2	0,0	3,1	1,0	298	149
9791	18,25	127,171	15,26	163,125	298	149
9794	0,0	16,7	4,0	16,15	192	149
9804	3,2	272,229	2,5	259,248	178	149
9805	14,12	272,229	13,15	259,248	265	149
9810	7,5	6,0	4,4	2,3	217	149
9811	43,41	1,1	35,36	5,0	168	149
9812	9,4	1,0	6,8	0,0	168	149
9813	550,450	0,1	552,477	1,0	213	149
9814	148,149	0,1	171,157	1,0	240	149
9815	3,6	405,307	7,4	388,324	176	149
9818	265,212	0,0	248,220	1,0	153	149
9821	261,244	2,0	286,267	0,0	155	149
9822	6,6	2,0	5,8	0,0	214	149
9823	3,2	258,240	3,0	284,259	208	149
9834	0,3	3,0	0,2	1,0	188	149
9835	2,4	0,2	2,4	0,0	263	149
9837	0,3	3,0	0,2	1,0	166	149
9838	2,4	0,2	2,4	0,0	241	149
9840	5,1	0,2	3,2	0,0	224	149
9844	2,4	0,0	2,4	0,1	263	149
9845	2,1	0,0	2,2	0,1	224	149
9846	3,1	1,1	3,2	0,0	224	149
9851	33,59	31,55	20,25	24,19	152	149
9870	442,372	0,2	426,407	0,0	298	149
9872	8,7	328,274	13,5	315,223	171	149
9873	419,394	2,0	435,299	0,1	170	149
9878	0,2	0,0	3,0	2,0	172	149
9882	5,7	1,0	4,2	3,4	200	149
9883	14,13	79,78	16,13	81,109	187	149
9884	54,46	0,8	44,73	8,1	298	149
9885	92,90	3,7	84,106	1,1	298	149
9886	43,52	3,7	53,42	1,1	248	149
9887	8,11	2,2	10,21	8,4	298	149
9888	10,2	64,71	6,15	73,60	298	149
9889	48,46	0,4	46,48	0,0	298	149
9890	9,2	64,71	13,12	73,60	298	149
9891	47,46	0,4	53,45	0,0	298	149
9892	107,115	0,4	118,101	0,0	248	149
9893	71,76	0,0	66,59	0,2	153	149
9894	6,4	0,2	6,9	0,0	298	149
9895	80,76	1,1	86,68	0,2	160	149
9898	0,0	4,3	1,0	1,4	181	149
9899	3,7	67,95	7,7	51,65	217	149
9900	25,22	321,313	13,20	231,244	190	149
9903	199,201	9,6	168,127	3,5	179	149
9909	97,118	0,5	119,81	0,0	199	149
9910	82,96	0,0	103,55	0,2	298	149
9911	59,70	1,0	77,47	1,2	202	149
9913	0,0	393,279	0,2	351,313	203	149
9914	1,1	0,0	3,1	0,1	152	149
9915	446,350	15,20	410,412	28,22	152	149
9918	5,10	0,0	0,7	1,0	165	149
9932	34,33	4,0	46,32	0,0	231	149
9933	92,84	6,7	102,90	2,4	231	149
9934	2979,2412	7,0	2755,2516	1,2	298	149
9935	1180,977	0,0	993,899	0,1	154	149
9936	15,8	463,490	20,7	403,361	192	149
9937	552,559	3,0	458,429	0,2	154	149
9938	100,88	669,551	79,71	679,532	298	149
9939	914,809	33,27	752,805	28,35	244	149
9940	13,4	13,10	6,7	11,12	298	149
9946	0,0	80,64	0,1	63,97	173	149
9950	805,557	5,5	782,660	1,2	153	149
9956	0,0	27,20	0,6	18,24	171	149
9959	27,32	0,0	41,20	1,0	230	149
9960	50,30	5,1	29,36	0,0	152	149
9961	34,38	32,13	33,23	20,20	152	149
9966	190,116	165,132	150,166	127,116	152	149
9973	30,33	5,15	30,12	8,6	152	149
9979	132,123	1,4	90,100	0,1	194	149
9981	134,111	4,4	146,119	5,9	260	149
9982	2,0	1,4	0,1	4,2	171	149
9983	3,2	68,49	1,0	64,72	171	149
9990	2,2	107,56	0,1	98,83	168	149
9991	46,64	2,0	30,37	0,0	298	149
9993	12,13	0,1	11,8	1,1	153	149
9995	20,18	2,0	20,17	1,0	298	149
9998	1,0	3,5	0,1	1,1	152	149
10000	1,0	5,1	1,5	0,1	161	149
10001	17,13	9,9	15,26	10,14	161	149
10004	20,24	658,585	25,19	648,646	298	149
10014	294,276	210,203	198,184	138,131	152	149
10015	1104,924	4,11	978,922	10,7	192	149
10016	260,212	0,1	239,216	0,1	192	149
10017	1475,1281	0,1	1377,1214	0,1	298	149
10018	1252,1098	11,11	1183,1023	13,8	298	149
10019	79,75	5,0	77,60	0,4	298	149
10020	81,73	2,0	79,60	0,0	298	149
10021	1146,1007	0,0	1013,941	0,2	194	149
10022	442,407	11,28	396,304	6,11	226	149
10023	613,546	12,14	441,440	13,12	298	149
10024	368,337	12,14	244,276	13,12	298	149
10025	200,165	56,64	137,168	83,47	152	149
10027	4,20	0,0	8,4	0,1	298	149
10029	6,2	0,0	6,4	0,1	298	149
10031	6,0	0,0	3,0	0,2	298	149
10033	14,4	5,2	10,6	1,4	216	149
10034	30,15	5,2	35,21	1,4	270	149
10035	17,11	1,0	25,15	0,0	203	149
10036	17,14	0,0	24,6	1,2	298	149
10037	28,22	0,0	34,11	1,2	298	149
10043	2,1	189,175	7,5	172,192	167	149
10044	32,29	156,123	23,28	157,117	170	149
10045	276,174	3,2	224,167	0,4	201	149
10048	188,175	2,0	215,176	5,0	201	149
10049	115,128	6,5	137,119	4,12	155	149
10050	90,71	0,0	100,134	0,1	154	149
10051	1,0	2,6	1,1	0,3	164	149
10056	1,8	0,2	4,0	0,0	298	149
10057	1,0	0,2	1,0	0,0	208	149
10059	1,8	1,0	3,0	0,1	298	149
10063	33,25	2,1	24,26	0,1	298	149
10078	3,0	4,1	1,2	3,0	169	149
10079	459,471	4,1	485,402	1,0	255	149
10080	535,445	0,3	428,364	2,0	256	149
10081	128,76	11,8	85,105	6,5	154	149
10082	160,147	1,1	134,150	0,0	258	149
10083	73,54	0,8	71,50	1,5	152	149
10089	30,10	4,0	12,24	0,0	152	149
10090	61,54	4,2	34,34	0,2	298	149
10091	24,32	1,0	24,21	0,0	298	149
10092	0,2	19,32	1,2	24,24	165	149
10093	17,6	0,0	9,5	2,0	155	149
10099	0,3	0,1	1,2	0,0	274	149
10103	22,19	135,101	22,12	101,126	298	149
10104	14,13	135,101	17,11	101,126	205	149
10105	249,177	0,0	232,190	0,1	156	149
10106	7,13	153,191	10,10	172,167	172	149
10108	36,34	0,0	33,34	1,0	196	149
10109	130,87	0,0	93,90	1,0	298	149
10110	96,53	2,0	64,60	4,4	298	149
10128	46,40	0,0	44,22	2,0	223	149
10129	260,203	0,2	267,239	3,5	278	149
10130	0,0	124,102	1,1	115,71	174	149
10131	0,0	1,1	1,2	0,0	174	149
10132	190,150	36,33	181,169	44,33	272	149
10133	89,78	8,1	86,85	0,2	272	149
10134	28,21	17,9	27,8	14,8	152	149
10135	10,12	17,9	14,5	14,8	167	149
10136	3,6	21,15	1,1	14,4	164	149
10138	11,4	171,171	4,11	186,123	185	149
10139	131,100	27,12	103,107	23,21	183	149
10140	5,0	7,4	0,0	1,9	171	149
10142	5,4	121,112	2,1	106,93	298	149
10143	56,57	0,4	35,32	0,2	153	149
10144	34,39	3,0	43,24	1,3	298	149
10148	2,5	20,31	4,2	21,25	169	149
10149	19,12	1,0	10,5	2,0	169	149
10150	64,38	481,442	64,31	565,441	169	149
10152	78,54	2,0	75,60	2,2	220	149
10153	142,138	46,31	176,123	48,24	220	149
10154	142,139	0,0	178,125	1,0	224	149
10155	46,32	0,0	50,26	1,0	153	149
10157	162,168	1,0	147,111	0,0	176	149
10158	148,130	0,0	127,118	0,2	298	149
10159	13,7	1,0	5,8	2,0	184	149
10160	13,7	104,77	5,8	73,88	182	149
10161	35,26	104,77	12,27	73,88	184	149
10163	13,7	3,0	6,8	1,0	184	149
10164	16,27	88,89	21,14	82,85	298	149
10165	6,17	1,0	3,10	0,0	151	149
10167	1,2	114,116	0,1	89,87	191	149
10170	43,43	98,69	34,30	58,47	298	149
10172	5,4	5,14	3,3	6,8	298	149
10177	74,64	3,2	68,29	0,4	298	149
10178	171,140	12,12	160,118	16,3	298	149
10181	840,607	10,7	822,756	21,13	164	149
10182	70,43	2,3	67,58	6,5	157	149
10183	900,643	2,3	868,801	6,5	172	149
10187	701,493	4,6	618,536	8,3	298	149
10188	61,23	4,6	41,30	8,3	298	149
10189	172,125	667,478	161,177	599,516	298	149
10190	873,650	1,2	856,779	0,0	298	149
10191	705,498	0,2	680,572	2,1	298	149
10192	145,119	4,0	141,168	0,0	298	149
10193	11,23	512,328	21,22	472,391	165	149
10197	606,510	99,71	621,553	56,48	298	149
10198	118,140	99,71	140,146	56,48	298	149
10199	565,450	4,4	557,482	0,0	224	149
10200	8,5	0,0	10,11	0,1	152	149
10201	514,394	0,0	506,433	0,1	155	149
10202	152,105	0,0	127,99	0,1	298	149
10203	506,390	0,1	496,422	0,0	152	149
10204	145,103	0,1	117,89	0,0	298	149
10205	140,90	492,374	111,86	481,407	298	149
10206	640,540	1,0	634,576	0,0	298	149
10208	609,559	4,1	635,555	10,1	298	149
10209	635,513	0,0	606,495	1,0	298	149
10210	180,167	0,0	193,184	0,1	298	149
10211	22,20	0,1	25,26	0,1	155	149
10212	595,487	66,31	580,487	53,38	298	149
10213	15,11	482,428	18,23	492,418	181	149
10214	395,315	0,0	365,308	0,1	298	149
10215	368,284	3,3	342,291	2,0	298	149
10216	338,292	0,3	368,322	0,0	298	149
10217	290,264	0,0	296,263	6,2	157	149
10218	49,45	0,0	51,52	6,2	173	149
10219	14,6	255,225	9,11	254,222	165	149
10220	59,57	0,0	71,56	6,2	206	149
10221	24,18	255,225	29,15	254,222	198	149
10222	103,127	48,47	168,129	44,42	298	149
10225	136,124	1,0	184,117	0,0	298	149
10226	88,77	1,0	140,76	0,0	298	149
10231	97,119	48,47	160,117	44,42	288	149
10232	103,127	48,47	168,128	44,42	298	149
10235	18,18	0,0	22,20	0,1	175	149
10240	2,2	7,2	2,0	5,1	251	149
10241	0,1	42,46	3,0	36,46	196	149
10244	43,39	0,3	58,28	0,1	298	149
10246	77,51	0,3	65,68	0,0	298	149
10248	15,13	541,484	13,10	477,407	185	149
10251	2,0	173,170	0,3	154,159	212	149
10252	0,1	5,1	2,2	1,1	176	149
10255	1,1	6,0	2,2	0,0	152	149
10256	1,4	5,2	9,3	2,5	176	149
10259	0,3	3,2	2,2	2,1	176	149
10260	2,0	26,12	0,0	14,15	177	149
10261	8462,7734	0,0	8499,8400	0,1	298	149
10262	220,179	0,1	199,254	0,0	298	149
10264	125,115	8,7	82,57	5,3	224	149
10265	10,5	23,55	6,7	28,19	245	149
10266	10,6	23,55	1,6	28,19	296	149
10270	3,5	0,0	2,9	1,0	294	149
10271	3,7	22,10	3,9	5,12	294	149
10272	3,5	22,10	4,7	5,12	298	149
10278	1,0	8,9	6,2	11,11	152	149
10279	64,59	0,1	42,57	1,0	183	149
10280	16,11	0,1	15,13	1,0	186	149
10281	1,0	49,48	4,3	31,47	152	149
10282	1,2	6,11	4,1	5,9	152	149
10283	108,93	0,0	94,81	2,0	152	149
10286	2,8	0,0	4,9	1,0	243	149
10287	9,13	0,0	9,10	0,2	195	149
10288	70,53	13,15	32,29	26,20	298	149
10289	23,11	3,0	18,13	0,1	152	149
10290	27,8	1,0	20,17	3,1	152	149
10291	305,244	32,36	210,211	29,26	152	149
10292	50,31	7,4	47,35	5,5	152	149
10297	374,323	2,1	342,350	1,1	298	149
10298	471,403	21,26	411,418	33,13	177	149
10304	94,107	19,10	85,107	10,21	187	149
10305	114,107	3,1	93,100	7,5	154	149
10306	0,0	16,13	1,0	25,29	167	149
10307	273,246	24,52	205,224	31,38	298	149
10308	120,129	0,3	96,116	0,0	298	149
10309	13,6	1734,1498	5,9	1656,1420	172	149
10310	2159,1951	85,58	2121,1817	75,56	168	149
10311	131,110	1911,1635	105,85	1781,1540	233	149
10312	56,25	31,41	50,49	49,38	233	149
10313	594,499	0,3	590,588	7,5	279	149
10314	120,112	3,3	129,135	1,2	181	149
10315	598,495	31,9	591,584	12,11	279	149
10316	592,493	0,1	589,584	0,0	279	149
10317	3,1	12,5	0,0	1,7	171	149
10319	0,1	0,0	0,0	5,1	171	149
10332	9,1	0,0	0,2	1,0	295	149
10333	3,1	0,0	0,1	1,0	298	149
10334	0,1	6,0	0,0	0,1	298	149
10337	12,3	10,10	9,2	10,7	152	149
10338	116,117	538,439	137,118	567,459	167	149
10339	2,5	18,27	8,5	22,22	184	149
10345	97,67	0,2	95,45	0,0	298	149
10346	165,124	0,2	165,156	0,1	298	149
10347	11,20	63,86	13,11	92,61	200	149
10349	1,1	6,5	0,0	10,9	153	149
10351	7,3	0,0	2,4	1,0	161	149
10353	249,174	1,3	193,164	0,3	298	149
10354	119,90	0,0	93,87	1,0	298	149
10355	315,235	0,0	254,256	1,0	298	149
10356	212,162	4,0	177,190	0,3	298	149
10357	366,285	1,0	343,321	0,0	283	149
10358	0,3	143,114	0,0	133,120	171	149
10359	67,56	4,1	73,52	0,6	154	149
10362	8,11	0,1	15,10	0,4	154	149
10364	26,20	380,330	12,11	285,304	238	149
10365	19,16	9,5	12,11	8,12	238	149
10366	443,421	9,5	397,369	8,12	298	149
10367	429,409	0,2	391,362	0,0	298	149
10368	146,184	1444,1384	110,131	1410,1392	298	149
10373	306,228	10,0	265,241	0,0	159	149
10375	103,84	1,0	107,75	0,0	216	149
10376	143,145	2,0	146,133	0,0	216	149
10377	118,124	3,0	131,111	2,0	298	149
10379	0,0	2,0	3,1	3,2	152	149
10381	11,14	2,0	9,6	0,1	182	149
10383	96,80	0,4	107,104	5,0	157	149
10384	34,32	35,34	20,38	16,20	160	149
10385	19,18	8,3	19,25	3,6	175	149
10386	148,156	10,11	120,146	5,5	152	149
10387	0,1	0,0	0,1	0,1	187	149
10388	0,3	0,0	3,1	0,1	258	149
10390	0,1	180,156	0,1	142,162	298	149
10391	2,3	180,156	1,1	142,162	298	149
10394	5,4	90,77	7,10	89,87	222	149
10396	37,35	1,0	26,13	0,3	298	149
10398	1,0	41,51	1,0	47,52	184	149
10401	2,2	0,0	0,2	0,4	152	149
10403	6,3	1,1	1,4	0,2	152	149
10404	70,60	0,6	86,78	0,0	164	149
10405	38,20	1,0	28,19	0,2	164	149
10406	397,309	3,7	378,386	4,7	164	149
10407	19,15	231,193	16,19	192,229	171	149
10408	541,440	68,58	504,416	69,60	298	149
10410	51,34	28,29	31,34	25,38	154	149
10411	0,6	60,45	0,3	43,56	162	149
10414	3,1	16,40	2,1	38,32	298	149
10424	532,493	6,11	469,456	8,6	174	149
10425	516,459	3,6	456,471	11,4	298	149
10426	4,0	53,27	0,0	38,40	167	149
10427	1,2	0,0	0,1	2,0	153	149
10432	19,17	28,8	13,13	10,13	298	149
10433	56,26	2,2	45,43	4,3	180	149
10435	14,12	0,1	8,6	2,1	298	149
10436	17,15	3,1	10,8	1,2	194	149
10440	27,15	301,232	19,15	283,257	206	149
10441	282,217	23,18	257,224	27,17	152	149
10442	6,0	38,38	3,2	50,54	171	149
10445	23,5	1,2	6,9	0,0	234	149
10446	29,10	65,58	13,13	74,41	298	149
10447	7,7	65,58	7,4	74,41	213	149
10449	56,40	1,2	40,53	4,0	298	149
10451	85,92	4,12	61,81	12,8	271	149
10452	0,0	4,4	2,3	5,4	183	149
10453	3,0	304,252	2,4	282,253	183	149
10454	26,16	304,252	23,23	282,253	298	149
10455	28,18	3,0	27,24	0,1	298	149
10456	181,169	0,0	165,143	2,0	214	149
10459	12,8	322,279	10,23	291,269	174	149
10463	10,8	31,42	6,4	38,41	298	149
10464	3,1	0,0	0,0	7,2	159	149
10466	3,2	11,1	0,0	0,12	152	149
10468	3,2	1,1	0,0	0,2	152	149
10470	46,53	58,48	73,53	61,46	206	149
10471	1,0	0,0	1,0	2,0	174	149
10472	101,95	1,1	121,98	0,1	155	149
10473	30,28	23,29	27,21	28,25	152	149
10477	5,17	74,60	11,6	67,63	194	149
10478	72,66	0,0	80,61	0,2	298	149
10479	470,383	4,0	425,350	0,1	191	149
10481	18,13	202,175	19,12	159,174	165	149
10482	26,23	16,14	29,28	13,22	225	149
10491	5212,4610	40,34	4469,4509	46,63	152	149
10495	0,0	14,4	4,5	10,11	189	149
10496	5,0	3,4	0,5	4,1	167	149
10499	188,139	0,0	167,116	2,1	298	149
10502	0,1	0,0	0,0	1,0	169	149
10504	133,137	6,4	131,106	2,4	160	149
10505	43,37	6,4	22,34	2,4	172	149
10506	21,26	111,126	16,20	125,92	161	149
10507	149,152	0,0	133,109	2,0	298	149
10508	5,3	0,0	2,1	0,1	298	149
10509	168,124	2,0	118,110	1,1	227	149
10510	167,136	8,7	159,183	8,2	232	149
10512	0,0	190,146	0,2	141,142	202	149
10516	338,222	4,6	270,239	5,2	269	149
10517	314,214	2,0	252,220	0,0	298	149
10518	12,16	14,5	16,9	7,6	152	149
10520	119,112	34,26	88,93	26,25	165	149
10521	5,5	2,0	3,2	0,0	152	149
10522	28,24	3,15	33,22	13,6	152	149
10523	64,41	7,3	49,47	1,7	152	149
10524	51,59	1,0	38,39	0,0	298	149
10525	1,0	0,0	1,3	1,0	152	149
10526	1,0	1,0	1,5	0,1	152	149
10527	81,55	95,103	117,70	117,92	152	149
10528	9,8	87,105	8,9	84,99	168	149
10529	79,65	2,3	71,46	1,0	186	149
10532	1,0	1,0	4,0	0,1	152	149
10533	62,41	52,52	34,51	38,34	152	149
10534	65,51	0,2	58,54	1,1	234	149
10535	90,77	0,0	83,73	1,0	298	149
10536	121,90	0,2	83,94	0,2	234	149
10537	7,5	1881,1654	6,10	1696,1673	170	149
10539	5,5	1,0	2,0	0,1	160	149
10540	34,17	12,8	14,18	19,11	160	149
10544	1,4	65,102	8,2	53,57	166	149
10545	723,587	0,0	611,539	3,2	210	149
10549	2,0	299,236	2,1	303,234	177	149
10550	168,143	3,1	160,152	5,1	192	149
10551	66,49	3,1	47,55	5,1	225	149
10552	16,7	118,101	6,9	119,106	182	149
10553	56,51	1,2	49,48	0,1	192	149
10554	271,234	0,2	253,244	0,0	298	149
10555	142,135	0,2	133,104	0,0	298	149
10556	1,4	129,99	3,2	122,140	188	149
10557	169,123	4,1	135,124	2,5	298	149
10558	41,29	5,1	37,38	3,1	198	149
10559	7,5	2,0	12,6	0,0	152	149
10560	53,32	2,0	38,40	0,0	201	149
10561	50,27	4,0	32,36	6,2	198	149
10562	12,14	0,7	17,13	3,2	152	149
10563	41,28	0,7	37,40	3,2	198	149
10564	163,132	0,7	158,138	3,2	201	149
10565	38,23	9,9	31,36	11,9	195	149
10566	160,127	9,9	152,134	11,9	198	149
10568	18,10	127,100	11,9	137,105	298	149
10569	40,27	2,0	34,36	0,0	198	149
10570	50,42	0,1	42,46	0,0	192	149
10571	65,63	9,6	64,57	14,7	154	149
10574	2,1	2,1	0,2	0,1	250	149
10575	2,0	5,2	0,0	3,1	152	149
10576	11,10	4,3	12,8	1,6	174	149
10577	1311,1133	5,1	1138,979	0,5	298	149
10578	490,449	5,2	452,413	0,1	153	149
10579	6,13	0,0	17,5	2,5	271	149
10580	29,40	2,2	48,32	0,0	200	149
10581	6,19	9,10	8,8	9,11	211	149
10582	34,23	221,129	22,22	151,141	186	149
10583	4,12	0,0	7,6	2,0	298	149
10585	588,408	1,1	489,497	0,2	172	149
10586	477,345	5,6	352,377	10,7	154	149
10594	128,123	139,120	113,108	117,91	161	149
10595	101,80	163,144	99,84	161,193	152	149
10596	6,4	102,77	1,4	83,79	164	149
10597	57,61	0,0	47,77	6,2	152	149
10598	3,1	65,50	1,0	49,54	164	149
10599	51,62	1,1	65,58	2,1	298	149
10600	0,1	1,4	1,1	3,0	152	149
10601	10,1	0,1	5,3	0,0	152	149
10602	121,100	95,95	94,87	85,91	152	149
10603	11,1	0,0	3,3	3,4	152	149
10604	275,162	1,0	217,182	0,0	157	149
10605	199,160	0,0	184,187	2,4	170	149
10606	1971,1719	5,2	1737,1732	2,7	212	149
10610	851,805	2,0	866,910	0,0	161	149
10611	973,804	4,4	872,811	0,0	298	149
10612	1235,1087	0,2	1150,1023	0,0	298	149
10613	1538,1420	40,21	1439,1360	20,15	190	149
10614	2,1	55,45	1,0	41,33	257	149
10615	12,11	71,82	13,18	74,55	152	149
10616	8,5	93,97	7,4	59,67	284	149
10617	6,3	37,41	6,1	41,39	162	149
10618	8,18	37,41	18,11	41,39	229	149
10619	6,15	4,0	12,10	0,0	216	149
10620	56,53	0,0	64,63	1,0	169	149
10621	26,14	28,19	29,23	12,20	169	149
10622	0,0	2,0	1,2	0,0	152	149
10626	164,119	1,0	131,131	0,2	184	149
10627	11,11	0,1	2,5	2,0	152	149
10628	215,208	127,132	230,164	94,90	152	149
10630	52,21	0,1	51,41	1,0	153	149
10631	0,5	10,15	4,4	6,4	167	149
10632	94,104	1,0	98,59	0,0	245	149
10633	82,126	24,20	89,75	6,3	298	149
10635	0,0	2,6	0,1	2,3	230	149
10636	4,2	7,3	2,3	6,11	160	149
10637	4,3	5,13	4,3	20,15	174	149
10638	7,4	5,13	8,11	20,15	163	149
10643	17,9	2,0	12,7	1,1	298	149
10644	85,48	3,0	49,45	0,4	177	149
10646	1296,1205	8,0	1116,985	3,1	298	149
10647	158,146	7,5	143,137	11,6	296	149
10658	3,3	1,0	1,2	4,0	155	149
10660	5,1	0,0	8,4	0,1	277	149
10661	0,3	9,0	3,6	1,1	157	149
10666	108,117	0,1	149,107	0,0	254	149
10668	310,295	0,0	358,305	1,0	254	149
10669	3506,2935	16,18	3174,2857	21,8	292	149
10670	24,20	1958,1730	22,17	1714,1722	168	149
10671	30,40	2,0	37,19	1,1	152	149
10672	363,337	222,204	363,321	216,255	152	149
10673	289,210	0,3	216,234	3,2	298	149
10674	412,303	3,2	325,328	6,2	209	149
10675	1,4	4,0	2,0	0,0	152	149
10678	0,0	1,0	2,0	0,3	298	149
10681	2540,2288	0,1	2343,2286	6,2	150	149
10682	893,715	6,2	697,726	8,9	208	149
10683	81,60	3,0	58,62	1,0	181	149
10697	131,110	8,1	141,105	14,11	224	149
10698	88,69	12,8	97,124	10,8	152	149
10699	3,1	1,0	3,1	0,0	152	149
10700	13,18	6,5	15,23	2,3	152	149
10705	155,137	15,28	145,139	18,15	214	149
10706	120,89	0,2	88,87	1,0	189	149
10707	2,1	201,230	13,5	184,181	178	149
10708	523,435	0,0	450,481	3,3	153	149
10709	33,35	0,1	23,18	0,0	153	149
10710	601,476	0,1	524,538	0,0	298	149
10711	573,456	5,15	503,524	2,4	298	149
10712	776,614	8,5	669,694	2,1	221	149
10713	54,26	2,1	51,45	0,0	298	149
10716	151,168	2,0	145,130	0,0	191	149
10717	164,180	4,4	156,144	0,2	191	149
10718	1,1	14,9	0,0	10,6	165	149
10720	16,9	2,0	6,5	0,0	152	149
10721	63,59	3,0	41,47	0,0	182	149
10722	516,460	21,24	402,406	14,19	182	149
10724	7,5	2,0	4,0	5,0	154	149
10725	0,3	52,44	2,1	35,55	152	149
10726	99,71	2,1	73,57	2,0	216	149
10727	2,1	66,69	2,5	67,46	179	149
10728	0,0	19,8	0,2	15,4	298	149
10729	0,0	55,30	0,3	26,26	298	149
10730	13,11	55,30	12,6	26,26	298	149
10731	14,11	0,0	12,5	0,2	298	149
10732	2,2	80,67	1,8	77,62	298	149
10733	566,674	11,2	520,453	8,3	298	149
10736	231,207	88,58	235,190	54,48	204	149
10737	112,102	14,3	122,101	7,4	204	149
10738	111,94	0,1	116,95	0,0	204	149
10739	13,7	513,459	2,11	466,411	266	149
10740	428,489	0,0	485,529	1,0	298	149
10748	431,312	0,0	374,390	0,3	213	149
10749	10,9	205,148	8,8	209,191	211	149
10750	263,190	1,0	227,231	0,0	298	149
10751	339,259	7,4	334,321	2,4	158	149
10755	58,67	0,2	58,54	3,1	298	149
10756	1881,1545	4,4	1633,1619	3,9	298	149
10757	5,11	0,1	6,10	0,0	298	149
10758	316,269	1,0	272,245	0,3	298	149
10760	24,23	577,535	16,31	499,488	221	149
10761	104,107	5,0	80,75	0,0	155	149
10762	116,92	17,8	98,113	10,8	164	149
10763	2,0	60,58	1,1	53,55	183	149
10765	2,2	250,208	3,4	230,239	168	149
10768	1663,1363	2,1	1528,1527	0,0	155	149
10769	0,1	67,73	0,0	86,42	210	149
10771	7,11	687,624	7,3	506,503	187	149
10772	848,674	2,0	686,669	2,2	154	149
10773	28,23	827,652	19,20	613,676	298	149
10774	0,2	6,1	0,0	5,3	188	149
10776	5,2	1,0	1,0	0,0	155	149
10778	28,28	62,38	16,28	41,52	193	149
10779	31,19	2,0	25,22	0,1	209	149
10780	40,19	2,0	26,27	0,1	212	149
10781	10,2	1,2	3,5	2,0	152	149
10782	7,2	0,0	0,1	0,1	152	149
10786	44,29	7,3	41,29	9,1	209	149
10787	56,39	7,3	35,33	9,1	212	149
10788	26,22	14,12	12,11	18,7	152	149
10789	40,36	11,10	41,34	15,10	298	149
10791	335,296	2,3	284,306	6,0	298	149
10792	33,28	860,797	25,22	880,810	233	149
10793	34,11	531,445	13,19	425,458	165	149
10794	787,684	0,0	712,659	1,2	298	149
10798	5,7	2,0	10,11	0,0	298	149
10799	135,130	0,0	142,121	0,1	298	149
10802	64,31	6,6	44,39	1,4	298	149
10805	5,2	1,7	4,3	2,7	298	149
10806	1,0	0,0	0,0	3,0	174	149
10810	17,16	0,1	21,14	0,0	152	149
10811	0,0	1,0	1,1	2,0	165	149
10816	270,215	5,4	197,218	3,2	168	149
10819	6,6	14,18	1,6	9,7	167	149
10820	0,1	4,0	1,1	0,2	167	149
10821	86,105	3,0	67,85	2,6	154	149
10822	344,238	7,5	261,275	5,3	275	149
10823	397,274	1,5	295,302	4,7	298	149
10824	60,41	1,5	39,30	4,7	172	149
10829	48,41	3,7	71,53	4,1	152	149
10833	12,14	2,4	9,5	6,4	152	149
10834	7,4	0,0	8,5	0,1	205	149
10835	14,7	1,0	15,12	0,0	154	149
10840	1,4	3,2	0,0	4,0	223	149
10842	460,381	3,2	445,408	5,8	166	149
10843	1,1	0,3	0,2	0,0	152	149
10845	5,9	104,115	8,18	94,139	152	149
10854	0,1	0,1	3,0	0,3	168	149
10856	18,16	0,1	14,17	0,2	298	149
10857	15,15	14,12	7,13	8,10	298	149
10858	14,13	1,1	9,12	0,0	163	149
10859	16,6	1,2	7,13	1,0	298	149
10861	40,30	2,0	24,34	2,1	271	149
10862	26,18	0,1	15,23	0,0	271	149
10863	43,30	2,2	20,40	4,0	271	149
10876	18,9	1,0	26,27	0,1	221	149
10882	155,97	4,0	177,125	0,0	298	149
10884	25,22	0,0	16,38	5,0	298	149
10885	3,3	3,2	6,7	3,4	174	149
10889	95,52	3,3	92,95	7,5	156	149
10894	29,38	20,40	49,41	26,25	222	149
10895	47,56	67,126	91,71	76,65	295	149
10896	38,58	67,126	68,55	76,65	222	149
10899	0,0	2,0	1,0	0,2	167	149
10904	0,1	0,0	0,0	0,1	298	149
10908	0,1	0,2	2,2	1,0	298	149
10909	0,1	0,2	2,2	1,0	298	149
10911	27,22	14,6	24,16	7,17	152	149
10914	2,2	1,0	0,5	2,1	298	149
10920	818,737	113,86	707,780	99,84	152	149
10923	3191,2455	168,113	2667,3173	162,144	298	149
10924	334,262	246,200	221,235	266,286	298	149
10925	3266,2569	246,200	2713,3236	266,286	298	149
10926	3573,2718	25,11	2987,3455	10,10	298	149
10927	2898,2441	0,1	2327,3117	5,0	298	149
10928	3510,2993	0,2	2831,3274	0,0	298	149
10929	3328,2846	91,84	2775,3244	117,109	298	149
10930	5208,4383	2,4	4224,4901	0,1	245	149
10932	127,104	0,0	156,195	2,0	298	149
10933	8214,6482	2,1	7463,7442	0,1	154	149
10934	7627,6000	1,0	7349,6980	0,1	298	149
10935	7425,5829	4,5	7000,6695	3,3	298	149
10936	6,4	1,1	4,2	1,2	154	149
10937	65,62	1,1	45,50	1,2	298	149
10938	61,60	2,1	43,48	2,0	298	149
10940	0,1	2,0	2,0	0,0	160	149
10943	0,0	1,1	0,1	0,0	152	149
10944	67,85	32,35	47,50	25,22	152	149
10945	213,204	92,80	202,222	40,73	152	149
10946	0,6	236,185	1,2	159,173	165	149
10947	201,129	2,0	177,154	0,0	201	149
10948	7,2	218,238	3,1	240,228	220	149
10952	0,6	0,0	7,7	0,2	152	149
10953	362,291	81,75	318,309	58,56	298	149
10956	5,3	403,341	2,2	379,376	175	149
10957	0,3	420,327	6,8	370,346	210	149
10962	248,175	0,0	223,239	2,2	192	149
10963	18,25	574,468	25,13	549,477	170	149
10966	33,25	0,1	25,35	0,0	298	149
10967	155,122	1,2	113,130	0,1	184	149
10968	57,98	1,0	69,69	1,0	176	149
10969	57,99	1,0	60,66	0,0	298	149
10970	160,119	5,3	155,126	0,4	298	149
10971	182,231	21,42	171,121	21,15	204	149
10972	38,53	2,0	25,27	3,0	167	149
10973	38,53	8,8	25,27	5,4	170	149
10974	2,0	8,8	3,0	5,4	152	149
10975	1,0	7,2	0,0	9,3	184	149
10977	47,46	5,7	50,43	12,5	217	149
10978	14,9	28,31	9,20	17,23	154	149
10981	190,174	0,4	149,160	3,2	227	149
10982	104,98	2,0	93,94	0,3	227	149
10983	11,2	113,80	5,6	152,117	298	149
10990	46,24	412,274	29,25	325,281	171	149
10991	49,46	337,259	40,31	321,232	171	149
10992	50,44	337,259	54,38	321,232	257	149
10993	32,31	31,33	32,18	18,11	235	149
10994	525,375	6,9	403,376	13,9	208	149
11012	79,37	1,0	44,58	1,0	173	149
11013	20,4	1,0	12,5	1,0	298	149
11014	12,3	71,36	11,2	43,55	298	149
11018	7,3	0,0	5,5	0,3	156	149
11019	84,49	0,0	88,68	0,3	158	149
11022	42,29	1011,801	31,24	828,792	170	149
11023	17,22	60,71	32,21	43,57	262	149
11024	15,20	2,0	29,17	0,1	262	149
11025	4,7	114,84	18,0	116,89	171	149
11031	30,29	2,5	32,23	0,4	170	149
11032	190,197	8,14	216,144	6,22	152	149
11033	2,1	285,216	1,2	249,195	189	149
11034	8,13	0,1	7,3	0,0	235	149
11037	593,550	18,7	537,494	19,7	298	149
11045	2,2	0,0	1,2	0,1	248	149
11056	5,4	0,0	0,2	2,4	152	149
11063	13,12	1,0	10,20	0,0	160	149
11064	431,310	2,0	375,313	0,0	298	149
11065	169,181	6,1	162,132	1,2	154	149
11067	0,2	0,1	1,0	0,0	202	149
11072	3,6	3,2	3,7	2,2	167	149
11073	195,174	3,0	161,154	0,3	153	149
11074	2,1	32,17	4,4	15,20	152	149
11078	3,6	4,0	3,1	0,0	176	149
11081	3,2	0,0	6,7	0,2	153	149
11082	228,173	2,2	225,194	6,7	298	149
11083	187,168	5,2	152,152	2,7	298	149
11084	182,164	3,5	126,146	4,6	298	149
11085	362,338	5,2	306,302	0,0	267	149
11086	359,353	0,0	306,304	0,1	298	149
11087	191,141	5,2	194,169	4,0	226	149
11088	468,346	5,2	430,392	4,0	242	149
11089	214,150	5,2	213,176	4,0	276	149
11090	287,213	10,8	239,232	3,9	165	149
11091	33,17	10,8	22,16	3,9	199	149
11092	3,1	257,197	8,2	225,218	183	149
11093	244,213	8,5	225,206	5,1	298	149
11099	4,1	43,25	0,1	40,48	298	149
11103	136,134	18,16	167,127	16,5	261	149
11104	124,87	5,13	85,78	8,12	152	149
11105	15,8	0,1	11,8	1,1	152	149
11106	0,1	124,108	4,1	98,100	170	149
11109	0,0	4,7	2,0	7,7	194	149
11111	138,101	42,50	130,111	35,50	298	149
11112	7,2	103,63	4,4	104,87	180	149
11113	9,13	103,63	8,9	104,87	211	149
11114	2,11	0,0	4,7	0,2	180	149
11115	1,1	3,15	0,0	5,5	152	149
11116	199,141	0,0	144,163	0,1	298	149
11117	2,0	4,7	1,1	2,2	153	149
11118	4,0	64,62	1,4	63,56	298	149
11119	18,19	36,42	37,23	47,46	173	149
11132	4,8	2,0	3,2	0,0	171	149
11133	2,6	56,57	1,6	67,45	174	149
11134	79,77	8,3	67,76	0,5	157	149
11137	77,70	0,1	88,77	5,0	189	149
11138	30,24	0,1	26,37	5,0	242	149
11139	8,5	55,51	7,7	69,47	202	149
11140	145,93	12,9	99,77	9,8	153	149
11141	170,124	27,9	120,98	26,15	298	149
11142	4,4	4,0	1,8	0,0	233	149
11143	11,10	39,15	8,11	22,22	169	149
11144	3,8	11,10	0,2	9,17	152	149
11145	2,6	0,2	2,15	0,0	152	149
11146	49,39	16,8	37,32	15,14	152	149
11147	46,35	26,35	40,52	22,45	152	149
11148	90,75	0,1	89,81	0,0	159	149
11149	226,155	3,0	208,196	3,1	154	149
11152	442,371	8,4	461,395	6,8	298	149
11153	467,440	0,1	471,442	0,0	158	149
11154	5,7	511,427	3,3	456,405	164	149
11155	315,278	9,12	369,371	3,5	298	149
11156	78,72	2,0	72,81	1,3	298	149
11157	82,70	2,0	53,39	0,0	298	149
11159	69,50	3,3	69,77	4,2	155	149
11160	66,65	23,23	76,96	17,10	298	149
11161	21,27	78,68	11,19	73,70	298	149
11162	5,10	79,42	8,5	62,42	206	149
11165	10,11	0,0	17,5	4,0	206	149
11169	148,109	0,0	142,109	1,1	192	149
11170	202,139	2,2	189,155	4,5	192	149
11176	1,8	0,1	1,3	0,0	152	149
11186	92,65	55,58	104,79	58,42	152	149
11188	2,2	7,27	3,1	14,5	239	149
11190	13,5	21,13	5,7	7,7	185	149
11191	3,1	0,1	3,2	0,0	152	149
11192	837,717	2,0	898,775	0,0	298	149
11193	6,11	2,3	12,10	0,4	193	149
11195	65,61	14,23	57,53	20,12	176	149
11196	1662,1447	2,3	1469,1377	0,0	209	149
11197	1205,1002	1,0	1095,1137	0,0	209	149
11198	813,789	1,6	862,728	1,4	298	149
11199	74,90	976,887	79,64	926,851	176	149
11200	747,745	16,9	748,670	5,14	298	149
11201	787,744	8,8	693,660	5,2	298	149
11202	127,78	5,4	113,83	3,1	160	149
11203	127,70	5,4	110,75	3,1	298	149
11204	1014,799	5,4	889,814	3,1	298	149
11205	5,2	4,10	6,3	9,10	298	149
11206	892,731	4,10	785,742	9,10	298	149
11207	889,731	1,0	779,739	0,0	298	149
11208	124,69	0,0	106,73	0,1	160	149
11209	7,4	1,1	6,4	0,0	298	149
11210	124,69	1,0	104,73	0,0	160	149
11211	156,133	11,5	159,130	5,7	152	149
11213	1,1	24,23	4,2	30,21	225	149
11214	690,710	0,1	716,611	5,2	298	149
11215	5,14	4,4	7,6	3,2	223	149
11220	3,13	1,2	5,2	0,1	215	149
11221	1,5	7,0	4,3	2,0	298	149
11222	1,3	0,1	3,3	0,2	298	149
11223	1,4	7,8	3,2	10,2	298	149
11225	7,0	0,1	2,0	0,2	159	149
11226	7,1	7,8	2,0	10,2	162	149
11228	0,2	7,8	0,2	10,2	152	149
11232	9,5	1,0	6,11	0,0	298	149
11237	0,2	2,0	6,1	0,1	298	149
11243	2,3	11,19	2,3	10,4	170	149
11247	27,68	1,0	30,22	0,0	298	149
11249	0,0	4,20	2,1	16,6	163	149
11250	0,0	1,4	2,1	7,0	163	149
11252	22,26	0,2	20,18	1,4	263	149
11254	8,18	12,0	17,10	6,8	241	149
11255	0,3	1,0	2,1	0,0	171	149
11257	1,0	0,0	0,2	0,2	186	149
11259	0,0	1,0	0,1	1,0	241	149
11260	0,0	0,1	0,1	0,0	244	149
11261	1,0	0,1	1,0	0,0	152	149
11263	3,6	287,250	11,5	236,264	298	149
11266	65,38	254,236	43,23	220,211	298	149
11267	176,144	3,0	171,170	0,0	153	149
11269	3,4	161,137	7,3	149,155	174	149
11273	1,4	10,7	0,3	3,6	197	149
11274	123,98	10,7	110,147	3,6	152	149
11275	129,118	2,1	91,123	2,3	153	149
11276	111,113	34,27	96,88	32,28	298	149
11277	33,13	379,357	20,22	330,325	164	149
11295	0,3	12,11	2,1	4,4	162	149
11296	24,28	293,338	21,24	308,299	298	149
11309	3,3	0,0	4,2	4,0	298	149
11312	71,82	0,0	58,61	1,0	298	149
11314	6,4	94,77	13,12	143,105	152	149
11317	136,99	3,2	120,141	4,0	153	149
11318	193,121	5,0	164,158	5,4	298	149
11319	13,13	0,2	13,17	0,0	188	149
11320	49,48	0,2	48,48	0,0	242	149
11322	27,24	1,1	23,18	1,0	193	149
11323	89,57	1,1	53,60	1,0	203	149
11324	68,33	6,0	30,42	0,0	159	149
11326	30,24	3,1	13,19	2,0	154	149
11327	41,43	6,13	34,35	5,3	159	149
11331	64,48	0,1	34,55	0,0	298	149
11336	74,35	6,6	69,64	7,9	239	149
11339	90,58	14,4	89,74	8,5	152	149
11340	2,1	12,9	0,1	2,4	167	149
11341	33,24	40,50	13,27	39,26	152	149
11342	25,12	57,53	11,21	67,61	298	149
11344	420,349	0,1	328,291	1,1	157	149
11348	226,180	4,1	166,181	5,4	152	149
11349	215,212	268,266	192,181	338,272	298	149
11351	946,726	7,8	940,720	4,7	174	149
11353	0,1	2,0	1,2	0,0	154	149
11358	0,1	0,0	0,0	2,0	155	149
11367	69,72	0,0	68,50	2,0	233	149
11372	255,247	1,0	180,141	0,0	250	149
11373	0,5	3,11	1,0	1,4	159	149
11374	408,344	6,8	305,235	12,8	298	149
11375	411,355	6,8	306,239	12,8	298	149
11376	452,381	0,2	361,268	0,0	153	149
11377	3848,3054	2,2	3629,3154	1,1	154	149
11381	85,52	13,10	96,71	5,8	152	149
11383	1,0	89,75	0,0	59,65	173	149
11384	100,107	0,0	78,69	4,2	213	149
11386	132,121	1,1	152,132	0,0	230	149
11387	2,4	9,6	3,1	8,5	167	149
11388	42,31	82,60	41,39	79,81	152	149
11389	2,2	62,62	0,0	35,53	178	149
11390	0,0	48,54	2,3	41,48	231	149
11392	7,2	104,99	3,6	80,74	240	149
11394	8,15	178,211	11,11	177,178	172	149
11395	39,33	3,3	29,40	0,3	154	149
11401	3,1	159,150	10,2	179,154	298	149
11407	2,2	16,23	3,0	23,12	192	149
11409	7,11	9,3	14,10	5,6	162	149
11410	1,0	1,2	2,0	0,2	156	149
11411	6,4	3,3	11,3	2,3	169	149
11412	6,6	3,3	9,5	2,3	162	149
11413	6,4	3,2	10,4	1,1	162	149
11414	5,4	2,0	10,3	0,0	162	149
11415	13,10	14,10	17,15	15,15	162	149
11416	5,2	95,64	0,3	85,56	176	149
11417	48,53	22,16	37,29	30,21	152	149
11419	1,7	95,99	13,3	100,106	255	149
11421	8,4	0,0	1,5	1,0	153	149
11422	7,1	2,0	13,5	0,1	176	149
11423	7,1	0,0	8,5	0,2	176	149
11424	34,11	0,2	34,25	0,0	213	149
11434	14,24	2,0	26,16	0,1	153	149
11435	84,83	44,30	63,42	30,31	153	149
11436	78,48	3,3	53,62	6,3	192	149
11440	83,105	5,1	77,63	2,0	293	149
11441	142,147	109,164	121,85	102,73	293	149
11444	77,69	0,1	61,57	0,0	201	149
11445	1,1	128,113	0,1	83,103	184	149
11446	222,178	0,1	210,192	2,5	298	149
11447	213,179	4,2	206,195	0,2	151	149
11449	13,9	3,2	9,4	2,1	152	149
11450	11,7	11,8	18,5	9,2	193	149
11458	0,2	0,2	2,2	3,1	180	149
11459	2,1	0,1	0,5	0,0	152	149
11460	117,124	0,0	87,81	1,0	298	149
11461	14,12	17,32	18,16	32,20	184	149
11462	128,112	3,0	139,133	0,0	237	149
11463	131,132	3,0	153,137	0,0	202	149
11464	27,15	166,144	36,26	151,116	184	149
11465	555,441	0,1	466,399	0,2	298	149
11466	22,12	0,1	18,34	1,1	298	149
11467	11,5	501,461	4,2	484,394	211	149
11472	60,51	1,0	45,47	1,0	152	149
11475	35,33	6,11	30,27	4,4	207	149
11484	10,3	2,0	17,10	2,0	197	149
11485	10,17	12,1	7,14	8,9	152	149
11488	157,146	2,0	153,127	0,0	188	149
11489	370,339	2,0	332,320	0,0	238	149
11490	215,196	2,3	179,193	0,0	199	149
11491	27,70	6,3	20,17	8,1	170	149
11493	24,27	1,0	36,32	0,0	200	149
11494	59,33	5,3	57,47	3,2	200	149
11503	112,144	1,1	99,112	0,0	166	149
11504	716,675	42,27	576,574	28,22	166	149
11505	335,343	247,267	348,284	231,238	152	149
11510	5,4	158,142	6,6	188,151	175	149
11511	5,4	303,220	6,6	291,281	175	149
11512	38,48	0,2	60,43	0,0	181	149
11513	336,264	0,2	345,318	0,0	155	149
11514	383,350	2,0	435,385	0,0	154	149
11526	2,17	121,92	6,4	65,67	170	149
11527	2,3	2,0	5,4	0,0	170	149
11528	1,2	76,54	3,1	53,54	171	149
11529	185,143	4,0	155,112	0,0	250	149
11530	781,558	2,2	669,627	3,0	187	149
11537	3,4	0,0	2,1	0,3	152	149
11541	186,153	34,37	164,200	36,33	177	149
11542	33,31	1,3	35,33	2,1	177	149
11544	8,13	119,142	10,4	85,49	285	149
11546	2,2	2,1	2,3	1,2	298	149
11547	517,367	10,14	487,459	7,11	173	149
11548	591,477	13,9	545,500	4,3	298	149
11549	497,448	1,5	481,426	9,7	298	149
11553	7,10	0,6	9,6	0,0	167	149
11554	7,12	1,1	9,6	2,1	170	149
11555	0,8	1,1	0,0	2,1	152	149
11556	26,25	0,0	36,16	1,4	167	149
11557	26,27	82,40	36,16	60,75	170	149
11558	0,2	82,40	1,4	60,75	152	149
11559	8,8	1,0	10,2	2,0	298	149
11560	8,8	2,3	7,3	1,1	298	149
11561	26,23	72,81	17,15	81,73	298	149
11563	7,0	0,2	7,0	0,5	298	149
11564	292,242	2,3	244,255	2,3	298	149
11565	36,17	72,68	26,19	65,58	227	149
11569	661,564	0,0	591,589	0,1	185	149
11575	41,40	55,49	16,38	67,20	152	149
11576	0,2	0,0	0,0	2,0	189	149
11577	3,7	0,0	5,5	2,0	196	149
11580	204,149	34,14	177,151	16,25	152	149
11581	5,1	15,2	5,5	7,10	213	149
11585	137,85	9,9	130,104	17,9	298	149
11586	37,17	38,28	33,21	34,22	298	149
11587	60,72	1,4	72,42	0,1	191	149
11589	1,4	0,0	0,1	0,1	298	149
11593	0,3	2,0	5,1	0,3	298	149
11596	48,53	32,26	73,53	12,16	298	149
11598	3,2	175,185	3,1	150,137	191	149
11599	163,145	1,0	115,96	0,0	153	149
11602	72,58	37,27	56,43	33,28	298	149
11603	113,80	0,0	67,55	0,1	182	149
11618	161,189	0,0	153,137	3,1	153	149
11619	17,25	4,11	11,11	8,6	203	149
11620	209,198	2,0	197,182	1,0	207	149
11628	5,9	2,4	13,7	0,0	173	149
11629	47,45	3,3	52,67	2,2	173	149
11648	1,0	4,0	2,1	0,0	298	149
11649	3,1	219,204	4,3	220,244	170	149
11650	5,4	67,71	3,1	113,88	298	149
11651	5385,4350	0,0	4734,4823	2,1	298	149
11652	543,396	5522,4630	487,483	4962,5229	152	149
11653	6434,5483	5,0	5633,6020	2,1	158	149
11655	45,39	0,1	28,26	2,1	154	149
11657	39,41	0,2	10,23	0,0	298	149
11658	2,3	0,0	0,4	1,0	182	149
11659	33,42	0,0	14,30	1,0	298	149
11661	6,3	2,0	8,8	0,0	182	149
11662	31,36	2,0	13,22	0,0	298	149
11663	41,54	2,0	16,35	0,0	298	149
11664	94,146	2,0	78,89	0,0	298	149
11665	29,33	4,0	13,18	8,4	271	149
11666	39,54	4,0	19,32	8,4	298	149
11667	92,146	4,0	81,86	8,4	298	149
11668	68,63	6,5	54,56	7,2	298	149
11669	121,155	6,5	116,110	7,2	298	149
11670	72,121	16,23	73,69	10,15	153	149
11671	52,40	0,0	46,41	0,3	298	149
11672	264,267	0,0	223,256	0,3	298	149
11673	234,246	0,0	195,238	2,0	298	149
11674	221,232	5,1	188,219	4,0	154	149
11676	15,15	6,4	8,14	8,6	152	149
11683	16,11	136,147	16,14	142,119	190	149
11684	190,212	64,60	155,182	62,36	224	149
11685	3,1	9,5	2,1	1,8	298	149
11687	0,0	3,4	0,4	1,0	231	149
11688	0,0	1,0	0,3	0,0	231	149
11700	0,0	3,1	1,0	0,1	152	149
11701	68,66	2,0	55,57	0,1	298	149
11702	127,93	39,77	77,86	54,59	177	149
11704	4,2	0,0	0,2	1,0	230	149
11706	1,0	1,2	0,0	0,2	189	149
11715	798,652	2,2	773,723	3,3	230	149
11716	759,635	0,0	746,698	0,1	230	149
11717	2153,1897	10,10	2161,2007	5,6	230	149
11718	426,326	0,0	381,344	0,1	166	149
11719	438,336	0,0	398,345	0,2	166	149
11720	520,404	100,56	479,433	67,54	166	149
11722	18,18	0,0	19,11	0,1	194	149
11723	48,56	0,0	46,24	0,1	194	149
11742	1,0	3,0	2,0	0,0	171	149
11747	50,53	3,2	72,54	2,2	152	149
11748	5,2	1,1	0,3	2,2	177	149
11749	701,610	0,0	643,625	2,2	154	149
11750	50,35	932,806	44,31	919,876	194	149
11751	58,40	106,47	54,43	82,68	196	149
11752	940,811	106,47	929,888	82,68	151	149
11753	17,22	6,7	9,10	4,7	152	149
11762	77,70	909,823	89,61	765,777	171	149
11763	966,864	3,1	859,720	4,9	152	149
11764	119,110	0,0	108,86	1,0	152	149
11767	60,70	1,2	52,55	2,3	267	149
11768	1149,882	0,0	1125,1010	1,1	298	149
11769	1810,1304	0,1	1663,1559	0,0	271	149
11770	22,17	918,763	22,17	925,829	184	149
11775	1,0	3,1	0,2	4,2	298	149
11776	4,7	7,6	12,6	4,3	187	149
11777	1201,957	2,2	1165,1107	0,3	264	149
11778	24,19	2,3	19,19	1,1	197	149
11779	2365,1909	1,0	2294,2222	0,1	155	149
11780	1249,1105	0,1	1174,1074	0,0	298	149
11781	24,15	497,467	16,10	441,451	161	149
11782	234,257	71,70	224,214	66,89	154	149
11783	78,57	0,2	48,52	0,0	154	149
11788	945,781	0,1	917,744	2,3	152	149
11789	616,501	0,0	577,500	1,0	298	149
11790	4,1	101,85	1,3	58,101	170	149
11791	101,123	6,6	87,97	4,7	154	149
11792	2,1	107,98	2,1	69,80	190	149
11795	4,4	145,153	4,2	121,103	298	149
11796	127,118	0,0	88,82	2,0	216	149
11797	36,18	4,1	18,17	7,0	298	149
11798	0,2	1,0	3,2	3,0	236	149
11799	40,42	18,14	24,30	30,37	208	149
11800	146,110	1,0	85,104	0,3	298	149
11803	36,21	4,1	23,23	0,0	223	149
11804	53,53	0,3	47,47	1,1	155	149
11805	507,431	0,0	520,427	0,1	278	149
11806	147,103	29,33	165,160	25,26	152	149
11807	0,0	249,162	1,1	205,198	177	149
11808	111,70	41,43	96,74	33,35	173	149
11809	85,98	6,7	74,83	0,10	154	149
11810	3,1	8,16	5,0	23,13	207	149
11811	122,120	8,8	101,71	3,3	152	149
11812	156,140	36,49	121,87	35,30	194	149
11813	42,28	36,49	23,19	35,30	191	149
11814	47,51	38,39	45,45	44,33	152	149
11821	1,5	0,5	1,4	2,0	207	149
11822	0,1	0,0	0,0	0,2	155	149
11824	805,654	0,2	731,589	0,0	298	149
11825	67,57	70,49	66,39	34,51	231	149
11826	2,3	2,3	0,5	0,4	298	149
11827	10,15	2,2	12,7	0,0	298	149
11832	47,53	0,0	39,31	2,0	229	149
11833	74,119	1,4	78,70	0,4	229	149
11841	9,11	3,1	7,18	0,1	218	149
11844	26,11	0,2	14,3	0,0	155	149
11855	0,1	0,0	0,0	2,1	163	149
11856	235,244	0,2	228,160	2,0	183	149
11857	553,477	4,1	481,347	0,1	298	149
11858	692,593	9,12	580,463	5,6	179	149
11859	1021,827	41,37	836,726	62,38	298	149
11860	416,308	41,37	334,328	62,38	298	149
11861	0,2	8,10	0,0	14,7	165	149
11862	2,2	0,0	7,4	2,0	179	149
11863	305,197	2,0	269,225	0,0	298	149
11868	3,0	0,2	3,1	0,0	165	149
11869	10,5	0,2	16,5	0,0	199	149
11870	7,5	0,0	15,4	2,0	183	149
11871	14,9	2,4	16,14	0,2	224	149
11872	23,16	2,4	30,21	0,2	274	149
11873	9,7	0,0	14,8	0,1	199	149
11874	54,59	560,440	58,55	490,525	298	149
11876	2,1	2646,2224	1,1	2496,2232	173	149
11883	4,2	2,0	4,3	0,0	152	149
11884	249,245	3,4	247,243	1,3	172	149
11886	7,14	3,3	9,13	0,0	194	149
11887	4,11	3,3	4,3	0,0	185	149
11889	264,278	5,9	296,265	2,4	298	149
11890	310,428	0,1	324,278	0,0	298	149
11891	138,238	0,1	122,115	0,0	184	149
11892	958,1157	4,5	771,713	2,1	184	149
11894	336,345	50,98	310,243	80,98	298	149
11895	163,215	0,1	158,149	2,0	298	149
11896	666,552	0,1	612,605	5,0	161	149
11897	625,484	1,0	612,534	0,0	298	149
11898	9,28	2,0	14,16	0,0	240	149
11899	18,13	4,4	12,16	1,2	152	149
11901	137,90	28,11	139,114	28,28	195	149
11905	5,5	0,4	0,1	0,1	152	149
11907	89,118	7,17	87,71	7,10	210	149
11908	3,7	34,33	5,12	50,31	298	149
11909	2,1	0,1	7,3	5,6	192	149
11910	3,1	23,17	8,5	22,25	192	149
11922	15,43	2,4	21,16	0,3	298	149
11923	6,19	5,0	15,17	2,0	298	149
11924	69,53	1,3	61,56	3,0	262	149
11927	119,109	0,0	108,91	1,0	298	149
11928	0,2	102,69	0,0	76,95	171	149
11929	306,218	90,68	267,260	99,75	298	149
11931	11,22	334,287	18,12	280,253	175	149
11932	25,14	593,461	19,8	535,497	165	149
11935	4,2	6,2	2,3	4,3	298	149
11945	23,33	8,6	45,34	9,2	269	149
11952	10,11	1,0	5,3	0,0	298	149
11953	3,3	9,10	2,4	5,3	295	149
11954	19,25	2,0	15,10	3,1	177	149
11955	6,18	2,0	7,7	3,1	195	149
11956	1,3	14,10	2,1	10,4	167	149
11957	1,3	14,10	2,0	10,4	162	149
11964	22,13	154,177	16,19	163,109	165	149
11968	5,1	2,6	2,4	2,3	212	149
11977	0,3	0,2	0,2	0,0	152	149
11990	3,1	111,108	1,0	99,83	170	149
11999	44,38	1,2	24,26	1,3	298	149
12000	3,4	281,256	1,4	280,274	186	149
12001	319,313	9,9	358,273	9,15	154	149
12002	18,19	2,1	26,14	3,1	185	149
12003	75,54	555,516	87,46	500,409	185	149
12004	597,554	7,3	523,435	5,2	298	149
12007	19,16	1,0	16,12	0,0	238	149
12008	0,0	1,0	1,2	0,0	154	149
12013	2,6	3,4	2,4	7,7	298	149
12016	114,82	2,0	78,120	1,0	153	149
12017	140,121	2,3	126,125	2,2	154	149
12018	32,23	14,25	24,27	16,24	152	149
12019	67,61	14,25	44,49	16,24	167	149
12020	67,59	32,21	44,49	24,27	164	149
12022	77,74	1,0	97,94	0,0	153	149
12023	454,364	6,2	458,420	3,5	257	149
12024	412,320	38,32	309,342	28,23	152	149
12025	14,12	406,395	12,7	344,304	170	149
12026	1226,1025	0,2	1214,1082	0,0	298	149
12028	0,0	108,75	1,0	78,83	164	149
12029	126,104	0,0	128,111	0,2	175	149
12033	0,3	0,0	4,11	0,2	194	149
12036	53,32	2,1	59,41	2,1	188	149
12040	65,81	0,0	66,46	0,1	298	149
12041	3,2	47,35	1,3	28,32	176	149
12043	2,5	213,191	2,3	158,206	170	149
12044	0,0	16,12	0,7	22,11	187	149
12045	2,1	7,12	5,4	11,6	189	149
12046	11,10	0,2	15,10	3,5	243	149
12047	0,0	11,8	1,0	4,8	168	149
12048	0,0	11,8	2,3	4,8	187	149
12049	2,1	3,5	5,4	2,2	189	149
12050	13,9	5,1	15,10	1,2	243	149
12052	8,17	2,0	2,7	0,0	154	149
12054	5,10	0,3	1,4	0,0	170	149
12055	4,9	0,3	3,5	0,0	175	149
12056	0,0	1,1	2,1	0,0	154	149
12057	45,27	1,0	22,28	0,1	298	149
12058	5,5	1,0	3,2	0,0	175	149
12060	59,50	2,1	27,40	2,2	298	149
12062	5,6	2,3	10,7	1,0	153	149
12063	15,17	1,0	31,22	0,0	298	149
12065	266,234	1,1	225,236	0,0	156	149
12069	16,26	130,129	33,29	147,108	298	149
12070	46,60	6,15	58,38	24,3	298	149
12071	529,508	3,0	450,530	0,0	298	149
12072	140,174	0,1	129,90	2,1	298	149
12073	69,69	163,134	66,65	167,168	298	149
12074	66,81	1,0	62,64	0,0	298	149
12075	11,4	163,134	7,10	167,168	171	149
12076	47,45	0,4	68,59	1,0	177	149
12077	139,88	0,0	88,126	1,0	201	149
12078	69,78	0,1	70,68	2,0	185	149
12079	171,140	20,11	120,120	12,11	204	149
12080	38,30	1,0	24,29	0,0	204	149
12081	9,37	10,10	10,22	14,18	152	149
12082	751,641	6,4	683,550	9,4	192	149
12086	3,1	1,0	3,0	0,0	152	149
12087	14,13	1,2	5,6	1,3	152	149
12089	3,3	0,3	2,2	2,0	207	149
12090	11,9	7,19	3,13	5,5	298	149
12091	11,12	7,19	5,13	5,5	288	149
12093	21,12	0,1	17,11	3,1	172	149
12094	71,52	1790,1548	68,45	1640,1484	225	149
12095	166,134	7,10	135,118	2,17	236	149
12096	50,41	1790,1548	54,35	1640,1484	202	149
12097	145,123	7,10	121,108	2,17	213	149
12098	1885,1630	7,10	1707,1557	2,17	160	149
12100	139,140	8,0	103,100	14,6	259	149
12102	32,45	2,0	25,38	2,2	152	149
12103	1,0	71,71	0,0	79,84	207	149
12104	51,51	0,1	47,47	0,1	153	149
12106	1,1	89,74	1,0	69,41	192	149
12109	1,1	43,48	1,0	54,75	214	149
12110	1,1	43,48	1,0	54,75	174	149
12135	89,66	560,474	95,66	483,520	255	149
12136	59,47	560,474	70,49	483,520	263	149
12137	15,9	45,28	21,16	46,33	157	149
12138	44,38	18,13	52,35	21,19	255	149
12139	47,38	2,3	51,33	2,3	263	149
12141	43,31	11,5	45,29	8,4	158	149
12147	352,357	2,4	288,303	3,1	155	149
12155	21,26	3,8	26,21	1,1	202	149
12156	67,78	3,8	69,60	1,1	237	149
12157	50,58	4,6	47,44	4,5	184	149
12161	516,430	14,10	505,433	20,13	194	149
12165	51,60	8,15	65,53	26,13	154	149
12166	7,5	0,0	8,4	0,2	154	149
12167	428,365	0,2	339,334	0,0	298	149
12168	392,321	19,10	287,290	8,8	210	149
12169	388,341	0,3	296,372	0,0	214	149
12170	320,270	5,1	236,246	3,2	291	149
12171	6,0	104,116	6,1	83,67	169	149
12172	2,5	51,54	4,4	50,48	172	149
12173	2,4	2,2	6,2	2,1	172	149
12174	22,15	1,1	16,22	1,0	255	149
12175	20,13	142,115	3,11	106,116	172	149
12176	19,14	24,27	3,9	11,9	172	149
12177	19,14	16,9	3,9	9,9	172	149
12178	95,110	1,0	104,117	0,0	258	149
12179	150,152	6,12	134,133	4,10	185	149
12180	209,232	12,12	201,209	16,25	258	149
12181	259,310	2,1	256,244	4,2	298	149
12182	65,92	12,12	71,86	16,25	222	149
12183	151,197	2,1	156,153	4,2	291	149
12184	98,117	2,1	101,92	4,2	218	149
12191	15,16	73,100	27,16	95,97	152	149
12192	347,295	0,0	352,315	0,1	212	149
12193	299,242	60,30	250,188	29,29	155	149
12194	14,5	1,1	7,7	0,0	233	149
12195	8,9	1,0	1,3	0,0	298	149
12196	144,123	752,582	123,139	681,700	158	149
12197	24,14	517,421	13,12	403,428	163	149
12198	191,103	3,0	137,153	0,3	205	149
12199	684,510	3,0	527,569	0,3	191	149
12200	23,6	43,33	13,10	31,20	163	149
12203	19,14	7,6	9,12	13,8	174	149
12204	5,5	0,0	6,3	0,1	174	149
12205	25,30	24,13	27,23	10,7	298	149
12206	18,12	229,212	21,24	202,192	169	149
12207	205,163	13,7	177,160	1,5	171	149
12208	336,297	13,7	301,240	1,5	231	149
12209	297,262	166,128	254,210	130,130	209	149
12210	132,96	0,0	113,82	0,2	231	149
12211	2,3	388,357	2,4	379,336	175	149
12212	389,362	8,17	385,340	2,8	153	149
12213	3,8	8,17	8,8	2,8	179	149
12215	0,3	0,1	9,0	0,0	155	149
12216	8,17	3,3	5,9	3,0	189	149
12220	59,54	0,0	62,50	2,0	153	149
12221	150,93	77,59	115,96	66,33	158	149
12222	43,36	224,166	26,41	202,130	164	149
12227	19,25	0,2	24,15	1,0	298	149
12230	37,16	2,7	30,16	2,7	187	149
12231	7,16	0,2	5,3	0,2	298	149
12232	73,89	3,3	57,56	1,0	192	149
12235	955,739	1,6	820,819	0,5	165	149
12236	1,0	2,0	1,0	0,0	152	149
12237	1,0	9,4	2,1	6,3	182	149
12238	585,453	0,2	472,392	0,5	298	149
12246	651,442	0,0	474,519	0,3	152	149
12247	14,9	601,557	11,5	518,463	173	149
12248	318,253	2,2	253,221	0,0	298	149
12249	24,19	260,170	13,15	189,187	168	149
12250	577,423	101,85	441,406	82,87	298	149
12251	565,413	2,7	432,394	4,6	298	149
12252	9,16	207,167	14,21	182,187	298	149
12253	81,35	53,48	76,81	65,64	279	149
12254	0,2	2,1	0,0	1,1	152	149
12257	520,630	1,3	449,433	4,1	198	149
12258	227,251	3,2	206,218	1,5	198	149
12261	4,6	0,0	0,0	0,6	152	149
12266	33,15	2,2	30,32	5,0	298	149
12267	19,9	0,1	17,16	0,0	298	149
12268	54,36	10,4	43,30	3,11	155	149
12269	1,1	1,0	8,5	0,0	155	149
12276	38,19	48,31	35,30	40,33	298	149
12277	8,0	80,56	0,1	89,46	224	149
12278	101,90	5,0	77,63	3,4	298	149
12279	29,26	0,2	38,18	0,1	151	149
12280	39,52	0,3	63,42	1,0	202	149
12281	38,40	2,3	45,27	2,10	202	149
12282	168,148	7,3	157,164	7,10	173	149
12283	183,126	0,0	146,131	1,3	298	149
12286	142,99	3,0	102,143	0,0	152	149
12287	143,102	0,1	114,135	2,0	153	149
12288	10,11	1,0	21,17	0,0	153	149
12290	2,0	3,6	0,0	4,1	169	149
12295	224,185	5,4	218,219	3,3	153	149
12296	47,30	0,0	57,34	1,0	298	149
12297	2447,2071	14,4	2555,2372	3,23	152	149
12300	6,14	2,0	6,4	0,0	298	149
12301	13,10	394,331	10,13	363,343	171	149
12302	201,154	2,0	185,187	1,1	237	149
12303	582,475	2,0	538,517	1,1	215	149
12304	399,343	11,13	369,347	12,9	298	149
12307	496,399	0,0	460,430	2,0	221	149
12308	632,525	2,3	607,611	0,1	254	149
12309	382,307	0,0	357,356	1,0	298	149
12310	303,276	0,2	328,334	1,0	298	149
12311	298,262	3,5	313,329	9,3	298	149
12312	596,471	0,3	481,449	2,2	298	149
12313	353,323	0,0	362,261	8,0	298	149
12314	540,444	0,0	449,353	4,0	298	149
12315	721,524	2,4	614,514	1,5	237	149
12316	62,48	0,0	52,58	1,0	244	149
12318	0,0	2,0	0,2	0,2	152	149
12319	53,45	2,3	55,43	0,4	298	149
12320	2,1	69,70	8,1	91,74	298	149
12325	2,2	8,16	2,4	5,15	298	149
12326	4,1	11,12	1,0	11,7	165	149
12327	46,41	0,0	60,24	2,1	155	149
12329	0,1	2,7	0,0	0,3	163	149
12330	15,29	55,28	7,9	28,38	152	149
12334	58,33	4,4	52,58	2,6	158	149
12336	1,7	149,168	0,7	166,123	179	149
12338	1629,1473	1,1	1414,1444	0,0	298	149
12339	1614,1365	0,1	1395,1426	0,0	298	149
12340	12,10	1,0	3,7	0,0	298	149
12341	25,32	1937,1539	25,23	1573,1628	298	149
12344	6,4	0,0	2,4	0,2	196	149
12345	4,2	0,0	4,2	0,3	196	149
12346	7,17	0,1	13,17	1,6	298	149
12347	2,2	11,18	6,10	15,14	298	149
12348	0,1	11,18	1,6	15,14	269	149
12349	117,136	1,1	125,110	1,3	298	149
12350	190,244	9,15	207,223	16,14	196	149
12351	166,177	0,2	177,173	1,1	298	149
12355	2,0	66,39	0,0	35,50	298	149
12359	37,25	0,0	22,12	2,2	153	149
12363	130,133	2,0	89,60	1,1	198	149
12364	12,12	5,3	10,18	2,0	217	149
12366	2,2	1,0	2,0	1,1	191	149
12367	1,4	0,2	6,0	0,0	191	149
12370	2,1	1,0	0,0	0,1	152	149
12371	253,178	42,36	190,160	26,34	175	149
12372	325,327	0,0	367,311	0,1	298	149
12374	628,499	20,15	518,461	20,25	153	149
12377	2,0	2,0	1,5	0,0	298	149
12378	0,0	2,0	1,5	0,0	298	149
12379	0,0	2,0	0,1	0,0	164	149
12384	0,0	0,1	5,2	2,2	219	149
12386	1,0	0,0	0,1	0,1	203	149
12391	5,0	0,0	0,1	3,2	203	149
12396	19,22	23,18	3,12	20,18	176	149
12400	37,66	5,1	37,19	2,1	298	149
12403	185,154	2,2	166,159	1,0	252	149
12405	9,9	9,3	3,12	5,14	174	149
12406	1,2	2,2	2,5	4,0	153	149
12407	19,15	125,104	27,19	101,126	160	149
12408	0,2	0,5	3,1	2,1	160	149
12410	18,10	13,18	6,13	1,8	269	149
12411	354,393	4,1	303,307	4,12	289	149
12412	27,12	1070,1071	8,11	1035,1010	168	149
12413	2279,2015	0,0	2146,2048	4,1	298	149
12414	748,976	35,61	683,623	46,41	153	149
12415	163,137	1,6	107,104	2,1	243	149
12416	3,6	17,12	12,6	13,18	298	149
12417	4,4	99,75	15,6	102,146	298	149
12418	18,13	99,75	18,20	102,146	172	149
12419	28,25	92,97	31,27	62,91	152	149
12421	38,38	3,1	46,41	3,2	298	149
12422	207,135	2,0	167,143	2,0	225	149
12423	136,115	3,0	136,136	0,2	152	149
12424	42,27	0,0	37,38	0,1	298	149
12425	30,15	4,1	33,19	8,9	152	149
12426	1,5	25,22	1,2	23,12	274	149
12427	38,25	45,41	19,19	33,29	237	149
12429	220,154	7,11	212,177	8,7	158	149
12433	8,2	4,5	4,1	5,4	298	149
12435	37,55	0,0	60,36	0,1	298	149
12436	328,315	1,0	324,277	0,0	298	149
12437	37,55	363,331	59,36	348,317	298	149
12438	286,279	3,0	297,245	1,4	298	149
12439	274,283	0,0	290,244	1,1	156	149
12440	330,261	6,4	293,271	8,3	161	149
12441	194,161	0,1	178,172	1,1	157	149
12442	26,28	166,130	18,23	161,141	203	149
12443	7,12	141,104	10,7	101,106	178	149
12444	53,60	0,0	47,47	1,0	298	149
12445	157,155	2,0	113,115	0,0	298	149
12446	194,164	0,0	147,153	1,0	298	149
12447	21,18	8,13	10,10	7,4	174	149
12448	23,22	4,1	15,22	2,3	263	149
12449	0,2	2,0	2,0	0,1	152	149
12452	186,183	1,6	142,195	3,3	298	149
12453	261,201	1,1	271,243	1,3	183	149
12454	580,464	8,5	534,490	7,11	265	149
12456	0,0	5,8	3,0	4,8	167	149
12458	2,0	0,3	0,3	0,0	156	149
12459	17,9	1,3	7,16	3,2	175	149
12460	119,86	8,12	122,114	9,2	298	149
12461	45,44	2,3	41,39	1,12	193	149
12462	4,5	6,4	3,4	1,6	182	149
12463	88,95	0,2	99,82	2,5	227	149
12464	22,14	69,76	15,14	64,80	298	149
12465	21,5	87,66	11,5	63,55	166	149
12466	7,1	3,0	5,5	1,0	196	149
12467	6,10	0,0	5,15	1,2	298	149
12468	224,225	10,8	204,158	7,3	178	149
12469	316,239	8,14	246,200	6,9	187	149
12470	0,3	1,2	0,6	1,0	269	149
12471	131,107	16,23	148,104	26,17	152	149
12472	255,189	0,0	206,212	1,0	298	149
12474	26,22	346,297	16,19	345,351	168	149
12475	98,59	0,1	46,90	1,1	193	149
12477	0,2	3,0	0,1	1,0	155	149
12478	5,2	4,5	2,6	14,5	152	149
12480	0,1	0,1	0,1	0,0	230	149
12489	1251,1251	1,0	1279,1220	0,0	298	149
12490	1356,1151	0,2	1228,1088	0,1	298	149
12491	1378,1168	9,2	1234,1081	9,2	161	149
12493	2288,2095	12,10	2057,2077	20,13	206	149
12494	1561,1547	4,9	1466,1493	7,0	162	149
12495	124,87	15,15	129,90	13,14	162	149
12497	26,32	0,3	33,15	2,2	152	149
12500	63,67	2,0	61,60	0,0	155	149
12502	8,20	0,3	12,8	1,1	152	149
12505	15,8	598,563	12,4	560,551	191	149
12506	562,487	2,0	528,462	0,0	298	149
12507	713,547	0,0	708,573	2,3	298	149
12508	363,374	0,0	257,229	2,0	298	149
12509	4,5	361,373	3,2	257,227	167	149
12510	698,616	28,10	581,485	7,4	220	149
12511	721,656	0,3	589,524	4,2	298	149
12512	3,3	162,136	8,4	149,177	184	149
12513	2,7	80,51	1,4	89,68	247	149
12514	23,42	0,1	19,22	3,2	247	149
12517	31,42	3,1	38,30	1,0	298	149
12518	0,0	10,0	0,1	4,8	224	149
12519	0,0	7,6	1,0	12,8	170	149
12521	721,610	12,21	625,508	9,16	298	149
12522	560,496	12,21	509,420	9,16	298	149
12523	105,138	254,239	106,116	210,196	170	149
12524	43,23	189,221	39,33	172,187	298	149
12526	11,4	0,0	15,5	2,1	215	149
12527	342,320	0,4	308,293	2,3	298	149
12531	26,20	143,148	9,17	106,134	152	149
12533	140,154	6,3	183,112	7,5	293	149
12535	31,40	2,2	28,33	0,0	199	149
12544	44,23	7,11	40,32	4,5	298	149
12546	116,103	13,9	131,87	8,14	153	149
12547	221,205	2,2	266,200	0,0	246	149
12549	411,315	0,0	303,275	1,2	298	149
12550	252,242	2,0	271,264	0,0	164	149
12553	22,30	0,0	26,41	2,0	254	149
12554	144,176	3,5	167,152	0,0	154	149
12557	22,19	0,2	35,13	0,0	248	149
12561	21,21	0,0	28,16	0,1	153	149
12563	30,23	0,1	31,18	0,0	298	149
12564	8,3	0,1	1,4	0,0	223	149
12567	18,7	25,17	4,12	27,22	223	149
12572	2,2	47,34	0,1	51,33	179	149
12579	15,20	1,0	7,5	0,0	298	149
12583	69,43	5,1	43,46	1,2	153	149
12585	2343,2013	0,2	2229,2056	0,0	298	149
12587	17,11	15,5	8,19	3,9	152	149
12588	23,29	29,21	35,19	15,20	298	149
12592	3,1	110,137	2,2	81,83	179	149
12594	2,3	97,89	7,1	94,94	298	149
12596	3,0	0,3	0,1	1,1	268	149
12597	1,0	0,3	0,1	1,1	265	149
12599	1,2	0,4	0,1	0,0	265	149
12600	1,0	0,3	0,1	0,0	298	149
12611	135,81	8,12	91,98	5,11	228	149
12612	0,0	80,84	1,0	89,68	176	149
12613	175,165	10,6	124,167	16,8	176	149
12615	527,397	0,4	410,375	2,3	298	149
12617	2,1	2,0	0,1	0,2	298	149
12618	2,1	2,0	0,1	0,2	298	149
12621	24,13	230,195	11,14	183,189	298	149
12622	75,60	10,8	43,47	12,11	298	149
12623	284,246	10,8	216,223	12,11	209	149
12628	1,2	231,199	0,0	183,191	164	149
12631	2,11	163,152	2,4	168,151	298	149
12632	22,27	0,1	25,27	1,1	298	149
12633	183,168	0,1	191,176	1,1	178	149
12638	18,10	328,275	12,2	314,321	216	149
12639	6,5	181,176	4,6	185,185	215	149
12641	16,14	39,33	12,15	39,19	243	149
12643	9,9	12,12	2,7	19,4	254	149
12644	3,6	4,3	0,3	2,2	254	149
12645	3,5	4,3	0,3	2,2	268	149
12648	85,67	34,37	62,64	30,24	298	149
12649	586,542	0,0	549,601	1,0	163	149
12650	306,292	203,206	247,267	192,174	152	149
12651	910,856	187,175	798,770	179,147	161	149
12652	710,696	7,17	549,572	5,8	170	149
12654	1,9	1,1	3,5	0,0	152	149
12655	66,78	30,43	45,62	26,25	152	149
12656	0,3	107,88	0,0	76,91	178	149
12658	556,400	1,0	480,382	0,4	174	149
12659	492,387	2,0	469,405	0,0	156	149
12662	14,16	347,265	15,14	291,328	171	149
12663	20,25	347,265	29,19	291,328	206	149
12664	7,11	1,2	15,6	1,1	184	149
12665	392,318	1,0	377,379	0,0	298	149
12666	18,49	427,345	25,9	370,389	275	149
12667	233,192	7,6	108,142	3,7	155	149
12671	63,53	189,118	87,57	146,184	238	149
12672	32,27	0,0	40,33	0,1	238	149
12674	48,44	1,0	41,47	2,6	152	149
12680	926,788	1,2	838,922	4,0	298	149
12696	379,279	1,4	339,364	2,3	298	149
12697	0,1	2,0	0,0	1,0	181	149
12703	313,264	99,67	278,253	87,67	152	149
12704	208,218	278,214	209,190	255,226	182	149
12705	38,40	278,214	28,22	255,226	218	149
12706	2,9	172,187	3,2	184,170	185	149
12707	36,34	0,0	25,20	1,0	182	149
12710	37,19	0,0	37,26	0,1	251	149
12712	15,26	0,0	26,24	0,1	298	149
12713	3,0	1,2	0,0	2,0	152	149
12718	99,74	21,15	76,69	20,18	298	149
12719	96,73	50,37	77,66	46,40	298	149
12720	137,121	8,21	146,144	13,6	213	149
12734	187,150	0,1	186,160	0,0	153	149
12736	22,19	0,0	23,24	2,0	153	149
12737	431,313	1,4	401,298	1,5	298	149
12739	22,14	615,495	32,22	578,534	166	149
12740	0,2	64,42	0,0	42,44	170	149
12741	1,0	5,0	0,1	1,1	169	149
12743	1,0	834,738	0,0	918,867	179	149
12746	110,145	9,11	132,109	10,5	298	149
12747	95,84	5,11	94,72	10,16	226	149
12748	87,85	28,24	88,62	16,13	152	149
12752	278,247	0,2	264,216	0,0	167	149
12753	706,759	8,2	624,515	1,0	167	149
12754	291,216	0,6	289,271	0,0	234	149
12755	195,207	3,0	165,168	2,5	298	149
12756	8,16	1,1	18,15	0,0	161	149
12757	1,2	0,2	0,0	2,0	191	149
12759	22,27	0,3	16,15	0,0	298	149
12762	23,22	110,129	21,32	125,147	298	149
12763	9,11	5,1	11,2	4,1	152	149
12764	3,5	1,0	7,2	0,0	152	149
12765	5,2	0,0	2,1	1,0	178	149
12766	5,6	10,21	2,1	6,3	191	149
12767	0,4	10,21	1,0	6,3	162	149
12768	7,3	418,411	13,15	386,310	187	149
12769	610,686	1,2	593,475	4,4	298	149
12771	1707,1460	18,5	1560,1563	8,4	298	149
12772	39,24	2,1	30,30	0,2	298	149
12775	42,36	2122,1795	30,36	1969,1921	169	149
12776	1842,1586	0,0	1665,1655	1,0	298	149
12777	1842,1583	0,0	1666,1654	1,0	298	149
12778	38,36	0,3	30,36	1,1	169	149
12779	1579,1250	0,6	1581,1501	0,0	152	149
12780	1921,1518	2,1	1876,1702	6,2	169	149
12781	2190,1807	0,2	2108,2104	1,1	229	149
12782	95,63	1959,1555	72,55	1776,1614	201	149
12783	170,145	1357,1165	136,150	1313,1180	298	149
12785	3410,2685	1,0	3251,2792	0,0	298	149
12786	11,7	2,2	7,6	2,0	207	149
12787	1871,1400	0,1	1613,1503	1,1	298	149
12788	10,9	0,2	1,4	2,6	169	149
12789	29,19	2,5	25,19	0,4	153	149
12791	8,4	36,24	8,3	29,32	168	149
12792	127,108	486,404	122,105	394,351	164	149
12796	5,1	127,135	7,3	103,128	169	149
12797	1,4	112,87	5,4	121,92	168	149
12798	10,17	2,0	18,6	0,0	155	149
12799	0,1	0,2	0,0	6,2	182	149
12802	1,4	8,6	9,12	4,4	298	149
12803	3,8	0,0	13,19	0,1	298	149
12804	10,10	0,0	8,12	0,1	212	149
12806	1,0	74,97	0,0	75,82	219	149
12807	5,4	63,64	0,1	70,62	189	149
12809	119,93	5,3	98,104	0,2	152	149
12812	0,1	1,3	2,0	4,6	298	149
12813	0,1	1,3	0,0	4,6	298	149
12814	0,2	0,0	1,0	2,0	298	149
12815	0,0	5,9	2,2	5,6	193	149
12817	13,24	1,0	41,27	0,0	266	149
12818	5,4	64,74	4,3	60,65	171	149
12819	3,5	41,49	1,2	42,35	164	149
12820	384,440	16,7	355,295	12,10	298	149
12821	801,812	67,53	724,627	53,42	298	149
12822	383,437	0,0	352,293	2,0	298	149
12823	1,3	0,2	2,0	0,0	169	149
12824	45,69	0,1	63,52	1,0	298	149
12825	1,0	0,0	0,1	1,0	152	149
12826	17,21	190,152	22,7	188,171	298	149
12828	77,25	0,1	21,21	1,0	155	149
12829	100,34	2,6	76,82	1,1	246	149
12832	2,1	0,0	1,2	2,0	152	149
12834	33,16	103,60	12,29	97,80	199	149
12835	96,75	676,529	66,79	558,570	276	149
12836	166,119	676,529	151,130	558,570	226	149
12837	26,17	3,1	20,18	4,2	298	149
12838	10,7	708,684	11,20	689,620	178	149
12839	14,8	2,0	11,15	1,0	156	149
12840	12,17	336,272	19,20	353,350	165	149
12841	30,63	6,0	18,20	2,3	298	149
12842	55,94	8,12	36,33	7,7	239	149
12843	32,50	2,2	23,22	0,1	239	149
12845	80,59	48,44	58,46	50,39	298	149
12857	19,22	975,923	19,15	972,906	179	149
12858	1236,999	63,45	1182,1161	54,62	194	149
12859	347,366	8,12	293,334	6,0	218	149
12861	72,61	8,1	57,64	0,0	164	149
12862	103,74	8,1	83,80	0,0	187	149
12863	173,133	8,1	153,166	0,0	291	149
12864	72,45	41,32	55,44	29,28	172	149
12865	142,104	41,32	125,130	29,28	276	149
12866	76,63	6,4	75,89	5,3	253	149
12867	313,285	4,6	286,282	2,4	298	149
12875	15,7	0,0	20,8	1,0	202	149
12876	17,9	0,0	24,9	1,0	216	149
12877	4,2	2,0	5,1	1,0	163	149
12884	4,2	0,1	1,1	0,0	163	149
12886	17,9	0,1	20,9	0,0	216	149
12887	66,34	0,1	63,40	0,0	298	149
12893	29,20	436,385	39,42	395,337	276	149
12894	882,784	8,11	790,701	14,2	275	149
12896	70,35	523,365	38,36	481,426	176	149
12902	1,0	0,0	2,0	1,0	153	149
12903	113,93	0,4	139,104	0,0	152	149
12904	77,65	0,1	108,76	0,0	162	149
12908	4,7	0,0	2,1	0,2	268	149
12909	4,8	12,6	2,2	7,6	298	149
12910	1,1	12,6	0,3	7,6	199	149
12911	1,1	0,4	0,1	0,0	199	149
12914	19,10	3,1	19,10	0,0	298	149
12918	432,341	3,1	379,360	2,1	179	149
12919	17,9	6,8	7,10	3,9	152	149
12920	20,10	1,0	11,12	0,0	184	149
12922	1,3	8,2	1,1	5,1	205	149
12923	1,5	8,2	3,4	5,1	298	149
12933	18,24	164,112	17,25	164,132	298	149
12934	5,10	164,112	3,3	164,132	206	149
12936	3,2	3,0	1,3	0,0	226	149
12942	349,380	0,1	321,306	1,9	176	149
12945	2,0	0,0	0,2	1,1	152	149
12947	1,0	15,4	0,0	6,9	166	149
12948	60,50	31,23	46,55	24,22	298	149
12949	67,77	204,153	71,57	168,154	298	149
12950	248,144	31,28	179,161	24,23	152	149
12952	2,0	15,12	2,3	19,9	209	149
12953	2,1	0,0	2,0	0,1	209	149
12954	11,11	1,2	23,13	2,2	153	149
12955	0,0	1,2	2,3	2,2	167	149
12956	0,0	11,11	0,2	21,12	163	149
12957	138,119	6,15	119,103	13,5	298	149
12958	86,88	178,155	81,94	155,145	298	149
12959	0,1	27,27	1,0	8,14	170	149
12960	29,19	18,13	32,8	5,12	182	149
12962	412,427	1,2	370,452	1,5	152	149
12963	956,915	4,2	892,1006	0,2	298	149
12964	17,14	0,0	2,13	0,1	298	149
12965	2,0	0,2	1,2	0,3	193	149
12966	8,17	1115,1020	17,15	1019,1062	215	149
12967	6,19	1115,1020	16,16	1019,1062	171	149
12968	1128,1032	4,6	1021,1073	6,11	298	149
12969	1591,1339	1,0	1438,1387	0,0	298	149
12970	1210,990	2,1	1149,1153	2,1	294	149
12971	932,753	2,1	866,870	2,4	155	149
12980	38,36	0,0	47,31	1,0	187	149
12981	45,34	131,132	33,31	129,121	152	149
12982	482,462	0,0	352,357	2,0	298	149
12983	957,842	464,440	879,812	334,322	174	149
12984	96,56	3,0	67,61	0,0	298	149
12985	170,135	14,6	131,141	1,11	174	149
12994	27,19	17,23	28,19	18,16	152	149
12999	58,57	38,51	55,44	45,31	298	149
13000	5,10	75,103	14,9	97,70	152	149
13001	168,150	11,8	134,157	6,9	152	149
13002	11,19	1144,1116	7,14	890,882	162	149
13003	3,1	13,16	8,4	13,20	162	149
13004	1208,1172	61,67	937,961	38,47	168	149
13005	531,760	10,4	410,367	3,2	155	149
13006	22,23	82,73	22,21	48,59	298	149
13007	60,44	2,0	58,41	0,1	298	149
13008	23,20	23,29	27,24	23,23	298	149
13009	31,39	3,0	27,39	4,0	174	149
13010	1,1	2,0	0,0	2,0	230	149
13011	14,8	13,9	7,7	14,7	227	149
13027	16,13	1,1	8,8	0,0	244	149
13028	21,11	42,33	8,7	35,41	244	149
13029	3,6	62,50	3,9	43,38	167	149
13034	0,5	0,0	1,0	1,1	154	149
13036	1057,816	21,18	836,858	18,14	209	149
13037	376,296	1,0	306,326	5,0	209	149
13038	678,509	0,0	510,515	1,0	298	149
13039	12,6	0,0	7,6	0,1	298	149
13040	11,5	441,328	14,10	378,328	199	149
13041	475,374	5,0	356,429	3,2	154	149
13042	804,646	3,2	667,680	4,2	224	149
13043	410,332	0,0	372,372	1,0	298	149
13044	7,23	1,0	19,13	0,0	156	149
13045	382,308	0,2	358,341	0,3	156	149
13046	47,46	1,0	54,39	0,0	298	149
13051	13,17	1,4	18,20	6,16	298	149
13052	16,19	46,34	18,22	25,15	298	149
13053	58,63	3488,3347	35,41	3369,2986	247	149
13054	3458,3334	86,56	3176,3208	49,47	298	149
13055	3378,3176	6,3	3003,3028	8,1	157	149
13056	63,67	2868,2573	72,75	2640,2477	162	149
13057	153,156	2867,2485	103,114	2703,2408	200	149
13058	2,1	0,1	7,4	1,1	184	149
13061	5,3	0,0	0,8	0,2	170	149
13063	57,63	4,6	73,71	10,3	175	149
13064	18,16	0,0	23,20	1,0	175	149
13072	6,5	1,2	6,5	0,2	298	149
13078	230,171	16,32	145,192	22,25	190	149
13081	0,0	2,0	0,1	0,0	229	149
13082	1,4	3,5	0,1	2,6	152	149
13083	4,9	0,2	1,4	0,0	174	149
13084	36,62	114,146	17,39	95,110	174	149
13088	2,2	99,75	1,3	78,72	186	149
13089	103,147	4,1	72,72	2,1	298	149
13090	23,20	3,8	30,18	2,8	172	149
13091	225,196	10,23	235,208	37,23	257	149
13092	111,82	5,0	104,89	2,0	257	149
13096	202,198	0,6	190,186	7,1	155	149
13098	8,12	1,3	12,10	2,0	178	149
13099	12,11	1,0	11,9	0,0	178	149
13100	73,88	0,0	54,76	4,0	211	149
13101	50,73	12,7	49,41	6,2	152	149
13103	394,542	22,31	421,405	20,18	245	149
13104	4,26	22,31	7,3	20,18	217	149
13113	13,10	14,18	10,6	23,14	235	149
13115	2,6	0,0	1,1	0,1	298	149
13116	4,5	0,0	4,6	0,1	298	149
13117	9,5	0,1	3,6	0,0	224	149
13119	2,2	42,36	11,4	79,42	155	149
13122	2,3	42,28	6,3	33,48	264	149
13124	76,53	0,0	53,51	5,0	190	149
13127	28,37	0,1	27,32	1,0	298	149
13131	22,39	38,37	41,32	29,44	152	149
13132	3,0	0,0	0,5	3,0	152	149
13135	2,0	0,0	0,1	0,2	298	149
13137	8,5	14,3	12,11	15,11	191	149
13138	3,3	14,3	6,7	15,11	188	149
13139	12,6	0,1	14,19	0,0	190	149
13140	6,8	1432,1098	6,9	1324,1212	181	149
13141	149,137	0,0	122,140	2,0	298	149
13142	16,17	0,0	22,12	0,1	215	149
13144	24,27	44,37	21,15	32,29	152	149
13145	147,140	12,8	142,121	15,24	152	149
13155	48,59	3134,3043	53,58	2639,2368	226	149
13156	405,400	2527,2405	378,347	2126,1975	278	149
13157	50,41	2003,1687	42,35	1723,1692	262	149
13158	169,119	2637,2376	128,128	2311,2312	185	149
13159	425,471	407,349	438,379	320,350	298	149
13160	265,318	804,741	285,249	738,693	298	149
13161	572,493	353,339	472,530	301,339	171	149
13162	21,15	131,98	9,13	92,82	198	149
13166	2,1	64,71	2,4	57,47	298	149
13167	31,28	1,4	30,26	0,4	174	149
13168	24,28	0,0	22,24	2,1	174	149
13169	0,0	9,12	1,0	5,5	217	149
13170	1319,1309	0,0	969,993	1,0	298	149
13171	1761,1441	28,10	1307,1377	16,20	151	149
13172	1842,1494	17,11	1364,1428	2,15	153	149
13173	109,63	17,11	73,71	2,15	151	149
13174	197,160	1,0	136,138	0,0	153	149
13175	3796,3203	0,1	3107,2631	0,0	298	149
13176	6828,5592	2,2	5720,4972	0,1	298	149
13178	3007,2181	1,0	2321,1923	0,0	298	149
13182	51,55	44,32	46,47	19,18	152	149
13184	126,102	0,0	146,94	1,2	155	149
13188	504,565	49,27	500,493	62,36	197	149
13189	204,259	7,2	161,161	3,2	298	149
13190	343,346	3,5	301,265	3,5	298	149
13191	47,38	0,0	30,43	1,0	184	149
13192	56,40	0,0	32,49	1,0	229	149
13193	10,2	1,0	3,6	1,0	194	149
13194	50,39	2,2	32,46	5,1	184	149
13195	119,110	31,18	95,133	10,13	184	149
13196	54,40	31,18	33,49	10,13	229	149
13197	8,2	73,72	4,6	66,90	194	149
13198	22,14	2,1	19,22	1,1	210	149
13199	46,39	0,0	29,43	0,1	184	149
13201	1290,1140	3,2	1127,1150	1,1	222	149
13202	0,1	38,59	0,1	66,47	173	149
13204	5,4	0,0	3,6	1,1	153	149
13208	0,0	6,0	0,1	0,0	275	149
13209	0,1	0,1	0,1	0,0	275	149
13212	14,5	12,8	7,7	4,13	152	149
13213	234,184	263,244	193,227	260,252	152	149
13214	1,4	1,1	0,4	3,0	152	149
13215	1,0	6,8	0,1	5,6	298	149
13217	342,317	4,0	373,293	0,0	298	149
13220	7,6	0,0	4,4	4,0	152	149
13221	9,9	0,0	14,3	0,2	201	149
13222	2,2	9,5	1,0	3,9	153	149
13225	751,691	0,0	733,654	0,2	197	149
13226	38,41	0,0	18,22	4,1	298	149
13228	1,0	37,25	0,0	46,26	298	149
13235	5,5	23,8	6,3	29,22	298	149
13236	0,0	1,0	0,2	0,0	225	149
13237	3,0	10,7	1,0	4,4	223	149
13238	24,11	2,2	6,12	0,2	219	149
13239	0,6	0,0	0,5	1,0	276	149
13240	0,9	0,0	4,10	1,0	279	149
13241	0,4	0,1	4,5	0,0	152	149
13242	37,39	18,12	40,42	9,8	152	149
13251	15,14	154,121	13,11	95,99	196	149
13255	0,3	0,0	0,0	0,1	153	149
13265	0,3	15,18	0,0	5,14	170	149
13267	114,79	91,78	111,91	69,56	152	149
13270	2,0	18,19	3,5	7,10	161	149
13272	37,35	87,58	13,17	79,50	200	149
13273	8053,7022	3,2	7197,7331	2,1	158	149
13274	147337,131432	7,6	134289,135014	4,7	298	149
13275	151859,134935	0,0	137246,138099	1,1	154	149
13277	212710,184056	1,0	201547,187637	0,0	154	149
13278	214450,185643	0,1	203288,189201	0,0	160	149
13279	1741,1587	0,1	1741,1564	0,0	155	149
13290	1,5	0,0	0,2	0,1	152	149
13291	1,0	4,12	0,0	1,5	153	149
13295	6,2	63,51	2,0	34,33	209	149
13296	160,127	2,0	119,94	0,0	230	149
13299	648,599	9,4	620,492	17,10	177	149
13300	113,115	463,504	106,76	416,445	179	149
13301	36,42	18,15	43,51	20,9	211	149
13302	47,60	778,719	53,59	739,648	211	149
13303	725,586	6,9	569,600	16,8	178	149
13304	80,45	0,0	57,47	0,1	178	149
13305	230,227	5,2	177,166	11,3	154	149
13306	98,81	3,1	84,89	2,0	185	149
13307	494,343	1478,1340	398,419	1541,1259	185	149
13308	117,92	51,49	102,107	36,52	185	149
13309	18,15	661,586	11,20	715,634	244	149
13310	8,9	3,4	7,10	0,0	244	149
13311	613,522	2,0	680,501	1,0	153	149
13312	27,19	174,124	22,33	131,149	154	149
13313	2,2	174,124	1,3	131,149	298	149
13314	2,1	27,18	1,2	22,32	298	149
13315	2,1	0,3	2,4	2,3	154	149
13316	270,183	0,3	199,209	2,3	298	149
13317	270,182	2,0	199,208	2,3	298	149
13318	0,1	268,181	0,0	198,206	159	149
13319	43,43	192,161	40,25	164,166	169	149
13320	48,42	1,1	63,36	0,2	208	149
13321	337,296	67,44	333,335	51,57	152	149
13322	138,102	4,3	142,121	0,2	180	149
13323	256,141	15,15	192,172	2,5	180	149
13324	173,123	2,0	149,135	0,0	180	149
13325	236,226	3,5	238,233	3,0	166	149
13326	17,26	2,0	10,14	4,0	248	149
13336	15,27	5,0	21,19	0,0	152	149
13337	129,141	60,56	118,127	30,53	152	149
13340	1,1	116,114	0,0	112,111	194	149
13343	243,195	0,0	220,193	0,2	298	149
13344	1,1	28,13	1,1	23,13	183	149
13346	669,549	31,13	551,706	12,10	152	149
13347	58,33	0,0	51,37	8,1	152	149
13348	61,44	1541,1193	51,49	1426,1232	173	149
13349	4,2	0,0	14,11	3,1	298	149
13350	53,53	2,0	48,47	0,1	298	149
13355	46,27	317,272	29,39	297,265	207	149
13356	568,487	7,0	513,468	5,10	174	149
13357	116,94	0,1	111,118	0,2	200	149
13363	0,0	0,1	0,1	0,0	152	149
13366	4,3	124,89	6,5	116,124	242	149
13367	7,7	251,277	6,13	222,238	254	149
13368	303,390	4,3	280,272	2,2	274	149
13370	221,185	0,2	234,203	5,0	298	149
13371	1,0	19,27	2,0	25,12	165	149
13373	401,329	0,0	339,383	6,4	298	149
13374	505,436	0,0	440,471	0,2	171	149
13376	67,57	0,1	48,38	0,0	155	149
13383	9,13	0,1	8,5	0,0	176	149
13388	4,0	2,0	2,5	0,1	152	149
13389	1,0	0,0	0,1	1,0	152	149
13390	2,3	0,0	11,2	0,5	152	149
13399	417,314	1,1	322,269	0,0	298	149
13437	432,387	1,0	394,387	1,4	298	149
13443	0,2	0,0	1,0	0,2	182	149
13448	442,365	2,0	319,388	2,0	298	149
13450	11,10	102,129	7,6	65,100	298	149
13451	0,4	10,10	2,3	7,13	152	149
13452	66,42	0,0	41,36	0,2	154	149
13455	121,93	1,1	124,103	1,0	182	149
13456	604,523	1,1	481,491	1,0	240	149
13457	326,286	1,1	298,278	1,0	291	149
13458	498,436	15,6	370,398	13,10	207	149
13459	220,199	15,6	187,185	13,10	258	149
13460	80,68	358,305	61,54	244,267	200	149
13463	972,756	15,5	762,693	13,11	251	149
13464	512,378	1,0	387,352	0,0	251	149
13465	61,56	2,0	58,46	1,0	241	149
13466	62,56	2,0	57,46	1,0	244	149
13467	1,0	0,0	0,0	1,0	152	149
13471	21,22	0,1	30,26	0,2	195	149
13472	13912,11969	3,7	13500,12822	15,5	298	149
13474	943,775	29,25	728,671	33,14	209	149
13476	4,4	54,72	4,6	65,54	298	149
13477	90,49	0,1	80,69	0,0	298	149
13478	44,49	1,0	40,41	0,0	298	149
13480	74,88	1244,961	69,65	1089,944	213	149
13481	1122,1002	0,0	1047,953	2,0	163	149
13495	4,0	3,8	0,3	6,10	298	149
13496	111,74	0,2	54,81	0,0	298	149
13497	14,31	23,16	22,19	15,11	170	149
13499	184,182	173,154	195,180	127,84	152	149
13502	0,3	215,244	2,0	228,221	178	149
13504	7,7	54,122	3,1	73,69	183	149
13506	443,435	14,5	277,287	11,17	281	149
13507	105,85	14,5	69,63	11,17	191	149
13508	59,51	20,27	53,58	22,26	235	149
13520	2,0	18,18	0,0	23,12	166	149
13521	72,57	9,5	59,63	13,12	152	149
13523	27,23	3,0	33,14	4,1	298	149
13531	62,53	22,22	68,75	45,28	152	149
13532	1,0	2,1	0,0	1,1	173	149
13534	29,27	283,249	23,24	249,233	191	149
13535	29,14	283,249	14,27	249,233	224	149
13536	15,8	15,21	12,18	21,15	182	149
13537	0,3	285,240	1,1	220,255	249	149
13555	3,0	2,0	0,2	0,0	197	149
13556	5,6	2,0	3,3	0,0	298	149
13557	4,7	2,0	2,3	0,0	298	149
13560	1,4	1,3	0,0	1,0	298	149
13563	2,0	0,0	2,0	2,0	191	149
13565	11,9	10,16	4,7	6,3	152	149
13567	2,2	6,6	2,1	1,2	224	149
13569	3,7	72,63	10,4	56,89	231	149
13570	52,27	0,3	48,37	3,3	178	149
13576	7,3	4,4	3,2	2,3	157	149
13577	6,11	0,0	7,8	1,2	152	149
13579	2,5	1,1	5,3	0,1	152	149
13581	9,9	202,170	7,3	214,179	291	149
13585	2,3	0,0	6,4	3,0	298	149
13586	57,45	5,2	48,37	5,5	162	149
13587	60,57	4,3	57,44	2,2	169	149
13588	8,14	4,3	14,12	2,2	156	149
13590	5,4	9,4	0,0	11,4	236	149
13591	3,1	9,4	0,0	11,4	171	149
13599	145,187	1,3	104,154	0,0	298	149
13602	374,245	12,4	301,258	7,5	273	149
13609	3,0	2,0	0,2	0,2	208	149
13610	1,6	14,9	0,3	4,11	198	149
13611	2,5	14,9	0,2	4,11	201	149
13612	1,1	0,2	0,0	0,1	152	149
13616	55,29	48,27	30,29	46,39	186	149
13617	12,12	2,1	13,11	1,2	186	149
13618	0,1	22,18	0,1	12,24	162	149
13624	4,5	4,1	4,2	0,2	298	149
13626	15,12	13,19	9,6	20,13	298	149
13627	4,5	13,19	4,1	20,13	298	149
13629	7,2	1,0	1,1	0,2	164	149
13630	5,6	136,107	5,4	107,81	165	149
13631	153,119	0,0	120,110	0,2	194	149
13632	648,569	7,0	565,581	9,5	298	149
13633	94,98	0,4	109,73	6,2	298	149
13635	699,510	1,0	544,493	0,0	298	149
13636	45,65	1,1	53,52	2,2	298	149
13637	1643,1232	1,0	1467,1218	0,0	298	149
13638	51,40	3,0	36,43	0,0	298	149
13639	42,61	1127,802	43,46	1014,918	298	149
13640	45,60	1127,802	43,46	1014,918	298	149
13642	7,5	0,1	9,6	0,2	242	149
13645	4,0	0,0	2,4	2,0	223	149
13646	3,0	0,0	1,2	2,0	195	149
13648	2,3	1,0	2,5	1,0	231	149
13649	59,53	23,9	66,62	19,16	200	149
13650	44,44	23,9	40,46	19,16	203	149
13651	21,26	36,35	19,20	45,36	152	149
13652	121,99	0,0	122,83	2,2	298	149
13653	13,4	4,4	7,8	1,1	284	149
13657	0,0	1,2	0,3	3,5	236	149
13658	15,14	0,1	15,19	3,2	153	149
13659	9,5	5,1	11,11	2,4	153	149
13660	359,399	109,85	355,409	73,110	153	149
13662	0,2	75,88	0,0	72,74	181	149
13663	3,3	9,3	0,1	9,17	185	149
13664	78,89	9,3	72,75	9,17	153	149
13665	12,10	0,3	11,14	1,2	298	149
13667	10,14	1,2	9,6	0,3	224	149
13668	28,32	62,51	38,18	96,65	152	149
13669	198,210	1,2	197,162	0,0	250	149
13670	1,3	192,130	2,2	145,148	284	149
13671	323,242	0,0	257,243	0,6	298	149
13675	21,44	0,1	34,21	0,2	244	149
13678	93,113	19,9	94,79	20,2	209	149
13679	51,41	10,13	53,33	7,8	152	149
13681	23,37	0,2	31,25	0,0	210	149
13685	0,0	13,6	1,0	3,8	172	149
13686	1,3	0,1	4,1	0,0	202	149
13687	14,9	0,1	6,9	0,0	179	149
13692	2,2	0,0	4,2	0,4	153	149
13694	16,19	0,0	17,11	0,1	169	149
13700	136,126	1,2	123,125	0,0	156	149
13702	236,186	17,9	238,187	7,18	181	149
13703	649,562	10,5	670,520	6,6	251	149
13704	430,385	10,5	439,351	6,6	219	149
13705	74,54	3,4	48,65	9,7	298	149
13707	6,3	70,59	0,0	63,48	178	149
13708	29,24	1,2	35,14	1,0	276	149
13709	35,25	16,17	39,16	13,2	276	149
13710	30,25	0,3	37,14	1,2	276	149
13717	0,1	54,41	2,2	56,40	277	149
13718	3,1	2,2	6,12	1,0	171	149
13719	79,61	0,1	76,71	0,0	171	149
13720	1075,924	34,22	998,799	25,32	258	149
13721	1104,941	2951,2178	1013,816	2822,2583	258	149
13722	1381,1142	2951,2178	1245,1027	2822,2583	298	149
13723	1377,1141	2951,2178	1239,1019	2822,2583	298	149
13724	796,608	32,22	749,614	16,20	298	149
13725	792,607	32,22	743,606	16,20	298	149
13726	813,690	8,4	737,662	8,13	298	149
13727	1073,919	2,3	997,798	9,5	258	149
13728	4315,3331	2,3	4042,3588	9,5	298	149
13729	3730,2797	1,0	3546,3175	0,2	298	149
13730	3515,2625	10,8	3206,3094	4,12	298	149
13731	3235,2445	0,0	3149,2777	1,0	298	149
13732	4084,3508	0,0	4029,3956	2,0	298	149
13733	4308,3589	0,0	4063,3916	2,1	298	149
13734	18,13	2898,2278	14,23	2515,2535	187	149
13735	147,134	1,2	121,123	0,0	152	149
13736	1,2	196,156	1,1	139,169	152	149
13737	1,8	49,73	4,1	71,33	239	149
13738	3,4	2,4	3,1	4,4	239	149
13740	1210,1193	0,2	1142,1035	3,1	155	149
13741	128,128	1821,1765	121,96	1746,1557	152	149
13743	34,25	0,0	33,29	0,1	152	149
13744	36,30	0,5	35,30	6,7	152	149
13745	156,128	2,2	166,160	0,0	298	149
13746	184,151	6,6	196,187	2,6	298	149
13747	33,25	6,6	32,28	2,6	152	149
13748	1580,1375	3,3	1331,1409	7,6	298	149
13749	1608,1398	4,4	1361,1436	1,8	298	149
13750	34,26	4,4	39,34	1,8	152	149
13751	201,126	169,158	149,197	147,170	152	149
13752	31,24	3,0	33,28	3,1	152	149
13753	1292,999	2,0	1126,1080	1,0	161	149
13754	13,17	10,14	16,13	13,8	152	149
13756	0,0	0,1	0,1	0,0	152	149
13759	0,0	0,1	2,0	0,1	182	149
13761	8,5	1,0	8,3	0,3	298	149
13763	2932,2559	2,1	2809,2506	1,0	298	149
13765	570,533	48,44	563,504	39,40	298	149
13768	69,66	1663,1505	76,63	1566,1451	236	149
13770	94,140	0,0	121,68	1,0	298	149
13771	139,117	10,4	121,127	3,2	154	149
13772	1,2	69,90	0,4	55,46	173	149
13773	130,171	16,9	73,72	7,4	220	149
13774	199,263	2,10	117,112	2,2	298	149
13775	24,35	2,3	23,21	0,0	298	149
13782	3,6	0,2	6,8	1,2	298	149
13785	126,113	96,76	145,128	102,77	152	149
13786	236,245	5,4	241,251	3,4	179	149
13787	266,281	11,10	245,217	9,6	298	149
13788	57,63	114,120	61,38	95,99	152	149
13789	136,139	0,3	110,114	0,1	298	149
13790	19,26	382,412	20,17	357,341	173	149
13793	20204,16666	2,0	18531,17322	1,0	298	149
13795	0,1	14,7	0,0	6,5	187	149
13798	3,4	2,0	4,1	0,1	152	149
13799	90,55	44,41	71,81	37,37	152	149
13802	14,16	3,0	11,13	0,1	153	149
13804	21,13	0,2	24,20	0,0	259	149
13807	2,9	2,0	11,4	0,2	214	149
13808	0,0	204,432	2,0	383,244	200	149
13809	2,9	2,0	13,4	0,2	207	149
13810	206,441	2,0	394,248	0,2	156	149
13812	450,339	1,0	380,335	0,0	249	149
13813	141,128	33,36	126,121	41,28	215	149
13814	70,67	5,3	64,67	8,8	215	149
13818	0,0	1,2	0,1	1,6	166	149
13819	2,9	0,3	4,5	2,0	298	149
13821	318,368	0,0	324,251	1,0	251	149
13822	100,104	117,133	79,87	90,91	298	149
13830	1,1	3,0	3,0	2,2	194	149
13831	113,85	0,1	82,101	1,0	161	149
13833	204,143	678,508	177,154	595,520	224	149
13835	3,0	0,0	0,0	1,0	182	149
13838	190,137	8,12	105,126	6,3	298	149
13839	15,28	0,0	11,12	1,0	298	149
13840	12,10	16,17	7,1	10,8	212	149
13841	20,19	5,9	10,13	6,8	173	149
13842	3,1	79,75	4,1	56,59	166	149
13843	116,95	9,6	134,95	13,9	298	149
13844	2,0	0,2	4,0	1,4	155	149
13845	5,9	10,10	15,8	8,8	298	149
13846	5,8	2,0	14,8	0,0	298	149
13848	85,43	1,0	63,42	6,2	233	149
13849	103,72	51,51	79,68	46,47	298	149
13850	22,29	51,51	24,31	46,47	224	149
13851	110,111	2,0	95,73	0,0	155	149
13852	1,0	0,1	1,1	0,1	184	149
13854	0,0	4,3	0,1	5,8	272	149
13858	1,7	21,33	2,4	32,17	298	149
13859	201,132	1,1	170,131	2,2	186	149
13863	89,75	0,0	65,69	2,1	180	149
13864	3,1	0,3	3,1	0,1	152	149
13865	7,7	4,0	7,7	2,4	196	149
13866	15,15	4,0	5,9	2,4	298	149
13867	16,11	4,2	5,5	6,2	298	149
13868	110,106	3,0	116,126	1,1	162	149
13869	19,16	3,0	14,18	1,1	298	149
13870	7,1	98,91	7,6	109,114	298	149
13871	1931,1702	9,6	1931,1783	11,5	298	149
13872	3112,2930	10,3	3084,3087	7,1	169	149
13873	1040,923	10,3	947,920	7,1	293	149
13874	516,460	2588,2467	450,434	2587,2601	273	149
13876	67,66	3,0	88,77	2,1	159	149
13877	535,572	0,0	437,382	2,0	298	149
13878	1442,1213	0,4	1355,1217	0,0	298	149
13879	1550,1447	0,3	1702,1595	2,3	205	149
13880	1569,1380	13,9	1535,1310	8,6	212	149
13881	2,0	0,0	0,0	1,0	155	149
13886	167,152	2,1	171,136	0,0	298	149
13887	301,337	35,48	262,232	25,27	298	149
13888	339,277	0,1	303,246	0,0	184	149
13892	427,424	0,0	393,346	1,1	298	149
13893	686,688	0,0	599,519	1,0	298	149
13897	122,95	4,4	114,94	3,0	152	149
13898	176,139	3,5	150,183	0,4	152	149
13899	200,148	4,8	170,153	3,8	152	149
13900	79,74	3,0	84,69	4,0	152	149
13902	9,7	220,200	14,1	207,184	152	149
13903	0,1	27,36	0,0	21,7	183	149
13904	0,2	49,49	0,0	41,40	298	149
13905	43,23	1,0	32,20	0,0	197	149
13909	48,47	38,41	37,37	44,47	260	149
13910	35,40	13,19	43,33	10,9	161	149
13911	22,18	15,12	35,23	26,24	152	149
13912	242,170	0,0	230,176	5,1	211	149
13921	101,107	0,1	142,101	2,0	169	149
13922	45,23	1,0	34,21	0,0	153	149
13924	13,13	0,0	5,11	1,0	153	149
13925	75,56	4,1	57,70	0,0	153	149
13926	3,6	108,111	3,0	66,84	178	149
13927	48,57	1,4	58,42	1,1	298	149
13929	134,137	0,0	127,106	0,2	298	149
13930	129,96	1,0	118,101	1,0	298	149
13931	80,69	2,6	63,71	2,0	298	149
13932	0,0	1,0	0,1	0,0	164	149
13933	9,7	4,9	8,7	7,9	208	149
13934	5,9	7,3	12,7	5,3	208	149
13935	0,2	4,0	0,2	0,0	159	149
13936	9,8	14,16	13,10	15,14	208	149
13937	2,2	2,2	0,4	0,0	159	149
13938	52,53	798,728	62,49	804,821	179	149
13940	7,9	340,335	7,6	334,329	169	149
13941	12,1	12,7	4,6	16,7	169	149
13942	13,1	394,305	9,6	301,255	169	149
13943	356,278	0,1	354,294	0,0	222	149
13946	13,12	2,3	12,2	5,3	222	149
13947	47,52	0,0	56,52	0,1	151	149
13949	50,45	1,5	37,39	1,6	159	149
13950	86,104	0,3	69,64	0,0	272	149
13963	59,73	1,0	50,33	4,1	179	149
13964	10,25	0,1	9,8	0,0	179	149
13965	234,237	4,1	199,204	2,0	298	149
13966	9,13	0,0	10,19	0,2	234	149
13967	16,5	19,15	8,5	11,18	293	149
13972	2,1	0,2	1,0	2,1	178	149
13973	5,3	120,58	3,0	87,111	178	149
13974	7,8	17,5	7,8	6,12	171	149
13975	3,4	0,0	5,1	1,0	171	149
13985	33,34	6,3	54,35	3,3	152	149
13986	170,148	38,38	171,141	22,25	152	149
13987	33,29	1,0	42,26	0,0	152	149
13993	148,128	48,40	114,100	51,47	209	149
13994	8,6	223,148	4,11	198,188	197	149
13996	18,9	1617,1377	15,11	1473,1433	165	149
13997	65,32	1234,969	57,45	1073,1050	298	149
13998	152,142	0,0	158,102	1,5	298	149
13999	1271,1007	1,1	1099,1074	2,1	153	149
14000	1386,1111	0,0	1231,1148	1,5	298	149
14001	1530,1382	0,0	1341,1369	1,0	158	149
14002	4,3	306,326	8,4	305,277	187	149
14003	22,12	863,701	20,10	743,709	160	149
14004	7,8	721,605	19,9	669,595	179	149
14006	653,531	66,48	547,585	30,40	152	149
14007	1934,1607	2,2	1760,1551	3,16	155	149
14008	345,363	0,0	275,233	2,0	296	149
14009	312,330	0,0	242,218	0,2	296	149
14011	21,20	609,425	10,11	499,436	167	149
14012	622,521	5,6	611,588	15,1	298	149
14013	567,478	0,1	583,484	0,0	153	149
14014	1924,2158	0,0	1713,1683	0,1	298	149
14019	0,0	27,16	0,1	25,28	298	149
14020	1,0	0,0	0,0	0,1	178	149
14022	94,89	1,0	86,112	0,0	251	149
14024	5,1	0,4	7,3	2,2	234	149
14055	80,69	16,10	106,63	3,8	298	149
14056	725,674	1,0	650,681	2,5	298	149
14057	268,226	0,0	291,233	0,2	298	149
14058	7,5	12,19	6,11	30,11	170	149
14059	1590,1319	1,2	1273,1314	2,2	298	149
14060	1399,1264	53,64	1211,1149	50,69	298	149
14061	16,9	1339,1208	18,12	1154,1099	176	149
14062	60,58	3,14	57,51	6,7	298	149
14063	1822,1569	0,2	1466,1408	0,1	298	149
14064	1726,1488	2,0	1558,1491	0,0	156	149
14065	1849,1495	14,16	1668,1504	7,14	189	149
14066	4,6	1306,1248	5,5	1225,1091	165	149
14067	29,27	1626,1452	13,20	1406,1342	220	149
14068	16,24	71,47	11,17	64,50	220	149
14069	1998,1851	3,2	1840,1680	5,3	233	149
14070	1,0	24,16	4,0	32,18	298	149
14072	7,8	2,1	7,9	0,1	152	149
14073	23,9	5,1	18,7	1,12	152	149
14076	2,0	2,4	1,2	1,3	298	149
14077	0,1	1,3	0,0	2,1	152	149
14078	0,0	12,4	2,0	5,5	298	149
14087	6,8	10,6	12,10	10,6	183	149
14088	38,23	612,449	38,28	565,500	183	149
14089	75,64	0,1	92,90	0,0	196	149
14090	303,292	7,9	312,285	7,9	221	149
14091	3,0	100,81	0,6	90,72	177	149
14092	146,127	0,2	136,113	0,0	167	149
14095	9,20	0,0	8,12	0,2	298	149
14096	38,52	5,1	21,20	4,5	298	149
14098	11,7	15,7	5,4	2,6	203	149
14099	97,55	5,3	70,66	4,1	298	149
14100	213,184	1,3	177,178	0,1	298	149
14101	229,186	0,0	230,205	1,0	152	149
14102	195,187	7,9	229,173	7,6	155	149
14103	105,80	3,3	72,82	0,4	155	149
14104	200,173	8,3	209,184	0,3	168	149
14105	11,10	1,0	7,21	2,0	298	149
14106	239,206	0,0	217,177	1,3	219	149
14107	536,460	9,2	525,404	1,3	219	149
14108	171,139	171,155	162,156	142,126	298	149
14109	16,10	132,116	7,21	145,129	298	149
14113	51,24	0,0	36,48	0,1	152	149
14120	0,0	12,17	0,5	23,23	190	149
14121	152,157	1,2	195,150	3,4	298	149
14122	0,4	133,111	0,2	148,127	164	149
14125	527,514	4,4	542,511	9,5	154	149
14126	13,14	13,10	18,11	11,8	197	149
14127	16,16	424,418	21,14	423,409	197	149
14128	14,14	0,2	16,13	1,0	197	149
14129	13,16	1,1	16,11	0,0	197	149
14130	0,1	743,660	2,1	641,620	176	149
14131	318,261	1395,1154	257,282	1330,1157	293	149
14134	48,75	1,5	85,67	0,2	298	149
14136	1,1	8,8	0,1	0,4	298	149
14137	1,1	41,30	0,3	35,28	298	149
14138	1,1	1,2	1,2	0,0	167	149
14139	1,0	0,0	0,0	3,0	165	149
14140	2,2	74,92	0,0	96,85	185	149
14141	1,2	74,92	3,0	96,85	169	149
14144	179,159	1,0	174,160	0,1	221	149
14145	205,176	4,4	201,175	4,1	245	149
14146	133,110	0,2	114,107	0,0	298	149
14147	27,17	4,4	27,16	4,1	173	149
14148	4,5	148,119	4,3	158,115	185	149
14149	206,148	0,3	212,166	0,0	214	149
14151	0,0	2,1	6,0	0,0	243	149
14155	446,409	1,1	374,436	0,1	196	149
14156	400,381	0,3	362,376	2,0	298	149
14157	34,18	3,2	28,32	0,1	153	149
14159	6,2	2,0	5,3	0,5	165	149
14160	23,14	49,60	17,13	57,42	181	149
14161	19,12	49,60	12,15	57,42	165	149
14162	7,4	0,1	5,8	1,2	168	149
14163	13,7	77,73	9,21	72,62	168	149
14164	20,21	3,5	13,28	1,10	181	149
14165	84,87	3,5	76,69	1,10	162	149
14167	21,12	383,311	16,17	275,280	175	149
14168	293,251	13,1	271,182	0,5	155	149
14169	11,12	311,269	3,13	261,264	298	149
14176	0,2	0,0	3,1	1,0	166	149
14177	0,1	38,45	2,1	44,62	182	149
14178	0,5	1,4	0,6	1,5	298	149
14179	6,0	0,0	0,1	0,1	205	149
14180	32,15	2,0	39,30	0,0	195	149
14181	0,1	106,77	1,0	98,82	168	149
14182	30,14	28,11	38,30	28,28	214	149
14184	3,9	211,157	5,6	214,164	298	149
14185	5,3	265,216	1,1	272,247	175	149
14186	88,65	116,82	76,90	83,83	298	149
14190	19,15	52,43	21,23	32,24	184	149
14191	91,74	4,4	57,45	3,3	298	149
14192	49,48	0,1	29,34	0,0	187	149
14193	113,114	0,0	80,96	2,4	219	149
14194	30,22	2,0	23,23	0,0	237	149
14195	58,46	5,5	48,53	1,4	237	149
14196	1,1	20,10	2,1	11,15	298	149
14197	118,84	27,25	94,84	31,31	152	149
14198	113,73	6,2	110,77	7,8	185	149
14199	95,71	2,1	81,58	0,0	152	149
14200	22,23	136,195	19,27	143,168	265	149
14201	20,24	5,4	22,23	7,7	265	149
14202	128,183	5,4	130,171	7,7	298	149
14203	121,171	0,3	128,157	3,0	298	149
14206	8,5	109,82	9,15	109,91	298	149
14207	166,149	0,0	138,128	1,0	298	149
14209	847,930	19,17	689,632	11,15	248	149
14210	322,408	2,5	263,254	0,0	248	149
14214	786,590	17,9	676,668	11,12	191	149
14215	222,172	3,4	205,180	0,3	191	149
14216	217,168	1,0	197,176	0,0	191	149
14219	5,1	0,0	4,4	1,4	298	149
14220	55,111	1,0	98,80	0,0	298	149
14230	11,34	1,0	14,17	0,0	174	149
14231	309,218	2,0	251,256	3,6	200	149
14232	7,0	1,0	2,2	0,0	253	149
14233	2,0	0,0	4,8	0,2	174	149
14234	0,0	0,1	2,0	2,0	179	149
14240	4,0	78,72	0,4	60,67	196	149
14247	2,0	48,43	0,0	60,28	167	149
14251	14,11	1312,1132	11,15	1070,1030	296	149
14252	2088,1960	1,0	1841,1781	0,5	248	149
14253	1,8	1697,1449	0,1	1333,1337	224	149
14254	64,61	0,2	54,55	3,0	243	149
14255	57,57	0,0	46,49	0,1	243	149
14256	71,85	0,0	56,75	0,1	298	149
14257	41,56	0,0	30,56	1,0	298	149
14264	14,11	212,165	6,7	148,133	152	149
14265	5,5	10,9	6,6	2,8	210	149
14266	6,6	6,15	5,5	6,5	210	149
14267	7,11	131,160	3,9	176,163	203	149
14268	13,10	180,189	12,21	192,181	169	149
14270	139,124	69,79	107,110	65,50	181	149
14271	141,125	3,0	107,111	3,2	184	149
14272	71,80	3,0	65,51	3,2	152	149
14276	12,1	1006,849	11,7	846,835	196	149
14277	5,5	0,2	7,4	0,1	226	149
14278	4,0	1,3	0,0	5,5	193	149
14280	3,2	61,67	5,0	70,51	188	149
14281	44,39	4,1	32,33	1,0	298	149
14284	6,3	59,75	7,1	45,44	208	149
14285	8,3	0,1	9,2	0,0	212	149
14286	61,75	0,1	47,45	0,0	153	149
14287	52,41	0,0	38,26	0,1	184	149
14288	130,110	0,0	113,72	0,1	184	149
14289	74,54	1,0	55,47	0,0	218	149
14290	211,182	1,6	167,131	2,0	218	149
14291	46,56	4,6	33,31	6,1	152	149
14292	5,5	2,6	10,12	0,2	152	149
14293	15,13	75,82	12,18	51,46	152	149
14294	64,52	683,665	40,40	691,649	226	149
14297	50,61	76,54	30,29	74,58	270	149
14306	4,7	0,4	0,3	2,0	298	149
14307	435,444	1,2	484,411	0,2	185	149
14308	643,561	0,0	642,606	1,0	298	149
14310	9,10	1,0	6,6	0,0	298	149
14312	13,15	0,1	12,16	0,0	170	149
14313	51,34	7,5	25,36	5,3	170	149
14314	13,17	9,10	17,15	18,35	298	149
14315	37,32	0,1	37,72	1,0	154	149
14316	10,10	0,0	6,8	0,1	154	149
14317	80,72	0,0	90,131	0,3	153	149
14318	9,9	6,0	8,7	3,5	152	149
14321	0,2	21,25	0,2	18,12	242	149
14322	54,52	60,31	59,58	60,38	298	149
14323	288,238	1,3	267,217	0,0	298	149
14324	32,30	2,0	26,28	0,0	208	149
14326	7,5	70,45	9,10	72,83	298	149
14327	166,145	1,5	142,142	4,4	298	149
14328	25,21	54,56	53,32	46,52	169	149
14329	54,41	5,1	70,58	0,0	242	149
14330	83,76	5,1	63,78	0,0	222	149
14331	5,4	0,0	0,1	0,2	168	149
14332	72,62	0,0	54,68	1,0	298	149
14334	41,38	0,0	39,50	1,0	192	149
14335	140,148	8,7	158,135	7,11	192	149
14336	45,42	5,4	44,52	13,4	192	149
14339	269,222	1,0	199,178	0,0	221	149
14340	7,0	233,170	7,1	187,220	251	149
14343	186,166	5,5	189,177	1,3	157	149
14344	50,29	89,75	24,35	80,85	152	149
14345	18,6	0,2	8,7	0,0	221	149
14350	2,0	1,8	0,0	3,5	180	149
14351	1,0	1,8	0,0	3,5	204	149
14353	2,2	0,0	3,3	0,1	170	149
14354	14,11	0,0	22,17	0,1	181	149
14356	12,12	9,10	12,6	14,8	152	149
14357	1,0	2,5	1,1	1,0	152	149
14358	0,2	0,0	1,1	2,0	152	149
14359	65,91	11,15	72,48	8,13	298	149
14360	704,546	4,0	628,568	0,0	153	149
14361	824,634	2,0	760,678	0,0	151	149
14362	2,0	944,732	1,0	965,768	178	149
14366	847,594	1,0	681,671	4,1	156	149
14369	708,558	1,2	644,638	2,2	152	149
14372	0,2	13,18	0,0	13,23	191	149
14373	5,0	9,3	1,3	9,10	222	149
14374	9,18	27,45	9,2	22,20	197	149
14375	12,10	29,37	8,13	20,21	197	149
14376	55,23	49,39	51,42	63,58	298	149
14377	12,4	49,39	9,10	63,58	188	149
14379	101,84	0,1	110,81	0,0	298	149
14380	17,15	46,57	22,10	30,45	298	149
14381	37,62	4,7	32,33	5,6	294	149
14382	24,32	4,6	9,17	4,12	250	149
14383	61,66	12,13	48,53	12,10	298	149
14384	3,2	27,24	1,0	35,30	171	149
14387	4,5	4,2	4,6	0,1	168	149
14388	14,15	0,0	20,8	0,6	183	149
14389	18,20	0,0	25,14	0,6	204	149
14390	15,21	1,0	16,18	3,0	170	149
14391	3,9	8,10	9,7	6,13	177	149
14392	4,2	137,141	4,4	136,112	167	149
14393	170,124	3,4	158,139	13,4	183	149
14394	19,10	8,4	9,23	7,6	170	149
14396	178,169	2,0	135,157	0,0	279	149
14405	4,3	2,2	3,2	0,1	152	149
14406	2146,1896	81,69	1944,1752	73,51	298	149
14408	86,57	218,182	94,70	211,219	161	149
14409	2,3	0,2	1,1	1,3	163	149
14410	17,9	0,0	14,5	1,0	298	149
14411	0,3	0,0	1,1	1,1	163	149
14412	18,9	60,29	15,17	51,48	152	149
14413	56,41	3,3	43,48	0,1	208	149
14414	7,0	13,5	3,1	8,12	152	149
14415	115,96	3,0	96,100	1,0	152	149
14418	0,2	0,6	7,3	6,1	152	149
14421	1,2	2,1	1,0	1,0	227	149
14422	48,74	83,59	60,53	78,56	152	149
14423	48,79	0,0	51,50	0,2	163	149
14424	54,74	5,8	44,55	19,16	153	149
14425	113,124	1,2	122,102	1,2	208	149
14426	8,6	111,118	4,9	113,94	190	149
14427	47,27	867,722	28,28	761,606	298	149
14429	3,4	887,654	1,5	704,669	153	149
14430	27,12	0,1	6,14	0,3	298	149
14431	51,23	0,1	36,36	0,4	298	149
14433	2282,1743	12,4	1998,2001	5,6	298	149
14434	32,24	1344,1083	20,28	1269,1236	232	149
14435	28,22	0,0	35,16	0,1	298	149
14436	1851,1599	2,5	1657,1623	5,0	298	149
14437	1842,1582	2,2	1669,1615	0,6	298	149
14438	23,15	1,0	18,20	0,3	298	149
14439	47,47	0,0	41,39	2,0	298	149
14440	48,46	0,0	41,41	2,0	298	149
14441	2421,1989	5,2	2104,2064	3,9	298	149
14442	2445,2021	1,0	2127,2083	0,0	298	149
14443	52,48	1,0	44,47	0,0	298	149
14444	2,0	6,19	0,3	10,13	166	149
14449	1618,1435	9,7	1606,1477	7,13	298	149
14450	14,33	3,1	12,14	1,0	298	149
14452	0,1	0,0	0,3	2,0	165	149
14454	1,0	3,0	0,0	4,1	153	149
14455	14,23	0,0	17,16	0,2	158	149
14458	9,3	52,46	9,5	28,39	209	149
14459	5,2	0,1	8,5	0,1	209	149
14461	0,1	14,10	0,2	20,13	284	149
14465	36,39	2,0	30,20	0,2	298	149
14469	1,2	25,16	7,6	20,22	298	149
14470	24,17	0,5	13,30	2,4	298	149
14471	31,26	13,6	22,34	5,7	298	149
14472	20,17	13,6	15,19	5,7	298	149
14473	339,290	4,4	287,274	5,9	298	149
14474	182,237	1,2	169,173	2,4	298	149
14475	182,236	1,5	171,174	2,0	298	149
14476	47,37	33,17	57,40	31,15	152	149
14477	99,99	0,0	80,95	1,3	221	149
14479	5,7	30,39	2,3	35,29	294	149
14480	1,5	0,1	2,0	4,0	154	149
14492	6,7	1,0	5,7	0,0	265	149
14494	14,7	0,0	18,19	1,0	201	149
14495	2,4	6,5	2,0	6,9	298	149
14497	147,104	1,0	120,122	1,0	152	149
14498	8,2	3,4	2,1	2,4	162	149
14501	18,15	174,139	13,14	163,156	168	149
14502	0,1	14,13	0,0	11,10	184	149
14503	4,3	174,139	2,4	163,156	203	149
14504	171,221	0,0	141,163	2,0	298	149
14506	3,4	77,61	5,3	55,29	172	149
14507	96,91	1,0	60,75	3,2	298	149
14508	55,78	37,36	54,48	18,26	213	149
14509	38,46	37,36	28,47	18,26	216	149
14510	30,53	37,36	26,39	18,26	246	149
14511	28,49	37,36	25,33	18,26	255	149
14512	28,50	37,36	25,33	18,26	269	149
14513	15,7	32,39	5,20	31,21	152	149
14514	7,14	32,39	3,12	31,21	182	149
14515	5,10	32,39	2,6	31,21	191	149
14516	5,11	32,39	2,6	31,21	205	149
14517	7,11	15,4	2,12	4,20	179	149
14518	5,7	15,4	1,6	4,20	188	149
14519	5,8	15,4	1,6	4,20	202	149
14520	0,0	2,4	0,1	1,7	158	149
14521	0,1	2,4	0,1	1,7	172	149
14522	0,1	0,0	0,1	0,1	163	149
14523	13,16	176,144	14,7	151,117	195	149
14524	94,44	75,51	78,67	66,68	158	149
14538	1,0	9,8	1,0	7,3	298	149
14550	0,0	14,8	2,0	15,11	168	149
14553	19,17	222,145	15,16	179,168	298	149
14555	0,0	17,15	1,1	20,13	269	149
14556	1,1	4,2	2,1	1,1	274	149
14557	5,2	0,2	6,8	0,0	298	149
14558	18,16	4,2	21,13	1,1	154	149
14559	22,17	0,2	25,20	0,0	186	149
14560	8,3	0,2	5,8	0,0	181	149
14561	12,10	3,2	10,6	2,0	152	149
14562	20,13	122,82	20,12	129,115	166	149
14563	2,2	12,7	1,1	14,20	169	149
14564	8,2	92,79	2,1	95,94	169	149
14567	778,658	203,180	589,520	197,204	298	149
14569	631,570	2,2	575,611	0,1	209	149
14570	30,15	78,87	23,23	85,90	153	149
14571	2,1	78,87	1,0	85,90	188	149
14572	2,1	30,15	1,0	23,23	184	149
14573	13,5	4,13	17,4	14,5	173	149
14574	60,71	1,0	69,56	0,0	182	149
14575	51,79	1,0	66,57	0,0	158	149
14576	17,16	810,675	21,16	786,710	173	149
14577	64,82	0,1	73,68	1,1	182	149
14578	857,741	0,1	838,762	1,1	158	149
14579	14,8	1004,719	8,16	863,795	190	149
14580	1074,791	1,0	907,831	0,0	298	149
14581	45,40	1024,781	37,33	908,849	225	149
14585	49,50	1,1	63,53	0,3	190	149
14587	84,53	10,9	56,42	11,17	193	149
14596	4,2	0,1	2,3	0,0	153	149
14598	0,3	2,2	2,4	1,0	298	149
14600	1,0	0,0	0,0	0,3	160	149
14603	16,21	47,29	13,21	26,48	152	149
14604	78,69	14,13	65,62	3,14	185	149
14605	6,2	8,1	3,4	1,6	170	149
14609	7,9	291,241	8,13	255,258	152	149
14610	3,0	184,159	2,0	157,166	178	149
14618	558,474	8,6	642,511	5,1	298	149
14620	359,317	6,7	348,288	7,9	298	149
14621	0,1	22,20	0,0	14,14	165	149
14623	12,7	4,4	6,10	6,12	153	149
14627	132,160	15,18	169,153	17,18	162	149
14629	775,602	50,40	645,584	31,32	152	149
14630	73,42	0,2	66,56	0,2	152	149
14631	235,186	966,739	162,193	786,761	298	149
14632	442,392	5,0	351,308	2,7	167	149
14633	819,725	16,23	681,665	6,6	167	149
14634	17,14	279,208	14,15	190,172	170	149
14639	116,122	3,2	87,108	0,1	236	149
14641	3,2	103,82	3,3	73,111	207	149
14642	95,95	2,0	83,101	0,0	227	149
14643	150,135	2,0	117,172	1,0	227	149
14644	3,2	95,103	0,0	87,128	178	149
14645	138,132	0,0	117,128	0,1	298	149
14646	3,0	3,3	2,0	0,2	152	149
14647	50,81	3,3	51,49	0,2	218	149
14648	48,81	1,0	49,49	0,0	215	149
14649	0,3	70,78	3,0	44,45	164	149
14650	96,98	1,0	70,88	0,0	219	149
14651	8,10	0,1	4,7	0,2	239	149
14652	61,51	0,1	28,46	0,2	242	149
14653	57,41	4,0	24,41	0,2	152	149
14654	28,34	3,0	14,20	0,2	170	149
14657	8,1	2,1	4,0	2,4	152	149
14658	5,2	13,14	4,1	12,20	152	149
14659	9,2	7,7	3,3	14,10	226	149
14661	2,7	0,1	1,1	2,0	154	149
14662	90,67	17,23	62,55	21,24	154	149
14663	416,305	60,38	325,315	28,41	175	149
14665	185,116	0,0	127,109	1,0	298	149
14666	197,186	16,14	154,146	8,11	250	149
14667	2,1	2,3	3,5	6,0	298	149
14668	1,0	2,2	0,2	1,3	195	149
14674	13,15	75,64	9,3	70,48	259	149
14675	6,2	52,75	4,2	34,27	180	149
14678	22,18	285,240	19,6	245,222	266	149
14679	431,357	1,1	365,338	0,0	298	149
14680	19,14	0,2	6,13	0,0	186	149
14681	258,276	3,2	266,267	5,4	223	149
14682	19,7	125,138	10,9	135,134	298	149
14683	4,0	715,610	0,0	685,637	208	149
14685	2,0	36,35	2,1	28,26	214	149
14686	1474,1188	1,0	1313,1205	0,0	298	149
14687	0,0	30,18	1,0	23,21	174	149
14689	291,319	0,0	232,227	0,2	166	149
14690	441,357	75,79	371,345	72,51	298	149
14696	241,222	2,5	219,187	2,0	298	149
14697	199,191	0,0	156,142	2,0	298	149
14698	30,23	117,118	21,20	139,130	241	149
14699	25,16	17,20	9,1	6,10	195	149
14700	12,7	113,113	11,15	102,89	207	149
14701	196,162	1,0	154,196	1,0	225	149
14702	14,5	34,33	8,3	34,21	215	149
14703	167,140	0,1	134,152	0,0	298	149
14705	131,115	2,4	121,117	12,2	153	149
14706	260,257	21,29	260,240	19,14	213	149
14708	25,41	1,0	31,40	0,0	153	149
14709	1,4	145,194	1,2	169,139	166	149
14710	2,4	4,9	1,1	3,9	292	149
14714	136,140	3,4	148,112	5,1	180	149
14715	105,88	37,28	92,100	27,33	152	149
14716	114,120	1,1	114,127	1,3	298	149
14720	1,0	35,25	1,1	37,27	183	149
14722	41,30	0,1	30,38	0,0	160	149
14723	48,36	0,1	35,47	1,0	187	149
14724	7,7	0,1	5,9	1,0	176	149
14725	0,1	8,17	0,0	7,6	298	149
14726	2,5	1,0	0,1	0,0	298	149
14727	101,60	23,22	95,66	17,18	155	149
14728	9,9	1,3	8,1	0,0	176	149
14731	24,39	235,234	20,22	198,178	152	149
14732	103,97	1,0	93,83	1,0	215	149
14744	19,43	2,0	31,23	2,5	155	149
14745	17,13	6,1	8,8	7,8	219	149
14746	545,437	2,0	454,407	1,4	232	149
14747	52,32	0,0	37,35	2,0	200	149
14748	143,97	79,88	103,101	82,62	200	149
14749	30,30	0,1	27,35	0,0	192	149
14750	119,108	3,0	118,96	0,0	298	149
14751	236,236	2,0	236,215	0,0	194	149
14753	0,0	1,0	0,1	0,1	173	149
14754	0,0	1,0	0,1	0,1	199	149
14761	0,2	20,15	1,0	35,17	298	149
14764	41,26	38,16	23,15	30,29	152	149
14765	3,4	381,294	4,7	342,373	174	149
14769	196,200	0,0	134,120	0,1	203	149
14773	66,58	2,0	43,42	3,0	281	149
14774	114,99	0,0	79,66	0,2	281	149
14777	13,16	0,0	11,19	1,0	298	149
14779	22,20	0,1	16,19	0,0	282	149
14780	157,152	0,0	126,179	4,2	159	149
14781	10,11	6,18	11,12	4,4	159	149
14782	105,70	10,3	94,70	16,20	152	149
14783	40,35	1011,806	39,40	870,854	191	149
14784	83,81	414,452	68,97	351,370	298	149
14791	0,1	35,19	1,0	27,32	185	149
14792	65,45	3,2	50,55	1,0	152	149
14799	137,154	4,7	90,151	0,3	199	149
14800	4,3	216,225	1,4	162,160	168	149
14803	88,105	170,187	122,74	180,181	206	149
14804	14,14	190,135	12,10	160,173	152	149
14805	8,7	261,259	9,4	243,222	186	149
14806	1,0	251,263	0,0	236,221	298	149
14807	7,9	294,238	17,15	243,280	164	149
14808	407,334	0,0	352,315	0,1	298	149
14810	2,7	0,0	4,5	1,0	252	149
14818	3,4	0,0	2,4	5,0	206	149
14819	6,3	0,0	5,13	1,0	196	149
14820	31,24	0,2	26,27	1,1	155	149
14821	7,4	71,71	2,0	61,89	167	149
14823	424,330	9,0	345,326	1,0	287	149
14824	382,294	3,4	321,309	1,2	287	149
14825	1,1	0,0	2,0	4,0	154	149
14831	1,0	0,0	0,0	2,1	152	149
14833	3,6	0,0	5,0	0,1	298	149
14834	249,192	21,16	185,186	13,12	152	149
14835	19,52	1,1	35,37	1,3	152	149
14836	119,104	12,16	91,95	11,7	210	149
14838	91,66	41,34	61,74	23,27	298	149
14839	91,68	41,34	61,74	23,27	298	149
14840	19,23	1,1	17,9	0,0	166	149
14841	237,242	210,218	259,225	220,208	298	149
14842	10818,10770	4,2	9412,8790	2,2	298	149
14843	5,0	2,2	6,3	0,7	170	149
14850	58,73	1948,1754	75,73	1837,1522	153	149
14851	65,77	1948,1754	75,61	1837,1522	172	149
14852	40,60	33,56	49,40	49,52	168	149
14853	19,32	0,1	15,20	0,0	153	149
14854	2008,1843	0,1	1894,1571	0,0	171	149
14855	118,162	0,1	132,122	0,0	175	149
14858	434,433	0,1	507,444	0,0	298	149
14859	2174,1981	0,1	2076,1975	0,0	298	149
14860	2410,2104	128,137	2277,2068	183,130	298	149
14861	2022,1792	55,39	1876,1763	40,35	153	149
14862	3066,2499	2,5	2802,2522	4,5	298	149
14863	2936,2422	1,0	2670,2491	0,0	298	149
14864	2711,2243	0,0	2426,2272	2,1	156	149
14865	2197,1880	2,0	2091,1931	0,0	298	149
14866	309,302	2,0	345,323	0,0	298	149
14867	2433,2003	3,6	2292,2024	21,9	298	149
14868	2303,1926	0,0	2160,1993	1,0	298	149
14869	2315,1923	22,23	2219,1991	29,17	298	149
14870	16,17	1891,1584	15,11	1767,1617	167	149
14871	1663,1295	1,0	1464,1325	4,2	298	149
14874	14,17	1121,876	15,10	939,918	167	149
14879	34,25	3058,2772	27,29	2967,2705	167	149
14882	93,74	2648,2522	96,100	2604,2469	198	149
14883	106,89	2648,2522	107,110	2604,2469	207	149
14884	13,16	0,1	11,10	0,0	158	149
14885	3899,3649	5,8	3869,3703	4,10	298	149
14886	3789,3552	0,4	3735,3579	3,1	156	149
14887	2774,2719	3,1	2684,2639	2,2	298	149
14888	30,42	2669,2637	56,43	2583,2527	163	149
14889	46,57	2669,2637	44,60	2583,2527	174	149
14890	25,38	9,23	22,31	34,14	160	149
14891	2549,2396	4,19	2400,2339	7,15	298	149
14892	21,19	0,2	22,29	3,1	163	149
14893	2806,2702	0,2	2796,2650	3,1	298	149
14895	251,211	0,1	258,247	0,0	298	149
14896	105,82	3,5	104,112	0,0	298	149
14897	96,87	39,32	80,71	26,46	152	149
14898	108,67	7,7	109,114	0,2	166	149
14899	3,3	181,146	5,9	170,123	162	149
14900	7,2	198,191	3,4	187,148	173	149
14903	197,153	38,44	146,144	45,39	298	149
14904	190,213	0,1	224,181	3,6	298	149
14908	708,637	29,36	658,564	41,22	212	149
14909	242,227	1,0	209,221	0,0	212	149
14910	36,27	1,0	26,22	0,0	159	149
14913	6,2	0,0	4,5	1,0	157	149
14914	0,1	0,0	2,2	1,0	298	149
14915	0,1	6,2	2,2	4,5	298	149
14926	84,81	0,0	90,67	2,0	298	149
14927	65,49	2,0	55,71	0,0	158	149
14928	7,14	2,0	23,18	0,0	185	149
14929	74,60	0,1	70,74	2,0	185	149
14930	0,0	1,0	2,0	2,0	153	149
14937	5,1	1,2	3,0	2,0	152	149
14938	29,40	0,0	46,35	1,0	298	149
14939	4,4	9,4	7,4	6,8	152	149
14945	2414,2312	3,3	2145,2142	3,4	159	149
14946	688,800	2,0	569,507	0,4	153	149
14950	20,16	3,3	10,21	1,4	201	149
14951	5,7	0,0	2,3	0,1	201	149
14952	0,2	12,10	2,0	10,6	253	149
14953	2,1	18,12	0,1	9,11	298	149
14954	503,466	1,2	494,495	5,6	264	149
14962	141,110	3,0	130,119	3,2	209	149
14963	36,30	0,2	45,26	7,0	209	149
14964	225,193	1,0	193,194	0,1	253	149
14965	83,64	2,0	89,67	3,3	253	149
14971	529,506	55,45	511,505	47,62	191	149
14972	151,165	4,2	170,190	4,1	191	149
14984	0,1	14,5	1,2	5,4	176	149
14985	1,1	3,1	1,2	4,1	179	149
14986	15,5	3,1	5,4	4,1	152	149
14995	5,7	1,1	6,2	0,0	298	149
14996	63,78	2,1	59,69	0,1	210	149
14997	31,28	19,15	29,11	11,8	178	149
14999	2,0	2,4	4,2	5,0	298	149
15000	2,13	1,3	15,3	3,0	270	149
15004	1,1	0,1	0,0	3,0	152	149
15005	3,1	67,76	0,3	53,53	169	149
15006	16,11	1,2	2,3	6,1	165	149
15007	212,172	1,0	172,158	0,2	298	149
15008	5,5	252,171	7,7	213,217	179	149
15010	1531,1703	0,1	1321,1165	3,0	158	149
15011	1505,1699	2,0	1254,1120	0,0	170	149
15012	1,2	1472,1516	0,0	1504,1243	266	149
15013	2615,2421	2,2	2396,2295	0,0	155	149
15014	59,45	256,309	39,29	225,244	292	149
15015	5,0	10,6	1,1	5,9	298	149
15016	2,2	0,0	4,0	2,0	298	149
15017	28,22	0,3	16,17	0,0	298	149
15020	190,177	372,293	183,190	333,343	152	149
15021	1199,1019	0,0	1084,1095	0,1	298	149
15022	99,83	1994,1679	101,82	1830,1772	165	149
15027	7,8	12,21	7,12	17,10	276	149
15028	20,28	8,4	25,15	2,3	298	149
15029	8,8	8,4	8,6	2,3	298	149
15030	10,7	33,32	8,7	34,36	298	149
15031	59,69	33,32	55,45	34,36	298	149
15032	9,7	51,62	7,13	47,40	276	149
15033	3,10	11,11	8,4	8,8	153	149
15034	4,8	4,3	3,6	2,3	230	149
15035	4,8	4,3	2,6	2,3	238	149
15038	175,147	12,6	163,144	3,5	232	149
15040	117,115	10,23	94,90	8,12	197	149
15041	491,361	0,0	428,373	0,1	298	149
15042	553,418	2,0	460,378	0,0	298	149
15044	8,7	373,290	5,5	304,319	242	149
15055	605,605	2,1	534,567	0,0	222	149
15056	24,42	1,5	27,32	0,2	153	149
15057	0,5	62,82	0,1	60,45	298	149
15059	81,59	4,2	61,63	2,4	154	149
15060	554,427	3,5	554,471	2,5	298	149
15061	14,5	238,173	6,9	196,171	215	149
15062	6,3	16,16	0,1	14,12	251	149
15063	113,99	206,187	99,74	157,152	152	149
15064	1,0	257,230	0,0	227,175	169	149
15065	2,6	255,198	7,2	194,185	173	149
15069	311,232	6,4	243,217	1,12	298	149
15070	248,191	1,0	173,183	0,1	298	149
15071	0,0	1,2	0,1	0,1	298	149
15072	1,8	101,117	2,0	115,102	167	149
15077	8,4	209,134	3,3	171,165	184	149
15078	305,198	7,0	262,188	9,4	154	149
15079	20,8	7,0	14,8	9,4	172	149
15080	12,4	297,194	9,6	257,186	167	149
15082	245,244	23,11	240,225	18,25	298	149
15083	14,15	0,0	12,23	1,0	298	149
15084	357,331	3,4	381,304	2,1	298	149
15086	0,2	4,10	0,1	4,4	298	149
15088	17,25	919,764	22,13	738,664	282	149
15089	1,0	1,0	1,1	0,2	190	149
15094	12,19	9,7	13,15	6,8	152	149
15097	36,42	2,2	37,44	2,0	161	149
15098	56,40	2,2	45,59	2,0	206	149
15099	50,35	30,37	42,50	34,35	194	149
15102	140,143	1,5	142,143	2,5	152	149
15103	4,6	126,133	10,11	90,98	188	149
15104	3,4	0,1	6,5	0,0	157	149
15105	29,45	1,3	39,28	1,3	157	149
15107	0,1	0,0	0,0	1,2	174	149
15109	3,3	0,0	0,1	4,0	204	149
15117	133,139	2,1	126,132	1,2	298	149
15119	7,5	263,213	4,9	222,202	167	149
15120	5,3	14,17	6,0	17,11	167	149
15122	124,109	0,0	120,109	0,1	217	149
15134	0,1	1,0	0,0	1,0	298	149
15152	0,2	39,28	3,2	15,18	233	149
15157	15,2	0,1	9,9	0,0	198	149
15158	26,14	0,0	20,26	0,2	283	149
15159	6,1	15,7	5,2	8,6	298	149
15160	6,5	22,8	10,11	14,16	170	149
15161	7,8	25,11	14,11	25,10	173	149
15162	23,11	25,11	18,16	25,10	152	149
15167	99,73	3,1	74,91	3,3	298	149
15168	31,24	57,37	44,35	42,39	188	149
15169	121,92	130,82	113,117	87,87	298	149
15170	155,109	130,82	116,129	87,87	298	149
15171	21,28	128,118	33,26	107,115	202	149
15175	2,0	1,0	1,0	1,1	164	149
15178	27,40	0,1	27,38	1,1	182	149
15180	66,62	0,1	97,71	1,2	298	149
15181	11,8	658,568	4,7	635,568	164	149
15193	51,61	2,0	71,54	0,0	276	149
15194	80,86	8,2	98,73	13,3	276	149
15198	214,169	8,9	202,176	1,4	152	149
15202	64,46	19,15	36,73	18,5	197	149
15204	2,6	14,17	2,0	20,14	218	149
15210	18,17	15,18	12,19	12,13	152	149
15211	218,169	0,0	155,159	0,2	175	149
15212	20,32	53,51	19,14	58,44	152	149
15213	7,2	2,2	2,2	1,0	167	149
15214	10,10	0,0	9,4	2,0	208	149
15215	13,17	0,0	10,11	2,0	229	149
15216	15,16	0,1	19,16	2,0	224	149
15217	89,123	0,1	71,97	0,0	298	149
15218	35,42	3,2	16,37	0,5	152	149
15219	187,162	0,3	129,149	0,3	190	149
15220	5,6	0,2	6,8	0,0	152	149
15221	2,9	0,0	3,2	3,0	152	149
15222	248,264	70,61	168,204	72,65	152	149
15224	168,191	0,0	178,209	2,0	275	149
15225	32,34	0,0	36,38	2,0	217	149
15226	0,0	1,0	2,0	0,0	215	149
15234	155,190	738,774	119,130	551,550	208	149
15235	825,667	1,1	757,748	1,3	298	149
15236	4,10	11,7	2,1	9,8	153	149
15237	11,14	0,1	13,17	0,0	152	149
15238	156,137	14,7	133,142	7,13	152	149
15239	10,11	998,929	17,18	1045,964	163	149
15240	1035,960	0,0	1073,1004	1,0	298	149
15241	1207,1090	13,14	1100,1027	7,1	298	149
15242	1091,995	3,4	1134,1059	4,6	298	149
15243	1109,1024	1,0	1178,1071	2,1	298	149
15244	1,0	10,6	0,0	7,4	153	149
15245	6,8	3,0	10,10	2,0	298	149
15246	6,8	0,2	9,10	0,0	298	149
15247	16,14	3,0	17,14	2,0	298	149
15248	16,14	0,2	16,14	0,0	298	149
15249	3,0	0,2	2,0	0,0	152	149
15253	151,149	0,2	118,170	0,0	157	149
15268	171,214	2,0	175,171	0,2	202	149
15271	517,492	40,37	449,419	30,28	168	149
15279	2,1	0,0	1,3	1,0	298	149
15280	1,0	0,0	0,0	1,0	298	149
15283	75,76	1,0	58,78	0,0	298	149
15292	2,7	86,119	4,3	113,100	174	149
15293	385,293	6,4	381,332	3,4	298	149
15294	386,293	0,1	386,333	0,1	298	149
15295	384,293	92,76	382,336	72,63	298	149
15296	65,58	667,640	65,62	590,578	169	149
15297	525,403	0,3	352,354	1,0	298	149
15298	359,342	34,36	324,304	29,40	298	149
15300	16,13	1,0	11,12	1,0	236	149
15301	75,58	4,5	59,64	2,1	152	149
15302	19,18	1231,1053	9,16	1116,1039	163	149
15304	127,103	759,689	123,103	734,615	255	149
15305	28,16	979,1170	16,10	844,716	171	149
15307	4,11	11,8	15,15	10,1	152	149
15311	112,111	5,2	124,91	3,5	298	149
15326	107,87	12,21	65,91	26,16	173	149
15327	29,28	12,21	17,23	26,16	204	149
15328	9,7	87,66	5,3	53,71	180	149
15330	1,2	89,78	4,1	59,78	298	149
15331	106,92	8,5	108,74	17,15	186	149
15338	1,2	0,0	0,3	0,1	152	149
15339	20,17	3,6	25,21	4,9	152	149
15340	2,1	82,68	2,4	74,78	197	149
15341	2,2	4,3	2,4	6,0	197	149
15342	2,0	14,9	0,0	7,5	163	149
15346	0,1	15,16	2,0	5,6	170	149
15347	18,9	0,0	22,21	1,0	298	149
15353	6,5	0,0	13,10	1,0	229	149
15354	16,9	0,0	21,19	1,0	297	149
15355	16,9	0,0	21,20	1,0	298	149
15356	11,4	1,0	9,9	1,0	217	149
15357	14,8	1,0	14,16	1,0	270	149
15358	20,8	1,0	16,20	1,0	298	149
15368	64,54	0,2	40,42	1,0	156	149
15370	25,35	2,1	26,17	2,1	298	149
15372	15,27	2,0	22,10	0,0	152	149
15374	0,4	5,2	1,0	3,2	152	149
15375	2,1	5,2	0,0	3,2	162	149
15376	2,1	0,4	0,0	1,0	159	149
15377	0,1	4,4	0,1	0,1	162	149
15378	0,0	4,4	1,0	0,1	152	149
15379	0,1	0,0	0,1	1,0	159	149
15380	0,4	4,4	1,1	0,1	298	149
15381	0,4	0,0	1,1	1,0	298	149
15382	0,3	0,0	1,1	0,1	298	149
15383	1,0	0,1	2,0	0,1	298	149
15388	9,2	0,1	8,4	0,0	177	149
15389	36,25	0,1	20,24	0,0	241	149
15390	48,27	0,1	21,27	0,0	255	149
15393	13,2	1,0	2,3	1,0	163	149
15409	105,93	0,3	87,74	1,1	233	149
15420	161,149	44,72	144,134	49,50	152	149
15425	16,14	12,4	8,10	5,3	152	149
15434	7,13	1,0	11,9	0,0	153	149
15436	971,889	32,43	967,837	31,19	184	149
15437	23,17	33,30	18,27	45,28	298	149
15439	0,1	1,0	1,0	0,1	161	149
15440	0,0	63,48	1,0	46,35	222	149
15442	3,2	2,2	4,4	0,0	152	149
15443	8,0	1,0	1,3	2,0	152	149
15444	191,181	32,42	224,165	19,23	164	149
15445	85,72	4,4	90,69	3,6	230	149
15446	203,148	30,23	155,133	41,33	230	149
15447	8,9	135,154	12,7	154,155	164	149
15448	227,201	4,1	237,202	4,6	167	149
15449	100,93	0,4	92,77	0,0	298	149
15450	102,91	0,2	105,72	0,0	298	149
15451	85,104	0,0	102,80	2,1	186	149
15452	86,104	1,1	103,79	0,0	186	149
15453	925,745	11,22	919,776	22,10	186	149
15455	15,13	10,2	5,9	4,6	154	149
15457	0,4	24,27	0,2	14,11	210	149
15462	1,0	8,2	1,1	6,7	172	149
15465	1,1	4,0	3,2	1,1	173	149
15466	10,11	5,1	0,7	2,1	298	149
15468	1,0	4,0	0,1	2,2	172	149
15469	1,1	61,50	3,2	63,47	169	149
15470	8,6	61,50	13,7	63,47	173	149
15473	1,1	2,0	3,4	0,5	173	149
15478	28,22	0,0	12,21	3,0	171	149
15482	2,4	107,76	2,1	67,82	168	149
15484	12,5	0,0	0,6	1,0	298	149
15489	0,1	0,0	2,0	0,2	298	149
15494	9,10	11,22	7,11	20,11	298	149
15495	9,11	1,0	10,10	0,2	298	149
15496	14,20	5,0	27,26	0,3	298	149
15497	12,23	1,0	24,11	0,2	165	149
15498	21,36	5,0	44,30	0,3	245	149
15499	10,13	5,0	20,21	0,3	229	149
15502	262,302	1,2	258,208	0,0	298	149
15503	2,2	0,2	2,2	0,4	298	149
15504	15,21	130,175	21,14	155,120	269	149
15508	59,67	0,3	41,62	4,10	212	149
15509	1,1	44,50	3,6	38,45	153	149
15510	68,80	6,2	48,64	3,0	152	149
15511	69,58	1,1	58,50	5,0	192	149
15512	39,26	19,15	45,41	17,23	152	149
15514	124,88	3,0	75,122	4,0	163	149
15515	933,838	4,2	898,913	3,0	246	149
15516	894,798	6,10	860,873	9,9	235	149
15517	7,6	0,4	2,5	0,1	298	149
15518	521,497	0,0	554,559	1,0	298	149
15519	2,5	421,374	2,6	370,275	168	149
15525	84,63	35,18	77,57	33,24	152	149
15526	9,4	35,37	3,0	28,19	233	149
15528	1,0	44,33	0,1	32,28	179	149
15533	11,3	6,3	5,13	1,1	152	149
15538	53,54	7,2	62,53	2,3	152	149
15539	142,142	2,0	126,118	0,0	298	149
15540	11,9	97,78	9,10	83,61	298	149
15546	7,2	167,192	2,1	228,160	298	149
15549	56,23	6,9	23,24	6,2	152	149
15551	58,30	1,4	27,36	1,1	298	149
15552	48,26	1,4	27,35	1,1	298	149
15553	8,3	11,4	2,2	0,1	169	149
15555	2433,1930	5,8	2273,2217	5,5	298	149
15556	1578,1169	7,5	1439,1274	14,2	298	149
15557	10,11	2,4	8,8	1,0	203	149
15558	14,14	2,4	16,17	1,0	298	149
15559	13,10	4,4	12,12	1,1	298	149
15560	2,2	3,4	0,0	3,0	152	149
15562	1,0	716,505	0,2	587,577	154	149
15563	62,54	7,1	46,50	4,3	153	149
15566	1,0	47,34	0,0	33,41	161	149
15568	0,0	3,0	2,1	1,0	152	149
15570	2,0	11,3	4,0	18,4	177	149
15571	1,1	19,15	2,3	29,10	152	149
15574	0,4	66,45	3,3	48,34	203	149
15578	3,13	0,0	5,7	3,0	284	149
15579	23,39	0,1	33,22	0,0	298	149
15580	247,267	1,1	216,201	1,0	153	149
15581	19,19	0,0	15,17	0,4	298	149
15582	497,375	24,10	490,422	22,24	167	149
15585	7,13	0,0	9,10	0,1	156	149
15588	2,0	0,0	3,0	1,0	186	149
15598	216,150	2,0	220,170	2,2	154	149
15599	302,303	5,3	331,287	4,1	217	149
15600	246,239	2,0	278,256	2,0	219	149
15602	19,8	0,1	22,20	1,0	157	149
15603	127,94	0,0	135,108	1,0	157	149
15606	22,19	6,4	9,9	8,12	152	149
15607	4,8	179,141	7,6	115,123	245	149
15608	44,38	1,1	26,28	0,1	298	149
15609	43,41	1,1	39,49	2,1	298	149
15610	42,40	1,1	38,49	2,1	282	149
15611	4,2	14,19	7,1	24,27	222	149
15612	25,18	4,0	23,14	0,0	298	149
15613	35,37	4,0	44,40	0,0	298	149
15615	102,62	117,73	76,79	97,75	152	149
15618	0,0	23,15	2,0	17,5	176	149
15620	412,373	14,5	370,384	9,6	287	149
15622	7,3	0,1	3,1	0,0	219	149
15623	8,8	2,0	1,3	0,0	223	149
15627	5,17	0,0	7,3	1,0	298	149
15628	2,3	1,0	2,3	5,4	181	149
15629	4,2	1,0	1,2	5,4	178	149
15631	2,2	4,4	2,0	2,5	182	149
15632	1370,1307	0,0	1204,967	1,0	298	149
15633	35,25	2,0	34,28	0,0	206	149
15634	22,33	2,0	38,29	1,0	298	149
15636	3,0	10,4	12,2	6,1	153	149
15637	138,75	0,1	91,65	1,0	156	149
15638	99,81	1,0	72,54	0,2	154	149
15639	172,158	0,1	164,169	0,0	298	149
15640	172,159	1,0	164,168	0,0	298	149
15641	177,174	0,4	170,174	0,0	298	149
15643	5,6	149,142	3,1	148,141	169	149
15644	8,7	5,1	4,2	1,4	172	149
15645	152,143	5,1	149,142	1,4	152	149
15646	96,83	3,4	85,72	2,4	153	149
15647	101,96	6,3	94,82	6,2	298	149
15650	117,96	2,1	131,85	1,0	193	149
15651	136,118	4,0	92,96	2,1	177	149
15652	170,152	2,3	108,126	0,2	208	149
15653	38,34	2,3	18,31	0,2	180	149
15654	66,61	3,0	31,52	0,2	208	149
15655	20,10	183,159	18,16	126,137	222	149
15661	9,11	417,308	8,14	438,408	298	149
15662	431,351	1,4	452,433	1,1	167	149
15663	9,7	130,133	8,18	128,128	214	149
15664	8,6	177,141	12,21	194,183	214	149
15665	9,12	0,1	4,9	1,2	168	149
15666	5,0	0,0	0,3	1,0	169	149
15667	17,12	0,1	8,12	0,0	272	149
15668	12,12	0,1	9,9	0,0	252	149
15670	0,1	0,2	0,2	0,0	154	149
15671	2,2	0,0	4,0	1,0	165	149
15672	13,14	229,213	8,13	205,178	298	149
15673	29,30	6,5	33,27	13,5	232	149
15674	30,30	3,2	31,27	7,2	232	149
15678	8736,7281	0,1	8276,7703	0,2	228	149
15679	11,9	87,88	14,21	88,85	227	149
15680	6,3	0,0	7,16	1,0	227	149
15683	147,115	2,3	149,116	2,0	298	149
15684	98,69	1,3	102,68	0,4	298	149
15685	99,71	0,0	100,68	1,0	298	149
15686	19,30	4,2	15,20	5,3	159	149
15687	1,0	15,21	0,0	16,9	193	149
15689	41,32	2,0	21,16	0,0	298	149
15690	184,128	4,0	132,177	0,0	298	149
15691	10,47	1,0	16,14	0,0	182	149
15693	76,50	18,9	57,69	5,10	152	149
15694	33,38	7,3	24,29	3,2	152	149
15695	78,92	2,3	100,65	0,2	153	149
15696	5,5	66,87	4,3	55,68	162	149
15697	1,1	0,1	0,1	0,1	162	149
15698	1,0	2,0	1,1	2,3	162	149
15699	1,0	4,1	0,1	0,0	162	149
15709	0,4	99,92	1,5	112,64	190	149
15723	30,26	2,0	27,18	2,0	154	149
15727	13,10	3,2	5,4	1,4	211	149
15728	6,5	3,2	3,4	1,4	188	149
15729	23,13	0,3	8,14	3,0	298	149
15730	2,1	2,2	0,0	1,4	171	149
15733	24,16	4205,4133	15,12	3792,3197	167	149
15734	4282,4090	11,10	4331,4464	16,4	157	149
15735	2,17	0,2	7,3	0,0	298	149
15737	4,7	19,41	12,4	34,22	152	149
15738	64,52	0,2	34,35	0,0	154	149
15739	1329,1011	0,0	1319,1130	2,2	228	149
15740	364,278	2,0	356,287	0,2	208	149
15741	909,800	2,2	795,661	1,0	213	149
15743	2,0	0,2	1,2	0,2	152	149
15746	4,2	3,5	4,4	10,3	247	149
15747	4,3	4,3	5,7	2,1	265	149
15748	10,10	0,2	10,8	3,6	291	149
15749	3,6	4,3	11,6	2,1	167	149
15750	9,13	0,2	16,7	3,6	193	149
15751	10,10	0,2	7,2	3,6	175	149
15752	246,168	3,1	233,236	0,7	156	149
15757	88,94	169,154	57,96	208,154	284	149
15758	112,137	169,154	103,130	208,154	287	149
15759	52,71	28,28	57,56	11,22	152	149
15760	209,132	0,0	179,172	1,0	298	149
15761	125,128	0,0	98,83	1,0	298	149
15762	4,3	150,173	6,2	145,128	164	149
15763	7,9	0,6	15,30	1,2	194	149
15764	524,405	0,1	504,520	0,0	293	149
15765	3,3	391,303	4,1	386,289	196	149
15769	38,34	0,0	32,20	1,2	232	149
15770	2,0	2,2	0,0	4,6	298	149
15771	3,1	16,13	3,2	18,7	298	149
15776	21,31	158,152	25,24	157,134	164	149
15777	47,23	1,1	13,21	0,0	153	149
15778	242,215	8,10	203,175	9,8	153	149
15779	0,0	0,2	0,4	0,0	228	149
15781	0,4	0,3	3,0	1,0	298	149
15782	0,4	0,3	3,0	1,0	298	149
15784	157,117	0,1	133,143	0,0	298	149
15786	0,0	50,47	1,0	53,44	172	149
15787	8,3	11,9	4,4	8,15	298	149
15788	17,17	0,1	19,13	6,1	154	149
15793	10,16	40,49	15,6	49,33	205	149
15794	4,2	0,1	6,4	0,0	155	149
15795	169,130	2,1	156,151	0,0	298	149
15796	19,9	143,104	7,8	125,89	215	149
15797	130,83	1,0	99,86	0,0	298	149
15798	462,465	4,3	407,347	3,7	298	149
15799	90,109	358,328	78,103	267,293	298	149
15800	242,296	15,8	210,206	7,7	193	149
15801	51,99	0,3	65,66	0,1	193	149
15802	39,81	0,0	38,45	1,0	193	149
15803	623,651	8,9	542,557	4,3	298	149
15804	557,601	9,18	495,490	11,15	298	149
15805	55,58	34,42	29,30	40,24	152	149
15813	536,601	0,2	413,435	0,0	298	149
15814	156,155	0,1	129,142	1,0	298	149
15819	74,70	2,4	78,78	0,3	298	149
15822	1,1	1,0	4,0	0,0	206	149
15823	23,34	12,13	22,16	30,12	298	149
15824	232,210	9,7	241,183	10,11	173	149
15825	11,12	271,184	14,11	214,210	166	149
15832	1,1	49,40	3,0	39,51	298	149
15833	25,25	0,3	17,28	0,0	152	149
15841	5,15	2,0	25,19	0,0	154	149
15842	18,19	0,2	15,20	2,3	155	149
15845	48,47	1,3	49,44	2,4	228	149
15846	6,9	2275,1987	3,6	1860,1725	210	149
15847	64,49	2238,1941	48,46	1831,1657	171	149
15848	1640,1498	3,3	1389,1258	2,4	182	149
15849	4088,3159	0,1	3516,3654	1,0	298	149
15852	17,7	3,1	15,13	2,0	152	149
15854	55,48	3,2	64,54	0,0	154	149
15855	1,3	3,2	4,3	0,0	152	149
15856	1,0	69,65	2,0	78,61	172	149
15857	0,1	88,61	1,1	75,53	171	149
15860	13,21	1,1	14,23	0,0	200	149
15861	12,12	725,654	16,15	672,523	180	149
15879	14,18	560,549	29,15	433,503	166	149
15882	244,178	0,1	237,225	0,0	158	149
15883	23,29	0,1	14,16	0,0	182	149
15884	19,27	0,1	18,14	0,0	198	149
15885	27,29	0,1	26,19	0,0	298	149
15886	17,21	238,170	8,13	231,222	173	149
15887	13,19	238,170	12,11	231,222	189	149
15888	21,21	238,170	25,16	231,222	298	149
15889	0,0	4,2	4,1	0,3	165	149
15890	10,2	4,2	17,8	0,3	298	149
15894	2,8	127,96	7,16	133,105	164	149
15900	133,129	1,0	127,119	1,0	151	149
15901	6,26	6,3	8,15	2,3	169	149
15902	0,1	1,0	1,4	1,2	152	149
15903	3,5	1,0	3,3	0,0	227	149
15904	7,6	0,0	0,5	0,2	195	149
15905	2,0	7,3	1,0	4,1	168	149
15917	68,74	0,1	72,56	0,1	245	149
15918	3,2	3,0	5,5	2,0	205	149
15919	213,232	0,0	204,191	2,0	298	149
15921	428,354	3,1	375,329	0,0	298	149
15922	428,382	0,1	409,364	0,0	153	149
15945	2472,2164	6,13	2141,2202	12,7	155	149
15947	547,459	1,1	469,491	2,0	156	149
15952	138,124	44,40	133,132	49,40	164	149
15954	81,88	0,1	72,75	2,0	267	149
15955	4,1	0,0	7,2	3,0	298	149
15956	5,1	0,0	4,2	3,0	153	149
15957	17,15	0,0	8,8	1,0	170	149
15958	351,407	0,0	284,303	1,0	298	149
15959	405,417	0,2	307,345	0,0	298	149
15960	604,522	1,0	468,401	2,1	298	149
15961	252,280	3,1	212,209	0,0	151	149
15962	23,41	0,0	37,32	0,1	151	149
15963	430,468	192,197	400,378	203,137	152	149
15967	14,7	456,417	14,11	440,426	298	149
15968	3,3	1,0	1,0	2,0	152	149
15969	2,3	8,5	2,4	4,6	152	149
15972	17,11	24,18	25,16	31,18	164	149
15987	464,461	22,8	525,432	22,18	239	149
15989	425,357	105,88	392,349	92,79	152	149
15991	95,87	7,12	82,71	9,0	155	149
15992	16,19	181,128	24,19	136,116	298	149
15993	1,6	0,0	0,0	1,3	188	149
15994	172,126	9,5	132,131	4,1	273	149
16004	418,318	0,0	362,385	0,1	298	149
16005	2,4	129,89	2,3	93,90	220	149
16007	375,337	2,3	360,279	0,1	242	149
16008	245,205	150,119	165,149	143,137	298	149
16011	916,700	7,0	904,806	1,4	164	149
16012	2,9	169,165	3,5	142,136	298	149
16013	8,19	8,7	13,13	4,6	152	149
16015	9,2	1,1	1,11	0,0	220	149
16016	202,183	3,0	262,208	0,2	153	149
16017	6,4	2,0	6,5	2,0	152	149
16024	149,100	4,3	80,127	2,4	247	149
16027	298,279	381,363	263,247	353,350	162	149
16028	4906,4942	1,5	4308,4305	8,3	259	149
16029	4989,5026	1,5	4398,4408	8,3	246	149
16030	1910,1860	28,19	1709,1644	32,29	175	149
16031	4734,4834	3,2	4180,4167	0,4	246	149
16032	43,58	17,20	63,64	32,26	152	149
16033	235,222	4,3	256,197	2,4	298	149
16034	416,271	1,5	356,339	4,3	154	149
16035	343,262	121,96	271,255	110,124	152	149
16036	12,2	1,0	0,3	0,0	152	149
16037	22,12	133,114	16,16	118,98	203	149
16038	3,7	0,5	5,3	0,6	298	149
16039	8,9	8,4	16,3	1,8	195	149
16040	11,18	4,0	10,20	0,1	298	149
16041	26,27	0,0	21,19	4,1	164	149
16042	25,28	0,1	23,16	0,0	164	149
16043	11,12	144,104	8,8	136,109	167	149
16044	169,131	45,44	157,125	34,47	164	149
16045	293,228	23,23	190,179	28,24	196	149
16046	31,24	2,0	34,18	0,0	298	149
16047	28,25	0,0	31,15	2,2	298	149
16052	179,219	12,8	178,200	7,6	155	149
16053	32,70	27,21	35,35	8,3	152	149
16054	17,48	38,41	31,22	57,18	185	149
16055	85,44	1,4	82,79	0,0	152	149
16056	132,93	3,2	98,104	2,0	153	149
16063	1032,917	4,1	929,960	0,3	298	149
16064	278,337	5,0	242,269	0,5	298	149
16067	307,274	0,3	274,258	4,0	204	149
16070	0,0	222,190	0,6	190,229	175	149
16071	1420,1221	1,0	1490,1482	0,0	298	149
16072	232,202	4,2	112,133	4,0	256	149
16073	285,223	0,0	254,208	0,1	190	149
16074	13,15	164,146	20,18	171,166	197	149
16075	8,7	12,6	11,7	3,4	197	149
16076	243,229	2,3	248,200	8,3	153	149
16077	5,4	1,0	6,6	0,0	153	149
16078	233,207	2,8	174,224	4,2	152	149
16080	28175,25483	157,142	23549,21876	112,123	197	149
16081	0,6	27,57	3,1	42,19	219	149
16087	12,8	302,286	5,6	304,289	173	149
16093	176,129	0,1	151,145	1,0	174	149
16094	3,2	54,38	0,0	37,41	298	149
16095	387,318	11,8	350,343	17,10	298	149
16096	6,7	2,4	4,5	2,6	298	149
16097	7,8	0,0	5,8	0,2	298	149
16098	3,6	0,0	4,9	0,2	178	149
16099	16,12	0,0	16,5	0,1	153	149
16100	2,3	0,0	2,4	1,0	178	149
16101	200,148	1,1	205,164	5,1	153	149
16102	221,229	1,2	211,236	2,1	153	149
16104	171,185	2,0	163,124	0,0	298	149
16107	2,6	113,92	3,1	92,122	152	149
16108	2,0	53,39	1,0	38,42	176	149
16112	129,96	0,0	129,86	1,0	298	149
16113	0,0	2,0	1,0	0,3	161	149
16114	3,1	0,0	4,1	3,0	187	149
16116	2,1	122,106	2,4	138,116	179	149
16120	103,78	9,10	96,68	8,6	298	149
16121	9,5	9,10	3,5	8,6	184	149
16122	53,33	7,5	44,36	0,0	298	149
16124	4,4	0,3	1,4	1,1	298	149
16157	5,5	0,0	3,5	1,0	298	149
16165	12,7	0,2	2,3	0,0	182	149
16168	54,36	9,10	41,26	3,8	182	149
16169	56,47	4,7	43,60	12,10	173	149
16170	3,3	26,14	1,2	20,26	156	149
16171	6,4	0,0	2,3	2,0	174	149
16172	29,15	0,0	21,27	2,0	167	149
16174	325,302	11,7	335,297	5,2	154	149
16175	23,24	213,214	9,32	205,190	298	149
16178	3,4	0,0	6,0	1,0	157	149
16179	1,6	0,1	7,3	0,0	157	149
16187	185,209	0,2	209,191	1,2	181	149
16188	4,3	36,35	1,1	45,25	298	149
16189	186,155	7,8	188,149	7,10	298	149
16190	15,13	0,0	14,10	0,2	298	149
16191	19,13	2,3	14,9	0,0	298	149
16192	15,15	0,2	14,9	2,0	298	149
16193	7,4	307,250	5,2	285,268	167	149
16194	52,50	7,5	37,44	5,6	152	149
16195	1,3	0,1	4,2	0,0	152	149
16196	53,58	7,2	70,51	0,1	219	149
16197	440,355	2,2	336,336	1,3	298	149
16198	30,12	4,11	26,24	1,5	186	149
16199	28,4	3,7	27,8	7,6	152	149
16200	2,1	0,1	3,1	0,0	152	149
16204	2,3	6,0	0,2	0,0	164	149
16205	5,0	4,0	4,0	0,0	210	149
16210	8,16	0,0	7,19	0,1	222	149
16211	4,2	5,1	2,4	6,6	166	149
16223	0,1	0,1	1,2	0,0	152	149
16229	1,3	2,0	3,0	0,0	179	149
16230	4,2	82,91	1,2	86,52	173	149
16231	34,41	0,2	38,14	0,0	183	149
16232	2,3	28,28	1,2	16,9	173	149
16234	105,84	0,0	79,69	0,1	225	149
16235	134,128	2,0	112,118	0,0	225	149
16236	14,34	1,0	8,9	1,1	155	149
16237	1,8	90,69	9,9	69,60	298	149
16238	1,6	90,69	6,7	69,60	298	149
16239	0,0	0,2	3,0	6,2	175	149
16240	3,1	202,174	6,3	184,183	176	149
16241	39,33	783,691	49,37	750,615	227	149
16242	1228,1073	3,5	1183,1019	3,3	298	149
16243	1240,1080	219,176	1186,1024	129,130	298	149
16244	2325,1945	18,10	2023,1811	16,9	298	149
16245	1228,1075	0,0	1190,1024	0,4	298	149
16246	1227,1073	0,0	1185,1019	0,2	298	149
16247	2193,1860	0,0	1926,1757	0,2	298	149
16248	1052,870	0,0	798,821	2,0	298	149
16250	127,130	0,2	86,95	0,0	154	149
16251	4,1	9,12	1,4	10,17	170	149
16261	329,301	0,3	258,251	0,2	151	149
16265	5,1	436,416	3,3	448,408	175	149
16268	0,3	476,351	0,0	500,372	171	149
16269	736,554	0,2	701,593	0,0	298	149
16270	778,638	0,0	759,675	3,0	182	149
16271	617,515	1,0	543,515	3,1	298	149
16272	620,527	14,3	555,522	3,8	298	149
16274	38,27	12,10	44,32	10,15	180	149
16275	9,4	2,0	13,8	0,0	180	149
16276	8,4	0,0	12,9	0,1	180	149
16277	20,17	0,1	30,19	0,0	166	149
16280	7,19	6,2	9,4	11,11	152	149
16281	2340,1965	3,1	2009,2009	1,4	251	149
16282	1230,1056	1,4	1189,1120	2,0	298	149
16284	3,13	0,3	12,4	0,0	152	149
16285	14,38	5,10	24,20	1,2	152	149
16286	0,0	2,0	2,0	0,0	171	149
16287	6,2	2,0	2,0	0,0	217	149
16288	6,2	0,0	2,0	2,0	195	149
16293	1,0	89,80	0,0	59,63	298	149
16294	3,6	2,2	7,10	0,0	152	149
16295	44,39	2,2	25,42	0,0	221	149
16296	92,81	2,2	68,84	0,0	224	149
16297	44,38	3,5	25,41	7,9	218	149
16298	92,80	3,5	68,83	7,9	221	149
16299	61,50	13,8	45,44	2,2	152	149
16300	1,5	2,0	4,1	0,0	152	149
16301	32,30	0,0	23,41	1,0	218	149
16302	37,35	0,0	27,44	1,0	221	149
16303	6,5	1,0	4,5	0,2	152	149
16304	49,48	10,1	32,48	6,5	217	149
16305	73,79	10,1	63,71	6,5	220	149
16306	49,49	25,18	42,46	11,23	152	149
16307	32,31	0,0	23,42	1,0	221	149
16308	23,34	1,1	49,44	0,3	152	149
16309	9,12	41,50	9,11	44,51	152	149
16311	94,59	0,0	54,69	0,1	274	149
16312	10,4	0,4	5,3	0,7	271	149
16313	92,57	10,9	96,65	5,12	179	149
16314	0,0	2,0	1,3	4,0	164	149
16315	13,20	0,1	8,17	3,2	174	149
16316	15,9	21,30	13,22	24,12	242	149
16317	6,11	78,92	9,6	88,66	164	149
16318	19,17	208,215	32,8	176,234	218	149
16319	210,165	20,8	144,147	8,23	203	149
16320	228,177	2,1	147,142	5,5	298	149
16329	10,19	361,324	9,17	249,282	179	149
16330	491,454	0,0	411,408	1,0	277	149
16332	95,101	1,0	74,82	2,1	192	149
16333	397,330	1,0	281,317	0,3	298	149
16334	448,397	4,6	424,397	9,2	254	149
16335	39,56	0,0	38,30	0,2	298	149
16336	624,666	1,0	587,597	1,2	298	149
16337	597,623	1,0	558,581	1,2	298	149
16338	919,893	3,6	943,875	0,2	182	149
16339	1,3	0,2	0,2	0,0	249	149
16362	56,46	1357,1113	50,50	1228,1139	211	149
16366	23,21	10,4	20,8	4,2	298	149
16367	22,22	9,6	26,27	6,2	298	149
16368	62,55	3,0	44,40	0,0	298	149
16369	419,354	55,47	410,386	24,38	298	149
16379	52,62	10,7	66,52	2,2	298	149
16380	163,162	1,4	154,112	0,0	227	149
16381	262,239	3,1	224,180	0,0	227	149
16382	2,0	136,101	1,4	145,129	173	149
16383	4,9	0,3	7,0	0,5	194	149
16384	4,5	2,1	2,8	5,1	152	149
16386	2,2	237,216	3,0	255,207	182	149
16388	5,0	2,2	4,4	0,0	298	149
16389	1,0	6,0	2,3	0,1	152	149
16390	11,12	2,0	18,11	0,0	175	149
16391	11,3	33,24	0,0	31,36	152	149
16392	55,57	8,0	41,46	1,0	287	149
16393	22,13	103,142	16,9	135,116	171	149
16394	240,234	2,0	289,168	0,0	298	149
16395	170,181	0,1	124,161	1,1	298	149
16396	151,137	7,5	116,107	4,5	153	149
16397	268,236	37,42	186,194	36,34	298	149
16399	11,13	27,36	9,8	32,25	161	149
16400	16,19	27,36	18,10	32,25	164	149
16401	15,15	10,9	16,7	7,5	152	149
16402	3,3	0,0	9,7	2,1	298	149
16403	450,443	6,3	433,395	0,11	298	149
16404	548,462	1,2	494,449	2,3	298	149
16417	8,3	780,645	6,2	745,719	164	149
16419	1,3	4,16	2,8	0,4	152	149
16421	853,722	8,5	744,713	11,2	211	149
16422	353,279	0,1	256,266	0,0	211	149
16423	696,666	8,4	758,690	5,5	298	149
16424	425,297	29,22	340,356	23,19	175	149
16425	64,63	4,2	61,50	0,0	175	149
16426	184,148	96,73	164,165	77,77	152	149
16427	0,4	12,9	2,5	6,11	152	149
16428	11,19	6,20	20,23	10,6	161	149
16429	55,46	0,0	60,46	0,1	298	149
16430	0,0	33,38	0,1	17,21	172	149
16431	15,16	2,0	21,26	0,1	298	149
16432	38,11	1,2	21,22	0,4	215	149
16441	16,17	7,4	16,7	9,5	161	149
16442	21,21	836,752	17,11	753,671	173	149
16443	12,8	836,752	10,9	753,671	161	149
16453	303,226	0,1	274,219	0,0	298	149
16454	307,307	4,2	244,280	8,3	196	149
16455	256,210	15,12	239,230	10,15	194	149
16457	128,95	2,1	105,87	5,0	168	149
16458	311,296	2,1	302,281	5,0	171	149
16459	260,250	77,49	251,234	54,40	152	149
16460	222,192	12,5	174,171	4,10	214	149
16461	2,2	3,2	1,2	2,0	238	149
16462	6,3	9,7	4,2	16,7	223	149
16463	0,1	28,35	9,1	41,44	175	149
16470	1,3	2,1	0,0	1,0	187	149
16472	3,5	0,0	1,7	1,0	259	149
16474	2,3	0,0	2,3	0,2	298	149
16475	3,5	3,2	4,7	3,3	298	149
16478	2,1	0,0	3,0	0,2	298	149
16479	3,3	3,2	5,4	3,3	298	149
16481	0,1	0,0	0,0	0,2	189	149
16482	3,3	3,2	4,4	3,3	283	149
16484	3,2	3,2	4,6	3,3	243	149
16487	3,3	0,4	5,4	1,0	283	149
16488	3,2	0,4	6,4	1,0	243	149
16489	7,2	1,0	6,4	2,1	298	149
16499	10,7	10,24	4,3	8,8	228	149
16500	29,17	10,24	19,15	8,8	298	149
16501	25,11	6,1	15,13	0,0	238	149
16502	71,58	4,1	66,75	0,0	298	149
16503	37,22	0,2	13,42	0,1	298	149
16504	103,72	11,9	96,129	10,13	152	149
16505	40,36	13,6	25,27	6,7	244	149
16509	40,32	0,1	36,34	0,2	161	149
16510	1,0	25,21	0,2	11,25	185	149
16511	53,57	0,1	24,26	1,1	211	149
16512	1,2	1,5	1,1	3,1	226	149
16513	1,2	2,5	1,1	2,3	226	149
16515	1,5	0,2	3,2	1,0	182	149
16518	17,12	14,2	9,12	7,3	262	149
16519	9,3	2,4	3,0	0,3	152	149
16521	0,1	3,15	0,0	9,0	226	149
16524	294,221	1,1	279,220	0,2	298	149
16526	67,73	0,1	62,48	0,1	176	149
16527	534,527	0,1	415,395	0,1	180	149
16528	106,111	0,1	84,79	0,1	203	149
16529	469,458	2,4	359,347	6,0	153	149
16530	41,42	2,4	28,31	6,0	176	149
16531	3,11	431,427	3,2	334,318	172	149
16532	8,12	6,7	7,11	4,7	298	149
16533	24,8	300,218	18,9	259,259	194	149
16542	0,0	64,65	3,4	90,65	167	149
16544	82,71	4,14	54,71	3,2	197	149
16565	10,2	53,53	7,7	65,61	231	149
16567	0,0	126,115	0,1	84,104	177	149
16568	16,15	2,0	19,17	0,1	197	149
16569	142,130	2,0	103,120	0,1	169	149
16585	49,45	3,1	39,44	1,1	152	149
16589	9,8	0,1	7,6	0,2	237	149
16590	749,538	4,1	691,642	7,6	298	149
16591	950,718	4,0	881,839	0,3	202	149
16592	7,9	810,565	6,12	747,691	167	149
16594	8,4	418,360	3,3	393,418	180	149
16595	538,431	4,9	503,544	4,2	152	149
16596	9,5	4,9	11,6	4,2	182	149
16597	2,3	531,429	6,0	498,538	179	149
16598	1,0	0,0	5,3	2,0	298	149
16599	645,565	0,2	700,677	0,1	298	149
16600	529,420	5,2	496,511	0,0	158	149
16602	54,41	42,27	30,51	28,20	152	149
16603	84,71	18,9	50,80	19,14	182	149
16604	9,16	30,28	8,11	33,23	170	149
16607	203,162	11,9	202,182	5,2	154	149
16611	0,8	35,33	3,3	47,35	196	149
16613	134,122	6128,5495	140,146	5691,6301	152	149
16614	193,129	8592,7699	153,163	8048,8694	238	149
16615	11392,10455	6,5	10898,11577	2,3	185	149
16616	8662,7756	256,241	8121,8748	297,299	298	149
16617	12243,10786	0,1	11680,11999	0,1	298	149
16618	3843,3281	0,1	3862,3558	0,1	199	149
16619	3736,3139	86,60	3691,3436	64,70	199	149
16620	14226,12667	0,1	14109,13949	3,1	199	149
16622	189,142	1,1	187,135	0,1	298	149
16633	0,2	39,20	3,1	12,17	154	149
16637	137,121	0,2	140,157	0,0	223	149
16638	46,47	0,0	54,59	0,1	223	149
16640	276,261	0,2	240,246	9,7	158	149
16647	120,109	35,18	97,93	30,38	152	149
16648	6,7	35,18	11,6	30,38	171	149
16649	4,7	118,109	10,5	96,92	168	149
16651	1,4	1,0	6,8	0,0	167	149
16655	4,0	0,4	6,0	1,1	298	149
16658	8,13	0,7	11,5	2,6	152	149
16659	27,69	2,5	44,33	1,0	209	149
16661	136,130	11,14	112,72	10,5	176	149
16662	26,29	8,7	29,19	3,6	152	149
16663	37,24	0,4	29,27	2,0	152	149
16664	102,91	3,2	91,88	8,5	152	149
16672	6,0	0,0	0,2	0,1	152	149
16673	3,2	6,0	0,3	0,2	154	149
16674	137,82	2,0	98,106	0,1	216	149
16675	514,451	5,6	554,454	6,3	153	149
16680	36,33	2,0	28,32	0,1	238	149
16681	21,20	85,79	22,14	96,55	244	149
16682	65,67	6,3	67,73	8,13	152	149
16683	5,2	0,0	3,5	2,1	152	149
16684	70,74	25,13	84,75	11,15	152	149
16685	5,12	71,65	3,2	88,83	170	149
16686	0,1	13,25	2,4	24,17	164	149
16696	9,10	9,4	11,13	9,3	154	149
16697	166,107	1237,1023	133,93	1125,1044	211	149
16698	1337,1180	1,1	1243,1141	0,2	298	149
16699	482,478	1,0	366,336	1,0	298	149
16700	114,159	4,0	95,79	0,0	298	149
16702	4,2	0,0	1,0	1,0	225	149
16704	8,0	0,0	0,0	0,2	183	149
16706	0,3	0,0	1,1	1,0	236	149
16707	0,3	0,0	1,1	1,0	298	149
16709	88,92	9,4	107,78	0,13	152	149
16710	114,111	2,0	118,105	4,2	179	149
16711	0,0	17,19	2,2	8,6	152	149
16713	127,131	178,178	111,120	168,155	167	149
16714	334,290	242,203	253,280	210,201	152	149
16715	52,66	5,6	98,59	3,2	250	149
16716	52,66	1073,928	99,59	965,821	250	149
16717	433,363	171,147	342,289	178,143	152	149
16719	13,29	21,31	8,14	33,31	152	149
16720	2,7	7,5	2,5	7,5	152	149
16722	945,927	4,5	992,989	2,3	298	149
16723	13,9	6,5	16,20	7,4	173	149
16724	49,46	14,11	41,45	20,11	298	149
16725	40,29	1598,1479	28,40	1616,1500	175	149
16726	154,125	6,4	126,122	7,14	179	149
16727	1712,1575	6,4	1714,1582	7,14	153	149
16729	518,443	1306,1047	533,512	1266,1165	152	149
16730	97,104	1306,1047	95,100	1266,1165	155	149
16731	37,35	458,374	24,28	462,440	152	149
16732	1029,790	64,61	961,910	82,73	179	149
16733	896,758	7,1	921,778	4,7	179	149
16734	345,279	5,2	367,335	1,4	179	149
16740	772,635	4,1	776,652	2,2	298	149
16741	72,96	0,0	90,88	0,1	167	149
16742	743,639	0,0	730,711	0,1	288	149
16744	3,5	1,0	3,0	0,3	152	149
16745	22,63	13,11	24,33	23,15	152	149
16746	20,37	8,11	31,15	6,6	152	149
16748	14,10	2,0	11,15	4,0	152	149
16761	2,1	1,3	1,1	14,10	169	149
16762	6,5	83,49	5,5	76,80	169	149
16767	100,68	0,0	86,63	0,4	244	149
16768	213,162	4,2	189,168	1,1	244	149
16769	130,90	0,0	111,102	6,0	298	149
16770	351,340	20,31	366,349	44,44	152	149
16772	4,4	0,0	10,12	0,1	298	149
16773	2,4	0,0	10,4	0,1	298	149
16774	1,0	2,0	2,2	0,8	177	149
16775	12,6	2,0	24,24	0,0	298	149
16776	642,567	0,0	597,532	2,0	298	149
16777	4,7	10,4	1,6	1,8	261	149
16778	7,8	10,4	4,11	1,8	298	149
16780	1,0	296,234	0,0	283,259	298	149
16781	27,22	309,265	31,30	339,247	298	149
16782	1173,1180	8,7	1104,1028	13,3	298	149
16787	0,1	19,5	0,0	8,4	282	149
16789	43,37	0,0	55,46	0,2	288	149
16790	12,2	6,12	6,8	5,0	298	149
16791	10,2	6,12	8,7	5,0	298	149
16792	5,3	2,0	4,1	0,1	298	149
16793	60,49	6,0	45,27	4,0	269	149
16794	35,34	6,0	28,26	4,0	298	149
16795	12,3	28,17	6,11	19,9	298	149
16796	3,5	9,5	9,7	3,3	240	149
16797	3,3	9,5	6,8	3,3	246	149
16798	3,4	9,5	6,12	3,3	248	149
16799	1,0	1,2	0,2	3,1	155	149
16800	1,1	1,2	0,6	3,1	157	149
16801	1,1	1,0	0,4	0,0	151	149
16802	4,3	0,0	2,3	0,1	298	149
16806	0,0	0,2	2,0	0,0	298	149
16807	142,126	2,1	135,132	1,1	298	149
16816	1,1	20,24	3,2	28,23	160	149
16817	36,31	2,0	66,43	1,2	298	149
16818	484,400	0,0	422,474	0,1	298	149
16819	285,252	9,4	279,250	5,0	298	149
16840	0,1	0,0	0,0	1,2	172	149
16841	4,1	0,0	0,3	1,2	298	149
16843	0,1	0,5	0,0	1,0	169	149
16844	0,1	0,5	2,0	1,0	172	149
16850	69,38	0,0	55,48	3,1	298	149
16858	46,31	0,1	40,33	0,0	298	149
16860	45,31	0,1	39,33	0,0	296	149
16861	29,18	0,1	23,18	0,0	239	149
16862	5,1	5,1	2,4	1,0	170	149
16864	46,31	2,1	40,34	1,0	298	149
16866	50,32	2,1	40,33	1,0	296	149
16867	29,18	2,1	23,18	1,0	239	149
16868	5,1	0,0	2,3	3,0	170	149
16874	68,61	0,0	54,56	0,2	209	149
16875	49,40	0,1	38,37	0,0	159	149
16880	13,11	0,6	16,12	0,0	185	149
16881	30,23	2,1	22,30	1,3	247	149
16882	17,18	2,1	6,18	1,3	211	149
16884	140,132	3,4	132,102	4,2	249	149
16885	270,282	3,4	264,184	4,2	252	149
16886	149,164	19,14	140,90	8,8	152	149
16887	12,5	122,126	15,6	117,99	187	149
16888	3,1	135,103	1,2	126,109	180	149
16889	138,132	3,0	78,102	0,0	167	149
16892	255,237	0,2	221,215	0,0	206	149
16893	17,11	49,35	7,24	47,41	188	149
16894	1,2	104,66	5,1	60,61	273	149
16906	30,22	181,163	28,19	211,173	248	149
16907	54,39	2,7	49,30	7,5	267	149
16908	205,180	2,7	232,184	7,5	168	149
16909	638,542	11,19	597,584	18,9	191	149
16910	5,3	1546,1268	6,5	1437,1248	180	149
16911	0,2	1,0	3,2	0,0	199	149
16913	9,12	0,0	9,7	5,4	152	149
16914	14,13	36,51	15,5	54,41	193	149
16915	98,100	5,7	103,101	4,3	165	149
16916	69,46	1,2	39,51	7,1	200	149
16917	11,14	1,0	12,9	0,0	152	149
16921	47,49	1,4	21,40	0,7	170	149
16922	139,129	7,13	111,131	6,7	298	149
16923	113,75	0,1	79,109	1,3	298	149
16924	147,116	0,0	125,151	0,2	298	149
16925	10,12	61,42	8,11	45,52	209	149
16926	8,14	55,59	18,5	49,73	209	149
16927	51,52	1,1	68,33	0,1	179	149
16928	99,75	3,4	100,59	5,3	152	149
16929	16,22	0,0	18,20	1,0	233	149
16930	0,1	2,3	0,0	4,1	181	149
16931	7,7	173,216	8,2	149,160	298	149
16934	8,28	135,201	25,12	96,143	287	149
16935	68,75	0,2	51,46	0,0	198	149
16936	347,303	0,2	272,268	0,0	201	149
16937	4,6	7,2	6,4	0,1	222	149
16938	1376,1254	2,1	1399,1262	0,0	199	149
16939	9,19	3,3	4,15	3,6	298	149
16942	387,307	0,1	303,317	0,0	298	149
16943	480,435	139,95	466,418	107,123	186	149
16948	3,2	1,5	1,1	0,2	156	149
16950	5,3	130,93	12,4	150,102	215	149
16951	0,0	0,1	1,0	2,0	152	149
16953	154,121	2,0	137,121	6,0	244	149
16954	72,54	35,28	64,63	16,15	183	149
16955	6,3	18,9	1,9	17,18	189	149
16956	0,0	8,1	2,1	2,6	169	149
16957	18,12	2,1	9,13	1,1	153	149
16958	5,7	9,11	10,3	12,7	182	149
16961	291,291	89,51	313,292	63,76	230	149
16962	125,131	134,120	123,117	131,123	152	149
16963	10,11	134,120	7,18	131,123	164	149
16964	8,10	123,130	7,17	123,116	161	149
16966	0,0	2,3	2,1	0,2	259	149
16968	6,0	27,22	0,1	31,36	216	149
16969	219,189	58,65	162,196	54,55	155	149
16970	14,31	125,124	18,17	105,103	169	149
16971	125,101	9,11	99,101	14,16	298	149
16972	6,2	116,72	3,1	101,110	152	149
16978	8,7	12,4	2,13	6,2	298	149
16980	9,7	112,84	19,5	106,93	231	149
16988	8,3	3,2	4,1	1,1	152	149
16989	56,77	151,131	80,65	149,112	152	149
16990	14,8	9,5	17,7	5,2	152	149
16991	11,1	4,0	2,4	4,2	152	149
16992	95,91	2,5	85,75	11,3	152	149
16998	39,18	12,7	23,18	5,18	152	149
17001	73,86	22,39	65,79	35,23	181	149
17002	327,204	10,14	268,250	10,8	152	149
17003	17,5	116,103	11,11	128,108	152	149
17004	5,0	0,0	0,3	1,0	152	149
17007	45,38	26,28	44,30	23,16	298	149
17008	45,37	12,15	44,29	5,5	298	149
17009	46,36	20,20	42,29	9,13	298	149
17010	5,1	114,120	9,10	114,82	239	149
17011	457,410	3,5	455,419	4,0	154	149
17019	0,0	38,37	2,0	51,13	175	149
17023	3,9	0,1	4,1	0,1	213	149
17027	2,0	40,20	1,0	12,21	184	149
17028	2,0	40,20	1,0	12,21	191	149
17030	9,8	5,2	10,3	4,3	213	149
17031	3,1	4,4	0,0	2,3	200	149
17035	287,273	16,17	290,248	14,21	298	149
17036	672,580	20,18	712,671	17,24	298	149
17037	22,25	818,626	18,20	815,701	231	149
17038	23,18	2,0	26,13	0,0	159	149
17039	187,169	183,183	183,149	192,178	159	149
17040	22,33	102,102	15,10	84,60	275	149
17041	643,470	2,1	485,520	1,4	298	149
17042	3,0	1,0	2,2	1,0	298	149
17043	586,463	1,0	612,468	0,0	164	149
17045	128,123	200,210	104,91	218,208	298	149
17047	39,40	743,581	26,26	614,589	162	149
17048	524,522	1,0	469,424	0,0	153	149
17050	51,52	1,0	61,57	0,0	186	149
17052	3,6	64,69	11,11	65,53	191	149
17053	2,0	29,21	0,1	22,34	162	149
17054	3,0	23,28	1,2	45,25	165	149
17055	30,21	23,28	23,35	45,25	152	149
17060	17,6	411,336	15,11	389,337	185	149
17062	31,34	3,2	19,29	1,1	188	149
17065	101,84	16,8	86,71	7,5	155	149
17066	32,29	47,34	21,23	33,41	210	149
17073	9,6	19,15	9,5	15,8	175	149
17080	80,46	2,2	72,64	2,2	208	149
17081	15,13	17,6	11,15	24,15	152	149
17082	1,0	7,16	0,0	7,18	152	149
17083	3,0	23,25	2,4	24,13	152	149
17086	33,26	0,0	22,21	0,1	298	149
17088	13,18	0,3	17,8	5,7	152	149
17089	0,0	1,0	0,1	0,1	200	149
17090	25,40	2,2	18,14	0,0	242	149
17091	119,119	61,66	95,78	27,41	242	149
17092	131,129	26,33	154,142	14,41	152	149
17093	0,0	5,0	2,2	0,0	180	149
17095	32,37	1,0	36,22	0,0	298	149
17097	5,4	1,0	3,5	0,0	244	149
17099	5,4	2,0	3,5	0,0	244	149
17100	22,23	12,7	32,16	10,3	224	149
17104	63,39	3,1	47,56	0,0	153	149
17105	1,0	0,2	2,0	0,0	298	149
17111	2,0	0,2	5,2	0,0	298	149
17117	0,1	5,4	1,0	12,5	180	149
17119	2,1	5,5	2,0	0,5	188	149
17120	7,1	5,5	2,0	0,5	298	149
17121	5,1	0,1	3,0	2,0	297	149
17123	19,29	73,52	13,20	63,55	244	149
17124	15,12	0,1	16,13	1,1	175	149
17125	106,81	0,3	67,72	2,1	298	149
17126	22,19	0,0	9,17	1,0	298	149
17127	0,4	4,0	3,7	0,0	154	149
17128	0,10	5,7	4,8	6,10	207	149
17129	7,9	4,1	1,11	2,3	154	149
17131	1,3	4,3	6,3	5,2	152	149
17135	2,1	77,69	0,2	58,49	185	149
17136	24,19	223,173	23,20	158,166	236	149
17139	2,0	37,25	3,3	33,29	225	149
17141	45,24	0,2	23,27	0,0	153	149
17147	1,7	0,0	5,1	0,2	152	149
17156	1471,1418	4,14	1415,1315	4,11	298	149
17157	776,792	0,1	710,647	1,0	298	149
17158	19,29	1,0	52,13	0,0	298	149
17159	24,24	1,0	25,42	0,2	155	149
17162	0,1	0,0	3,0	0,1	173	149
17163	3,1	1,1	1,3	0,0	298	149
17165	3,0	2,0	3,3	0,0	298	149
17168	46,47	61,25	52,38	50,44	155	149
17169	5,7	0,2	5,8	0,5	298	149
17171	127,126	1,0	123,123	0,0	298	149
17172	6,5	195,131	1,0	175,158	298	149
17174	17,13	218,184	5,17	204,220	268	149
17176	360,269	2,0	226,216	0,0	298	149
17177	54,66	0,0	77,61	0,1	154	149
17178	23,18	104,85	14,15	64,73	298	149
17179	40,37	0,1	35,40	0,0	298	149
17180	129,114	0,1	90,107	0,0	233	149
17181	30,12	16,19	16,19	21,10	152	149
17183	16,8	32,36	8,6	24,46	152	149
17184	0,1	14,9	0,0	21,10	152	149
17185	20,28	1,0	16,15	1,2	188	149
17188	1,0	0,0	2,2	1,0	167	149
17189	542,433	0,0	475,473	0,1	160	149
17190	2,0	422,305	4,1	381,324	200	149
17194	0,0	18,18	1,0	26,15	176	149
17195	0,1	13,18	0,0	26,14	168	149
17196	3,4	0,0	6,2	0,3	184	149
17197	3,4	4,2	7,2	0,2	184	149
17199	106,104	0,1	84,73	0,1	271	149
17200	69,76	0,0	61,55	0,1	271	149
17201	9,8	4,4	6,7	0,1	188	149
17204	231,233	21,13	199,207	14,12	250	149
17206	13,12	152,111	10,6	108,102	298	149
17207	5,3	4,0	5,5	0,1	298	149
17208	21,20	0,1	12,15	2,2	161	149
17209	104,86	2,1	88,90	1,1	161	149
17218	14,3	16,10	1,11	10,8	152	149
17219	11,18	2,0	23,17	0,2	298	149
17220	16,20	0,2	22,15	2,6	298	149
17222	24,35	0,1	30,21	0,0	202	149
17226	7,3	0,0	0,1	4,0	155	149
17231	26,29	3,1	25,39	1,2	152	149
17232	66,35	1,3	48,40	1,1	152	149
17237	22,24	1,0	28,17	2,5	242	149
17238	5,11	40,30	0,0	20,31	249	149
17242	56,66	0,3	44,45	2,4	153	149
17244	8,8	14,12	4,6	8,8	195	149
17245	24,25	1,2	14,20	0,0	298	149
17246	9,5	8,5	13,0	4,5	298	149
17248	18,10	192,198	12,15	162,129	167	149
17249	338,296	13,6	283,329	10,10	291	149
17250	7,6	439,330	9,4	358,381	176	149
17251	32,24	436,318	27,29	371,354	198	149
17252	3,9	378,261	3,2	291,353	178	149
17257	45,62	2,7	30,31	2,2	183	149
17259	1,1	6,4	0,0	4,2	183	149
17267	0,0	0,1	1,0	0,0	152	149
17268	90,75	517,480	116,84	517,456	179	149
17269	5014,4037	1,10	4498,4356	10,16	241	149
17278	0,4	3,19	2,0	11,0	152	149
17280	0,2	1,0	5,5	1,0	298	149
17285	404,345	0,1	275,336	0,0	298	149
17286	13,6	1,0	14,13	0,0	298	149
17297	321,328	0,1	300,290	1,0	206	149
17299	4,6	0,0	1,3	1,0	160	149
17310	10,4	0,1	7,5	0,0	298	149
17312	9,4	4,0	5,3	5,3	181	149
17318	75,89	0,0	74,96	2,0	158	149
17332	0,0	1,2	1,0	0,1	185	149
17348	4,3	1,2	3,5	2,1	152	149
17349	5,4	0,1	3,5	0,2	152	149
17350	101,109	101,99	103,82	100,86	152	149
17352	1,0	0,0	3,3	1,0	298	149
17355	81,73	9,7	74,73	4,6	175	149
17357	161,191	0,0	141,132	1,0	185	149
17358	161,159	7,18	178,183	15,10	298	149
17360	3,1	0,0	0,0	1,0	260	149
17361	12,8	124,116	11,22	110,126	221	149
17362	154,160	9,8	186,177	0,7	298	149
17363	6,10	3,0	7,10	2,0	298	149
17364	2,2	0,0	3,1	1,0	162	149
17365	8,4	1,0	5,7	0,4	162	149
17366	159,163	0,1	161,138	0,0	298	149
17368	5,3	1,0	4,5	0,0	298	149
17369	2,3	1,0	2,5	0,0	277	149
17375	0,1	44,40	0,1	44,70	180	149
17376	51,43	6,7	62,37	2,15	203	149
17377	30,20	0,3	18,16	8,8	152	149
17378	43,49	0,0	31,46	4,0	278	149
17379	92,72	0,0	91,101	0,1	298	149
17390	1,4	2,3	7,2	0,4	152	149
17397	64,54	3,5	30,75	1,1	263	149
17398	1,0	60,65	0,0	49,47	197	149
17399	36,32	1,1	37,50	1,3	151	149
17400	2,0	0,0	0,0	0,2	261	149
17402	93,97	0,0	104,80	1,0	191	149
17403	30,32	0,0	48,19	1,0	280	149
17404	16,15	79,80	27,10	83,71	238	149
17405	3,8	79,80	7,7	83,71	206	149
17406	11,12	79,80	10,8	83,71	298	149
17409	7,5	10,6	2,2	18,3	298	149
17410	17,25	0,0	28,16	1,0	248	149
17411	0,1	0,0	2,0	1,0	298	149
17413	6,9	2,1	9,7	7,0	238	149
17414	10,1	123,95	5,7	128,95	298	149
17420	35,22	1,0	34,29	1,0	186	149
17421	6,9	0,2	9,7	0,0	238	149
17426	0,0	1,2	2,0	2,2	228	149
17427	2,0	1,2	2,0	2,2	231	149
17428	0,0	1,2	4,1	2,2	298	149
17429	0,0	1,2	5,2	2,2	298	149
17433	0,0	2,0	2,1	0,0	235	149
17434	0,0	2,0	3,2	0,0	298	149
17436	0,1	1,2	0,0	2,2	177	149
17437	0,0	1,2	2,0	2,2	222	149
17438	0,0	0,1	2,0	0,0	194	149
17439	0,0	0,1	2,0	0,0	200	149
17440	2,0	0,1	2,0	0,0	203	149
17441	0,0	0,1	4,1	0,0	289	149
17442	0,0	0,1	5,2	0,0	298	149
17447	5,3	2,1	7,8	0,2	154	149
17448	11,5	3,4	12,10	0,0	154	149
17451	5,3	0,1	7,9	0,0	154	149
17452	5,5	7,2	7,9	0,0	154	149
17453	90,77	25,22	83,83	25,33	154	149
17463	175,166	1,0	161,140	1,0	174	149
17467	170,125	2,0	135,120	4,2	153	149
17468	17,5	2,0	11,16	4,2	177	149
17469	8,1	161,121	2,5	126,109	173	149
17478	2,2	3,8	2,0	13,6	181	149
17479	33,54	9,10	36,32	2,8	152	149
17483	4,13	0,2	2,9	0,0	298	149
17485	65,60	334,259	51,53	280,309	287	149
17486	127,117	16,21	125,135	18,10	298	149
17487	404,324	16,21	364,400	18,10	180	149
17489	235,184	1,5	200,166	1,0	190	149
17490	40,33	1,0	46,25	0,0	190	149
17495	1170,951	0,0	1032,910	1,0	289	149
17496	33,22	763,651	38,25	648,627	197	149
17498	16,8	8,6	19,17	15,24	232	149
17500	17,19	4,13	15,14	4,6	298	149
17503	25,25	4,13	30,38	4,6	298	149
17505	17,19	4,13	15,14	4,6	298	149
17506	17,19	4,13	15,14	4,6	219	149
17507	162,123	2,0	154,171	0,0	204	149
17508	8,7	196,130	2,4	150,165	298	149
17509	2,2	44,50	7,2	47,45	163	149
17512	5,3	0,0	7,9	0,2	298	149
17513	10,6	141,89	11,8	115,138	298	149
17514	30,20	1,0	24,22	0,0	298	149
17515	161,103	1,0	128,152	0,0	158	149
17516	128,103	0,2	126,117	1,0	298	149
17517	2,0	1,0	2,0	2,3	223	149
17521	47,45	0,0	55,34	0,1	298	149
17522	2,3	61,38	2,2	43,39	238	149
17529	313,213	1,0	221,228	1,0	154	149
17530	252,179	0,0	188,161	0,2	262	149
17531	426,294	12,16	298,290	8,15	262	149
17535	0,0	952,766	2,2	778,693	176	149
17536	1075,762	0,1	923,900	1,0	154	149
17537	14,24	816,591	16,18	745,708	172	149
17538	53,43	4,0	48,25	0,0	204	149
17539	20,36	3,0	26,30	0,0	158	149
17543	92,89	1,0	71,68	0,1	176	149
17545	2,0	0,0	0,0	1,0	152	149
17546	3,5	5,4	3,2	2,6	217	149
17547	8,2	0,0	3,1	2,1	298	149
17548	123,96	1,1	96,72	3,3	221	149
17549	61,53	2,1	58,52	0,2	219	149
17550	116,104	8,0	103,101	2,2	221	149
17552	0,1	49,44	0,0	62,38	175	149
17554	114,83	1,2	105,77	0,1	197	149
17564	1,3	0,1	2,3	0,0	181	149
17565	140,148	0,1	121,117	0,0	221	149
17568	24,17	2,0	34,15	0,0	179	149
17569	304,276	2,0	264,211	0,0	191	149
17570	282,260	2,1	238,196	8,0	161	149
17571	580,591	11,18	557,484	16,13	239	149
17572	16,16	337,375	11,6	325,289	182	149
17573	39,33	320,295	32,25	266,287	152	149
17574	28,30	320,295	20,19	266,287	203	149
17575	36,33	320,295	27,22	266,287	224	149
17576	23,24	34,27	16,17	28,23	200	149
17577	31,27	34,27	23,20	28,23	221	149
17578	8,4	0,1	7,4	0,1	170	149
17579	13,11	41,40	11,7	40,29	152	149
17582	4,3	260,247	8,5	213,185	184	149
17583	0,2	9,12	0,0	2,9	220	149
17584	219,204	4,4	176,219	1,4	152	149
17585	18,15	2,2	11,12	3,4	152	149
17586	13,11	2,2	8,9	3,4	198	149
17587	0,6	5,10	7,3	10,6	195	149
17588	133,109	51,52	116,119	45,58	152	149
17590	33,26	6,0	28,20	0,1	298	149
17591	0,0	44,30	0,2	26,40	161	149
17596	2,2	1,3	8,1	6,12	211	149
17597	5,3	1,3	2,4	6,12	290	149
17598	4,2	1,1	0,3	6,0	228	149
17599	0,0	1,0	1,0	0,0	182	149
17602	0,0	19,17	2,0	26,21	169	149
17609	136,84	3,1	98,91	6,4	298	149
17614	135,113	1,0	144,103	0,0	177	149
17616	390,322	5,4	318,302	9,1	172	149
17617	307,227	1,1	285,273	0,1	151	149
17620	3,2	53,24	2,1	35,44	181	149
17621	51,42	0,1	48,32	2,0	197	149
17622	33,22	0,0	25,26	1,0	197	149
17623	82,64	0,0	91,60	1,1	154	149
17630	0,0	0,1	2,1	0,0	298	149
17631	0,0	0,1	2,1	0,0	298	149
17640	2,0	1,0	2,0	0,1	298	149
17642	7,15	2,2	7,10	0,0	298	149
17643	3,6	2,2	5,4	0,0	298	149
17644	2,1	4,9	3,0	2,6	166	149
17645	0,4	8,10	1,0	12,7	169	149
17648	264,231	15,11	176,149	15,7	298	149
17649	9,3	15,11	4,9	15,7	298	149
17650	2,2	0,0	0,3	0,3	168	149
17651	0,0	2,2	2,3	0,0	245	149
17654	0,2	4,0	1,0	2,1	202	149
17655	117,113	1,3	75,89	3,0	298	149
17656	238,211	2,3	225,193	1,0	202	149
17657	758,697	14,23	712,709	13,13	201	149
17658	43,25	0,0	51,29	0,2	272	149
17659	161,115	0,0	98,104	2,0	170	149
17660	2,1	10,12	2,6	7,14	298	149
17661	2,2	74,70	3,6	73,79	298	149
17669	2,0	0,1	3,8	0,0	298	149
17672	12,4	51,40	8,6	39,44	252	149
17673	20,12	1,0	15,13	0,2	187	149
17675	14,32	0,1	15,12	1,0	298	149
17687	7,3	0,0	4,7	2,0	185	149
17688	13,10	566,556	4,5	462,470	164	149
17689	381,427	2,6	321,319	4,12	167	149
17690	827,808	0,0	715,743	0,1	298	149
17692	777,702	4,4	707,669	2,3	161	149
17693	19,13	0,2	19,19	2,1	174	149
17694	313,249	0,1	260,279	0,0	158	149
17695	310,249	9,1	235,259	3,7	164	149
17696	966,728	0,1	780,721	0,0	298	149
17700	339,244	1,4	298,289	2,3	248	149
17701	188,145	1,0	155,158	2,4	248	149
17703	33,39	1,2	39,45	2,0	152	149
17715	75,63	0,0	82,53	3,2	152	149
17719	151,103	19,15	103,96	17,9	298	149
17720	107,88	0,2	85,106	0,0	206	149
17723	544,418	3,3	538,469	10,2	261	149
17725	66,70	61,54	47,49	48,43	185	149
17729	114,125	19,30	102,96	29,46	155	149
17732	70,62	151,100	55,67	122,147	298	149
17733	6,7	377,326	3,10	392,321	166	149
17734	22,21	312,286	22,23	308,271	177	149
17737	109,52	5,6	96,73	3,0	298	149
17738	1,0	105,117	1,2	126,135	172	149
17739	126,117	0,0	140,110	1,5	155	149
17740	122,124	1,0	122,101	0,2	298	149
17751	480,427	89,77	407,310	44,52	152	149
17753	26,37	2,4	17,23	2,2	152	149
17754	12,19	7,1	11,9	4,3	152	149
17755	97,80	3,2	84,63	6,1	160	149
17756	3,2	2,0	7,1	0,0	239	149
17758	1,0	1,2	1,0	1,2	205	149
17759	76,52	0,0	65,72	0,2	156	149
17766	0,8	0,0	1,3	0,1	153	149
17770	7,6	373,325	8,9	342,356	204	149
17771	1,2	485,394	3,1	394,371	298	149
17773	9,5	0,0	11,10	2,0	161	149
17774	9,5	0,1	11,11	0,0	161	149
17775	9,6	1,0	12,9	0,0	161	149
17776	78,58	90,47	101,93	67,60	161	149
17779	94,70	6,4	80,84	0,6	153	149
17785	2817,2210	1,0	2343,2645	4,0	151	149
17786	4,0	64,90	9,3	83,67	173	149
17797	0,4	0,1	4,0	0,0	185	149
17798	15,15	56,48	16,8	59,44	218	149
17799	7,3	236,250	8,0	204,233	236	149
17800	25,18	1,0	15,26	0,0	175	149
17801	20,24	8,5	21,34	2,6	175	149
17802	30,31	8,5	24,32	2,6	209	149
17803	13,15	3,8	9,13	6,15	183	149
17810	6,3	13,12	5,6	16,19	261	149
17811	12,8	3,1	17,17	1,1	298	149
17812	19,17	3,1	28,30	1,1	191	149
17813	2,0	0,0	0,0	2,0	152	149
17814	19,6	15,9	9,18	10,7	152	149
17815	4,5	0,0	1,2	0,4	152	149
17816	3,0	0,1	4,3	1,4	152	149
17817	26,18	2,6	23,24	1,0	152	149
17827	37,26	7,13	28,16	4,11	167	149
17829	8,6	0,0	5,5	2,4	152	149
17834	0,2	1,0	0,3	0,2	231	149
17835	0,1	1,0	0,1	0,2	217	149
17849	181,138	4,0	135,111	2,0	298	149
17855	331,317	7,2	305,341	2,2	298	149
17861	1243,1077	248,226	1269,1168	194,210	185	149
17862	992,817	264,236	854,804	303,212	152	149
17863	27,22	2,1	13,22	2,1	152	149
17864	233,209	1,0	234,244	0,0	185	149
17865	29,32	1,5	23,26	6,4	152	149
17866	19,15	3,0	17,18	0,2	152	149
17871	17,18	37,55	14,18	32,35	253	149
17873	412,237	3,1	355,310	12,2	153	149
17874	54,26	332,262	29,32	329,313	188	149
17875	0,1	0,2	0,0	2,6	189	149
17876	12,3	229,183	6,5	252,206	171	149
17877	2,4	1,0	4,4	0,0	152	149
17878	317,277	68,52	272,277	67,77	152	149
17883	0,1	23,13	0,3	18,6	298	149
17885	4,0	0,2	1,1	2,2	272	149
17887	64,74	0,0	50,46	0,2	298	149
17888	18,16	0,0	11,26	1,0	228	149
17889	46,41	21,11	29,41	17,28	152	149
17891	82,78	1,2	110,97	2,2	298	149
17892	6,4	11,6	15,14	4,6	298	149
17893	106,83	1,0	103,84	0,0	298	149
17894	4,9	98,77	9,2	98,78	228	149
17895	79,88	15,4	78,90	2,5	153	149
17896	10,8	1,0	6,7	1,4	298	149
17897	5,5	0,2	0,7	0,0	154	149
17898	6,5	2,1	9,3	1,0	153	149
17899	30,34	2,1	29,33	1,0	298	149
17900	28,34	4,4	26,32	6,2	298	149
17901	63,49	10,12	39,61	12,20	154	149
17902	6,9	0,1	3,10	2,2	154	149
17908	18,12	3,0	18,12	0,0	178	149
17909	44,47	2,0	64,45	0,0	178	149
17910	0,4	2,0	4,5	0,1	152	149
17911	21,14	10,11	28,21	5,9	152	149
17916	0,1	1,0	0,0	2,0	170	149
17918	337,320	2,2	317,322	4,9	244	149
17919	96,88	10,4	109,100	21,18	152	149
17921	174,156	0,1	182,146	0,0	223	149
17922	526,489	0,0	452,481	2,2	298	149
17925	32,29	3,6	41,20	6,5	152	149
17927	0,1	7,12	0,0	8,13	175	149
17930	26347,23470	55,50	23940,22615	59,60	257	149
17931	9141,7856	55,50	8172,7520	59,60	288	149
17932	170,118	17376,15732	151,161	15919,15256	180	149
17933	8979,7752	1,1	8029,7372	2,0	257	149
17934	9210,7956	1,1	8251,7575	2,0	288	149
17935	239,218	8,14	230,216	8,13	180	149
17936	134,104	1,1	125,133	0,0	180	149
17937	11106,9745	0,2	10154,10021	0,0	298	149
17938	18167,15558	2,1	16269,15980	1,4	209	149
17939	166,147	0,0	171,179	1,0	298	149
17946	9,4	164,148	5,9	123,164	172	149
17948	74,53	0,0	45,53	0,1	298	149
17949	68,49	0,0	34,48	0,1	298	149
17950	12,9	37,42	6,8	28,32	152	149
17951	12,12	2,0	7,10	0,1	156	149
17952	37,45	2,0	29,34	0,1	153	149
17953	101,110	100,71	101,93	82,91	152	149
17954	3,4	1,0	4,1	0,0	152	149
17955	654,563	1,0	530,518	0,0	224	149
17956	498,414	7,14	468,407	6,7	221	149
17957	234,193	2,7	218,187	2,1	221	149
17958	273,242	2,2	225,234	0,4	298	149
17959	290,241	6,2	240,236	0,0	298	149
17968	14,7	2,0	6,6	0,0	159	149
17970	6,0	0,1	11,6	0,1	298	149
17971	6086,4717	0,0	5303,4883	3,0	176	149
17972	7919,6597	9,7	7200,6678	6,8	207	149
17973	4406,3410	3,2	4178,3880	1,9	298	149
17979	45,55	6,12	39,39	7,3	158	149
17980	688,592	3,4	651,667	7,6	298	149
17981	419,391	0,1	376,451	2,2	166	149
17984	10,11	222,186	13,11	215,209	298	149
17985	3,1	0,0	1,2	0,1	175	149
17986	1,1	0,0	5,3	0,1	175	149
17987	5,8	0,1	9,7	0,0	180	149
17998	152,105	15,8	155,153	17,6	265	149
17999	168,171	6,11	172,128	6,15	298	149
18010	0,5	0,1	2,3	2,1	234	149
18012	0,4	3,4	5,2	1,0	175	149
18014	86,65	3,3	65,60	1,0	284	149
18015	40,33	3,3	43,28	1,0	298	149
18016	1,1	47,33	0,0	22,32	298	149
18017	38,25	1,0	28,18	0,0	298	149
18018	9,14	25,25	21,11	15,12	152	149
18019	3,0	0,1	0,6	6,0	155	149
18020	25,20	183,230	19,17	192,142	167	149
18021	69,57	3,2	72,74	0,0	182	149
18022	279,291	6,2	264,290	0,1	182	149
18023	53,44	5,0	68,37	1,0	182	149
18024	270,284	19,22	241,197	29,9	154	149
18025	0,8	0,3	0,0	3,1	257	149
18026	21,6	0,2	14,14	1,0	185	149
18027	32,28	4,1	31,30	2,0	224	149
18028	41,37	0,0	36,41	0,1	233	149
18029	11,24	4,1	18,16	2,0	188	149
18030	20,33	0,0	23,27	0,1	197	149
18031	13,10	0,0	7,11	0,1	158	149
18033	36,30	0,0	35,34	1,0	298	149
18034	200,157	6,7	161,148	2,9	298	149
18035	230,185	2,0	192,178	4,5	298	149
18036	37,35	2,0	33,39	4,5	224	149
18038	120,82	13,11	98,87	15,14	185	149
18039	131,104	22,18	115,103	21,26	224	149
18041	8,2	13,11	7,6	15,14	170	149
18042	19,24	22,18	24,22	21,26	209	149
18044	24,33	22,18	32,30	21,26	188	149
18047	170,149	57,54	141,120	30,41	200	149
18056	2,1	0,0	0,1	2,1	198	149
18057	7,8	91,73	7,14	75,84	152	149
18058	87,103	2,0	105,89	2,0	179	149
18059	423,396	2,0	415,377	2,0	188	149
18060	121,131	2,0	134,116	2,0	206	149
18061	336,295	0,2	312,288	2,0	158	149
18062	34,30	0,2	31,27	2,0	176	149
18063	4,2	306,267	2,3	283,264	167	149
18064	5,5	6,7	7,5	1,1	192	149
18077	5,4	132,101	4,13	129,140	212	149
18078	4,8	70,68	6,13	89,62	212	149
18082	7,4	140,114	6,5	109,100	215	149
18088	1,3	124,114	0,0	93,113	191	149
18089	1,2	8,5	1,0	10,12	191	149
18090	3,3	299,225	5,4	243,245	173	149
18091	96,77	0,0	98,86	3,0	205	149
18093	392,299	0,0	336,327	3,0	181	149
18094	80,48	0,0	53,54	3,0	170	149
18095	0,0	324,302	1,0	282,245	174	149
18096	1,1	235,192	1,0	251,220	176	149
18097	329,256	0,0	296,314	2,0	298	149
18098	170,161	1,1	226,197	2,0	182	149
18099	18,10	178,143	11,8	201,160	298	149
18100	242,172	1,0	202,197	2,1	153	149
18101	228,131	0,0	150,160	1,1	161	149
18102	1,2	0,0	0,4	1,0	298	149
18103	3,0	102,80	2,2	107,96	298	149
18107	5,2	193,159	5,2	207,167	176	149
18108	152,149	29,15	159,111	25,21	152	149
18109	6,5	69,40	3,5	27,35	175	149
18110	73,61	2,1	77,74	2,1	152	149
18111	5546,4742	1,4	5211,5182	1,4	298	149
18114	0,0	2616,2317	1,0	2549,2471	172	149
18115	2153,1549	3,0	2147,1899	1,2	298	149
18116	2715,1993	0,0	2489,2306	1,0	298	149
18117	81,83	2,0	107,85	0,1	298	149
18118	3306,2566	11,3	2970,2764	7,2	194	149
18119	839,624	11,3	694,657	7,2	298	149
18120	65,48	2527,1986	82,53	2347,2155	298	149
18121	0,0	42,34	0,1	30,44	173	149
18122	3,2	5,5	5,7	4,1	186	149
18126	1,3	51,57	10,7	53,59	184	149
18129	123,87	2,0	109,129	2,1	235	149
18131	4,1	1,2	3,4	0,3	179	149
18132	9,2	2,4	3,6	14,2	179	149
18139	6,6	40,27	24,11	46,29	276	149
18151	61,51	4,2	48,25	1,2	266	149
18152	24,24	0,1	20,22	0,0	152	149
18153	36,25	2,5	23,26	1,3	152	149
18155	1,1	2,0	2,0	0,4	156	149
18156	0,2	0,0	0,0	1,0	172	149
18157	43,39	1585,1406	28,30	1473,1362	173	149
18158	10,12	1365,1185	7,6	1334,1269	160	149
18162	273,199	2,0	215,230	0,0	176	149
18163	278,199	9,8	227,225	4,3	176	149
18164	782,690	1,0	680,694	4,1	176	149
18166	4,0	64,53	1,1	45,35	165	149
18167	427,302	0,0	324,326	2,0	224	149
18168	16,7	7,2	10,11	4,1	298	149
18169	80,70	117,76	72,86	139,94	200	149
18170	6,33	2,0	16,10	0,0	179	149
18171	0,0	8,0	1,3	3,2	151	149
18172	7,5	7,0	10,5	4,3	153	149
18177	845,808	1060,1027	831,724	1009,943	152	149
18178	13,10	1060,1027	16,9	1009,943	298	149
18179	10,7	842,805	8,5	823,720	298	149
18180	3,3	3,1	8,6	0,1	152	149
18181	3,0	1,0	9,3	0,0	152	149
18185	0,1	0,0	2,0	1,0	298	149
18192	2,3	22,32	2,2	40,28	190	149
18193	0,0	257,271	0,2	185,169	168	149
18194	229,204	16,4	189,183	6,8	297	149
18195	486,475	16,4	374,350	6,8	278	149
18196	271,282	1,0	265,255	0,0	298	149
18197	369,399	1,2	344,310	0,0	284	149
18199	4,2	590,450	2,2	460,411	166	149
18201	3,0	1,2	0,0	2,0	276	149
18202	9,5	401,260	13,21	339,303	167	149
18203	128,79	2,3	120,119	2,2	226	149
18204	520,334	2,3	446,401	2,2	208	149
18205	19,26	606,510	21,23	569,544	171	149
18206	611,510	0,0	569,547	2,0	298	149
18207	532,485	2,1	517,520	6,0	156	149
18208	355,258	3,6	349,296	2,7	152	149
18210	0,1	0,0	3,2	0,1	154	149
18215	337,274	11,10	256,292	19,9	266	149
18220	655,562	3,2	494,419	6,0	298	149
18221	0,1	0,2	0,3	1,1	152	149
18222	245,229	9,7	191,186	9,9	152	149
18228	12,26	12,10	19,21	20,5	227	149
18229	120,117	0,0	108,109	2,0	298	149
18230	45,44	152,168	46,54	149,126	298	149
18231	3,9	72,113	5,3	93,70	197	149
18238	35,39	50,63	47,23	55,51	152	149
18240	6,1	1,0	7,4	0,2	178	149
18242	295,248	12,6	246,235	1,3	182	149
18243	317,266	37,19	267,262	22,37	191	149
18244	34,24	37,19	22,30	22,37	158	149
18245	362,380	40,29	323,339	36,26	197	149
18246	132,128	9,8	118,84	17,16	200	149
18247	255,231	79,98	264,220	69,71	200	149
18251	128,177	4,1	124,132	1,4	298	149
18252	21,15	9,9	12,11	15,8	170	149
18253	19,10	4,7	8,7	3,9	170	149
18254	72,58	1,1	62,48	0,1	295	149
18255	0,0	551,497	0,2	557,454	170	149
18258	115,86	7,8	83,86	9,10	298	149
18259	2,0	1,0	2,0	0,2	152	149
18261	79,72	2,0	55,68	1,0	179	149
18263	11,4	92,88	7,2	60,76	163	149
18264	47,52	105,111	34,34	74,73	253	149
18265	52,85	2,0	45,59	0,0	246	149
18267	59,111	0,0	67,69	2,0	246	149
18268	43,67	0,0	43,50	2,0	241	149
18270	3,11	330,255	7,1	312,299	175	149
18271	0,6	4,7	6,0	5,3	175	149
18272	3,1	352,233	1,2	319,242	186	149
18273	21,19	4,0	9,14	0,1	298	149
18275	20,17	62,51	23,27	42,40	249	149
18276	17,12	4,4	19,25	8,0	249	149
18277	30,19	230,173	19,17	186,189	223	149
18278	1,2	51,71	7,2	24,54	250	149
18279	0,0	36,27	0,1	35,23	174	149
18280	57,30	0,1	38,46	0,0	298	149
18281	38,21	0,1	31,33	0,0	298	149
18282	0,2	19,11	2,0	9,13	151	149
18285	58,65	124,71	51,42	97,78	152	149
18286	5,4	1,1	1,5	4,3	152	149
18290	32,39	2,0	19,13	2,1	298	149
18294	16,10	1,5	15,27	8,6	237	149
18295	31,47	5,2	47,43	3,1	298	149
18296	74,63	0,0	74,62	2,0	298	149
18308	627,544	3,0	604,516	0,1	160	149
18309	7,6	1,0	0,2	0,0	153	149
18310	2,5	1,0	6,6	0,0	269	149
18311	2,7	1,0	9,5	0,0	298	149
18312	2,5	7,6	6,6	0,2	265	149
18313	2,8	7,6	9,6	0,2	298	149
18314	0,3	0,0	3,5	0,1	189	149
18315	682,621	0,0	593,552	1,0	298	149
18316	688,619	8,0	599,549	1,2	152	149
18319	41,28	568,490	28,32	500,430	168	149
18320	15,10	0,0	14,18	1,0	155	149
18321	488,477	2,3	451,404	1,2	184	149
18322	65,67	0,1	69,38	1,0	199	149
18327	2,1	1,0	2,0	0,0	293	149
18329	2,0	0,0	0,1	1,0	204	149
18330	4,0	3,0	1,1	0,0	204	149
18335	1,0	1,0	4,7	0,0	154	149
18345	355,352	0,1	380,298	4,3	153	149
18347	8,2	0,0	6,9	0,2	229	149
18348	9,6	824,590	6,11	657,609	229	149
18349	2,0	3,0	3,2	0,0	284	149
18350	13,11	41,46	8,7	45,40	298	149
18351	14,11	41,46	5,5	45,40	166	149
18352	39,21	2,2	30,26	2,0	153	149
18353	24,33	903,720	25,25	809,713	180	149
18354	62,54	4,4	53,49	1,3	184	149
18355	941,741	4,4	837,737	1,3	153	149
18357	23,16	1175,880	15,20	934,810	169	149
18358	47,42	1047,811	43,45	932,757	169	149
18359	0,1	7,6	0,1	12,4	185	149
18360	3,3	0,1	10,0	3,0	298	149
18361	4,2	1,1	10,2	0,2	298	149
18362	1,1	1,1	5,2	0,2	187	149
18363	0,3	0,0	0,3	2,0	298	149
18368	433,445	0,0	494,450	1,0	298	149
18369	51,54	12,5	43,61	5,5	298	149
18370	38,41	3,0	29,41	3,0	298	149
18371	466,498	2,0	412,373	0,0	298	149
18372	89,105	694,676	80,76	647,614	230	149
18373	106,109	694,676	88,85	647,614	252	149
18374	28,18	11,14	19,21	11,12	171	149
18375	78,91	0,7	69,66	1,0	230	149
18376	94,100	0,7	84,76	1,0	252	149
18377	16,9	0,0	15,12	0,2	171	149
18378	27,22	171,173	33,28	162,149	218	149
18379	59,61	0,0	61,43	0,1	298	149
18380	4,2	2,0	5,4	0,0	184	149
18381	638,469	5,2	553,577	0,1	152	149
18382	356,281	1,5	416,368	1,2	298	149
18383	265,245	5,6	291,272	4,6	298	149
18384	25,16	0,2	40,21	1,0	298	149
18386	123,113	4,1	123,111	0,1	152	149
18387	112,79	4,0	117,126	1,1	168	149
18388	103,78	2,0	95,96	1,4	153	149
18389	2,5	0,0	5,6	1,0	153	149
18393	162,145	1,0	144,124	0,2	186	149
18394	3,0	93,93	2,1	78,110	185	149
18395	2,0	89,68	0,0	83,87	174	149
18396	0,4	2,0	4,0	2,0	153	149
18398	1,5	2,3	3,2	0,1	196	149
18403	15,12	291,239	16,5	292,262	298	149
18404	270,242	0,4	224,249	1,0	298	149
18405	318,272	1,2	314,287	0,0	158	149
18406	346,263	2,0	314,258	0,0	153	149
18407	15,8	0,2	10,18	0,0	153	149
18409	469,397	0,1	432,378	0,0	218	149
18411	3,4	82,101	3,1	90,85	298	149
18412	274,240	81,68	201,228	80,50	152	149
18421	35,33	3,0	32,37	3,3	298	149
18422	55,51	480,354	39,47	415,392	180	149
18428	0,0	4,7	0,2	9,4	169	149
18432	4,5	0,0	10,3	0,1	298	149
18436	250,182	4,2	245,231	2,3	153	149
18437	724,687	42,25	715,611	26,16	182	149
18438	2,3	1,0	5,6	0,1	152	149
18439	1,2	1,0	3,2	0,1	152	149
18440	32,30	5,2	45,26	4,6	202	149
18442	93,76	0,0	86,61	2,0	298	149
18443	2,1	6,13	0,1	9,8	298	149
18447	6,2	64,53	6,6	58,74	295	149
18448	246,273	20,28	251,219	29,23	223	149
18449	11,17	65,85	10,5	81,75	166	149
18450	2,0	0,0	6,4	1,0	153	149
18455	0,0	5,9	1,2	8,11	192	149
18456	21,21	0,2	19,26	0,0	298	149
18457	5,9	3,2	3,6	2,3	159	149
18458	40,29	198,199	31,22	207,174	161	149
18461	0,0	3,0	1,1	1,2	298	149
18462	18,19	1,0	14,19	1,0	170	149
18463	2,2	1,0	7,10	1,2	230	149
18465	12,11	0,1	9,17	0,0	298	149
18466	1,0	12,9	0,0	9,15	167	149
18467	14,6	12,9	4,4	9,15	211	149
18468	14,6	1,0	4,4	0,0	193	149
18469	1,0	0,0	0,2	2,0	298	149
18470	14,8	0,0	21,15	2,0	298	149
18471	0,0	14,8	1,2	21,15	214	149
18473	12,12	9,4	17,13	2,1	164	149
18474	146,134	1,0	196,168	0,1	164	149
18475	939,931	0,0	949,900	3,5	176	149
18476	493,532	5,4	544,570	2,2	298	149
18478	19,15	5803,4608	15,17	4988,4692	180	149
18479	16,22	0,0	18,5	0,3	243	149
18480	132,94	3,4	132,136	0,5	153	149
18490	2,2	14,6	0,0	5,2	179	149
18491	98,67	15,18	76,71	25,21	153	149
18492	9,7	18,6	7,6	23,8	185	149
18493	6,8	0,2	9,7	0,1	153	149
18494	456,376	0,4	461,411	7,0	153	149
18495	302,278	4,1	297,267	1,2	161	149
18496	92,106	1,0	120,96	0,0	191	149
18497	494,429	11,5	495,441	13,8	191	149
18498	102,125	2,1	131,102	5,2	191	149
18500	1,1	2,3	0,2	4,6	168	149
18501	0,0	23,17	1,0	14,42	182	149
18502	3,1	267,219	3,2	254,212	188	149
18503	26,18	267,219	16,44	254,212	155	149
18506	46,32	1,4	49,55	3,4	152	149
18510	658,624	18723,16751	577,656	18136,18589	197	149
18511	13709,12783	0,0	13408,12018	1,2	237	149
18512	18842,17549	24,14	18360,19091	9,21	183	149
18513	149,134	3,2	129,128	0,1	282	149
18520	24,18	0,0	11,18	5,1	152	149
18521	341,271	0,1	273,297	0,0	162	149
18522	320,250	0,0	252,286	1,4	298	149
18523	12,2	248,197	3,4	216,196	170	149
18528	44,41	1,0	42,21	2,0	152	149
18532	48,27	128,91	38,32	120,94	298	149
18533	5,2	1,0	5,6	0,0	193	149
18534	16,5	106,111	15,25	104,123	193	149
18538	57,39	1620,1361	39,28	1439,1215	298	149
18539	226,205	4,2	133,151	2,1	298	149
18540	27,33	58,67	10,16	79,54	201	149
18541	28,33	67,59	15,16	70,48	204	149
18542	59,67	67,59	84,54	70,48	152	149
18543	107,141	0,3	138,89	0,0	298	149
18544	6,6	134,131	2,4	163,149	298	149
18547	69,37	1287,1118	43,63	1047,1088	233	149
18553	92,81	0,0	70,52	3,3	298	149
18554	33,16	0,1	22,20	0,0	153	149
18556	486,395	6,3	455,448	5,2	205	149
18557	129,98	1,3	112,106	0,1	205	149
18558	337,346	0,0	315,295	0,1	298	149
18559	81,66	4,3	87,71	3,5	298	149
18560	6513,5075	7,0	6421,6013	7,3	298	149
18561	87,71	5,2	85,64	2,3	298	149
18562	5502,4536	1,3	5132,5108	0,0	298	149
18563	592,410	12,20	587,562	7,6	298	149
18564	591,417	1722,1302	593,566	1762,1542	298	149
18566	3,0	19,26	1,0	20,23	172	149
18567	1,1	26,22	0,0	15,22	250	149
18568	4,3	15,5	1,2	9,15	181	149
18570	0,2	37,22	0,0	17,16	172	149
18574	2,4	0,0	0,0	0,4	218	149
18576	2,2	158,112	0,1	122,94	172	149
18577	239,229	1,1	232,188	0,1	222	149
18578	2,0	200,132	0,0	156,136	165	149
18581	48,39	3,0	43,26	4,0	186	149
18582	159,136	1,0	154,114	4,0	190	149
18583	30,17	1,0	38,25	0,0	190	149
18584	140,117	1,0	145,116	0,0	298	149
18585	114,100	0,0	109,91	2,0	298	149
18586	30,17	1,0	36,25	0,0	190	149
18587	2,2	93,74	0,1	60,71	173	149
18588	2,2	14,12	0,1	22,17	173	149
18589	2,2	21,8	0,1	19,9	173	149
18590	15,20	3,4	16,17	3,2	186	149
18591	19,37	4,0	29,34	2,4	186	149
18592	10,19	0,0	16,18	2,0	298	149
18593	7,8	0,1	8,2	0,0	170	149
18594	29,19	3,0	14,7	0,0	251	149
18597	2,0	2,0	0,2	0,0	298	149
18602	190,175	0,0	157,155	3,0	298	149
18609	154,143	4873,4159	155,155	4243,4333	182	149
18610	6,10	6737,5351	9,14	5825,5752	187	149
18611	3955,3443	2,10	3514,3466	4,3	229	149
18613	11,11	196,135	14,15	173,192	165	149
18614	13,12	0,3	29,30	1,0	162	149
18615	150,95	3187,2879	144,171	2718,3038	182	149
18616	137,86	3187,2879	116,141	2718,3038	169	149
18617	822,725	2,1	758,740	0,2	170	149
18618	3503,3169	0,1	2949,3307	0,0	153	149
18619	11,21	5,1	25,13	3,0	155	149
18624	61,56	6979,5970	64,59	6125,6185	167	149
18625	37,26	0,1	60,33	0,1	172	149
18626	55,47	0,2	85,50	9,2	183	149
18627	18,22	0,2	25,18	9,2	160	149
18632	5,10	1962,1736	0,4	1816,1704	298	149
18635	34,24	144,139	26,26	105,110	298	149
18637	3,0	0,0	0,2	2,0	298	149
18643	43,44	1447,1155	50,50	1248,1225	174	149
18644	72,63	7,0	77,80	0,4	298	149
18645	1268,1110	0,0	1309,1244	2,0	298	149
18646	1507,1002	0,2	1266,1147	5,1	298	149
18647	37,31	1,0	31,31	1,0	298	149
18648	30,21	1,2	31,27	0,0	298	149
18649	33,21	2,0	30,27	5,3	298	149
18652	1984,1457	0,0	1707,1554	1,3	249	149
18653	926,672	1,0	759,691	6,8	249	149
18656	4,3	53,52	6,8	47,72	229	149
18658	10,15	1,0	13,4	0,0	241	149
18659	33,34	1,0	22,18	0,0	241	149
18664	429,299	12,14	337,274	14,21	178	149
18665	113,88	27,30	104,104	35,34	298	149
18671	1,0	10,5	0,0	9,8	298	149
18672	14,9	1,0	17,15	0,0	229	149
18675	3,1	10,5	0,2	11,4	161	149
18676	11,7	2,0	6,5	0,0	298	149
18684	1,0	8,9	1,0	9,2	229	149
18689	2,0	1,1	0,0	1,3	152	149
18697	6,0	2,0	3,1	1,0	298	149
18702	0,0	0,6	2,0	1,0	222	149
18704	1,2	87,69	3,1	65,67	211	149
18705	46,36	4,1	37,41	4,5	284	149
18706	132,103	4,1	99,107	4,5	222	149
18709	4,11	0,0	5,3	0,1	154	149
18710	41,58	0,3	18,26	2,1	154	149
18711	130,170	0,4	79,95	0,0	298	149
18714	276,236	1,2	191,165	2,0	152	149
18715	374,388	39,37	387,362	42,44	166	149
18716	1,15	99,141	8,4	93,85	152	149
18717	41,97	0,4	37,37	0,0	181	149
18720	0,0	12,3	0,2	1,1	218	149
18721	0,0	23,12	2,0	17,12	170	149
18725	0,2	12,27	0,3	19,12	161	149
18726	2,0	1,6	0,0	10,2	177	149
18729	1,8	1,4	12,3	2,2	298	149
18730	0,2	9,9	2,1	0,3	298	149
18731	614,588	119,103	656,535	119,88	240	149
18732	242,224	0,2	255,220	0,1	240	149
18733	11,8	392,392	9,7	385,309	183	149
18734	2,1	1,7	3,0	0,1	152	149
18735	4,7	1,7	7,0	0,1	213	149
18737	648,500	11,0	505,463	0,2	185	149
18738	759,593	8,16	587,559	10,12	218	149
18739	122,93	8,16	82,98	10,12	182	149
18740	255,197	0,2	245,166	0,0	298	149
18746	187,177	14,14	183,132	13,13	218	149
18747	559,582	3,11	485,427	2,7	298	149
18748	220,219	15,6	213,197	2,11	254	149
18749	170,156	0,0	166,142	2,1	254	149
18750	1,2	5,10	0,0	8,13	174	149
18753	3,1	0,0	6,4	1,0	187	149
18754	13,20	20,29	32,16	11,14	187	149
18757	13,3	130,121	4,13	116,79	168	149
18770	52,45	17,11	30,41	19,8	152	149
18772	36,44	6,7	43,17	3,4	152	149
18773	238,141	164,136	168,144	147,144	170	149
18774	11,5	232,257	3,1	221,205	298	149
18776	9,5	0,0	13,3	1,2	298	149
18783	4,12	1,1	10,6	3,2	298	149
18784	4,12	1,1	10,6	3,2	298	149
18786	11,18	0,2	2,10	5,0	180	149
18787	1,9	0,1	0,5	0,1	180	149
18789	4,0	0,5	0,2	2,1	188	149
18791	118,117	4,0	82,112	3,2	298	149
18793	313,227	2,0	269,245	0,0	182	149
18794	83,68	242,210	65,60	222,236	154	149
18795	9,2	0,1	6,5	0,0	154	149
18800	108,93	0,0	103,85	1,1	154	149
18802	383,368	93,84	361,305	84,93	180	149
18804	725,559	0,0	755,702	0,2	193	149
18805	510,404	2,6	534,491	4,14	298	149
18806	8,4	1029,805	8,9	912,926	179	149
18807	540,376	16,10	566,524	5,6	241	149
18808	1561,1177	16,10	1470,1441	5,6	211	149
18809	998,854	0,2	1053,925	1,1	159	149
18810	967,832	0,0	1010,887	1,0	298	149
18811	7,5	632,435	6,13	475,495	298	149
18812	3,2	632,435	0,8	475,495	172	149
18813	369,300	0,0	364,304	0,5	298	149
18814	65,59	1,2	41,55	0,0	298	149
18815	101,78	2446,2179	115,97	2306,2018	298	149
18816	72,59	6,3	95,72	8,1	298	149
18817	5842,4939	2,0	5590,4860	0,0	174	149
18818	40,30	15,15	35,27	14,11	167	149
18819	4630,3758	3,8	3981,3884	3,3	225	149
18820	11576,9584	5,1	10196,10054	9,2	225	149
18822	4573,3709	3,0	3928,3824	0,2	225	149
18824	14,14	63,85	3,16	73,49	217	149
18825	181,166	1,2	184,210	1,1	298	149
18826	339,303	7,5	266,264	11,7	273	149
18831	4,4	3,2	4,2	0,0	228	149
18832	5,7	6,3	7,4	9,4	158	149
18833	6,7	6,3	8,3	9,4	237	149
18834	4,4	3,4	4,2	3,3	228	149
18835	6,6	36,26	5,4	17,35	158	149
18836	6,7	36,26	7,3	17,35	237	149
18837	4,4	4,3	3,2	1,3	228	149
18839	1,4	1,6	0,2	2,1	223	149
18840	13,23	9,12	19,9	13,13	152	149
18841	650,564	17,16	683,569	31,22	224	149
18842	11,11	123,101	5,8	73,89	298	149
18844	16,4	40,40	9,8	23,15	184	149
18848	0,2	0,1	0,0	3,0	182	149
18849	28,31	0,0	22,31	1,1	188	149
18851	7,6	27,17	8,13	25,24	298	149
18852	1,0	27,17	0,0	25,24	160	149
18854	1,2	7,0	2,5	0,1	204	149
18857	0,2	0,1	1,0	0,1	221	149
18858	1,0	0,4	1,2	2,0	298	149
18867	3,5	0,0	3,2	0,2	298	149
18872	2,0	0,4	1,0	0,2	177	149
18873	3,5	0,4	3,2	0,2	298	149
18874	2,3	0,4	1,1	0,2	206	149
18876	7,1	0,0	9,4	0,1	247	149
18877	3,0	0,0	3,2	0,1	298	149
18878	0,0	4,1	1,0	7,2	298	149
18881	0,0	7,12	0,1	5,7	167	149
18882	32,37	13,11	15,27	4,5	160	149
18883	3,2	13,11	0,1	4,5	183	149
18884	2,0	31,35	0,0	15,26	172	149
18885	4,5	13,11	0,1	4,5	187	149
18886	3,3	31,35	0,0	15,26	176	149
18887	4,2	13,11	0,1	4,5	205	149
18888	3,0	31,35	0,0	15,26	194	149
18891	7,9	0,2	14,13	0,0	264	149
18892	13,7	408,292	7,6	320,291	164	149
18893	13,12	2,1	11,17	3,2	153	149
18894	312,242	1,1	298,208	0,0	153	149
18899	1,0	2,0	0,0	2,6	298	149
18900	10,7	2,2	2,5	4,0	293	149
18901	8,4	0,0	2,2	0,1	293	149
18902	7,9	76,84	31,10	82,78	181	149
18908	17,38	4,1	16,16	0,0	154	149
18909	45,29	0,0	12,22	0,1	153	149
18910	20,29	0,0	14,16	0,1	227	149
18911	19,29	44,29	14,16	12,22	223	149
18912	6,12	0,0	5,5	0,1	153	149
18925	70,36	31,15	67,64	17,18	152	149
18926	3,3	29,26	0,2	23,42	164	149
18927	535,448	115,109	461,485	109,133	152	149
18930	219,224	25,17	148,161	18,8	154	149
18931	27,31	322,262	30,25	267,225	188	149
18932	5,8	6,13	6,3	11,4	172	149
18933	0,2	4,7	0,0	5,1	173	149
18934	1,3	6,13	1,2	11,4	196	149
18936	0,0	0,1	0,2	2,1	160	149
18949	424,317	4,4	382,342	5,2	152	149
18950	360,283	63,38	365,321	69,67	298	149
18951	344,266	17,21	284,305	13,23	155	149
18967	146,136	4,0	139,122	2,0	288	149
18971	0,1	2,0	3,16	0,0	167	149
18973	35,11	2,1	15,16	0,1	298	149
18974	4,0	0,0	7,4	2,0	206	149
18975	4,0	10,7	10,4	4,9	206	149
18976	8,5	8,10	8,5	7,8	206	149
18977	5,0	5,7	8,9	6,1	206	149
18979	3436,3000	5,0	3243,2935	4,1	206	149
18980	16004,13602	316,322	15022,13185	356,294	206	149
18981	3381,2979	2,1	3195,2891	4,3	206	149
18983	108,102	3,6	137,103	6,15	189	149
18987	171,137	0,4	152,141	0,0	198	149
18994	23,9	21,26	27,12	21,37	179	149
18998	0,0	402,385	0,2	302,311	217	149
19001	7,12	83,68	12,7	69,75	152	149
19002	65,63	15,29	54,71	27,26	152	149
19007	264,225	0,0	256,204	0,5	298	149
19016	22,32	7,0	17,11	2,2	258	149
19017	42,33	17,9	26,17	11,6	220	149
19019	6,4	18,14	7,9	19,15	298	149
19020	124,69	2,6	97,72	5,4	167	149
19021	27,33	688,611	20,27	526,553	166	149
19022	49,39	0,0	29,14	2,0	155	149
19023	17,22	0,0	29,38	3,0	154	149
19026	16,7	1,0	5,1	0,0	158	149
19033	74,73	0,1	88,70	4,1	298	149
19034	12,8	0,0	10,8	1,0	181	149
19035	25,25	1,0	25,21	0,0	181	149
19046	72,63	11,9	52,39	10,14	257	149
19047	72,66	11,9	53,41	10,14	260	149
19048	102,97	11,9	83,60	10,14	298	149
19049	2,3	2,0	1,2	0,0	152	149
19050	37,41	2,0	34,27	0,0	298	149
19052	8,3	33,21	8,7	29,18	170	149
19053	5,6	23,25	2,8	15,13	170	149
19054	52,65	23,25	56,74	15,13	298	149
19055	225,193	1,0	252,210	0,0	213	149
19056	5,6	9,6	4,11	5,18	174	149
19058	1,2	0,0	2,2	0,2	298	149
19067	83,49	2,0	65,77	5,3	298	149
19071	116,81	2,0	98,90	0,0	298	149
19072	648,560	0,2	580,532	0,0	233	149
19073	437,433	8,3	409,381	4,0	152	149
19075	59,78	0,2	78,90	1,0	298	149
19077	309,263	1,0	288,281	0,0	298	149
19078	144,148	5,7	121,73	9,1	174	149
19079	201,269	0,0	206,201	1,1	153	149
19085	13,28	459,398	14,16	396,384	298	149
19086	548,415	785,672	459,477	676,704	194	149
19087	580,550	473,374	563,570	404,429	167	149
19088	141,102	2,4	116,102	4,1	192	149
19090	4,5	1,7	2,1	3,5	154	149
19092	36,43	8,10	36,35	12,8	298	149
19093	918,791	5,2	816,735	10,0	231	149
19094	324,285	0,0	258,275	1,0	231	149
19096	39,16	1,2	18,19	0,0	168	149
19097	3,7	36,25	6,7	26,33	164	149
19098	60,59	3,0	55,74	0,0	298	149
19101	132,102	2,0	108,102	0,0	281	149
19102	7,2	36,41	3,0	47,38	163	149
19103	100,113	6,0	96,99	7,2	298	149
19104	45,46	2,4	39,37	9,6	261	149
19105	1,1	0,1	6,3	5,0	159	149
19106	1,1	4,0	10,7	0,1	197	149
19107	0,1	4,0	9,4	0,1	187	149
19108	1,2	3,13	1,6	7,4	209	149
19111	100,71	0,0	81,65	1,0	215	149
19113	0,3	2,0	4,0	2,0	298	149
19118	0,1	1,0	2,0	0,0	153	149
19120	26,40	36,37	33,21	38,30	280	149
19121	11,10	1,0	8,9	0,3	251	149
19124	2,0	1,2	0,2	2,0	164	149
19126	344,274	1,4	345,298	1,5	158	149
19133	12,12	1,2	15,19	0,0	220	149
19134	11,12	3,9	11,20	4,4	220	149
19136	4,14	0,0	2,0	0,2	282	149
19140	177,173	28,31	152,107	33,28	152	149
19141	120,164	0,0	138,117	0,1	155	149
19143	3,1	0,0	0,0	1,0	198	149
19145	29,26	1,0	22,31	0,0	222	149
19146	58,43	11,15	69,72	22,21	152	149
19147	86,69	0,0	86,102	0,3	222	149
19148	39,41	0,0	39,51	0,3	219	149
19149	3,11	5,6	4,3	6,4	169	149
19159	1787,1539	44,45	1643,1635	51,47	184	149
19160	16,26	112,120	14,13	115,127	284	149
19161	525,479	0,1	466,440	0,0	298	149
19164	37,30	0,0	41,41	0,2	223	149
19165	77,55	1,1	74,55	0,0	154	149
19166	85,55	1,0	95,90	0,2	298	149
19173	0,3	0,0	3,7	0,1	298	149
19174	932,790	12,16	843,759	22,6	186	149
19175	418,291	5,0	308,306	3,0	153	149
19176	11,6	167,133	8,10	104,127	174	149
19179	128,116	332,330	65,85	316,340	260	149
19180	84,53	9,10	34,54	10,2	260	149
19181	326,325	0,0	339,328	1,0	204	149
19183	12,12	702,625	11,8	588,614	177	149
19184	0,0	2,3	1,0	0,0	152	149
19185	53,78	7,14	54,30	15,4	281	149
19186	18,13	1,0	22,10	0,0	197	149
19187	907,823	6,6	757,728	2,9	178	149
19188	628,716	0,1	507,481	0,0	231	149
19189	383,395	1,7	330,305	2,0	259	149
19190	27,23	653,620	40,17	595,553	167	149
19191	91,90	0,4	92,92	4,2	155	149
19192	7,2	116,81	6,3	94,74	217	149
19194	3,3	0,0	4,2	1,0	210	149
19195	1271,955	0,0	1006,907	1,0	195	149
19196	1276,958	1,0	1005,910	0,0	195	149
19197	1288,982	0,0	1037,926	0,2	195	149
19198	5972,4561	24,13	5240,4548	12,11	195	149
19199	9,5	2,4	3,4	2,0	187	149
19201	3043,2363	2,0	2491,2552	0,2	153	149
19202	3641,2911	2,0	2971,2925	2,0	155	149
19203	4,9	4011,3249	4,6	3767,3326	169	149
19204	44,44	26,15	30,36	30,23	172	149
19205	4051,3284	26,15	3793,3356	30,23	152	149
19208	181,159	1,0	191,146	2,4	257	149
19209	6,10	2,6	7,4	6,4	215	149
19210	6,10	3,1	7,4	1,4	215	149
19211	65,49	1,4	31,42	2,0	195	149
19212	152,115	3755,3370	136,141	3777,3436	167	149
19216	12,6	0,0	11,12	3,3	152	149
19217	6,7	1,0	11,5	0,0	154	149
19219	3,5	0,0	0,11	0,2	282	149
19220	64,48	0,0	54,41	0,3	191	149
19228	2,1	3,2	0,4	2,0	298	149
19229	2,1	1,0	2,5	2,1	298	149
19230	3,3	1,0	4,2	2,1	201	149
19237	15,25	0,2	28,33	0,2	234	149
19238	901,1013	0,0	801,811	0,1	298	149
19239	259,270	38,43	191,108	27,17	152	149
19240	12,13	59,89	28,9	50,58	182	149
19241	8,5	240,224	9,3	178,171	182	149
19242	14,13	0,2	14,10	0,0	152	149
19243	87,79	65,79	103,84	54,49	152	149
19244	13,16	0,1	12,9	0,1	289	149
19247	703,693	1,2	620,655	0,0	211	149
19248	16,13	33,28	8,7	23,29	153	149
19249	61,53	12,6	51,49	8,7	267	149
19250	67,63	616,590	53,61	558,483	278	149
19251	78,68	12,6	66,71	8,7	263	149
19252	84,78	616,590	68,83	558,483	274	149
19253	18,16	616,590	10,19	558,483	160	149
19255	274,395	55344,58704	195,178	39650,35854	188	149
19258	450,413	82,73	412,340	78,71	164	149
19259	600,548	0,0	573,465	0,1	298	149
19261	274,225	13,10	242,192	11,2	249	149
19262	132,89	0,4	94,108	2,0	298	149
19263	166,115	64,34	123,132	36,49	222	149
19264	0,1	118,147	1,5	163,125	191	149
19267	18,10	3,1	7,10	0,7	191	149
19268	13,22	3,1	10,18	0,7	298	149
19269	7,19	12,5	9,15	4,7	271	149
19270	5,12	0,2	0,10	0,0	209	149
19281	98,67	0,0	80,62	1,0	258	149
19282	76,26	0,1	54,36	0,0	159	149
19283	0,0	63,31	0,1	45,43	204	149
19284	7543,6616	4,4	7494,6938	2,3	260	149
19287	38,39	4,2	48,41	0,1	298	149
19290	130,123	1,0	83,137	0,0	155	149
19291	40,21	0,0	37,19	0,1	152	149
19292	580,425	136,98	471,453	95,85	152	149
19299	217,158	22,10	168,194	11,15	298	149
19300	1713,1463	10,15	1436,1316	6,6	298	149
19301	268,208	1154,940	208,226	1057,955	298	149
19302	37,40	1,0	23,29	2,0	298	149
19303	1421,1197	55,23	1293,1137	45,40	196	149
19304	75,59	155,147	63,69	155,158	161	149
19308	119,125	7415,6408	153,128	7649,8214	190	149
19309	174,178	9,9	165,206	11,12	298	149
19310	43,41	0,0	49,38	4,4	298	149
19315	76,72	12,1	59,50	2,7	298	149
19316	42,21	15,19	28,30	7,11	155	149
19317	10,13	22,13	8,2	21,13	162	149
19319	17,11	2,0	30,4	0,0	155	149
19322	0,0	2,2	0,1	3,0	298	149
19323	0,0	5,10	1,1	7,4	152	149
19324	11,10	0,0	13,9	0,4	152	149
19325	1,2	0,1	0,2	1,0	152	149
19326	0,3	0,1	1,0	0,0	152	149
19338	18,23	3,0	15,23	0,0	298	149
19339	17,14	0,1	17,31	2,0	196	149
19340	118,99	0,1	108,113	2,0	298	149
19341	124,110	0,2	109,108	0,7	298	149
19343	127,136	0,0	116,94	0,2	152	149
19344	278,284	1,4	250,224	6,3	152	149
19347	200,185	0,1	248,216	2,1	177	149
19348	17,15	189,187	15,7	172,165	298	149
19349	49,48	4,3	61,42	0,1	260	149
19350	2,8	11,11	2,8	11,11	237	149
19351	63,38	2,0	53,50	1,1	153	149
19352	5003,4515	0,2	4055,4026	4,2	298	149
19363	2,1	4,7	6,1	3,3	177	149
19364	10,9	133,128	16,10	133,144	177	149
19372	37,33	0,0	35,22	1,2	203	149
19373	27,23	2,0	23,24	0,0	153	149
19374	334,375	16,19	292,277	17,20	153	149
19375	4,9	0,2	8,3	0,3	153	149
19376	313,349	1,0	259,273	0,2	263	149
19378	122,92	81,51	88,81	61,43	164	149
19379	5,2	141,128	4,1	116,97	170	149
19380	5,2	57,36	2,2	42,28	170	149
19381	482,411	14,7	351,345	6,8	298	149
19382	358,336	0,2	250,234	0,2	258	149
19383	130,158	10,6	132,100	2,3	217	149
19386	1263,1230	3,5	1211,1155	9,4	181	149
19387	278,237	0,0	244,206	0,1	181	149
19388	6,9	971,949	8,8	982,857	166	149
19389	450,451	2,1	455,376	2,3	154	149
19390	555,566	0,1	580,448	2,2	154	149
19391	21,26	0,1	23,17	0,0	154	149
19392	10,15	0,1	16,13	0,0	298	149
19393	8,12	975,744	17,14	869,831	298	149
19394	921,730	1,0	808,806	0,1	298	149
19395	163,126	1,1	170,123	0,0	175	149
19396	37,28	918,711	30,23	810,750	254	149
19410	10,11	101,65	10,4	77,67	255	149
19411	14,11	3,3	10,2	3,0	201	149
19412	16,13	564,472	13,10	575,437	193	149
19414	164,146	9,15	119,152	23,10	231	149
19415	194,173	128,84	146,168	89,120	244	149
19416	39,42	128,84	50,26	89,120	162	149
19417	23,28	71,53	28,19	45,47	170	149
19418	7,7	3,0	1,6	2,1	169	149
19419	35,18	0,0	23,24	0,1	159	149
19424	0,0	7,8	0,2	10,4	185	149
19427	13,16	12,21	23,19	18,13	298	149
19428	0,0	1,17	3,0	5,1	298	149
19429	4,9	192,163	11,11	199,154	173	149
19431	789,703	1,6	662,695	2,2	298	149
19432	107,95	1,2	90,88	3,2	188	149
19433	1,3	2,0	2,2	2,0	152	149
19436	7,15	3,3	6,4	1,0	152	149
19437	9,8	39,25	6,4	35,37	152	149
19438	52,47	424,300	37,39	388,340	152	149
19439	6,9	14,12	6,4	10,12	152	149
19442	2,1	20,34	0,0	17,15	166	149
19445	26,9	0,0	13,10	3,0	298	149
19446	4,9	294,224	11,7	228,254	179	149
19447	0,0	104,88	0,2	90,66	173	149
19448	3,3	42,51	3,4	61,48	180	149
19451	441,325	1,1	353,333	1,0	153	149
19452	95,100	0,0	82,73	0,1	233	149
19454	137,149	1,3	104,99	2,0	298	149
19455	7,5	59,68	2,2	66,52	194	149
19456	121,111	2,9	109,94	4,5	298	149
19459	6,20	260,286	4,3	189,187	173	149
19462	2,0	0,0	0,3	1,0	298	149
19467	0,0	0,2	2,0	0,0	178	149
19470	643,602	1,0	491,500	1,0	298	149
19471	279,250	0,2	229,281	0,1	173	149
19473	0,0	1,2	0,5	0,0	298	149
19474	15,16	4,4	6,12	3,7	298	149
19475	15,18	2,2	10,15	1,1	298	149
19484	7,6	12,14	10,5	21,14	152	149
19486	1,3	5,10	3,4	3,6	152	149
19487	45,41	75,64	38,36	77,49	152	149
19489	2,0	4,2	1,3	1,1	176	149
19490	5,3	235,245	10,5	187,194	176	149
19491	279,281	8,2	213,220	11,3	298	149
19492	120,83	0,0	61,90	1,0	298	149
19493	119,82	1,1	57,88	0,0	298	149
19494	377,319	1,1	291,277	0,0	298	149
19495	291,275	0,0	277,218	0,1	298	149
19496	35,39	0,0	43,28	2,0	298	149
19497	52,52	0,0	58,52	0,2	176	149
19498	68,76	57,35	83,67	48,38	152	149
19499	135,113	15,8	144,148	27,22	152	149
19500	114,99	1,1	73,108	1,0	250	149
19501	268,236	1,1	214,224	1,0	298	149
19502	167,141	6,1	148,134	3,10	205	149
19503	0,5	91,75	6,0	81,57	298	149
19505	9,10	305,281	13,13	311,250	173	149
19507	4,0	210,139	0,6	149,161	298	149
19508	180,101	0,0	118,129	0,1	159	149
19509	20,12	155,120	12,12	131,125	273	149
19510	4136,3298	0,0	3735,3611	1,0	154	149
19511	124,121	4,3	133,110	4,1	203	149
19512	404,342	204,158	366,313	138,159	203	149
19513	123,120	0,0	132,113	2,0	203	149
19514	69,79	1,0	50,42	5,0	298	149
19518	2,1	11,0	3,2	6,7	182	149
19519	21,18	1,0	22,15	0,3	204	149
19522	0,4	4,2	2,2	2,1	152	149
19524	10,10	24,23	11,12	35,26	298	149
19526	9,5	27,34	5,5	16,16	177	149
19527	45,47	27,34	53,32	16,16	298	149
19528	38,49	1,0	49,29	0,0	298	149
19529	0,3	0,1	0,0	2,0	176	149
19537	36,32	15,8	30,30	10,7	152	149
19540	6,6	4,3	4,7	10,4	203	149
19543	6,5	98,113	4,3	92,64	169	149
19551	0,0	1,2	2,0	0,9	166	149
19553	0,0	3,1	1,0	3,0	166	149
19556	0,0	34,21	0,1	13,22	181	149
19558	16,19	0,0	9,13	0,2	246	149
19559	39,23	0,0	17,27	0,2	251	149
19560	23,4	0,0	9,14	1,0	154	149
19563	7,3	0,2	2,4	0,2	198	149
19564	16,19	0,2	8,13	0,2	246	149
19565	25,30	0,2	15,27	0,2	251	149
19566	40,37	0,2	49,37	0,2	298	149
19572	27,20	6,11	46,28	7,11	298	149
19575	1,0	21,17	6,3	38,18	210	149
19579	6,14	0,0	12,12	2,0	241	149
19582	1,2	5,4	0,7	15,5	191	149
19600	5,10	497,382	11,9	502,473	164	149
19601	14,13	122,83	20,8	101,86	278	149
19602	44,25	7,10	38,28	10,6	296	149
19603	111,74	14,10	97,86	5,6	298	149
19604	152,95	7,10	119,106	10,6	167	149
19605	220,148	14,10	184,169	5,6	200	149
19606	75,63	14,10	75,69	5,6	182	149
19607	24,19	319,243	27,23	294,217	278	149
19608	54,31	30,32	45,43	27,36	296	149
19609	121,80	35,28	104,101	33,15	298	149
19610	349,255	30,32	312,237	27,36	167	149
19611	417,308	35,28	377,300	33,15	200	149
19612	98,85	35,28	92,99	33,15	182	149
19614	431,499	0,1	377,340	0,0	298	149
19616	4,4	0,0	0,5	0,2	298	149
19617	115,107	0,2	105,116	0,0	298	149
19618	266,161	0,0	244,183	1,0	171	149
19623	11,12	2,0	12,9	1,4	154	149
19626	11,9	3,0	19,8	2,3	298	149
19649	13,13	16,15	7,5	18,13	152	149
19653	88,74	10,6	99,71	4,6	174	149
19655	10,15	0,0	12,7	0,1	166	149
19657	32547,27258	6,8	31486,29198	6,6	298	149
19658	33547,27865	1,3	32178,29865	0,0	158	149
19659	10,8	367,360	4,3	382,346	191	149
19661	534,477	1,1	426,495	2,0	298	149
19663	31,28	7,4	24,20	7,8	158	149
19667	1366,1187	0,0	1238,1413	1,0	155	149
19668	1233,1078	1,2	1153,1301	5,2	298	149
19669	18,18	2280,2002	21,18	2106,2218	173	149
19670	71,55	16,27	72,65	16,12	175	149
19671	2333,2039	16,27	2157,2265	16,12	151	149
19672	99,100	4,1	119,113	4,1	298	149
19673	4913,3805	5,6	4407,4122	2,10	155	149
19674	4875,3787	5,2	4420,4118	8,3	298	149
19676	5276,4376	0,0	4790,4515	1,0	298	149
19677	247,211	5098,4160	244,210	4479,4389	194	149
19678	1622,1507	58,39	1667,1470	33,16	256	149
19679	6473,5456	58,39	5902,5649	33,16	211	149
19681	2,0	3,2	0,1	0,3	173	149
19682	140,115	23,8	130,125	17,17	152	149
19683	171,150	13,8	125,145	15,10	197	149
19685	308,271	0,2	305,283	1,1	153	149
19686	208,172	1,0	191,174	1,0	298	149
19688	331,242	1,0	258,266	1,1	298	149
19689	335,247	26,14	264,268	9,12	153	149
19690	7,8	0,1	10,8	0,0	153	149
19692	5,2	1,0	1,2	0,0	298	149
19694	427,374	79,54	368,404	64,71	152	149
19695	12,13	1,5	11,9	0,2	152	149
19696	1,7	0,3	3,4	2,0	298	149
19698	0,1	304,284	1,0	347,287	173	149
19699	574,476	0,0	565,463	1,0	298	149
19700	696,591	2,0	647,578	1,0	298	149
19701	699,587	69,53	646,583	72,78	298	149
19702	706,600	17,3	663,591	20,14	156	149
19703	19,28	17,3	27,26	20,14	180	149
19704	5,7	692,579	4,11	640,576	173	149
19705	570,519	10,8	594,554	5,22	298	149
19706	591,536	0,0	609,579	1,0	298	149
19708	136,116	0,0	154,206	0,2	154	149
19709	0,4	227,186	5,6	243,218	173	149
19710	1,0	258,223	0,2	278,227	216	149
19717	69,49	2,0	45,59	3,6	152	149
19718	1,0	10,5	0,0	2,10	272	149
19720	2,0	1,2	2,2	0,1	173	149
19721	2,2	3,6	3,0	7,7	176	149
19722	345,257	0,1	317,330	0,0	206	149
19723	145,128	0,0	108,108	2,0	298	149
19724	140,123	5,13	106,107	23,17	153	149
19726	6,4	186,162	2,4	213,171	171	149
19728	5,7	116,101	11,5	159,128	298	149
19729	176,160	1,0	179,164	0,2	153	149
19730	8,2	1,0	8,6	0,2	168	149
19731	7,1	175,159	6,3	177,161	164	149
19732	164,132	0,1	181,177	0,2	220	149
19735	234,225	2,3	217,217	2,6	154	149
19736	1210,1190	428,456	938,1012	356,408	154	149
19737	243,241	12,3	225,223	11,11	154	149
19738	292,255	64,31	255,251	47,36	154	149
19739	6587,6164	23,19	5567,5664	15,14	184	149
19740	4,1	6,3	2,0	7,8	201	149
19741	29,36	3,3	27,6	2,2	234	149
19742	3,3	1,0	0,1	1,0	185	149
19743	72,45	0,3	71,63	0,0	154	149
19744	49,48	1,0	47,37	0,0	298	149
19745	0,6	0,0	2,5	0,1	154	149
19750	9,9	188,163	7,8	169,179	212	149
19751	205,165	7,1	150,192	0,3	153	149
19752	47,25	206,132	15,27	124,144	169	149
19753	8,2	1,0	1,3	0,0	169	149
19757	8,6	2,0	12,8	2,1	161	149
19758	0,4	2,0	0,1	2,1	298	149
19759	0,2	8,4	0,0	12,7	298	149
19765	1,0	309,257	1,5	236,234	153	149
19766	925,876	3,0	742,750	2,2	154	149
19767	1239,1036	11,10	972,983	8,5	219	149
19768	1436,1202	18,12	1135,1155	6,9	257	149
19769	208,176	18,12	171,177	6,9	187	149
19770	62,74	392,370	50,47	373,353	197	149
19773	3,0	64,53	3,2	66,100	248	149
19774	116,75	9,9	88,97	2,13	152	149
19775	1,0	82,65	4,0	67,43	188	149
19777	674,545	27,18	740,638	13,16	207	149
19778	119,105	0,1	132,109	1,1	207	149
19779	562,559	4,2	617,509	3,6	154	149
19780	13,8	0,0	16,13	0,2	153	149
19781	177,183	30,51	234,222	31,30	153	149
19783	352,285	0,1	281,226	4,0	152	149
19786	58,62	1,2	54,58	5,2	181	149
19787	22,26	1,2	16,27	5,2	248	149
19788	9,8	45,44	5,8	43,39	216	149
19789	68,69	2,0	61,69	0,2	298	149
19791	61,69	2,0	73,63	5,2	244	149
19795	21,25	1,1	31,19	5,0	162	149
19802	0,0	72,75	0,1	83,71	171	149
19803	4,7	0,1	8,6	0,1	165	149
19807	1801,1478	5,1	1652,1482	8,3	159	149
19808	2,0	75,71	9,4	76,51	298	149
19809	2,0	0,0	5,0	0,1	226	149
19810	80,89	0,0	74,60	1,0	154	149
19811	2,1	108,104	4,0	107,107	226	149
19812	75,68	45,46	85,73	64,49	152	149
19813	9,7	0,0	14,9	1,0	298	149
19814	2,1	2,0	0,3	1,0	174	149
19815	0,3	1,0	5,1	4,0	298	149
19820	87,81	28,33	63,82	18,20	256	149
19821	82,75	9,7	75,76	7,7	197	149
19822	6,14	84,68	7,8	63,67	200	149
19825	104,47	12,12	60,64	8,8	154	149
19826	21,15	0,0	10,13	3,0	154	149
19831	29,26	0,0	23,29	0,1	155	149
19833	0,1	29,26	1,0	18,26	177	149
19839	41,44	15,3	17,24	11,9	170	149
19841	265,261	3,4	220,174	1,0	180	149
19844	4,33	0,1	6,2	0,0	160	149
19848	139,152	7,1	165,147	0,0	166	149
19850	192,189	1,0	119,154	4,1	161	149
19853	2,8	17,19	3,3	14,9	298	149
19857	100,109	1,1	53,39	0,0	176	149
19858	34,59	2,3	30,12	0,0	298	149
19861	73,86	0,0	56,36	0,2	152	149
19862	21,21	2,0	23,20	2,0	181	149
19863	136,152	2,0	107,104	2,0	184	149
19866	48,68	2,4	45,35	2,1	153	149
19867	2,0	20,38	0,0	21,20	161	149
19868	22,32	1,0	15,24	0,0	194	149
19869	208,246	1,0	166,186	0,0	225	149
19870	186,215	0,1	151,164	0,2	180	149
19871	188,157	3,2	107,121	1,2	298	149
19872	3,11	43,35	3,2	31,14	180	149
19873	133,121	2,3	147,132	6,0	154	149
19874	217,181	9,8	222,174	9,7	228	149
19875	128,109	9,8	130,111	9,7	231	149
19876	52,46	141,118	38,32	130,95	152	149
19878	0,0	111,109	2,0	147,131	189	149
19879	0,0	5,4	2,0	2,1	201	149
19880	214,155	1,1	176,192	0,0	152	149
19881	0,0	4,0	1,0	1,0	153	149
19882	143,121	0,1	175,155	1,0	298	149
19884	1,3	0,0	2,0	0,1	154	149
19885	3,12	44,16	1,3	24,26	208	149
19887	19,63	7,10	36,18	8,1	298	149
19890	217,155	15,13	179,150	13,24	152	149
19891	20,20	0,1	26,19	2,0	152	149
19892	3705,3044	6,9	3661,3410	7,3	288	149
19901	0,1	2,0	0,2	0,2	267	149
19912	0,2	0,0	0,0	0,2	190	149
19913	191,164	87,68	192,125	99,62	158	149
19914	61,38	2,0	51,54	0,0	213	149
19915	5,6	0,1	5,4	0,0	153	149
19917	631,496	141,104	560,486	124,78	152	149
19926	1,8	18,4	4,9	6,2	298	149
19927	2,2	23,15	0,2	10,12	167	149
19929	0,0	2,4	0,2	0,2	228	149
19930	1,0	38,32	0,0	37,32	298	149
19932	5,11	891,721	6,11	859,881	171	149
19933	775,669	0,0	775,705	1,1	298	149
19937	2,5	36,30	4,5	36,31	298	149
19945	568,429	36,33	388,434	36,35	152	149
19947	299,262	0,1	185,172	0,4	298	149
19948	26,23	63,53	12,20	60,55	294	149
19950	67,69	4,3	101,68	0,0	151	149
19965	4,3	8,13	2,0	6,13	254	149
19967	3,3	15,6	2,5	8,12	298	149
19995	192,163	0,0	136,126	1,0	222	149
19996	0,1	2,0	0,0	1,0	234	149
20007	0,1	19,9	3,2	12,12	298	149
20012	38,24	3,2	36,31	2,0	152	149
20013	370,314	125,76	355,305	128,94	152	149
20014	82,54	0,0	95,83	0,1	164	149
20020	0,1	1,0	2,0	0,0	215	149
20022	8,3	59,36	1,2	41,54	152	149
20025	81,94	25,28	62,80	17,19	166	149
20026	4,3	0,1	0,1	1,0	154	149
20027	52,63	0,2	36,44	0,0	298	149
20028	53,65	23,25	36,41	19,17	298	149
20029	88,93	2,1	63,69	0,1	298	149
20038	595,479	1,1	510,472	2,1	298	149
20039	1125,948	34,17	922,816	26,25	298	149
20044	2,0	2,4	1,1	2,1	170	149
20062	55,32	66,61	34,33	72,50	298	149
20063	54,34	0,0	34,33	1,0	153	149
20065	22,22	6,1	17,17	5,2	298	149
20066	6,4	1,0	5,4	0,1	156	149
20067	22,25	1,0	17,19	0,1	298	149
20069	7,4	1,1	5,2	4,5	166	149
20070	1,2	2,2	2,0	1,0	159	149
20071	2,2	19,17	4,1	13,12	162	149
20072	13,7	19,17	11,9	13,12	152	149
20073	0,1	11,6	2,0	9,8	159	149
20074	2,2	2,1	4,3	1,4	152	149
20075	3,5	2,1	2,3	1,4	162	149
20076	1,4	0,1	0,2	2,2	159	149
20085	5,9	0,2	3,9	0,1	188	149
20089	10,2	1,0	1,0	0,5	249	149
20090	3,0	2,0	0,5	2,0	298	149
20092	4,0	8,2	1,0	4,7	152	149
20093	6,0	0,1	6,3	0,0	298	149
20094	11,2	0,1	9,10	0,0	298	149
20097	2,0	0,0	2,2	1,0	174	149
20098	3,2	112,107	1,5	119,92	177	149
20099	0,1	1,0	1,1	2,0	154	149
20100	3,4	1,0	3,3	2,0	298	149
20101	5,4	0,0	4,3	1,0	298	149
20103	19,13	12,23	19,12	15,30	210	149
20104	19,9	12,23	17,11	15,30	192	149
20105	19,9	12,23	17,11	15,30	197	149
20107	15,23	2,0	16,30	0,0	155	149
20108	28,40	0,0	26,25	0,3	165	149
20109	13,14	0,0	13,3	0,3	205	149
20110	21,21	0,0	17,10	0,3	262	149
20111	22,24	0,0	19,11	0,3	277	149
20112	7,7	22,33	3,0	16,22	189	149
20113	15,14	22,33	7,7	16,22	246	149
20114	16,17	22,33	9,8	16,22	261	149
20117	1,3	0,0	2,3	0,2	164	149
20118	15,17	12,8	9,7	6,10	261	149
20119	18,15	0,0	16,13	1,0	165	149
20120	15,14	0,0	14,4	1,0	233	149
20121	22,21	0,0	19,8	1,0	262	149
20122	9,7	12,8	4,1	6,10	217	149
20123	16,14	12,8	9,5	6,10	246	149
20125	13,14	0,0	13,3	1,0	205	149
20126	7,7	12,8	3,0	6,10	189	149
20139	98,67	9,6	64,57	3,9	152	149
20140	30,21	26,12	23,35	17,29	152	149
20141	22,27	51,33	24,32	23,36	152	149
20150	25,19	0,0	28,30	1,0	228	149
20152	67,75	0,0	53,39	0,1	298	149
20154	3,1	26,23	2,2	27,27	168	149
20155	4,4	1,0	3,2	0,0	239	149
20157	0,3	2,6	1,2	1,0	178	149
20158	0,4	0,1	1,2	0,0	183	149
20159	2,7	0,1	1,0	0,0	154	149
20161	0,2	0,0	0,0	0,1	217	149
20164	3,3	130,159	2,4	140,126	151	149
20166	0,2	0,3	6,5	2,6	183	149
20167	114,114	5,1	141,85	0,0	153	149
20169	1390,1407	2,3	1454,1420	1,0	298	149
20171	0,0	33,27	0,1	25,21	191	149
20172	153,211	1,5	88,111	2,0	268	149
20173	17,14	8,18	26,15	9,25	152	149
20174	609,472	11,18	553,529	15,14	191	149
20175	504,418	1,2	443,419	4,4	152	149
20176	0,2	0,0	0,1	4,0	161	149
20178	41,32	268,203	35,27	266,224	152	149
20179	14,30	16,24	16,3	15,11	298	149
20180	3,5	54,25	1,12	34,30	244	149
20181	59,32	23,28	42,44	24,23	174	149
20190	1822,1561	19,14	1769,1583	15,26	232	149
20191	1993,1792	10,8	1973,1715	1,8	201	149
20192	689,576	0,2	613,533	1,0	232	149
20193	497,466	0,0	487,405	0,2	201	149
20194	1950,1749	0,1	1815,1795	0,0	233	149
20195	156,141	0,0	135,106	0,1	174	149
20197	4,1	1,0	3,2	2,0	201	149
20198	72,57	202,197	71,57	155,181	152	149
20199	3,6	162,182	3,7	131,128	221	149
20201	3,1	238,236	0,1	261,231	178	149
20202	1,1	89,110	2,1	103,89	152	149
20203	140,121	3,4	128,90	4,1	152	149
20204	4,4	170,136	6,1	140,145	204	149
20205	202,168	2,0	146,162	0,0	191	149
20206	41,28	0,2	42,26	0,0	191	149
20207	12,17	111,74	9,14	92,72	214	149
20208	15,17	111,74	12,18	92,72	298	149
20209	11,7	2,2	9,12	3,3	280	149
20210	125,143	3,3	147,128	1,0	220	149
20211	84,89	1,2	51,50	3,1	212	149
20213	97,71	0,0	76,79	0,2	186	149
20214	361,329	7,6	357,300	4,3	170	149
20215	188,150	0,0	136,158	1,0	298	149
20216	53,45	17,13	30,29	10,6	209	149
20217	18,22	1,0	10,7	0,0	209	149
20218	0,0	39,36	2,2	37,53	166	149
20219	23,14	364,290	20,13	271,236	224	149
20226	5,2	699,598	6,1	679,673	180	149
20227	5,7	2,0	4,1	0,0	181	149
20236	0,0	1,0	4,0	0,0	265	149
20237	6,2	2,0	3,1	0,0	298	149
20247	137,64	0,2	83,96	1,0	283	149
20248	75,35	0,0	49,46	0,1	283	149
20254	144,106	21,26	105,110	14,10	173	149
20255	111,88	1,0	95,89	0,0	298	149
20256	16,15	1,0	8,8	0,0	298	149
20257	3,8	1,2	13,9	6,2	298	149
20258	16,17	158,128	14,10	100,112	298	149
20263	8,8	2,0	6,8	2,0	298	149
20264	22,14	0,1	15,22	0,0	298	149
20265	18,12	0,1	13,21	0,0	298	149
20266	436,381	5,0	537,450	0,1	298	149
20267	310,281	5,6	282,266	3,3	298	149
20282	66,44	2,0	63,35	0,0	197	149
20283	0,0	2,0	1,0	0,0	160	149
20284	18,8	131,116	18,5	176,138	298	149
20285	1,0	0,1	0,0	0,1	253	149
20287	61,53	3,0	47,38	5,3	152	149
20289	29,18	2,0	19,21	0,0	152	149
20290	90,68	4,1	98,92	1,0	293	149
20291	4,5	0,1	2,2	1,2	152	149
20292	5,2	3,5	4,2	3,4	152	149
20293	65,67	3,5	66,43	3,4	298	149
20294	63,68	1,2	67,41	4,0	298	149
20300	45,52	78,63	45,46	65,53	298	149
20301	45,51	0,0	45,46	0,1	298	149
20302	224,279	61,62	224,242	69,45	194	149
20303	28,42	2,0	29,13	0,0	152	149
20304	25,28	0,0	34,23	0,1	157	149
20305	277,295	3,1	265,190	1,2	157	149
20306	70,45	71,56	48,44	60,53	152	149
20307	75,72	47,37	62,82	37,35	152	149
20309	57,69	11,31	55,57	13,16	155	149
20317	20,12	54,40	10,16	48,47	233	149
20318	36,50	21,28	36,45	13,14	152	149
20323	34,21	0,0	19,18	2,0	229	149
20324	46,30	2,4	23,25	5,0	154	149
20325	14,13	0,0	16,23	0,2	298	149
20326	131,140	0,1	133,146	3,2	151	149
20327	8,4	173,149	7,2	162,116	212	149
20331	246,266	1,2	250,211	1,0	273	149
20333	16,18	7,10	15,11	4,18	201	149
20335	3,10	9,10	2,6	9,19	245	149
20339	2,0	38,41	2,1	31,33	214	149
20341	1,1	33,23	3,1	27,24	185	149
20343	544,497	0,0	493,487	0,1	298	149
20344	322,289	166,130	262,239	109,100	152	149
20345	208,217	3,16	230,169	4,7	152	149
20347	1,2	0,0	2,1	1,0	199	149
20352	310,309	0,0	232,196	0,2	298	149
20353	199,198	64,57	156,145	44,53	165	149
20355	10,8	206,172	10,10	215,156	264	149
20356	122,102	127,114	106,92	90,112	226	149
20357	107,75	3,1	97,79	0,1	226	149
20358	1325,1060	1,0	1225,1188	0,0	298	149
20359	294,393	384,472	271,222	316,305	224	149
20371	40,69	72,83	31,34	54,62	298	149
20372	16,15	188,216	12,11	159,100	187	149
20373	110,85	1,1	90,100	0,6	298	149
20374	101,86	48,74	87,90	63,30	298	149
20375	30,25	48,74	30,37	63,30	219	149
20376	157,194	5,3	127,125	2,0	286	149
20377	325,379	6,11	258,248	0,1	286	149
20378	0,2	0,1	1,1	1,0	221	149
20383	68,74	60,40	70,31	65,46	201	149
20384	8,12	81,100	2,2	90,82	178	149
20386	82,69	15,21	59,45	15,8	186	149
20390	7,4	114,92	12,7	84,85	298	149
20391	62,66	216,174	58,38	178,146	298	149
20392	478,355	24,15	435,415	14,17	152	149
20393	13,7	3,2	11,14	0,0	152	149
20394	15,11	0,1	13,13	2,2	152	149
20395	3,3	3,10	4,6	3,4	298	149
20396	1517,1314	2,1	1479,1350	0,1	298	149
20397	13,17	1516,1311	11,13	1472,1345	173	149
20398	1920,1449	1,1	1674,1607	0,0	155	149
20399	1938,1464	2,0	1664,1642	0,0	201	149
20400	14,8	13,19	10,16	14,22	293	149
20402	63,44	96,88	55,46	105,82	152	149
20403	33,25	182,192	18,33	166,186	152	149
20407	49,84	6,3	56,46	6,6	298	149
20417	120,69	10,5	89,57	5,2	187	149
20418	40,42	77,85	33,32	102,78	181	149
20419	5,5	77,85	1,1	102,78	169	149
20420	36,38	1,1	32,31	0,0	161	149
20421	1,1	0,0	1,2	0,1	187	149
20422	15,13	10,8	6,3	22,5	181	149
20425	10,4	2,6	25,13	7,8	218	149
20427	495,369	6,0	398,323	6,6	155	149
20428	0,2	0,0	1,3	2,0	152	149
20429	471,441	0,2	388,433	5,1	298	149
20430	15,14	9,8	16,13	8,18	154	149
20431	31,30	35,34	38,19	24,24	152	149
20434	6,4	0,2	1,3	0,0	298	149
20435	30,43	293,338	38,36	303,275	208	149
20436	32,48	2,0	50,43	0,0	298	149
20437	667,680	20,42	673,660	33,26	298	149
20438	330,323	0,2	348,288	0,0	298	149
20439	104,163	41,66	124,115	41,31	179	149
20440	45,64	5,2	44,32	2,2	298	149
20441	27,47	0,5	22,40	2,3	298	149
20452	272,208	0,3	259,188	0,0	298	149
20453	22,20	2,0	19,20	0,3	152	149
20455	18,31	2,3	8,19	1,0	236	149
20456	13,26	1,1	8,10	0,0	236	149
20457	7,8	44,35	1,3	34,24	281	149
20459	831,711	0,2	751,751	0,0	243	149
20463	1,0	0,1	0,2	0,0	152	149
20465	1,0	1,1	0,0	0,2	152	149
20466	1021,897	27,32	1047,979	20,27	168	149
20468	0,0	1,0	0,2	0,0	298	149
20474	11,5	6,14	7,15	12,17	219	149
20475	248,222	3,2	199,205	4,2	152	149
20476	10,6	274,229	5,8	212,217	161	149
20477	307,281	0,2	259,245	0,1	298	149
20484	10,14	8,4	15,7	6,16	181	149
20485	1,0	4,7	1,2	4,5	198	149
20486	25,7	131,108	15,17	102,100	182	149
20487	163,145	5,0	174,151	0,0	156	149
20491	2,1	0,1	4,3	0,0	152	149
20492	21,18	373,302	15,28	369,354	208	149
20493	13,14	2,0	16,11	1,0	153	149
20494	3,1	14,20	2,0	23,10	165	149
20495	0,0	9,14	0,7	12,14	298	149
20498	0,2	14,18	0,0	20,9	174	149
20499	3,4	1,0	2,6	0,0	298	149
20501	6,3	0,1	1,1	0,4	152	149
20503	2,0	9,1	0,0	3,0	168	149
20505	1,5	2,0	1,0	0,0	217	149
20506	1,5	9,1	1,0	3,0	236	149
20507	6,5	13,4	4,6	10,10	240	149
20511	3,4	0,0	5,3	1,0	298	149
20512	96,133	46,69	110,126	91,65	152	149
20513	135,147	1,0	109,126	0,0	292	149
20514	178,129	90,68	164,133	64,77	152	149
20548	117,89	20,16	78,91	19,26	180	149
20549	437,525	0,4	427,367	4,1	298	149
20550	406,486	0,2	384,320	0,0	298	149
20551	1022,1077	0,2	942,859	0,0	298	149
20552	676,656	2,0	611,581	0,2	160	149
20553	543,569	14,8	496,496	10,5	298	149
20554	2,2	0,1	2,2	2,0	160	149
20555	17,18	7,14	6,15	5,12	169	149
20556	0,1	6,3	0,2	5,9	153	149
20557	14,5	2,0	7,11	2,1	169	149
20558	63,84	2,0	24,38	2,0	153	149
20564	1,0	40,33	0,0	46,43	298	149
20588	2,3	0,2	1,4	3,2	298	149
20591	2905,2361	44,54	2705,2599	52,47	222	149
20597	83,79	2,2	89,100	0,0	204	149
20598	10,7	2,2	14,11	0,0	175	149
20609	2,0	2,0	1,0	0,0	287	149
20610	2,0	0,0	1,0	1,0	290	149
20612	0,0	2,6	1,0	3,9	161	149
20613	6,7	0,2	3,5	2,0	226	149
20616	17,11	432,361	3,14	418,412	259	149
20617	0,1	0,0	0,0	1,0	193	149
20618	3,9	0,1	7,5	0,0	152	149
20619	6,9	1,0	7,6	0,0	152	149
20620	221,235	15,23	193,228	30,25	152	149
20623	3,5	0,4	2,6	5,1	233	149
20624	52,45	3,0	55,54	1,4	254	149
20627	1448,1202	4,10	1324,1349	5,4	219	149
20628	1263,855	4,0	1013,991	2,2	151	149
20629	1036,783	17,13	824,800	22,17	298	149
20634	39,20	4,0	21,17	0,0	298	149
20635	962,679	1,0	858,797	0,0	298	149
20638	278,237	6,10	278,228	11,10	298	149
20639	20,16	133,135	23,20	111,110	253	149
20640	15,15	0,2	20,17	0,2	253	149
20641	175,150	0,2	153,151	0,2	298	149
20643	18,10	197,120	12,13	164,140	203	149
20644	254,153	5,6	164,173	4,0	298	149
20645	237,152	0,0	154,162	1,1	172	149
20646	105,77	0,0	80,68	3,0	298	149
20647	96,96	1,0	87,71	2,1	298	149
20648	5,21	0,1	13,12	0,0	298	149
20649	99,129	0,1	94,109	0,0	298	149
20650	97,108	2,0	87,97	0,0	298	149
20651	104,79	15,10	94,81	2,5	298	149
20652	110,118	1,0	105,89	5,2	153	149
20653	0,2	20,42	5,3	32,11	203	149
20654	390,288	149,145	303,266	106,133	152	149
20655	6,3	7,0	0,4	0,0	221	149
20656	555,429	30,25	402,430	28,0	155	149
20657	83,88	0,0	81,73	1,0	217	149
20658	118,122	73,64	113,99	72,58	217	149
20659	209,261	28,13	245,247	37,15	248	149
20662	22,19	183,203	19,16	135,126	218	149
20665	1056,800	0,3	948,851	1,3	290	149
20666	1822,1503	0,1	1769,1567	0,0	290	149
20668	37,40	152,144	40,28	172,136	203	149
20672	777,733	0,1	711,748	0,0	298	149
20673	1065,838	3,0	879,815	3,1	160	149
20676	7,12	0,0	12,15	0,1	154	149
20677	29,34	0,0	31,31	1,2	154	149
20678	1581,1270	17,12	1276,1247	16,11	298	149
20682	208,177	1,4	194,185	1,0	161	149
20683	8,10	235,204	9,7	199,202	166	149
20684	10,19	3,3	7,12	4,2	162	149
20685	55,65	1,0	50,28	1,0	298	149
20686	45,75	2,0	68,52	0,0	298	149
20687	26,52	0,0	38,24	0,5	157	149
20693	2310,2045	47,29	2066,1906	24,24	191	149
20694	1458,1212	21,9	1121,1055	22,14	298	149
20697	47,47	9,11	63,66	12,10	152	149
20698	2144,1826	9,11	1745,1639	12,10	215	149
20699	2119,1798	22,19	1713,1602	31,29	212	149
20700	929,821	0,0	751,703	0,1	298	149
20701	25,19	0,0	12,23	4,0	298	149
20702	564,597	1,5	520,502	2,7	298	149
20703	29,16	3,0	10,17	0,0	298	149
20704	1067,1147	1,0	1049,989	1,1	298	149
20705	2,5	2,0	11,8	0,0	298	149
20706	2,5	2,0	12,8	0,0	298	149
20707	66,51	0,0	33,45	2,0	298	149
20708	32,23	1111,994	14,8	946,922	298	149
20709	335,327	305,319	262,260	224,261	235	149
20710	540,551	305,319	469,450	224,261	298	149
20711	269,287	4,9	274,237	2,8	236	149
20712	469,472	5,2	415,367	1,0	298	149
20713	2,5	8,9	0,0	7,0	229	149
20715	137,74	1,2	73,82	0,4	152	149
20716	1,3	96,109	1,1	103,113	263	149
20717	6,8	97,73	17,4	63,64	185	149
20718	205,239	6,0	167,121	2,0	166	149
20722	14,10	6,1	8,9	4,8	157	149
20723	1,2	1,3	0,1	0,2	179	149
20724	23,18	0,0	23,18	0,2	298	149
20725	20,16	19,9	8,17	16,12	298	149
20726	19,27	98,68	24,25	63,62	298	149
20727	17,15	0,5	12,13	1,0	152	149
20728	7,2	0,0	2,0	0,1	217	149
20730	4,0	69,66	2,5	83,65	179	149
20734	19,22	56,63	24,20	83,46	152	149
20735	4,10	0,2	7,8	0,0	152	149
20736	177,212	35,41	183,145	42,31	152	149
20738	1,0	4,2	2,1	0,0	152	149
20740	557,519	0,1	476,418	0,3	205	149
20741	3,3	1,2	2,1	0,0	173	149
20742	90,104	19,17	79,65	5,11	290	149
20746	37,31	226,186	36,31	232,217	171	149
20747	32,26	0,0	28,27	0,2	156	149
20748	232,285	0,0	209,227	0,2	298	149
20749	226,283	26,19	200,228	19,26	298	149
20758	7,20	0,1	5,11	2,0	159	149
20762	24,26	72,63	28,10	64,80	227	149
20763	19,22	3,2	21,5	2,0	227	149
20764	18,23	3,5	21,5	6,0	227	149
20765	7,15	236,213	9,7	179,218	294	149
20766	19,8	21,21	11,5	18,20	164	149
20767	24,19	25,16	30,19	19,21	152	149
20768	49,46	18,7	64,32	7,10	167	149
20769	13,19	0,7	4,17	4,2	162	149
20770	11,15	0,1	7,17	1,5	162	149
20771	695,528	0,0	608,567	5,2	298	149
20772	13,6	652,601	8,6	535,560	198	149
20773	17,14	2,2	18,13	0,0	298	149
20777	140,158	8,14	155,142	3,11	164	149
20778	2,0	418,370	1,1	312,298	223	149
20779	148,159	3,0	147,158	2,1	226	149
20780	172,208	1,3	213,191	3,1	226	149
20781	105,118	0,0	108,120	1,0	226	149
20782	0,0	3,3	0,1	0,1	152	149
20783	20,10	3,3	16,15	0,1	200	149
20784	20,10	0,0	16,15	0,1	197	149
20786	182,130	0,0	152,132	0,1	298	149
20787	35,41	653,609	36,33	595,627	209	149
20788	21,28	132,101	19,27	134,91	298	149
20789	40,18	143,119	10,11	120,100	184	149
20791	108,106	1,0	88,104	0,0	222	149
20792	60,60	0,1	76,56	0,0	298	149
20793	56,61	0,1	51,43	3,0	298	149
20794	51,60	0,0	55,59	1,0	298	149
20795	39,50	4,4	49,26	4,1	200	149
20796	4,9	39,32	3,4	39,26	183	149
20797	177,190	0,0	232,204	0,1	200	149
20798	5,7	140,120	9,5	174,142	214	149
20799	119,95	0,2	78,98	0,0	156	149
20802	0,5	95,79	3,4	109,76	167	149
20803	160,206	0,1	145,128	0,0	210	149
20804	625,730	0,1	548,391	0,0	298	149
20805	501,561	19,19	432,289	23,25	298	149
20806	38,79	1,3	59,50	3,0	298	149
20809	82,145	11,3	81,100	4,4	153	149
20812	3,4	25,11	1,5	32,10	298	149
20813	47,44	0,1	50,24	0,1	274	149
20814	141,129	10,1	108,126	8,8	201	149
20816	1,2	0,0	2,1	1,0	172	149
20817	90,95	2,1	55,58	0,0	298	149
20832	0,0	0,1	1,0	0,0	238	149
20837	2,3	1,0	0,2	1,3	167	149
20838	5,13	133,126	15,16	143,94	168	149
20840	2,1	119,103	3,2	86,112	173	149
20844	0,6	1,0	2,5	0,0	298	149
20845	247,210	18,14	213,205	9,18	152	149
20846	308,240	3,0	240,243	2,0	154	149
20847	196,157	0,1	167,162	0,0	167	149
20848	4,2	6,2	8,3	4,1	152	149
20849	500,363	6,2	367,366	4,1	281	149
20850	496,362	0,1	365,365	6,2	278	149
20851	255,251	1,0	282,218	1,2	155	149
20852	2,9	259,234	4,6	217,195	298	149
20853	17,13	33,16	20,16	16,17	153	149
20858	2,1	0,2	4,2	2,0	202	149
20859	4,3	0,2	5,4	2,0	246	149
20860	5,4	0,2	5,2	2,0	261	149
20863	1,1	0,0	0,0	0,2	164	149
20864	81,75	45,27	66,70	32,34	152	149
20865	5,9	16,14	4,6	15,7	160	149
20867	77,75	22,24	80,75	13,19	197	149
20868	2,1	19,15	4,3	6,9	166	149
20869	0,4	92,61	3,6	81,75	166	149
20870	40,35	0,2	43,40	0,0	298	149
20871	840,771	6,3	840,803	9,0	298	149
20878	16,22	0,0	16,20	1,1	298	149
20879	16,22	0,0	16,21	1,1	298	149
20881	77,95	0,2	102,92	3,4	298	149
20882	79,95	0,2	104,92	3,4	298	149
20884	5,5	0,0	3,0	0,2	154	149
20885	91,85	0,0	75,77	0,2	258	149
20886	87,81	1,1	74,77	2,0	253	149
20887	6,14	0,0	2,6	1,0	152	149
20890	16,23	8,5	10,21	2,13	152	149
20891	473,453	9,9	454,474	15,10	154	149
20892	14,11	0,0	5,10	2,3	199	149
20893	29,27	0,0	18,9	4,1	232	149
20894	48,42	0,0	45,36	1,0	232	149
20895	3,8	0,0	4,5	0,2	171	149
20896	20,30	4,6	21,22	14,12	171	149
20899	2,1	0,0	3,0	0,2	298	149
20905	0,1	27,19	0,1	30,15	202	149
20906	36,24	0,0	34,19	1,0	189	149
20908	0,1	27,19	0,1	30,15	298	149
20909	5,0	1,6	0,0	0,4	298	149
20913	5,0	30,24	0,0	21,17	298	149
20914	5,0	30,24	0,0	21,17	298	149
20916	1,5	0,1	0,3	0,0	220	149
20917	1,7	0,1	0,5	0,0	230	149
20919	5,0	1,1	0,0	0,1	298	149
20922	16,12	0,3	11,21	1,0	154	149
20925	193,108	45,35	131,139	33,27	152	149
20926	0,3	70,69	4,3	70,82	163	149
20927	0,0	0,4	1,1	0,1	152	149
20929	6,9	0,0	8,9	0,1	154	149
20930	28,19	7,1	18,20	3,2	298	149
20931	3,6	3,3	3,3	2,5	298	149
20932	0,0	5,1	0,2	1,2	170	149
20933	11,5	2,4	0,4	5,14	298	149
20934	10,5	0,2	0,4	1,0	298	149
20935	6,1	0,2	1,0	0,0	298	149
20936	2,4	4,2	8,6	0,0	154	149
20940	8,11	0,0	4,2	1,0	154	149
20953	5,2	2,1	5,6	2,0	224	149
20968	5,1	0,0	0,1	0,1	200	149
20973	536,441	3,0	344,400	0,0	216	149
20974	19,23	33,45	17,16	33,30	298	149
20975	10,10	69,66	5,2	55,61	207	149
20977	171,191	53,31	163,165	28,28	259	149
20978	711,573	8,10	602,509	7,10	180	149
20980	2,0	1,0	1,2	0,0	298	149
20983	17,42	0,1	20,30	0,0	210	149
20984	18,18	12,8	23,19	1,0	154	149
20985	5,10	3,2	2,8	7,0	154	149
20988	3,4	0,0	2,10	0,1	154	149
20991	4,4	2,0	2,9	2,2	154	149
20993	3,6	3,0	3,6	0,1	154	149
20996	1,1	1,0	0,3	0,0	298	149
21001	3,4	0,0	2,2	1,5	190	149
21003	3,4	0,0	2,2	1,5	173	149
21004	22,42	0,0	28,27	1,5	159	149
21006	1,1	19,12	0,3	6,10	298	149
21008	1,1	19,12	1,4	6,10	298	149
21011	1,2	41,35	0,3	58,35	298	149
21013	0,0	10,9	0,2	9,5	238	149
21014	0,0	10,9	0,1	9,5	206	149
21019	4,2	2,1	3,5	0,0	298	149
21024	0,2	4,0	0,0	0,2	186	149
21052	291,268	6,0	222,192	0,2	298	149
21053	118,218	23,32	87,80	11,16	153	149
21054	185,288	9,3	155,131	5,5	298	149
21055	148,268	1,1	126,117	0,6	298	149
21056	36,51	1,1	35,41	0,6	271	149
21057	77,89	1,1	60,52	0,2	271	149
21058	45,63	1,2	40,47	2,0	271	149
21059	6,14	2,0	16,12	0,0	154	149
21060	73,56	7,4	62,69	3,3	298	149
21061	107,89	5,4	85,86	2,1	298	149
21062	19,16	82,75	15,18	82,43	298	149
21063	17,13	8,8	16,15	17,10	298	149
21064	55,39	0,0	52,26	0,2	220	149
21065	104,110	0,0	104,60	0,2	230	149
21066	50,71	1,0	59,35	7,1	159	149
21067	124,108	10,11	72,91	12,10	154	149
21068	4,14	19,11	8,9	10,19	193	149
21069	47,17	0,0	24,31	0,1	191	149
21070	149,191	6,5	176,165	1,6	211	149
21071	36,41	4,0	38,41	0,2	158	149
21072	22,15	2,1	17,8	1,1	196	149
21073	33,39	22,27	28,17	27,23	196	149
21074	1,2	140,79	1,0	71,82	298	149
21078	125,120	5691,6438	90,84	4755,4220	174	149
21079	587,720	0,1	574,456	0,0	179	149
21080	6153,7038	0,1	5239,4592	0,0	154	149
21084	7,21	3,0	12,6	0,1	193	149
21085	14,10	21,12	14,9	7,9	153	149
21087	18,34	54,45	22,14	38,26	298	149
21088	1,0	4,0	0,0	0,3	170	149
21089	1,0	4,2	0,0	2,0	165	149
21098	4,2	4,6	8,1	3,3	152	149
21099	1,1	7,4	11,4	2,3	298	149
21100	1,16	2,0	7,1	0,0	298	149
21102	7,22	1083,810	8,8	907,735	298	149
21104	8,13	1083,810	3,7	907,735	298	149
21105	6,13	1083,810	3,7	907,735	298	149
21106	1139,830	2,0	933,775	0,1	298	149
21107	71,29	1221,899	30,47	1045,910	298	149
21108	56,20	0,3	26,41	1,2	298	149
21110	2,4	80,98	1,1	99,94	173	149
21117	1,0	20,13	1,0	6,17	170	149
21118	1,0	2,1	1,0	2,3	173	149
21119	20,13	2,1	6,17	2,3	152	149
21120	5,3	21,13	3,6	17,29	298	149
21123	36,35	2,3	32,32	0,2	153	149
21124	0,1	0,1	0,0	1,0	151	149
21131	1944,1486	11,7	1860,1595	10,1	195	149
21132	278,241	11,6	221,199	3,8	210	149
21145	10,14	1,5	4,4	2,1	152	149
21147	27,23	0,0	26,23	1,0	187	149
21148	71,63	5,0	69,56	2,3	153	149
21149	13,21	2,3	14,20	1,0	186	149
21150	14,28	2,0	19,26	0,0	186	149
21151	2,2	1,8	6,0	4,6	183	149
21152	1,3	4,3	3,2	7,1	183	149
21153	0,0	2,0	0,1	0,0	298	149
21155	104,64	8,14	87,78	10,3	298	149
21156	69,47	0,0	61,41	1,3	191	149
21157	0,1	145,118	0,0	144,133	155	149
21161	21,29	256,194	19,19	210,190	152	149
21162	1,2	242,179	1,0	214,216	257	149
21165	28,21	11,0	19,14	0,1	203	149
21169	1231,1096	0,1	1029,1097	0,0	298	149
21170	51,47	796,825	39,42	766,687	167	149
21171	223,181	0,0	142,136	1,2	298	149
21172	262,190	956,725	235,222	695,647	173	149
21173	60,46	32,26	54,79	25,29	173	149
21176	19,14	348,269	24,16	290,225	174	149
21177	384,299	74,37	368,330	57,30	185	149
21178	63,40	0,0	58,41	2,0	165	149
21180	1,1	9,5	5,2	7,9	298	149
21181	22,18	0,1	5,16	0,0	153	149
21186	59,68	0,0	57,59	1,1	152	149
21189	27,21	59,66	21,22	54,56	298	149
21190	2,1	0,4	6,2	0,1	153	149
21191	1,2	0,4	2,1	0,1	163	149
21192	0,1	1,0	0,1	4,2	159	149
21194	2,1	0,0	2,1	2,0	153	149
21195	1,2	0,0	2,0	2,0	163	149
21196	0,1	1,0	0,0	0,1	159	149
21197	2,2	15,10	1,1	11,8	166	149
21199	0,2	22,29	1,1	26,24	166	149
21201	7,3	216,167	3,1	176,176	214	149
21206	52,61	0,8	70,82	4,1	152	149
21207	2,2	112,115	1,1	113,89	152	149
21208	156,156	28,28	140,136	18,30	203	149
21209	16,22	980,882	13,20	908,852	169	149
21211	62,36	1,0	45,48	1,3	298	149
21218	2,6	156,146	5,3	158,132	170	149
21219	76,97	0,0	51,31	2,0	176	149
21220	627,542	0,0	545,545	0,1	298	149
21222	479,549	1,1	433,456	1,4	298	149
21223	491,559	13,11	448,471	10,13	298	149
21224	97,105	2,0	100,123	1,0	186	149
21225	1,0	0,0	2,1	3,2	153	149
21226	0,1	21,18	0,1	23,25	153	149
21227	2,0	8,7	0,0	8,14	183	149
21229	0,1	77,76	2,2	48,64	180	149
21230	42,44	0,0	48,25	2,2	187	149
21233	3,6	15,13	1,1	15,13	152	149
21234	80,79	363,298	75,58	259,286	152	149
21235	14,7	154,100	14,3	114,140	152	149
21236	315,233	172,152	292,300	198,181	152	149
21237	0,16	0,0	4,10	1,0	199	149
21239	4,6	0,7	2,0	0,1	298	149
21241	18,19	0,2	10,12	0,0	298	149
21244	7,8	2,0	9,10	0,0	298	149
21247	65,78	3,5	60,63	1,5	240	149
21248	0,1	84,91	0,2	97,103	203	149
21249	2,2	56,82	0,1	66,42	176	149
21250	208,217	2,4	207,222	4,5	266	149
21251	1,5	3,3	3,6	2,1	185	149
21252	5,9	3,3	5,8	2,1	190	149
21253	5,6	1,2	3,4	1,2	154	149
21254	24,31	84,97	14,13	88,112	298	149
21265	210,152	0,0	166,147	0,1	298	149
21267	850,620	6,2	758,711	1,4	293	149
21268	458,314	0,0	370,375	0,1	298	149
21270	10,12	1,0	6,8	0,0	152	149
21271	21,29	0,0	17,31	1,0	152	149
21272	282,199	0,0	229,220	1,0	187	149
21280	71,57	4,0	66,53	1,0	233	149
21281	140,112	1,0	127,124	0,0	233	149
21282	4,1	14,14	0,1	22,10	279	149
21285	257,258	0,1	229,217	0,2	204	149
21287	440,395	3,1	430,399	4,0	197	149
21288	422,312	0,2	347,343	1,1	158	149
21290	3,2	1,0	5,1	0,0	152	149
21291	243,230	0,0	251,247	1,0	298	149
21292	283,254	4,0	230,264	2,1	298	149
21295	5,3	2,0	3,3	1,3	152	149
21296	5,6	329,265	2,7	284,314	174	149
21298	91,92	3,2	82,97	11,7	153	149
21307	1,0	0,1	0,1	0,0	170	149
21308	188,195	0,0	161,178	5,2	298	149
21309	171,178	0,0	152,161	5,2	298	149
21310	6,3	22,18	2,1	10,18	162	149
21311	202,215	4,10	186,191	2,5	298	149
21312	168,181	4,10	154,162	2,5	298	149
21313	166,178	4,10	151,160	2,5	298	149
21314	3,6	36,38	4,2	35,31	162	149
21315	1,4	36,38	5,0	35,31	187	149
21316	0,2	2,4	4,0	3,2	174	149
21318	13,9	3,3	14,14	2,5	212	149
21323	58,60	1397,1268	63,51	1382,1208	170	149
21324	0,3	38,19	2,0	16,24	167	149
21325	9,11	1,2	17,4	0,0	218	149
21326	10,11	2,2	18,4	0,0	227	149
21327	10,11	0,5	18,4	1,3	230	149
21328	47,27	1,2	31,28	0,0	200	149
21329	48,27	2,2	32,28	0,0	209	149
21330	48,27	0,5	32,28	1,3	212	149
21331	2,2	2,2	1,0	0,0	158	149
21332	2,2	0,5	1,0	1,3	161	149
21333	2,2	0,5	0,0	1,3	152	149
21334	0,0	1,1	2,0	1,3	167	149
21336	10,8	0,0	18,4	2,0	230	149
21338	11,9	0,0	17,7	2,0	212	149
21340	30,22	4,1	15,25	2,5	152	149
21343	2,3	104,90	8,1	96,91	203	149
21344	42,30	1430,1094	26,32	1038,1047	179	149
21345	0,3	1404,1034	0,1	1061,1107	177	149
21346	1603,1290	0,3	1372,1210	0,0	298	149
21357	0,1	0,0	0,0	1,0	224	149
21362	9,6	389,328	3,2	349,341	156	149
21368	10,1	2,3	3,3	8,2	165	149
21369	2,1	0,0	1,0	1,0	298	149
21374	5,9	0,2	1,3	0,0	156	149
21375	0,2	0,2	6,0	2,0	152	149
21379	14,23	5,8	11,13	7,10	152	149
21380	25,28	0,1	10,23	0,0	155	149
21382	329,287	20,16	349,329	13,13	298	149
21383	19,21	213,181	30,23	199,194	208	149
21384	0,4	35,41	3,0	9,20	152	149
21385	12,13	61,74	7,3	62,73	152	149
21386	64,57	0,0	100,67	0,4	298	149
21387	92,52	0,1	77,81	0,0	192	149
21388	3,5	0,0	4,4	2,0	152	149
21389	20,10	6,10	11,11	9,4	152	149
21392	1373,1222	10,5	1380,1083	11,10	298	149
21393	1745,1669	1,3	1613,1466	9,2	155	149
21397	4,0	1,0	2,0	0,0	298	149
21401	188,195	3,1	146,169	4,1	191	149
21402	162,191	17,28	146,129	9,9	181	149
21404	1,2	9,11	0,0	9,11	190	149
21405	5,7	9,11	4,1	9,11	256	149
21406	5,5	1,0	4,1	0,0	215	149
21407	4,7	9,11	0,1	9,11	298	149
21408	4,5	1,0	0,1	0,0	298	149
21409	0,3	1,2	0,0	4,0	286	149
21411	0,0	0,1	0,4	2,0	153	149
21412	7,3	0,1	6,4	1,2	153	149
21414	18,9	130,88	14,18	127,115	175	149
21415	88,78	2,0	90,105	1,0	298	149
21416	151,125	0,0	152,139	1,0	243	149
21424	13,7	2,2	15,7	0,4	197	149
21428	109,105	0,1	141,120	0,0	179	149
21429	886,629	14,15	794,707	26,22	179	149
21439	18,8	6,4	3,8	6,0	189	149
21442	125,117	8,5	99,92	1,6	246	149
21444	8,6	10,6	7,5	9,14	168	149
21446	130,121	1,0	164,113	0,0	170	149
21455	41,28	1,1	40,38	0,0	298	149
21456	46,57	0,4	49,41	0,0	202	149
21457	66,55	3,2	39,52	2,2	231	149
21458	1,3	33,39	6,5	34,27	181	149
21459	83,73	0,2	81,57	0,1	279	149
21460	29,21	0,2	23,30	8,4	298	149
21461	26,10	0,2	17,19	2,0	298	149
21462	40,18	0,0	28,23	1,2	199	149
21464	3,6	0,0	1,3	1,1	151	149
21474	1,1	25,17	2,1	31,23	298	149
21477	11,6	4,12	6,9	11,5	171	149
21478	2,7	7,6	3,2	6,9	152	149
21479	175,201	70,72	116,167	46,47	230	149
21480	11,15	0,2	8,4	4,1	298	149
21481	3,1	140,109	1,1	144,119	166	149
21482	196,187	0,1	200,181	0,0	188	149
21483	42,23	0,1	48,28	0,0	206	149
21484	4,2	158,166	2,2	154,155	167	149
21485	331,370	6,1	293,286	3,0	298	149
21488	212,196	8,10	221,152	15,6	298	149
21489	19,12	213,157	11,4	171,118	165	149
21490	66,89	4,3	91,87	0,1	298	149
21495	2,2	166,163	4,2	137,140	298	149
21497	8,3	33,43	3,6	20,34	218	149
21498	1,0	1,0	1,2	0,0	152	149
21499	16,10	12,13	25,13	11,8	152	149
21500	753,633	43,37	609,579	48,57	298	149
21501	580,546	5,2	533,514	0,2	298	149
21505	7,0	2,0	1,0	0,0	298	149
21506	244,193	12,17	204,195	4,6	152	149
21507	143,123	0,6	119,115	1,2	298	149
21508	301,240	5,7	249,267	3,3	207	149
21509	24,23	168,154	26,19	142,117	211	149
21510	7,0	25,27	4,1	14,20	152	149
21511	3,3	46,23	0,0	27,27	173	149
21512	155,130	0,1	121,113	2,0	168	149
21513	32,21	0,1	18,19	2,0	195	149
21514	4,4	127,113	1,3	104,97	176	149
21515	359,307	13,15	273,233	13,6	298	149
21516	323,374	0,1	301,281	0,0	298	149
21517	367,376	2,6	285,263	2,0	199	149
21518	6,4	349,291	5,4	281,252	177	149
21519	23,12	146,145	11,12	142,109	184	149
21520	26,21	146,145	18,24	142,109	188	149
21521	7,9	4,0	8,13	1,1	153	149
21522	8,18	1,5	10,7	6,6	154	149
21524	14,10	3,0	26,26	3,2	298	149
21525	776,753	3,3	742,788	2,3	298	149
21526	3,3	1,1	2,4	0,0	167	149
21527	3,0	1,0	1,2	0,0	167	149
21529	10,7	0,2	4,8	1,1	167	149
21542	64,46	0,0	52,45	0,1	158	149
21551	0,1	5,7	0,2	11,15	166	149
21552	1,4	0,1	1,7	0,0	298	149
21553	6,11	0,1	15,19	1,0	153	149
21554	22,14	0,1	15,5	0,0	298	149
21555	34,18	7,1	26,59	0,0	184	149
21558	12,3	119,136	3,16	142,109	298	149
21559	1,0	135,106	0,1	147,143	174	149
21560	0,2	42,29	2,1	28,26	164	149
21562	0,0	0,1	3,0	0,0	152	149
21563	20,11	72,95	24,24	106,97	235	149
21564	0,0	2,0	2,1	0,0	160	149
21565	292,254	4,2	271,257	0,3	298	149
21566	4,15	45,34	5,4	40,42	239	149
21567	202,149	73,83	183,163	90,76	152	149
21568	57,68	5,1	58,70	9,12	298	149
21569	82,119	0,4	82,78	0,2	195	149
21572	61,32	13,16	31,32	25,19	152	149
21582	105,97	1193,1030	75,69	959,859	257	149
21583	878,794	1,3	764,752	1,5	185	149
21584	10,8	988,936	9,4	863,818	182	149
21585	226,183	5,6	183,185	1,4	226	149
21587	78,75	339,320	59,43	308,319	298	149
21588	12,11	0,1	23,11	0,0	298	149
21589	300,281	13,3	282,293	7,12	298	149
21590	6,4	270,237	5,6	259,267	170	149
21592	23,25	28,19	29,26	25,24	152	149
21593	9,10	0,1	7,3	1,0	154	149
21594	82,91	1061,1130	68,75	865,845	152	149
21596	0,1	8,0	0,0	4,3	188	149
21597	17,30	1,0	17,11	1,0	154	149
21600	136,117	97,77	97,93	70,59	194	149
21601	3,3	5,7	0,0	6,1	162	149
21602	2,6	0,7	6,1	1,1	152	149
21615	0,1	0,0	0,1	1,0	153	149
21618	156,109	8,0	144,117	0,0	298	149
21619	4,4	102,89	2,3	76,63	298	149
21620	16,13	8,3	7,13	6,2	152	149
21621	1,0	2,1	1,3	2,1	152	149
21624	53,68	2,1	50,33	3,0	298	149
21638	16,13	1,0	8,5	0,0	205	149
21639	3,4	0,1	2,2	1,9	273	149
21640	0,0	4,4	3,2	7,4	169	149
21643	5,0	1,0	0,2	3,0	152	149
21644	12,2	0,0	0,0	0,2	152	149
21646	165,145	42,53	172,171	62,46	215	149
21647	202,128	0,1	147,137	0,0	163	149
21648	1,0	187,187	2,0	204,179	244	149
21649	327,289	7,7	246,256	6,14	189	149
21650	1,0	1,0	1,0	1,3	189	149
21654	0,0	3,1	2,0	2,2	296	149
21659	1,0	10,8	1,0	4,11	153	149
21661	65,90	2,5	57,57	9,4	244	149
21662	3,2	86,61	1,3	53,73	217	149
21666	11,4	400,312	2,5	354,321	160	149
21667	3,1	1,0	1,4	0,0	168	149
21669	11,10	6,2	6,16	1,0	298	149
21670	106,105	0,0	81,88	0,2	298	149
21671	75,75	1,6	54,70	1,0	152	149
21684	4030,3264	0,0	3812,3586	2,0	298	149
21692	3,0	0,1	2,4	0,0	192	149
21693	4,1	0,1	3,5	1,0	192	149
21694	3,1	0,1	1,4	1,0	298	149
21695	0,1	1,1	0,0	2,1	298	149
21697	8,7	1,0	5,2	0,0	192	149
21698	3,2	5,1	0,1	4,5	195	149
21700	30,41	1,3	37,27	0,0	298	149
21704	6,6	0,0	4,3	3,2	154	149
21706	2,2	75,55	1,1	49,66	168	149
21709	9,9	29,19	5,15	13,20	199	149
21711	3,3	29,19	2,2	13,20	172	149
21712	0,2	29,19	1,1	13,20	168	149
21713	239,234	37,48	181,227	44,32	152	149
21714	59,54	19,34	58,38	14,15	152	149
21718	36,40	1,0	34,19	0,2	206	149
21720	17,4	0,1	5,8	0,0	298	149
21721	9,0	2,0	2,5	4,11	152	149
21722	38,34	0,0	35,29	1,0	298	149
21735	6,16	119,113	17,9	97,138	161	149
21742	134,124	1,0	168,134	0,0	256	149
21743	32,21	484,446	28,33	365,347	170	149
21744	548,510	3,0	526,457	2,0	298	149
21745	3,2	1,1	4,4	0,0	165	149
21746	8,5	2,0	17,11	0,0	298	149
21747	3,0	57,47	2,0	37,51	186	149
21761	9,10	41,29	7,4	19,23	170	149
21766	8,2	26,19	5,5	21,8	152	149
21767	1889,1687	0,2	1674,1509	0,0	274	149
21768	1446,1192	17,4	1290,1265	8,8	204	149
21771	1,2	243,276	0,0	211,181	200	149
21772	1,2	243,276	0,0	211,181	213	149
21776	1,0	1,1	0,0	1,1	169	149
21787	0,0	0,2	0,3	1,0	165	149
21789	0,2	0,2	1,0	0,0	152	149
21791	0,2	0,0	2,0	0,1	298	149
21797	15,5	0,0	11,1	0,4	208	149
21798	22,10	0,0	13,4	0,4	240	149
21814	1,0	0,0	1,3	1,0	175	149
21817	5,3	0,0	2,3	4,0	175	149
21818	1,0	0,0	0,3	4,0	171	149
21819	0,0	1,0	1,1	0,0	153	149
21831	3,0	1,0	2,1	2,2	173	149
21834	815,1014	352,373	811,605	270,278	298	149
21835	594,707	54,37	554,434	32,41	298	149
21836	1147,1453	29,28	967,861	7,11	256	149
21837	244,300	0,2	181,205	2,1	154	149
21838	54,75	0,2	37,39	2,1	178	149
21839	9,3	199,228	10,5	154,171	173	149
21840	1366,1487	88,91	1005,977	83,47	154	149
21841	54,77	88,91	38,39	83,47	178	149
21842	9,5	1321,1415	11,5	978,943	173	149
21846	223,186	2,8	247,196	5,5	298	149
21848	351,277	2,5	287,242	9,3	191	149
21849	44,36	2,5	38,26	9,3	175	149
21850	396,280	0,0	284,216	1,0	192	149
21852	1,5	266,211	0,3	244,152	298	149
21856	7,3	391,354	4,4	327,296	194	149
21857	230,238	34,45	239,148	53,41	181	149
21858	0,0	0,1	0,1	0,0	163	149
21859	18,8	177,124	15,27	124,135	152	149
21865	5,8	0,0	17,2	1,2	152	149
21866	410,297	0,0	407,370	1,2	209	149
21872	3,2	11,9	0,0	16,10	166	149
21873	0,0	13,16	2,0	10,11	177	149
21874	9,9	4,1	1,10	1,2	203	149
21875	10,5	7,10	11,3	8,8	200	149
21880	32,22	5,0	11,21	1,2	199	149
21884	1,0	0,1	0,6	2,0	298	149
21885	0,0	0,2	0,1	0,0	298	149
21888	1,2	0,5	3,1	2,0	152	149
21890	1,1	1,0	3,0	0,2	182	149
21891	27,32	0,1	20,16	0,1	154	149
21894	5,1	14,13	5,3	26,19	186	149
21895	3,2	19,14	1,1	6,8	298	149
21896	18,26	28,24	32,28	20,21	298	149
21901	14,11	547,432	15,7	496,478	154	149
21902	29,30	547,432	32,21	496,478	179	149
21903	15,19	0,0	18,14	1,0	174	149
21904	66,42	0,1	44,35	0,0	298	149
21905	3,3	0,2	8,6	0,0	194	149
21906	4,7	0,0	9,9	2,0	298	149
21907	184,143	0,1	153,128	0,0	189	149
21910	1,2	2,6	6,1	2,2	152	149
21911	0,0	7,3	0,2	5,5	195	149
21919	1,5	2,4	0,6	3,0	152	149
21922	12495,13685	6,3	10005,8960	3,5	298	149
21923	11864,10547	4,7	10117,9326	8,8	298	149
21924	6076,5307	2,0	5892,5579	0,2	298	149
21925	2,2	1,1	0,1	3,4	154	149
21926	384,240	0,0	280,283	0,1	276	149
21927	9,2	0,2	4,3	0,0	298	149
21929	7,3	2,0	7,0	0,0	298	149
21930	5,2	1,2	5,0	0,0	252	149
21931	31,29	55,50	36,46	44,43	164	149
21932	2,1	0,0	1,0	1,1	177	149
21933	3,2	0,0	3,0	1,1	182	149
21943	0,1	54,53	0,0	73,43	234	149
21950	74,56	56,45	55,43	32,32	298	149
21951	0,0	1,0	2,0	0,0	162	149
21958	1384,1168	2,0	1255,1166	1,2	221	149
21959	6,0	0,1	1,2	0,0	152	149
21960	15,5	0,1	10,10	0,0	173	149
21961	14,5	5,0	10,10	1,2	170	149
21962	3,2	3,0	0,2	0,0	170	149
21974	16,16	2127,1866	27,14	1902,1803	176	149
21975	2056,1825	2,0	1984,1792	2,0	298	149
21976	313,322	4,7	316,283	4,6	170	149
21977	2329,2138	6,1	2184,2130	4,0	170	149
21978	0,0	32,39	1,0	35,22	239	149
21979	2,0	10,19	1,1	13,13	152	149
21981	334,272	9,2	276,261	3,1	152	149
21982	0,2	1,2	0,0	1,0	152	149
21985	3,5	338,283	4,4	294,277	178	149
21986	417,365	3,0	363,310	3,2	179	149
21989	2,3	126,128	0,1	165,99	179	149
21992	0,2	2,3	0,0	0,4	165	149
21993	105,80	2,7	111,79	1,0	155	149
21996	108,109	0,1	98,85	2,0	203	149
21997	290,311	7,9	258,224	8,9	203	149
21998	14,6	2,0	7,6	1,0	220	149
21999	0,0	1,0	4,0	0,0	234	149
22000	153,162	14,10	127,87	17,3	298	149
22001	0,3	159,149	1,4	155,98	160	149
22002	74,61	74,75	51,69	61,86	298	149
22003	37,32	2,0	25,30	1,0	298	149
22004	109,83	0,0	79,90	2,0	298	149
22005	28,25	1,0	26,18	0,0	298	149
22011	1,1	4,3	0,0	7,5	153	149
22012	10,10	0,0	14,33	0,2	284	149
22013	59,51	76,75	52,56	88,61	182	149
22014	23,25	17,15	25,30	13,18	182	149
22018	85,62	2,0	95,77	0,0	169	149
22022	0,1	3,0	1,2	0,3	221	149
22023	2,1	8,3	1,4	6,0	152	149
22024	10,8	37,16	16,14	14,25	298	149
22025	16,10	37,16	21,10	14,25	298	149
22026	8,7	1,0	15,12	0,0	298	149
22027	47,30	221,185	47,28	188,178	154	149
22029	1,0	0,1	2,2	0,2	298	149
22040	1,0	3,8	3,1	9,2	152	149
22041	1090,912	0,0	1138,970	0,1	298	149
22042	94,112	8,11	102,80	2,4	174	149
22043	184,154	6,6	173,143	9,6	202	149
22044	26,11	8,8	24,19	3,4	209	149
22047	15,14	191,186	5,19	174,152	298	149
22048	12,10	0,0	5,10	1,0	154	149
22049	0,2	1,2	2,0	1,3	187	149
22050	73,50	70,40	68,61	66,45	185	149
22051	10,8	0,1	12,4	1,0	219	149
22053	0,0	8,2	2,0	2,7	162	149
22058	44,56	11,7	58,40	10,12	298	149
22059	41,54	24,21	33,41	19,17	257	149
22060	1,4	0,3	5,8	4,1	231	149
22075	8,10	660,536	8,11	674,631	180	149
22076	831,610	1,2	842,732	2,6	298	149
22077	6,3	681,577	6,2	739,651	298	149
22078	367,300	0,0	365,322	0,1	262	149
22079	875,732	2,2	802,857	0,5	151	149
22081	11,17	5,7	22,14	8,1	173	149
22082	229,205	132,84	207,234	127,115	161	149
22084	26,17	167,123	20,14	189,148	152	149
22085	36,31	61,59	28,41	44,93	152	149
22096	2276,1923	5,1	1914,1816	0,2	245	149
22097	353,318	5,1	367,332	0,2	217	149
22108	8,14	2,0	5,14	0,1	298	149
22121	4,3	0,0	4,0	0,2	298	149
22125	1,0	62,52	4,2	54,42	298	149
22129	0,3	116,98	0,0	115,71	191	149
22133	20,17	2,3	14,29	2,1	298	149
22134	12,18	2,0	20,15	0,0	153	149
22135	29,30	1,0	28,39	0,0	298	149
22136	20,19	0,0	23,30	0,1	153	149
22138	50,42	0,0	52,56	0,2	298	149
22139	29,20	38,40	21,33	46,47	298	149
22140	4,2	5,1	7,7	5,1	259	149
22141	9,2	0,0	7,9	1,0	262	149
22142	9,2	0,1	7,11	0,0	279	149
22143	10,1	0,0	5,3	1,0	152	149
22144	10,1	0,1	5,5	0,0	169	149
22145	0,0	0,1	1,2	0,0	166	149
22147	272,191	2,2	198,172	1,3	258	149
22149	1,1	2,0	1,0	0,2	181	149
22150	71,65	114,107	87,62	114,94	193	149
22158	77,76	2,9	73,69	6,6	298	149
22162	1,1	0,0	2,2	0,1	172	149
22167	48,77	0,0	33,31	0,2	199	149
22168	57,91	21,10	44,34	2,16	199	149
22170	313,304	106,106	269,287	94,95	152	149
22171	319,316	0,0	272,297	2,1	155	149
22172	112,118	0,0	97,105	2,1	152	149
22173	30,28	0,0	30,27	0,1	153	149
22174	409,363	0,0	370,336	0,4	153	149
22186	548,467	1,0	547,548	2,3	298	149
22188	13,9	2,3	11,2	4,3	152	149
22194	7,2	5,2	1,5	1,4	298	149
22197	182,205	0,1	217,194	0,2	260	149
22198	4,5	0,0	7,4	2,2	168	149
22199	7,7	88,83	10,7	104,105	168	149
22200	13,7	96,95	15,10	101,91	298	149
22201	48,37	2,2	46,38	2,2	298	149
22202	137,129	2,2	136,124	2,2	212	149
22203	3,4	4,0	6,3	1,0	298	149
22204	49,34	98,82	36,41	84,84	152	149
22205	5,4	3,6	4,1	2,0	152	149
22207	5,9	0,0	14,5	0,2	298	149
22208	12,15	152,166	26,12	136,117	298	149
22209	16,17	2,6	28,13	3,2	298	149
22210	4,6	0,0	12,5	0,2	219	149
22211	11,12	152,166	24,12	136,117	237	149
22212	15,14	2,6	26,13	3,2	240	149
22213	7,6	152,166	12,9	136,117	167	149
22214	11,8	2,6	14,10	3,2	170	149
22215	156,168	2,6	138,118	3,2	152	149
22216	123,98	0,0	92,96	0,1	157	149
22217	100,118	1,0	76,81	0,0	298	149
22218	5,2	67,105	2,0	81,69	163	149
22225	4,7	219,194	6,7	226,204	160	149
22227	44,45	1,3	42,40	4,0	166	149
22230	0,0	2,0	1,0	0,0	152	149
22241	177,122	1,0	144,125	0,3	209	149
22248	8,2	2,0	7,3	1,0	163	149
22249	61,33	4,4	81,45	6,4	163	149
22250	108,84	10,2	82,68	8,3	153	149
22251	82,52	1,0	52,43	1,1	170	149
22262	0,0	2,4	1,1	0,1	154	149
22264	303,257	30,14	252,276	19,16	188	149
22268	63,84	0,1	82,107	0,0	181	149
22269	31,26	2,0	42,31	2,0	168	149
22272	76,83	0,0	84,75	1,1	203	149
22273	379,377	0,1	340,364	0,0	176	149
22277	13,40	0,0	28,15	3,0	253	149
22283	0,0	2,0	0,1	0,0	217	149
22287	60,30	16,15	18,29	17,6	223	149
22288	12,4	0,0	4,8	1,1	223	149
22290	195,117	14,16	178,176	19,27	217	149
22291	26,14	9,6	30,24	8,3	152	149
22293	82,52	38,28	64,79	38,44	152	149
22298	12,4	2,0	15,14	0,0	152	149
22299	78,65	0,1	56,64	1,0	205	149
22300	25,31	0,0	35,32	0,2	156	149
22301	2,3	168,133	4,1	166,181	174	149
22308	2,2	0,2	0,1	3,0	298	149
22311	6,1	0,1	4,2	0,0	298	149
22312	150,121	15,13	149,124	7,12	298	149
22313	34,21	192,194	38,20	192,157	152	149
22314	231,180	0,0	218,215	0,2	155	149
22315	2,4	0,1	3,1	0,0	163	149
22316	5,6	0,2	1,2	0,1	298	149
22317	391,294	1,4	276,326	0,2	216	149
22318	265,210	2,0	188,224	0,0	298	149
22319	1,2	245,168	1,0	203,190	178	149
22321	4,5	179,131	4,3	192,148	163	149
22322	57,39	0,1	45,47	0,0	182	149
22324	232,165	0,1	233,192	0,0	168	149
22327	4,5	167,203	2,5	163,213	175	149
22328	219,219	17,12	181,216	12,11	178	149
22329	346,337	2,2	331,300	0,0	229	149
22332	369,367	0,1	318,301	0,0	229	149
22334	3,2	200,209	4,3	169,205	188	149
22336	0,0	257,209	4,2	226,195	169	149
22337	261,210	0,0	229,197	1,0	298	149
22339	112,97	0,2	95,94	0,0	298	149
22340	205,172	4,1	177,142	1,3	173	149
22341	202,169	1,0	183,134	0,0	298	149
22342	240,186	0,2	184,187	0,0	161	149
22344	357,305	0,1	292,304	0,0	246	149
22346	117,121	0,1	108,117	0,0	234	149
22347	13,3	0,1	7,11	0,0	162	149
22349	278,285	5,0	257,280	0,1	217	149
22350	286,298	3,0	265,292	0,0	222	149
22351	101,83	5,0	87,89	0,1	213	149
22352	109,96	3,0	95,101	0,0	218	149
22353	13,13	3,0	8,13	0,0	154	149
22358	29,30	1,5	32,32	4,3	152	149
22359	0,0	26,27	1,2	24,22	165	149
22364	0,0	2,2	2,1	4,2	168	149
22369	54,65	0,0	74,59	1,0	298	149
22371	6,6	0,0	3,3	2,1	178	149
22373	0,1	1,2	0,0	1,0	222	149
22374	0,1	1,2	0,0	1,0	290	149
22375	0,1	1,2	0,0	1,0	298	149
22386	14,16	0,0	26,4	0,3	157	149
22387	235,189	32,16	196,220	29,27	152	149
22388	265,294	15,1	257,274	8,5	200	149
22389	98,79	66,50	89,102	73,69	167	149
22395	2,0	0,2	0,3	5,0	154	149
22396	6,12	160,156	8,7	168,161	185	149
22397	159,205	3,1	137,194	4,0	298	149
22399	2,8	1,0	3,4	0,0	298	149
22400	163,191	14,23	156,150	20,17	152	149
22401	194,185	2,2	213,200	0,0	152	149
22404	90,88	4,0	85,75	0,2	298	149
22406	159,124	9,9	164,143	13,12	183	149
22407	17,11	0,2	18,18	3,1	183	149
22410	322,221	0,1	224,241	0,0	298	149
22411	152,113	4,2	97,123	2,5	162	149
22412	553,438	1,4	493,465	0,0	155	149
22415	359,289	0,0	326,267	1,2	157	149
22416	491,367	3,0	372,373	5,4	191	149
22417	99,102	0,0	64,57	1,0	265	149
22418	122,115	12,14	117,106	12,23	298	149
22419	163,137	2,0	138,158	0,0	155	149
22420	0,1	107,99	1,1	87,96	201	149
22421	6,7	51,53	5,3	47,28	218	149
22425	6,5	0,1	3,5	0,0	153	149
22433	11,10	35,41	7,7	35,23	217	149
22435	135,130	1,0	123,105	3,10	272	149
22436	109,95	1,0	82,91	3,10	298	149
22437	34,35	56,66	24,35	62,48	185	149
22438	2,0	1,1	2,3	0,4	152	149
22440	56,37	0,2	55,56	0,0	209	149
22441	218,194	0,2	195,199	0,0	298	149
22442	197,184	1,1	178,175	2,2	298	149
22443	97,67	1,0	90,79	8,0	298	149
22444	112,66	5,1	104,111	4,1	298	149
22445	3,0	60,52	2,5	43,55	154	149
22446	22,25	1334,1189	16,13	1215,1127	169	149
22447	14,17	1342,1118	16,17	1232,1094	184	149
22448	82,62	1276,1164	57,51	1085,1049	191	149
22449	1765,1418	33,30	1549,1455	26,13	218	149
22450	1130,1003	1,0	1045,948	0,0	298	149
22451	0,0	0,1	2,0	0,0	169	149
22453	2,9	2,5	6,2	1,6	169	149
22454	4,3	0,3	3,1	3,2	172	149
22455	172,111	2,0	118,129	2,1	291	149
22456	61,46	38,28	63,63	37,23	187	149
22457	459,380	38,28	411,419	37,23	199	149
22458	399,334	1,0	350,357	2,1	161	149
22459	487,377	0,0	455,412	2,0	298	149
22460	78,59	1,6	80,81	7,2	199	149
22461	461,469	2,4	452,407	6,0	170	149
22462	0,8	271,191	1,0	273,273	164	149
22464	24,29	24,30	26,28	32,21	152	149
22465	64,73	24,30	60,37	32,21	171	149
22466	58,62	18,18	59,29	25,20	168	149
22490	1,10	0,5	9,7	0,0	154	149
22494	84,69	0,1	71,62	0,0	208	149
22496	12,11	2,0	4,12	0,0	152	149
22497	15,14	1,5	26,32	3,0	152	149
22499	57,46	0,0	30,41	2,7	152	149
22500	3,2	1,1	3,5	0,1	152	149
22501	7,3	0,0	4,3	2,0	232	149
22502	17,18	1,1	14,29	1,0	152	149
22503	4,16	2,0	7,19	0,0	152	149
22504	7,6	0,0	1,6	1,0	152	149
22505	10,7	1,0	13,7	0,0	152	149
22507	92,79	1,0	103,61	2,1	298	149
22508	20,21	14,10	15,14	8,13	298	149
22514	5,16	0,0	17,5	2,0	155	149
22517	7,0	10,11	3,8	11,4	298	149
22518	3,0	10,11	0,2	11,4	220	149
22521	883,734	1,1	778,732	1,0	298	149
22522	19,17	943,716	7,16	914,784	174	149
22524	209,168	2,0	207,164	0,0	298	149
22525	14,9	270,217	8,6	238,245	178	149
22541	330,268	0,0	329,250	1,0	298	149
22571	34,31	39,65	30,39	46,36	152	149
22572	4,0	2,0	0,1	0,0	152	149
22573	16,24	2,9	22,22	3,4	152	149
22574	4,8	0,1	2,3	0,0	152	149
22580	20,20	2,1	12,26	0,2	298	149
22581	1,1	4,0	1,0	1,0	164	149
22583	266,195	3,0	228,208	0,1	204	149
22584	13,26	0,1	11,8	0,2	298	149
22586	53,121	2,0	72,43	0,0	298	149
22587	14,33	6,18	6,15	8,1	298	149
22588	221,321	6,18	243,233	8,1	298	149
22589	278,371	0,0	291,251	0,1	298	149
22590	1399,1388	6,3	1226,1242	1,2	155	149
22591	3500,4109	19,45	3126,2821	18,16	244	149
22592	1237,1612	3,2	1231,1051	0,1	298	149
22593	7,13	1208,1569	10,11	1212,1031	298	149
22594	193,171	8,4	172,140	3,6	152	149
22595	18,6	1,5	16,9	1,7	152	149
22596	101,84	0,1	96,88	0,0	152	149
22597	97,79	7,15	95,84	11,6	152	149
22598	135,170	6,2	128,104	0,0	198	149
22599	102,81	4,1	100,85	0,2	152	149
22600	243,264	6,2	155,168	1,3	286	149
22601	284,307	6,2	175,190	1,3	298	149
22602	170,173	1,0	127,135	2,0	245	149
22603	139,173	13,22	128,112	14,8	198	149
22604	98,83	0,0	97,81	0,2	152	149
22605	117,102	2,1	129,107	3,1	152	149
22608	10,14	4,4	26,17	0,2	152	149
22609	242,264	8,6	154,168	2,11	286	149
22610	273,288	8,6	167,186	2,11	298	149
22611	277,291	8,6	162,185	2,11	298	149
22612	159,154	0,0	119,131	1,0	245	149
22613	297,327	0,0	242,234	1,0	294	149
22614	140,176	2,3	129,107	6,4	198	149
22615	14,14	2,2	5,13	1,0	298	149
22616	712,616	7,13	669,604	6,11	298	149
22617	31,15	608,601	30,23	623,549	298	149
22618	0,1	8,10	0,0	3,5	200	149
22619	0,9	0,0	3,4	1,0	298	149
22624	128,102	0,1	84,93	1,0	153	149
22626	512,514	19,12	413,380	8,6	298	149
22627	558,580	3,3	502,446	5,3	298	149
22628	138,149	3,3	133,116	5,3	206	149
22629	124,140	1,2	128,112	1,0	206	149
22630	40,67	0,1	46,38	0,0	160	149
22631	3,10	81,93	7,4	92,66	167	149
22632	43,52	13,10	35,28	7,9	154	149
22633	27,29	0,1	30,19	0,0	298	149
22634	544,537	1,3	455,315	7,1	298	149
22635	5,1	44,29	8,8	31,44	188	149
22637	359,382	0,5	319,271	2,1	298	149
22638	698,710	0,1	640,545	0,2	298	149
22639	917,875	50,29	858,733	49,34	200	149
22640	336,333	0,0	320,282	0,2	298	149
22641	107,181	0,1	108,71	1,0	298	149
22642	5,8	1,0	15,1	3,0	298	149
22643	362,326	6,3	390,385	2,6	298	149
22644	138,167	5,14	103,115	13,12	152	149
22645	54,83	0,2	63,36	5,3	200	149
22648	16,11	0,1	9,7	0,1	197	149
22649	209,199	5,7	174,188	4,0	152	149
22650	32,30	222,162	30,35	209,167	197	149
22652	23054,20613	70,45	21546,19634	69,53	298	149
22653	260,217	10,4	228,243	8,5	198	149
22654	2228,1961	16,31	2182,1873	17,19	170	149
22655	2315,1958	2,3	2150,2069	0,0	298	149
22656	355,303	2,1	417,356	0,0	298	149
22657	110,71	491,487	88,95	434,420	172	149
22658	99,66	270,221	92,91	204,239	172	149
22659	7,10	1,0	6,8	0,1	152	149
22660	6,4	6,13	4,0	7,7	167	149
22661	13,11	45,51	9,4	42,28	200	149
22663	13,20	45,51	12,11	42,28	182	149
22666	121,124	4,7	99,89	3,1	152	149
22667	297,294	5,4	256,264	6,5	298	149
22668	42,32	42,52	34,20	43,27	164	149
22672	120,87	25,24	108,89	23,25	152	149
22675	2,1	2,0	7,2	0,0	298	149
22676	14,12	11,12	22,14	7,6	235	149
22681	1,6	1,0	2,7	0,0	291	149
22682	4,6	0,0	1,2	1,0	238	149
22685	64,66	5,2	74,69	3,2	153	149
22686	9,4	11,21	8,6	14,16	153	149
22688	1,0	0,2	1,0	10,3	179	149
22689	10,18	11,28	6,9	18,14	179	149
22690	0,2	1,0	0,0	4,0	179	149
22691	32,34	32,29	31,21	33,15	152	149
22700	1,0	20,6	0,2	14,12	164	149
22701	26,15	1,1	19,11	0,2	214	149
22702	7,2	0,0	5,2	1,2	201	149
22704	127,128	1,0	84,97	0,2	246	149
22705	7,7	0,3	5,11	3,1	154	149
22706	100,82	5,6	54,59	2,4	154	149
22707	37,26	13,7	28,31	8,5	154	149
22714	20,19	25,23	33,9	12,16	152	149
22715	0,0	1,0	2,0	1,0	152	149
22716	33,30	4,0	17,34	0,0	243	149
22718	4,1	45,48	6,2	34,32	189	149
22722	1,0	0,0	2,0	2,2	154	149
22723	2,1	1,2	3,0	0,0	298	149
22729	5,6	11,14	6,5	15,7	229	149
22730	48,38	13,4	48,32	8,2	298	149
22731	49,50	41,38	43,39	22,35	152	149
22732	133,130	0,0	174,120	4,0	298	149
22733	146,106	31,22	102,121	24,23	298	149
22734	2,0	2,1	0,6	6,3	298	149
22735	14,18	18,15	17,16	19,11	187	149
22736	44,41	106,110	36,48	119,117	187	149
22737	13,23	79,68	12,19	68,58	220	149
22738	43,49	0,2	39,44	0,3	254	149
22739	108,97	0,0	86,76	2,1	298	149
22740	109,94	0,2	95,83	0,3	183	149
22741	177,157	0,0	150,126	2,1	279	149
22742	68,65	0,0	55,46	2,1	245	149
22743	14,5	192,121	6,9	133,125	292	149
22746	1135,833	67,70	795,734	61,42	152	149
22747	1441,1204	1,0	1132,994	2,1	298	149
22751	83,93	3,3	76,70	2,2	298	149
22753	128,114	10,7	100,105	6,9	194	149
22754	310,350	11,12	253,285	12,10	194	149
22755	498,397	0,1	384,382	0,0	298	149
22764	2,3	9,14	2,0	13,9	152	149
22767	19,10	2,1	17,2	4,0	287	149
22768	93,91	4,6	106,87	0,2	298	149
22775	133,89	1,0	112,103	0,0	155	149
22776	81,88	0,0	95,73	0,1	152	149
22780	39,32	5,2	24,24	9,4	154	149
22781	91,76	5,2	72,88	6,0	154	149
22782	68,78	110,81	75,97	87,102	264	149
22783	111,85	0,2	89,105	1,0	151	149
22784	69,82	0,2	77,100	1,0	266	149
22785	2,2	2,0	0,2	3,1	153	149
22786	2,6	0,3	2,6	0,0	154	149
22787	85,87	19,26	78,101	25,22	264	149
22788	223,209	19,26	195,210	25,22	298	149
22789	159,135	17,9	128,113	3,4	298	149
22790	155,135	127,77	119,118	85,92	154	149
22796	71,81	1,1	79,68	2,0	193	149
22797	408,326	2,2	352,326	2,5	221	149
22798	3,3	9,4	4,1	18,11	167	149
22799	24,16	187,144	12,9	150,129	167	149
22800	88,67	0,1	63,77	1,4	166	149
22801	0,1	134,106	3,3	139,118	298	149
22802	93,90	0,0	92,94	1,0	298	149
22804	1,2	16,11	0,0	1,7	161	149
22806	1,2	20,11	0,0	11,12	167	149
22807	2,9	5,3	6,7	2,3	298	149
22808	0,3	0,0	1,0	1,0	186	149
22809	1,7	1,0	4,4	2,1	298	149
22810	27,31	1305,1041	39,36	1194,1172	246	149
22811	2,8	76,88	2,2	70,68	172	149
22812	15,13	246,216	18,10	235,205	166	149
22813	110,122	13,3	118,92	10,8	215	149
22814	341,325	13,3	335,287	10,8	198	149
22815	321,289	0,0	311,267	2,3	298	149
22816	330,274	11,9	316,274	13,8	298	149
22817	29,15	1,0	18,21	0,0	298	149
22818	40,34	5,4	33,31	6,2	298	149
22819	84,58	11,9	83,72	13,8	298	149
22820	19,24	5,4	20,13	6,2	216	149
22821	292,243	7,5	311,259	6,2	298	149
22822	37,40	285,216	40,36	285,203	216	149
22823	26,30	2,1	31,31	2,8	193	149
22824	13,11	285,216	11,13	285,203	172	149
22825	338,310	1,0	302,281	0,5	298	149
22826	0,0	24,8	2,1	7,13	184	149
22827	55,66	4,7	65,54	4,7	218	149
22829	42,59	1,2	70,72	0,3	252	149
22830	0,0	6,14	0,2	7,2	153	149
22833	307,281	7,0	287,295	1,4	298	149
22834	302,290	1,2	286,294	2,0	167	149
22835	55,66	1,2	58,59	2,0	187	149
22836	10,11	257,235	10,11	238,246	169	149
22838	438,409	0,0	411,383	0,2	298	149
22839	14,10	12,13	18,12	12,15	208	149
22842	24,22	416,337	16,16	347,367	208	149
22843	503,385	1,0	434,408	0,0	151	149
22844	746,500	9,13	594,568	15,10	161	149
22845	714,489	0,2	573,531	0,0	298	149
22846	10,20	439,351	13,9	390,341	185	149
22847	9511,8215	122,85	8659,8197	116,115	160	149
22848	8795,7131	5,13	7452,7771	14,10	152	149
22849	9502,7642	37,18	8920,8184	16,20	298	149
22850	6082,5560	0,1	5762,5777	1,0	298	149
22851	21,23	5958,5432	23,26	5544,5610	167	149
22852	8874,7078	0,4	8440,7582	2,1	298	149
22853	74,65	9288,7280	62,54	8630,8002	166	149
22854	5488,4470	0,0	5203,4797	0,1	298	149
22855	229,168	7058,6048	221,184	7081,6417	232	149
22860	47,52	4048,3433	47,45	3836,3659	170	149
22861	47,50	4048,3433	47,45	3836,3659	185	149
22862	50,54	4048,3433	49,46	3836,3659	252	149
22863	0,1	0,3	2,0	2,0	164	149
22864	3,5	0,3	4,1	2,0	231	149
22866	9,5	0,0	7,5	2,2	298	149
22871	2,3	2,4	2,4	0,1	152	149
22872	2,4	12,18	2,0	13,19	153	149
22876	12,3	1,0	8,3	0,0	251	149
22878	4,6	2,2	12,3	2,1	152	149
22881	109,74	1,0	76,91	1,2	298	149
22882	18,10	12,17	17,12	14,9	194	149
22883	20,9	469,544	21,16	395,431	194	149
22886	4,11	27,28	0,2	25,33	183	149
22899	1,1	0,0	0,1	0,1	152	149
22900	21,7	2,6	6,6	3,1	152	149
22901	69,92	0,0	42,35	0,1	271	149
22902	50,91	0,0	39,30	0,1	268	149
22903	119,101	125,164	68,84	136,117	161	149
22904	950,952	152,138	801,773	132,121	152	149
22905	1082,926	6,3	899,915	0,5	298	149
22906	6,3	0,0	3,1	0,2	152	149
22907	33,33	81,63	31,27	53,61	152	149
22908	10,11	82,58	10,17	60,52	298	149
22916	191,146	12,14	133,137	9,2	298	149
22917	0,1	0,0	0,0	1,0	171	149
22918	0,1	0,0	0,0	1,0	182	149
22929	6,7	50,36	8,10	54,35	177	149
22965	3,0	0,0	0,1	0,2	200	149
22966	6,1	0,0	2,1	0,2	271	149
22967	2,0	0,0	0,1	0,2	178	149
22974	77,71	0,0	54,73	2,0	260	149
22975	1,4	75,67	3,4	73,64	166	149
22985	21,29	8,15	26,27	19,7	161	149
22986	202,200	5,6	229,172	5,4	152	149
22987	14,14	0,1	10,5	0,0	152	149
22988	343,306	124,94	291,288	103,92	152	149
22989	40,36	617,566	30,22	532,550	279	149
22990	1,16	174,206	9,5	197,148	246	149
22991	1,7	215,237	10,0	167,159	164	149
22992	5267,4751	5,4	4924,5027	7,3	158	149
22993	5061,4214	0,2	5071,4428	0,0	221	149
22994	12368,10122	18,10	11858,11057	25,17	221	149
22995	41,43	19,17	40,30	19,13	174	149
22996	18,17	300,268	5,2	259,191	263	149
22998	0,1	0,0	1,0	0,1	230	149
23007	4,1	0,2	0,2	0,0	238	149
23012	3,1	0,1	1,2	0,0	177	149
23103	12,10	19,15	7,4	24,12	195	149
23116	11,6	0,0	8,5	1,0	167	149
23117	21,14	0,4	19,15	6,0	205	149
23121	4,3	4,1	3,8	2,2	298	149
23138	158,142	4,2	128,164	3,3	191	149
23139	122,117	1,2	135,141	2,0	152	149
23146	78,86	6,4	75,52	4,2	152	149
23151	8,4	0,4	4,6	0,0	190	149
23155	9,7	2,6	5,5	0,2	181	149
23156	8,7	68,64	4,0	70,46	180	149
23164	15,10	35,30	24,20	28,33	152	149
23166	73,49	0,0	34,35	1,0	156	149
23167	154,130	446,312	130,137	354,261	167	149
23168	1015,866	3,3	984,854	7,2	156	149
23169	1143,936	5,0	960,932	8,10	151	149
23170	24,66	790,663	32,24	724,666	187	149
23171	30,28	0,0	23,17	0,2	298	149
23172	27,29	0,2	25,17	0,0	298	149
23173	754,660	6,1	661,626	1,7	161	149
23174	57,47	0,0	45,40	0,2	298	149
23175	30,29	1100,974	28,17	1041,914	298	149
23176	811,691	278,258	787,675	248,228	152	149
23177	37,30	0,0	46,33	1,0	152	149
23178	50,43	148,107	37,33	151,133	277	149
23181	4,9	0,7	2,6	2,2	158	149
23182	27,10	16,11	31,26	7,5	298	149
23185	1331,1028	775,579	1216,1178	642,641	209	149
23186	329,271	0,1	333,308	5,2	209	149
23187	3330,2972	72,75	3212,3039	65,62	164	149
23188	45,30	3389,2772	30,27	2834,2966	168	149
23191	7384,6415	6,0	7608,7182	4,4	186	149
23192	939,999	6,0	1096,1075	4,4	203	149
23193	13,18	6458,5434	18,13	6530,6120	166	149
23201	5,1	0,2	0,4	0,2	237	149
23203	15,8	5,2	10,13	0,4	152	149
23204	970,731	2,3	771,655	1,5	153	149
23205	7,14	301,246	12,11	295,253	218	149
23208	305,289	0,1	336,305	1,0	153	149
23209	1804,1427	47,39	1570,1507	29,20	226	149
23210	637,507	5,3	507,460	6,8	226	149
23213	115,115	1,2	116,123	0,0	298	149
23216	358,260	24,39	316,251	33,39	298	149
23217	0,2	356,234	1,4	211,288	177	149
23220	337,289	0,1	257,299	0,1	156	149
23221	289,236	5,4	251,259	1,0	298	149
23222	239,228	7,1	257,217	8,4	170	149
23223	303,302	0,0	211,194	1,0	298	149
23224	188,170	51,24	192,155	14,25	152	149
23225	5,1	0,0	5,0	0,2	152	149
23226	16,7	185,157	8,8	141,144	169	149
23227	9,5	1,6	7,8	6,2	169	149
23229	196,172	0,1	202,179	0,1	193	149
23230	211,179	2,0	181,173	0,2	161	149
23232	222,202	29,23	264,187	11,14	270	149
23233	166,132	34,38	151,116	51,22	263	149
23234	87,67	2,7	90,76	3,4	263	149
23235	21,5	194,134	24,16	190,159	275	149
23236	265,279	1,0	258,264	0,0	257	149
23247	5,5	2,0	7,8	0,1	298	149
23250	198,153	0,1	181,148	0,0	153	149
23253	4,8	1,0	2,12	0,2	151	149
23254	8,4	1,4	6,6	3,2	154	149
23261	7,12	100,105	3,2	114,86	298	149
23262	22,25	4,5	23,20	3,4	298	149
23264	5966,4720	3,0	5809,5252	3,0	157	149
23265	142,120	0,0	125,128	0,1	298	149
23266	1,1	55,34	1,0	35,33	169	149
23267	2,2	54,61	1,1	51,50	181	149
23268	28,38	6,6	34,34	10,5	152	149
23270	24,33	3,0	11,15	1,8	182	149
23272	13,12	6,5	5,4	5,2	234	149
23276	0,1	0,0	0,0	0,1	235	149
23277	0,1	0,0	0,0	0,1	266	149
23278	0,1	0,0	0,0	0,1	273	149
23282	297,257	0,1	252,280	0,0	298	149
23283	108,64	60,52	86,76	50,36	152	149
23285	6,0	0,0	6,3	1,1	199	149
23286	86,53	2,3	85,84	0,3	189	149
23287	2,2	189,150	3,0	193,179	176	149
23288	2,2	143,137	2,3	136,141	192	149
23289	148,147	0,0	145,143	0,2	298	149
23293	1,2	3,0	3,1	4,1	289	149
23298	686,631	0,6	714,574	3,9	298	149
23299	0,0	6,4	2,0	4,1	171	149
23303	2,0	7,3	1,6	0,3	298	149
23306	164,127	0,2	83,103	0,0	168	149
23307	476,391	7,11	401,354	1,4	153	149
23308	586,459	33,17	457,416	14,26	226	149
23309	47,48	0,1	60,39	2,2	152	149
23310	10,5	11,17	3,4	8,10	178	149
23311	18,26	110,102	15,23	82,95	152	149
23316	33,16	350,275	10,22	324,281	170	149
23317	68,59	0,1	71,83	3,0	206	149
23319	19,20	0,0	19,26	1,3	152	149
23320	76,39	20,15	50,62	5,11	152	149
23321	8,5	12,19	6,3	8,12	191	149
23326	0,1	1,1	0,0	0,2	150	149
23327	101,76	3,3	60,70	0,0	155	149
23328	21,23	281,230	25,21	242,229	284	149
23331	33,31	5,3	47,39	1,6	152	149
23332	1,2	45,29	4,4	24,13	177	149
23345	227,134	6,3	175,161	1,3	237	149
23346	32,23	0,0	14,11	1,0	298	149
23347	26,21	4,1	13,9	4,3	298	149
23348	26,21	4,1	13,9	4,3	298	149
23354	27,21	4,1	13,9	4,3	298	149
23355	26,21	4,1	13,9	4,3	298	149
23358	8,8	1,0	5,1	0,0	179	149
23361	27,22	1,0	15,10	0,0	298	149
23363	0,4	1,0	4,0	0,0	158	149
23364	8,4	0,0	2,1	1,0	170	149
23365	26,21	0,1	13,9	0,0	298	149
23366	27,21	0,1	13,9	0,0	298	149
23370	8,4	1,0	2,1	0,0	170	149
23371	32,23	1,0	14,11	0,0	298	149
23380	20,13	0,0	26,38	2,0	298	149
23381	19,13	0,0	26,38	2,0	298	149
23384	26,21	0,1	13,9	0,0	298	149
23385	19,13	0,0	26,38	2,0	298	149
23386	19,13	0,0	26,38	2,0	298	149
23387	4,5	0,1	22,14	0,0	152	149
23388	5,1	0,1	3,3	0,0	183	149
23389	5,0	4,4	2,2	21,13	180	149
23391	0,0	2,1	2,1	14,9	182	149
23392	194,135	1,0	186,145	0,0	156	149
23393	2,3	118,96	1,1	100,93	171	149
23394	165,128	0,0	135,123	1,0	298	149
23397	0,1	142,153	3,4	173,152	180	149
23398	4,6	0,2	6,8	0,0	157	149
23399	109,103	0,0	136,89	0,2	298	149
23400	116,112	0,4	145,91	1,2	298	149
23401	10,10	1,0	12,12	3,2	298	149
23402	157,115	2,1	145,118	2,0	157	149
23403	26,39	2,0	28,26	0,0	151	149
23417	80,79	6,1	92,65	5,2	159	149
23418	0,1	38,36	0,1	43,14	255	149
23419	32,20	2,0	18,11	0,0	298	149
23420	7,2	10,14	1,1	13,4	152	149
23421	4,3	16,2	1,4	2,1	152	149
23424	3,6	0,1	4,9	1,0	233	149
23425	139,140	57,55	116,83	41,55	235	149
23426	184,151	2,7	145,148	1,5	298	149
23428	793,595	0,0	599,554	0,1	224	149
23429	9,1	215,189	3,1	189,192	158	149
23432	3064,2397	0,1	2079,2017	0,1	226	149
23435	303,231	0,0	270,229	2,0	198	149
23436	153,204	0,1	147,147	0,0	298	149
23437	171,201	1,0	169,147	2,0	213	149
23438	162,131	5,3	125,88	0,2	183	149
23439	112,141	8,6	121,92	9,6	298	149
23440	706,606	0,0	653,496	0,1	298	149
23441	693,678	2,0	610,580	2,1	192	149
23442	222,253	0,0	190,210	0,2	298	149
23443	215,258	3,2	183,213	10,6	151	149
23444	506,392	0,1	386,375	0,0	208	149
23445	4,7	218,171	11,4	161,200	229	149
23446	106,83	10,14	78,92	5,11	152	149
23447	174,120	4,3	149,155	2,1	241	149
23448	230,170	38,18	198,189	39,23	241	149
23449	56,59	0,3	41,29	5,3	298	149
23451	15,9	0,0	2,12	0,1	298	149
23454	2,0	26,27	0,3	29,31	161	149
23456	1,0	50,43	0,1	27,26	168	149
23457	2,0	75,55	1,0	54,65	174	149
23458	73,62	925,889	47,59	831,860	188	149
23459	42,31	17,9	30,33	19,15	188	149
23460	41,31	17,15	31,33	8,11	188	149
23461	43,31	14,10	29,33	7,7	188	149
23462	43,35	46,34	33,35	41,33	188	149
23466	752,573	3,8	668,621	10,1	221	149
23467	752,573	103,81	668,624	87,88	221	149
23468	2289,2230	2,0	2005,1953	4,2	298	149
23469	1853,1457	228,182	1599,1551	230,143	164	149
23470	149,168	51,40	175,176	43,25	164	149
23471	275,218	1,4	264,249	2,2	238	149
23472	271,224	4,4	259,258	5,5	238	149
23474	11,15	8,2	6,8	2,0	232	149
23475	1,0	0,0	0,0	1,0	156	149
23479	0,2	1,0	4,3	0,0	152	149
23480	55,46	61,38	39,41	37,40	240	149
23481	39,30	26,9	25,31	20,16	240	149
23482	1,0	107,88	0,0	105,64	184	149
23487	0,0	2,1	0,4	4,2	211	149
23488	0,0	1,0	1,0	0,0	211	149
23490	99,92	0,0	99,95	2,0	184	149
23491	22,13	0,0	22,11	2,2	184	149
23494	921,763	27,22	804,760	28,27	249	149
23499	13,20	2,0	13,9	0,0	231	149
23500	22,30	2,1	23,14	0,0	231	149
23502	10264,8179	5,3	7574,6273	6,7	298	149
23508	107,86	5,0	77,81	1,3	227	149
23509	127,106	1,1	84,100	9,1	227	149
23511	5,5	0,2	3,4	1,0	173	149
23512	7,14	328,296	3,6	334,284	298	149
23513	4,12	328,296	2,2	334,284	298	149
23514	18,6	0,0	15,12	0,2	154	149
23515	238,157	19,14	220,166	10,13	154	149
23516	32,19	1,3	21,20	3,1	191	149
23517	52,49	246,218	36,27	193,223	298	149
23518	30,37	246,218	21,16	193,223	288	149
23519	14,4	0,1	6,11	0,0	191	149
23520	34,34	28,20	21,18	22,19	298	149
23521	29,35	28,20	18,15	22,19	288	149
23523	7,3	290,269	3,5	265,239	229	149
23524	9,3	290,269	3,5	265,239	213	149
23526	1873,1620	0,0	1610,1585	1,0	193	149
23527	41,37	367,281	23,29	286,289	193	149
23528	149,148	367,281	156,134	286,289	224	149
23529	115,115	7,4	138,109	5,4	180	149
23531	57,77	2,0	48,41	0,0	298	149
23533	1,3	15,12	6,4	21,10	156	149
23534	4,9	2,0	8,1	0,0	298	149
23535	5,9	0,0	8,4	2,0	298	149
23536	105,104	555,617	86,113	491,431	298	149
23537	1029,940	0,0	865,959	1,0	298	149
23538	105,100	0,0	79,92	1,0	298	149
23539	1582,1210	18,19	1399,1304	12,25	153	149
23540	37,27	6,7	38,19	3,2	246	149
23541	646,599	4,9	650,560	12,9	298	149
23542	1280,1111	0,1	1225,1071	0,0	298	149
23544	34,29	412,391	46,43	330,478	190	149
23546	1752,1403	1,0	1646,1464	0,0	155	149
23547	2,6	87,100	2,2	92,82	166	149
23548	15,5	19,16	16,9	9,0	181	149
23549	2,2	10,7	6,0	7,12	255	149
23550	2,2	6,12	6,0	3,5	255	149
23551	1,2	4,0	7,0	0,1	255	149
23554	8,5	255,479	4,6	260,174	166	149
23556	3403,2798	6,1	2776,2674	1,6	229	149
23557	2283,1846	11,11	1887,1733	13,19	298	149
23558	39,46	1,3	33,32	2,0	298	149
23561	3,2	94,107	4,4	105,107	298	149
23562	33,26	100,84	46,34	105,75	152	149
23563	181,166	18,12	203,170	27,21	206	149
23564	85,71	18,12	108,96	27,21	236	149
23565	44,29	140,124	31,30	126,104	179	149
23566	421,296	1,2	367,350	0,0	298	149
23567	500,392	0,1	486,421	0,1	298	149
23568	419,333	0,0	413,352	1,1	298	149
23569	456,357	0,1	415,375	2,3	298	149
23570	474,364	14,13	467,427	6,6	298	149
23571	102,82	0,1	70,83	2,3	298	149
23572	120,89	14,13	122,135	6,6	298	149
23573	120,90	14,13	123,137	6,6	298	149
23575	80,63	320,280	92,96	299,258	298	149
23576	156,120	0,2	147,161	3,0	298	149
23577	19,14	320,280	7,27	299,258	178	149
23578	102,76	0,2	73,100	3,0	202	149
23579	403,342	0,2	365,331	3,0	173	149
23580	520,349	2,0	419,436	0,0	173	149
23582	522,539	7,9	455,479	6,5	298	149
23585	64,77	1,0	81,73	0,0	182	149
23586	8,4	1,1	12,13	0,1	152	149
23587	275,233	27,47	254,246	39,35	182	149
23588	284,239	18,11	270,250	22,10	185	149
23589	36,53	18,11	55,39	22,10	152	149
23590	97,98	196,195	111,95	224,180	152	149
23591	10,3	275,254	5,5	230,195	271	149
23592	319,324	209,245	243,258	143,240	152	149
23593	22,26	22,20	11,14	14,17	152	149
23594	32,47	356,482	30,27	287,217	152	149
23595	0,4	1,5	8,5	0,0	152	149
23596	89,77	1,1	88,82	7,1	153	149
23597	81,96	1,4	69,75	1,1	164	149
23598	6,6	54,49	7,9	80,68	169	149
23599	9,13	54,49	6,12	80,68	298	149
23600	4,7	1,0	1,10	2,7	283	149
23601	96,98	32,31	75,66	18,32	152	149
23602	2,1	0,2	3,1	1,0	152	149
23604	1,7	3,2	1,5	2,0	182	149
23605	8,6	3,2	3,5	2,0	250	149
23606	7,4	0,5	3,4	1,4	217	149
23607	140,108	4,7	121,114	6,3	298	149
23613	16,5	215,198	14,6	192,207	167	149
23614	216,195	102,105	181,155	104,104	185	149
23618	37,24	75,62	44,34	70,64	152	149
23619	35,57	256,377	23,25	203,158	247	149
23621	1,2	0,0	2,0	0,1	242	149
23650	514,448	3,0	419,409	0,0	298	149
23651	524,409	12,18	454,418	9,15	198	149
23652	4,2	412,359	2,5	344,313	298	149
23654	11,11	6,4	9,10	1,2	268	149
23655	82,111	7,0	77,65	5,6	251	149
23656	4,3	26,33	1,2	22,14	191	149
23658	7,5	37,46	1,2	44,32	166	149
23660	305,327	0,0	222,191	0,1	298	149
23661	1109,1107	0,0	935,809	0,1	298	149
23662	819,798	1,1	730,629	0,0	155	149
23666	783,723	107,98	680,710	112,114	298	149
23667	17,11	422,390	5,12	403,386	152	149
23668	415,469	15,12	336,319	15,11	241	149
23669	30,29	55,44	17,16	33,17	152	149
23670	3,6	4,0	2,2	0,0	171	149
23671	15,23	0,4	12,9	1,3	298	149
23672	19,23	0,4	12,9	1,3	298	149
23673	5,6	0,1	0,1	0,0	225	149
23674	169,124	0,0	116,111	0,2	173	149
23675	11,18	6,9	7,5	2,12	158	149
23676	41,28	0,2	29,29	0,0	298	149
23677	90,70	2,5	87,91	2,3	230	149
23679	3,4	76,75	1,0	63,63	196	149
23680	42,88	1,2	47,30	8,0	190	149
23681	16,25	7,18	11,25	5,5	298	149
23686	2573,2283	0,0	2795,2809	2,0	249	149
23692	2,10	12,18	0,1	2,6	170	149
23693	7,3	1,0	7,5	0,0	187	149
23694	207,204	0,1	129,116	0,0	298	149
23695	26,27	95,97	25,26	96,89	152	149
23696	163,95	6,3	164,156	1,3	209	149
23697	359,302	14,10	350,356	18,6	152	149
23698	618,500	14,13	610,480	8,8	196	149
23699	22,21	590,487	15,24	542,478	298	149
23700	35,19	590,487	16,33	542,478	298	149
23701	14,5	1,4	5,10	2,0	193	149
23702	98,102	1,0	110,73	0,0	196	149
23703	404,437	0,2	405,409	1,1	298	149
23704	0,2	597,473	6,1	523,438	214	149
23705	346,356	2,1	334,331	0,0	153	149
23706	79,88	17,6	89,80	4,10	189	149
23707	490,447	17,6	482,414	4,10	193	149
23708	411,360	0,1	395,334	2,0	153	149
23713	0,2	12,16	1,0	7,5	221	149
23718	1,1	0,0	1,2	2,0	235	149
23722	112,92	1,2	98,86	2,1	298	149
23727	0,2	1,0	2,2	0,0	156	149
23734	305,219	1,1	278,235	0,0	151	149
23735	440,340	3,0	429,401	0,2	152	149
23737	9,8	4,11	20,14	6,5	298	149
23738	24,31	0,2	34,11	0,0	152	149
23744	44,53	0,2	45,28	4,1	152	149
23745	15,16	497,742	14,19	396,373	189	149
23746	904,1043	6,7	664,671	3,3	298	149
23747	1333,1402	7,10	1204,1018	7,2	298	149
23752	0,2	12,8	3,2	14,17	153	149
23757	3,0	0,0	0,2	3,1	211	149
23767	1,1	12,12	0,3	13,16	197	149
23768	2,1	19,11	0,0	11,11	286	149
23770	492,378	268,235	378,374	227,244	152	149
23771	6,3	141,101	3,3	100,93	164	149
23772	24,8	27,23	27,7	24,18	164	149
23773	22,12	202,156	14,21	160,164	243	149
23774	230,183	57,50	201,169	36,37	167	149
23775	4,10	1,6	3,7	5,0	152	149
23776	186,162	4,2	143,133	5,4	298	149
23777	89,69	0,2	92,71	1,0	298	149
23778	98,78	2,0	92,85	3,0	298	149
23779	105,120	0,0	128,127	0,1	298	149
23780	125,134	1,5	152,139	0,3	191	149
23785	86,57	0,2	84,64	2,4	211	149
23786	1238,1041	2,0	1099,966	0,0	298	149
23787	28,28	0,0	40,26	0,1	173	149
23788	233,198	21,8	189,202	12,19	173	149
23792	39,41	11,10	45,31	14,11	185	149
23794	16,10	0,0	15,21	2,0	298	149
23795	104,78	2,0	98,79	0,0	298	149
23796	332,254	1,0	331,302	0,0	298	149
23797	2,2	112,69	1,5	114,111	201	149
23798	5,7	0,0	8,10	0,1	298	149
23799	5,7	2,0	15,10	0,0	298	149
23800	323,292	1,2	380,331	0,0	298	149
23801	292,238	0,2	255,279	1,0	282	149
23802	838,672	14,6	767,806	8,23	282	149
23803	29,22	0,1	10,23	0,0	298	149
23804	41,42	215,207	18,32	279,218	298	149
23808	237,213	3,0	203,194	2,0	230	149
23809	255,228	0,0	233,224	0,1	298	149
23810	29,22	0,0	37,35	0,1	298	149
23811	0,1	1,0	0,1	0,0	170	149
23812	3,1	1,0	0,0	2,0	194	149
23814	29,26	0,2	16,27	2,1	233	149
23816	1991,1707	2,0	1924,1806	0,4	158	149
23817	239,225	1,1	238,207	1,2	298	149
23818	1956,1726	3,3	1884,1761	13,9	298	149
23819	2121,1885	1,0	2027,1865	1,1	298	149
23820	242,226	1,0	251,216	1,1	298	149
23821	1929,1664	4,0	1980,1719	0,1	298	149
23822	276,258	1357,1040	275,232	1401,1272	298	149
23823	69,61	0,0	68,47	4,0	152	149
23824	1149,1057	88,77	1199,1214	83,91	152	149
23832	5,14	80,62	17,4	45,53	232	149
23835	8,3	2,0	0,0	1,0	262	149
23836	20,16	7,20	11,15	12,7	152	149
23837	12,16	899,774	13,24	933,753	191	149
23842	661,541	0,0	508,523	1,0	217	149
23843	1384,1197	4,2	1303,1194	1,5	298	149
23844	2033,1730	2,0	1807,1701	0,0	298	149
23845	659,543	2,0	509,523	0,0	217	149
23846	1781,1535	4,0	1626,1557	5,7	217	149
23855	16,12	6,4	10,3	5,4	167	149
23856	2,0	2,3	0,0	2,4	161	149
23857	0,0	1031,836	1,3	1025,851	161	149
23858	808,763	0,0	823,733	2,0	298	149
23859	671,587	0,4	708,552	0,2	161	149
23862	24,10	463,375	22,14	431,332	298	149
23864	5,5	101,81	3,0	73,62	185	149
23865	6,7	23,25	10,15	18,11	178	149
23866	261,222	14,16	207,211	18,17	298	149
23867	1,3	0,0	0,2	2,3	152	149
23868	0,4	2,5	0,2	0,7	152	149
23871	4,1	0,0	4,3	3,0	186	149
23872	32,32	0,0	29,28	2,0	154	149
23873	1026,820	1,1	913,883	8,2	154	149
23881	48,20	18,12	36,18	30,11	175	149
23882	226,176	35,27	148,163	26,23	152	149
23883	20,8	4,3	11,6	0,0	152	149
23884	293,211	9,13	306,266	9,5	203	149
23885	234,155	0,0	199,162	1,0	298	149
23886	26,36	1,10	47,43	6,1	181	149
23887	1,4	0,11	0,4	5,1	163	149
23888	7,17	0,11	8,5	5,1	298	149
23889	7,16	0,1	8,6	0,3	298	149
23896	5,4	52,72	11,7	46,42	178	149
23902	5,6	78,80	1,7	91,93	157	149
23906	0,0	1,2	1,0	0,2	230	149
23916	22,20	7,6	16,30	10,10	152	149
23925	1,0	2,2	0,0	2,0	175	149
23938	2,2	0,0	4,8	0,2	200	149
23946	156,124	4,0	123,90	0,2	279	149
23951	0,1	28,25	0,1	29,27	164	149
23954	0,5	4,0	2,5	1,4	298	149
23955	9,11	4,0	6,11	3,3	298	149
23956	70,70	22,29	52,51	28,20	152	149
23963	7,8	225,227	10,2	235,219	233	149
23965	0,0	2,1	1,0	3,1	169	149
23967	2,7	0,0	4,2	4,1	169	149
23968	0,1	0,0	0,0	0,3	249	149
23970	22,36	0,1	14,23	0,0	298	149
23974	4,2	94,101	0,0	53,61	204	149
23975	0,2	94,101	0,0	53,61	167	149
23977	169,227	5,0	158,172	1,0	154	149
23978	4,10	203,229	4,2	169,187	154	149
23979	69,117	1,3	40,49	0,0	153	149
23980	87,153	0,0	96,78	0,1	230	149
23981	33,69	2,0	43,25	0,0	230	149
23982	7,12	277,321	11,12	244,213	152	149
23983	12,10	29,21	7,10	24,20	164	149
23984	5,6	11,0	3,4	6,2	152	149
23985	0,0	19,3	0,1	10,7	212	149
23987	8,2	0,0	3,4	1,1	152	149
23988	235,188	35,27	194,240	33,31	152	149
23989	244,216	2,4	254,272	3,1	298	149
23990	7,6	221,200	5,6	237,258	176	149
23992	279,213	26,28	289,279	33,32	164	149
23993	0,0	48,45	1,1	55,69	185	149
23994	0,0	4,0	1,0	6,2	298	149
23995	3,0	2,0	2,0	0,0	152	149
23996	46,45	0,0	49,46	0,2	153	149
23997	15,25	4,2	15,19	0,0	209	149
24000	48,31	481,406	38,23	431,442	298	149
24001	14,6	558,476	4,14	498,493	245	149
24002	718,605	45,35	683,687	32,28	201	149
24003	4,6	343,328	4,4	301,283	172	149
24004	694,563	0,0	520,510	1,0	298	149
24005	502,396	7,8	472,457	7,6	184	149
24006	59,61	457,358	56,43	375,351	172	149
24007	11,10	3,3	13,16	1,1	298	149
24008	745,571	5,2	726,714	7,0	298	149
24029	3,1	0,0	3,3	0,2	153	149
24030	0,6	3,0	6,4	3,0	187	149
24031	1,3	4,0	5,4	5,3	187	149
24032	211,164	0,0	209,185	0,1	227	149
24033	7,14	1,0	9,4	0,2	298	149
24035	38,35	0,0	33,22	0,1	232	149
24038	37,36	0,2	21,32	2,3	298	149
24039	51,51	4,0	44,34	0,1	298	149
24040	50,44	1,0	44,35	0,0	298	149
24041	38,36	4,0	35,25	0,1	232	149
24042	49,43	1,0	46,34	0,0	292	149
24043	15,7	1,0	11,10	0,0	209	149
24044	0,0	0,2	0,3	0,0	154	149
24049	7,4	8,8	11,3	6,5	298	149
24050	8,4	1,2	15,5	0,1	298	149
24051	20,19	4,0	13,12	6,2	298	149
24053	9,8	1,2	10,7	0,1	153	149
24054	28,25	4,0	19,17	6,2	298	149
24055	21,19	4,0	13,13	6,2	298	149
24059	1,1	0,4	2,1	2,0	205	149
24061	0,1	0,0	1,2	0,2	152	149
24062	7,5	3,6	5,4	6,4	152	149
24063	2,3	2,1	7,3	3,0	152	149
24065	40,36	2,2	33,29	2,1	153	149
24066	114,88	0,1	103,76	0,1	268	149
24067	76,54	0,1	72,48	0,1	264	149
24069	490,669	17,16	427,375	19,18	288	149
24070	5,5	3,4	13,4	6,4	210	149
24071	486,667	0,0	428,373	1,0	288	149
24072	484,666	0,0	421,373	1,0	227	149
24073	1,1	3,2	1,2	0,4	298	149
24074	32,29	0,0	32,28	3,1	298	149
24078	4,2	6,0	2,5	0,1	182	149
24079	0,1	6,3	3,4	8,6	182	149
24080	0,1	146,103	3,4	130,132	185	149
24081	6,3	146,103	8,6	130,132	152	149
24082	9,2	162,180	3,9	175,163	216	149
24084	111,96	2,0	103,100	0,2	298	149
24098	2,4	3,0	1,7	0,0	152	149
24099	1,0	0,0	0,1	0,1	152	149
24102	6,6	0,3	5,7	2,0	189	149
24103	11,16	0,2	8,8	0,0	153	149
24104	38,24	37,20	41,25	21,25	218	149
24105	331,284	2,4	313,270	2,0	153	149
24106	366,253	2,0	291,256	1,1	155	149
24109	68,73	0,1	72,61	3,1	172	149
24110	95,91	0,0	109,72	1,0	172	149
24119	8,8	1,2	11,7	0,0	298	149
24120	164,130	1,0	147,175	2,0	180	149
24121	29,32	1,1	20,24	0,0	180	149
24124	33,22	23,17	30,14	7,7	152	149
24125	26,15	89,62	20,23	72,89	298	149
24126	14,17	99,93	11,11	53,90	152	149
24128	10,14	0,2	4,9	2,0	298	149
24129	7,5	0,0	5,1	2,1	152	149
24133	759,667	0,0	771,704	2,0	298	149
24145	6,2	38,24	5,3	44,53	166	149
24146	2,0	36,29	0,0	30,35	169	149
24147	1,3	38,40	8,3	28,30	269	149
24157	10,29	126,94	17,23	125,139	298	149
24158	39,44	0,0	45,43	0,1	298	149
24159	64,62	0,0	59,62	4,0	155	149
24164	2,1	6,8	0,1	8,7	281	149
24168	7,4	184,178	6,3	163,148	237	149
24169	236,251	0,0	231,212	0,1	237	149
24170	14,3	121,81	11,11	108,96	170	149
24171	57,49	12,3	65,67	10,7	224	149
24172	164,127	12,3	162,152	10,7	203	149
24175	33,36	54,51	30,26	44,58	164	149
24176	133,138	0,3	107,123	2,2	298	149
24177	81,88	80,112	66,59	87,67	298	149
24178	112,105	0,0	98,84	4,0	298	149
24179	2,6	98,87	7,7	75,68	259	149
24180	198,213	16,24	239,174	22,8	298	149
24181	6,4	198,207	11,3	232,173	286	149
24182	85,100	6,4	74,72	2,1	158	149
24184	1,0	0,0	0,2	0,1	152	149
24187	182,171	0,0	206,216	2,0	154	149
24188	101,84	23,13	88,84	28,20	165	149
24191	2,3	0,4	5,2	1,6	168	149
24193	17,8	0,3	7,6	4,0	208	149
24194	29,22	158,133	32,14	167,184	205	149
24200	302,271	209,196	297,278	256,224	152	149
24201	641,534	0,0	658,575	0,1	298	149
24203	1,2	66,83	0,0	71,52	165	149
24205	13,27	44,34	25,9	18,16	152	149
24206	5,12	5,6	6,8	7,2	298	149
24207	5,1	7,4	3,6	6,3	173	149
24208	11,18	3,1	20,15	0,4	163	149
24216	222,186	0,1	238,210	0,0	177	149
24222	3,3	4,5	1,0	1,3	298	149
24225	1,1	94,52	1,1	60,56	173	149
24226	0,0	102,68	3,7	113,66	298	149
24227	150,125	5,4	131,90	19,5	241	149
24228	89,67	4,3	65,52	7,2	161	149
24229	14,13	46,34	15,26	72,47	164	149
24232	0,3	108,111	1,3	91,65	180	149
24233	11,14	4,0	9,11	2,0	298	149
24234	47,34	128,133	30,25	115,110	176	149
24235	6,3	127,109	2,0	148,113	176	149
24238	4,10	25,40	2,4	32,20	245	149
24239	64,66	13,5	83,49	15,10	298	149
24240	11,28	39,45	15,14	37,24	152	149
24245	85,118	1,2	76,68	0,0	225	149
24246	21,11	267,321	11,8	238,202	233	149
24247	79,73	41,34	69,67	28,30	217	149
24248	38,14	6,1	14,22	0,5	298	149
24249	18,14	24,12	18,13	17,17	195	149
24250	14,22	24,12	11,15	17,17	198	149
24251	4,9	24,12	6,5	17,17	221	149
24252	11,13	15,5	6,10	13,8	152	149
24253	1,0	15,5	1,0	13,8	175	149
24254	0,0	10,13	1,0	6,10	172	149
24256	354,262	17,20	211,220	9,6	153	149
24257	346,286	12,12	266,254	16,12	211	149
24262	22,29	0,1	29,17	1,2	202	149
24263	1,1	0,0	2,0	1,0	153	149
24265	121,106	0,1	106,86	1,0	265	149
