"GeneID","GeneName","log2FC","padj","neg_log_padj"
"ENSG00000184956.16","MUC6",1.1888055057153,0.0109144053086922,1.96199992263826
"ENSG00000225855.8","RUSC1-AS1",0.580691879025977,0.0021504166521672,2.66747738556994
"ENSG00000244879.11","GABPB1-AS1",0.39996181986314,1.89746042948122e-08,7.72182727231635
