"GeneID","GeneName","log2FC","padj","neg_log_padj"
"ENSG00000139410.15","SDSL",-0.838177511496686,3.98333905691369e-10,9.39975272540599
"ENSG00000204371.12","EHMT2",-0.611774876123099,5.43184238429028e-09,8.26505284046285
"ENSG00000264112.2","ENSG00000264112",0.466502112921368,3.98333905691369e-10,9.39975272540599
"ENSG00000211459.2","MT-RNR1",0.41887692337007,0.0066436442262912,2.17759363249631
"ENSG00000230590.13","FTX",0.403478423125681,6.76868246843276e-05,4.16949585899213
"ENSG00000185900.11","POMK",0.353532056751581,2.96451587453628e-05,4.52804621973121
"ENSG00000213064.10","SFT2D2",0.32759074297505,7.71117462798933e-09,8.11287946168987
"ENSG00000132613.16","MTSS2",-0.308574690493038,0.0244711664637821,1.61134532869848
