ID	IJC_SAMPLE_1	SJC_SAMPLE_1	IJC_SAMPLE_2	SJC_SAMPLE_2	IncFormLen	SkipFormLen
12	25,11	2,0	24,29	7,2	245	149
14	36,21	0,1	22,10	0,0	298	149
15	35,22	1,0	27,15	4,0	298	149
16	33,20	9,6	25,18	5,2	298	149
20	37,16	1,2	18,19	10,4	298	149
21	15,15	31,14	13,18	16,13	298	149
39	1,2	0,0	5,2	0,2	248	149
55	56,67	9,13	65,33	13,6	246	149
56	60,55	570,494	54,48	641,479	296	149
57	284,250	1233,1153	222,181	1474,1033	298	149
58	287,303	7,5	220,168	0,1	298	149
59	243,331	1062,1061	128,104	1029,695	298	149
61	44,47	503,409	34,32	939,718	298	149
62	28,35	2,1	26,19	7,8	298	149
63	38,34	523,424	43,31	886,727	298	149
65	0,3	1,5	3,0	0,0	298	149
78	3,2	1,1	0,0	2,0	298	149
80	24,26	4,6	18,14	15,6	260	149
82	0,2	0,0	6,0	6,0	298	149
83	5,4	5,9	10,4	17,15	298	149
96	13,4	1,0	19,7	2,0	298	149
97	1,3	93,84	3,3	98,72	267	149
99	1,3	0,1	3,3	0,0	270	149
100	5,2	60,53	5,3	58,67	258	149
101	61,70	1,0	75,69	2,0	283	149
102	43,32	4,2	99,62	1,1	298	149
103	4,2	5,1	6,8	4,3	298	149
104	4,1	5,2	4,3	5,1	241	149
105	292,222	6026,4730	390,304	13221,9745	298	149
116	408,330	103,85	279,203	220,122	298	149
117	368,292	7,2	234,169	1,4	298	149
118	0,5	2,1	4,0	1,0	298	149
119	0,1	0,1	2,0	3,0	298	149
124	10,16	24,20	9,4	47,32	298	149
128	2,1	4,2	1,0	5,2	298	149
129	14,5	71,70	17,7	126,73	298	149
134	34,50	1005,930	73,39	1628,1245	298	149
135	35,39	8,15	45,15	12,11	298	149
136	56,49	231,209	26,29	365,233	275	149
137	1,2	404,301	3,0	343,262	280	149
138	33,18	124,80	15,11	56,42	281	149
145	1,7	8,3	5,6	3,2	222	149
146	6,10	1,7	6,7	2,5	267	149
147	220,150	6,12	118,50	23,8	298	149
148	194,132	247,218	94,38	195,156	298	149
150	91,78	301,275	52,31	306,206	278	149
151	39,36	2,1	22,31	0,0	298	149
152	32,30	237,190	20,28	266,198	298	149
153	12,13	17,12	14,9	10,14	298	149
154	5,6	214,165	9,5	244,144	287	149
155	25,41	547,546	18,18	689,411	235	149
156	20,24	0,10	22,17	0,0	298	149
157	33,25	144,178	9,9	169,131	298	149
158	22,35	292,288	6,6	438,314	252	149
159	71,71	132,103	57,55	143,66	298	149
164	40,38	1,0	21,10	0,0	298	149
165	25,6	9,6	18,4	4,2	298	149
166	22,5	1364,1047	19,3	1886,1372	298	149
167	13,4	1,2	11,3	1,0	272	149
168	49,34	24,26	42,22	48,31	298	149
169	45,38	1259,1113	69,29	1716,1175	298	149
170	40,46	1217,1094	40,44	1551,1084	232	149
171	28,20	798,696	31,37	961,710	298	149
172	80,54	0,2	88,61	0,0	298	149
173	93,69	27,27	102,74	6,2	298	149
174	91,61	1075,905	98,69	1469,1064	298	149
175	19,24	1339,1119	19,5	1632,1087	228	149
177	18,18	990,860	24,21	1223,870	243	149
178	16,26	571,531	17,14	768,420	298	149
179	34,49	274,270	40,24	309,180	298	149
180	41,37	784,796	28,23	747,528	298	149
182	11,7	78,60	3,3	73,67	298	149
186	2,5	26,25	2,2	32,25	298	149
187	2,5	2,0	2,2	2,4	298	149
190	0,1	3,5	2,0	12,10	298	149
191	69,45	1119,882	70,61	2070,1529	298	149
192	207,156	2,1	247,189	0,0	259	149
193	12,11	119,80	12,5	186,105	298	149
194	9,1	145,135	3,1	221,139	298	149
195	23,14	11,6	10,10	0,1	298	149
196	30,22	142,117	13,11	211,168	298	149
197	1,9	85,106	7,2	86,89	298	149
198	14,9	77,70	5,4	101,77	298	149
199	27,27	51,49	21,14	80,55	298	149
200	6,7	4,3	6,2	10,1	291	149
202	6,6	10,4	5,2	6,2	272	149
203	27,27	38,23	20,9	49,38	230	149
204	58,48	10,13	48,22	13,9	298	149
205	61,59	36,36	47,19	62,50	298	149
206	10,6	96,102	5,3	150,104	266	149
207	165,144	11,4	211,185	3,0	269	149
208	46,58	6,12	66,55	10,3	229	149
209	9,5	1,4	10,7	0,3	298	149
210	89,73	171,142	57,48	275,191	298	149
211	89,71	0,2	59,50	1,0	298	149
212	128,108	0,1	113,82	0,0	298	149
213	65,41	0,2	40,25	0,0	298	149
214	81,62	167,116	59,32	174,142	298	149
218	16,9	3,0	26,19	1,1	264	149
221	19,0	8,2	20,10	2,3	242	149
222	16,0	0,4	19,9	0,0	238	149
223	19,0	3,2	20,10	5,4	245	149
227	13,27	134,121	11,8	154,96	231	149
230	9,7	68,68	6,6	33,25	256	149
231	29,25	2,1	23,9	0,2	298	149
232	3,11	22,26	6,1	15,13	231	149
233	22,33	25,46	18,6	5,3	298	149
234	13,16	23,43	5,9	2,2	288	149
235	8,7	52,51	0,1	19,7	222	149
241	38,44	11,14	24,20	0,0	298	149
247	5,7	0,1	1,1	1,0	298	149
248	213,210	2,5	277,187	1,2	298	149
249	2,1	0,2	4,2	0,0	298	149
250	2,1	0,3	4,2	2,0	298	149
251	3,6	2,0	6,7	1,1	298	149
252	0,4	1,1	0,0	1,0	298	149
253	20,24	86,60	19,11	172,102	298	149
254	19,26	538,531	5,22	901,671	298	149
255	26,22	603,392	24,7	819,684	298	149
256	89,71	412,358	124,111	516,348	298	149
257	110,127	423,454	118,121	461,321	298	149
258	7,11	142,83	7,8	198,131	298	149
259	7,18	102,70	1,3	82,41	298	149
261	64,68	262,246	57,37	280,182	278	149
262	73,66	129,148	35,22	177,120	233	149
263	34,44	283,261	31,19	258,234	239	149
264	107,129	129,166	81,64	145,97	298	149
265	208,297	5,4	207,149	8,11	298	149
266	15,22	366,365	13,11	524,353	298	149
267	19,20	395,288	25,23	702,476	298	149
268	5,5	15,3	0,0	16,5	298	149
269	23,16	382,324	14,16	595,446	298	149
270	20,19	416,353	17,7	577,451	294	149
271	23,17	2,0	18,12	0,0	298	149
272	34,10	383,321	19,15	531,334	298	149
273	20,10	6,8	16,16	6,0	298	149
274	17,10	1,1	14,16	4,4	298	149
275	4524,4424	23,19	4753,3738	13,16	236	149
276	31,54	1,1	20,14	0,0	298	149
277	31,54	25,61	17,19	66,39	298	149
278	4,2	74,53	9,14	100,75	298	149
280	4,1	6,2	4,2	4,5	298	149
282	29,21	0,0	23,18	1,2	298	149
283	30,43	4,0	37,12	4,0	298	149
285	31,14	1489,1507	24,15	1377,1009	298	149
286	0,4	1611,1398	1,3	1735,1235	298	149
291	26,23	204,196	18,5	188,136	298	149
292	12,8	152,145	6,7	106,67	298	149
293	0,8	24,33	2,0	13,9	298	149
294	8,10	18,21	4,0	14,4	236	149
295	4,7	116,91	4,5	128,89	254	149
296	417,324	3,1	481,409	1,0	298	149
297	199,226	0,0	172,131	1,0	298	149
298	54,44	18,16	18,10	14,3	298	149
299	9,2	147,173	7,3	194,92	298	149
300	24,27	1,0	18,9	0,0	259	149
301	17,21	66,60	24,11	77,51	237	149
304	3,6	5,2	2,5	3,1	298	149
306	4,4	0,0	7,5	3,0	298	149
307	6,3	0,2	7,7	5,4	298	149
312	0,1	116,110	3,2	141,76	298	149
314	208,127	22,20	257,210	12,12	230	149
316	1,0	1,0	0,4	0,0	250	149
323	104,102	0,1	93,52	0,0	298	149
324	124,148	0,4	124,96	0,0	298	149
325	102,120	0,3	96,59	0,0	298	149
327	41,40	62,43	58,38	45,27	298	149
328	22,24	124,131	16,21	87,72	298	149
329	1,2	115,112	7,3	89,44	293	149
330	0,3	0,0	0,1	1,0	298	149
333	32,48	4,6	26,28	0,2	284	149
334	26,36	0,5	24,22	0,1	298	149
338	425,390	0,2	400,334	1,0	298	149
340	7,3	5,5	7,4	2,4	298	149
341	0,1	8,17	0,0	1,1	298	149
344	137,207	4,1	105,61	1,0	230	149
346	37,48	98,89	49,27	121,91	298	149
347	6,3	0,0	6,3	1,0	298	149
349	4,0	60,34	0,0	36,16	298	149
351	0,2	7,9	0,0	2,7	298	149
355	0,2	4,18	0,0	2,0	298	149
357	0,2	1,1	1,0	0,0	298	149
358	10,15	39,40	9,2	66,44	244	149
362	39,34	3,2	17,15	0,3	298	149
363	6,10	10,13	9,5	0,2	298	149
373	33,41	5,1	35,28	1,5	298	149
374	37,47	1,2	39,30	3,3	298	149
375	42,46	2,4	60,38	6,2	298	149
379	0,8	0,0	8,1	1,1	298	149
382	16,24	0,1	6,4	0,0	252	149
383	29,40	623,515	1,0	6,3	298	149
384	29,23	507,431	0,0	3,11	298	149
389	118,67	0,2	117,73	0,0	253	149
390	104,91	0,0	69,68	1,0	298	149
391	117,143	7,15	87,73	10,8	298	149
393	149,159	2,0	170,139	1,0	298	149
394	193,166	12,20	226,154	4,7	298	149
395	154,104	1755,1460	130,82	3099,2354	298	149
396	54,52	669,632	30,27	1294,937	242	149
398	2,3	171,115	3,2	134,104	298	149
399	2,2	80,61	2,2	106,67	298	149
400	336,286	7,4	549,442	2,1	298	149
401	2,8	38,31	5,15	32,26	273	149
403	16,14	2,4	5,3	2,0	298	149
405	4,0	15,15	2,2	37,29	298	149
406	16,11	200,141	19,12	243,186	298	149
408	7,7	99,67	2,5	140,90	298	149
409	16,6	60,52	12,7	93,71	298	149
415	8,0	9,9	2,3	4,3	298	149
416	10,2	0,0	1,3	1,0	298	149
417	1,1	0,0	0,0	0,1	298	149
420	97,105	17,9	150,105	25,11	298	149
427	62,61	3,0	36,19	2,1	298	149
429	76,78	19,12	52,21	8,3	298	149
430	68,61	165,135	47,17	150,82	298	149
431	6,8	35,40	5,1	15,18	298	149
432	1,5	50,65	1,0	54,25	298	149
433	6,4	1,0	2,2	0,0	298	149
434	10,6	64,97	7,2	27,23	298	149
435	39,31	2,2	12,10	2,0	298	149
437	291,342	3,6	161,116	5,1	298	149
442	13,13	572,476	14,15	892,660	298	149
443	198,270	194,190	110,102	137,96	298	149
448	17,7	408,362	7,6	616,405	298	149
449	24,14	540,389	25,20	973,699	298	149
450	78,80	1,11	90,64	4,9	298	149
451	49,38	605,444	36,17	779,662	298	149
452	34,25	692,510	27,29	909,754	298	149
453	34,40	1501,1540	67,35	1238,847	298	149
454	33,43	141,145	67,35	117,68	298	149
456	155,130	0,0	135,69	1,0	298	149
457	144,113	782,674	137,71	548,397	298	149
458	83,69	4,3	66,44	1,2	298	149
459	31,20	553,506	10,16	612,488	261	149
460	12,24	706,734	19,12	952,490	253	149
464	7,12	161,139	12,8	174,132	298	149
468	9,0	219,150	2,0	360,309	298	149
469	16,13	39,44	11,6	44,37	298	149
471	19,10	0,0	12,6	2,0	298	149
472	9,3	52,38	8,1	58,31	298	149
473	11,5	6,5	1,0	1,0	298	149
474	13,3	51,45	6,1	34,48	225	149
475	22,10	0,2	12,10	0,0	252	149
486	6,2	32,41	3,5	67,21	298	149
491	32,44	946,800	58,35	927,637	298	149
492	125,99	659,505	174,112	747,521	298	149
493	15,27	0,0	12,6	2,0	287	149
494	64,66	8,6	40,30	6,2	298	149
495	62,64	473,434	39,30	475,340	298	149
496	108,71	35,31	56,49	31,29	298	149
497	4,11	397,316	9,0	654,521	225	149
500	715,973	67,67	515,298	34,22	298	149
502	5,6	0,1	6,7	3,3	220	149
503	8,9	74,73	4,7	141,83	298	149
504	11,9	184,156	14,6	209,157	225	149
505	247,271	67,64	296,222	80,49	298	149
523	6,10	2,0	5,3	0,0	267	149
527	4,3	15,12	12,11	19,5	298	149
529	8,6	1,0	7,7	0,0	298	149
530	0,2	16,13	0,0	26,16	298	149
531	0,1	20,17	2,0	7,6	298	149
535	0,2	0,2	0,0	1,3	298	149
540	8,8	3,3	2,1	7,2	298	149
541	29,26	182,197	17,11	345,255	244	149
542	766,609	27,31	983,767	22,21	264	149
543	872,746	51,45	1097,829	75,48	298	149
544	130,151	486,447	77,85	681,601	298	149
545	298,270	38,25	251,234	31,25	298	149
546	116,94	627,534	93,54	1187,903	255	149
547	4,7	11,9	5,5	16,4	298	149
548	20,40	147,186	8,8	56,37	298	149
549	20,45	0,1	8,8	0,1	298	149
550	75,56	928,764	66,59	1186,942	278	149
551	126,135	975,1021	99,50	1139,512	234	149
552	408,426	1,5	323,159	6,3	258	149
553	108,113	2635,2504	76,59	2460,1686	237	149
554	20,20	32,42	10,7	48,25	298	149
555	20,12	0,0	9,9	2,1	298	149
560	0,1	12,9	0,0	4,2	298	149
561	12,20	56,67	10,12	27,30	225	149
562	0,2	13,10	0,1	2,0	243	149
563	4,12	39,38	9,6	23,19	245	149
564	12,9	5,3	8,3	2,0	276	149
565	12,9	6,1	8,3	0,2	266	149
567	147,100	123,104	98,90	77,53	239	149
568	106,95	99,99	77,73	74,47	298	149
569	12,11	439,363	13,9	462,317	298	149
570	76,70	306,246	43,39	253,198	298	149
571	8,6	71,135	0,1	46,29	253	149
572	9,28	107,140	3,2	52,38	235	149
577	31,47	169,177	38,26	270,134	298	149
579	1,9	4,9	0,2	7,0	229	149
580	8,6	29,24	0,0	14,6	298	149
582	9,7	39,36	2,1	21,29	246	149
583	16,8	4,2	3,1	0,0	298	149
584	7,3	12,20	1,1	7,1	225	149
585	68,52	182,180	36,25	259,186	236	149
586	616,591	0,1	727,430	0,0	228	149
587	0,1	30,47	2,1	43,16	272	149
591	16,15	205,259	27,19	340,242	298	149
592	14,15	1,4	28,22	2,0	298	149
595	73,94	545,448	72,52	1038,800	241	149
601	14,18	315,288	15,11	448,233	298	149
602	1486,1318	57,72	575,409	2,2	298	149
605	3,1	347,340	3,4	404,286	298	149
606	22,17	6,9	11,8	8,3	258	149
607	103,95	0,0	52,51	2,0	298	149
608	57,43	795,697	67,37	1357,971	298	149
611	56,36	1168,977	39,30	2220,1640	298	149
612	0,0	0,2	0,2	0,0	298	149
613	0,0	2,0	0,2	0,0	298	149
614	29,25	3,2	16,7	3,0	298	149
615	29,25	7,7	17,7	1,1	298	149
616	38,21	178,190	14,17	176,193	298	149
617	4,2	4,0	0,2	0,0	261	149
618	8,1	114,115	3,4	115,109	247	149
619	0,3	62,42	1,0	39,29	298	149
622	5,3	168,98	2,0	177,164	226	149
623	2,12	84,92	0,0	7,3	287	149
625	2,1	2,0	2,1	0,0	239	149
626	2,3	105,130	2,6	160,156	222	149
627	0,3	1,0	5,0	0,1	254	149
629	3,2	0,0	4,0	0,1	298	149
635	3,5	0,5	1,1	1,0	281	149
636	0,2	0,0	4,0	1,0	298	149
639	87,63	0,2	6,7	0,0	241	149
641	1,0	0,1	0,1	1,0	298	149
646	14,18	317,280	11,14	599,467	255	149
647	2,3	3,3	3,2	1,1	298	149
649	1,7	5,2	3,4	9,1	298	149
650	1,9	0,2	5,4	0,0	298	149
651	3,9	0,1	5,4	0,0	298	149
652	6,8	0,1	6,4	0,0	278	149
653	6,8	0,0	10,10	0,2	298	149
655	6,7	49,38	12,15	46,59	298	149
661	29,29	838,758	23,17	689,571	288	149
662	25,17	908,774	13,7	891,732	298	149
663	74,72	7973,6718	54,50	11008,8621	252	149
664	195,152	7581,6795	141,105	9774,7459	244	149
665	278,265	5858,5557	231,177	7181,5221	298	149
666	1126,1479	136,116	967,490	123,87	298	149
667	6,4	371,339	8,6	566,496	242	149
668	9,7	268,256	4,5	356,257	247	149
670	4,3	7,0	7,1	2,0	298	149
671	2,2	6,10	7,0	13,3	298	149
672	27,39	683,851	48,28	817,376	298	149
673	22,26	1191,1089	27,18	1981,1381	235	149
675	3,2	4,3	1,1	8,0	298	149
678	8,13	165,169	12,5	261,175	224	149
679	7,2	227,209	5,3	256,176	225	149
680	2,0	17,15	0,3	30,21	298	149
681	7,10	0,0	8,4	0,1	298	149
682	6,6	0,1	0,1	0,0	298	149
686	14,9	52,49	7,11	47,29	298	149
687	11,6	1,1	10,3	0,0	298	149
688	38,8	4,1	31,15	0,0	298	149
690	6,2	11,3	2,3	6,13	291	149
691	301,289	1,0	346,244	1,0	298	149
692	273,238	0,1	345,202	2,3	298	149
693	299,284	0,0	423,325	1,1	298	149
694	7,1	0,3	8,10	1,0	298	149
695	30,38	520,513	51,33	526,493	298	149
696	10,11	8,4	7,6	8,4	298	149
697	8,12	100,92	9,9	198,123	298	149
698	50,21	51,68	10,2	30,15	298	149
699	48,24	15,11	14,7	2,1	298	149
700	16,12	57,66	10,7	65,32	298	149
702	37,37	6,2	36,10	0,0	298	149
703	76,75	1,0	37,27	0,0	298	149
704	60,98	75,75	44,34	93,79	298	149
706	82,78	0,2	45,36	0,0	298	149
707	66,101	46,27	52,43	46,48	298	149
708	30,24	0,0	37,25	2,0	262	149
709	11,5	69,130	12,2	65,21	230	149
710	13,6	0,2	15,4	0,0	298	149
711	5,2	66,117	3,2	26,14	284	149
712	2,2	25,35	0,0	20,8	298	149
713	31,33	1,0	42,27	0,0	298	149
716	21,22	2,2	8,8	2,2	298	149
717	55,79	5,2	33,26	1,0	298	149
718	34,30	73,96	8,12	38,23	298	149
719	16,7	62,73	1,2	67,33	222	149
720	37,25	22,18	25,34	17,9	239	149
721	34,25	11,10	24,33	11,11	236	149
722	52,57	108,113	33,17	100,62	298	149
723	87,75	143,137	79,47	180,119	298	149
724	90,76	126,113	76,66	162,111	298	149
725	64,56	24,21	53,39	8,18	298	149
726	88,61	83,57	49,47	80,48	298	149
729	75,78	4,2	49,24	1,1	298	149
731	1,0	1,0	0,0	0,1	232	149
734	2,1	2,0	1,0	0,0	298	149
735	2,1	0,0	1,1	0,1	298	149
745	3,13	0,0	6,6	2,0	298	149
746	6,7	6,1	2,2	9,5	298	149
747	54,52	0,2	79,37	1,0	298	149
748	0,0	24,14	2,0	26,16	272	149
749	20,15	1,0	20,16	3,1	298	149
757	2,10	6,3	1,1	4,1	286	149
758	44,42	16,13	83,62	25,9	298	149
764	7,3	10,5	1,0	0,3	298	149
765	7,3	2,0	1,0	0,2	298	149
767	29,25	0,1	26,14	1,2	298	149
768	12,15	137,123	5,1	96,68	263	149
769	10,10	252,229	11,14	204,162	232	149
770	2,5	53,87	0,0	28,20	219	149
771	7,9	23,48	2,1	24,5	298	149
772	5,8	150,152	3,1	106,62	223	149
773	10,13	97,91	7,3	85,43	229	149
774	3,9	139,89	1,3	102,76	298	149
775	71,53	94,97	75,41	97,67	298	149
776	154,125	5,8	182,116	0,0	298	149
778	12,4	205,223	11,0	165,72	259	149
783	41,26	2,4	11,7	2,0	298	149
784	39,24	26,48	10,6	43,42	298	149
786	2,0	0,0	0,0	2,0	248	149
787	1,0	0,0	0,0	1,0	253	149
790	5,7	913,787	9,9	1061,673	298	149
793	4,3	1,2	0,0	7,7	298	149
794	8,15	0,7	2,4	0,0	258	149
795	13,13	45,42	8,16	38,21	245	149
797	5,27	0,3	23,9	0,0	273	149
798	342,291	4,1	459,306	1,0	268	149
800	12,6	157,165	8,9	157,108	289	149
801	338,312	56,34	537,442	96,77	298	149
804	35,49	34,23	21,9	21,16	298	149
805	27,24	156,162	17,11	184,159	298	149
806	26,19	200,159	11,9	219,145	298	149
807	41,30	169,145	28,4	180,134	233	149
808	4,5	2,4	2,0	2,1	298	149
809	6,8	6,3	2,0	5,0	298	149
811	127,97	3,0	74,47	0,0	275	149
812	135,100	0,0	79,49	0,1	284	149
815	93,73	20,21	67,34	13,6	252	149
817	94,80	8,1	43,20	0,3	298	149
818	1,2	4,11	1,0	15,4	243	149
819	0,1	10,10	1,0	11,11	298	149
820	16,10	21,2	5,6	6,5	298	149
821	1,1	11,5	0,0	14,6	240	149
822	29,34	0,6	32,30	3,3	298	149
823	15,26	0,0	23,19	1,3	240	149
824	185,148	209,163	180,114	141,113	298	149
825	230,232	573,548	223,142	417,276	298	149
826	51,116	62,110	44,29	19,13	298	149
827	115,174	25,14	84,59	4,5	298	149
828	76,142	5,10	53,42	0,2	298	149
829	307,323	491,482	221,164	383,270	298	149
830	262,267	3,3	185,122	1,0	298	149
831	195,145	3,7	187,120	0,0	298	149
832	224,219	33,37	184,141	0,0	298	149
833	12,12	662,631	10,7	527,380	298	149
834	44,36	745,717	38,21	553,442	298	149
835	1208,1126	3,0	978,718	0,0	298	149
836	786,674	0,1	683,518	0,0	298	149
837	1246,1088	46,29	1171,890	8,13	246	149
838	1207,1113	2,0	969,720	0,0	298	149
839	785,661	1,0	674,520	2,2	298	149
840	1265,1103	280,249	1183,903	157,122	251	149
841	785,680	19,14	790,605	6,7	298	149
842	74,68	1216,1089	50,23	831,643	298	149
843	21,9	158,123	10,8	87,42	298	149
844	53,83	326,289	34,24	439,269	229	149
845	69,79	493,451	91,86	891,656	298	149
846	28,26	164,220	10,9	161,105	236	149
849	23,18	1082,813	13,15	1423,1042	225	149
850	48,53	5,2	40,25	4,1	298	149
851	11,8	1024,956	12,0	1034,812	237	149
852	12,31	205,212	21,7	280,194	222	149
855	104,95	147,129	46,50	231,204	239	149
856	10,23	13,30	10,2	5,2	239	149
857	12,9	139,134	7,7	200,154	242	149
859	81,67	3,4	70,38	2,4	283	149
860	3473,3335	10,7	3969,2828	0,2	298	149
861	23,18	402,360	30,14	496,345	245	149
862	7,9	287,273	11,4	311,236	233	149
863	33,19	655,482	22,18	1063,826	238	149
864	22,24	2,0	11,9	0,0	298	149
865	14,18	2,1	10,8	0,0	298	149
866	9,13	3,6	12,5	1,0	298	149
868	36,52	351,339	48,14	367,267	219	149
869	20,11	375,354	23,28	579,503	228	149
870	6,8	454,321	13,6	760,628	288	149
871	24,25	5,5	39,9	2,2	298	149
872	441,314	3,0	784,614	0,2	298	149
873	46,45	339,249	67,24	547,342	289	149
874	8,21	2,1	1,0	0,0	296	149
876	525,436	59,53	748,550	65,65	298	149
877	61,52	240,215	25,32	221,151	246	149
878	139,145	1,1	84,88	3,0	291	149
879	391,390	90,138	225,234	99,66	298	149
880	440,441	1154,1019	290,210	994,775	298	149
881	89,64	405,420	28,23	355,266	298	149
882	455,299	7,11	512,382	1,1	298	149
883	140,100	1006,999	112,97	1243,954	235	149
884	139,170	1470,1171	118,70	1968,1492	298	149
885	8,23	58,97	15,4	58,50	235	149
886	27,24	279,204	14,8	303,202	232	149
887	6,2	241,174	4,3	277,228	223	149
888	10,12	85,102	9,8	142,75	298	149
889	5,12	177,193	11,3	131,98	239	149
890	24,45	9,0	24,8	7,1	266	149
891	22,42	0,0	24,8	2,2	255	149
892	14,24	82,95	20,6	75,53	222	149
893	16,26	402,447	31,31	535,392	218	149
894	45,62	47,66	38,8	43,24	298	149
895	35,44	179,238	22,11	155,83	298	149
896	19,13	128,139	10,4	93,41	298	149
897	49,76	0,1	26,19	0,0	243	149
898	29,52	4,6	15,16	0,0	224	149
899	12,11	25,51	22,7	17,8	298	149
900	0,2	4,10	0,0	1,0	236	149
913	9,14	195,152	5,12	96,79	240	149
915	82,68	18,7	94,65	40,28	298	149
916	7,18	407,406	5,14	548,447	298	149
917	34,29	236,222	27,24	478,349	298	149
922	2,1	1,1	2,0	2,0	298	149
924	7,4	131,176	0,0	127,89	249	149
925	8,15	142,162	9,1	159,83	240	149
939	8,3	117,127	3,4	122,105	298	149
941	8,6	2,9	0,0	1,0	298	149
943	2,5	4,8	0,0	7,3	230	149
945	9,15	0,7	5,14	3,0	298	149
946	9,15	1,6	5,14	6,0	298	149
949	1,2	341,314	0,0	250,141	298	149
950	166,168	0,2	122,74	0,0	298	149
951	6,16	305,288	3,5	228,158	298	149
952	21,16	264,245	23,13	240,136	298	149
955	104,85	3669,3288	72,40	4758,3817	298	149
956	34,44	407,429	10,12	311,210	228	149
957	465,360	2,4	420,340	10,4	298	149
958	43,28	543,474	21,24	543,417	298	149
959	4,2	315,284	3,2	147,111	298	149
960	25,25	11,9	25,21	16,11	298	149
961	1,6	29,37	2,0	29,17	298	149
962	51,82	632,553	33,14	494,294	252	149
963	2,9	117,107	0,1	99,74	245	149
964	2,2	28,48	0,0	22,5	218	149
966	7,7	13,20	3,3	14,7	298	149
968	754,734	448,422	817,511	646,518	298	149
969	3,7	1,1	0,1	0,0	298	149
970	3,7	76,115	0,0	62,27	298	149
972	62,54	1,4	75,51	2,1	298	149
973	59,57	27,38	29,32	11,10	298	149
975	1,1	20,41	4,2	28,15	224	149
976	6,10	162,210	8,6	162,164	298	149
977	7,7	268,283	5,3	243,162	298	149
979	38,44	220,186	33,16	202,210	298	149
981	23,29	1438,1235	13,8	1712,1295	232	149
982	0,0	196,211	1,1	169,119	242	149
983	1,3	0,0	1,1	1,0	251	149
984	64,62	0,1	42,42	0,0	298	149
987	76,40	5,3	65,55	8,10	298	149
988	86,44	3,3	96,99	6,3	298	149
993	3,0	0,0	2,0	1,0	298	149
994	51,41	148,110	45,24	311,182	247	149
1000	7,6	104,23	2,6	60,51	298	149
1001	79,50	1056,882	60,50	1975,1322	298	149
1002	11,8	906,778	19,13	1300,1009	235	149
1012	15,7	364,249	10,17	554,419	250	149
1016	26,11	0,0	74,36	1,3	298	149
1017	33,16	128,96	25,28	149,125	236	149
1030	0,0	0,1	1,0	1,0	298	149
1032	1,6	3,0	4,0	0,0	298	149
1035	0,0	3,1	2,0	2,2	298	149
1037	2,2	0,2	4,0	0,2	298	149
1038	3,2	50,41	3,7	73,51	298	149
1046	9,7	1,1	7,0	0,0	298	149
1047	0,0	44,44	2,0	114,66	298	149
1052	145,106	1,0	97,74	2,0	298	149
1053	3,11	12,21	2,1	44,27	298	149
1054	3,7	240,178	6,11	234,179	243	149
1055	177,151	134,110	120,67	169,126	298	149
1056	55,44	814,697	43,29	1130,851	298	149
1057	74,100	157,215	63,37	321,156	298	149
1058	387,417	0,6	505,278	0,0	281	149
1060	27,26	11,17	9,18	1,4	298	149
1061	174,215	98,101	123,74	80,95	298	149
1062	145,192	551,582	102,64	583,432	298	149
1063	37,26	4,0	12,26	0,0	298	149
1064	28,24	70,135	11,18	42,25	298	149
1065	196,205	2716,2338	114,86	4773,3959	224	149
1066	183,174	7,4	104,66	7,6	210	149
1067	205,221	5,1	115,112	6,12	298	149
1068	146,124	1955,1773	117,95	3405,2931	244	149
1069	177,218	3,1	125,104	0,2	298	149
1070	131,131	2,0	127,89	1,0	298	149
1071	75,102	950,948	83,67	1686,1257	226	149
1072	21,17	629,705	31,28	970,676	244	149
1073	41,39	7,35	21,15	4,8	298	149
1074	2417,2637	16,16	2706,1823	12,12	298	149
1075	8,24	4,1	5,1	2,0	298	149
1076	8,24	1,1	5,1	0,0	298	149
1077	13,17	526,441	14,11	944,778	298	149
1078	111,94	412,373	106,82	703,611	298	149
1079	28,17	593,509	29,16	851,646	298	149
1080	30,25	5,4	21,28	0,1	273	149
1081	40,65	37,42	26,18	19,21	298	149
1082	38,35	2988,2426	12,19	3199,2634	298	149
1083	144,136	5,1	85,75	0,0	298	149
1084	168,166	4414,3385	147,99	4885,4035	298	149
1085	143,143	1,1	135,84	0,2	298	149
1086	1715,1640	1,0	1606,1261	1,0	298	149
1087	63,68	1,0	34,28	1,0	224	149
1088	72,74	4040,3452	38,33	3931,3038	277	149
1089	127,109	6823,5498	88,43	7276,5649	298	149
1090	50,44	1571,1619	22,18	1006,716	298	149
1091	292,430	70,82	174,90	49,30	298	149
1092	3,5	2,13	0,0	5,2	239	149
1094	55,70	6,9	41,30	6,9	298	149
1095	53,71	17,19	45,28	20,13	298	149
1096	49,57	406,316	41,23	397,329	298	149
1097	64,37	51,60	23,7	55,44	298	149
1098	5,10	159,190	2,6	141,82	298	149
1101	345,345	6983,6476	448,311	13402,8817	228	149
1102	345,359	0,0	361,302	2,0	285	149
1103	351,354	8658,8740	302,242	8420,5245	298	149
1104	222,237	4,3	215,168	6,0	248	149
1105	5082,5259	27,26	4822,2676	34,18	298	149
1106	0,3	6,5	0,0	2,2	220	149
1107	8,2	0,1	0,2	1,0	280	149
1108	15,8	6,4	9,8	0,0	298	149
1111	7,6	31,38	4,1	58,41	298	149
1112	4,5	0,0	4,1	0,1	298	149
1114	0,0	10,6	1,0	9,2	298	149
1117	70,106	6,8	137,103	13,11	236	149
1118	5,3	64,61	1,2	50,30	298	149
1119	1,0	5,9	0,0	2,0	221	149
1120	18,37	2,5	26,24	10,0	271	149
1121	15,9	0,0	10,10	1,0	254	149
1124	77,66	1,0	62,37	2,0	298	149
1125	22,23	33,36	10,9	45,27	298	149
1126	39,44	1,0	19,11	0,0	298	149
1127	24,34	3,6	31,18	3,5	298	149
1128	26,33	3,5	15,11	0,0	298	149
1129	3,4	8,12	1,1	11,5	241	149
1130	0,3	94,134	1,0	100,43	298	149
1131	0,7	26,52	1,1	14,11	298	149
1132	0,9	68,109	3,2	41,18	263	149
1133	2,2	53,78	4,0	56,32	280	149
1134	2,5	8,21	6,0	20,6	298	149
1135	65,60	190,116	63,33	164,116	298	149
1136	37,16	289,190	37,21	236,218	239	149
1141	54,37	3,3	101,43	6,12	248	149
1142	16,17	97,85	17,6	205,105	224	149
1143	17,36	450,372	27,11	607,400	298	149
1144	70,57	1,1	29,19	0,2	298	149
1145	137,102	15,16	190,134	12,17	298	149
1146	64,47	7,1	74,54	11,7	298	149
1147	56,39	90,62	55,49	145,101	298	149
1148	2,0	0,3	0,1	6,1	298	149
1152	106,116	3,3	163,143	0,4	296	149
1154	12,13	3,2	26,27	5,3	298	149
1155	3,2	6,8	20,9	31,13	285	149
1156	273,252	22,32	479,322	34,21	298	149
1157	59,38	502,395	49,52	739,595	298	149
1158	46,29	492,396	44,31	610,418	298	149
1159	55,43	405,308	49,32	502,376	298	149
1160	3,3	485,392	3,0	592,398	236	149
1161	18,22	220,182	8,16	156,125	298	149
1166	0,2	1,6	0,0	0,1	238	149
1167	7,8	73,66	3,5	129,69	262	149
1169	0,0	182,158	1,0	139,132	298	149
1170	4,1	0,0	2,0	1,1	298	149
1171	15,14	1028,826	19,10	1028,827	298	149
1172	17,22	126,143	17,6	125,106	298	149
1174	0,0	10,6	5,4	7,8	298	149
1175	1,0	9,6	2,0	12,2	262	149
1176	0,5	8,2	1,0	2,2	298	149
1178	0,5	3,0	3,0	0,0	298	149
1180	5,6	2,1	3,4	0,1	298	149
1181	5,8	2,0	2,3	4,0	298	149
1183	5,8	0,2	2,3	7,4	298	149
1188	342,298	266,268	122,91	215,169	298	149
1189	73,108	1464,1284	92,81	1739,1154	249	149
1190	19,17	1071,928	26,23	1131,731	227	149
1191	143,90	581,468	117,80	770,501	241	149
1192	288,234	22,25	307,195	21,16	263	149
1193	102,90	657,535	55,20	457,252	229	149
1194	471,584	1,0	288,196	0,0	298	149
1201	41,34	607,607	19,11	393,232	221	149
1202	2,13	20,13	3,7	5,8	298	149
1203	101,72	6594,5371	93,71	14081,10071	298	149
1208	16,28	181,162	16,9	227,152	298	149
1209	34,44	0,0	57,41	1,0	298	149
1210	11,21	3,3	8,5	4,14	298	149
1211	2,14	97,107	4,0	85,30	279	149
1212	11,9	39,25	4,3	16,18	298	149
1218	19,19	35,43	25,20	57,41	227	149
1219	3,10	17,5	3,2	12,14	298	149
1221	67,93	2,2	57,46	0,0	298	149
1222	61,60	0,2	69,45	0,0	298	149
1223	82,79	1,0	78,57	1,1	298	149
1224	82,89	2,0	80,74	2,0	298	149
1228	0,0	3,6	5,5	7,7	298	149
1229	0,2	3,8	0,1	4,12	287	149
1230	0,1	6,3	2,0	4,11	298	149
1233	29,28	565,732	14,9	471,259	272	149
1234	1,2	0,4	0,0	2,0	298	149
1235	0,4	2,0	0,0	1,0	245	149
1238	257,277	0,5	239,179	1,2	264	149
1239	144,173	5,11	150,126	5,1	260	149
1243	0,2	2,0	2,0	0,0	298	149
1247	4,9	0,0	0,10	1,0	293	149
1250	81,80	2,0	74,44	0,0	298	149
1251	80,80	4,1	74,42	0,0	298	149
1253	3,2	61,40	3,2	32,37	298	149
1254	28,35	406,414	33,28	849,575	298	149
1255	28,36	0,0	32,32	2,1	298	149
1256	19,25	378,367	23,28	704,462	298	149
1257	32,13	729,560	17,11	1178,797	264	149
1258	32,25	435,388	38,33	980,561	298	149
1259	16,29	1,0	18,10	0,0	272	149
1260	26,20	0,1	17,13	0,0	298	149
1261	13,26	406,417	24,8	611,403	232	149
1263	69,38	0,0	56,35	1,0	298	149
1264	27,18	131,74	16,5	94,84	298	149
1265	82,55	33,21	81,46	6,8	298	149
1266	2,4	75,87	2,2	61,67	250	149
1267	25,29	74,67	10,16	104,92	298	149
1268	5,3	74,58	5,3	71,45	298	149
1269	6,11	71,83	9,2	67,50	298	149
1272	45,29	1,2	97,69	1,2	298	149
1273	5,2	529,416	11,4	878,613	298	149
1274	201,206	3251,2805	245,164	4436,3220	295	149
1276	134,202	0,0	135,113	1,0	298	149
1277	168,168	486,399	147,127	854,536	267	149
1279	253,261	343,281	226,169	272,185	298	149
1280	4815,4464	95,101	6380,4721	171,123	298	149
1282	87,80	122,135	42,45	31,27	298	149
1283	6,8	359,353	7,4	416,302	298	149
1284	32,26	624,529	52,23	742,616	298	149
1294	10,7	206,207	6,10	256,214	298	149
1295	0,1	34,23	1,0	29,17	298	149
1299	40,51	8,2	59,42	6,1	298	149
1302	250,226	16,26	327,276	24,10	282	149
1303	12,13	16,14	4,6	12,2	257	149
1304	4,6	86,102	0,3	102,59	228	149
1305	45,34	2,1	18,19	0,0	298	149
1306	7,36	296,226	7,6	329,232	298	149
1307	1,4	1,0	1,0	0,0	298	149
1308	29,16	239,199	15,13	344,221	298	149
1309	43,49	672,633	57,46	799,597	298	149
1310	20,8	695,582	15,6	881,628	298	149
1311	10,9	257,237	7,4	390,284	298	149
1313	10,14	0,0	13,2	0,1	298	149
1314	21,14	1,0	15,2	2,0	298	149
1315	14,10	2,6	11,2	3,4	298	149
1316	25,10	186,152	13,2	278,204	298	149
1317	0,1	290,313	1,1	454,303	298	149
1318	27,31	1,1	29,32	2,2	298	149
1319	15,18	4,1	14,17	1,1	298	149
1320	7,13	375,312	8,7	487,366	298	149
1321	6,7	105,139	9,7	235,141	234	149
1322	96,90	254,229	88,79	378,225	298	149
1323	49,69	8,4	39,37	4,3	234	149
1324	58,55	0,2	80,50	1,1	298	149
1325	0,1	18,20	1,2	27,8	222	149
1326	3,1	3,4	5,3	4,2	232	149
1327	7,8	138,134	6,16	215,161	298	149
1339	4,11	0,1	0,0	1,0	240	149
1342	4,5	248,162	15,7	395,281	298	149
1343	1,1	1032,902	2,3	1430,1134	298	149
1344	4,5	840,721	3,6	1339,1058	298	149
1345	2,6	679,658	6,1	829,721	298	149
1347	4,6	22,24	5,6	16,10	243	149
1361	13,18	217,256	5,5	186,147	230	149
1362	28,21	580,555	10,12	584,424	284	149
1363	58,78	912,847	54,36	1028,850	232	149
1364	757,606	4,2	812,630	2,0	298	149
1365	84,107	980,752	51,45	1151,908	232	149
1366	62,63	358,375	38,34	301,174	298	149
1367	2,4	0,1	4,3	0,0	253	149
1371	3,3	2,0	1,0	0,0	298	149
1375	40,53	6,3	43,21	0,0	298	149
1377	9,9	242,240	16,7	492,331	298	149
1383	13,9	0,1	3,4	0,1	239	149
1386	24,16	17,25	14,17	57,31	298	149
1391	4,3	75,74	4,1	73,85	298	149
1392	10,10	88,86	6,6	107,101	298	149
1393	4,5	48,53	8,4	50,29	298	149
1394	9,7	40,46	4,3	65,71	298	149
1395	155,148	12,11	166,153	16,10	298	149
1396	4,5	0,0	7,8	2,1	298	149
1398	1,3	0,0	2,4	2,0	298	149
1407	0,3	0,3	0,0	2,0	298	149
1408	0,2	0,7	0,0	4,0	298	149
1409	6,9	5,11	2,3	2,3	244	149
1410	6,9	45,36	2,3	63,49	246	149
1411	21,17	2,0	11,13	0,0	298	149
1412	14,13	1,6	16,9	1,4	298	149
1413	22,17	22,21	19,11	51,28	244	149
1414	14,17	4,2	18,16	8,3	298	149
1415	23,26	1,2	33,17	0,0	298	149
1416	64,57	2,2	57,19	0,2	298	149
1417	41,42	65,39	30,7	53,38	298	149
1418	121,94	4,2	130,92	1,0	247	149
1419	31,26	34,30	27,10	43,21	298	149
1421	4,5	9,6	4,4	19,16	250	149
1422	3,5	6,2	4,3	3,2	232	149
1423	27,30	222,179	25,20	466,383	298	149
1424	34,39	50,75	21,25	50,49	298	149
1425	21,25	106,93	25,25	122,87	298	149
1426	24,22	0,1	36,22	0,0	298	149
1427	17,18	45,34	18,15	50,37	235	149
1428	3,3	1,1	2,1	0,0	298	149
1429	11,13	25,13	0,1	21,31	251	149
1430	25,25	36,44	27,6	20,12	298	149
1431	91,60	79,79	41,25	72,48	245	149
1432	10,22	86,86	12,2	89,61	287	149
1433	11,12	49,45	6,7	45,25	226	149
1434	45,43	595,453	20,16	631,457	298	149
1435	184,148	16,15	204,123	22,13	263	149
1436	28,35	824,617	29,15	880,572	236	149
1437	96,85	562,445	84,54	708,560	298	149
1438	54,61	364,292	38,35	471,363	240	149
1439	40,30	128,136	37,22	197,157	298	149
1440	33,40	58,45	40,40	106,87	298	149
1441	68,79	1778,2191	65,28	2066,1064	298	149
1444	6,8	153,111	3,11	211,120	227	149
1448	1,0	4,18	0,0	6,1	298	149
1450	18,24	208,237	5,10	347,247	265	149
1451	33,54	345,330	78,49	763,453	234	149
1452	2,0	73,84	3,7	103,66	298	149
1453	12,20	61,63	18,9	105,54	298	149
1455	1,0	5,4	0,0	2,0	292	149
1456	0,5	366,311	0,0	600,370	237	149
1466	29,24	1,0	9,7	0,0	298	149
1467	42,24	323,297	16,8	408,298	298	149
1468	26,14	188,178	21,12	260,160	279	149
1469	19,18	16,29	11,5	6,3	298	149
1470	26,22	11,22	14,7	9,10	298	149
1472	10,0	2,6	3,1	2,0	298	149
1473	23,21	188,253	26,16	274,167	298	149
1477	1,0	54,76	1,0	97,48	298	149
1480	60,59	1940,1581	53,19	3062,2237	252	149
1481	74,71	1198,1034	63,58	1730,1333	231	149
1482	76,76	5,9	67,43	3,7	298	149
1483	687,650	2,1	965,719	0,0	298	149
1484	13,17	39,16	20,9	68,27	232	149
1485	276,350	688,612	249,161	902,678	298	149
1486	210,238	38,34	148,99	20,18	298	149
1487	43,40	15,22	26,16	3,4	298	149
1490	13,13	122,106	3,1	123,106	298	149
1491	163,166	51,75	140,97	46,28	298	149
1492	11,19	20,37	10,5	37,22	298	149
1493	13,12	7,2	14,8	4,7	250	149
1495	9,3	16,21	4,3	26,21	235	149
1496	1,0	9,4	0,0	4,9	298	149
1497	20,19	22,19	13,6	12,10	225	149
1498	25,30	0,0	14,8	0,2	244	149
1500	236,223	125,140	199,177	190,115	220	149
1501	184,195	2,3	142,141	1,0	298	149
1502	115,108	195,204	99,88	235,148	298	149
1503	12,19	0,0	14,7	2,0	298	149
1504	42,46	333,309	44,34	446,321	298	149
1505	42,46	6,7	46,35	9,0	298	149
1506	37,33	0,0	36,29	2,0	230	149
1509	0,13	0,2	0,2	0,0	249	149
1511	194,174	2125,2228	188,119	3208,2087	298	149
1512	2225,1956	2,0	4099,3297	2,0	298	149
1513	16932,15285	75,70	25609,21541	109,84	290	149
1518	1,3	2,1	5,2	0,2	249	149
1519	2,1	17,16	3,2	11,12	298	149
1520	2,0	0,1	2,0	1,0	268	149
1523	22,30	60,85	6,7	40,20	298	149
1524	8,11	141,175	5,3	127,133	298	149
1526	12,25	270,292	14,8	295,311	298	149
1535	111,93	3396,2705	93,40	5763,4521	298	149
1536	85,75	1,4	83,33	0,0	298	149
1537	142,138	0,3	91,73	0,0	298	149
1538	18,9	61,72	17,8	94,82	298	149
1540	9,1	1510,1285	8,0	2636,1826	298	149
1544	0,1	12,25	1,1	21,17	298	149
1546	0,0	2,0	0,1	0,0	298	149
1547	1,0	8,0	0,1	0,1	298	149
1548	58,46	116,165	22,20	68,38	219	149
1551	11,27	153,189	7,4	120,70	298	149
1553	79,125	0,1	29,31	0,0	215	149
1555	4,9	0,18	1,0	0,0	225	149
1557	132,208	0,2	74,49	0,0	248	149
1558	40,44	4,1	28,20	0,1	234	149
1559	7,3	333,306	13,5	386,293	298	149
1560	3,2	24,13	0,1	19,3	242	149
1564	36,15	628,509	22,17	1143,777	226	149
1565	17,26	0,0	14,16	3,0	298	149
1566	3,7	718,714	6,9	1422,933	298	149
1567	11,12	892,637	13,9	1288,960	294	149
1568	17,16	666,545	23,7	1091,864	278	149
1569	12,9	675,591	15,8	1219,926	298	149
1570	5,4	3,0	1,2	0,0	298	149
1571	17,23	1,0	18,19	0,3	298	149
1572	20,19	8,4	12,18	1,1	234	149
1573	53,77	58,42	23,12	27,29	298	149
1574	40,56	2,3	24,17	6,5	298	149
1575	31,41	85,52	19,21	40,50	298	149
1576	39,52	1,1	39,22	8,2	295	149
1577	52,55	65,106	42,20	54,51	298	149
1581	2,8	45,37	1,0	48,24	242	149
1582	7,6	11,7	1,2	16,5	253	149
1583	5,6	316,324	2,4	243,224	250	149
1585	24,40	5,1	21,26	0,1	298	149
1588	2,0	25,22	0,0	10,4	270	149
1590	20,11	96,83	8,3	62,51	297	149
1591	2,3	70,66	2,1	66,48	298	149
1592	9,7	64,70	4,3	78,45	228	149
1593	14,8	50,56	0,6	42,26	260	149
1594	5,2	5,1	3,2	6,1	199	149
1595	8,7	137,115	3,3	81,85	226	149
1596	4,8	112,144	4,2	58,39	257	149
1599	2,2	0,0	1,0	2,1	298	149
1600	2,4	0,2	1,1	2,3	298	149
1601	21,15	291,245	28,14	428,270	298	149
1602	11,6	31,39	10,1	14,10	288	149
1603	94,84	3,2	115,71	2,1	288	149
1604	7,7	292,240	1,4	463,267	243	149
1605	6,7	7,5	5,1	4,6	243	149
1606	192,192	0,0	236,156	2,0	298	149
1607	127,127	221,230	133,89	270,209	287	149
1611	0,3	0,3	0,0	3,0	298	149
1621	11,14	32,37	3,2	60,39	298	149
1623	9,16	37,35	6,2	40,40	232	149
1624	29,21	29,34	13,5	29,27	293	149
1625	8,6	141,135	5,7	146,119	298	149
1626	5,3	6,0	0,1	0,0	298	149
1628	40,34	591,810	11,9	389,205	298	149
1629	108,103	1,6	159,113	10,6	298	149
1630	4,4	83,72	9,8	204,121	298	149
1632	29,14	76,60	25,3	148,138	298	149
1633	11,3	1,6	2,2	5,2	298	149
1634	11,3	2,1	2,2	1,1	298	149
1635	17,8	88,87	11,12	167,145	298	149
1636	56,43	2,2	78,42	1,0	298	149
1637	20,20	115,108	13,2	146,106	298	149
1638	18,6	1,0	11,8	1,3	298	149
1639	25,20	0,1	12,9	0,1	298	149
1640	35,29	131,119	39,18	197,154	298	149
1641	34,31	0,0	37,16	0,1	298	149
1644	28,13	117,93	18,21	251,196	298	149
1646	2,4	127,98	2,3	208,136	298	149
1647	0,2	5,5	2,0	2,1	298	149
1651	55,33	167,123	42,32	238,192	298	149
1652	43,60	137,139	57,39	224,161	298	149
1653	47,31	1,0	87,31	0,0	298	149
1654	0,3	2,3	4,4	4,0	298	149
1658	2,0	3,5	0,0	2,4	298	149
1659	1,0	11,6	0,2	3,2	298	149
1660	3,5	22,7	2,2	9,8	298	149
1661	4,2	354,260	0,7	337,239	298	149
1665	30,34	127,143	18,15	108,86	215	149
1666	96,67	504,505	53,22	607,410	298	149
1667	0,0	2,1	2,0	10,5	298	149
1671	1,1	2,0	0,0	0,1	298	149
1672	3,3	63,77	0,0	69,49	246	149
1673	24,32	0,0	25,20	0,1	298	149
1674	4,3	6,4	3,2	8,1	298	149
1676	5,5	0,4	0,0	0,2	298	149
1677	23,34	0,3	22,20	1,3	298	149
1678	3,5	54,49	0,2	62,35	298	149
1679	8,5	3,2	1,0	3,1	298	149
1680	6,4	0,0	2,0	2,0	298	149
1681	5,3	0,3	1,0	0,0	263	149
1682	255,238	28,25	171,130	41,28	298	149
1683	19,16	336,241	7,6	508,363	298	149
1684	84,73	1,0	109,92	0,0	298	149
1685	23,18	10,8	21,14	18,9	298	149
1686	64,73	72,91	62,46	73,71	242	149
1687	4,3	4,3	1,5	3,2	225	149
1688	29,19	3,6	21,15	8,6	298	149
1689	16,13	1,0	15,12	1,0	245	149
1690	32,18	5,4	16,13	2,3	298	149
1691	2,4	0,6	0,2	0,0	276	149
1692	18,11	21,41	11,3	13,6	220	149
1698	3,6	46,46	4,0	38,28	298	149
1699	1,2	2,0	0,2	0,0	298	149
1701	29,22	561,487	21,10	853,544	298	149
1702	14,17	282,277	17,7	334,283	243	149
1704	8,4	129,100	4,3	88,82	265	149
1705	25,21	253,272	39,24	384,316	298	149
1706	23,19	550,466	9,23	1038,725	282	149
1707	54,44	314,294	54,19	586,313	298	149
1708	212,174	1,3	432,218	2,9	298	149
1710	126,115	350,289	167,120	660,523	298	149
1711	112,117	0,0	172,122	0,2	298	149
1712	16,25	185,201	13,8	256,143	237	149
1713	3,21	133,138	6,6	141,76	237	149
1715	15,22	7,9	7,3	2,2	298	149
1723	6,8	24,22	1,8	9,13	298	149
1724	10,7	36,33	0,0	11,9	236	149
1725	6,4	0,0	7,4	0,2	298	149
1727	14,29	6,26	8,2	4,1	295	149
1728	15,32	167,266	8,2	25,17	298	149
1729	22,50	0,1	9,2	1,0	298	149
1730	457,454	37,47	331,221	23,24	298	149
1731	435,425	6,5	315,216	1,4	298	149
1732	714,640	133,135	566,460	95,86	298	149
1733	943,819	106,114	796,629	81,69	298	149
1734	712,659	10,4	586,472	1,1	298	149
1735	690,630	1,0	570,467	2,1	298	149
1736	700,651	29,30	573,467	9,8	298	149
1737	722,680	33,40	589,472	23,17	298	149
1739	485,377	3,2	747,586	11,4	253	149
1740	44,68	410,436	28,34	737,420	277	149
1741	21,19	439,429	23,9	721,513	243	149
1742	30,30	5,3	29,9	1,1	298	149
1743	32,26	7,0	25,9	0,0	298	149
1744	23,23	343,312	31,14	477,381	229	149
1745	18,3	400,380	4,3	607,425	298	149
1746	13,22	26,22	21,4	10,3	298	149
1747	25,38	121,222	14,18	162,115	298	149
1748	165,147	27,55	204,102	72,45	298	149
1752	0,2	14,17	1,2	16,7	298	149
1757	41,30	126,105	38,29	204,168	298	149
1758	37,28	0,0	37,13	3,0	298	149
1772	132,94	33,65	111,94	70,50	298	149
1788	0,8	19,13	2,0	27,5	283	149
1790	165,145	3311,2956	291,220	6924,5096	298	149
1791	414,342	109,104	438,350	70,51	298	149
1794	3,4	103,76	2,2	120,76	298	149
1795	53,39	511,389	32,33	629,476	298	149
1796	106,111	7,6	94,75	6,1	217	149
1800	3,4	1,2	1,0	6,3	298	149
1801	54,36	2,0	90,65	0,0	298	149
1804	7,3	12,11	1,2	6,6	298	149
1805	251,197	0,1	258,230	0,2	298	149
1806	9,12	430,388	13,14	743,637	254	149
1807	10,1	0,0	16,4	2,0	188	149
1808	39,36	4,4	18,8	2,0	298	149
1809	16,9	114,113	3,6	128,73	231	149
1812	6,3	118,116	2,0	156,140	298	149
1813	12,10	1,2	13,12	1,2	298	149
1815	4,2	106,99	2,3	175,101	298	149
1816	19,6	50,54	4,7	46,34	228	149
1817	537,474	163,136	668,490	127,111	298	149
1818	11,17	440,398	17,6	573,317	298	149
1821	11,10	18,25	23,16	25,21	298	149
1823	55,79	2,1	87,51	0,0	298	149
1824	48,68	0,1	75,48	1,0	272	149
1825	126,151	1,2	148,96	0,0	246	149
1827	0,4	1,0	0,2	0,0	298	149
1828	0,0	3,2	0,2	0,0	245	149
1829	2,0	7,7	0,0	2,1	287	149
1831	66,81	88,111	74,59	100,64	261	149
1832	23,35	33,48	20,14	43,21	298	149
1833	5,4	7,3	0,0	1,0	298	149
1834	84,124	126,89	77,56	165,129	298	149
1835	284,228	101,85	299,240	183,141	298	149
1836	298,269	60,50	324,293	145,75	298	149
1837	199,233	171,143	229,179	289,196	298	149
1838	53,54	0,5	59,33	0,2	230	149
1840	175,222	301,249	134,97	371,220	298	149
1849	20,20	72,54	17,14	98,58	298	149
1850	84,71	3,0	105,65	5,1	298	149
1851	4,19	672,750	13,7	567,368	298	149
1852	158,136	724,659	102,94	578,358	298	149
1854	46,41	1,1	45,45	3,0	218	149
1855	47,42	4,3	48,45	1,3	223	149
1856	52,46	178,132	56,56	188,135	236	149
1857	159,101	0,3	161,103	1,0	294	149
1858	4,7	182,155	5,1	181,101	264	149
1859	0,2	13,16	3,1	45,11	252	149
1860	3,8	7,11	6,7	26,4	249	149
1862	3,2	4,5	5,2	4,4	239	149
1863	1,0	28,9	2,0	13,7	236	149
1865	3,11	4,4	3,0	0,1	298	149
1866	9,17	0,1	1,0	2,0	298	149
1867	8,12	30,65	0,0	15,7	283	149
1868	9,15	40,58	1,0	10,12	298	149
1869	10,17	125,152	7,4	102,70	246	149
1870	5,3	3,10	16,3	0,1	298	149
1871	3,1	3,0	7,11	0,2	254	149
1872	3,2	115,79	7,2	177,123	298	149
1873	6,22	133,112	4,6	71,41	222	149
1874	54,63	250,214	23,19	159,123	234	149
1875	40,43	92,92	38,36	87,64	262	149
1876	20,41	5,9	14,5	0,0	298	149
1877	24,18	51,36	8,5	49,39	298	149
1878	0,1	1,0	0,2	0,0	298	149
1879	20,15	0,0	23,17	3,0	298	149
1880	24,26	115,142	1,9	40,19	298	149
1889	3,7	1,0	3,4	0,2	298	149
1890	34,24	30,30	29,25	18,13	298	149
1891	47,40	1,4	42,39	4,2	298	149
1899	38,55	11,10	38,15	13,2	298	149
1900	16,12	22,28	8,2	31,44	226	149
1901	398,424	363,357	527,283	465,288	288	149
1902	360,390	2,12	502,269	13,1	265	149
1903	515,513	2,18	744,442	5,6	298	149
1904	13,13	2,6	7,4	0,1	298	149
1906	6,18	2,0	5,0	0,0	298	149
1907	6,17	1,7	5,0	0,0	298	149
1908	9,15	85,118	4,4	58,37	223	149
1909	25,30	112,129	17,7	72,60	298	149
1911	16,29	116,127	5,4	90,63	298	149
1912	17,12	212,272	8,5	326,275	298	149
1914	0,12	336,298	9,5	476,441	298	149
1915	2,4	98,75	9,2	79,27	298	149
1916	28,37	87,135	10,7	59,47	298	149
1917	158,148	39,24	182,123	22,22	298	149
1918	47,38	102,74	25,21	106,100	270	149
1920	13,11	481,356	13,18	839,636	298	149
1921	1,1	0,0	1,0	0,2	298	149
1922	1,4	0,1	1,0	4,2	298	149
1926	99,122	0,0	89,69	1,0	234	149
1938	0,0	0,2	1,0	0,0	298	149
1939	2,3	12,16	3,1	6,2	298	149
1940	2,4	1,0	3,1	0,0	298	149
1942	4,2	92,75	3,0	58,46	298	149
1944	1,2	62,51	0,0	34,36	289	149
1946	2,2	1,0	2,1	0,2	298	149
1947	57,54	60,47	56,46	32,20	298	149
1948	1,2	22,17	5,4	27,21	298	149
1949	5,4	383,299	4,3	353,257	298	149
1952	0,3	0,1	2,2	0,0	298	149
1956	1,2	21,11	0,2	22,25	298	149
1957	51,72	4,0	32,14	0,1	298	149
1974	26,31	265,215	64,39	740,603	298	149
1975	33,19	345,269	40,52	786,622	227	149
1976	2,6	1,10	2,2	4,3	298	149
1977	12,16	85,80	19,11	144,79	298	149
1978	4,12	155,148	13,13	255,199	298	149
1979	11,8	31,49	10,6	33,17	298	149
1980	2,1	1,0	1,1	0,0	255	149
1981	10,4	1,0	7,2	0,0	298	149
1982	12,27	3,1	17,14	4,2	298	149
1983	18,21	20,7	13,12	13,9	298	149
1984	15,19	33,20	14,16	29,37	298	149
1985	11,21	141,144	15,21	275,180	298	149
1987	61,84	12,21	83,58	13,11	288	149
1989	22,31	168,205	24,17	227,121	298	149
1990	50,53	27,18	42,22	52,32	285	149
1991	46,41	108,78	43,31	127,64	298	149
1992	52,34	20,19	29,35	24,19	247	149
1993	35,39	91,88	23,16	125,76	298	149
1997	9,9	1,0	13,7	0,0	298	149
1998	15,10	1,3	15,12	0,0	298	149
1999	8,5	4,3	12,8	1,3	290	149
2003	3,8	42,41	3,0	77,36	231	149
2006	122,106	5020,4398	166,147	5849,4688	298	149
2007	401,418	2977,2294	643,576	7139,5025	298	149
2008	26,48	92,82	49,29	75,62	228	149
2009	68,92	13,9	75,57	5,8	286	149
2010	0,0	0,2	0,2	7,4	298	149
2012	69,85	1360,1760	51,25	1040,549	298	149
2013	2,12	92,78	21,7	83,70	298	149
2014	58,39	2515,2291	76,75	4090,3128	298	149
2015	60,47	83,62	68,72	70,50	298	149
2016	13,9	2,2	23,8	4,1	298	149
2017	0,0	38,64	1,0	98,48	263	149
2018	13,8	7,11	15,10	1,1	272	149
2019	4,6	1516,1217	6,4	1829,1439	298	149
2020	26,14	0,0	21,13	0,1	298	149
2021	25,24	1490,1290	28,23	2456,1748	298	149
2022	623,453	9,10	1033,716	15,16	298	149
2023	17,26	13,12	4,11	21,6	298	149
2024	65,71	0,2	82,50	0,0	298	149
2025	0,6	67,72	4,1	70,58	298	149
2027	18,18	0,1	14,6	0,0	298	149
2028	17,15	72,80	15,7	70,64	298	149
2030	11,16	87,59	13,6	94,44	298	149
2031	18,12	1,4	11,3	0,0	298	149
2032	8,3	61,59	5,6	80,47	249	149
2033	3,5	1,0	8,2	0,0	298	149
2034	5,5	32,32	4,2	62,41	298	149
2035	5,4	75,86	1,1	91,77	298	149
2036	1,3	32,27	3,1	28,15	298	149
2037	0,2	65,27	1,0	36,28	298	149
2038	4,3	0,0	3,1	0,2	298	149
2039	3,2	1,4	1,0	5,1	298	149
2040	139,107	22,20	115,117	9,5	224	149
2041	3,0	43,53	1,1	24,14	298	149
2042	2,0	1,0	1,2	0,1	298	149
2045	39,55	62,71	13,26	32,12	256	149
2046	4,2	58,92	2,2	55,37	234	149
2047	106,138	104,75	71,63	72,52	298	149
2048	3,7	273,212	4,1	224,166	298	149
2049	289,248	10,9	223,201	4,7	298	149
2050	286,228	4,1	240,160	3,1	298	149
2051	473,389	54,45	408,270	58,58	298	149
2052	73,51	150,151	65,57	188,155	298	149
2053	20,13	53,65	19,14	76,73	298	149
2055	112,93	448,391	9,17	143,82	298	149
2056	870,643	21,19	220,133	0,0	298	149
2057	60,37	174,186	51,38	202,132	298	149
2058	41,39	263,242	37,24	315,247	298	149
2063	1466,1340	1,1	1917,1391	0,0	298	149
2064	19,12	51,23	36,9	63,47	298	149
2065	15,9	125,139	6,3	195,133	298	149
2066	81,74	650,554	55,60	798,592	298	149
2067	36,36	5,4	26,34	3,3	255	149
2068	53,42	1,0	41,44	2,2	298	149
2069	1,0	0,0	0,0	0,1	298	149
2070	1,0	488,369	0,0	622,461	298	149
2071	1,1	765,529	5,2	920,627	298	149
2072	2,2	41,28	8,4	43,32	298	149
2073	10,7	783,613	28,15	1006,686	298	149
2075	61,66	11,19	55,67	47,32	298	149
2081	203,175	4427,3779	194,172	6927,5235	298	149
2082	222,165	8366,7604	108,109	12082,9940	298	149
2083	335,305	7818,6395	482,345	13067,9281	298	149
2090	71,84	2513,1982	54,47	1869,1520	298	149
2093	55,34	140,117	47,25	210,156	298	149
2094	43,38	0,0	54,51	0,2	298	149
2095	43,45	1097,839	42,31	1752,1304	298	149
2096	48,37	1,1	49,44	0,0	298	149
2097	84,88	18,28	63,36	15,12	298	149
2098	109,104	1108,900	54,31	1846,1386	298	149
2099	133,98	156,118	57,37	113,103	298	149
2102	3,1	76,84	2,2	62,66	298	149
2103	34,45	14,14	29,30	7,6	298	149
2104	14,25	79,83	14,4	74,58	298	149
2105	9,4	65,69	7,12	60,55	298	149
2106	12,6	3,0	3,5	3,1	298	149
2107	160,129	1,0	108,99	0,0	298	149
2108	8,7	435,315	8,9	587,402	298	149
2112	1,1	40,35	0,0	35,16	298	149
2113	71,64	56,39	49,43	85,52	298	149
2114	14,13	21,28	7,11	16,8	298	149
2115	40,35	654,537	30,22	984,799	298	149
2116	415,354	15,26	625,539	17,27	298	149
2117	66,72	333,344	58,41	324,338	298	149
2118	29,45	412,458	12,11	325,307	281	149
2119	2,3	98,66	7,3	83,49	228	149
2121	3,1	155,135	3,2	308,187	298	149
2123	51,32	3426,2747	36,29	1554,1145	298	149
2124	65,63	3,6	76,41	0,0	298	149
2125	0,1	14,6	0,4	4,3	298	149
2127	1,0	3635,2794	1,3	3818,2665	298	149
2129	59,56	2866,2193	42,50	2631,1990	298	149
2130	165,145	1,0	112,103	0,2	298	149
2131	70,64	3418,2691	47,39	2740,2126	298	149
2132	157,140	3,0	117,81	0,4	298	149
2133	37,40	3595,2886	33,29	3114,2573	298	149
2135	40,35	3761,3060	45,43	3837,2970	298	149
2136	15,27	2,10	12,4	3,8	237	149
2137	33,34	2679,2424	71,46	4710,3527	233	149
2138	324,368	0,0	524,387	0,1	279	149
2139	15,14	60,72	36,19	140,109	298	149
2140	0,2	72,47	2,1	68,47	298	149
2141	31,15	844,717	9,11	782,650	298	149
2142	18,16	0,0	9,8	1,0	298	149
2143	10,3	648,638	11,10	595,429	266	149
2146	4,3	152,128	0,5	127,68	298	149
2147	46,14	1,0	23,9	0,0	298	149
2149	57,21	335,295	29,25	631,460	298	149
2151	3,0	30,13	0,0	20,5	298	149
2153	0,0	32,21	0,1	15,5	240	149
2156	17,16	1,2	7,1	0,0	298	149
2159	10,2	37,42	11,2	45,33	298	149
2161	1,5	26,23	0,3	39,26	298	149
2162	2,1	29,36	7,0	24,10	298	149
2163	13,8	84,65	3,8	106,66	297	149
2164	46,31	2,2	34,28	0,0	298	149
2165	40,19	318,284	28,12	373,287	249	149
2166	45,27	184,165	9,13	233,133	298	149
2167	13,19	169,173	16,17	206,115	226	149
2168	21,29	60,60	12,4	34,25	298	149
2169	17,19	0,1	19,20	0,0	298	149
2170	18,6	9,11	14,13	12,10	237	149
2172	21,33	937,679	9,17	1292,902	298	149
2174	3,6	1606,1340	4,12	3139,2322	298	149
2175	8,9	212,197	4,8	139,69	298	149
2176	2,0	25,18	1,0	21,20	298	149
2177	4,1	140,115	5,5	181,117	298	149
2178	34,30	41,47	23,18	62,50	298	149
2182	2,1	1,3	0,1	0,0	250	149
2185	20,21	304,196	19,9	302,192	249	149
2186	9,6	114,135	9,5	217,140	298	149
2190	3,9	0,0	17,17	1,0	298	149
2193	187,152	2,3	266,169	0,0	298	149
2194	22,34	78,74	22,23	62,59	298	149
2195	32,38	2,0	30,19	0,0	298	149
2196	35,56	38,53	31,15	58,39	298	149
2197	6,7	5,9	1,2	1,0	298	149
2198	18,24	1,0	17,15	0,0	298	149
2201	58,53	166,145	67,45	327,236	298	149
2202	24,18	237,229	43,15	441,307	298	149
2203	17,20	268,240	8,12	385,316	298	149
2204	333,238	0,3	351,287	1,2	298	149
2208	1,14	261,188	22,4	566,464	276	149
2209	33,28	289,206	42,30	617,467	229	149
2210	39,30	319,238	55,17	901,588	261	149
2211	53,32	339,245	42,18	849,602	298	149
2213	23,22	19,12	28,47	14,9	298	149
2214	15,13	0,0	55,31	0,1	298	149
2215	1,1	6,0	1,3	8,4	298	149
2216	0,2	3,3	1,5	5,5	252	149
2217	16,7	0,1	10,5	2,0	298	149
2219	17,8	0,2	10,6	1,0	298	149
2220	16,9	1,0	10,9	0,0	298	149
2221	5,14	55,48	19,13	113,66	298	149
2222	4,0	77,82	3,1	111,108	298	149
2223	0,3	63,50	2,6	99,74	298	149
2224	41,27	4,2	58,43	3,2	298	149
2226	3,0	50,59	3,3	136,90	298	149
2227	2,3	55,47	4,3	124,86	298	149
2228	2,0	7,3	15,3	7,12	247	149
2229	0,0	57,43	5,1	109,80	243	149
2231	12,8	132,75	9,7	193,137	298	149
2232	4,5	0,3	12,4	0,3	298	149
2233	4,4	80,41	10,1	109,72	298	149
2240	32,42	321,270	42,42	628,513	298	149
2241	32,42	0,0	42,42	1,0	298	149
2242	30,55	6,2	36,24	1,3	298	149
2243	615,640	863,869	532,377	1333,853	298	149
2244	5,3	328,327	6,6	380,291	260	149
2245	2,3	300,282	4,3	362,291	264	149
2246	0,1	6,10	2,4	19,10	298	149
2247	0,1	1,0	2,4	0,0	298	149
2248	5,8	533,483	14,6	640,518	298	149
2249	8,15	341,288	20,8	534,361	298	149
2251	7,4	6,4	1,0	8,2	298	149
2253	26,32	238,235	17,17	305,219	298	149
2254	40,20	286,293	10,8	279,219	298	149
2255	59,42	240,184	23,9	273,191	222	149
2256	93,72	16,2	39,19	2,1	298	149
2257	69,65	258,230	32,20	247,171	298	149
2259	16,13	2,0	12,5	0,2	298	149
2260	22,17	0,2	24,16	0,0	298	149
2261	0,1	0,2	0,0	0,3	277	149
2262	13,7	1557,1135	6,6	1225,918	298	149
2263	2,3	10,14	0,1	1,4	296	149
2265	18,14	4,10	4,5	5,1	225	149
2266	16,13	37,25	4,4	16,8	221	149
2267	13,13	0,2	4,3	0,0	196	149
2268	10,6	44,46	2,8	12,12	298	149
2269	9,11	0,2	5,2	0,0	298	149
2270	4,18	2,1	6,2	0,0	237	149
2271	15,21	24,29	8,5	33,30	240	149
2272	8,16	6,7	2,11	1,0	298	149
2273	29,21	294,327	28,35	395,235	227	149
2274	6,6	238,326	10,3	244,188	298	149
2275	19,16	374,436	14,7	387,225	298	149
2276	9,8	510,522	14,4	485,297	298	149
2277	12,15	501,569	19,9	550,429	244	149
2278	26,18	501,420	20,15	539,342	276	149
2279	33,23	439,387	20,27	541,386	298	149
2280	51,44	688,623	31,12	702,390	280	149
2283	39,36	759,660	33,32	879,656	298	149
2286	44,46	0,1	1,5	0,0	298	149
2289	32,29	0,4	3,0	0,0	298	149
2292	4,10	12,25	2,4	8,19	298	149
2293	119,125	0,2	173,138	4,0	298	149
2294	29,20	0,6	33,15	4,7	298	149
2295	4,11	456,446	10,4	365,325	298	149
2298	9,1	168,104	10,9	302,189	298	149
2299	0,9	5,7	6,4	2,1	236	149
2306	320,408	0,2	307,247	1,1	263	149
2307	11,9	4,1	6,4	1,0	298	149
2308	21,15	51,41	8,8	52,39	298	149
2309	53,49	0,3	45,32	5,8	298	149
2310	44,53	2,2	58,27	7,6	298	149
2312	59,57	1,5	60,63	2,4	266	149
2317	0,4	8,19	2,1	14,5	298	149
2318	24,19	174,143	14,14	149,146	298	149
2319	19,42	152,164	12,3	164,95	298	149
2320	37,52	81,56	38,26	86,52	298	149
2321	12,8	171,161	9,2	179,101	228	149
2322	15,17	3,9	7,0	4,0	298	149
2323	5,16	37,72	6,2	45,20	298	149
2324	16,22	0,1	1,2	0,0	298	149
2325	16,21	5,7	1,2	5,0	298	149
2326	1,3	218,194	1,0	139,74	236	149
2328	16,20	17,18	20,19	17,14	232	149
2329	16,23	491,376	22,20	656,560	247	149
2330	73,82	635,436	85,74	853,613	298	149
2332	45,17	1370,1095	38,16	1929,1404	298	149
2333	16,10	2,8	14,4	1,0	271	149
2334	26,21	7,0	19,17	1,0	298	149
2335	36,30	433,346	25,29	473,363	298	149
2336	56,49	311,275	37,35	440,321	298	149
2337	132,102	25,24	93,90	25,21	298	149
2349	37,39	5,0	40,12	0,0	298	149
2352	14,17	157,160	7,7	306,251	298	149
2357	1,0	0,1	0,0	1,0	298	149
2358	0,1	0,1	0,0	0,1	271	149
2359	1615,1220	941,799	2091,1639	1226,1034	266	149
2360	43,32	3,2	26,23	7,1	298	149
2361	49,46	146,94	39,35	215,152	298	149
2362	23,17	147,102	12,17	198,142	298	149
2363	19,15	0,6	11,14	0,0	298	149
2364	50,55	124,96	49,43	225,183	298	149
2365	15,19	149,121	5,6	243,143	298	149
2366	23,16	18,9	15,5	37,26	298	149
2367	42,25	50,33	25,18	30,16	298	149
2368	59,42	86,64	36,22	96,52	298	149
2369	13,10	216,227	6,4	191,139	298	149
2370	0,5	57,42	1,0	19,23	298	149
2371	114,94	229,144	97,100	393,256	298	149
2372	39,28	405,324	34,21	482,301	298	149
2373	3,0	0,0	2,1	2,0	298	149
2374	33,23	8,11	22,5	4,1	298	149
2376	2,0	4,0	1,3	0,0	298	149
2377	236,194	5,2	273,170	1,0	296	149
2378	7,6	148,121	5,8	155,113	298	149
2379	13,14	0,0	13,20	1,0	298	149
2380	38,31	100,68	23,24	111,62	298	149
2381	15,6	109,74	6,4	126,75	298	149
2382	2,0	140,106	2,1	143,77	298	149
2383	291,231	27,10	444,370	7,5	298	149
2384	43,44	7,5	49,36	4,4	298	149
2385	56,66	1003,875	76,39	1299,1115	298	149
2386	38,31	1,4	29,26	1,1	298	149
2388	13,7	766,776	9,6	1052,753	298	149
2389	7,15	84,69	5,1	62,56	298	149
2392	26,39	1503,1553	14,10	1875,1366	222	149
2398	0,3	0,5	2,0	7,3	238	149
2401	50,35	28,18	27,25	24,14	298	149
2402	50,40	144,117	32,26	175,153	298	149
2403	117,118	0,2	83,54	0,0	298	149
2404	44,18	29,22	25,24	33,29	298	149
2405	162,119	2,2	198,160	0,1	298	149
2406	54,27	188,171	28,19	284,185	298	149
2407	45,35	1,0	28,25	2,1	298	149
2408	31,25	17,14	12,16	9,12	298	149
2409	5,5	222,171	12,3	324,202	261	149
2410	9,14	234,173	11,12	352,262	298	149
2411	17,8	307,262	13,4	415,321	230	149
2416	27,21	435,420	29,23	666,472	298	149
2417	9,5	8,7	0,0	0,2	298	149
2425	3,6	7,0	9,6	1,2	298	149
2426	82,60	1255,1189	73,67	1728,1351	298	149
2427	5,7	16,13	12,1	23,17	298	149
2428	152,128	33,24	95,81	21,17	252	149
2429	58,55	66,56	39,43	42,44	298	149
2434	102,150	169,147	62,64	203,198	298	149
2435	97,123	15,17	52,45	10,4	298	149
2436	65,106	165,166	29,34	258,206	298	149
2437	1615,1355	42,41	792,681	9,7	298	149
2438	92,57	1703,1368	33,24	889,744	256	149
2439	40,39	1378,1119	38,15	670,566	298	149
2440	25,30	6,14	21,6	0,0	298	149
2441	19,29	1379,1249	10,7	583,525	298	149
2443	425,359	0,1	435,312	0,1	275	149
2444	26,22	665,569	37,35	968,691	298	149
2446	19,22	17,12	11,12	2,9	298	149
2447	14,3	4,5	2,0	0,0	230	149
2451	30,17	1,3	24,16	0,0	298	149
2452	87,70	3,3	67,35	3,7	298	149
2454	14,9	11,11	23,10	23,16	298	149
2455	38,50	19,16	71,62	40,24	298	149
2465	65,46	195,173	32,18	168,99	298	149
2466	22,18	147,121	40,27	187,168	298	149
2467	21,20	244,151	27,8	305,246	254	149
2468	12,22	149,110	19,16	207,117	298	149
2469	9,9	12,13	10,6	23,19	263	149
2470	492,416	51,33	745,521	70,44	281	149
2471	537,419	91,85	916,629	147,112	256	149
2472	630,499	104,115	924,749	179,181	237	149
2473	11,7	505,423	4,6	863,594	293	149
2475	16,14	489,354	10,12	827,607	236	149
2476	9,14	2,3	9,8	2,0	298	149
2477	10,4	383,296	13,9	731,538	298	149
2478	95,78	356,285	108,91	665,442	298	149
2480	37,37	102,61	91,86	159,128	223	149
2483	27,25	344,324	42,28	382,329	225	149
2484	5,6	106,114	9,6	127,82	235	149
2485	9,26	0,1	17,7	0,0	298	149
2486	0,4	6,30	2,0	9,2	277	149
2488	41,45	349,374	20,17	223,114	298	149
2489	90,127	4,1	43,59	0,2	298	149
2490	79,49	0,2	36,19	0,0	298	149
2491	98,71	395,336	50,35	262,215	298	149
2492	265,212	8,10	169,104	8,6	298	149
2493	493,434	33,21	362,233	25,20	298	149
2494	15,17	10,6	15,11	6,6	298	149
2495	24,23	441,430	20,13	316,250	298	149
2496	32,28	2,1	14,14	0,0	298	149
2497	58,52	317,350	34,26	269,202	279	149
2498	125,101	7,8	70,58	4,4	298	149
2500	527,541	2,1	926,662	3,1	271	149
2501	554,546	25,32	967,674	39,22	298	149
2502	0,1	15,8	5,0	12,10	298	149
2503	0,1	0,5	0,0	2,0	298	149
2504	91,78	0,0	91,57	2,0	267	149
2505	22,21	5,2	28,39	11,17	248	149
2506	259,258	794,710	194,130	902,667	298	149
2507	463,455	868,738	332,273	1068,730	298	149
2508	472,463	797,702	257,253	1002,709	298	149
2509	260,228	1190,1140	176,132	1365,950	230	149
2510	412,377	27,18	382,259	10,19	255	149
2511	56,48	1345,1282	38,25	1625,1165	226	149
2512	547,474	1,0	471,365	0,0	298	149
2513	529,454	772,682	455,351	887,639	298	149
2514	208,157	1072,912	166,113	1735,1114	263	149
2515	604,557	21,34	477,389	18,8	298	149
2516	1007,972	728,600	883,599	1261,890	298	149
2517	238,259	10,10	299,200	5,3	298	149
2518	665,686	976,801	473,404	1187,860	298	149
2519	14,37	12,15	8,7	8,2	261	149
2520	7,2	106,77	1,1	118,99	298	149
2521	2,2	76,70	0,1	114,85	298	149
2522	466,352	6,0	368,344	6,2	298	149
2523	931,828	14,14	1238,831	8,4	298	149
2524	45,30	441,358	32,49	576,328	235	149
2525	25,12	2,0	14,12	6,3	298	149
2526	0,1	381,315	2,0	427,272	298	149
2527	20,19	274,237	17,6	266,244	298	149
2528	60,67	17,26	58,52	25,11	298	149
2529	159,131	0,0	202,161	1,0	298	149
2530	83,70	2,1	92,79	0,0	235	149
2531	468,336	47,35	548,377	52,39	298	149
2532	323,256	1,0	270,193	0,0	233	149
2534	1,1	44,49	0,0	40,36	294	149
2535	2,0	13,14	0,1	13,15	298	149
2536	14,6	8,9	1,6	6,3	298	149
2537	41,24	37,30	16,18	44,30	286	149
2538	11,7	76,78	5,2	103,54	298	149
2541	11,18	363,334	15,8	615,422	298	149
2542	43,40	388,369	29,22	659,441	298	149
2543	23,27	1,0	21,32	0,0	298	149
2544	32,44	0,3	28,36	0,0	298	149
2545	26,39	554,491	21,35	856,596	262	149
2546	1054,924	5,5	1379,1027	4,0	298	149
2547	93,76	803,727	85,56	1143,816	298	149
2548	396,420	40,34	614,476	101,63	298	149
2549	389,398	31,36	555,451	60,24	298	149
2550	332,327	1096,954	438,369	2169,1606	298	149
2551	229,190	1805,1658	161,132	2928,2240	298	149
2552	215,189	36,41	156,114	29,11	289	149
2555	28,15	6,11	20,9	8,3	298	149
2559	14,12	97,69	16,15	123,68	298	149
2560	39,32	1,4	38,33	1,5	298	149
2561	63,71	65,66	22,12	22,10	247	149
2562	63,78	70,67	8,9	13,8	298	149
2563	13,35	33,66	2,0	0,0	271	149
2564	113,168	38,44	20,11	3,2	298	149
2565	571,568	9,4	971,685	4,5	278	149
2566	12,22	822,827	12,4	761,480	298	149
2577	8,17	9,10	15,10	13,8	298	149
2578	37,38	106,105	12,27	126,77	298	149
2579	66,42	4,4	88,66	1,1	298	149
2584	100,93	0,2	167,109	0,0	245	149
2587	9,4	189,153	20,10	334,248	298	149
2588	181,207	7,8	306,242	12,8	298	149
2589	0,1	13,19	2,0	42,21	268	149
2590	3,3	0,0	7,5	2,0	298	149
2591	0,1	24,7	1,0	11,21	298	149
2593	6,3	114,135	13,12	187,139	236	149
2595	41,58	126,147	73,45	204,115	298	149
2602	185,180	1,3	83,34	2,0	186	149
2609	11,6	2,0	9,4	0,0	298	149
2619	2,3	29,21	5,0	32,51	298	149
2620	4,4	17,41	7,2	51,30	298	149
2622	2,0	2,0	1,1	0,0	298	149
2626	3,0	68,46	2,0	59,30	244	149
2630	3,5	6,0	3,1	10,1	298	149
2633	287,294	2119,1955	334,241	3698,2886	227	149
2641	14,15	1,1	17,8	1,0	298	149
2644	1,3	4,1	1,1	2,5	298	149
2648	0,0	3,2	4,0	7,3	252	149
2650	0,1	2,2	2,0	5,2	298	149
2655	10,16	70,56	8,2	98,48	298	149
2657	15,15	8,8	8,7	2,3	298	149
2658	7,2	117,95	9,4	153,83	298	149
2659	40,35	22,16	32,29	1,0	298	149
2660	52,38	4,0	32,31	0,0	298	149
2661	65,44	1,2	40,43	0,0	298	149
2662	49,39	155,165	35,31	224,177	298	149
2663	62,45	20,16	43,43	1,0	298	149
2664	4,2	193,166	4,6	234,157	238	149
2665	14,26	207,168	28,31	314,260	298	149
2666	3,2	138,121	5,0	212,126	298	149
2667	7,8	234,219	16,8	303,207	298	149
2668	7,9	28,17	18,9	13,5	298	149
2669	5,1	212,205	3,1	293,206	298	149
2670	9,13	8,3	26,12	4,6	298	149
2671	2857,2331	250,248	3943,2742	31,14	175	149
2676	16,7	187,219	7,3	168,147	298	149
2677	15,8	383,340	4,5	418,332	223	149
2678	21,20	472,392	13,15	525,464	298	149
2679	20,20	1,2	13,15	0,1	298	149
2680	6,10	12,7	3,11	1,1	298	149
2681	3,7	570,428	0,4	513,511	298	149
2682	2,0	466,363	0,2	491,470	298	149
2684	46,44	334,354	14,9	484,315	298	149
2685	43,41	0,1	13,8	0,0	298	149
2686	33,26	0,1	8,9	0,0	298	149
2687	38,23	300,298	16,12	400,274	298	149
2688	58,45	2,0	7,19	0,0	298	149
2690	56,47	383,328	13,24	415,295	298	149
2691	63,42	0,3	15,22	1,0	298	149
2692	14,18	8,6	37,13	5,5	298	149
2693	88,89	2,2	109,67	3,2	242	149
2694	718,538	40,31	848,624	13,16	298	149
2695	14,7	587,519	15,9	896,677	298	149
2700	16,10	9,14	16,13	18,15	278	149
2701	79,69	10,11	58,64	10,11	298	149
2704	10,4	235,213	13,14	482,352	298	149
2705	7,4	12,5	1,1	2,2	298	149
2706	14,21	19,13	7,4	14,6	298	149
2707	14,19	0,0	7,3	2,0	298	149
2708	0,1	14,9	0,0	8,4	298	149
2709	171,170	18,16	130,100	23,12	298	149
2711	13,13	4,3	5,4	6,3	236	149
2712	2,8	1,4	6,4	0,0	248	149
2713	28,14	6,3	42,38	2,1	251	149
2714	2,15	1,3	2,1	0,0	265	149
2716	3,0	1,2	2,1	1,0	236	149
2717	305,212	0,0	436,305	1,0	298	149
2719	1,6	1,0	5,1	0,0	298	149
2720	2,5	144,138	4,4	48,54	298	149
2721	7,3	21,16	5,6	17,8	227	149
2722	17,9	6,12	9,6	10,3	298	149
2723	10,5	262,309	3,0	153,98	293	149
2726	53,18	10,1	15,19	9,0	231	149
2727	55,20	47,49	13,22	28,39	298	149
2728	59,77	171,177	51,29	193,130	298	149
2729	40,53	2,0	40,24	0,0	298	149
2730	22,22	224,183	12,15	190,126	298	149
2733	5,4	1,0	1,0	0,0	270	149
2735	0,3	0,0	0,0	1,0	298	149
2736	8,11	0,6	2,4	4,2	298	149
2740	0,2	398,378	1,0	422,314	298	149
2741	20,27	591,414	25,29	819,563	298	149
2742	17,25	2,3	22,19	0,0	298	149
2743	30,19	538,404	43,25	863,600	232	149
2745	27,27	2,0	47,22	1,1	298	149
2746	26,21	453,356	48,19	741,523	298	149
2747	33,24	758,572	37,17	1240,845	298	149
2748	32,24	3,3	35,27	2,0	298	149
2749	31,19	309,319	25,37	497,324	295	149
2763	447,457	2382,2099	415,341	4019,2936	298	149
2766	18,32	424,336	29,14	503,368	255	149
2767	35,38	0,0	26,15	4,0	298	149
2768	77,79	342,269	62,38	479,311	298	149
2781	55,26	117,105	23,18	180,94	281	149
2782	7,11	104,116	1,1	121,112	288	149
2783	11,17	83,85	7,8	119,68	298	149
2784	65,89	6,3	92,82	7,6	298	149
2785	18,30	2,1	27,10	2,2	298	149
2786	17,27	20,38	23,5	6,8	298	149
2787	88,73	2,1	75,76	0,2	231	149
2789	23,20	15,14	22,19	7,8	298	149
2790	39,23	1,0	22,22	0,0	298	149
2792	67,39	223,148	63,31	234,194	298	149
2793	46,36	19,9	50,19	1,0	298	149
2796	113,87	0,0	173,119	0,1	262	149
2797	3,6	226,207	5,3	218,142	298	149
2798	15,9	135,114	10,7	162,150	298	149
2799	447,367	3,4	546,411	4,5	298	149
2800	169,147	17,8	231,154	15,19	245	149
2801	46,51	647,490	24,17	748,492	225	149
2802	64,44	605,433	36,19	806,494	298	149
2803	165,151	490,396	256,172	858,551	298	149
2804	11,28	215,181	6,11	256,156	298	149
2805	15,10	188,201	11,7	264,202	245	149
2806	11,7	182,156	5,2	222,176	298	149
2808	41,70	3,2	30,34	5,0	298	149
2809	136,116	1594,1498	75,83	1834,1295	227	149
2811	0,4	28,36	2,2	55,26	241	149
2812	57,56	1167,997	65,54	1765,1305	298	149
2819	167,165	306,337	192,155	386,269	298	149
2820	127,110	825,750	71,60	882,723	262	149
2822	461,374	776,720	485,386	934,724	298	149
2823	1115,902	269,227	1399,1110	242,242	298	149
2824	102,102	0,2	113,69	2,2	298	149
2825	136,128	6,5	124,78	3,5	298	149
2826	166,159	39,17	178,120	36,21	298	149
2827	117,95	2,2	117,69	0,1	298	149
2828	163,131	1486,1406	137,93	1877,1498	298	149
2830	193,162	1423,1198	191,135	1883,1493	298	149
2832	477,413	0,0	537,365	3,0	298	149
2833	143,163	7,21	118,81	14,20	298	149
2834	155,174	2179,2016	134,90	2878,2231	298	149
2835	1576,1338	39,12	2051,1517	31,17	298	149
2837	61,52	1,0	70,34	2,1	298	149
2843	364,323	1324,1095	312,222	2063,1457	298	149
2847	30,21	614,583	0,0	4,11	298	149
2848	10,9	569,548	0,0	3,9	298	149
2849	27,25	434,374	0,0	0,3	298	149
2851	603,506	28,23	8,2	0,0	298	149
2852	13,21	129,111	15,11	168,126	298	149
2853	134,128	1,1	217,145	1,5	279	149
2854	138,109	46,34	224,152	50,41	298	149
2855	14,18	18,39	7,4	10,8	298	149
2858	2,0	4,0	2,0	0,0	242	149
2861	100,66	27,12	116,91	45,48	298	149
2862	28,16	32,36	14,8	50,31	298	149
2878	23,13	14,3	16,5	3,0	298	149
2882	5,5	307,223	6,5	579,326	298	149
2885	153,137	1,0	248,167	0,0	298	149
2891	38,55	542,502	24,12	652,381	298	149
2892	6,4	89,70	4,0	127,82	298	149
2897	9,9	0,2	19,11	0,0	298	149
2900	97,92	1,0	129,104	1,0	226	149
2901	28,14	245,199	10,24	463,394	298	149
2902	82,51	281,243	46,62	321,237	298	149
2903	151,162	15,4	143,112	14,5	298	149
2904	0,0	18,13	0,1	18,13	233	149
2905	28,10	38,32	16,14	32,10	298	149
2907	6,2	16,14	4,1	20,8	298	149
2908	17,7	8,2	12,8	0,0	298	149
2911	10,2	22,16	9,2	21,21	298	149
2912	21,21	0,2	10,3	0,0	298	149
2913	31,26	1,0	17,8	0,2	246	149
2914	14,7	0,1	7,7	1,0	298	149
2915	7,3	37,37	3,0	27,16	298	149
2917	21,17	3,1	14,6	1,4	298	149
2918	23,19	2,1	13,4	2,2	298	149
2919	18,21	1,0	9,3	0,1	288	149
2920	33,32	2,0	21,19	5,0	262	149
2922	43,30	114,84	34,30	115,73	298	149
2923	0,0	0,6	1,0	2,0	298	149
2924	13,1	11,12	9,12	5,12	298	149
2925	14,6	69,73	9,10	62,56	298	149
2926	48,34	2,2	54,25	0,0	298	149
2929	3,3	62,55	1,0	39,14	227	149
2930	4,0	10,1	1,2	5,0	298	149
2931	0,1	18,10	0,0	7,11	298	149
2932	1,5	8,3	6,2	27,14	298	149
2935	7,13	2,3	4,4	0,0	298	149
2942	0,2	35,27	0,0	21,2	298	149
2944	9,9	107,91	8,12	122,78	298	149
2945	3,6	6,0	4,1	0,0	298	149
2950	9,2	60,55	7,8	132,78	235	149
2952	15,17	6,0	2,0	0,4	298	149
2953	3,9	112,99	12,10	155,102	235	149
2954	119,96	5,2	166,110	3,1	298	149
2955	11,3	154,154	3,1	226,178	298	149
2956	189,145	5,11	250,166	3,0	298	149
2957	4,5	160,121	3,7	264,164	298	149
2958	33,24	0,0	27,35	0,1	298	149
2959	0,0	210,160	0,1	276,227	243	149
2961	3,1	2,1	0,2	0,0	298	149
2963	6,5	196,127	6,6	241,218	298	149
2965	2,3	164,155	0,2	242,192	298	149
2966	235,177	78,60	264,211	17,12	298	149
2967	63,51	615,458	52,44	826,545	298	149
2970	4,1	69,77	1,2	104,92	228	149
2973	22,4	0,4	19,14	0,0	285	149
2974	3,6	2,7	2,0	1,2	249	149
2975	6,7	0,2	5,6	0,1	298	149
2977	20,15	141,115	20,14	210,136	298	149
2978	25,18	4,1	25,20	0,2	298	149
2979	10,13	817,735	14,6	973,694	298	149
2980	362,339	11,13	350,267	1,1	298	149
2981	51,52	976,757	38,26	1002,837	298	149
2982	13,14	166,122	15,9	254,157	267	149
2983	13,15	416,332	19,11	582,431	270	149
2986	25,36	526,513	28,13	724,525	298	149
2987	45,35	655,541	47,38	917,727	298	149
2988	34,26	559,563	30,19	772,639	298	149
2993	52,43	6,1	45,27	11,8	298	149
2994	517,434	4,3	653,481	2,0	298	149
2995	32,32	90,89	32,11	106,55	298	149
2996	227,200	79,106	110,91	43,31	298	149
2997	191,171	749,569	100,82	273,157	298	149
2999	131,122	0,4	63,57	9,5	259	149
3000	12,1	550,473	5,6	758,566	298	149
3001	11,19	635,578	24,15	863,613	227	149
3002	132,109	8,2	159,131	4,2	258	149
3003	73,69	668,526	56,53	708,551	281	149
3004	497,375	54,28	689,498	14,33	298	149
3005	207,167	5,3	133,127	2,3	296	149
3006	198,155	711,531	167,123	1044,767	298	149
3007	151,119	28,10	135,104	15,16	235	149
3008	61,66	766,624	58,46	1050,790	246	149
3012	18,13	132,126	5,10	18,7	298	149
3013	7,11	68,48	13,6	18,22	281	149
3014	26,25	1215,1022	20,11	1522,973	298	149
3015	174,175	0,0	256,145	1,1	298	149
3016	49,31	0,4	14,20	0,0	298	149
3017	170,154	628,529	42,19	928,633	272	149
3018	1,0	8,6	1,3	7,3	298	149
3019	0,0	16,9	1,0	12,6	298	149
3020	12,5	130,104	6,6	294,184	220	149
3021	96,91	860,780	97,82	1205,865	298	149
3022	19,18	32,30	5,3	60,34	298	149
3025	8,1	24,15	5,3	17,6	298	149
3026	60,121	0,0	72,80	2,0	298	149
3027	19,19	156,134	21,18	152,63	298	149
3029	6,5	272,241	8,4	331,301	244	149
3030	288,304	1,0	207,164	0,0	298	149
3031	48,50	388,356	26,29	531,435	298	149
3032	48,47	340,336	37,18	495,387	298	149
3033	5,11	224,199	2,2	504,323	298	149
3034	18,39	114,106	18,26	190,147	295	149
3035	153,148	3570,2875	115,107	3584,2907	298	149
3037	1,3	81,60	8,2	141,83	298	149
3038	40,20	0,0	86,62	0,1	298	149
3039	52,47	264,222	42,53	414,283	298	149
3040	28,16	0,2	83,61	6,0	275	149
3041	5,0	16,13	2,1	36,11	298	149
3042	15,5	22,22	12,7	37,14	298	149
3043	13,6	1,0	9,2	0,0	230	149
3045	15,8	18,37	9,2	43,16	292	149
3046	15,9	0,0	9,2	1,0	294	149
3047	12,6	12,29	1,5	29,17	298	149
3048	4,5	10,12	7,5	28,17	298	149
3050	0,1	14,16	1,1	30,21	298	149
3051	1,2	0,3	1,0	0,0	298	149
3052	7,1	23,17	1,0	41,23	298	149
3053	4,2	34,19	2,3	38,29	298	149
3054	0,0	1,1	0,1	10,1	234	149
3056	0,2	0,1	0,0	0,1	298	149
3058	128,82	5,0	173,91	1,2	298	149
3064	102,92	109,119	47,52	84,56	298	149
3065	17,10	176,170	8,6	165,126	298	149
3067	16,18	0,0	14,5	2,0	298	149
3068	101,66	2812,2402	303,155	4652,3388	239	149
3069	251,269	6,6	325,225	7,2	298	149
3070	258,285	1165,1042	342,229	2022,1529	298	149
3071	21,15	0,0	8,3	1,2	298	149
3073	49,33	2,0	32,20	0,2	298	149
3074	2,6	168,160	2,5	161,151	298	149
3075	7,6	49,49	4,3	69,48	275	149
3076	68,75	0,0	67,40	1,0	298	149
3077	2,25	0,2	6,4	0,1	238	149
3079	9,11	35,35	5,4	23,30	298	149
3080	11,9	21,45	7,12	42,43	298	149
3081	432,430	15006,12796	513,395	25233,19627	298	149
3082	260,272	17469,14478	482,345	29302,23325	298	149
3085	1,0	0,0	0,1	3,1	259	149
3086	1,0	2,1	0,0	3,0	273	149
3088	18,17	3,1	42,29	2,2	298	149
3089	32,59	215,222	29,16	154,98	298	149
3101	18,34	5,8	18,11	1,0	298	149
3102	16,19	48,35	16,16	41,50	298	149
3103	19,26	49,31	19,8	43,50	298	149
3104	196,192	10,1	273,163	10,1	236	149
3105	255,205	11,8	316,213	10,14	298	149
3106	200,156	123,122	203,142	196,174	298	149
3108	6,12	452,516	17,10	492,351	298	149
3109	45,37	129,121	47,32	160,134	298	149
3110	664,485	10628,9016	679,513	15595,11464	298	149
3111	2810,2420	1,1	4203,3127	0,2	298	149
3112	7531,6244	11,2	11283,8107	2,2	298	149
3113	437,320	10732,8655	414,341	16610,11790	298	149
3114	48,37	152,116	42,24	124,101	298	149
3115	7,6	112,81	3,2	107,80	298	149
3116	44,43	6,3	23,17	2,0	298	149
3117	285,228	2,3	384,286	4,6	298	149
3118	4,0	1,3	0,0	1,4	298	149
3120	0,2	0,0	2,2	1,0	298	149
3126	35,33	215,180	25,11	266,214	288	149
3127	11,8	195,200	10,1	292,216	298	149
3128	27,20	4,5	21,6	0,0	298	149
3129	5,3	444,318	3,3	625,501	298	149
3130	162,200	1,4	194,91	0,0	298	149
3134	7,10	0,2	0,1	0,0	231	149
3135	8,10	61,106	0,1	43,48	250	149
3136	7,18	34,44	0,3	36,13	298	149
3137	2,11	87,150	0,2	90,99	298	149
3138	0,7	60,76	0,0	28,25	235	149
3140	13,9	1,1	10,11	1,1	298	149
3142	4,3	2,8	1,2	2,0	298	149
3143	28,34	205,202	21,16	213,141	298	149
3145	50,66	5,4	59,44	1,2	298	149
3146	65,78	86,72	69,59	106,77	298	149
3147	67,77	11,23	68,56	7,14	298	149
3148	67,82	123,169	42,17	82,69	224	149
3150	2,1	20,27	1,0	31,17	298	149
3151	1,2	65,60	1,0	50,13	224	149
3152	999,915	111,96	1213,740	175,127	231	149
3158	160,161	295,280	138,70	264,185	298	149
3159	160,162	9807,8486	141,70	10775,7199	298	149
3160	130,157	12,15	147,83	22,8	290	149
3161	106,120	9,14	81,47	0,0	298	149
3162	106,121	102,117	84,47	4,0	298	149
3163	74,90	12458,11277	78,49	13516,9632	298	149
3164	284,297	0,1	189,100	0,0	298	149
3165	252,267	5,13	186,102	6,2	298	149
3166	252,267	1,0	185,102	0,0	298	149
3167	191,150	0,1	138,87	0,0	298	149
3168	159,119	3,0	132,89	1,0	298	149
3169	187,176	8530,8279	222,175	9229,5431	298	149
3170	504,385	9063,8036	600,443	12849,9622	298	149
3171	279,230	0,2	203,206	2,0	298	149
3173	284,251	11719,10056	222,211	16348,13809	298	149
3174	186,156	255,323	244,185	409,282	298	149
3180	526,487	1370,1138	291,200	2111,1593	240	149
3181	0,1	0,0	4,2	1,0	298	149
3184	100,50	1,2	144,91	0,0	298	149
3185	31,32	314,214	35,23	310,264	298	149
3186	27,25	13,1	14,17	0,0	298	149
3187	18,20	325,275	8,13	324,244	298	149
3188	165,96	8,3	222,189	8,7	251	149
3191	2,4	2,2	10,8	0,0	298	149
3197	1,0	0,0	0,2	1,0	298	149
3198	0,0	2,1	0,2	0,0	298	149
3202	7,7	9,3	2,4	1,0	248	149
3205	0,0	28,21	1,1	38,15	298	149
3206	4,1	9,10	7,3	14,8	298	149
3208	1,0	18,8	1,1	18,12	298	149
3209	52,64	26,36	35,24	36,23	298	149
3210	1,2	43,20	2,4	34,34	298	149
3211	69,72	203,163	48,48	234,118	298	149
3212	419,361	11,12	586,368	14,11	239	149
3213	14,8	38,36	16,11	22,15	298	149
3215	217,234	6,3	119,37	0,0	298	149
3216	24,27	0,1	7,4	1,0	260	149
3217	20,17	72,64	4,3	76,67	237	149
3226	12,10	3,5	9,7	1,1	241	149
3227	8,9	1,0	22,2	0,0	238	149
3231	16,12	34,32	9,7	33,33	298	149
3237	1,0	38,27	1,0	31,26	298	149
3239	2,5	11,6	7,8	4,3	298	149
3240	5,1	10,3	4,0	3,2	298	149
3242	2,0	3,15	0,1	9,4	298	149
3243	3,2	5,4	0,1	0,6	298	149
3244	8,10	286,257	22,5	442,298	298	149
3245	131,168	1138,1081	112,88	1732,1393	298	149
3246	260,260	45,52	282,252	53,34	298	149
3247	121,129	17,14	98,69	10,5	298	149
3248	109,120	898,749	102,88	1539,1213	261	149
3250	46,38	1,0	45,23	1,0	298	149
3251	58,46	319,299	41,16	445,299	285	149
3252	51,44	186,109	60,43	187,138	298	149
3253	29,19	586,605	19,15	797,643	225	149
3254	47,26	5,9	76,74	22,14	298	149
3255	39,20	184,114	43,40	580,402	284	149
3256	7,9	120,115	11,18	262,233	298	149
3258	119,129	1759,1632	134,92	2647,2032	298	149
3260	80,73	9,5	77,63	4,5	298	149
3261	22,22	0,0	18,21	0,1	298	149
3262	16,15	663,609	10,13	725,654	298	149
3263	34,25	2,1	34,11	3,6	231	149
3264	34,26	600,473	35,13	939,708	233	149
3266	7,11	497,391	26,13	891,604	298	149
3267	127,157	275,250	71,55	330,253	269	149
3268	35,33	373,360	15,8	453,355	277	149
3271	6,4	327,301	18,5	826,500	220	149
3272	147,137	5,0	94,96	2,2	298	149
3273	133,143	0,2	134,76	2,0	298	149
3274	95,126	30,11	90,79	23,14	274	149
3275	232,176	53,33	409,259	49,42	298	149
3276	19,12	29,35	7,7	56,37	298	149
3277	3,8	539,472	3,7	634,447	228	149
3278	20,16	1751,1536	24,19	3061,2199	298	149
3279	96,72	2987,2582	117,85	4572,3587	298	149
3282	2,0	0,1	1,2	1,0	298	149
3283	3,2	25,22	2,3	26,5	298	149
3294	3,2	1,0	5,4	0,0	298	149
3298	211,200	2,1	210,135	1,2	245	149
3299	13,24	1,1	15,10	1,0	298	149
3300	12,12	76,83	7,8	85,38	298	149
3301	10,10	2,0	5,6	1,0	298	149
3302	17,17	0,2	21,9	0,3	298	149
3306	4,9	37,44	19,2	29,11	298	149
3307	4,9	0,0	19,2	1,0	298	149
3308	29,32	0,0	28,8	1,2	298	149
3309	4,8	2,1	17,1	1,0	298	149
3310	3,6	1,0	17,0	0,0	298	149
3311	2,2	68,76	0,0	48,32	237	149
3312	2,2	2,0	0,0	1,4	214	149
3316	7,4	162,144	7,6	155,98	298	149
3318	27,37	1,5	21,14	3,0	298	149
3320	17,18	17,15	17,12	4,8	298	149
3322	33,42	122,74	31,21	128,70	298	149
3324	5,3	1,4	5,4	0,3	298	149
3325	21,27	0,2	19,13	3,2	298	149
3326	8,6	65,68	5,0	64,47	298	149
3327	9,6	0,0	5,1	1,0	298	149
3329	9,18	0,3	13,6	0,4	279	149
3330	8,16	0,0	13,6	1,0	276	149
3334	38,30	70,73	33,27	153,115	298	149
3335	41,26	1,9	37,25	7,3	298	149
3336	21,18	7,8	18,17	3,8	298	149
3337	32,31	2,0	24,15	0,0	298	149
3338	40,38	116,92	34,38	238,170	298	149
3339	51,51	0,2	40,36	0,0	298	149
3340	49,41	2,2	33,31	2,3	298	149
3341	39,38	6,0	31,37	3,2	244	149
3342	2,4	118,130	1,3	271,218	298	149
3343	0,1	55,83	3,2	158,95	298	149
3348	1,2	14,15	0,0	8,9	252	149
3353	11,15	7,8	14,9	0,0	298	149
3354	7,6	130,95	28,8	149,104	298	149
3358	6,8	1,0	2,13	3,2	298	149
3362	16,13	2,6	12,17	3,6	298	149
3370	42,28	2,2	13,10	2,1	256	149
3372	432,353	1,1	602,475	0,0	298	149
3378	0,0	4,2	0,1	6,3	298	149
3386	225,157	7611,6671	351,173	11271,7649	298	149
3397	23,11	102,138	8,7	102,89	298	149
3400	23,11	115,124	10,12	202,117	298	149
3401	17,17	4,1	14,10	0,4	298	149
3402	40,25	0,0	25,25	1,1	298	149
3403	6,15	191,167	10,6	370,260	298	149
3404	44,15	112,73	33,21	150,71	298	149
3405	33,13	7,9	30,19	12,4	298	149
3406	18,11	174,120	16,11	278,213	298	149
3407	8,25	7,3	4,3	0,1	298	149
3408	17,14	1262,1062	5,4	431,381	275	149
3409	3,2	1031,785	4,2	568,400	290	149
3410	22,21	777,728	17,11	307,223	298	149
3411	26,20	0,5	6,6	0,0	277	149
3412	16,12	742,654	5,5	306,216	273	149
3413	24,29	881,791	18,17	427,303	298	149
3414	13,16	1,0	2,6	0,0	298	149
3415	8,20	132,135	3,6	271,154	298	149
3416	11,13	1,0	4,3	0,0	298	149
3417	17,7	94,94	8,11	164,135	298	149
3418	1,1	1,0	1,4	1,0	150	149
3419	57,65	98,106	52,35	145,117	298	149
3420	6,6	339,265	5,3	556,375	298	149
3421	3,9	3,4	1,4	0,0	298	149
3430	3,2	40,64	7,0	50,33	268	149
3431	18,11	60,68	30,20	99,65	298	149
3432	55,52	4,4	87,67	1,5	298	149
3433	1,0	64,47	1,1	73,45	298	149
3435	20,17	91,100	19,18	168,103	298	149
3436	1,0	115,124	1,2	225,134	298	149
3444	1,2	1,0	0,2	0,0	298	149
3445	19,27	0,1	32,20	0,0	298	149
3452	7,0	4,2	9,4	0,0	298	149
3453	1,1	4,0	3,2	9,4	298	149
3454	1,0	6,4	0,0	3,0	298	149
3457	9,4	100,97	4,6	163,149	298	149
3459	0,0	3,4	0,1	2,0	244	149
3464	70,51	0,0	110,72	1,3	226	149
3465	92,76	13,3	138,103	10,7	267	149
3467	2,1	65,55	2,0	48,48	230	149
3468	38,38	4,0	43,34	1,1	298	149
3469	130,158	175,214	120,75	108,67	298	149
3470	264,233	2067,1854	238,188	4324,3107	298	149
3473	12,6	12,23	19,4	15,24	263	149
3477	1,9	0,0	2,5	0,4	298	149
3483	0,0	2,2	1,0	2,1	249	149
3485	0,0	1,0	2,2	0,0	298	149
3489	0,0	6,0	0,2	0,0	298	149
3494	200,162	22,26	241,146	10,10	298	149
3495	10,8	167,104	7,12	137,161	235	149
3496	5,1	138,109	11,3	185,164	298	149
3497	0,1	153,159	2,3	148,116	298	149
3498	1,4	120,123	3,5	175,97	298	149
3499	2,0	102,74	1,0	175,128	298	149
3500	17,10	0,1	33,18	2,0	298	149
3505	3,5	823,803	4,1	1334,832	298	149
3508	20,14	118,97	25,19	186,114	298	149
3510	1,2	191,173	2,3	389,240	235	149
3511	7,8	202,171	14,19	394,248	298	149
3517	48,32	364,295	39,17	483,363	298	149
3518	46,46	555,443	57,39	674,486	298	149
3519	252,236	34,33	254,188	18,22	298	149
3520	104,112	397,328	71,84	558,381	298	149
3521	547,512	8,2	534,382	0,3	250	149
3523	14,25	7,9	8,14	9,5	298	149
3525	1,3	169,155	0,0	192,129	298	149
3532	10,3	38,52	1,1	19,17	298	149
3533	2,9	75,79	3,3	66,47	298	149
3537	2527,2519	3,4	3549,2527	10,4	298	149
3538	18,7	182,151	10,11	153,137	298	149
3539	5,6	210,168	6,8	285,220	238	149
3540	2,4	92,100	6,2	89,47	298	149
3541	23,20	56,90	15,13	44,25	298	149
3542	4,2	162,134	12,7	238,150	298	149
3543	10,14	166,170	13,5	248,175	298	149
3544	292,243	1125,930	260,198	1614,1171	281	149
3549	18,7	55,56	10,10	45,46	298	149
3552	29,21	0,2	23,7	0,0	298	149
3558	2,0	0,0	10,5	2,0	298	149
3560	117,109	0,0	158,91	0,2	298	149
3562	2,0	0,6	2,0	2,2	243	149
3565	15,15	6,10	4,3	9,4	197	149
3566	72,75	0,1	51,42	0,0	288	149
3568	38,48	4,1	22,26	7,1	298	149
3569	53,33	6,5	25,19	12,6	298	149
3570	9,9	28,17	3,3	4,8	298	149
3571	4,2	2,1	1,1	2,0	298	149
3572	19,24	0,1	5,5	0,0	298	149
3573	6,17	263,212	6,5	242,210	226	149
3574	20,27	45,46	3,2	28,12	298	149
3575	0,0	4,3	0,2	0,0	298	149
3576	74,86	398,398	33,10	224,159	298	149
3577	66,86	14,10	28,5	1,0	292	149
3578	18,12	126,163	2,3	58,34	298	149
3579	34,22	9,9	29,11	9,4	231	149
3580	34,53	37,25	38,9	9,16	233	149
3583	7,7	0,0	2,1	1,0	246	149
3585	6,6	0,2	7,3	0,0	298	149
3586	3,7	0,0	6,3	4,0	298	149
3587	4,7	0,0	7,3	0,2	298	149
3588	0,2	0,3	0,0	0,3	231	149
3591	2,3	18,29	0,0	15,3	233	149
3592	8,8	2,2	3,3	3,0	298	149
3593	8,8	18,21	3,3	7,7	298	149
3594	10,5	417,304	3,6	628,475	298	149
3595	86,89	2003,1726	89,64	3949,2712	232	149
3596	45,59	1306,1233	81,52	1903,1160	298	149
3597	54,60	2,4	92,59	0,0	298	149
3598	40,36	2378,2148	60,36	3887,2875	298	149
3600	111,104	342,337	70,74	489,344	228	149
3601	8,18	226,255	7,6	245,152	257	149
3602	8,4	246,234	7,6	244,180	230	149
3603	76,93	182,157	81,41	247,208	298	149
3604	1,1	100,202	0,0	99,37	238	149
3605	1,5	25,94	2,0	30,11	298	149
3606	42,64	83,167	31,44	79,68	298	149
3607	53,114	15,14	53,60	25,8	298	149
3608	16,11	53,40	8,10	78,43	298	149
3611	4,3	64,46	0,5	51,37	242	149
3612	8,1	75,58	4,1	101,53	298	149
3614	12,3	94,64	3,2	130,77	228	149
3615	6,6	64,56	7,7	89,89	271	149
3617	91,66	1,1	115,113	0,2	221	149
3620	0,7	25,23	2,2	29,28	298	149
3621	14,18	189,190	6,7	229,161	255	149
3622	18,27	206,176	7,7	235,158	278	149
3623	20,26	79,84	14,15	73,42	298	149
3624	13,5	1,4	6,4	1,0	298	149
3625	18,20	434,444	6,6	525,396	298	149
3626	10,11	421,362	6,6	575,486	245	149
3627	27,27	3,0	16,16	0,0	298	149
3628	44,45	573,478	44,44	670,561	298	149
3631	27,43	209,321	17,15	99,50	238	149
3632	29,45	379,365	10,4	178,135	298	149
3633	0,2	15,16	1,1	11,25	233	149
3634	8,3	2,1	3,1	1,0	298	149
3635	8,1	1,1	6,2	1,1	298	149
3636	5,10	12,11	17,4	13,10	298	149
3637	22,22	4,0	23,27	5,2	298	149
3638	48,49	757,753	32,20	1110,1009	298	149
3639	75,96	160,180	60,51	213,141	298	149
3640	248,208	32,25	277,229	29,25	298	149
3641	37,20	286,226	38,24	320,247	223	149
3642	74,93	214,218	47,15	260,168	240	149
3645	54,75	93,77	38,34	78,60	232	149
3649	565,523	6,8	514,398	4,1	298	149
3650	6,0	0,1	4,6	0,0	298	149
3652	29,11	7,5	4,3	4,7	298	149
3654	31,17	0,0	21,13	0,1	298	149
3655	35,29	0,0	36,21	1,1	298	149
3656	613,694	31,9	425,316	18,9	298	149
3657	33,47	678,659	44,40	551,322	298	149
3659	22,23	480,567	12,15	381,254	250	149
3660	10,18	0,2	5,8	0,0	217	149
3661	5,3	83,141	1,3	54,16	239	149
3664	16,11	35,29	18,6	39,36	298	149
3665	25,60	852,811	25,15	977,763	275	149
3666	68,28	8,0	22,24	0,0	298	149
3667	7,23	350,308	36,16	646,460	298	149
3668	21,21	421,322	22,25	834,588	298	149
3670	18,6	1,1	10,6	2,4	298	149
3671	13,4	3,0	6,2	2,2	230	149
3672	59,40	9,5	68,38	3,2	298	149
3673	56,36	1358,1149	56,45	1513,1261	249	149
3674	15,24	0,4	16,5	1,0	298	149
3675	6,6	9,36	5,1	10,5	224	149
3676	26,54	574,485	27,28	558,337	298	149
3678	24,7	668,584	15,12	1178,881	234	149
3682	28,27	129,128	11,12	127,80	298	149
3683	916,1089	12,16	1032,686	11,11	231	149
3684	187,179	0,3	119,89	1,2	298	149
3685	256,196	552,462	158,105	658,558	298	149
3686	81,49	3,6	48,33	0,0	298	149
3687	156,136	250,268	127,51	305,173	298	149
3688	168,151	2,1	145,56	0,0	298	149
3689	412,434	6,9	529,319	10,5	298	149
3691	0,13	41,65	3,2	59,37	234	149
3692	2,2	142,157	2,1	150,100	237	149
3693	45,52	324,288	33,43	344,264	269	149
3695	30,29	1002,782	33,15	1354,1044	288	149
3696	210,233	46,58	295,295	84,66	241	149
3697	81,126	93,84	56,38	36,32	298	149
3699	220,250	2,5	317,198	2,1	285	149
3700	237,224	8,5	320,219	3,2	298	149
3701	90,87	5,0	56,32	4,3	298	149
3702	69,66	171,101	41,27	170,140	298	149
3703	14,18	567,503	22,19	897,637	298	149
3705	84,71	4,4	65,29	1,0	298	149
3706	85,78	0,1	68,29	0,0	283	149
3707	40,40	3,4	25,8	1,4	298	149
3708	66,59	3294,2829	33,15	1412,990	298	149
3709	52,27	10,6	25,13	3,4	298	149
3710	42,20	4505,4095	16,14	1649,1101	256	149
3711	26,51	373,327	9,15	501,468	266	149
3712	2,7	1,0	3,10	0,0	298	149
3713	25,21	31,30	57,45	33,19	298	149
3714	14,7	3,1	7,8	2,2	298	149
3715	13,4	12,8	7,8	19,25	298	149
3716	13,13	35,57	7,7	64,75	220	149
3717	51,38	480,496	25,35	671,495	298	149
3718	50,54	14,11	83,55	15,12	298	149
3719	651,535	11551,8967	724,567	18743,14621	298	149
3720	1,6	8,4	8,1	0,0	298	149
3721	20,25	11,5	14,3	4,0	298	149
3722	5,7	7,6	9,0	0,0	298	149
3723	3,1	28,27	0,0	2,1	298	149
3724	143,121	5,12	152,132	11,17	298	149
3725	41,40	336,293	33,25	434,280	227	149
3726	55,71	1595,1369	57,43	2336,1748	298	149
3727	83,74	22,18	115,78	24,22	254	149
3728	56,44	1763,1513	69,56	2573,1837	246	149
3729	86,48	966,926	112,74	1427,890	298	149
3731	1,2	21,12	3,2	6,8	298	149
3738	186,146	31,22	141,88	51,36	298	149
3739	95,76	3,2	68,43	1,1	298	149
3743	9,4	2,2	4,6	8,1	298	149
3744	3,5	0,0	9,4	2,2	298	149
3746	0,0	1,0	0,2	1,0	233	149
3747	8,7	690,523	15,7	728,561	298	149
3748	4,2	1,0	6,1	0,0	298	149
3749	19,7	641,549	18,17	865,521	246	149
3750	5,9	885,690	15,7	1273,897	298	149
3751	1,0	2,2	0,0	6,4	231	149
3752	0,2	2,1	0,1	0,3	298	149
3755	12,2	386,318	9,6	609,400	280	149
3759	195,228	15,39	165,107	3,8	298	149
3763	5,4	15,6	2,3	16,11	298	149
3764	174,135	7,5	169,119	11,9	298	149
3765	125,107	31,22	110,72	32,16	298	149
3766	104,103	1,0	97,67	3,2	298	149
3767	79,70	51,61	83,57	70,52	298	149
3768	48,34	572,425	33,19	566,424	298	149
3769	19,13	446,431	10,15	437,221	229	149
3770	145,123	97,115	114,60	91,49	277	149
3771	7,8	334,339	1,2	298,137	226	149
3772	51,72	81,81	40,17	40,15	298	149
3773	5,5	130,123	2,2	151,108	226	149
3774	81,74	132,90	65,60	302,170	298	149
3775	29,32	2,3	26,17	1,1	298	149
3776	32,29	44,32	28,18	51,41	298	149
3777	17,10	259,236	10,4	251,210	298	149
3778	43,34	0,0	50,40	2,0	298	149
3779	40,63	6,7	20,6	2,2	298	149
3785	1,1	282,296	0,2	374,203	298	149
3786	21,27	7,4	14,11	11,6	298	149
3798	24,9	1,0	9,11	0,0	298	149
3803	1,22	2,1	8,2	0,0	298	149
3806	144,139	1,3	203,118	1,3	298	149
3807	89,39	670,579	45,31	947,690	298	149
3814	1,0	59,87	1,0	161,63	298	149
3815	3,0	91,72	0,0	147,115	298	149
3817	8,2	0,0	4,4	0,1	298	149
3820	28,26	61,44	15,18	85,79	298	149
3821	30,28	1,0	35,34	0,0	298	149
3822	41,36	84,62	37,42	135,107	298	149
3823	35,25	0,1	37,38	0,0	298	149
3824	12,21	121,120	6,3	154,114	298	149
3825	8,18	4,1	4,5	0,0	298	149
3826	11,6	98,103	7,0	169,125	298	149
3827	0,12	120,128	10,10	218,142	298	149
3828	5,1	134,103	5,1	235,170	298	149
3829	4,3	95,99	2,1	168,97	298	149
3830	7,1	2,8	6,5	2,0	298	149
3831	10,4	8,9	6,5	5,9	298	149
3832	14,6	95,108	11,7	205,128	298	149
3833	19,9	6,5	9,6	3,0	298	149
3834	1,6	99,119	5,1	179,149	298	149
3846	1,2	0,0	0,0	1,0	298	149
3848	0,1	29,14	1,2	18,24	298	149
3849	395,382	17695,16108	240,186	21858,16074	298	149
3852	199,161	4483,3551	142,120	6359,4655	298	149
3853	73,68	4835,4048	115,85	6598,4932	298	149
3854	40,62	5112,3763	61,47	6359,4317	298	149
3855	38,45	5036,4204	41,21	6062,4491	298	149
3859	175,123	8,6	281,207	19,11	298	149
3860	5,6	347,253	7,2	331,287	298	149
3861	7,9	1,0	11,3	1,2	298	149
3862	17,15	198,197	16,14	209,187	298	149
3864	13,11	5,6	11,4	6,3	298	149
3865	15,9	171,183	4,3	232,138	298	149
3866	23,17	52,52	16,15	32,22	298	149
3867	8,17	288,203	4,12	288,244	298	149
3868	17,11	3,3	9,11	1,0	298	149
3870	37,61	2,0	85,57	0,1	227	149
3871	18,22	1790,1419	26,18	2759,2049	298	149
3872	57,28	1488,1247	56,65	2596,1846	298	149
3873	67,84	4,8	38,40	0,0	298	149
3874	67,87	1738,1479	42,39	2690,1974	284	149
3876	1,1	0,2	7,6	0,0	298	149
3877	502,359	5,12	642,527	6,9	298	149
3879	3,8	506,368	5,4	449,311	298	149
3880	65,65	2,6	36,18	0,0	298	149
3881	32,29	340,302	18,13	344,249	298	149
3882	34,32	485,394	19,9	501,311	296	149
3884	222,231	5,7	195,116	3,7	298	149
3885	32,31	3,2	16,9	0,0	298	149
3886	6,6	448,423	8,2	381,258	298	149
3887	34,18	327,367	21,14	246,174	298	149
3888	32,16	2,3	14,5	0,3	298	149
3889	15,7	166,214	5,4	89,40	298	149
3891	8,8	60,92	0,0	32,12	265	149
3892	46,45	784,678	37,31	965,839	242	149
3893	68,86	621,494	41,25	713,577	252	149
3894	67,92	10,11	63,58	9,8	298	149
3895	6,10	95,98	7,2	116,86	242	149
3896	17,17	23,24	10,7	28,6	252	149
3897	19,36	1,0	25,31	0,0	298	149
3898	72,90	23,13	91,71	26,12	298	149
3899	14,27	90,85	27,21	69,36	298	149
3900	51,57	0,2	104,83	0,1	298	149
3901	61,65	74,62	68,44	48,42	295	149
3902	50,50	1,6	48,29	0,0	298	149
3903	49,54	34,38	37,21	26,19	298	149
3904	61,64	43,57	74,29	61,40	298	149
3905	14,6	127,126	16,13	88,54	298	149
3907	0,2	28,27	2,1	17,9	298	149
3910	12,7	44,48	2,0	3,2	298	149
3911	26,13	2,2	4,1	0,0	298	149
3912	33,18	33,23	4,3	0,0	298	149
3914	7,4	1,2	6,7	3,3	280	149
3915	8,16	0,1	16,22	0,0	298	149
3916	20,20	2518,1929	24,14	4904,3549	298	149
3917	198,191	2,5	62,70	0,0	298	149
3918	29,38	110,87	24,18	221,159	283	149
3924	63,43	142,149	48,37	126,113	298	149
3925	35,29	5,3	39,26	1,1	298	149
3926	14,12	166,122	12,7	247,145	298	149
3933	11,10	96,139	5,4	54,50	298	149
3948	125,112	0,1	65,55	0,0	298	149
3949	104,93	174,192	60,52	127,97	298	149
3954	5,4	89,79	8,4	125,102	298	149
3955	60,52	4,0	49,35	1,1	298	149
3957	5,2	96,96	2,2	103,77	228	149
3958	68,75	788,818	51,55	858,479	298	149
3959	196,184	2,0	216,153	0,3	226	149
3962	1,2	1,4	0,0	4,0	265	149
3963	7,6	16,11	3,0	17,6	221	149
3964	9,9	0,0	3,1	3,0	238	149
3965	16,14	0,2	6,5	0,0	254	149
3966	8,16	9,11	2,1	13,19	298	149
3967	5,25	0,3	1,5	0,0	298	149
3968	6,25	3,3	1,6	2,3	298	149
3969	15,19	2,5	12,10	3,1	298	149
3970	115,83	0,0	219,142	0,2	298	149
3971	126,101	0,0	218,145	1,0	261	149
3972	100,86	1,1	180,130	5,1	228	149
3974	29,20	273,222	15,19	398,264	257	149
3975	30,18	1,1	17,18	0,0	298	149
3976	34,47	62,51	28,17	51,30	223	149
3977	18,12	3,3	14,18	2,2	298	149
3979	16,14	0,1	1,3	0,0	298	149
3980	4,4	25,15	3,1	16,11	229	149
3981	8,27	1,1	0,3	0,0	298	149
3982	8,7	90,68	6,5	60,54	222	149
3985	242,160	12,8	110,122	14,8	217	149
3987	20,29	8,6	20,2	2,3	298	149
3995	41,48	0,2	16,7	1,1	227	149
3996	124,166	1,4	79,61	0,0	298	149
3997	198,184	1312,1151	186,136	2537,1980	222	149
3998	237,224	1,0	261,203	3,0	230	149
3999	296,350	975,1048	228,157	1425,842	298	149
4009	91,69	4,6	174,121	0,0	246	149
4016	49,74	123,165	30,23	86,47	266	149
4017	49,75	2,3	30,23	0,2	271	149
4018	2,4	6,8	6,4	9,6	239	149
4019	1,7	1,0	5,9	0,0	298	149
4020	1,4	3,5	11,11	1,0	255	149
4021	454,360	3,1	667,508	4,3	272	149
4023	0,0	32,29	1,0	27,22	298	149
4025	12,5	68,64	15,11	125,53	298	149
4026	2,10	671,560	7,7	1046,791	298	149
4027	118,110	7,23	204,158	14,11	298	149
4034	8,9	2,0	7,5	2,0	298	149
4035	18,16	37,22	17,8	45,11	298	149
4036	10,13	27,36	6,0	32,6	256	149
4037	1,0	7,17	4,0	21,2	240	149
4038	1,2	3,10	0,0	13,6	245	149
4040	4,6	2,3	3,2	7,3	298	149
4041	6,2	0,0	5,2	1,1	298	149
4045	36,21	2,2	36,20	2,1	257	149
4048	471,477	39,56	256,162	54,34	298	149
4049	469,493	0,1	264,170	3,0	298	149
4050	533,509	828,729	316,218	1155,835	298	149
4051	93,58	833,785	39,34	1356,963	298	149
4052	440,386	13,7	517,315	26,22	298	149
4054	26,19	382,462	5,4	442,300	298	149
4055	44,38	297,345	13,11	267,219	298	149
4056	4,4	208,263	2,2	175,128	298	149
4057	34,54	2,2	32,22	0,0	298	149
4059	3,1	126,182	1,1	90,43	234	149
4060	113,191	2,0	85,37	0,0	298	149
4061	38,77	99,159	42,28	97,51	298	149
4065	31,33	279,331	13,17	197,140	242	149
4066	26,29	2,0	8,10	0,0	298	149
4067	25,12	124,185	5,6	83,76	231	149
4069	40,70	3,0	16,7	0,0	273	149
4070	19,30	417,487	15,2	482,348	261	149
4071	145,140	341,305	80,76	330,231	298	149
4073	149,117	247,297	100,78	208,115	298	149
4074	278,254	8,12	212,127	18,11	298	149
4075	389,343	1,2	309,189	0,0	298	149
4077	91,77	19,9	70,34	11,10	227	149
4078	105,82	625,622	73,37	527,357	242	149
4079	153,123	5,4	100,73	1,0	298	149
4080	45,46	112,173	37,12	47,43	287	149
4081	15,4	37,25	0,3	3,2	295	149
4082	7,3	1,5	0,2	0,0	247	149
4083	6,6	535,384	1,0	0,1	298	149
4085	688,585	19,19	2,0	0,0	298	149
4086	147,175	5,0	132,49	0,2	219	149
4088	4,2	58,49	1,6	51,35	298	149
4091	40,31	264,219	20,23	347,247	229	149
4092	78,54	218,172	54,44	356,277	298	149
4093	166,187	324,254	145,113	465,314	298	149
4094	79,76	398,383	57,45	564,414	298	149
4095	138,119	262,200	123,93	368,282	298	149
4099	183,137	1237,1076	178,107	2419,1835	298	149
4100	43,45	42,30	46,24	41,48	235	149
4101	4,3	0,2	1,3	1,1	298	149
4102	26,19	64,62	14,3	88,40	298	149
4103	13,11	1,6	13,0	2,2	298	149
4104	17,8	4,1	10,3	6,2	298	149
4105	0,5	2,14	6,0	4,3	298	149
4109	1516,1442	16,27	2242,1629	1,2	288	149
4126	2,5	129,101	1,0	192,116	298	149
4127	379,313	3,1	504,286	0,1	268	149
4131	18,23	40,44	11,5	62,34	298	149
4132	19,24	0,1	10,5	0,0	298	149
4133	3,10	7,29	2,0	5,2	282	149
4134	46,24	16,15	22,14	4,0	298	149
4135	25,19	243,217	11,13	145,93	298	149
4136	0,2	128,125	2,2	114,71	298	149
4146	100,93	27,10	66,56	9,6	298	149
4147	21,2	47,89	3,2	38,19	298	149
4148	807,654	5,2	1310,856	0,0	298	149
4149	1023,840	3,2	1495,1108	4,3	298	149
4160	14,11	0,0	22,23	0,1	233	149
4161	54,53	26,22	35,31	21,18	298	149
4162	10,12	319,259	4,3	414,287	229	149
4163	22,29	381,302	23,15	569,300	222	149
4165	26,8	165,175	18,15	217,186	262	149
4166	3,2	203,208	0,0	274,214	298	149
4170	11,9	2,0	5,17	0,0	298	149
4171	12,7	1,0	6,14	0,0	298	149
4172	76,50	168,194	40,20	180,146	271	149
4173	27,22	115,121	43,16	175,113	298	149
4174	24,17	301,222	17,7	391,264	271	149
4175	71,56	230,217	37,37	293,244	298	149
4180	6,9	20,13	18,16	12,7	298	149
4181	3,0	9,11	2,1	23,11	298	149
4182	14,10	4,4	12,5	11,5	240	149
4184	50,49	0,1	59,52	0,0	298	149
4185	0,5	24,11	1,1	0,0	298	149
4186	0,0	18,8	3,0	0,0	298	149
4187	14,16	15,4	2,3	0,0	298	149
4189	0,5	14,14	1,0	1,1	224	149
4190	7,3	22,21	2,1	1,0	298	149
4191	6,3	18,19	0,0	3,1	244	149
4194	0,0	26,13	2,0	0,3	298	149
4200	35,32	656,512	22,10	1019,656	298	149
4203	52,47	0,0	72,57	2,0	298	149
4204	30,20	43,44	33,28	40,46	298	149
4205	2,1	33,24	1,0	13,22	237	149
4206	53,44	10,11	54,61	13,4	298	149
4207	38,29	10,10	42,34	22,18	298	149
4213	19,10	407,496	27,18	559,402	298	149
4215	2,0	6,2	1,0	9,5	298	149
4216	0,1	8,6	0,0	8,1	218	149
4221	0,1	4,2	0,0	0,1	296	149
4224	3,2	4,4	3,2	2,1	298	149
4225	6,5	3,5	3,2	0,2	298	149
4226	7,5	0,0	3,2	0,2	298	149
4238	6,9	255,216	8,1	356,287	227	149
4239	20,3	245,210	15,5	397,262	220	149
4240	32,7	15,12	23,7	20,7	223	149
4247	66,78	2,8	78,50	2,0	298	149
4248	56,58	4,0	49,25	0,0	298	149
4249	7,4	164,131	4,3	160,127	298	149
4251	9,11	105,107	4,2	79,44	298	149
4252	7,10	0,0	4,2	0,2	298	149
4253	133,118	2,0	115,72	1,0	274	149
4254	151,130	0,0	126,74	1,0	298	149
4255	151,129	0,4	113,73	0,0	298	149
4256	22,10	3,2	7,4	0,1	250	149
4257	16,23	1,0	13,8	0,0	298	149
4259	16,19	2,2	9,7	0,0	298	149
4260	12,14	14,8	4,5	4,4	298	149
4261	15,22	1,1	7,3	0,0	298	149
4263	10,13	0,0	6,0	1,0	298	149
4264	9,6	118,149	5,1	138,143	298	149
4265	0,5	4,8	3,1	4,7	298	149
4266	602,536	3,0	562,475	0,0	247	149
4267	96,93	2706,1984	137,104	5585,3765	298	149
4268	164,153	5,2	339,204	3,2	298	149
4269	1,5	126,105	4,4	218,137	298	149
4270	18,17	14,12	15,17	2,1	298	149
4271	14,8	134,104	14,4	197,116	298	149
4272	20,12	107,101	10,10	124,94	226	149
4273	165,101	4,3	164,121	0,0	298	149
4274	75,47	124,76	47,38	145,94	298	149
4276	80,48	6,0	48,39	0,0	298	149
4278	94,56	8,3	56,45	0,0	298	149
4279	19,10	109,129	4,4	181,123	223	149
4280	37,33	145,126	7,24	175,128	298	149
4281	65,67	49,53	28,33	22,16	243	149
4282	25,27	194,161	13,11	165,85	298	149
4283	79,64	149,159	59,75	184,147	298	149
4284	44,43	103,85	32,20	85,72	298	149
4285	47,47	3,0	17,13	0,2	298	149
4286	0,0	340,287	8,2	380,358	298	149
4287	35,36	407,330	51,30	484,464	298	149
4291	73,106	31,28	55,33	50,39	298	149
4292	63,87	54,47	44,22	98,51	298	149
4293	98,115	117,144	105,60	239,183	298	149
4294	88,96	91,117	94,49	169,145	298	149
4295	57,44	979,851	41,36	1384,1083	298	149
4296	109,127	336,301	56,37	438,307	230	149
4297	549,415	8,6	733,541	4,5	298	149
4298	12,15	1,0	6,4	0,0	298	149
4301	3,0	0,1	0,2	0,2	242	149
4303	25,26	281,228	15,18	472,284	298	149
4307	4,6	178,150	12,4	268,227	298	149
4308	2,1	0,2	8,1	2,0	298	149
4309	2,2	128,104	5,1	194,184	298	149
4311	168,122	0,2	120,117	0,0	298	149
4312	102,100	9902,8559	186,159	14848,11237	298	149
4313	42,39	8168,7009	41,35	13470,10310	298	149
4315	196,163	8223,6866	220,187	12293,9397	282	149
4316	43,21	10460,8619	19,20	15007,11732	246	149
4318	317,268	11264,8903	287,295	19307,13907	298	149
4319	155,110	1,1	207,152	0,0	272	149
4320	22,15	623,579	23,12	671,375	298	149
4321	2,0	0,6	1,0	0,0	298	149
4324	3,7	278,229	11,15	560,398	298	149
4325	4,1	82,37	3,8	135,76	298	149
4326	4,1	186,150	3,6	315,264	298	149
4329	6,13	343,293	6,6	250,226	298	149
4330	38,51	99,102	36,16	61,35	224	149
4331	100,136	106,116	106,60	83,60	298	149
4332	27,33	1,2	26,31	4,1	298	149
4333	24,27	39,43	26,27	32,21	298	149
4335	23,5	245,155	13,9	269,159	298	149
4336	56,55	5,2	59,50	0,0	298	149
4337	3,0	219,173	0,0	233,174	298	149
4338	9,3	2,0	7,5	0,0	298	149
4339	9,3	356,278	7,5	359,275	298	149
4341	11,13	120,169	2,0	69,25	298	149
4342	42,32	315,248	29,17	769,542	292	149
4343	25,19	0,0	20,10	0,3	298	149
4344	8,7	396,329	7,8	776,585	263	149
4345	15,12	0,10	19,10	4,3	298	149
4346	23,16	1,1	27,15	5,0	298	149
4347	16,13	250,242	23,10	529,402	298	149
4351	0,0	2,0	0,1	0,0	298	149
4359	58,44	265,207	30,47	451,349	298	149
4360	3,6	1,0	1,0	1,2	298	149
4362	481,478	53,45	664,500	48,46	298	149
4364	424,322	20,14	381,291	1,1	237	149
4365	9,10	28,5	5,1	7,11	298	149
4366	0,3	1,0	5,0	0,1	298	149
4369	8,3	88,56	17,6	167,92	298	149
4373	7,6	0,2	4,1	0,0	298	149
4378	35,28	1,1	36,20	0,0	298	149
4379	137,160	0,1	104,68	0,0	298	149
4384	36,29	4,0	70,39	0,0	298	149
4387	1,0	0,0	0,2	0,2	298	149
4388	1,0	0,0	0,0	1,0	298	149
4396	26,17	11,12	15,22	6,6	298	149
4397	30,41	756,601	50,31	1237,884	298	149
4398	985,897	103,79	1078,676	85,59	298	149
4412	20,11	167,150	8,6	63,33	298	149
4413	1,5	29,30	2,5	67,33	298	149
4414	5,4	0,3	9,6	0,1	298	149
4415	3,4	74,60	9,6	66,25	298	149
4416	6,4	37,31	3,3	48,41	298	149
4417	6,11	3,8	14,3	15,14	298	149
4418	15,19	1,3	16,8	5,4	298	149
4419	15,19	12,10	16,8	11,12	298	149
4420	8,3	30,22	10,5	53,46	298	149
4422	5,15	103,92	12,2	179,130	298	149
4423	0,1	8,8	2,1	12,3	279	149
4424	10,20	2,0	18,13	2,1	298	149
4425	336,286	5,2	453,353	1,0	239	149
4427	222,196	12,11	272,231	0,8	298	149
4428	16,9	182,164	1,2	287,208	298	149
4437	6,4	125,94	3,4	197,132	298	149
4438	4,2	132,114	14,3	196,140	298	149
4439	0,0	22,17	0,1	51,22	298	149
4440	1,0	20,11	2,0	15,5	298	149
4441	31,30	2,2	33,17	0,3	298	149
4445	75,97	1399,1265	101,74	2389,1587	290	149
4447	14,16	50,42	6,6	60,33	219	149
4451	1,0	0,0	0,0	0,2	298	149
4453	5,1	1,1	0,5	1,0	298	149
4460	39,31	149,200	21,9	100,95	219	149
4461	58,63	748,654	44,11	861,634	298	149
4462	16,4	231,320	2,4	137,83	222	149
4463	2977,2337	54,35	4138,2382	2,0	298	149
4464	910,646	0,0	1598,847	1,0	298	149
4465	3162,2710	34,17	4976,2489	21,7	298	149
4466	1365,1107	10,9	3014,1637	0,0	298	149
4467	2126,1609	22,17	4095,2176	6,4	298	149
4469	1588,1249	24,16	3551,1765	5,7	298	149
4471	0,2	379,291	6,6	678,507	298	149
4472	7,9	362,293	14,7	652,401	298	149
4473	8,5	324,242	14,15	708,497	298	149
4474	14,1	414,271	7,2	669,499	298	149
4475	21,16	491,408	19,13	762,590	298	149
4476	13,4	521,399	27,13	886,700	298	149
4477	3,7	23,23	8,5	44,20	232	149
4480	1,0	7,10	0,1	6,11	298	149
4485	1,12	0,0	6,2	0,4	298	149
4486	25,17	152,130	16,6	169,132	298	149
4491	12,25	42,61	7,25	53,29	298	149
4492	21,30	9,2	34,29	4,0	298	149
4493	25,39	5,2	35,33	0,0	298	149
4495	17,16	479,403	7,6	702,553	298	149
4496	16,12	13,21	6,5	22,21	298	149
4497	12,11	429,357	23,10	669,507	287	149
4498	9,4	505,419	2,3	700,520	298	149
4499	8,5	2,0	9,3	1,0	298	149
4500	7,5	449,457	4,5	734,517	298	149
4508	38,29	236,178	52,23	469,282	298	149
4509	36,32	11,10	50,22	2,4	298	149
4515	7,7	4,2	19,5	3,1	298	149
4516	3,0	11,17	2,3	22,12	298	149
4520	4,7	56,65	2,2	19,12	216	149
4522	51,34	616,590	60,50	944,768	298	149
4523	13,13	557,475	16,24	862,689	298	149
4525	4,5	17,9	3,0	5,5	298	149
4529	44,33	1,3	47,19	5,0	298	149
4530	47,39	2,3	42,27	2,0	298	149
4532	40,40	196,157	36,24	366,281	298	149
4533	27,35	0,2	26,26	3,0	298	149
4534	564,472	39,30	32,18	3,2	298	149
4535	25,26	1105,1062	11,3	56,63	298	149
4536	1206,1005	16,9	49,59	2,0	298	149
4537	44,44	1167,1142	2,3	52,51	298	149
4538	70,70	0,1	2,4	0,0	298	149
4540	58,49	1008,1044	4,0	39,31	252	149
4541	433,404	18,25	31,20	4,0	298	149
4542	428,413	580,584	30,18	15,15	298	149
4543	932,949	44,37	48,38	1,2	298	149
4544	106,126	4,2	11,6	0,0	247	149
4545	111,128	82,57	11,6	3,0	250	149
4546	176,192	1093,894	20,26	39,38	298	149
4547	442,438	36,24	42,34	0,1	298	149
4548	293,268	89,91	24,25	6,4	298	149
4549	309,277	8,2	29,28	0,2	298	149
4550	309,268	14,13	38,36	0,0	298	149
4551	49,35	21,16	43,39	11,10	298	149
4553	9,4	87,62	7,8	141,87	287	149
4555	7,9	1,4	7,5	1,1	298	149
4556	4,12	82,67	7,2	127,71	249	149
4557	5,7	91,59	21,10	131,62	298	149
4559	6,3	111,71	9,10	167,105	298	149
4560	5,2	130,110	9,5	158,100	272	149
4563	86,82	8,8	64,41	6,5	298	149
4564	34,28	2,0	48,31	1,1	298	149
4565	8,10	335,296	10,6	531,368	290	149
4566	43,45	305,305	41,12	532,401	298	149
4567	39,36	214,225	20,15	334,267	248	149
4568	22,16	356,467	13,8	412,353	259	149
4569	28,31	343,442	28,15	447,369	259	149
4570	22,26	450,418	20,13	567,453	262	149
4571	44,20	345,279	27,18	430,280	264	149
4572	164,172	570,485	86,66	518,420	298	149
4573	16,19	589,488	18,23	405,265	232	149
4574	206,170	685,570	209,234	1484,1116	298	149
4575	99,111	1,1	115,90	0,0	298	149
4576	280,235	7,6	396,328	11,2	298	149
4577	168,136	5,6	191,163	3,13	298	149
4578	205,187	8,4	265,222	12,23	298	149
4579	154,145	600,524	198,165	1038,893	298	149
4580	167,153	60,43	251,173	51,41	298	149
4581	103,87	327,271	91,66	548,369	298	149
4582	185,172	5,5	231,158	10,7	298	149
4583	121,106	9,5	71,51	4,3	298	149
4584	335,287	1,0	562,380	0,0	298	149
4585	271,221	0,0	402,273	0,1	298	149
4586	287,260	59,80	446,302	126,89	298	149
4587	80,99	665,517	58,47	1177,913	249	149
4589	191,217	493,435	169,120	835,539	298	149
4590	139,155	19,10	131,112	29,10	298	149
4591	66,73	436,439	58,55	683,430	298	149
4592	243,373	15,47	228,141	30,13	298	149
4596	15,22	114,105	12,11	152,122	298	149
4599	29,43	190,156	20,16	133,72	298	149
4600	134,138	3,8	169,103	9,2	244	149
4601	144,143	124,116	150,97	68,35	298	149
4602	176,172	61,36	174,102	17,14	298	149
4603	100,79	7,6	51,37	10,0	298	149
4604	102,93	231,179	61,34	138,77	298	149
4605	57,51	18,12	59,41	8,9	298	149
4606	84,70	2,0	41,22	0,0	298	149
4607	57,55	214,195	61,42	104,86	298	149
4608	31,32	6,1	46,30	0,0	298	149
4614	4,1	17,5	3,1	7,3	298	149
4615	5,14	4,14	12,11	13,20	298	149
4616	4,10	2,4	11,12	0,6	280	149
4618	0,5	3,4	3,2	4,0	256	149
4620	12,8	0,4	10,11	0,0	298	149
4621	16,13	0,2	12,10	0,0	267	149
4622	11,5	0,0	9,7	1,0	298	149
4624	9,16	0,3	9,9	0,0	298	149
4627	124,115	5,8	135,61	1,0	298	149
4628	24,31	0,0	12,16	0,1	215	149
4635	28,24	11,6	28,18	14,6	298	149
4636	23,21	16,14	18,13	3,8	298	149
4637	25,18	3,4	20,12	2,2	298	149
4638	19,18	16,8	22,21	5,8	262	149
4639	42,47	0,1	40,25	0,0	298	149
4644	25,22	64,54	17,7	91,38	298	149
4645	84,84	99,86	69,68	171,128	298	149
4648	54,48	12,4	61,45	13,6	298	149
4649	54,48	363,379	61,45	337,245	298	149
4650	54,65	629,534	60,33	595,454	298	149
4651	52,71	0,4	49,36	0,0	298	149
4652	95,85	2168,1798	66,35	2138,1841	256	149
4653	3,1	49,62	2,3	40,15	298	149
4654	20,13	232,177	1,7	298,188	298	149
4655	6,7	0,0	15,14	2,4	298	149
4657	21,22	0,0	8,5	1,0	298	149
4658	12,10	148,104	6,3	148,113	298	149
4659	11,13	106,123	5,6	89,61	298	149
4669	489,297	6,1	690,425	0,0	232	149
4670	489,297	3,5	690,425	0,2	236	149
4671	48,43	379,318	22,25	389,322	233	149
4673	96,103	17,30	36,20	16,10	298	149
4675	1,0	10,8	0,0	1,2	298	149
4679	15,12	0,0	11,12	0,1	298	149
4680	2,4	0,0	5,0	1,0	298	149
4681	11,1	55,44	7,6	114,86	280	149
4683	5,5	121,118	6,14	164,109	298	149
4684	28,28	414,369	19,13	725,558	298	149
4689	22,21	131,73	21,6	209,128	298	149
4690	23,9	5,3	26,15	7,2	298	149
4691	8,5	102,61	1,2	115,63	298	149
4696	0,0	1,0	0,2	0,0	298	149
4702	2,2	11,3	3,0	2,2	298	149
4706	11,11	37,42	10,6	36,35	298	149
4707	9,0	129,158	2,2	197,144	298	149
4709	82,74	7,5	89,41	0,0	298	149
4710	7,23	0,2	8,8	0,0	298	149
4711	10,26	300,275	12,10	529,362	298	149
4713	13,20	248,219	17,21	265,180	298	149
4714	19,20	2,1	28,18	0,0	298	149
4715	13,15	191,177	24,11	254,111	298	149
4716	15,13	4,3	24,13	4,1	298	149
4717	426,361	2,1	793,642	0,1	246	149
4721	14,8	7,16	12,14	17,9	298	149
4722	2566,2018	94,73	2632,1934	20,11	231	149
4723	31,26	1137,892	23,16	1141,766	298	149
4724	4,4	1,0	4,3	4,2	298	149
4726	32,53	154,117	35,10	176,114	290	149
4727	28,18	240,244	12,9	260,198	225	149
4728	15,6	165,152	8,2	187,158	298	149
4729	8,8	2,1	4,4	0,0	298	149
4730	5,6	189,142	6,4	179,186	298	149
4731	1,1	19,23	2,0	15,4	298	149
4732	2,8	37,33	7,6	45,19	298	149
4733	252,196	26,13	304,242	13,21	298	149
4735	23,23	854,711	26,10	1234,1130	298	149
4736	223,201	0,1	408,291	0,0	298	149
4737	34,25	1042,892	24,23	1924,1510	283	149
4739	1,2	0,2	0,4	3,0	298	149
4742	71,47	4,3	38,26	1,0	298	149
4743	89,149	442,372	68,56	389,188	298	149
4747	0,0	1,2	0,1	0,0	248	149
4749	27,28	2487,1972	37,30	3680,2572	298	149
4750	79,41	1711,1384	82,76	2776,1960	298	149
4751	109,94	2,0	68,90	4,1	298	149
4752	125,133	2761,1990	139,87	4492,3264	298	149
4753	78,56	2430,1831	70,72	3770,2604	298	149
4754	53,61	400,369	42,28	411,218	225	149
4755	7,12	267,247	0,2	237,164	255	149
4756	32,35	359,392	11,12	277,198	298	149
4757	255,182	11,13	364,288	18,16	298	149
4762	6,4	16,6	2,2	3,3	298	149
4766	16,5	482,318	19,11	558,471	298	149
4769	4,4	9,10	5,5	5,7	298	149
4770	14,6	0,0	12,11	0,1	298	149
4772	214,142	166,140	262,179	188,116	298	149
4777	15,9	1,1	16,6	7,0	237	149
4779	25,21	0,0	40,22	3,3	298	149
4780	8,1	27,12	4,5	25,33	298	149
4791	3,0	18,29	1,1	16,6	262	149
4795	4,13	1,0	5,10	0,0	298	149
4796	43,42	2202,1915	47,43	3027,2453	298	149
4797	37,43	4864,3749	48,46	7535,5923	298	149
4798	110,72	1673,1305	103,96	2794,1991	263	149
4799	8,9	87,51	9,15	76,70	298	149
4801	124,119	417,339	119,83	624,480	298	149
4806	26,39	656,543	47,25	998,758	298	149
4807	34,18	1053,969	30,20	1575,1191	298	149
4808	43,22	1108,826	59,45	2118,1453	298	149
4809	19,11	601,443	21,11	1151,942	298	149
4820	22,29	0,0	44,17	0,1	298	149
4821	26,27	0,1	44,22	0,0	298	149
4824	3,19	14,12	9,6	4,6	231	149
4833	39,35	951,834	29,23	1374,1027	298	149
4834	2441,2202	23,9	2792,2106	4,1	298	149
4835	188,169	8,3	204,154	8,1	298	149
4836	31,13	535,469	18,13	691,540	298	149
4837	0,1	28,35	3,2	8,23	282	149
4838	33,15	0,2	27,24	1,0	298	149
4841	51,48	48,51	48,23	117,81	298	149
4842	0,0	2,5	2,0	4,0	298	149
4845	17,9	69,71	5,2	59,19	298	149
4847	57,61	793,569	48,23	883,691	298	149
4849	29,36	525,510	19,16	850,660	298	149
4850	35,52	625,618	23,21	1045,804	298	149
4852	2,1	15,17	2,0	18,20	229	149
4854	83,65	221,187	65,55	211,200	237	149
4855	7,5	86,74	2,9	76,53	228	149
4856	7,5	0,3	2,9	1,2	277	149
4857	3,4	25,23	3,2	18,10	298	149
4860	16,18	1,5	16,4	0,0	298	149
4861	59,56	396,389	27,23	274,249	298	149
4863	67,91	435,406	59,46	423,382	298	149
4864	165,173	10,3	171,90	3,4	298	149
4865	1,2	610,488	7,3	708,549	298	149
4870	4,0	50,54	0,3	62,58	298	149
4873	2,6	106,117	3,6	138,121	298	149
4874	0,0	116,94	0,6	148,150	298	149
4875	15,11	1,7	22,19	3,8	262	149
4876	21,10	51,64	29,20	84,47	298	149
4877	41,44	63,54	38,19	69,27	298	149
4882	6,1	1,0	3,1	0,1	298	149
4883	1,2	1,0	0,0	1,0	298	149
4884	1,2	115,89	1,0	86,36	298	149
4885	6,2	4,1	6,7	2,0	298	149
4892	91,76	447,298	68,59	594,435	298	149
4893	43,48	403,344	26,8	766,609	259	149
4894	106,101	490,428	167,108	888,665	298	149
4895	171,168	547,513	147,134	1414,1054	298	149
4896	171,217	4,3	141,131	3,0	298	149
4897	171,213	571,508	203,114	1396,1013	298	149
4898	0,3	1,1	1,1	5,1	298	149
4899	5,0	4,0	1,2	0,0	298	149
4900	5,0	5,2	1,2	1,2	298	149
4902	1,3	147,129	3,2	225,174	286	149
4903	5,16	0,1	6,4	0,0	298	149
4904	9,16	192,173	4,5	254,181	298	149
4905	1,2	215,125	2,6	297,218	280	149
4906	125,134	6521,5279	119,82	9410,7365	298	149
4907	118,118	7105,5132	131,116	12678,10235	298	149
4908	7,13	170,145	11,3	215,187	298	149
4909	4,7	12,8	9,6	10,5	298	149
4910	2,6	86,83	9,4	114,93	298	149
4912	7,5	389,288	5,3	518,355	298	149
4913	0,0	25,26	2,3	35,25	298	149
4914	3,3	32,41	6,11	24,24	298	149
4919	13,11	52,36	17,3	33,21	275	149
4921	119,95	2,2	118,87	0,2	298	149
4922	13,8	458,377	11,3	463,313	298	149
4923	113,115	2,0	139,111	0,0	298	149
4924	23,21	24,37	21,15	27,25	298	149
4925	22,19	1,2	15,13	0,0	298	149
4927	1,0	4,6	2,0	3,3	261	149
4928	36,24	133,110	12,17	40,32	298	149
4929	6,4	15,20	4,1	5,5	298	149
4930	57,40	23,19	72,41	35,17	298	149
4931	60,46	5,0	55,38	1,1	298	149
4932	35,24	1,1	13,15	2,3	298	149
4933	36,24	0,2	14,18	0,0	298	149
4935	8,8	6,6	2,1	5,1	257	149
4937	3,6	10,6	17,4	9,6	298	149
4939	15,13	2,9	27,9	3,0	298	149
4940	5,2	14,15	3,1	14,4	298	149
4941	4,4	1,1	7,0	1,1	238	149
4943	44,43	1986,1584	84,72	3696,2809	298	149
4945	70,52	4,3	39,52	0,1	274	149
4946	63,60	213,150	48,53	364,227	298	149
4947	547,471	7,7	708,491	0,2	298	149
4948	245,164	1,0	213,158	1,0	298	149
4949	169,160	141,89	151,109	154,125	298	149
4950	52,31	3,0	53,31	0,0	298	149
4951	464,379	324,223	376,265	305,192	298	149
4957	146,127	46,23	201,154	25,15	298	149
4958	17,9	195,170	20,11	233,164	298	149
4959	10,10	97,73	12,7	122,69	298	149
4960	7,9	69,82	11,7	91,58	298	149
4961	19,22	55,36	21,19	41,52	298	149
4962	16,21	17,8	20,19	8,3	298	149
4963	112,95	571,556	105,79	560,429	298	149
4964	207,168	676,610	149,109	623,498	298	149
4965	712,570	3,12	628,444	0,0	298	149
4966	159,96	59,34	98,73	36,42	298	149
4967	229,197	108,120	164,153	8,10	298	149
4968	216,157	431,468	139,112	445,328	298	149
4969	0,0	1,0	4,2	4,0	298	149
4973	649,567	0,0	530,406	0,1	298	149
4974	13,7	5,4	11,10	3,2	298	149
4977	3,0	9,7	0,0	10,2	298	149
4978	98,78	146,146	67,41	128,101	298	149
4979	14,8	108,104	17,6	94,90	230	149
4983	33,21	460,410	33,14	656,474	298	149
4984	3,13	4,1	11,5	0,0	298	149
4986	0,5	7,2	3,0	2,7	298	149
4987	22,8	64,69	21,12	182,128	298	149
4988	0,0	83,44	2,1	90,62	298	149
4989	13,10	65,68	14,6	100,60	298	149
4990	435,314	0,0	399,326	0,1	298	149
4991	468,329	12,2	414,335	0,1	298	149
4994	37,43	500,440	36,15	646,418	298	149
4995	42,39	580,541	33,16	906,629	235	149
4999	0,3	1,24	0,0	1,1	257	149
5002	22,37	96,79	18,9	57,33	298	149
5003	31,44	1,3	32,23	0,0	288	149
5004	20,37	23,26	22,11	5,1	256	149
5005	15,33	11,2	18,10	4,2	232	149
5006	14,9	2,0	25,21	1,2	298	149
5009	7,7	36,28	1,1	3,0	298	149
5010	181,142	992,725	23,18	312,277	298	149
5011	184,146	8,6	22,19	1,0	298	149
5012	179,144	23,6	22,18	0,2	298	149
5014	14,15	739,656	4,1	232,150	298	149
5015	4,3	970,817	1,1	343,203	298	149
5017	9,10	104,85	12,9	45,57	298	149
5018	102,131	0,5	82,49	0,0	298	149
5019	10,9	144,125	3,11	100,72	298	149
5021	2,0	1,4	0,1	0,1	298	149
5022	0,1	4,14	1,1	32,42	298	149
5023	0,1	0,0	1,0	1,1	298	149
5029	3,2	0,1	1,2	0,0	298	149
5040	30,31	5514,5095	23,30	7128,6199	298	149
5041	49,47	6,17	37,46	20,19	298	149
5042	115,94	3,5	142,90	11,0	298	149
5043	65,58	10,3	83,56	0,3	298	149
5044	24,25	160,153	34,11	232,148	298	149
5045	50,42	44,25	90,56	29,20	298	149
5046	13,10	100,90	13,13	165,119	298	149
5047	81,77	18,15	125,77	9,11	298	149
5048	44,45	18,6	48,34	7,2	298	149
5049	72,54	3,2	100,66	5,5	298	149
5050	35,22	1,2	23,23	3,0	298	149
5051	28,20	88,86	20,23	86,52	287	149
5053	23,27	41,59	24,9	32,14	298	149
5054	28,32	0,0	26,12	1,1	298	149
5056	19,18	37,36	13,7	46,34	298	149
5062	3,6	44,53	3,2	42,29	298	149
5063	34,34	9,9	24,11	11,5	298	149
5064	20,25	74,50	8,8	61,37	298	149
5065	22,23	1,0	9,12	2,0	298	149
5067	52,31	166,144	38,27	298,205	298	149
5068	71,55	38,26	52,34	31,34	298	149
5069	100,67	102,93	85,55	164,139	298	149
5071	4,6	6,0	0,0	5,2	259	149
5072	2,2	14,8	3,2	7,4	232	149
5073	86,65	585,487	41,50	817,652	298	149
5074	7,4	36,51	4,3	30,13	235	149
5075	33,15	619,504	39,31	749,564	298	149
5076	45,27	523,374	40,20	662,497	223	149
5077	106,66	0,1	155,95	0,0	236	149
5078	1229,1050	36,37	1336,1016	31,35	298	149
5079	457,406	43856,34932	380,308	55903,40906	298	149
5080	13681,11232	0,1	17214,11943	0,0	235	149
5082	163,146	646,459	270,189	1201,969	298	149
5083	51,51	222,253	40,18	353,300	271	149
5084	10,20	194,231	14,7	304,202	293	149
5085	1,13	9,3	4,1	12,6	257	149
5086	17,22	281,250	7,17	363,303	298	149
5087	21,24	220,188	11,12	270,237	298	149
5088	16,19	6,3	10,10	1,0	298	149
5089	12,17	0,1	8,7	0,1	298	149
5090	60,41	0,0	41,41	1,0	298	149
5095	10,8	6,1	1,0	0,0	298	149
5100	1725,1425	110,66	2771,1846	102,76	298	149
5102	2,5	2,2	4,3	2,1	298	149
5104	1,2	132,87	8,1	154,127	276	149
5105	18,24	14,15	22,7	35,20	298	149
5106	7,6	693,614	8,9	1098,831	298	149
5107	9,4	404,278	13,8	761,568	298	149
5109	43,40	516,393	56,39	771,508	298	149
5110	9,13	327,358	22,9	579,421	298	149
5111	29,36	458,340	21,22	767,552	231	149
5113	127,80	2,0	185,131	0,0	298	149
5114	396,381	178,153	529,470	294,225	298	149
5115	426,412	7,0	602,483	2,3	298	149
5116	7,3	1249,1025	13,8	1661,1273	298	149
5117	12,12	295,242	21,6	421,307	298	149
5119	11,6	202,165	10,6	283,195	249	149
5121	14,10	143,137	16,8	205,147	298	149
5122	17,9	121,129	8,1	258,135	234	149
5123	10,15	162,177	8,1	335,203	261	149
5124	14,12	156,187	9,8	359,238	251	149
5125	17,15	2,0	18,6	0,0	298	149
5126	15,15	178,224	16,3	362,322	298	149
5128	36,48	26,18	43,22	18,7	298	149
5129	1,5	451,380	3,2	532,414	298	149
5131	22,13	98,139	3,7	108,94	298	149
5132	4,1	206,131	2,2	297,219	251	149
5133	2,3	97,103	4,2	95,87	257	149
5140	31,21	50,49	25,24	39,18	298	149
5141	10,5	42,20	13,5	15,13	298	149
5142	0,0	1,6	4,1	4,2	298	149
5143	2,12	46,58	2,3	39,36	298	149
5144	20,5	2,1	15,11	0,2	298	149
5145	18,6	1225,925	13,12	1646,1190	298	149
5146	127,110	0,1	184,142	0,0	298	149
5147	36,23	767,637	21,16	919,669	298	149
5148	24,16	1,0	19,11	0,0	298	149
5150	6,3	43,20	6,9	40,17	231	149
5151	2,0	1,2	1,0	0,0	298	149
5155	0,2	0,1	2,1	0,0	298	149
5156	0,2	216,118	2,1	377,199	298	149
5157	0,3	134,88	2,1	193,169	298	149
5158	12,16	34,39	11,12	51,48	298	149
5159	8,6	308,274	6,5	259,168	298	149
5160	0,1	39,47	2,4	80,76	298	149
5162	47,39	145,181	18,9	192,89	298	149
5163	49,18	4,2	24,16	1,0	298	149
5164	50,30	180,173	23,26	201,106	298	149
5165	14,17	280,235	19,14	313,250	243	149
5167	98,79	274,251	83,53	314,252	298	149
5168	77,79	9,6	57,52	3,3	298	149
5169	74,71	0,0	51,43	0,2	267	149
5170	200,202	2,1	253,173	2,2	298	149
5171	179,202	2,0	227,172	0,0	298	149
5172	38,43	215,163	19,30	283,198	298	149
5173	34,43	19,15	18,26	15,8	298	149
5174	462,456	5,2	535,431	3,0	296	149
5175	457,460	20,27	531,418	16,20	298	149
5176	452,453	0,0	530,412	0,2	298	149
5177	447,421	3,0	450,330	0,0	298	149
5180	34,22	71,66	36,33	272,152	239	149
5181	6,6	147,125	11,9	322,246	298	149
5182	84,69	24,20	48,57	12,2	298	149
5183	102,90	3,2	76,76	0,5	298	149
5184	137,80	0,1	127,76	0,0	298	149
5185	13,5	18,14	4,2	4,4	243	149
5186	12,4	52,54	4,2	48,35	233	149
5188	57,54	2,2	67,37	0,0	298	149
5189	45,47	94,80	51,25	114,84	298	149
5190	38,40	4,0	44,22	2,2	298	149
5191	31,29	0,0	39,19	1,0	276	149
5192	99,96	0,0	113,73	2,0	298	149
5193	65,62	5,2	48,19	10,5	298	149
5194	48,64	5,5	62,33	6,3	298	149
5195	60,73	0,0	69,27	0,1	298	149
5197	15,18	0,2	7,19	2,0	298	149
5198	41,45	1,1	23,30	4,0	298	149
5199	41,48	1,2	13,23	0,0	298	149
5200	45,62	16,7	19,22	9,8	298	149
5202	57,61	21,19	40,24	0,5	298	149
5203	15,18	10,5	3,6	3,6	298	149
5204	10,14	1,0	1,5	0,0	298	149
5205	11,20	174,114	12,6	91,42	251	149
5208	20,12	0,0	14,8	0,2	298	149
5212	2,2	2,0	5,2	4,1	260	149
5217	0,0	4,1	2,0	0,0	298	149
5219	47,38	14,7	59,71	10,5	298	149
5220	49,40	2,1	61,76	0,0	298	149
5225	1,2	31,37	0,0	8,3	227	149
5226	10,16	6,15	4,3	7,0	239	149
5228	292,249	0,4	360,241	1,0	298	149
5229	13,10	118,185	7,5	115,71	235	149
5231	31,16	1,0	21,11	0,0	298	149
5233	51,54	3,0	49,49	0,0	298	149
5236	0,3	2,2	3,1	3,5	298	149
5237	5,6	182,166	12,6	208,115	298	149
5238	197,149	5,3	276,191	8,4	298	149
5242	200,198	1718,1369	294,233	2480,1783	239	149
5244	25,18	67,61	22,23	109,75	270	149
5247	25,8	242,259	23,10	385,211	298	149
5248	25,14	205,151	17,8	279,237	298	149
5249	11,7	2,0	12,7	0,0	298	149
5251	57,31	59,25	63,34	74,51	229	149
5252	126,90	2,3	141,69	1,1	298	149
5253	100,83	2,0	108,50	0,2	298	149
5254	137,102	69,49	145,73	74,58	298	149
5258	20,10	83,94	8,6	56,44	242	149
5259	35,28	0,1	38,23	2,3	298	149
5266	9,5	43,65	4,7	36,31	298	149
5267	18,24	101,100	14,14	134,91	298	149
5268	1,0	0,0	0,0	1,0	298	149
5269	2,3	18,28	2,2	27,18	298	149
5270	32,21	8,5	30,19	4,2	298	149
5271	37,42	272,225	9,11	191,117	228	149
5272	33,27	1,0	13,15	0,0	298	149
5273	22,28	581,520	8,9	431,344	298	149
5274	15,13	2,21	6,2	0,2	298	149
5275	0,2	11,5	0,1	2,0	256	149
5278	19,10	4,4	14,4	12,7	298	149
5286	4,9	127,149	12,6	59,44	297	149
5287	187,130	2,0	119,85	0,0	298	149
5288	230,190	0,6	144,91	1,5	298	149
5292	8,11	339,397	7,4	378,242	264	149
5298	6,0	142,84	3,5	175,128	298	149
5299	25,21	104,49	9,15	162,111	298	149
5301	26,24	8,8	19,14	6,6	298	149
5302	17,22	0,0	17,7	1,1	298	149
5303	22,29	152,93	25,9	208,151	298	149
5305	17,21	189,197	18,10	242,182	236	149
5306	24,22	143,145	19,16	127,85	298	149
5313	14,9	1,0	5,9	0,0	298	149
5314	23,31	0,2	28,26	2,0	240	149
5315	30,46	126,80	59,28	147,101	226	149
5316	7,12	61,96	3,1	46,35	240	149
5317	0,2	67,84	1,0	53,38	247	149
5318	645,546	3,2	464,380	2,0	298	149
5319	5,9	245,242	7,2	294,183	298	149
5320	21,9	73,84	4,12	73,26	220	149
5321	18,15	7,4	4,12	0,0	298	149
5322	11,9	32,60	0,0	21,4	240	149
5323	10,22	76,91	0,1	57,25	235	149
5324	9,24	77,97	7,1	56,17	234	149
5325	65,69	231,164	57,52	279,153	298	149
5326	50,39	288,289	21,12	344,256	298	149
5327	38,30	3,0	7,2	0,0	298	149
5328	0,3	4,6	0,0	0,13	255	149
5329	0,6	3,0	0,0	2,0	298	149
5330	0,5	2,2	1,3	0,9	298	149
5332	31,31	4,8	12,19	0,1	298	149
5333	2,13	76,88	1,3	52,43	257	149
5334	78,108	142,157	44,32	115,70	298	149
5342	6,5	268,254	6,5	533,385	298	149
5343	22,35	0,0	30,14	1,0	298	149
5344	14,6	216,239	23,8	227,114	298	149
5346	20,18	1,4	28,14	3,0	298	149
5347	21,27	421,350	31,23	437,289	298	149
5352	15,15	135,113	12,5	155,108	298	149
5353	40,29	60,55	23,10	39,30	298	149
5354	41,26	6,18	24,11	0,3	298	149
5355	5,4	59,44	8,0	49,30	298	149
5356	5,8	278,191	16,15	325,212	298	149
5357	8,16	898,607	14,5	1391,954	233	149
5358	6,6	33,12	2,2	16,12	298	149
5359	48,46	962,905	24,25	836,681	246	149
5360	56,52	167,188	33,32	174,114	249	149
5366	110,92	1565,1394	75,88	2863,1978	298	149
5368	51,22	5620,5087	38,31	7689,6175	298	149
5373	23,24	104,171	22,12	73,30	298	149
5375	23,15	504,440	12,13	524,400	298	149
5378	1,1	1,0	3,2	0,0	255	149
5379	27,33	45,15	16,4	27,27	298	149
5380	4,2	45,37	5,5	69,50	298	149
5381	146,105	494,489	216,163	814,641	236	149
5382	16,34	95,112	8,8	99,54	232	149
5383	1,4	59,91	2,2	30,11	232	149
5384	19,30	0,2	15,6	0,0	298	149
5385	573,543	15,21	843,610	30,31	266	149
5386	67,52	1,5	51,61	1,0	298	149
5387	70,57	268,255	54,48	652,381	298	149
5396	14,35	0,1	8,7	0,0	258	149
5397	32,45	215,174	15,15	300,243	298	149
5398	12,21	8,0	7,13	1,4	298	149
5399	13,12	170,172	8,13	230,147	288	149
5400	14,18	2,0	8,6	0,0	257	149
5401	22,14	55,34	12,12	26,16	298	149
5402	34,29	169,122	21,16	212,139	298	149
5414	13,24	0,3	4,18	0,0	298	149
5416	62,64	350,252	115,71	590,448	298	149
5417	33,36	0,1	22,30	1,0	217	149
5418	35,41	302,247	25,35	498,342	241	149
5419	22,16	293,223	30,11	450,297	298	149
5420	24,12	4,7	31,12	2,6	298	149
5421	106,90	4,8	74,79	8,2	298	149
5422	106,94	423,346	73,78	581,440	298	149
5423	55,66	0,0	48,46	2,0	298	149
5424	87,70	9,5	73,67	3,2	298	149
5425	56,63	372,327	48,43	608,431	298	149
5426	107,94	3,2	111,90	0,0	298	149
5427	10,6	348,254	18,14	571,365	298	149
5428	9,8	267,207	18,10	492,326	298	149
5429	1,0	91,78	1,1	137,96	240	149
5431	4,2	1,1	5,6	2,2	269	149
5432	6,1	211,135	9,12	316,285	228	149
5435	128,154	13,20	115,97	22,15	236	149
5437	0,1	26,36	1,1	41,41	298	149
5438	0,1	2,0	1,1	0,0	298	149
5439	1,0	30,30	0,0	43,37	298	149
5440	1,0	34,46	1,2	36,30	298	149
5442	1,1	41,49	0,4	32,20	298	149
5444	1,0	39,47	0,0	35,13	298	149
5445	1,0	1,0	0,4	0,0	298	149
5448	4,5	2,0	8,9	4,0	239	149
5449	2,1	11,2	3,0	3,0	298	149
5452	253,285	235,263	150,92	313,242	242	149
5454	9,14	42,35	8,7	108,94	298	149
5455	11,18	237,140	5,5	89,68	298	149
5456	31,32	63,48	40,31	49,49	298	149
5457	3,3	76,81	1,0	130,76	298	149
5460	50,36	6,7	36,39	1,0	298	149
5461	50,36	3,1	37,39	4,4	298	149
5462	50,51	0,1	58,42	4,0	298	149
5467	30,14	0,0	13,8	4,0	298	149
5469	46,49	57,64	41,28	3,6	298	149
5470	67,57	467,383	57,45	894,503	298	149
5471	61,52	42,42	54,42	1,0	298	149
5473	0,0	9,0	1,0	4,0	298	149
5476	5,2	2,2	9,0	5,3	267	149
5477	5,4	2,1	10,1	0,0	286	149
5478	10,10	4,8	2,2	13,1	274	149
5479	6,18	3,10	11,5	1,1	225	149
5480	9,11	4,3	3,1	5,1	217	149
5481	20,19	1144,965	5,3	1358,943	246	149
5482	378,342	6,0	470,342	1,1	281	149
5483	20,14	1163,963	21,3	1729,1383	233	149
5484	42,51	1184,900	26,28	1635,1275	239	149
5485	50,56	5,6	30,44	12,2	298	149
5486	22,24	1417,1157	22,29	1838,1461	222	149
5487	26,19	1424,1311	13,16	1803,1348	227	149
5488	3,9	254,179	5,7	341,227	298	149
5489	4,0	0,0	6,2	1,0	298	149
5490	9,6	257,200	13,9	628,394	298	149
5491	7,2	5,2	10,2	3,2	298	149
5494	22,22	1,1	22,12	4,0	298	149
5496	74,65	43,42	63,54	29,13	298	149
5498	18,23	2,0	21,9	0,0	298	149
5500	1,6	16,14	4,6	13,3	298	149
5501	8,13	0,1	12,8	0,0	298	149
5502	10,12	6,4	10,11	0,0	298	149
5503	24,15	1,0	19,9	0,0	298	149
5504	21,12	1,1	19,9	0,0	298	149
5505	5,1	23,41	4,1	45,16	298	149
5506	0,0	9,11	1,0	9,5	298	149
5509	54,55	69,85	47,48	89,59	298	149
5510	46,70	148,148	14,13	105,53	238	149
5511	54,80	3,4	16,13	3,0	249	149
5512	30,31	395,348	10,4	122,87	298	149
5514	57,30	785,646	36,31	928,679	298	149
5520	21,20	15,20	14,8	3,0	298	149
5521	9,31	79,74	5,1	92,54	217	149
5522	37,35	138,152	30,26	136,70	298	149
5523	3,4	103,72	3,1	127,74	298	149
5524	12,6	1,0	3,1	5,0	237	149
5525	8,14	0,1	11,5	3,0	296	149
5526	7,14	1,0	10,5	0,0	281	149
5527	3,4	103,74	4,0	127,80	298	149
5528	207,161	10,4	180,172	4,5	298	149
5529	5,3	292,239	3,2	301,203	298	149
5530	560,463	1,2	309,245	0,0	298	149
5531	80,65	314,307	21,16	153,112	298	149
5532	21,18	275,232	2,6	123,93	298	149
5534	44,60	252,201	17,16	173,96	277	149
5535	76,64	3,4	16,10	1,0	298	149
5536	65,54	6,3	15,7	4,4	298	149
5537	61,67	1,0	22,21	0,0	298	149
5538	92,66	4,3	28,15	0,1	298	149
5539	81,56	5,3	27,12	0,0	298	149
5540	40,14	193,172	7,11	140,100	228	149
5542	41,24	192,189	11,12	153,121	298	149
5543	65,95	2,0	24,21	0,0	298	149
5544	68,62	0,4	20,12	0,0	298	149
5545	73,74	1,0	26,17	0,0	298	149
5546	69,86	157,156	29,22	142,97	298	149
5547	213,191	1,0	77,47	0,0	275	149
5550	189,178	100,104	83,63	124,76	298	149
5551	9,11	168,151	13,3	136,85	298	149
5552	9,7	4,2	4,7	2,0	298	149
5553	3,3	200,208	0,3	112,97	298	149
5558	1,1	0,1	5,6	0,3	251	149
5560	2,1	0,0	5,6	1,0	255	149
5561	2,1	0,0	2,0	0,3	298	149
5562	14,26	8,8	10,6	9,3	298	149
5563	0,0	35,27	1,0	76,50	238	149
5564	6,9	36,31	2,4	16,10	298	149
5568	151,149	0,1	291,249	0,4	298	149
5569	7,6	405,307	18,13	619,582	298	149
5570	5,2	1,2	5,3	1,0	298	149
5572	6,2	250,201	11,14	456,373	298	149
5574	7,7	1,0	2,0	0,0	236	149
5581	9,12	3,0	3,0	0,0	298	149
5583	5,9	1,0	1,0	0,0	298	149
5585	10,11	0,2	3,0	0,0	298	149
5587	6,8	1,1	1,0	0,0	298	149
5591	44,43	413,317	25,21	669,540	245	149
5593	1,1	129,90	4,5	194,119	298	149
5595	1,1	3,3	7,5	1,0	298	149
5602	9,4	522,465	8,12	1102,757	298	149
5604	8,6	0,0	2,4	1,0	298	149
5605	55,54	2,0	75,47	0,0	298	149
5606	4,6	368,346	4,6	419,287	298	149
5608	21,18	406,398	23,17	460,300	298	149
5609	157,130	1,1	162,124	0,1	298	149
5617	3,2	3,2	5,2	0,0	298	149
5618	8,10	2,2	14,2	5,0	298	149
5619	10,1	64,71	5,2	81,47	298	149
5620	48,45	0,4	45,35	1,0	298	149
5621	4,4	96,91	3,2	95,77	298	149
5622	6,7	1,8	7,7	4,0	298	149
5623	2,1	107,109	2,0	133,88	298	149
5624	0,1	316,306	0,0	281,178	280	149
5626	6,11	113,126	7,16	216,164	298	149
5634	33,35	135,135	46,28	197,139	272	149
5635	33,28	187,145	19,12	155,80	298	149
5637	17,17	410,321	10,11	608,465	261	149
5638	28,20	1,4	24,24	2,0	298	149
5639	10,15	2381,1921	9,14	3490,2613	298	149
5640	163,122	2496,1895	156,101	3486,2588	298	149
5642	192,159	0,1	180,117	0,0	298	149
5644	1,6	141,109	1,5	174,146	298	149
5649	1,0	22,34	1,1	18,7	298	149
5656	1,1	101,110	0,1	62,33	298	149
5659	12,5	8,16	2,5	1,3	298	149
5662	57,30	335,261	72,50	411,260	221	149
5667	3,1	74,63	3,2	76,48	298	149
5668	62,74	3,2	46,24	0,0	298	149
5669	1,6	1,0	2,2	0,1	252	149
5670	19,10	1,3	28,11	9,3	270	149
5671	9,19	1562,1245	33,15	2586,1982	298	149
5672	16,10	333,334	10,8	489,308	298	149
5673	54,42	429,371	46,42	510,380	298	149
5678	48,51	2,0	42,22	0,0	298	149
5680	87,86	210,203	40,26	152,75	227	149
5681	78,70	285,260	35,22	175,82	224	149
5682	130,110	955,758	58,37	934,657	245	149
5683	386,324	4,11	402,238	6,3	298	149
5684	163,141	855,723	110,65	936,697	298	149
5685	103,103	1199,1126	52,43	1014,700	234	149
5686	0,9	45,105	2,0	14,16	221	149
5698	5,3	93,56	1,0	118,82	233	149
5701	8,2	58,82	1,0	76,32	298	149
5706	28,16	0,0	13,10	0,1	298	149
5711	17,16	1,0	7,4	0,0	298	149
5712	14,16	0,2	0,2	0,0	298	149
5714	93,65	678,535	48,20	969,647	297	149
5715	50,38	2,1	38,24	0,0	298	149
5716	32,28	6,2	20,14	0,0	298	149
5720	27,16	105,85	20,6	69,52	298	149
5723	13,14	122,73	10,6	116,97	298	149
5724	19,17	11,8	13,8	5,4	298	149
5726	18,21	69,57	32,16	71,34	298	149
5727	2,2	44,40	5,2	33,21	286	149
5732	1,6	0,1	4,0	0,0	298	149
5736	65,69	147,104	44,39	168,127	298	149
5738	29,23	153,191	25,16	235,202	228	149
5739	7,2	0,0	3,5	2,0	298	149
5741	4,0	86,77	2,3	143,94	298	149
5742	148,145	3,10	125,94	0,0	247	149
5743	95,97	37,30	76,48	2,1	298	149
5744	19,21	97,122	10,8	106,74	298	149
5746	41,21	171,171	13,18	83,49	298	149
5748	10,11	0,4	6,3	0,0	298	149
5749	10,8	56,54	6,3	23,10	298	149
5750	0,2	17,18	0,0	8,2	241	149
5752	82,93	40,62	54,72	37,29	292	149
5755	11,3	5,8	18,8	2,0	298	149
5756	584,508	26,34	832,659	19,16	298	149
5760	11,29	9,21	7,6	4,4	298	149
5761	98,133	5,0	101,74	1,0	275	149
5762	250,260	3,3	460,364	0,0	264	149
5763	18,11	17,11	16,7	13,4	298	149
5764	18,11	0,1	16,7	3,0	298	149
5765	17,10	23,31	16,7	17,9	298	149
5767	9,4	2,3	3,1	0,0	298	149
5769	11,9	1,0	5,5	0,0	298	149
5770	28,13	0,0	11,5	0,1	298	149
5771	17,11	98,69	9,3	41,36	298	149
5772	12,7	38,39	6,7	40,50	298	149
5773	37,22	268,273	19,18	227,183	298	149
5774	116,112	119,93	137,83	61,62	250	149
5775	1663,1460	10,19	1050,790	8,4	236	149
5776	1616,1293	36,20	884,695	29,20	298	149
5778	61,36	1,0	26,20	0,0	274	149
5779	198,153	2,3	102,76	1,0	298	149
5780	138,117	10,7	76,58	6,0	293	149
5781	68,39	770,529	33,23	427,356	278	149
5782	300,191	7,3	175,160	1,0	286	149
5784	170,100	4,6	108,81	5,8	298	149
5786	281,202	667,478	179,154	395,287	298	149
5787	218,133	27,8	164,122	5,5	230	149
5788	390,348	20,13	290,191	0,0	298	149
5789	343,273	554,389	237,189	346,246	298	149
5790	317,244	13,12	184,142	0,1	292	149
5791	97,72	0,0	61,55	1,0	298	149
5792	117,107	680,480	98,86	384,280	298	149
5793	256,227	1,2	191,146	0,0	298	149
5794	313,258	4,0	222,171	0,0	298	149
5795	361,311	0,2	281,189	0,0	298	149
5796	282,277	512,328	243,182	269,163	298	149
5797	290,278	0,8	250,180	1,1	298	149
5800	215,206	99,71	176,168	23,17	298	149
5801	241,160	492,374	171,147	270,181	298	149
5802	255,186	4,4	199,149	0,1	298	149
5804	246,173	0,1	171,147	0,0	298	149
5806	177,128	495,423	109,120	264,174	298	149
5807	209,186	1,0	137,138	0,0	298	149
5809	204,138	66,31	107,133	9,17	298	149
5810	243,184	0,1	156,146	0,0	298	149
5812	174,146	482,428	130,132	249,199	298	149
5813	187,148	1,0	130,143	3,0	298	149
5814	159,159	255,225	136,118	127,104	298	149
5815	184,141	3,3	130,125	0,0	298	149
5816	154,149	0,3	153,124	0,0	298	149
5817	182,194	0,0	152,131	2,1	298	149
5818	159,161	3,0	136,122	0,0	298	149
5822	112,136	48,47	118,91	24,21	298	149
5825	97,86	1,0	75,65	0,0	298	149
5830	9,7	43,34	5,5	40,33	219	149
5831	2,2	51,54	1,0	28,19	298	149
5832	7,4	53,26	5,6	26,13	247	149
5833	20,13	107,86	6,3	54,31	298	149
5835	11,10	26,12	8,3	21,8	298	149
5836	745,761	215,287	817,643	306,236	251	149
5837	445,390	10396,8913	337,262	16862,12692	239	149
5838	467,400	6588,6193	418,292	11664,8571	298	149
5840	6,18	50,42	4,7	25,25	252	149
5841	42,38	8,7	51,40	9,12	298	149
5842	6,4	89,81	6,2	101,83	297	149
5844	46,55	0,0	25,21	4,0	298	149
5846	1,0	11,8	1,0	5,6	298	149
5850	14,10	481,396	14,5	586,441	238	149
5852	628,632	1217,878	356,241	1488,1037	298	149
5854	2,0	13,9	1,0	1,1	298	149
5861	16,4	75,83	2,1	31,19	298	149
5862	7,7	150,124	5,4	139,105	298	149
5863	134,112	1,3	173,135	1,2	298	149
5864	31,39	134,84	75,64	134,112	298	149
5865	206,173	2,1	263,176	0,0	298	149
5866	37,34	1,3	47,31	2,2	298	149
5867	21,9	7,5	13,13	4,4	298	149
5868	24,16	163,147	25,21	352,255	298	149
5869	2,4	66,70	0,0	0,7	228	149
5870	29,17	380,330	41,19	697,487	298	149
5871	13,5	7,6	23,13	0,2	237	149
5873	169,166	17,20	265,214	20,10	298	149
5874	182,154	3,2	268,201	2,1	298	149
5875	30,24	81,105	23,12	118,83	298	149
5877	23,22	12,22	17,7	5,5	298	149
5880	5,1	34,31	10,2	56,15	274	149
5881	5,2	35,34	10,2	27,14	285	149
5882	13,6	122,110	5,1	204,121	298	149
5884	2,7	222,184	1,0	307,238	298	149
5885	2,1	7,0	4,1	0,1	298	149
5888	2,5	180,156	3,2	213,172	298	149
5890	2,4	2,2	2,1	1,2	298	149
5892	22,16	1,0	11,9	0,0	298	149
5895	26,23	186,159	20,18	303,215	298	149
5896	5,10	111,87	11,3	102,58	298	149
5897	392,471	37,37	366,213	39,15	298	149
5898	4,4	0,0	13,12	2,0	298	149
5899	6,3	16,40	13,6	73,44	298	149
5905	9,7	542,462	13,7	703,481	234	149
5906	21,28	427,372	13,16	556,399	298	149
5907	21,10	530,461	15,11	653,506	298	149
5908	78,54	7,6	81,83	14,13	298	149
5909	1,3	1,2	0,1	4,2	232	149
5910	1,3	0,0	0,1	1,1	236	149
5913	11,2	0,5	0,5	2,1	298	149
5915	7,10	577,469	7,10	694,576	298	149
5916	14,16	4,4	10,12	14,11	298	149
5918	9,12	412,341	19,9	664,510	298	149
5919	1,1	2,2	0,1	0,0	246	149
5925	2,1	0,7	2,1	2,0	287	149
5929	32,14	24,12	40,21	38,16	298	149
5930	233,182	1,0	187,174	0,0	298	149
5931	127,100	2,0	70,76	0,0	298	149
5932	241,231	275,215	204,162	368,298	298	149
5933	46,67	12,9	51,40	9,5	253	149
5934	52,71	202,175	52,46	340,225	269	149
5935	0,0	52,30	3,0	62,42	298	149
5939	14,10	1018,888	8,3	1306,834	298	149
5941	35,33	120,151	27,22	125,75	298	149
5943	1,0	4,12	0,0	4,1	230	149
5944	6,5	0,0	1,0	4,2	222	149
5945	11,5	3,4	2,0	3,0	240	149
5947	58,56	136,111	50,28	134,106	298	149
5948	10,7	55,51	7,4	39,34	298	149
5949	10,12	157,124	14,7	172,102	298	149
5950	72,78	92,81	55,44	183,141	298	149
5951	56,42	104,95	45,22	110,85	298	149
5952	59,61	83,60	43,21	120,105	298	149
5953	1,0	1,0	0,0	1,0	298	149
5958	43,29	329,213	105,62	650,397	234	149
5959	6,12	484,316	7,7	912,606	298	149
5960	6,1	64,90	2,0	40,21	298	149
5969	12,2	1,0	8,5	1,1	298	149
5970	12,2	1,0	8,5	0,0	298	149
5971	105,94	56,39	77,69	87,37	298	149
5972	140,107	0,2	120,109	0,0	298	149
5973	2,4	2,2	0,0	2,1	245	149
5976	86,70	873,790	135,108	1479,873	286	149
5979	2,5	94,92	2,1	114,72	298	149
5980	0,5	125,125	3,2	150,112	298	149
5981	215,235	0,2	324,225	0,0	238	149
5982	13,13	154,153	10,8	250,177	298	149
5983	2,0	136,104	1,0	191,137	298	149
5984	0,2	3,0	9,0	4,2	298	149
5985	7,3	2,3	9,7	0,0	298	149
5986	59,51	18,24	53,32	13,6	298	149
5989	39,39	0,0	21,7	4,7	298	149
5990	22,23	25,21	17,4	32,24	298	149
5991	0,2	8,16	0,0	27,23	298	149
5993	12,9	0,1	10,6	1,0	298	149
5994	12,5	2,0	9,16	0,2	298	149
5999	114,102	1,4	68,50	0,1	298	149
6000	114,102	0,1	68,50	0,1	298	149
6003	28,42	254,207	26,13	328,258	239	149
6004	49,54	702,654	51,27	1020,865	229	149
6005	55,41	743,642	31,31	1120,826	242	149
6006	80,62	848,770	52,38	1181,887	298	149
6007	24,28	877,767	21,18	1185,876	248	149
6008	45,26	782,755	30,23	1222,914	226	149
6009	70,59	836,675	65,49	1279,990	222	149
6010	25,20	829,641	15,14	1351,1118	298	149
6011	48,44	3,2	48,32	2,0	298	149
6012	61,49	957,792	51,34	1613,1221	298	149
6013	66,62	26,19	52,37	16,14	298	149
6014	42,30	996,831	28,9	1690,1229	257	149
6015	32,61	0,0	21,25	2,0	298	149
6016	66,75	0,2	64,51	0,0	298	149
6017	39,63	1189,1046	35,29	1618,1341	298	149
6019	40,49	346,264	38,27	486,362	298	149
6020	543,466	6,1	700,478	1,1	298	149
6021	149,142	7,10	237,130	27,11	234	149
6022	87,87	2097,1870	97,52	4179,2881	298	149
6028	0,0	7,11	1,0	8,2	298	149
6029	253,217	1452,1278	226,201	1937,1376	298	149
6030	29,20	1,1	60,37	0,1	298	149
6036	0,0	0,3	2,1	0,0	298	149
6037	0,0	9,0	2,1	2,0	298	149
6039	6,0	53,31	0,0	87,58	298	149
6040	0,0	14,4	0,1	4,7	298	149
6041	217,280	2739,2128	317,231	4206,2761	230	149
6042	191,160	238,252	100,94	414,309	298	149
6060	34,22	1,0	32,25	0,0	298	149
6061	62,34	495,415	11,5	117,71	276	149
6063	607,575	24,27	794,542	3,8	298	149
6064	3,5	65,40	8,12	67,47	298	149
6067	0,0	19,8	3,1	28,16	298	149
6069	0,1	55,30	2,4	82,74	298	149
6070	0,1	13,11	3,4	21,15	298	149
6071	65,47	853,901	74,63	1138,820	284	149
6074	14,16	480,429	9,1	654,442	298	149
6075	5,2	222,172	6,3	267,179	298	149
6076	10,17	316,242	20,19	425,304	298	149
6077	32,33	7,4	41,41	29,10	298	149
6078	186,170	7,6	196,167	7,5	298	149
6079	95,125	1891,1577	60,55	2669,2336	298	149
6080	35,26	811,680	13,14	1351,1101	298	149
6081	7,16	387,365	7,4	535,316	298	149
6082	7,13	44,42	4,2	47,21	298	149
6083	201,193	398,275	194,142	415,304	298	149
6086	9,10	24,24	3,4	14,13	298	149
6089	35,40	4,0	46,38	4,0	298	149
6092	72,56	7,3	51,43	6,2	298	149
6093	48,43	14,12	37,25	33,16	298	149
6094	43,41	21,20	38,25	21,7	298	149
6095	2,2	51,47	3,0	41,23	298	149
6098	28,32	808,728	37,32	1119,927	298	149
6099	38,28	899,769	27,22	1251,990	229	149
6100	6,6	209,165	14,4	224,134	298	149
6104	166,150	590,517	131,89	1135,767	298	149
6105	19,23	0,4	36,22	0,1	298	149
6108	30,18	0,1	32,16	0,0	298	149
6111	8,2	0,1	1,4	0,0	298	149
6112	9,11	272,298	9,12	426,264	298	149
6113	97,87	2618,2197	94,88	4520,3367	265	149
6115	3,0	0,0	2,6	1,0	298	149
6117	0,0	8,1	1,0	2,1	298	149
6120	1,4	112,99	9,4	140,72	298	149
6125	13,32	0,3	7,6	0,0	298	149
6127	2,0	4,2	0,0	2,0	272	149
6131	1,1	0,1	0,0	0,2	298	149
6141	27,28	58,34	33,18	60,70	298	149
6142	42,39	0,0	33,19	3,1	298	149
6143	43,22	5,7	29,20	14,15	298	149
6144	34,26	127,81	53,22	158,126	298	149
6145	1,5	6,7	0,2	4,4	298	149
6150	45,41	0,1	8,12	0,0	298	149
6157	278,200	1385,1292	215,161	1254,892	298	149
6158	32,22	1300,1033	38,17	2023,1506	298	149
6159	32,22	5,2	45,28	3,2	298	149
6160	40,41	113,86	31,32	185,135	283	149
6161	33,32	811,728	26,25	1299,1007	280	149
6163	549,412	565,417	419,339	490,418	298	149
6164	586,443	31,22	466,326	21,12	298	149
6165	4423,3518	1,2	7565,5657	0,0	298	149
6166	4730,3667	0,0	7643,5715	0,1	298	149
6167	482,342	168,113	390,315	187,170	298	149
6168	557,456	246,200	467,355	287,200	298	149
6169	864,605	25,11	545,413	19,13	298	149
6170	867,749	2957,2318	735,622	6395,4699	298	149
6171	115,99	2279,1897	182,138	4675,3371	298	149
6172	169,120	2834,2306	268,193	4491,3506	298	149
6173	701,562	0,1	1482,1048	0,0	298	149
6174	450,356	2,1	888,695	1,6	298	149
6175	4,4	7768,6129	27,13	14331,11005	297	149
6176	198,156	7623,5996	321,229	14878,10676	298	149
6177	48,58	0,0	20,21	0,1	298	149
6178	0,0	10,11	3,0	7,12	298	149
6179	11,9	1,0	12,13	0,0	255	149
6180	4,2	157,106	3,5	186,147	298	149
6181	11,11	73,64	5,3	46,29	294	149
6182	36,33	3,2	35,41	10,3	288	149
6184	2,0	99,100	6,4	143,131	298	149
6185	74,66	5,6	61,36	3,1	298	149
6186	5,8	108,109	1,0	69,53	298	149
6187	6,7	164,143	10,14	186,109	298	149
6188	223,198	51,51	237,153	63,36	262	149
6192	3,8	4,0	8,7	4,7	298	149
6193	8,9	315,253	7,6	492,326	298	149
6194	422,384	8,3	295,211	3,3	298	149
6195	7,13	9,2	2,7	2,3	225	149
6196	9,17	1,5	7,4	3,2	298	149
6199	0,1	0,0	0,0	0,1	217	149
6200	15,8	55,44	17,11	81,60	298	149
6201	16,10	3,0	19,9	0,0	298	149
6202	7,6	94,81	4,5	130,116	298	149
6203	3,2	97,103	6,9	183,130	298	149
6205	0,1	5,3	0,0	2,7	298	149
6210	3,2	129,82	3,0	147,102	298	149
6219	42,53	525,352	37,33	237,234	298	149
6220	69,51	201,210	49,39	186,120	298	149
6227	56,33	74,55	79,62	129,96	298	149
6228	24,16	84,36	47,18	86,69	298	149
6231	19,18	57,18	40,23	66,49	230	149
6232	25,11	4,0	32,13	2,2	298	149
6235	14,9	57,18	24,11	73,45	298	149
6237	12,3	71,36	12,9	69,54	298	149
6239	20,4	1,0	19,17	0,0	298	149
6241	8,7	0,0	4,7	2,2	298	149
6242	1,4	0,0	2,3	1,0	298	149
6243	1,4	77,46	0,3	110,84	298	149
6244	113,125	18,17	114,100	17,13	298	149
6245	6,1	27,16	8,1	27,23	209	149
6246	21,14	1011,801	22,21	1376,1134	230	149
6247	54,51	637,574	21,27	543,347	235	149
6249	33,15	136,133	29,18	175,110	298	149
6258	24,48	3,9	15,30	3,0	298	149
6260	20,38	1,1	17,27	0,0	298	149
6263	31,50	5,4	21,34	7,6	298	149
6264	24,48	0,0	15,28	1,2	298	149
6271	9,21	4,8	4,10	1,1	269	149
6272	84,85	4,1	27,33	0,0	298	149
6273	33,29	783,597	37,18	732,561	298	149
6275	2,4	0,1	7,5	0,0	298	149
6281	18,21	4,0	11,14	0,0	259	149
6282	15,17	0,2	10,12	0,0	232	149
6283	0,0	0,6	6,0	2,3	298	149
6286	1,2	0,4	2,2	6,5	298	149
6287	38,49	277,225	20,13	393,250	227	149
6288	12,22	1,1	15,16	5,0	296	149
6289	15,26	217,174	24,21	389,283	298	149
6290	28,20	2,2	21,10	8,5	298	149
6291	23,16	219,162	16,4	425,280	298	149
6292	15,20	5,2	18,14	0,1	298	149
6293	14,23	178,157	11,17	364,266	298	149
6294	194,198	5,2	385,279	1,1	298	149
6295	227,168	5,2	322,221	3,0	298	149
6296	48,39	10,8	70,43	5,5	298	149
6297	19,23	257,197	43,18	358,270	298	149
6299	14,21	231,204	26,9	335,267	298	149
6303	56,42	65,28	35,31	34,16	298	149
6305	18,17	9,5	19,6	5,8	289	149
6307	0,0	4,7	4,1	15,11	298	149
6308	48,68	98,82	30,18	176,67	298	149
6309	7,10	0,0	16,8	2,0	298	149
6310	12,11	119,104	19,2	139,116	298	149
6311	22,10	153,130	14,9	171,133	226	149
6319	26,14	14,6	15,12	5,2	298	149
6321	27,32	55,51	24,23	56,49	298	149
6322	41,43	0,1	43,36	5,0	298	149
6324	44,42	3,2	32,37	0,0	298	149
6325	8,0	50,51	1,3	27,11	298	149
6326	45,25	50,41	38,16	32,36	298	149
6327	81,60	19,17	65,73	29,11	203	149
6328	55,55	271,147	46,44	364,260	298	149
6329	1,4	312,295	4,0	689,519	298	149
6330	45,31	335,269	60,45	862,601	298	149
6331	202,173	3,0	381,258	2,3	227	149
6332	13,8	3,14	9,8	8,3	298	149
6333	4,5	149,145	5,1	143,130	298	149
6334	11,21	76,69	15,9	103,67	298	149
6335	39,34	178,93	33,6	178,119	298	149
6336	153,93	4,5	92,63	4,0	298	149
6337	14,16	3,3	4,4	4,2	298	149
6338	17,16	69,50	2,3	117,81	298	149
6339	22,3	69,73	4,5	142,93	298	149
6340	11,9	63,52	9,7	104,55	298	149
6341	19,29	0,1	7,0	0,0	298	149
6342	64,91	79,42	115,83	87,60	298	149
6343	63,88	0,2	106,71	0,0	298	149
6345	71,101	0,0	124,92	2,1	298	149
6346	70,98	5,3	115,80	0,1	298	149
6348	4,0	0,0	0,0	0,2	298	149
6354	0,0	5,4	1,0	1,0	250	149
6355	1,0	8,8	0,0	6,2	255	149
6357	2,4	7,27	0,0	5,0	298	149
6358	2,3	26,57	3,2	21,11	298	149
6359	0,2	80,87	5,0	61,48	217	149
6360	4,5	47,69	0,2	55,24	298	149
6363	21,21	1067,781	13,18	1214,943	298	149
6364	35,43	229,191	15,15	234,170	241	149
6365	8,5	116,145	2,1	137,72	243	149
6366	3,3	1061,910	5,0	1029,728	298	149
6367	453,396	1,0	563,388	1,0	298	149
6368	19,18	769,624	28,16	953,703	259	149
6369	8,4	658,720	3,1	936,555	298	149
6370	13,18	785,668	12,8	1044,733	298	149
6371	6,3	8,8	13,4	0,0	298	149
6372	3,3	783,742	5,2	1007,696	298	149
6373	26,36	854,689	24,36	1079,782	298	149
6376	11,10	4,4	5,3	2,0	298	149
6377	21,12	4,6	10,4	0,2	290	149
6381	0,2	9,5	2,2	8,3	298	149
6383	8,5	14,25	5,5	17,13	298	149
6384	8,3	0,0	4,2	1,2	298	149
6385	0,0	1,0	0,1	0,0	298	149
6386	5,2	1,0	1,5	0,0	298	149
6388	0,0	29,32	1,1	18,12	298	149
6394	0,2	2,0	2,1	2,0	298	149
6397	4,3	11,19	2,2	5,5	298	149
6400	22,21	0,0	9,6	1,0	275	149
6401	22,21	4,20	9,6	4,5	289	149
6402	20,17	1,4	9,4	1,0	249	149
6405	39,60	1,0	28,20	0,0	298	149
6411	197,218	0,0	146,97	4,0	298	149
6415	71,58	5,6	27,46	0,0	298	149
6420	42,68	1,1	41,26	1,0	298	149
6423	2,0	1,5	0,1	3,1	298	149
6433	0,1	0,0	0,0	0,2	298	149
6435	0,0	7,5	3,1	3,2	298	149
6437	1,1	110,89	1,0	105,56	298	149
6439	25,24	2,2	29,18	0,0	298	149
6440	7,1	25,33	0,1	10,8	238	149
6441	2,8	43,48	4,3	55,21	236	149
6442	4,3	67,78	6,1	70,53	298	149
6443	6,5	86,75	0,3	95,67	253	149
6444	3,1	18,18	4,1	16,7	298	149
6445	7,6	8,6	3,6	3,6	298	149
6446	42,34	155,98	55,46	168,127	298	149
6447	326,273	12,4	330,238	5,4	248	149
6448	17,13	3,2	14,14	2,0	298	149
6449	6,10	125,96	7,8	146,140	298	149
6450	56,48	6,1	83,57	0,1	298	149
6451	2,2	2,0	8,3	1,1	298	149
6452	4,2	3,1	9,3	0,0	298	149
6453	2,2	28,24	8,3	16,11	298	149
6454	2,2	2,1	8,3	2,0	298	149
6455	2,2	0,0	8,3	1,0	298	149
6456	2,2	0,8	8,3	0,2	298	149
6457	1,11	116,125	1,6	106,55	265	149
6458	17,11	99,110	26,8	158,111	298	149
6459	2,0	6,0	1,2	6,1	298	149
6463	45,41	11,6	34,25	2,6	298	149
6464	100,136	75,84	83,63	42,33	298	149
6465	97,139	27,27	85,64	6,16	298	149
6466	179,209	5,6	136,98	8,4	298	149
6469	6,8	0,1	20,15	0,0	298	149
6471	12,3	18,8	22,18	37,18	298	149
6475	0,2	14,26	1,2	8,9	244	149
6481	116,181	0,1	93,80	1,1	298	149
6483	24,17	432,354	38,26	409,370	298	149
6484	36,55	0,2	54,63	2,0	298	149
6485	36,55	1616,1395	54,63	2939,1850	298	149
6486	1,4	73,58	5,1	94,79	298	149
6487	13,8	31,31	5,5	36,16	298	149
6488	122,105	0,2	342,225	0,0	233	149
6491	335,298	30,23	384,324	15,6	241	149
6492	344,308	3,3	393,334	2,1	246	149
6494	2,5	0,2	0,3	0,0	298	149
6498	6,2	86,97	4,2	122,86	298	149
6499	4,7	1,2	3,2	3,1	298	149
6500	5,4	16,23	1,4	26,17	298	149
6504	426,386	70,62	77,43	0,0	236	149
6506	440,407	44,30	79,43	2,0	240	149
6507	65,27	15,7	31,11	1,0	240	149
6509	2,1	3,7	1,0	1,1	298	149
6511	167,150	0,1	342,218	0,0	298	149
6512	163,137	0,0	324,194	1,3	298	149
6513	23,4	214,154	14,16	318,226	298	149
6515	16,8	0,0	13,11	0,1	298	149
6521	19,5	31,32	6,6	60,31	298	149
6538	3,5	326,417	4,2	264,171	298	149
6542	5,5	1,0	3,2	0,0	298	149
6543	1,0	1,0	4,0	0,1	298	149
6544	1,1	57,68	5,0	88,61	298	149
6545	0,1	1,2	1,2	0,0	298	149
6546	3,4	43,48	12,7	65,22	298	149
6547	6,7	48,44	6,10	44,32	298	149
6555	383,345	1138,960	494,354	1430,1180	298	149
6568	76,90	533,503	23,31	477,328	298	149
6569	10,7	8,0	6,7	0,0	243	149
6571	9,7	141,121	9,1	163,143	298	149
6572	8,11	18,6	13,3	8,4	298	149
6577	25,15	14,14	27,31	21,9	298	149
6578	4,0	273,222	1,1	226,133	227	149
6579	16,33	13,14	2,2	0,0	298	149
6581	4,9	87,87	2,2	98,37	241	149
6582	4,1	71,88	1,3	50,13	298	149
6585	123,82	10,2	87,72	0,0	298	149
6586	97,51	2,0	70,50	0,0	298	149
6587	1,3	1,0	4,1	0,0	298	149
6588	128,101	149,153	100,53	154,73	235	149
6589	108,127	17,35	112,58	11,6	298	149
6590	3,3	439,307	3,6	560,402	298	149
6591	81,63	10,14	88,70	7,5	298	149
6592	2,2	730,572	11,1	854,663	298	149
6593	22,25	702,573	50,33	1062,816	298	149
6594	20,24	13,7	43,32	1,1	298	149
6595	3,5	453,316	7,5	583,415	298	149
6600	12,13	396,554	8,7	541,285	285	149
6601	5,0	1,0	6,0	2,0	272	149
6602	7,0	2,4	8,1	4,7	298	149
6606	3,3	2,4	3,2	1,0	298	149
6607	3,8	0,2	7,4	0,0	267	149
6609	0,1	1,6	2,0	5,0	298	149
6611	11,16	0,1	2,0	0,0	246	149
6612	21,15	3,1	27,10	1,6	298	149
6613	1,0	9,16	0,1	2,2	298	149
6615	2,0	15,10	0,0	0,2	298	149
6616	3,7	65,75	0,2	46,30	298	149
6617	0,1	0,1	0,1	0,0	298	149
6623	78,71	32,26	117,72	45,22	298	149
6625	8,14	156,140	15,9	112,91	298	149
6626	15,19	1,0	18,9	0,0	298	149
6628	12,9	37,27	10,9	25,24	298	149
6629	7,13	65,50	7,3	76,44	298	149
6631	78,83	2,0	110,64	0,0	242	149
6638	79,79	1,2	98,63	0,0	225	149
6640	29,37	0,0	61,35	1,0	298	149
6649	25,22	270,259	9,20	295,195	238	149
6650	1,4	121,117	2,2	78,87	245	149
6651	11,10	58,60	6,12	62,58	298	149
6652	1,2	2,1	0,0	2,1	298	149
6653	107,112	534,385	58,51	1230,1103	298	149
6654	115,123	5522,4630	71,68	13817,11032	298	149
6655	303,260	6,6	189,168	4,0	215	149
6657	304,260	38,39	189,168	27,14	219	149
6658	311,260	0,1	196,175	1,0	224	149
6659	305,263	0,0	189,168	1,1	245	149
6660	54,59	14,3	27,8	5,2	221	149
6661	75,68	51,68	44,35	40,22	271	149
6663	126,148	14,10	136,101	1,0	298	149
6664	99,139	0,2	120,74	0,0	298	149
6665	124,148	8,11	131,99	9,1	298	149
6667	135,175	12,14	163,99	12,4	229	149
6668	48,70	2,0	58,28	0,0	298	149
6669	46,70	4,0	56,28	0,0	298	149
6670	75,79	6,5	74,55	2,2	298	149
6671	47,63	16,23	55,33	3,0	298	149
6672	45,58	69,115	55,33	72,21	298	149
6675	28,56	1452,1267	30,31	1148,936	298	149
6676	128,139	95,106	85,99	64,57	298	149
6677	51,38	350,394	26,17	281,169	298	149
6688	144,135	219,165	88,64	209,113	298	149
6689	8,11	7,1	7,7	2,4	218	149
6690	2,0	8,10	2,0	3,2	298	149
6692	0,1	11,7	0,0	4,2	298	149
6693	1,0	1,2	0,0	2,0	298	149
6701	15,11	935,741	23,12	1451,1020	237	149
6702	6,1	0,1	2,4	0,0	298	149
6704	2,2	0,1	1,2	0,0	298	149
6710	1,1	1,0	0,0	1,0	298	149
6716	61,67	6,1	54,40	0,0	298	149
6723	2,2	38,20	0,0	6,5	298	149
6725	96,87	44,56	131,78	39,14	298	149
6726	16,14	918,763	25,15	1793,1265	298	149
6727	1,1	7,4	0,1	10,9	298	149
6732	5,6	3,2	1,1	2,0	234	149
6733	36,18	1,0	23,29	0,0	298	149
6734	3905,3679	25,13	4308,3396	32,23	251	149
6735	165,126	2919,2510	215,163	3591,2746	298	149
6736	50,31	2511,1995	50,50	3076,2256	298	149
6737	486,344	0,1	657,454	2,0	298	149
6738	31,53	2243,1748	25,23	2509,1857	298	149
6739	2,2	785,712	2,5	1272,860	298	149
6740	2,10	0,0	6,4	2,0	298	149
6741	14,12	976,732	16,17	1534,1075	298	149
6743	2,0	106,82	7,1	135,100	298	149
6744	45,33	197,169	25,15	207,179	298	149
6745	107,90	1325,1230	184,120	2399,1903	298	149
6751	106,79	8786,6866	149,112	24243,15718	298	149
6752	22,25	743,611	15,8	989,715	298	149
6753	12,8	0,3	13,12	2,1	298	149
6759	29,28	101,98	24,16	102,79	298	149
6771	10,13	0,0	14,11	1,0	298	149
6772	6,16	142,193	14,5	145,135	286	149
6773	53,43	614,531	34,35	674,506	298	149
6774	131,103	9,12	142,88	17,18	298	149
6775	424,309	41,37	715,489	77,44	298	149
6776	6,15	515,362	12,10	747,568	298	149
6779	4,19	2,5	2,1	0,2	237	149
6780	15,10	261,182	12,9	308,233	298	149
6781	27,10	2,4	46,27	0,0	298	149
6782	9,6	2,6	17,14	12,4	298	149
6786	92,67	3,1	61,57	5,5	278	149
6788	29,31	0,1	16,14	2,0	298	149
6789	606,563	825,928	502,311	748,410	298	149
6790	652,713	4,5	477,292	0,0	298	149
6791	1478,1150	149,90	2121,1514	86,80	298	149
6792	1435,1120	30,20	2067,1465	38,39	298	149
6794	42,40	2,2	32,23	0,0	298	149
6795	63,62	330,437	35,39	281,128	298	149
6796	90,95	218,328	45,35	142,78	243	149
6797	95,79	293,294	47,34	283,209	298	149
6798	81,79	50,98	40,24	51,28	298	149
6799	233,238	0,1	188,151	0,0	298	149
6800	258,255	131,181	200,162	118,92	298	149
6801	244,255	39,29	193,152	12,8	298	149
6802	60,31	590,618	20,30	586,496	292	149
6803	50,37	404,382	44,20	593,398	298	149
6806	54,63	0,0	37,20	2,0	272	149
6812	10,18	14,9	2,5	10,11	260	149
6813	13,28	20,28	11,10	15,10	298	149
6814	0,3	79,60	0,0	106,70	298	149
6825	13,21	1,0	12,12	0,0	298	149
6826	15,23	9,10	14,13	2,4	298	149
6828	14,16	14,10	9,13	0,10	264	149
6831	19,31	2,0	17,20	1,0	292	149
6842	297,250	15,11	373,266	9,9	298	149
6844	1,0	8,9	0,0	8,1	224	149
6845	114,83	403,399	104,92	771,500	270	149
6846	81,56	161,127	63,42	237,192	298	149
6847	46,38	359,362	53,26	691,450	292	149
6849	14,4	90,78	7,5	95,74	298	149
6850	2,3	51,80	4,1	38,32	276	149
6851	60,74	1637,1541	71,54	1666,1259	298	149
6852	3864,3589	10,12	4128,2822	6,10	251	149
6856	133,121	0,2	184,119	0,0	298	149
6857	8,8	1,1	2,2	2,0	242	149
6858	8,7	0,0	2,2	1,4	238	149
6859	8,8	0,0	2,2	1,0	245	149
6861	8,7	195,184	2,6	212,161	298	149
6862	6,5	25,28	5,8	43,36	298	149
6863	9,16	132,131	18,17	165,108	298	149
6864	4,5	1166,1051	5,3	1270,938	244	149
6866	2,1	75,40	5,0	96,85	298	149
6869	24,27	119,144	21,16	90,74	298	149
6870	1,2	74,36	3,1	43,22	225	149
6871	31,14	64,81	7,8	36,28	298	149
6873	21,9	320,258	7,8	502,346	298	149
6874	35,28	0,3	20,19	0,0	298	149
6875	37,21	1,1	19,18	0,0	298	149
6876	37,21	0,0	18,19	0,2	298	149
6877	11,27	0,2	8,6	0,0	277	149
6878	9,17	5,6	5,4	4,2	298	149
6879	15,20	120,115	6,0	1,11	233	149
6880	35,42	173,189	4,3	12,6	253	149
6881	116,119	135,139	21,8	5,4	252	149
6882	27,27	5,8	22,26	8,7	298	149
6883	26,30	7,10	31,18	14,12	233	149
6885	3,5	11,8	2,1	8,17	227	149
6886	5,6	1,0	1,0	0,0	298	149
6887	10,3	15,14	3,2	14,14	226	149
6889	498,472	2,13	487,255	0,2	276	149
6890	3,13	310,321	11,11	237,214	298	149
6891	5,15	253,254	1,10	248,188	298	149
6892	3,7	10,8	0,8	1,0	298	149
6893	86,77	201,187	69,46	206,157	298	149
6894	114,106	14,14	46,26	1,3	298	149
6895	71,99	2,9	47,40	2,3	199	149
6896	114,108	163,134	58,47	181,113	298	149
6897	106,76	325,282	39,49	261,204	298	149
6898	18,5	414,311	6,12	362,248	224	149
6899	4,13	0,2	6,5	0,0	298	149
6901	11,13	419,405	7,5	394,251	232	149
6903	115,121	1350,1208	121,83	2227,1519	298	149
6904	2,1	1,0	2,0	0,0	298	149
6905	0,3	3,3	3,2	0,1	228	149
6907	1,0	0,0	0,0	2,0	298	149
6919	5682,4634	9428,7931	6984,4875	10304,8092	298	149
6921	18,11	255,221	8,13	300,195	298	149
6922	23,29	229,193	24,28	301,218	298	149
6923	24,23	0,0	25,22	0,1	279	149
6924	185,148	0,2	188,156	0,0	298	149
6925	179,153	19,10	195,162	13,6	298	149
6926	25,35	208,195	13,20	319,220	298	149
6927	24,32	2,1	13,20	0,0	298	149
6929	201,175	0,3	213,170	0,0	298	149
6930	26,23	18,14	19,16	1,3	298	149
6931	11,4	295,246	7,1	295,231	244	149
6932	31,26	5,1	23,16	0,0	298	149
6933	53,47	5,0	32,19	0,2	288	149
6934	51,42	104,116	31,18	81,44	298	149
6935	19,20	2,0	14,15	0,0	298	149
6936	1,5	95,98	5,1	65,22	298	149
6937	37,20	3,6	17,12	0,0	298	149
6942	32,23	229,212	40,23	210,182	298	149
6943	20,15	5,3	27,20	0,0	298	149
6945	22,43	1,4	28,11	0,0	298	149
6946	22,43	3,3	28,11	1,1	298	149
6952	0,1	2,9	0,0	1,1	227	149
6953	25,31	28,25	32,25	18,19	298	149
6955	0,1	0,2	0,0	0,1	232	149
6956	5,9	48,42	0,2	30,21	258	149
6957	9,14	10,2	3,3	4,0	298	149
6958	261,259	2,3	222,152	0,0	298	149
6959	39,25	2,1	34,13	2,2	298	149
6960	13,15	246,203	10,5	342,238	298	149
6961	10,11	211,217	1,0	329,204	298	149
6962	984,897	0,2	1343,873	0,0	260	149
6963	24,22	567,357	44,21	627,475	233	149
6965	315,224	0,0	473,400	4,0	298	149
6966	306,228	260,170	467,403	273,226	298	149
6967	490,395	13,14	549,491	7,13	298	149
6968	445,361	101,85	494,440	116,74	298	149
6969	6,2	71,32	2,1	71,51	228	149
6970	13,18	1,2	6,10	0,0	298	149
6972	13,5	39,28	5,6	28,14	298	149
6975	0,0	14,12	2,0	30,22	225	149
6978	85,71	673,553	84,60	939,580	298	149
6982	2,0	161,101	1,0	306,190	298	149
6983	1,4	113,94	5,2	184,130	298	149
6985	5,11	9,12	4,3	11,15	298	149
6987	0,7	8,3	1,0	2,5	256	149
6992	9,3	2,1	2,2	0,0	298	149
6994	1,0	5,5	0,0	3,0	298	149
6995	1,1	0,4	0,0	1,0	298	149
6996	78,66	244,188	77,52	303,242	298	149
6997	72,65	8,12	79,49	6,6	298	149
6998	51,34	218,165	49,25	267,207	238	149
6999	5,14	342,269	7,9	546,373	298	149
7000	18,23	282,223	17,17	354,258	298	149
7001	230,196	0,0	353,297	3,0	298	149
7002	22,24	372,298	30,16	533,375	298	149
7003	277,245	2,3	431,280	2,1	298	149
7004	17,21	278,251	19,8	493,303	298	149
7005	35,30	333,312	30,19	517,357	254	149
7006	27,23	3,5	23,16	6,5	298	149
7007	37,19	0,0	26,17	1,0	298	149
7008	38,39	514,416	39,28	595,418	298	149
7009	30,43	539,425	45,31	719,493	298	149
7010	61,61	0,3	40,34	0,0	298	149
7011	131,73	427,303	78,53	655,453	298	149
7012	328,253	0,0	376,248	1,0	298	149
7013	398,265	2,4	414,267	6,2	298	149
7014	3,12	0,1	2,0	0,0	298	149
7015	5,8	69,70	1,0	119,82	298	149
7021	6,3	297,244	4,8	416,318	298	149
7022	15,10	3,3	5,2	0,0	298	149
7031	39,40	326,352	44,21	446,332	298	149
7032	20,7	1503,1276	26,18	2627,1855	298	149
7033	4,4	1,1	0,1	0,0	298	149
7034	10,9	1628,1471	6,6	2425,1963	298	149
7035	17,16	1764,1391	16,19	2943,2003	298	149
7036	0,1	1108,999	0,1	2166,1542	298	149
7037	1,2	3,2	6,3	0,1	298	149
7038	4,3	1392,1261	7,3	2346,1648	298	149
7039	42,41	3,5	32,23	0,0	259	149
7041	59,57	22,38	51,39	28,19	298	149
7042	190,183	1,0	165,129	0,0	298	149
7043	193,197	6,6	193,141	5,3	298	149
7044	6,13	0,2	11,5	1,1	298	149
7045	20,24	190,158	10,6	251,129	298	149
7047	0,2	0,2	0,0	0,2	298	149
7049	1,0	68,55	0,2	67,63	298	149
7050	11,4	80,86	18,4	118,93	298	149
7052	7,13	0,2	2,2	0,0	298	149
7053	8,14	46,62	6,3	53,29	298	149
7054	3,2	13,16	0,0	4,0	298	149
7061	194,186	201,141	259,178	351,232	249	149
7062	115,86	42,36	180,109	95,46	246	149
7063	65,51	203,143	94,45	328,260	220	149
7064	50,51	271,219	76,47	477,392	226	149
7069	0,1	0,4	4,0	1,0	298	149
7070	4,0	2,1	4,0	0,0	298	149
7075	0,0	2,0	2,0	0,0	298	149
7078	16,19	3,2	27,24	2,0	298	149
7079	22,4	6,2	17,12	0,0	272	149
7082	1,0	86,75	1,2	118,67	229	149
7084	0,0	124,116	1,1	177,146	240	149
7085	61,38	2,2	72,63	1,0	298	149
7086	14,11	3,2	16,13	5,3	298	149
7087	20,18	9,3	22,19	3,0	298	149
7089	6,4	0,1	1,3	0,0	233	149
7090	54,21	630,606	33,27	757,581	229	149
7091	33,66	258,336	30,25	360,244	298	149
7092	96,58	4,1	43,40	5,1	298	149
7093	126,85	717,766	61,54	1031,748	223	149
7094	130,116	1343,1277	106,76	1898,1472	242	149
7095	1970,1600	918,848	1627,1379	1560,1144	298	149
7096	293,287	7,1	387,274	3,4	258	149
7097	137,123	1706,1659	126,90	2928,2225	241	149
7098	36,24	742,966	19,4	670,416	235	149
7099	42,34	35,61	23,7	27,22	239	149
7103	8,5	6,4	11,7	2,3	298	149
7104	30,37	16,21	76,71	18,16	298	149
7105	21,23	1,0	5,8	0,0	298	149
7106	10,5	30,14	3,4	21,14	298	149
7107	10,5	4,1	3,4	3,3	298	149
7111	36,46	145,86	20,18	106,51	298	149
7112	103,97	68,46	75,59	33,23	243	149
7114	38,38	73,80	36,27	179,135	298	149
7115	50,52	0,2	29,24	0,0	223	149
7116	77,93	363,331	53,53	465,353	298	149
7117	86,69	2,8	101,99	12,0	298	149
7118	36,23	227,210	28,29	345,247	298	149
7119	6,4	23,23	2,1	12,3	247	149
7121	157,136	141,104	97,95	160,96	298	149
7122	104,136	2,0	92,66	0,0	298	149
7123	115,114	0,0	71,44	2,0	298	149
7124	85,107	33,28	64,38	34,19	298	149
7125	132,129	0,3	79,53	1,1	298	149
7126	126,125	8,13	77,48	16,15	298	149
7130	10,3	153,107	0,1	312,253	298	149
7131	442,401	54,24	442,334	8,4	231	149
7132	8,2	1,4	0,2	5,2	270	149
7133	21,17	1516,1266	44,46	2748,2072	298	149
7134	106,97	13,3	119,76	6,3	298	149
7135	0,0	11,8	2,0	0,1	298	149
7136	13,16	335,295	28,16	558,455	298	149
7137	16,5	120,92	11,7	157,83	298	149
7139	9,6	212,147	9,2	310,199	298	149
7140	168,117	7397,6534	117,104	10962,7398	298	149
7141	0,1	3,0	0,0	1,0	253	149
7147	0,0	2,2	1,0	1,0	298	149
7151	150,127	1411,1205	74,66	1118,745	298	149
7152	59,57	1494,1353	30,14	796,576	298	149
7153	30,25	1765,1450	6,6	998,786	298	149
7154	680,589	272,320	367,271	213,167	298	149
7155	1416,1258	4,0	915,689	0,0	298	149
7156	2788,2730	15,9	1529,1062	1,5	266	149
7157	2599,2250	361,260	1558,1099	212,143	296	149
7158	2143,1720	175,142	1526,924	78,62	285	149
7160	1,2	2,0	1,2	0,0	295	149
7164	13,13	71,71	20,17	65,51	298	149
7165	5,11	1,19	1,0	0,0	234	149
7166	29,44	71,92	5,0	3,2	234	149
7167	25,14	598,563	33,16	904,679	298	149
7168	10,6	0,0	21,14	1,0	298	149
7169	21,10	2,0	25,10	0,0	298	149
7170	50,27	547,479	67,63	922,668	298	149
7171	2,3	450,374	5,1	683,417	298	149
7172	2,6	3,2	0,0	1,0	265	149
7173	56,63	438,365	33,31	374,296	298	149
7174	249,207	0,1	210,190	0,0	298	149
7175	246,211	28,10	207,195	3,0	298	149
7176	63,66	500,453	36,47	358,349	295	149
7177	25,22	498,376	16,11	689,539	235	149
7178	8,14	86,112	4,1	103,48	270	149
7179	5,10	13,19	3,0	9,4	298	149
7180	15,33	0,1	13,2	1,0	298	149
7181	2,7	57,71	3,1	74,55	298	149
7182	29,28	65,64	13,13	57,38	298	149
7183	17,23	20,4	5,4	6,5	298	149
7184	3,4	24,33	0,0	27,11	233	149
7185	159,129	91,80	183,140	105,48	274	149
7187	0,0	164,106	0,1	227,181	298	149
7188	4,7	263,234	2,2	413,290	216	149
7189	6,2	55,50	1,0	62,56	298	149
7190	0,0	1,0	1,0	0,0	298	149
7192	1,0	63,48	1,0	59,48	298	149
7193	95,86	0,0	117,89	1,2	289	149
7194	5,6	333,267	5,1	547,440	231	149
7195	7,4	366,273	4,2	538,468	298	149
7196	2,2	346,256	4,5	424,395	298	149
7197	82,112	401,386	71,46	486,423	280	149
7198	66,43	19,22	43,22	30,18	298	149
7199	858,706	0,0	1313,1046	1,3	298	149
7200	29,35	9,6	20,25	11,5	298	149
7201	0,2	366,247	0,1	365,268	298	149
7202	0,0	42,56	1,0	54,37	231	149
7203	17,15	8,12	6,5	13,15	298	149
7204	176,178	1,0	302,194	0,0	298	149
7205	105,101	1,0	103,83	0,0	298	149
7206	53,51	5,4	83,66	5,7	234	149
7210	21,17	2,5	19,18	3,4	265	149
7211	240,217	2,2	388,247	0,0	298	149
7212	42,29	432,283	30,6	512,344	258	149
7213	16,12	544,471	10,5	801,639	298	149
7215	7,3	3,3	1,0	0,0	298	149
7218	5,6	3,5	6,4	6,5	298	149
7220	5,6	1,0	6,4	0,0	298	149
7222	5,6	1,0	6,4	0,0	298	149
7224	5,7	1,0	6,4	0,0	298	149
7227	22,16	0,2	27,25	0,0	298	149
7229	6,4	21,20	8,4	33,27	298	149
7230	6,4	0,0	9,5	0,4	298	149
7232	7,5	10,4	5,5	6,7	298	149
7233	14,5	0,1	14,17	0,0	298	149
7234	14,6	25,17	10,15	51,41	298	149
7236	15,3	0,2	3,7	0,0	204	149
7237	17,3	47,34	5,11	70,64	234	149
7242	6,10	0,2	2,4	0,0	298	149
7243	0,0	19,26	0,1	22,16	298	149
7245	2,0	39,35	0,0	61,32	298	149
7246	224,242	1455,1243	201,144	1594,1245	260	149
7247	24,24	29,21	23,19	17,14	298	149
7248	25,14	11,9	23,18	3,4	298	149
7252	15,18	64,89	7,2	63,39	298	149
7253	12,10	184,160	9,9	192,125	298	149
7255	2,4	2,13	0,0	3,0	229	149
7256	296,239	928,792	245,213	1885,1363	298	149
7257	303,218	1059,876	424,270	2581,1905	284	149
7258	1,6	154,115	4,6	244,205	298	149
7260	14,17	223,155	20,17	356,267	298	149
7261	12,12	4,5	18,15	18,6	298	149
7262	4,3	204,132	6,0	345,311	298	149
7263	29,27	0,0	27,19	1,1	298	149
7267	585,587	20,19	927,702	11,5	237	149
7268	40,18	0,0	33,26	0,5	253	149
7269	40,18	455,368	34,26	710,560	257	149
7272	42,46	487,335	27,26	710,572	223	149
7274	62,69	2,0	49,45	0,0	250	149
7275	55,58	485,376	28,35	762,599	243	149
7277	28,30	368,307	49,23	611,548	268	149
7278	46,53	312,261	62,52	565,452	298	149
7279	34,33	645,577	22,17	751,586	256	149
7280	209,161	0,1	265,270	0,0	289	149
7282	68,68	347,265	64,47	561,456	298	149
7283	56,55	1,2	53,38	0,0	298	149
7292	3,6	50,55	3,6	56,57	298	149
7295	18,14	1590,1421	25,13	2391,1889	298	149
7296	15,29	0,0	30,14	1,0	298	149
7297	27,35	911,781	41,28	1398,1004	232	149
7298	32,25	1,2	39,33	0,1	298	149
7299	31,24	434,286	29,17	793,440	237	149
7300	236,185	12,10	407,293	28,27	298	149
7301	87,88	1617,1335	102,76	2320,1950	242	149
7303	11,16	465,357	10,6	668,454	298	149
7305	3,6	2,0	1,0	1,0	298	149
7309	2,5	1,1	0,2	6,0	230	149
7315	1,2	15,11	2,0	19,14	298	149
7316	145,93	0,1	153,91	0,0	225	149
7317	0,0	0,2	0,1	2,3	298	149
7319	201,207	10,8	191,153	4,1	261	149
7321	192,135	50,37	156,87	33,26	298	149
7322	167,113	3,3	137,81	1,2	298	149
7329	17,12	433,306	20,18	999,720	298	149
7334	1,2	0,0	2,0	0,2	298	149
7336	160,175	9,11	110,93	4,6	298	149
7337	116,87	5,7	82,79	5,1	298	149
7338	404,390	4,4	614,519	14,12	298	149
7339	48,25	188,124	32,27	214,115	298	149
7340	37,68	154,158	54,38	217,128	298	149
7341	11,29	169,153	15,7	226,163	298	149
7342	0,9	8,6	1,3	0,1	298	149
7343	2,0	7,20	0,0	0,6	223	149
7344	18,13	26,48	5,0	15,17	242	149
7345	1,1	3,11	0,0	0,2	238	149
7347	150,151	236,210	93,56	216,179	298	149
7348	1,0	0,0	0,0	1,0	298	149
7350	19,24	0,0	3,8	0,1	298	149
7351	18,28	10,21	3,9	10,3	298	149
7352	33,52	809,672	38,26	1325,1236	298	149
7356	45,43	1859,1663	34,26	2096,1728	298	149
7357	42,46	1672,1436	35,50	2267,1785	298	149
7358	22,18	1262,1038	19,15	1846,1500	298	149
7359	1,0	103,108	2,2	169,105	298	149
7360	2419,1969	43,29	3096,2223	4,5	298	149
7363	0,4	0,0	0,4	2,0	298	149
7364	37,30	546,486	14,12	321,269	224	149
7365	1,0	27,30	0,2	39,21	298	149
7367	8,5	132,140	4,1	150,102	298	149
7369	25,24	96,108	27,28	185,141	262	149
7371	28,29	9,12	24,13	9,2	298	149
7372	0,11	29,36	5,3	31,16	246	149
7377	50,57	1,0	58,27	5,1	287	149
7378	53,56	64,74	65,30	110,77	298	149
7380	724,722	33,20	816,606	1,10	298	149
7381	750,751	29,29	780,515	37,21	298	149
7382	819,848	16,7	772,607	14,8	298	149
7383	688,611	3,3	570,448	4,3	298	149
7388	34,33	6,1	18,15	2,1	298	149
7389	25,38	190,152	22,16	181,104	298	149
7392	149,101	10,0	82,59	3,2	292	149
7393	41,40	641,631	22,25	1114,850	298	149
7394	28,19	0,2	18,13	0,0	298	149
7395	31,22	708,684	34,20	957,736	298	149
7396	154,102	8,11	165,104	4,4	298	149
7397	6,18	154,188	2,4	105,55	298	149
7399	35,46	136,129	11,10	169,113	298	149
7401	80,94	83,60	55,44	65,68	298	149
7402	242,194	8,1	213,187	4,0	298	149
7403	226,191	41,32	215,190	46,56	298	149
7404	177,163	6,4	192,160	12,7	298	149
7406	17,15	37,38	62,33	63,52	298	149
7408	68,84	1,0	94,81	0,0	298	149
7410	109,108	2,0	131,108	5,2	298	149
7412	40,34	11,6	49,56	3,9	242	149
7414	80,66	254,255	62,36	335,232	230	149
7415	13,5	391,324	11,8	496,396	264	149
7416	783,694	8,6	917,615	1,0	298	149
7419	35,30	12,5	76,54	2,0	298	149
7422	15,4	1114,947	15,3	1300,1016	290	149
7424	17,6	322,262	8,11	400,307	298	149
7425	4,9	442,356	7,8	641,473	298	149
7427	19,22	2,0	22,12	0,0	298	149
7428	8,5	3,0	6,0	1,0	298	149
7430	21,19	871,741	23,6	1055,712	298	149
7431	20,24	585,548	28,17	624,492	298	149
7432	1,2	4,3	1,0	13,2	298	149
7434	2,3	212,161	5,7	204,172	298	149
7436	31,22	12,21	25,15	14,9	298	149
7437	6,8	305,255	7,8	383,265	298	149
7438	6,6	6,15	6,9	0,0	298	149
7439	17,24	135,115	17,28	138,108	298	149
7440	99,80	178,155	96,67	225,188	298	149
7441	120,89	17,25	92,65	13,19	298	149
7442	4,7	101,77	1,0	99,68	264	149
7446	25,17	999,999	15,3	1642,1190	298	149
7447	10,26	1115,1020	27,24	1824,1285	298	149
7448	16,21	4,6	12,20	1,4	298	149
7449	288,226	0,1	470,369	0,0	268	149
7450	15,14	1270,997	6,12	2024,1507	231	149
7451	19,10	1075,822	13,8	1366,1077	298	149
7453	30,37	37,17	48,41	2,1	298	149
7454	20,41	996,751	43,38	1312,1088	298	149
7455	43,80	917,730	63,43	1216,985	244	149
7456	315,308	2,1	433,351	2,0	298	149
7461	126,85	3,1	106,109	0,0	298	149
7462	40,49	1629,1338	67,36	1688,1211	298	149
7463	78,81	0,1	98,61	1,0	298	149
7464	142,109	1430,1198	109,65	1557,1136	298	149
7468	7,7	27,18	9,5	31,20	298	149
7469	7,8	17,23	10,6	52,19	298	149
7470	2,0	0,0	0,0	2,0	224	149
7475	10,10	185,147	7,5	140,122	298	149
7476	28,15	138,151	22,18	147,140	298	149
7477	88,57	8,18	44,34	9,10	298	149
7478	85,58	1144,1116	40,33	1373,1097	298	149
7479	92,63	13,16	44,35	22,5	298	149
7480	13,25	479,709	9,6	377,153	219	149
7481	65,76	10,4	34,16	3,0	225	149
7482	23,23	82,73	28,16	51,38	298	149
7483	12,20	6,2	7,7	0,1	264	149
7484	63,54	28,25	77,42	24,11	298	149
7485	53,37	2,0	64,38	0,0	298	149
7486	12,15	15,11	10,4	1,2	298	149
7487	10,7	23,18	1,0	15,11	259	149
7488	5,3	2,0	0,0	4,0	298	149
7501	12,6	738,637	14,5	980,727	298	149
7502	302,234	3,2	366,321	1,7	298	149
7503	10,3	511,414	17,6	586,444	298	149
7504	67,72	0,2	31,42	0,4	298	149
7505	74,76	380,306	28,39	609,461	298	149
7506	6,3	402,330	9,10	539,356	298	149
7507	8,2	3,2	2,3	2,2	298	149
7508	26,18	413,386	26,22	485,345	298	149
7509	19,13	79,69	15,13	28,21	298	149
7510	20,12	55,49	21,16	45,24	298	149
7511	6,10	74,87	13,8	44,42	298	149
7512	558,585	3113,2906	644,428	5115,3448	298	149
7513	813,835	6,3	1047,712	6,5	298	149
7514	84,80	1546,1404	41,28	1554,1072	298	149
7515	65,72	28,41	32,25	32,3	298	149
7517	64,79	1,0	36,12	0,0	298	149
7518	46,54	2,0	40,14	2,0	298	149
7519	47,73	7,8	57,30	3,1	298	149
7520	0,0	2,0	0,1	4,1	298	149
7523	4,10	0,0	2,10	2,0	288	149
7525	0,0	8,4	3,0	11,7	261	149
7527	5,3	1,2	2,0	1,3	298	149
7528	2,1	5,9	0,0	1,1	298	149
7529	9,2	82,74	8,4	106,82	298	149
7530	92,76	16,32	84,81	10,13	298	149
7531	23,35	157,124	16,16	171,139	298	149
7535	4,7	11,17	4,11	13,14	258	149
7536	15,20	227,263	21,10	347,246	298	149
7537	95,145	7,2	110,35	2,2	298	149
7538	5,1	265,251	2,0	250,181	298	149
7539	12,16	2,2	11,7	2,2	298	149
7540	54,67	55,69	45,32	115,89	298	149
7542	6,8	181,177	4,2	185,98	298	149
7543	7,8	12,5	4,2	4,5	298	149
7544	47,57	448,358	46,31	640,394	298	149
7545	35,34	661,546	15,11	1465,972	298	149
7546	56,56	653,570	42,30	1339,952	284	149
7548	33,33	6,0	55,21	0,2	234	149
7549	39,44	1,0	60,28	1,0	263	149
7551	85,84	499,387	71,31	414,338	298	149
7552	153,159	623,617	64,42	521,269	250	149
7557	3,6	3,2	4,4	3,1	242	149
7558	0,2	1,0	3,2	0,0	298	149
7559	2,2	4,1	3,1	4,0	298	149
7563	10,11	2,13	9,5	2,0	245	149
7564	43,28	19,25	11,17	0,3	298	149
7565	4,0	5,3	1,4	1,2	298	149
7570	14,17	1,1	17,20	0,0	298	149
7572	79,70	0,1	135,96	0,0	298	149
7573	23,21	2,0	49,29	0,0	298	149
7574	161,139	0,0	268,152	1,2	298	149
7575	153,136	0,0	241,140	1,1	298	149
7580	51,33	1577,1312	41,33	2749,2162	298	149
7583	1,2	48,29	4,3	25,12	298	149
7584	10,19	79,83	9,5	8,14	236	149
7585	94,86	1720,1413	39,36	1056,659	298	149
7586	90,86	75,79	31,33	9,12	298	149
7587	135,114	28,10	51,45	17,10	298	149
7588	216,166	17,11	94,73	6,2	298	149
7589	39,41	2993,2163	46,25	2003,1332	298	149
7591	43,47	2705,2229	41,30	2160,1471	298	149
7592	214,136	3099,2441	155,109	1879,1409	298	149
7593	193,113	271,203	146,104	4,3	298	149
7594	6,8	3258,2497	2,3	1954,1570	298	149
7595	144,103	2459,1884	61,43	1474,1142	238	149
7596	66,94	9,4	156,99	6,5	298	149
7598	7,2	76,76	12,5	118,65	235	149
7600	7,4	3,0	0,2	0,0	294	149
7601	2,4	0,0	4,10	1,0	288	149
7602	7,9	0,1	3,0	0,0	264	149
7603	13,12	5,1	9,6	1,0	227	149
7605	280,231	2,3	211,186	2,0	298	149
7606	281,297	49,27	486,364	89,77	271	149
7607	125,120	348,388	110,77	751,505	223	149
7608	136,134	619,570	93,82	1048,718	298	149
7609	795,697	0,0	811,682	2,0	298	149
7610	193,235	197,260	159,116	179,83	298	149
7611	35,38	246,237	49,26	352,288	298	149
7613	19,13	10,16	17,7	10,0	298	149
7617	1,0	0,0	5,11	1,2	298	149
7620	18,11	381,326	0,1	33,37	298	149
7621	0,2	0,0	4,1	0,2	298	149
7623	1,3	1,7	0,3	11,10	298	149
7624	42,36	9,5	39,40	10,6	298	149
7625	70,43	0,1	75,43	0,0	298	149
7626	8,9	17,34	5,7	38,34	298	149
7627	30,35	2,3	50,33	0,4	298	149
7628	2,10	2,1	4,1	4,1	298	149
7637	4,2	2,0	1,0	0,0	298	149
7642	10,6	7,8	2,5	6,0	298	149
7643	10,6	0,0	2,5	0,1	298	149
7644	150,175	2,0	160,147	0,0	298	149
7645	153,177	2,0	161,149	0,0	298	149
7646	17,0	110,73	10,7	109,71	223	149
7647	6887,6533	210066,181255	10917,8526	325943,250282	298	149
7648	5290,5040	2,0	8147,6460	0,0	298	149
7649	8109,8093	9,8	11156,8948	24,20	298	149
7653	34,33	593,512	31,9	663,429	298	149
7654	2,2	174,124	1,0	162,120	298	149
7655	2,1	27,18	1,0	19,13	298	149
7657	1,2	63,95	0,0	25,9	298	149
7658	8,7	214,240	3,6	204,157	298	149
7660	0,0	3,1	2,0	1,1	298	149
7662	0,0	1,1	0,1	5,2	298	149
7667	3,10	0,3	2,6	0,0	298	149
7668	16,17	72,54	20,2	140,79	298	149
7670	0,0	2,2	1,0	3,0	298	149
7672	2,0	0,0	0,0	1,1	298	149
7673	30,33	140,142	41,28	218,162	298	149
7674	29,50	98,158	22,20	104,75	250	149
7675	220,269	4,3	277,241	3,2	298	149
7676	4,16	257,175	10,15	298,213	240	149
7678	21,4	156,139	16,8	182,151	298	149
7679	46,37	3,0	43,32	0,0	298	149
7681	14,7	337,282	13,2	520,377	298	149
7682	293,237	4,5	208,164	11,2	298	149
7683	17,13	191,160	4,8	158,104	298	149
7687	22,22	0,1	37,36	0,0	298	149
7688	24,22	4,0	14,14	2,4	298	149
7689	14,10	1,0	6,7	1,0	298	149
7690	24,7	2,3	27,19	11,3	298	149
7696	24,22	2,0	14,14	0,1	298	149
7697	14,10	0,0	6,7	0,1	298	149
7699	24,7	0,0	27,19	2,0	298	149
7700	122,111	2,4	132,78	1,0	298	149
7701	3,3	47,49	4,3	48,25	298	149
7706	49,40	1,5	33,31	0,0	298	149
7707	68,57	294,236	18,18	396,287	298	149
7708	227,208	3,2	255,189	3,1	298	149
7709	14,6	0,2	1,6	0,0	292	149
7732	0,2	115,88	6,5	202,162	298	149
7733	10,1	101,66	3,3	118,93	298	149
7736	15,29	233,242	11,8	242,200	298	149
7741	25,25	369,311	9,18	471,358	298	149
7742	26,11	360,343	11,7	473,300	232	149
7743	12,15	428,359	15,14	570,410	298	149
7744	14,9	236,255	2,2	369,236	298	149
7745	0,1	58,78	0,1	80,56	298	149
7746	26,32	44,60	33,36	53,51	298	149
7747	5,2	250,219	8,4	323,238	298	149
7748	7,12	70,44	6,4	91,59	298	149
7749	525,400	15,5	532,402	3,2	298	149
7750	16,38	460,378	12,15	540,392	298	149
7752	830,722	13245,11248	978,658	24295,18139	298	149
7754	18,10	1,3	6,6	0,1	298	149
7755	5,0	0,2	6,1	0,0	298	149
7756	4,1	69,56	4,10	82,40	298	149
7757	3,6	3,1	10,0	2,1	298	149
7758	3,1	36,30	5,1	29,21	298	149
7759	6,4	63,52	2,10	65,43	298	149
7760	19,14	15,19	19,14	18,12	298	149
7762	3,10	104,78	6,4	107,69	234	149
7764	90,87	347,300	43,35	265,187	298	149
7766	1,8	44,83	2,0	29,22	291	149
7772	6,0	28,35	4,0	18,16	298	149
7775	42,12	26,19	32,28	43,37	228	149
7776	18,10	1,0	11,2	0,0	298	149
7777	39,38	4,1	33,33	0,0	298	149
7778	42,23	235,241	42,15	242,165	228	149
7779	29,41	63,86	37,26	45,17	257	149
7780	141,221	5,13	125,68	1,4	257	149
7781	5,7	202,170	13,5	470,321	298	149
7782	1,0	5,2	4,2	0,0	298	149
7784	6,4	155,182	15,4	234,184	232	149
7785	0,0	110,120	4,0	165,119	298	149
7786	35,14	1200,1028	17,31	1922,1194	298	149
7787	19,19	205,179	9,7	217,141	298	149
7790	1,4	2,1	1,0	0,0	298	149
7791	4,7	2,5	4,0	1,2	283	149
7793	418,358	5,2	674,515	6,2	298	149
7794	405,344	4,3	658,515	3,0	298	149
7795	134,110	8,10	136,117	1,6	229	149
7796	65,66	229,217	72,48	407,285	220	149
7798	20,16	230,154	24,18	281,183	238	149
7799	158,102	12,4	170,123	9,10	298	149
7800	58,33	137,145	20,13	193,126	298	149
7801	37,44	131,114	40,20	250,143	298	149
7805	8,15	14,9	3,0	8,5	298	149
7806	7,11	0,2	3,0	0,0	255	149
7807	7,11	1,1	3,0	0,0	252	149
7808	8,11	14,8	13,5	2,8	298	149
7810	21,12	31,39	16,12	47,28	298	149
7813	14,7	73,51	10,6	77,31	298	149
7815	53,41	0,0	52,39	1,0	243	149
7816	51,38	436,361	72,45	871,594	298	149
7821	6,7	3,0	6,2	1,6	298	149
7822	9,8	1,0	11,1	0,0	298	149
7823	141,136	582,545	91,84	806,637	228	149
7824	113,98	512,491	80,83	765,591	266	149
7827	67,59	0,1	30,24	0,0	298	149
7828	93,72	3,0	50,37	0,0	298	149
7829	84,93	1127,802	53,38	1884,1387	298	149
7830	0,2	0,0	0,2	2,0	227	149
7832	6,8	156,222	6,1	59,33	298	149
7835	239,180	9,10	346,243	4,1	298	149
7836	98,69	14,10	132,75	26,9	290	149
7839	17,14	133,154	11,17	188,154	232	149
7841	8,7	38,56	12,3	41,31	220	149
7846	34,29	1,2	4,10	0,0	298	149
7847	32,35	2,0	8,3	1,0	298	149
7848	22,23	283,215	13,29	421,309	298	149
7849	17,11	294,208	21,9	436,295	238	149
7850	84,84	1,4	67,17	2,0	298	149
7851	2,0	8,3	0,1	3,3	298	149
7852	0,0	3,2	1,0	7,2	237	149
7853	0,2	2,0	7,0	2,2	298	149
7855	73,57	1,0	112,73	0,0	298	149
7857	8,15	2,3	1,0	2,0	298	149
7859	916,804	18,14	1470,1038	12,4	298	149
7860	15,8	70,59	9,1	99,62	298	149
7861	11,9	1,3	7,0	1,2	298	149
7864	2,7	2,0	3,3	0,2	298	149
7865	1322,1067	2,0	1239,980	1,1	253	149
7866	2280,1950	34,22	2126,1640	36,25	298	149
7867	1695,1416	3,5	1601,1259	1,4	298	149
7868	1881,1626	2951,2178	1748,1310	3283,2365	298	149
7869	1296,1092	32,22	1223,929	22,14	298	149
7870	1317,1175	8,4	1312,931	6,5	298	149
7871	1215,1099	4,3	1327,991	3,4	267	149
7872	392,373	2753,2061	437,335	3147,2250	298	149
7873	195,238	10,8	267,181	0,0	298	149
7874	238,221	3404,2490	314,234	5104,3559	298	149
7875	176,177	4427,3585	193,153	5561,3950	298	149
7876	53,67	3980,3397	66,43	4587,3145	263	149
7879	40,30	42,33	25,13	7,8	236	149
7880	169,137	170,103	84,73	159,97	298	149
7881	220,167	1,1	173,99	0,0	298	149
7882	197,160	169,158	101,74	163,138	298	149
7883	82,99	110,87	58,53	47,37	298	149
7884	90,120	4,2	61,48	1,0	298	149
7885	473,483	99,103	308,222	50,43	298	149
7886	15,20	45,50	30,27	48,43	298	149
7887	6,2	1,2	3,1	0,0	298	149
7888	1,0	7,5	5,0	0,0	298	149
7891	308,218	2740,2404	199,122	4313,3341	298	149
7892	287,207	5,6	182,120	8,5	266	149
7893	327,247	2,1	362,218	0,1	298	149
7894	397,302	4406,3651	424,292	6874,5631	298	149
7895	412,275	32,16	450,316	25,10	298	149
7898	233,285	1364,1188	208,181	1561,1219	298	149
7899	204,224	85,111	142,96	63,51	298	149
7900	95,135	13,22	70,25	14,9	277	149
7901	76,76	77,91	56,44	65,44	227	149
7902	5,9	140,120	5,5	98,87	243	149
7903	162,140	0,3	198,157	0,0	260	149
7905	16,10	281,276	6,10	278,184	232	149
7908	17,24	153,172	18,14	254,191	298	149
7909	27,22	382,412	14,8	354,305	298	149
7910	285,224	16780,13591	579,382	39403,27212	278	149
7911	127,99	4,2	118,83	2,0	251	149
7912	2,0	2,4	1,0	2,0	227	149
7919	0,0	204,432	0,1	220,129	298	149
7920	2,9	2,0	2,1	0,4	298	149
7921	4,10	5721,5615	2,2	5539,5432	244	149
7922	10,8	2,1	9,9	0,0	298	149
7935	14,15	195,123	23,15	241,197	298	149
7938	3,3	21,27	11,5	24,23	268	149
7940	2,0	49,48	1,1	64,49	231	149
7941	3,3	45,24	1,5	68,47	227	149
7942	6,2	15,22	6,3	12,10	298	149
7949	300,189	0,1	279,147	0,0	273	149
7950	6,6	0,0	7,8	1,0	298	149
7951	4,7	167,152	9,8	176,132	298	149
7952	7,5	97,61	8,6	107,42	298	149
7953	9,3	117,88	1,0	79,48	298	149
7956	207,184	2224,1918	143,103	2400,1842	298	149
7957	137,94	9,6	71,42	1,1	298	149
7958	83,72	1845,1637	51,49	1881,1339	236	149
7959	129,123	3114,2897	56,46	2579,2044	298	149
7960	239,206	0,3	104,62	0,1	298	149
7961	1103,946	10,3	889,636	1,0	298	149
7962	596,493	2588,2467	321,214	2012,1675	298	149
7963	362,286	125,144	175,118	89,75	298	149
7964	60,55	1143,1145	73,46	1587,1276	298	149
7965	19,14	1198,1092	22,17	2387,1654	298	149
7966	368,368	0,3	783,542	4,1	298	149
7968	14,9	2,0	15,6	0,0	278	149
7971	3,5	44,47	0,0	1,0	298	149
7972	46,50	416,368	38,16	319,296	237	149
7973	27,42	0,0	30,17	1,0	298	149
7974	24,27	193,172	11,10	257,161	238	149
7976	97,67	12,8	102,82	2,7	298	149
7977	25,20	26,29	16,14	58,38	298	149
7979	82,63	3,3	84,62	0,0	298	149
7981	14,7	0,0	10,9	0,2	298	149
7983	1,2	2,18	0,2	14,9	229	149
7984	6,4	61,73	2,0	42,24	229	149
7988	2,6	45,27	4,4	54,23	298	149
7989	20,14	35,59	14,6	19,10	298	149
7991	6,5	178,141	1,0	298,163	298	149
7992	11,12	124,89	24,14	125,129	298	149
7993	10,5	1,1	20,9	1,1	298	149
7994	3,0	83,80	9,3	128,105	298	149
7995	51,34	94,72	59,31	230,160	298	149
7996	43,54	4,0	45,26	0,0	298	149
7997	24,13	0,1	7,3	1,1	298	149
7998	82,134	2,3	51,40	0,0	292	149
7999	183,124	63,62	190,125	44,39	298	149
8001	2,3	52,43	0,2	82,50	256	149
8002	4,8	2,2	14,5	0,0	298	149
8003	14,16	2,3	21,13	2,1	298	149
8004	415,331	0,0	548,426	1,0	298	149
8011	15,11	29,20	11,2	30,24	298	149
8012	9,16	7,9	3,1	15,17	298	149
8014	29,35	2,0	18,15	2,0	298	149
8021	27,23	1232,989	15,8	1961,1310	298	149
8022	25,26	2,4	15,8	2,1	298	149
8024	25,24	1644,1373	24,21	2446,1932	298	149
8025	11,10	7,0	11,13	0,4	298	149
8026	22,19	1617,1377	35,29	2562,2006	298	149
8027	120,108	0,0	92,124	1,3	275	149
8028	143,98	1234,969	111,111	1787,1395	298	149
8029	179,135	1,1	144,133	2,0	298	149
8030	230,208	0,0	168,156	1,0	298	149
8031	256,231	1389,1243	170,116	1787,1490	298	149
8032	390,364	0,0	284,216	1,0	298	149
8034	15,26	306,326	11,15	496,343	298	149
8035	37,44	371,360	22,12	749,597	298	149
8039	3,4	609,462	10,9	900,651	298	149
8040	25,21	609,425	11,10	930,653	298	149
8041	5,2	1,1	2,1	0,3	298	149
8042	22,21	5,6	12,11	0,0	298	149
8043	4,8	601,502	5,4	852,627	298	149
8044	43,55	2556,2462	27,11	1859,1079	232	149
8060	9,5	122,89	5,3	76,96	298	149
8061	16,23	303,233	14,8	348,262	298	149
8062	91,73	5,4	32,31	9,6	298	149
8063	97,82	1941,1705	47,41	1868,1460	298	149
8064	43,37	1800,1478	67,45	1830,1453	298	149
8065	101,98	1284,1058	48,46	1561,1084	298	149
8066	288,265	10,5	209,179	5,0	298	149
8067	29,44	1339,1208	14,20	1318,978	298	149
8068	28,39	8,1	12,18	4,3	298	149
8071	2,0	0,1	2,0	2,0	298	149
8072	2,0	2,4	3,0	6,6	298	149
8076	5,7	7,22	10,1	13,9	298	149
8077	5,8	53,51	10,1	88,48	298	149
8081	35,35	209,186	18,20	116,101	298	149
8084	5,4	3,1	1,3	0,2	298	149
8085	1,3	167,138	8,4	192,123	298	149
8086	1,1	8,15	1,0	4,1	220	149
8087	0,2	9,20	0,0	2,0	298	149
8089	16,32	5,6	16,10	5,4	298	149
8091	11,11	2,3	11,6	0,0	298	149
8092	0,0	272,217	1,1	381,259	298	149
8093	8,4	5,2	11,3	0,0	298	149
8094	16,12	132,116	15,8	164,99	298	149
8095	13,8	4,3	19,9	0,0	298	149
8099	21,7	0,2	12,9	3,0	298	149
8100	28,32	141,104	28,19	222,202	298	149
8101	41,36	0,0	36,33	1,0	298	149
8102	7,9	204,164	20,8	297,202	298	149
8103	80,69	1,1	135,99	0,3	298	149
8104	72,63	0,0	113,76	1,0	298	149
8110	133,124	0,0	154,67	2,0	249	149
8111	7,4	74,92	2,0	155,135	298	149
8112	17,7	115,112	25,16	174,165	298	149
8114	13,3	121,105	20,14	188,148	258	149
8115	70,56	1,0	150,87	3,6	298	149
8116	95,73	4,4	192,118	3,4	298	149
8117	12,9	0,0	12,7	0,1	298	149
8118	17,6	0,0	16,10	0,1	298	149
8119	16,14	148,119	20,9	298,180	298	149
8120	511,501	9,1	494,359	4,6	278	149
8121	575,528	9,12	544,389	5,0	298	149
8122	35,26	4,0	23,38	6,1	253	149
8123	37,28	2,0	24,38	3,1	269	149
8124	54,40	49,60	36,44	76,44	285	149
8125	42,29	80,77	29,29	136,108	233	149
8128	16,9	65,73	5,21	89,79	298	149
8129	7,16	49,49	7,10	77,60	298	149
8130	15,32	34,44	18,11	41,30	298	149
8131	2,0	0,4	1,1	0,0	219	149
8132	0,5	2,2	1,4	0,0	272	149
8134	5,7	1,0	3,4	0,0	298	149
8135	3,9	1,1	7,10	2,0	298	149
8137	1,10	1,2	4,8	1,0	298	149
8138	44,41	27,26	48,28	24,23	298	149
8140	56,54	39,27	46,27	33,19	224	149
8141	1,0	52,56	0,0	52,39	293	149
8142	75,88	2,8	73,30	3,1	285	149
8143	58,42	136,195	30,30	236,206	298	149
8144	51,30	2,2	29,24	6,0	298	149
8147	2,0	66,61	3,0	39,11	259	149
8148	15,13	2,0	10,4	0,0	298	149
8149	11,14	43,79	16,6	107,49	298	149
8158	0,2	5,2	0,2	11,7	298	149
8159	0,0	5,11	1,2	14,3	298	149
8160	1,3	9,15	0,0	5,10	226	149
8161	196,156	1,0	221,149	0,1	254	149
8162	1,1	29,29	0,0	38,29	298	149
8168	131,144	1641,1443	109,80	2035,1650	298	149
8169	773,714	1,0	1197,717	1,1	298	149
8170	48,37	1363,1279	31,16	2111,1473	298	149
8171	74,47	1142,1007	64,40	2104,1230	298	149
8172	111,122	0,2	91,78	1,0	298	149
8173	81,93	7,4	82,63	12,3	298	149
8174	39,32	93,78	56,45	159,110	298	149
8179	104,88	6,3	120,102	2,5	298	149
8180	58,49	166,132	44,39	191,151	298	149
8181	55,41	9,9	19,17	21,10	243	149
8182	4,9	50,39	7,1	114,70	241	149
8187	6,8	4,0	2,3	1,3	278	149
8188	6,11	59,75	2,3	39,25	298	149
8189	8,10	0,1	3,3	0,0	298	149
8191	237,182	0,1	204,159	0,4	298	149
8195	33,43	1,0	37,35	1,0	298	149
8196	148,152	1,2	242,182	1,0	298	149
8197	40,44	323,332	39,36	542,429	298	149
8199	448,403	0,0	876,586	4,0	298	149
8201	6,12	8,0	2,0	2,0	298	149
8202	9,5	11,11	2,5	11,5	298	149
8203	11,9	0,1	10,8	1,0	298	149
8204	17,15	4,4	27,15	2,5	292	149
8205	1,0	1,0	1,0	2,0	298	149
8207	16,25	326,253	12,5	205,121	298	149
8208	5,4	29,15	2,3	14,10	298	149
8209	2,5	73,60	3,0	51,51	298	149
8210	239,196	10,2	285,215	2,2	240	149
8211	1,4	103,88	3,1	169,95	298	149
8212	1,0	85,54	2,0	131,66	223	149
8214	0,1	67,63	2,1	119,72	298	149
8215	32,30	2,0	43,24	0,0	298	149
8216	8,5	0,2	3,1	0,0	298	149
8217	5,5	0,0	1,1	2,0	298	149
8218	73,81	94,69	34,17	79,61	298	149
8219	129,103	7,2	189,162	0,0	298	149
8220	26,21	4,19	4,9	4,9	298	149
8221	586,549	0,0	969,739	0,1	298	149
8222	4,3	2,0	4,5	1,0	298	149
8229	8,6	5,9	7,6	18,18	298	149
8230	0,2	1,1	1,0	3,2	251	149
8233	7,1	197,154	19,1	188,151	298	149
8234	4,6	177,160	4,4	242,157	298	149
8235	0,1	89,75	1,3	139,104	298	149
8236	0,0	50,28	0,2	57,24	298	149
8237	48,27	0,0	48,26	2,0	298	149
8238	0,5	4,20	5,0	3,0	251	149
8240	11,24	1,8	9,5	3,0	298	149
8241	13,28	1,0	9,6	0,0	298	149
8243	1,8	41,29	2,3	38,32	298	149
8244	2,7	24,11	5,3	38,21	298	149
8245	0,2	9,14	2,0	18,14	298	149
8246	2876,3091	53,85	4110,2753	14,15	266	149
8247	9,11	840,586	12,21	1242,841	298	149
8248	16,19	1,0	31,31	3,4	298	149
8250	2,3	7,6	3,4	7,1	298	149
8252	11,1	9,3	3,1	18,9	298	149
8253	132,86	49,39	89,68	68,50	298	149
8255	158,140	9,3	93,69	5,3	298	149
8256	124,96	4,0	128,88	0,0	298	149
8257	155,136	13,14	175,119	23,15	259	149
8258	6,4	94,91	14,7	108,69	298	149
8259	2,5	97,82	4,2	111,64	298	149
8260	35,32	18,30	40,37	29,13	294	149
8261	37,29	46,57	39,17	44,27	298	149
8262	26,22	0,3	35,9	6,3	266	149
8263	48,59	4,7	49,28	7,4	298	149
8265	69,65	27,16	70,39	24,29	298	149
8266	69,68	4,6	81,45	7,2	298	149
8269	2,7	7,15	2,1	15,8	246	149
8270	6,9	15,16	10,6	12,15	298	149
8271	1,0	4,0	0,0	2,1	298	149
8272	4,3	9,6	7,0	8,4	298	149
8278	85,98	2057,1775	71,48	2238,1582	222	149
8279	129,158	81,69	75,57	18,21	298	149
8280	2206,1938	1,0	2387,1707	3,0	298	149
8281	199,222	2209,1840	106,84	2470,1584	298	149
8282	35,29	2,0	33,11	0,0	298	149
8283	34,32	0,2	32,12	4,1	298	149
8284	20,34	0,2	35,31	0,0	298	149
8287	52,56	101,78	41,30	87,66	298	149
8288	15,20	3,0	18,15	0,0	298	149
8289	19,15	22,17	7,14	3,1	298	149
8290	22,15	4,2	8,14	2,0	298	149
8292	2,4	3,0	0,9	0,4	298	149
8294	19,7	2231,1721	13,12	3686,2702	298	149
8295	48,54	1,3	31,31	4,0	298	149
8296	69,66	1344,1083	55,64	2480,1840	298	149
8297	74,47	523,390	48,50	649,506	298	149
8298	63,37	1350,1091	38,38	2474,1837	298	149
8299	1219,1018	0,1	2101,1533	0,0	298	149
8300	23,22	1814,1561	36,17	3079,2391	249	149
8301	40,45	1787,1571	21,21	2654,1954	298	149
8302	33,27	2,2	51,44	0,0	298	149
8303	31,28	13,21	49,45	8,4	298	149
8304	38,28	2317,1929	57,56	3577,2605	245	149
8305	61,45	2707,2204	37,39	3958,2984	298	149
8306	133,109	2176,1905	192,147	3156,2294	298	149
8309	1816,1597	2,0	2629,1951	2,2	298	149
8310	32,20	1796,1440	47,38	2985,2200	298	149
8312	1,0	0,0	0,0	2,0	298	149
8313	112,71	15,16	72,50	0,0	298	149
8315	0,9	81,96	2,0	83,83	237	149
8316	3,2	20,10	2,4	8,16	298	149
8317	7,20	110,77	14,16	167,107	298	149
8319	12,15	250,229	8,8	251,117	298	149
8320	11,14	435,358	6,8	575,452	259	149
8321	42,32	9,7	25,37	7,0	298	149
8334	2,0	0,0	0,0	0,2	243	149
8337	37,44	192,152	42,26	290,254	225	149
8338	13,20	9,3	22,21	0,2	298	149
8339	53,63	77,61	39,36	34,30	298	149
8341	15,10	4,0	10,5	0,0	298	149
8342	22,17	71,79	16,13	80,61	232	149
8343	25,24	1,1	15,16	0,0	298	149
8344	15,18	1,0	9,6	0,0	298	149
8345	7,14	85,80	8,6	87,62	263	149
8346	27,21	2,1	17,15	0,0	298	149
8347	24,20	0,1	14,15	0,0	298	149
8348	2,2	10,10	1,0	15,13	222	149
8355	1,0	9,8	0,0	11,7	298	149
8357	1,0	0,1	2,0	0,0	298	149
8362	2,2	114,73	7,8	130,72	298	149
8363	92,75	1,0	69,47	0,0	298	149
8364	126,109	10,18	86,65	5,13	298	149
8365	7,10	229,172	2,4	288,205	298	149
8366	17,11	81,42	12,14	133,91	298	149
8367	116,115	653,553	82,51	435,275	298	149
8370	526,434	3,2	762,673	1,0	298	149
8371	33,48	4,11	26,18	9,5	298	149
8372	524,420	4,13	927,612	4,3	298	149
8373	43,49	810,675	37,31	1443,1039	298	149
8374	571,484	1,0	1015,678	0,0	298	149
8375	90,113	0,1	125,97	2,4	298	149
8376	68,58	6,5	41,47	12,3	225	149
8377	104,91	1024,781	73,72	1511,1161	298	149
8378	52,29	1046,936	33,25	1617,1304	281	149
8379	12,11	1109,994	10,18	1369,1102	281	149
8382	0,2	137,186	0,2	214,99	298	149
8387	2,3	0,0	3,4	1,2	298	149
8388	133,121	0,1	208,147	1,2	298	149
8391	2,1	2,8	1,2	3,1	298	149
8392	59,64	5,9	34,17	13,4	298	149
8397	2,0	229,283	5,0	205,136	298	149
8398	284,213	952,882	327,223	1368,992	298	149
8400	1,0	309,226	0,0	277,188	298	149
8403	9,15	2,4	4,12	2,1	298	149
8404	31,37	506,425	28,11	476,349	244	149
8406	0,2	0,2	2,0	0,0	298	149
8407	252,211	3,0	292,198	1,0	298	149
8410	14,8	255,209	5,7	273,237	298	149
8411	26,26	3,3	39,28	0,0	298	149
8412	24,26	1,0	39,27	5,1	298	149
8413	3,3	27,57	3,4	54,34	298	149
8414	163,161	3,1	274,178	0,0	298	149
8415	549,400	4,0	736,572	4,4	298	149
8421	21,15	169,128	19,10	212,136	298	149
8422	68,38	199,175	30,28	328,272	285	149
8423	21,19	129,105	19,13	198,145	287	149
8424	37,42	44,36	47,32	82,49	298	149
8429	27,20	285,240	14,13	367,203	298	149
8430	11,13	2,4	6,11	1,0	287	149
8431	37,29	1,1	14,9	0,0	298	149
8432	26,23	411,341	18,10	506,379	298	149
8434	138,197	40,44	118,88	36,16	298	149
8435	66,33	1267,948	99,86	1266,949	298	149
8437	14,9	45,80	3,10	31,20	298	149
8438	43,37	15,37	14,11	15,11	298	149
8439	50,31	102,114	33,22	126,91	247	149
8440	45,56	125,109	36,28	192,130	298	149
8441	63,61	4,7	50,26	1,1	235	149
8442	60,61	8,11	98,32	26,17	298	149
8443	6,5	106,90	7,1	116,72	240	149
8444	3,4	2,4	5,0	2,0	227	149
8445	40,28	126,115	29,34	201,132	225	149
8446	45,28	2,4	36,38	7,2	229	149
8447	18,19	195,206	10,12	245,177	298	149
8451	3,2	107,71	0,0	12,10	298	149
8452	11,9	1,0	3,3	3,1	298	149
8453	18,23	122,109	19,18	208,142	298	149
8454	7,4	3,7	6,1	0,1	298	149
8456	120,128	2,3	298,211	0,0	298	149
8460	0,8	0,0	7,3	2,0	245	149
8461	1028,928	15,6	1272,1018	2,0	298	149
8469	1,2	41,30	3,0	42,29	298	149
8470	12,9	36,24	8,15	20,18	298	149
8472	30,28	56,36	33,22	55,26	298	149
8474	106,118	85,84	80,59	115,101	298	149
8475	81,72	3,0	54,41	0,2	298	149
8476	757,619	1,0	864,644	1,0	233	149
8479	7,5	61,95	8,7	118,83	283	149
8480	35,40	16,26	18,15	10,11	298	149
8484	74,67	0,0	73,57	4,0	298	149
8486	1131,1016	1,5	5,3	0,0	298	149
8492	2,1	18,17	1,9	7,7	252	149
8493	13,14	20,15	3,4	16,7	227	149
8494	273,305	5683,5382	427,242	8082,5338	268	149
8495	56,61	3557,2808	81,55	6045,3943	228	149
8496	2,7	53,32	10,0	74,73	240	149
8509	6,2	6,4	6,9	0,4	298	149
8510	7,5	261,259	8,11	323,232	298	149
8511	6,1	332,327	6,2	362,256	298	149
8512	79,75	356,359	63,50	414,331	298	149
8518	17,12	14,23	8,6	15,8	298	149
8520	0,0	0,1	1,1	0,0	234	149
8521	0,1	3,0	0,0	1,0	298	149
8522	3,2	6,4	0,0	3,0	274	149
8523	3,1	5,4	0,0	4,0	249	149
8525	170,154	106,133	90,61	90,52	238	149
8526	842,863	117,91	497,341	50,32	298	149
8527	35,38	64,55	58,45	84,41	266	149
8534	768,668	1948,1754	466,397	1476,1040	298	149
8535	746,654	33,56	456,388	26,16	298	149
8536	746,629	14,13	455,384	7,3	298	149
8537	763,708	0,1	477,414	1,0	298	149
8540	936,750	2002,1783	714,619	1516,1087	298	149
8542	984,798	0,1	773,618	3,0	298	149
8543	1220,921	128,137	994,793	58,45	298	149
8544	1090,844	1868,1685	895,719	1425,1043	298	149
8545	1230,937	55,39	1064,838	27,17	298	149
8546	724,586	2,5	531,432	2,1	298	149
8547	606,506	2524,2080	528,428	1900,1388	298	149
8548	594,509	1,0	432,358	0,0	298	149
8550	513,514	2,0	377,305	0,0	298	149
8551	749,637	3,6	598,480	12,6	298	149
8552	446,398	1891,1584	342,308	1414,1014	298	149
8553	619,560	0,0	499,406	2,0	298	149
8554	631,557	22,23	595,476	8,4	298	149
8555	462,410	2,0	366,317	1,0	298	149
8556	1176,984	1,0	849,664	11,2	298	149
8557	873,745	1121,876	593,492	1043,715	298	149
8559	1058,904	8,9	846,660	5,1	298	149
8563	616,516	2648,2522	385,274	1952,1364	298	149
8564	592,524	0,1	369,243	0,0	298	149
8565	639,572	8,12	389,255	5,5	298	149
8566	272,233	0,4	229,161	1,0	298	149
8567	143,127	3651,3443	116,89	2572,1804	298	149
8569	655,554	3,1	497,366	0,1	298	149
8570	912,860	2669,2637	764,539	1815,1261	298	149
8571	940,892	9,23	794,555	29,22	298	149
8574	0,3	189,159	2,2	191,167	298	149
8575	7,2	216,194	8,6	320,220	285	149
8578	15,27	4,7	29,29	0,3	298	149
8579	3,1	178,169	1,3	240,190	298	149
8580	1,1	0,0	1,0	3,0	298	149
8581	5,5	190,209	7,6	246,194	298	149
8582	3,8	0,1	6,6	2,5	298	149
8583	3,8	121,139	17,8	131,101	298	149
8584	30,31	0,4	48,32	8,0	298	149
8589	0,1	6,2	0,0	11,4	298	149
8592	3,0	1,6	1,5	3,4	271	149
8595	25,28	59,46	9,12	95,74	298	149
8596	31,31	2,0	13,11	1,0	298	149
8600	9,6	123,97	7,6	131,106	298	149
8601	10,6	2,0	7,4	0,5	298	149
8602	23,22	1589,1540	11,5	1666,1102	298	149
8603	15,33	2322,2186	15,15	2681,1914	298	149
8604	107,157	3,3	184,137	5,4	298	149
8606	2,1	20,14	4,1	36,16	298	149
8607	43,26	360,324	40,28	507,402	298	149
8608	0,0	1,1	0,2	0,2	279	149
8609	4,0	4,0	1,0	0,2	298	149
8615	5,5	9,2	9,6	3,7	298	149
8617	1,3	6,12	1,4	8,8	285	149
8619	2,1	0,2	4,3	0,2	298	149
8620	5,3	0,3	4,3	0,0	298	149
8621	5,3	0,0	4,3	1,0	298	149
8622	5,3	0,1	6,2	1,1	298	149
8623	5,3	1,1	6,2	0,0	298	149
8624	18,11	245,195	11,18	355,277	298	149
8627	31,31	252,171	24,25	354,279	298	149
8628	28,26	6,0	17,29	3,5	298	149
8629	4,4	220,186	4,2	329,269	298	149
8632	232,230	2,0	126,79	0,0	262	149
8633	22,16	1295,1485	13,11	801,527	241	149
8634	2,2	5,0	1,4	1,2	298	149
8636	274,233	814,674	232,145	500,416	298	149
8639	0,2	118,116	5,0	100,70	254	149
8642	19,13	0,0	5,3	2,0	298	149
8643	17,12	0,0	9,3	0,2	298	149
8644	15,10	23,45	11,8	23,24	298	149
8645	16,11	40,35	13,10	39,13	298	149
8646	21,14	5,12	16,11	2,7	298	149
8647	15,15	4,1	17,5	0,0	298	149
8648	5,4	11,11	3,2	15,10	298	149
8649	5,4	3,10	1,1	2,0	298	149
8650	9,3	4,2	9,2	1,0	298	149
8651	20,9	0,3	0,1	0,0	291	149
8654	12,6	44,61	8,4	41,24	298	149
8655	4,0	22,49	3,0	16,18	298	149
8659	31,19	544,413	46,31	1337,930	298	149
8660	23,11	2,0	34,22	0,0	298	149
8661	19,16	13,7	32,17	2,2	298	149
8662	607,450	1,0	1282,931	0,0	298	149
8663	122,117	261,225	162,111	417,276	251	149
8664	110,98	69,49	140,92	77,43	244	149
8665	31,23	540,414	31,38	824,711	298	149
8666	12,17	74,121	4,3	46,26	298	149
8667	9,11	238,173	10,4	343,272	298	149
8668	3,9	7,1	3,2	8,7	298	149
8669	63,28	1,0	48,25	0,0	298	149
8671	2,0	0,1	2,2	0,0	256	149
8674	3,3	6,2	0,0	1,2	298	149
8675	3,3	107,80	0,0	147,114	298	149
8676	119,87	6,4	114,97	4,4	298	149
8677	0,0	192,145	1,0	142,129	298	149
8680	28,22	263,277	34,11	529,389	298	149
8682	143,133	3,1	191,118	0,0	298	149
8683	41,57	309,291	66,42	519,390	298	149
8684	151,156	223,177	195,132	458,310	298	149
8685	57,83	3,4	65,55	0,3	298	149
8686	61,89	327,295	73,61	590,467	298	149
8688	9,14	73,80	16,10	139,96	298	149
8689	4,4	70,101	11,12	107,85	298	149
8690	21,22	2,2	20,24	2,1	298	149
8691	15,18	30,37	10,18	63,24	298	149
8692	1,2	36,19	0,2	34,38	298	149
8693	3,3	57,51	1,1	141,91	298	149
8694	1,0	9,2	0,0	1,4	251	149
8695	3,0	56,39	0,2	56,62	298	149
8699	0,0	4,2	3,0	0,2	298	149
8701	8,14	60,65	37,12	51,46	298	149
8703	41,29	70,86	46,29	186,129	298	149
8704	3,6	70,101	7,4	140,92	235	149
8722	0,1	41,39	3,3	81,57	298	149
8723	12,17	2,1	14,13	4,0	298	149
8728	4,9	64,69	2,3	103,49	298	149
8729	166,128	259,242	120,98	474,269	298	149
8730	10,9	12,17	7,5	17,9	234	149
8733	46,52	0,1	33,43	0,0	298	149
8734	42,46	0,1	28,37	0,2	298	149
8735	18,18	331,290	15,7	301,207	298	149
8736	13,10	260,218	16,3	337,254	298	149
8737	46,41	517,435	31,23	634,499	298	149
8738	106,82	3,0	80,74	1,0	298	149
8743	13,9	1128,874	9,6	1625,1309	298	149
8744	21,10	738,595	13,14	910,688	298	149
8745	38,21	0,1	13,16	0,0	298	149
8746	32,34	608,614	48,62	715,526	298	149
8747	9,10	14,7	6,11	9,6	298	149
8748	1,2	148,129	2,3	156,113	298	149
8749	27,19	288,351	17,16	470,368	298	149
8750	66,45	0,1	39,16	2,0	298	149
8751	74,55	998,929	56,39	1877,1431	298	149
8752	70,67	0,0	53,48	4,0	298	149
8753	68,49	1043,950	45,66	1870,1443	298	149
8754	75,70	1059,833	59,50	2013,1524	264	149
8755	100,108	1,1	75,86	0,0	298	149
8756	70,75	1132,955	57,60	2378,1854	298	149
8757	97,92	1,0	74,86	0,0	298	149
8758	82,72	1187,1071	98,55	2225,1734	298	149
8759	12,16	0,0	5,13	2,0	298	149
8762	21,21	973,794	17,23	1591,1223	298	149
8763	91,76	711,662	123,87	1428,1058	298	149
8764	88,64	0,0	91,69	1,0	272	149
8765	90,91	350,270	122,71	787,585	298	149
8766	17,18	212,203	28,16	413,296	298	149
8768	32,25	4,9	29,13	3,3	298	149
8774	91,80	2,0	147,77	0,2	298	149
8775	177,133	0,0	282,202	1,0	298	149
8776	420,335	0,1	483,336	0,0	298	149
8777	419,328	0,1	478,334	0,0	298	149
8778	518,395	92,76	625,451	41,26	298	149
8779	25,18	126,181	6,6	89,44	298	149
8780	62,51	463,406	67,43	920,715	298	149
8781	154,151	1,0	248,153	0,2	298	149
8782	0,0	7,15	3,1	5,3	298	149
8783	81,76	68,45	97,54	83,68	298	149
8789	5,12	349,259	5,4	374,323	298	149
8790	26,17	433,416	35,22	567,434	231	149
8791	11,8	342,295	13,14	394,348	298	149
8792	2,0	73,56	1,1	148,72	298	149
8793	97,107	5,2	119,73	2,0	233	149
8797	4,0	1,2	3,0	1,0	298	149
8799	4,3	41,33	3,2	32,30	228	149
8800	6,11	48,61	3,4	50,27	280	149
8801	10,7	81,86	3,1	108,60	225	149
8802	11,8	0,1	4,7	0,0	249	149
8803	13,14	14,9	4,9	5,3	289	149
8806	14,17	2,2	3,9	0,0	298	149
8808	2,12	15,16	2,2	5,5	298	149
8813	18,13	1,0	8,2	1,0	298	149
8816	8,17	2,0	8,2	0,0	298	149
8817	10,8	62,49	9,2	47,27	298	149
8818	12,10	21,19	12,6	21,15	298	149
8820	8,7	2,0	2,2	0,3	298	149
8821	15,13	13,21	8,6	2,8	298	149
8823	11,9	10,4	2,6	5,8	298	149
8825	4,16	15,27	0,4	1,10	298	149
8826	4,16	2,0	0,4	0,0	298	149
8831	59,82	1,2	68,56	0,0	298	149
8834	0,3	3,2	1,6	3,3	298	149
8835	0,3	2,2	1,6	2,4	298	149
8839	224,189	33,27	270,156	23,13	236	149
8840	20,19	76,80	27,37	115,63	298	149
8841	2,2	3,1	2,2	0,0	264	149
8842	30,28	881,766	41,48	1512,1051	298	149
8843	17,21	472,409	16,9	606,426	298	149
8844	148,135	555,477	111,89	747,529	298	149
8845	150,133	140,123	126,105	233,112	298	149
8846	167,155	522,454	145,107	774,556	298	149
8847	192,185	22,18	162,131	15,4	298	149
8848	29,10	754,634	11,16	1063,747	298	149
8851	12,22	14,0	9,15	0,0	298	149
8852	4,15	62,85	19,12	138,96	298	149
8854	15,3	0,0	11,8	2,0	298	149
8857	1,9	1,1	8,7	1,0	241	149
8861	0,5	0,0	3,2	3,2	298	149
8864	23,10	260,197	14,4	295,242	221	149
8865	0,3	336,243	6,0	537,400	292	149
8866	1,3	19,49	0,0	15,9	234	149
8867	17,9	51,41	12,9	75,62	298	149
8868	15,11	0,2	11,8	2,3	298	149
8869	34,26	1,1	33,23	4,2	298	149
8871	71,64	1,1	102,70	1,0	298	149
8872	18,18	298,345	13,4	481,275	298	149
8882	21,7	93,57	14,9	87,70	298	149
8886	128,113	2,2	141,111	1,0	298	149
8888	0,1	101,88	2,0	111,74	298	149
8889	3,3	117,89	5,2	102,70	298	149
8891	1695,1637	9,8	2173,1609	7,10	298	149
8893	72,35	0,0	35,40	0,1	264	149
8894	65,34	9,3	32,35	0,0	250	149
8897	1337,1431	18,12	1962,1417	28,15	203	149
8898	1681,1701	10,16	2623,1853	9,6	263	149
8899	2140,1854	1,1	2919,1861	2,0	290	149
8900	372,319	693,536	481,373	648,518	298	149
8904	6,6	64,60	5,1	79,73	298	149
8905	7,2	7,1	6,3	5,1	298	149
8906	3,1	58,53	2,2	38,37	298	149
8907	1,0	61,49	0,0	46,37	251	149
8908	1,5	72,65	10,2	103,79	298	149
8910	5,3	55,57	6,0	82,64	227	149
8912	22,37	1,0	39,44	2,0	298	149
8913	39,29	245,261	25,18	284,171	298	149
8914	41,35	1,1	25,18	2,0	298	149
8915	20,10	255,254	13,9	302,243	298	149
8926	7,11	47,40	4,2	34,38	298	149
8928	41,32	68,59	26,21	94,47	225	149
8929	16,26	93,103	16,30	88,62	298	149
8930	150,101	0,0	180,134	0,1	298	149
8931	13,8	37,71	2,0	14,21	298	149
8932	9,9	57,55	11,8	46,45	298	149
8933	2,0	115,110	1,0	78,75	298	149
8934	39,36	3,6	66,24	4,1	298	149
8935	0,2	0,4	0,0	4,4	298	149
8937	12,5	13,11	10,17	13,11	227	149
8938	55,58	367,348	28,35	602,425	278	149
8943	62,55	1886,1589	81,41	2452,1681	298	149
8944	43,52	6,2	43,19	0,0	298	149
8945	17,16	2,1	4,4	0,0	298	149
8946	34,40	2,0	12,7	2,0	298	149
8947	1496,1261	12,24	2062,1557	6,0	252	149
8949	13,23	5,5	24,7	1,0	298	149
8951	13,24	149,142	24,8	262,205	298	149
8952	16,25	5,1	29,10	7,3	298	149
8953	12,34	80,73	28,14	137,85	298	149
8954	9,24	3,2	23,10	0,6	298	149
8955	12,12	110,76	10,8	174,120	298	149
8958	4,7	4,4	10,4	5,2	298	149
8959	8,9	3,2	7,4	4,1	298	149
8960	0,1	12,32	0,0	1,4	291	149
8961	1,1	1,0	0,0	1,2	298	149
8963	7,3	56,30	1,5	25,33	298	149
8974	46,32	2,2	22,20	4,5	298	149
8975	43,31	0,0	23,20	1,0	298	149
8978	70,70	692,1160	35,30	551,296	298	149
8979	66,51	2,7	31,26	2,0	298	149
8980	2,8	11,29	6,1	22,9	293	149
8981	0,2	0,11	0,0	1,0	244	149
8982	16,27	9,10	14,13	18,20	298	149
8983	10,13	92,84	26,14	138,82	298	149
8984	26,32	98,69	20,20	158,123	298	149
8986	130,128	5,8	226,191	20,8	298	149
8987	345,318	0,1	370,265	0,0	298	149
8988	9,10	0,4	5,6	0,0	298	149
8989	22,18	1,0	10,2	0,0	298	149
8990	17,18	3,5	11,2	2,1	298	149
8991	17,19	4,3	10,3	3,1	298	149
8992	21,25	0,2	13,4	0,1	298	149
8996	5,4	109,119	0,0	56,39	298	149
8999	69,86	4,0	73,29	0,4	298	149
9000	44,59	9,12	40,18	3,2	298	149
9001	6,2	285,211	8,11	262,222	298	149
9002	10,3	27,34	5,2	24,4	298	149
9003	28,24	56,33	42,16	41,40	298	149
9004	25,37	81,74	21,21	85,57	298	149
9005	18,18	2,1	10,7	0,0	298	149
9006	39,16	143,104	18,16	143,71	298	149
9007	37,15	5,4	15,14	0,0	298	149
9008	72,30	0,0	47,28	1,0	298	149
9009	188,245	26,17	88,55	5,0	242	149
9010	27,18	117,169	10,7	65,34	231	149
9011	411,440	31,26	282,214	16,2	298	149
9017	4,5	26,21	6,0	19,3	237	149
9018	9,15	968,1005	0,1	814,647	298	149
9022	12,13	59,58	16,7	75,40	298	149
9023	8,5	276,232	13,5	392,243	298	149
9024	32,57	156,173	44,44	128,86	298	149
9025	8,3	310,207	14,1	331,245	298	149
9026	3,1	0,1	3,0	1,2	249	149
9027	1,0	7,9	0,0	12,7	298	149
9028	1,7	0,0	23,4	1,0	298	149
9030	0,0	2,0	1,0	7,1	233	149
9031	0,3	23,24	3,1	38,22	298	149
9033	4,11	2,3	6,1	1,0	298	149
9034	1,5	39,26	9,0	34,34	248	149
9035	8,12	2605,2059	18,13	3872,2784	250	149
9038	2,11	92,156	2,0	53,27	215	149
9050	4,4	236,192	6,1	348,279	253	149
9051	23,21	238,170	17,18	415,301	298	149
9052	29,29	0,1	22,26	0,0	298	149
9053	12,2	4,2	7,8	0,0	298	149
9056	16,18	1,4	18,5	12,6	229	149
9057	15,26	28,42	20,5	29,21	298	149
9058	18,24	0,0	10,8	6,0	285	149
9059	13,21	2,3	8,7	2,0	239	149
9061	13,6	75,87	6,9	12,14	242	149
9071	33,26	2,0	60,80	2,0	272	149
9072	10,15	197,228	26,17	275,200	298	149
9073	19,10	293,267	5,7	374,300	242	149
9074	261,270	209,168	291,247	324,250	298	149
9076	37,28	407,368	13,13	337,242	298	149
9077	58,42	0,1	27,23	0,1	298	149
9078	24,15	0,3	9,10	0,0	298	149
9079	5,7	664,624	6,4	473,374	298	149
9083	91,78	2205,1607	122,108	5774,4421	298	149
9085	2,1	183,175	1,0	184,109	298	149
9086	3,7	33,88	4,3	30,13	229	149
9087	31,39	61,100	11,6	71,43	222	149
9088	20,54	345,398	19,10	348,263	222	149
9089	17,60	0,2	20,11	0,0	298	149
9090	59,54	393,370	49,24	483,273	298	149
9091	48,63	550,481	22,18	596,356	247	149
9094	0,5	98,87	6,3	158,98	298	149
9097	34,25	1380,1106	23,20	2182,1589	298	149
9098	3,3	17,38	0,0	2,14	264	149
9101	29,12	233,193	9,3	246,161	298	149
9102	2,1	1,0	6,1	0,1	298	149
9105	0,1	0,0	5,3	2,0	298	149
9107	4,5	408,325	4,0	461,293	298	149
9109	198,182	3330,2543	227,191	4191,3085	233	149
9111	91,89	0,3	118,99	1,0	298	149
9112	3,1	77,88	0,0	133,95	298	149
9113	76,53	0,1	98,64	0,0	298	149
9116	4,1	9,12	4,0	19,5	298	149
9118	93,93	0,1	77,60	0,0	298	149
9119	480,415	5,3	419,339	0,0	298	149
9120	13,7	226,177	12,9	381,282	298	149
9122	23,13	4,0	21,9	0,0	298	149
9123	24,18	2,10	28,15	6,0	297	149
9136	211,155	920,799	184,136	1614,1153	298	149
9137	424,392	684,665	403,339	1304,1014	298	149
9138	394,452	1,1	511,332	0,0	298	149
9139	6,9	2,2	0,3	1,0	298	149
9140	49,48	1,2	46,33	0,0	298	149
9141	50,49	40,51	46,31	47,46	298	149
9145	6,4	0,1	0,2	2,0	258	149
9152	0,2	22,14	1,0	27,18	298	149
9153	95,80	75,50	76,57	15,12	296	149
9154	227,197	4,2	161,96	2,5	298	149
9156	34,19	139,121	28,22	274,192	287	149
9157	848,759	4,3	824,586	0,0	298	149
9159	9962,8594	157,142	11217,6982	265,163	298	149
9160	771,707	18878,17490	673,449	20446,12400	298	149
9161	141,166	2986,2849	113,68	3342,2239	283	149
9162	39,30	17,17	37,17	11,4	298	149
9164	7,1	68,61	4,2	43,34	298	149
9168	57,81	317,245	61,47	473,385	298	149
9169	61,80	333,366	48,40	443,332	298	149
9171	4,4	1,1	2,3	1,2	264	149
9174	8,5	244,222	15,9	346,243	298	149
9175	20,19	186,158	26,21	240,159	298	149
9176	9,11	215,180	7,10	312,293	242	149
9177	2,3	7,14	0,1	4,2	298	149
9178	4,13	133,97	15,6	143,98	298	149
9183	216,168	1,0	204,146	0,0	281	149
9184	5,4	111,77	3,0	76,85	298	149
9186	146,144	2,2	114,79	0,2	298	149
9187	32,16	16,35	10,11	18,8	298	149
9188	36,15	9,9	20,1	1,6	298	149
9189	29,33	22,23	18,5	20,19	298	149
9190	7,6	221,174	6,1	293,223	298	149
9198	12,10	4,4	8,3	1,1	298	149
9199	7,7	94,68	9,12	117,101	298	149
9202	15,15	5,3	12,8	3,2	298	149
9203	3,5	47,32	1,1	32,23	298	149
9204	22,18	0,2	18,11	2,0	298	149
9205	10,8	9,10	7,4	12,4	298	149
9207	25,18	282,259	8,5	365,321	255	149
9208	17,15	3,5	12,4	0,0	298	149
9209	15,30	268,236	14,7	368,348	298	149
9210	10,3	362,287	6,10	436,314	298	149
9211	36,38	213,214	41,23	251,200	298	149
9216	107,58	0,4	83,71	0,0	298	149
9217	10,17	416,366	13,5	471,368	298	149
9219	10,4	4,11	10,5	2,0	298	149
9220	4,3	24,11	8,2	11,15	298	149
9223	1,1	91,81	2,1	95,68	298	149
9227	20,20	55,42	7,10	42,29	298	149
9229	188,205	0,2	228,209	0,0	254	149
9230	164,170	10,6	187,167	1,3	220	149
9231	859,746	28,15	1148,825	11,7	298	149
9232	2058,1934	3,5	2774,1967	0,0	298	149
9233	1281,1298	1,0	1440,1044	0,0	298	149
9234	2026,1865	219,176	2782,1947	107,86	298	149
9235	1249,1229	13,7	1448,1024	1,0	298	149
9236	103,102	0,0	78,66	1,0	298	149
9237	30,40	177,234	17,10	129,41	240	149
9248	19,15	355,367	21,28	505,409	298	149
9249	0,0	686,572	2,0	1193,914	298	149
9250	7,5	606,507	5,3	781,580	298	149
9251	14,8	1,0	9,8	0,0	298	149
9252	17,12	633,567	9,8	870,650	269	149
9253	11,18	680,604	18,19	1116,827	235	149
9254	17,20	14,3	16,19	14,6	298	149
9255	18,27	0,2	29,26	0,0	298	149
9256	16,21	593,519	17,24	1019,779	298	149
9257	20,25	0,2	18,19	0,1	298	149
9259	55,30	113,83	74,29	144,77	298	149
9260	0,3	66,92	2,2	129,94	298	149
9262	964,871	7,15	1214,857	19,12	251	149
9263	991,883	3,1	1257,894	0,4	298	149
9264	38,35	1387,1114	57,43	1846,1242	266	149
9269	5,2	49,37	8,10	77,55	298	149
9270	7,4	53,50	12,13	95,61	298	149
9271	1,4	101,77	8,2	121,115	298	149
9272	3,3	88,62	6,3	195,96	298	149
9273	4,2	82,66	3,1	149,111	298	149
9274	6,7	75,60	16,5	118,82	298	149
9275	152,91	1,2	241,161	2,0	245	149
9276	93,110	3,0	122,86	0,0	298	149
9277	197,166	0,0	269,200	1,5	298	149
9278	3,3	46,28	2,1	85,53	298	149
9281	22,35	37,56	24,18	62,40	298	149
9282	26,19	208,215	22,14	270,231	298	149
9283	21,13	12,11	21,10	17,15	298	149
9284	113,97	20,8	124,80	17,8	298	149
9285	27,43	122,106	17,11	126,80	298	149
9288	53,43	361,324	34,11	505,361	222	149
9289	48,36	5,12	30,10	22,18	192	149
9291	20,21	87,137	14,7	89,38	298	149
9293	54,79	1409,1205	67,56	2431,1643	229	149
9294	92,44	2,6	95,67	5,4	298	149
9298	41,33	908,703	51,34	1172,853	298	149
9300	11,2	20,12	8,6	10,13	298	149
9301	12,7	7,9	6,5	2,3	298	149
9302	0,1	19,8	0,0	15,7	298	149
9303	5,16	1,1	11,0	0,0	298	149
9309	8,13	177,175	14,10	241,112	298	149
9310	1,3	46,27	0,1	23,21	298	149
9319	84,85	181,168	68,29	278,232	285	149
9320	19,19	250,250	18,10	262,197	220	149
9321	29,17	215,208	42,32	311,251	298	149
9322	43,42	2,0	56,39	0,0	298	149
9323	37,33	221,179	49,29	319,227	298	149
9324	34,34	7,6	35,27	13,3	292	149
9325	5,5	154,173	11,1	257,128	298	149
9326	9,14	194,186	3,2	316,214	238	149
9327	14,25	167,178	17,6	253,147	268	149
9328	137,142	0,6	193,109	0,0	298	149
9329	3,5	140,129	7,1	144,88	298	149
9330	14,13	7,5	11,4	12,7	298	149
9331	131,131	62,45	172,120	63,50	298	149
9332	7,5	433,359	7,4	386,277	278	149
9333	86,79	293,257	52,41	359,255	298	149
9334	18,18	864,742	29,24	1573,1242	236	149
9337	93,118	490,442	86,57	640,470	298	149
9338	20,27	151,124	10,7	141,130	298	149
9339	0,0	28,45	0,1	49,41	256	149
9340	53,27	12,5	62,44	7,4	298	149
9341	7,4	5,11	4,0	15,8	267	149
9342	0,5	12,12	3,1	12,7	298	149
9343	6,5	16,12	1,1	20,18	298	149
9344	12,2	19,19	6,8	23,17	298	149
9345	1,8	10,19	5,0	20,11	298	149
9346	1,1	14,9	0,1	26,22	298	149
9347	1,2	0,1	2,0	0,0	269	149
9353	10,13	137,122	5,5	174,140	290	149
9361	1,0	0,0	0,1	0,1	255	149
9363	0,2	228,195	5,12	272,210	298	149
9368	5,3	0,2	1,3	0,0	298	149
9373	5,3	3,2	1,4	0,0	298	149
9374	11,6	0,4	1,3	0,0	298	149
9376	34,39	105,97	39,5	173,89	243	149
9377	176,127	76,55	170,129	156,120	298	149
9378	142,91	3,0	107,87	0,0	298	149
9379	97,68	2,5	74,65	5,5	298	149
9380	18,19	241,207	6,5	178,122	298	149
9386	333,244	5,4	482,383	2,3	298	149
9388	2,2	1,1	4,2	2,0	235	149
9391	29,27	261,236	9,17	353,282	298	149
9392	10,23	381,305	20,8	459,339	248	149
9393	56,68	403,357	60,41	629,518	279	149
9394	33,48	290,259	30,34	473,357	298	149
9399	14,13	361,280	17,8	483,305	298	149
9403	0,0	1,2	1,0	2,1	298	149
9406	27,19	43,40	19,11	58,30	298	149
9407	20,20	593,497	26,17	823,593	298	149
9408	19,18	4,1	28,11	14,7	298	149
9409	23,19	735,524	12,13	850,662	298	149
9410	15,10	763,564	4,7	1340,1019	298	149
9411	6,0	1,1	3,3	0,0	298	149
9412	2,0	644,496	0,3	1167,862	298	149
9413	3,0	2,0	2,2	0,0	298	149
9414	21,25	650,492	38,23	1119,750	298	149
9415	39,24	29,28	43,17	12,18	298	149
9416	6,3	7,10	0,0	5,2	244	149
9417	8,9	30,28	1,0	28,27	265	149
9419	19,31	190,218	16,14	479,319	259	149
9420	49,58	11,9	37,29	4,6	298	149
9421	37,43	191,146	26,19	235,221	298	149
9424	1,0	48,59	0,0	17,13	298	149
9425	176,166	6128,5495	242,206	12657,9385	298	149
9426	261,221	8592,7699	362,218	18084,13916	298	149
9427	3025,2956	6,5	5223,4063	8,10	298	149
9428	8608,7726	149,99	18023,13844	307,220	298	149
9429	106,91	10639,9627	100,75	21535,15601	298	149
9430	12189,10756	86,60	25659,19587	72,51	298	149
9432	15,19	0,1	10,7	0,0	298	149
9433	41,42	155,141	40,26	262,134	298	149
9434	47,54	119,109	42,45	112,115	298	149
9437	46,32	1407,1183	36,19	2256,1548	298	149
9439	12,7	0,3	7,11	0,0	298	149
9440	13,8	132,161	5,0	138,127	298	149
9441	0,2	0,0	1,6	1,0	298	149
9442	0,1	25,24	1,0	8,9	298	149
9443	0,1	5,1	0,2	3,2	298	149
9448	9,9	573,475	20,7	747,620	278	149
9452	14,9	296,215	8,8	222,161	298	149
9453	4,6	220,230	2,0	138,137	244	149
9454	35,33	0,1	29,36	0,0	298	149
9458	1,2	83,52	1,1	121,108	298	149
9459	3,2	76,78	6,5	104,96	298	149
9461	1,1	3,14	4,0	4,2	298	149
9463	3,2	24,21	2,4	30,24	298	149
9464	3,2	0,1	0,3	0,2	298	149
9470	34,23	2,1	40,30	0,7	298	149
9471	109,76	1237,1023	72,79	1697,1279	298	149
9472	52,39	105,67	26,28	73,54	275	149
9473	135,150	508,447	171,96	860,632	298	149
9474	23,22	405,415	9,5	365,199	228	149
9478	126,118	1128,1004	152,115	1819,1568	235	149
9485	149,162	10,6	204,124	1,10	298	149
9487	183,199	14,11	225,130	4,5	298	149
9488	51,60	1420,1280	39,33	2243,1720	298	149
9489	64,61	6,4	55,32	1,6	298	149
9490	52,53	36,22	39,17	32,33	298	149
9491	15,10	3,3	11,10	2,0	243	149
9492	190,189	0,2	240,141	0,0	298	149
9493	52,36	1598,1479	46,27	2082,1655	269	149
9494	166,132	6,4	185,119	3,7	273	149
9495	104,101	1306,1047	123,82	2004,1531	298	149
9496	45,32	458,374	42,30	661,512	298	149
9497	36,25	28,28	43,31	53,34	298	149
9501	616,529	0,0	894,685	1,0	260	149
9502	3,7	296,228	4,3	394,314	298	149
9507	4,2	3,7	0,0	9,2	298	149
9508	0,4	80,50	2,2	106,72	228	149
9509	1,4	107,48	9,4	189,121	298	149
9510	13,14	102,126	19,8	43,28	241	149
9511	0,3	13,21	0,0	9,5	251	149
9512	15,10	218,178	21,3	217,181	298	149
9513	256,203	0,2	348,265	4,0	298	149
9514	241,180	52,43	346,269	18,16	298	149
9515	204,121	13,9	310,229	1,4	298	149
9516	218,178	0,0	241,191	1,0	298	149
9517	118,72	81,44	111,97	22,27	298	149
9518	6,2	10,11	4,2	11,4	298	149
9520	19,13	1,0	14,10	2,0	298	149
9521	20,10	1,0	24,19	0,0	298	149
9522	18,13	1,1	20,11	3,0	298	149
9523	15,15	10,4	13,8	2,2	298	149
9526	8,10	296,234	13,10	434,302	298	149
9528	24,20	7,10	28,12	5,3	298	149
9529	9,7	0,2	9,5	0,0	298	149
9530	9,1	1,0	5,8	0,2	298	149
9531	20,12	248,232	13,12	330,250	298	149
9532	963,882	8,7	986,715	3,1	298	149
9533	41,61	223,327	18,13	76,35	298	149
9534	8,10	1137,1166	3,0	616,446	298	149
9535	7,1	11,16	2,4	3,5	263	149
9536	6,3	9,5	1,2	6,4	298	149
9537	0,0	5,5	2,4	8,2	297	149
9538	11,17	29,35	6,3	26,9	298	149
9539	5,6	25,33	1,0	23,16	293	149
9540	9,2	2,2	4,2	0,0	298	149
9541	82,84	0,0	113,94	1,0	280	149
9543	6,0	0,0	0,0	1,1	298	149
9550	4,5	224,184	2,3	234,155	298	149
9553	6,5	1,0	6,2	0,0	298	149
9557	3,4	49,59	3,2	65,38	298	149
9560	44,44	0,2	55,23	0,0	298	149
9561	13,18	458,355	9,4	651,544	298	149
9568	3,3	0,0	8,0	3,4	298	149
9569	4,4	5,2	5,0	10,7	298	149
9571	5,9	2,0	22,1	0,0	298	149
9572	5,5	12,12	11,2	13,7	298	149
9573	6,6	1,0	18,2	0,0	298	149
9574	10,6	1,0	9,5	0,0	298	149
9575	12,9	0,0	8,6	1,2	298	149
9581	67,42	5,1	33,45	2,2	298	149
9586	67,51	0,1	49,49	0,0	298	149
9587	68,52	2,1	49,46	1,2	298	149
9589	13,15	1,0	17,15	0,0	298	149
9590	3,4	42,41	5,10	48,36	283	149
9592	3,2	1,2	2,2	3,3	281	149
9595	71,43	0,1	75,53	0,0	265	149
9596	77,50	4,5	87,64	4,6	289	149
9597	78,52	0,6	79,66	0,0	298	149
9598	86,55	2,1	83,71	3,1	298	149
9599	72,127	1,0	55,34	0,0	298	149
9600	7,11	126,128	6,1	60,45	298	149
9603	23,23	1,0	43,21	0,0	298	149
9611	11,2	26,24	4,5	44,31	298	149
9612	42,58	30,53	26,16	18,11	232	149
9614	22,16	125,111	7,10	175,114	265	149
9615	27,41	103,69	26,15	177,149	298	149
9616	25,35	0,1	31,27	2,1	298	149
9617	17,14	93,50	22,19	122,93	298	149
9618	3,8	114,81	9,1	147,92	232	149
9619	24,21	40,30	12,10	31,33	223	149
9620	19,24	5,1	27,9	1,0	298	149
9621	88,127	37,33	53,27	17,13	298	149
9622	88,132	13,9	50,28	6,3	298	149
9623	5,0	0,1	3,6	0,0	247	149
9624	48,43	324,286	19,15	306,228	298	149
9625	16,14	173,216	5,3	188,84	298	149
9626	11,14	0,1	9,3	0,0	298	149
9627	26,15	962,852	20,28	1296,1066	298	149
9628	16,22	4,2	17,6	0,4	298	149
9631	15,25	394,343	15,17	745,517	298	149
9632	32,35	340,273	21,36	476,383	276	149
9633	0,0	4,1	1,1	10,7	273	149
9634	15,9	16,13	6,9	14,8	260	149
9638	69,45	84,72	41,30	107,97	298	149
9639	23,23	248,277	31,17	294,227	227	149
9641	3,3	313,286	12,0	440,319	298	149
9642	6,4	2,0	11,5	2,0	298	149
9646	100,96	7,9	110,79	3,2	298	149
9652	78,48	1,0	56,48	0,0	298	149
9659	72,57	10,13	66,68	20,17	239	149
9660	71,57	25,24	63,67	32,25	229	149
9663	761,760	10,8	1320,942	13,10	298	149
9668	15,19	2,2	12,14	0,0	298	149
9669	0,0	38,37	0,1	18,18	233	149
9673	38,36	1,0	22,29	0,0	298	149
9674	5,4	5,2	2,4	0,1	298	149
9675	2,0	6,4	1,0	1,1	298	149
9676	11,4	232,202	10,18	383,320	298	149
9677	54,48	188,166	56,42	332,286	298	149
9678	5,5	202,153	9,2	275,199	230	149
9679	50,34	590,494	45,28	1281,1046	298	149
9680	88,70	618,520	141,114	1438,1120	298	149
9681	472,405	1,0	828,638	0,0	298	149
9682	18,17	391,289	23,21	675,504	298	149
9683	8,6	191,229	1,1	160,55	240	149
9685	1,1	13,12	1,1	86,24	298	149
9692	697,616	830,681	583,473	1352,1028	298	149
9693	178,146	316,223	100,74	377,294	298	149
9695	47,34	1434,1429	34,35	1859,1247	268	149
9697	34,33	1872,1529	37,37	2808,2298	298	149
9701	158,120	167,150	166,133	265,171	298	149
9709	13,11	66,79	18,4	107,48	236	149
9710	143,170	202,193	138,50	202,143	298	149
9711	8,6	67,29	15,16	41,35	298	149
9712	9,13	1,0	4,3	0,0	242	149
9714	2,0	32,21	2,0	14,10	298	149
9720	4,7	25,28	6,7	8,9	298	149
9721	39,36	1,0	18,14	1,0	266	149
9723	8,11	5,4	10,4	6,5	298	149
9727	92,114	1,3	165,112	4,11	298	149
9728	39,42	27,39	54,57	39,32	239	149
9729	6,6	48,69	1,6	133,108	253	149
9730	20,8	0,0	13,12	0,2	298	149
9731	137,150	32,34	133,125	34,18	275	149
9733	25,41	1,3	18,27	6,3	275	149
9735	119,85	0,0	29,22	1,0	298	149
9737	45,34	223,173	28,10	376,258	298	149
9738	2,1	30,46	1,0	24,15	298	149
9739	0,0	26,32	1,0	44,20	298	149
9740	4,2	63,43	3,6	38,29	298	149
9742	1,7	15,16	1,0	2,1	234	149
9743	7,13	163,188	11,3	191,169	265	149
9748	2,0	1,0	0,0	0,2	298	149
9751	1,5	0,1	1,0	0,0	298	149
9752	2,7	0,0	2,0	2,1	298	149
9753	2,7	1,7	2,0	2,0	298	149
9760	35,36	1224,1134	5,5	210,158	298	149
9761	28,37	4,14	2,3	3,3	298	149
9762	23,23	1457,1397	0,2	286,202	242	149
9763	71,66	761,775	3,2	122,70	298	149
9764	8,8	250,339	0,2	13,20	298	149
9765	92,75	38,30	113,62	35,12	298	149
9766	53,70	813,659	41,26	700,466	298	149
9768	0,1	24,29	1,0	40,16	298	149
9769	2,0	2,0	0,2	0,0	298	149
9770	1,0	17,16	2,2	36,16	298	149
9779	2,4	149,141	7,2	139,118	234	149
9781	2,0	14,9	0,1	5,5	256	149
9782	0,0	18,10	0,2	13,11	253	149
9787	4,3	119,93	13,12	264,212	298	149
9788	222,195	2,2	295,195	2,2	298	149
9791	42,47	104,85	39,37	117,89	298	149
9792	59,66	0,1	70,55	1,0	298	149
9793	48,27	56,50	42,36	58,54	298	149
9794	9,1	48,51	11,3	68,65	298	149
9799	13,8	5,0	5,0	2,0	298	149
9801	17,24	4,2	40,22	1,0	298	149
9802	25,20	13,11	20,23	3,2	284	149
9803	25,17	615,483	25,21	1138,794	298	149
9804	3,1	5,2	1,1	0,0	298	149
9805	1,0	42,34	1,1	18,0	298	149
9808	40,41	0,2	70,81	3,3	298	149
9809	14,4	16,17	9,10	12,10	298	149
9810	27,19	169,227	24,12	274,194	298	149
9813	31,32	63,50	17,15	17,15	298	149
9816	2,5	32,20	1,0	41,12	298	149
9817	0,3	24,20	0,0	21,8	233	149
9818	11,7	39,57	4,2	23,12	261	149
9821	90,53	192,198	52,48	269,206	298	149
9822	88,54	12,6	46,53	7,5	298	149
9824	9,12	507,374	8,9	780,594	298	149
9825	21,25	439,330	27,25	700,495	246	149
9826	14,19	0,0	24,17	10,1	219	149
9830	7,3	0,0	3,7	1,0	298	149
9831	7,2	6,4	2,6	12,9	298	149
9835	10,7	393,363	10,10	524,373	279	149
9836	56,88	7,12	27,23	4,7	253	149
9844	0,1	5,2	1,0	6,0	298	149
9845	0,2	8,1	0,2	4,1	275	149
9848	224,176	5,5	353,307	7,5	298	149
9849	212,209	0,2	347,300	2,0	298	149
9850	17,10	359,358	8,6	611,465	298	149
9851	7,11	386,338	11,5	541,384	225	149
9852	12,8	326,264	5,7	360,271	255	149
9854	54,43	2,5	60,48	12,9	298	149
9855	1,3	2,0	3,1	0,0	298	149
9856	1,3	0,0	3,1	3,0	298	149
9862	11,10	313,250	0,0	0,2	298	149
9864	2,0	21,17	2,0	11,11	242	149
9866	3,0	6,13	6,0	13,8	298	149
9885	6,19	1,0	17,22	0,0	298	149
9886	60,62	171,127	74,55	297,215	298	149
9887	591,594	1,0	920,653	0,1	298	149
9888	2,0	5,6	0,0	6,1	298	149
9889	4,5	110,114	7,4	159,109	298	149
9890	19,3	2,1	7,5	0,0	298	149
9892	10,7	162,135	10,4	321,222	298	149
9893	9,10	3,1	6,1	1,3	298	149
9894	16,18	133,120	19,17	269,133	298	149
9899	5,10	44,35	4,8	53,36	298	149
9900	0,1	51,39	0,0	58,32	298	149
9901	1,3	61,35	3,4	75,62	298	149
9902	10,15	4,0	8,9	2,0	298	149
9909	23,8	33,54	12,3	69,45	298	149
9910	22,8	9,10	11,3	7,9	298	149
9911	16,14	4,15	5,4	3,2	233	149
9912	11,9	0,2	7,3	0,0	298	149
9913	6,4	195,153	4,3	273,197	298	149
9914	44,35	1,0	63,36	0,0	298	149
9915	5,4	0,2	3,1	1,0	298	149
9916	7,6	107,75	7,5	178,135	298	149
9920	195,165	4,2	143,110	1,0	289	149
9921	54,70	1024,803	57,23	1012,791	233	149
9922	71,66	849,749	38,21	1008,777	298	149
9923	7,5	1,0	1,2	6,1	298	149
9928	1,4	0,2	4,6	3,0	298	149
9929	1,4	2,1	4,4	0,2	298	149
9930	5,3	2,0	6,8	0,0	298	149
9931	0,1	123,72	2,2	213,121	298	149
9932	0,0	47,35	2,2	63,78	298	149
9934	10,13	8,5	21,17	2,1	298	149
9935	0,1	9,8	1,0	9,8	298	149
9937	14,8	0,2	10,6	0,0	240	149
9938	3,4	3,8	2,0	11,10	298	149
9941	179,130	3749,3865	196,136	5048,3148	298	149
9942	6,4	456,384	8,6	707,495	298	149
9943	57,50	2,2	104,80	3,0	298	149
9944	4,4	952,766	17,8	1546,1058	298	149
9946	18,19	4,0	3,7	0,0	298	149
9947	10,7	45,31	2,5	18,16	298	149
9948	47,46	17,18	25,15	21,21	298	149
9950	12,4	0,2	11,2	1,0	298	149
9951	2,2	25,24	3,1	39,13	298	149
9954	2,0	1,2	0,0	3,2	298	149
9955	6,4	0,2	7,10	2,3	298	149
9957	1,0	38,31	0,0	18,9	231	149
9961	78,56	41,40	32,27	25,4	298	149
9962	75,50	8,5	31,24	4,4	298	149
9963	1,1	1,0	1,3	0,0	298	149
9964	30,38	371,292	35,25	195,156	298	149
9965	11,5	1,2	6,3	0,0	298	149
9966	13,6	171,138	9,5	209,134	298	149
9967	14,12	35,10	9,8	31,27	298	149
9971	4,9	131,121	10,3	178,116	298	149
9972	56,32	130,83	33,26	145,98	298	149
9974	11,7	124,66	19,17	157,108	298	149
9975	8,4	3,1	16,17	0,2	298	149
9976	0,0	128,80	2,0	181,118	298	149
9977	1,5	106,74	2,3	183,108	229	149
9978	2,6	6,0	11,10	0,0	233	149
9979	261,227	8,5	211,168	5,5	298	149
9981	0,3	172,114	3,4	225,209	298	149
9985	9,11	2,2	9,13	1,2	298	149
9986	24,20	4,9	6,14	0,0	298	149
9991	12,4	39,27	5,3	22,10	298	149
9992	32,20	0,2	11,8	0,0	298	149
9995	78,73	8,5	54,45	1,2	298	149
9997	21,16	1,1	19,17	2,3	298	149
10000	3,1	0,1	1,1	0,0	298	149
10001	9,7	25,41	2,0	43,29	298	149
10006	30,27	652,646	18,7	624,432	298	149
10007	68,58	10,14	43,21	10,3	298	149
10011	1,0	51,32	1,1	51,40	298	149
10016	47,41	211,162	34,32	250,172	298	149
10017	116,116	3239,2624	106,96	5363,3782	298	149
10018	43,33	189,196	42,28	177,145	298	149
10019	7,13	186,130	16,13	167,125	298	149
10020	13,12	153,202	0,3	95,107	298	149
10024	119,135	157,126	183,187	320,202	298	149
10025	8,9	0,0	13,8	2,1	298	149
10026	6,3	124,111	4,2	125,108	298	149
10027	0,4	25,38	0,0	9,2	298	149
10031	27,22	15,16	7,5	8,1	283	149
10034	8,1	5,8	4,1	2,0	298	149
10038	29,32	6,9	23,8	2,0	240	149
10040	116,120	349,289	74,52	394,202	298	149
10041	57,46	3,7	68,57	1,1	298	149
10042	66,53	56,48	71,60	78,59	298	149
10043	51,16	44,35	50,46	53,30	298	149
10046	3,8	55,43	8,8	104,78	232	149
10047	6,12	0,1	4,5	0,0	298	149
10048	2,8	1,2	3,3	1,0	298	149
10049	7,3	2,4	6,7	2,2	298	149
10068	36,42	183,106	19,30	161,119	264	149
10069	43,40	248,246	25,25	363,284	249	149
10070	41,47	291,272	43,45	456,316	223	149
10071	66,80	7,2	98,84	0,2	298	149
10072	55,60	331,319	97,62	480,376	233	149
10084	4,7	4,0	5,0	0,0	298	149
10085	5,5	201,151	5,3	366,233	258	149
10087	6,4	283,201	3,1	242,200	298	149
10089	3,9	73,102	6,2	80,52	298	149
10090	13,17	80,84	12,10	81,42	298	149
10094	2,4	69,57	0,2	65,60	298	149
10095	0,2	713,678	3,0	863,618	298	149
10097	12,9	81,70	22,18	151,115	298	149
10098	16,11	1,0	19,17	0,0	298	149
10099	15,10	11,6	18,17	1,0	298	149
10100	15,12	111,88	19,8	169,115	270	149
10101	38,21	0,4	48,32	0,2	296	149
10102	10,9	114,95	13,7	191,143	240	149
10103	30,39	15,4	36,19	9,5	298	149
10104	28,39	77,87	34,16	160,102	298	149
10105	12,14	0,2	17,15	0,0	233	149
10106	7,9	0,0	4,8	3,0	228	149
10107	14,17	10,12	18,16	30,14	251	149
10108	9,12	58,44	5,9	131,68	246	149
10109	8,8	0,0	7,7	0,1	298	149
10114	333,275	7,2	501,323	2,1	298	149
10115	32,12	573,540	20,21	661,545	298	149
10118	141,117	18819,16502	89,68	31534,22394	253	149
10119	57,45	81,70	26,20	12,11	298	149
10120	96,76	6,4	163,151	25,20	298	149
10123	38,45	36,39	28,24	20,18	298	149
10125	423,381	6,6	559,436	2,1	298	149
10126	273,214	5,7	352,274	1,1	298	149
10127	332,275	106,91	394,304	95,59	298	149
10128	14,24	473,419	20,8	532,372	298	149
10129	27,22	4,0	19,9	0,0	298	149
10130	265,207	7,14	241,178	14,12	298	149
10131	41,24	269,223	21,9	300,197	298	149
10132	32,26	7,7	19,9	0,0	298	149
10133	281,239	2,7	277,208	0,0	298	149
10134	57,56	5,2	57,39	2,4	298	149
10135	38,29	2,3	17,19	0,0	238	149
10136	51,37	232,224	24,26	263,176	298	149
10140	21,44	2,1	28,22	2,0	298	149
10141	31,33	5579,4299	84,42	9468,7068	298	149
10142	262,200	3999,3023	286,236	7175,5239	298	149
10143	2012,1637	32,33	3013,1967	23,31	298	149
10144	2878,2453	3,3	4148,2790	0,1	298	149
10145	2220,2234	1,0	2082,1218	0,0	298	149
10152	2,2	164,152	7,3	207,111	298	149
10153	15,9	1,1	11,4	4,3	298	149
10154	46,43	521,529	42,28	851,550	298	149
10155	17,16	527,511	12,5	862,511	298	149
10156	8,9	4,4	5,2	6,4	298	149
10157	19,14	288,296	24,22	624,375	298	149
10158	21,19	1,3	25,23	4,4	298	149
10163	64,59	97,91	36,23	171,94	298	149
10167	2,0	8,3	0,0	2,2	298	149
10168	40,33	3,3	25,21	7,1	298	149
10169	1,1	47,33	0,0	34,22	298	149
10172	206,215	19,22	140,84	11,13	298	149
10173	193,209	256,275	130,81	263,181	298	149
10174	16,11	100,76	10,3	67,80	298	149
10176	36,17	13,11	28,16	24,14	298	149
10177	46,39	22,18	40,30	30,11	298	149
10178	55,48	0,0	51,38	1,0	298	149
10182	8,3	123,131	4,4	134,95	259	149
10183	27,24	100,93	17,11	108,83	298	149
10184	22,23	14,11	20,3	9,8	262	149
10185	97,69	41,40	114,143	70,65	267	149
10186	97,69	80,61	114,143	82,86	275	149
10194	7,4	324,253	1,4	550,417	298	149
10195	6,3	163,152	2,1	312,220	298	149
10196	17,11	178,143	18,10	262,208	298	149
10197	8,8	4,4	10,6	6,5	298	149
10198	5,0	180,106	0,2	297,208	298	149
10199	44,24	6,5	26,18	2,11	298	149
10200	25,24	69,40	11,12	32,18	243	149
10201	155,152	6667,5306	157,157	13658,10543	298	149
10202	8,5	2616,2317	8,6	3012,2216	298	149
10204	20,21	2153,1549	16,18	3342,2493	298	149
10205	133,122	1924,1533	132,113	2623,1960	298	149
10206	101,91	2,0	111,81	0,0	298	149
10207	52,31	0,2	32,18	0,0	298	149
10208	859,634	11,3	1305,942	10,4	298	149
10209	85,58	2527,1986	72,51	3750,2655	298	149
10211	2,3	122,97	1,2	216,127	298	149
10213	16,26	47,47	12,7	94,68	298	149
10214	30,26	80,57	18,22	132,79	298	149
10215	27,24	0,4	13,19	0,3	298	149
10216	27,28	8,3	13,20	7,0	298	149
10217	47,36	0,0	48,33	3,1	298	149
10220	23,32	0,0	14,21	1,0	298	149
10221	9,21	51,57	10,9	107,55	298	149
10222	8,2	107,70	8,10	225,107	298	149
10223	24,21	1119,908	36,46	1941,1456	298	149
10226	13,3	29,39	0,0	9,9	298	149
10227	3,4	79,61	0,0	15,15	243	149
10228	2,1	58,25	0,0	13,4	298	149
10230	2,0	34,35	0,0	19,4	247	149
10231	1,0	3,0	0,2	0,0	222	149
10232	2,0	64,53	0,4	37,29	238	149
10233	1,0	557,483	2,3	911,683	298	149
10234	15,21	550,463	15,9	757,570	298	149
10235	21,18	330,265	38,19	350,243	298	149
10236	18,14	0,1	6,28	2,1	298	149
10237	10,5	0,1	8,19	2,0	298	149
10239	6,2	0,0	4,0	2,0	298	149
10241	1,3	0,2	6,1	0,0	298	149
10244	4,3	13,26	2,0	9,8	298	149
10246	6,18	244,258	9,7	416,242	298	149
10247	129,152	1,2	176,94	4,0	298	149
10248	16,6	524,481	12,6	664,525	298	149
10249	24,10	2,1	23,17	0,0	298	149
10251	16,19	360,244	22,15	384,286	298	149
10252	41,38	539,451	26,13	655,569	298	149
10256	4,4	128,112	2,6	247,123	298	149
10257	374,439	2,10	375,309	0,0	247	149
10259	161,126	5463,4844	124,102	7172,5210	298	149
10260	14,12	45,31	19,16	53,37	298	149
10261	20,16	12,12	18,5	24,6	298	149
10263	8,20	5,6	10,8	1,3	248	149
10265	1,0	3,23	3,3	11,8	298	149
10266	1,0	4,3	5,2	0,1	284	149
10267	1,4	0,1	1,2	0,0	298	149
10268	178,194	126,115	102,82	122,78	298	149
10271	53,52	152,168	36,23	130,98	298	149
10273	3,2	58,42	6,7	76,56	298	149
10274	5,7	142,113	8,4	185,135	298	149
10275	12,19	34,68	11,0	16,14	229	149
10276	109,104	9,9	66,51	6,4	291	149
10277	90,94	2,5	58,40	1,1	270	149
10278	102,100	4,7	61,59	6,6	298	149
10282	62,98	195,145	61,38	248,169	229	149
10283	28,42	189,139	21,21	214,148	237	149
10284	0,4	19,21	2,0	7,4	237	149
10285	129,142	3,1	114,89	2,1	298	149
10286	129,142	10,13	114,89	4,1	298	149
10288	172,160	11,3	121,89	4,0	298	149
10289	156,144	92,88	114,84	72,53	298	149
10290	97,90	13,35	70,48	8,9	298	149
10291	29,31	9,12	5,10	0,0	298	149
10302	33,27	237,255	23,19	348,247	298	149
10303	51,38	401,251	31,37	536,413	298	149
10304	50,39	1,0	22,26	0,2	298	149
10305	64,54	290,225	27,25	436,343	298	149
10306	198,157	6,5	181,157	4,6	298	149
10307	34,44	0,0	27,11	0,1	240	149
10308	28,26	2,0	18,10	4,2	231	149
10310	6,6	1,1	12,5	2,4	298	149
10311	6,14	131,163	4,1	132,94	298	149
10312	190,244	1,1	105,53	1,0	268	149
10313	19,13	18,24	11,9	24,12	298	149
10314	6,14	20,15	10,6	9,6	298	149
10315	5,5	12,18	2,3	12,4	267	149
10317	9,17	4,9	0,1	1,0	298	149
10322	90,79	3,4	51,27	10,5	298	149
10323	60,64	2,5	35,24	10,0	298	149
10324	58,63	6,3	37,23	5,2	298	149
10326	132,123	2,0	99,75	0,0	298	149
10327	71,50	0,1	48,38	0,3	298	149
10330	16,27	2,2	13,13	0,0	298	149
10331	5,3	5,1	2,0	1,1	298	149
10332	85,82	122,115	34,16	73,60	298	149
10333	13,12	484,399	9,7	447,362	298	149
10334	2,5	8,14	2,10	0,0	298	149
10335	2,4	714,569	2,9	730,534	298	149
10337	41,27	568,490	40,32	551,340	298	149
10338	3,1	2,2	0,1	0,0	298	149
10340	204,184	0,1	225,153	0,0	298	149
10341	6,40	8,6	5,3	2,1	298	149
10342	4,6	23,8	5,0	12,20	298	149
10346	115,80	1,1	85,65	0,0	242	149
10347	76,68	1,0	71,32	0,0	227	149
10352	1,18	1,4	2,5	2,2	298	149
10353	147,165	0,0	203,142	1,0	298	149
10355	9,18	824,590	3,10	992,738	298	149
10356	19,13	809,629	7,5	1145,768	298	149
10357	10,7	897,761	10,3	1195,806	298	149
10359	61,56	507,521	37,13	676,535	283	149
10360	28,28	551,474	29,26	704,595	298	149
10361	41,47	679,603	26,28	807,612	278	149
10362	39,40	171,173	65,33	142,76	298	149
10363	25,26	0,1	38,22	0,3	298	149
10364	9,7	411,299	6,2	455,332	298	149
10365	9,7	1,5	8,3	2,2	298	149
10366	20,10	352,276	13,6	467,358	298	149
10367	36,31	2,3	15,13	0,1	298	149
10368	36,29	248,236	15,13	336,262	298	149
10369	1,4	147,115	6,4	187,109	298	149
10370	13,6	4,0	17,8	0,0	298	149
10371	6,1	105,74	7,4	130,116	298	149
10372	10,16	131,96	7,14	163,84	298	149
10373	3,17	100,108	14,8	136,89	234	149
10375	4,9	0,1	10,6	0,0	298	149
10376	7,5	66,80	4,4	79,68	298	149
10377	1,2	81,82	2,1	111,73	234	149
10378	5,1	124,95	1,0	177,117	298	149
10379	0,1	109,86	1,1	105,77	298	149
10380	0,5	2,0	3,3	0,0	298	149
10381	0,1	0,0	1,2	1,0	298	149
10383	7,3	339,272	3,3	618,469	298	149
10384	7,4	407,329	17,4	589,461	298	149
10385	9,12	374,353	23,17	511,384	298	149
10391	33,24	5,8	47,34	15,16	298	149
10392	0,2	9,8	0,0	12,15	298	149
10393	143,131	1,3	110,94	0,0	298	149
10395	15,15	114,116	18,25	117,92	298	149
10401	34,32	4,5	31,14	5,8	298	149
10402	47,47	5,14	72,46	6,2	298	149
10403	68,59	1,1	88,74	0,0	298	149
10404	256,250	31,17	197,128	25,20	298	149
10405	248,270	101,132	182,120	177,116	298	149
10406	0,1	0,0	0,2	1,0	285	149
10407	0,0	0,1	0,2	0,0	270	149
10410	0,2	13,4	0,0	5,10	298	149
10411	1,4	12,6	0,0	3,13	298	149
10413	3,2	12,9	1,0	7,11	298	149
10414	3,2	1,0	1,0	0,0	298	149
10415	0,2	11,6	2,0	0,1	298	149
10416	0,6	16,11	0,0	7,13	298	149
10417	4,0	14,8	1,0	11,14	298	149
10421	3,1	14,9	0,1	3,4	298	149
10422	11,12	547,486	10,7	632,470	298	149
10432	128,99	0,1	144,93	0,0	298	149
10433	1,2	0,4	2,0	0,0	298	149
10435	20,16	2,0	18,25	0,0	256	149
10437	697,664	18723,16751	1243,936	32827,25005	298	149
10438	12552,10634	117,114	23152,17810	311,212	298	149
10440	10,16	318,249	9,5	244,224	298	149
10441	33,38	0,1	32,16	0,0	298	149
10442	0,0	10,1	1,0	3,0	298	149
10443	6,4	0,0	3,1	9,0	298	149
10444	2,1	248,197	2,1	229,175	298	149
10445	20,8	534,441	14,8	475,333	298	149
10452	26,37	18,10	17,28	16,5	253	149
10453	43,35	128,91	29,22	168,119	298	149
10454	50,33	1,3	37,18	2,3	298	149
10455	4,2	155,159	0,0	227,152	298	149
10456	79,55	4,10	44,38	7,2	298	149
10457	80,71	1249,1125	44,46	1347,948	258	149
10461	24,31	83,116	5,9	85,43	298	149
10462	5,11	1,1	2,1	0,0	298	149
10463	100,98	146,103	38,20	98,71	298	149
10464	27,28	12,19	55,29	4,2	259	149
10465	33,30	1675,1393	55,30	2024,1593	280	149
10469	9,7	31,38	16,1	60,35	298	149
10471	3,2	30,11	0,2	9,11	298	149
10472	6,7	0,1	2,3	0,0	298	149
10473	12,30	287,296	11,10	288,128	298	149
10474	125,133	6476,5036	165,107	10097,7623	298	149
10475	56,74	5752,4713	86,36	9975,7322	298	149
10477	75,62	4744,3835	143,98	6495,4973	246	149
10479	21,16	4549,3662	26,6	6576,5154	298	149
10480	92,67	577,405	285,177	750,553	298	149
10481	100,70	1722,1302	281,172	2588,1893	298	149
10482	37,22	5,15	25,13	2,1	298	149
10483	3,0	200,132	1,0	181,136	298	149
10484	3,0	2,0	1,0	0,0	298	149
10485	5,4	0,0	6,2	1,0	298	149
10486	34,21	1,0	24,20	1,2	298	149
10487	8,4	129,119	7,4	146,91	298	149
10488	7,5	14,12	10,2	22,11	298	149
10489	67,59	2,3	84,84	1,3	298	149
10490	36,32	7,5	35,44	4,2	298	149
10491	18,7	0,0	16,5	1,3	298	149
10492	35,13	0,0	35,14	3,1	262	149
10493	50,24	3,0	39,25	0,0	298	149
10495	35,20	2,0	39,30	0,0	298	149
10497	2,1	0,0	3,1	2,0	298	149
10499	1,3	0,0	3,1	2,0	298	149
10503	232,170	3,1	206,171	0,6	298	149
10504	3,6	132,87	1,3	83,80	232	149
10505	4,8	154,199	6,6	159,130	250	149
10509	214,199	6924,5848	192,152	10653,7558	298	149
10510	143,114	4080,3350	132,132	6190,4275	235	149
10512	149,176	3480,2796	152,126	5658,3936	283	149
10513	472,379	1,0	588,401	3,1	263	149
10514	482,400	5,1	602,424	1,2	269	149
10516	8316,7264	2,4	9707,8213	3,1	179	149
10517	25,27	14,11	19,22	6,5	298	149
10519	35,21	1446,1157	29,26	2017,1536	298	149
10521	513,377	0,1	465,344	0,0	298	149
10522	835,664	0,2	842,642	0,0	217	149
10523	12,2	0,0	11,7	1,2	298	149
10527	10,5	1,0	3,4	0,0	298	149
10528	4,3	7,5	5,0	3,10	282	149
10530	3,2	11,5	0,0	12,14	298	149
10532	7,2	0,0	6,2	2,0	298	149
10533	6,1	10,5	3,0	11,12	295	149
10534	4,0	1,0	2,0	1,0	283	149
10535	0,0	6,9	0,7	11,7	298	149
10543	1,6	38,50	3,0	14,4	265	149
10544	10,6	113,162	5,0	73,34	225	149
10545	17,8	0,4	3,10	5,1	298	149
10546	18,10	265,228	3,10	261,166	235	149
10548	29,18	1,2	15,17	4,2	238	149
10549	13,17	23,21	10,9	23,16	298	149
10550	54,63	330,286	21,17	419,317	298	149
10551	35,36	310,339	34,15	402,315	222	149
10552	99,85	39,37	94,70	23,16	239	149
10553	13,38	22,61	5,5	11,4	231	149
10554	32,74	0,4	9,10	0,0	263	149
10555	4,4	166,197	2,4	151,104	230	149
10556	19,32	58,92	7,5	30,18	253	149
10557	19,19	231,240	6,7	166,147	285	149
10560	0,0	6,7	0,5	0,0	298	149
10561	1,2	7,22	0,0	9,0	230	149
10563	2,3	12,27	0,0	10,2	250	149
10564	7,0	2,0	3,0	0,0	230	149
10565	7,0	1,6	3,0	1,0	258	149
10568	4,2	1,4	4,0	0,0	298	149
10569	1,2	9,9	2,0	1,0	298	149
10570	11,5	5,11	9,5	0,1	298	149
10571	8,10	41,23	6,5	10,2	298	149
10572	27,31	615,601	16,19	718,423	238	149
10574	3,7	409,365	0,2	492,331	248	149
10575	84,61	206,115	59,22	122,109	298	149
10576	26,19	461,364	25,12	598,432	298	149
10577	46,60	718,634	31,17	512,439	289	149
10578	192,186	0,1	165,128	0,0	298	149
10579	419,342	489,395	325,294	325,270	298	149
10580	3,9	0,1	2,0	0,0	298	149
10582	21,19	4,11	21,16	18,6	298	149
10583	6,8	25,31	2,3	36,22	298	149
10585	23,15	15,21	6,10	32,26	220	149
10586	23,13	2588,2186	8,8	3201,2210	298	149
10593	5,5	287,268	0,1	293,133	298	149
10595	19,30	398,376	17,12	449,352	298	149
10596	26,23	15,3	27,20	4,6	298	149
10600	4,12	1,1	4,2	1,0	298	149
10604	6,15	1,0	5,7	0,4	261	149
10606	0,3	2,2	1,1	0,0	298	149
10610	134,119	8,14	57,49	6,5	298	149
10611	9,3	7,5	10,2	7,5	250	149
10612	2,0	2,6	0,0	2,5	298	149
10613	1,0	2,3	0,0	2,3	298	149
10615	144,121	6,5	212,146	9,3	298	149
10618	3,1	826,603	2,2	1432,924	298	149
10619	0,2	0,0	1,2	0,2	298	149
10621	8,6	1029,805	4,4	1582,1162	298	149
10622	540,378	16,10	789,546	7,6	298	149
10623	3,3	822,695	1,4	1298,1029	298	149
10624	2,2	2,0	1,6	0,0	298	149
10625	657,434	0,0	1032,719	2,0	298	149
10626	674,544	11,9	986,712	11,6	298	149
10627	593,454	4,4	848,604	4,3	298	149
10629	167,185	13,14	203,165	13,15	298	149
10630	52,71	35,24	22,29	14,11	298	149
10631	83,72	0,0	83,78	2,0	298	149
10633	159,149	2446,2179	117,89	3771,3307	298	149
10634	4781,3890	3,8	8140,6022	6,1	298	149
10635	304,261	59,49	280,219	19,18	298	149
10636	4797,3898	5,1	8201,6054	12,3	298	149
10637	320,269	7005,5875	341,251	13041,9919	298	149
10638	5547,4497	1,0	8535,6262	0,0	298	149
10639	26,25	14,12	6,8	7,9	298	149
10640	63,38	0,1	60,45	0,5	298	149
10646	5,1	0,0	1,2	1,1	298	149
10647	9,16	1,0	13,5	2,0	234	149
10649	15,12	66,76	9,2	128,75	298	149
10650	27,31	679,576	17,13	547,433	298	149
10651	0,0	6,5	0,1	2,4	298	149
10652	28,25	13,7	11,11	17,9	298	149
10653	2,1	19,7	2,1	8,7	298	149
10655	0,1	1,0	1,2	0,0	298	149
10656	10,4	189,117	7,10	219,154	298	149
10657	3,3	187,164	3,3	189,137	298	149
10659	17,23	0,2	61,33	0,0	257	149
10660	1,8	0,2	3,2	0,0	298	149
10661	2,3	6,4	2,0	9,6	298	149
10662	27,21	182,171	21,15	291,183	274	149
10668	37,26	79,62	47,31	67,51	298	149
10670	15,4	129,94	5,4	113,83	250	149
10671	6,15	18,12	6,4	11,8	298	149
10672	3,5	27,30	0,0	13,12	298	149
10680	842,759	22,12	1512,1065	28,20	298	149
10684	61,52	137,173	26,9	127,99	219	149
10685	8,4	113,129	2,0	60,25	298	149
10686	283,234	16,24	437,348	3,6	298	149
10690	297,264	3,1	394,291	6,2	298	149
10691	5,7	34,16	5,4	23,30	250	149
10692	6,7	18,5	5,4	28,18	254	149
10693	20,8	1,1	14,18	2,5	289	149
10695	362,308	9318,8007	403,272	15713,11555	298	149
10696	0,3	0,1	1,4	0,2	298	149
10697	0,3	1,0	2,0	0,1	298	149
10698	13,2	13,11	2,1	0,5	221	149
10699	23,31	0,1	23,7	3,0	298	149
10700	11,30	390,367	12,6	378,248	298	149
10702	3,2	1,1	5,0	5,2	222	149
10704	194,194	3,7	216,174	2,6	264	149
10706	248,230	1,0	297,207	1,1	245	149
10712	9,6	29,20	2,3	50,46	298	149
10714	2,4	2,0	3,0	4,4	298	149
10715	0,1	45,26	5,1	46,48	298	149
10717	15,12	111,99	30,19	200,128	298	149
10718	12,29	1,3	28,22	4,0	298	149
10719	14,35	50,52	25,19	61,43	298	149
10720	17,30	33,21	16,5	35,29	298	149
10721	19,32	8,1	14,5	2,5	298	149
10729	1,4	9,14	14,4	16,6	233	149
10730	20,14	375,285	16,2	572,369	298	149
10731	101,126	2,0	49,25	0,0	298	149
10732	100,129	0,2	75,58	0,0	298	149
10733	117,117	300,253	41,44	406,269	298	149
10734	131,131	23,9	71,53	1,8	298	149
10736	10,15	208,224	16,9	211,194	298	149
10737	9,7	195,260	3,1	164,115	232	149
10741	27,38	459,398	16,10	455,372	298	149
10742	32,48	2,4	33,20	0,1	298	149
10745	6,20	38,50	23,25	53,58	298	149
10746	11,12	23,25	5,2	14,15	276	149
10747	94,79	1,2	58,59	0,0	261	149
10748	12,6	45,31	5,3	30,28	239	149
10750	16,5	35,40	3,9	38,16	240	149
10751	15,8	0,0	4,2	1,1	222	149
10752	16,9	0,1	4,2	0,0	232	149
10753	16,9	4,0	6,3	0,2	270	149
10754	1,1	1,1	4,2	0,0	298	149
10755	2,0	2,0	6,0	0,0	298	149
10756	2,0	1,2	6,0	2,2	298	149
10757	520,447	4,1	727,534	1,0	218	149
10758	286,253	14,9	445,303	10,2	267	149
10769	158,116	13,12	142,105	10,3	298	149
10770	230,197	61,48	203,161	45,30	298	149
10781	12,17	160,129	10,16	115,69	243	149
10784	11,2	7,3	0,0	8,4	298	149
10785	33,21	512,484	20,14	611,403	298	149
10786	104,109	443,353	24,23	514,412	298	149
10788	6,9	13,8	0,0	2,0	298	149
10790	24,15	16,9	22,6	12,4	229	149
10791	1,0	117,64	0,2	96,71	298	149
10793	10,17	487,497	18,11	587,378	298	149
10795	10,11	0,1	7,10	0,0	298	149
10797	0,0	0,2	1,2	0,0	298	149
10798	13,8	7,4	12,9	4,2	232	149
10799	13,8	1,3	12,9	1,0	258	149
10801	361,363	8,1	554,403	0,3	239	149
10803	0,0	2,0	2,5	0,0	244	149
10804	101,109	0,0	47,44	3,1	298	149
10805	43,37	49,53	26,19	41,21	241	149
10806	67,68	38,40	20,25	37,21	298	149
10807	5,4	725,678	9,5	856,546	242	149
10808	187,149	6,6	209,131	5,9	271	149
10811	2,3	32,26	3,2	28,12	298	149
10813	73,68	4799,4040	61,48	5006,3788	298	149
10814	62,50	3237,2685	35,59	3387,2398	298	149
10815	36,50	2874,2209	38,14	3050,2266	298	149
10816	205,204	2,0	192,121	2,0	298	149
10817	4,5	69,46	4,4	41,42	245	149
10818	87,67	1,0	141,83	3,5	298	149
10819	6,4	98,95	12,2	152,99	227	149
10820	26,18	2,2	44,23	0,0	298	149
10821	99,61	0,1	103,101	1,0	298	149
10822	88,53	14,7	85,99	21,14	256	149
10823	299,275	3,3	368,213	5,1	298	149
10824	322,271	1,4	415,245	2,0	298	149
10825	252,224	3755,3370	198,123	2782,1809	298	149
10826	100,113	0,3	42,36	0,0	298	149
10828	0,1	11,5	2,2	5,5	298	149
10829	2,1	9,6	1,1	3,11	252	149
10830	54,53	17,11	38,29	4,11	298	149
10840	31,25	1673,1425	9,14	1660,1471	298	149
10841	49,59	476,505	29,24	534,308	245	149
10842	119,81	628,669	114,60	449,315	270	149
10843	27,19	881,799	31,12	1107,723	236	149
10844	13,13	1,0	14,2	1,3	298	149
10845	20,19	781,666	20,7	1109,866	265	149
10846	74,69	0,0	111,64	1,0	275	149
10848	51,31	0,1	68,76	1,0	298	149
10849	51,33	2,2	83,81	0,0	298	149
10851	15,13	374,409	16,3	365,273	234	149
10852	13,10	114,147	10,0	74,41	236	149
10853	171,206	13,32	160,76	9,10	298	149
10854	45,48	1258,1264	28,23	1160,990	298	149
10855	96,106	579,609	72,56	738,608	298	149
10857	315,332	61829,54208	5,6	485,309	234	149
10858	76,52	446,381	62,45	475,384	298	149
10860	45,49	82,73	49,44	75,65	298	149
10861	11,15	416,379	6,16	506,397	298	149
10862	1,2	461,361	0,5	652,463	251	149
10864	62,49	0,0	46,38	1,2	263	149
10865	63,54	149,110	47,39	134,81	276	149
10866	66,65	0,3	51,40	0,0	298	149
10867	144,126	64,34	116,83	19,10	298	149
10868	66,69	87,55	34,42	83,46	235	149
10871	4,3	25,41	4,2	62,70	298	149
10874	5,5	0,1	0,2	0,0	298	149
10875	7,11	141,145	1,2	69,52	298	149
10876	11,28	101,86	9,2	84,51	298	149
10878	19,12	171,113	6,1	61,62	298	149
10880	14,9	1,7	4,1	6,1	298	149
10881	18,18	1037,928	15,12	1073,715	298	149
10882	44,44	1284,1175	29,12	939,752	229	149
10883	178,161	51,51	130,148	24,13	298	149
10884	279,221	1154,940	191,155	1222,877	298	149
10885	114,104	1,4	55,51	0,0	298	149
10889	614,527	8921,8084	748,540	11223,7649	258	149
10890	540,445	11,6	670,509	5,3	298	149
10897	6,0	8,4	2,1	6,4	298	149
10899	3,2	2,0	1,1	1,0	257	149
10900	1,2	15,11	0,0	15,12	251	149
10901	1,2	0,0	0,0	0,1	220	149
10903	18,11	0,0	31,26	0,1	298	149
10904	12,6	0,0	21,18	1,1	298	149
10910	31,45	0,0	52,38	0,3	298	149
10913	6,8	18,18	5,5	24,27	298	149
10915	103,99	0,1	139,99	1,2	298	149
10916	109,110	0,2	147,101	1,3	298	149
10917	25,29	33,21	41,25	47,34	298	149
10919	0,3	89,97	1,3	150,113	298	149
10922	24,24	1755,1543	5,8	2391,1833	298	149
10923	24,9	59,88	23,17	178,77	298	149
10924	14,24	115,106	19,8	173,114	298	149
10925	36,35	190,190	31,18	532,346	298	149
10927	19,13	12,13	6,5	5,6	298	149
10928	54,58	1468,1340	24,18	2072,953	298	149
10929	18,30	4480,4072	6,10	5780,3592	222	149
10930	794,724	6377,5702	564,378	8465,6119	298	149
10931	552,489	54,85	430,273	28,19	244	149
10943	3,4	0,2	2,4	0,0	294	149
10944	248,266	1,0	230,162	2,2	298	149
10945	20,16	75,89	10,16	64,22	298	149
10950	26,14	98,84	14,15	85,76	298	149
10951	50,22	81,51	29,30	65,45	298	149
10952	34,36	103,110	7,9	85,61	298	149
10953	53,81	10,6	17,10	5,3	298	149
10954	0,0	1,0	5,0	0,0	298	149
10955	125,158	1097,1061	149,131	1582,1410	298	149
10956	29,30	971,949	14,21	1716,1245	298	149
10957	24,22	0,1	11,14	0,0	298	149
10958	11,12	975,744	17,6	1792,1173	298	149
10960	25,21	913,718	37,34	1788,1175	298	149
10961	199,160	1,1	299,175	0,1	298	149
10962	37,34	1,0	55,32	0,1	298	149
10963	54,43	918,711	102,54	1804,1125	298	149
10964	22,25	0,3	29,7	2,2	298	149
10970	1,1	27,22	1,3	16,18	298	149
10971	10,16	430,386	7,13	382,305	252	149
10978	23,26	183,149	25,25	211,165	298	149
10982	3,7	0,0	20,9	0,2	225	149
10985	29,12	1,2	25,9	3,0	277	149
10986	10,2	822,659	5,5	1377,1063	298	149
10988	2,1	48,46	5,0	30,30	298	149
10989	0,7	98,109	3,9	152,109	298	149
10992	1,2	1,1	0,1	1,3	298	149
10995	30,15	234,213	7,17	495,375	284	149
10996	11,5	15,16	11,9	12,16	298	149
10997	18,16	271,246	23,13	466,360	222	149
10998	73,70	250,255	52,43	326,185	298	149
10999	15,12	142,96	30,22	173,130	298	149
11002	0,0	0,1	0,2	0,0	264	149
11003	8,4	39,55	7,6	22,13	298	149
11004	24,39	50,41	16,17	45,30	298	149
11005	1,5	4,12	5,0	6,4	217	149
11006	3,13	260,286	8,2	223,119	241	149
11007	19,13	1,0	22,9	0,0	298	149
11008	20,13	256,301	17,9	264,116	298	149
11010	5,2	3,1	9,18	3,0	298	149
11012	13,11	1,2	47,32	0,0	245	149
11015	8,2	2,0	3,11	1,2	298	149
11016	9,7	0,1	23,16	0,0	298	149
11017	4,3	0,2	4,10	0,0	298	149
11018	824,713	6,5	443,359	2,6	298	149
11019	83,71	542,396	35,26	281,203	298	149
11020	238,237	329,282	100,63	167,154	298	149
11021	40,32	448,412	72,37	650,488	298	149
11025	54,35	148,138	34,27	374,181	298	149
11026	82,69	0,0	104,63	0,1	298	149
11027	25,21	238,242	33,28	400,199	298	149
11028	183,144	116,109	112,90	130,77	298	149
11029	35,43	1,1	35,12	0,0	298	149
11031	3,5	6,14	0,0	5,0	249	149
11034	3,0	194,148	1,0	206,144	298	149
11035	72,65	3835,3237	75,40	4605,3654	298	149
11036	1703,1520	0,0	2601,1898	1,0	263	149
11037	67,80	14,8	35,37	2,0	298	149
11040	3,0	1,0	1,0	0,0	298	149
11041	10,13	1,0	21,13	0,0	298	149
11044	14,9	11,0	6,8	3,5	298	149
11048	44,30	28,22	42,34	18,16	298	149
11049	0,2	10,9	3,2	13,10	298	149
11055	10,17	249,237	15,8	238,151	225	149
11056	10,11	4,5	7,6	7,16	298	149
11057	35,25	4,3	17,23	7,3	298	149
11058	34,29	0,2	18,24	0,0	286	149
11059	35,26	1,0	17,24	0,0	298	149
11060	6,2	71,69	5,6	109,71	298	149
11061	5,1	97,93	10,8	187,92	298	149
11063	1,1	16,6	0,0	4,5	231	149
11064	10,4	0,1	4,0	0,0	298	149
11067	52,38	2,0	57,33	0,0	235	149
11069	10,8	4,4	9,3	6,9	298	149
11072	24,16	20,4	14,7	14,7	298	149
11075	27,14	0,0	23,20	4,0	298	149
11081	9,19	869,706	9,8	1499,1084	262	149
11084	0,1	5,4	0,0	1,4	298	149
11085	0,1	1,1	0,0	2,0	298	149
11097	3,4	185,151	0,2	236,133	298	149
11098	6,2	243,174	4,1	301,228	298	149
11099	19,11	213,139	21,12	268,164	298	149
11108	13,13	9,4	5,5	0,0	298	149
11111	53,67	0,3	27,18	2,2	223	149
11115	1,0	2,4	0,0	2,1	298	149
11118	11,20	0,2	7,2	0,1	298	149
11122	49,46	70,41	30,22	66,62	238	149
11123	19491,15976	161,132	31630,23564	302,192	197	149
11124	19863,16305	34,30	32856,24246	31,26	253	149
11125	257,257	30387,24006	332,262	54885,40151	244	149
11126	877,855	0,0	1202,1011	0,2	298	149
11127	1076,1021	41460,33633	1492,1193	79881,57890	238	149
11128	138,112	31941,27370	100,79	51437,38658	232	149
11129	671,649	30894,24909	897,715	64207,47245	257	149
11130	1742,1317	1,3	2887,2091	8,3	298	149
11131	125,117	31929,26664	194,155	64741,50419	298	149
11133	24,29	418,405	35,27	732,491	298	149
11134	1,3	6,18	0,0	46,17	298	149
11137	119,107	2,0	111,75	0,0	298	149
11138	125,114	2280,2002	110,82	2930,2083	298	149
11139	177,151	16,27	136,112	12,8	298	149
11140	372,334	3,1	418,321	0,0	298	149
11141	179,181	5274,4370	122,106	6569,4949	298	149
11142	218,253	5597,4468	166,149	7846,5640	269	149
11143	441,407	0,2	399,288	0,0	298	149
11144	618,538	5098,4160	701,516	6730,4937	298	149
11145	1892,1739	58,39	2128,1540	19,7	298	149
11147	17,36	12,18	13,5	15,7	298	149
11151	0,0	1,5	2,2	0,0	298	149
11153	24,35	336,404	28,27	391,220	230	149
11154	9,17	368,421	8,3	282,164	228	149
11155	24,19	625,546	22,8	738,555	233	149
11156	26,14	497,391	42,14	557,413	237	149
11158	12,2	221,192	10,12	177,116	298	149
11159	35,26	0,2	21,16	0,1	298	149
11160	9,7	215,197	7,3	264,167	298	149
11161	12,9	267,243	14,3	251,151	298	149
11163	17,10	1,0	15,13	0,0	298	149
11164	28,16	328,239	23,16	355,244	298	149
11165	35,23	26,14	28,21	6,10	298	149
11167	21,31	304,284	20,13	248,192	298	149
11169	17,19	7,5	18,6	4,0	298	149
11171	16,19	570,464	17,6	468,364	298	149
11172	37,23	69,53	28,7	41,33	298	149
11173	41,31	692,579	41,15	554,408	227	149
11174	55,52	17,3	64,27	10,4	234	149
11175	36,25	0,1	35,11	2,0	203	149
11176	8,14	10,8	16,2	16,29	298	149
11177	10,24	563,511	34,7	512,361	252	149
11180	348,386	0,1	463,362	0,1	298	149
11184	249,274	130,96	349,276	101,66	298	149
11185	247,267	1,1	347,275	2,1	298	149
11187	5,4	2,2	6,10	0,0	298	149
11188	9,4	3,6	6,1	0,2	232	149
11189	24,22	5,2	33,21	7,6	268	149
11190	14,21	262,182	12,12	383,221	298	149
11191	23,25	245,209	16,17	411,275	298	149
11192	7,9	225,157	3,1	283,218	298	149
11193	2,4	167,139	0,7	241,204	298	149
11194	3,0	140,123	1,1	249,196	298	149
11195	11,10	135,101	0,0	6,5	298	149
11197	1,0	57,48	0,0	87,67	298	149
11198	0,3	50,39	0,0	76,34	298	149
11199	6,4	172,138	7,3	272,199	298	149
11204	167,140	1261,951	177,122	2137,1564	298	149
11208	70,86	392,370	64,52	393,310	298	149
11209	8,4	44,41	8,4	65,42	298	149
11210	0,4	33,29	7,1	25,27	298	149
11211	4,0	44,23	0,3	32,21	298	149
11213	228,210	297,231	152,133	212,151	298	149
11214	18,15	30,51	15,12	25,25	298	149
11215	5,8	164,176	12,9	124,125	298	149
11217	39,43	1,2	35,25	0,0	298	149
11218	28,29	45,44	10,7	36,31	298	149
11219	31,22	0,0	12,8	1,2	298	149
11220	8,24	480,389	12,13	744,544	298	149
11221	10,2	214,193	1,2	318,208	239	149
11223	8,7	0,4	11,8	1,0	298	149
11224	1654,2004	7,13	1288,820	9,4	298	149
11225	1823,2161	17,9	1354,855	7,10	298	149
11226	1,0	137,103	5,0	155,117	298	149
11227	0,0	10,13	1,0	2,6	298	149
11230	0,0	2,4	1,1	5,1	298	149
11232	87,81	3,2	190,118	4,0	225	149
11233	199,211	6,6	298,198	6,1	298	149
11234	3919,2802	18,10	4743,3297	5,2	298	149
11235	8,7	103,64	6,3	118,78	298	149
11236	3,5	37,28	10,4	28,52	298	149
11238	3,1	29,26	3,1	52,59	298	149
11240	1,2	55,14	2,1	61,34	298	149
11246	6,2	121,99	2,2	151,94	298	149
11250	8,2	479,392	13,3	534,355	298	149
11252	4,0	117,143	1,0	72,46	230	149
11253	3,3	232,210	0,0	153,81	217	149
11254	36,54	3,4	20,13	0,1	248	149
11255	8,5	184,164	5,1	108,64	298	149
11261	12,16	0,0	6,4	0,3	256	149
11262	8,13	7,1	5,4	0,0	237	149
11263	4,1	135,140	0,0	83,93	220	149
11265	9,7	168,142	4,3	155,99	220	149
11266	17,11	184,170	7,1	159,97	230	149
11267	25,30	1,0	23,10	3,0	242	149
11268	4,7	146,155	4,3	101,57	298	149
11270	2,7	2,2	3,1	1,0	298	149
11271	1,2	17,19	4,0	9,3	298	149
11272	4,2	2,7	1,0	3,0	298	149
11273	0,1	32,36	0,0	11,0	298	149
11276	13,25	1,1	12,2	0,0	298	149
11277	3,6	90,89	1,0	43,22	298	149
11281	63,99	1,0	61,27	0,0	298	149
11282	41,68	0,1	39,19	1,0	255	149
11283	3,16	148,163	4,2	123,57	224	149
11284	8,6	2,3	4,0	2,0	237	149
11285	6,5	131,120	2,0	67,55	232	149
11286	16,13	1,3	7,2	4,6	241	149
11287	81,66	9,8	56,29	3,4	298	149
11288	5,3	141,118	4,3	85,48	244	149
11289	4,1	51,44	1,2	14,21	241	149
11291	4,2	103,102	14,3	147,125	298	149
11293	305,246	11,10	306,205	7,1	263	149
11294	84,78	3180,2761	100,79	4402,3304	298	149
11295	0,1	0,10	0,1	5,5	298	149
11301	1,0	0,1	1,0	0,0	298	149
11305	0,2	0,1	0,0	1,1	298	149
11306	1,2	35,50	2,3	44,45	298	149
11307	2,0	45,30	4,1	104,51	298	149
11308	10,24	16,17	13,10	24,10	298	149
11318	4,0	0,1	3,4	0,0	298	149
11320	4,0	0,2	5,3	0,0	298	149
11321	26,29	814,667	28,34	1254,984	298	149
11323	18,22	0,0	13,6	1,0	221	149
11331	8,8	389,362	12,4	356,249	298	149
11332	3,4	5,10	2,1	2,0	298	149
11333	27,13	1,0	42,18	0,0	298	149
11334	44,32	63,53	61,30	123,93	298	149
11335	4,8	67,69	3,6	153,111	298	149
11336	4,8	4,3	5,7	4,0	298	149
11337	17,5	373,299	12,4	436,358	298	149
11351	0,3	82,99	0,0	4,1	298	149
11352	4,3	88,40	0,0	3,0	298	149
11355	2,4	4,3	4,2	1,0	298	149
11356	27,32	416,394	9,4	461,352	236	149
11357	2,6	3,1	10,5	7,0	296	149
11360	11,13	54,68	3,2	23,19	289	149
11363	2,0	2,4	0,1	4,3	298	149
11367	16,14	0,0	19,5	0,1	298	149
11369	1,0	0,3	2,0	1,1	237	149
11370	1,0	0,0	2,0	0,1	214	149
11371	1,0	4,0	2,0	1,1	241	149
11372	5,3	46,31	1,0	44,31	298	149
11373	13,10	2,0	21,4	0,0	298	149
11374	12,12	0,1	2,0	0,0	298	149
11375	26,34	0,1	12,7	0,0	298	149
11376	7,3	66,61	1,1	37,30	298	149
11377	21,25	52,31	11,8	44,29	298	149
11380	3,1	6,1	1,0	1,0	298	149
11381	1,0	19,21	2,2	23,12	298	149
11382	3,4	1,0	1,0	0,1	298	149
11391	11,16	112,107	13,5	257,155	221	149
11393	68,49	12,23	53,46	25,30	286	149
11395	51,40	2,0	41,36	0,0	243	149
11397	71,49	2,0	56,48	0,0	292	149
11402	22,31	2,0	6,14	1,0	298	149
11403	13,17	1,0	8,0	0,0	298	149
11406	23,37	0,1	24,30	0,0	298	149
11415	5,6	61,39	6,2	46,31	298	149
11416	4,0	35,47	3,0	21,10	229	149
11421	152,134	1988,1855	123,74	2589,1953	224	149
11422	185,158	1511,1352	248,186	2051,1564	298	149
11423	182,185	442,399	123,111	379,287	298	149
11425	0,4	21,25	0,0	34,28	298	149
11426	0,0	0,1	4,1	0,3	298	149
11429	9,11	63,48	5,4	66,26	298	149
11430	38,58	61,61	42,28	60,48	298	149
11431	0,0	33,19	1,2	26,19	298	149
11433	18,5	735,628	4,5	815,634	298	149
11434	35,50	477,441	17,10	420,288	298	149
11435	17,37	432,438	21,3	344,201	218	149
11436	48,33	755,687	29,11	756,574	229	149
11437	10,9	323,419	7,3	279,127	240	149
11438	10,9	212,253	12,8	366,286	298	149
11440	21,21	396,313	20,11	377,273	298	149
11441	24,15	416,272	12,12	364,266	240	149
11445	20,26	54,123	5,1	30,22	220	149
11449	5,8	152,195	1,2	223,147	298	149
11451	1,0	0,2	0,0	2,0	222	149
11453	7,2	1,0	1,0	0,0	298	149
11456	18,11	608,470	2,5	863,586	298	149
11457	0,0	47,29	1,0	57,47	298	149
11462	6,5	3,6	4,3	0,0	298	149
11463	2,5	1,2	1,2	0,0	298	149
11465	21,28	43,35	32,17	68,50	298	149
11466	64,58	0,10	112,86	3,2	298	149
11467	86,82	3,3	112,71	1,1	298	149
11468	3,2	532,437	12,4	782,548	298	149
11469	4,7	28,16	16,9	4,3	298	149
11470	74,80	474,415	51,41	763,570	298	149
11471	64,39	0,3	40,29	0,0	298	149
11472	26,23	420,410	21,15	761,525	298	149
11473	46,39	323,280	42,37	487,329	298	149
11474	32,25	446,355	31,18	719,519	298	149
11475	11,5	23,13	17,7	16,10	298	149
11488	1,1	41,23	1,1	48,43	298	149
11489	0,0	68,40	3,0	72,72	298	149
11490	74,70	2,5	116,79	0,0	298	149
11491	77,63	0,1	114,80	6,5	298	149
11492	75,64	0,5	113,80	2,1	298	149
11502	162,180	69,68	201,154	57,69	298	149
11503	35,22	232,257	18,13	197,159	236	149
11505	4,19	5,1	12,6	3,0	298	149
11507	2,9	94,101	7,8	131,74	298	149
11508	2,7	5,1	5,7	5,0	298	149
11509	22,16	5,7	22,12	0,3	298	149
11510	19,14	142,126	11,12	154,71	298	149
11513	176,157	313,282	155,132	479,289	291	149
11514	185,164	166,130	164,138	208,155	294	149
11515	56,83	902,767	50,11	754,444	232	149
11519	21,24	0,0	16,11	3,0	298	149
11520	21,21	4,6	15,11	9,11	298	149
11523	45,87	214,231	48,34	284,207	298	149
11524	294,292	11,9	223,156	19,5	298	149
11525	81,55	1612,1487	87,65	2042,1555	225	149
11526	74,61	1812,1398	88,78	2421,1877	298	149
11527	147,167	260,278	81,54	205,171	298	149
11528	163,239	384,472	111,59	265,153	298	149
11531	19,17	14,42	6,6	5,4	298	149
11532	85,69	66,89	48,30	96,29	298	149
11533	23,45	139,186	18,3	154,86	298	149
11534	69,64	143,138	21,24	124,67	298	149
11544	32,69	0,1	19,27	0,0	298	149
11546	112,89	1,1	51,40	0,0	298	149
11547	103,90	48,74	54,52	31,10	298	149
11548	21,11	31,26	10,3	33,36	298	149
11550	7,9	942,697	15,17	1381,947	298	149
11551	35,23	214,156	12,7	209,130	298	149
11553	6,5	110,69	1,4	81,59	298	149
11555	19,21	126,145	8,6	94,73	217	149
11556	33,53	408,424	15,9	130,76	251	149
11566	29,26	1,2	28,19	1,0	298	149
11567	29,25	0,0	26,20	2,0	298	149
11568	28,25	141,115	26,19	172,144	298	149
11574	13,7	413,486	7,3	257,144	298	149
11576	33,17	593,578	28,14	442,317	298	149
11577	9,8	65,77	5,3	81,77	298	149
11578	63,91	798,702	82,56	1263,883	298	149
11579	42,64	5,9	71,46	2,3	298	149
11580	56,39	1409,1159	43,50	1980,1525	236	149
11581	8,7	386,305	9,7	379,327	289	149
11582	29,36	316,302	21,9	287,222	298	149
11583	8,16	226,211	6,10	354,214	298	149
11584	8,4	213,181	11,2	252,167	298	149
11585	13,7	365,298	12,2	369,272	298	149
11586	1,2	1655,1590	7,1	1355,830	298	149
11587	40,40	1577,1478	20,12	1277,781	236	149
11588	104,78	61,63	36,32	36,31	273	149
11589	16,19	3,5	6,6	2,0	267	149
11597	92,73	1478,1316	84,58	2522,1943	298	149
11599	7,12	0,1	13,17	3,2	298	149
11601	23,14	83,66	27,6	89,35	298	149
11603	33,46	77,75	34,18	109,80	298	149
11604	7,19	247,221	4,7	324,252	223	149
11605	68,91	160,163	44,30	247,191	298	149
11609	497,386	9,11	702,557	7,6	298	149
11611	0,2	3,4	0,2	1,0	298	149
11612	2,6	9,1	7,5	4,10	298	149
11613	0,0	12,9	3,3	25,18	298	149
11615	0,0	2,3	7,1	12,4	298	149
11616	4,2	13,4	23,6	21,18	298	149
11618	3,3	13,13	2,0	40,21	298	149
11621	2,1	6,2	5,4	0,0	298	149
11622	0,0	1,0	1,4	0,0	227	149
11625	2,0	2,0	2,1	0,0	298	149
11630	79,118	618,591	30,37	782,542	298	149
11631	5,3	239,247	3,2	234,215	298	149
11633	9,2	2,0	1,5	0,0	298	149
11635	3,0	39,29	1,0	60,51	298	149
11636	2,0	4,0	1,0	0,0	298	149
11638	8,1	37,57	5,3	94,76	298	149
11652	39,61	13,27	47,36	22,12	272	149
11654	21,20	73,136	30,21	83,61	298	149
11655	6,4	0,2	4,3	0,0	298	149
11656	221,236	70,53	251,213	30,25	298	149
11658	168,128	0,0	209,168	0,3	298	149
11659	1,2	126,136	0,1	155,92	298	149
11662	28,35	3,3	65,40	4,6	298	149
11664	7,6	924,648	9,11	1199,941	298	149
11665	0,0	2,0	1,4	0,0	298	149
11666	9,14	949,735	13,5	1107,815	298	149
11667	17,14	976,776	15,12	1726,1234	298	149
11668	14,12	1033,781	4,6	1249,940	298	149
11669	7,6	17,13	3,3	0,0	298	149
11670	9,8	1397,1066	2,3	1873,1420	298	149
11674	43,38	531,430	33,14	634,511	298	149
11675	105,89	0,0	118,69	1,0	298	149
11676	182,193	4,0	321,218	0,0	298	149
11677	224,224	1,1	355,249	5,2	298	149
11678	51,36	162,121	25,16	217,187	249	149
11679	22,30	133,135	20,15	205,125	298	149
11680	8,19	5,1	14,7	0,0	247	149
11681	38,47	0,4	46,29	0,2	298	149
11682	27,30	0,2	15,16	0,0	298	149
11684	9,26	155,134	22,7	219,135	298	149
11685	11,19	169,130	17,21	194,126	298	149
11686	20,15	202,138	7,10	224,151	238	149
11687	27,27	0,0	13,19	1,0	298	149
11688	55,37	197,120	22,34	243,200	298	149
11690	57,39	221,136	39,35	245,194	298	149
11691	61,33	5,6	29,31	1,0	298	149
11692	71,53	0,0	59,50	1,2	298	149
11693	14,5	199,212	10,14	260,217	298	149
11694	14,3	7,0	13,6	2,0	298	149
11695	5,22	144,105	8,11	172,111	298	149
11696	17,24	1,0	10,12	0,0	298	149
11697	15,3	93,75	8,5	116,60	298	149
11698	14,7	71,76	6,3	79,40	298	149
11700	5,4	15,10	4,1	1,0	298	149
11701	6,3	101,75	4,1	90,54	269	149
11703	25,14	1110,903	12,14	1691,1312	298	149
11710	25,12	0,1	24,20	1,0	298	149
11711	16,6	51,30	9,5	56,40	298	149
11712	2,1	192,159	8,0	274,197	220	149
11713	21,12	25,20	10,9	2,0	298	149
11714	4,0	0,2	0,0	0,1	278	149
11715	30,18	78,81	6,16	60,35	254	149
11716	31,21	2,3	6,13	1,2	298	149
11717	21,42	3,3	22,20	2,1	298	149
11718	21,31	5,7	17,19	4,0	298	149
11722	10,6	928,894	18,14	1494,986	298	149
11723	403,414	47,29	696,481	68,36	298	149
11724	97,102	1998,1720	125,96	3249,2640	298	149
11725	27,16	1753,1493	29,20	3116,2327	298	149
11726	1660,1364	18,4	2286,1710	5,7	298	149
11727	14,19	1434,1198	9,13	1912,1417	298	149
11728	29,19	21,9	26,30	6,4	298	149
11730	721,644	9,11	1331,952	12,11	298	149
11731	696,616	22,19	1292,909	28,29	298	149
11732	68,65	905,807	35,56	1227,1033	298	149
11733	45,59	503,556	52,33	773,516	266	149
11734	50,70	11,13	77,31	10,5	298	149
11735	104,115	1062,1127	226,135	1878,1334	298	149
11738	1,0	70,76	2,1	79,68	264	149
11739	0,0	127,77	0,2	136,109	298	149
11740	566,492	20261,15108	619,535	42155,31866	298	149
11741	0,0	3,3	1,0	7,3	298	149
11742	105,65	3,0	49,41	1,0	298	149
11743	131,97	12,5	76,54	2,0	298	149
11744	156,114	13,19	60,41	12,11	298	149
11745	190,146	15,7	83,60	10,0	298	149
11747	184,173	13,5	117,88	3,9	298	149
11748	195,168	83,76	119,85	78,39	298	149
11751	14,18	0,0	17,13	4,0	246	149
11752	27,17	21,11	15,12	12,8	298	149
11753	49,55	3,2	48,35	2,0	262	149
11754	0,1	2,2	0,0	1,1	231	149
11755	67,34	1,0	113,73	0,0	298	149
11757	138,91	38,29	123,70	45,21	298	149
11759	82,89	286,218	88,67	420,294	298	149
11760	73,78	29,27	59,43	19,13	298	149
11762	96,103	226,186	132,71	378,237	298	149
11766	27,33	25,57	48,14	42,27	298	149
11769	21,17	38,43	8,4	55,39	298	149
11770	22,15	13,15	27,21	23,26	298	149
11771	26,22	28,13	25,21	9,5	298	149
11772	27,22	18,7	30,20	6,3	298	149
11773	2,10	9,10	5,3	16,12	298	149
11775	75,69	19,13	176,98	26,13	298	149
11776	2,2	54,42	1,2	82,51	298	149
11778	27,34	26,14	30,21	25,19	248	149
11779	83,79	8,16	119,80	12,5	298	149
11780	95,100	39,40	141,95	81,59	279	149
11782	2,1	0,2	4,2	2,0	298	149
11783	1,2	152,154	3,5	274,220	298	149
11784	12,22	8,14	35,45	11,11	298	149
11785	1,4	129,140	0,8	259,192	298	149
11786	25,18	69,61	8,12	78,57	298	149
11787	6,8	8,9	7,8	7,6	298	149
11788	3,0	7,7	4,2	9,5	298	149
11790	21,23	40,45	25,7	24,22	298	149
11791	30,22	0,1	32,23	0,0	298	149
11792	32,37	68,45	27,20	55,41	298	149
11793	22,22	19,31	12,6	17,12	298	149
11794	36,36	4,4	20,11	0,0	298	149
11795	31,26	16,9	14,11	8,6	205	149
11796	12,6	0,14	0,7	6,0	298	149
11798	66,105	255,331	21,8	185,92	298	149
11799	89,125	3,3	36,11	1,0	298	149
11800	168,236	0,1	91,69	0,0	298	149
11801	44,67	19,19	14,5	5,3	298	149
11802	11,18	468,509	8,3	391,227	296	149
11803	24,44	0,0	15,23	3,4	218	149
11804	24,44	334,256	15,23	270,193	222	149
11805	2,8	11,3	2,2	8,4	233	149
11806	2,5	82,142	1,0	78,39	229	149
11821	3,3	3,3	1,0	2,1	298	149
11822	44,35	2,0	34,34	0,0	298	149
11823	0,5	286,243	0,0	311,242	298	149
11824	11,8	0,0	7,2	2,0	298	149
11825	11,9	0,2	7,1	0,0	298	149
11832	3,10	40,17	6,5	31,32	298	149
11833	79,83	1062,941	52,57	1803,1324	285	149
11834	71,74	13,5	64,47	11,5	298	149
11835	87,83	1019,926	88,59	1453,1007	238	149
11841	21,21	8,5	10,19	4,4	298	149
11845	187,190	0,2	327,298	0,0	298	149
11846	230,200	0,0	317,284	1,0	298	149
11848	184,174	2,0	282,273	0,1	236	149
11849	222,200	0,0	320,282	2,0	298	149
11850	223,203	1,1	328,292	0,0	298	149
11851	24,6	92,70	2,11	116,57	247	149
11852	22,24	19,7	23,11	4,3	259	149
11853	2,3	2,0	3,0	1,0	298	149
11854	67,46	1,0	72,53	0,0	272	149
11856	0,0	62,64	0,3	104,65	298	149
11858	1,0	23,19	0,0	15,3	298	149
11859	1,0	3,3	0,0	3,0	298	149
11861	1,0	2,4	0,0	1,1	298	149
11865	3,2	1,0	4,1	0,0	298	149
11867	4,3	92,84	10,5	82,68	298	149
11868	808,843	0,2	975,674	0,0	298	149
11869	140,234	6440,6257	121,88	4804,3265	298	149
11870	3,9	179,135	3,0	237,172	298	149
11871	0,0	12,4	1,2	6,4	298	149
11873	19,19	1,0	17,5	0,0	298	149
11874	25,12	2,0	10,2	1,0	257	149
11877	420,396	8,10	495,359	13,8	298	149
11878	279,296	545,448	269,194	808,477	298	149
11881	1,0	0,1	0,0	2,0	298	149
11887	2,2	19,38	1,0	32,35	298	149
11888	5,6	0,0	2,1	2,0	298	149
11889	3,0	0,0	3,1	0,1	298	149
11891	4,9	53,33	1,3	45,37	298	149
11896	274,291	86,84	192,170	61,34	298	149
11897	160,200	50,41	128,67	9,11	298	149
11898	162,195	18,15	125,72	6,10	298	149
11899	123,180	1,1	100,56	0,0	298	149
11900	125,175	1,2	97,61	0,0	298	149
11901	94,123	9,5	58,30	2,0	271	149
11902	104,120	33,12	34,32	0,4	221	149
11903	105,134	3,12	54,56	5,4	219	149
11904	105,134	4,2	54,56	2,5	215	149
11905	108,136	2,0	61,61	0,0	224	149
11906	41,63	191,168	38,17	306,259	252	149
11907	4,7	55,57	6,2	88,69	298	149
11909	2,12	6,21	4,5	8,5	298	149
11911	11,9	1,1	14,15	3,0	298	149
11912	10,7	9,6	13,18	15,6	298	149
11913	2,0	0,2	7,1	0,0	229	149
11914	47,37	91,69	26,33	78,62	298	149
11916	1,9	726,616	1,2	1186,872	298	149
11917	6,6	1,9	2,3	2,3	298	149
11918	3,10	2,0	2,3	0,0	298	149
11920	9,16	1083,810	10,6	1660,1283	298	149
11923	9,15	2,0	9,5	4,1	298	149
11925	53,51	15,9	39,26	11,2	298	149
11926	87,60	1221,899	55,36	2047,1572	298	149
11927	88,36	3,1	36,30	0,0	298	149
11928	87,39	6,7	36,22	3,0	298	149
11934	0,1	0,0	0,0	3,0	298	149
11936	4,1	2,0	7,1	1,3	298	149
11937	0,2	35,21	2,1	51,25	298	149
11938	1,0	41,30	3,1	47,44	298	149
11939	0,2	10,36	1,1	43,42	298	149
11940	0,0	54,54	1,0	72,66	298	149
11950	0,9	89,88	7,5	117,92	298	149
11952	21,32	8,5	48,34	16,4	298	149
11953	0,0	1,1	0,2	0,2	225	149
11955	31,24	110,80	21,21	117,80	298	149
11956	14,6	92,80	7,1	129,96	298	149
11957	7,6	612,517	16,10	833,679	231	149
11958	5,1	131,97	0,2	138,143	298	149
11967	6,3	210,191	5,5	399,284	298	149
11969	62,29	21,19	30,31	11,16	298	149
11970	85,92	1119,1040	49,43	1369,947	227	149
11971	294,285	452,446	185,104	432,215	298	149
11978	80,104	1,0	143,133	0,0	240	149
11979	41,28	13,12	10,19	2,2	257	149
11981	5,6	377,270	10,1	721,556	255	149
11983	30,26	10,8	47,19	16,10	298	149
11984	11,13	23,19	14,5	51,40	298	149
11985	4,9	1,1	20,20	2,0	294	149
11986	2,5	4,0	8,6	7,1	277	149
11987	38,31	8,8	27,12	5,9	298	149
11988	7,12	67,51	7,6	77,63	298	149
11989	6,9	18,4	7,5	7,8	298	149
11997	46,56	445,393	44,27	584,449	275	149
11998	30,34	371,292	7,9	435,268	241	149
11999	72,78	0,1	49,35	0,0	266	149
12000	3,1	483,475	8,5	603,404	298	149
12002	1,1	2,1	12,5	4,0	298	149
12003	13,11	431,444	12,10	548,404	298	149
12004	244,299	1,0	359,289	4,1	298	149
12005	0,0	0,1	4,0	1,3	234	149
12007	1,4	8,30	0,0	0,1	228	149
12008	15,11	187,172	9,10	139,107	249	149
12009	212,185	28,33	186,129	21,12	298	149
12010	7,4	165,168	2,2	163,110	259	149
12011	5,8	0,7	2,0	0,0	298	149
12012	6,7	4,1	2,0	0,0	298	149
12014	2,7	66,62	4,3	36,12	298	149
12015	2,4	165,138	2,2	169,121	298	149
12017	2,7	0,0	0,1	0,2	298	149
12019	9,11	5,5	11,7	12,11	298	149
12020	13,2	99,74	4,4	142,132	298	149
12021	11,18	42,35	5,8	35,31	298	149
12024	1,0	2,4	0,0	1,1	298	149
12025	2,2	1,6	6,5	2,0	298	149
12028	6,2	322,254	4,3	541,425	298	149
12029	6,7	409,312	4,6	656,513	298	149
12030	444,312	6,2	688,579	9,5	298	149
12031	6,7	451,312	12,2	541,446	298	149
12032	11,4	279,227	13,3	512,375	298	149
12034	9,10	325,264	15,14	601,442	228	149
12035	18,36	286,178	33,20	333,278	219	149
12038	22,42	0,0	27,9	7,0	298	149
12039	22,41	5,1	25,7	5,3	298	149
12044	947,793	0,2	913,617	2,0	298	149
12045	561,569	1,4	661,477	2,0	298	149
12046	11,22	3,5	6,6	1,0	298	149
12048	63,50	417,321	34,15	343,233	241	149
12049	61,33	234,239	42,25	548,340	294	149
12050	31,26	183,175	15,19	371,258	298	149
12051	23,25	6,15	29,19	9,2	298	149
12052	25,28	5,12	32,20	6,10	298	149
12058	79,79	0,0	75,69	1,0	298	149
12059	134,113	3,3	125,105	13,4	298	149
12060	81,68	6,5	59,71	7,8	298	149
12065	0,1	0,0	0,0	3,0	298	149
12074	36,8	1443,1202	46,34	3137,2567	298	149
12075	27,12	1600,1286	17,27	3527,2790	249	149
12076	5,7	1446,1215	9,4	3687,2486	298	149
12077	42,38	1178,997	63,38	2946,2147	298	149
12080	19,21	188,114	14,6	172,122	298	149
12084	18,10	0,0	39,30	0,4	298	149
12085	171,183	1,3	217,171	0,3	298	149
12086	212,223	0,0	257,213	4,0	298	149
12091	39,29	0,0	52,50	1,0	298	149
12093	16,18	114,122	20,26	175,137	298	149
12094	23,17	6,1	23,31	0,1	298	149
12095	17,10	565,434	11,18	1059,712	298	149
12096	19,25	1,0	47,21	3,2	298	149
12099	144,123	1823,1546	164,132	2551,2080	298	149
12102	17,23	378,333	13,9	247,166	238	149
12106	1,4	79,60	0,3	102,79	298	149
12112	6,2	24,18	1,2	8,9	298	149
12113	4,3	13,7	1,1	3,2	298	149
12114	4,2	2,2	1,1	0,2	298	149
12117	12,7	6,4	4,5	6,3	298	149
12118	54,45	211,170	31,30	242,141	298	149
12126	14,7	41,34	9,11	61,33	298	149
12127	3,6	1,1	8,14	0,0	298	149
12128	12,1	38,22	4,8	55,21	298	149
12130	17,18	33,39	24,6	59,25	298	149
12131	20,23	1,3	18,6	2,3	298	149
12134	2,0	24,10	4,0	24,17	298	149
12140	1,0	2,0	3,1	7,6	298	149
12142	42,67	102,100	46,36	75,46	298	149
12143	3,2	136,160	1,3	104,64	298	149
12145	17,21	181,132	17,17	260,157	298	149
12146	18,12	140,109	11,10	153,116	226	149
12147	294,392	1,3	284,225	2,4	298	149
12148	168,181	6,1	189,158	5,0	298	149
12149	20,14	178,194	9,7	175,133	298	149
12150	12,12	213,157	12,11	207,153	260	149
12151	9,6	16,6	7,8	4,4	244	149
12152	49,54	102,129	34,27	107,86	298	149
12153	31,38	4,1	20,17	2,0	298	149
12154	24,33	4,3	16,11	5,0	298	149
12155	7,24	44,64	12,10	73,45	266	149
12156	22,34	0,1	19,12	0,0	298	149
12157	4,8	8,24	3,3	14,6	237	149
12158	6,6	15,22	1,0	12,6	225	149
12160	60,83	0,6	24,13	4,0	298	149
12161	35,34	10,7	17,16	5,0	298	149
12162	47,56	547,426	31,29	926,671	272	149
12163	19,17	666,646	17,13	1136,881	289	149
12164	16,31	184,240	2,3	101,49	298	149
12165	6,0	0,2	0,3	0,0	267	149
12167	17,13	216,146	12,7	257,193	298	149
12168	95,102	5,7	107,104	7,4	298	149
12169	325,281	97,72	239,248	101,76	298	149
12170	245,208	13,15	208,217	4,7	298	149
12171	127,146	182,162	95,85	131,82	298	149
12172	14,4	349,291	9,6	213,206	268	149
12173	12,2	4,2	5,6	7,0	240	149
12174	38,39	8,0	36,18	1,3	298	149
12175	74,78	146,145	65,41	98,115	288	149
12176	55,66	4,0	51,32	0,1	253	149
12177	54,61	6,4	51,32	3,4	249	149
12178	19,17	921,847	11,12	1105,689	298	149
12179	2,4	10,3	1,0	5,8	298	149
12185	7,1	68,46	2,0	58,42	298	149
12188	0,0	6,10	1,0	16,20	298	149
12189	0,1	0,1	2,0	1,0	298	149
12190	20,22	1,0	10,2	0,0	298	149
12191	12,8	44,22	10,6	37,14	298	149
12192	5,7	0,2	6,3	0,0	298	149
12195	15,10	246,176	16,5	266,259	298	149
12196	1,1	10,16	5,2	0,0	298	149
12197	126,93	0,1	95,59	0,0	298	149
12198	201,196	1,5	235,176	1,2	238	149
12199	0,0	305,295	0,3	318,222	298	149
12200	20,9	0,0	11,10	1,0	298	149
12201	20,22	45,34	14,12	48,35	298	149
12202	20,26	466,464	35,24	344,292	294	149
12203	12,11	110,145	12,22	212,152	298	149
12204	35,48	7,5	44,28	1,2	298	149
12209	29,51	642,657	23,12	373,305	237	149
12210	190,202	1193,1030	179,147	897,741	298	149
12211	165,200	13,15	144,143	4,1	298	149
12212	78,86	988,936	64,44	860,497	298	149
12213	72,85	0,1	61,43	0,0	298	149
12215	15,10	13,13	16,11	9,1	298	149
12216	72,74	353,277	99,60	547,428	298	149
12217	58,72	13,3	73,33	13,8	298	149
12218	58,57	270,237	65,25	470,334	298	149
12227	1,2	2,1	0,0	1,0	298	149
12228	1,0	0,0	2,0	1,0	298	149
12232	71,60	10,4	55,57	0,3	298	149
12233	46,41	18,35	29,23	28,31	298	149
12234	0,0	3,2	0,2	2,1	298	149
12235	0,0	42,30	0,2	20,26	298	149
12236	3,5	81,53	2,0	70,49	298	149
12237	2,6	3,0	1,0	0,0	298	149
12238	6,11	25,35	9,1	47,34	298	149
12239	4,5	632,540	3,6	1361,1061	298	149
12241	40,34	34,50	3,0	1,4	298	149
12242	94,97	12,11	137,80	9,10	298	149
12244	47,38	0,1	16,21	0,0	298	149
12245	17,27	0,1	51,25	1,0	298	149
12249	21,23	195,126	32,10	418,263	229	149
12250	31,24	562,516	45,22	697,517	298	149
12256	14,11	766,690	28,15	1444,931	298	149
12257	10,10	0,1	27,12	0,0	298	149
12258	18,16	674,616	19,11	1228,869	298	149
12259	3,13	621,498	10,13	840,661	298	149
12260	45,30	11,26	45,25	18,14	298	149
12261	26,22	2,0	7,7	1,2	298	149
12262	13,10	191,168	23,13	265,214	298	149
12263	6,5	203,175	4,1	344,232	249	149
12265	121,131	3699,3194	111,82	5604,4410	245	149
12269	5,1	0,1	1,2	0,0	298	149
12273	4,5	1,3	14,6	3,2	281	149
12274	4,2	1,3	1,0	1,0	298	149
12276	0,6	0,1	12,8	0,1	232	149
12278	45,43	5,1	35,20	3,2	298	149
12279	14,30	48,45	8,17	37,37	275	149
12283	59,70	29,19	53,21	4,9	298	149
12284	5,10	362,281	15,11	597,461	274	149
12285	65,67	1,1	67,65	1,1	298	149
12286	23,16	26,33	12,11	46,28	298	149
12287	8,4	1,1	1,0	0,2	298	149
12296	108,121	0,1	219,156	3,0	220	149
12297	91,84	661,596	81,59	707,542	218	149
12299	8,10	1,3	9,7	2,1	298	149
12301	0,2	1,3	0,0	0,2	241	149
12304	35,14	0,0	10,13	0,2	298	149
12307	12,10	0,1	16,5	0,0	270	149
12309	5,11	2,1	5,1	0,0	298	149
12310	10,9	3,2	8,8	1,1	298	149
12311	701,825	12,12	476,263	1,2	298	149
12313	397,317	29,18	452,368	20,10	298	149
12314	71,75	198,188	56,41	289,236	298	149
12316	135,109	2,1	84,63	2,0	298	149
12317	126,121	123,94	99,74	122,118	298	149
12320	2,4	137,124	5,1	190,159	226	149
12324	168,127	0,0	432,233	2,0	298	149
12326	31,14	271,184	73,38	632,423	298	149
12327	131,91	0,0	236,159	0,1	298	149
12329	0,0	0,1	1,0	0,0	274	149
12331	2,10	32,35	7,2	28,11	298	149
12335	58,55	85,119	24,24	100,71	298	149
12336	1,1	71,40	0,0	103,61	298	149
12338	713,607	17,21	1089,735	35,39	257	149
12339	968,952	28,33	1507,1069	69,29	298	149
12340	112,87	547,432	76,77	752,571	298	149
12341	99,78	0,0	68,69	1,0	298	149
12342	95,78	4,11	64,64	18,6	298	149
12343	4,6	6,5	6,3	2,2	298	149
12344	44,44	60,98	34,40	56,58	257	149
12345	8,6	203,169	4,4	345,224	298	149
12346	6,7	401,343	13,5	346,211	247	149
12347	21,47	40,58	25,6	21,10	298	149
12350	111,100	63,63	73,49	33,14	236	149
12352	1,1	18,6	2,1	14,4	298	149
12353	196,177	1,0	114,60	0,0	298	149
12354	0,0	50,19	5,0	72,61	298	149
12357	4,5	2,0	3,2	0,2	298	149
12358	2,2	0,0	0,0	1,0	298	149
12360	164,177	0,0	106,70	0,1	298	149
12361	307,363	27949,25231	315,282	36094,28627	298	149
12362	227,310	12231,13388	236,140	13056,5805	228	149
12363	953,886	2,1	1516,929	0,0	298	149
12364	256,302	4,7	278,194	0,1	298	149
12365	1010,899	11696,10321	1586,1002	15742,11563	298	149
12366	8,6	295,231	3,6	278,208	298	149
12369	2,0	1,5	0,0	4,6	298	149
12371	10,3	1,2	0,2	1,1	298	149
12372	4,6	214,185	7,3	251,184	298	149
12384	33,44	0,2	58,35	0,0	221	149
12397	34,19	0,1	30,21	2,0	285	149
12398	33,19	5,0	30,21	4,2	282	149
12399	30,17	11,3	24,16	16,16	261	149
12401	0,0	39,39	1,2	33,24	298	149
12403	1,0	40,19	0,2	36,16	298	149
12406	1,1	17,18	0,0	21,16	298	149
12409	233,210	1824,1626	172,125	2917,2105	298	149
12413	26,28	0,1	23,13	0,0	298	149
12414	32,41	18,17	41,26	39,23	298	149
12416	3,10	140,146	4,3	122,116	226	149
12417	5,1	31,63	2,6	93,48	298	149
12418	214,171	10,7	112,82	6,4	298	149
12419	61,57	4,6	59,24	5,4	298	149
12420	13,7	45,45	5,7	71,35	298	149
12421	15,9	79,60	9,9	72,71	298	149
12426	71,88	76,75	56,37	98,58	298	149
12427	52,64	36,26	22,22	48,44	298	149
12428	0,2	9,7	0,0	2,1	283	149
12429	20,13	61,74	4,13	60,50	298	149
12431	16,12	47,30	4,6	31,35	298	149
12432	14,11	221,185	4,7	271,142	298	149
12433	1,3	81,62	6,3	117,86	240	149
12437	2,6	1079,918	6,4	1886,1374	298	149
12438	4,4	1088,908	3,3	2025,1317	298	149
12439	7,16	1500,1259	14,7	2880,1894	298	149
12441	55,44	8,8	73,58	9,2	298	149
12442	8,11	120,127	10,4	188,146	298	149
12444	1011,835	2,0	985,855	0,0	298	149
12457	35,18	1,0	29,27	0,0	298	149
12458	31,23	705,526	37,34	924,680	298	149
12459	43,41	6,2	89,62	0,0	298	149
12460	8,10	656,516	11,7	899,637	298	149
12461	18,12	845,673	9,9	1159,813	298	149
12462	14,13	2,1	19,20	0,0	298	149
12464	43,41	670,564	40,40	942,672	221	149
12465	578,459	3,1	816,543	0,0	298	149
12468	4,2	2,4	8,3	5,6	298	149
12480	1,0	62,52	2,0	30,36	298	149
12482	1,0	0,0	2,0	0,1	298	149
12483	1,0	3,7	2,0	4,0	298	149
12488	15,13	61,44	7,12	23,29	298	149
12489	47,35	0,0	43,31	1,0	241	149
12490	67,86	11,3	97,52	0,2	298	149
12491	54,68	38,40	79,50	50,25	298	149
12492	48,45	3,1	49,32	1,0	298	149
12493	48,45	9,9	51,32	12,2	298	149
12494	36,42	2,0	50,36	0,3	298	149
12496	7,14	113,102	11,10	123,83	298	149
12497	1,7	275,191	2,2	255,219	240	149
12498	12,11	181,133	4,2	221,122	298	149
12499	51,53	6275,5180	62,44	10486,7621	298	149
12500	83,86	5504,4975	151,103	9112,6136	298	149
12501	2,1	30,45	0,0	60,41	298	149
12503	167,149	0,2	277,179	8,6	298	149
12511	484,488	9,14	527,411	1,1	295	149
12512	434,442	21,10	483,370	15,5	298	149
12517	3,3	0,1	0,3	0,0	298	149
12518	37,38	307,292	44,27	423,265	285	149
12529	30,41	343,316	12,10	560,496	298	149
12536	99,115	1,4	146,121	1,2	298	149
12537	4,5	96,81	3,4	130,83	298	149
12538	44,34	0,1	25,24	0,0	298	149
12540	41,31	0,0	25,21	2,3	298	149
12541	48,37	152,166	42,29	248,147	298	149
12542	52,39	2,6	45,34	4,4	298	149
12543	10,12	67,105	4,8	102,42	298	149
12546	42,7	5,3	30,27	5,5	298	149
12548	7,15	8,10	9,21	11,10	298	149
12549	72,53	6,2	74,60	2,9	298	149
12550	13,18	40,49	17,10	34,34	298	149
12555	7,7	6,4	8,6	9,0	298	149
12556	0,3	0,11	0,0	1,0	298	149
12557	8,3	9,9	5,1	4,4	250	149
12561	16,15	93,75	13,10	151,123	298	149
12562	28,36	2,0	34,20	1,2	298	149
12563	16,17	5,1	23,23	2,3	298	149
12564	19,15	78,70	26,23	111,93	298	149
12565	43,37	4,0	52,46	1,0	298	149
12580	83,60	1,0	153,98	0,0	298	149
12590	22,24	183,176	23,16	187,159	233	149
12593	2,1	2,0	2,0	0,0	243	149
12594	2,2	8,3	5,3	12,3	298	149
12599	5,3	192,160	5,7	216,133	298	149
12600	6,11	32,17	9,10	19,5	298	149
12602	8,15	192,194	10,13	209,133	298	149
12604	76,62	8,5	64,49	5,7	298	149
12605	15,6	245,168	11,7	229,175	298	149
12606	15,9	2,3	10,8	4,3	298	149
12607	330,286	8,2	313,178	4,4	197	149
12608	28,19	5,5	25,17	0,3	298	149
12609	4,1	259,203	6,6	272,170	283	149
12610	10,14	173,147	12,8	102,94	298	149
12611	14,9	3,1	11,7	2,1	272	149
12612	190,139	2,5	122,87	0,0	298	149
12613	41,38	4,1	36,30	0,0	298	149
12614	89,50	210,166	27,26	195,148	298	149
12615	116,69	0,2	55,39	0,0	298	149
12616	206,178	0,0	170,102	2,0	298	149
12617	216,181	0,1	175,106	0,0	298	149
12619	25,29	175,201	8,14	206,136	292	149
12620	193,248	2,2	130,99	0,0	246	149
12621	0,1	0,0	0,0	0,1	298	149
12624	6,2	17,8	10,14	24,20	298	149
12627	99,83	1,0	121,64	0,0	216	149
12628	124,95	1,1	169,78	3,2	215	149
12629	2,3	113,104	0,2	157,102	298	149
12630	17,14	74,46	9,5	60,47	298	149
12631	1,3	3,6	0,2	1,6	226	149
12632	6,6	0,3	2,3	0,0	298	149
12633	8,14	160,156	9,12	201,144	298	149
12634	9,10	4,8	7,7	6,4	298	149
12635	6,20	149,134	23,7	139,86	298	149
12636	86,79	3,2	97,38	0,0	264	149
12638	83,62	110,68	68,27	85,81	298	149
12639	90,70	3,2	73,27	0,0	298	149
12640	45,39	383,311	56,26	307,223	298	149
12641	37,29	34,27	47,17	19,22	298	149
12642	37,29	13,1	47,17	2,0	298	149
12643	558,488	132,96	534,434	191,110	298	149
12644	539,493	4,2	534,425	1,4	298	149
12645	747,609	10,5	720,595	3,3	298	149
12646	719,601	123,120	690,579	178,102	298	149
12647	510,517	8,5	511,389	10,3	276	149
12648	169,127	0,2	234,162	0,0	298	149
12649	169,129	2,0	238,164	0,0	298	149
12650	184,141	3,0	285,184	2,1	298	149
12651	0,2	126,112	1,3	179,125	298	149
12652	23,20	51,53	12,9	65,57	298	149
12653	23,20	0,1	11,7	0,0	298	149
12657	2,1	110,92	6,1	164,122	298	149
12658	57,55	1658,1694	50,38	2029,1440	298	149
12659	38,35	1782,1626	39,26	2565,1543	240	149
12664	46,56	10,3	47,42	5,0	298	149
12665	2,1	93,88	3,2	142,97	298	149
12666	4,5	1,2	9,2	0,0	298	149
12667	38,53	1334,1189	50,32	1463,1139	298	149
12668	23,30	5,2	33,26	0,0	298	149
12669	90,99	1,0	49,35	0,0	298	149
12670	99,95	32,10	46,29	21,12	244	149
12671	100,96	2,7	46,29	1,1	249	149
12672	24,19	1223,1034	11,21	1601,1200	238	149
12675	4,1	10,23	2,2	10,4	298	149
12677	0,0	7,11	1,0	5,5	298	149
12679	12,4	81,58	5,1	70,63	298	149
12680	85,62	38,28	100,73	38,26	298	149
12681	25,16	1,0	17,23	0,0	298	149
12682	8,3	381,321	1,6	363,256	298	149
12683	10,14	0,2	6,2	1,0	247	149
12684	18,11	219,257	10,4	316,176	298	149
12685	0,2	324,255	4,1	383,284	245	149
12687	6,6	359,277	9,9	391,320	298	149
12690	77,73	6,3	90,71	3,2	298	149
12698	84,83	0,2	117,119	1,1	298	149
12699	9,5	2,2	5,4	0,0	298	149
12700	5,5	63,57	0,2	92,62	298	149
12702	6,5	1,0	5,4	0,0	298	149
12706	61,39	943,716	114,80	1817,1159	298	149
12708	80,76	81,68	87,67	125,63	298	149
12709	83,74	207,206	73,42	401,300	298	149
12710	7,9	4,0	2,2	0,0	298	149
12711	7,9	25,37	2,2	10,6	298	149
12712	13,3	26,16	5,10	12,6	298	149
12713	0,1	1,0	1,0	0,1	284	149
12723	19,15	4,0	5,4	2,1	239	149
12724	2,22	26,19	2,2	1,2	225	149
12725	36,59	67,96	18,8	44,20	234	149
12726	53,101	2,0	31,14	0,0	298	149
12727	91,146	0,3	60,34	0,0	285	149
12728	233,236	438,368	143,86	466,268	298	149
12729	28,47	0,2	13,11	0,0	298	149
12730	31,45	828,1466	15,5	592,302	223	149
12731	505,678	9,9	437,237	4,3	280	149
12732	85,61	585,498	35,29	769,535	298	149
12733	38,31	517,462	33,32	777,543	296	149
12734	67,79	428,412	56,26	662,498	298	149
12735	24,25	0,0	5,4	1,0	298	149
12736	39,16	6,7	11,8	0,0	284	149
12737	9,14	0,4	0,1	0,0	298	149
12738	27,21	0,1	23,29	0,2	298	149
12739	12,5	0,0	9,11	2,1	298	149
12740	0,1	5,8	0,2	16,13	298	149
12741	5,4	38,54	2,1	13,4	240	149
12742	9,7	57,49	10,4	12,8	298	149
12743	21,22	151,173	8,7	74,68	252	149
12746	12,25	1,5	3,8	2,4	271	149
12747	493,518	0,0	538,418	0,1	298	149
12748	490,499	5,3	538,413	4,2	298	149
12749	539,584	4,0	675,536	6,3	298	149
12750	536,565	1,2	675,531	6,1	298	149
12751	35,40	81,93	15,7	71,28	217	149
12752	32,33	0,3	11,7	0,0	199	149
12753	297,283	125,123	206,180	125,103	298	149
12754	312,284	34,16	220,193	13,14	298	149
12755	1,6	8,10	2,1	4,0	220	149
12756	65,101	347,327	23,9	236,166	223	149
12757	16,14	376,458	8,4	392,253	227	149
12758	0,4	491,459	2,0	393,234	229	149
12759	31,36	533,513	24,4	468,238	226	149
12760	27,45	179,251	11,5	130,51	267	149
12761	11,23	440,447	2,5	421,228	298	149
12762	65,60	692,691	28,13	639,478	275	149
12763	103,81	1,0	53,22	0,0	298	149
12764	405,377	50,29	365,241	33,32	298	149
12765	134,91	624,578	86,38	601,507	298	149
12766	96,99	754,728	52,28	776,686	298	149
12767	39,38	6,6	12,11	2,3	298	149
12768	51,45	709,658	23,17	785,667	265	149
12769	8,10	71,123	8,4	49,21	298	149
12770	37,43	337,299	32,18	489,428	246	149
12771	39,43	6,3	31,18	2,3	298	149
12772	52,67	321,336	33,20	374,310	298	149
12773	17,18	136,165	5,3	96,45	242	149
12774	19,20	5,14	5,3	3,4	245	149
12775	0,8	6,16	0,0	0,2	229	149
12776	3,2	21,31	0,1	4,6	216	149
12779	20,33	161,201	16,9	202,155	220	149
12780	33093,29217	1057,741	49604,39164	1245,959	212	149
12781	218,164	1980,1724	114,86	1985,1577	298	149
12782	362,286	228,208	242,169	158,136	298	149
12783	409,330	2923,2097	307,209	2910,2357	241	149
12784	476,372	23,18	383,253	10,10	250	149
12785	71,79	1,0	71,65	0,0	298	149
12786	235,218	4,6	182,148	4,6	298	149
12787	306,221	16,31	279,210	16,9	226	149
12788	182,122	2104,1862	117,95	2410,1771	205	149
12789	642,553	2338,1908	396,345	2461,1970	298	149
12790	50,76	2,0	51,17	0,1	298	149
12791	53,73	6,13	55,20	11,4	298	149
12792	53,74	45,51	57,21	71,33	298	149
12796	108,81	10,23	82,62	3,0	236	149
12797	1,2	6,8	0,2	15,5	298	149
12798	1,0	5,4	1,1	6,1	298	149
12799	3,1	4,7	1,1	3,5	298	149
12800	17,8	29,23	6,4	14,17	298	149
12801	14,9	10,7	3,2	0,0	298	149
12805	0,3	0,1	4,0	1,0	245	149
12806	0,3	0,0	4,0	1,0	242	149
12809	19,15	1,0	16,1	1,0	298	149
12810	17,8	0,0	25,15	0,1	264	149
12811	9,9	1,2	12,2	1,0	298	149
12812	11,12	55,44	0,7	51,39	298	149
12813	1,1	60,49	0,0	28,9	298	149
12814	0,0	12,10	2,0	28,17	245	149
12815	0,1	9,5	1,2	18,15	252	149
12816	0,0	7,6	1,1	17,13	298	149
12817	0,0	8,10	4,0	17,14	298	149
12819	1,0	14,15	6,1	19,18	298	149
12822	33,14	60,92	15,11	75,33	225	149
12823	13,22	1,0	27,5	2,0	298	149
12828	128,93	2,0	139,152	0,0	298	149
12829	32,29	5,4	8,4	6,3	298	149
12830	36,40	79,68	16,10	102,94	298	149
12831	62,64	0,2	60,54	4,0	298	149
12832	122,109	0,0	126,121	0,1	298	149
12833	186,162	1,0	213,143	1,1	249	149
12834	0,1	19,19	0,4	31,30	298	149
12836	2176,1855	6,14	1020,890	0,0	237	149
12840	2,4	103,114	5,0	89,70	298	149
12841	7,7	2,2	7,2	2,0	298	149
12842	58,59	259,243	23,23	296,194	298	149
12848	9,14	2,0	9,6	0,0	298	149
12850	4,7	158,128	20,3	242,162	298	149
12851	15,13	103,89	18,7	130,141	298	149
12852	84,95	0,2	154,120	0,0	298	149
12853	83,91	110,81	154,115	145,131	298	149
12858	16,29	141,118	13,9	128,78	298	149
12860	20,17	155,125	12,4	209,116	234	149
12861	4,2	134,106	6,4	154,114	298	149
12863	7,12	22,21	13,7	10,10	246	149
12867	324,262	3,6	284,191	2,0	298	149
12868	368,287	8,6	306,204	1,2	298	149
12869	2,10	76,88	16,18	88,44	279	149
12870	0,2	0,0	9,16	2,0	256	149
12871	2,12	3,3	16,16	0,1	298	149
12872	91,80	4,10	63,33	3,4	298	149
12873	90,76	246,216	69,38	282,220	298	149
12874	165,171	13,3	161,102	5,1	298	149
12875	126,117	208,185	80,55	278,216	238	149
12876	101,98	0,0	66,44	2,0	298	149
12877	110,83	11,9	89,56	11,2	298	149
12878	167,128	7,5	123,79	6,0	298	149
12879	146,131	183,141	104,93	249,191	275	149
12880	42,37	1,0	29,15	0,0	298	149
12881	53,56	5,4	35,23	1,0	298	149
12882	41,40	285,216	26,26	372,228	298	149
12883	68,73	297,218	65,34	299,202	298	149
12884	110,96	283,216	54,45	270,208	252	149
12885	105,95	5,2	53,44	1,0	239	149
12886	2,1	54,49	2,2	96,43	298	149
12888	34,20	443,402	20,14	497,378	289	149
12889	84,83	377,320	46,55	475,320	298	149
12890	87,83	2,1	33,35	0,0	298	149
12891	103,88	7,0	77,46	0,0	298	149
12892	103,90	257,235	70,35	278,193	298	149
12893	145,142	1,2	122,78	2,0	298	149
12896	17,12	532,420	6,3	557,380	298	149
12897	5,1	5,4	10,0	0,0	298	149
12898	0,1	3,14	0,1	2,0	298	149
12899	7,2	578,470	2,1	706,459	298	149
12900	237,257	5,13	282,197	40,22	298	149
12901	161,160	8718,7034	220,156	14071,10212	298	149
12902	101,115	4,1	107,108	0,0	298	149
12903	164,165	5311,5134	161,138	6912,5216	298	149
12904	207,195	5557,4721	229,189	8313,5883	298	149
12905	156,106	9288,7280	148,104	14611,10014	227	149
12906	131,84	49,43	131,88	31,27	210	149
12907	4121,3401	4,15	7237,4795	0,0	298	149
12911	101,82	4,3	201,151	3,3	298	149
12913	11,2	1,0	6,1	2,0	298	149
12918	119,79	0,1	157,120	0,0	298	149
12919	6,2	60,45	1,0	69,56	298	149
12926	0,0	23,59	1,2	17,8	254	149
12928	2,5	117,96	0,0	127,35	298	149
12929	4,10	125,164	4,5	79,32	298	149
12930	114,110	1167,943	147,115	1528,1103	227	149
12931	12,7	1073,909	14,8	1336,925	222	149
12932	16,17	6,3	8,0	1,3	298	149
12933	9,20	1098,1006	8,1	1015,628	227	149
12936	1,0	36,65	0,0	7,4	298	149
12938	4,2	77,33	0,0	16,6	298	149
12939	1,2	72,84	2,0	24,27	251	149
12941	2,1	29,18	1,1	13,11	298	149
12946	0,3	0,0	2,2	2,1	298	149
12963	1,0	0,1	0,0	1,0	298	149
12964	53,52	67,68	83,53	108,69	298	149
12972	4,8	581,491	13,4	647,584	248	149
12973	52,91	0,0	47,42	3,0	298	149
12974	42,85	174,206	33,38	210,128	298	149
12975	50,58	1,7	21,20	1,2	298	149
12976	48,56	215,237	21,20	166,115	298	149
12981	166,189	21,43	156,160	40,42	292	149
12984	3,0	0,0	7,4	1,0	261	149
12985	1,0	0,0	0,2	1,0	298	149
12987	4,0	0,2	2,1	0,0	298	149
12992	0,1	3,1	0,0	3,2	264	149
12993	0,1	0,1	1,0	3,1	292	149
13025	2,5	0,7	0,0	1,0	228	149
13030	17,6	1,0	12,3	0,0	298	149
13036	2,1	6,8	2,0	8,6	223	149
13041	27,24	110,77	30,17	136,135	298	149
13043	260,197	5,8	322,244	5,5	230	149
13045	6,8	8,4	7,9	16,11	298	149
13046	159,144	0,3	207,115	1,1	298	149
13047	17,15	2,1	16,11	0,0	298	149
13048	20,18	68,64	17,7	91,74	298	149
13050	9,4	2,0	12,7	2,0	233	149
13057	14,9	788,669	10,3	863,590	298	149
13058	37,31	278,258	28,14	379,243	298	149
13060	0,1	5,2	1,0	11,9	298	149
13062	8,7	146,106	6,2	184,127	298	149
13063	276,264	6,2	421,345	6,1	298	149
13068	16,16	3913,3260	18,15	6240,4454	298	149
13070	533,440	195,164	135,108	87,64	216	149
13071	6,8	36,42	7,2	33,24	298	149
13072	7,17	368,283	5,2	334,208	249	149
13074	9,9	297,258	3,11	222,151	298	149
13075	2,5	297,283	5,0	277,207	298	149
13077	10,11	0,1	15,9	0,0	298	149
13078	8,6	216,171	5,2	276,219	298	149
13079	10,2	268,234	4,2	233,185	298	149
13080	82,48	756,693	35,20	862,559	298	149
13082	12,12	8,6	4,6	4,3	298	149
13083	8,12	4,5	7,9	7,5	294	149
13084	46,42	209,198	53,37	268,201	298	149
13086	17,11	318,297	14,12	585,450	298	149
13087	3,15	264,206	4,3	423,384	298	149
13089	21,22	214,213	22,9	340,256	298	149
13090	5,6	24,32	1,0	27,29	298	149
13091	3,2	32,13	0,0	23,13	242	149
13098	15,14	249,179	19,7	399,275	298	149
13099	2,0	1,1	0,0	4,5	298	149
13104	11,9	152,142	9,15	131,125	298	149
13108	93,115	11,27	116,79	6,3	298	149
13109	27,14	2,4	5,7	0,0	298	149
13111	36,31	126,127	57,33	314,173	298	149
13112	51,48	5,5	61,36	7,4	240	149
13113	30,43	1,0	40,22	1,0	234	149
13116	137,126	111,89	155,111	145,105	275	149
13117	81,95	77,74	110,80	123,59	298	149
13118	25,34	0,0	25,21	2,0	298	149
13120	3,14	216,204	6,4	456,289	298	149
13122	9,16	0,0	12,7	1,0	220	149
13125	26,41	374,301	51,37	598,451	298	149
13126	4,1	176,134	3,1	307,226	298	149
13127	25,12	669,502	18,13	1091,776	298	149
13128	20,11	9,8	13,9	17,10	298	149
13129	20,15	1,1	8,7	2,0	298	149
13131	299,268	100,81	211,139	94,66	298	149
13132	311,262	33,17	366,289	31,24	298	149
13133	54,48	327,244	53,39	348,256	233	149
13134	47,28	0,1	48,28	1,1	266	149
13135	29,15	29,35	23,11	41,28	263	149
13136	30,16	11,17	26,12	8,4	267	149
13137	20,11	0,0	13,7	4,0	238	149
13139	8,16	16,18	8,12	30,25	298	149
13140	20,11	1275,1024	7,11	2348,1592	240	149
13141	2,1	25,19	0,0	14,11	298	149
13152	60,60	0,0	32,19	0,4	298	149
13153	54,58	4,1	41,23	0,2	298	149
13154	47,50	0,0	46,26	1,0	298	149
13155	41,56	0,0	36,19	2,0	298	149
13156	55,59	1,0	35,21	0,0	298	149
13158	59,43	0,1	37,25	5,1	298	149
13160	65,45	1,0	28,21	0,0	298	149
13165	0,0	10,11	1,2	12,8	237	149
13169	1,0	4,0	0,0	1,0	298	149
13170	1,0	115,99	0,1	146,129	298	149
13171	3,1	117,71	5,4	137,88	298	149
13172	2,7	3,5	12,5	7,0	298	149
13173	6,8	134,97	15,9	126,103	298	149
13175	1,0	72,66	0,0	111,72	298	149
13177	1,1	112,90	3,6	115,86	298	149
13178	17,20	0,2	24,20	0,1	298	149
13179	14,16	0,2	22,15	1,1	298	149
13180	9,3	25,39	7,6	16,23	298	149
13184	9,4	110,79	6,3	127,101	298	149
13185	0,1	0,0	2,2	0,1	298	149
13187	13,6	13,23	16,6	15,15	222	149
13188	3,10	1,0	0,0	0,1	260	149
13190	177,123	101,62	100,69	74,54	298	149
13191	33,23	259,251	23,10	379,253	227	149
13192	36,17	440,417	23,16	544,403	298	149
13193	10,10	468,366	6,4	643,536	230	149
13194	15,19	8,10	16,12	6,2	235	149
13195	30,35	0,2	16,22	0,0	298	149
13196	11,14	203,137	9,6	163,137	298	149
13198	5,11	2,0	3,3	0,0	298	149
13199	8,13	149,122	1,6	127,84	293	149
13200	29,44	93,107	36,24	137,76	242	149
13201	7,4	110,135	5,1	106,49	217	149
13202	112,107	81,91	78,42	59,25	298	149
13203	92,81	3,8	64,32	0,0	237	149
13204	21,28	0,1	25,22	0,0	298	149
13205	12,10	184,133	13,14	156,132	298	149
13206	1,2	44,93	5,1	35,25	298	149
13207	21,15	103,123	4,5	98,81	259	149
13208	14,22	110,97	20,12	51,60	298	149
13210	484,386	2,2	612,398	0,0	298	149
13211	88,86	497,497	77,78	675,467	298	149
13212	255,248	2,0	265,226	0,0	298	149
13215	8,0	318,222	10,4	331,296	298	149
13216	26,13	430,311	27,18	513,340	298	149
13217	24,13	0,0	23,20	0,2	298	149
13218	40,48	260,238	44,24	441,332	298	149
13219	25,41	36,36	16,7	49,46	298	149
13220	1,1	57,58	0,0	77,44	298	149
13222	1,3	8,20	4,0	25,22	298	149
13223	3,2	47,28	6,4	45,41	298	149
13224	5,0	1,0	2,2	1,1	298	149
13225	2,1	38,41	6,1	96,42	231	149
13226	15,14	58,55	17,11	90,73	298	149
13227	839,1010	12,6	699,452	13,2	233	149
13228	1058,1246	256,299	937,643	314,196	298	149
13229	1885,2043	0,4	1804,1134	0,0	298	149
13230	2109,2171	3,2	2088,1579	0,0	298	149
13231	71,60	43,30	80,58	32,12	298	149
13232	15,9	1,0	10,11	0,0	298	149
13238	78,48	28,24	110,68	57,49	298	149
13241	80,87	30,37	62,39	54,21	298	149
13242	533,398	11573,9370	161,135	3586,2569	298	149
13243	202,167	7766,6100	40,37	2470,1900	262	149
13245	83,80	8237,6450	36,31	3188,2347	238	149
13246	947,638	9478,7564	405,331	2934,2345	298	149
13247	914,614	5,3	388,307	1,0	298	149
13248	160,157	9412,7640	28,23	2427,1682	298	149
13249	94,117	57,66	85,79	25,17	298	149
13250	11,14	4,4	2,1	3,2	298	149
13251	57,48	15,11	13,30	1,0	271	149
13253	204,171	494,495	268,195	892,646	298	149
13254	7,10	174,186	9,2	127,93	298	149
13256	134,151	555,617	125,69	658,351	298	149
13257	87,118	3,4	76,41	14,5	298	149
13258	9,11	1384,1168	10,7	2483,1694	298	149
13259	1356,1168	15,20	2245,1597	17,9	241	149
13271	47,39	695,726	81,45	1165,721	298	149
13272	158,190	4,0	104,103	4,2	298	149
13273	222,239	1675,1469	162,115	3782,2752	298	149
13274	1246,1072	6,1	2394,1887	3,2	298	149
13275	125,108	2229,1802	120,85	4839,3631	298	149
13276	77,66	1,2	140,100	2,4	277	149
13277	0,3	1536,1250	6,6	2254,1759	298	149
13279	8,15	94,111	10,18	199,104	298	149
13280	37,30	4,1	42,13	5,1	298	149
13281	56,31	358,268	17,17	495,387	298	149
13282	54,23	25,9	11,10	22,18	298	149
13283	17,11	420,329	6,3	598,471	298	149
13284	127,106	354,275	83,58	508,413	298	149
13285	143,108	0,0	81,59	1,1	298	149
13286	180,132	0,1	98,77	0,1	298	149
13288	123,80	3,4	81,85	0,0	298	149
13289	86,68	0,1	76,78	0,0	298	149
13290	157,163	320,280	124,125	528,384	298	149
13291	198,139	14,13	180,149	30,12	298	149
13292	233,220	0,2	226,203	2,2	298	149
13293	24,18	425,274	13,14	646,399	298	149
13294	13,13	269,193	7,4	284,210	298	149
13295	430,309	1,1	419,322	0,0	210	149
13296	3,10	76,52	3,2	61,57	226	149
13297	9,12	0,2	5,3	0,1	231	149
13298	43,39	32,31	37,31	48,22	298	149
13300	50,39	0,2	36,28	2,5	298	149
13301	53,43	123,128	55,29	113,96	298	149
13302	2,7	105,67	2,2	121,40	298	149
13303	43,35	2,4	18,19	0,0	298	149
13304	106,85	173,178	62,40	119,90	298	149
13308	23,18	4,2	11,21	0,0	298	149
13309	22,22	68,87	12,23	67,44	298	149
13316	3,0	0,2	2,0	0,0	298	149
13318	5,3	2,0	1,2	0,0	298	149
13320	27,5	270,304	30,21	533,379	298	149
13321	100,101	400,298	73,52	443,355	298	149
13322	212,192	12,18	180,158	1,1	298	149
13323	11,8	281,237	4,5	275,147	298	149
13324	12,17	239,281	9,5	271,221	298	149
13326	875,912	46,50	572,462	44,20	264	149
13327	206,189	0,0	196,189	6,2	298	149
13328	95,92	432,436	77,64	423,356	298	149
13335	27,20	1190,957	24,27	2492,1807	298	149
13336	173,245	13,22	231,106	10,2	298	149
13337	103,147	40,61	84,64	58,18	227	149
13338	13,16	10,6	6,7	14,13	298	149
13339	20,21	422,390	9,12	589,416	298	149
13340	105,110	25,23	48,48	31,23	298	149
13341	108,116	55,44	49,48	59,49	298	149
13343	64,49	2,3	44,37	11,2	298	149
13344	9,3	23,44	2,3	17,15	298	149
13345	4,6	81,105	4,0	68,53	229	149
13346	6,10	183,162	4,3	158,106	228	149
13347	1,2	14,29	0,1	9,9	298	149
13349	15,21	3,9	9,2	4,0	298	149
13355	2,3	4,0	0,3	0,0	230	149
13356	2,1	0,0	3,2	0,1	298	149
13358	59,43	507,435	28,16	660,445	298	149
13359	51,42	0,1	25,14	0,0	298	149
13360	1,9	156,165	1,2	140,41	298	149
13361	62,73	315,270	22,12	366,288	275	149
13362	155,128	6,11	193,140	5,2	298	149
13363	38,16	0,0	41,22	1,0	298	149
13364	32,24	3,0	20,20	5,2	286	149
13367	24,13	0,1	15,6	0,0	298	149
13368	49,34	610,468	39,16	723,537	298	149
13369	22,19	0,2	12,7	0,0	253	149
13370	26,22	0,1	24,29	1,3	298	149
13371	6,2	314,250	5,1	459,334	298	149
13372	7,2	0,1	9,1	1,0	298	149
13373	5,2	12,16	9,1	3,3	298	149
13377	1,0	77,51	0,3	120,80	298	149
13378	9,3	114,101	2,2	179,128	298	149
13379	2,2	158,117	3,1	190,178	298	149
13380	2,1	147,80	1,0	166,137	298	149
13383	230,156	1,4	252,219	0,0	298	149
13386	1,8	138,130	0,0	90,93	228	149
13387	7,12	233,238	7,7	245,194	224	149
13388	11,17	704,550	26,4	1850,1513	298	149
13389	0,1	0,0	0,0	2,0	266	149
13392	30,72	1,0	17,12	0,0	298	149
13394	26,26	872,1012	17,4	675,262	241	149
13395	51,61	1880,1806	43,30	1714,1091	298	149
13397	60,63	2893,2720	29,25	2419,1623	233	149
13398	140,188	239,299	164,80	217,132	298	149
13402	12,17	4,2	19,4	1,2	233	149
13404	22,17	102,111	10,6	112,98	298	149
13407	261,208	3,2	219,132	0,0	247	149
13409	47,26	4,0	43,35	0,0	298	149
13410	95,68	1228,1026	33,27	709,581	298	149
13411	32,29	2,0	22,14	4,0	298	149
13412	29,24	1286,1065	20,14	736,589	298	149
13413	118,106	29,8	108,109	9,8	298	149
13414	11,6	262,172	6,4	302,194	298	149
13416	25,26	264,244	24,21	519,376	298	149
13417	17,17	4,7	15,17	1,5	298	149
13418	22,27	4,0	15,23	0,1	298	149
13419	14,18	0,2	6,19	2,0	298	149
13420	11,10	327,250	9,20	513,346	269	149
13421	12,10	1,0	29,21	4,0	298	149
13422	30,18	305,244	50,32	425,257	298	149
13423	117,101	2,0	164,112	0,0	298	149
13424	8,19	432,318	19,15	546,406	298	149
13426	19,14	13,20	13,6	19,4	262	149
13427	33,30	215,207	22,11	271,207	298	149
13428	50,38	8,6	27,11	9,1	298	149
13429	47,38	3,2	24,12	14,2	298	149
13431	0,1	0,1	0,0	0,1	298	149
13433	0,4	21,20	0,0	16,7	282	149
13434	8,2	2,6	0,2	9,6	298	149
13435	4461,5174	2,2	641,550	0,0	224	149
13436	73,38	221,219	53,35	433,365	298	149
13437	72,32	0,1	50,34	0,1	298	149
13441	135,119	1690,1441	133,84	1879,1472	298	149
13442	300,225	37,35	355,246	11,7	298	149
13443	300,278	4,0	493,417	2,0	298	149
13444	429,352	1357,1040	661,544	1689,1304	298	149
13445	192,169	0,1	158,128	0,1	298	149
13447	4,4	2,0	1,2	0,0	244	149
13448	5,2	2,0	4,2	0,0	298	149
13449	3,8	0,0	10,5	2,0	298	149
13455	513,649	26,46	593,360	11,3	298	149
13456	20,22	1040,963	10,13	1204,904	237	149
13457	15,32	1352,1167	23,19	1886,1419	298	149
13458	40,51	4,2	38,31	0,0	298	149
13459	44,41	1126,994	36,32	1737,1261	286	149
13460	689,584	2,0	1113,789	0,0	298	149
13461	693,574	4,0	1111,790	0,0	298	149
13462	43,29	1501,1270	30,31	1172,1001	298	149
13463	106,97	975,898	64,47	1097,861	298	149
13465	44,41	4,2	72,28	11,2	298	149
13467	3,2	213,201	4,7	417,277	298	149
13468	0,2	1031,836	3,2	1867,1297	298	149
13470	13,8	4,6	38,22	8,6	298	149
13471	25,13	0,2	49,24	0,0	298	149
13472	72,52	54,37	36,46	26,31	298	149
13476	19,6	8,5	17,12	7,11	271	149
13477	31,27	5,5	38,30	9,8	298	149
13478	5,10	242,185	11,5	411,370	298	149
13480	17,23	210,151	25,15	266,229	298	149
13481	94,76	9,13	132,114	7,9	298	149
13482	9,21	4,0	22,12	1,0	298	149
13483	13,20	189,137	20,9	242,222	298	149
13484	46,25	228,207	47,23	431,332	298	149
13490	10,9	10,2	12,3	12,7	298	149
13493	7,7	79,136	0,0	65,29	298	149
13495	23,18	147,173	16,9	300,188	226	149
13501	9,27	2,1	5,6	0,0	298	149
13507	61,53	16,12	26,17	14,10	286	149
13508	8,10	2,5	34,13	2,1	226	149
13509	21,9	1,0	37,22	3,0	298	149
13511	6,11	4,0	9,7	2,5	298	149
13512	4,10	28,25	5,3	30,30	298	149
13517	8,7	3,0	4,10	5,0	278	149
13518	3,2	3,3	9,9	4,4	298	149
13521	501,615	2,2	471,329	4,0	261	149
13522	421,557	2,0	387,260	0,0	298	149
13523	54,37	337,292	73,49	405,303	298	149
13524	8,7	2,3	2,1	1,2	298	149
13525	206,192	99,78	181,125	37,24	298	149
13528	109,78	253,231	79,79	116,86	298	149
13529	70,67	481,406	89,55	739,499	298	149
13530	47,72	3,1	83,40	4,2	254	149
13531	218,185	381,337	213,168	491,350	298	149
13533	14,10	835,583	10,5	909,653	298	149
13536	9,5	2,3	2,3	0,0	298	149
13537	2,3	10,13	0,3	13,6	298	149
13538	11,15	1,2	10,13	1,1	284	149
13539	0,0	27,34	0,1	60,29	298	149
13540	16,25	288,309	5,8	182,71	245	149
13542	58,58	90,76	54,36	120,61	298	149
13543	19,26	0,0	20,18	2,0	298	149
13545	31,25	0,2	30,24	0,0	298	149
13551	1,3	7,4	1,0	5,1	298	149
13552	1,4	3,6	1,0	6,2	298	149
13553	1,4	2,1	1,0	1,1	298	149
13555	3,6	0,0	12,3	2,0	298	149
13556	37,36	11,10	47,17	16,11	298	149
13557	22,18	10,4	20,12	12,17	298	149
13558	1,1	4,5	1,1	11,7	298	149
13559	1,2	30,32	0,1	34,27	298	149
13560	5,2	42,57	0,0	34,26	298	149
13563	6,3	110,80	5,5	111,126	298	149
13578	5,2	0,2	13,2	0,0	298	149
13583	3,6	0,1	5,4	0,0	294	149
13584	2,5	1,3	5,3	1,1	269	149
13585	5,6	3,2	9,5	4,3	298	149
13591	3,21	9,9	2,0	2,2	298	149
13592	9,15	2,0	3,4	2,0	219	149
13593	28,20	89,62	29,21	180,103	298	149
13595	151,134	42,34	248,121	42,37	268	149
13596	7,11	5,2	5,13	5,2	298	149
13598	15,4	653,552	19,14	1071,716	298	149
13609	5,1	41,31	4,0	82,49	241	149
13610	336,245	4,4	40,19	0,0	298	149
13612	323,279	1,0	598,481	0,0	298	149
13613	0,2	209,142	4,2	274,153	298	149
13614	10,14	3,7	9,4	5,2	298	149
13615	5,5	107,91	2,2	175,123	298	149
13616	5,5	3,0	1,1	0,1	298	149
13617	0,0	88,75	0,1	177,114	298	149
13618	1,3	45,51	6,4	72,48	298	149
13619	166,114	0,0	129,144	9,2	266	149
13620	1,1	142,138	2,1	108,101	298	149
13621	13,13	135,115	6,1	116,76	298	149
13622	281,242	6,11	361,292	2,5	298	149
13623	10,8	138,89	8,2	134,93	233	149
13624	12,15	139,140	12,5	147,87	298	149
13625	24,28	283,268	15,5	226,242	298	149
13626	20,25	126,124	27,19	138,87	297	149
13627	25,28	80,112	24,23	77,92	298	149
13628	11,15	67,70	3,7	62,23	298	149
13629	0,8	105,84	4,2	71,50	298	149
13630	3,9	16,24	1,0	9,10	298	149
13631	9,7	198,207	2,6	309,218	298	149
13632	113,116	158,151	96,60	166,131	298	149
13633	134,139	2,3	118,75	0,2	298	149
13637	3,18	5,0	11,8	10,4	281	149
13638	109,132	11,12	130,104	14,11	298	149
13639	1,0	3,2	0,0	5,3	298	149
13640	1,0	0,4	5,0	2,1	298	149
13643	7,3	118,100	1,0	59,58	298	149
13644	22,19	1,0	15,8	0,2	298	149
13645	26,20	7,4	20,13	8,10	298	149
13646	4,7	19,21	5,1	29,38	298	149
13647	3,7	32,24	5,0	60,44	298	149
13650	0,1	7,3	0,0	2,6	298	149
13651	4,1	94,52	2,1	94,73	298	149
13653	33,29	65,36	25,21	75,63	298	149
13654	8,0	0,2	1,1	0,0	298	149
13655	6,7	71,82	4,2	74,69	282	149
13657	29,35	48,66	26,11	55,58	240	149
13658	47,58	0,2	15,16	0,0	298	149
13659	18,21	110,158	19,5	80,33	298	149
