ID	IJC_SAMPLE_1	SJC_SAMPLE_1	IJC_SAMPLE_2	SJC_SAMPLE_2	IncFormLen	SkipFormLen
10	0,3	2,2	1,0	13,2	298	237
11	0,3	1,0	1,0	4,0	298	298
13	64,39	19,16	34,26	32,16	298	298
14	5,13	19,16	9,6	32,16	298	298
15	3,1	19,16	1,0	32,16	209	298
18	6,13	3,2	11,4	0,0	298	203
19	5,13	64,39	9,6	34,26	298	298
20	3,1	64,39	1,0	34,26	209	298
21	6,13	66,42	11,4	34,26	298	298
31	3,1	5,13	1,0	9,6	209	298
32	9,6	9,15	5,4	17,6	209	298
34	10,6	9,15	6,0	17,6	298	298
35	0,1	9,15	0,0	17,6	298	298
38	0,1	10,6	0,0	6,0	298	298
54	3,0	2,1	1,6	0,2	298	225
55	3,0	3,1	1,6	0,2	298	236
56	3,0	2,1	1,6	0,2	298	225
86	37,29	3,8	70,51	20,5	298	288
87	54,40	28,38	89,73	90,22	269	298
88	45,45	55,37	60,47	125,79	298	298
89	1,7	120,101	1,2	170,118	200	234
90	1,4	120,101	1,0	170,118	221	234
91	13,9	14,30	13,10	13,15	173	273
92	18,30	44,62	42,22	76,59	247	173
93	79,97	2,11	98,45	3,6	263	173
94	337,293	506,435	321,307	583,485	249	295
95	183,166	375,365	168,97	376,343	257	281
96	482,413	419,427	376,277	354,313	249	284
97	426,388	363,353	484,339	273,205	281	249
98	1351,1321	1174,1090	972,769	1394,981	265	282
99	29,30	160,156	44,32	302,225	248	208
100	29,30	1,2	44,32	2,8	248	190
102	257,199	388,371	310,217	559,465	252	296
103	365,261	209,208	534,422	350,255	283	252
104	87,74	64,53	170,105	94,71	233	236
105	74,71	90,85	139,77	145,111	239	236
106	212,215	8,19	390,280	21,26	248	245
111	46,41	23,23	36,19	39,36	298	256
112	45,30	23,25	65,46	33,29	298	298
113	49,23	52,39	63,25	38,20	298	298
114	40,29	45,30	31,45	65,47	298	298
119	25,20	78,51	20,16	116,69	201	298
120	24,21	32,33	20,15	49,27	201	220
122	30,22	112,80	37,40	196,134	191	288
123	2,2	0,1	1,6	0,1	268	298
125	2,0	3,4	2,0	5,8	260	233
126	4,0	3,3	0,0	4,1	260	200
127	13,15	7,9	14,18	14,14	258	250
130	201,138	902,664	128,114	1607,1177	198	271
133	27,27	39,10	48,32	61,24	284	233
136	0,1	42,41	0,0	76,50	254	269
137	97,70	105,113	104,88	112,101	239	213
138	2,4	102,102	2,0	104,95	239	213
139	3,2	1,2	5,2	4,6	245	194
140	65,41	104,71	82,51	118,85	215	209
141	46,47	52,44	55,38	47,52	228	271
142	24,44	9,1	41,39	4,5	298	220
143	24,44	7,1	41,39	1,2	298	216
144	24,44	15,15	41,39	4,9	298	247
145	23,37	4,2	37,35	3,1	298	220
146	23,37	3,1	37,35	1,0	298	216
147	23,37	6,5	37,35	2,3	298	247
148	23,37	111,87	37,35	110,101	298	271
149	23,37	45,40	37,35	42,48	298	247
150	23,37	3,0	37,35	0,0	298	216
151	23,37	55,37	37,35	56,47	298	271
152	23,37	4,4	37,35	5,1	298	226
153	25,37	57,46	36,35	61,51	298	271
154	25,37	5,4	36,35	12,12	298	226
155	9,1	15,15	4,5	4,9	220	247
156	4,2	6,5	3,1	2,3	220	247
157	4,2	111,87	3,1	110,101	220	271
158	4,2	45,40	3,1	42,48	220	247
159	0,1	53,51	3,0	52,55	220	271
160	7,1	15,15	1,2	4,9	216	247
161	3,1	6,5	1,0	2,3	216	247
162	3,1	111,87	1,0	110,101	216	271
163	3,1	45,40	1,0	42,48	216	247
164	3,0	55,37	0,0	56,47	216	271
165	3,0	4,4	0,0	5,1	216	226
166	0,1	53,51	3,0	52,55	216	271
167	6,5	111,87	2,3	110,101	247	271
168	6,5	45,40	2,3	42,48	247	247
169	53,37	30,31	58,46	39,35	271	226
170	55,37	4,4	56,47	5,1	271	226
171	57,46	5,4	61,51	12,12	271	226
172	4,14	2,1	9,8	8,9	271	226
176	4,4	8,11	1,0	27,17	298	221
177	4,4	52,48	1,0	80,60	298	227
178	24,24	8,14	49,23	31,18	262	227
179	56,46	34,28	79,45	45,43	291	262
180	49,33	31,26	65,37	50,21	280	291
181	22,9	0,0	34,19	2,0	202	280
182	20,9	51,44	35,17	81,40	202	280
183	6022,4729	5372,4005	13219,9745	10604,7805	298	298
185	4,6	330,293	1,0	240,194	298	298
186	227,230	36,34	178,132	32,20	298	229
187	227,230	393,365	177,132	339,218	298	290
188	1,3	36,34	4,0	32,20	266	229
189	2,3	393,365	3,0	339,218	266	290
190	389,331	464,437	302,244	399,243	298	290
191	548,484	565,401	393,319	383,240	298	298
193	1,0	0,3	1,0	0,0	233	260
194	8,3	39,40	5,8	37,29	285	277
195	12,4	16,3	17,17	1,4	285	211
196	77,90	5,5	63,69	15,15	298	285
197	72,47	44,31	82,64	84,47	298	269
198	2,1	1,1	5,4	2,4	298	298
200	1,0	0,1	4,0	0,0	298	298
201	0,0	1,1	4,0	2,4	298	298
202	0,0	1,1	0,1	2,4	298	298
222	209,195	222,161	353,249	349,278	282	277
223	246,232	92,78	501,329	159,99	298	232
224	209,195	85,75	353,249	147,97	282	232
225	221,201	356,300	367,251	573,388	282	298
226	135,126	211,156	309,236	449,312	225	248
227	355,258	144,118	665,396	294,211	298	225
228	142,162	197,239	345,187	419,245	241	298
229	112,142	302,294	121,100	346,276	227	272
246	0,0	1,3	2,0	7,2	280	298
247	228,193	352,329	203,116	383,255	249	280
248	1,2	8,10	0,0	21,4	247	245
249	1,1	8,10	0,0	21,4	268	245
250	116,107	261,188	92,48	250,175	206	249
251	204,234	116,82	154,79	82,67	298	197
252	244,208	178,192	245,201	177,125	298	298
253	244,208	188,198	245,201	180,127	298	298
254	217,189	204,233	217,128	154,79	257	298
255	25,21	211,161	58,25	179,162	176	257
256	70,47	194,150	67,50	169,149	211	257
257	6,6	10,9	8,10	3,4	248	249
258	6,1	176,198	12,6	290,187	249	213
259	100,117	86,71	138,107	133,85	219	228
260	52,81	84,71	31,18	133,85	240	228
261	715,607	1887,1625	955,723	1864,1544	298	298
262	715,607	664,566	955,723	613,534	298	185
263	712,609	1211,1035	958,723	1139,838	298	298
264	1966,1628	1069,953	2166,1433	1138,885	298	238
265	16,31	150,133	37,12	190,159	229	298
266	156,149	127,127	295,184	159,139	298	298
268	657,463	365,298	915,615	539,327	207	197
269	766,696	654,554	908,677	949,699	249	235
270	767,696	785,672	908,677	932,693	249	285
271	766,696	32,29	908,677	6,2	249	285
272	32,29	654,554	6,2	949,699	285	235
273	1162,1049	657,553	1565,1038	949,700	285	235
274	0,1	914,696	2,0	1446,944	235	248
275	377,342	941,723	444,349	1451,946	235	248
276	757,621	1095,950	1011,723	1474,1036	248	298
277	1309,1041	1342,1122	1975,1336	1632,1087	298	294
278	993,875	726,729	1146,806	679,499	298	286
279	993,875	0,4	1146,806	0,0	298	289
280	545,500	49,38	739,406	3,3	289	298
282	545,503	49,38	739,406	3,3	289	298
285	118,109	109,79	148,86	166,120	298	265
286	146,150	117,112	184,133	261,151	286	298
287	146,150	106,107	184,133	228,125	286	283
288	82,64	102,86	99,81	159,108	298	237
289	125,99	102,86	141,109	159,108	283	237
290	80,62	125,84	189,122	233,126	237	298
291	138,112	168,102	232,159	273,154	258	296
292	124,125	194,155	156,120	340,199	298	298
293	109,103	5,1	190,116	1,3	279	260
294	109,103	248,211	190,116	409,249	279	298
296	64,42	2,0	60,48	0,0	298	188
297	19,24	38,17	33,29	28,27	298	298
298	18,26	38,17	32,29	28,27	298	298
300	26,15	8,10	48,29	6,3	230	236
301	151,150	116,97	280,213	191,132	266	246
302	1,2	38,24	0,0	15,15	259	260
303	1,2	17,11	0,0	14,15	259	277
304	7,10	14,12	7,1	3,0	204	298
305	56,47	119,109	55,38	86,76	298	298
306	124,72	94,58	246,168	151,76	230	214
307	73,55	150,111	136,101	309,232	204	245
308	1176,896	1345,1100	782,583	918,709	233	251
310	1068,1045	1165,911	1032,794	1336,1018	267	266
311	966,803	1379,1165	923,633	1522,1150	266	272
313	23,20	6,4	26,18	3,0	179	203
314	90,92	96,114	167,115	153,131	298	298
315	76,45	74,54	94,49	86,88	230	248
317	18,12	23,32	33,26	37,23	298	247
318	1638,1319	63,50	2554,2089	118,72	227	284
319	1399,1234	38,31	2241,1776	69,45	276	284
320	1387,1190	557,422	2732,1964	978,810	298	227
321	1255,986	1579,1378	2158,1566	3115,2088	295	298
322	348,428	1693,1268	542,323	2781,2147	294	295
323	92,80	232,130	104,73	273,160	241	298
324	473,405	583,469	713,582	949,705	289	298
325	506,502	252,195	891,732	564,366	298	208
326	504,503	438,407	890,733	847,653	298	297
327	252,183	443,406	410,317	849,653	208	297
329	70,76	42,20	46,42	23,16	236	188
330	33,15	205,167	7,5	111,90	188	268
331	120,124	150,146	61,59	125,76	268	298
332	121,102	69,49	231,163	125,97	234	194
335	10,9	64,57	16,17	137,87	180	254
336	144,144	86,106	214,153	86,89	250	298
337	77,82	145,146	98,109	146,148	260	298
338	112,149	372,330	103,45	355,267	236	298
339	247,269	124,185	222,105	70,42	298	298
341	34,41	10,25	31,29	24,5	229	233
342	32,43	7,13	31,31	11,7	229	247
346	13,4	2,0	8,8	6,1	191	243
347	13,4	2,4	8,8	1,0	191	211
348	8,1	2,0	2,5	6,1	242	243
350	2,0	0,4	4,1	0,0	243	196
351	2,0	2,3	4,1	1,0	243	211
352	93,97	149,118	69,66	131,108	298	251
353	37,16	1,4	26,21	3,4	275	298
354	240,235	150,193	283,193	154,94	298	287
355	240,235	130,154	283,195	105,94	298	263
356	25,30	41,38	15,6	14,6	239	256
357	34,25	22,24	26,11	6,1	209	239
358	60,41	16,28	38,23	14,5	261	298
359	60,41	11,5	38,23	17,13	261	179
360	56,64	38,35	36,42	14,6	276	256
361	2,5	38,35	3,4	14,6	298	256
362	2,0	22,24	0,1	6,1	178	239
363	28,28	5,4	19,21	2,0	215	178
364	28,28	4,14	19,21	2,0	215	209
365	52,50	19,8	78,61	24,18	260	193
366	28,21	45,28	41,31	51,60	248	260
367	13,25	58,41	10,12	76,61	298	220
368	5,3	139,98	1,0	179,98	262	259
369	73,50	103,109	80,60	125,84	256	272
370	52,59	94,107	85,56	105,101	209	251
371	84,112	114,96	103,58	153,97	269	281
372	3,5	2,0	2,2	0,1	298	219
373	9,10	10,2	19,18	19,10	298	298
374	86,81	154,146	74,51	246,204	237	281
375	3,13	191,141	7,7	204,181	281	236
376	257,254	193,141	290,259	203,181	281	236
378	101,101	267,244	138,120	276,181	227	253
379	101,101	11,9	138,120	15,10	227	278
380	64,38	27,23	70,72	11,5	241	290
381	6,5	27,23	10,7	11,5	236	290
382	7,5	0,1	9,7	0,1	236	290
383	2,0	245,188	4,0	479,332	298	260
384	3,6	5,14	3,2	1,2	288	276
385	14,16	1,1	28,10	4,4	266	298
386	14,16	27,30	28,10	59,39	266	298
387	28,45	3,9	119,49	15,2	266	221
388	114,134	90,95	136,73	83,39	286	298
389	161,131	207,173	136,84	242,168	292	275
390	0,0	0,5	1,0	1,0	224	259
391	74,80	135,126	47,49	188,129	244	298
392	64,33	102,102	99,82	160,149	225	265
393	13,16	0,0	3,4	0,2	291	274
394	13,16	11,4	3,4	2,5	291	298
395	0,0	11,4	0,2	2,5	274	298
396	416,363	384,363	672,464	667,470	298	254
397	416,363	100,105	672,464	153,118	298	184
398	419,335	257,236	655,461	486,331	254	241
399	11,3	795,767	4,0	1384,1001	298	241
400	11,3	213,197	4,0	405,285	298	226
402	12,3	603,393	4,0	819,684	298	298
404	340,344	603,393	555,433	819,684	241	298
406	2,0	603,393	0,0	819,684	226	298
408	2,0	289,244	1,0	376,260	298	223
409	466,372	287,244	645,531	376,260	298	223
410	415,361	400,428	516,348	443,310	298	282
411	95,94	90,110	90,44	56,30	206	192
412	137,200	351,323	99,65	323,191	298	298
413	175,161	239,208	121,97	281,181	298	250
414	110,127	145,109	139,102	169,140	273	267
415	216,218	109,88	236,141	110,90	298	243
416	182,145	89,105	195,149	95,64	298	227
417	157,123	139,141	178,145	117,102	298	259
418	51,45	204,170	70,50	195,120	217	298
419	140,136	161,182	170,87	210,120	298	298
422	121,109	217,192	242,182	367,231	228	220
423	121,102	350,251	243,177	583,439	228	235
424	265,253	348,254	437,394	573,436	220	235
425	48,37	45,49	69,47	84,43	266	298
426	5,2	112,88	6,1	161,109	241	298
427	18,24	56,51	22,11	90,42	235	298
428	361,301	100,97	467,368	207,124	298	194
430	102,105	195,155	150,88	387,273	194	229
431	50,44	6,7	33,14	12,9	298	298
432	29,23	35,34	18,8	34,25	298	298
433	15,9	33,43	28,24	56,49	298	233
435	120,103	188,157	100,96	182,123	250	298
436	17,38	0,0	28,24	4,0	298	246
437	3,14	36,48	6,2	50,31	202	298
438	41,23	24,21	31,17	16,7	298	298
439	38,45	18,16	27,13	3,3	292	298
440	67,38	198,168	56,27	214,119	198	292
441	0,1	6,6	0,0	9,7	227	215
442	5,4	6,6	3,2	9,7	281	215
449	110,123	287,221	195,132	472,295	217	249
450	2,0	4,6	0,3	0,2	238	192
452	27,27	28,24	34,19	47,36	283	258
453	2,0	32,36	0,6	28,22	298	298
454	29,30	32,36	37,33	28,22	227	298
455	40,22	13,11	44,35	9,15	298	210
456	89,57	6,5	78,54	7,9	298	221
457	26,24	31,34	29,22	32,35	260	244
458	5,9	31,34	10,14	32,35	260	244
459	57,30	40,46	64,48	55,48	244	267
460	54,28	55,25	66,48	32,15	244	252
461	46,51	58,27	45,50	32,15	267	252
462	26,25	2,3	26,16	1,1	231	225
463	26,25	10,15	26,16	0,0	231	245
464	36,46	29,25	49,23	15,20	298	298
465	2,3	10,15	1,1	0,0	225	245
466	276,260	167,120	390,263	304,226	273	219
467	320,268	172,133	494,323	306,229	298	219
468	90,97	203,193	235,139	367,309	219	298
469	5,2	276,234	9,14	298,192	247	298
470	105,102	34,24	126,81	35,29	298	204
471	16,19	0,0	24,17	0,1	298	168
473	27,13	34,25	18,12	35,28	168	204
474	15,8	103,79	17,9	86,77	168	267
475	16,20	7,20	11,10	11,3	271	211
476	7,25	166,173	11,3	161,110	211	298
477	141,126	82,98	122,85	107,65	287	227
478	89,92	113,124	75,56	135,62	227	254
479	420,366	292,253	490,326	229,194	298	298
480	233,175	160,98	262,152	150,91	224	239
481	4,0	213,192	2,1	227,154	203	298
482	23,21	88,84	61,27	188,154	236	298
484	4,1	22,18	3,1	31,20	187	240
485	77,80	22,18	151,117	31,20	297	240
486	86,76	22,20	184,111	30,20	274	240
487	149,127	2,2	314,236	1,4	297	298
488	77,80	4,1	151,117	3,1	297	187
489	149,127	2,0	314,236	3,1	297	187
491	107,82	197,161	184,141	370,268	227	260
492	98,58	151,132	138,83	222,159	233	227
495	87,94	100,95	90,66	100,72	257	266
496	102,74	107,68	94,82	83,62	266	233
497	24,21	20,22	11,0	21,7	298	298
498	17,27	13,18	21,14	18,22	298	237
499	94,109	125,113	126,92	90,65	274	292
500	1,3	4,1	0,1	2,2	222	267
501	196,235	236,203	219,113	209,132	298	241
502	1,0	410,412	0,0	492,309	234	298
503	28,27	414,413	12,5	492,310	234	298
504	98,77	239,171	170,97	263,182	298	298
505	125,110	57,59	138,104	68,81	266	209
506	141,94	157,120	213,135	157,155	298	241
507	2,3	132,114	1,2	181,150	252	266
508	6,9	4,1	5,7	0,0	297	272
509	7,3	8,9	0,0	1,8	267	172
510	24,26	6,9	10,14	1,7	247	172
511	10,7	6,9	1,8	1,8	247	172
512	14,13	6,9	7,5	1,8	233	172
513	7,3	28,36	0,0	19,32	267	265
514	24,26	17,29	10,14	12,25	247	265
515	10,7	31,30	1,8	15,28	247	265
516	14,13	31,30	7,5	15,28	233	265
517	47,37	17,29	40,45	12,25	285	265
518	120,102	17,29	95,88	12,25	285	265
519	71,64	17,29	55,43	12,25	283	265
520	3,1	17,29	1,4	12,25	292	265
521	7,3	19,32	0,0	12,25	267	268
522	24,26	17,29	10,14	12,25	247	268
523	10,7	17,29	1,8	12,25	247	268
524	14,13	17,29	7,5	12,25	233	268
525	120,102	17,29	95,88	13,27	285	268
526	71,64	17,29	55,43	13,27	283	268
527	3,1	17,29	1,4	13,27	292	268
528	7,3	17,29	0,0	12,27	267	289
533	14,13	10,7	7,5	1,8	233	247
534	14,13	8,6	6,5	5,5	233	247
535	0,1	8,6	0,0	5,5	229	247
536	10,26	0,0	7,4	1,0	292	233
537	0,1	14,13	0,0	6,5	229	233
538	0,3	11,21	0,0	6,6	285	233
539	71,64	11,21	55,43	9,6	285	233
541	3,1	120,102	1,4	95,88	292	285
542	11,25	47,37	5,4	38,45	292	285
543	26,16	47,36	18,13	38,45	262	285
544	3,1	85,65	0,2	58,46	292	285
545	2,0	14,2	0,0	2,3	292	285
546	15,13	18,15	9,5	11,7	298	285
547	3,1	71,64	1,4	55,43	292	283
548	3,2	0,6	2,2	2,0	292	230
549	1,2	74,67	0,3	61,43	274	292
550	16,9	75,66	7,5	59,43	269	292
551	0,5	73,66	0,0	59,43	262	292
552	37,39	73,66	34,35	59,43	261	292
553	44,42	21,34	29,19	16,7	274	298
554	42,37	21,34	21,19	16,7	270	298
555	16,14	16,34	11,5	16,6	298	298
556	8,5	16,34	0,2	16,6	255	298
557	18,10	16,34	7,6	16,6	269	298
558	44,42	44,24	29,19	3,8	274	298
559	42,37	44,24	21,19	3,8	270	298
560	15,19	38,24	16,6	3,7	274	298
561	14,15	38,24	9,6	3,7	270	298
562	8,5	16,14	0,2	11,5	255	298
563	18,10	16,14	7,6	11,5	269	298
564	28,16	1,6	18,13	2,0	262	298
565	2,4	1,1	0,0	2,0	262	298
566	14,7	0,0	2,3	1,0	255	266
567	24,9	0,0	8,6	1,0	269	266
568	37,39	0,5	34,35	0,0	261	262
569	37,44	6,10	34,35	2,3	261	262
570	37,39	7,11	34,35	1,4	261	262
571	77,79	164,146	84,62	174,111	202	290
572	132,129	133,143	161,126	115,69	247	281
573	168,134	13,12	249,176	8,6	289	272
574	9,7	13,11	8,5	10,6	208	272
575	17,22	102,72	18,7	107,101	206	229
576	48,56	146,131	68,52	194,135	229	258
577	143,89	103,111	146,136	117,84	258	233
578	83,64	118,107	81,59	129,97	233	207
579	79,62	10,13	21,19	3,2	260	242
580	81,61	65,65	36,38	51,31	237	201
581	68,77	14,25	60,57	21,6	201	179
582	71,76	1,3	58,57	0,0	201	179
583	69,68	39,61	47,47	10,6	179	298
584	165,193	138,126	153,97	50,59	298	298
585	41,62	325,260	8,6	240,180	298	298
586	113,94	42,49	78,56	31,11	269	286
587	45,73	372,311	19,10	171,131	233	245
588	10,3	165,158	11,8	259,234	298	298
589	0,1	132,85	0,0	205,133	219	298
590	0,1	141,98	0,0	242,144	219	298
591	26,21	10,16	54,37	24,18	222	266
592	38,43	7,6	43,30	5,7	264	220
593	38,43	27,30	43,30	12,9	264	298
594	38,43	43,57	43,32	44,30	264	254
595	7,6	27,30	5,7	12,9	220	298
596	24,27	42,57	39,22	44,30	220	254
597	187,158	229,216	236,157	293,185	298	298
598	185,147	218,246	154,163	221,143	254	298
599	166,185	145,107	275,166	163,97	298	254
600	79,85	236,195	89,51	314,237	235	298
601	198,209	155,140	293,230	139,121	298	263
602	64,80	108,100	94,92	155,122	244	245
603	70,54	66,67	89,73	103,86	240	244
604	126,141	100,102	118,94	120,98	298	238
605	210,174	142,116	207,119	160,112	272	298
606	143,145	90,119	182,113	96,81	255	272
607	101,98	10,17	101,88	18,3	298	298
608	133,126	12,17	130,96	18,6	296	298
610	126,113	133,119	139,93	201,139	298	257
611	163,131	155,123	210,157	188,157	257	298
612	183,137	42,29	227,177	99,66	257	298
613	159,130	175,176	199,153	317,183	257	293
614	224,197	72,65	353,256	120,64	298	219
615	360,307	314,281	425,349	327,256	244	237
616	195,155	7,6	400,269	11,2	215	259
617	117,95	390,389	119,84	602,543	183	298
618	221,234	75,91	290,211	105,46	243	183
619	3,4	29,33	16,5	40,24	161	251
624	88,70	49,53	57,29	44,30	298	278
625	49,49	16,18	47,39	22,7	252	214
626	84,93	472,441	99,74	514,414	288	271
627	85,87	389,334	85,68	449,363	288	258
628	3,1	386,333	0,0	449,363	298	258
629	85,87	49,33	85,68	50,35	288	225
630	3,1	48,34	0,0	50,35	298	225
633	4,2	6,4	6,0	5,0	267	253
634	0,1	13,9	0,0	10,12	187	216
635	330,292	13,9	580,456	10,12	216	216
636	330,292	0,1	580,456	0,0	216	187
637	1,0	8,6	0,0	8,12	242	298
638	57,69	28,25	23,42	17,12	298	298
639	518,433	292,249	3,11	4,1	298	226
640	29,36	218,198	57,30	479,325	273	208
641	188,204	117,102	443,293	306,193	208	200
642	172,136	216,191	411,282	478,307	200	237
643	26,13	174,139	13,14	188,134	195	278
644	40,17	182,158	7,0	207,154	195	278
645	38,40	182,158	51,39	207,154	249	278
646	56,65	182,158	125,66	207,154	254	278
647	3,7	182,158	3,1	207,154	186	278
648	38,40	40,17	51,39	7,0	249	195
649	56,65	40,17	125,66	7,0	254	195
650	3,7	40,17	3,1	7,0	186	195
651	3,7	38,40	3,1	51,39	186	249
652	2,3	27,16	1,2	26,17	186	249
653	3,7	56,65	3,1	125,66	186	254
654	2,3	41,37	1,2	81,38	186	254
655	3,0	610,511	3,0	1079,755	179	197
657	103,107	62,80	131,96	80,64	293	230
659	43,20	4,8	24,21	10,2	203	222
660	124,134	67,68	111,79	61,65	256	297
661	110,100	133,127	105,70	122,126	256	298
662	52,92	154,166	41,21	129,137	297	298
663	46,41	2,5	77,66	4,4	253	246
664	46,40	71,29	77,67	58,48	253	246
665	121,97	105,98	139,114	147,96	291	298
666	103,105	11,19	49,37	20,6	242	179
667	30,28	140,127	19,9	36,51	179	279
668	98,54	69,94	134,88	130,66	269	252
669	58,64	132,98	105,47	220,133	252	298
670	28,28	130,111	27,15	218,113	298	298
671	0,0	200,173	1,0	161,177	216	294
672	4,6	87,65	0,3	124,88	296	211
673	20,19	136,88	48,30	143,114	211	278
674	15,14	51,34	20,9	24,27	187	298
675	21,27	22,19	25,16	30,17	187	238
676	30,36	3,6	20,18	1,0	245	187
677	27,34	7,20	21,20	9,3	245	187
678	2,7	190,170	0,0	325,259	172	289
679	1000,734	781,677	1586,1171	1587,1187	279	262
680	575,509	977,799	917,672	1873,1322	260	279
681	3,0	810,602	0,0	1281,953	200	260
682	259,219	451,393	290,150	392,271	298	298
683	71,52	106,103	94,58	229,158	272	246
684	38,26	26,7	29,17	27,10	293	258
685	1,0	25,11	2,2	28,17	258	211
686	12,7	38,14	10,5	27,34	211	265
687	131,98	211,166	195,132	257,179	253	298
688	100,68	112,93	180,102	117,76	298	245
689	61,45	112,93	87,58	117,76	298	245
690	143,111	117,92	170,127	177,112	245	280
691	70,56	61,37	85,55	41,36	298	298
692	126,94	60,53	143,93	95,71	298	298
693	764,675	1085,975	1060,751	1401,1059	203	250
694	1819,1458	626,498	2355,1609	848,620	298	203
695	3434,2873	203,161	3984,3349	278,186	298	206
701	5,15	0,2	8,10	0,0	298	298
703	0,0	0,2	1,0	0,0	209	298
705	0,0	5,15	1,0	8,10	209	298
734	2,0	5,1	0,0	1,1	298	284
735	342,347	833,731	449,327	1004,741	295	298
736	340,348	220,185	449,327	218,211	295	298
738	1135,1070	415,340	1466,1192	482,356	298	209
739	916,885	562,447	1251,987	576,381	298	251
740	917,885	4,6	1249,981	4,0	298	251
741	374,335	775,630	453,365	792,590	209	251
742	580,482	344,254	709,479	318,248	251	198
743	14,23	69,55	23,18	66,41	205	224
744	5,6	232,214	1,1	218,210	213	259
745	318,331	126,129	261,168	158,113	246	206
746	311,328	63,78	251,168	89,63	246	182
747	84,93	70,84	95,66	100,63	206	182
748	141,135	130,135	155,81	152,112	298	239
749	82,57	104,94	143,105	120,109	298	291
750	10,23	25,34	11,1	15,9	284	287
751	1753,1541	173,146	2497,2026	196,143	269	212
767	2,0	1,1	1,3	4,2	242	249
768	2,4	1,1	4,0	4,2	298	249
769	2,4	2,0	4,0	1,3	298	242
770	17,17	1699,1600	8,6	1571,1083	161	257
771	662,652	4,7	446,383	1,0	230	206
772	1070,820	876,625	1328,1037	900,681	253	230
773	980,754	2393,1913	1466,1047	2701,2096	230	298
774	116,126	317,259	195,132	581,540	195	244
775	1975,1643	2032,1866	2547,1695	2148,1624	242	236
776	2507,2061	1713,1408	3992,2626	2211,1527	236	236
777	2508,2054	1468,1188	3991,2626	1999,1526	236	221
778	20,25	2469,2096	0,2	2833,2180	257	256
779	1725,1340	2467,2097	2270,1614	2833,2180	257	256
780	1701,1312	2691,2256	2270,1614	3205,2536	257	225
781	28,23	3155,2551	5,3	3580,2514	225	298
782	784,830	1743,1509	885,512	2356,1498	226	260
783	1302,1276	1736,1510	1389,723	2355,1498	298	260
784	26,23	1736,1510	40,16	2355,1498	226	260
785	1272,1257	1650,1557	1372,713	1878,1172	298	226
786	1461,1334	1702,1668	2323,1524	2013,1206	298	298
787	1697,1538	1265,1257	2478,1779	1371,717	298	298
788	9,0	6,11	0,1	2,2	251	230
789	4,7	8,13	0,3	2,2	251	230
790	3,7	2,2	0,3	0,0	251	230
791	621,495	1239,1024	1275,949	3347,2391	288	298
792	944,762	1245,1026	2927,2003	3348,2394	298	298
793	925,782	1150,932	2634,1906	3733,2701	298	298
794	640,435	1153,936	1752,1235	3743,2704	204	298
795	954,769	1152,933	2951,2021	3744,2708	298	298
796	640,433	1026,756	1752,1236	3013,2039	204	288
797	224,226	13,13	529,385	44,20	247	298
798	209,173	119,99	624,460	299,201	259	247
799	18,34	4603,3351	12,10	5959,4177	257	290
800	2930,2168	0,1	3494,2475	0,0	290	276
803	2,3	429,363	0,0	532,410	270	268
804	343,294	430,363	547,449	533,410	270	268
805	148,188	6,7	137,107	3,7	284	246
806	18,22	510,422	13,12	799,608	294	298
807	235,221	338,233	284,194	450,289	263	274
808	173,128	366,358	105,91	90,108	249	211
809	1886,1575	366,356	1711,1154	90,108	235	211
810	1313,1082	366,356	1004,667	90,108	239	211
811	369,361	5,2	92,109	3,1	250	216
812	369,361	31,24	92,109	1,1	250	298
813	1132,1021	5,2	627,498	3,1	211	216
814	1132,1021	31,24	627,498	1,1	211	298
815	5,2	31,24	3,1	1,1	216	298
816	25,15	32,28	21,7	1,4	216	298
817	332,270	186,167	95,68	70,71	260	245
818	297,241	264,220	149,84	161,72	298	264
819	269,255	244,200	152,105	157,69	298	264
820	175,183	294,264	92,61	158,84	281	298
821	555,534	919,831	813,523	1188,898	255	298
822	557,532	639,518	813,523	960,640	255	249
823	701,554	940,856	833,643	1189,900	298	298
824	857,757	263,223	1246,804	298,221	291	231
825	975,893	851,734	1552,1023	1125,930	298	298
826	650,481	245,217	778,667	195,158	237	224
827	2,1	1016,917	3,0	1451,1100	287	296
828	1219,1042	1016,917	1586,1148	1451,1100	293	296
829	149,107	808,731	138,74	1218,850	298	298
830	97,111	1237,1111	195,83	1928,1328	224	288
831	282,203	287,370	266,252	369,274	191	298
832	370,433	1315,1193	457,213	2150,1361	298	298
833	583,528	767,812	1261,692	997,725	222	242
834	273,257	638,486	536,328	1295,763	199	225
835	565,612	1107,994	1023,712	2141,1461	251	298
836	583,506	749,707	1109,785	1281,949	254	251
837	308,222	119,103	403,302	226,169	216	233
838	50,41	116,99	75,67	225,166	216	233
839	352,313	116,99	465,427	225,166	298	233
840	352,313	50,41	465,427	75,67	298	216
841	346,310	90,72	463,420	283,167	298	216
842	801,709	426,329	1122,716	570,436	298	298
843	321,289	343,313	493,326	471,420	228	298
844	470,354	413,372	680,425	561,353	230	228
845	369,341	423,379	366,218	624,407	298	230
846	18,15	423,379	4,3	623,407	298	230
847	492,427	757,595	506,424	1106,716	298	298
848	492,425	757,595	508,423	1106,716	298	298
849	780,669	762,597	1689,1138	1103,713	298	298
850	784,674	261,246	1689,1142	312,241	298	298
851	5,9	257,243	4,5	316,240	298	298
852	843,780	257,243	1285,925	316,240	298	298
853	784,674	365,339	1689,1142	363,218	298	298
854	5,9	361,336	4,5	367,217	298	298
855	843,780	361,336	1285,925	367,217	298	298
856	843,780	5,9	1285,925	4,5	298	298
857	43,39	5,8	44,34	4,7	298	298
858	837,773	492,426	1284,924	506,423	298	298
859	871,928	492,425	1357,963	506,425	290	298
860	37,32	492,425	43,33	506,425	298	298
861	871,928	37,32	1357,963	43,33	290	298
862	871,929	813,696	1353,963	1728,1169	290	298
863	457,416	782,669	819,579	1686,1138	298	298
864	490,445	796,722	862,609	1217,869	298	290
865	267,195	246,235	380,275	414,359	205	227
866	416,384	263,206	746,550	422,284	237	205
867	576,554	260,205	952,622	417,282	263	205
868	390,359	332,284	618,356	458,302	242	237
869	0,2	312,275	3,2	447,296	242	237
870	576,554	312,275	951,623	447,296	263	237
871	576,554	0,2	951,623	3,2	263	242
872	596,563	477,383	962,629	829,624	263	242
873	196,224	477,383	387,271	828,621	293	242
874	405,367	477,383	556,438	828,621	298	242
875	196,226	487,453	388,272	745,457	293	263
876	578,508	3,5	817,620	6,4	298	293
877	579,506	662,649	817,620	1109,703	298	293
878	579,506	666,651	817,620	1112,708	298	298
879	18,12	198,224	13,8	387,269	220	298
880	11,13	198,231	19,15	390,275	220	298
881	18,11	408,367	13,8	556,436	220	298
882	3,1	409,367	3,3	556,436	220	298
883	11,11	408,374	18,16	559,442	220	298
884	3,0	527,465	1,1	748,591	220	220
885	40,21	16,13	31,12	11,6	220	277
887	117,104	82,65	138,134	107,54	228	200
888	18,13	119,90	8,2	169,107	298	228
889	0,5	241,142	0,0	244,211	224	277
890	67,63	91,106	55,44	81,43	298	261
891	97,54	111,106	71,54	66,50	244	298
892	30,34	43,56	29,13	52,27	298	227
893	8,13	178,133	3,4	316,264	283	298
894	260,240	960,817	240,226	956,777	196	298
895	293,342	271,249	305,147	267,210	288	196
896	28,36	2,3	24,18	2,1	265	289
897	50,34	84,92	16,12	30,35	244	287
898	86,61	60,69	27,14	23,14	287	245
899	34,26	19,15	49,48	10,21	293	221
900	1420,1141	2154,1734	2199,1580	2895,2124	298	298
901	1967,1621	1487,1388	2248,1631	1961,1432	298	240
902	1354,1148	2755,2060	1852,1146	2768,2208	287	298
903	2198,1986	2754,2063	2623,1569	2761,2208	298	298
904	1181,996	1878,1585	1496,1104	2165,1563	229	287
905	2198,1985	1871,1573	2624,1570	2163,1563	298	287
906	2201,1987	709,563	2624,1568	1017,593	298	229
915	2,0	6,8	3,1	10,2	214	278
916	13,12	467,370	8,16	808,505	260	279
917	13,12	141,123	8,16	275,177	260	298
918	0,4	596,584	0,0	718,539	229	238
919	140,137	154,150	117,110	153,137	241	298
920	140,137	9,1	117,110	8,2	241	298
921	4,8	490,376	8,4	411,338	227	182
922	653,591	519,401	447,310	416,343	227	182
923	653,591	606,455	447,310	524,449	227	200
924	1274,1104	53,36	933,641	13,14	227	287
925	1562,1340	396,307	1311,893	297,221	298	227
926	1539,1320	466,375	1307,889	306,260	298	227
927	1533,1318	17,11	1305,888	10,6	298	227
928	633,513	1143,1015	548,349	803,552	215	298
929	577,469	872,651	493,398	637,561	215	203
930	1480,1090	676,493	1514,1068	591,541	298	203
931	1669,1247	529,426	1559,1087	490,352	298	215
932	152,132	205,161	198,130	46,20	199	298
933	151,131	1333,1086	198,130	1189,929	199	298
934	1057,820	14,18	972,692	5,10	199	221
935	174,197	461,339	98,34	454,364	213	199
936	221,201	167,143	108,68	207,132	222	199
937	848,703	93,96	651,411	24,35	222	298
938	598,497	10,6	1116,827	6,4	283	298
939	598,497	475,434	1116,827	475,342	283	298
940	598,497	473,436	1116,827	475,340	283	298
941	598,497	11,3	1116,827	11,5	283	218
942	197,136	386,321	377,243	631,391	201	283
943	195,138	2,0	377,241	0,0	201	283
944	178,144	258,146	340,218	472,333	204	201
945	1,2	5,0	2,0	2,1	194	164
946	499,511	445,402	527,439	529,366	293	283
947	387,339	460,468	630,452	629,426	283	288
948	464,423	413,390	543,380	540,324	288	298
949	358,324	459,446	573,338	559,474	270	263
950	644,470	71,56	775,517	117,65	263	298
951	644,470	476,396	775,517	500,365	263	251
952	71,56	476,396	117,65	500,365	298	251
953	618,506	529,400	1186,886	800,616	258	227
954	15,12	531,397	11,2	801,617	258	227
955	259,264	464,442	393,311	761,537	207	258
956	17,11	477,452	14,8	762,535	207	258
957	5,6	462,440	2,2	753,534	207	258
958	715,692	291,261	1166,914	504,372	257	207
959	296,308	336,295	592,509	567,405	222	207
960	8,17	303,271	18,10	508,377	222	207
961	74,50	303,271	67,58	508,377	257	207
962	74,50	8,17	67,58	18,10	257	222
963	739,714	403,334	1221,945	823,620	257	222
964	665,631	403,334	1040,844	823,620	249	222
965	600,585	412,350	801,629	840,632	245	222
966	27,16	415,413	24,20	713,579	245	257
967	602,589	493,455	802,629	789,648	245	257
968	3,0	1477,1438	2,0	2250,1777	262	245
969	15,6	1477,1438	12,9	2250,1777	191	245
970	97,50	554,518	88,72	1024,802	254	245
971	46,23	4,3	46,43	0,2	191	235
972	15,6	3,0	12,9	2,0	191	262
973	2716,2425	2314,1928	3393,2549	2862,2029	290	258
974	1391,1310	2420,2138	2303,1444	2796,2138	240	290
975	2323,1970	954,840	2741,2042	1328,877	281	208
976	337,319	3282,2950	354,225	3988,2765	292	281
977	1852,1694	3282,2950	2075,1609	3988,2765	298	281
978	2501,2234	2726,2347	3175,2235	3211,2421	298	292
979	3247,2711	2725,2349	4279,3144	3210,2421	298	292
980	2501,2234	2803,2388	3175,2235	3270,2471	298	298
981	3245,2707	409,404	4280,3144	424,286	298	298
982	3248,2712	1899,1765	4281,3147	2116,1656	298	298
983	1527,1255	2457,2181	2345,1611	3180,2217	278	298
984	894,712	2906,2459	1115,854	3790,2762	205	278
985	996,774	2925,2470	1578,1164	3817,2779	207	278
986	1478,1301	2901,2449	1891,1530	3787,2758	266	278
987	1008,786	1002,739	1580,1169	1384,1033	207	205
988	1481,1301	647,557	1891,1530	1092,717	266	207
989	4,5	17,23	5,3	25,10	203	188
990	819,731	449,320	1656,1213	822,644	283	206
991	819,730	215,194	1657,1213	463,340	283	230
992	414,337	536,445	800,523	986,725	230	258
993	19,8	19,20	13,9	9,17	258	218
994	367,292	1679,1292	322,248	1641,1311	186	298
995	568,472	1667,1283	735,569	1640,1310	218	298
996	1363,1312	1667,1283	1139,844	1640,1310	298	298
997	174,130	1667,1283	49,58	1640,1310	218	298
998	577,475	415,397	736,566	421,349	218	186
999	179,138	419,391	49,58	426,347	218	186
1000	1363,1312	419,391	1139,844	426,347	298	186
1001	1363,1312	179,138	1139,844	49,58	298	218
1002	1371,1320	1219,1044	1140,853	1022,804	298	218
1003	1254,1115	870,764	1046,907	893,680	271	218
1004	933,880	297,246	893,592	111,110	298	271
1005	1093,1086	302,235	914,709	111,110	278	271
1006	1131,913	1445,1332	1282,838	1193,999	296	298
1007	1776,1670	1448,1323	1374,1033	1193,996	298	298
1008	1096,1085	1450,1327	914,709	1193,996	278	298
1009	1099,961	1446,1323	1002,770	1193,996	272	298
1010	1777,1676	901,848	1371,1031	846,568	298	296
1011	1098,1085	901,849	914,709	850,568	278	296
1012	1097,961	897,847	1002,770	846,568	272	296
1013	1096,1086	1142,906	914,709	1298,848	278	298
1014	1093,959	1127,899	1006,770	1282,838	272	298
1015	1104,965	1599,1498	1018,780	1249,947	272	278
1016	1138,899	1029,1026	1012,689	843,616	298	272
1017	276,254	403,389	561,355	350,235	274	205
1018	1,1	9938,8178	0,0	13917,10716	228	298
1019	21,20	9938,8178	21,22	13917,10716	225	298
1020	129,85	9928,8172	185,124	13909,10715	225	298
1021	375,263	307,276	446,340	376,243	264	276
1022	1030,839	770,661	1067,803	988,694	298	271
1023	861,816	939,780	930,680	983,777	271	298
1024	38,24	69,82	72,65	139,110	219	268
1025	0,0	1,0	2,0	0,1	298	298
1026	87,76	214,191	137,117	305,244	187	240
1027	10,19	255,210	5,2	327,223	298	298
1028	22,27	308,248	15,29	535,351	263	249
1029	336,278	246,180	649,424	408,342	268	261
1030	144,113	485,404	207,158	665,521	233	298
1032	144,161	316,244	177,109	244,185	225	224
1034	474,375	524,412	1234,869	1254,751	272	276
1035	504,471	468,389	528,402	541,375	233	186
1036	2161,1615	29,51	2902,2030	22,22	235	298
1037	49,60	48,54	67,39	31,28	283	259
1058	30,55	2,1	16,15	4,2	248	271
1059	24,51	11,23	20,16	17,25	248	267
1060	1602,1757	9,2	1539,1109	7,3	263	235
1061	7,1	12,10	7,6	16,8	202	207
1062	9,3	578,453	3,3	815,570	248	285
1063	5,3	595,461	1,1	933,654	248	295
1064	21,8	595,461	7,3	933,654	285	295
1065	412,319	601,462	589,489	930,658	285	295
1066	140,145	193,128	197,119	231,131	298	207
1067	497,371	407,344	582,424	601,429	265	273
1068	377,314	359,232	566,413	430,281	273	230
1069	227,203	442,358	350,240	567,406	230	239
1070	346,258	470,446	456,340	841,476	239	256
1071	574,419	312,258	635,444	336,229	256	298
1072	490,381	353,237	511,433	356,289	298	236
1076	70,55	40,38	91,72	95,63	268	271
1077	70,52	0,1	89,73	10,0	268	271
1078	70,52	63,34	89,73	106,76	268	298
1079	70,52	31,28	89,73	39,40	268	298
1080	0,1	63,34	10,0	106,76	271	298
1081	37,33	63,37	115,76	107,77	271	298
1082	38,32	31,31	106,76	40,41	271	298
1083	729,730	1551,1325	1417,728	2205,1752	298	226
1084	26,22	27,31	44,25	33,10	229	256
1085	17,15	18,31	33,24	33,10	234	256
1086	26,15	24,12	29,23	34,23	234	229
1087	20,12	4,1	36,21	0,2	270	234
1088	21,14	23,26	36,21	46,25	270	234
1089	24,10	1,0	18,8	0,0	218	270
1090	25,11	28,23	18,9	56,38	218	270
1091	17,8	0,0	2,1	0,1	298	224
1092	38,48	1547,1180	40,33	1517,1030	226	240
1093	119,101	38,45	106,83	44,35	261	291
1094	116,100	30,42	106,83	38,33	261	291
1095	116,100	1418,1275	106,83	1620,1070	261	287
1096	734,621	1015,923	740,463	1071,691	240	291
1097	724,611	38,45	736,460	44,35	240	291
1098	722,611	30,42	736,460	38,33	240	291
1099	722,611	1418,1275	736,460	1620,1070	240	287
1100	30,42	1418,1275	38,33	1620,1070	291	287
1101	1995,1513	1420,1275	2058,1364	1620,1070	291	287
1102	1995,1514	556,452	2058,1365	518,346	291	195
1103	2003,1516	1002,828	2064,1366	1110,730	291	274
1104	1995,1513	9,12	2058,1364	4,3	291	274
1105	9,12	1420,1275	4,3	1620,1070	274	287
1106	1001,892	1425,1278	1056,685	1626,1072	274	287
1107	1083,913	557,450	1128,764	519,346	287	195
1108	34,32	2032,1763	29,23	2218,1451	272	195
1109	432,341	1631,1273	531,304	1496,1105	195	298
1110	430,341	9,7	531,304	4,3	195	298
1111	14,14	1557,1216	10,8	1477,1093	195	298
1112	1653,1476	1702,1139	1717,1168	1468,1140	298	298
1113	1654,1475	10,7	1717,1168	4,3	298	298
1114	1568,1227	897,802	1481,1096	744,563	298	245
1115	1560,1222	1630,1182	1477,1093	1359,947	298	298
1116	1225,890	1563,1201	1020,701	1366,1023	234	278
1117	1708,1340	755,575	1504,1046	669,600	278	222
1118	1064,951	1117,901	1081,828	1174,829	283	290
1119	1282,847	1076,916	1484,999	1045,799	290	270
1121	1,2	0,0	0,0	0,2	267	267
1122	24,25	83,52	33,28	125,106	180	290
1123	106,69	128,97	189,129	189,154	290	291
1124	72,49	104,101	123,97	180,115	291	298
1125	124,88	137,119	179,154	159,137	298	298
1126	103,101	135,111	180,116	217,170	298	298
1127	177,144	87,100	198,168	159,127	279	235
1128	174,140	161,94	198,168	216,158	279	218
1129	120,82	20,9	209,149	22,16	180	298
1130	33,46	6,0	24,10	5,3	263	272
1131	9,1	384,275	8,4	524,401	263	272
1132	59,61	382,275	112,83	524,403	263	272
1133	38,45	383,275	29,12	524,401	263	272
1134	362,313	260,343	353,287	226,167	298	298
1135	283,297	192,146	328,311	166,133	265	226
1136	146,92	3,1	208,178	5,2	192	239
1137	462,336	4,0	852,641	1,1	298	176
1138	166,130	255,212	297,193	419,360	226	284
1139	593,533	682,530	789,646	912,750	296	244
1140	426,399	682,530	607,495	912,750	258	244
1142	417,368	1740,1413	555,397	2451,1723	262	298
1143	3,3	3,5	4,10	1,0	264	298
1144	30,25	135,109	41,29	99,87	236	268
1145	3,0	6433,5776	1,0	9171,6527	212	298
1146	3,0	1859,2148	1,0	1878,1137	212	278
1147	6433,5776	1859,2148	9171,6527	1878,1137	298	278
1148	27,24	733,835	7,3	798,666	278	248
1149	5116,4480	676,747	6277,4688	680,596	278	248
1150	22,27	132,125	38,12	135,88	298	298
1151	1,2	29,20	0,1	18,20	235	276
1152	1,2	34,20	0,1	19,19	235	279
1153	0,2	32,20	0,1	20,19	235	279
1154	12,13	11,10	11,7	25,20	241	276
1155	285,351	369,381	83,43	164,125	251	298
1156	124,120	661,591	24,5	318,262	298	291
1157	30,81	9,25	3,1	3,0	298	290
1158	5249,4418	3026,2876	8943,6955	3845,2678	272	298
1159	280,248	466,392	302,201	589,405	239	278
1161	1,2	57,46	0,0	136,74	234	225
1163	1,1	57,46	0,0	136,74	230	225
1164	122,146	77,87	85,56	75,47	298	298
1165	30,27	33,31	18,15	12,17	229	276
1166	2,0	16,2	0,0	15,5	209	276
1167	36,22	25,16	28,26	27,13	276	278
1168	7,3	64,62	7,8	79,49	183	298
1169	41,36	61,34	34,47	52,56	272	298
1170	101,99	169,179	119,92	270,134	298	298
1171	102,101	169,179	123,93	270,134	298	298
1172	1,4	26,55	0,0	41,31	224	298
1173	1,4	228,234	0,0	169,139	224	298
1174	0,2	228,234	0,0	169,139	256	298
1176	20,12	2,0	36,24	0,0	280	298
1177	20,12	29,19	36,24	43,38	280	260
1178	20,21	29,19	27,9	43,38	298	260
1179	20,12	46,36	36,24	55,54	280	298
1180	20,21	46,36	27,9	55,54	298	298
1181	0,1	0,2	5,2	0,0	294	238
1182	11,5	56,81	3,7	60,49	298	227
1183	97,100	36,30	85,59	20,27	259	237
1184	39,53	80,101	24,23	58,36	242	246
1185	476,407	1206,1092	861,435	1756,1148	213	292
1186	475,405	630,581	861,435	1012,706	213	237
1187	476,403	11,10	861,435	8,5	213	292
1188	1023,830	631,584	1482,981	1012,706	292	237
1189	1032,839	1368,1177	1490,986	2120,1522	292	265
1190	158,167	68,54	232,136	60,58	241	298
1191	138,151	68,54	216,139	60,58	290	298
1192	7,3	150,166	1,0	67,54	263	207
1193	24,38	147,160	24,26	66,54	263	207
1194	558,546	230,199	843,617	420,315	298	211
1195	138,142	2,0	166,62	1,0	216	298
1196	138,139	20,6	166,62	6,3	216	298
1197	138,142	515,447	166,62	1012,795	216	298
1198	38,39	515,447	11,23	1012,795	298	298
1199	1,1	306,306	0,0	544,412	243	216
1200	1,0	306,307	0,0	545,411	243	216
1201	1,0	306,306	0,0	544,412	256	216
1204	209,197	2,0	288,256	0,0	214	252
1205	2,0	1,0	2,0	0,0	218	204
1206	32,11	28,32	14,12	31,27	222	241
1207	23,18	72,54	37,11	76,46	241	298
1208	63,59	101,48	62,58	84,69	281	298
1209	30,22	80,78	24,22	43,44	298	298
1210	530,439	342,301	660,416	374,311	269	279
1214	14,38	11,7	0,0	0,1	298	208
1216	221,232	214,169	298,194	426,344	290	224
1217	8,13	45,43	13,14	36,30	298	298
1218	0,2	45,43	0,0	36,30	298	298
1219	0,3	45,43	0,0	36,30	298	298
1220	16,15	19,18	12,3	10,6	298	244
1221	180,182	318,287	332,269	717,568	292	298
1222	269,234	181,167	505,355	405,332	298	276
1223	0,2	0,0	3,0	1,2	298	298
1224	5,1	941,729	0,0	1920,1441	261	298
1225	785,625	904,754	1523,1071	1916,1407	298	292
1226	2,0	8,8	0,0	3,0	242	298
1227	30,18	1524,1278	16,17	3348,2388	298	294
1228	12,8	492,424	7,4	986,721	294	219
1231	121,113	1,2	71,51	0,2	248	298
1232	121,113	178,171	71,51	121,116	248	298
1235	191,185	11,8	173,145	9,5	298	224
1236	4,3	153,138	6,0	123,103	271	217
1237	62,56	29,38	86,63	27,21	281	217
1238	80,72	0,16	99,88	5,4	284	249
1239	86,79	59,48	103,71	63,46	245	284
1240	105,101	77,115	93,88	120,85	266	273
1241	179,133	77,115	156,153	120,85	266	273
1242	69,64	111,107	59,28	147,113	247	195
1243	354,310	124,112	414,303	110,86	269	298
1244	550,549	989,905	738,520	1422,1012	245	285
1245	0,2	21,14	0,0	33,32	198	276
1246	258,290	42,40	345,212	77,49	298	203
1247	104,80	131,124	187,141	218,139	260	298
1248	6,1	11,11	0,0	2,0	298	298
1249	53,52	67,68	0,1	0,1	298	298
1250	0,0	2,0	2,1	2,0	222	227
1251	0,0	1,0	2,1	0,0	222	298
1252	0,0	1,0	2,1	0,0	222	227
1253	0,0	4,0	2,1	6,2	222	256
1254	0,0	1,0	2,1	5,0	222	256
1256	2,0	1,0	2,0	0,0	227	298
1257	1,0	4,0	0,0	6,2	227	256
1259	133,116	383,389	134,93	437,369	298	247
1260	0,2	0,0	0,0	1,0	298	173
1261	0,2	0,0	0,0	1,0	298	176
1262	0,2	0,1	0,0	1,0	298	238
1263	11,15	1,2	0,3	0,0	284	263
1264	11,15	2,0	0,3	0,0	284	267
1265	3,3	7,4	0,1	1,0	264	298
1266	8821,8755	41,40	10361,6701	59,48	298	204
1272	439,398	1,2	739,577	1,1	258	242
1273	108,118	229,214	182,60	515,336	298	291
1274	1366,1264	705,603	2122,1679	1275,962	298	223
1275	1363,1265	1367,1243	2122,1679	1712,1239	298	289
1276	1364,1265	1160,983	2122,1679	1810,1252	298	249
1277	1365,1263	12,5	2122,1679	3,1	298	289
1278	1365,1263	1104,1062	2122,1679	2029,1393	298	262
1279	752,713	1360,1241	1110,900	1709,1239	223	289
1280	747,711	5,3	1110,900	0,1	223	289
1281	747,711	1103,1064	1110,900	2029,1393	223	262
1282	12,5	1104,1062	3,1	2029,1393	289	262
1283	5,3	1103,1064	0,1	2029,1393	289	262
1284	1520,1286	629,644	2763,1928	487,405	298	298
1285	45,35	57,47	42,53	51,34	264	212
1286	32,29	0,0	36,44	2,0	264	212
1287	16,14	197,185	20,20	251,182	212	298
1288	33,33	51,24	26,12	32,33	298	220
1289	49,39	13,11	37,23	9,15	228	192
1290	16,16	3,1	10,9	0,0	298	171
1291	31,32	3,1	41,24	0,0	181	171
1292	31,32	92,81	41,24	136,85	181	208
1293	3,1	92,81	0,0	136,85	171	208
1294	38,38	2,0	35,29	0,0	171	269
1295	1,0	395,308	0,1	642,356	208	269
1296	67,59	412,315	92,59	657,360	208	269
1297	53,62	31,49	21,11	32,10	273	233
1298	31,20	5,2	38,23	1,1	211	246
1299	33,29	120,80	64,46	90,51	195	259
1300	1199,1090	1315,1104	1169,879	1405,1080	269	236
1301	2916,2465	84,63	3247,2360	125,79	235	235
1302	1242,1445	20,6	944,480	10,11	230	215
1303	1068,911	7,11	1732,1358	21,25	224	216
1304	872,717	155,139	1286,1003	200,154	216	275
1306	106,99	167,169	143,83	261,174	207	298
1307	150,154	110,116	164,129	86,46	287	277
1308	104,160	143,143	128,118	88,75	277	268
1309	2,7	101,103	1,2	106,60	293	285
1311	3,3	143,131	7,3	172,126	219	276
1312	3,3	88,80	7,3	110,78	219	234
1313	12,17	5,7	14,15	2,7	298	229
1315	2,1	20,25	3,5	26,12	271	203
1316	8,9	19,27	7,6	23,14	271	203
1317	2,2	0,1	6,2	0,0	265	288
1318	18,7	22,17	14,1	21,18	246	235
1319	11,3	12,3	7,3	6,13	235	293
1320	0,0	82,42	1,0	51,31	209	243
1321	48,25	19,14	35,20	41,21	276	245
1322	0,0	19,20	1,0	22,14	217	276
1323	1,0	19,18	1,0	22,16	217	276
1324	2,0	23,19	2,2	22,14	217	276
1325	0,0	14,11	0,5	17,6	245	223
1326	45,30	1,0	65,43	5,0	212	207
1327	46,30	32,33	65,42	68,41	212	207
1329	14,10	122,104	13,3	188,140	241	275
1330	118,84	0,2	185,137	0,0	271	225
1331	51,51	10,4	103,67	3,6	225	272
1332	42,44	127,113	72,49	161,139	213	272
1333	123,104	65,90	167,119	65,48	272	283
1334	824,601	469,466	1239,902	583,415	298	272
1335	68,65	9,16	80,53	14,10	200	179
1336	37,43	27,40	29,20	31,26	179	235
1337	26,32	73,97	27,19	38,23	179	298
1338	331,268	2,7	259,191	0,0	234	224
1339	187,155	11,21	161,111	3,4	224	298
1341	8,8	425,381	21,8	823,643	203	182
1342	1219,1174	541,615	2070,1495	698,529	298	187
1343	1171,864	718,892	1932,1421	936,567	203	210
1344	2119,2126	2342,2059	2980,1911	3299,2467	298	279
1345	2119,2126	0,7	2980,1911	5,4	298	279
1346	2512,2031	857,773	3462,2775	1435,1088	279	226
1347	1565,1289	2452,1897	2027,1560	3894,3014	226	278
1348	44,34	53,48	44,33	45,35	298	247
1349	192,162	225,182	294,225	346,266	194	225
1350	197,194	82,69	317,206	139,101	211	194
1351	2,0	81,69	0,0	140,99	211	194
1352	160,148	178,149	262,152	381,261	197	211
1353	0,0	170,158	1,2	340,267	213	197
1354	296,286	191,159	334,211	206,104	298	269
1355	177,176	193,157	235,137	206,105	298	269
1356	189,148	4,0	231,184	0,1	274	298
1357	191,151	179,175	231,184	235,137	274	298
1358	110,123	137,147	126,92	202,128	227	274
1359	92,125	100,104	130,84	116,104	225	227
1360	220,200	123,85	213,172	153,110	278	225
1361	61,53	4,8	69,39	0,0	265	278
1362	62,54	173,217	69,38	213,150	265	278
1363	32,20	29,36	34,19	21,18	239	298
1364	39,49	16,13	32,22	16,15	291	239
1365	109,82	115,128	90,53	95,62	267	264
1367	1,1	83,60	1,0	109,87	198	227
1371	1,2	5,1	0,0	0,2	276	298
1373	4,0	3,0	0,0	2,4	298	298
1375	36,32	0,5	38,33	0,0	293	275
1377	31,15	21,14	44,16	23,15	276	248
1378	9,10	0,0	23,7	1,2	276	192
1380	2,0	0,0	0,0	1,0	272	291
1382	2,0	2,0	0,0	1,0	272	291
1384	35,28	5,17	48,31	17,6	245	258
1385	55,81	2,3	75,72	1,0	276	245
1386	55,80	13,13	75,72	17,8	276	245
1387	113,142	125,132	78,50	70,27	260	275
1388	539,550	425,479	851,655	558,426	228	221
1389	1,4	425,479	0,1	558,426	298	221
1390	539,550	0,1	851,655	2,0	228	241
1391	5,1	54,72	0,0	24,25	281	239
1392	145,118	64,59	135,89	55,36	298	211
1393	179,190	154,177	177,160	169,134	261	298
1394	189,132	101,70	167,159	89,60	298	261
1395	192,129	223,238	199,131	222,189	270	298
1396	1,3	402,391	1,2	564,317	238	298
1397	2,3	177,206	1,0	139,88	238	298
1398	0,1	15,29	2,0	10,8	298	298
1399	25,11	26,19	43,36	24,16	268	274
1400	13,22	35,26	25,6	55,36	298	268
1401	1115,973	429,368	1175,870	466,376	298	203
1402	211,197	182,138	236,183	280,151	298	281
1403	206,175	197,179	271,170	257,170	268	249
1404	7,7	16,9	13,11	21,27	202	298
1405	7,7	17,12	13,11	24,22	202	291
1406	0,2	6,6	0,2	4,2	247	280
1407	3,1	22,30	0,6	37,38	191	202
1409	7,3	3,1	13,7	2,6	202	298
1410	7,3	3,1	13,7	2,6	202	291
1411	52,68	225,148	107,95	417,286	202	240
1412	2,5	143,111	4,5	210,146	191	202
1413	235,178	212,179	197,133	277,191	275	298
1414	156,142	211,174	160,100	259,186	287	275
1415	68,76	4,1	139,113	1,2	207	298
1416	22,9	0,2	21,14	0,0	294	294
1417	0,8	60,79	0,0	51,22	298	298
1418	5,7	17,12	5,3	5,10	222	298
1419	394,338	1141,1032	289,214	1021,786	298	291
1420	175,161	1138,1026	99,80	1021,786	230	291
1421	437,445	1139,1025	319,248	1021,786	298	291
1422	437,445	1152,1037	319,248	1035,797	298	298
1423	437,445	1149,1037	319,248	1035,797	298	298
1424	450,434	131,89	327,209	100,77	258	223
1425	430,437	198,149	320,248	140,108	298	298
1426	430,437	453,434	320,248	327,209	298	258
1427	27,15	540,461	6,9	373,294	230	246
1428	159,148	541,459	99,79	373,294	230	246
1429	553,524	1002,896	366,295	652,570	212	298
1430	535,509	1002,896	354,282	652,570	207	298
1431	564,532	18,18	367,295	4,4	212	230
1432	607,551	18,18	356,284	4,4	207	230
1433	534,509	10,10	354,282	5,4	207	230
1434	553,525	389,390	366,295	211,197	212	230
1435	535,509	389,390	356,284	211,197	207	230
1436	404,413	379,379	299,241	206,191	182	230
1437	340,423	439,351	191,112	322,217	298	298
1438	443,412	289,288	374,287	277,110	278	298
1439	448,405	667,528	352,238	358,282	287	285
1440	437,402	276,291	410,235	294,194	297	247
1441	490,483	393,353	513,270	527,379	298	297
1442	64,121	152,183	63,19	115,53	298	282
1443	146,159	252,350	118,62	310,184	272	298
1444	459,402	229,200	860,626	274,159	284	264
1450	23,43	302,351	10,8	264,206	262	231
1451	679,665	378,427	941,523	321,278	298	262
1452	81,61	650,518	59,74	905,626	237	298
1453	45,37	648,514	36,45	905,622	237	298
1454	403,337	392,378	462,355	664,418	248	232
1455	124,104	1015,923	109,85	1071,691	261	291
1456	968,759	610,576	1020,847	515,392	246	222
1457	707,633	8,5	585,520	0,0	222	298
1458	708,634	10,12	587,520	9,4	222	298
1459	707,637	0,1	585,520	3,0	222	298
1460	1717,1566	165,132	1454,1107	215,141	298	228
1461	1709,1555	6751,6633	1445,1103	8350,7034	298	225
1462	1709,1555	6500,6371	1445,1103	8029,6746	298	221
1463	0,0	6753,6649	0,2	8348,7038	228	225
1464	11,10	9930,8171	10,8	13909,10713	225	298
1465	5,6	9930,8171	5,5	13909,10713	221	298
1468	84,64	137,159	136,128	255,136	212	257
1469	162,224	2,1	166,107	0,0	298	252
1470	131,145	156,136	222,188	152,104	292	273
1471	197,180	318,323	183,145	383,206	268	242
1472	333,287	372,372	552,431	532,477	237	273
1473	343,409	4352,3852	619,249	8286,6026	261	298
1474	72,74	60,57	145,88	79,67	298	217
1475	73,80	80,64	140,96	129,95	217	264
1476	147,152	4,6	229,149	5,1	264	294
1477	1,0	0,1	1,0	1,0	221	243
1478	818,623	774,653	1173,843	986,809	298	257
1479	226,180	11,15	328,289	12,3	236	255
1480	30,22	3,0	12,3	0,1	276	207
1481	67,53	16,8	15,20	12,7	298	245
1482	4,0	2,0	4,4	5,0	287	247
1483	3,0	22,16	0,0	18,12	236	298
1484	444,453	1124,926	565,400	1241,919	271	298
1485	158,161	2,0	103,107	1,0	298	258
1486	158,161	2,4	103,107	1,0	298	255
1487	262,268	2,0	187,181	1,0	298	258
1488	262,268	2,4	187,181	1,0	298	255
1489	341,284	275,324	415,294	398,255	258	282
1490	114,119	275,324	218,147	398,255	255	282
1491	159,141	164,168	74,70	74,38	237	266
1492	66,100	145,172	38,19	115,75	236	237
1493	127,177	179,176	127,78	114,99	298	289
1494	487,445	15,9	437,304	1,8	288	265
1495	172,142	15,9	166,99	1,8	243	265
1496	1278,1150	1842,1549	1392,1097	1813,1390	298	298
1497	1399,1271	1118,1092	1502,1198	1133,826	298	297
1498	1934,1672	702,694	1863,1424	570,389	297	241
1499	530,601	1043,925	386,200	1021,738	261	247
1500	1458,1283	1292,1210	1608,1190	1161,830	260	298
1501	1492,1316	1737,1497	1643,1200	1741,1406	298	275
1502	1162,1026	763,655	994,775	640,520	298	298
1503	1170,1029	835,838	995,775	789,523	298	298
1504	1157,1019	1738,1495	994,775	1741,1406	298	275
1505	1291,1210	1811,1550	1161,832	1785,1442	298	287
1506	1291,1210	1753,1505	1161,832	1742,1406	298	275
1507	193,163	694,622	302,193	895,683	223	234
1508	8,6	586,459	4,2	723,551	234	234
1509	638,517	585,457	994,734	722,546	234	234
1510	431,308	840,731	494,397	1072,857	210	273
1511	680,636	270,285	783,613	283,180	249	298
1512	542,558	995,847	609,468	1457,1060	223	234
1513	0,1	73,46	0,0	75,65	242	204
1514	120,110	73,46	214,181	75,65	258	204
1515	58,74	191,148	83,40	232,192	255	258
1516	49,78	108,98	17,13	78,36	298	214
1517	20,33	244,286	31,17	287,178	214	280
1518	161,156	215,250	136,70	336,256	280	228
1519	2,6	250,216	1,5	323,212	267	260
1520	5,8	197,246	2,1	170,83	261	277
1521	60,81	63,98	32,15	47,30	237	277
1522	49,74	213,211	47,27	230,161	298	273
1523	228,261	16,28	223,165	9,2	298	298
1524	7,14	18,17	3,3	18,22	256	237
1526	28,36	389,383	8,7	561,429	228	298
1527	24,29	75,68	29,12	64,31	241	276
1528	3,1	2,6	2,1	4,1	211	298
1531	16,18	178,214	32,26	298,142	266	298
1532	16,18	237,271	32,26	397,202	266	298
1533	16,18	141,192	32,26	232,114	266	289
1534	174,154	163,151	327,242	395,289	242	256
1535	216,225	163,151	514,396	395,291	278	256
1536	216,220	158,144	513,399	404,315	278	298
1537	156,138	638,594	246,178	735,484	207	298
1538	318,386	196,203	247,197	241,148	294	214
1539	392,375	617,509	320,236	731,504	298	298
1540	266,272	307,294	227,191	290,235	263	258
1541	11,35	337,305	7,0	428,295	294	263
1542	143,111	91,85	134,100	109,62	243	204
1543	78,65	76,75	160,89	50,40	204	223
1544	117,100	13,22	172,127	12,22	207	298
1545	129,105	58,47	175,96	76,66	242	207
1546	95,75	68,77	116,91	130,85	217	242
1547	120,120	68,76	165,109	124,85	262	242
1548	153,165	49,40	135,84	36,22	258	249
1550	0,2	16,21	0,0	3,6	271	298
1551	21,26	14,20	13,15	19,11	298	249
1552	2,9	2,14	6,3	4,3	230	273
1553	154,145	29,49	194,168	43,23	198	176
1554	320,271	626,587	516,375	851,703	213	194
1555	12,3	5,7	26,15	5,2	224	169
1556	10,21	54,59	11,5	28,28	276	298
1557	41,50	186,194	36,12	142,74	187	239
1558	54,78	317,372	32,8	246,136	197	298
1559	10,18	562,509	5,1	504,419	253	289
1560	570,503	562,509	554,430	504,419	279	289
1561	534,456	604,465	518,393	438,233	257	279
1562	469,381	383,354	312,272	380,277	230	257
1563	198,153	345,287	176,123	353,264	230	230
1564	2,0	23,16	0,0	17,22	298	190
1565	171,179	87,120	108,67	80,59	298	251
1567	643,610	376,356	738,521	345,200	298	298
1568	643,610	430,435	738,521	376,238	298	298
1569	119,158	2,4	66,65	2,0	223	298
1570	24,34	73,80	31,7	49,37	222	223
1571	75,78	63,56	60,51	42,33	240	298
1572	253,280	6,1	243,162	4,4	298	265
1573	397,399	588,511	440,375	576,373	262	298
1574	371,275	1438,1237	587,363	1712,1295	225	298
1575	370,273	137,125	587,363	73,49	225	183
1578	28,35	137,126	4,0	73,49	298	183
1579	49,47	18,15	49,31	13,11	298	298
1580	42,39	46,42	84,41	60,47	298	298
1583	85,66	138,124	141,109	293,209	212	247
1584	22,9	10,11	38,16	26,19	298	226
1589	20,15	47,49	45,24	40,53	195	230
1590	72,77	36,28	97,70	42,34	273	195
1597	74,54	25,28	99,87	38,27	249	232
1598	31,40	66,72	33,35	94,66	232	232
1599	0,0	2,1	2,0	6,2	270	272
1600	0,1	2,0	1,0	0,0	270	298
1601	41,37	26,23	103,57	34,42	223	202
1602	101,117	95,70	198,141	182,146	252	252
1603	74,51	103,97	120,89	197,157	228	298
1604	35,32	41,30	77,44	83,49	190	209
1605	74,60	38,35	134,138	112,53	256	189
1606	74,60	66,63	134,138	194,101	256	274
1607	63,50	1,3	102,91	2,2	248	256
1608	69,53	39,44	108,94	93,58	248	256
1609	44,29	19,12	54,46	33,25	275	226
1612	56,44	34,15	33,56	35,22	298	246
1613	62,44	3,2	33,59	1,1	298	246
1614	121,47	0,3	85,72	3,0	224	265
1615	392,312	97,127	587,434	140,114	288	280
1616	352,277	98,122	650,464	139,112	298	280
1617	276,236	316,284	410,283	578,346	233	288
1618	564,427	524,453	905,578	854,677	298	298
1619	263,195	477,372	407,320	689,454	193	298
1620	193,186	663,502	301,261	1168,827	238	298
1621	292,206	119,71	384,322	225,137	263	211
1622	287,202	187,188	375,314	319,233	263	248
1623	300,240	149,153	463,278	281,205	247	248
1624	5,3	149,153	7,5	281,205	263	248
1625	305,290	181,143	463,286	197,169	298	209
1644	0,2	111,99	5,0	100,97	298	298
1645	118,87	111,97	152,97	100,98	298	298
1646	118,87	78,70	152,97	66,60	298	233
1647	14,1	113,97	4,1	100,97	298	298
1648	139,88	115,80	144,105	139,89	298	298
1649	645,537	577,455	1120,786	1214,855	287	298
1650	24,12	879,683	23,7	1628,1242	273	240
1651	655,549	314,238	1130,790	587,441	287	240
1652	288,249	550,418	580,393	1011,783	298	287
1654	148,152	26,49	106,87	19,12	243	298
1655	23,14	25,9	33,17	19,15	298	298
1656	9,14	1,1	3,7	4,0	276	298
1658	1,1	1,1	1,1	1,0	199	217
1659	9,14	1,2	3,7	2,6	276	278
1662	11,6	9,14	18,1	3,7	281	276
1663	0,1	31,25	2,0	25,5	298	298
1666	232,195	165,130	340,243	374,296	285	284
1667	288,239	213,156	465,381	425,330	284	273
1668	3,4	112,81	15,8	217,155	273	215
1669	2679,2392	2549,2198	4393,3282	5060,3791	257	294
1670	39,55	82,79	70,64	131,102	248	246
1671	27,30	13,12	63,34	22,20	227	184
1672	3,7	4,0	7,7	11,7	298	298
1673	0,1	4,0	3,0	12,7	194	298
1682	103,87	79,74	120,101	93,55	236	245
1683	103,99	51,68	112,82	106,87	298	275
1686	0,1	2,2	1,0	18,6	268	298
1687	6,7	2,2	12,9	18,6	248	298
1688	0,1	0,0	1,1	1,3	298	291
1689	11,6	0,0	9,11	1,3	248	291
1690	11,6	0,1	9,11	1,1	248	298
1691	4,0	6,5	14,8	8,3	298	277
1692	6,7	0,1	12,9	1,0	248	268
1693	3,2	0,0	10,6	3,0	298	268
1694	0,2	0,0	5,1	6,0	298	298
1695	1,0	5,0	1,1	13,6	257	298
1703	60,41	30,21	72,32	45,20	298	226
1704	59,37	38,50	47,27	41,35	266	298
1705	58,37	61,80	47,27	76,72	266	298
1706	75,81	56,79	92,57	75,70	298	298
1707	297,246	16,21	485,343	28,25	227	298
1708	99,90	0,0	147,109	0,1	227	298
1709	99,90	5,5	147,109	9,4	227	214
1710	100,90	4,6	146,109	8,3	227	214
1711	100,90	233,189	146,109	311,260	227	290
1712	99,91	4,8	146,110	8,5	227	214
1713	0,0	5,5	0,1	9,4	298	214
1714	7,4	76,51	7,14	92,58	298	214
1715	4,6	233,189	8,3	311,260	214	290
1716	73,52	230,189	90,56	312,258	214	290
1717	6,6	230,189	6,6	311,259	214	290
1718	124,120	233,189	262,185	313,260	216	290
1719	249,185	236,203	373,282	375,294	281	298
1720	141,120	98,118	212,150	196,149	245	222
1721	97,87	98,120	134,96	198,150	207	222
1722	96,84	3,4	135,96	2,6	207	298
1723	96,85	1,4	148,94	3,1	222	271
1724	329,260	292,240	487,380	325,260	267	298
1728	0,0	5,3	0,1	6,5	190	232
1729	6,4	295,276	1,1	284,200	298	298
1730	219,204	295,276	193,138	284,200	298	298
1731	210,156	252,225	163,123	219,178	284	298
1732	15,15	19,16	32,14	18,11	298	285
1734	105,56	62,77	106,93	105,91	212	235
1735	1,9	11,10	3,2	6,0	247	294
1736	4,6	16,16	1,1	8,5	263	259
1737	4,12	6,10	8,5	5,0	298	298
1738	278,165	248,225	307,199	398,253	256	298
1739	291,246	181,134	463,298	271,170	298	256
1740	176,167	127,105	261,144	192,109	298	238
1741	212,184	119,97	222,189	151,109	298	234
1742	143,144	279,202	156,117	348,209	287	298
1743	134,118	283,201	175,156	348,209	250	298
1744	32,39	34,21	21,21	38,26	264	298
1745	50,24	14,19	37,37	25,10	287	214
1746	34,28	17,17	23,10	14,4	211	211
1747	21,21	8,5	19,13	10,1	240	240
1748	4,1	36,25	0,0	32,18	180	222
1751	72,43	60,50	126,87	136,80	274	247
1752	35,35	96,63	95,52	125,109	247	287
1753	28,26	18,24	39,36	33,25	214	298
1754	12,19	29,21	25,26	72,62	298	276
1755	3,0	24,27	3,2	58,52	276	280
1756	14,17	24,27	26,17	60,52	276	280
1757	42,27	4,2	71,67	1,0	245	269
1758	139,155	236,188	231,153	324,241	284	298
1759	143,156	143,122	236,153	227,169	284	259
1760	143,156	210,180	236,153	364,275	284	298
1761	2,4	8,6	9,3	3,3	239	218
1762	301,323	2,0	496,344	0,1	284	239
1763	4,1	6,3	1,3	5,0	298	298
1766	524,433	597,383	893,611	855,742	298	298
1767	601,489	596,414	1061,775	1139,775	265	298
1768	544,378	311,255	972,695	567,379	260	265
1769	635,541	638,516	988,758	998,687	275	260
1770	749,576	772,645	1080,779	1135,821	287	298
1771	150,128	419,332	302,188	770,547	227	256
1779	136,133	22,14	184,157	30,29	236	298
1780	136,133	1227,921	184,157	3353,2524	236	298
1781	107,119	133,105	172,144	285,229	236	209
1782	22,14	1227,921	30,29	3353,2524	298	298
1783	32,34	2053,1593	50,58	5233,4047	298	298
1786	2538,2048	113,116	3698,2623	124,56	230	284
1787	928,734	1619,1314	1241,866	2205,1505	230	298
1788	56,59	49,41	69,41	63,38	298	248
1789	82,83	99,69	62,53	110,85	248	293
1790	78,67	61,65	90,58	49,35	293	245
1791	1317,1053	10,26	2103,1569	19,20	298	272
1792	1317,1053	497,397	2103,1569	778,652	298	259
1793	1345,911	294,224	2269,1642	386,396	259	226
1794	7,11	26,29	9,10	16,7	181	298
1801	134,99	59,47	147,112	66,48	298	249
1802	40,51	40,38	92,47	85,54	298	256
1809	6,4	9,12	7,11	12,14	278	257
1810	6,8	0,0	9,9	0,1	257	223
1811	7,9	6,2	13,15	6,3	257	224
1820	302,252	386,293	371,304	521,345	249	248
1821	64,77	81,63	89,71	60,39	279	249
1822	2,4	68,49	9,0	58,35	279	249
1823	40,46	68,49	45,27	58,35	191	249
1824	40,46	2,4	45,27	9,0	191	279
1825	44,52	59,60	33,23	60,67	191	279
1826	7,6	14,19	13,9	19,10	222	188
1827	3,7	0,0	12,6	2,2	236	176
1828	24,18	510,450	48,21	949,618	298	251
1829	632,517	858,731	1215,984	1600,1249	251	298
1830	213,155	508,479	221,172	655,473	182	254
1831	252,225	552,438	322,237	711,521	208	280
1832	2,8	108,101	0,0	151,97	298	213
1833	71,65	108,101	126,61	151,97	298	213
1834	1,7	108,101	14,8	151,97	298	213
1835	2,5	191,166	15,8	164,81	298	298
1836	72,63	191,166	127,61	164,81	298	298
1837	17,15	641,523	25,8	944,621	201	251
1838	351,283	641,523	402,264	944,621	235	251
1839	745,633	317,254	626,462	347,259	298	201
1840	745,633	452,341	626,462	483,352	298	235
1841	255,211	50,38	261,198	47,29	244	298
1842	258,211	594,512	260,199	652,479	244	298
1843	8,7	456,403	2,3	429,281	237	244
1844	181,214	456,403	273,197	429,281	251	244
1845	181,214	8,7	273,197	2,3	251	237
1846	62,78	207,188	47,33	233,163	224	251
1847	264,418	768,882	327,189	753,543	298	244
1848	593,596	319,286	544,429	376,228	258	200
1849	577,602	1266,1065	908,646	2334,1872	249	214
1850	186,406	553,677	142,61	655,343	242	298
1851	1200,1202	28,49	1596,1128	13,8	298	298
1852	137,196	622,728	111,63	790,469	220	298
1853	197,187	235,203	341,278	398,286	215	215
1854	241,208	373,294	381,347	530,441	227	215
1855	1,1	389,432	1,0	380,220	212	269
1856	5,6	388,431	2,3	380,221	212	269
1857	223,186	406,324	306,254	726,554	217	257
1858	24,22	3313,2671	2,5	3387,2696	287	215
1859	3499,3153	5791,4634	3795,2774	6089,4759	254	271
1860	3499,3153	6091,4840	3795,2774	6452,5022	254	275
1861	1573,1619	6,3	1006,716	0,1	298	254
1862	16,19	3587,3086	12,10	3686,2799	287	254
1863	24,22	3594,3079	2,5	3689,2795	287	254
1864	414,397	353,336	468,344	419,312	245	266
1865	406,385	353,332	418,336	418,312	221	266
1866	559,486	729,684	738,484	805,612	276	298
1867	388,271	727,682	581,387	807,612	221	298
1868	150,120	267,265	177,137	398,226	198	221
1869	151,121	632,499	179,136	840,556	198	298
1870	150,120	699,706	179,136	764,537	198	273
1871	675,548	459,406	786,533	654,476	298	244
1872	686,550	145,133	796,533	161,133	298	198
1873	207,171	20,15	206,126	15,6	262	298
1874	205,170	653,557	206,128	805,635	262	298
1875	0,4	563,452	0,0	670,453	230	262
1876	111,99	84,134	168,85	135,101	298	261
1877	44,63	167,151	37,12	312,148	252	298
1878	60,63	74,73	41,49	93,75	298	269
1879	138,116	79,73	129,114	56,40	272	298
1880	54,46	54,51	79,55	30,38	194	272
1881	129,96	52,47	172,92	28,38	269	272
1882	121,124	86,103	168,103	104,103	265	242
1883	75,98	85,104	74,63	104,103	232	242
1884	75,93	174,146	74,63	188,115	232	265
1885	97,69	47,41	106,80	50,32	209	203
1886	26,28	44,40	39,26	48,29	298	203
1887	6,5	18,21	5,4	42,25	298	189
1888	0,0	18,26	3,2	42,27	298	255
1889	0,0	60,51	3,2	90,48	298	189
1890	0,1	80,35	0,0	70,56	255	262
1891	7,9	80,35	8,4	70,56	189	262
1892	72,52	20,16	69,28	8,5	262	218
1893	6,0	13,12	0,1	6,7	298	214
1894	68,39	13,12	43,38	6,7	278	214
1895	73,107	55,45	51,15	51,33	290	283
1896	53,53	55,45	38,18	51,33	277	283
1897	10,17	104,94	4,3	56,53	255	298
1898	45,37	110,98	23,12	70,74	215	216
1899	229,191	133,114	82,66	83,71	280	298
1900	66,48	106,97	55,36	77,51	217	220
1901	131,140	14,14	140,58	5,3	298	298
1902	51,26	108,88	53,49	115,79	227	249
1903	86,63	40,47	93,42	25,16	298	298
1904	84,62	19,15	93,42	12,21	298	298
1905	3,1	40,47	0,0	25,16	270	298
1906	2,12	20,14	11,2	4,6	298	298
1910	148,129	176,140	284,202	318,208	253	233
1911	59,64	94,73	56,31	134,107	247	298
1912	104,100	0,2	129,83	0,0	298	238
1913	43,27	163,164	21,24	180,128	298	298
1914	143,126	545,523	187,141	644,430	195	298
1915	156,133	549,523	225,137	645,430	222	298
1916	160,136	230,196	226,137	241,182	222	195
1917	1,0	7,11	0,0	1,4	298	263
1918	4,18	19,30	0,5	8,1	298	208
1919	96,90	19,30	85,49	8,1	197	208
1920	160,169	80,99	250,202	127,95	298	236
1921	5,3	80,99	4,0	127,95	252	236
1922	117,86	204,143	114,74	228,160	227	235
1923	755,629	76,118	1587,1182	69,40	247	168
1924	1174,1069	5,0	1849,1347	1,0	292	283
1925	1170,1068	2,0	1851,1347	2,0	292	247
1926	1174,1069	634,683	1849,1347	833,549	292	247
1927	21,60	188,140	23,15	229,170	293	298
1929	486,401	653,632	523,339	705,545	266	298
1930	0,0	54,49	2,0	79,43	298	271
1934	4,7	2,5	27,13	23,17	258	225
1935	18,12	19,14	16,6	16,13	197	261
1936	14,13	11,17	20,19	17,6	258	270
1939	23,5	716,501	2,2	813,656	278	298
1940	168,108	618,479	163,133	802,563	207	294
1941	378,307	645,548	416,337	948,768	294	298
1942	610,476	338,284	802,563	466,389	298	226
1943	334,279	564,484	491,378	957,696	226	273
1944	526,468	422,349	747,645	639,513	273	238
1945	1,0	365,271	1,3	517,400	238	224
1946	357,288	382,282	617,442	517,402	238	224
1947	130,121	41,35	269,206	65,66	298	213
1948	68,74	122,112	136,124	224,198	213	268
1949	699,527	371,330	973,720	386,332	298	227
1950	441,369	707,526	451,316	860,682	262	298
1951	712,561	633,547	944,647	816,598	254	298
1952	516,407	522,395	620,479	713,507	257	254
1953	427,352	712,573	531,348	1031,671	278	257
1954	3,2	705,573	7,0	1031,671	278	257
1955	131,121	54,36	200,116	45,27	298	298
1956	65,60	146,131	88,65	205,133	225	298
1958	5,8	10,2	0,1	1,2	290	252
1959	127,114	46,43	152,94	82,39	298	253
1960	103,105	103,82	128,86	106,84	298	298
1961	73,83	128,117	97,57	152,94	234	298
1962	80,58	60,56	84,78	71,50	215	234
1963	82,64	179,144	50,36	171,119	255	298
1964	84,62	225,164	50,36	160,116	255	265
1965	58,37	193,195	32,36	141,111	265	275
1966	60,61	194,194	55,49	141,111	265	275
1967	57,54	162,113	53,48	139,75	265	262
1968	6,4	377,349	4,1	292,199	240	275
1969	172,147	184,151	141,77	173,119	275	298
1970	3,4	179,146	2,0	171,120	275	298
1971	205,204	162,112	154,125	141,75	298	262
1972	130,104	172,158	125,89	140,108	262	298
1973	93,67	27,23	97,89	33,15	298	250
1974	4,9	11,15	0,6	25,21	298	230
1975	3,11	11,15	1,6	25,21	290	230
1976	44,41	10,15	74,52	25,21	290	230
1977	88,95	6,12	138,116	7,4	290	266
1979	23,35	32,26	13,3	19,6	251	298
1980	13,4	71,70	16,7	163,111	207	252
1983	239,182	149,117	275,204	247,183	298	261
1984	159,172	178,149	269,235	241,204	277	298
1985	86,77	220,183	62,61	163,116	219	298
1986	61,51	234,205	64,40	175,135	193	298
1987	102,79	144,108	75,65	127,90	298	245
1988	101,75	2,3	75,65	0,0	298	245
1989	143,136	114,80	117,84	126,60	245	242
1990	137,123	210,166	116,82	151,103	245	260
1991	150,104	193,162	93,76	131,95	242	260
1992	88,59	108,71	101,59	85,63	216	231
1993	136,114	115,95	164,111	53,79	298	241
1994	127,84	143,117	94,76	103,98	241	239
1995	204,163	174,122	134,147	123,123	298	261
1996	5,8	106,118	15,5	157,103	210	256
1997	141,123	115,110	212,157	162,106	256	215
1998	31,58	31,48	47,25	93,46	298	298
1999	3,0	31,48	0,0	93,46	251	298
2000	23,31	38,36	81,37	65,41	290	298
2001	69,46	42,49	114,61	63,52	298	298
2002	0,4	25,21	1,2	11,17	237	204
2003	39,24	28,40	35,27	46,21	204	225
2004	3,11	9,3	14,4	5,0	298	264
2005	42,33	134,106	50,17	155,115	226	233
2006	175,104	230,171	219,130	176,163	274	298
2007	11,23	112,103	25,12	97,77	215	240
2008	80,63	107,113	58,35	142,109	298	266
2009	20,19	161,167	14,4	138,102	298	298
2010	22,17	136,134	15,0	198,160	298	227
2011	261,267	107,113	223,160	142,109	285	266
2012	201,223	161,167	179,129	138,102	285	298
2013	203,221	37,45	180,125	53,28	285	298
2014	203,221	136,134	180,125	198,160	285	227
2015	70,73	216,212	46,27	181,137	266	298
2016	69,71	135,136	36,29	198,164	266	227
2017	534,453	178,180	719,506	262,142	298	236
2018	580,488	412,398	759,568	432,333	298	298
2019	225,175	503,424	257,179	710,504	261	298
2020	402,318	304,264	391,275	422,266	288	255
2021	111,82	293,279	153,91	464,317	224	288
2022	153,157	153,142	199,146	230,137	212	233
2023	343,234	154,140	438,331	227,136	281	233
2024	334,232	213,211	434,328	329,244	281	257
2025	257,207	188,202	283,197	310,225	298	257
2026	287,225	355,322	304,217	413,338	298	281
2027	270,228	320,281	414,306	388,309	268	281
2028	299,262	354,256	436,333	474,356	268	298
2029	178,162	223,176	211,167	250,177	255	268
2030	299,277	287,239	330,289	313,238	284	272
2031	146,116	260,234	263,197	347,257	236	284
2032	103,114	166,125	101,52	230,171	257	265
2033	106,93	777,678	113,109	1080,750	199	297
2034	430,392	249,197	476,366	308,231	270	218
2035	423,385	780,679	461,351	1083,752	270	297
2036	333,293	784,681	392,336	1096,767	218	297
2037	32,22	1259,936	34,7	1575,1076	298	250
2038	653,462	813,642	756,519	934,683	240	257
2039	547,437	414,342	798,496	323,286	257	212
2040	178,109	402,269	247,207	527,398	290	298
2041	294,230	377,250	365,277	501,374	298	298
2042	247,185	406,256	300,218	522,388	298	298
2043	18,21	377,246	23,16	499,376	298	298
2044	294,230	2,0	365,277	0,1	298	298
2045	270,203	303,241	320,235	425,341	298	290
2046	318,228	228,168	375,280	323,263	298	290
2047	1,7	226,168	6,5	324,263	298	290
2048	246,181	228,168	341,185	323,262	297	290
2049	282,259	177,107	358,294	236,193	298	298
2050	2,4	177,107	7,4	236,193	245	298
2051	61,33	173,102	71,25	233,194	297	298
2052	3,3	78,73	4,6	103,83	298	298
2053	2,4	282,259	7,4	358,294	245	298
2054	3,4	569,477	6,6	710,559	245	298
2055	217,235	469,423	260,122	743,510	232	269
2056	415,409	469,423	516,262	743,510	298	269
2057	5,7	469,423	3,6	743,510	295	269
2058	419,305	502,449	596,403	756,527	295	269
2059	420,303	199,177	595,398	360,215	295	298
2060	2,3	199,177	3,0	360,215	269	298
2061	32,26	199,177	15,14	360,215	269	298
2062	529,429	198,179	926,630	361,220	269	298
2063	317,257	441,364	561,423	709,553	236	298
2064	391,348	232,213	660,424	438,262	298	230
2065	209,203	574,451	383,278	1078,745	230	298
2066	55,61	0,2	36,23	0,0	248	192
2067	19,22	92,76	14,6	79,24	237	236
2068	64,40	21,30	49,30	21,25	283	209
2069	560,509	475,377	1011,664	727,450	298	268
2070	502,373	482,375	752,557	728,453	278	268
2071	507,375	491,515	753,555	883,644	278	298
2072	773,558	441,378	1312,917	645,495	298	286
2073	249,222	713,601	429,362	1062,809	226	298
2074	252,208	399,296	344,211	637,488	200	226
2075	642,553	360,325	978,556	387,305	274	231
2076	681,597	174,140	1044,606	336,263	274	200
2077	219,208	522,462	309,224	894,567	217	274
2078	18,13	556,492	16,18	793,591	266	272
2079	473,377	556,493	685,484	794,590	266	272
2080	96,61	556,492	80,68	794,592	190	272
2081	501,388	413,301	706,500	616,458	266	237
2082	15,17	413,301	12,9	616,458	225	237
2083	25,8	407,301	28,19	613,459	266	237
2084	96,61	407,301	81,68	613,459	190	237
2085	15,17	501,388	12,9	706,500	225	266
2086	96,61	25,8	81,68	28,19	190	266
2087	57,64	25,10	69,47	19,16	251	266
2088	102,60	594,447	83,69	997,694	190	266
2089	57,64	594,449	68,47	988,691	251	266
2090	3,0	594,449	2,1	988,691	190	266
2091	5,10	24,16	33,13	20,19	212	277
2092	13,29	26,7	34,20	13,29	298	298
2093	18,11	24,7	18,12	14,27	298	298
2094	19,11	16,13	18,13	14,18	298	298
2095	29,44	142,145	43,18	147,129	298	252
2096	50,55	4,14	34,19	19,5	260	211
2097	60,61	33,52	58,29	31,23	259	298
2098	64,55	49,48	76,36	44,25	265	259
2099	4,2	39,60	2,3	12,8	170	298
2100	12,4	9,19	14,12	18,10	298	208
2101	3,0	10,5	4,5	5,5	190	272
2102	3,0	14,22	2,2	15,23	190	273
2103	76,38	98,74	120,73	84,76	219	238
2104	125,125	378,289	173,157	392,293	245	298
2105	124,85	73,65	59,45	46,20	251	219
2106	43,42	113,96	19,18	107,40	224	251
2107	272,216	1989,1612	296,162	2744,1839	234	283
2108	269,215	1970,1554	296,163	3008,2147	234	278
2109	269,215	2353,1846	296,163	3464,2498	234	298
2110	28,18	2353,1846	15,10	3464,2498	229	298
2111	6,9	1719,1382	9,5	2751,1860	228	266
2112	6,9	590,493	8,5	874,610	228	201
2113	572,507	2222,1748	819,551	3350,2396	228	298
2114	572,507	1971,1550	819,551	3007,2144	228	278
2115	570,507	1,3	818,548	3,5	228	275
2116	738,541	1117,843	1080,651	1426,1038	210	246
2117	2231,1776	591,493	2755,1980	873,610	267	201
2118	2228,1776	21,22	2755,1979	29,19	267	201
2119	1526,1142	638,543	2248,1627	911,624	246	201
2120	1534,1150	844,638	2264,1633	1153,673	246	231
2121	831,706	562,456	1258,896	679,506	201	211
2122	728,770	1444,1278	1233,853	2398,1915	279	251
2123	1167,1093	1638,1488	1768,1331	2450,1847	251	262
2124	198,198	250,240	148,91	196,170	298	275
2125	364,303	418,379	277,216	376,245	275	287
2126	290,277	335,284	217,185	318,192	287	275
2127	343,330	164,128	332,210	190,105	275	211
2128	211,185	405,413	117,81	375,246	216	276
2129	283,243	232,233	198,139	110,43	251	298
2130	958,826	386,451	1039,694	284,154	298	298
2131	657,538	547,652	458,253	292,156	298	298
2132	787,766	546,652	738,528	292,156	298	298
2137	961,876	1345,1104	1286,963	1853,1537	285	298
2138	708,714	1324,1082	814,508	1849,1535	254	298
2139	722,738	1125,1047	817,509	1463,1250	254	285
2140	1017,837	762,724	1148,733	1112,864	270	254
2141	860,826	906,865	866,586	1051,640	282	270
2142	2,1	386,424	1,0	362,232	298	277
2143	408,360	1000,812	440,324	791,535	238	286
2144	408,360	12,20	440,324	7,6	238	298
2145	616,628	396,344	646,466	282,177	286	236
2146	557,490	694,728	484,353	492,292	236	298
2147	124,150	291,192	102,58	285,199	229	227
2148	130,96	207,189	174,91	211,151	265	294
2149	2424,2011	2165,1865	3646,2629	2971,2357	298	262
2150	66,69	2165,1865	25,22	2971,2357	261	262
2151	2171,1902	2164,1866	3645,2826	2971,2356	261	262
2152	2170,1902	2006,1642	3644,2824	2996,2375	261	240
2153	8,11	2161,1863	3,16	2970,2356	261	262
2154	2046,1923	2006,1641	3062,2317	2998,2377	262	240
2155	485,411	830,598	650,403	1410,968	298	252
2156	1,0	830,598	2,0	1410,968	263	252
2158	18,10	3,8	10,4	2,1	273	221
2160	2,5	151,123	3,0	165,129	221	168
2161	2,5	1087,878	3,0	2081,1287	221	283
2162	151,123	1087,878	165,129	2081,1287	168	283
2163	473,413	969,830	814,536	1498,1100	219	272
2164	1043,856	648,500	1615,1197	901,656	272	236
2165	111,90	27,32	148,118	74,66	249	203
2167	69,69	2,1	125,108	4,0	249	203
2168	70,53	176,144	58,34	225,181	203	278
2169	0,16	61,68	0,2	51,19	291	216
2170	23,23	23,12	13,8	17,11	298	279
2171	154,116	122,99	156,131	228,172	298	267
2172	67,56	142,115	53,28	204,143	225	275
2174	115,101	129,132	106,78	127,120	258	282
2175	187,124	144,88	172,139	113,101	282	290
2178	21,11	13,16	34,28	16,16	254	298
2179	7,5	14,9	7,2	19,16	221	268
2180	66,62	87,79	91,68	103,93	298	298
2184	52,30	40,51	44,36	60,26	254	260
2185	102,118	5,6	154,104	5,3	222	194
2186	3,1	19,9	2,2	3,4	184	167
2187	15,20	1,0	10,3	1,1	224	289
2189	6,4	5,5	19,9	13,12	231	221
2190	12,9	37,33	16,5	30,39	233	258
2191	13,15	21,20	23,16	19,21	290	261
2192	13,15	20,23	23,16	36,30	290	258
2193	2,5	23,31	4,7	20,15	261	235
2194	17,20	23,31	28,16	20,15	258	235
2195	268,244	169,128	305,223	214,158	259	276
2197	36,21	19,18	17,8	6,10	298	214
2201	0,0	59,67	0,1	43,33	193	273
2202	53,29	28,13	29,28	7,10	276	298
2203	157,135	14,14	258,205	8,6	266	280
2204	157,134	96,107	258,206	164,153	266	280
2205	504,415	191,140	915,754	278,219	262	218
2206	41,38	47,30	43,22	28,29	269	270
2207	49,23	42,24	42,18	27,24	278	270
2208	24,13	76,89	19,14	112,59	180	276
2209	72,81	77,51	60,65	73,54	280	257
2210	0,0	56,63	2,1	48,36	278	239
2211	42,52	56,63	40,36	48,36	298	239
2212	429,330	373,216	848,605	628,455	298	241
2213	265,243	168,123	415,290	203,142	263	224
2215	3,4	4,1	6,3	0,0	298	250
2216	55,52	56,64	65,33	65,52	278	295
2217	8215,7846	12107,10173	14277,9799	25086,16833	298	275
2218	8664,7758	10909,9406	14769,7816	18945,14058	298	298
2219	690,598	62,56	1296,791	110,72	298	175
2220	381,306	299,230	984,783	867,616	298	240
2221	182,129	207,199	572,443	500,329	213	247
2222	205,192	668,530	169,100	761,590	298	298
2223	410,378	652,549	466,329	596,484	298	291
2224	75,68	134,147	88,59	122,85	242	266
2225	132,98	134,147	146,100	122,85	282	266
2226	129,102	69,90	142,100	89,84	282	298
2227	12,8	68,90	3,5	88,84	266	298
2228	107,78	75,90	96,84	92,86	266	298
2229	142,162	151,85	138,92	123,97	298	298
2230	4810,4773	9757,8703	5096,3347	12607,9144	298	287
2231	4804,4757	10701,9157	5083,3334	15179,8859	298	286
2232	12865,10821	10706,9171	19456,14595	15192,8872	287	286
2233	12998,11363	13479,11550	15748,10728	19388,14888	264	269
2234	12921,11314	10124,8847	15731,10709	14224,11115	264	253
2235	12945,11317	12108,10863	15731,10710	15514,11874	264	298
2236	12915,11303	73,79	15731,10709	86,65	264	200
2237	11667,9884	10203,8906	16746,12514	14241,11134	269	253
2238	11664,9891	12032,10803	16740,12514	15418,11820	269	298
2239	10867,9470	12034,10790	14933,11443	15424,11824	253	298
2240	14725,12750	153,180	21653,16683	108,84	298	200
2241	4188,3634	72,53	5605,4200	19,12	298	298
2242	227,304	4403,3651	169,87	5418,4283	298	298
2243	826,1079	4403,3651	739,357	5418,4283	298	298
2244	29,16	487,494	20,10	405,304	176	298
2245	9,5	476,486	3,4	390,300	176	298
2246	7,4	498,504	4,0	404,304	176	298
2247	513,407	1,0	341,269	0,1	298	176
2248	83,58	102,95	58,43	80,54	188	176
2249	5,0	97,72	7,3	53,18	188	176
2250	169,181	97,72	125,104	53,18	234	176
2251	3,0	50,46	6,0	36,15	188	176
2252	4,2	50,46	2,1	36,15	234	176
2253	526,426	50,46	355,275	36,15	298	176
2254	169,181	5,0	125,104	7,3	234	188
2255	4,2	3,0	2,1	6,0	234	188
2256	526,426	3,0	355,275	6,0	298	188
2257	222,227	76,55	169,144	55,53	234	188
2258	39,31	69,50	35,26	54,48	234	188
2259	551,431	69,50	359,274	54,48	298	188
2260	526,426	4,2	355,275	2,1	298	234
2261	551,431	39,31	359,274	35,26	298	234
2262	512,415	156,116	343,277	121,68	298	234
2263	1430,1268	1704,1604	1979,1225	2335,1539	245	255
2264	1599,1370	1706,1604	2289,1375	2335,1539	261	255
2265	2530,2184	1119,1112	3227,2175	2013,1250	298	245
2266	1599,1372	1086,1089	2289,1375	2009,1243	261	245
2267	2052,1970	2300,2118	2895,1831	3327,2100	274	298
2268	1611,1377	2300,2118	2289,1375	3327,2099	261	298
2269	1132,981	2300,2116	1515,1080	3328,2099	239	298
2270	1129,979	2216,1905	1515,1080	2842,1924	239	268
2271	1639,1412	2272,1826	2306,1393	3174,2094	261	274
2272	1133,980	2006,1882	1515,1082	2761,1709	239	261
2273	592,541	1999,1872	752,515	2747,1700	223	261
2274	850,622	1998,1871	1110,809	2747,1700	221	261
2275	600,552	1414,1233	763,523	1843,1128	223	239
2276	732,628	1301,1133	878,666	1791,1090	224	239
2277	850,620	1309,1136	1110,810	1790,1090	221	239
2278	836,731	773,652	931,703	1171,771	224	223
2279	854,628	731,625	1111,809	1136,745	221	223
2280	897,656	1028,932	1147,835	1428,1010	221	224
2281	385,392	603,568	686,389	759,512	178	221
2282	1514,1481	505,431	2179,1414	469,362	282	178
2283	1064,924	310,247	1558,1036	390,298	228	178
2284	1118,980	83,105	1636,1084	31,20	228	204
2285	1640,1394	59,79	2111,1466	18,16	256	204
2286	1683,1443	1001,888	2150,1482	1276,847	256	228
2287	187,165	112,114	213,160	198,144	247	201
2288	132,120	137,109	172,121	135,104	206	235
2289	178,152	282,228	260,208	345,290	253	250
2290	0,2	3,0	0,1	0,0	245	231
2292	65348,53208	109,128	127771,95688	34,31	263	247
2293	75629,61999	23997,22071	138332,100721	30376,25002	278	263
2294	75629,61999	2,0	138332,100721	0,0	278	238
2295	106,66	71952,57412	85,68	137939,103929	233	278
2296	4222,4336	12750,10788	5982,3947	21196,15127	298	257
2297	4213,4326	275,255	5973,3943	308,286	298	257
2298	10470,9425	13322,11138	14180,10742	22733,17398	257	298
2299	10078,9060	2731,2230	13724,10349	5327,4068	257	244
2300	17359,14752	3148,2594	28462,20725	5797,4466	298	244
2301	39,25	3148,2594	30,11	5797,4466	250	244
2302	2742,2658	1061,1172	2514,1765	751,741	298	298
2303	2676,2593	1611,1652	2510,1760	1940,1294	298	298
2304	1202,1254	812,807	1297,849	748,405	258	216
2305	811,813	435,625	1147,781	272,105	216	295
2306	595,561	516,419	669,474	470,299	298	278
2307	581,554	12,11	662,460	10,3	298	278
2308	468,352	588,484	574,335	564,467	278	285
2309	562,479	504,494	514,346	479,427	285	298
2310	1346,1088	2089,1725	2282,1635	3760,2675	298	267
2311	1344,1081	1545,1285	2281,1635	2646,1869	298	248
2312	2398,1921	1552,1291	4181,2706	2645,1866	267	248
2313	2373,1903	928,743	4147,2685	1669,1174	267	198
2314	2374,1902	38,55	4142,2685	60,47	267	198
2315	1683,1375	949,761	3202,2152	1704,1194	248	198
2316	1691,1378	47,65	3201,2154	69,55	248	198
2317	1691,1378	3306,2731	3201,2154	5156,3765	248	298
2318	47,65	3306,2731	69,55	5156,3765	198	298
2319	1132,994	3318,2738	1821,1363	5156,3769	198	298
2320	8,11	29,35	4,0	13,10	271	257
2321	348,346	237,199	436,295	299,240	256	241
2322	348,346	60,32	436,295	29,18	256	298
2323	25,17	237,199	14,13	299,240	209	241
2324	71,91	445,319	116,67	615,390	209	298
2325	217,195	189,150	256,187	341,234	241	238
2326	383,316	111,77	473,380	192,141	298	222
2327	368,309	162,94	456,371	174,161	298	213
2328	271,206	174,135	360,225	222,162	238	222
2329	271,203	42,43	354,220	21,18	238	222
2330	271,203	176,101	354,220	191,172	238	213
2331	270,204	35,39	354,220	15,13	238	222
2332	42,43	176,101	21,18	191,172	222	213
2333	38,42	79,84	18,13	99,91	222	193
2334	220,137	162,97	299,204	180,166	222	213
2335	216,134	79,83	295,201	99,89	222	193
2336	152,131	85,91	272,182	110,98	213	193
2337	87,63	399,308	161,107	436,314	193	260
2338	261,164	278,249	309,271	276,223	260	221
2339	418,390	545,471	681,426	883,552	246	246
2340	274,219	605,577	567,368	852,684	247	260
2341	698,578	715,589	1190,785	1374,788	263	263
2342	872,712	771,605	1121,770	1329,860	274	263
2343	725,626	650,567	1130,839	955,678	298	250
2344	263,250	491,494	426,314	862,551	260	298
2345	1,0	612,465	1,0	960,620	260	282
2346	53,71	1114,963	83,50	1802,1207	260	282
2347	1,0	150,142	1,2	247,185	298	196
2348	695,547	389,368	810,667	671,453	287	264
2349	378,294	225,236	536,401	203,139	230	221
2350	371,287	0,2	533,396	0,0	230	225
2351	204,221	615,516	287,169	698,625	220	253
2352	1,0	615,516	3,0	698,625	298	253
2353	298,261	426,389	327,247	554,305	226	271
2354	298,261	163,183	327,247	341,207	226	223
2355	30,29	166,186	29,18	341,207	271	223
2356	179,160	366,310	201,156	455,300	240	298
2357	300,260	209,179	328,247	224,167	226	240
2358	455,400	214,234	782,492	398,253	282	219
2359	434,388	10,16	707,488	30,33	263	282
2360	434,388	482,481	708,486	915,585	263	282
2361	646,582	365,306	989,612	611,382	298	263
2362	544,425	549,497	1039,683	903,613	288	298
2363	11,19	5,7	58,35	15,23	298	248
2364	29,22	2,5	60,35	8,20	272	248
2365	19,23	3,5	43,40	6,4	298	272
2366	22,30	386,406	23,5	492,407	209	255
2367	245,278	666,640	429,269	962,626	255	285
2368	923,825	515,480	1014,772	760,498	298	265
2369	298,226	722,592	348,230	866,642	236	298
2370	4,1	209,183	2,0	326,233	298	298
2371	6,8	209,182	8,1	325,230	293	298
2372	190,142	209,183	243,171	326,233	293	298
2373	298,259	198,199	419,365	291,194	298	298
2374	274,189	181,180	500,339	195,181	298	271
2375	17,12	35,14	47,19	45,38	260	298
2376	40,13	9,16	39,23	32,22	253	260
2377	11,3	13,10	33,12	27,18	298	253
2378	10,3	44,17	19,6	60,29	284	298
2379	21,59	21,55	7,5	19,6	266	245
2381	0,2	3,3	0,0	2,7	298	281
2382	1,2	3,3	0,0	2,7	298	281
2383	879,805	417,363	1497,1050	524,435	294	212
2384	426,370	428,371	698,581	524,435	210	212
2385	427,370	785,710	699,583	1227,970	210	275
2387	17,12	112,114	24,9	224,156	208	193
2388	0,1	112,114	2,0	224,156	204	193
2389	344,232	264,243	547,401	318,221	280	233
2390	160,140	391,308	200,174	460,373	233	269
2391	141,120	181,143	218,210	287,185	245	272
2392	22,15	45,28	21,7	27,8	221	230
2393	117,103	90,82	154,108	120,70	214	218
2394	54,48	111,85	94,60	176,113	218	199
2395	212,156	349,221	283,229	322,257	243	298
2396	211,195	398,265	297,233	342,280	255	298
2397	294,260	179,160	326,240	163,125	298	241
2398	138,102	16,13	217,141	19,9	298	214
2399	75,42	40,41	88,57	49,29	214	218
2400	25,13	62,43	33,26	107,73	218	198
2401	50,26	8,4	43,22	3,1	214	218
2402	26,28	8,10	22,32	16,11	272	245
2403	26,28	0,0	22,32	0,4	272	261
2404	8,10	0,0	16,11	0,4	245	261
2405	168,163	315,292	160,99	326,227	223	298
2406	1,0	129,95	1,0	123,96	167	223
2407	161,165	129,95	167,89	123,96	236	223
2408	235,220	60,75	304,253	33,18	247	283
2409	438,435	318,274	457,290	329,281	298	244
2410	272,187	252,167	484,307	266,180	293	288
2411	193,139	128,91	305,192	201,112	248	232
2412	272,185	168,132	484,308	221,166	293	248
2413	290,244	230,181	465,270	398,250	275	293
2414	239,199	186,171	346,224	194,164	298	270
2415	90,71	186,174	133,81	195,165	298	270
2416	87,69	203,173	131,78	308,272	222	298
2417	293,207	165,141	440,286	234,167	227	196
2418	104,83	19,11	139,118	8,7	211	262
2419	566,514	849,747	617,501	1424,1054	251	284
2420	501,454	548,512	715,572	658,564	249	271
2421	721,563	407,316	893,656	410,321	298	249
2422	553,452	555,495	835,631	641,484	298	298
2423	515,440	737,574	784,639	902,665	298	298
2424	647,583	591,450	961,620	1030,693	298	298
2425	587,585	372,307	760,592	431,270	274	217
2426	1,1	610,545	2,3	703,519	217	274
2427	593,559	610,545	1030,684	703,519	273	274
2428	487,486	575,599	816,607	773,582	298	273
2429	155,141	672,631	327,216	1122,777	210	298
2430	151,147	274,267	208,136	453,321	199	297
2431	22,11	15,16	37,25	52,35	233	298
2432	17,23	208,201	10,8	330,227	292	298
2433	17,23	207,201	10,8	330,228	292	298
2434	2,0	290,313	3,2	454,303	266	298
2435	17,23	2,0	10,8	0,1	292	298
2436	2,0	291,313	3,2	456,303	266	298
2437	17,23	4,6	10,8	3,4	292	295
2438	2,0	473,465	3,2	732,507	266	295
2440	330,266	235,251	484,379	371,242	292	264
2441	254,259	328,313	396,332	456,331	298	292
2442	1,0	1,2	0,1	0,1	235	298
2443	4,1	1,2	1,1	0,1	239	298
2444	242,170	1,2	253,188	0,1	241	298
2445	258,193	329,269	261,195	485,385	241	298
2448	573,457	298,256	875,626	478,388	298	215
2449	27,22	263,227	29,38	427,344	298	215
2450	186,146	263,227	273,230	427,344	191	215
2451	186,146	27,22	273,230	29,38	191	298
2452	331,313	273,278	433,386	478,318	226	219
2457	276,169	0,0	423,295	1,0	298	274
2458	463,308	18,12	744,501	16,11	298	274
2459	277,171	0,0	424,295	1,0	298	274
2460	432,362	361,322	727,454	619,456	260	251
2461	2,1	361,322	2,1	621,456	260	251
2462	352,322	501,396	428,326	966,591	233	260
2463	504,372	167,153	795,550	269,169	251	200
2464	19,19	821,706	16,25	1250,888	266	298
2465	184,138	8,3	161,86	2,0	294	239
2466	207,142	95,62	185,147	70,48	281	278
2467	145,157	134,92	110,81	105,61	298	245
2475	130,135	195,178	145,112	221,145	272	298
2476	58,51	110,128	69,74	179,159	232	298
2477	55,35	12,1	71,68	5,6	224	232
2478	1,0	96,99	0,0	125,85	225	224
2479	37,36	46,82	32,27	82,54	261	225
2480	33,30	46,82	29,24	82,54	223	225
2481	149,183	547,426	92,64	368,319	221	230
2482	59,51	151,111	99,111	206,145	225	278
2483	140,137	99,103	102,73	72,62	298	298
2484	86,92	46,57	91,76	17,12	238	298
2485	33,26	93,91	20,7	84,48	263	238
2486	733,665	1049,937	762,525	1233,756	298	298
2487	826,749	541,439	978,664	626,398	298	206
2488	377,318	798,695	436,260	802,517	206	251
2489	893,800	605,576	1000,631	711,448	251	227
2490	1070,894	102,92	851,688	140,93	291	212
2491	1081,912	325,363	846,687	415,285	291	254
2492	243,219	336,376	187,127	432,308	212	254
2493	220,192	203,130	175,115	194,133	212	298
2494	163,164	210,131	197,145	204,143	254	298
2495	93,106	362,340	87,77	450,265	254	277
2496	360,413	240,163	466,327	216,175	277	298
2497	327,312	1171,973	529,411	1670,1211	198	283
2498	390,342	971,786	633,420	1809,1333	234	260
2499	16,30	35,15	19,17	17,8	240	217
2500	16,31	2,1	18,17	1,0	240	217
2501	13,16	3,4	14,6	5,0	217	181
2502	274,218	198,172	269,216	197,106	298	245
2505	11,11	3,7	10,1	0,0	228	298
2507	459,380	234,215	492,380	346,268	298	266
2508	115,107	77,73	195,109	121,87	298	274
2509	84,73	2,2	107,77	0,0	298	298
2510	3,3	2,0	0,1	2,0	298	298
2511	59,46	43,45	116,68	89,70	275	291
2512	40,43	18,15	73,50	27,22	260	251
2513	0,2	2,2	0,1	9,4	298	254
2514	73,75	1,3	120,84	3,0	260	254
2515	43,39	26,28	62,56	33,24	246	260
2516	32,33	5,1	50,46	13,3	246	260
2519	0,0	0,4	2,0	2,0	244	298
2520	9,11	43,24	3,5	37,16	215	298
2521	11,14	9,13	25,19	10,6	214	298
2522	11,14	49,38	25,19	71,52	214	298
2523	244,240	283,217	422,324	433,268	271	250
2524	2,3	283,217	3,2	433,268	235	250
2525	50,76	175,151	50,49	206,121	298	298
2526	121,152	79,75	212,158	94,79	282	225
2527	104,86	4134,3368	3,3	5202,4033	198	282
2528	2071,1851	4749,3721	2679,1891	5345,4284	282	289
2529	2056,1840	5289,4390	2679,1889	6569,4949	282	298
2530	4275,3477	5292,4383	5334,4135	6569,4951	289	298
2531	71,61	201,151	80,76	232,202	197	227
2532	128,89	321,252	143,135	482,412	227	287
2533	189,142	0,0	297,242	0,1	233	256
2534	124,100	6,0	185,159	6,7	200	256
2535	125,101	1174,1016	185,159	1624,1080	200	298
2536	284,271	1174,1015	435,320	1624,1080	256	298
2537	1,2	1147,1009	0,1	1287,981	298	198
2538	4711,3711	5361,4252	6946,5013	7490,5313	293	287
2539	64,54	68,58	58,44	44,28	298	237
2540	11,7	68,58	3,2	44,28	298	237
2541	564,445	555,399	709,560	623,417	298	239
2542	182,132	553,401	194,153	623,417	232	239
2543	167,116	629,540	193,152	770,568	232	298
2544	178,125	553,401	202,158	623,417	298	239
2545	31,26	20,31	37,20	30,37	253	298
2546	13,13	41,37	11,11	43,40	293	298
2547	799,749	228,185	1159,867	331,248	298	251
2552	2,3	40,47	1,2	31,41	231	212
2553	747,569	1036,805	1208,902	1642,1201	243	248
2554	232,205	916,741	288,195	1628,1140	298	243
2555	247,194	145,136	446,383	284,195	298	269
2556	216,212	234,152	435,280	345,277	298	281
2557	190,126	189,124	355,279	209,153	266	248
2558	183,135	215,197	304,228	377,252	248	290
2560	888,767	1170,1094	1740,1165	1543,1200	285	273
2561	888,767	1,0	1740,1165	0,1	285	168
2562	156,202	307,206	170,95	460,299	282	226
2565	61,89	62,41	90,77	64,26	298	298
2566	35,35	99,72	36,22	124,77	199	284
2567	97,95	6,11	127,87	20,12	284	270
2568	97,95	57,64	127,87	74,61	284	298
2569	240,174	258,231	331,231	484,345	290	298
2570	425,281	11,1	580,396	0,2	298	242
2571	226,185	274,194	492,345	438,336	298	273
2572	139,137	343,257	241,190	602,505	247	298
2573	75,94	137,100	114,90	279,200	252	247
2574	79,80	116,95	106,61	221,155	255	275
2575	14,15	85,73	5,5	153,98	215	255
2578	53,30	56,33	57,33	43,40	298	282
2581	12,33	129,110	11,3	229,161	221	242
2582	63,85	97,57	71,66	133,115	242	227
2583	64,83	0,0	71,62	1,0	242	227
2584	71,66	212,185	113,73	260,253	227	246
2585	71,67	231,176	112,73	413,237	227	256
2586	129,84	248,248	221,164	348,273	246	298
2587	42,39	311,281	59,48	465,337	213	298
2588	42,39	38,33	59,48	42,21	213	274
2589	489,388	408,410	697,439	562,403	284	279
2590	150,172	127,99	196,154	198,149	241	224
2591	63,78	3,3	98,79	3,2	295	241
2592	53,50	8,9	78,83	11,4	258	266
2593	8,8	91,85	11,6	148,88	251	266
2594	52,50	91,85	78,85	148,88	258	266
2595	947,764	2578,1882	1271,1033	3935,2866	228	298
2596	2305,1987	1413,1155	3128,2211	1745,1460	298	256
2597	43,61	21,23	47,55	31,35	251	244
2598	35,27	56,51	23,20	85,39	228	293
2599	17,13	48,52	10,25	46,54	236	265
2600	19,34	45,23	28,38	37,24	298	218
2601	56,56	70,67	29,21	57,24	287	257
2602	2,5	2,1	2,2	0,0	274	287
2603	22,6	54,61	28,24	28,9	249	287
2604	18,6	52,53	15,10	28,9	249	287
2605	80,66	82,109	73,51	97,83	298	258
2606	32,23	117,95	28,24	75,83	234	298
2607	74,64	63,47	82,55	74,37	278	234
2609	100,98	9,3	119,99	4,1	199	271
2610	37,30	19,33	38,30	19,26	262	226
2611	59,47	29,30	65,27	37,25	262	232
2612	36,26	59,49	43,21	45,31	223	262
2613	48,43	63,42	67,41	71,42	245	223
2614	19,9	176,136	14,17	215,131	298	222
2615	5,1	2125,2228	1,0	3208,2087	259	291
2617	34,83	762,785	17,7	1228,893	256	283
2618	44,49	69,80	41,35	72,61	277	298
2619	44,48	141,114	42,35	125,84	277	290
2620	62,50	142,112	58,34	122,82	241	290
2621	1427,1329	1004,1200	1480,1029	788,427	253	298
2623	3327,3092	3256,2953	5118,4114	5705,4384	298	281
2624	14,21	3256,2953	32,24	5705,4384	298	281
2625	12,18	190,290	3,1	116,63	298	298
2626	44,48	3,5	43,18	0,4	218	298
2627	47,49	263,261	46,20	407,290	218	298
2628	144,136	22,18	159,106	19,15	210	298
2629	138,129	25,22	159,106	21,14	210	298
2630	138,129	274,249	159,106	484,330	210	249
2631	132,127	423,374	159,106	535,381	210	298
2632	21,18	91,89	21,12	148,114	298	205
2633	25,22	274,249	21,14	484,330	298	249
2634	447,378	102,99	629,473	148,114	298	205
2636	132,149	236,203	299,203	394,258	240	244
2637	166,174	166,154	80,52	143,81	298	261
2638	84,37	9,25	41,26	11,15	298	298
2639	83,35	27,23	40,26	13,15	298	298
2640	5,9	3,1	0,0	0,2	291	298
2641	0,2	3,4	3,0	19,13	229	281
2642	6,2	118,114	9,2	240,167	229	213
2643	61,63	83,80	107,62	128,105	195	209
2644	76,62	190,129	143,87	226,170	209	226
2645	292,215	113,75	385,296	153,113	298	262
2646	93,97	113,61	154,122	135,88	251	213
2647	14,9	63,85	13,9	67,37	298	298
2653	0,0	4,3	0,1	5,1	247	216
2654	1,0	2,4	0,0	0,2	212	296
2655	0,1	1,3	0,0	7,5	291	240
2656	1,2	0,1	2,1	0,8	214	240
2657	4,1	0,1	0,0	0,8	212	240
2658	1,2	4,1	2,1	0,0	214	212
2659	1,3	2,4	1,2	5,1	214	212
2660	2,2	0,1	3,0	4,1	219	214
2661	40,29	5,1	19,18	5,4	290	298
2662	37,29	4,2	29,26	5,4	286	298
2663	38,27	25,21	29,26	14,19	286	290
2664	3,1	26,21	1,1	13,19	286	290
2665	73,45	26,21	58,40	13,19	298	290
2666	73,45	3,1	58,40	1,1	298	286
2667	73,44	43,30	59,40	17,18	298	286
2668	14,8	36,39	18,9	42,26	269	298
2674	228,241	215,192	490,389	582,460	277	269
2675	9,11	198,195	11,6	439,335	298	277
2676	1,1	261,210	0,0	254,195	202	218
2677	160,145	293,236	216,197	259,201	202	218
2679	138,131	244,175	182,137	384,252	264	298
2680	118,116	87,101	191,151	143,89	298	220
2681	52,78	164,161	54,20	212,200	298	298
2682	27,38	164,161	28,19	211,202	298	298
2683	234,163	224,226	274,200	291,213	257	256
2684	272,213	337,251	345,228	413,335	251	298
2685	161,145	321,276	215,162	411,332	221	298
2686	223,199	147,123	391,260	201,134	298	221
2687	100,99	542,468	174,128	885,638	240	240
2688	32,33	249,203	84,52	451,328	240	240
2690	5,0	3,2	2,8	3,7	298	229
2691	136,153	36,41	268,209	106,58	298	234
2692	131,154	5,0	274,210	5,1	298	234
2693	131,154	38,26	274,210	111,70	298	229
2694	5,0	38,26	5,1	111,70	234	229
2695	51,40	43,26	80,54	111,72	234	229
2696	48,40	125,118	78,54	262,200	234	298
2697	881,716	514,403	1731,1448	797,649	298	245
2698	397,393	517,401	789,538	793,649	272	298
2699	8,17	517,402	3,5	791,649	298	298
2700	396,397	675,591	798,542	1221,926	272	298
2701	65,83	8,0	124,56	3,5	192	298
2702	65,83	814,633	124,56	1572,1334	192	272
2703	0,0	811,633	1,0	1574,1334	192	272
2704	392,347	485,435	421,319	767,525	237	233
2705	651,660	203,147	895,694	273,192	242	194
2706	558,460	368,353	844,602	465,390	298	248
2707	395,297	490,375	453,360	669,409	257	298
2708	234,187	66,62	343,250	119,69	290	204
2709	161,111	175,160	169,113	326,223	226	245
2710	282,203	1,1	367,244	0,0	246	230
2711	282,203	161,149	367,244	257,184	246	226
2712	421,268	285,222	588,385	313,238	291	246
2713	329,294	366,260	387,287	454,300	274	291
2714	58,59	324,222	56,35	417,265	298	274
2715	169,143	324,222	209,160	414,266	298	274
2716	2,1	38,59	0,1	44,43	199	276
2717	2,1	49,55	0,1	50,52	199	298
2718	193,226	53,67	108,69	38,25	298	224
2719	205,230	168,159	164,102	81,51	257	247
2720	615,523	539,526	837,552	858,592	298	298
2721	511,456	365,332	739,455	532,428	298	291
2722	305,280	539,448	432,281	857,601	253	298
2723	442,355	417,328	720,526	684,467	298	245
2724	305,272	261,240	539,380	446,314	245	222
2725	684,666	579,521	1113,839	720,545	293	272
2726	484,453	787,625	676,487	1269,918	272	298
2727	604,390	559,457	891,630	766,576	298	298
2728	888,725	452,430	1283,1007	664,476	298	275
2729	495,409	669,591	653,508	978,675	275	298
2730	504,464	874,700	728,461	1187,884	293	254
2732	48,45	39,36	56,21	22,16	298	200
2733	19,26	52,39	15,10	31,38	222	247
2734	33,41	52,43	21,19	24,29	247	230
2735	9,9	134,113	13,9	205,187	285	252
2736	215,174	174,141	243,186	240,210	242	252
2737	168,171	206,144	242,178	368,219	242	252
2738	166,169	226,147	242,178	425,294	242	298
2739	180,184	164,145	301,231	293,204	252	264
2740	178,183	226,150	301,231	424,294	252	298
2741	19,13	58,42	18,7	26,35	244	239
2742	20,13	0,1	16,7	2,0	244	239
2743	54,56	74,89	29,30	60,37	255	228
2744	31,28	19,32	30,14	14,10	200	213
2745	97,106	59,50	61,59	24,25	275	200
2746	233,217	404,356	312,210	486,349	239	298
2747	336,293	537,453	515,344	546,412	298	298
2748	168,146	499,380	300,254	620,444	214	256
2749	2,1	335,310	4,6	426,339	256	245
2750	287,236	333,315	384,244	426,339	256	245
2751	461,355	418,407	561,383	484,381	245	298
2752	34,30	138,132	52,35	194,199	207	267
2753	1567,1398	1820,1414	2112,1649	2285,1667	298	294
2754	81,62	18,15	86,70	17,13	298	186
2756	71,57	80,59	67,50	106,65	298	258
2758	23,13	84,65	32,21	145,128	186	298
2759	138,90	80,59	128,76	107,66	298	258
2760	58,53	35,31	50,37	29,36	233	239
2762	58,53	7,1	50,37	0,2	233	298
2763	58,53	2,0	50,37	0,1	233	298
2764	35,31	7,1	29,36	0,2	239	298
2766	35,31	2,0	29,36	0,1	239	298
2770	92,77	52,59	57,63	85,40	298	270
2771	45,40	51,39	118,72	77,57	241	197
2772	24,21	2,0	48,23	1,1	193	197
2773	57,55	51,40	64,35	77,57	210	197
2774	29,24	78,74	41,39	105,70	215	236
2775	129,99	161,121	273,181	181,138	271	298
2776	136,79	95,106	216,144	94,45	298	262
2777	30,10	85,102	36,21	90,49	172	262
2778	41,14	67,75	40,21	102,55	172	298
2779	73,65	5,1	113,80	2,0	298	172
2780	8,11	13,13	7,3	12,12	298	172
2781	73,66	16,11	114,76	13,14	298	172
2782	31,23	169,81	40,29	249,160	202	298
2783	94,84	7,9	147,102	5,4	202	298
2784	32,52	26,27	54,61	43,22	261	202
2785	8,11	3,10	5,8	0,0	272	298
2786	2,3	201,192	1,0	165,150	243	211
2787	134,131	143,130	124,86	117,75	197	194
2788	10,9	312,246	2,11	297,222	266	266
2789	148,142	184,167	170,151	161,110	266	276
2790	148,142	70,99	170,151	86,89	266	245
2791	11,18	142,164	4,0	217,156	298	291
2792	131,107	342,222	136,117	395,314	230	294
2793	337,338	4,2	564,423	0,0	242	264
2794	194,150	367,246	199,158	573,428	229	259
2795	3,1	367,246	0,0	573,428	185	259
2796	152,125	278,252	179,154	469,336	221	229
2797	79,61	0,0	113,78	1,0	253	221
2798	52,30	181,156	60,53	224,155	180	221
2799	3,5	2,0	13,4	0,0	292	254
2800	13,9	2,0	31,23	0,0	247	254
2801	524,427	352,335	486,381	301,201	267	266
2802	5,9	352,329	1,2	301,201	267	266
2803	123,126	296,222	133,69	283,196	191	267
2804	304,286	557,449	310,181	488,386	266	298
2810	127,140	91,90	181,139	123,92	298	245
2812	2,9	17,18	10,5	37,28	224	203
2818	25,20	27,27	20,25	45,39	276	298
2819	81,57	240,169	84,54	174,123	209	233
2820	3,0	225,159	3,0	170,123	209	233
2821	2,1	414,412	0,1	426,300	298	267
2822	405,332	218,207	603,391	323,198	298	224
2823	309,234	400,297	510,395	708,600	234	254
2824	170,177	316,280	308,202	442,329	223	265
2825	46,68	110,93	119,73	204,147	239	248
2826	123,94	189,148	220,118	274,188	248	236
2827	58,60	71,67	107,76	124,73	204	201
2828	99,67	130,119	173,135	188,100	201	283
2829	302,256	171,122	364,236	251,166	267	212
2830	156,122	152,144	235,156	214,169	224	239
2831	218,201	179,157	340,208	274,217	266	268
2832	234,231	190,143	395,306	269,187	268	267
2833	223,199	195,140	367,261	331,199	267	233
2834	223,199	379,257	367,263	501,407	267	278
2835	132,119	88,87	198,156	167,146	294	298
2836	4,2	52,50	0,1	84,34	295	196
2837	209,240	172,142	229,212	196,136	295	250
2838	4,1	244,235	7,0	351,198	297	196
2839	71,72	172,143	115,57	196,136	196	250
2840	171,138	240,177	210,126	258,167	266	241
2841	2,0	248,205	0,0	280,232	241	278
2842	145,137	250,206	179,102	280,237	241	278
2843	313,242	211,156	332,209	305,241	278	263
2844	200,182	129,97	248,189	195,135	263	229
2845	214,182	301,259	364,223	419,362	213	239
2846	209,167	309,226	220,162	366,257	298	298
2848	30,28	16,11	31,26	19,7	298	298
2849	388,321	299,285	387,252	181,144	298	230
2850	7,9	3,10	5,4	2,4	281	275
2851	3,3	5,6	8,2	12,7	233	233
2852	359,256	70,55	564,387	81,60	261	206
2853	62,42	308,334	60,36	419,275	179	298
2854	62,41	3,8	60,36	4,7	179	298
2855	3,4	6,6	2,0	4,5	227	240
2856	8,7	6,6	3,1	4,5	211	240
2857	2,6	6,6	3,1	4,5	188	240
2858	276,244	387,287	393,229	390,305	298	269
2859	276,242	101,77	393,229	151,89	298	200
2860	1,3	275,223	0,0	331,217	269	266
2861	244,266	275,223	321,208	331,217	269	266
2862	22,20	281,275	17,4	436,311	200	298
2863	80,77	181,168	102,57	175,125	196	298
2864	195,156	156,136	236,191	243,149	281	272
2865	0,1	123,91	0,2	245,149	298	244
2866	333,241	276,261	509,336	428,297	276	283
2867	330,287	235,228	531,367	493,314	283	292
2868	1,1	3,0	3,0	3,4	298	287
2869	2,1	0,0	0,0	2,0	298	221
2871	2257,2463	3049,2523	2328,1537	3731,2404	263	298
2872	3048,2781	3976,3284	3285,2172	5621,3819	298	298
2873	5702,5062	3680,3047	7282,5149	4777,3414	298	298
2874	131,142	75,52	239,144	84,68	265	213
2875	49,30	104,99	75,30	177,99	213	245
2876	3,0	274,216	2,0	402,331	240	240
2877	14,19	90,99	3,0	82,80	239	258
2878	138,121	197,189	128,110	296,192	239	262
2879	542,493	668,494	742,580	971,659	272	298
2880	31,41	0,3	15,8	0,0	166	172
2882	1,0	2,7	0,0	0,2	298	293
2886	25,25	58,69	12,12	58,45	273	270
2887	23,25	54,49	12,11	62,35	273	294
2888	53,62	1,2	53,26	0,3	259	254
2889	53,62	56,49	53,26	62,36	259	294
2890	62,68	1,2	61,36	0,3	270	254
2891	62,68	56,49	61,36	62,36	270	294
2893	225,190	245,192	232,179	331,210	298	298
2894	122,135	283,194	148,118	273,206	263	298
2895	93,82	241,179	92,110	237,168	201	280
2896	234,169	79,66	254,244	67,36	298	201
2897	108,85	136,94	129,68	110,91	220	244
2898	1,8	667,685	0,0	825,628	174	298
2899	2966,2926	667,685	2970,2434	825,628	298	298
2900	2966,2926	30,25	2970,2434	41,27	298	298
2901	2966,2926	467,378	2970,2434	553,458	298	184
2902	2679,2363	665,685	2467,1940	826,630	294	298
2903	1121,1118	665,685	1171,884	826,630	291	298
2904	3880,3368	689,693	4024,3393	825,628	298	298
2905	30,25	467,378	41,27	553,458	298	184
2906	28,25	468,370	42,29	553,458	298	184
2907	52,33	474,385	41,27	553,458	298	184
2908	164,134	466,370	232,134	553,459	298	184
2909	0,0	1455,1324	0,2	1594,1238	182	253
2910	11,10	1673,1515	19,15	1981,1501	256	279
2911	1236,1145	1673,1515	1367,1103	1981,1501	253	279
2912	2278,1934	247,275	2611,2130	202,119	279	251
2913	1417,1312	612,619	1677,1313	664,479	251	273
2914	1405,1306	144,141	1669,1310	179,114	251	250
2915	637,626	156,148	664,421	187,117	273	250
2916	1,0	74,87	0,0	136,106	298	258
2917	2,0	74,87	0,0	136,106	298	258
2918	7,12	74,87	5,2	136,106	298	258
2919	114,93	67,73	123,76	49,15	298	271
2920	98,116	186,192	102,63	124,71	271	298
2921	75,91	86,82	85,80	96,40	298	237
2922	137,152	138,150	214,155	149,140	264	269
2923	170,197	177,154	182,104	238,137	298	298
2924	18,32	85,54	18,15	41,40	185	179
2925	61,69	2,1	62,43	0,0	298	298
2926	52,43	12,12	55,19	11,11	202	298
2927	47,68	84,71	66,27	62,43	255	298
2928	84,62	178,114	40,24	64,61	273	298
2929	58,46	57,41	71,42	55,29	298	275
2930	40,32	66,44	49,22	68,39	298	298
2931	35,28	58,46	48,35	71,42	254	298
2932	72,42	27,15	62,41	27,18	264	218
2933	49,50	55,32	116,50	57,36	298	275
2934	5,6	2,0	1,1	0,0	184	231
2935	5,4	6,3	1,1	0,0	184	231
2936	165,167	25,26	110,65	11,12	298	298
2937	2,1	202,218	3,2	168,110	298	298
2938	171,200	246,215	125,113	172,100	295	298
2939	144,170	202,218	118,97	168,110	295	298
2940	217,200	227,249	166,97	177,126	298	298
2941	152,134	480,412	56,46	384,312	298	220
2942	997,889	480,412	724,528	384,312	298	220
2943	6,5	480,411	1,0	384,312	221	220
2945	37,44	3,4	27,26	2,0	247	274
2946	84,77	3,4	55,44	2,0	271	274
2947	795,808	31,39	1333,867	21,25	243	247
2948	2,9	403,394	10,4	619,451	262	298
2949	10,3	400,394	4,5	619,451	262	298
2950	0,5	400,394	2,6	619,451	262	298
2951	180,202	266,253	210,161	352,259	246	262
2952	10,20	265,254	1,2	351,259	246	262
2953	289,251	268,265	460,329	360,261	222	262
2954	3,20	1,1	18,3	1,2	235	222
2955	179,202	139,173	210,161	181,128	246	235
2956	179,202	142,175	210,161	191,130	246	298
2957	314,264	293,226	339,259	471,337	221	229
2958	8,11	289,229	8,3	473,335	221	229
2959	188,216	289,229	228,166	473,335	246	229
2960	188,216	8,11	228,166	8,3	246	221
2961	183,202	251,255	212,162	380,283	246	221
2962	0,0	251,255	1,0	380,283	247	221
2963	0,0	183,202	1,0	212,162	247	246
2964	64,129	553,466	103,78	627,498	228	246
2965	579,536	2,0	901,654	0,0	298	274
2966	568,529	1,0	892,643	0,0	298	274
2967	5,0	8,12	2,0	8,3	181	221
2968	72,129	8,12	105,77	8,3	228	221
2969	65,129	251,254	108,78	380,282	228	221
2970	0,0	251,254	3,1	380,282	181	221
2971	127,85	133,110	166,111	226,215	226	252
2972	247,176	139,107	136,91	134,98	298	298
2973	197,169	202,191	241,220	259,182	268	261
2974	243,164	109,83	261,201	114,82	298	215
2975	180,158	179,164	200,153	195,142	283	298
2976	31,28	237,183	32,27	208,152	178	283
2977	55,56	62,69	68,40	99,65	264	293
2978	57,39	65,93	62,42	96,78	233	264
2979	75,61	30,17	79,47	31,25	266	215
2980	73,64	63,49	72,47	78,50	298	266
2982	168,164	91,93	257,212	123,119	262	234
2984	40,39	584,552	50,22	834,652	232	298
2985	40,39	1,14	49,22	11,8	232	289
2986	0,0	20,25	2,0	31,42	225	266
2987	410,329	83,137	750,504	112,61	289	222
2988	424,348	83,137	778,528	112,61	298	222
2989	41,47	108,116	32,18	99,39	222	197
2990	41,47	108,116	32,18	99,39	222	197
2991	418,393	108,116	568,473	99,39	222	197
2992	171,150	477,437	248,158	754,505	197	298
3113	4,2	21,15	6,3	33,15	298	214
3114	37,20	12,9	34,20	25,6	247	298
3115	32,11	37,17	27,14	62,29	247	234
3116	33,30	36,40	18,30	52,24	298	289
3117	29,39	4,3	27,36	5,2	209	235
3118	145,118	266,233	195,133	443,237	242	298
3119	69,89	74,62	134,107	83,67	294	298
3120	4,7	33,28	5,6	22,30	298	228
3121	0,1	73,56	3,0	123,99	283	298
3122	1,0	0,0	5,0	1,0	256	231
3123	104,127	88,65	171,131	86,64	267	230
3124	105,126	249,212	163,131	295,231	267	294
3125	100,128	229,175	164,130	259,170	267	259
3126	20,20	13,25	13,18	27,10	280	298
3127	25,23	5,7	23,7	8,14	298	228
3128	77,110	64,62	170,95	104,57	298	298
3129	96,92	83,90	145,113	164,95	298	298
3130	943,783	973,846	1970,1353	1926,1389	269	267
3131	720,741	861,657	1452,1022	1984,1429	283	269
3132	915,685	2,2	1960,1380	0,2	267	234
3133	5934,4867	5722,4699	7982,5802	11916,9106	251	245
3134	7805,6936	5640,4795	13548,10297	9860,6267	298	285
3135	7805,6936	5692,4839	13548,10297	9900,6292	298	298
3136	0,1	0,5	2,0	0,0	189	184
3138	63,47	121,108	92,58	124,64	275	287
3139	60,45	5,1	88,53	5,2	275	287
3140	60,45	41,34	88,53	82,37	275	275
3141	5,1	41,34	5,2	82,37	287	275
3142	95,84	44,36	129,58	85,42	287	275
3143	111,92	23,22	104,51	23,25	275	211
3144	74,72	92,84	119,78	93,67	298	296
3145	110,101	50,50	119,96	61,32	296	237
3146	76,74	82,55	80,33	68,44	276	298
3147	77,71	0,2	78,32	0,2	276	298
3148	77,71	76,52	78,32	88,41	276	298
3149	0,2	76,52	0,2	88,41	298	298
3150	40,66	77,57	73,49	89,44	298	298
3151	75,69	70,63	109,53	53,46	298	298
3152	87,102	65,63	105,59	65,61	298	276
3153	1,0	281,204	4,0	352,231	221	234
3154	2,0	281,204	0,0	352,231	249	234
3155	90,50	109,99	65,41	82,63	298	298
3156	90,50	109,98	65,41	83,64	298	298
3157	84,90	42,47	57,44	46,23	298	298
3158	84,90	41,49	57,44	46,23	298	298
3159	56,60	40,49	42,37	46,23	267	298
3160	41,30	581,435	36,34	922,658	296	298
3161	294,234	158,135	458,317	305,239	298	218
3162	149,94	185,140	247,169	284,148	200	213
3163	389,366	345,321	607,378	494,400	298	268
3164	2,4	34,35	0,1	18,18	202	235
3165	48,59	26,24	62,51	26,22	235	278
3166	4,3	3,5	0,0	0,3	247	266
3167	55,42	46,39	80,61	94,45	193	192
3169	76,85	46,52	107,86	73,53	227	193
3170	3,4	0,4	7,3	0,1	270	224
3171	41,44	4,5	69,51	7,3	206	298
3172	0,1	3,5	3,0	9,3	206	298
3173	41,44	95,90	69,51	161,97	206	227
3174	0,1	94,90	3,0	162,97	206	227
3175	31,34	77,60	66,51	119,85	192	206
3176	0,0	76,60	0,1	121,86	227	206
3177	101,82	76,60	142,139	121,86	230	206
3178	273,234	356,281	358,252	345,267	279	225
3179	259,188	423,357	266,201	465,361	244	279
3180	327,261	313,269	495,315	354,231	290	248
3181	183,157	420,330	258,177	609,445	232	290
3182	176,146	425,331	214,178	607,446	232	290
3183	267,206	152,152	326,233	247,178	259	232
3184	174,147	321,209	214,178	412,266	232	259
3185	1215,931	629,528	1747,1318	902,575	298	239
3186	780,562	989,804	1150,808	1353,1022	230	298
3187	815,658	1514,1117	1348,974	2328,1707	227	298
3188	381,358	518,415	465,376	739,492	183	227
3189	155,95	274,181	218,160	484,362	298	183
3190	538,416	274,181	833,651	484,362	298	183
3191	7,17	1424,1245	3,2	2203,1619	191	298
3192	911,735	511,409	1121,908	731,416	298	251
3193	532,402	2,1	633,505	2,0	288	298
3194	531,400	706,588	633,505	915,760	288	298
3195	6,5	704,587	2,6	915,761	288	298
3196	184,151	146,113	147,116	129,97	283	255
3197	184,151	5,3	147,116	0,3	283	193
3198	117,66	178,169	75,52	131,126	226	283
3199	113,99	115,83	130,79	84,78	298	226
3200	88,77	201,140	62,53	142,105	250	298
3201	148,146	192,137	130,95	203,146	298	298
3202	10,13	7,11	3,2	2,0	298	298
3203	2,2	32,41	0,0	44,24	291	292
3204	33,43	32,41	26,7	44,24	298	292
3205	208,156	1647,1400	430,360	3054,2334	244	298
3206	31,23	29,24	29,12	33,41	298	247
3211	87,74	38,54	123,76	35,21	230	251
3212	196,253	326,328	184,122	316,291	251	274
3213	314,335	547,422	397,263	628,477	298	298
3214	200,254	321,404	184,123	437,359	251	298
3215	196,175	154,173	205,156	172,95	206	249
3216	15,36	0,2	40,34	0,0	267	248
3217	380,352	230,239	481,384	350,223	265	247
3218	74,77	40,27	79,45	58,44	230	206
3219	4,1	40,27	0,3	58,44	260	206
3220	245,232	94,104	279,134	112,75	298	298
3221	215,234	143,125	243,187	143,89	296	267
3222	150,146	235,191	154,101	251,170	263	298
3223	236,191	159,157	228,131	164,93	298	263
3224	170,170	184,174	185,106	204,132	298	298
3225	74,86	225,183	113,92	220,118	298	298
3226	536,354	679,698	1033,713	1206,886	221	298
3227	660,467	295,241	1075,775	550,411	290	221
3228	15,12	23,42	10,0	46,27	296	298
3229	2,1	39,40	0,0	59,37	234	245
3230	32,29	71,67	60,53	134,98	234	298
3231	81,42	39,38	106,104	59,39	298	245
3232	4,2	43,34	5,4	55,52	298	298
3233	11,19	40,35	20,16	36,37	244	273
3234	3,2	41,37	5,3	34,37	244	273
3235	3,2	48,44	5,3	42,43	244	298
3236	34,26	12,15	40,32	25,21	298	244
3237	80,113	110,82	145,101	152,103	298	293
3243	32,15	17,16	25,32	28,15	209	185
3244	32,15	70,72	25,32	113,92	209	179
3245	17,9	5,0	12,6	1,0	209	185
3246	17,9	101,76	12,6	157,118	209	182
3247	4,3	81,58	2,1	137,96	209	179
3248	46,42	76,75	41,50	107,95	209	179
3249	38,26	108,78	25,19	161,120	209	182
3250	14,18	85,61	9,13	140,98	209	179
3251	17,16	70,72	28,15	113,92	185	179
3252	5,0	101,76	1,0	157,118	185	182
3253	22,23	171,126	23,21	266,198	185	182
3254	12,15	82,58	14,15	137,94	182	179
3256	143,98	81,51	188,141	111,81	185	185
3257	128,90	4,6	171,134	5,8	185	182
3258	128,90	11,5	171,134	10,11	185	182
3259	128,90	4,6	171,134	11,1	185	185
3260	261,180	81,51	311,266	111,81	298	185
3261	4,6	11,5	5,8	10,11	182	182
3262	4,6	4,6	5,8	11,1	182	185
3263	141,114	3,2	250,176	3,2	182	185
3264	31,19	128,98	50,44	243,148	182	185
3265	30,19	129,132	50,41	88,77	182	182
3266	4,5	32,30	4,5	46,40	182	182
3267	11,5	4,6	10,11	11,1	182	185
3268	54,40	324,275	81,57	428,318	203	185
3269	67,56	58,46	101,66	99,56	203	185
3270	67,56	30,30	101,66	54,42	203	182
3271	44,37	33,30	75,46	33,18	185	182
3272	58,46	30,30	99,56	54,42	185	182
3273	24,23	33,30	29,14	29,20	185	182
3274	184,162	82,98	173,131	95,53	290	182
3275	0,0	82,98	1,1	95,53	182	182
3276	39,29	82,98	49,36	95,53	182	182
3277	101,84	0,1	139,100	2,0	182	182
3278	96,118	441,378	80,70	478,346	179	281
3279	21,15	12,11	14,23	5,5	212	298
3280	20,14	417,451	13,23	484,283	212	263
3281	286,228	115,111	308,182	78,46	263	203
3282	286,228	2,4	308,182	3,1	263	298
3283	48,36	111,109	20,9	72,43	263	203
3295	742,695	999,958	857,673	962,690	252	298
3296	940,911	619,513	791,473	681,471	298	252
3297	385,426	269,274	522,415	367,229	298	215
3298	114,106	901,868	97,78	1093,797	298	298
3299	1,1	7,2	0,0	1,2	298	298
3300	6,12	7,2	2,2	1,2	298	298
3301	18,33	117,84	23,13	108,48	298	298
3302	75,85	39,55	78,43	40,36	298	233
3303	72,54	19,34	54,35	19,9	233	198
3304	47,43	27,38	90,78	32,22	280	298
3305	48,52	67,51	74,30	104,81	267	280
3306	54,55	53,38	125,78	83,80	277	280
3307	69,71	51,44	164,97	111,100	277	267
3308	2,3	8,4	3,4	7,3	220	227
3310	1,0	2,2	0,0	10,3	227	204
3311	1,0	2,2	0,0	10,3	193	204
3313	10,3	6,3	5,6	20,10	298	204
3314	4,11	75,66	5,4	82,43	277	251
3315	154,128	10,21	180,120	7,2	230	264
3316	163,132	29,40	170,137	5,0	238	179
3317	14,2	22,36	7,3	3,0	238	179
3318	355,239	93,99	289,250	57,43	293	238
3319	149,126	282,266	181,126	248,160	260	293
3320	190,137	296,213	179,147	250,221	248	260
3321	22,15	58,41	14,6	53,34	298	261
3322	22,15	56,42	14,6	55,33	298	251
3323	22,15	54,38	14,6	54,35	298	248
3329	10,5	92,75	3,0	58,46	183	298
3333	7,2	52,68	8,2	58,41	253	298
3334	26,25	52,68	59,39	58,41	256	298
3335	57,56	19,17	100,62	26,20	298	290
3336	22,26	43,27	38,27	46,42	204	223
3337	2,7	55,49	8,2	113,102	298	276
3338	57,38	55,49	103,47	113,102	298	276
3341	21,20	18,15	36,30	23,10	203	227
3342	0,1	17,15	1,0	20,8	203	227
3343	0,1	3,1	1,0	2,1	203	205
3345	59,40	1,4	104,66	1,2	203	265
3348	4,1	30,5	0,2	14,9	258	296
3349	78,57	60,38	92,55	27,28	281	287
3350	78,57	35,16	92,55	9,18	281	298
3351	81,91	74,63	62,31	46,35	298	276
3352	113,123	83,57	62,65	47,27	276	276
3353	11,7	2,2	6,5	3,0	298	271
3354	12,9	2,2	10,13	3,0	298	271
3355	17,23	5,8	28,19	7,6	298	182
3358	254,238	361,252	379,288	426,307	279	246
3395	2,0	0,1	2,0	0,0	225	247
3396	0,0	0,2	1,0	0,1	287	247
3399	325,267	235,190	628,436	549,328	260	260
3400	21,9	35,28	44,32	75,36	227	223
3401	27,20	33,35	26,11	51,53	230	211
3402	177,183	105,109	263,204	132,98	298	298
3403	19,11	2,1	10,20	2,0	298	249
3404	0,0	1,2	0,2	4,2	295	261
3405	1248,979	873,859	2457,1886	1738,1061	286	298
3406	81,55	185,191	124,86	304,216	221	257
3407	133,136	89,53	215,128	130,116	261	221
3408	0,5	89,53	9,8	130,115	241	221
3409	10,2	12,4	3,6	10,7	252	298
3410	4,2	2,3	2,2	4,2	298	263
3411	22,12	1,0	26,15	2,0	298	263
3412	22,12	17,9	26,15	16,9	298	257
3413	3,0	57,54	0,0	130,72	298	214
3414	1,0	17,9	2,0	16,9	263	257
3415	1,0	0,1	0,0	2,0	263	216
3416	25,15	82,94	27,24	154,101	214	230
3417	140,109	146,103	238,138	204,156	298	298
3418	134,146	87,64	186,136	127,110	298	298
3419	72,67	129,131	163,86	122,92	298	298
3421	54,23	4,12	67,42	3,2	298	298
3422	92,107	229,205	187,151	345,248	248	298
3423	92,107	232,205	187,151	346,250	248	279
3424	21,21	50,28	34,21	52,43	298	298
3433	126,154	140,128	104,76	211,162	244	298
3434	41,43	153,152	56,47	206,154	179	235
3435	1,0	151,152	0,1	207,154	179	235
3436	8,5	129,140	2,2	165,78	235	230
3437	3,6	0,1	2,1	2,0	235	223
3438	149,129	128,140	238,171	163,78	235	230
3439	0,1	430,420	0,0	595,418	298	230
3440	213,170	149,116	318,246	201,129	230	223
3441	213,170	3,5	313,247	10,2	230	267
3442	0,1	138,109	2,0	196,124	230	223
3443	104,117	1,4	135,98	7,0	223	267
3444	153,107	27,16	206,170	43,29	210	172
3445	137,142	3,2	184,129	5,1	227	239
3446	176,154	143,102	230,126	142,81	298	264
3448	463,303	316,259	703,494	522,370	298	207
3450	493,328	443,361	758,546	597,406	298	269
3451	22,10	423,350	25,12	571,390	259	269
3452	159,155	424,351	316,211	573,393	259	269
3453	159,155	38,27	316,211	62,55	259	298
3454	19,4	659,503	22,13	1063,686	285	298
3455	100,56	54,37	98,79	59,50	238	214
3460	35,23	51,26	54,33	56,48	256	289
3462	7,12	9,5	18,5	13,3	298	276
3463	6,21	1,2	14,10	14,6	276	224
3464	2,6	5,7	12,4	6,5	298	266
3465	14,7	156,132	6,5	180,138	298	237
3466	138,90	4,3	149,115	4,8	297	298
3467	138,90	132,99	149,115	290,153	297	298
3468	166,107	79,69	184,158	132,113	287	298
3469	1213,1493	2715,2907	1186,793	2260,1623	298	288
3470	2241,1982	1361,1764	3723,2901	1040,549	261	298
3471	78,51	1361,1764	57,32	1040,549	298	298
3472	1981,1994	1360,1763	2864,2085	1040,549	298	298
3473	1975,1997	924,1181	2860,2085	817,569	298	261
3474	16,18	12,14	4,10	12,8	298	296
3475	11,17	11,11	9,11	11,8	296	298
3476	316,233	6,8	424,319	0,0	217	298
3477	316,233	884,723	424,319	1145,799	217	236
3478	316,234	10,13	424,321	11,9	217	236
3479	0,11	79,60	0,2	106,72	287	266
3480	0,11	45,34	0,2	69,45	287	263
3481	936,771	910,699	1491,1145	1042,886	236	230
3482	863,681	1044,889	1083,835	1397,1056	238	251
3483	1092,960	1180,1015	1270,981	1669,1252	251	238
3484	849,801	1662,1411	893,692	2057,1627	238	298
3485	0,1	13,3	2,0	11,2	175	192
3486	0,1	865,680	2,0	1434,1033	175	298
3487	109,82	866,680	139,83	1436,1035	192	298
3488	70,58	697,550	98,65	1215,827	192	227
3489	1504,1294	740,578	2464,1754	1254,847	298	227
3490	303,252	221,197	357,252	354,216	287	298
3491	302,253	91,96	356,252	116,78	287	219
3492	302,253	9,8	356,252	6,6	287	298
3493	9,8	91,96	6,6	116,78	298	219
3494	244,189	92,86	321,214	115,75	298	219
3495	121,98	9,8	192,123	4,5	219	298
3496	119,122	126,111	182,125	185,114	289	250
3497	352,325	418,337	680,408	505,380	298	298
3498	8,11	418,337	10,7	505,380	298	298
3499	242,206	387,366	450,284	862,563	255	298
3500	242,206	384,364	450,284	863,564	255	298
3502	0,0	126,134	3,1	205,126	212	233
3503	115,119	307,290	149,127	517,396	233	264
3504	71,72	67,67	104,54	79,47	298	298
3505	85,82	6,20	96,53	11,10	294	200
3506	1,2	3,1	0,0	9,4	239	203
3507	428,315	586,427	595,400	608,466	246	292
3508	446,355	333,297	677,391	573,450	292	278
3509	95,78	39,40	146,111	73,49	243	216
3510	235,226	81,86	219,123	69,46	298	256
3511	337,329	4,8	332,179	10,4	298	230
3512	91,107	172,204	98,48	186,140	246	216
3513	80,63	328,249	104,88	437,265	171	224
3515	478,360	659,576	685,498	966,701	244	283
3516	3,2	513,417	6,4	646,483	253	244
3517	280,267	513,417	338,230	646,483	298	244
3518	87,85	55,51	120,73	72,51	270	248
3520	66,61	258,250	101,80	369,291	200	285
3521	226,233	159,151	248,222	303,211	285	242
3522	225,233	0,2	249,220	6,0	285	242
3523	169,175	3,1	241,179	0,1	242	252
3524	166,169	2,0	242,178	0,1	242	252
3525	2,0	226,147	0,1	425,294	252	298
3526	171,138	334,362	174,137	381,270	221	280
3527	8,5	146,142	3,0	155,114	293	207
3528	306,242	146,142	285,211	155,114	280	207
3529	173,166	377,289	224,138	373,300	207	298
3530	218,187	799,640	319,209	1024,829	222	298
3531	245,222	592,405	347,228	890,506	196	260
3532	3,2	10,10	0,0	5,3	298	240
3533	2,6	15,2	0,0	5,2	232	198
3534	19,9	7,1	18,13	5,2	298	198
3535	270,220	327,258	225,144	198,137	259	222
3536	126,116	327,258	112,53	198,137	262	222
3537	211,195	285,250	181,144	225,120	215	217
3538	395,332	252,235	315,274	215,149	275	215
3539	6488,5515	3685,3579	10198,8035	6012,3910	298	298
3540	540,581	9517,8897	739,524	13944,10116	298	298
3541	4601,4077	6080,5300	7541,5293	12107,9279	241	281
3542	42,43	29,55	97,57	32,19	298	298
3543	29,32	22,19	50,43	56,37	256	298
3545	2,3	0,1	4,4	0,0	298	298
3546	2,3	1,4	4,4	0,0	298	298
3547	0,0	6,5	1,1	6,7	298	241
3550	1,3	0,1	2,1	0,0	211	298
3551	1,3	1,4	2,1	0,0	211	298
3556	5,9	292,254	0,0	368,230	226	298
3557	365,329	58,64	298,308	27,16	298	298
3558	365,329	23,30	298,308	6,7	298	298
3559	97,122	296,248	137,92	363,244	254	298
3560	1,0	194,174	0,0	296,283	232	247
3561	1137,778	194,174	1766,1373	296,283	272	247
3562	692,546	677,423	1011,787	1200,957	298	298
3563	17,14	45,34	23,9	66,51	197	240
3564	31,20	18,11	50,51	45,27	217	219
3565	31,28	18,7	50,59	32,17	221	179
3566	0,4	13,13	10,7	29,33	179	176
3567	1,1	2,0	0,0	0,4	244	267
3569	1,6	10,9	1,2	12,6	298	298
3570	4,5	0,2	2,0	9,2	272	211
3571	48,37	4,2	39,25	0,1	200	298
3572	27,20	82,65	35,18	129,93	213	298
3573	32,33	4,1	60,43	8,1	225	272
3574	56,70	40,33	90,66	47,47	228	225
3575	676,521	248,175	780,575	218,163	298	201
3576	1,7	188,157	3,4	233,155	201	260
3577	193,163	190,156	177,152	234,155	201	260
3578	202,207	95,55	256,206	78,59	298	191
3580	21,26	2,7	56,16	3,1	256	237
3581	128,111	52,40	145,115	67,59	274	252
3582	49,51	52,41	53,42	67,61	241	252
3583	9,2	1925,1486	0,0	1393,1160	263	243
3584	88,53	102,56	143,104	124,94	281	233
3585	2,5	2,4	4,2	10,6	210	230
3586	7,1	10,6	4,5	4,3	272	277
3587	53,41	2,8	48,27	6,2	227	266
3588	53,41	135,147	48,27	295,131	227	298
3589	2,8	135,147	6,2	295,131	266	298
3590	11,7	1844,1594	5,1	2757,2185	275	275
3591	1660,1280	20,22	2728,2036	15,12	225	225
3593	157,134	115,67	227,159	132,84	295	239
3594	97,88	115,103	124,70	163,162	251	295
3595	3,6	131,83	2,2	169,110	298	297
3596	100,73	131,83	92,87	169,110	298	297
3597	70,92	89,86	107,88	110,72	281	298
3598	133,100	83,72	133,84	142,72	298	298
3599	70,75	85,72	97,77	146,72	239	298
3600	93,90	143,147	68,50	150,104	236	248
3601	155,118	161,160	168,120	181,133	281	236
3602	136,117	174,166	146,111	133,118	252	281
3603	1,2	29,45	0,0	14,20	197	237
3604	233,142	15,10	148,98	6,3	298	270
3605	127,82	130,93	95,57	87,53	298	290
3606	110,61	116,101	55,41	89,53	290	257
3607	1,0	250,191	5,3	395,305	197	298
3608	154,123	297,181	250,171	355,229	214	268
3609	6,5	341,265	2,0	386,285	177	298
3610	321,237	74,44	441,303	79,69	298	197
3611	159,123	218,149	254,175	298,253	214	298
3612	161,134	17,11	198,141	20,15	237	214
3613	159,133	123,90	198,138	171,116	237	235
3614	30,29	72,74	21,18	82,67	298	276
3615	58,79	72,74	60,28	82,67	275	276
3616	24,98	108,189	22,19	87,38	298	298
3617	139,130	158,109	133,117	151,112	249	262
3618	112,101	78,79	126,108	76,64	227	298
3619	326,244	185,150	337,239	196,155	298	276
3620	68,54	40,26	53,31	26,12	289	267
3621	26,20	7,3	26,8	2,4	268	186
3622	44,25	121,87	22,21	37,44	210	257
3623	40,38	44,42	15,28	30,20	200	211
3625	53,47	45,46	44,17	30,33	229	258
3626	58,73	55,60	39,17	50,40	298	298
3627	121,97	15,12	155,120	10,11	202	206
3628	28,36	43,36	38,19	57,20	263	293
3629	25,15	42,35	21,8	33,18	231	257
3630	29,33	45,38	26,26	47,24	294	298
3631	42,32	34,39	36,28	41,30	298	294
3633	164,149	75,60	170,125	76,59	298	239
3634	6,1	73,51	6,0	74,56	298	239
3635	90,104	163,131	128,103	209,138	248	298
3636	69,76	120,120	87,44	155,96	213	298
3637	134,103	99,110	133,100	185,122	298	296
3638	123,122	90,59	160,109	117,93	293	257
3639	222,205	465,394	365,267	675,584	234	261
3640	14,15	463,393	22,5	671,584	234	261
3641	428,372	515,409	518,430	947,797	261	262
3642	626,490	16,26	856,686	17,27	262	298
3643	626,490	334,344	856,686	324,338	262	298
3644	74,79	223,145	55,60	200,150	298	294
3645	254,159	348,263	214,129	259,202	294	298
3646	233,154	256,187	207,155	198,153	298	298
3647	71,57	90,66	147,86	122,85	234	244
3648	16,5	14,7	12,3	4,3	280	257
3649	329,318	615,577	391,321	1016,768	298	269
3650	1045,863	193,224	1364,1017	284,225	298	243
3651	28,13	45,34	50,24	42,23	246	217
3652	28,13	47,38	50,24	43,23	246	220
3653	33,36	23,11	52,34	35,24	214	246
3654	34,36	41,33	51,34	43,33	214	246
3655	46,30	22,13	66,51	37,23	298	214
3656	40,21	41,25	28,15	27,15	222	250
3657	89,62	75,75	96,68	86,67	298	274
3658	98,77	1,1	176,124	0,1	298	192
3659	33,24	165,137	49,34	174,112	192	298
3660	123,96	165,138	160,122	174,112	294	298
3661	116,120	1,0	179,143	0,0	298	281
3662	116,120	120,103	179,143	126,83	298	294
3663	116,120	5,4	179,143	3,1	298	298
3664	249,222	98,75	301,201	143,99	298	298
3666	54,49	134,132	92,55	204,150	200	218
3667	253,244	73,77	301,212	126,83	298	203
3668	4,4	0,0	0,0	0,4	291	237
3669	160,140	274,243	309,189	518,340	298	298
3670	3970,3175	703,515	2031,1301	239,174	298	177
3671	0,2	703,515	0,0	239,174	298	177
3672	8,5	7,5	4,0	0,3	208	268
3673	1,0	28,33	1,0	16,25	287	283
3674	21,21	27,17	20,12	30,15	289	298
3675	24,12	0,0	6,12	1,0	216	181
3676	24,12	0,2	6,12	2,2	216	298
3677	3,1	2,2	1,0	0,0	242	235
3678	2,0	2,2	2,3	0,0	274	235
3679	2,0	3,1	2,3	1,0	274	242
3680	6,3	37,20	1,4	22,30	256	295
3681	140,103	94,77	183,164	126,83	298	228
3682	98,99	144,100	152,107	146,125	228	261
3684	0,0	2646,1916	2,0	2592,1979	288	257
3685	1,3	2646,1915	2,0	2592,1980	267	257
3686	1397,1163	2646,1916	1221,949	2592,1979	267	257
3687	1397,1163	16,9	1219,949	0,0	267	257
3688	1936,1486	3279,2648	1839,1358	3665,2676	257	279
3689	2328,2175	1438,1315	3606,2840	2756,2012	236	252
3690	20,6	0,0	30,21	0,2	212	298
3691	6,8	76,86	0,0	74,43	298	298
3692	87,78	41,45	73,78	58,66	298	269
3693	67,89	107,80	117,85	95,101	284	266
3694	0,3	34,16	0,0	52,20	273	280
3695	18,31	34,15	23,24	52,22	273	280
3696	2,1	11,6	2,1	18,9	280	210
3697	17,17	39,34	19,10	42,27	205	246
3698	50,45	23,11	58,52	16,33	298	247
3699	35,13	15,22	41,25	29,16	298	249
3700	27,34	39,41	30,24	47,36	260	280
3701	100,89	608,623	59,47	589,375	171	298
3702	278,297	59,50	213,129	70,45	251	171
3703	3,0	74,64	2,0	140,79	220	191
3704	58,80	335,260	115,79	352,323	221	218
3705	66,47	26,23	51,42	39,26	298	296
3706	49,43	97,84	33,15	139,74	292	298
3707	79,63	0,1	75,58	0,0	259	292
3708	173,151	113,115	141,120	125,96	298	298
3709	99,113	214,189	147,111	317,253	260	297
3710	97,103	133,107	147,110	315,200	260	298
3711	272,233	63,58	324,255	72,57	277	211
3712	1236,1169	20,27	1296,1051	9,3	298	176
3713	1237,1172	109,97	1297,1049	92,54	298	176
3714	1237,1168	20,27	1296,1049	9,3	298	176
3715	168,160	812,683	139,54	709,484	176	275
3716	169,126	152,157	198,116	186,107	248	277
3717	9,19	194,126	15,3	397,229	244	282
3718	793,705	719,533	974,688	640,571	294	271
3719	467,404	717,528	489,367	639,566	274	271
3720	413,366	717,529	464,282	638,567	275	271
3721	467,408	621,526	491,372	571,481	274	294
3722	328,281	621,519	358,275	567,478	291	294
3723	332,288	632,585	362,278	767,539	291	274
3724	582,518	660,615	537,428	821,572	298	274
3725	417,368	640,593	465,283	793,556	275	274
3726	406,321	626,577	427,289	755,531	255	274
3727	584,526	584,496	548,436	648,485	298	291
3728	446,405	547,461	530,323	621,459	275	291
3729	418,333	536,452	460,313	609,454	255	291
3730	459,408	336,290	502,313	363,281	275	298
3731	405,318	500,443	430,290	463,363	255	275
3732	133,135	396,365	137,127	476,297	189	255
3733	0,0	350,331	1,0	414,267	189	255
3734	274,310	910,765	536,325	1196,894	209	298
3735	581,448	933,806	690,502	1347,929	221	294
3736	1127,967	395,340	1596,1083	534,358	294	232
3737	2,1	3,5	0,0	5,4	248	298
3738	3,1	3,5	0,0	5,4	277	298
3739	0,0	26,22	0,2	23,20	298	298
3740	0,0	26,22	1,2	23,20	298	298
3742	174,137	197,197	122,58	151,111	298	298
3744	98,78	99,98	188,151	171,125	298	296
3745	27,22	67,53	42,33	112,65	270	290
3746	1,2	68,54	7,5	112,65	185	290
3747	1,2	99,88	7,5	121,88	185	270
3748	68,31	14,18	66,53	23,20	190	185
3749	2060,1732	1760,1537	3389,2535	3166,2352	298	298
3750	1894,1609	2431,1974	3275,2392	3873,2863	298	279
3751	1759,1370	1734,1262	2981,1953	2721,2130	279	250
3752	1757,1358	959,944	2974,1953	1536,1112	279	263
3753	1783,1417	960,955	2951,2100	1542,1110	250	263
3754	0,7	92,116	1,2	76,49	245	290
3755	42,18	78,107	28,8	112,39	254	242
3756	167,122	177,153	240,151	321,247	279	239
3757	8,22	183,157	14,6	334,254	279	239
3758	116,135	218,183	217,140	394,312	298	279
3759	37,58	210,161	75,28	383,307	294	279
3761	4,1	1,3	1,3	2,2	259	229
3763	8,4	53,51	2,3	69,71	298	258
3764	121,102	53,51	115,108	69,71	281	258
3765	14,13	53,63	13,7	54,37	238	298
3766	15,15	51,29	16,9	41,21	253	296
3767	22,18	48,36	26,23	42,23	237	253
3768	32,28	25,13	39,21	7,11	248	205
3769	11,10	20,17	25,15	32,15	227	248
3770	30,29	2,3	41,41	1,3	298	196
3771	62,47	4,7	53,40	17,7	196	228
3772	30,29	0,2	39,41	0,0	298	196
3775	9,15	15,16	19,6	20,7	264	298
3776	0,0	30,39	2,0	35,14	281	298
3777	71,63	214,218	167,101	301,216	239	256
3778	1,8	10,9	15,6	13,8	298	276
3784	29,21	23,12	38,17	23,11	207	205
3785	20,13	14,11	20,10	13,7	202	195
3786	250,235	169,144	610,438	456,323	261	236
3787	8,7	210,180	11,6	290,183	251	298
3788	38,19	2,2	46,52	2,0	247	298
3789	13,10	2,2	16,9	2,0	260	298
3790	16,7	2,2	25,33	2,0	240	298
3791	112,75	2,3	195,150	1,6	283	298
3792	32,38	4,6	73,61	2,4	298	254
3793	13,8	77,82	18,12	112,108	298	298
3794	35,34	77,82	69,63	112,108	281	298
3795	12,9	14,16	34,30	22,10	283	254
3796	132,130	10,11	223,174	23,7	298	248
3797	153,139	3,2	180,171	6,6	279	298
3798	12,10	4,0	9,16	2,0	224	298
3799	12,10	16,9	9,16	19,21	224	280
3800	4,0	16,9	2,0	19,21	298	280
3801	0,0	264,181	2,1	428,299	280	245
3802	86,104	287,277	170,138	488,346	245	298
3803	76,94	9,12	155,121	8,10	245	298
3804	18,18	286,277	23,29	490,346	245	298
3805	404,294	217,250	649,428	542,359	298	295
3806	404,294	90,93	649,428	228,142	298	219
3807	404,294	13,8	649,428	8,6	298	298
3808	210,238	11,15	529,346	11,8	298	298
3809	8,4	317,306	7,5	674,489	298	298
3810	217,250	13,8	542,359	8,6	295	298
3811	492,514	11,15	1015,687	11,8	295	298
3812	292,281	317,306	493,347	674,489	295	298
3813	90,93	13,8	228,142	8,6	219	298
3814	96,102	11,15	236,152	11,8	219	298
3815	7,10	317,306	2,7	674,489	219	298
3816	74,74	11,15	197,115	11,8	208	298
3817	1,2	317,306	1,0	674,489	208	298
3819	248,170	114,103	403,238	167,111	298	298
3820	182,134	180,113	235,158	161,115	298	265
3821	157,118	106,94	214,154	211,155	239	243
3822	1008,904	613,532	1500,1150	962,715	298	297
3823	48,51	1638,1307	55,37	2608,1571	297	298
3824	631,526	444,474	890,594	610,362	267	272
3825	599,508	444,475	938,712	610,361	241	272
3828	0,0	174,155	3,0	325,231	226	215
3829	357,319	93,109	655,504	118,58	269	230
3830	351,317	4,3	656,503	1,2	269	298
3831	4,2	93,109	1,1	118,58	217	230
3832	135,117	235,282	245,152	216,168	230	298
3833	867,868	1649,1623	1346,866	2115,1672	286	298
3834	519,610	691,698	610,476	953,653	247	212
3835	1424,1383	737,728	1187,796	1011,691	298	212
3836	2785,2673	154,147	3144,2010	172,132	298	291
3837	2,2	21,38	0,0	29,8	239	272
3838	10,5	0,0	7,9	2,0	230	276
3839	11,24	173,149	19,5	206,119	203	298
3840	159,148	346,222	337,172	375,240	258	268
3841	310,243	347,226	460,356	373,240	294	268
3842	280,227	14,3	355,234	4,0	266	298
3843	3,7	295,354	1,2	257,178	203	298
3844	302,343	412,548	359,257	299,162	250	298
3845	38,39	7,16	27,15	12,5	298	248
3846	305,285	414,315	461,330	499,396	264	281
3847	431,369	403,300	594,404	521,383	266	264
3848	59,55	60,45	88,53	86,86	226	251
3850	160,131	4,2	215,137	4,7	226	298
3851	10,27	4,1	19,21	0,2	270	237
3852	119,82	84,73	116,75	140,86	203	198
3853	94,69	119,99	94,68	186,130	203	215
3854	94,71	4,7	95,68	1,3	203	198
3855	0,2	5,2	0,0	0,2	298	298
3856	0,2	0,2	0,0	0,1	298	243
3858	2,0	324,264	0,0	429,259	298	198
3859	5,2	0,2	0,2	0,1	298	243
3861	5,2	324,264	0,1	429,259	298	198
3865	97,80	145,112	116,74	206,134	198	215
3866	98,80	17,10	116,74	14,2	198	215
3867	98,80	171,112	116,74	166,107	198	220
3868	17,10	171,112	14,2	166,107	215	220
3869	100,90	170,112	113,64	165,107	215	220
3871	396,263	283,229	449,299	374,252	298	269
3872	394,264	534,434	449,297	563,461	298	298
3873	394,263	332,311	449,298	404,291	298	253
3874	236,186	532,434	316,222	564,462	262	298
3875	327,240	532,439	316,301	563,461	298	298
3876	324,238	6,10	315,301	10,3	298	298
3877	51,52	532,439	60,32	563,461	255	298
3878	3,4	532,439	1,0	563,461	250	298
3879	466,379	334,313	535,468	405,291	298	253
3880	401,324	1,1	425,372	1,0	253	298
3881	400,324	36,24	426,372	34,25	253	298
3882	0,1	1,2	0,3	0,0	298	298
3883	0,1	0,2	0,3	0,0	298	298
3884	0,1	1,2	0,3	0,0	298	279
3885	35,24	0,0	34,25	1,0	298	176
3886	484,448	0,0	575,403	1,0	298	176
3887	898,788	13,5	1069,805	18,7	298	194
3888	1,0	13,5	1,0	18,7	176	194
3890	0,1	48,29	1,0	51,32	176	194
3891	165,147	81,94	183,129	74,54	212	298
3892	182,149	222,178	183,156	203,93	236	255
3893	175,128	76,81	170,128	75,27	229	236
3894	38,35	19,17	24,21	31,16	230	224
3895	38,37	21,17	26,21	34,20	230	242
3896	5,3	46,48	0,0	39,37	242	290
3897	2,0	45,49	0,0	41,37	242	290
3898	87,93	76,76	137,82	93,63	298	291
3899	92,87	55,51	119,72	60,25	291	298
3900	562,641	539,471	525,383	628,411	298	298
3901	7,3	539,471	0,2	628,411	254	298
3902	586,531	383,317	612,391	473,310	298	279
3903	3,0	12,5	0,0	4,5	214	254
3904	453,487	398,437	557,374	439,361	277	298
3905	3,6	398,437	1,0	439,361	267	298
3906	545,542	523,474	702,451	587,412	298	296
3907	338,423	285,285	554,347	259,153	298	225
3908	42,18	25,21	18,17	20,15	298	239
3909	27,14	3,0	27,11	0,0	243	298
3910	46,66	143,137	49,36	204,211	268	278
3912	650,534	499,384	313,217	311,185	298	290
3913	369,301	346,277	200,165	203,114	298	258
3914	4,0	414,261	0,0	252,154	298	298
3915	0,3	10,1	0,0	2,1	263	251
3916	0,1	546,508	0,0	219,176	193	298
3917	0,2	546,508	1,0	219,176	279	298
3918	0,2	365,300	0,0	200,165	279	298
3919	165,174	4,10	16,10	1,0	270	234
3921	143,70	57,60	230,150	119,81	298	298
3922	94,111	94,76	160,155	148,93	298	286
3923	49,53	98,102	105,74	117,52	286	298
3924	106,84	52,61	159,108	114,74	298	241
3925	588,476	1135,863	540,383	1208,863	298	298
3926	588,476	1,5	540,383	2,0	298	210
3927	441,371	207,169	487,452	425,280	216	212
3928	22,14	7,8	19,4	11,3	281	217
3929	160,132	288,223	205,161	444,335	235	298
3930	133,140	281,195	220,165	397,302	208	264
3931	255,224	364,305	267,191	292,202	292	278
3932	1,0	12,9	6,6	16,10	265	298
3934	50,29	49,34	76,55	83,57	205	237
3935	85,34	48,38	146,94	83,58	219	237
3936	96,58	4,2	166,115	9,2	240	298
3937	293,276	658,571	367,283	762,546	231	261
3938	8,8	382,342	3,6	412,316	261	239
3939	263,246	560,411	228,221	579,366	222	270
3940	262,248	300,185	228,221	276,224	222	234
3941	377,384	299,185	386,265	276,224	270	234
3942	206,149	185,158	144,128	166,116	298	212
3943	23,22	69,49	34,40	76,71	242	298
3944	4,1	26,21	1,2	37,39	211	245
3945	76,82	172,143	72,50	148,145	276	293
3946	75,84	148,135	72,50	157,127	276	298
3947	297,304	0,3	329,260	1,0	266	298
3948	6,9	27,32	7,13	50,39	182	298
3949	493,376	116,152	656,560	95,66	298	298
3950	80,87	133,119	81,55	170,127	243	214
3951	494,380	810,697	586,447	841,735	298	279
3952	795,736	790,597	908,689	1214,819	298	298
3953	797,735	328,219	908,689	492,336	298	225
3954	4,4	433,368	6,1	590,379	298	298
3955	422,358	433,368	551,422	590,379	298	298
3956	62,39	101,68	93,64	159,103	210	245
3957	123,84	183,156	199,129	372,255	255	298
3958	4,2	41,28	5,3	79,74	298	211
3959	155,137	42,28	315,242	81,73	298	211
3960	1117,984	753,625	1767,1228	1388,966	267	248
3961	320,280	191,163	369,306	141,93	298	298
3962	7,5	192,162	7,10	141,93	298	298
3964	179,131	70,87	190,140	122,86	235	216
3965	64,60	191,144	44,26	213,156	298	247
3966	64,60	0,0	44,26	1,2	298	220
3967	2,0	2,2	3,3	2,0	298	278
3968	0,2	2,2	2,3	2,0	291	278
3969	29,17	77,63	24,18	99,65	216	237
3970	31,30	77,63	37,39	99,66	194	237
3971	46,36	65,47	69,40	61,43	235	216
3972	3,0	46,32	2,1	45,28	194	216
3973	10,4	52,31	3,3	47,42	191	235
3974	46,45	52,31	45,50	47,42	194	235
3975	9,4	50,27	6,3	47,41	191	235
3976	13,6	50,27	8,8	47,41	194	235
3977	90,102	77,77	124,78	91,62	264	266
3978	69,47	60,61	81,56	61,45	231	264
3979	486,374	442,356	576,405	773,541	266	298
3980	335,302	428,345	472,346	769,535	250	298
3981	39,24	428,345	61,44	769,535	266	298
3982	335,302	39,24	472,346	61,44	250	266
3983	186,142	181,157	141,107	158,90	298	264
3984	161,137	196,210	176,89	222,153	298	298
3985	2,0	127,125	0,0	126,96	242	201
3986	337,335	214,207	358,269	293,153	298	298
3987	337,335	93,76	358,269	149,115	298	298
3988	65,49	97,119	108,66	107,69	247	290
3989	1,0	3,2	0,0	2,5	200	298
3990	69,53	46,31	73,55	30,20	266	247
3991	89,66	55,36	124,95	56,48	298	213
3992	4,23	9,15	6,1	0,2	180	293
3993	67,48	83,107	132,53	144,99	298	298
3994	77,42	81,79	84,52	146,85	258	298
3995	0,0	258,322	1,0	215,130	225	279
3996	215,258	185,179	326,183	294,228	264	190
3997	661,574	645,539	938,660	777,511	298	298
3998	7,16	1,2	3,2	0,0	297	205
3999	391,288	460,326	652,404	701,477	298	250
4000	412,337	454,341	517,326	628,427	250	298
4001	396,327	68,48	492,312	72,45	250	298
4002	400,329	102,87	496,312	113,81	250	298
4003	779,580	196,156	1047,719	344,240	298	224
4004	712,535	452,387	975,674	640,477	298	298
4005	813,619	112,84	1088,755	129,73	298	224
4006	234,199	519,431	341,245	712,518	224	298
4007	430,344	69,50	556,378	73,45	224	298
4008	430,344	38,25	556,378	33,28	224	298
4009	430,344	421,354	556,378	560,417	224	298
4010	69,50	38,25	73,45	33,28	298	298
4011	69,50	421,354	73,45	560,417	298	298
4012	321,232	37,27	525,349	35,30	298	298
4013	321,232	420,356	525,349	562,419	298	298
4058	0,0	0,1	1,0	0,1	277	282
4059	5,6	15,7	5,4	37,41	224	298
4060	39,58	63,42	53,47	48,41	298	298
4061	29,32	49,47	49,30	75,54	298	266
4062	343,243	414,323	499,342	535,420	246	267
4063	206,189	192,178	237,183	281,211	219	215
4064	649,543	1010,932	814,556	1031,918	232	238
4065	926,767	1125,881	1549,1074	1641,1205	267	278
4066	926,769	7,1	1552,1078	0,0	267	251
4067	1319,1196	874,776	1490,1306	1492,1007	278	251
4068	69,62	96,78	99,68	181,138	225	284
4070	53,52	91,96	97,69	177,143	217	230
4071	109,90	213,176	202,153	385,321	230	275
4072	4,1	1,2	0,2	1,0	295	244
4073	96,52	83,60	73,78	54,65	298	292
4074	74,66	80,58	76,67	66,62	292	298
4075	373,278	218,206	609,416	331,231	188	185
4076	726,694	803,682	1183,820	1087,864	210	251
4077	718,684	11,15	1173,810	25,16	210	251
4078	947,812	297,267	1376,1020	491,353	251	194
4079	933,797	188,237	1340,999	212,172	251	227
4080	929,790	38,47	1334,993	31,34	251	227
4081	0,0	249,157	2,0	397,250	198	202
4082	0,2	1,0	0,0	2,2	198	202
4083	52,51	3,0	157,63	3,3	198	202
4084	144,138	357,265	263,194	688,419	202	224
4085	0,1	180,182	3,4	223,177	224	205
4086	327,239	181,180	529,379	227,179	224	205
4087	9,8	181,180	7,4	227,179	222	205
4088	388,318	615,528	739,460	886,574	247	280
4089	388,318	210,184	739,460	332,223	247	223
4090	510,399	212,184	638,487	332,223	280	223
4091	5,0	128,86	0,0	152,72	172	221
4092	3,4	128,86	3,2	152,72	217	221
4093	2,0	3,3	0,0	4,0	217	221
4094	2,8	126,85	1,2	153,72	217	221
4095	113,125	100,73	211,175	246,173	259	298
4096	113,125	101,73	211,175	246,173	259	298
4097	67,75	159,106	102,69	257,166	227	291
4098	165,108	130,157	181,173	208,160	298	298
4099	106,84	154,151	141,116	250,144	298	298
4100	45,37	105,84	64,40	138,116	210	298
4101	45,37	2,7	64,40	5,8	210	298
4102	55,50	41,34	73,43	97,63	298	210
4103	9,4	4,7	2,1	2,1	269	269
4104	6,6	8,3	0,1	3,1	278	269
4106	10,5	2,3	2,3	3,5	220	294
4107	8,2	5,11	3,4	10,9	294	298
4108	48,70	55,46	60,52	65,66	284	208
4109	95,100	146,102	180,114	253,147	280	257
4110	70,51	63,52	164,120	110,73	257	212
4111	94,69	114,92	116,90	176,101	212	257
4112	153,105	65,76	247,154	129,95	257	298
4113	133,126	66,76	173,153	129,95	265	298
4114	115,120	449,307	169,107	620,443	298	298
4115	23,21	446,304	19,11	616,442	298	285
4116	6,12	514,422	10,5	701,531	285	298
4117	372,279	360,329	465,338	573,397	285	298
4118	473,317	519,428	646,460	704,531	298	298
4119	44,37	519,428	46,30	704,531	298	298
4120	363,336	526,415	584,400	721,463	298	298
4121	302,279	212,177	404,263	235,210	239	275
4122	302,280	114,101	404,262	96,76	239	275
4123	303,279	441,306	404,262	533,415	239	277
4124	369,288	439,307	483,358	533,415	275	277
4125	37,19	166,155	39,30	295,199	233	268
4126	139,96	14,21	218,159	18,7	268	298
4127	159,106	133,138	255,182	340,205	298	298
4128	142,97	45,44	218,158	130,82	298	237
4129	106,83	28,15	231,138	26,19	237	189
4130	221,164	209,212	181,117	155,108	298	298
4131	2,1	209,212	0,3	155,108	226	298
4132	145,101	74,52	172,140	28,14	298	298
4133	67,77	115,121	73,49	143,99	238	298
4134	120,121	54,67	111,79	33,25	298	216
4135	20,13	15,10	23,22	27,8	298	254
4136	26,32	15,10	36,18	26,9	298	254
4137	25,32	11,16	37,18	26,17	298	298
4138	85,62	280,201	102,69	387,252	224	290
4139	47,34	277,200	67,35	386,252	224	290
4140	91,60	3,3	108,108	0,3	224	224
4141	5,13	321,229	12,12	352,251	182	224
4142	93,61	129,102	108,110	132,118	224	224
4143	100,101	67,54	123,101	78,60	281	234
4144	4,3	7,2	0,0	4,3	177	193
4145	171,160	376,263	141,103	372,271	199	298
4146	408,348	149,105	388,298	184,122	298	207
4147	51,48	82,59	58,32	97,39	257	266
4152	5,11	9,10	8,8	18,3	274	216
4153	9,6	0,1	13,3	0,0	216	268
4154	5,5	0,0	9,5	0,1	216	185
4155	2,0	90,65	0,0	93,62	298	253
4156	131,124	90,65	162,99	93,62	298	253
4157	33,21	68,76	20,5	80,43	282	240
4158	19,2	27,21	14,6	21,14	240	207
4159	2,2	53,46	5,1	56,40	208	298
4160	20,13	53,46	45,31	56,41	208	298
4161	90,50	29,31	78,66	60,59	238	229
4162	12,5	189,151	8,3	219,151	203	246
4163	56,41	123,97	61,54	134,125	240	293
4164	99,94	180,160	155,96	211,144	258	298
4165	92,90	26,18	143,84	21,14	258	298
4166	229,162	90,70	309,224	88,87	298	218
4167	3,2	103,115	5,0	166,142	233	298
4168	1478,1301	4,3	1922,1643	3,2	230	212
4169	1478,1301	6,3	1922,1643	4,3	230	215
4170	78,65	2,1	71,51	1,0	213	179
4171	84,69	58,47	61,40	62,29	298	252
4172	53,52	56,50	37,43	69,31	298	298
4173	26,18	60,63	26,19	45,35	238	298
4174	12,5	464,388	14,6	802,630	298	298
4175	375,313	570,517	683,453	994,771	254	298
4176	545,425	396,338	939,690	644,457	298	254
4177	0,4	386,335	3,2	630,446	298	254
4178	337,251	581,402	383,308	768,506	229	298
4179	6,2	7,5	0,0	3,0	227	272
4180	275,197	90,68	336,260	167,147	253	216
4181	116,74	90,66	139,83	167,148	194	216
4184	71,60	1,0	126,97	4,0	242	188
4185	29,51	62,60	71,41	142,64	248	284
4186	53,30	64,66	60,48	92,67	236	261
4187	26,36	128,109	30,19	136,125	261	264
4188	109,70	113,106	109,58	150,149	298	285
4189	88,87	153,83	141,104	142,88	298	298
4190	90,107	108,68	135,102	109,58	277	298
4191	49,43	77,84	36,38	110,93	223	277
4192	177,172	193,187	241,152	271,206	277	251
4193	177,172	14,14	241,152	18,11	277	236
4194	143,123	238,165	194,132	376,263	269	277
4195	105,80	160,139	206,120	231,151	200	269
4196	5,6	27,31	16,6	8,8	298	298
4197	137,131	155,148	133,73	123,84	258	253
4198	10,3	5,6	12,17	12,9	232	215
4199	5,1	6,2	2,3	2,5	208	203
4200	84,54	127,91	142,106	157,108	223	253
4201	174,143	6,2	304,200	4,1	271	298
4202	0,4	120,88	2,8	91,63	263	298
4203	0,4	96,69	2,8	95,91	263	260
4204	37,25	97,70	39,24	95,91	236	260
4205	0,4	234,185	2,8	239,198	263	298
4206	37,25	172,131	39,24	210,176	236	298
4207	211,231	366,324	157,122	357,308	256	298
4208	157,184	427,303	173,126	411,278	298	272
4209	239,161	1,0	234,211	0,0	257	203
4210	2,5	2,2	4,2	17,10	240	272
4211	43,31	62,49	47,40	58,60	268	298
4212	66,54	94,84	110,76	120,92	298	298
4213	66,54	27,25	110,76	33,28	298	255
4214	47,33	23,27	86,49	33,26	298	255
4215	46,34	9,14	87,47	18,10	298	215
4216	46,34	10,7	87,47	5,8	298	255
4217	71,58	1,3	83,66	1,4	255	215
4218	56,34	2,0	66,47	0,0	260	215
4219	52,31	37,35	54,34	48,29	240	229
4220	42,49	49,38	23,33	58,35	244	298
4221	47,50	69,40	53,30	58,62	234	298
4222	106,167	154,160	88,39	224,172	229	251
4223	78,108	156,161	59,30	222,175	214	251
4224	59,33	3,0	76,55	6,4	222	181
4225	110,80	17,10	114,72	16,14	232	258
4226	110,82	243,159	114,72	383,271	232	229
4227	169,126	243,159	158,142	384,267	258	229
4228	169,127	50,43	157,142	65,57	258	185
4229	169,125	0,6	157,142	0,2	258	185
4230	43,30	50,43	40,19	67,57	229	185
4231	21,12	0,4	16,9	0,2	229	185
4232	21,12	148,98	16,9	196,154	229	223
4233	0,4	148,98	0,2	196,154	185	223
4234	3,10	177,139	11,5	278,212	298	289
4235	230,212	177,143	417,254	277,212	298	289
4236	242,174	83,60	314,278	119,95	298	214
4237	139,132	165,114	244,206	192,189	297	298
4238	3,5	73,50	13,3	88,57	263	298
4239	219,167	253,194	252,202	259,210	251	221
4240	0,1	1,1	0,0	8,1	173	170
4241	488,379	754,646	562,394	1012,736	217	264
4242	468,360	389,273	562,394	469,322	217	237
4243	547,381	338,273	663,485	389,349	273	211
4244	547,378	231,211	663,484	253,200	273	221
4245	283,218	83,68	304,223	91,63	298	219
4246	55,69	37,39	84,50	49,42	196	161
4247	192,168	34,38	267,175	49,45	270	161
4248	195,169	57,57	266,175	62,44	270	196
4249	6,1	61,61	0,0	56,36	233	188
4250	37,17	56,45	68,41	92,73	234	288
4251	3,0	1,0	2,0	4,0	273	298
4252	29,25	69,82	46,45	133,68	240	298
4257	85,58	106,95	119,100	163,123	298	266
4258	155,113	66,49	189,144	119,53	298	231
4259	98,87	98,62	134,94	100,65	260	248
4260	87,68	83,63	104,83	115,98	293	260
4264	10,9	131,83	25,17	193,184	216	298
4266	131,106	37,29	158,139	60,49	298	237
4267	183,119	117,70	287,239	225,136	298	298
4268	75,68	144,119	184,141	230,209	280	298
4269	17,14	7,6	25,20	13,1	298	227
4270	7,10	23,15	16,9	27,18	227	298
4271	17,13	21,4	24,11	34,29	298	281
4272	19,13	0,0	24,11	3,0	298	281
4273	19,11	5,4	24,14	19,10	281	282
4274	15,15	18,20	27,18	41,30	298	298
4276	181,134	133,113	100,94	108,80	298	257
4277	75,80	216,130	77,68	161,123	276	298
4278	13,17	17,18	10,12	27,15	239	298
4279	29,21	31,33	29,11	28,17	298	255
4280	25,19	44,25	29,11	15,7	298	298
4281	7,6	27,14	0,2	23,9	298	298
4282	10,8	28,14	0,2	21,9	298	298
4283	57,22	35,23	32,19	24,24	298	298
4288	78,81	174,167	91,38	217,182	260	298
4289	701,630	13,14	496,393	0,0	218	222
4290	647,659	651,521	423,335	509,391	222	225
4291	823,766	664,529	471,395	509,391	244	225
4292	70,47	77,68	92,77	163,98	209	263
4293	196,130	31,16	311,223	36,33	263	194
4294	163,115	3,6	268,192	13,2	263	194
4295	42,35	127,96	85,54	265,174	194	218
4311	10,11	12,9	23,5	6,9	229	298
4312	3,5	2,0	0,0	1,5	284	290
4313	606,441	124,119	555,409	73,57	298	188
4314	211,170	276,198	172,115	90,89	215	298
4315	41,18	263,184	0,2	244,151	298	215
4317	159,144	115,123	132,115	186,131	261	213
4318	153,143	169,175	146,129	199,164	298	290
4319	31,53	169,175	59,39	199,164	213	290
4320	101,99	175,189	119,128	209,163	213	290
4321	1379,1249	914,785	583,525	434,360	298	298
4322	188,288	912,786	80,44	434,360	258	298
4323	1380,1249	914,785	584,525	434,360	298	298
4324	1,0	912,786	1,0	434,360	298	298
4325	133,133	73,70	209,170	128,89	298	197
4326	3152,2627	1861,1445	4876,3546	2602,1903	298	298
4327	176,152	248,178	178,115	329,205	298	216
4328	172,144	10,7	164,113	10,8	298	267
4329	155,139	303,260	143,133	449,282	216	247
4330	12,12	4,6	9,7	3,2	271	215
4331	276,233	412,304	453,321	536,358	236	234
4332	295,258	412,304	470,327	536,358	241	234
4334	0,2	1,0	4,0	0,0	298	291
4335	4,1	0,0	0,0	0,1	245	264
4337	7,5	0,0	5,2	1,0	261	264
4341	383,332	544,412	575,420	560,441	298	298
4342	43,38	200,130	74,58	206,145	296	245
4343	142,126	313,204	177,130	527,354	237	284
4344	191,204	240,168	258,154	251,188	251	237
4345	275,251	233,189	390,203	267,191	293	251
4346	241,193	264,264	196,186	330,196	298	293
4347	17,15	260,252	7,2	380,198	298	298
4348	39,75	30,34	41,11	26,16	298	226
4349	79,74	86,77	72,41	89,86	262	222
4350	21,23	73,54	40,20	59,80	187	238
4351	0,0	53,55	0,1	93,63	199	235
4352	168,128	326,266	162,111	297,181	227	281
4353	46,46	104,82	34,10	81,58	298	287
4354	28,19	299,195	36,19	259,239	260	283
4355	32,23	47,41	43,30	29,15	260	290
4358	23,23	0,0	13,8	1,0	298	298
4359	22,25	0,0	12,8	1,0	298	298
4360	23,23	0,2	13,8	1,0	298	283
4361	22,23	1,1	12,10	2,0	298	279
4362	2,2	23,12	2,1	17,11	298	279
4363	22,25	6,4	12,8	2,1	298	279
4364	0,2	6,4	0,0	2,1	236	279
4365	1,4	6,4	1,1	2,1	298	279
4371	103,104	105,74	71,60	37,29	298	298
4372	98,95	85,71	31,37	52,43	298	298
4373	33,38	17,16	126,79	14,10	271	264
4374	34,36	44,27	123,79	61,31	271	269
4375	33,38	209,200	126,79	484,336	271	269
4376	405,315	38,34	880,640	58,42	257	284
4377	436,344	38,34	920,677	58,42	264	284
4378	681,572	38,34	1514,1111	58,42	269	284
4379	416,333	204,209	919,680	423,294	269	233
4380	756,619	53,32	1445,1059	82,63	187	210
4381	30,23	3,0	29,22	2,5	298	232
4382	30,24	2370,1882	30,21	4133,3253	298	197
4383	687,593	411,342	788,700	669,520	298	264
4384	444,394	380,296	678,413	428,290	298	298
4385	301,292	275,233	256,165	120,97	298	209
4386	480,436	397,337	275,193	262,215	298	298
4387	5,11	397,337	8,3	262,215	298	298
4388	21,27	397,337	7,7	262,215	285	298
4389	231,224	304,231	414,303	667,440	214	250
4390	550,481	765,596	1006,659	958,771	298	298
4393	16,21	17,15	34,27	30,22	251	283
4395	26,32	174,142	73,32	465,326	251	220
4396	81,85	200,145	238,161	515,392	251	284
4397	1,0	209,145	3,6	525,396	201	284
4398	705,632	1222,1059	794,611	1471,1161	273	285
4399	746,659	422,396	869,622	415,274	290	204
4400	562,514	1305,1241	828,586	1586,1138	263	290
4401	281,292	1305,1241	245,183	1586,1138	298	290
4402	476,386	599,535	489,406	654,469	205	263
4403	787,639	273,252	890,716	431,279	248	205
4404	373,339	723,646	562,446	970,760	226	245
4405	1971,1538	1123,918	1670,1296	1197,867	237	298
4406	1971,1538	147,117	1670,1296	10,9	237	298
4407	59,93	18,22	29,13	16,14	298	245
4408	381,365	3,0	640,421	4,1	273	246
4409	382,365	283,264	639,423	430,310	273	246
4410	380,366	446,416	642,421	737,438	273	253
4411	353,396	6,2	551,453	9,8	298	273
4412	348,397	393,289	547,452	634,392	298	273
4413	19,15	13,6	23,30	14,4	236	298
4414	18,15	6,2	24,32	6,3	236	298
4415	10,9	2,2	5,8	0,0	298	202
4416	8,6	2,2	5,8	0,0	298	202
4417	31,43	332,334	28,14	516,360	298	267
4418	519,372	43,37	884,616	58,47	262	197
4419	7,3	1,0	11,7	3,5	247	267
4420	19,21	1,0	28,9	3,5	271	267
4421	5,4	1,0	4,4	3,5	288	267
4422	5,4	7,3	4,4	11,7	288	247
4423	5,4	19,21	4,4	28,9	288	271
4429	1,0	111,78	2,0	122,101	263	296
4430	77,57	53,59	114,111	96,68	263	272
4431	60,61	72,57	103,76	89,74	298	263
4432	2,0	55,44	1,0	89,58	218	239
4433	319,312	9,3	438,335	7,2	298	258
4434	3,1	8,2	4,2	5,4	298	258
4435	400,311	51,33	420,287	62,50	298	188
4436	322,314	72,51	444,337	70,60	298	188
4437	94,86	84,91	148,136	76,86	261	218
4438	220,196	190,134	285,191	276,164	267	233
4439	83,87	184,134	133,77	278,165	205	233
4440	1,1	269,252	1,0	411,269	298	298
4441	3,2	269,252	0,0	411,269	298	298
4442	0,0	253,227	0,1	386,259	197	298
4443	0,2	253,227	0,0	386,259	214	298
4444	11,6	253,227	1,3	386,259	298	298
4446	15,23	253,226	16,14	388,258	298	298
4447	0,2	0,0	0,0	0,1	214	197
4448	975,750	609,470	1636,1129	1447,1092	298	279
4449	844,592	627,515	1399,970	1171,769	277	285
4450	623,550	427,340	868,620	800,544	298	240
4451	896,718	729,532	1424,993	1393,871	298	298
4452	733,622	623,549	1204,887	867,618	296	298
4453	49,28	523,406	52,34	879,690	298	246
4454	49,28	1256,1056	52,34	2377,1686	298	298
4455	421,419	687,544	605,432	1240,928	242	298
4456	633,544	2593,1717	670,562	5517,4243	197	234
4457	633,544	3923,2800	670,562	8176,6156	197	298
4458	1229,1094	3926,2798	1668,1401	8171,6155	197	298
4459	3272,2532	1051,911	7032,4937	2182,1616	298	197
4460	20,23	1051,911	2,1	2182,1616	298	197
4461	12,8	1318,1161	17,18	1671,1353	175	264
4462	12,8	1537,1383	17,18	2513,2110	175	225
4463	20,23	3272,2532	2,1	7032,4937	298	298
4464	21,22	7487,6047	2,1	13518,9901	298	298
4467	475,403	24,33	222,150	53,46	298	237
4468	691,622	3069,2389	499,387	6707,4688	298	175
4469	5,8	3069,2389	15,7	6707,4688	195	175
4470	32,42	19,17	27,16	8,6	254	293
4471	178,199	209,217	267,200	304,188	298	282
4472	35,33	100,57	54,31	107,74	217	293
4473	35,33	3,0	54,31	0,0	217	298
4474	50,51	102,57	65,33	107,76	262	293
4475	50,51	5,0	65,33	0,2	262	298
4476	296,282	554,491	504,335	856,596	253	298
4477	1,2	35,41	2,0	50,14	284	298
4486	0,0	0,3	1,0	1,0	261	285
4493	505,468	465,383	724,415	623,523	263	249
4494	1152,984	590,497	1312,1089	729,593	298	263
4495	13,15	590,494	11,3	730,593	298	263
4496	675,613	755,635	803,557	1121,616	284	298
4497	767,685	1100,926	801,670	1246,1036	298	284
4498	355,283	734,676	351,317	868,601	209	298
4499	700,588	183,211	853,728	220,160	277	209
4500	2,4	110,51	2,0	168,104	256	260
4501	46,42	44,22	48,27	62,35	256	205
4502	46,41	175,129	50,27	216,150	256	298
4503	145,112	95,78	155,112	145,99	256	248
4504	46,41	24,20	49,27	6,10	256	298
4505	84,60	42,23	82,62	61,37	260	205
4506	81,56	175,129	83,62	216,148	260	298
4507	80,55	24,20	80,60	6,8	260	298
4508	80,55	307,305	80,60	275,286	260	298
4509	81,56	5,9	80,61	11,7	260	286
4510	81,56	281,275	80,61	300,322	260	298
4511	2,5	281,276	0,0	299,322	298	298
4512	5,3	300,245	4,10	440,291	225	216
4513	87,78	548,457	123,59	840,649	216	256
4514	81,67	45,44	114,54	56,38	216	256
4515	81,67	575,449	114,54	811,639	216	271
4516	81,67	12,8	114,54	12,4	216	298
4517	45,44	575,449	56,38	811,639	256	271
4518	45,44	12,8	56,38	12,4	256	298
4519	499,430	582,466	627,420	818,642	256	271
4520	499,430	19,21	627,420	19,8	256	298
4521	86,70	100,176	16,13	21,1	188	298
4522	436,334	223,232	455,293	246,126	278	267
4523	305,227	230,233	309,226	246,126	242	267
4524	301,225	265,200	303,222	175,116	242	298
4525	278,224	224,231	334,233	246,126	298	267
4526	279,223	270,202	331,235	181,120	298	298
4527	282,220	376,337	332,234	227,161	298	298
4528	278,220	153,133	331,234	125,99	298	229
4529	355,321	376,339	348,190	223,163	267	298
4530	349,314	155,133	347,188	126,99	267	229
4531	280,286	158,144	299,145	132,102	298	229
4532	281,284	418,307	301,143	314,202	298	298
4533	350,282	161,140	226,146	127,99	298	229
4534	267,203	418,307	174,116	309,202	298	298
4535	104,96	52,49	130,103	51,34	280	298
4536	0,0	10,7	0,1	14,7	215	174
4537	1,5	10,7	1,0	14,7	298	174
4538	16,15	45,42	16,13	54,45	209	277
4539	51,40	62,38	60,36	57,51	277	285
4540	17,22	127,104	13,2	207,140	298	270
4541	19,20	23,5	12,2	17,6	298	270
4542	0,1	127,104	1,0	207,140	209	270
4543	149,143	36,21	196,129	62,46	270	200
4544	149,143	154,99	196,129	229,184	270	298
4545	35,26	203,182	43,24	226,198	298	282
4546	5,1	47,51	0,0	49,25	236	234
4547	50,50	107,70	28,14	98,70	234	280
4548	57,56	123,117	53,19	130,77	280	298
4549	128,90	62,67	125,90	95,79	298	238
4550	65,61	24,16	95,47	26,17	236	289
4551	77,70	65,71	88,67	75,42	255	233
4552	3,2	2,0	2,1	0,0	199	269
4553	120,84	88,95	130,118	75,51	298	242
4557	34,35	50,28	48,53	62,43	244	282
4558	25,27	2,0	38,49	1,0	244	282
4559	42,42	59,41	62,49	90,46	282	236
4561	155,155	74,74	247,142	107,83	298	250
4562	164,163	34,23	260,153	59,57	298	237
4563	87,91	34,22	108,98	59,57	265	237
4564	47,57	34,41	135,83	58,41	228	244
4565	52,49	93,70	159,119	200,138	260	252
4566	87,82	114,88	197,129	166,130	252	252
4567	70,53	116,86	111,94	309,230	203	290
4568	139,111	76,61	226,176	122,78	290	227
4569	21,15	144,102	18,16	258,194	273	197
4570	264,183	147,102	380,289	263,193	273	197
4571	62,51	280,242	103,65	358,259	197	298
4572	350,264	192,182	580,440	254,192	298	269
4575	436,383	64,69	220,157	7,11	298	203
4576	2,3	13,11	6,6	4,6	270	298
4577	12,10	302,269	5,2	289,247	260	267
4578	346,313	87,99	370,220	119,59	298	269
4579	23,15	125,180	26,35	262,152	287	276
4580	67,52	89,112	76,73	163,109	238	276
4581	23,15	106,113	26,35	179,120	287	298
4582	67,52	95,103	76,73	170,111	238	298
4583	23,15	30,72	26,35	102,45	287	272
4584	30,28	1,0	57,31	1,2	298	251
4585	20,21	1,0	43,30	1,2	298	251
4586	9,26	24,19	40,15	34,30	294	298
4587	19,22	18,13	36,17	30,12	267	298
4589	5,1	12,5	2,2	12,10	298	179
4590	0,4	217,189	1,0	465,288	161	278
4591	342,247	204,245	432,335	329,232	287	291
4592	341,248	214,206	432,335	296,217	287	280
4593	4,1	333,256	0,0	444,306	298	298
4594	223,149	401,362	283,200	643,466	239	298
4595	233,175	266,190	305,239	340,237	218	275
4598	39,35	90,84	103,57	201,127	298	267
4599	8,2	36,18	5,2	60,40	298	254
4604	6,11	0,0	19,16	3,3	196	195
4605	2,0	0,0	0,0	3,3	264	195
4606	2,0	6,11	0,0	19,16	264	196
4607	155,122	5,2	220,203	0,0	232	228
4608	156,123	295,234	220,205	449,374	232	228
4609	41,50	242,231	101,54	382,301	195	279
4611	1,1	112,79	9,1	213,175	180	195
4612	266,266	112,79	380,285	213,175	269	195
4613	10,11	100,86	4,5	173,138	253	180
4614	266,266	1,1	380,285	9,1	269	180
4615	282,228	218,158	320,225	400,251	255	269
4616	6,2	617,554	8,2	827,627	269	255
4617	82,112	195,195	104,65	346,261	209	217
4618	44,35	137,140	49,22	255,192	207	240
4619	159,102	112,92	219,160	137,112	257	240
4620	126,84	97,105	228,160	120,101	240	298
4621	6,9	54,38	3,2	40,33	290	222
4622	70,58	126,90	95,64	147,118	214	234
4623	65,58	114,87	112,79	138,111	215	234
4624	80,63	48,43	117,83	125,78	215	214
4625	106,102	53,41	170,119	105,50	284	215
4626	62,45	123,121	71,58	175,116	227	284
4627	138,131	60,36	192,137	84,63	239	236
4628	13,11	7,3	7,2	9,14	230	255
4629	26,12	5,3	27,30	10,12	211	255
4630	20,13	17,18	24,8	30,24	293	284
4631	6,8	63,57	15,6	116,67	271	233
4632	0,0	1294,1226	3,0	2208,1607	271	203
4633	1,3	328,407	2,3	480,402	298	186
4634	1136,1088	328,407	1915,1392	480,402	224	186
4635	390,355	546,624	684,502	701,538	186	187
4636	5,10	37,15	46,13	44,22	232	211
4637	130,116	2,8	138,77	0,0	260	298
4639	4,0	0,0	5,4	4,3	292	298
4650	95,76	174,129	106,70	137,100	221	244
4651	175,132	193,153	125,104	219,173	254	298
4652	152,139	185,150	226,132	165,126	281	278
4653	78,76	251,219	101,59	299,212	194	281
4654	2,0	16,10	0,0	19,10	270	219
4655	0,2	115,85	0,0	168,168	270	219
4656	21,20	104,91	42,43	216,120	215	293
4657	50,59	103,91	98,53	215,120	209	293
4659	51,59	50,40	98,53	54,54	209	215
4660	130,80	46,37	153,83	95,72	298	268
4661	228,205	76,62	424,320	99,78	298	207
4662	38,24	189,165	77,49	277,249	216	298
4664	74,60	99,56	67,33	70,56	241	255
4665	15,18	59,73	23,26	68,40	268	297
4666	65,30	78,71	78,60	115,72	242	298
4670	17,18	25,31	30,14	18,16	197	284
4671	77,89	379,303	85,43	363,231	264	298
4672	88,83	179,167	97,43	227,150	298	298
4673	597,555	231,229	518,374	257,195	298	298
4674	517,538	554,530	411,253	370,291	298	288
4675	32,30	10,9	52,29	8,7	269	222
4676	39,36	25,25	38,25	35,12	245	298
4677	13,13	18,12	22,24	8,8	256	222
4678	30,24	34,47	24,33	29,14	298	298
4679	21,30	31,47	11,5	29,14	298	298
4680	42,43	19,13	80,33	14,13	298	258
4681	35,22	14,9	49,17	14,4	286	248
4682	4,2	9,10	3,1	7,10	266	284
4683	5,2	0,2	8,6	0,0	238	298
4685	6,3	2,0	8,6	1,0	238	194
4687	2,0	3,1	1,0	3,4	210	241
4688	2,1	3,1	6,1	5,2	203	241
4691	2,1	5,0	2,1	6,0	231	238
4692	2,1	5,0	2,0	6,0	203	298
4693	3,1	0,0	6,2	4,0	203	210
4694	6,2	0,0	6,2	4,0	207	210
4696	6,2	2,1	6,2	5,3	207	203
4697	6,2	3,1	6,2	6,2	207	203
4698	6,2	4,2	6,2	7,1	207	203
4699	0,0	2,1	1,0	1,2	242	298
4700	0,0	2,1	1,0	1,0	242	298
4701	103,77	69,56	189,131	107,92	298	298
4703	126,127	114,118	122,79	142,100	228	236
4704	120,96	88,76	121,104	108,91	233	228
4708	222,193	85,108	182,147	146,87	252	298
4709	67,73	67,84	103,68	77,56	206	221
4710	9,6	273,207	7,1	362,224	212	276
4711	9,6	221,177	7,1	269,153	212	279
4712	109,79	59,44	139,71	68,49	223	195
4713	101,112	155,136	167,108	214,177	270	256
4714	5,9	155,136	8,9	214,177	265	256
4715	70,35	46,47	119,78	63,48	221	221
4716	36,27	129,116	24,25	227,119	209	298
4717	180,141	100,77	187,107	95,65	263	209
4718	176,170	97,70	229,146	107,69	242	263
4722	12,1	0,0	32,39	6,0	237	287
4723	41,23	4,0	88,95	5,5	237	287
4724	39,25	4,3	87,73	6,0	226	298
4725	43,40	11,8	23,14	10,10	260	225
4726	121,145	253,250	97,91	264,175	261	236
4727	180,184	264,221	284,168	246,182	225	239
4728	41,26	37,41	18,12	39,27	215	256
4729	46,40	49,59	81,47	71,56	298	298
4730	916,783	3,3	1541,1061	0,0	230	298
4731	8,3	14,8	11,5	15,9	298	242
4732	385,385	920,795	637,388	1542,1072	296	232
4733	1075,809	960,825	2265,1544	1590,1117	218	232
4734	32,21	868,656	44,37	1564,1188	251	218
4735	32,25	4,5	28,32	5,4	272	245
4736	22,13	4,5	16,17	5,4	224	245
4737	1630,1278	1989,1471	2537,1893	4022,2691	249	260
4738	4,5	1502,1162	4,2	2812,1871	232	249
4739	0,2	1497,1166	1,0	2806,1866	232	249
4740	61,41	92,62	78,54	146,82	230	265
4741	80,65	92,73	112,72	103,66	295	298
4742	78,77	77,76	146,82	104,77	298	263
4743	80,106	104,103	128,117	141,128	273	298
4744	87,99	136,78	147,140	166,120	286	273
4745	77,59	55,44	77,89	116,64	257	285
4746	71,54	70,51	53,48	64,73	274	238
4747	0,1	69,47	0,1	62,71	274	238
4748	2,1	71,47	0,0	62,71	274	238
4749	6,15	69,48	10,1	63,71	274	238
4750	27,40	69,48	29,27	63,71	298	238
4751	7,9	2,1	7,4	3,1	216	171
4752	40,35	1,2	43,44	13,3	213	197
4753	24,16	113,104	26,15	186,114	247	233
4754	419,404	712,519	505,374	963,696	256	283
4755	462,429	529,387	521,383	698,522	249	283
4756	570,473	438,309	732,565	539,406	272	249
4757	59,52	49,33	55,47	29,33	298	263
4758	57,52	1,6	53,45	0,0	298	263
4759	44,34	40,37	35,29	35,29	263	279
4760	267,253	1555,1332	512,333	2277,1614	255	247
4761	77,65	117,70	50,25	121,89	297	298
4762	22,28	61,54	71,35	66,56	214	288
4763	448,348	524,478	676,447	744,536	259	298
4764	144,122	93,108	144,89	131,90	298	293
4765	971,799	3568,2661	2031,1402	6477,4758	211	262
4767	0,4	2,0	0,0	3,0	298	247
4768	0,4	2,3	0,0	3,1	298	203
4769	0,4	3,1	0,0	5,3	298	298
4770	2,0	2,3	3,0	3,1	247	203
4771	2,0	3,1	3,0	5,3	247	298
4772	182,165	180,191	272,225	271,200	234	224
4773	491,458	332,285	689,446	373,288	298	252
4774	1,0	814,664	1,1	977,808	247	252
4775	11,1	1066,941	0,0	1387,1015	273	298
4776	89,63	346,248	60,38	295,217	185	298
4777	266,197	129,105	226,130	112,75	298	260
4778	63,48	118,69	69,50	73,58	174	215
4779	89,91	82,60	120,76	75,46	284	282
4780	82,79	88,53	75,66	75,70	278	284
4781	43,36	25,27	89,58	48,36	210	187
4782	60,58	46,33	88,73	34,43	217	227
4797	25,16	31,30	17,9	64,47	214	260
4798	36,20	33,16	21,19	30,35	234	214
4799	47,35	110,98	86,54	289,242	224	269
4800	82,87	93,91	178,98	230,125	259	224
4801	26,20	0,1	16,9	0,0	298	196
4803	6,14	5,0	7,3	0,0	298	254
4804	0,2	16,3	0,1	6,4	196	254
4805	60,50	93,60	82,43	115,107	181	197
4806	68,88	77,46	137,96	110,106	298	268
4807	58,49	35,36	70,62	75,39	298	235
4808	35,34	27,37	18,12	15,5	298	256
4811	44,34	44,58	49,30	48,44	288	266
4812	7,18	53,47	33,32	147,80	232	298
4813	12,7	18,18	8,15	39,23	236	298
4818	0,0	87,46	1,0	83,70	251	229
4819	36,50	40,34	32,21	28,25	298	276
4820	2542,2358	10098,8995	4410,3182	16627,12463	204	298
4821	2542,2358	22,17	4410,3182	16,10	204	298
4822	6657,6115	4101,4114	11161,8523	6460,4827	298	233
4823	167,178	198,176	145,100	132,80	298	266
4824	132,107	167,168	162,136	163,125	269	263
4825	71,70	32,68	89,79	47,46	230	194
4827	0,3	10,8	0,0	0,2	298	218
4828	72,117	108,152	53,24	27,24	298	298
4829	101,152	108,154	65,33	27,24	298	298
4830	172,128	40,51	136,101	31,18	256	258
4832	1,0	6,10	1,0	3,2	249	244
4833	1,0	1,3	1,0	1,0	249	271
4835	6,10	1,3	3,2	1,0	244	271
4836	10,5	11,8	7,3	12,7	214	237
4839	37,60	35,49	39,6	28,7	210	239
4840	35,25	19,23	18,11	19,3	258	223
4843	7,3	2,0	3,2	4,0	283	298
4845	514,480	510,502	640,397	532,419	297	298
4846	466,442	219,201	614,500	248,208	296	298
4847	464,440	511,503	612,500	534,419	296	298
4848	465,437	283,284	612,500	286,144	296	298
4849	282,297	231,286	399,318	205,125	298	298
4850	1334,1117	613,606	2071,1624	844,573	227	216
4851	1759,1494	609,604	2662,2080	846,572	266	216
4852	1,2	609,604	6,7	846,572	230	216
4853	14,9	11,15	12,10	6,2	266	227
4854	13,10	1178,987	19,15	1773,1341	247	227
4855	10,6	1178,987	3,1	1773,1341	230	227
4856	2325,2053	1178,987	3892,2857	1773,1341	289	227
4857	10,6	1,0	3,1	0,0	230	225
4858	2325,2053	1,0	3892,2857	0,0	289	225
4859	1759,1494	1,2	2662,2080	6,7	266	230
4860	2325,2053	10,6	3892,2857	3,1	289	230
4861	1333,1317	2,3	2099,1390	3,0	298	230
4862	1228,1187	1225,951	2005,1295	1887,1461	225	230
4863	2330,2056	1765,1482	3899,2869	2735,2198	289	266
4864	1241,1195	5,3	2011,1298	9,12	225	289
4865	1242,1197	2105,1761	2019,1305	3193,2531	225	289
4866	0,3	3,2	2,0	6,5	292	298
4868	690,632	706,688	580,470	633,482	297	255
4870	285,258	239,217	339,266	384,288	296	292
4875	116,96	84,59	130,77	140,77	274	298
4876	54,49	80,61	57,43	121,83	298	263
4877	98,83	80,64	160,79	121,88	272	263
4878	190,166	82,89	326,240	130,94	268	223
4879	2,2	167,131	6,0	300,229	298	268
4880	0,0	100,60	1,0	103,53	246	242
4881	81,69	108,98	75,41	141,88	267	298
4882	359,255	508,498	391,328	504,417	237	298
4883	214,133	514,505	277,191	504,417	209	298
4884	56,44	219,208	78,50	311,175	226	298
4885	146,115	103,73	187,108	135,94	287	226
4886	135,110	122,104	134,119	180,119	242	287
4887	77,57	182,131	68,63	202,149	224	296
4888	58,64	79,58	78,62	76,49	249	224
4889	184,147	84,50	264,181	104,79	285	249
4890	182,148	106,99	264,180	123,96	285	262
4891	95,65	153,131	94,62	221,159	254	298
4892	22,42	149,124	32,22	214,154	281	298
4893	95,65	164,131	94,62	226,161	254	298
4894	22,42	151,123	32,22	214,154	281	298
4895	26,49	69,50	39,27	75,49	281	254
4896	37,49	57,57	44,29	53,44	281	254
4897	39,48	18,20	46,52	20,9	278	298
4898	490,413	258,207	897,630	377,281	298	225
4899	541,436	427,349	720,556	729,526	298	240
4900	740,572	413,357	926,691	561,443	293	261
4901	3,8	0,2	1,6	0,0	264	203
4902	465,374	423,345	753,519	873,619	266	289
4903	19,19	58,46	37,25	103,68	184	260
4904	135,86	88,69	171,119	115,108	298	239
4905	133,86	68,50	170,121	79,60	298	208
4906	253,221	445,370	223,169	404,316	229	298
4907	253,221	446,370	223,169	402,316	229	298
4908	458,453	141,118	417,356	131,101	272	229
4909	459,453	191,131	415,356	135,88	272	229
4910	39,35	52,46	2,0	31,21	166	257
4911	4,6	30,27	0,0	24,9	166	257
4912	918,804	30,27	777,626	24,9	272	257
4913	918,804	4,6	777,626	0,0	272	166
4914	481,475	1,1	422,368	0,0	272	166
4915	754,572	377,251	649,474	287,215	298	272
4916	745,565	33,24	646,471	4,1	298	272
4917	381,317	408,355	440,313	476,332	298	278
4918	423,302	209,132	556,390	188,142	278	248
4919	66,47	194,177	72,62	211,122	217	287
4920	111,99	70,62	188,114	132,110	298	217
4921	10,5	107,85	8,9	141,103	298	276
4922	148,88	361,297	258,169	604,441	282	281
4923	24,39	74,85	36,37	55,68	231	246
4924	336,307	438,373	504,393	524,438	298	251
4925	4,7	182,193	1,4	250,166	251	238
4926	3,3	182,191	1,0	252,166	251	238
4927	297,302	182,195	332,207	252,166	251	238
4929	5,6	3,8	8,2	0,3	298	230
4930	648,490	863,670	748,496	1334,970	297	298
4931	9,2	863,670	5,7	1334,970	277	298
4932	332,230	7,6	484,316	4,1	251	298
4933	261,187	403,327	493,327	585,381	216	251
4935	125,123	74,100	197,115	93,63	222	246
4936	34,18	214,198	38,29	226,186	165	298
4937	2,1	17,18	4,2	31,22	298	298
4939	362,288	284,248	0,4	0,1	298	297
4940	326,294	276,228	2,0	0,2	298	298
4941	5,1	1331,985	7,0	2377,1733	269	212
4942	6,1	1482,1423	5,0	1962,1444	269	260
4943	17,24	1331,985	13,2	2377,1733	182	212
4944	15,22	1482,1423	8,2	1962,1444	182	260
4945	755,735	1083,960	909,721	1350,1040	218	217
4946	616,502	627,502	723,564	798,571	298	240
4947	788,595	827,857	1081,658	987,785	286	298
4948	787,595	3,6	1081,658	11,2	286	298
4949	826,718	649,568	1196,843	759,598	298	283
4950	823,720	1116,923	1194,841	1472,1110	298	298
4951	823,722	680,588	1196,841	1015,706	298	250
4952	776,609	682,586	1031,803	1015,706	251	250
4953	0,0	2220,1958	0,2	3603,2662	298	298
4954	174,214	360,396	234,156	413,325	246	298
4955	441,444	255,235	459,338	244,158	298	242
4956	208,215	440,443	213,122	459,338	267	298
4957	350,331	375,423	336,260	507,302	298	298
4958	293,261	546,470	319,216	587,439	264	298
4959	440,396	347,276	612,377	267,219	298	298
4960	274,285	372,280	288,207	438,257	298	298
4961	55,65	94,66	67,38	66,57	298	243
4962	56,65	217,136	67,38	252,156	298	283
4963	76,93	154,96	77,67	135,86	243	264
4964	109,82	219,139	96,66	252,156	264	283
4965	401,398	381,289	608,389	430,308	281	250
4966	1429,1347	340,309	1794,1429	547,422	237	193
4967	1027,854	2,3	1396,1098	8,5	206	298
4970	0,2	0,0	1,0	1,2	298	238
4972	164,308	1181,967	162,48	2044,1604	298	298
4973	5,4	1180,962	1,0	2040,1604	298	298
4974	0,2	1181,967	1,0	2044,1604	241	298
4975	0,0	10,5	0,2	20,20	255	242
4976	0,2	0,2	0,2	2,1	255	271
4977	4,1	15,11	2,3	30,26	255	298
4978	0,0	14,9	0,2	29,25	255	298
4979	3,2	2,9	5,2	14,8	298	261
4988	72,113	117,114	75,50	89,43	298	292
4989	75,109	362,342	51,39	192,124	281	298
4990	309,300	105,110	248,210	154,119	298	199
4991	202,165	268,341	309,191	372,327	220	298
4992	107,82	160,197	94,56	121,104	279	220
4993	614,584	567,547	4,11	3,9	298	298
4994	614,584	547,526	4,11	3,9	298	287
4999	405,336	422,414	567,434	721,474	298	298
5000	323,272	267,208	459,343	318,190	281	298
5001	292,239	144,119	285,189	193,150	298	217
5002	0,1	290,188	0,0	338,252	298	262
5003	53,69	77,90	91,51	87,52	298	239
5004	140,117	107,89	171,120	180,97	268	257
5005	140,116	59,67	172,120	94,67	268	224
5006	25,23	142,126	33,15	209,152	223	225
5007	124,85	133,120	156,85	188,139	225	247
5008	126,92	32,27	163,90	40,29	225	247
5009	173,151	187,145	184,123	286,200	247	239
5010	1,1	206,144	4,1	328,230	245	230
5011	236,192	329,241	297,228	449,283	230	298
5012	346,239	314,272	486,326	367,272	298	270
5013	297,277	130,117	357,268	122,107	265	254
5014	319,288	130,117	380,278	122,107	271	254
5015	5,2	696,645	4,3	1357,990	265	229
5016	100,118	696,645	165,145	1357,990	254	229
5017	290,363	707,655	404,374	1372,997	290	229
5018	1264,1160	1354,1159	2181,1726	2801,1952	278	263
5019	1308,1099	1476,1313	2783,1912	2715,2099	298	298
5020	1,0	0,1	5,0	0,3	251	259
5021	75,71	81,60	125,82	121,102	298	298
5022	23,22	139,152	23,23	202,132	242	298
5023	55,65	90,80	48,38	146,75	218	298
5024	56,63	17,17	56,42	12,4	218	298
5025	146,151	73,102	133,104	100,63	298	295
5026	3,4	98,107	3,2	140,96	298	298
5027	89,80	118,117	146,75	138,100	298	298
5028	2,2	105,103	2,1	102,86	287	298
5029	16,25	54,39	11,7	36,33	242	298
5030	121,93	105,108	132,91	116,84	259	253
5031	78,74	105,108	84,73	116,84	263	253
5032	122,94	108,60	132,91	64,62	259	239
5033	94,72	107,63	124,90	70,63	288	239
5034	169,113	79,58	153,135	66,69	298	225
5035	82,84	126,80	85,77	154,119	263	298
5036	5,4	117,78	5,0	129,89	298	298
5037	30,36	123,78	44,24	132,89	298	298
5038	0,2	24,7	1,4	12,6	194	182
5039	156,120	99,115	203,109	143,91	298	213
5040	37,35	169,186	58,38	182,139	220	298
5041	8,12	70,58	8,7	81,39	257	220
5042	133,76	12,11	183,128	7,6	298	298
5043	0,2	0,1	0,1	0,0	298	263
5044	59,62	37,45	108,57	63,37	298	298
5045	41,44	37,45	79,32	63,37	254	298
5046	16,16	1,2	16,8	0,0	283	262
5048	2,0	153,162	0,0	297,279	241	297
5049	159,153	22,9	273,197	18,27	297	294
5050	172,171	126,171	314,306	188,141	294	298
5051	177,125	108,58	208,166	106,73	298	236
5052	8,20	132,181	8,4	187,70	232	254
5054	115,133	132,116	213,142	239,150	269	254
5055	181,149	2,2	275,170	1,0	272	279
5056	183,147	163,142	275,170	288,194	272	279
5057	23,26	123,131	38,19	219,159	298	272
5059	189,165	273,231	168,131	238,185	277	298
5060	199,167	230,180	171,137	142,122	277	298
5061	91,90	214,192	80,57	212,166	235	277
5062	248,174	114,100	196,132	101,81	268	235
5063	195,186	112,100	171,132	101,81	298	235
5064	26,17	114,100	9,7	101,81	289	235
5065	197,184	168,148	171,132	146,111	298	268
5066	221,215	288,211	195,122	232,149	298	298
5067	289,277	201,184	210,168	171,132	298	298
5068	289,277	22,10	210,168	3,7	298	298
5069	199,175	216,215	113,102	197,122	283	298
5070	24,16	21,29	33,18	18,22	298	245
5071	15,19	42,32	21,11	33,39	245	294
5072	36,39	32,10	29,28	21,11	294	294
5073	45,50	47,37	21,13	10,8	298	298
5074	81,55	84,69	62,39	83,34	255	266
5075	19,16	119,79	10,15	151,107	242	282
5076	78,74	22,20	95,68	27,13	219	238
5077	21,31	119,82	25,11	154,111	219	282
5078	2,4	10,4	2,0	4,1	226	261
5079	2,4	10,7	2,0	4,0	226	298
5080	2,4	12,6	2,0	6,0	226	298
5081	10,4	10,7	4,1	4,0	261	298
5082	10,4	12,6	4,1	6,0	261	298
5083	404,398	360,254	472,318	295,202	298	242
5084	393,233	411,281	406,277	335,235	242	226
5085	302,298	618,460	297,191	702,454	245	284
5086	251,169	285,181	273,193	400,262	243	280
5087	32,37	31,12	79,64	62,34	298	298
5088	32,37	8,7	79,64	15,14	298	270
5089	6,5	31,12	7,5	62,34	298	298
5090	15,21	31,12	51,27	62,35	257	298
5091	10,18	6,7	36,24	24,25	257	298
5092	9,18	12,8	36,24	15,14	257	298
5093	20,11	17,3	32,16	10,8	298	228
5094	11,2	15,13	18,16	36,38	298	298
5095	22,9	12,3	30,28	8,10	228	285
5098	2,3	21,25	1,3	23,28	271	252
5099	2,0	51,31	1,1	35,33	208	242
5100	77,42	48,40	98,66	74,44	298	240
5101	75,79	54,55	112,85	110,66	273	298
5102	33,17	66,60	51,46	101,68	191	298
5103	73,58	23,30	124,104	19,34	269	191
5105	181,159	306,243	275,229	417,273	231	261
5106	170,110	308,239	293,144	419,271	287	261
5107	6,3	308,239	1,2	419,271	231	261
5108	169,112	215,158	291,143	256,233	287	231
5113	18,27	24,27	57,24	52,16	298	276
5114	0,2	1,4	2,0	3,10	271	298
5115	577,445	57,63	1089,720	127,97	298	247
5116	372,278	168,139	769,516	336,217	247	238
5117	384,252	304,264	688,462	601,417	269	245
5118	5,1	240,195	2,12	490,289	245	260
5119	219,175	239,186	341,251	453,265	245	260
5120	310,274	167,139	552,366	337,224	260	238
5122	74,71	39,29	76,45	47,26	298	238
5123	56,50	39,39	33,23	50,29	266	298
5124	45,47	54,59	52,46	63,32	248	266
5126	216,171	275,274	244,124	252,189	228	298
5127	112,102	71,49	169,103	100,62	278	225
5131	4,3	14,17	0,2	28,13	248	212
5132	4,3	10,20	0,2	35,10	248	298
5133	4,3	19,19	0,2	26,21	248	276
5134	7,1	4,3	2,5	6,7	236	292
5136	29,30	54,41	44,32	87,41	298	266
5137	33,35	91,73	42,35	142,78	298	290
5138	0,3	139,131	2,1	180,129	290	298
5139	45,35	94,65	30,30	88,58	212	273
5141	12,29	284,246	14,15	322,237	298	298
5142	41,31	281,247	47,42	324,243	293	298
5143	12,29	10,3	14,15	10,4	298	219
5144	40,33	41,55	43,39	43,6	293	298
5145	46,54	28,56	71,19	79,31	298	293
5146	69,31	29,19	10,3	5,0	265	218
5147	250,226	133,72	196,143	122,103	298	265
5148	208,132	310,285	236,210	537,365	215	252
5149	416,345	192,147	432,445	310,216	298	244
5150	50,46	192,138	60,34	301,230	241	298
5151	484,416	361,361	593,502	340,289	205	201
5152	10,2	11,9	5,3	7,11	206	250
5153	48,64	265,202	82,48	347,249	222	239
5154	48,64	149,108	82,48	200,131	222	235
5155	55,57	330,275	65,45	453,291	239	298
5156	3,5	128,91	3,0	233,188	298	250
5157	289,223	135,93	410,248	240,190	298	250
5158	245,167	26,22	317,196	19,19	250	298
5159	244,167	113,133	317,196	247,201	250	298
5160	308,259	18,12	578,458	9,7	298	231
5161	47,31	67,45	36,36	56,50	287	255
5162	63,48	62,40	66,62	52,49	298	255
5163	7,1	64,43	0,1	52,51	272	255
5164	23,6	67,45	13,2	56,50	272	255
5165	15,9	64,43	7,7	52,51	289	255
5166	57,41	79,52	45,29	60,44	289	287
5167	65,49	43,34	67,64	40,36	298	289
5168	64,59	41,27	61,52	34,23	298	271
5169	0,2	4,0	0,0	2,0	285	298
5171	8,17	0,3	11,14	0,0	298	267
5172	82,87	133,116	108,81	140,111	235	236
5173	90,88	108,92	108,81	115,69	235	252
5175	0,0	0,2	1,0	0,0	179	185
5176	89,62	53,47	71,52	66,53	258	298
5177	635,629	1615,1378	846,536	2914,2188	245	292
5178	615,478	1259,988	1163,816	2707,1861	242	298
5179	1040,862	837,566	1597,1220	1284,1025	234	211
5180	1099,768	1201,873	1816,1337	2382,1719	211	247
5181	1318,937	1203,873	2281,1637	2386,1719	253	247
5185	0,1	4,0	2,0	3,2	186	193
5187	62,60	89,64	46,41	49,53	298	298
5188	55,50	136,111	54,40	110,61	298	298
5191	135,69	69,55	220,147	109,83	283	218
5192	63,53	69,54	130,93	109,83	257	218
5193	79,51	118,61	98,68	196,158	265	283
5194	51,43	124,100	81,54	206,152	298	298
5195	17,15	20,14	24,16	21,24	298	272
5196	12,13	25,5	20,7	24,14	298	298
5198	0,5	0,0	14,4	1,0	203	170
5199	16,16	5,3	14,11	9,8	293	203
5202	44,63	64,48	142,65	116,94	298	298
5203	74,87	81,62	124,98	129,76	298	298
5204	8,13	46,62	7,14	142,64	298	298
5205	0,1	74,89	0,0	123,97	239	298
5207	29,27	33,46	19,20	57,45	225	284
5208	64,62	29,26	59,79	38,39	284	224
5209	74,62	18,17	79,79	27,23	298	194
5215	61,61	37,44	116,59	47,49	263	298
5216	198,133	218,163	294,200	286,245	298	298
5217	183,149	111,111	198,150	215,118	285	254
5218	7,7	4,0	13,9	7,2	166	285
5219	5,5	197,165	13,7	221,181	166	285
5220	70,57	12,7	56,56	8,18	215	166
5221	143,101	343,255	108,77	412,334	298	298
5222	120,95	235,185	164,100	282,242	254	298
5226	17,9	18,14	23,12	46,29	215	298
5227	2,0	1,0	3,2	3,1	191	224
5228	2,0	1,0	3,2	2,0	191	298
5230	1,0	1,0	3,1	2,0	224	298
5233	35,35	51,43	55,33	48,31	275	292
5234	40,38	12,16	58,33	11,21	275	212
5235	46,54	12,19	35,36	11,21	292	212
5236	654,501	24,13	1036,799	22,25	230	278
5239	686,540	24,14	908,660	23,29	252	291
5240	261,213	756,638	375,272	1215,890	235	252
5241	86,125	648,592	11,4	48,38	298	298
5242	61,98	3,0	11,4	0,0	298	298
5243	762,698	555,425	68,46	57,31	298	298
5244	632,555	7,2	35,23	0,0	298	298
5245	632,555	659,621	35,23	45,27	298	298
5247	1,0	659,621	0,0	45,27	298	298
5248	48,44	358,259	80,60	572,369	206	298
5249	0,2	358,259	3,0	572,369	206	298
5250	77,52	129,106	138,69	194,166	233	206
5256	72,62	62,32	68,47	47,51	298	244
5257	79,62	121,86	106,51	100,64	269	298
5258	102,94	128,102	80,50	137,80	273	247
5268	65,64	0,5	108,92	1,2	278	262
5269	65,64	47,43	108,92	97,62	278	249
5270	0,5	47,43	1,2	97,62	262	249
5271	1330,992	1000,878	1938,1489	1384,937	298	253
5272	1223,1140	1708,1259	2050,1409	2697,1963	278	253
5273	823,535	1044,842	1213,852	1236,951	253	249
5274	11,18	3,2	13,6	1,1	217	206
5275	4,5	2,0	1,1	4,0	226	218
5276	65,42	128,83	52,42	120,90	224	298
5277	69,60	72,77	60,54	111,88	224	283
5278	63,42	1,6	52,42	0,0	224	283
5279	63,42	1,1	52,42	0,0	224	298
5280	6,2	5,8	3,1	5,4	236	242
5282	93,59	33,45	114,52	44,44	283	199
5285	86,88	0,3	113,71	0,0	246	298
5286	62,74	80,56	121,86	79,43	198	221
5287	21,18	1,4	16,9	1,2	298	269
5288	19,15	1,4	14,9	1,2	298	265
5289	95,100	202,144	115,85	251,163	218	206
5290	2,3	552,437	2,1	716,541	206	290
5291	2,3	496,401	2,1	680,501	206	277
5292	181,156	550,435	233,169	714,538	206	290
5293	708,481	459,375	791,600	517,440	290	293
5302	29,28	19,11	41,38	20,10	298	284
5303	153,125	268,173	246,138	493,304	293	298
5304	407,346	0,3	573,417	1,8	291	298
5305	407,346	520,387	573,417	826,596	291	298
5306	412,301	312,268	607,445	536,387	298	245
5307	54,66	16,23	45,16	15,12	298	298
5308	99,92	75,104	173,97	154,102	255	228
5309	120,108	112,90	157,102	178,149	262	289
5310	172,111	94,54	269,181	84,76	289	298
5314	0,1	2,1	1,2	0,0	298	298
5315	181,143	88,73	178,135	111,77	256	221
5318	228,194	582,460	266,148	570,465	283	232
5319	931,760	195,147	1248,904	163,97	298	188
5320	548,455	163,148	593,448	185,139	221	206
5321	577,436	99,102	313,231	56,35	298	212
5322	577,436	77,77	313,231	53,34	298	208
5323	365,264	255,153	218,154	196,141	298	189
5324	254,152	2197,1776	196,141	1807,1370	189	294
5325	1498,1225	665,574	1247,870	610,464	294	224
5326	1167,888	1332,1080	895,636	1037,805	224	254
5327	1152,887	3154,2429	895,636	2532,1853	224	298
5328	1433,1224	1431,1044	1329,1027	1346,970	254	298
5329	12,15	14,12	20,7	20,16	234	298
5330	162,110	145,136	151,116	185,153	280	276
5331	127,102	41,28	167,101	56,34	211	236
5332	30,41	195,153	50,26	267,167	236	294
5333	57,50	143,105	67,42	165,152	294	298
5334	42,23	10,1	80,57	14,11	298	195
5335	41,25	10,6	68,57	20,17	298	256
5336	21,39	22,6	67,50	29,30	256	195
5338	32,26	207,198	46,32	235,164	251	206
5339	222,193	230,218	280,212	238,171	251	206
5340	1,5	230,218	1,0	238,171	277	206
5341	0,0	179,154	2,0	284,235	298	275
5342	35,31	179,154	83,46	284,235	284	275
5343	114,99	475,390	110,68	378,309	169	248
5344	425,386	475,390	411,302	378,309	226	248
5345	222,210	300,276	201,138	517,363	247	293
5346	234,195	303,282	257,167	517,363	246	293
5347	204,182	56,55	178,128	46,21	298	298
5348	625,562	444,374	848,608	501,383	284	225
5349	7,4	806,747	0,0	1088,774	298	266
5351	685,580	806,753	750,653	1088,775	256	266
5352	727,559	346,370	1161,803	408,329	298	224
5353	774,585	693,532	850,589	941,649	245	267
5354	774,585	268,231	850,589	311,208	245	200
5356	311,328	216,208	315,173	222,165	276	298
5357	70,77	20,30	131,110	20,19	245	298
5358	79,43	197,176	110,90	273,189	209	290
5361	848,745	861,680	1203,754	972,734	289	298
5362	139,76	107,83	240,171	220,139	298	256
5363	23,9	2368,1947	3,2	3703,2796	227	221
5364	86,63	2079,1844	53,32	2707,1927	221	227
5365	17,9	2079,1844	9,2	2707,1927	247	227
5366	1,13	2,0	9,14	0,0	209	298
5367	57,52	15,22	38,30	14,11	298	241
5368	1,0	15,22	0,0	14,11	208	241
5369	25,38	20,25	33,25	18,10	208	241
5370	90,88	5,9	63,55	0,0	298	247
5371	9,17	53,42	10,5	27,32	196	243
5372	17,13	10,7	49,25	10,9	279	182
5374	136,128	93,144	125,78	69,48	221	298
5375	196,197	86,124	197,124	104,67	261	221
5376	91,127	97,80	98,45	121,65	298	237
5377	110,75	94,82	98,47	118,65	220	237
5378	110,75	118,160	101,47	114,61	220	298
5379	231,181	336,307	258,197	341,283	221	263
5380	16,18	32,16	18,16	24,11	243	298
5381	15,10	7,8	18,17	9,6	243	238
5382	11,7	8,15	22,9	8,7	298	238
5384	7,2	3,0	3,1	1,2	247	243
5385	1,5	4,2	1,0	2,3	298	298
5386	510,478	546,502	836,562	967,692	298	272
5387	405,292	256,235	730,496	410,278	298	251
5388	3,13	13,12	19,17	7,4	266	234
5389	22,11	9,1	59,23	1,2	199	210
5390	175,162	202,137	306,219	309,229	201	223
5392	389,231	47,59	665,519	34,45	239	298
5393	11,18	100,71	5,6	122,102	217	201
5394	153,105	191,148	153,129	223,181	298	278
5395	94,69	123,87	115,84	95,89	298	263
5396	123,113	115,93	184,93	143,66	283	298
5409	12,8	14,13	8,9	14,12	213	298
5410	25,36	104,80	50,32	184,137	298	244
5411	2,9	104,80	9,5	184,137	298	244
5413	53,78	135,99	23,18	111,78	298	275
5414	145,168	0,3	107,91	0,0	298	298
5415	151,173	118,76	107,91	84,78	298	298
5416	56,41	1,0	39,29	3,1	258	298
5417	107,93	97,84	88,65	135,78	246	268
5418	81,76	31,30	112,84	22,18	222	267
5419	245,238	911,762	595,458	1522,1029	173	182
5420	495,367	3664,3063	1060,802	6920,4846	182	266
5421	2428,2120	3244,2928	3885,2771	3985,2893	266	281
5422	1608,1428	1114,942	1751,1214	1776,1210	236	191
5423	1717,1372	1114,942	1733,1277	1776,1210	224	191
5424	2389,2152	2819,2409	2809,2019	4035,2911	242	191
5425	3,2	1113,1057	0,1	1549,1285	188	298
5426	11,7	1114,1058	4,5	1549,1285	188	298
5427	11,7	1113,1057	4,5	1551,1285	188	298
5428	9,12	219,182	10,4	201,148	298	272
5429	290,201	225,189	281,270	209,152	298	272
5430	624,588	268,241	1627,1128	354,288	252	181
5431	611,579	855,807	1623,1124	1052,844	252	224
5432	624,588	34,18	1627,1128	34,29	252	247
5433	1431,1267	32,17	2367,1814	23,21	181	247
5434	4,1	754,719	1,2	920,731	247	224
5435	224,198	289,257	231,207	271,272	298	298
5436	217,190	9,12	224,203	10,4	298	298
5437	217,190	219,182	224,203	201,148	298	272
5438	217,190	209,175	224,203	195,146	298	268
5439	9,12	209,175	10,4	195,146	298	268
5441	10,8	145,126	4,10	207,146	298	298
5442	3,1	0,6	0,1	0,0	272	298
5443	92,116	5,3	77,61	3,2	281	298
5444	92,116	32,33	77,61	38,20	281	265
5445	0,1	24,40	0,0	28,23	298	189
5447	166,164	200,158	157,154	153,126	285	298
5448	84,62	47,55	100,37	54,59	296	225
5449	142,86	230,140	194,155	348,179	231	268
5450	45,38	5,2	61,47	4,0	250	199
5451	14,27	5,2	23,20	4,0	216	199
5452	16,35	5,2	41,35	4,0	203	199
5453	19,38	2,0	39,20	0,0	298	250
5454	864,676	1065,940	1626,1191	1809,1349	284	298
5455	1062,943	676,606	1809,1349	1066,778	298	247
5456	1062,943	121,93	1809,1349	134,122	298	262
5457	706,608	823,641	1121,791	1619,1204	247	298
5458	727,626	823,641	1156,820	1619,1204	262	298
5459	14066,12307	13344,11186	23105,17355	23821,19237	298	298
5460	14,8	17472,14477	6,4	29299,23325	298	298
5461	2,0	7,9	0,0	16,7	281	298
5462	338,293	209,193	560,367	449,292	231	205
5463	413,391	227,205	748,496	468,312	241	205
5466	5,3	292,259	7,9	401,257	298	281
5467	225,200	292,259	330,237	401,257	267	281
5468	225,200	5,3	330,237	7,9	267	298
5469	115,117	181,130	229,154	241,186	256	298
5470	148,115	100,79	227,163	161,113	298	226
5471	55,36	53,25	71,53	57,42	265	232
5472	55,36	31,28	71,53	59,41	265	198
5473	54,36	78,92	72,53	120,90	265	298
5474	54,36	13,4	72,53	6,9	265	232
5475	54,36	34,44	72,53	36,35	265	184
5476	74,45	17,8	97,68	13,8	265	232
5477	74,45	7,3	97,68	9,3	265	198
5478	74,45	85,80	97,68	89,76	265	251
5479	13,4	78,92	6,9	120,90	232	298
5480	13,4	34,44	6,9	36,35	232	184
5481	17,8	85,80	13,8	89,76	232	251
5482	23,19	85,80	34,14	91,71	232	251
5483	7,3	85,80	9,3	89,76	198	251
5484	34,15	59,58	54,25	116,77	188	218
5487	0,2	5,5	0,1	6,4	269	238
5488	230,193	132,130	197,131	114,120	286	253
5489	93,73	258,175	111,116	262,165	203	298
5490	76,59	163,128	83,89	170,110	203	253
5491	199,189	183,143	141,107	201,137	298	253
5492	192,127	232,247	197,111	167,146	253	298
5493	236,176	71,38	250,174	80,44	298	198
5494	236,176	3,3	250,174	5,3	298	198
5495	117,91	189,131	74,58	195,129	198	298
5496	198,207	252,183	184,140	180,159	298	271
5497	329,263	338,319	340,243	371,247	298	257
5498	145,97	259,207	172,118	330,207	195	298
5499	143,119	275,191	267,210	661,432	230	267
5500	0,1	7,4	0,0	13,9	212	223
5502	351,302	172,143	564,443	167,143	298	298
5503	358,302	1,0	562,443	0,3	298	209
5504	358,302	5,3	562,443	1,2	298	287
5505	1,0	5,3	0,3	1,2	209	287
5506	75,40	130,140	53,68	231,140	209	287
5507	13,13	86,72	3,5	150,98	287	232
5508	77,65	2,0	115,69	3,1	232	202
5509	136,107	125,124	234,126	200,174	284	298
5510	136,127	118,159	213,142	175,157	298	298
5511	10,1	123,166	12,1	181,171	298	298
5512	727,594	1547,1356	1112,625	2988,2177	247	298
5513	228,221	284,270	381,317	343,237	272	265
5514	39,30	296,275	36,25	347,294	169	230
5515	17,36	3,3	48,28	5,7	298	298
5516	0,1	21,23	1,1	37,27	263	298
5520	3,0	104,90	0,0	156,115	290	240
5521	111,92	104,90	169,139	156,115	273	240
5522	27,17	0,3	23,9	0,1	294	264
5523	171,109	5,3	239,152	0,3	298	298
5524	172,108	10,19	239,152	3,2	298	298
5525	348,254	25,32	568,406	25,6	298	294
5526	88,96	105,96	132,95	165,97	298	298
5527	63,53	87,57	78,75	131,73	234	298
5528	56,45	58,57	75,64	88,74	280	234
5529	6,5	105,88	11,14	135,116	197	280
5530	0,0	100,91	2,2	125,102	197	280
5531	400,413	993,798	584,402	1884,1317	213	298
5532	116,71	143,148	81,64	121,102	247	268
5533	19,24	174,157	10,3	141,117	199	257
5534	166,126	120,98	264,171	252,169	271	220
5535	67,61	70,48	105,77	96,62	269	245
5560	677,553	278,281	949,591	388,283	242	231
5561	304,250	481,477	370,198	524,395	223	242
5562	26,36	748,588	48,29	972,705	264	298
5563	10,15	747,586	22,12	972,707	264	298
5564	64,63	117,102	110,73	136,87	298	298
5565	77,87	97,57	116,63	103,102	298	298
5566	91,81	119,140	128,78	155,114	298	298
5567	49,21	59,58	42,35	107,62	248	298
5568	44,18	39,22	41,34	44,35	248	231
5569	13,8	23,16	5,2	22,18	229	227
5570	12,16	8,6	14,16	20,6	266	196
5572	91,92	198,149	108,78	293,199	211	298
5573	95,87	79,52	108,82	95,74	211	298
5574	340,264	84,68	502,341	102,79	298	206
5575	36,19	305,186	58,42	296,212	229	269
5576	217,166	254,173	284,209	351,264	269	290
5577	3,6	3,5	6,8	5,3	221	249
5578	14,7	3,5	6,3	5,3	291	249
5579	14,7	3,6	6,3	6,8	291	221
5580	57,44	79,100	55,44	73,48	275	298
5581	221,195	224,184	173,147	248,192	298	298
5582	129,116	80,66	138,116	125,68	245	232
5583	228,163	119,98	235,180	91,82	298	253
5585	0,2	2,16	1,0	35,17	275	298
5586	12,36	142,100	19,7	193,99	257	248
5587	19,24	106,55	20,9	128,83	265	253
5588	5,17	38,74	3,6	20,21	298	298
5589	61,108	72,118	43,48	55,34	298	298
5590	40,54	337,281	42,30	453,392	298	298
5591	304,321	258,233	398,342	314,263	298	257
5592	41,28	35,39	40,20	26,18	298	298
5593	2,2	16,11	0,1	8,10	298	239
5594	25,21	17,9	12,24	8,10	298	239
5595	16,16	37,32	13,38	35,17	298	288
5597	26,13	43,41	45,24	84,76	298	276
5598	66,57	127,121	73,58	116,129	236	298
5599	105,110	79,86	115,81	81,45	298	195
5600	42,41	5,2	42,37	3,1	195	257
5601	3,0	56,74	0,0	30,30	195	228
5602	150,134	112,78	371,233	160,141	298	266
5604	8,5	3,5	8,9	24,8	298	263
5605	167,136	112,81	192,186	131,91	251	245
5606	1,12	5,8	6,2	9,8	209	231
5607	51,58	95,56	71,62	165,101	227	257
5608	5,19	34,27	5,6	20,16	280	298
5609	5,19	1112,944	5,6	1991,1564	280	254
5610	766,760	34,27	1001,810	20,16	237	298
5611	766,760	1112,944	1001,810	1991,1564	237	254
5612	34,27	1112,944	20,16	1991,1564	298	254
5613	0,2	988,835	2,0	1618,1250	240	259
5614	101,67	59,50	110,80	70,47	261	246
5615	83,48	217,174	81,60	236,150	250	298
5616	70,72	70,59	80,62	121,58	226	250
5617	55,55	18,11	71,54	15,12	226	250
5619	5,0	2,0	0,0	2,0	251	191
5620	10,7	10,3	5,7	5,3	229	242
5621	17,4	14,5	6,2	6,6	242	267
5622	5,0	40,32	2,0	74,43	294	201
5623	39,45	112,71	51,34	120,84	201	272
5624	78,64	126,69	70,65	74,58	245	241
5625	123,120	301,228	192,162	637,432	247	298
5626	547,411	2,4	825,617	3,0	298	253
5627	119,81	87,70	198,154	130,89	298	298
5628	106,80	77,54	136,108	96,75	278	234
5629	0,1	0,2	0,1	1,2	298	294
5630	197,144	0,2	360,248	1,2	245	294
5631	197,144	0,1	360,248	0,1	245	298
5632	145,162	104,85	243,170	171,142	298	217
5633	39,35	0,2	76,30	0,0	273	242
5635	1,0	4407,4573	1,0	4172,2208	298	251
5636	1,0	67,73	1,0	3,0	298	275
5637	29,23	4317,4471	35,11	4168,2208	215	251
5638	29,23	4129,4281	35,11	4061,2155	215	246
5639	3457,2837	4407,4573	4382,2219	4172,2208	215	251
5640	3457,2837	67,73	4382,2219	3,0	215	275
5641	3471,2848	6465,5534	4390,2230	9881,7914	298	235
5642	8212,7451	6468,5533	8331,6316	9882,7914	251	235
5643	7,14	6468,5533	9,7	9882,7914	246	235
5644	5985,5819	4807,4171	6326,3766	5865,5462	235	209
5645	58,29	134,102	86,49	131,105	233	298
5646	2,3	1,0	8,4	3,7	200	251
5647	1,4	70,68	2,0	79,64	235	258
5648	31,13	198,138	5,12	374,203	274	298
5649	16,8	48,24	11,11	20,31	259	298
5650	13,5	30,9	5,11	15,19	259	298
5651	0,1	31,43	2,0	69,46	258	259
5652	49,31	17,19	59,17	28,25	278	223
5654	47,55	126,151	44,21	147,99	298	257
5655	9,8	121,150	2,6	142,98	298	257
5656	180,141	103,83	166,141	95,93	274	217
5657	23,16	17,14	43,39	29,15	254	222
5658	16,15	33,27	15,21	56,42	222	250
5659	0,1	0,0	0,0	1,0	269	203
5660	0,0	0,1	0,1	1,0	269	185
5662	0,0	3,0	0,1	2,2	269	279
5663	0,0	2,0	0,1	0,2	269	230
5664	0,0	3,0	3,0	2,2	203	279
5665	0,0	2,0	3,0	0,2	203	230
5666	0,0	0,1	3,0	1,0	203	185
5668	3,0	0,1	2,2	1,0	279	185
5669	2,0	0,1	0,2	1,0	230	185
5670	37,29	34,27	64,43	56,53	298	251
5671	35,33	52,58	56,64	72,39	261	270
5672	1,0	53,58	1,0	72,39	196	270
5673	14,11	53,60	18,16	72,39	196	270
5674	4,5	2,0	2,4	0,0	209	255
5678	148,138	89,63	191,137	86,51	287	215
5679	0,1	0,3	1,1	5,3	170	298
5680	485,492	140,128	571,419	173,109	298	221
5681	243,204	4,1	402,312	8,3	298	243
5682	542,410	192,172	715,534	305,234	260	203
5683	230,173	218,186	380,273	330,280	242	280
5684	329,239	175,153	541,400	249,187	280	209
5685	2,1	419,367	0,0	630,502	298	209
5686	144,115	410,270	220,176	606,467	209	258
5687	569,408	472,420	881,669	1013,706	298	277
5688	381,316	22,39	738,509	62,34	251	222
5689	20,36	111,94	42,25	157,136	298	294
5690	44,32	12,8	38,29	12,7	298	216
5691	7,7	188,187	0,0	87,61	260	228
5692	1,2	2,0	8,4	3,2	298	289
5693	34,48	31,39	30,29	33,20	253	298
5694	21,15	5,5	25,28	3,2	236	195
5695	22,30	317,341	23,29	334,232	293	298
5696	378,329	317,341	428,329	334,232	298	298
5697	204,165	185,148	234,119	265,158	298	224
5698	30,31	182,218	33,17	203,147	287	298
5699	8,9	1,0	11,8	0,0	252	224
5700	69,62	80,88	67,39	58,30	298	244
5701	55,72	125,118	30,17	90,66	223	265
5716	1,0	0,0	4,0	1,0	298	269
5721	61,92	156,134	114,93	244,175	265	298
5722	5,9	72,57	4,6	128,70	219	233
5723	90,103	29,28	181,124	43,31	247	218
5733	15,16	1,0	6,8	0,0	294	228
5734	6,4	1,0	7,4	0,0	225	228
5735	29,33	58,62	27,18	55,53	260	245
5736	136,126	20,12	184,131	8,17	208	298
5737	0,2	24,24	0,3	15,18	298	298
5738	210,210	24,24	448,291	15,18	298	298
5739	451,408	690,643	646,449	977,754	229	298
5740	455,417	1048,953	651,449	1907,1338	229	298
5741	455,417	1049,953	651,449	1908,1338	229	298
5742	101,57	174,185	108,72	298,169	219	283
5743	528,463	168,171	891,661	228,189	298	221
5744	334,336	248,203	424,315	355,293	221	237
5745	1499,1358	945,917	2167,1625	1088,773	278	298
5746	539,559	14,10	879,593	5,14	203	298
5747	539,559	1698,1604	879,593	2195,1809	203	278
5748	199,161	691,669	350,237	1155,866	185	203
5749	992,926	692,669	1422,1090	1157,866	279	203
5750	991,925	352,307	1422,1090	503,420	279	185
5751	2,0	4,2	0,1	10,2	244	279
5752	595,462	91,78	649,405	82,72	298	298
5753	13,8	16,29	11,2	40,23	192	233
5754	0,2	12,9	0,0	15,13	192	233
5755	126,145	181,123	316,176	266,226	298	225
5756	121,137	113,80	203,188	260,188	225	208
5757	309,218	393,363	591,446	660,486	274	298
5758	157,149	28,24	262,156	59,40	263	276
5759	23,25	45,30	25,14	43,32	247	263
5760	539,474	399,336	635,447	364,269	298	246
5761	332,265	51,55	386,326	50,30	257	175
5762	14,13	407,401	7,1	442,271	175	298
5763	75,54	406,399	98,66	443,272	175	298
5764	55,47	50,39	83,36	48,27	245	200
5765	74,50	178,166	53,35	196,127	200	298
5767	47,49	16,9	62,39	15,11	285	204
5768	48,36	57,48	57,20	39,32	271	227
5770	1974,1687	2666,2364	2928,2279	4098,3239	298	298
5771	2,0	1,0	1,0	0,0	202	294
5779	289,255	464,372	348,295	557,366	298	298
5780	56,55	278,261	45,24	358,263	298	298
5781	70,74	132,110	124,83	185,146	210	223
5782	37,44	56,66	30,11	61,38	298	218
5783	68,76	76,83	48,32	85,38	298	298
5784	68,76	76,83	48,32	85,38	298	298
5785	63,68	151,137	60,45	145,95	298	285
5786	78,81	151,137	62,50	145,95	286	285
5787	7,9	1,4	2,0	0,3	298	296
5788	2,10	111,120	3,0	78,75	235	244
5789	12,19	111,120	6,0	78,75	298	244
5790	12,19	117,131	6,0	86,86	298	248
5792	2,2	117,131	1,1	86,86	298	248
5793	2,10	117,131	3,0	86,86	231	248
5794	2,10	117,131	3,0	86,86	235	248
5795	5,10	117,131	4,0	86,86	298	248
5797	2,2	121,133	1,1	83,84	298	251
5798	2,10	121,133	3,0	83,84	231	251
5799	12,19	121,133	6,0	83,84	298	251
5800	2,10	121,133	3,0	83,84	235	251
5801	5,10	121,133	4,0	83,84	298	251
5802	12,19	119,135	6,0	83,84	298	261
5804	2,2	119,135	1,1	83,84	298	261
5805	2,10	119,135	3,0	83,84	231	261
5806	2,10	119,135	3,0	83,84	235	261
5807	5,10	119,135	4,0	83,84	298	261
5808	12,19	120,136	6,0	89,86	298	298
5809	39,27	0,0	35,20	0,4	298	207
5810	39,26	0,0	35,20	0,4	298	207
5811	39,26	0,0	35,20	0,4	298	207
5812	21,37	0,0	17,7	0,4	298	207
5813	21,37	39,27	17,7	35,20	298	298
5817	21,37	39,26	17,7	35,20	298	298
5818	21,37	39,26	17,7	35,20	298	298
5819	2,10	2,2	3,0	1,1	231	298
5820	12,19	2,2	6,0	1,1	298	298
5821	11,11	2,2	5,4	1,1	298	298
5822	18,10	2,2	12,16	1,1	231	298
5823	29,25	2,2	23,21	1,1	298	298
5824	8,13	2,2	3,6	1,1	298	298
5825	64,41	68,56	111,79	137,109	298	259
5826	139,87	24,25	211,152	29,23	242	245
5827	139,87	71,75	214,154	123,86	242	245
5828	4,6	1,8	2,7	4,2	216	236
5829	11,6	1,8	6,8	4,2	298	236
5833	63,46	90,64	83,53	50,72	269	280
5834	46,54	89,62	73,52	50,68	250	280
5837	5,19	47,44	16,12	41,39	298	234
5838	349,318	305,324	419,350	462,246	263	272
5839	56,31	82,72	87,78	132,106	212	248
5841	118,88	129,94	144,101	156,158	298	298
5842	120,91	0,0	149,102	1,5	298	298
5843	120,91	170,76	149,102	166,107	298	291
5844	117,86	5,1	143,99	0,0	298	291
5845	117,86	116,76	143,99	102,69	298	264
5846	0,0	5,1	0,1	0,0	246	291
5847	0,0	116,76	0,1	102,69	246	264
5848	0,0	170,76	1,5	166,107	298	291
5849	146,103	169,78	177,145	167,110	298	291
5850	1,3	169,78	4,6	167,110	298	291
5851	5,1	116,76	0,0	102,69	291	264
5852	126,93	3,3	155,158	3,4	291	264
5853	129,94	116,76	155,158	102,74	291	264
5854	18,8	22,12	25,5	17,13	251	223
5855	40,29	9,8	48,42	0,0	206	298
5856	19,10	59,32	17,20	39,38	206	298
5857	19,10	51,31	17,20	36,33	206	232
5858	11,9	74,50	5,7	70,58	298	232
5859	55,40	35,33	64,49	85,58	227	231
5865	405,304	402,300	478,344	410,290	298	298
5866	7,3	199,160	19,7	296,178	298	210
5867	378,301	199,160	845,605	296,178	295	210
5868	6,2	199,160	11,6	296,178	253	210
5869	0,0	199,160	0,1	296,178	249	210
5870	449,422	360,269	763,509	546,384	269	261
5871	446,423	12,15	762,509	15,15	269	261
5872	446,423	375,277	762,509	586,369	269	261
5873	448,423	310,296	760,509	462,324	269	224
5874	12,15	375,277	15,15	586,369	261	261
5875	446,432	378,276	591,373	587,367	261	261
5876	443,425	308,295	586,364	464,324	261	224
5880	107,88	113,87	167,119	149,112	269	294
5881	16,14	151,132	15,4	195,121	298	298
5886	3766,3542	2780,2188	7043,4999	6533,5256	273	234
5887	58,56	39,34	62,46	55,41	298	298
5888	33,44	62,45	50,44	43,45	298	276
5889	52,54	55,39	61,40	56,45	298	266
5890	10,10	39,34	10,10	55,41	252	298
5891	6,7	55,39	8,4	56,45	252	266
5892	105,72	400,266	200,128	495,350	269	290
5893	90,106	94,111	235,156	103,84	290	224
5894	12,18	7,10	36,16	20,7	298	216
5895	0,1	1,0	2,1	0,0	247	271
5900	250,237	0,0	476,261	0,1	263	163
5902	49,56	139,112	104,66	243,194	188	269
5903	139,105	91,89	118,105	143,82	298	298
5904	523,480	901,768	242,175	342,284	232	282
5905	614,561	421,324	284,223	166,124	284	232
5906	982,841	749,609	444,308	387,231	298	298
5907	55,51	22,12	100,80	18,14	298	263
5908	337,265	136,115	553,376	218,213	298	253
5909	6,11	229,175	21,10	427,298	253	276
5910	106,98	2113,1948	174,119	2636,2356	245	298
5911	4,16	17,27	6,2	5,0	298	298
5912	25,28	69,88	9,6	50,45	203	251
5913	202,177	198,189	252,193	276,170	272	278
5914	143,146	237,205	166,115	360,224	244	272
5915	314,236	154,143	361,239	195,136	296	244
5916	201,179	226,209	310,210	267,196	279	296
5917	31,27	55,68	58,16	116,69	298	213
5918	9,3	349,351	2,1	458,293	298	298
5919	378,352	350,349	478,346	362,284	297	258
5920	373,315	375,305	463,383	435,272	258	298
5921	80,76	35,28	88,58	46,46	246	229
5922	0,2	35,28	0,0	46,46	276	229
5923	9,21	14,11	7,6	6,5	298	298
5924	3,20	2,0	7,6	0,0	298	298
5925	1,0	14,1	0,0	9,2	230	211
5928	34,27	35,29	30,19	36,18	247	298
5929	3,0	24,16	0,0	21,15	247	262
5930	21,22	24,16	30,16	21,15	254	262
5931	21,22	3,0	30,16	0,0	254	247
5932	24,29	12,12	28,17	18,14	245	247
5933	4,6	13,4	11,6	12,7	263	298
5934	56,57	55,67	159,106	113,73	298	270
5935	2,0	68,58	0,0	109,79	295	277
5936	73,53	68,58	111,81	109,79	253	277
5937	36,34	120,120	53,36	193,147	298	298
5938	49,36	120,120	111,98	193,147	298	298
5939	143,119	85,98	243,155	132,105	298	298
5940	126,120	82,59	194,149	147,168	298	298
5941	92,101	54,32	135,105	81,79	298	232
5942	24,35	189,157	27,16	186,147	193	298
5943	1,0	0,2	3,0	1,7	186	199
5944	2,4	76,59	1,0	70,48	296	298
5945	7,2	108,79	4,0	92,73	231	243
5946	53,49	25,33	70,41	30,24	243	202
5947	922,885	1,5	1249,984	5,0	298	251
5948	3,4	544,410	6,7	571,363	235	298
5949	27,13	2,2	46,24	0,2	182	203
5950	54,57	1,0	74,73	1,2	233	182
5951	56,44	135,78	72,47	102,67	298	240
5952	6,1	6,4	3,3	9,0	298	245
5953	61,57	81,62	87,59	109,73	298	298
5954	3,0	48,58	0,0	129,96	227	255
5955	1,0	68,51	1,1	77,49	227	282
5956	424,350	501,403	495,309	515,404	298	298
5957	382,318	479,399	422,245	515,404	296	298
5958	233,160	384,316	113,78	423,245	242	294
5959	208,158	316,265	205,147	204,144	242	298
5960	210,158	129,116	205,147	62,36	242	219
5961	246,206	121,111	212,167	62,36	258	219
5962	253,204	131,143	212,167	119,82	258	242
5963	275,205	224,161	260,208	216,174	259	258
5964	13,3	260,210	0,0	232,175	219	259
5965	222,162	262,210	226,164	232,175	276	259
5966	13,3	323,259	0,0	293,230	219	276
5967	341,349	319,255	312,201	291,230	298	276
5968	20,4	12,12	0,0	2,3	219	184
5969	3,10	327,259	2,1	269,224	285	298
5970	24,25	256,234	11,27	189,192	240	262
5971	106,75	132,97	151,91	182,126	298	298
5974	15,9	11,5	16,10	7,0	298	259
5976	211,171	134,109	250,206	187,116	298	276
5977	211,171	5,2	250,206	3,0	298	298
5978	212,173	3,3	250,211	0,0	298	276
5979	192,142	138,145	295,181	199,152	276	298
5980	6,14	18,14	15,5	12,12	203	200
5981	72,71	71,51	91,80	81,66	279	280
5982	49,62	46,37	70,62	73,46	272	298
5983	0,0	248,180	0,2	381,269	298	298
5984	51,19	43,34	77,51	55,43	248	256
5985	102,89	122,95	195,139	256,183	270	298
5986	104,77	95,105	148,115	195,152	298	270
5987	1,2	90,98	5,2	188,146	250	270
5988	2,3	90,98	0,0	188,146	253	270
5989	6,0	90,98	3,0	188,146	298	270
5990	57,30	90,98	78,58	188,146	298	270
5991	88,59	33,33	47,46	57,28	298	242
5992	45,24	67,72	61,31	78,48	280	298
5993	14,20	53,41	18,23	57,34	219	298
5999	13,5	18,8	18,21	19,13	298	245
6000	55,21	0,0	65,48	2,0	213	298
6001	1,4	252,197	1,0	436,324	197	267
6002	82,125	141,111	203,110	236,149	267	245
6003	149,123	228,182	272,197	567,357	225	250
6004	215,150	228,182	386,276	567,357	245	250
6005	127,127	310,254	218,139	512,385	250	293
6006	319,249	337,237	731,470	552,432	293	298
6007	314,258	222,208	511,387	279,236	298	245
6008	26,20	21,13	22,11	14,24	298	298
6009	1,1	1559,1461	13,10	3361,2471	298	251
6010	4762,4264	674,607	12052,8425	1098,649	298	298
6011	4759,4262	1564,1487	12052,8425	3367,2474	298	251
6012	890,1164	1561,1463	1217,739	3360,2472	298	251
6013	889,1164	136,156	1215,739	80,51	298	251
6014	108,75	103,57	192,117	169,141	260	298
6020	3,2	92,87	1,0	28,33	212	298
6027	141,125	8,5	205,140	23,19	241	258
6028	595,505	812,632	609,394	864,551	231	221
6029	173,128	1215,919	171,132	1541,1040	197	262
6030	78,66	1210,917	93,67	1539,1039	197	262
6031	78,66	184,172	93,67	154,104	197	280
6032	574,470	1215,919	457,402	1541,1040	280	262
6033	184,172	1210,917	154,104	1539,1039	280	262
6034	25,24	53,47	48,27	54,59	221	214
6035	9,7	53,47	13,11	54,59	236	214
6036	8,10	53,47	10,5	54,59	288	214
6037	25,24	118,94	48,27	113,113	221	298
6038	9,7	118,94	13,11	113,113	236	298
6039	8,10	118,94	10,5	113,113	288	298
6040	18,10	5,10	20,17	10,12	239	246
6041	24,17	4,9	23,7	9,8	239	246
6042	790,679	59,61	1345,959	105,60	298	294
6043	7,4	53,58	18,9	103,55	298	294
6044	388,358	685,533	773,540	1228,822	266	298
6045	177,171	6,8	335,231	6,4	298	266
6046	183,171	636,557	352,240	1041,749	298	266
6048	6,3	6,7	9,6	7,10	298	298
6051	9,6	143,98	13,6	177,97	278	298
6052	81,83	2,0	82,49	3,2	298	275
6053	85,83	111,115	83,49	105,86	298	275
6054	1,3	112,90	4,6	134,70	275	294
6055	125,91	114,91	151,86	135,70	275	294
6056	124,90	95,120	150,82	98,79	275	253
6057	124,89	75,89	150,82	77,55	275	246
6058	128,125	88,67	129,100	122,84	294	273
6059	54,58	98,76	52,25	122,82	289	298
6060	1,1	138,107	4,1	186,164	234	298
6061	86,64	159,120	98,92	174,141	298	287
6062	86,62	21,14	95,91	17,11	298	287
6063	81,46	112,126	107,70	105,83	287	267
6064	109,85	121,125	132,105	176,97	267	298
6065	34,38	63,51	46,39	79,51	298	248
6066	109,93	133,105	114,84	148,117	298	298
6067	22,4	25,29	36,28	45,28	298	271
6068	15,9	25,23	30,18	43,24	271	298
6069	65,39	68,78	63,62	64,37	236	298
6072	172,152	70,43	203,118	94,57	274	195
6073	162,144	147,113	202,123	162,88	274	293
6074	63,41	168,128	61,29	173,91	195	293
6075	14,5	215,154	0,0	234,203	298	216
6082	1,0	2,0	5,0	1,0	298	298
6083	0,0	2,0	2,0	1,0	254	298
6085	473,359	803,812	860,629	1200,979	221	298
6086	794,664	706,578	1218,809	1390,1069	292	221
6087	195,175	706,578	287,206	1390,1069	298	221
6088	21,24	22,17	21,19	51,29	183	215
6089	66,52	15,15	94,66	22,17	269	209
6090	29,31	13,8	42,25	13,2	242	298
6091	4,2	99,87	1,0	151,78	221	298
6092	15,13	99,87	8,9	151,78	280	298
6093	47,48	4,0	88,41	6,0	271	240
6094	47,48	159,125	88,41	232,139	271	298
6095	172,165	107,112	128,98	94,38	298	236
6096	113,94	192,160	81,61	149,103	227	298
6097	184,177	331,303	204,160	377,183	247	294
6098	370,299	215,150	590,447	185,113	298	247
6099	273,230	316,209	337,233	479,348	280	221
6101	97,95	58,40	222,128	89,64	221	241
6102	68,50	59,40	102,76	89,64	253	241
6103	67,53	191,153	102,76	370,219	253	251
6104	11,3	145,121	16,4	307,175	269	251
6105	67,53	146,121	102,76	311,177	253	274
6106	1,0	6,7	0,0	11,11	241	298
6107	57,67	13,11	100,62	4,2	260	298
6108	44,34	205,139	61,52	231,156	173	209
6109	107,86	201,132	165,107	261,194	225	252
6110	180,146	190,125	209,143	251,185	292	252
6111	1,4	10,6	4,3	8,7	298	296
6112	181,190	23,7	304,206	15,15	298	237
6113	348,338	23,7	512,327	15,15	298	237
6114	169,151	23,7	215,127	15,15	298	237
6115	107,96	34,15	137,71	22,22	248	298
6116	107,96	169,152	137,71	217,127	248	298
6117	110,111	166,115	96,58	144,120	298	298
6118	0,0	113,139	1,1	213,133	272	298
6120	38,16	53,57	54,37	81,63	221	298
6121	23,33	17,22	45,34	54,43	270	221
6124	42,34	3,0	121,121	0,4	245	286
6125	106,93	135,113	144,88	258,208	286	239
6126	109,93	150,116	144,91	252,190	286	257
6127	11,9	6,11	5,7	11,11	298	227
6128	63,59	203,193	69,77	287,178	238	269
6129	63,47	9,4	47,33	3,2	202	273
6130	5,0	0,1	2,4	0,0	220	217
6135	117,93	57,57	108,71	77,70	263	212
6136	152,107	571,388	252,165	988,699	270	257
6137	203,158	10,3	285,237	12,9	244	243
6138	2,2	10,3	1,0	12,9	229	243
6139	2,2	203,158	1,0	285,237	229	244
6141	424,384	1106,913	411,327	1495,1160	233	238
6142	424,384	651,497	411,327	754,612	233	209
6143	62,41	98,78	32,34	107,72	292	268
6144	63,41	22,25	73,38	34,23	298	243
6145	96,81	1,0	107,69	1,1	298	190
6146	11,10	1,3	20,15	1,0	283	278
6147	29,19	44,49	32,20	57,34	222	283
6148	5,2	44,51	6,0	57,32	222	283
6149	29,19	14,4	30,20	1,5	222	283
6150	32,31	27,21	41,24	12,17	221	247
6151	23,24	27,21	25,16	12,17	197	247
6152	37,29	105,69	30,38	76,53	296	249
6153	75,38	107,69	45,46	76,55	268	249
6155	27,12	6,6	23,18	14,8	298	298
6156	19,9	29,21	8,4	47,38	288	214
6157	106,68	37,25	90,72	48,37	288	214
6158	69,77	85,89	79,36	100,81	297	298
6159	99,70	86,84	110,40	100,81	278	298
6160	65,64	50,70	48,40	78,54	298	298
6161	1907,1889	4066,3766	2470,1742	5913,4453	298	298
6162	10,9	0,4	2,2	0,0	226	298
6163	1,0	432,353	0,0	677,519	190	253
6164	1,0	432,353	0,0	677,519	186	253
6165	171,200	340,302	290,199	587,449	253	239
6166	462,410	512,521	846,553	854,601	298	298
6167	29,25	512,521	45,23	854,601	259	298
6168	314,273	404,343	496,378	662,519	232	232
6169	708,546	1030,925	1260,892	1020,774	261	216
6170	681,479	1030,926	1053,708	1022,774	261	216
6171	8,2	25,18	4,0	26,18	261	243
6172	510,425	25,18	869,566	25,18	203	243
6173	10,7	1536,1344	6,0	1581,1264	261	243
6174	547,489	1536,1344	964,676	1581,1264	255	243
6175	369,288	1536,1344	469,338	1581,1264	255	243
6176	539,440	1536,1342	891,578	1578,1264	203	243
6177	547,489	10,7	964,676	6,0	255	261
6178	369,288	10,7	469,338	6,0	255	261
6179	509,429	1416,1110	872,566	1942,1501	203	261
6180	551,465	1416,1113	609,381	1942,1501	208	261
6181	369,288	547,489	469,338	964,676	255	255
6182	1214,890	1486,1245	1857,1275	2697,1916	255	255
6183	551,464	1,3	609,381	4,1	208	203
6184	399,461	248,237	632,457	388,248	294	265
6185	284,301	283,270	402,233	433,271	298	280
6186	256,246	431,354	380,294	515,321	292	298
6187	59,29	282,294	30,18	398,234	275	292
6188	256,253	308,313	376,287	424,254	275	292
6189	10,6	507,493	6,6	752,578	176	275
6190	69,34	2,0	42,25	0,4	176	161
6193	347,316	292,310	370,289	304,166	268	298
6194	237,243	10,20	180,103	6,9	298	223
6195	174,133	2,0	213,209	0,0	218	246
6196	65,41	0,0	82,68	1,0	218	221
6197	0,2	11,8	1,0	24,13	291	298
6198	5255,4353	548,549	6717,5407	661,446	253	202
6199	5255,4353	30,16	6717,5407	24,11	253	267
6200	5543,4540	2258,2195	6998,5631	3544,2706	253	267
6201	4953,4309	2255,2193	7702,5799	3553,2717	297	267
6202	4953,4309	209,133	7702,5799	223,157	297	253
6203	4956,4311	3119,3075	7708,5797	4599,3493	297	253
6204	7,8	6578,5567	2,6	8430,6767	298	297
6206	55,52	145,126	79,44	185,153	236	253
6207	376,438	29,13	344,140	11,3	290	243
6208	376,438	591,606	344,140	741,543	290	239
6209	29,13	591,606	11,3	741,543	243	239
6210	648,593	714,628	870,637	808,712	298	267
6211	825,682	704,537	1220,862	1115,781	238	231
6212	704,644	737,646	921,676	948,692	231	239
6213	582,480	5,2	654,506	3,2	227	276
6214	18,9	87,75	14,7	81,69	233	286
6215	4,0	87,75	2,0	81,69	190	286
6216	86,68	122,85	92,99	162,111	286	298
6217	4,3	2,2	2,7	0,2	287	298
6218	45,36	33,17	34,33	58,29	298	257
6219	72,64	1,5	80,70	1,1	216	255
6220	22,11	114,93	6,2	154,103	234	255
6221	33,22	153,114	43,18	152,124	298	208
6222	68,59	96,64	62,61	94,65	298	208
6223	4,2	93,65	3,4	94,64	298	208
6224	32,23	38,47	51,23	31,43	298	196
6225	127,108	32,27	120,120	19,30	298	196
6226	68,63	31,26	73,75	20,29	298	196
6227	37,36	31,26	36,22	20,29	293	196
6228	51,57	37,29	34,15	26,29	278	196
6229	37,36	68,63	36,22	73,75	293	298
6230	36,36	16,33	35,22	25,28	293	298
6231	54,60	65,55	37,22	60,59	298	293
6232	55,68	65,55	46,29	60,59	278	293
6233	10,1	1,2	6,7	0,0	233	251
6234	4,1	1,1	6,7	0,0	233	251
6235	13,18	6,4	17,17	2,0	233	251
6236	13,18	3,2	17,17	1,0	233	266
6237	4,1	15,24	6,7	30,5	233	298
6238	8,8	6,4	7,4	2,0	230	251
6239	8,8	3,2	7,4	1,0	230	266
6240	6,4	3,2	2,0	1,0	251	266
6241	0,4	9,2	2,0	1,0	251	266
6242	0,2	10,12	0,0	9,1	226	298
6243	133,128	8,4	129,104	5,2	266	179
6244	294,267	149,124	350,229	167,92	298	243
6245	179,151	199,195	215,142	156,116	243	231
6246	9,13	0,2	3,8	0,1	212	176
6247	22,14	17,3	6,10	2,2	212	176
6248	806,771	1501,1237	727,502	1372,979	298	298
6249	19,14	35,37	18,12	33,30	221	226
6250	17,23	11,12	29,30	7,9	231	244
6251	2,0	0,1	4,0	0,1	290	180
6252	3,0	0,1	4,0	0,1	287	180
6254	20,15	1,0	4,7	0,0	298	298
6255	4,9	1,0	1,4	0,0	261	298
6256	627,531	11,5	1097,806	4,14	298	283
6257	627,531	202,180	1097,806	270,216	298	202
6258	3,1	202,180	1,5	270,216	298	202
6259	626,530	202,180	1097,803	270,216	298	202
6260	34,28	4,13	49,16	4,2	228	220
6261	469,389	87,60	433,300	95,67	298	169
6262	469,389	100,53	433,300	100,61	298	214
6263	4,11	507,379	5,12	481,336	259	298
6264	399,285	518,380	464,317	481,337	259	298
6265	398,277	29,18	459,306	5,13	259	298
6266	0,1	863,661	4,0	892,605	272	259
6267	70,52	359,297	22,9	339,214	298	259
6268	656,471	19,15	819,535	10,6	218	217
6269	656,471	32,42	819,535	16,15	218	296
6270	656,471	32,42	819,535	12,14	218	298
6271	490,461	194,138	357,254	272,189	297	218
6272	21,19	496,349	11,23	564,363	298	297
6273	156,131	92,86	204,171	203,136	256	231
6274	46,45	198,186	80,61	268,207	203	263
6275	39,41	167,166	67,33	242,189	261	263
6276	27,51	143,140	19,18	93,58	298	294
6277	27,51	190,194	19,18	175,99	298	289
6278	0,6	540,597	0,0	557,540	207	200
6279	0,6	27,22	0,0	32,15	207	298
6280	362,373	165,238	202,145	79,67	282	243
6281	10,10	68,59	18,9	68,67	251	298
6282	11,9	57,51	11,4	47,49	298	298
6283	6,0	68,59	2,0	68,67	298	298
6284	2,0	68,59	0,0	68,67	230	298
6285	2,0	57,51	4,0	47,50	298	298
6286	10,8	68,59	19,11	68,67	298	298
6287	8,8	68,59	16,11	68,67	283	298
6288	20,14	3,1	13,9	2,1	298	298
6289	24,22	3,1	30,20	2,1	298	298
6290	7,8	3,1	10,8	2,1	251	298
6291	1,0	3,1	0,1	2,1	294	298
6292	1,0	3,1	0,0	2,1	230	298
6293	2,0	6,0	0,0	2,0	230	298
6294	9,9	16,14	8,7	15,9	283	298
6295	7,8	20,14	10,8	13,9	251	298
6296	1,0	20,14	0,1	13,9	294	298
6297	1,0	20,14	0,0	13,9	230	298
6298	7,8	24,22	10,8	30,20	251	298
6299	1,0	24,22	0,1	30,20	294	298
6300	1,0	24,22	0,0	30,20	230	298
6301	7,8	17,17	12,7	25,15	251	283
6302	1,0	7,8	0,0	10,8	230	251
6303	1,0	1,0	0,0	0,1	230	294
6304	293,247	81,88	742,604	254,170	298	181
6305	292,241	3,1	726,598	6,8	298	181
6309	0,4	0,0	0,3	0,2	284	236
6311	0,3	1,0	0,3	1,0	284	200
6312	1994,1796	2005,1728	3276,2465	3948,2712	254	298
6313	0,2	171,306	0,0	188,99	187	298
6314	113,124	308,293	127,87	440,323	298	274
6315	135,268	113,140	148,79	187,110	274	221
6316	276,306	91,77	215,154	102,93	298	216
6317	264,299	389,305	456,342	484,373	265	276
6318	221,196	401,348	263,179	521,389	276	298
6319	149,110	741,693	106,92	1022,806	233	298
6320	146,103	650,647	106,92	929,686	233	281
6321	837,684	653,652	971,717	929,686	298	281
6322	837,683	366,382	971,717	284,214	298	239
6323	647,607	365,384	906,705	284,214	281	239
6324	113,106	54,71	96,55	48,17	233	228
6325	25,20	54,71	26,13	48,17	229	228
6326	1,3	22,8	7,0	16,16	203	259
6327	30,32	181,144	22,20	291,154	298	259
6328	30,32	63,70	22,20	151,77	298	263
6329	86,77	173,114	166,92	218,135	259	233
6330	168,125	271,255	359,275	463,370	296	271
6331	290,251	321,215	435,322	619,441	271	260
6332	226,183	160,104	383,282	382,248	260	248
6333	44,54	204,203	27,29	214,148	184	298
6334	123,124	79,77	122,62	85,63	298	196
6335	197,152	72,73	206,110	89,54	281	256
6336	10,6	72,73	4,2	89,54	277	256
6337	146,104	159,116	150,77	128,84	256	270
6338	145,103	212,162	152,77	130,110	256	298
6339	26,21	26,56	27,24	31,21	221	251
6340	350,329	150,189	586,436	221,172	283	215
6341	350,329	275,337	586,436	460,329	283	255
6342	281,248	157,161	365,268	210,188	234	283
6343	296,270	400,359	408,294	613,461	234	283
6344	161,179	204,198	264,150	379,302	284	234
6345	3,4	303,250	7,4	409,307	221	247
6346	158,125	303,250	308,130	409,307	289	247
6347	11,9	334,350	10,5	390,229	221	284
6348	167,132	334,350	311,131	390,229	289	284
6349	237,209	276,280	211,157	279,206	237	251
6350	160,143	122,138	119,67	65,42	274	207
6351	274,332	1154,996	225,154	1100,893	227	287
6352	554,684	324,296	279,267	253,165	298	200
6353	554,684	306,278	279,267	244,160	298	197
6354	179,166	1012,913	206,122	823,611	200	267
6355	171,161	4,1	206,122	0,0	200	267
6356	16,9	1012,913	18,8	823,611	197	267
6357	10,6	4,1	18,8	0,0	197	267
6358	596,629	481,440	559,366	544,454	267	259
6359	477,399	1138,953	670,569	1776,1283	241	298
6360	774,726	1155,1002	1029,783	1102,893	298	287
6361	989,837	836,670	1252,826	1174,843	239	257
6362	981,754	1321,965	1422,1029	1516,1260	251	249
6363	60,112	32,39	28,26	10,23	298	276
6364	158,119	206,169	163,92	181,123	235	290
6365	165,181	14,19	215,104	5,3	290	242
6366	35,33	114,117	53,50	65,34	284	298
6367	275,296	1,1	292,144	0,0	269	298
6368	275,296	20,6	292,144	11,6	269	278
6369	11,8	36,23	8,11	46,32	272	236
6370	5,3	36,23	2,4	46,32	247	236
6371	5,1	36,23	2,2	46,32	197	236
6372	552,565	433,412	573,382	475,239	254	298
6373	480,574	557,526	383,257	525,409	298	241
6374	87,143	694,630	54,16	664,563	298	298
6375	11,13	100,77	8,7	97,92	272	269
6376	11,13	1,0	8,7	0,0	272	247
6377	5,8	97,100	0,1	102,82	272	272
6378	19,29	16,19	24,12	16,16	298	251
6379	12,18	16,19	19,8	16,16	293	251
6380	789,713	470,372	1069,826	512,417	298	242
6381	491,468	23,20	790,570	19,28	242	228
6382	36,40	444,402	6,4	558,410	232	228
6383	36,40	6,9	6,4	13,10	232	298
6384	1049,924	7,8	1291,1039	12,6	228	191
6385	794,612	11,0	1367,1066	0,0	298	298
6386	0,0	474,447	0,2	597,498	199	298
6387	168,133	583,562	283,216	1142,863	185	298
6388	159,179	580,564	280,188	1141,863	298	298
6389	204,197	18,30	194,101	3,3	265	293
6390	204,197	223,206	194,101	207,91	265	298
6391	86,85	130,135	63,56	126,78	297	293
6392	205,205	94,98	194,101	60,52	265	297
6393	109,128	224,206	59,55	205,91	293	298
6394	624,641	97,182	637,549	55,32	298	285
6395	322,310	102,179	328,255	55,32	237	285
6396	322,310	106,188	328,255	56,33	237	298
6397	170,163	107,183	177,121	58,33	190	298
6398	624,644	12,12	638,550	23,17	298	275
6399	1147,1090	12,12	1270,1088	23,17	286	275
6400	322,313	3,9	328,255	1,2	237	298
6401	174,164	4,4	177,121	3,2	190	298
6402	322,313	510,446	328,255	619,524	237	286
6403	174,164	511,441	177,121	621,524	190	286
6404	322,312	22,17	328,255	13,6	237	286
6405	171,167	427,422	177,121	385,319	190	237
6406	479,430	132,133	541,368	168,147	298	190
6407	142,140	91,100	209,129	103,73	298	218
6408	41,36	13,13	38,18	17,7	192	222
6410	37,33	44,25	63,44	55,44	203	193
6411	67,43	40,30	92,61	94,61	245	242
6412	38,18	48,35	66,41	64,50	200	245
6413	1299,1298	2614,2375	2568,1170	4155,3268	251	239
6414	427,447	363,352	507,316	451,339	290	229
6415	613,644	242,163	695,404	245,190	262	196
6416	378,327	98,82	518,366	42,32	196	185
6417	204,196	254,236	211,122	469,391	298	298
6418	204,196	254,238	211,122	469,391	298	298
6419	6,1	254,236	5,1	469,391	254	298
6420	14,11	289,263	6,9	437,358	248	247
6421	6,24	3071,2708	13,5	4027,3035	298	291
6422	3041,2638	2586,1986	4542,3350	3888,2856	276	270
6423	2543,1960	2592,1998	4274,3169	3888,2856	252	270
6424	9,10	197,181	2,0	288,219	298	298
6425	16,9	197,181	4,2	288,219	298	298
6426	47,55	84,166	58,31	49,35	298	247
6427	48,55	182,176	58,31	78,46	298	247
6428	308,311	84,166	287,138	49,35	298	247
6429	309,311	182,176	287,138	78,46	298	247
6430	615,599	131,169	443,306	63,28	247	298
6431	615,599	4,5	443,306	3,3	247	298
6432	1790,1481	1206,846	2945,2094	2115,1411	288	219
6433	10,9	11,19	4,7	8,6	263	290
6434	1455,1129	4506,4095	614,515	1649,1101	208	298
6435	6,2	3442,3141	2,0	1328,891	281	233
6436	4,7	1483,1372	0,1	494,380	277	267
6437	4,7	1481,1368	0,1	496,381	277	255
6438	499,460	92,101	551,446	143,121	295	206
6439	457,352	302,267	524,396	335,250	296	251
6440	33,42	20,7	70,43	61,21	298	279
6441	74,71	107,84	95,63	128,90	220	205
6442	282,286	528,468	551,353	1018,739	259	298
6443	60,57	1040,886	88,65	2021,1402	298	298
6444	38,26	137,123	64,60	222,195	298	298
6445	500,476	932,768	839,601	1581,1134	278	298
6446	268,301	431,364	284,252	760,518	285	226
6447	485,408	410,374	642,427	596,405	214	226
6448	689,515	451,349	869,594	489,361	298	214
6449	1433,1322	452,385	1677,1271	481,299	298	246
6450	1357,1090	335,232	1986,1292	470,305	298	219
6451	26,23	792,665	27,15	1124,726	254	258
6452	26,29	11,29	26,19	33,28	281	217
6453	300,316	261,195	419,300	285,233	249	224
6454	304,319	542,478	419,298	609,476	249	298
6460	51,42	88,77	40,41	96,77	250	298
6461	6159,4871	7363,6387	14075,10374	15002,11210	292	293
6462	5940,5239	9430,8067	7444,6259	14729,10540	232	298
6463	236,179	216,137	338,254	281,207	210	226
6464	253,201	210,211	406,277	350,281	298	259
6465	378,246	1,1	565,396	9,2	259	298
6466	236,219	334,334	427,319	718,500	298	298
6467	160,156	3,0	253,163	1,2	245	223
6468	73,85	7,0	77,67	4,2	247	298
6469	229,244	39,85	275,179	27,7	266	269
6470	1031,880	976,906	1765,1238	1322,1028	244	298
6471	1587,1242	902,875	1947,1478	1566,1106	273	244
6472	2006,1494	1090,918	3356,2161	1831,1187	298	245
6473	832,738	1880,1450	1710,1044	3120,2101	257	298
6474	534,460	1763,1511	1006,662	2573,1837	225	298
6475	804,651	918,736	1442,1014	1597,1026	264	247
6476	11,13	922,737	14,13	1595,1026	264	247
6477	1287,1146	14,9	1533,1029	2,1	298	264
6478	1287,1146	1036,896	1535,1027	1836,1311	298	264
6479	5,2	1031,892	1,0	1835,1311	298	264
6480	0,1	1,0	0,0	2,1	246	232
6481	0,1	1,0	0,0	2,1	298	232
6482	546,637	304,417	458,252	295,147	298	298
6494	7,7	126,93	0,1	72,68	233	233
6495	7,7	124,95	0,1	67,70	233	230
6496	25,10	17,16	19,13	17,6	284	206
6497	8,7	3,2	7,2	8,2	206	251
6499	25,22	256,196	22,9	542,386	295	262
6500	8417,6694	8561,6578	10114,8261	13860,10740	298	298
6501	6293,4867	9080,7176	10951,8144	14989,10903	298	298
6502	8287,6375	9072,7170	12396,8893	14986,10900	298	298
6503	7496,6654	8411,6705	10769,7987	10108,8258	298	298
6504	8287,6375	5,7	12396,8893	10,7	298	298
6505	99,93	6295,4869	130,93	10953,8148	290	298
6506	8287,6375	6295,4869	12397,8893	10953,8148	298	298
6507	101,107	683,577	104,75	936,633	233	249
6508	534,451	363,264	671,385	506,406	270	253
6509	67,51	16,15	87,67	24,28	298	179
6510	25,11	130,103	4,1	107,109	298	221
6522	105,83	361,248	143,101	523,373	186	254
6523	12,16	52,62	13,2	80,42	268	298
6524	12,16	31,40	13,2	51,13	268	298
6525	1,1	41,43	3,0	55,19	268	298
6526	12,16	39,44	13,2	55,14	268	298
6527	31,15	249,228	12,12	318,199	298	221
6528	522,393	356,292	656,437	372,266	298	256
6530	49,123	750,654	36,17	1083,776	295	280
6531	49,123	8,9	36,17	12,12	295	260
6532	544,412	305,266	692,462	428,287	237	212
6533	373,281	377,310	473,345	408,291	212	256
6534	455,379	401,380	824,578	577,390	282	273
6535	401,315	312,322	559,438	466,308	273	262
6536	388,305	592,515	546,425	762,591	273	298
6537	335,335	607,529	458,325	769,604	262	298
6538	10,7	22,33	3,4	14,7	242	283
6539	5,4	0,0	0,0	1,0	281	235
6540	11,12	15,10	14,8	16,11	239	298
6541	2,10	17,16	4,1	3,0	234	264
6542	181,130	79,61	261,152	118,86	298	298
6543	699,552	5,5	674,498	0,0	249	254
6544	53,57	240,207	39,32	191,126	240	298
6547	24,22	3,5	18,19	0,1	220	278
6549	107,75	176,117	155,110	260,176	248	269
6550	127,78	154,141	145,94	186,161	218	298
6551	87,69	142,115	126,74	186,132	227	247
6552	238,195	254,211	190,165	258,188	298	298
6553	170,170	243,169	190,179	245,169	270	274
6554	242,207	236,168	310,173	284,190	297	298
6555	382,294	448,402	749,509	1010,746	217	225
6556	232,215	385,345	405,269	870,648	197	225
6557	24,15	278,259	27,34	632,446	212	217
6558	437,322	675,530	795,602	1318,907	209	243
6559	26,16	350,296	27,37	601,464	212	207
6560	109,113	375,373	121,79	377,321	225	293
6561	46,40	375,373	22,36	377,321	213	293
6562	301,237	101,85	313,230	65,64	284	298
6563	1307,1091	328,312	1938,1432	363,229	295	231
6564	610,493	1084,857	874,662	1556,1073	246	295
6565	365,302	899,825	731,477	1589,1249	212	287
6566	80,90	89,101	78,42	79,45	263	239
6567	92,120	98,73	163,111	164,104	282	246
6568	2474,2113	11,10	3407,2623	5,0	298	298
6569	77,84	88,77	202,113	147,116	298	253
6570	76,68	75,73	157,101	135,89	260	257
6571	2,2	2,3	2,1	2,1	217	158
6572	127,100	111,113	253,152	260,209	298	295
6573	116,104	106,86	280,223	283,153	298	292
6574	60,81	60,73	78,60	56,53	240	298
6576	6,2	1,0	4,4	1,0	254	205
6578	189,112	515,442	115,101	520,348	227	278
6579	4,0	80,76	2,3	90,60	265	205
6580	5,0	80,76	4,1	90,60	247	205
6581	18,12	162,132	10,9	200,146	205	231
6582	16,12	6,6	10,8	15,7	205	231
6583	0,0	13,20	2,1	5,3	244	286
6584	67,68	138,162	65,49	233,136	231	230
6585	153,143	238,219	191,160	226,162	246	248
6586	196,145	236,159	182,131	265,161	248	243
6587	215,186	407,303	191,142	429,301	243	286
6588	216,182	155,162	192,142	158,132	243	264
6589	358,265	156,164	378,238	158,132	286	264
6590	6,11	3,1	16,22	0,5	228	261
6591	583,467	205,163	741,585	250,146	270	260
6592	150,110	237,197	182,140	284,191	214	270
6593	145,108	183,151	182,140	274,194	214	270
6594	389,288	164,129	472,411	225,186	298	214
6595	185,156	163,129	273,201	225,186	233	214
6596	33,34	38,30	51,38	50,31	298	263
6598	48,61	40,50	70,40	50,32	226	250
6606	174,145	100,83	399,251	145,122	216	193
6607	170,143	1,2	397,251	0,0	216	193
6608	79,66	298,217	151,91	448,311	193	291
6609	204,171	211,183	315,250	227,123	243	298
6610	346,337	222,194	473,282	293,158	298	293
6611	218,220	118,178	231,153	151,110	232	222
6612	118,157	236,217	159,93	348,319	224	251
6613	280,243	248,225	308,199	254,175	298	278
6614	9,4	7,10	9,2	5,4	209	220
6615	9,4	0,0	9,2	0,1	209	238
6617	87,73	175,124	136,86	160,76	265	298
6618	145,137	9,23	213,150	9,4	298	228
6619	162,178	479,362	325,251	707,472	298	298
6620	244,212	330,270	530,348	695,416	285	298
6621	134,108	164,167	270,207	331,199	242	298
6622	182,164	313,249	370,277	528,347	298	298
6624	54,42	10,5	79,49	8,4	221	256
6625	54,42	36,20	79,49	34,30	221	195
6626	9,10	29,27	20,6	38,40	298	230
6628	1,0	178,141	1,8	248,216	289	253
6629	0,3	5,2	4,3	4,3	276	298
6630	155,156	79,61	274,212	99,92	250	208
6631	61,39	60,51	45,28	43,31	252	240
6632	144,136	137,105	258,194	231,158	248	223
6633	912,746	317,298	1241,860	355,238	287	202
6634	415,329	823,672	541,443	992,760	202	236
6635	1167,916	1180,968	1509,1066	1372,1062	298	298
6636	1119,969	934,736	1409,1080	946,699	298	250
6637	742,608	407,344	832,633	453,311	250	213
6638	131,120	91,63	161,155	145,108	272	265
6639	150,83	43,38	163,120	58,68	298	195
6640	51,37	128,85	55,25	145,115	239	298
6641	1,2	128,85	0,0	145,115	224	298
6642	14,23	52,69	21,16	73,43	298	273
6643	47,49	84,59	60,40	107,52	273	269
6644	13,3	183,137	4,9	169,143	212	298
6645	141,113	179,137	248,149	207,174	298	244
6646	140,113	309,261	248,149	465,319	298	298
6647	116,98	255,207	158,124	370,225	219	298
6648	213,145	114,77	291,173	133,112	298	259
6649	123,82	104,84	111,113	118,105	227	298
6650	151,165	126,102	189,161	159,119	251	245
6651	31,11	29,16	10,5	17,11	282	270
6652	62,44	35,22	120,50	59,34	298	245
6653	2,0	3,0	2,0	1,0	224	188
6654	1,2	0,2	2,0	0,0	272	184
6655	48,55	2,4	77,44	4,0	271	272
6656	489,414	498,413	714,551	748,608	249	231
6660	49,42	3,3	80,53	0,1	276	298
6661	14,9	15,21	7,13	41,30	207	276
6662	0,1	19,12	3,0	26,17	212	238
6664	0,1	46,47	1,2	77,33	212	283
6665	306,245	17,24	565,415	49,23	298	247
6666	0,0	73,61	1,0	118,99	298	277
6689	15,5	1,0	28,16	0,0	210	210
6690	15,5	1,0	28,16	2,2	210	298
6691	18,16	13,6	20,24	16,10	210	264
6693	0,2	0,2	1,0	2,0	185	264
6694	0,2	0,0	1,0	4,2	185	298
6695	0,2	0,0	1,0	2,0	185	298
6697	36,29	49,43	93,68	98,94	298	271
6701	67,79	128,104	170,94	216,170	247	278
6702	73,70	121,96	136,112	211,161	220	298
6703	8,10	66,69	5,9	129,64	298	247
6704	8,10	68,69	5,9	132,63	298	298
6705	73,70	2,9	136,112	2,0	220	298
6708	278,214	401,343	156,90	164,106	298	275
6709	28,32	25,31	52,43	52,33	298	298
6710	161,101	140,101	151,91	177,137	298	268
6711	22,12	140,101	17,13	177,133	298	268
6712	16,14	139,99	31,15	177,133	234	268
6713	64,62	177,116	75,56	204,186	215	285
6714	17,14	176,116	31,15	204,181	234	285
6715	64,64	125,82	77,53	133,121	215	298
6716	18,12	107,74	33,19	117,114	234	298
6717	474,423	644,604	699,491	1252,869	245	298
6718	470,420	365,289	697,490	540,332	245	225
6719	630,471	555,494	764,524	796,586	298	268
6720	598,434	549,455	810,601	934,690	268	255
6721	605,580	395,309	875,615	769,551	245	225
6722	212,164	208,170	239,159	212,126	298	298
6723	211,167	4,0	238,159	0,0	298	298
6724	211,164	0,1	239,159	0,0	298	298
6725	201,175	154,113	155,130	146,108	298	243
6726	35,56	53,25	37,24	48,32	269	298
6727	35,56	48,36	35,24	58,40	269	263
6728	40,25	48,42	42,28	58,31	227	298
6729	67,32	30,21	76,67	35,23	298	221
6730	84,54	0,2	142,111	2,0	298	258
6731	112,80	45,28	143,113	70,62	298	298
6732	24,16	41,28	18,31	70,62	298	298
6734	16,17	24,16	24,19	18,31	212	298
6736	20,17	43,26	26,19	75,48	212	298
6737	56,37	32,15	103,76	34,33	263	212
6738	0,2	64,55	1,0	110,59	210	263
6740	207,185	25,19	168,113	16,4	231	298
6741	109,116	120,101	143,113	114,60	298	274
6742	75,55	121,102	90,73	132,88	272	298
6743	121,98	69,47	110,97	67,29	293	198
6744	2,2	44,36	0,2	49,27	209	270
6745	21,18	44,36	14,18	49,27	247	270
6746	21,18	63,43	14,18	57,38	247	298
6747	34,39	59,51	35,22	60,64	236	203
6748	66,65	143,127	45,52	104,96	298	298
6751	670,595	805,569	1023,818	1153,955	229	260
6752	1029,870	876,742	1099,813	878,627	298	298
6753	13,8	91,46	12,6	119,64	252	298
6755	12,10	59,63	11,10	48,29	212	284
6756	91,77	162,177	112,105	246,185	252	290
6757	262,214	135,122	238,224	200,142	288	246
6758	7,0	1224,1110	2,1	1548,1151	298	298
6759	41,30	59,38	59,42	74,58	264	298
6760	77,52	59,38	108,33	72,58	298	298
6761	75,53	32,30	110,33	46,40	298	264
6762	6,5	4128,3247	0,0	5523,4020	207	298
6763	4496,3563	4128,3247	6359,4655	5523,4020	298	298
6764	58,48	4127,3246	39,17	5523,4020	298	298
6765	4773,3596	17,10	7496,5333	8,4	298	254
6766	6003,4928	4885,4046	7217,5339	6236,4284	290	291
6767	2401,1952	3413,2779	3008,1966	5174,3631	233	248
6768	3906,2742	3451,2448	5011,3360	4771,3396	260	233
6769	3594,3180	4194,3211	4085,2986	5399,3691	298	260
6771	0,2	0,0	0,0	1,0	298	209
6772	83,59	81,68	130,69	96,79	290	298
6773	15,18	0,1	24,10	1,0	245	224
6774	0,0	7,11	2,0	9,6	186	245
6775	72,44	56,48	77,72	75,67	263	278
6776	62,56	55,39	63,66	54,50	287	272
6777	124,83	6,0	125,107	3,0	242	222
6778	23,34	111,64	49,27	122,78	233	298
6779	26,10	111,64	17,16	122,78	230	298
6780	74,50	38,43	83,46	50,51	269	225
6781	99,88	98,56	110,92	133,92	298	296
6782	2,2	653,604	1,1	900,654	272	231
6783	24,15	585,506	32,13	816,520	298	298
6784	751,640	1079,919	946,618	1257,819	298	298
6785	602,513	474,333	828,527	760,461	298	239
6786	880,694	419,283	1219,880	487,394	298	216
6787	808,612	426,282	1294,868	487,398	278	216
6788	807,614	903,674	1294,867	1344,864	278	275
6789	115,110	334,256	154,86	299,260	232	273
6790	293,209	283,204	294,247	267,238	298	273
6791	244,172	281,215	248,177	279,200	271	295
6792	184,167	155,155	163,148	191,129	234	234
6793	9,7	317,257	4,5	305,237	243	281
6794	261,191	217,159	250,173	250,185	298	298
6795	152,138	186,155	212,153	224,133	298	298
6796	8,13	30,41	2,7	44,28	194	298
6797	1,5	40,39	7,7	46,16	282	238
6798	6,11	7,9	3,3	7,6	190	282
6799	5,11	11,15	1,1	7,5	244	298
6800	44,25	34,40	59,44	65,51	283	298
6801	2,3	0,0	0,0	1,0	270	192
6802	16,23	28,9	38,31	59,36	222	256
6803	87,62	95,62	103,96	127,116	217	207
6804	86,64	229,184	103,96	309,219	217	288
6805	234,169	242,162	322,230	264,204	275	298
6806	5,6	2,1	5,8	1,0	247	219
6807	1,1	33,16	0,0	12,5	298	279
6808	342,308	176,198	344,249	155,100	298	219
6809	2,6	172,196	0,2	153,98	298	219
6810	389,346	436,386	492,335	352,252	298	298
6811	5,2	431,382	2,2	352,254	298	298
6812	490,398	341,302	501,311	344,249	298	298
6813	427,397	388,346	350,238	490,333	277	298
6814	330,368	467,369	246,174	467,294	298	277
6815	330,368	1,0	246,174	0,0	298	224
6816	330,368	4,3	246,174	2,6	298	219
6817	152,199	5,5	81,32	0,3	289	298
6818	154,199	450,425	81,32	381,261	289	298
6819	2,0	1110,1025	8,5	1513,959	240	298
6820	10,14	4,4	8,9	5,2	275	247
6821	3,27	637,617	6,2	1222,828	250	268
6822	59,98	637,617	68,55	1222,828	290	268
6823	68,57	200,143	25,12	89,68	172	250
6824	208,160	193,123	89,64	88,57	298	245
6825	45,32	193,123	40,29	88,57	298	245
6826	3,12	12,19	8,12	16,13	218	240
6827	3,12	6,1	8,12	1,6	218	240
6828	3,12	15,11	8,12	30,24	218	298
6829	6,1	15,11	1,6	30,24	240	298
6830	13,5	15,11	8,15	29,21	240	298
6831	6,6	0,0	3,9	0,1	298	212
6832	1,0	7,10	0,0	8,7	298	298
6833	10,9	10,13	14,9	16,10	298	298
6834	0,2	3,0	2,2	11,10	260	298
6836	253,208	288,287	423,298	711,461	298	240
6837	0,2	617,485	2,0	1179,802	235	298
6838	328,254	154,129	593,448	265,194	298	250
6839	1,0	146,119	1,0	257,190	298	250
6840	47,25	2,2	54,30	1,1	298	277
6841	28,19	111,89	31,17	223,161	298	298
6842	28,19	0,1	31,17	1,0	298	277
6843	7,3	18,9	12,1	16,8	298	234
6844	0,1	111,89	1,0	223,161	277	298
6845	1,4	120,90	8,5	225,161	277	298
6846	161,150	164,137	242,182	290,231	292	298
6847	161,150	0,1	242,182	3,0	292	280
6848	82,74	9,14	81,67	25,17	213	242
6849	111,98	117,67	115,97	104,81	288	242
6850	20,25	167,142	29,20	217,167	253	251
6862	6,4	11,2	2,3	3,1	206	206
6863	64,48	76,71	86,56	69,72	209	233
6864	64,48	85,78	86,56	71,80	209	298
6865	106,76	94,88	79,99	115,71	231	230
6866	104,86	144,113	82,52	194,156	218	231
6867	184,156	121,83	194,157	116,89	298	218
6868	125,108	179,145	208,119	152,92	271	262
6869	44,51	199,165	76,44	220,170	298	298
6870	374,355	20,21	725,607	28,23	269	179
6872	22,32	2,6	25,22	0,0	246	222
6875	243,227	774,533	233,188	1049,732	244	298
6876	645,469	214,196	895,636	157,174	289	238
6877	324,264	53,57	378,275	57,47	238	256
6878	372,274	25,61	303,314	14,15	256	298
6879	280,262	145,156	341,236	168,122	266	232
6881	22,26	53,54	45,28	74,56	298	298
6882	9,0	6,5	1,5	4,10	287	267
6883	44,50	104,126	27,28	151,99	242	251
6884	844,806	437,349	730,523	661,377	298	224
6885	3,4	449,426	3,0	531,415	248	298
6886	2,7	446,422	5,1	531,416	248	298
6887	50,69	40,50	98,61	32,12	278	278
6888	4,0	40,49	0,0	32,12	278	278
6889	95,108	26,21	148,125	8,2	276	278
6890	18,17	56,67	25,32	105,92	217	284
6891	80,65	17,17	122,85	38,15	284	200
6892	63,46	68,48	43,52	51,40	298	298
6893	72,48	25,23	49,40	35,15	298	249
6894	16,16	38,41	24,13	61,42	210	287
6897	5,6	18,10	7,10	18,15	250	237
6898	43,36	16,24	50,40	36,21	261	218
6899	236,184	118,80	258,180	192,108	298	211
6900	94,98	76,86	122,79	110,71	211	207
6901	124,78	95,62	141,89	111,85	207	202
6902	154,152	19,11	212,146	22,24	242	228
6903	527,425	798,854	556,407	772,595	272	298
6904	934,922	614,547	1012,706	612,425	298	240
6905	505,520	930,749	486,372	1074,715	240	298
6906	924,745	507,514	1074,718	561,349	298	298
6907	760,607	1147,953	729,437	1111,870	257	263
6908	759,605	577,649	729,437	381,190	257	292
6909	1249,1000	1264,1202	1185,831	1354,883	263	298
6910	1411,1201	323,347	1427,1117	349,231	298	298
6911	495,385	402,471	534,334	220,96	225	241
6912	502,520	5,5	560,346	3,0	292	221
6914	2,3	13,15	2,3	9,1	259	298
6915	58,82	75,69	147,97	192,116	224	230
6916	23,27	64,78	29,25	149,118	233	246
6917	14,2	39,27	5,4	69,43	298	298
6918	52,23	24,17	43,32	32,41	298	213
6920	272,235	235,162	602,410	374,254	298	298
6921	133,140	140,99	258,198	204,162	284	239
6922	211,144	140,99	370,262	204,163	298	239
6923	75,51	165,136	173,116	450,263	233	298
6926	82,61	33,22	64,60	17,11	226	193
6929	540,467	303,280	570,390	285,175	298	298
6930	0,0	8,2	1,0	7,2	298	266
6931	2,0	8,2	3,0	7,2	298	266
6932	12,5	7,9	16,2	8,1	204	219
6933	18,25	26,26	18,8	23,19	256	298
6934	1,2	1,1	2,0	2,1	176	225
6935	31,18	35,48	29,26	58,31	260	298
6936	16,9	25,17	26,17	32,14	218	260
6937	35,26	23,19	44,30	31,17	298	247
6938	13,10	27,30	28,20	31,29	244	298
6939	15,10	3,4	7,4	8,3	222	222
6943	57,49	418,437	43,22	522,307	227	298
6945	11,8	15,19	3,0	0,6	233	233
6946	12,12	7,14	2,2	6,3	233	239
6947	1,6	23,16	0,0	29,28	188	219
6948	19,21	6,9	35,20	12,4	215	267
6953	15,25	4,2	25,12	4,3	267	262
6954	15,25	2,0	25,12	0,1	267	286
6955	15,25	20,18	25,12	25,26	267	219
6956	4,2	20,18	4,3	25,26	262	219
6957	2,0	20,18	0,1	25,26	286	219
6958	156,120	124,81	205,142	182,116	298	298
6959	173,122	84,85	192,135	127,103	298	272
6960	126,96	31,29	146,100	41,33	298	298
6961	107,84	197,164	155,102	188,181	298	297
6962	534,459	1381,1170	1143,759	2573,1709	298	298
6963	7,15	834,727	3,3	1326,927	298	211
6964	24,33	779,720	40,8	1585,1069	211	194
6965	154,133	2207,2093	275,167	4304,3317	194	298
6967	127,82	113,80	102,75	182,144	263	223
6968	117,123	113,80	213,142	182,144	231	223
6969	133,129	114,82	231,173	179,142	231	223
6970	133,129	216,176	230,172	215,204	231	298
6971	133,129	209,167	230,172	208,197	231	244
6972	134,118	223,125	219,152	264,221	298	220
6973	193,200	225,198	171,86	258,223	298	261
6974	950,945	444,365	633,524	427,253	298	229
6975	1290,1111	0,4	2571,1926	2,2	152	167
6976	1290,1111	0,0	2571,1926	0,2	152	178
6977	58,60	50,49	47,36	75,54	298	294
6978	57,61	56,33	41,37	78,48	298	273
6979	56,55	104,69	41,35	79,82	298	279
6980	60,56	56,33	45,37	78,48	298	273
6981	57,50	58,38	75,33	83,49	265	273
7003	48,42	336,388	24,13	279,143	260	294
7004	418,454	428,456	497,253	749,502	298	298
7009	206,137	346,257	221,174	396,294	274	278
7010	45,37	130,88	42,19	166,129	298	217
7011	158,218	0,1	237,180	0,1	277	197
7012	70,79	110,125	110,86	107,61	277	278
7013	3,13	0,3	11,9	2,2	203	294
7014	206,176	151,135	292,179	208,124	283	298
7015	29,23	57,37	58,32	98,69	229	279
7016	55,35	76,51	60,38	104,59	236	298
7017	52,41	50,36	71,44	80,48	298	298
7018	43,43	51,34	51,53	53,41	237	256
7019	0,2	1,4	0,1	1,0	260	263
7020	6,4	1,0	4,3	1,2	257	233
7021	7,11	6,1	3,3	1,0	251	287
7022	105,91	95,119	125,69	124,101	210	201
7023	274,253	162,180	371,299	212,204	269	242
7024	223,191	215,219	280,182	315,252	239	269
7025	109,91	254,213	189,117	459,260	215	246
7026	350,240	107,87	530,366	167,102	298	215
7027	152,98	291,241	182,123	474,321	216	298
7028	35,50	112,113	84,41	219,148	266	243
7029	60,29	112,73	202,126	209,79	247	254
7030	68,46	78,57	124,75	131,112	266	229
7031	228,177	458,398	409,270	474,312	217	298
7036	127,99	191,104	195,145	311,220	275	248
7037	87,82	24,9	37,15	9,4	275	270
7039	144,140	108,48	140,107	69,43	233	212
7040	111,84	123,108	115,42	141,96	241	232
7041	12,0	120,120	0,2	148,100	280	241
7043	2,4	0,0	2,1	2,0	242	246
7044	0,0	1,1	1,0	5,0	248	298
7045	0,0	1,0	1,0	0,1	258	298
7046	1,0	1,1	0,4	5,1	298	298
7047	0,1	1,1	2,0	5,1	258	298
7052	1,3	0,0	1,0	1,0	298	298
7058	0,1	1,0	2,0	0,4	258	298
7059	0,0	1,3	0,3	1,0	284	298
7061	0,2	0,2	6,0	1,1	258	298
7062	0,0	1,1	0,1	0,0	284	298
7063	0,1	0,0	2,0	0,1	258	298
7077	0,2	12,14	0,3	19,10	298	200
7078	14,31	12,14	23,34	19,10	201	200
7079	14,31	0,2	23,34	0,3	201	298
7080	9,7	0,2	10,4	3,0	201	298
7081	24,18	16,28	20,11	32,20	266	260
7082	27,33	48,57	20,22	45,20	232	270
7083	59,51	90,88	81,41	123,64	208	233
7084	39,30	36,48	85,49	75,55	224	264
7085	1,1	13,10	1,0	24,13	264	194
7086	58,42	17,13	117,71	31,17	264	194
7111	77,52	0,1	204,116	0,0	263	298
7112	7,11	9,15	7,17	7,4	298	298
7113	161,140	7,11	165,116	10,10	298	218
7116	140,99	162,95	174,130	221,139	298	284
7117	36,31	56,26	42,24	37,44	298	298
7118	21,15	27,21	25,23	36,23	298	298
7119	373,304	269,291	367,287	441,250	298	285
7120	358,302	231,188	442,326	247,131	277	252
7121	8,6	5,6	5,5	3,3	297	247
7122	342,292	277,256	444,311	296,239	294	269
7123	59,41	76,83	64,45	120,48	225	238
7127	0,1	1,2	1,0	0,1	222	277
7130	31,20	71,52	46,44	112,99	298	298
7131	0,5	15,18	0,1	27,17	185	227
7132	1,2	207,167	1,0	356,241	265	298
7133	95,96	80,64	174,113	139,95	298	243
7134	582,448	591,473	1229,751	1193,904	298	230
7135	298,225	776,588	374,261	1186,1007	248	260
7136	510,375	729,643	860,631	959,683	260	293
7137	514,376	404,446	858,629	435,417	260	241
7138	918,684	599,561	1464,1204	846,729	293	298
7139	745,653	404,443	969,693	435,417	298	241
7140	392,370	194,179	593,519	224,207	241	179
7141	93,112	798,666	140,103	1145,779	179	298
7142	27,46	16,13	50,53	32,12	233	193
7147	0,2	5,3	2,0	7,12	216	230
7148	0,0	5,3	1,0	7,12	298	230
7169	13,5	42,26	6,10	18,14	217	271
7170	9,5	24,19	4,4	11,20	236	270
7171	8,7	24,19	2,2	11,20	298	270
7172	7,9	7,4	6,5	4,1	274	298
7173	0,0	10,12	0,2	13,11	228	274
7174	324,310	412,343	528,365	647,481	213	226
7175	32,36	16,15	16,17	19,22	294	203
7176	32,36	25,27	16,17	25,27	294	205
7177	5,7	23,15	2,3	21,21	294	205
7178	21,21	23,15	29,13	21,21	263	205
7179	21,21	5,7	29,13	2,3	263	294
7180	23,28	30,40	27,17	39,35	263	294
7181	52,55	27,24	71,25	16,14	298	263
7182	15,12	28,29	11,11	30,14	193	298
7183	1,0	14,31	0,1	36,14	286	241
7184	50,46	79,73	65,35	72,80	245	264
7185	38,51	16,8	55,37	22,5	264	298
7186	38,51	54,48	55,37	71,42	264	298
7187	141,131	89,81	208,157	163,107	298	272
7188	32,24	31,24	35,25	58,39	298	279
7190	23,28	48,49	20,14	87,49	298	298
7192	7,11	7,10	10,4	15,5	289	298
7193	3,0	7,7	5,0	19,6	238	298
7194	5,6	4,3	3,0	1,0	298	298
7195	2,2	0,4	0,0	3,0	298	298
7196	0,2	0,3	4,0	2,0	298	298
7197	5,2	2,4	0,0	8,4	298	298
7198	159,143	97,76	248,178	137,76	295	250
7199	66,51	178,148	84,76	216,182	248	281
7200	42,35	1,1	68,52	0,0	254	298
7202	42,35	57,53	68,52	81,67	254	232
7203	90,67	56,52	129,103	79,68	298	232
7204	162,122	89,67	164,105	129,103	266	298
7205	253,201	196,158	694,512	458,333	263	283
7206	215,162	218,221	543,381	617,454	298	263
7207	339,416	687,523	462,324	946,770	234	240
7208	440,385	995,686	608,444	1745,1285	244	263
7209	346,424	1012,732	462,324	1538,1121	234	244
7210	8,22	519,396	17,3	790,571	193	234
7212	23,22	28,43	21,17	23,8	281	298
7213	26,42	6,25	23,11	12,14	298	273
7214	13,8	20,22	8,7	19,12	273	247
7222	2,4	20,23	4,1	9,13	298	298
7223	2,4	17,18	4,1	9,13	298	298
7224	18,14	17,18	18,5	9,11	283	298
7225	2,4	3,5	4,1	0,2	298	298
7227	2,4	3,5	4,1	0,2	298	298
7228	2,4	0,0	4,1	0,2	298	298
7229	1,3	10,3	0,0	4,0	298	287
7230	9,8	6,2	9,15	11,6	298	276
7234	1639,1326	1753,1436	2408,1882	3285,2501	270	280
7235	1106,951	1542,1247	1861,1073	2693,1888	298	270
7236	140,81	2,11	254,193	0,11	259	298
7237	21,11	0,1	11,17	0,0	298	206
7238	3,0	0,1	1,2	0,0	247	206
7239	3,0	21,11	1,2	11,17	247	298
7240	0,0	91,60	1,0	167,116	192	226
7241	112,90	289,270	108,81	354,239	213	298
7242	2,0	10,7	2,2	10,6	269	248
7244	687,591	411,342	787,699	669,520	298	264
7247	4,1	8,0	0,1	0,0	298	233
7248	2,0	1,2	1,0	1,0	298	231
7249	0,2	1,1	5,0	0,0	290	298
7252	169,133	131,125	158,125	175,109	298	296
7253	50,54	34,34	63,34	46,37	295	240
7254	58,68	34,36	94,56	46,40	298	240
7255	21,19	93,78	26,18	75,61	258	279
7256	145,116	57,63	176,123	69,47	298	298
7258	15,17	25,30	19,18	13,14	232	244
7259	103,142	11,25	77,51	7,15	289	298
7260	22,21	11,25	1,7	7,15	298	298
7261	22,21	108,94	1,7	106,77	298	298
7262	22,21	17,26	1,7	9,19	298	298
7263	22,21	279,285	1,7	287,235	298	252
7264	117,155	18,8	130,109	16,5	298	298
7265	117,155	7,14	130,109	6,8	298	298
7266	12,19	18,8	11,17	16,5	275	298
7267	100,99	0,1	165,120	2,0	298	298
7268	100,99	20,8	165,120	15,5	298	298
7269	100,99	9,14	165,120	5,8	298	298
7270	0,1	20,8	2,0	15,5	298	298
7271	0,1	9,14	2,0	5,8	298	298
7272	20,20	81,77	25,13	56,41	298	298
7273	20,20	88,81	25,13	60,38	298	298
7274	20,20	77,87	25,13	50,41	298	298
7275	80,83	176,144	134,97	160,123	274	260
7276	16,21	5,0	8,7	4,3	298	298
7277	18,18	5,0	8,6	4,3	298	298
7278	2853,2391	2544,1847	5437,4052	5206,3515	263	279
7279	2853,2391	4,0	5437,4052	1,0	263	276
7280	556,461	266,209	1225,786	469,300	291	237
7281	232,319	341,287	483,287	380,358	298	298
7282	209,173	339,284	398,278	516,384	213	289
7283	417,368	341,283	738,573	517,380	263	289
7284	1,1	339,284	5,6	516,384	263	289
7285	399,268	338,288	719,580	576,419	245	238
7286	209,173	1,1	398,278	5,6	213	263
7287	211,171	415,360	399,278	736,548	213	263
7288	399,268	417,360	719,580	733,546	245	263
7289	400,267	135,118	722,578	326,215	245	213
7290	3,2	406,349	2,2	712,548	256	245
7291	280,224	218,185	452,308	357,307	287	273
7292	20,15	17,23	10,9	6,5	298	251
7293	4,8	17,23	6,5	6,5	298	251
7294	111,112	232,159	196,139	338,213	192	230
7295	238,180	212,177	315,186	326,260	230	261
7296	36,35	239,213	43,20	391,237	207	242
7297	15,9	10,15	26,11	18,11	298	235
7300	23,22	67,33	33,21	85,61	195	298
7301	8,11	42,40	9,7	36,23	298	192
7302	241,234	593,521	291,219	560,329	246	298
7303	694,653	0,0	841,573	0,1	246	227
7304	31,37	12,12	30,17	9,8	225	246
7305	12,15	739,551	8,8	848,589	208	279
7312	169,210	295,240	277,243	423,356	298	297
7313	24,19	42,80	42,34	80,64	194	236
7314	28,44	383,322	48,42	502,391	251	282
7315	293,228	429,346	375,292	556,422	298	282
7316	295,230	336,343	379,294	521,398	298	273
7317	47,25	336,343	56,30	521,398	282	273
7318	383,280	336,344	539,430	518,398	282	273
7319	8,20	194,172	36,19	411,282	298	298
7320	18,20	194,172	68,35	411,282	298	298
7321	1742,1677	2923,2343	2846,1939	4291,2965	298	280
7322	1559,1373	2915,2629	2178,1555	4194,2855	280	298
7323	3077,2472	3659,3401	4517,3092	4927,3553	298	298
7324	265,261	133,143	325,195	124,133	281	298
7325	57,33	143,95	119,67	174,140	218	274
7326	109,110	108,75	154,114	145,86	298	264
7327	115,100	127,69	251,188	190,110	298	298
7328	115,103	215,144	251,188	265,219	298	278
7329	807,812	1070,819	906,651	1189,828	287	298
7331	11,12	1,1	20,12	1,0	298	298
7333	2,0	14,9	0,0	9,9	207	298
7335	237,210	4,0	370,308	1,4	226	196
7336	34,44	21,11	44,28	23,14	250	260
7337	190,129	226,212	206,158	264,196	274	287
7338	317,287	315,263	315,246	205,138	231	222
7339	152,153	353,315	122,90	267,181	211	231
7340	2,3	366,279	3,0	410,303	200	211
7341	33,28	21,26	19,18	18,7	267	296
7342	0,1	6,4	0,0	4,5	298	217
7343	111,100	6,4	186,113	4,5	298	217
7344	0,1	6,4	0,0	4,5	298	217
7345	292,255	116,114	334,236	149,109	272	272
7346	193,166	283,249	266,214	361,245	272	266
7347	1,1	3942,3630	0,0	4737,3763	222	204
7348	1959,1506	3948,3635	2771,2200	4737,3762	222	204
7349	1148,996	8880,7577	1718,1338	13504,10191	207	269
7350	469,340	8880,7577	662,509	13504,10191	204	269
7351	7902,6861	9928,7900	10744,8376	17033,12264	270	280
7352	7527,5909	5470,4226	12064,8186	10459,7485	280	217
7353	89,85	99,95	85,41	103,88	243	236
7354	166,177	909,926	176,100	946,633	196	298
7355	435,449	249,252	449,270	275,194	266	196
7356	7,5	10,13	3,3	6,4	285	298
7357	33,29	93,73	18,14	111,61	183	264
7358	69,48	52,62	49,28	59,50	216	248
7359	294,189	285,192	396,334	470,321	298	293
7360	342,260	165,151	515,383	356,246	293	246
7361	0,0	225,181	5,0	383,288	246	298
7362	212,147	224,181	345,247	383,288	246	298
7363	249,202	187,163	484,327	337,227	298	298
7364	142,103	332,250	209,164	522,323	263	270
7365	290,257	308,230	551,354	514,276	298	298
7366	4,1	286,197	3,2	455,235	298	271
7367	384,294	294,197	617,372	454,235	298	271
7368	17,2	34,23	0,1	29,13	198	266
7378	31,39	47,57	63,49	23,17	248	249
7388	490,389	9,2	752,490	9,2	255	278
7389	188,186	351,205	334,199	367,260	255	298
7390	188,183	9,2	336,200	9,2	265	278
7391	306,208	3,7	418,291	1,0	298	230
7392	224,114	343,264	225,139	333,261	230	291
7393	189,153	341,271	264,205	335,261	255	291
7394	189,153	160,106	264,205	140,112	255	202
7395	39,20	71,65	48,35	73,54	247	242
7396	16,8	154,118	11,9	173,95	225	257
7399	0,1	2,0	0,0	6,4	268	207
7403	0,0	2,0	0,1	0,0	207	298
7411	0,2	0,0	0,0	2,0	298	183
7413	217,167	226,202	274,234	218,148	298	298
7414	11,10	219,193	10,6	206,142	298	298
7415	81,62	49,36	97,71	59,33	286	238
7416	89,68	22,26	99,75	37,26	286	204
7417	43,37	8,6	45,19	2,4	251	286
7418	45,39	46,42	50,53	63,51	290	251
7419	8,6	8,10	6,10	12,11	209	205
7420	35,20	8,10	32,24	12,11	209	205
7421	0,0	56,38	0,4	59,44	276	209
7422	29,21	3,6	40,22	4,7	234	298
7423	24,22	9,7	19,21	19,10	234	280
7429	0,2	2,0	1,3	0,0	298	234
7433	763,652	1269,998	1069,744	1698,1194	223	276
7434	944,803	598,478	1284,799	904,691	261	223
7436	27,22	46,33	49,38	75,45	256	225
7437	36,42	37,29	40,27	52,21	241	239
7438	44,80	450,330	69,42	756,590	298	298
7440	39,50	168,126	76,61	401,271	292	298
7441	40,49	3,3	75,61	3,1	292	298
7442	74,70	6,1	196,113	4,1	298	298
7443	74,72	4,0	196,115	4,1	298	213
7446	0,3	1,0	1,3	0,1	246	236
7448	54,48	0,0	80,72	2,0	191	227
7449	215,195	47,42	485,296	52,51	257	191
7450	365,338	255,226	564,381	390,258	294	280
7453	41,23	43,39	44,26	31,33	288	222
7454	22,24	42,30	23,17	34,24	222	270
7455	131,103	2,0	118,62	1,0	206	196
7456	3,5	0,0	7,2	0,3	232	218
7457	546,480	858,724	781,586	1120,869	272	277
7458	21,8	654,548	11,6	964,713	223	272
7459	115,100	130,116	154,87	188,155	236	298
7460	155,128	86,86	223,161	133,95	298	290
7461	111,98	107,95	180,141	192,105	290	298
7462	209,172	15,8	72,46	3,2	278	251
7463	289,238	326,254	115,101	98,111	270	298
7464	57,62	282,224	54,36	317,208	298	298
7465	207,166	282,224	183,159	317,208	298	298
7466	18,13	50,37	10,8	89,52	215	298
7467	2,2	50,37	4,2	89,52	211	298
7468	26,28	47,39	42,35	95,62	298	291
7469	27,21	46,39	22,18	44,24	298	259
7470	0,2	58,45	0,0	64,47	298	298
7471	0,2	58,46	0,0	64,47	298	298
7472	10,7	28,15	14,10	33,11	222	236
7473	14,5	9,35	17,7	23,22	203	266
7474	14,5	10,34	17,7	23,22	203	269
7479	1,0	0,0	0,0	0,1	292	288
7480	4,0	2,0	0,5	1,2	280	197
7481	4,0	2,0	0,5	1,2	280	197
7482	1,0	2,1	5,0	1,3	293	247
7483	4,0	2,1	0,5	1,3	280	247
7484	4,0	2,1	0,5	1,3	280	247
7485	1,0	2,1	0,0	1,3	249	247
7486	4,0	2,1	0,5	1,3	280	247
7487	1,0	4,1	5,0	3,3	293	271
7488	4,0	2,1	0,5	1,3	280	271
7489	4,0	2,1	0,5	1,3	280	271
7490	1,0	2,1	0,0	1,3	249	271
7491	4,0	2,1	0,5	1,3	280	271
7492	1,0	4,0	0,0	0,5	249	280
7494	0,1	0,0	0,0	0,1	249	280
7496	868,833	1508,1294	1123,836	1986,1492	252	265
7497	868,833	2,1	1123,836	0,1	252	298
7498	0,1	825,772	0,2	1158,793	291	225
7499	1254,1182	825,772	1900,1371	1158,793	265	225
7500	898,797	1844,1481	1410,985	2557,2091	225	298
7501	90,75	89,66	81,59	86,62	255	242
7502	18,19	90,66	24,16	85,62	190	242
7503	19,19	99,95	24,16	83,69	190	254
7504	2,0	102,75	6,2	90,69	233	242
7505	2,4	100,93	6,2	83,69	233	254
7506	48,73	102,75	78,64	90,69	230	242
7507	50,77	100,93	76,64	83,69	230	254
7508	252,226	1,0	292,201	0,0	268	298
7509	282,230	193,205	321,224	247,211	298	268
7510	138,122	249,198	106,96	321,186	221	298
7511	19,29	32,25	41,33	57,25	298	298
7512	1,4	31,27	6,6	57,25	298	298
7513	37,31	14,13	76,44	26,4	298	230
7514	124,106	161,117	140,84	280,185	209	249
7515	382,316	165,127	611,451	241,210	298	263
7516	17,9	11,20	6,6	32,15	228	287
7518	14,16	50,31	20,15	63,31	298	237
7519	48,31	95,51	125,52	106,86	243	279
7520	60,26	88,35	78,58	116,69	279	298
7521	9,6	5,4	1,2	2,2	192	247
7522	4,1	10,8	0,0	23,7	225	218
7523	1,2	10,8	0,2	23,5	225	218
7524	277,244	38,30	329,209	70,43	298	207
7525	17,28	15,15	35,17	0,11	155	244
7526	3,1	17,16	0,1	4,11	191	244
7527	142,122	17,16	191,161	4,11	155	244
7529	153,139	167,209	142,73	151,83	224	227
7530	225,272	32,44	196,91	6,5	224	209
7531	144,160	475,397	160,134	547,384	232	298
7532	3,28	255,311	0,0	201,121	298	232
7533	534,480	665,617	584,380	842,521	255	290
7534	314,243	591,631	328,175	727,565	288	298
7535	242,229	462,379	238,139	718,473	211	288
7536	382,379	462,399	381,199	595,377	286	247
7540	55,55	52,51	78,59	37,29	293	298
7541	38,28	49,55	48,39	34,29	298	298
7542	77,60	52,47	69,25	71,37	298	293
7543	29,43	43,30	53,31	51,27	298	241
7544	39,49	58,19	35,32	64,38	298	298
7545	38,40	29,43	62,38	53,31	298	298
7546	17,18	66,46	40,20	37,21	298	298
7547	1,3	47,20	4,3	42,37	290	298
7548	1,1	6,3	6,2	9,5	241	215
7549	12,12	22,8	8,8	17,6	265	265
7550	22,8	16,6	19,7	4,4	259	207
7552	165,89	1,1	239,177	0,0	298	197
7558	94,95	3,3	196,118	1,3	298	260
7559	97,82	38,28	106,45	51,17	298	298
7560	3,4	22,13	4,0	15,13	298	298
7561	130,129	44,38	165,74	84,41	265	203
7562	87,93	202,158	119,68	259,187	203	297
7563	835,700	1026,710	1152,710	1176,890	298	298
7564	860,737	1020,709	1097,768	1176,891	298	298
7565	865,742	868,682	1098,768	1092,693	298	298
7566	8,6	365,378	16,16	512,418	298	298
7567	9,3	365,378	9,0	512,418	292	298
7570	21,26	34,28	25,12	43,37	221	221
7571	33,44	77,68	77,31	110,81	200	240
7572	204,190	59,74	280,218	94,70	243	208
7573	201,131	16,5	240,176	10,12	221	221
7574	841,719	3530,2833	1652,971	3718,2858	228	298
7575	129,125	310,290	162,134	460,341	203	298
7576	206,139	127,95	283,163	150,118	224	203
7577	308,252	190,155	434,254	237,194	284	224
7578	15,22	31,30	40,30	49,48	233	251
7579	17,23	38,31	32,30	53,42	255	233
7580	59,43	33,31	69,30	66,49	285	255
7581	25,10	30,13	34,18	34,27	227	244
7582	24,25	5,0	35,20	0,1	222	227
7583	17,16	11,8	31,15	18,13	222	227
7584	1,0	11,8	0,0	18,13	222	227
7585	15,16	3,9	8,10	2,3	190	222
7586	14,19	24,8	20,7	25,17	230	222
7587	14,18	14,7	8,9	24,16	190	222
7591	3,1	91,74	1,0	113,72	232	273
7592	2,3	1,0	1,0	0,0	242	298
7593	18,14	0,0	19,11	0,1	298	223
7594	225,195	238,184	282,207	333,238	217	210
7595	103,104	128,117	138,91	163,117	275	247
7596	97,70	120,116	103,94	157,108	246	247
7597	107,73	107,109	109,103	133,86	246	275
7598	61,48	127,120	117,59	158,136	273	298
7604	14,10	1261,931	7,1	1521,1129	256	264
7605	735,800	1259,931	634,343	1521,1130	256	264
7606	6,6	657,613	11,11	989,821	298	275
7607	740,679	1180,925	1065,685	1846,1462	298	298
7608	24,37	489,437	19,18	691,471	269	241
7612	4,0	6,2	2,0	7,2	221	287
7613	1609,1302	6,2	2677,1924	2,1	298	173
7614	79,126	568,456	125,93	1253,923	266	265
7615	22,42	210,203	16,13	156,102	246	298
7616	151,183	191,133	142,110	124,68	293	298
7617	264,249	114,123	248,161	105,53	298	293
7618	21,40	99,129	16,10	63,34	229	282
7619	271,241	246,267	232,118	205,124	270	298
7620	29,21	13,1	21,16	1,3	286	268
7621	23,20	82,99	26,20	122,101	200	232
7623	678,616	1150,901	891,723	1292,790	263	298
7624	343,275	49,41	458,365	64,41	298	209
7625	142,119	7,1	184,150	2,5	298	283
7626	142,119	208,173	184,150	427,298	298	228
7627	7,1	208,173	2,5	427,298	283	228
7628	2,5	238,209	1,2	475,399	277	223
7629	484,387	498,454	812,657	867,725	277	296
7630	148,149	147,88	252,189	240,164	237	234
7631	441,355	93,74	699,460	84,50	298	298
7632	77,84	58,39	69,38	64,47	247	258
7633	6,5	3,2	5,7	2,2	231	286
7634	13,13	23,8	12,14	8,11	231	298
7635	3,1	21,10	1,3	4,8	286	298
7636	3,4	2,3	2,0	2,0	188	188
7637	1,2	1,0	4,1	0,0	188	188
7638	1,2	4,1	4,1	3,1	188	188
7639	36,47	59,34	117,75	86,69	263	232
7640	2,1	0,1	0,3	2,1	209	278
7641	42,39	42,47	26,22	42,25	222	212
7642	32,43	127,113	48,38	197,122	251	298
7643	90,97	168,138	157,117	201,131	242	290
7644	41,41	174,145	91,82	226,171	290	298
7645	134,140	158,127	124,123	160,97	243	251
7646	176,187	114,86	156,144	110,61	243	233
7647	146,145	0,5	255,154	0,6	298	298
7648	146,145	461,341	255,154	562,431	298	298
7649	288,231	3,2	395,278	0,1	282	201
7650	75,53	74,64	101,68	138,108	245	205
7651	196,206	274,244	376,274	430,343	298	298
7653	134,143	86,88	194,126	170,120	298	298
7654	176,124	80,126	144,129	95,58	298	269
7655	131,120	57,81	140,94	42,26	287	298
7656	16,13	40,36	11,10	42,18	221	233
7657	26,16	40,36	16,13	42,18	185	233
7658	36,32	106,113	47,46	170,125	234	298
7659	339,347	194,200	609,398	305,225	293	202
7660	339,347	415,429	609,398	681,482	293	284
7661	208,187	340,281	244,174	526,360	231	293
7662	58,64	151,140	17,19	293,164	298	231
7663	154,158	3,3	166,167	7,1	276	259
7664	156,158	0,3	170,167	2,1	276	239
7665	11,2	116,69	4,4	89,63	213	298
7666	76,71	102,63	87,49	117,80	244	265
7667	155,129	156,121	134,87	130,85	293	283
7668	165,129	153,139	135,90	125,118	293	298
7669	134,109	157,149	159,104	126,120	283	298
7670	153,122	69,68	126,92	74,49	298	256
7677	57,36	64,61	40,36	70,75	276	255
7678	323,240	257,203	460,299	386,264	262	211
7679	3,4	257,203	0,1	386,264	246	211
7680	157,147	166,144	278,196	231,175	211	224
7681	243,150	365,311	287,226	638,466	224	276
7682	542,410	313,206	1230,981	694,511	298	219
7683	194,171	536,466	477,352	1134,755	210	298
7684	334,284	188,142	607,400	376,296	255	210
7685	167,181	385,305	314,162	995,782	267	255
7686	182,134	82,91	267,180	165,90	259	241
7687	241,178	233,183	469,284	428,278	298	259
7688	16,10	233,183	2,6	428,278	298	259
7690	2,4	156,132	1,0	203,156	183	191
7691	24,16	63,61	36,28	73,50	183	191
7692	50,60	63,61	65,60	73,50	249	191
7694	50,60	24,16	65,60	36,28	249	183
7695	95,87	111,82	125,112	166,121	246	183
7696	136,121	111,82	184,151	166,121	249	183
7697	90,77	67,47	224,180	81,71	216	246
7698	171,141	15,21	354,276	4,6	216	246
7699	171,141	17,24	354,276	4,6	216	249
7700	192,154	9,11	366,247	17,20	298	216
7701	192,155	32,30	366,247	35,29	298	216
7702	7,11	32,30	2,3	33,29	298	216
7703	140,104	12,10	265,186	2,3	264	298
7704	140,104	206,215	265,186	401,305	264	298
7705	115,96	127,124	199,129	242,172	252	264
7706	201,178	142,88	450,282	290,179	298	252
7707	10,5	142,88	9,1	292,179	298	252
7708	225,168	174,134	316,221	287,202	270	298
7709	153,134	171,131	273,151	284,202	294	298
7710	158,137	163,151	274,151	368,239	294	270
7711	163,163	5,4	286,221	3,0	286	294
7712	162,163	259,193	286,221	394,263	286	294
7713	106,85	195,175	123,101	340,250	248	203
7714	218,212	0,1	327,285	0,1	248	244
7715	67,58	118,166	53,47	151,144	298	270
7718	3,10	499,394	8,2	856,560	248	298
7719	232,197	286,244	341,239	488,407	298	298
7720	9,14	286,242	20,9	490,407	298	298
7721	12,20	326,301	40,19	417,349	298	298
7722	11,19	292,228	37,19	451,315	298	264
7723	269,201	327,303	519,324	417,352	298	298
7724	5,2	327,303	3,0	417,352	298	298
7725	315,319	599,472	465,348	747,516	249	298
7726	317,318	33,17	465,347	13,12	249	298
7729	100,95	19,18	137,139	19,21	219	213
7730	2,0	13,10	5,5	9,6	242	263
7732	2,1	110,86	4,3	173,106	250	298
7734	1,3	643,580	1,3	977,671	258	239
7735	604,532	643,580	1028,795	977,671	258	239
7736	784,776	1386,1030	1136,886	2280,1577	239	254
7738	7,11	18,11	17,10	13,5	260	287
7739	6,2	5,6	2,2	1,2	207	241
7741	9,15	1,1	18,12	0,0	260	207
7742	7,11	1,0	17,10	0,0	260	207
7752	244,229	97,120	197,162	73,52	290	242
7753	79,109	59,48	64,47	47,34	291	202
7754	0,2	1,4	2,0	4,1	274	280
7755	195,182	122,112	331,217	168,141	234	209
7756	153,122	161,92	221,134	248,202	209	203
7757	535,407	400,379	746,586	648,482	286	277
7758	465,351	340,231	718,660	531,384	252	226
7759	413,312	1,1	676,480	1,3	226	298
7760	1,3	379,380	2,2	634,464	298	289
7761	366,401	419,477	730,518	716,528	298	257
7762	491,416	561,480	571,417	871,700	257	298
7763	39,24	31,28	44,29	27,7	276	298
7764	7,7	64,63	4,5	69,41	254	298
7765	13,16	65,60	1,2	69,39	254	298
7766	67,76	35,26	61,56	37,28	298	238
7767	82,59	57,53	36,37	80,51	298	298
7768	63,55	57,58	73,53	41,44	298	277
7769	187,144	127,64	298,229	217,192	298	298
7770	2,0	30,15	1,0	17,12	232	298
7771	80,63	30,15	122,104	17,12	298	298
7772	78,63	136,69	122,104	150,133	298	298
7773	240,183	315,271	297,211	364,287	262	293
7774	179,158	245,186	244,162	244,182	298	262
7775	95,104	143,139	109,89	139,95	255	298
7776	17,12	65,66	13,9	74,57	194	245
7777	2,1	1,3	1,1	2,1	220	298
7778	493,333	16,4	753,526	22,19	257	203
7779	300,208	6,6	458,305	4,1	260	257
7780	152,114	168,123	232,140	270,254	260	203
7781	32,22	213,161	77,66	309,268	203	254
7782	58,33	215,160	92,62	309,268	203	254
7783	6,1	0,4	3,4	0,1	298	251
7790	13,5	1,3	11,2	0,1	298	282
7791	13,5	23,24	11,2	19,11	298	298
7792	1,3	23,24	0,1	19,11	282	298
7793	3,3	18,15	2,1	14,10	282	246
7794	44,30	27,18	28,16	20,11	298	233
7795	145,142	356,328	144,85	250,228	298	292
7796	120,72	221,188	100,74	208,138	243	298
7797	120,74	145,146	100,74	147,85	243	298
7798	180,137	148,144	124,101	146,91	279	298
7799	2,5	145,144	1,2	144,87	243	298
7800	30,18	148,144	20,13	146,91	243	298
7801	6,7	286,210	0,0	336,225	271	262
7802	180,141	146,98	126,101	201,134	279	262
7803	3,9	2,0	2,0	5,2	271	230
7804	27,46	51,39	40,26	63,33	298	243
7805	178,137	125,108	124,102	120,75	279	243
7807	483,487	1058,872	17,19	38,36	221	298
7808	251,273	279,238	721,528	505,408	298	241
7809	122,77	381,336	309,236	837,701	209	298
7810	157,116	100,98	307,216	283,163	226	217
7811	56,32	36,38	68,57	37,31	285	237
7812	25,12	118,121	51,38	179,138	249	288
7813	94,72	6,6	99,89	2,4	288	220
7815	111,52	104,66	137,91	129,106	298	264
7816	19,17	31,34	37,22	34,31	239	298
7817	26,24	17,28	34,26	28,18	251	239
7818	1,16	13,16	16,5	35,14	261	254
7819	125,130	177,161	191,140	232,175	196	298
7820	123,127	294,257	191,140	347,250	196	298
7821	560,499	4,4	577,450	5,2	289	217
7822	224,170	302,320	235,180	210,70	226	217
7823	229,176	423,415	245,194	463,284	298	248
7824	5,6	423,415	1,0	463,284	217	248
7825	270,225	709,670	182,132	711,385	217	298
7826	626,587	591,578	434,201	638,467	298	281
7827	7,3	591,578	10,5	638,467	248	281
7828	631,572	579,535	1045,895	938,686	298	241
7829	631,572	706,655	1045,895	1151,875	298	273
7830	40,52	706,655	19,25	1151,875	298	273
7831	435,440	655,590	683,430	1164,1033	298	298
7832	529,429	653,589	984,666	1163,1033	298	298
7833	985,803	33,25	1728,1343	26,21	298	216
7834	30,19	33,26	19,16	26,20	298	216
7835	26,30	34,25	19,9	26,20	298	216
7836	989,803	126,113	1722,1339	200,131	298	216
7837	18,10	5,6	28,10	10,7	285	298
7838	436,439	5,6	683,430	10,7	298	298
7839	665,517	441,362	1177,914	759,522	296	298
7840	0,0	441,362	0,1	759,522	298	298
7841	2,1	437,373	0,1	759,515	296	298
7842	635,570	437,373	1045,794	759,515	280	298
7843	18,10	416,349	28,10	750,513	285	298
7844	436,439	416,349	683,430	750,513	298	298
7845	665,517	78,80	1177,914	117,84	296	283
7846	635,570	74,93	1045,794	116,77	280	283
7847	635,570	2,1	1045,794	0,1	280	296
7848	660,583	989,807	1054,803	1737,1351	280	296
7849	927,874	11,5	1518,969	6,6	298	241
7850	175,191	494,435	281,188	835,539	240	298
7851	175,191	495,439	281,188	835,539	240	298
7852	175,191	21,13	281,188	27,5	240	281
7853	2,0	286,188	0,2	253,175	272	298
7854	46,47	289,187	43,18	254,175	272	298
7855	420,339	98,77	389,291	92,67	298	194
7856	370,291	70,78	337,268	83,61	298	182
7857	97,61	122,127	72,53	137,83	194	182
7858	17,10	282,275	12,9	333,231	182	298
7859	17,10	272,266	12,9	324,224	182	291
7860	85,51	283,276	60,39	332,230	182	298
7864	12,9	69,52	4,6	107,83	266	239
7865	2,8	1,2	3,4	0,0	235	196
7866	1,1	0,1	1,4	0,0	275	196
7867	263,243	6,10	342,248	9,9	226	228
7868	326,315	15,23	521,443	12,2	228	298
7869	9,13	627,537	12,3	738,540	215	218
7870	11,16	11,17	12,3	11,0	215	218
7871	11,16	1005,850	12,3	1213,858	215	298
7872	393,340	627,537	543,386	738,540	212	218
7873	396,341	11,17	541,385	11,0	212	218
7874	396,341	1005,850	541,385	1213,858	212	298
7875	11,17	1005,850	11,0	1213,858	218	298
7876	508,429	1005,851	551,465	1214,859	218	298
7877	450,496	376,361	510,262	404,315	227	222
7878	229,261	3,3	195,98	0,0	219	221
7879	178,190	181,237	174,92	104,67	219	274
7880	30,28	0,1	13,4	1,0	224	220
7881	30,28	34,54	13,4	16,6	224	221
7882	30,28	23,41	13,4	14,4	224	298
7883	0,1	34,54	1,0	16,6	220	221
7884	0,1	23,41	1,0	14,4	220	298
7885	4,1	35,45	0,6	14,9	220	221
7886	4,0	35,27	1,1	43,29	298	220
7887	103,72	37,50	94,86	55,55	293	242
7888	106,73	4,4	96,87	3,3	293	242
7889	48,48	53,44	76,46	68,46	242	298
7899	133,136	42,52	181,123	81,57	298	267
7900	134,136	12,17	181,123	11,17	298	267
7901	133,136	8,4	181,125	7,6	298	267
7906	41,42	13,22	53,34	3,11	264	282
7907	78,59	99,72	90,40	69,57	298	298
7908	54,41	64,56	59,34	65,57	248	298
7909	4,3	55,41	2,0	63,29	298	248
7910	75,77	58,50	52,46	68,31	298	248
7911	469,558	2128,1737	577,402	3794,2764	259	250
7913	103,71	204,129	85,58	270,161	258	255
7914	31,22	1,1	8,16	0,0	298	298
7915	31,22	4,4	8,16	1,3	298	260
7916	24,28	1,2	27,22	5,1	194	206
7917	48,43	106,83	58,47	106,87	206	222
7918	144,125	4,3	167,94	5,4	221	181
7919	12,4	37,34	6,0	8,8	273	298
7920	20,23	308,324	39,27	446,335	223	298
7921	19,12	302,320	21,7	441,331	223	298
7923	85,59	0,9	97,54	5,1	250	194
7924	43,32	2,7	44,26	2,5	250	239
7925	54,35	57,35	57,29	38,29	298	298
7927	38,32	9,16	33,11	33,20	297	298
7928	1,0	93,79	1,0	124,84	298	298
7929	94,77	67,65	118,81	125,85	287	280
7930	101,77	97,87	160,130	121,76	280	298
7938	15,22	1519,1212	10,1	1235,922	206	262
7939	17,22	1393,1251	14,3	1444,1126	206	249
7940	15,22	7,15	10,1	0,0	206	249
7941	303,278	70,200	194,127	27,20	243	236
7942	306,275	15,22	193,127	1,2	243	236
7943	13,11	1393,1235	4,5	1452,1127	236	249
7944	41,63	12,18	30,19	6,5	236	260
7945	41,63	1329,1176	30,19	1349,1042	236	298
7946	35,50	1386,1227	34,23	1444,1126	236	249
7947	7,15	1519,1212	0,0	1235,922	249	262
7948	15,15	1531,1223	0,0	1240,928	249	262
7949	1788,1473	1112,996	2220,1558	1229,905	298	254
7950	1427,1268	1488,1186	1168,816	1620,1107	250	252
7951	1480,1381	812,711	1465,988	876,623	252	252
7952	973,866	1556,1308	1296,1000	1393,1241	231	248
7953	151,97	336,231	158,104	275,247	230	278
7954	321,236	254,188	450,310	253,208	278	240
7955	27,25	441,394	5,3	306,227	298	244
7956	686,567	610,451	569,403	500,391	281	278
7957	368,276	212,155	208,143	134,118	235	236
7959	0,4	4,7	0,0	8,10	224	240
7960	0,7	331,260	2,2	400,302	298	298
7961	197,146	2,3	187,157	0,1	261	225
7962	259,196	182,129	278,233	122,100	294	225
7963	7,1	182,129	6,0	122,100	258	225
7964	110,95	231,202	86,73	237,190	225	284
7966	318,211	117,96	197,196	100,93	284	247
7967	196,158	235,222	221,165	139,98	273	278
7968	160,134	228,205	89,60	153,120	278	273
7969	10,7	38,28	21,6	46,16	214	285
7970	49,45	43,32	46,47	37,31	298	268
7971	308,220	188,116	619,451	358,240	282	266
7972	268,170	362,307	337,282	785,599	298	298
7973	201,136	167,149	285,188	291,219	275	298
7974	186,133	85,63	337,277	117,96	298	186
7975	3,1	0,2	4,6	0,1	226	258
7976	33,23	12,6	15,11	4,3	250	292
7983	41,52	163,167	32,28	93,91	298	298
7984	18,7	16,5	12,15	1,3	287	232
7992	219,169	108,99	297,223	96,107	233	249
7993	119,100	109,114	173,113	102,95	236	233
7994	152,138	141,90	165,139	155,109	252	237
7999	18,14	40,32	22,18	92,68	268	216
8000	28,34	40,32	60,36	92,68	298	216
8001	84,57	13,9	169,111	27,28	298	298
8002	84,57	80,43	169,111	93,68	298	250
8003	13,9	80,43	27,28	93,68	298	250
8004	57,89	92,83	146,113	153,139	243	264
8005	162,140	349,329	184,178	489,338	224	268
8006	281,277	116,90	349,234	249,178	268	232
8007	1,2	116,74	0,1	196,109	232	223
8008	106,81	78,77	159,107	99,63	223	179
8009	385,308	21,23	411,284	14,7	298	263
8010	385,308	333,267	411,284	507,369	298	278
8011	21,23	333,267	14,7	507,369	263	278
8012	3,2	155,148	3,8	174,158	278	215
8014	91,71	122,96	112,69	163,127	258	298
8015	89,69	113,93	111,69	126,101	258	298
8016	125,90	129,104	123,103	175,103	298	298
8017	221,262	12,7	258,188	10,12	298	298
8018	614,451	256,205	1184,849	573,451	298	298
8019	576,428	245,179	963,770	513,437	298	255
8022	11,7	14,17	12,12	23,22	217	298
8025	1,0	25,17	0,0	32,26	182	250
8031	70,81	151,147	48,35	123,78	238	298
8032	403,321	399,282	425,372	414,293	298	245
8033	18,12	94,74	28,12	92,61	298	297
8035	121,105	46,35	37,27	18,5	298	298
8037	13,10	26,39	16,5	70,41	195	298
8038	56,32	31,46	90,63	87,53	298	298
8039	56,33	2,1	88,64	2,2	298	298
8040	28,39	24,21	72,42	44,27	298	218
8041	39,45	30,22	87,49	66,39	270	221
8042	45,52	38,62	78,48	79,63	256	298
8043	60,60	49,32	74,62	91,43	298	273
8044	62,56	72,60	84,57	98,86	281	298
8045	56,42	22,30	82,51	48,20	281	225
8050	83,68	1,1	48,28	0,0	298	242
8051	98,73	122,104	95,77	169,70	219	259
8052	70,54	8,8	71,61	8,9	260	298
8053	5,7	122,79	5,1	106,76	235	285
8054	75,42	130,82	139,83	107,78	235	285
8055	4,3	178,121	2,0	298,171	298	235
8056	95,100	194,141	126,111	164,138	291	298
8057	2,2	196,142	4,2	166,136	291	298
8058	107,78	194,140	135,80	166,136	298	298
8059	107,78	7,2	135,80	2,2	298	291
8060	106,79	92,68	137,80	102,70	298	291
8061	53,49	87,68	88,59	104,70	268	291
8062	53,49	9,8	88,59	9,6	268	269
8063	106,79	14,8	137,80	7,6	298	269
8064	53,49	0,0	88,59	2,1	268	251
8065	106,79	4,0	137,80	0,1	298	251
8066	104,77	80,75	137,80	85,85	298	268
8067	40,27	2,3	49,31	7,2	204	298
8068	45,27	0,1	47,31	7,2	204	298
8069	57,32	77,73	47,34	133,88	204	298
8070	3,7	34,27	23,13	46,28	220	298
8071	2,1	34,23	2,2	45,26	220	298
8072	12,16	15,11	21,7	22,8	267	220
8073	121,121	150,107	178,96	237,186	261	240
8074	133,83	49,54	188,102	54,31	291	298
8075	208,164	34,49	211,182	33,28	239	197
8076	85,51	193,189	122,98	299,265	187	286
8077	46,45	1,0	61,74	6,1	251	298
8078	76,65	62,57	112,101	117,64	242	298
8079	41,54	36,47	89,72	76,42	230	242
8080	81,48	46,49	109,82	88,60	237	230
8081	49,61	77,44	89,56	165,112	257	264
8082	42,24	44,30	53,48	48,50	246	226
8083	132,89	116,70	215,133	129,86	298	298
8084	102,84	148,126	233,134	191,145	266	298
8085	69,70	99,76	115,76	167,107	246	266
8086	62,84	88,59	82,69	207,114	290	246
8088	0,0	5,1	0,2	3,0	298	218
8089	0,0	5,1	1,1	3,0	267	218
8091	0,0	0,1	1,0	0,0	298	298
8092	0,0	20,9	0,1	26,12	266	267
8093	0,0	30,11	0,1	31,14	266	283
8094	0,0	61,27	0,1	65,46	266	287
8098	1282,1133	100,92	1652,1341	29,24	242	254
8099	49,68	1091,937	16,14	1399,1128	264	298
8100	1357,1034	558,475	1635,1268	672,515	298	264
8101	1356,1039	1046,820	1636,1269	1302,1003	298	281
8102	1013,895	1092,864	1218,868	1662,1186	298	298
8103	37,42	39,36	38,35	56,41	298	275
8104	55,51	21,24	56,55	22,10	298	225
8105	28,21	28,13	20,25	31,13	298	224
8106	74,39	99,88	80,49	100,73	281	264
8107	0,0	1,0	1,1	0,0	293	298
8108	9,12	558,403	4,16	844,543	222	298
8109	142,103	164,157	229,162	240,103	227	278
8111	222,198	135,114	255,172	232,152	278	222
8112	433,367	466,412	520,385	687,517	293	298
8113	466,411	322,289	687,517	507,365	298	251
8114	258,202	350,284	408,312	448,313	251	239
8115	658,586	1057,794	695,519	1074,730	228	281
8116	1339,995	1228,1044	1539,1040	1226,966	298	298
8117	6,3	334,375	2,1	415,255	239	298
8118	319,358	294,265	279,155	231,210	260	239
8119	21,10	290,261	8,1	231,209	286	239
8120	414,414	290,261	550,348	231,209	286	239
8121	3,11	32,45	20,11	65,72	192	298
8125	0,2	11,14	4,1	19,7	245	298
8126	11,13	122,176	4,4	75,44	298	298
8127	0,1	382,383	7,0	293,189	298	298
8128	125,143	238,175	164,81	239,193	298	245
8129	103,104	251,200	117,92	278,224	245	243
8130	203,192	106,117	336,239	167,101	296	227
8131	166,185	225,211	270,164	250,165	274	298
8132	166,185	224,211	270,164	250,165	274	298
8133	1,3	83,63	2,2	94,87	298	214
8134	155,154	78,58	255,164	94,85	298	214
8135	136,118	71,63	157,93	48,72	214	211
8136	507,451	319,222	777,630	384,282	243	210
8137	309,220	231,188	255,143	155,120	228	194
8138	15,13	224,182	1,5	155,121	228	194
8139	8,12	343,247	1,1	313,230	265	228
8140	86,59	234,182	137,106	337,242	298	298
8141	90,52	135,135	96,114	199,177	216	298
8142	97,100	228,147	127,105	282,210	296	294
8143	98,94	153,124	95,30	186,131	294	296
8144	78,67	96,98	92,47	127,106	221	294
8145	12,6	96,98	14,12	127,105	221	294
8146	78,67	1,0	92,47	1,1	221	236
8147	91,93	70,56	101,62	73,25	257	221
8148	1,6	3,1	0,0	6,5	250	298
8152	17,30	22,31	8,3	33,19	263	263
8153	14,24	22,31	8,5	32,18	263	263
8154	329,299	318,291	322,233	363,312	269	298
8155	242,167	339,298	254,179	412,281	245	298
8156	334,348	339,296	474,317	412,281	298	298
8157	244,167	207,180	254,179	231,140	245	284
8158	334,348	208,182	475,317	235,140	298	284
8159	244,167	11,7	254,179	8,8	245	239
8160	253,182	130,94	276,198	224,144	245	239
8161	315,276	334,347	389,260	474,317	298	298
8162	140,131	224,204	196,101	298,179	298	298
8163	2,2	10,4	1,0	2,6	209	298
8165	2,1	11,6	9,1	3,8	274	292
8166	46,26	92,89	87,69	166,141	298	298
8167	62,41	34,35	89,85	90,58	265	215
8168	300,201	234,153	51,23	43,16	298	298
8169	300,201	16,5	51,23	0,0	298	298
8170	300,201	272,222	51,23	28,29	298	298
8171	16,5	272,222	0,0	28,29	298	298
8172	271,231	272,222	42,37	28,29	298	298
8173	282,237	332,220	43,20	39,34	298	283
8174	282,237	24,8	43,20	0,0	298	298
8175	238,205	260,240	311,189	362,255	275	277
8176	188,121	214,229	219,193	323,216	228	275
8177	186,182	103,85	203,180	119,113	244	238
8178	199,167	104,84	200,153	119,113	249	238
8179	468,427	27,30	567,459	14,9	244	272
8180	328,286	2,1	601,440	1,1	296	209
8182	225,222	307,308	227,112	287,254	242	239
8183	769,643	463,331	1143,844	563,427	222	215
8184	2,8	463,331	3,1	563,427	211	215
8185	1,2	463,331	1,1	563,427	201	215
8186	350,316	254,202	466,411	261,215	196	214
8187	9,4	1,9	7,9	1,6	295	298
8188	196,161	119,107	319,225	179,172	298	250
8190	5,4	5,2	6,2	3,6	230	282
8191	9,1	4,0	11,6	1,1	230	298
8192	0,0	7,4	1,0	6,10	251	282
8193	0,0	4,4	1,0	2,1	251	298
8194	0,0	21,19	1,0	25,8	251	298
8195	55,69	135,110	71,62	147,108	291	289
8196	73,65	64,39	88,61	79,47	230	291
8197	216,169	202,153	237,213	225,133	264	262
8198	194,129	205,151	196,127	225,133	249	262
8199	188,130	274,237	194,126	340,254	249	264
8200	154,112	128,115	194,130	137,109	298	272
8201	154,112	5,7	194,130	4,2	298	210
8202	7,7	221,161	10,2	333,190	232	298
8203	26,27	136,95	48,29	214,122	298	298
8207	81,75	102,77	81,66	151,121	207	270
8208	75,74	29,40	82,64	64,55	207	270
8209	13,16	28,43	25,15	56,47	202	247
8211	203,188	158,158	268,172	206,125	298	298
8212	133,133	171,167	184,125	237,183	286	298
8213	117,137	59,79	130,83	80,55	298	298
8214	117,137	36,28	130,83	43,36	298	191
8215	59,79	36,28	80,55	43,36	298	191
8216	2,7	164,141	2,6	200,133	298	298
8218	4,12	7,6	2,2	11,5	269	298
8219	1532,1304	1628,1285	2042,1495	2296,1596	298	249
8220	10,6	14,5	4,1	3,0	254	287
8221	1194,970	2494,2065	1736,1175	3857,2681	298	298
8222	123,110	99,76	87,64	128,51	298	297
8223	290,276	58,51	236,209	65,41	243	200
8224	170,176	255,257	175,71	238,200	213	267
8225	258,190	99,73	434,291	137,99	298	274
8226	26,8	23,19	26,17	28,13	265	282
8227	254,201	313,261	328,205	399,290	264	229
8228	110,99	331,181	98,78	423,316	199	220
8229	104,99	120,83	127,99	193,149	191	199
8230	25,13	12,12	11,1	13,9	298	298
8231	1,2	44,43	1,2	64,27	199	298
8232	68,53	72,67	46,43	68,43	272	298
8233	19,28	29,33	34,28	32,19	247	260
8235	92,106	138,99	106,70	162,112	298	298
8236	89,78	139,98	123,67	163,112	243	298
8237	108,80	221,204	96,83	266,198	221	298
8238	299,204	207,149	552,335	243,226	298	275
8241	1,0	0,0	0,0	1,0	298	211
8244	1,0	0,0	0,0	1,0	283	211
8250	3,3	3,1	3,2	7,7	287	298
8251	4,3	0,1	5,2	1,0	287	298
8256	1,2	3,1	3,1	7,7	217	298
8257	1,2	3,1	3,1	6,7	217	298
8259	8,11	0,0	5,1	1,0	298	268
8260	6,4	3,3	5,1	13,12	298	298
8264	139,139	141,153	139,99	267,208	298	298
8265	17,8	15,12	0,2	12,6	298	298
8266	71,71	145,85	105,78	107,59	278	298
8267	16,11	169,125	23,9	188,158	298	252
8268	95,95	163,116	134,80	168,117	252	273
8270	4,13	1,0	3,6	0,0	229	298
8271	8,13	1,0	3,6	0,0	249	298
8272	73,51	73,46	91,73	134,75	298	298
8273	84,52	64,60	99,52	114,96	298	298
8274	2,0	2,0	0,1	4,0	235	250
8276	1,0	1,2	0,0	0,1	275	172
8277	70,28	106,89	47,37	129,82	298	298
8278	1,0	119,100	1,0	198,138	245	298
8279	1,2	155,108	5,0	255,187	253	245
8280	412,355	135,136	434,342	128,100	224	205
8281	120,92	123,136	189,104	212,147	266	298
8282	107,87	275,285	144,80	390,241	256	298
8283	155,95	272,284	203,111	388,240	298	298
8284	159,95	210,181	205,112	249,171	298	256
8288	56,76	300,214	102,69	487,334	268	270
8289	56,76	4,0	102,69	5,3	268	289
8290	316,261	276,197	514,373	433,286	270	238
8291	246,181	279,230	387,278	398,322	238	243
8292	253,180	309,213	389,280	408,321	238	298
8293	335,290	384,332	657,424	665,542	230	263
8294	51,59	526,445	91,63	982,663	250	298
8295	169,166	442,445	263,191	838,613	256	250
8296	19,9	442,445	28,9	838,613	298	250
8297	224,219	340,308	370,257	584,455	256	251
8298	60,54	340,308	106,52	584,455	298	251
8299	250,203	91,60	302,251	104,73	279	209
8302	8,2	122,78	10,3	165,87	295	298
8303	1,8	18,5	8,6	27,19	298	295
8304	6,14	18,5	12,8	27,19	271	295
8305	172,121	211,168	132,105	221,135	298	293
8306	163,90	174,198	109,79	220,113	221	289
8307	220,165	290,244	413,348	577,411	216	251
8308	466,339	230,197	894,699	564,352	251	245
8309	364,285	307,277	729,513	740,556	245	273
8310	282,221	151,132	641,419	324,273	273	196
8311	132,124	301,267	375,240	796,436	196	256
8312	311,291	152,142	682,484	383,261	257	212
8313	306,275	22,18	680,475	22,21	257	212
8314	303,271	5,4	670,473	10,5	257	212
8315	222,198	440,372	375,268	887,605	212	298
8316	188,161	8,20	347,231	13,12	212	298
8317	188,161	8,10	347,231	23,5	212	298
8318	8,20	8,10	13,12	23,5	298	298
8319	4,3	3,4	1,1	0,0	290	298
8320	678,542	1198,894	837,625	1333,1038	237	296
8321	616,455	753,556	641,545	888,688	255	237
8322	14,17	751,556	36,19	891,688	255	237
8323	149,152	915,652	192,134	992,786	212	255
8324	4,6	889,625	16,2	922,749	212	255
8326	11,26	3,2	6,6	0,0	298	294
8328	20,26	454,370	67,34	671,488	271	298
8329	21,26	127,113	66,34	165,116	271	206
8330	44,27	293,203	43,45	347,269	298	240
8331	66,64	292,207	90,88	349,270	298	240
8332	173,142	127,113	279,184	166,115	298	206
8333	158,119	291,203	257,161	347,269	298	240
8334	189,136	315,232	262,174	381,300	206	240
8335	1162,1090	928,757	1814,1239	1621,1196	265	208
8336	407,434	1024,923	689,536	1309,953	243	247
8337	66,70	83,40	39,41	59,50	189	182
8338	32,21	24,20	35,20	22,31	231	285
8339	29,28	25,17	34,31	53,27	285	298
8344	0,4	78,61	0,0	76,58	298	267
8345	63,68	67,56	76,32	126,75	267	228
8355	114,92	238,202	193,99	295,235	280	298
8356	116,112	203,159	190,131	285,218	278	280
8357	115,135	121,91	179,118	199,102	240	278
8358	115,107	121,134	137,91	187,111	249	233
8359	117,81	191,145	143,71	235,159	226	249
8360	16,13	10,10	5,6	16,2	298	298
8361	25,18	10,10	30,22	16,2	280	298
8362	7,28	10,10	22,10	16,2	280	298
8365	12,5	6,23	12,15	15,6	230	298
8366	12,5	7,28	12,15	22,10	230	280
8368	7,4	3,20	4,11	13,6	230	280
8369	7,4	17,32	4,11	17,12	230	280
8370	29,14	0,2	25,28	0,0	230	294
8371	0,1	0,2	4,0	0,0	266	294
8372	0,1	12,5	4,0	12,15	266	230
8373	0,1	29,14	4,0	25,28	266	230
8377	82,116	174,166	92,26	216,125	298	261
8379	109,88	212,173	174,108	352,232	258	265
8382	1,1	2,0	1,0	0,1	255	231
8385	2066,1802	1310,1074	2106,1631	1245,910	298	249
8386	1816,1406	1285,1064	2121,1754	1243,909	298	249
8387	1840,1410	1946,1568	2123,1755	2479,1924	298	298
8388	1374,1193	2069,1806	1605,1346	2106,1631	298	298
8389	2,1	38,43	0,0	29,23	214	266
8390	24,17	65,54	11,8	49,33	222	252
8391	12,6	15,18	5,3	23,3	249	221
8392	5,0	0,4	4,3	1,1	283	298
8393	0,3	0,4	2,0	1,1	251	298
8394	0,1	0,4	0,0	1,1	251	298
8395	34,21	0,4	30,13	1,1	232	298
8396	0,3	5,0	2,0	4,3	251	283
8397	2,2	3,0	2,0	2,3	251	283
8398	1,2	11,5	0,0	10,4	251	283
8399	34,21	0,1	30,13	0,0	232	251
8401	507,446	546,436	605,438	731,469	298	268
8402	503,441	546,436	593,428	731,469	295	268
8403	505,441	297,272	593,428	419,304	295	207
8404	966,871	297,272	1199,803	419,304	298	207
8405	505,441	949,838	593,428	1372,1026	295	298
8406	436,389	973,853	600,472	1371,1026	253	298
8407	508,446	37,25	593,428	5,1	295	298
8408	434,390	61,40	600,472	4,1	253	298
8409	1003,901	587,494	1199,803	428,345	298	298
8410	975,884	587,494	1200,803	428,345	298	298
8411	1003,901	591,500	1199,803	503,384	298	295
8412	92,87	59,47	85,61	88,47	215	223
8413	92,87	76,77	85,61	110,64	215	226
8415	68,52	87,73	107,75	104,89	282	298
8416	145,124	107,113	165,133	145,101	265	295
8417	100,86	59,70	125,83	65,55	296	281
8418	88,72	58,68	93,94	67,55	269	281
8419	49,46	21,30	57,55	46,30	279	208
8420	15,21	23,10	10,12	28,21	210	216
8421	32,23	98,76	24,18	114,91	276	237
8422	71,57	74,49	53,43	44,38	210	217
8423	70,62	104,106	79,52	64,59	217	241
8424	104,78	137,75	89,88	81,57	280	220
8425	97,76	7,4	136,75	10,2	263	234
8426	117,75	68,35	87,63	33,35	298	275
8427	32,35	66,69	46,18	49,59	251	298
8428	78,49	70,52	54,28	56,48	298	298
8429	47,37	5,3	36,35	0,0	255	292
8430	131,103	74,101	128,97	56,46	277	273
8431	354,283	205,176	446,352	239,212	249	221
8432	288,343	2,4	278,241	1,2	298	253
8434	330,282	427,419	421,307	684,459	207	245
8435	158,140	429,419	210,155	683,459	182	245
8436	137,127	424,346	205,150	746,513	182	256
8437	443,358	60,70	821,659	99,101	272	178
8438	105,99	3,4	221,180	1,2	178	278
8439	11,24	33,35	11,6	44,46	298	259
8440	22,8	22,26	19,12	26,35	194	219
8442	1214,1022	1097,866	1716,1166	1598,1128	298	298
8443	1322,1128	1230,890	1860,1355	1774,1316	298	298
8444	119,101	235,215	192,137	232,146	217	284
8445	20,34	15,13	54,38	25,11	222	194
8446	14,17	147,140	14,10	178,131	203	224
8447	331,280	360,324	342,301	409,307	298	298
8448	293,239	191,202	445,290	309,185	254	237
8449	175,160	160,152	219,161	201,137	237	247
8450	175,157	449,376	219,161	573,471	237	298
8451	201,215	342,267	255,155	398,307	247	282
8452	188,190	407,403	180,163	484,396	216	280
8453	0,1	13,13	1,0	10,13	232	238
8454	1101,916	437,408	1457,1126	423,383	298	298
8455	1101,916	12,4	1457,1126	3,5	298	290
8456	586,594	608,627	989,662	1112,752	298	298
8457	543,488	608,627	764,567	1112,752	283	298
8458	540,488	1103,915	764,567	1457,1126	283	298
8459	355,338	161,114	578,442	172,151	237	184
8460	251,275	170,119	360,270	270,209	225	184
8461	87,102	412,269	151,102	634,412	225	228
8462	250,275	413,269	360,270	634,413	225	228
8463	448,349	412,271	597,419	634,412	298	228
8464	0,2	412,271	1,0	634,412	225	228
8465	11,9	412,271	8,8	634,412	298	228
8466	11,10	0,0	8,8	1,0	298	225
8467	448,350	0,0	597,419	1,0	298	225
8468	11,9	0,2	8,8	1,0	298	225
8469	448,349	0,2	597,419	1,0	298	225
8470	85,76	765,724	67,73	1189,889	197	225
8471	14,8	321,283	8,9	481,353	298	225
8472	451,348	321,283	597,420	481,353	298	225
8475	24,23	18,10	37,24	13,15	248	184
8476	0,2	1,0	0,0	2,0	211	264
8477	83,71	133,82	82,68	148,110	245	290
8478	86,66	135,82	131,72	146,111	221	290
8479	49,38	11,7	49,30	8,7	200	200
8480	48,51	7,3	58,46	2,4	200	200
8481	48,51	47,39	58,46	49,31	200	212
8482	17,21	2,3	15,6	1,0	200	200
8483	17,21	5,4	15,6	3,1	200	212
8484	17,21	84,65	15,6	91,69	200	209
8485	16,19	3,3	15,7	1,0	200	200
8486	7,3	47,39	2,4	49,31	200	212
8487	2,3	5,4	1,0	3,1	200	212
8488	2,3	84,65	1,0	91,69	200	209
8489	19,10	61,47	8,7	68,49	200	212
8490	19,10	1,0	8,7	0,1	200	215
8491	5,4	84,65	3,1	91,69	212	209
8492	61,47	1,0	68,49	0,1	212	215
8493	11,6	76,73	16,4	94,76	212	209
8494	11,6	47,37	16,4	48,29	212	204
8495	8,14	57,46	6,8	55,40	212	209
8496	115,92	38,45	141,124	61,39	272	224
8497	167,115	104,55	151,94	114,82	298	284
8498	20,18	32,26	44,17	44,27	214	239
8499	1,1	609,483	1,0	615,423	221	275
8500	6,13	0,2	1,2	0,0	298	271
8501	30,31	6,2	27,26	0,1	271	241
8502	19,16	16,13	16,16	13,3	271	281
8503	200,228	479,481	256,131	581,449	252	298
8504	0,2	479,481	0,1	581,449	202	298
8505	0,2	298,260	0,0	376,314	218	252
8506	430,317	835,741	321,200	706,429	208	298
8507	514,423	382,365	374,234	305,234	231	208
8508	118,124	231,210	95,55	173,148	247	234
8509	7,6	289,264	0,0	191,179	234	298
8510	263,186	27,30	233,129	11,6	234	282
8511	263,186	281,265	233,129	191,179	234	298
8512	389,352	240,207	282,255	149,110	282	246
8513	1,2	138,107	0,0	71,78	193	210
8514	72,74	110,104	56,41	60,38	196	232
8516	202,185	0,4	98,100	0,0	232	174
8518	38,46	102,109	23,23	109,110	206	298
8519	69,69	51,61	53,58	78,53	298	298
8520	32,51	50,47	74,35	80,34	215	264
8521	37,41	95,68	48,25	98,46	256	277
8522	60,47	77,55	79,45	62,48	225	245
8523	70,53	73,55	81,59	63,48	277	245
8524	34,30	49,59	35,33	76,39	212	271
8525	55,72	19,14	54,36	28,10	288	212
8526	2,3	19,25	1,2	17,9	180	197
8527	2,3	125,130	1,2	104,84	180	287
8528	2,3	47,34	1,2	43,32	180	239
8529	19,25	47,34	17,9	43,32	197	239
8530	76,57	14,9	31,13	6,6	227	298
8531	44,44	84,70	22,21	32,29	215	227
8532	59,55	70,36	46,25	35,15	221	215
8533	101,98	10,1	105,78	5,2	258	282
8534	101,98	130,85	105,78	113,101	258	290
8535	102,98	16,17	105,78	16,28	258	255
8536	10,1	130,85	5,2	113,101	282	290
8537	137,132	23,18	128,121	20,30	290	255
8538	36,41	223,181	65,60	335,251	223	257
8541	84,71	0,0	140,102	2,2	298	252
8542	4,5	0,1	4,0	2,1	298	257
8543	90,99	43,56	70,47	54,50	288	263
8544	28,10	64,52	19,23	44,39	216	288
8545	46,47	51,42	29,22	35,21	277	216
8546	97,87	1,1	81,69	0,0	277	204
8548	12,21	109,118	16,9	75,81	203	266
8549	373,290	348,232	414,283	486,349	282	262
8550	312,287	486,395	384,270	575,455	292	298
8551	237,231	176,195	503,386	189,139	231	236
8552	302,248	188,159	550,456	208,182	251	231
8553	176,126	340,310	363,305	559,440	252	251
8554	23,17	1,0	28,21	4,0	229	228
8555	23,17	28,30	26,21	47,20	229	253
8556	38,39	11,1	36,26	0,2	235	283
8557	605,479	514,291	716,497	467,343	232	206
8558	565,478	642,384	628,525	981,672	217	232
8559	153,212	450,300	146,71	605,394	221	217
8560	3217,3131	7105,5132	5352,4001	12679,10235	298	298
8562	306,223	0,0	374,265	1,0	277	220
8563	358,283	269,198	290,237	269,224	261	298
8564	353,283	253,207	290,237	214,147	261	294
8565	337,275	333,290	344,205	391,260	262	298
8568	84,44	149,107	129,89	233,179	236	298
8569	159,143	203,211	213,157	262,219	286	298
8570	11,12	6,7	8,7	2,1	267	298
8571	22,11	11,12	9,5	8,7	228	267
8572	45,38	0,1	19,18	0,1	228	276
8573	21,14	13,18	40,16	8,9	244	216
8574	3,7	2,1	2,0	1,8	263	209
8575	1,2	2,1	0,0	1,8	298	209
8577	13,8	656,514	10,11	970,711	298	298
8578	7,4	735,589	25,22	1031,769	226	298
8579	17,11	7,4	17,8	14,2	268	264
8581	11,10	7,4	19,11	14,2	298	264
8582	22,13	7,4	23,6	14,2	273	264
8583	7,10	2,4	20,15	13,2	298	285
8584	17,11	2,6	17,8	13,2	268	285
8586	11,10	2,6	19,11	13,2	298	285
8587	22,13	2,6	23,6	13,2	273	285
8589	11,10	17,11	19,11	17,8	298	268
8590	22,13	17,11	23,6	17,8	273	268
8593	22,13	11,10	23,6	19,11	273	298
8594	13,6	4,3	9,3	3,2	273	298
8595	2,0	22,7	0,0	11,16	229	210
8596	30,38	22,7	26,40	11,16	298	210
8597	30,38	2,0	26,40	0,0	298	229
8598	32,35	12,12	15,23	13,12	224	236
8599	30,34	6,5	23,9	4,8	233	224
8600	30,34	7,14	23,9	7,6	233	224
8601	15,25	27,19	21,5	8,10	298	233
8602	186,132	168,124	229,178	205,121	243	257
8603	119,81	167,125	114,94	205,121	204	257
8604	14,16	194,138	24,20	232,153	298	257
8605	368,298	182,137	339,216	226,138	293	257
8606	120,82	93,93	114,94	130,93	204	212
8607	120,82	202,223	114,94	276,208	204	243
8608	120,82	181,195	114,94	257,190	204	286
8609	152,100	180,193	215,124	261,192	298	298
8610	393,314	8,3	367,248	13,7	293	298
8611	223,161	337,258	256,159	317,239	298	298
8612	20,25	325,247	26,16	302,226	298	298
8613	368,304	325,247	344,217	302,226	293	298
8614	368,304	20,25	344,217	26,16	293	298
8615	381,310	166,123	362,236	235,139	293	298
8616	87,104	150,101	118,59	211,124	233	298
8617	0,1	9,12	2,0	0,0	296	172
8618	6,1	10,14	3,0	0,0	296	172
8620	0,1	28,20	2,0	5,1	296	286
8621	0,2	6,1	0,0	3,0	298	296
8622	144,113	293,210	165,91	325,215	256	298
8623	91,85	143,133	85,56	234,152	231	298
8624	0,0	12,9	6,0	26,19	258	278
8625	156,156	49,59	292,192	59,44	269	289
8626	129,117	141,102	184,106	178,127	289	264
8627	27,26	39,38	20,10	35,18	251	298
8628	27,26	39,38	20,10	34,18	251	298
8629	27,26	14,3	20,10	7,6	251	292
8630	41,23	9,15	41,34	24,13	298	209
8631	12,12	30,38	17,10	63,33	209	295
8632	33,27	25,29	52,28	57,42	295	246
8633	141,101	135,70	135,103	78,68	298	298
8634	27,24	155,176	14,13	131,90	298	298
8635	25,28	18,18	40,12	27,25	269	298
8636	17,5	2,8	8,5	2,0	230	281
8637	1,1	9,10	1,1	12,2	298	230
8642	184,167	12,22	146,96	8,7	298	199
8643	30,56	59,69	28,24	89,70	199	253
8644	81,57	16,24	61,54	13,7	298	251
8645	0,0	0,2	1,0	0,0	238	203
8647	254,178	170,170	279,214	242,152	298	264
8648	4,9	170,170	1,2	242,152	298	264
8649	264,244	8,1	328,215	1,0	298	298
8650	7,0	7,7	0,0	1,2	242	267
8651	52,60	47,45	135,94	116,80	296	254
8652	7,2	77,67	17,9	193,174	277	216
8653	322,280	48,48	428,343	44,38	216	210
8654	37,49	431,370	70,21	740,551	216	298
8655	5,2	77,71	2,4	86,87	298	210
8656	10,14	683,565	17,22	1053,846	210	298
8657	11,19	297,234	16,7	297,208	206	261
8658	7,14	285,184	14,6	310,261	206	257
8659	70,60	285,182	66,54	307,260	206	257
8662	56,37	61,32	17,21	15,21	298	298
8663	9,19	100,83	12,3	106,60	298	264
8664	11,19	318,286	14,3	402,313	298	298
8665	110,82	115,105	108,57	125,90	262	244
8666	3,1	119,110	2,2	129,89	262	244
8667	169,147	113,123	200,169	119,62	298	298
8668	177,185	200,143	235,180	235,184	279	298
8669	35,49	65,75	46,27	69,61	197	206
8670	42,30	7,7	41,36	7,8	245	188
8672	0,1	9,9	7,7	34,28	229	271
8673	2,6	1,6	13,15	18,6	270	298
8675	73,61	73,53	103,69	131,98	261	201
8677	6,14	8,5	3,1	8,6	298	240
8678	128,113	163,131	158,152	252,195	298	278
8679	31,45	84,75	35,15	58,69	242	268
8680	9,11	1,1	13,13	6,3	240	251
8681	44,33	7,22	53,28	21,18	298	222
8682	13,11	54,52	16,8	57,48	298	298
8683	138,82	268,198	162,101	270,188	206	272
8684	177,142	240,207	175,132	252,206	233	298
8685	274,193	1,0	279,237	0,0	298	298
8686	28,53	62,47	14,14	32,22	298	291
8687	25,29	47,41	11,5	31,10	291	269
8688	193,132	101,97	261,198	120,74	238	224
8689	195,187	142,114	178,107	136,80	298	238
8690	105,90	63,62	95,56	75,63	298	237
8691	3,3	91,71	4,2	172,149	232	256
8692	3,3	221,173	4,2	465,307	232	282
8693	84,64	135,125	174,88	210,200	238	296
8694	120,96	67,40	100,67	30,36	220	205
8695	114,70	88,84	112,84	124,69	228	208
8696	140,100	91,93	218,157	114,87	266	228
8697	131,101	167,112	167,136	181,143	231	266
8698	66,63	74,49	50,34	68,44	205	197
8699	49,62	3,1	42,27	1,1	214	205
8700	56,67	80,38	42,27	76,34	214	205
8701	47,56	30,30	82,49	30,46	298	258
8702	154,94	114,106	216,174	223,176	298	285
8703	390,335	202,169	401,307	286,175	298	298
8704	242,201	75,50	249,216	60,32	298	191
8706	141,142	82,85	196,175	77,81	298	202
8707	0,0	4,5	0,1	5,2	268	221
8708	2,2	26,27	2,2	38,23	221	298
8709	84,121	573,519	54,28	836,578	227	272
8710	24,20	16,13	4,1	19,24	266	209
8711	116,81	81,62	91,74	75,74	234	238
8712	104,102	204,147	112,79	177,129	232	298
8713	163,129	185,146	189,93	203,131	298	298
8714	120,88	189,163	124,100	222,135	249	298
8715	3,8	109,119	1,1	109,51	298	298
8716	4,0	82,42	0,0	62,38	298	248
8717	152,128	84,49	131,100	63,39	298	248
8718	80,87	204,132	81,39	162,131	248	298
8719	38,31	403,341	20,20	644,414	244	298
8720	38,31	296,247	20,20	440,276	244	298
8721	2,1	16,11	0,2	24,10	242	265
8722	2,1	47,30	0,2	46,20	242	298
8724	186,130	76,62	143,96	43,51	290	293
8725	189,134	18,3	151,97	13,15	290	293
8726	189,134	92,73	151,97	56,34	290	298
8727	178,124	175,113	143,91	131,81	290	294
8728	18,3	92,73	13,15	56,34	293	298
8729	142,137	101,75	140,85	56,39	293	298
8730	34,17	3,5	44,23	0,1	273	185
8731	0,7	31,17	6,1	32,16	298	256
8732	10,10	31,15	21,7	30,16	298	256
8733	26,28	20,16	44,30	15,16	294	259
8734	0,2	1,0	1,0	5,1	203	230
8735	11,6	7,7	20,28	23,27	260	275
8736	1,0	2,13	2,0	28,18	200	256
8737	0,0	0,1	0,1	0,0	265	298
8741	2,2	0,0	0,0	0,1	253	265
8744	2,0	0,0	0,0	0,1	298	298
8752	28,24	15,11	74,39	24,17	298	208
8753	12,30	12,8	48,18	14,6	283	296
8754	12,30	25,31	48,18	67,37	283	284
8755	73,90	94,101	155,92	152,99	298	284
8756	62,67	35,28	136,103	52,31	218	182
8757	51,56	85,88	129,93	127,105	218	240
8758	1,0	85,88	1,1	127,105	182	240
8759	38,41	96,98	57,51	130,119	182	240
8760	114,132	136,57	172,128	174,121	252	233
8761	4,2	0,2	1,0	5,5	248	268
8762	30,17	0,0	29,26	0,1	190	166
8769	4,3	4,6	1,0	0,4	277	236
8770	3880,3259	5756,4955	6788,4968	10379,7535	268	298
8771	7,9	5736,4937	4,4	10363,7526	268	298
8773	119,78	228,134	169,133	327,177	189	268
8774	137,89	47,55	175,140	94,72	209	193
8775	309,244	41,47	516,380	84,60	298	193
8776	53,47	40,49	47,62	84,60	298	193
8777	314,252	98,81	526,392	216,117	298	209
8778	403,347	99,79	554,381	218,118	286	209
8779	403,349	335,242	554,381	438,344	286	298
8780	1523,1229	246,222	1914,1360	336,185	227	227
8781	421,314	518,379	424,273	787,461	214	251
8782	2,1	219,185	4,0	365,200	264	214
8783	3,4	872,767	13,0	1257,907	214	298
8786	1,0	3,3	6,7	4,2	244	261
8787	197,134	34,28	212,144	36,23	181	182
8788	249,159	31,28	348,263	33,20	174	182
8789	18,20	34,28	22,14	36,23	174	182
8790	109,73	40,38	125,81	69,41	181	174
8791	130,84	313,245	151,101	299,252	239	257
8792	3,1	0,0	1,0	0,2	226	248
8793	94,56	175,145	138,85	302,206	248	298
8794	94,56	47,27	138,85	35,35	248	298
8795	62,38	186,119	69,51	259,204	192	230
8796	42,18	186,119	44,26	259,204	248	230
8797	94,56	194,121	138,87	265,206	248	230
8798	53,38	42,18	65,50	44,24	192	248
8799	62,38	42,18	69,51	44,26	192	248
8800	61,41	223,155	72,52	310,220	192	248
8801	67,59	166,128	113,69	240,181	229	248
8802	14,8	29,12	20,10	38,24	207	229
8805	59,51	96,85	47,17	119,80	239	298
8806	79,74	41,33	57,24	47,30	239	215
8807	44,36	115,108	30,13	129,88	215	298
8808	40,38	48,56	29,13	55,32	215	298
8809	40,38	37,23	29,13	32,28	215	197
8810	48,56	37,23	55,32	32,28	298	197
8811	135,114	39,23	140,101	33,28	298	197
8812	119,90	92,44	105,79	50,37	298	206
8813	20,19	118,75	23,20	95,60	197	206
8814	200,116	184,117	202,152	229,149	271	280
8815	160,125	332,264	237,181	417,290	246	298
8816	90,88	327,264	149,118	416,293	203	298
8817	229,185	234,175	266,243	285,218	261	227
8818	128,74	69,57	171,125	140,63	270	229
8819	8,1	0,2	4,1	0,1	242	251
8820	0,2	2,0	2,0	0,1	206	197
8821	50,51	66,59	68,63	114,79	248	223
8822	60,43	101,68	73,49	160,111	238	262
8823	63,43	1,0	74,49	2,2	238	262
8824	60,47	2,3	74,49	1,5	238	262
8825	68,50	68,43	103,41	115,99	262	243
8826	69,53	1,0	101,43	0,0	262	243
8827	69,50	148,139	100,39	218,174	262	298
8828	59,55	182,120	112,75	223,179	243	298
8829	114,80	31,24	167,111	55,32	258	213
8830	85,63	72,85	78,34	157,88	213	298
8831	76,58	132,58	124,77	111,67	298	242
8832	518,423	237,212	739,582	243,191	280	197
8833	518,423	544,483	739,582	695,573	280	257
8834	5,3	264,204	7,5	375,290	298	211
8835	5,3	357,279	7,5	483,340	298	268
8836	845,685	7,1	1099,840	6,3	211	236
8837	264,204	357,279	375,290	483,340	211	268
8843	28482,22569	28957,25358	34998,25717	35515,25940	296	275
8844	55,62	28957,25358	84,61	35515,25940	298	275
8845	0,2	348,271	0,2	580,376	273	298
8846	1,0	0,0	0,2	1,0	298	293
8847	167,131	120,120	275,214	190,114	298	298
8848	181,171	181,153	318,203	250,159	298	298
8849	152,111	157,122	150,118	232,148	298	298
8850	20,5	11,11	1,2	0,2	284	273
8851	94,68	93,102	89,60	69,65	298	298
8852	92,46	103,88	60,52	78,56	298	298
8853	47,33	96,87	62,55	140,127	245	298
8854	134,106	97,85	179,108	140,126	298	298
8855	0,4	226,200	0,0	384,252	173	298
8856	78,89	128,105	164,135	179,105	298	298
8857	108,109	72,81	147,140	150,110	298	298
8858	129,103	332,307	203,127	449,339	258	298
8859	458,346	170,123	581,455	228,215	298	215
8860	378,365	606,526	593,398	724,539	298	298
8861	384,312	12,16	523,403	14,9	263	298
8862	384,312	585,415	523,403	891,656	263	298
8864	217,154	19,17	300,264	27,24	242	220
8865	221,155	2,0	300,264	0,7	242	264
8866	218,163	146,105	330,280	184,127	220	298
8867	1,0	5,0	1,0	0,8	197	264
8869	6,1	211,153	0,0	338,279	298	280
8870	1,0	5,6	2,1	6,1	280	298
8871	163,114	148,92	201,131	217,139	280	234
8872	134,93	209,143	216,177	297,191	234	298
8873	56,34	101,96	46,30	129,79	298	249
8874	259,174	119,124	378,263	178,118	298	238
8875	106,116	84,111	125,91	133,72	249	226
8876	19,23	19,14	43,22	32,19	298	298
8877	26,21	351,248	55,31	603,393	241	295
8878	196,135	171,114	288,241	335,209	298	295
8879	176,134	171,114	267,227	335,209	271	295
8880	1,4	12,8	3,0	20,11	271	241
8881	188,139	12,8	308,251	20,11	298	241
8882	356,262	1,2	534,411	2,2	271	241
8883	144,117	1,4	234,159	2,2	271	241
8884	188,140	1,4	310,251	2,2	298	241
8885	188,139	1,4	308,251	3,0	298	271
8886	188,140	144,117	310,251	234,159	298	271
8887	110,84	101,68	170,136	121,84	219	223
8888	46,34	117,108	56,31	164,120	188	243
8889	271,134	674,576	458,348	1236,830	233	298
8890	638,526	10,12	979,695	13,10	298	298
8891	605,490	10,12	930,660	13,10	284	298
8892	208,213	395,370	357,272	595,409	264	271
8893	499,444	761,570	510,417	1002,810	275	244
8898	396,366	337,234	640,455	401,312	298	271
8899	395,366	551,433	640,455	684,509	298	296
8900	234,165	552,433	269,243	684,509	271	296
8907	2578,2952	2010,2358	2651,1659	1285,626	298	298
8908	2654,2868	3301,3362	2986,2141	2756,2034	255	263
8909	2992,3289	5171,4492	2807,1542	6542,4975	298	255
8910	111,59	44,59	153,91	66,54	298	226
8911	11,17	96,58	31,22	135,138	298	298
8937	141,93	276,257	157,124	546,355	213	234
8938	10,4	80,51	13,7	148,88	261	214
8939	1,2	167,117	0,3	384,255	261	254
8941	9,4	80,51	12,9	148,88	247	214
8942	1,2	167,117	0,3	384,255	247	254
8944	7,5	140,140	11,8	248,162	254	244
8945	0,2	121,119	0,0	184,124	258	229
8946	106,88	121,119	147,120	184,124	223	229
8947	41,69	25,28	77,49	32,25	298	298
8948	127,185	462,439	104,78	598,384	290	298
8949	2419,1883	4671,3918	4660,3004	7048,5175	298	290
8950	0,3	10795,8595	0,2	16146,11608	266	290
8951	15,7	4671,3918	13,16	7048,5175	298	290
8952	207,175	79,97	181,124	91,54	282	225
8953	11,5	79,98	2,0	91,54	282	225
8954	145,115	70,91	122,103	83,37	265	282
8955	38,21	70,91	15,7	83,37	298	282
8956	35,28	49,49	57,36	66,45	213	256
8957	198,208	656,538	290,182	939,734	298	296
8958	61,44	150,125	65,46	189,117	220	292
8959	62,44	99,89	65,45	86,59	220	237
8960	78,49	139,120	73,54	162,137	220	298
8961	53,59	56,45	59,53	65,45	228	220
8962	13,5	80,52	5,7	94,55	233	228
8963	2,0	78,54	2,1	94,55	233	228
8966	73,83	72,66	88,76	80,50	289	298
8967	115,125	80,85	112,84	91,83	298	298
8968	18,20	88,112	27,25	148,107	236	298
8969	123,106	52,41	100,45	77,44	280	192
8970	107,96	142,126	84,68	199,104	298	280
8971	4,9	135,113	2,7	112,55	298	298
8972	108,99	135,113	132,89	112,55	278	298
8973	17,10	93,83	24,13	71,60	212	298
8974	123,121	71,82	106,72	76,44	223	236
8975	89,104	175,141	62,32	105,64	298	298
8976	89,104	109,84	62,32	77,34	298	298
8977	417,349	375,314	540,454	382,245	298	298
8978	299,262	56,70	314,210	28,11	298	215
8979	161,97	122,73	140,115	114,77	249	225
8980	24,23	273,179	39,27	252,213	225	295
8981	2,2	94,82	0,1	109,66	206	298
8982	16,16	48,26	3,13	35,30	298	252
8983	41,29	57,60	43,33	60,39	252	298
8984	90,91	45,59	75,58	39,35	289	287
8985	43,35	49,45	44,29	42,33	287	255
8986	476,420	1232,1037	645,472	1741,1163	201	298
8987	669,519	1232,1037	932,618	1741,1165	223	298
8988	669,519	1232,1037	932,618	1741,1163	223	298
8989	476,420	2,3	645,472	1,0	201	246
8990	669,519	2,3	932,618	1,2	223	246
8991	661,521	2,3	927,618	0,2	223	282
8992	1527,1286	2,1	1851,1400	0,2	268	282
8993	661,521	536,424	927,618	689,538	223	201
8994	1527,1286	535,422	1851,1400	689,538	268	201
8995	1347,1120	537,421	1623,1233	689,538	298	201
8996	957,822	1895,1558	1537,1105	2297,1696	269	298
8997	9,7	1895,1559	21,10	2297,1696	269	298
8998	1350,1119	3,0	1623,1233	2,0	298	269
8999	4,3	3,0	3,0	2,0	288	269
9000	1350,1122	3,0	1623,1233	2,0	297	269
9001	905,664	1317,1105	1367,921	1773,1216	241	269
9002	1346,1120	1309,1092	1623,1233	1753,1206	298	269
9003	0,2	2,0	0,0	0,2	298	241
9004	767,638	2,0	919,669	0,2	298	241
9005	1,1	2,0	0,0	0,2	298	241
9006	777,651	694,685	941,679	1130,794	298	241
9008	11,4	24,22	3,9	25,16	279	224
9009	8,12	24,22	9,15	25,16	282	224
9010	3,1	19,6	2,7	20,14	282	224
9011	9,40	34,27	17,3	35,16	256	239
9012	0,0	15,8	2,0	15,4	200	252
9014	175,150	145,134	223,149	179,135	218	236
9015	284,257	302,271	293,158	325,218	298	298
9016	254,220	295,267	264,162	325,218	298	298
9017	113,97	222,229	93,91	320,193	245	298
9018	105,81	31,45	94,96	52,32	250	266
9019	105,81	3,6	94,96	7,2	250	266
9020	109,81	81,77	99,99	193,114	250	212
9021	105,79	2,0	95,96	0,0	250	212
9022	43,46	11,14	53,54	20,6	266	192
9023	43,46	5,4	52,53	5,1	266	212
9024	43,46	129,110	52,53	194,146	266	246
9027	5,4	129,110	5,1	194,146	212	246
9028	17,19	127,108	23,5	188,143	212	246
9029	14,13	2,5	11,11	9,8	273	243
9030	0,0	2,5	2,2	9,8	267	243
9031	0,0	14,13	2,2	11,11	267	273
9032	19,23	10595,8780	45,23	14835,11707	250	298
9033	33,32	10595,8780	32,20	14835,11707	298	298
9034	11,18	10595,8780	6,9	14835,11707	298	298
9037	75,66	125,109	69,77	192,113	229	253
9038	75,66	0,4	69,77	0,0	229	258
9039	104,93	112,101	125,109	190,175	298	265
9040	103,91	5,4	125,106	2,3	298	265
9041	1,0	303,200	0,3	435,379	245	265
9043	29,32	16,8	23,33	39,20	298	290
9044	34,22	54,57	44,24	51,31	254	280
9045	34,22	67,40	44,24	37,31	254	298
9046	43,23	25,32	68,28	25,16	298	272
9047	65,44	42,46	72,48	33,34	258	298
9048	17,22	86,69	29,13	78,63	241	296
9049	5,13	251,203	3,4	174,158	215	298
9050	81,73	125,85	150,89	168,135	298	295
9051	53,35	117,144	36,26	198,93	298	256
9053	0,1	115,147	0,0	104,47	298	298
9054	0,1	111,139	0,0	97,45	298	245
9055	145,182	115,147	192,89	104,47	296	298
9056	160,197	188,157	199,89	209,182	296	261
9057	145,182	111,139	192,89	97,45	296	245
9059	26,25	33,18	42,24	51,27	275	265
9060	14,13	17,22	13,6	17,8	215	216
9061	3,4	17,23	0,1	22,17	193	215
9062	63,48	23,28	48,48	14,5	260	241
9065	19,20	17,11	8,7	12,9	278	298
9066	19,21	1,6	7,7	6,1	278	264
9067	19,21	28,29	7,7	18,18	278	298
9068	1,6	28,29	6,1	18,18	264	298
9069	13,12	706,542	11,8	1348,875	268	261
9070	723,741	724,564	1227,767	1314,922	261	245
9071	709,718	714,675	1200,748	900,817	261	298
9072	535,492	729,694	1134,688	927,837	245	298
9073	101,117	172,150	90,58	118,74	286	268
9075	130,93	112,101	152,144	126,114	219	265
9076	161,166	289,223	272,203	373,272	255	285
9077	209,171	199,192	371,280	310,180	258	256
9078	180,162	141,127	354,240	262,158	256	238
9081	92,104	131,94	133,101	157,129	273	298
9082	110,109	143,103	161,123	193,128	298	294
9083	22,14	22,29	33,32	67,39	253	298
9084	30,28	20,23	50,44	37,17	239	253
9085	20,24	13,19	73,37	24,30	274	222
9086	30,26	16,17	88,46	41,34	298	297
9087	305,269	388,332	326,227	395,300	298	298
9088	112,114	249,211	161,97	247,217	261	298
9092	103,72	165,158	210,124	232,184	224	232
9093	48,52	1,2	49,29	1,5	298	298
9094	8,4	3,4	9,4	1,5	298	298
9095	120,154	104,99	179,137	170,125	298	288
9097	4,0	3,1	2,1	0,1	276	283
9098	4,0	96,60	2,1	87,49	276	298
9099	285,203	173,155	376,259	299,223	298	258
9100	262,170	408,331	438,357	642,515	254	298
9101	263,169	326,237	438,357	461,299	254	255
9102	290,190	307,242	507,291	547,433	298	259
9103	140,109	43,43	156,157	77,66	198	245
9104	283,201	87,89	422,324	112,77	290	198
9107	103,106	64,68	112,113	50,46	257	298
9108	10,10	9,9	11,3	6,4	290	199
9109	10,10	5,9	11,3	24,11	290	252
9110	10,9	0,2	13,5	1,0	290	252
9111	5,9	9,9	24,11	6,4	252	199
9112	0,2	0,2	1,0	0,0	252	199
9113	28,25	9,7	68,40	6,4	252	199
9114	22,16	5,22	43,25	9,8	252	242
9115	18,7	4,25	0,0	20,16	199	242
9116	18,7	4,1	0,0	5,2	199	298
9117	16,8	16,18	0,0	18,15	199	254
9118	4,25	4,1	20,16	5,2	242	298
9119	42,45	8,3	48,33	5,3	298	298
9120	42,45	8,2	48,33	0,1	298	298
9121	37,40	4,2	48,29	0,1	298	298
9122	37,40	22,39	48,29	30,23	298	254
9123	31,33	5,12	39,26	9,5	298	254
9124	4,2	22,39	0,1	30,23	298	254
9125	1,1	27,29	2,0	27,22	298	254
9126	1,1	27,29	3,0	27,22	298	254
9127	19,22	4,19	17,4	4,4	204	298
9128	164,139	216,193	171,113	270,217	266	289
9129	85,59	60,49	50,51	45,33	286	209
9130	7,9	104,78	3,1	98,92	225	286
9131	71,47	40,28	82,55	16,28	233	178
9132	0,5	160,190	2,8	195,168	223	247
9133	1,0	140,153	1,0	141,137	258	247
9134	14,21	8,13	7,7	4,2	298	242
9135	16,12	45,45	22,18	68,64	221	298
9136	5,7	0,1	5,13	0,0	209	228
9137	3,2	26,13	4,0	17,16	257	281
9138	13,14	17,11	4,5	23,13	290	281
9139	23,15	3,6	7,8	10,4	290	257
9140	183,172	162,121	208,115	174,105	298	244
9141	18,14	4,2	13,6	7,7	244	188
9142	10,13	4,2	9,7	7,7	247	188
9143	2,0	76,59	1,2	77,43	235	276
9144	90,96	72,58	56,55	62,56	262	264
9145	140,103	113,97	106,80	97,67	264	248
9146	2,8	3,4	2,8	0,0	248	280
9147	0,0	18,15	6,1	23,19	248	179
9148	0,0	55,65	6,1	118,98	248	217
9149	18,15	55,65	23,19	118,98	179	217
9150	67,70	53,61	111,69	115,97	215	217
9151	55,51	78,59	91,53	119,73	215	220
9152	2,0	3,1	0,1	3,1	217	220
9153	68,65	87,77	135,89	138,88	217	220
9154	84,82	79,66	145,116	116,83	220	207
9155	192,127	83,47	228,196	107,95	298	298
9158	8,7	5,10	18,17	31,18	200	224
9159	2,2	5,10	6,2	30,18	179	224
9160	30,24	5,7	38,8	2,1	198	271
9161	544,447	5,6	1078,734	5,8	271	298
9162	566,594	108,92	490,399	82,60	269	298
9163	696,762	18,34	844,520	20,12	289	233
9164	214,229	7,5	283,229	9,5	207	250
9165	120,128	113,88	109,79	202,139	298	298
9166	106,67	144,107	100,82	176,138	232	298
9167	980,803	894,754	1119,775	1250,870	298	298
9168	978,801	366,349	1117,776	520,346	298	298
9169	982,801	184,121	1119,776	231,175	298	298
9170	1197,1031	547,469	1184,961	709,493	298	298
9171	1197,1031	616,458	1184,961	649,415	298	298
9172	894,754	173,93	1250,870	136,128	298	298
9173	893,755	230,147	1251,870	275,192	298	298
9174	207,137	244,268	259,178	357,256	298	259
9175	746,601	245,268	965,671	357,255	298	259
9176	824,699	388,348	1094,704	476,369	298	259
9177	63,95	324,242	50,37	474,312	235	268
9178	83,76	109,98	146,83	239,180	228	292
9179	37,35	174,98	47,25	183,147	276	249
9180	1,0	341,225	0,0	346,256	235	249
9181	96,71	88,91	139,93	101,76	241	235
9182	20,21	100,93	27,20	120,85	187	248
9183	198,206	1,3	228,155	3,6	244	189
9184	59,45	92,122	72,45	128,78	219	272
9185	3,12	92,125	13,6	129,79	219	272
9186	32,26	92,125	42,27	129,79	222	272
9187	32,26	97,124	42,27	132,82	222	298
9188	32,26	3,12	42,27	13,6	222	219
9189	31,26	23,9	35,22	40,25	222	219
9190	164,146	30,46	167,134	59,40	298	298
9191	120,120	141,118	125,76	127,101	298	298
9195	38,38	138,113	67,24	128,66	205	298
9196	101,91	80,101	136,58	148,99	234	276
9197	1,4	12,4	0,3	3,8	238	258
9198	1,4	3,2	0,3	11,9	238	290
9199	12,4	3,2	3,8	11,9	258	290
9200	150,89	113,107	121,74	114,74	266	298
9201	217,202	162,143	172,111	137,91	298	298
9202	0,0	10,7	1,0	7,6	298	269
9203	0,0	197,155	1,0	158,141	298	257
9207	407,288	355,300	588,298	354,297	257	240
9208	596,374	504,422	736,583	620,481	253	298
9209	26,12	3,3	23,9	0,2	242	260
9212	58,46	90,93	84,54	100,61	223	298
9213	113,109	49,52	179,137	34,36	298	215
9214	88,69	61,44	94,75	48,30	255	220
9215	166,160	108,177	129,74	38,28	242	242
9216	479,427	160,179	416,327	100,79	298	268
9217	47,49	637,491	56,18	570,429	298	298
9218	3,1	10,4	1,1	6,4	215	245
9220	0,0	19,17	0,2	3,3	242	245
9221	42,31	63,52	68,45	77,70	192	199
9222	43,28	113,126	71,57	234,151	208	270
9223	52,50	83,84	66,46	192,127	212	262
9224	84,67	59,42	108,95	71,48	236	223
9225	127,35	121,89	184,107	177,144	275	298
9226	1,0	93,66	2,2	107,93	252	275
9227	61,57	72,70	88,72	161,109	298	298
9228	104,73	66,64	234,146	159,105	298	281
9229	49,33	31,17	37,35	44,30	197	293
9230	184,136	263,214	57,38	91,64	233	298
9231	90,104	78,77	36,22	30,15	245	203
9232	60,45	14,19	13,12	0,2	254	188
9233	25,12	30,47	8,5	7,7	188	191
9234	10,6	49,44	0,0	6,6	221	290
9235	65,78	74,96	86,39	80,63	298	227
9236	191,151	83,108	126,91	99,74	298	227
9237	126,119	150,159	108,73	134,85	259	262
9238	127,95	135,97	95,67	105,82	260	298
9239	92,80	325,273	75,78	347,295	186	298
9242	0,1	5,6	5,1	10,5	298	169
9245	54,53	63,52	72,40	84,62	263	263
9246	65,45	52,53	97,69	71,54	263	250
9247	43,43	25,27	72,42	13,10	250	298
9248	85,71	92,71	117,48	137,96	293	298
9249	68,86	30,40	80,43	44,31	298	293
9250	7,6	67,62	8,2	68,46	256	298
9251	96,61	103,111	82,101	166,146	210	245
9252	78,54	158,146	63,70	291,212	210	298
9253	66,86	175,153	85,61	311,243	245	298
9255	50,57	77,49	39,26	27,48	258	287
9256	63,70	78,64	64,77	61,42	280	258
9257	78,84	158,116	103,94	139,87	251	280
9258	83,72	63,53	99,50	55,70	255	251
9259	37,25	28,21	28,29	40,31	223	204
9260	78,86	9,8	66,42	9,3	253	298
9264	201,150	125,121	184,133	100,67	254	220
9265	267,278	63,45	296,196	63,38	298	183
9266	63,61	1,1	125,86	4,0	298	247
9267	27,20	35,32	40,13	41,23	245	257
9268	5,2	24,25	6,0	20,10	298	298
9269	5,2	1,2	6,0	2,0	298	295
9270	2988,2666	1247,1218	5081,3843	1709,1324	291	221
9271	2988,2666	1328,1280	5081,3843	1769,1376	291	224
9272	1627,1324	1282,1256	3271,2534	1746,1355	222	224
9273	2642,2256	1281,1256	4754,3625	1746,1355	254	224
9274	31,39	1282,1258	28,15	1749,1356	291	224
9275	1627,1319	106,113	3259,2532	176,131	222	291
9276	1647,1327	2973,2525	3278,2534	4930,3932	261	291
9277	1669,1342	2973,2525	3281,2551	4930,3932	222	291
9278	6,6	2973,2524	8,6	4930,3932	254	291
9279	1712,1467	2973,2524	2766,2081	4930,3932	288	291
9280	2640,2257	12,22	4754,3625	9,12	254	261
9281	2640,2257	1377,1254	4754,3625	2323,1656	254	222
9282	6054,5104	55,49	11037,8569	28,15	254	228
9283	1712,1467	6,6	2766,2081	8,6	288	254
9284	1714,1467	2343,2031	2767,2082	4199,3291	288	254
9285	564,442	279,224	615,481	332,198	274	235
9286	283,263	264,202	361,267	333,198	255	235
9287	386,272	261,203	458,357	334,195	217	235
9288	391,277	536,395	459,362	1004,647	217	274
9289	4,7	8,2	2,0	0,2	187	221
9290	252,215	465,457	243,230	680,482	238	273
9291	29,35	60,52	26,25	97,82	180	197
9295	0,2	13,4	0,0	5,2	217	291
9296	38,29	104,96	18,15	68,76	189	278
9297	32,18	37,39	15,17	30,22	298	189
9298	50,59	49,44	82,72	77,41	298	271
9302	2,5	42,46	4,9	58,40	298	271
9303	22,27	320,246	18,14	480,280	250	245
9304	103,123	77,80	146,91	133,72	200	189
9305	476,358	1123,875	711,556	1764,1363	243	276
9306	51,50	33,15	66,57	36,27	298	227
9307	91,81	7,1	138,112	0,0	298	227
9308	6,2	40,33	7,4	75,57	263	298
9309	6,9	15,6	9,1	10,9	205	181
9311	280,191	374,334	325,212	471,374	298	298
9312	126,102	115,110	155,120	181,89	282	276
9313	155,109	123,127	199,129	250,158	270	282
9314	21,25	44,46	34,37	88,53	283	179
9315	18,15	84,64	24,20	158,130	179	215
9316	18,16	2,6	25,11	4,5	256	186
9317	682,450	405,320	1086,733	614,445	245	218
9318	1194,903	29,23	1877,1321	38,19	245	230
9319	139,76	82,56	132,106	77,57	175	245
9321	763,799	37,50	595,425	27,12	269	206
9322	1074,1012	328,320	1095,814	213,122	269	296
9323	453,468	1271,1168	401,284	1217,997	269	298
9324	454,467	21,45	401,284	29,9	269	298
9325	454,467	398,415	401,284	355,263	269	209
9326	453,469	54,49	401,284	45,29	269	209
9327	310,333	1871,1674	195,142	1882,1518	296	298
9328	21,45	398,415	29,9	355,263	298	209
9329	621,551	397,416	694,530	355,263	298	209
9330	325,317	397,416	212,122	355,263	298	209
9331	325,315	54,49	212,122	45,29	298	209
9332	4,7	4,0	4,6	7,2	291	289
9349	12,9	40,35	15,2	19,27	220	248
9350	366,266	358,309	515,396	584,474	293	275
9351	315,225	10,3	426,339	10,3	293	275
9352	252,179	547,478	418,304	924,737	275	298
9353	95,55	48,25	156,111	76,68	298	298
9355	6,2	44,28	4,4	49,51	261	273
9356	4,2	7,3	4,7	13,7	204	245
9357	53,37	33,33	82,84	72,41	263	287
9360	222,187	300,260	337,286	400,276	298	298
9361	215,211	368,306	305,217	507,350	298	298
9362	214,204	71,46	299,218	109,74	298	298
9363	214,204	333,291	299,218	537,420	298	298
9364	71,46	333,291	109,74	537,420	298	298
9365	244,141	325,297	324,240	542,419	298	298
9366	106,171	301,339	73,30	220,98	298	268
9367	2,0	301,339	0,0	220,98	298	268
9368	107,172	431,458	73,30	312,158	298	298
9369	3,1	431,458	0,0	312,158	298	298
9370	107,172	0,1	73,30	0,0	298	298
9372	268,229	2,0	245,181	1,0	176	173
9373	409,340	72,80	349,265	44,24	268	205
9374	28,9	16,14	16,6	12,8	287	293
9380	546,387	268,186	788,547	507,366	298	228
9381	120,161	359,310	84,47	234,148	285	296
9382	242,193	350,318	155,138	253,167	296	281
9383	263,244	330,295	316,175	232,192	298	298
9384	369,291	241,243	395,223	166,140	298	251
9385	6,1	66,53	11,4	119,71	190	247
9386	85,78	133,103	198,133	174,159	256	266
9387	88,103	129,97	150,118	173,134	282	298
9389	375,341	74,63	737,536	115,95	298	225
9390	375,341	0,2	739,538	4,10	298	225
9391	29,20	15,19	19,11	9,11	298	268
9392	35,20	0,1	24,14	0,0	298	268
9393	29,21	27,29	19,11	21,20	298	298
9394	30,21	25,27	21,11	13,11	298	239
9397	12,11	23,15	15,20	10,6	268	298
9398	12,11	29,28	14,20	22,22	268	298
9399	16,23	25,26	11,16	13,12	298	239
9453	39,65	48,82	7,11	19,12	296	298
9454	425,339	464,371	616,505	803,597	246	272
9455	265,184	327,230	520,375	500,387	230	247
9456	68,57	72,63	69,37	81,58	271	250
9457	6,4	72,63	14,4	81,58	296	250
9458	95,134	70,63	96,80	81,58	296	250
9460	1,1	0,0	0,0	2,0	298	298
9463	6,8	11,13	10,4	6,2	284	257
9464	134,139	135,134	152,73	124,97	277	298
9465	115,98	76,51	143,84	63,27	228	277
9466	186,126	78,62	235,144	120,63	267	233
9467	84,84	52,34	107,85	57,32	217	267
9468	103,99	52,34	110,87	57,32	250	267
9469	90,82	193,140	105,83	205,137	217	267
9470	98,99	193,140	110,87	205,137	250	267
9471	674,560	423,390	1273,951	777,619	298	298
9472	2,2	0,4	2,2	4,0	279	212
9473	198,157	215,136	282,233	238,152	262	216
9474	148,116	239,201	256,177	268,231	219	246
9475	39,33	244,204	39,43	344,288	246	291
9476	186,131	247,213	258,224	348,289	246	291
9477	10,16	192,138	12,1	185,114	298	298
9478	143,127	100,79	194,103	110,75	298	268
9479	88,86	107,93	100,81	127,98	209	215
9480	57,38	351,251	68,47	441,317	215	293
9491	164,198	167,101	323,202	211,188	291	236
9492	86,95	267,218	126,78	348,266	256	291
9493	169,172	412,344	241,171	734,558	274	295
9494	169,170	302,247	242,173	499,342	274	298
9495	350,256	387,311	591,448	702,482	298	298
9496	1,1	156,118	1,1	239,170	298	230
9497	303,247	156,118	498,343	239,170	298	230
9499	198,166	325,307	377,258	617,462	230	298
9500	198,166	6,6	377,258	5,1	230	298
9501	293,223	411,343	450,299	735,559	298	298
9502	79,89	251,153	73,57	228,173	250	298
9503	137,78	253,155	123,72	228,175	283	298
9504	0,2	0,0	0,1	0,1	268	247
9508	2,2	0,0	0,2	0,1	208	247
9510	1,0	14,5	0,0	14,9	208	270
9512	4,1	6,9	8,2	13,15	270	298
9513	4,1	17,8	7,2	16,10	270	270
9514	1,0	17,7	0,2	13,9	270	270
9515	0,0	23,12	1,1	22,10	270	279
9516	13,8	6,5	21,10	13,6	279	234
9517	17,6	4,3	13,10	6,4	234	298
9518	17,13	0,2	23,8	10,0	298	270
9519	124,97	48,32	180,123	31,22	282	222
9520	108,69	19,15	133,97	17,18	265	195
9521	88,66	79,52	168,126	144,96	256	265
9522	69,80	422,338	96,59	426,315	298	298
9523	333,259	339,299	368,281	483,452	298	298
9524	81,56	136,110	87,59	196,143	298	221
9525	6,2	136,110	10,3	196,143	290	221
9526	179,151	136,110	255,200	195,141	290	221
9527	199,175	43,52	297,198	89,69	298	257
9528	197,175	11,10	295,198	11,9	298	257
9529	131,126	144,135	234,184	264,182	257	298
9530	131,126	130,127	234,184	241,172	257	274
9531	230,171	201,180	447,287	273,227	298	283
9532	192,144	180,126	295,230	232,211	283	260
9533	155,156	177,123	243,212	273,186	260	298
9534	211,131	41,26	406,261	58,67	298	183
9538	85,99	293,249	99,89	268,177	202	271
9539	11,8	654,510	5,5	725,500	267	271
9540	447,324	400,323	450,290	513,333	276	284
9541	201,150	174,157	288,153	270,161	243	279
9542	3,9	100,91	13,8	183,112	292	222
9545	29,25	28,30	34,31	34,20	283	298
9546	29,25	34,30	34,31	34,19	283	298
9547	48,31	2,0	70,34	0,0	298	298
9548	13,11	17,29	9,18	28,19	227	298
9549	13,11	1,4	9,18	0,0	227	270
9550	34,13	60,34	31,13	53,35	230	249
9551	41,24	12,6	46,28	18,6	298	192
9552	1,0	12,6	0,0	18,6	188	192
9553	42,39	79,89	49,40	128,84	298	255
9554	15,13	79,89	13,9	128,84	298	255
9555	3,6	146,106	2,6	137,110	288	291
9556	15,10	123,122	24,16	129,124	194	214
9557	15,11	155,112	22,17	150,116	194	291
9559	286,282	267,215	242,140	319,210	298	246
9560	141,113	222,192	244,188	354,239	235	248
9561	31,25	294,274	31,12	324,271	298	233
9562	236,233	294,274	365,244	324,271	298	233
9563	4,0	294,274	0,0	324,271	298	233
9564	4,6	0,4	2,0	6,0	247	257
9565	4,4	9,13	8,4	18,25	231	190
9566	23,11	9,13	25,14	18,25	255	190
9567	4,4	55,44	8,4	132,119	231	243
9568	23,11	55,44	25,14	132,119	255	243
9569	114,115	116,102	59,43	54,37	232	229
9570	2,0	144,152	0,0	87,73	279	232
9571	3,3	143,151	0,0	87,73	279	232
9572	193,153	229,229	114,84	112,107	266	279
9573	301,193	187,135	144,90	79,66	298	244
9574	200,161	237,141	117,86	89,68	266	298
9575	112,133	3,11	128,106	1,2	273	227
9576	43,72	49,38	72,57	56,41	298	273
9577	5,11	47,40	20,9	56,41	244	273
9578	5294,4497	2824,2368	5855,4777	3422,2612	298	245
9579	1254,1103	2827,2362	1754,1244	3422,2612	298	245
9580	6,10	2827,2362	3,0	3422,2612	273	245
9581	0,2	2824,2368	0,3	3422,2612	298	245
9583	5,3	34,26	1,2	3,1	292	298
9584	5,3	10,15	1,2	1,0	292	298
9585	34,26	10,15	3,1	1,0	298	298
9586	7,4	87,78	10,2	53,31	210	258
9587	23,33	13,12	20,16	9,12	298	224
9588	25,24	26,11	16,12	21,9	298	298
9589	21,28	12,3	14,11	7,1	292	249
9590	115,99	2,4	117,101	2,0	285	242
9591	156,124	186,162	154,126	268,213	285	242
9592	140,133	171,186	234,156	383,304	298	298
9594	31,24	33,26	52,40	73,38	241	241
9595	30,17	29,21	37,18	46,27	215	298
9596	1,2	194,206	3,4	471,364	298	240
9599	0,6	87,54	0,1	90,64	298	251
9600	85,58	88,52	78,48	91,63	298	251
9601	192,185	192,171	182,163	217,168	298	298
9602	167,162	187,166	234,167	205,166	298	298
9603	171,167	172,149	247,169	242,152	298	298
9604	80,68	132,106	109,60	182,109	218	298
9605	110,114	55,56	155,112	68,55	298	218
9606	143,160	135,107	143,122	192,108	298	298
9607	145,117	110,116	262,134	154,112	298	298
9608	22,12	31,21	18,16	36,18	197	296
9610	741,561	671,563	985,730	923,647	298	298
9611	513,396	698,625	834,578	938,719	281	298
9612	621,453	708,534	849,579	937,695	270	281
9613	676,562	686,532	740,582	766,538	298	271
9614	644,567	724,611	807,595	871,587	298	298
9615	460,387	658,551	657,394	740,584	298	298
9616	8,6	519,417	3,0	789,487	230	254
9617	13,9	30,20	25,26	59,22	211	298
9618	22,23	38,34	18,8	44,39	298	298
9621	206,175	262,237	275,229	356,279	247	245
9630	1,3	0,2	2,0	3,1	240	190
9631	219,171	267,205	357,269	437,344	207	277
9632	474,385	267,205	793,559	437,344	298	277
9633	474,385	20,27	793,559	21,9	298	298
9634	476,369	450,410	706,519	694,439	298	298
9635	477,368	507,442	710,519	742,536	298	298
9636	462,364	508,441	945,604	742,536	298	298
9637	93,68	25,15	115,78	29,17	275	194
9638	81,52	44,30	93,58	34,39	254	269
9639	12,15	424,363	10,1	526,317	200	201
9640	223,187	425,451	332,256	581,348	193	207
9641	324,337	303,266	460,319	469,343	298	277
9642	286,272	326,265	385,237	449,315	298	298
9643	223,170	254,184	527,402	600,402	260	246
9644	47,51	70,69	54,30	112,83	259	266
9645	66,56	136,126	86,56	301,166	176	231
9646	155,126	18,6	336,203	23,9	231	250
9647	8,0	302,314	1,2	528,374	250	298
9648	188,123	135,142	489,296	192,137	250	234
9649	12,5	5,8	14,11	7,0	298	214
9650	48,34	65,68	27,24	72,38	236	236
9651	59,58	71,56	58,61	81,60	285	298
9652	135,108	105,79	142,104	141,80	298	298
9653	73,61	116,136	81,74	126,90	298	296
9654	123,82	120,62	128,76	145,93	250	276
9655	118,77	78,64	124,76	86,60	250	298
9656	118,77	15,21	124,76	22,17	250	298
9657	112,104	84,69	132,92	90,60	276	298
9658	156,84	15,20	169,110	22,17	298	298
9660	12,9	15,13	12,16	15,17	201	239
9661	44,38	22,7	81,54	41,20	298	252
9662	42,38	5,0	79,54	7,3	298	252
9663	42,38	38,36	79,54	70,53	298	298
9664	5,0	38,36	7,3	70,53	252	298
9665	23,17	40,37	26,25	72,53	252	298
9666	28,14	47,33	62,29	55,65	298	266
9667	31,35	43,27	67,51	41,44	266	272
9668	52,49	31,12	83,71	56,37	298	280
9669	52,50	31,12	83,71	56,37	298	280
9670	100,89	210,162	72,56	137,110	275	298
9671	68,58	186,156	62,47	195,153	255	298
9672	1827,1445	5273,4407	2426,1773	7625,5219	224	298
9673	3790,3406	5215,4354	4215,3194	7550,5154	278	298
9675	1,0	0,0	0,0	0,1	272	298
9677	26,26	131,119	37,37	103,72	203	257
9678	0,0	2,0	1,3	5,1	249	242
9679	1,7	2,0	11,10	5,1	298	242
9680	0,1	2,0	2,4	5,1	298	242
9681	1,7	1,1	11,10	2,0	298	278
9682	1,7	0,0	11,10	1,3	298	249
9683	0,1	0,0	2,4	1,3	298	249
9684	2,0	43,49	0,0	38,34	247	247
9685	22,9	109,98	0,0	89,74	216	263
9686	3,2	109,98	0,0	89,74	298	263
9687	5,2	109,98	2,0	89,74	276	263
9688	10,15	57,56	30,15	87,62	298	245
9689	14,4	15,11	15,14	11,6	208	252
9691	26,30	21,24	26,22	29,14	268	280
9692	9,6	0,1	10,4	0,0	234	298
9694	137,115	72,86	210,134	96,66	298	298
9695	15,14	12,15	9,10	20,17	294	298
9696	77,80	162,152	44,38	143,108	298	203
9697	1,0	212,177	0,0	236,168	203	232
9698	164,113	212,181	136,99	236,168	203	232
9699	321,269	107,94	253,231	100,76	232	205
9700	170,151	118,107	138,115	120,62	205	210
9701	262,280	372,333	101,84	145,79	298	298
9702	371,331	401,295	153,115	118,101	278	298
9703	300,348	405,261	161,105	201,134	280	298
9704	265,214	460,511	242,178	480,243	224	298
9706	491,393	170,252	433,312	140,77	260	210
9707	637,527	55,93	566,396	61,11	298	190
9708	637,527	1,0	566,396	0,0	298	184
9709	222,232	216,327	203,95	161,85	190	235
9710	248,208	440,286	398,261	514,324	261	298
9711	36,19	2,0	37,35	0,0	256	225
9712	148,130	62,61	170,87	60,37	242	298
9713	0,0	6,0	0,1	5,3	246	251
9717	0,0	2,0	0,1	0,0	242	214
9719	0,0	2,0	0,1	1,2	242	219
9725	110,99	59,39	193,117	58,49	203	264
9726	111,99	17,2	194,115	5,5	203	264
9727	211,169	104,70	328,255	122,81	221	203
9728	160,136	254,202	182,140	411,295	253	251
9729	124,108	2,0	190,135	2,1	277	207
9730	147,118	13,13	172,105	2,5	227	287
9731	154,122	144,106	172,103	111,108	227	287
9732	129,84	18,20	104,75	3,10	193	287
9733	161,124	150,112	141,105	112,113	193	287
9736	32,12	117,91	41,26	144,143	298	298
9737	67,60	93,54	25,15	59,25	298	202
9738	26,17	93,54	12,8	59,25	170	202
9739	67,85	3,16	87,43	1,0	243	298
9740	67,85	145,107	87,43	66,66	243	233
9741	25,17	90,105	12,8	91,60	170	243
9742	134,95	101,73	200,156	148,104	298	290
9754	13,0	0,2	5,6	0,0	298	267
9755	8,0	0,2	4,6	0,0	298	267
9756	2,0	0,1	0,0	0,1	218	221
9757	2,0	0,1	0,0	0,1	218	212
9761	18,36	15,20	54,22	20,19	233	233
9762	50,38	46,28	67,39	41,26	298	298
9763	46,51	184,148	73,52	282,188	229	257
9764	109,96	254,149	176,119	341,246	257	261
9765	279,226	266,195	387,296	308,268	298	298
9766	259,216	245,232	222,167	238,190	293	298
9767	30,28	90,60	61,34	96,106	298	298
9768	30,28	23,11	61,34	32,19	298	298
9769	50,46	39,39	67,48	65,37	267	298
9770	4,4	68,55	3,0	51,44	268	267
9771	239,192	266,155	370,232	435,364	240	234
9772	39,32	25,19	57,47	50,25	252	235
9774	1,2	1,11	0,0	4,6	298	276
9777	511,504	371,311	586,428	496,326	298	298
9784	149,148	220,203	305,207	348,263	218	206
9785	2,2	0,0	5,0	1,0	209	242
9786	2,0	446,378	0,0	934,715	263	260
9787	543,446	386,325	943,727	843,555	258	273
9788	276,264	386,325	468,380	842,556	231	273
9789	275,264	6,6	466,382	4,4	231	229
9790	423,374	381,338	1005,797	829,560	273	257
9791	304,258	309,328	693,462	703,447	257	250
9792	305,294	6,5	674,441	5,4	249	229
9793	8,10	18,11	18,9	22,5	298	298
9796	237,253	328,274	250,168	294,201	239	298
9799	8,7	0,2	4,5	0,0	259	298
9800	8,7	0,2	4,5	1,0	259	298
9801	8,7	0,1	4,5	0,0	259	242
9802	13,18	0,0	14,9	3,1	243	298
9805	110,110	101,83	130,88	137,82	281	231
9806	40,45	113,70	120,67	181,136	217	274
9807	60,63	25,27	172,113	71,46	256	217
9808	13,11	261,214	10,4	284,206	223	255
9809	61,67	192,138	94,67	245,164	200	298
9810	153,139	143,116	192,100	134,113	264	236
9811	197,158	144,117	244,161	134,113	298	236
9812	142,151	140,114	225,156	133,113	278	236
9813	1,0	245,175	0,0	243,187	184	224
9814	66,56	110,72	88,72	93,79	248	224
9815	14,18	39,25	10,5	45,21	282	297
9816	423,360	14,13	567,373	8,0	298	264
9818	139,202	387,430	85,42	441,269	292	298
9819	272,242	333,290	313,269	344,330	237	240
9837	4,4	0,3	0,0	2,0	267	289
9840	31,44	55,52	34,30	65,49	298	256
9841	31,45	13,22	34,28	13,10	298	256
9842	31,44	8,9	34,30	15,5	298	276
9843	51,39	67,72	41,23	56,66	238	276
9844	1,3	64,64	4,1	55,65	238	276
9845	139,126	0,0	167,149	1,0	281	266
9846	2,1	38,31	4,2	30,24	192	298
9847	10,1	33,21	7,8	53,34	254	279
9848	51,52	46,42	69,65	70,55	298	298
9849	70,35	8,20	87,51	23,24	298	250
9850	70,35	31,55	87,51	49,40	298	274
9851	40,36	26,43	55,35	54,36	274	253
9852	161,113	344,262	187,108	458,351	266	267
9853	160,111	248,192	185,106	418,317	266	240
9854	122,99	344,262	310,179	458,351	266	267
9855	120,97	248,194	308,177	418,318	266	240
9856	120,97	7,7	308,177	2,1	266	267
9857	140,95	249,194	286,189	422,320	267	240
9858	27,32	2,0	45,40	1,0	234	204
9859	21,25	2,3	27,29	2,0	204	244
9876	72,47	31,36	92,82	49,29	298	215
9877	1,0	31,36	2,0	49,29	213	215
9878	3107,2492	2393,2019	3865,2761	3117,2216	298	298
9879	3,9	16,12	1,3	11,4	256	298
9880	1595,1340	2930,2608	2062,1447	3681,2485	242	298
9881	1594,1292	1223,975	2304,1537	1918,1238	274	223
9882	620,515	674,561	785,620	732,628	287	298
9883	32,29	35,43	30,27	33,13	298	254
9884	0,0	24,7	2,2	25,26	239	298
9885	18,15	7,13	12,18	11,3	215	199
9886	57,54	72,50	77,53	74,54	298	298
9887	783,540	258,159	1075,846	232,184	298	218
9888	756,561	263,155	1162,784	234,186	285	218
9889	4,7	258,159	3,3	232,184	294	218
9890	1932,1367	16,10	2682,1987	3,5	298	245
9891	747,533	822,609	1111,859	1241,858	270	298
9892	361,234	819,602	550,414	1241,859	244	298
9893	745,530	22,17	1105,858	15,10	270	298
9894	369,243	977,654	553,414	1290,978	244	270
9895	614,439	978,654	892,672	1290,978	259	270
9896	607,437	594,438	887,671	797,654	259	244
9897	200,166	3,2	336,254	1,0	251	259
9898	200,167	525,354	339,255	820,623	251	259
9899	13,14	550,411	45,16	716,554	298	251
9900	5,5	2,2	3,6	2,3	298	298
9901	4,1	53,84	8,8	140,91	273	298
9902	5,2	0,3	1,1	3,1	239	253
9903	4,6	199,222	1,3	356,266	298	233
9904	37,18	349,302	26,35	434,282	298	286
9905	9,6	315,255	4,1	508,396	286	285
9906	197,199	346,266	370,205	532,424	286	285
9907	196,197	212,180	370,205	301,228	286	207
9908	9,7	199,173	7,9	280,206	285	207
9909	348,315	201,174	478,308	276,206	285	207
9910	4,0	45,50	0,0	31,11	269	284
9911	96,78	0,1	64,22	0,0	283	252
9914	26,30	7,25	46,37	31,10	261	247
9917	321,264	178,136	412,281	286,227	257	263
9918	3,0	178,159	0,0	225,181	263	263
9919	289,251	13,6	415,277	5,10	222	298
9927	38,17	21,20	29,8	48,13	298	298
9928	7,8	1,0	0,5	1,0	298	269
9929	31,19	30,14	28,31	23,14	298	298
9930	17,13	36,27	16,18	51,20	298	298
9931	17,13	5,3	16,18	10,3	298	170
9932	9,8	0,1	2,3	1,0	266	298
9933	520,460	718,547	749,508	804,692	280	282
9934	405,306	819,768	509,350	1001,655	282	273
9935	701,521	582,517	707,607	667,456	273	236
9936	12,19	3,5	7,7	3,1	298	294
9937	191,150	108,92	117,67	75,48	298	280
9938	24,16	76,91	12,6	32,21	295	250
9939	36,35	47,32	16,13	29,24	255	246
9940	37,28	105,85	15,7	52,31	246	288
9941	1,1	31,53	0,0	35,32	246	250
9942	41,58	59,54	62,34	38,33	250	213
9943	61,55	80,40	72,47	102,59	237	289
9944	1,0	3,8	1,0	9,6	298	238
9946	2,3	1,1	10,3	0,1	298	298
9948	821,729	1102,1006	1050,796	1568,1196	298	263
9949	4,6	1102,1006	2,6	1568,1196	298	263
9950	5,12	1102,1006	6,12	1568,1196	298	263
9951	1258,983	0,5	2111,1635	0,1	263	222
9952	1258,983	1,5	2111,1635	0,0	263	298
9953	183,176	379,317	195,113	348,301	298	230
9954	429,372	384,321	510,380	348,302	298	230
9955	4,0	6,1	2,2	6,3	191	235
9956	16,8	276,257	4,2	320,205	235	298
9957	53,64	44,31	65,46	22,16	298	298
9958	60,64	405,282	67,44	505,333	298	298
9959	66,72	45,39	65,32	22,16	298	298
9960	12,7	405,283	10,4	503,335	298	298
9961	313,287	467,299	338,219	465,353	298	298
9962	271,263	324,290	319,206	356,235	298	298
9963	405,284	380,349	503,333	471,336	298	298
9964	4,0	7,15	1,1	14,6	298	283
9966	2,4	66,48	6,4	72,61	298	290
9967	2,4	10,2	6,4	3,8	298	298
9968	17,15	34,39	23,17	72,43	242	298
9969	17,15	12,10	25,18	7,6	242	183
9970	26,20	20,27	29,25	18,20	242	243
9971	55,54	0,0	73,60	2,0	298	242
9972	52,52	8,5	69,60	19,4	298	242
9973	572,510	938,704	1174,892	1803,1494	290	287
9974	282,261	36,17	511,454	83,52	242	290
9975	282,262	618,560	509,458	1173,847	242	290
9976	20,22	20,12	23,10	21,10	275	208
9978	6,1	7,0	8,3	1,0	226	284
9979	24,20	54,29	39,32	31,22	298	290
9980	213,205	594,617	152,77	389,231	298	298
9981	288,262	594,617	175,84	389,231	298	298
9982	387,375	913,689	331,244	871,611	198	276
9983	1198,1120	897,683	1014,700	871,611	298	276
9984	30,47	895,684	17,2	871,611	298	276
9985	400,380	248,228	344,251	252,157	198	210
9986	2,3	483,412	2,2	545,334	198	253
9987	1214,1126	483,412	1014,700	545,334	298	253
9988	20,7	480,412	0,0	545,334	298	253
9989	1,0	480,412	0,0	545,334	197	253
9990	388,359	480,412	362,271	545,334	242	253
9991	1214,1126	484,418	1014,700	550,334	298	298
9992	20,7	484,417	0,0	550,334	298	298
9993	1,0	484,417	0,0	550,334	197	298
9994	388,359	484,417	362,271	550,334	242	298
9995	1214,1126	2,3	1014,700	2,2	298	198
9996	388,359	2,2	362,271	2,2	242	198
9997	1196,1121	0,4	1014,700	3,0	298	198
9998	1,0	127,112	0,0	169,127	197	198
9999	392,359	127,112	362,271	169,127	242	198
10001	388,359	20,7	362,271	0,0	242	298
10002	387,361	1175,1024	362,271	1139,843	242	298
10003	0,1	1175,1024	0,0	1139,843	197	298
10004	30,45	445,474	17,2	335,240	298	197
10005	30,45	840,762	17,2	653,470	298	242
10006	2,1	393,373	2,0	472,340	246	262
10010	19,16	107,91	9,10	147,122	259	298
10011	14,18	107,91	27,11	147,122	259	298
10014	100,71	38,32	84,72	42,33	279	224
10015	32,27	38,32	20,14	42,33	286	224
10016	32,27	100,71	20,14	84,72	286	279
10017	46,34	0,1	38,37	5,3	286	188
10018	120,76	15,9	132,81	19,25	219	286
10019	41,49	71,84	66,51	106,94	193	221
10020	0,0	71,84	1,3	106,94	211	221
10021	92,84	56,52	99,71	45,46	218	193
10022	81,74	189,140	129,97	198,163	267	298
10023	2,0	190,136	0,0	197,161	267	298
10024	50,53	95,106	76,64	160,111	196	267
10025	3,0	5,2	0,0	0,5	273	270
10026	5,0	0,0	6,0	2,2	286	204
10027	6,6	0,0	5,1	2,2	271	204
10028	2,7	33,17	0,2	38,23	271	298
10030	0,3	15,8	2,0	34,16	298	255
10031	9,8	18,7	5,5	37,19	298	255
10033	391,332	456,404	501,311	433,238	240	298
10034	398,315	215,235	635,440	191,86	253	240
10035	0,0	2,0	1,0	1,2	254	254
10037	649,473	646,497	782,581	796,536	246	298
10038	603,426	765,645	592,405	947,650	234	298
10039	225,211	734,634	244,162	940,645	254	298
10040	500,453	378,419	615,417	477,367	221	234
10041	43,24	374,419	9,6	477,369	221	234
10042	224,213	18,7	248,163	7,3	254	221
10043	299,266	522,446	357,276	476,362	255	221
10044	52,20	478,421	43,22	471,353	255	221
10045	224,211	478,421	244,164	471,353	254	221
10046	224,211	52,20	244,164	43,22	254	255
10047	276,235	830,619	254,171	899,594	254	255
10048	96,121	766,583	89,45	837,554	298	255
10049	26,33	48,63	67,37	83,56	248	280
10050	49,33	88,89	48,32	51,33	298	298
10051	21,17	100,85	8,4	53,36	298	298
10052	78,52	82,79	54,39	49,33	243	298
10053	78,65	81,78	45,38	48,31	298	298
10054	97,58	39,33	58,43	29,16	243	298
10055	1,1	0,1	2,2	0,1	298	298
10056	44,42	33,32	56,47	63,36	298	205
10057	69,50	33,32	42,22	63,36	298	205
10058	1,1	137,104	0,1	162,91	194	245
10059	86,74	282,171	100,45	298,166	247	298
10060	41,42	35,32	40,37	39,35	298	231
10063	20,19	7,8	31,16	8,7	253	253
10065	25,12	2,1	33,18	0,0	233	233
10066	36,18	2,2	61,35	6,1	233	233
10069	138,172	175,79	184,141	163,125	298	238
10070	138,171	175,79	183,143	163,125	298	238
10071	142,99	176,84	159,113	169,128	282	238
10072	152,194	70,63	229,168	73,89	294	243
10073	54,40	86,77	126,98	143,94	277	298
10074	0,0	2,0	0,1	0,0	222	220
10093	28,27	145,115	35,27	146,130	246	248
10094	122,88	63,56	148,102	72,48	248	218
10095	122,122	117,105	142,101	171,148	210	221
10096	118,114	98,72	182,121	140,95	221	205
10097	87,135	163,159	91,39	225,156	298	230
10098	145,93	159,135	189,144	159,107	298	298
10100	0,3	60,45	1,0	74,62	207	233
10101	2,3	192,151	2,0	263,163	298	298
10102	43,33	63,54	58,38	77,70	209	272
10103	42,32	68,27	60,38	79,70	209	298
10104	42,32	64,30	60,38	85,75	209	298
10105	40,56	143,150	55,52	195,118	221	298
10106	366,345	132,135	566,407	82,89	287	242
10107	453,378	265,301	725,489	329,216	297	287
10108	447,399	376,368	493,381	601,421	298	297
10109	396,383	447,381	518,355	741,482	298	298
10110	313,317	446,400	302,231	493,381	298	298
10111	209,215	396,378	314,236	520,354	246	298
10112	138,119	282,250	128,87	390,253	252	298
10113	132,106	88,96	141,120	127,112	232	234
10114	3,0	86,97	5,0	127,112	232	234
10115	266,146	86,97	317,252	127,112	269	234
10116	266,146	3,0	317,252	5,0	269	232
10117	266,146	102,109	315,252	132,104	269	232
10122	163,154	154,113	241,275	246,179	298	201
10123	73,62	17,18	70,60	8,2	298	290
10124	9,13	29,46	8,5	33,23	227	272
10125	9,12	2,0	2,5	1,0	176	227
10126	11,19	57,54	5,6	41,41	216	227
10127	46,52	0,1	39,28	2,0	216	279
10128	28,26	0,1	32,20	2,0	236	279
10130	28,35	298,263	50,23	543,370	219	244
10131	161,202	594,472	286,203	1157,759	244	286
10132	161,202	612,483	286,203	1191,783	244	298
10133	45,28	298,276	73,39	537,376	298	298
10134	457,423	298,276	791,579	537,376	286	298
10135	298,277	197,144	538,376	414,250	298	227
10136	219,171	276,224	394,302	417,300	227	217
10137	303,266	444,368	438,379	901,761	292	285
10138	68,57	38,35	102,42	48,31	271	230
10139	68,57	109,89	102,42	105,66	271	298
10140	70,84	14,5	125,68	7,9	298	277
10141	75,84	102,87	123,68	109,71	298	277
10142	1,0	102,87	0,3	109,71	226	277
10143	228,192	8,1	231,153	6,3	277	246
10145	37,32	34,46	69,67	64,58	244	224
10146	5,2	4,2	3,0	6,4	261	273
10147	0,1	4,2	0,0	6,4	161	273
10148	7,4	5,0	1,0	2,0	249	261
10149	101,66	5,0	79,67	2,0	279	261
10150	140,93	5,0	111,94	2,0	271	261
10151	83,51	5,0	73,59	2,0	250	261
10152	101,66	7,4	79,67	1,0	279	249
10153	140,93	7,4	111,94	1,0	271	249
10154	83,51	7,4	73,59	1,0	250	249
10155	98,69	100,126	41,36	54,39	298	298
10157	48,42	34,42	51,31	19,13	212	195
10159	69,55	120,93	35,29	62,63	220	298
10161	97,114	1,0	62,44	0,0	298	182
10162	79,96	1,0	45,31	0,0	182	182
10163	97,114	172,109	62,44	77,76	298	178
10165	79,96	172,109	45,31	77,76	182	178
10166	0,6	175,109	0,0	77,76	198	178
10167	113,56	254,165	42,29	123,123	182	298
10168	0,6	254,165	0,0	123,123	198	298
10169	113,56	1,3	42,29	3,3	182	190
10170	21,13	1,2	7,7	3,3	182	190
10171	4,4	1,2	0,1	3,3	298	190
10172	162,155	1,2	102,74	3,3	298	190
10173	155,137	184,144	86,63	114,88	200	190
10174	1,0	184,144	1,0	114,88	232	190
10175	97,114	137,83	62,44	75,55	298	188
10176	22,15	137,83	6,7	75,55	182	188
10178	140,123	137,83	77,57	75,55	196	188
10180	140,123	166,104	77,57	90,67	196	298
10183	140,123	22,15	77,57	6,7	196	182
10185	15,8	155,94	2,7	104,98	182	182
10186	155,137	155,94	86,63	104,98	200	182
10187	155,137	217,159	86,63	146,144	200	298
10189	58,38	165,100	12,18	89,44	182	190
10190	159,137	165,100	86,63	89,44	200	190
10193	153,153	181,110	64,41	99,54	182	196
10194	58,38	181,110	12,18	99,54	182	196
10195	159,137	181,110	86,63	99,54	200	196
10196	33,22	181,110	7,4	99,54	182	196
10197	63,47	181,110	25,16	99,54	298	196
10198	18,16	181,110	16,12	99,54	233	196
10199	155,137	15,8	86,63	2,7	200	182
10200	159,137	58,38	86,63	12,18	200	182
10201	18,16	33,22	16,12	7,4	233	182
10202	155,137	134,97	86,63	72,54	200	182
10204	32,16	184,147	6,7	102,55	225	200
10205	83,47	184,147	25,28	102,55	233	200
10206	3,2	198,158	0,0	111,61	192	298
10207	3,1	198,158	0,0	111,61	298	298
10208	3,2	37,19	0,0	6,7	192	233
10209	3,1	37,19	0,0	6,7	298	233
10210	0,1	274,235	0,0	140,110	192	233
10211	0,1	4,2	0,0	18,10	209	211
10212	11,6	1,9	7,2	21,10	183	187
10213	29,19	19,17	49,44	40,28	248	265
10214	22,12	26,27	28,25	58,58	266	237
10215	5,8	305,217	4,1	595,376	270	267
10217	5,6	1,3	5,2	0,0	296	219
10218	5,6	22,17	5,2	7,6	296	284
10220	34,35	53,26	17,13	26,13	255	298
10221	38,33	0,2	16,13	0,0	255	246
10222	277,261	132,152	414,281	136,53	266	298
10223	167,168	212,200	246,168	358,212	236	266
10228	1,1	4,18	0,0	14,1	206	289
10229	5,18	42,23	6,2	18,26	298	247
10230	7455,6080	4688,4432	12141,9231	6894,5295	257	298
10231	7455,6080	51,69	12141,9231	47,44	257	288
10232	275,280	428,388	284,191	464,308	285	298
10233	548,499	446,431	572,380	389,240	298	298
10234	422,388	107,125	465,308	106,73	298	279
10235	566,435	360,330	667,610	359,324	218	200
10236	627,532	433,327	658,576	581,443	254	218
10237	348,366	705,580	444,351	1009,840	234	254
10238	261,263	529,417	392,304	556,516	205	234
10239	632,556	194,185	780,400	271,205	266	196
10240	44,27	5,0	49,40	14,2	227	298
10241	2,1	261,241	0,0	258,199	194	298
10242	221,191	264,246	288,178	255,194	298	252
10243	217,188	3,1	289,177	2,0	298	252
10244	163,159	92,58	153,134	101,76	252	189
10245	165,164	186,166	160,135	207,154	252	239
10246	165,164	30,24	160,135	45,23	252	263
10247	162,159	23,27	155,134	32,10	252	239
10248	84,65	190,166	78,51	207,152	189	239
10249	84,65	33,24	78,51	45,22	189	263
10250	77,63	26,27	78,46	32,9	189	239
10251	77,63	3,0	78,46	0,0	189	239
10252	77,63	236,191	78,46	271,170	189	258
10254	361,313	273,215	467,365	334,257	292	244
10255	0,3	119,107	0,0	152,102	238	249
10256	142,174	162,157	187,110	195,119	249	298
10257	135,94	197,183	149,87	167,130	277	298
10258	243,185	301,270	293,261	454,317	298	269
10259	224,195	309,259	276,187	604,443	289	261
10260	399,282	360,318	561,401	508,383	261	298
10261	200,196	432,363	307,214	617,412	244	298
10262	101,92	103,65	137,100	175,119	298	298
10263	91,106	49,47	187,97	84,56	298	278
10264	89,109	79,31	185,97	90,84	298	247
10265	80,91	5,0	121,105	2,1	298	298
10266	80,91	3,3	121,105	0,1	298	298
10267	80,91	58,38	124,105	65,63	298	298
10268	13,9	19,16	28,15	16,8	259	220
10269	24,11	35,15	30,18	46,18	259	294
10270	24,29	13,18	50,40	22,6	298	259
10271	173,145	7,4	171,164	0,0	298	234
10272	1273,1183	1089,980	1320,979	1015,747	277	242
10273	3,4	0,4	2,0	0,0	298	276
10278	15,17	34,26	25,22	48,24	266	298
10279	69,40	119,106	65,67	111,82	243	298
10280	72,56	50,42	83,57	54,43	298	298
10281	97,67	44,66	105,50	54,39	298	298
10282	97,67	0,1	105,50	2,3	298	254
10283	18,8	72,57	17,16	80,55	267	298
10285	115,141	238,190	113,75	259,138	298	213
10286	18,11	7,4	13,14	7,3	227	221
10288	41,35	61,51	21,12	27,18	238	237
10289	84,61	154,128	106,65	89,66	239	298
10290	137,115	77,59	119,120	77,58	250	252
10291	203,170	119,121	204,154	179,76	298	298
10292	263,279	182,192	221,155	101,77	298	298
10293	3,0	4,2	0,0	6,2	267	298
10294	161,121	135,84	182,127	135,112	261	298
10296	133,107	16,15	8,7	2,1	298	216
10297	111,92	114,142	129,85	152,126	249	298
10299	260,210	3,4	464,297	1,0	230	206
10300	428,411	203,140	607,488	373,257	298	230
10301	428,411	204,148	607,488	381,252	298	298
10302	1472,1231	2270,1889	3498,2418	6400,4266	200	298
10303	2429,1888	2294,2037	6115,4049	5085,3513	298	298
10304	483,477	767,766	458,290	954,732	284	298
10305	638,505	373,336	620,507	511,326	257	237
10306	638,500	7,9	620,507	4,0	257	237
10307	381,371	687,539	513,355	859,622	227	257
10308	576,506	435,413	538,288	519,400	298	251
10309	871,786	435,419	781,673	521,403	289	251
10310	873,788	665,661	781,672	732,462	289	298
10311	62,62	54,31	56,46	75,24	245	227
10312	171,150	211,136	188,160	264,185	260	257
10314	815,705	458,392	2286,1676	1000,780	255	205
10315	1,4	841,722	2,3	1771,1307	199	255
10316	70,63	39,44	83,81	32,16	203	212
10318	10,4	18,6	4,4	7,10	242	242
10319	18,15	19,14	25,19	15,18	267	229
10320	8,15	20,15	15,16	21,27	229	254
10321	30,28	40,35	25,37	61,47	248	223
10322	80,53	90,69	8,4	20,13	298	298
10323	4535,4048	1852,1970	7511,4924	3035,2125	244	257
10324	6673,5888	1890,1994	11355,7871	3071,2152	234	257
10326	56,41	98,103	29,15	77,69	298	244
10327	56,41	88,88	29,15	65,62	298	218
10331	9,15	18,14	13,25	24,14	269	298
10332	13,17	31,26	7,9	58,41	298	276
10333	29,36	36,30	77,36	42,33	298	291
10334	475,419	600,505	569,408	742,582	222	227
10335	691,685	598,505	932,640	742,580	298	227
10336	566,577	370,312	793,528	480,346	255	222
10337	692,684	701,553	932,640	825,591	298	255
10338	589,542	536,451	749,537	660,541	281	238
10339	573,524	916,775	700,460	1027,818	293	281
10340	16,14	655,598	19,5	855,622	243	293
10341	26,33	446,419	16,20	533,363	298	243
10342	0,0	3,6	1,0	0,0	298	273
10344	0,0	3,12	2,0	0,2	298	273
10345	0,0	15,8	2,0	4,7	298	283
10346	0,0	8,5	2,0	4,3	298	298
10348	0,0	3,12	2,1	0,2	298	273
10349	0,0	15,8	2,1	4,7	298	283
10350	0,0	8,5	2,1	4,3	298	298
10351	0,0	3,12	0,1	0,2	298	273
10352	0,0	15,8	0,1	4,7	298	283
10353	0,0	8,5	0,1	4,3	298	298
10354	3,12	15,8	0,2	4,7	273	283
10355	3,12	8,5	0,2	4,3	273	298
10356	33,32	16,22	39,23	15,8	298	281
10357	39,45	4,1	32,20	3,4	264	298
10358	0,1	10,4	1,0	5,6	298	298
10359	0,1	5,2	1,0	3,4	298	298
10362	11,5	375,294	5,4	363,233	281	298
10363	0,0	947,721	1,0	1173,831	281	264
10364	120,90	88,60	144,95	160,105	298	264
10365	479,406	367,321	629,482	436,349	292	247
10366	319,238	216,220	433,334	264,200	247	198
10367	31,54	13,22	104,59	30,40	221	221
10368	79,51	7,9	145,95	9,9	298	221
10369	71,38	7,9	121,83	9,9	298	221
10372	35,18	46,31	56,46	97,58	248	298
10373	32,18	46,31	50,45	97,58	221	298
10374	67,38	0,1	110,91	5,3	221	176
10393	3,2	10,3	7,1	5,3	277	298
10394	0,0	10,3	1,2	4,1	209	298
10395	68,37	10,3	83,77	4,1	298	298
10396	68,37	0,0	83,77	1,2	298	209
10404	37,41	134,154	52,24	202,140	257	295
10405	33,42	4,0	51,22	2,0	257	295
10406	190,204	135,125	302,207	212,130	295	298
10407	0,2	0,0	0,0	0,1	183	258
10415	25,14	17,10	34,32	26,8	260	200
10416	48,31	55,31	116,75	39,42	298	260
10418	26,28	68,54	48,15	74,58	248	236
10419	6,11	50,52	19,6	71,40	177	248
10420	1,0	42,53	0,0	71,34	177	248
10422	79,69	0,0	131,62	1,0	258	298
10425	17,7	44,23	19,3	52,63	284	233
10426	24,24	61,64	18,14	62,47	233	254
10427	2,0	12,12	0,0	14,10	253	298
10430	11,17	17,7	11,12	13,12	199	214
10432	13,15	17,7	13,12	13,12	277	214
10435	280,263	161,129	444,354	238,161	228	223
10436	46,46	77,38	74,58	63,32	243	207
10437	38,32	1,6	39,11	4,2	257	288
10438	50,56	82,45	80,54	70,61	272	272
10439	67,54	85,68	85,58	88,75	272	272
10440	1,2	5,5	4,1	19,3	298	287
10441	94,82	73,72	99,67	96,55	298	245
10442	170,158	102,89	215,143	199,110	298	225
10443	168,163	0,2	215,142	0,1	298	225
10444	166,156	88,67	214,142	148,113	298	253
10445	44,46	223,162	86,59	249,219	225	298
10446	138,100	71,42	114,78	83,44	252	220
10447	13,6	363,320	9,2	570,419	210	246
10448	101,74	155,121	174,147	218,193	256	298
10449	115,73	155,119	251,173	218,192	264	298
10450	42,49	164,120	65,44	198,122	298	252
10451	205,213	182,146	227,180	217,138	298	252
10452	216,220	19,22	241,183	21,14	298	252
10453	216,220	227,158	241,183	319,226	298	270
10454	204,213	13,20	224,178	16,14	298	252
10455	204,213	215,157	224,178	290,214	298	298
10456	19,22	227,158	21,14	319,226	252	270
10457	13,20	215,157	16,14	290,214	252	298
10458	130,92	221,164	212,111	306,220	252	298
10459	177,125	214,159	226,130	294,214	270	298
10460	7,3	168,132	3,0	226,153	298	260
10461	6,5	168,130	7,0	227,153	298	260
10462	258,190	174,130	364,245	226,153	298	260
10463	12,14	214,190	11,11	233,139	172	298
10464	206,186	6,7	262,219	7,3	214	194
10465	206,186	176,161	262,219	242,173	214	253
10466	60,52	148,128	118,80	192,145	194	236
10467	182,142	148,128	249,192	192,145	253	236
10468	154,130	232,185	232,168	300,191	236	298
10469	11,9	214,240	6,5	314,218	269	283
10470	148,130	214,240	251,161	314,218	253	283
10471	44,36	2,1	42,41	3,0	298	298
10472	43,36	32,33	40,41	34,36	298	298
10473	49,47	2,0	51,46	2,0	298	273
10474	19,14	22,41	18,10	49,33	298	272
10475	48,47	2,0	52,54	2,0	298	273
10476	18,14	22,41	19,18	49,33	298	272
10477	27,30	22,35	27,31	40,50	272	247
10479	425,326	467,391	703,532	620,460	298	266
10480	425,326	12,12	703,532	14,10	298	298
10481	423,324	5,9	705,532	8,6	298	266
10482	423,324	6,4	705,532	6,2	298	298
10483	423,324	5,2	704,532	4,2	298	266
10484	607,476	709,587	1036,850	1227,838	266	298
10485	606,469	375,371	1032,845	571,447	266	263
10486	2,3	24,25	1,0	53,36	202	245
10487	2,2	34,41	2,0	23,27	202	245
10488	20,21	3,0	21,14	3,0	270	298
10489	42,37	19,11	42,27	17,7	286	284
10490	3,0	8655,6626	1,0	18016,13190	208	208
10491	4864,4229	2266,1833	9673,6840	4171,3105	245	208
10492	2984,2512	4764,3493	6434,4086	10522,7746	243	245
10493	193,152	275,186	142,132	243,198	276	248
10494	170,148	322,328	162,119	324,231	248	298
10495	33,31	96,87	42,20	99,83	223	298
10496	49,57	58,47	73,69	61,41	298	223
10497	4,7	92,81	3,0	110,84	292	298
10498	14,31	92,81	44,32	110,84	273	298
10499	12,12	88,76	14,11	102,76	273	298
10500	14,31	4,7	44,32	3,0	273	292
10501	10,11	49,57	14,12	73,68	273	292
10502	76,73	174,222	100,58	269,187	298	298
10507	4,0	16,13	1,0	3,0	278	260
10510	5,3	4,4	6,0	0,0	278	239
10511	4,2	0,1	1,0	0,0	278	257
10513	90,92	118,95	114,54	154,143	298	293
10515	99,54	153,119	131,113	271,155	203	255
10516	135,109	124,80	217,149	238,101	255	233
10517	4,0	33,23	1,0	28,12	298	252
10518	69,72	73,60	88,64	77,60	298	280
10519	20,9	8,5	19,17	8,4	265	281
10520	8,0	13,10	1,4	10,7	212	298
10521	4,4	0,7	15,7	4,3	247	298
10522	3,4	4,2	7,8	0,0	247	298
10523	5,4	5,7	0,0	4,3	224	237
10524	14,7	0,0	11,6	0,1	237	298
10525	7,8	5,2	8,1	10,3	226	298
10526	0,1	0,0	3,1	2,0	298	240
10527	6,5	1,0	3,5	6,1	298	228
10528	1,0	5,1	3,0	6,1	228	298
10529	1,0	0,0	7,1	1,0	298	266
10530	1,0	3,2	7,1	3,3	298	214
10531	0,0	3,2	1,0	3,3	266	214
10532	2,0	1,2	3,1	4,3	266	214
10534	0,11	1,0	5,2	0,0	235	249
10535	9,8	5,5	12,5	14,6	298	262
10536	9,8	7,6	14,3	16,11	262	289
10537	9,4	26,18	11,10	31,7	235	260
10538	5,5	109,75	2,2	191,132	229	294
10539	132,145	222,142	182,115	280,241	287	289
10540	188,121	110,88	173,172	150,98	289	238
10541	223,208	82,61	312,175	103,83	298	298
10542	223,208	96,109	312,175	147,100	298	298
10543	172,160	160,163	210,140	165,105	298	291
10544	172,160	160,163	210,140	165,105	298	288
10545	97,112	101,73	148,116	105,80	288	263
10546	9,1	233,223	1,0	432,341	286	272
10547	55,67	83,67	86,82	107,84	234	277
10548	55,66	12,5	89,84	15,5	234	277
10549	75,74	61,45	92,56	110,60	277	222
10550	7,11	113,112	3,6	202,133	167	283
10556	31,36	401,299	49,37	475,403	298	224
10557	1,3	1,1	0,3	2,0	298	212
10558	278,199	225,192	417,266	299,209	230	203
10559	133,152	650,445	181,152	1013,760	197	298
10560	768,590	456,275	1057,812	624,512	285	298
10562	6,3	8,11	4,1	7,5	265	194
10564	248,203	2,1	393,301	1,1	298	298
10565	27,22	94,79	20,5	93,36	298	260
10566	39,31	94,79	19,5	93,36	298	260
10567	463,381	513,382	1100,815	832,628	255	250
10568	12,11	12,32	6,3	22,6	250	298
10569	406,336	24,30	1040,784	31,6	250	298
10570	122,111	80,84	94,54	92,61	277	244
10571	143,112	76,87	176,124	95,79	298	277
10572	57,66	149,126	81,45	120,75	290	298
10573	103,90	51,51	83,92	37,43	292	234
10574	73,52	41,31	76,35	26,30	245	209
10575	76,56	3,1	78,53	0,0	298	245
10576	75,58	67,67	78,53	59,65	298	245
10577	21,28	89,60	40,11	83,75	203	298
10578	172,120	207,140	208,191	233,180	245	284
10579	169,119	3,4	206,189	2,4	245	284
10580	250,193	128,145	259,179	136,99	296	245
10581	86,97	2,1	150,117	4,2	298	250
10582	91,103	93,78	155,117	130,88	298	250
10583	130,99	76,54	206,173	84,52	298	298
10584	1,0	76,54	1,0	84,52	298	298
10585	10,8	76,56	4,1	84,54	298	298
10586	79,71	94,103	149,88	153,116	298	298
10587	209,194	0,0	332,231	2,0	249	240
10588	110,62	60,45	117,85	87,62	247	249
10589	4,6	93,95	2,2	155,109	265	247
10590	11,10	93,95	12,14	155,109	268	247
10591	123,100	93,95	172,125	155,109	298	247
10592	132,101	122,86	213,150	149,115	298	265
10593	132,101	125,91	213,150	157,122	298	268
10594	132,101	153,110	213,150	195,143	298	298
10596	96,71	126,111	133,93	175,134	252	298
10597	96,60	120,100	151,87	174,124	236	298
10598	100,70	49,30	226,140	94,62	298	248
10599	260,245	8,3	264,199	3,7	243	213
10600	207,179	4,3	233,198	0,1	228	250
10601	384,287	1,1	489,328	0,0	226	250
10602	207,179	432,381	233,198	339,267	228	243
10603	384,287	429,378	489,328	339,266	226	243
10604	277,252	527,422	324,263	665,470	237	298
10605	480,488	357,347	545,396	340,240	262	233
10606	1,2	4,10	4,3	4,4	175	204
10607	6,6	27,22	0,0	1,4	224	298
10608	13,8	22,16	0,0	5,2	298	298
10609	131,94	225,192	209,166	340,265	278	295
10610	165,133	120,86	207,153	197,131	295	233
10611	1,5	399,282	1,0	382,202	223	281
10612	1230,923	244,211	1813,1319	455,312	298	222
10613	1200,901	1047,823	2184,1470	1812,1340	298	295
10614	890,716	931,758	1492,1009	1599,1105	295	282
10618	259,198	1,3	207,118	0,2	189	192
10619	70,85	127,129	71,59	185,110	203	242
10620	83,85	188,136	188,112	363,247	243	276
10621	238,179	117,79	511,354	230,186	276	213
10622	235,177	0,0	506,352	1,0	276	213
10623	177,122	159,134	304,240	190,208	267	252
10624	229,187	149,160	415,331	257,186	298	224
10625	129,103	19,8	247,161	20,12	224	208
10626	66,74	237,143	140,111	320,302	208	271
10627	192,162	816,789	499,357	1628,1243	291	290
10628	382,357	853,725	736,529	2347,1747	230	238
10629	887,951	854,724	1706,1335	2347,1743	272	238
10630	912,976	608,561	1726,1350	1537,1098	272	222
10631	3,6	166,122	3,0	135,109	187	205
10632	45,52	181,104	37,21	151,108	205	208
10633	537,443	855,660	920,638	1367,1132	224	298
10634	931,810	829,643	1199,1036	1351,1118	298	298
10635	2362,2053	1692,1356	3334,2709	2461,1797	298	252
10636	77,57	122,99	97,69	133,118	260	269
10637	3,2	121,101	0,0	129,119	260	269
10638	24,36	10,7	35,22	5,4	252	176
10639	55,44	6,10	63,38	4,1	298	176
10641	17,16	65,74	27,10	96,53	233	298
10642	0,1	135,125	0,0	234,150	245	298
10643	72,57	72,65	139,97	126,75	298	298
10644	70,57	114,104	139,97	188,151	298	288
10645	2,5	73,61	4,2	126,75	298	298
10646	32,43	1636,1533	50,11	3865,2811	211	259
10647	0,0	0,1	0,2	0,0	221	218
10648	35,25	46,66	37,30	70,45	265	298
10651	131,131	348,265	140,108	350,269	281	298
10652	201,195	348,265	189,157	350,269	284	298
10653	153,117	48,41	206,143	41,31	213	269
10654	39,37	45,39	32,15	35,9	235	259
10655	60,61	51,60	62,28	50,31	293	298
10657	139,223	939,824	181,67	1305,927	187	232
10658	336,273	298,264	717,638	633,489	239	215
10659	249,195	278,226	506,396	546,364	227	239
10660	31,21	5,5	29,22	6,1	235	208
10661	110,65	5,5	96,53	6,1	263	208
10662	0,0	46,29	1,0	34,19	218	194
10663	46,57	67,44	88,57	88,62	218	194
10666	0,0	165,153	0,1	248,165	182	218
10667	0,0	33,40	0,1	67,44	182	176
10668	37,25	70,62	57,31	104,64	204	215
10669	637,547	785,782	913,596	1031,763	232	229
10670	148,222	770,768	197,80	1022,759	298	229
10671	1,2	769,770	5,1	1022,761	298	229
10673	0,2	0,0	0,1	1,0	283	267
10674	0,2	0,0	4,6	1,0	249	267
10677	0,2	0,0	2,1	1,0	283	267
10679	0,1	0,0	0,2	1,0	298	267
10680	0,1	0,0	0,2	1,0	298	267
10681	0,1	0,0	0,2	1,0	298	267
10682	0,1	0,0	0,1	1,0	191	267
10685	0,1	0,1	0,2	0,1	298	261
10686	0,1	0,1	0,2	0,1	298	261
10687	0,1	0,1	0,2	0,1	298	261
10688	0,1	0,1	0,2	0,1	298	261
10690	0,1	0,2	0,2	2,1	298	283
10691	0,1	0,2	0,2	2,1	298	283
10692	0,1	0,2	0,2	2,1	298	283
10693	0,1	0,2	0,2	2,1	298	283
10695	0,2	0,2	4,6	0,1	249	283
10696	0,0	0,2	1,0	0,1	245	283
10699	0,1	0,2	0,2	2,1	298	283
10700	0,1	0,2	0,1	2,1	191	283
10702	0,1	0,2	2,7	0,1	249	283
10703	0,1	0,0	2,1	1,0	249	283
10717	0,0	0,2	1,0	4,6	245	249
10729	0,3	0,0	4,0	1,0	198	245
10733	0,1	0,1	1,1	1,2	221	245
10734	0,5	0,1	8,2	1,2	224	245
10737	16,40	34,37	5,9	58,38	268	298
10741	0,2	0,1	4,2	0,0	254	298
10742	0,2	0,1	4,2	0,0	254	298
10744	30,24	84,55	33,27	73,61	224	284
10745	5,0	83,55	0,1	73,61	224	284
10746	70,46	35,29	80,68	38,31	284	224
10747	38,26	62,52	52,31	85,60	233	284
10748	38,30	24,22	50,35	41,18	266	246
10749	191,180	42,27	242,164	30,13	298	298
10750	177,135	94,82	281,180	104,64	298	298
10751	177,135	46,36	281,180	45,33	298	198
10752	177,135	86,96	281,180	110,74	298	298
10753	28,21	184,187	38,25	249,161	185	244
10754	2414,1836	1748,1456	3636,2434	3839,2618	264	240
10755	1888,1607	1761,1466	2921,1987	3838,2617	211	240
10756	2020,1770	1761,1466	3118,2150	3838,2617	298	240
10757	1892,1603	2424,2061	2923,1989	3880,2832	211	264
10758	1792,1471	2460,2104	2891,2166	3942,2866	237	298
10759	1793,1479	1327,1069	2890,2165	1834,1204	237	211
10760	1917,1592	1598,1292	3113,2060	2650,1776	228	237
10761	1445,1290	1247,1131	2353,1774	1647,1160	252	215
10762	1132,949	2469,2049	1470,1048	3339,2451	227	252
10763	65,117	336,298	60,38	459,326	231	298
10764	66,116	224,204	61,37	353,275	231	298
10765	113,126	109,98	202,144	175,127	202	200
10766	131,141	233,193	121,82	374,280	261	260
10767	0,1	233,193	1,1	374,280	202	260
10768	78,72	122,107	192,97	234,137	227	250
10769	66,61	48,47	173,74	49,56	227	216
10770	89,72	55,59	146,90	72,79	250	216
10771	87,72	161,123	144,91	181,159	250	298
10772	62,52	161,122	107,73	180,156	216	298
10776	168,131	386,326	219,114	636,372	259	298
10777	1752,1522	2760,2256	2771,1923	4027,2966	245	290
10778	328,330	506,426	391,230	780,641	273	257
10779	328,330	263,201	391,230	389,309	273	198
10785	2,0	0,0	0,1	0,1	227	227
10786	2,0	0,0	0,2	0,1	298	227
10787	2,0	0,0	0,2	0,1	298	227
10788	2,0	0,0	0,2	0,1	298	227
10789	2,4	15,17	0,1	27,20	207	221
10790	12,14	39,32	24,11	56,56	221	281
10791	26,24	25,20	48,35	40,25	281	214
10792	221,139	394,364	418,373	697,522	252	279
10793	28,43	203,199	32,35	180,128	298	298
10794	34,14	56,50	43,20	72,48	235	245
10795	79,62	49,45	112,78	88,42	248	235
10796	47,54	36,37	79,43	53,35	218	248
10797	41,45	35,27	65,40	54,32	266	218
10798	2,7	113,83	0,0	258,155	234	234
10799	155,139	120,99	252,167	141,89	274	255
10800	128,121	169,154	202,129	274,182	298	298
10801	27,28	159,139	44,23	251,167	298	298
10802	43,19	389,278	22,20	511,403	292	298
10803	278,236	335,281	464,302	398,347	298	298
10804	389,360	180,162	528,360	240,146	292	298
10805	43,19	192,171	22,20	249,154	292	298
10806	147,141	192,171	201,125	249,154	227	298
10807	147,141	43,19	201,125	22,20	227	292
10808	306,303	311,248	342,222	472,312	298	292
10809	1,3	110,80	3,4	151,105	189	290
10810	6,0	114,145	5,3	190,128	290	247
10811	9,0	109,144	9,5	184,127	290	247
10812	74,37	265,274	95,60	409,284	247	296
10813	72,78	272,274	110,77	413,287	200	296
10814	73,77	362,286	109,75	614,398	200	298
10815	206,234	358,283	384,223	604,400	296	298
10816	67,42	38,42	70,67	74,63	271	261
10817	55,46	79,53	80,44	106,67	287	298
10818	17,33	37,26	43,24	68,33	274	298
10819	57,33	35,42	82,37	60,27	298	274
10820	11,21	38,34	52,34	50,38	297	296
10821	523,430	558,405	101,80	104,73	298	298
10822	523,430	563,419	101,80	109,73	298	298
10823	49,44	560,405	11,11	104,73	192	298
10824	49,44	562,404	11,11	104,73	192	298
10825	38,43	499,415	13,3	117,71	192	298
10826	161,151	21,8	208,157	9,8	191	186
10829	15,5	19,10	10,15	24,17	276	298
10830	33,27	1,0	46,52	1,0	298	298
10831	4,1	1,0	4,3	1,0	247	298
10832	51,67	302,329	105,59	226,158	298	298
10833	31,32	300,330	3,8	226,158	298	298
10834	0,0	16,19	1,0	26,15	286	205
10835	34,34	52,44	32,25	49,35	263	298
10836	51,58	37,33	96,74	35,23	294	298
10837	33,56	82,61	54,34	82,41	253	298
10838	25,21	61,45	29,21	80,50	298	298
10839	11,7	61,46	7,3	80,49	298	298
10840	42,34	67,41	107,80	154,109	286	298
10841	465,551	1557,1267	297,183	1798,1472	233	226
10842	289,270	204,177	311,245	211,192	263	242
10843	35,40	1,1	12,11	0,0	298	200
10844	408,307	446,399	424,306	371,320	298	272
10845	268,273	463,366	242,191	431,287	272	298
10846	572,480	317,284	679,442	270,205	298	238
10847	571,481	467,382	679,442	886,558	298	298
10848	234,227	468,379	267,125	886,554	238	298
10849	107,94	153,118	140,74	271,176	226	224
10850	95,84	126,92	188,125	179,130	194	237
10852	956,778	1498,1228	1345,1025	2147,1873	231	266
10853	351,348	804,627	479,355	1233,967	290	264
10854	592,563	281,282	967,737	437,287	298	258
10855	49,29	21,27	24,25	12,11	218	184
10856	33,29	72,70	17,18	57,24	184	250
10857	285,244	329,247	516,369	547,418	266	277
10858	183,170	189,149	296,233	368,244	269	266
10859	350,305	297,256	640,424	557,387	278	269
10860	337,250	215,186	630,400	400,271	260	278
10861	369,267	305,262	659,495	496,325	298	260
10862	256,255	295,249	386,262	486,323	298	260
10863	2,0	5,6	0,0	5,3	298	173
10864	62,39	76,57	78,54	107,76	241	269
10865	28,21	55,31	34,17	71,43	239	254
10866	44,47	24,31	50,28	21,24	298	228
10867	253,286	346,326	257,194	358,263	233	220
10868	253,286	272,203	257,191	315,262	233	221
10869	41,56	13,8	53,74	12,10	194	194
10870	117,102	197,158	246,161	281,256	244	298
10871	1,4	152,106	0,0	322,229	259	228
10872	9,6	431,370	5,6	765,560	259	228
10873	197,161	149,106	339,202	317,216	280	228
10874	200,163	18,20	344,214	8,10	280	259
10875	473,424	18,20	780,546	8,10	231	259
10876	179,142	18,20	304,182	8,10	220	259
10877	69,74	3,1	114,70	5,12	298	280
10879	93,101	218,186	35,33	361,203	298	298
10880	89,97	144,115	33,31	227,176	298	298
10881	604,525	464,367	807,610	517,382	227	230
10882	1059,885	0,2	2049,1499	0,0	298	227
10883	1059,885	381,289	2050,1499	462,398	298	227
10884	391,370	5,8	570,406	2,0	240	297
10885	1,5	18,16	3,3	45,23	265	173
10886	1,5	9,8	3,3	26,9	265	177
10887	208,148	139,110	210,160	252,175	298	298
10888	156,131	184,116	221,191	239,169	298	298
10889	142,110	205,177	254,175	309,223	298	298
10890	6,4	259,211	0,0	368,279	270	211
10893	16,17	42,29	10,17	34,29	298	298
10894	2,0	3,4	0,0	1,1	229	199
10895	26,25	127,78	21,10	81,48	254	296
10897	2,0	12,15	0,0	14,5	298	212
10898	2,0	12,15	0,0	14,5	298	212
10899	289,261	559,442	479,393	639,491	219	247
10900	621,572	408,288	772,638	563,412	247	206
10906	28,30	66,71	21,20	87,75	198	245
10907	59,77	133,127	69,58	165,89	245	298
10908	287,276	464,453	484,332	684,522	298	260
10909	13,20	455,449	33,21	684,516	298	260
10910	34,45	876,791	73,34	1614,1096	280	298
10911	518,425	1082,887	745,521	1313,928	245	266
10912	876,808	236,185	1378,894	258,176	266	197
10913	436,279	834,722	545,414	915,614	197	266
10916	99,87	104,78	104,75	139,108	298	227
10917	213,167	103,76	259,168	140,113	298	227
10918	2,0	145,136	0,3	281,179	227	263
10919	101,104	152,138	130,85	305,185	227	263
10920	25,31	20,12	30,36	63,41	241	232
10921	41,38	28,24	62,41	47,39	298	240
10922	18,32	29,37	38,31	57,48	257	298
10923	33,26	33,24	44,28	51,32	253	257
10924	39,25	29,29	71,41	44,35	298	267
10925	23,13	28,12	43,31	22,15	257	293
10932	239,180	80,87	170,128	94,84	298	199
10933	255,190	180,112	153,153	145,90	266	256
10934	283,266	189,154	142,81	129,84	298	253
10935	265,236	225,194	171,118	175,112	298	298
10936	30,29	20,7	13,13	9,15	298	263
10937	19,25	17,7	5,7	9,15	272	263
10938	30,29	16,8	13,13	9,16	298	281
10939	29,17	186,205	29,27	286,216	213	181
10940	759,670	247,223	932,757	394,312	255	243
10941	68,63	103,72	71,48	104,84	240	277
10942	86,58	101,73	89,73	104,84	296	277
10943	83,56	34,41	88,73	48,41	296	240
10944	1,0	101,101	2,0	110,85	262	296
10945	32,26	41,32	36,40	45,44	217	215
10946	50,43	54,40	47,30	42,37	297	217
10947	177,135	76,70	217,176	94,70	233	251
10948	177,135	3,6	217,176	12,1	233	233
10949	213,194	163,160	265,197	244,170	298	233
10950	29,34	66,44	51,38	105,71	230	276
10951	634,659	1327,999	1068,830	2724,2053	244	228
10952	1213,1065	1969,1647	1818,1372	3760,2775	243	289
10953	1769,1398	1328,993	2925,2133	2723,2048	289	228
10954	1122,920	2033,1686	2009,1455	3547,2689	228	263
10955	1117,916	51,50	2000,1453	51,37	228	263
10956	1818,1428	824,694	3704,2722	1358,990	263	204
10957	1,0	0,0	0,0	0,1	260	226
10958	29,22	107,73	82,50	164,135	241	266
10959	127,86	5,5	195,135	7,9	262	277
10961	0,1	6,5	0,1	3,4	298	266
10963	71,75	157,119	136,69	301,233	248	221
10964	55,43	1,0	68,45	0,0	245	248
10965	612,486	831,761	793,583	880,599	248	282
10967	1,0	3,2	2,2	3,1	211	247
10968	272,216	176,119	310,238	211,151	298	240
10969	282,305	205,178	448,306	240,151	298	298
10970	94,77	151,137	157,82	192,100	237	277
10971	177,174	70,98	227,142	105,30	298	254
10972	20,10	71,98	15,4	105,30	298	254
10973	107,132	71,98	247,181	105,30	280	254
10974	107,132	20,10	247,181	15,4	280	298
10975	107,131	60,66	247,181	68,27	280	298
10976	132,93	53,52	146,88	55,19	298	213
10977	201,155	388,247	182,135	345,280	213	298
10978	200,155	3,1	182,135	1,1	213	298
10979	377,280	374,212	242,198	418,282	298	290
10981	1,1	0,3	0,2	0,0	255	264
10982	1,1	0,4	0,2	0,0	255	283
10983	10,10	0,4	6,2	0,0	269	283
10984	0,2	2,2	0,1	1,0	236	271
10988	349,315	311,204	408,299	508,388	298	269
10989	5,0	9,7	7,0	6,7	242	272
10990	4,4	58,50	8,2	72,43	242	298
10991	255,194	334,244	242,178	397,306	198	298
10992	29,16	22,16	24,21	26,31	270	298
10993	55,58	0,2	120,69	3,1	210	298
10994	55,58	5,9	120,69	14,16	210	298
10995	55,58	68,51	120,69	93,71	210	227
10996	8,4	15,22	2,2	10,15	298	273
10997	11,7	16,9	12,3	6,8	209	298
10999	94,95	124,96	117,93	172,120	298	226
11001	200,217	22,11	353,194	18,15	289	179
11002	17,17	60,32	15,8	80,52	181	231
11003	31,26	110,60	36,30	146,104	231	298
11004	69,55	48,45	64,62	63,40	246	260
11005	123,135	60,85	177,95	74,34	298	298
11009	278,253	179,142	248,185	224,121	298	242
11010	100,146	144,151	119,66	184,117	298	298
11012	134,119	147,139	165,128	247,174	269	247
11013	106,112	118,128	192,129	151,95	218	216
11014	95,104	255,241	191,126	297,246	218	298
11015	93,101	90,93	177,136	99,98	216	197
11025	25,37	6,9	19,19	10,8	282	233
11026	58,41	29,34	37,42	42,39	298	270
11027	6,20	33,24	4,18	59,33	212	277
11028	136,114	251,193	138,118	421,305	230	240
11029	178,169	297,278	283,220	441,306	240	298
11030	432,339	212,188	676,501	249,196	298	265
11031	130,84	548,403	129,124	477,407	232	285
11032	1416,1135	554,406	2596,1904	480,413	232	298
11033	25,13	176,141	20,13	155,103	298	222
11034	605,503	56,33	1627,1185	40,25	187	298
11035	2191,1938	390,316	3997,2805	533,417	245	173
11036	2601,2518	1766,1402	3900,3069	2881,2292	212	227
11037	2601,2518	2389,1952	3900,3069	3836,3045	212	269
11038	2601,2518	0,1	3900,3069	0,0	212	245
11039	4646,3688	1195,939	9119,7203	2245,1539	230	212
11040	5509,4325	1727,1570	10090,7617	3296,2324	251	230
11041	1,1	1727,1570	4,4	3296,2324	246	230
11042	7624,5993	4963,4376	14862,10667	8911,6981	298	251
11043	7371,5797	4963,4376	14498,10351	8911,6981	289	251
11044	7236,5687	7772,6134	15274,10743	14331,11010	296	298
11048	2,6	10,7	4,3	4,4	223	298
11049	11,4	4,6	10,10	0,1	298	245
11051	65,57	176,116	101,58	186,127	268	298
11052	73,59	153,100	84,71	182,135	237	281
11054	65,44	10,17	39,24	10,3	255	180
11055	3,0	11,32	3,4	12,8	298	248
11056	30,21	0,1	14,19	1,0	298	241
11057	25,23	78,62	36,29	113,59	204	267
11058	57,24	75,54	60,51	128,95	266	298
11059	2,1	44,53	7,2	79,73	298	271
11060	38,40	1,1	81,65	3,1	298	238
11061	102,107	82,60	153,111	167,114	298	298
11062	263,211	354,345	349,273	422,333	244	279
11063	367,319	228,190	385,300	258,207	298	244
11064	52,76	130,108	120,88	153,79	222	243
11065	86,104	91,98	93,84	166,100	221	222
11066	141,98	69,66	183,117	120,84	298	221
11070	241,213	276,260	402,231	333,228	240	291
11071	628,663	12,13	877,611	7,0	298	283
11072	305,231	268,239	394,298	452,296	260	212
11073	469,465	139,111	289,158	133,87	281	184
11074	1,0	333,274	1,0	647,454	252	238
11075	209,166	333,274	412,307	647,454	226	238
11076	188,175	3,1	217,165	2,2	216	298
11077	239,196	534,392	401,290	904,668	238	298
11078	499,396	566,411	984,661	845,715	298	298
11080	10,7	10,7	23,9	8,9	228	204
11081	22,15	47,17	44,20	20,26	265	270
11082	292,268	469,397	372,279	586,470	298	293
11083	1081,934	94,80	1212,943	41,49	283	266
11084	25,18	146,116	17,8	52,67	258	266
11085	476,361	359,305	518,373	458,258	259	242
11086	539,415	190,172	483,337	328,213	242	199
11087	322,260	295,248	426,295	518,302	231	239
11090	209,160	0,0	335,201	0,1	212	267
11091	85,58	189,136	119,79	229,153	212	298
11092	129,109	1,4	226,125	2,0	298	279
11093	35,39	1037,894	55,15	1761,1229	247	298
11094	733,598	11,7	1396,1019	2,4	298	256
11096	147,89	396,316	98,95	389,266	212	298
11097	132,107	145,120	101,82	158,103	239	212
11098	250,220	146,128	311,199	155,103	298	212
11099	305,250	140,121	308,201	155,103	238	212
11100	338,228	241,175	334,287	204,141	298	239
11101	312,261	240,173	308,200	204,143	238	239
11102	253,221	265,182	311,199	182,149	298	298
11103	338,281	228,165	330,216	172,144	238	298
11104	344,270	338,231	318,205	333,288	238	298
11105	9,11	6,7	15,12	4,2	298	298
11106	94,59	12,17	102,90	9,8	298	293
11107	200,152	18,20	201,168	21,12	298	293
11108	106,55	3,0	100,95	0,0	298	293
11113	44,42	20,28	53,39	14,7	293	272
11114	29,22	0,7	32,27	7,1	293	272
11115	29,22	219,179	32,27	225,185	293	298
11116	29,22	102,72	32,27	102,97	293	278
11117	0,7	219,179	7,1	225,185	272	298
11118	0,7	102,72	7,1	102,97	272	278
11119	23,16	1,0	43,50	4,2	251	233
11120	23,16	27,8	43,50	52,41	251	212
11121	56,36	17,21	170,127	61,64	296	251
11122	38,28	34,23	97,76	76,74	298	296
11123	12,7	35,22	37,19	85,71	298	296
11124	11,14	57,36	59,44	170,123	239	298
11125	7,4	55,36	16,8	163,122	195	298
11126	12,14	32,20	48,30	51,47	183	239
11127	16,15	6,2	40,40	16,3	298	195
11128	68,51	106,64	42,37	54,56	197	184
11129	10,17	106,64	16,17	54,56	219	184
11130	1,1	106,64	0,2	54,56	298	184
11131	49,39	89,65	41,25	57,40	185	197
11132	1,0	87,62	0,1	56,40	185	197
11133	247,246	123,93	209,155	80,52	298	185
11134	10,16	123,93	4,13	80,52	164	185
11135	123,114	247,199	100,55	176,102	207	298
11137	13,6	57,42	40,29	86,65	231	266
11138	36,11	11,7	24,17	16,10	195	172
11139	36,11	38,21	24,17	58,42	195	231
11140	29,23	38,21	42,31	58,42	233	231
11141	25,23	37,12	40,29	17,19	233	195
11142	6,2	2,0	6,2	1,0	194	265
11145	31,42	26,17	65,39	30,19	210	206
11146	18,13	26,17	29,20	32,19	208	206
11147	18,13	36,16	29,20	36,39	208	210
11148	491,404	826,628	793,606	1403,962	206	244
11149	93,100	205,186	123,79	216,156	231	261
11150	62,58	27,44	63,61	52,22	209	200
11151	180,177	37,55	244,172	55,37	298	209
11152	209,187	147,109	205,161	173,120	298	298
11153	96,88	54,43	81,89	79,36	298	193
11154	375,315	626,537	527,398	867,701	255	298
11155	217,167	247,176	234,181	232,175	241	283
11156	336,277	299,241	341,248	328,242	275	298
11157	86,78	75,53	91,57	74,49	298	298
11158	109,56	50,70	109,59	54,35	274	228
11159	72,60	21,13	67,42	30,29	227	207
11160	74,64	20,14	67,40	4,10	227	207
11162	296,244	139,162	295,185	171,76	298	298
11165	6,5	0,1	4,4	0,0	204	211
11166	6,5	0,2	4,4	0,0	204	208
11167	0,6	2,0	0,1	1,0	204	298
11172	2,2	5,3	0,0	3,0	279	274
11173	2,2	2,0	0,0	3,0	279	288
11174	18,11	10,10	20,6	18,15	244	251
11176	229,187	323,321	500,369	795,593	260	291
11178	48,53	141,123	73,34	153,127	298	233
11179	1,1	141,123	2,0	153,127	298	233
11183	7,3	221,170	0,1	353,262	180	229
11190	1,3	1,2	1,0	0,2	204	214
11191	27,43	41,22	67,35	85,61	275	298
11192	180,159	118,104	372,271	236,169	298	237
11193	0,5	0,3	8,3	3,3	271	275
11194	0,2	0,3	1,0	3,3	223	275
11195	0,1	6,14	0,0	5,9	240	298
11196	43,31	39,37	47,35	75,51	258	282
11197	10,17	47,29	33,28	75,58	298	298
11217	1,0	72,71	1,0	113,66	197	271
11218	123,94	52,47	156,127	71,52	241	186
11219	83,82	59,66	89,56	118,45	200	244
11220	5,2	58,66	6,2	113,45	266	244
11221	5,8	20,23	1,3	10,8	266	200
11222	35,31	23,21	46,11	10,8	268	200
11223	34,31	36,19	46,12	54,21	268	200
11224	12,14	3,7	11,11	6,4	277	298
11225	39,34	118,107	53,12	136,114	268	289
11226	2,4	4,1	1,0	4,1	225	191
11231	84,56	90,89	73,44	85,45	298	298
11237	170,151	376,282	189,162	381,239	247	289
11238	27,13	34,17	14,5	13,24	239	279
11251	0,1	7,8	0,0	10,1	298	211
11252	14,8	6,9	8,8	9,1	236	211
11253	147,93	6,9	90,80	9,1	298	211
11254	38,33	39,41	44,23	47,27	226	263
11255	26,28	36,37	25,24	45,26	236	263
11256	15,6	36,41	10,8	45,26	236	263
11257	8,4	0,0	2,4	0,1	298	226
11258	74,74	0,0	62,48	0,1	298	226
11259	77,77	17,18	64,49	11,8	298	226
11260	3,4	16,18	2,1	12,7	298	226
11261	27,28	19,18	24,25	12,7	236	226
11262	14,6	5,1	9,8	0,2	236	298
11263	148,93	5,1	91,80	0,2	298	298
11264	147,93	14,8	90,80	8,8	298	236
11265	145,93	17,6	90,80	8,9	298	236
11266	148,93	14,6	91,80	9,8	298	236
11267	16,36	36,25	42,39	46,19	219	242
11268	8,6	27,18	10,4	16,10	289	249
11269	28,12	27,18	19,22	16,10	269	249
11270	27,12	5,7	19,22	7,7	269	177
11271	38,31	17,11	36,27	12,10	249	214
11272	21,12	4,6	20,13	5,7	214	177
11274	263,218	104,98	275,201	130,92	298	200
11275	228,196	107,71	236,175	146,110	298	216
11276	22,18	54,60	22,11	100,60	201	298
11277	7,3	54,60	4,4	100,60	198	298
11278	451,376	494,393	231,122	244,175	298	298
11279	339,234	133,89	168,109	60,30	298	261
11280	43,65	53,40	81,63	105,89	193	219
11281	47,63	2,3	89,61	4,1	193	219
11282	46,61	133,145	85,59	244,154	219	271
11283	43,59	3,4	80,57	3,7	219	271
11284	43,59	174,181	80,57	229,157	219	284
11285	3,4	174,181	3,7	229,157	271	284
11286	99,81	174,185	158,159	226,159	271	284
11289	196,182	357,313	451,340	609,458	225	241
11290	418,355	387,336	888,621	747,527	298	287
11291	370,401	254,239	838,569	557,347	288	233
11292	262,263	149,135	526,335	421,257	233	230
11293	225,219	273,235	486,291	595,425	230	238
11295	126,120	298,270	245,170	382,258	292	286
11296	404,330	204,206	650,438	344,193	298	239
11297	131,135	357,318	212,145	589,427	233	287
11298	78,60	90,73	77,72	137,81	240	254
11299	39,35	56,51	38,32	70,49	217	240
11300	37,41	57,51	72,44	70,49	217	240
11301	26,23	155,158	46,38	186,131	215	217
11302	79,42	61,55	87,60	81,40	298	256
11306	318,256	371,299	359,274	674,526	236	247
11307	371,336	548,445	571,502	778,672	247	284
11308	203,167	40,31	301,216	53,40	298	199
11309	1,0	9,12	0,0	2,13	212	298
11310	31,20	3,2	9,11	0,0	252	183
11311	0,2	41,30	3,4	27,18	222	244
11312	27,39	99,96	34,34	123,91	279	253
11313	59,53	45,46	89,72	69,58	238	279
11314	5,7	14,18	7,5	6,12	291	243
11315	806,781	934,846	922,632	1157,824	298	296
11316	955,851	934,844	1119,769	1157,824	288	298
11317	955,851	1,3	1119,769	2,1	288	298
11318	937,840	770,626	1117,769	953,703	288	298
11319	9,14	522,516	0,0	550,389	259	259
11320	487,474	522,516	600,431	550,389	298	259
11321	462,311	1001,739	509,391	1266,850	230	259
11322	4,0	998,730	1,0	1265,851	230	259
11323	462,311	999,731	509,391	1272,854	230	298
11324	466,317	486,391	509,391	637,468	230	226
11325	368,368	5,5	437,297	2,0	263	230
11326	290,316	341,317	409,299	470,303	223	230
11327	3,5	6,3	5,3	3,0	267	298
11328	9,7	65,33	7,2	72,47	291	298
11329	2,1	2,2	2,0	1,0	298	291
11330	4,2	3,5	1,0	5,1	298	291
11333	106,78	1,1	185,98	2,2	298	208
11334	131,97	561,474	191,110	525,436	298	294
11335	6,6	392,373	5,9	487,336	229	285
11336	224,228	98,78	212,157	81,59	298	176
11337	587,593	1121,915	866,639	1614,1221	276	275
11338	83,79	222,201	166,70	374,307	201	223
11339	205,201	259,213	305,201	449,320	223	226
11340	150,124	147,125	295,175	290,218	226	220
11341	594,540	3873,3123	1312,985	9250,6624	266	298
11342	5,6	8,6	0,1	7,5	298	261
11343	5,6	9,5	0,1	7,5	298	248
11344	5,6	8,6	0,1	7,5	298	251
11345	12,4	5,0	0,2	1,0	298	298
11346	0,1	4,8	1,0	1,2	298	298
11348	8,4	27,30	7,3	18,12	286	285
11349	8,4	27,30	8,3	18,12	298	285
11350	1,0	8,8	5,6	3,6	298	298
11352	28,12	1,1	14,29	0,0	298	263
11353	288,218	8,7	471,312	3,6	289	177
11354	88,66	157,118	151,100	235,143	217	289
11355	121,123	154,119	206,118	233,142	294	289
11356	45,46	113,111	85,66	174,124	191	219
11357	22,30	113,112	57,36	174,124	272	219
11358	45,46	147,138	85,66	249,178	191	223
11359	76,59	46,38	113,61	81,59	272	191
11360	47,38	46,38	52,15	81,59	268	191
11361	18,25	52,42	58,32	94,69	268	191
11362	167,161	0,1	413,268	0,0	272	226
11363	0,0	131,104	1,0	313,194	199	272
11364	0,0	131,105	1,0	313,194	199	272
11365	0,0	131,103	1,0	313,194	199	272
11366	0,0	167,161	2,0	413,268	199	272
11367	0,2	29,10	0,0	26,12	205	199
11368	38,35	80,78	39,41	94,101	199	278
11369	88,83	73,70	123,109	132,93	298	298
11370	163,104	80,78	180,122	94,102	298	278
11371	65,65	82,51	115,92	120,81	278	274
11373	7,8	1,0	6,2	1,2	298	298
11374	7,8	5,1	6,2	0,0	298	291
11375	7,8	2,0	6,2	0,0	298	202
11376	1,0	5,1	1,2	0,0	298	291
11377	1,0	2,0	1,2	0,0	298	202
11378	1,1	3,0	2,0	0,0	280	233
11379	0,2	470,447	2,0	384,319	257	298
11380	23,19	0,0	11,11	2,0	239	227
11381	23,19	0,3	11,11	0,0	239	242
11382	0,0	0,3	2,0	0,0	227	242
11384	104,96	384,304	143,129	394,303	200	261
11385	9,10	1,0	5,8	0,0	298	244
11386	3,0	3,2	2,0	0,2	244	238
11389	0,0	0,6	1,0	0,4	239	229
11408	7,4	22,19	5,5	11,7	201	267
11409	287,305	493,388	295,152	587,489	293	263
11410	219,228	494,386	166,109	587,489	251	263
11411	415,360	270,332	351,211	261,177	289	261
11412	140,179	350,302	104,86	304,196	260	263
11413	205,232	211,183	198,202	201,102	228	260
11414	14,12	211,183	24,22	201,102	298	260
11415	294,275	78,99	315,237	55,25	240	228
11416	422,409	132,177	469,380	120,111	270	240
11423	140,113	137,99	188,99	122,132	298	293
11424	88,66	296,279	44,36	517,395	290	257
11429	53,36	73,61	58,37	170,92	238	259
11430	141,146	327,250	220,155	520,354	298	298
11431	105,118	145,164	80,64	132,86	284	251
11432	4,3	99,86	4,0	165,106	239	247
11433	79,68	99,86	98,80	165,106	243	247
11434	5,2	7,3	5,0	5,3	290	243
11435	8,3	7,3	6,0	5,3	298	243
11436	8,3	5,2	6,0	5,0	298	290
11437	7,3	125,92	6,0	136,135	298	290
11438	2,1	78,71	2,0	169,110	298	289
11441	85,46	4,0	47,44	1,0	298	252
11442	49,50	129,102	123,101	347,234	220	298
11443	132,95	161,109	342,220	349,232	298	298
11444	132,102	130,77	347,236	275,220	298	298
11445	67,71	55,46	69,41	62,45	271	263
11446	63,55	29,32	85,55	47,30	298	211
11447	44,24	112,79	53,35	177,133	298	298
11448	48,24	23,9	60,36	18,33	298	298
11449	48,24	53,53	60,36	109,67	298	298
11450	5,3	112,79	11,8	177,133	262	298
11451	6,3	23,9	18,9	18,33	262	298
11452	6,3	53,53	18,9	109,67	262	298
11453	23,9	53,53	18,33	109,67	298	298
11454	61,32	52,50	83,69	106,66	298	298
11455	92,70	9,15	159,101	17,11	298	244
11456	111,83	115,84	187,158	238,169	278	284
11457	27,29	97,68	57,40	157,129	248	262
11458	55,45	158,87	70,65	212,163	222	292
11462	6,5	1,4	2,2	6,4	270	225
11463	1,1	14,6	0,4	10,8	210	268
11464	1,1	9,7	0,2	8,9	210	268
11465	1,1	8,9	0,4	6,1	210	270
11466	482,448	211,174	560,537	225,193	265	278
11467	488,466	25,15	624,519	16,15	298	265
11468	750,601	497,470	919,679	569,548	298	298
11469	242,249	494,472	371,250	625,519	283	298
11470	170,136	494,472	79,73	625,519	298	298
11471	19,5	196,157	20,3	85,89	239	298
11472	4,2	0,0	0,0	1,0	298	244
11478	0,1	0,0	0,0	2,0	190	298
11479	4,6	0,0	0,4	2,0	298	298
11480	4,6	0,1	0,4	0,0	298	190
11482	854,604	12,11	662,449	6,4	276	287
11483	854,604	461,407	662,449	356,258	276	248
11484	111,112	546,411	194,164	1033,746	284	260
11490	17,20	123,68	23,15	137,75	211	290
11491	42,42	27,47	50,31	37,31	226	211
11492	34,27	29,29	52,48	49,33	230	226
11493	82,72	71,63	89,68	90,59	298	298
11494	25,22	15,6	23,26	16,11	214	222
11495	0,0	0,2	1,1	0,0	210	250
11496	0,0	0,2	1,1	2,0	210	281
11497	0,0	0,2	1,1	2,0	210	298
11498	0,0	22,29	3,1	41,40	210	222
11499	49,39	57,53	50,44	122,58	262	290
11501	109,88	71,60	111,48	75,63	298	273
11502	119,116	7,6	158,138	14,9	289	194
11503	73,62	67,22	96,59	52,39	289	238
11504	40,44	83,68	49,67	95,56	238	285
11505	44,43	109,70	73,56	177,117	227	298
11506	67,51	74,68	113,89	114,80	271	298
11507	1278,1237	1002,849	1588,1081	1625,1362	298	245
11508	1046,856	1186,1062	1939,1410	1803,1475	245	240
11509	58,50	96,44	71,45	90,61	261	298
11510	3,3	2,2	3,3	4,5	241	229
11511	11,12	4,2	12,8	2,4	296	233
11512	129,129	155,97	159,113	138,106	298	272
11513	274,202	1,6	307,184	5,0	272	185
11514	118,98	15,14	161,84	5,19	272	268
11515	22,32	104,112	40,24	166,114	226	298
11516	86,88	100,67	155,75	133,108	298	298
11517	92,84	95,76	131,114	123,90	298	298
11518	47,31	69,88	47,34	73,65	200	257
11519	0,2	48,63	0,0	77,46	298	284
11520	48,55	48,63	24,24	77,46	286	284
11521	44,40	63,43	51,23	93,66	283	298
11522	6,0	3,3	11,3	2,1	298	214
11523	62,48	100,97	75,47	181,137	291	298
11524	67,63	86,66	127,82	92,87	236	298
11525	104,100	167,183	147,94	281,232	298	206
11526	78,85	61,88	87,56	69,29	248	298
11527	103,82	65,62	53,47	71,47	298	224
11529	254,253	281,236	351,276	456,327	298	281
11532	3,2	93,60	2,3	64,53	298	276
11533	3,2	91,68	2,3	66,61	298	289
11534	2,1	18,14	10,5	10,7	298	298
11537	5,5	3,0	2,4	0,0	249	211
11538	26,19	1,2	20,19	3,2	298	271
11539	40,30	29,37	58,48	72,55	237	298
11540	8,4	68,64	11,7	106,74	206	239
11541	51,30	52,36	85,53	71,52	298	248
11544	107,101	124,80	195,114	181,152	281	266
11545	73,61	87,72	217,167	307,214	254	298
11546	12,14	8,10	15,16	8,8	298	298
11547	4,5	5,3	11,4	3,2	265	205
11548	16,24	3,7	20,8	2,2	298	205
11549	5,5	7,6	9,4	9,2	265	298
11550	921,770	1051,826	1239,983	1336,995	233	259
11551	13,9	1051,826	8,1	1336,995	210	259
11554	3,1	1,0	2,0	0,0	206	266
11555	1,1	6,3	5,2	3,0	245	187
11556	0,0	1,1	0,1	0,0	242	187
11557	10,4	204,166	6,0	284,209	237	239
11558	10,4	220,191	10,0	272,208	237	266
11559	139,107	220,191	150,108	272,208	239	266
11560	134,106	195,191	149,108	278,195	239	272
11561	252,192	199,193	332,252	275,195	266	272
11562	1,6	6,6	3,2	7,9	232	246
11564	83,123	196,197	118,55	229,99	272	272
11565	299,306	533,531	340,282	849,553	272	298
11566	285,299	12,10	338,276	11,2	272	298
11567	257,247	445,416	334,156	664,432	298	272
11568	443,425	472,443	674,368	874,556	298	298
11569	500,505	520,394	821,545	800,558	298	268
11570	503,507	15,21	824,545	16,10	298	268
11571	389,364	524,447	761,479	861,606	268	289
11572	371,346	18,18	741,466	10,4	268	291
11573	20,24	422,408	17,12	617,382	291	298
11574	526,441	422,416	852,609	620,386	291	298
11575	550,504	437,419	904,560	622,385	298	298
11576	544,500	422,471	901,559	835,587	298	298
11577	32,45	287,269	40,12	435,285	298	227
11578	301,378	292,274	281,119	438,286	298	227
11579	213,219	439,501	284,160	868,596	227	298
11581	263,231	463,411	380,334	662,449	220	230
11582	763,625	454,401	1246,927	426,312	293	298
11584	15,12	18,11	36,14	49,25	244	252
11585	204,181	340,284	430,304	509,389	241	225
11586	221,150	263,270	512,353	520,438	221	241
11587	275,230	263,270	536,365	519,435	216	241
11588	346,223	257,198	679,450	521,349	244	221
11592	7,2	12,2	14,13	22,7	274	298
11593	12,17	13,17	28,24	33,22	298	292
11595	10,0	1,4	10,0	1,1	293	272
11598	26,7	64,62	12,10	70,71	242	289
11599	1,0	48,45	2,2	54,40	242	289
11600	51,51	18,9	48,57	12,19	298	242
11601	24,22	21,20	24,20	25,33	228	298
11602	0,0	32,20	1,0	23,21	252	298
11603	4,1	23,21	0,1	20,15	247	252
11604	24,21	4,1	24,20	2,1	228	247
11605	0,2	1,0	1,0	2,0	228	247
11606	14,2	1,0	1,2	2,0	265	247
11607	25,22	15,24	32,21	51,20	228	298
11608	49,47	1,1	36,38	0,0	265	228
11609	14,2	0,2	1,2	1,0	265	228
11610	10,4	2,3	2,1	7,1	265	228
11611	44,47	33,20	41,36	32,23	265	228
11612	9,3	32,22	5,0	35,23	265	228
11613	32,16	53,30	42,26	47,27	204	265
11614	184,129	97,96	155,95	98,70	290	212
11625	1026,856	202,241	909,665	245,172	298	205
11626	1026,856	91,98	909,665	100,61	298	188
11627	1,9	352,275	1,4	379,301	298	248
11628	1,9	206,147	1,4	210,157	298	241
11629	6,17	352,275	5,4	379,301	298	248
11635	99,107	145,128	89,69	131,105	274	248
11647	111,126	98,45	170,132	102,72	298	298
11648	41,27	71,58	55,36	117,98	200	239
11649	2,5	3553,2968	14,7	5429,4143	219	284
11650	13,9	3553,2968	9,5	5429,4143	265	284
11651	3186,2987	4486,3802	4061,3123	6995,5207	284	298
11652	3845,3249	2758,2204	5812,4448	5008,3948	298	298
11653	39,43	0,1	80,29	0,0	290	208
11654	17,17	27,16	29,6	18,9	243	264
11655	327,256	370,262	420,270	516,355	234	256
11656	877,620	367,264	1006,787	516,355	298	256
11657	641,514	556,473	897,743	722,559	298	272
11658	640,519	721,564	893,738	1176,817	298	298
11659	544,401	729,568	828,600	1181,822	272	298
11660	657,536	56,45	824,651	44,24	298	258
11669	1,0	94,51	1,1	77,74	174	295
11670	29,24	22,18	20,9	30,26	214	222
11671	30,24	55,48	25,13	64,27	222	298
11672	66,48	41,23	77,29	49,29	291	252
11673	41,32	74,73	88,49	93,44	252	298
11674	21,42	108,58	44,25	145,81	237	281
11675	55,54	46,41	74,72	91,55	281	227
11676	42,21	41,41	57,34	87,42	227	236
11677	137,131	123,120	133,73	90,63	258	225
11680	108,80	13,7	139,124	15,8	298	195
11681	65,49	145,175	97,51	199,94	195	258
11682	115,107	172,194	163,99	242,124	238	258
11683	185,190	40,32	181,132	56,52	279	250
11684	217,206	326,303	350,245	369,255	276	298
11685	367,304	453,419	520,350	480,344	298	298
11686	340,306	458,473	369,259	534,384	298	298
11687	490,461	476,388	510,353	467,348	298	298
11689	208,161	1,0	200,165	0,0	298	298
11690	210,161	0,1	200,163	0,0	298	298
11691	370,237	13,10	531,403	5,4	298	288
11692	490,434	207,142	694,517	286,149	298	224
11695	0,1	1,4	3,0	0,0	298	298
11696	49,38	91,60	44,36	70,54	228	247
11697	2,1	70,32	3,1	83,64	247	278
11698	137,101	1,0	163,122	1,3	247	278
11699	138,96	71,32	164,124	83,66	247	278
11700	127,97	101,96	96,87	104,73	278	276
11701	102,96	114,89	124,62	153,63	298	298
11702	136,75	19,21	186,80	15,12	257	267
11703	192,178	4,11	220,128	2,0	298	275
11726	0,0	0,1	0,1	2,3	204	245
11731	0,0	0,1	0,2	5,3	204	245
11734	5,2	0,0	3,2	5,0	298	245
11740	0,1	0,0	2,3	0,1	298	204
11741	6,3	0,0	11,5	0,1	283	204
11747	6,3	0,1	11,5	2,3	283	298
11748	18,12	24,32	12,14	55,42	231	230
11749	20,14	23,25	42,14	43,18	292	265
11750	93,164	1203,956	75,48	2094,1500	220	278
11751	1,0	14,13	0,0	18,8	249	298
11752	1,0	21,12	1,1	18,7	236	298
11753	125,141	156,113	211,115	162,133	280	245
11754	0,1	2,1	5,2	4,6	274	266
11755	0,0	0,4	0,2	8,4	263	274
11756	419,468	338,260	703,626	600,491	298	222
11760	2,4	2,0	3,11	0,0	204	298
11761	16,10	4,6	9,7	8,3	298	254
11762	16,10	60,80	9,7	55,42	298	298
11763	4,6	60,80	8,3	55,42	254	298
11764	18,17	73,63	31,22	101,76	233	233
11765	18,17	37,25	31,22	44,43	233	236
11766	21,25	37,25	23,29	44,43	230	236
11767	21,25	73,63	23,29	101,76	230	233
11768	37,25	73,63	44,43	101,76	236	233
11769	154,94	316,233	126,115	264,167	226	267
11770	104,83	101,79	53,45	89,69	231	230
11771	76,93	123,85	67,43	126,127	266	231
11772	133,83	38,33	195,135	44,29	298	205
11773	11,10	170,163	6,4	218,168	266	267
11774	58,47	85,80	52,58	89,83	232	267
11775	136,126	10,12	178,140	6,14	232	266
11776	1,10	143,107	7,2	137,100	213	298
11778	66,75	56,55	46,30	31,28	298	298
11779	66,75	10,6	46,30	1,1	298	298
11780	1,0	198,167	0,0	156,109	203	254
11781	2,3	158,156	3,0	237,197	255	219
11783	159,163	239,139	108,74	276,178	298	275
11784	39,27	97,104	26,24	99,65	298	298
11785	181,141	109,95	190,130	118,114	298	259
11786	119,111	81,54	94,66	105,94	259	293
11787	66,50	33,35	95,62	44,30	298	212
11788	52,26	39,26	47,33	67,45	212	226
11789	15,11	43,26	1,1	13,31	298	298
11790	15,25	4,4	16,10	1,0	298	287
11791	34,27	47,61	14,9	29,10	298	285
11792	3,18	66,44	6,0	36,27	285	298
11793	3,13	24,17	6,0	5,2	285	298
11794	50,66	24,21	29,10	5,2	298	298
11795	222,162	118,90	245,195	177,138	287	275
11796	86,82	1,0	104,91	6,2	278	264
11797	90,85	108,58	106,91	104,77	278	264
11798	88,82	7,1	104,91	1,1	278	264
11803	37,25	24,23	44,34	23,27	298	259
11804	53,51	46,18	80,48	39,42	289	298
11805	28,18	36,24	17,20	37,33	215	289
11806	4,3	0,2	8,4	0,3	231	298
11807	4,3	2,5	8,4	2,1	231	192
11808	0,2	2,5	0,3	2,1	298	192
11809	68,50	49,47	50,35	61,29	298	298
11811	240,204	153,114	232,232	169,132	280	235
11812	254,176	197,163	363,282	204,171	298	280
11813	203,163	198,166	296,222	204,171	281	280
11814	204,163	248,216	296,222	244,242	281	298
11815	4,8	55,51	0,0	61,24	248	263
11816	266,251	313,263	387,303	384,267	298	298
11817	0,1	259,191	0,0	284,189	238	298
11818	18,8	12,13	17,11	16,24	259	240
11819	13,12	10,8	17,16	18,11	240	233
11820	1939,1610	3905,3323	5330,4102	6576,5583	221	246
11821	375,255	2857,2511	903,786	4270,3642	246	223
11822	3518,2887	2857,2511	9685,7696	4270,3642	243	223
11823	59,81	9,8	49,23	7,2	279	199
11824	196,193	6,1	133,102	5,1	265	199
11825	185,169	3,3	169,94	3,2	293	298
11826	0,0	118,91	1,2	83,46	298	293
11827	0,0	118,93	1,2	85,46	298	293
11828	3,3	121,100	0,0	84,48	298	293
11829	13,7	121,100	2,7	84,48	270	293
11830	24,9	155,105	47,18	179,129	268	232
11831	227,167	106,56	315,218	113,105	256	230
11832	121,96	114,72	202,146	137,89	230	244
11833	120,96	170,110	203,146	209,157	230	278
11834	111,107	98,59	161,102	112,75	244	221
11835	101,100	102,68	155,101	141,72	244	259
11836	386,330	526,408	805,620	812,575	298	298
11837	321,227	377,274	585,460	711,470	255	298
11838	1,9	427,337	0,0	542,386	190	298
11839	4,1	427,337	1,3	542,386	274	298
11840	72,73	436,348	94,67	546,392	274	298
11841	214,203	345,302	323,227	491,289	298	298
11842	7,7	249,206	2,4	272,236	213	183
11849	139,116	1,0	152,113	0,0	194	298
11850	490,376	365,308	864,575	407,329	284	290
11851	420,329	378,322	694,509	615,450	298	284
11852	332,262	343,262	511,385	439,247	245	261
11853	358,249	545,433	535,400	944,630	298	298
11855	1,1	2,2	3,1	1,0	205	219
11858	1,0	9,0	3,0	4,0	221	257
11859	79,60	32,37	37,24	13,2	210	207
11860	169,163	116,130	126,122	75,42	298	210
11861	262,225	220,177	186,120	106,90	298	298
11862	78,69	167,162	50,47	126,122	202	298
11863	3,2	8,8	2,0	17,3	189	298
11865	267,251	235,229	339,262	185,117	244	199
11866	347,286	217,165	308,189	228,154	271	224
11867	410,420	59,74	508,464	82,67	251	285
11868	1237,1055	753,634	1843,1413	1251,810	285	240
11869	1223,1013	8,11	1832,1400	16,12	285	240
11870	1223,1013	1071,952	1832,1400	1855,1278	285	260
11871	1182,992	7,7	1771,1348	12,10	285	260
11872	1183,995	6,6	1775,1351	3,6	285	240
11873	2,7	1073,951	15,7	1854,1272	240	260
11874	0,2	1304,958	2,1	2028,1530	240	298
11875	8,11	1071,952	16,12	1855,1278	240	260
11876	573,523	1126,1007	863,595	1926,1336	240	260
11877	569,517	46,45	849,587	62,50	240	260
11878	569,517	1343,977	849,587	2083,1572	240	298
11879	569,517	902,619	849,587	1332,1016	240	236
11880	569,517	43,41	849,589	53,45	240	260
11881	569,517	57,30	849,589	75,57	240	298
11882	569,517	1381,955	849,589	1801,1483	240	281
11883	46,45	1343,977	62,50	2083,1572	260	298
11884	46,45	902,619	62,50	1332,1016	260	236
11885	43,41	57,30	53,45	75,57	260	298
11886	43,41	1381,955	53,45	1801,1483	260	281
11887	795,618	1304,960	1347,928	2035,1530	260	298
11888	786,611	1378,950	1333,922	1796,1482	260	281
11889	57,30	1381,955	75,57	1801,1483	298	281
11890	1412,1275	1391,957	2344,1592	1813,1491	298	281
11891	1399,1268	698,508	2331,1587	967,710	298	230
11892	15,12	1391,957	22,4	1813,1491	236	281
11893	8,6	698,508	13,3	967,710	236	230
11894	1076,798	708,515	1614,1227	977,711	281	230
11895	1073,800	836,648	1604,1218	1244,930	281	266
11896	834,588	846,649	1118,883	1254,942	230	266
11897	1357,935	691,596	1887,1482	1173,850	266	211
11898	373,286	2391,1854	619,441	2314,1555	211	252
11899	46,29	12,7	46,52	9,6	239	203
11900	75,67	69,49	129,113	133,84	298	274
11901	41,22	75,60	82,73	109,70	235	298
11902	77,84	66,49	161,93	99,66	298	298
11903	1197,971	48,32	1771,1322	33,42	199	253
11904	429,340	845,689	550,362	1172,852	202	298
11949	1,0	1,0	1,0	0,0	298	268
11950	1,0	1,0	1,0	0,0	298	246
11951	57,46	9,16	58,33	14,16	256	283
11952	57,46	46,36	58,33	82,61	256	298
11953	32,37	9,14	63,23	14,17	253	283
11954	34,37	2,0	67,24	0,1	253	283
11955	34,37	47,35	67,24	104,52	253	210
11956	2,2	9,14	3,1	14,17	250	283
11957	3,2	2,0	5,2	0,1	250	283
11958	3,2	47,35	5,2	104,52	250	210
11959	40,40	45,35	102,55	103,52	282	210
11960	2,0	47,35	0,1	104,52	283	210
11961	19,38	48,43	47,46	104,53	298	210
11962	69,40	0,3	125,82	6,0	279	191
11963	39,34	1,1	44,37	2,3	298	239
11965	26,25	129,98	28,14	152,83	245	290
11966	134,85	30,24	146,108	9,14	243	294
11967	203,184	25,21	205,161	9,15	291	294
11968	134,86	201,196	146,107	239,172	243	294
11969	208,186	80,49	205,162	84,70	291	243
11970	227,180	407,369	186,127	401,296	232	286
11971	17,12	822,676	9,6	1427,1017	298	264
11975	1084,942	996,753	1750,1322	1307,1141	249	247
11976	1084,944	42,32	1750,1322	1,4	249	247
11977	2110,1856	436,422	2976,2232	612,476	249	296
11978	1056,850	300,224	1761,1301	524,389	298	196
11979	1056,850	1309,1010	1761,1301	2025,1567	298	298
11980	6,7	1297,1000	9,0	2018,1566	206	298
11981	1842,1529	3163,2513	2313,1718	3726,2802	262	298
11982	5,7	3163,2513	3,1	3726,2802	256	298
11983	13,29	1363,1030	15,8	1549,1206	261	223
11984	217,259	801,748	296,191	1035,757	297	298
11985	230,262	3,7	308,192	7,9	297	298
11986	918,783	1158,741	1301,1003	1876,1220	298	298
11987	917,778	156,88	1296,994	222,135	298	232
11988	917,778	406,333	1296,994	646,478	298	239
11989	813,754	423,315	1038,761	803,525	298	232
11990	804,752	148,89	1037,757	221,134	298	232
11991	156,88	406,333	222,135	646,478	232	239
11992	898,597	418,337	1389,897	651,482	232	239
11993	671,455	639,409	1047,693	885,609	232	248
11994	117,117	131,132	196,125	176,138	298	291
11995	163,168	91,71	175,139	89,66	292	239
11996	162,168	153,124	175,139	194,175	292	275
11997	3,4	13,8	1,2	9,10	238	174
11998	46,52	36,60	62,37	51,17	298	292
11999	51,63	36,52	78,76	41,20	298	298
12000	55,88	38,37	60,36	44,33	278	298
12001	51,30	95,64	47,42	137,79	227	259
12002	51,64	68,36	87,55	102,52	262	227
12003	58,41	63,67	67,60	85,60	295	292
12004	58,41	27,34	67,60	32,8	295	288
12005	8,18	32,30	6,4	40,18	230	292
12006	172,127	205,162	176,124	279,199	248	296
12007	637,480	367,345	1231,1018	924,721	263	233
12008	636,472	784,701	1449,1081	1285,959	233	298
12009	1000,827	1074,903	2227,1642	1923,1360	298	298
12011	129,69	59,50	155,107	95,48	276	231
12012	130,69	88,85	155,106	139,89	276	298
12013	118,106	63,47	139,108	58,40	252	219
12014	162,154	61,48	201,130	59,39	298	219
12015	156,151	100,65	200,131	81,61	298	252
12016	50,67	73,93	72,55	88,84	292	298
12018	21,15	21,20	30,6	33,21	298	298
12019	107,62	186,182	246,167	504,360	259	298
12020	51,55	203,189	141,127	510,367	298	298
12021	43,43	203,189	116,92	510,367	298	298
12022	40,21	155,77	37,37	318,231	298	266
12023	174,123	157,80	539,408	316,232	298	266
12029	442,337	632,509	554,425	914,645	233	265
12030	827,662	428,343	1052,727	580,375	292	233
12031	534,437	728,596	586,426	979,701	298	292
12032	585,474	798,630	779,604	977,665	298	298
12033	527,399	797,630	708,457	977,665	298	298
12034	527,399	538,444	708,457	588,430	298	298
12035	390,305	535,437	432,311	586,427	265	298
12036	294,235	583,471	342,231	777,602	298	298
12037	0,3	4,4	0,0	2,2	298	231
12038	1,4	4,4	1,0	2,2	252	231
12043	110,102	102,66	180,100	127,96	298	298
12044	242,238	486,287	161,100	362,272	292	284
12045	245,236	475,414	161,100	388,313	292	298
12046	352,229	708,600	292,232	555,473	250	298
12047	509,426	513,360	397,339	351,212	252	298
12048	5,2	0,1	1,2	0,0	298	222
12049	22,11	21,16	9,2	5,5	298	250
12050	23,11	13,2	6,6	4,1	250	214
12052	555,472	636,546	738,573	688,490	280	289
12053	155,203	440,366	155,139	484,366	298	255
12054	43,68	207,206	16,8	257,187	255	196
12056	82,93	664,536	109,53	794,593	196	298
12057	636,544	461,405	691,512	649,446	298	275
12058	63,50	461,405	94,50	649,446	298	275
12059	3,2	20,11	2,2	11,4	268	282
12060	81,63	532,438	117,62	652,451	224	253
12061	45,34	21,15	26,26	20,14	298	246
12062	33,26	53,35	30,28	39,22	241	298
12063	30,18	24,21	50,33	10,11	298	241
12066	171,118	252,173	198,125	299,225	223	293
12067	4,4	13,16	6,7	15,7	214	220
12068	4,4	27,27	6,7	60,27	214	298
12070	33,37	70,65	61,36	100,64	252	298
12071	618,558	1270,1069	822,576	1935,1408	261	223
12072	618,553	1401,1246	815,570	2432,1601	261	272
12073	0,0	1401,1250	1,1	2441,1607	247	272
12074	962,823	1401,1250	1439,1098	2441,1607	223	272
12075	960,823	1437,1069	1436,1098	2386,1775	223	248
12076	2527,2085	1439,1068	3811,2874	2389,1776	272	248
12077	1078,1027	1134,983	1735,1162	2194,1384	248	245
12078	82,54	103,116	116,84	172,85	298	298
12080	191,198	164,189	248,157	238,172	298	282
12081	187,156	236,186	193,164	274,174	298	298
12082	0,0	236,185	1,3	271,174	298	298
12083	75,59	258,172	74,44	263,216	298	298
12084	13,1	15,11	9,9	23,11	259	298
12085	60,41	226,211	90,69	293,235	218	298
12086	28,22	1429,1367	51,40	3271,2349	295	285
12087	3115,2642	2838,2274	6787,4830	6069,4191	267	298
12088	3112,2634	15,9	6786,4829	27,15	267	298
12089	3112,2634	3456,2867	6786,4829	9090,6351	267	298
12090	3112,2636	16,9	6785,4827	26,18	267	298
12091	15,9	3456,2867	27,15	9090,6351	298	298
12092	3306,2656	2835,2271	8012,5773	6583,4894	298	267
12093	3305,2656	3459,2875	8013,5770	9092,6353	298	298
12094	3306,2656	4,12	8012,5773	4,4	298	298
12095	3306,2656	1862,1406	8012,5773	4366,3235	298	223
12096	4,12	2835,2271	4,4	6583,4894	298	267
12097	4,12	1862,1406	4,4	4366,3235	298	223
12098	2824,2269	2835,2271	6045,4177	6583,4892	298	267
12099	1722,1483	1326,1148	2121,1539	1382,1045	298	260
12100	608,540	1328,1145	557,337	1382,1045	298	260
12101	2577,2282	43,30	2606,1732	12,12	298	246
12102	2577,2282	2163,2126	2606,1732	1964,1447	298	271
12103	33,27	1664,1372	5,6	1730,1292	271	227
12104	28,26	2251,1943	10,9	2373,1733	227	287
12105	1376,1430	2252,1940	1142,875	2373,1733	227	287
12106	2675,2269	1329,1145	2663,1960	1382,1045	287	260
12107	1240,1046	1126,1384	1174,955	655,340	230	266
12108	1240,1044	393,328	1174,955	178,115	230	210
12109	2388,2017	389,329	2416,1979	178,115	266	210
12110	2384,2017	725,818	2416,1979	367,288	266	243
12111	1164,1056	727,818	1005,801	367,288	210	243
12112	435,306	3803,3137	673,408	6395,4612	190	284
12113	11,14	3800,3136	16,18	6397,4622	190	284
12114	159,116	124,115	169,108	178,140	298	298
12115	4,2	309,292	6,2	361,278	298	298
12116	425,474	279,254	490,338	308,252	280	252
12117	425,474	5,2	490,338	5,5	280	209
12118	203,277	693,586	117,46	870,626	243	280
12119	98,124	690,586	94,76	870,626	298	280
12120	2,0	693,586	0,0	870,626	207	280
12121	43,29	341,345	11,6	396,299	277	243
12122	249,253	686,628	365,273	722,624	245	298
12123	590,457	467,371	961,752	581,481	287	245
12124	5,15	10,16	3,3	9,6	298	258
12125	145,155	353,290	111,53	415,276	298	298
12126	259,253	353,292	238,135	415,276	298	298
12127	200,127	358,300	191,128	415,276	298	298
12128	358,298	200,194	408,272	281,189	298	298
12129	213,138	285,244	309,194	342,235	298	298
12130	1,0	0,9	1,0	5,10	298	282
12131	35,32	27,12	42,27	43,23	203	179
12132	3,1	143,106	3,2	99,97	225	298
12133	45,38	1,0	77,40	0,0	225	262
12134	45,38	143,106	77,40	99,97	225	298
12136	116,81	130,87	108,112	110,89	259	249
12137	3,2	51,38	2,0	29,23	298	209
12138	71,43	64,36	82,50	54,48	298	298
12142	3,4	26,44	0,7	30,29	222	272
12143	3,4	16,13	0,8	18,15	222	272
12144	3,4	36,27	0,8	44,30	222	297
12145	16,13	36,27	18,15	44,30	272	297
12146	16,13	19,26	19,16	13,9	272	283
12147	49,39	16,14	51,42	28,14	298	287
12148	64,44	18,10	60,47	32,33	264	195
12149	4,8	165,160	0,2	63,49	298	266
12150	3,4	165,160	2,4	63,49	266	266
12151	2,6	165,160	0,0	63,49	298	266
12152	2,6	22,33	0,0	12,11	298	266
12153	4,8	22,33	0,2	12,11	298	266
12154	4,8	3,3	0,2	1,5	298	298
12157	1,1	10,11	0,3	3,7	268	234
12158	2,0	62,43	0,3	44,56	268	250
12159	1,2	251,219	0,0	466,307	250	175
12160	1,2	19,12	0,0	19,12	250	298
12161	2,13	112,99	11,8	229,163	250	175
12162	1,2	111,98	2,7	228,160	250	175
12163	7,6	502,429	11,16	898,623	175	270
12164	3,1	0,2	2,3	2,1	175	270
12165	251,219	19,12	466,307	19,12	175	298
12166	0,2	4,3	0,0	6,1	296	236
12167	214,189	4,3	296,235	6,1	270	236
12168	55,28	22,41	65,58	34,30	298	242
12169	129,91	100,107	172,113	179,113	280	257
12171	111,112	71,57	111,81	76,53	298	257
12188	19,11	1,2	22,10	4,4	249	298
12189	6,6	13,9	19,5	20,18	298	204
12191	8,2	1,1	4,1	2,0	176	191
12192	448,380	352,351	534,430	513,264	259	298
12193	492,480	723,580	582,460	962,702	298	298
12194	19,20	85,62	21,19	87,48	199	242
12195	67,59	154,102	61,41	150,87	227	281
12235	10,16	1,1	0,0	3,1	263	191
12237	101,108	311,295	155,124	597,397	215	268
12238	103,107	54,34	158,122	63,59	215	282
12239	101,108	6,5	155,124	7,6	215	282
12240	6,5	311,295	7,6	597,397	282	268
12241	297,274	218,231	530,335	431,254	282	271
12242	297,274	204,213	530,335	415,250	282	235
12243	517,453	309,295	928,699	598,397	296	268
12245	77,66	94,82	177,94	139,99	285	298
12246	240,241	27,28	278,186	43,36	287	298
12247	103,68	212,173	132,102	238,147	264	298
12248	100,94	211,173	127,69	238,147	265	298
12249	103,68	2,0	132,102	6,0	264	298
12250	100,94	1,0	127,69	6,0	265	298
12251	103,68	201,164	134,102	220,185	264	298
12252	104,69	50,31	132,102	61,25	264	223
12253	68,91	49,52	102,60	57,51	278	254
12254	8,10	56,60	10,3	63,55	264	272
12255	109,101	56,60	113,69	63,55	266	272
12256	318,299	407,320	467,298	498,330	298	298
12257	436,364	319,264	448,340	520,351	298	269
12258	186,192	354,305	191,158	446,302	298	257
12259	653,525	574,412	790,755	1114,788	298	279
12260	10,21	417,321	13,3	777,515	219	235
12262	65,36	114,96	94,61	138,97	249	298
12263	79,73	36,43	98,84	39,31	280	200
12264	146,154	271,220	225,156	326,214	267	298
12265	207,192	167,143	247,188	229,155	298	298
12266	119,100	209,197	78,72	348,215	279	298
12267	4,3	1,1	1,2	0,0	296	298
12268	296,284	315,261	485,364	464,339	249	234
12269	236,208	300,263	327,223	564,407	232	249
12270	371,239	241,240	490,323	397,265	260	277
12271	172,137	462,424	212,128	644,533	242	254
12272	552,420	494,408	863,578	758,567	254	298
12273	637,617	284,247	916,762	398,316	298	257
12274	455,377	504,466	672,499	542,430	257	298
12275	26,16	26,23	34,11	18,13	251	209
12277	25,30	10,4	46,38	4,0	282	286
12278	201,208	255,289	279,205	372,271	242	258
12279	5,6	11,11	2,2	9,7	239	285
12280	2,2	11,11	0,0	9,7	279	285
12281	5,2	11,11	2,2	9,7	298	285
12283	27,58	0,1	18,11	1,0	271	298
12285	27,58	6,4	18,11	5,1	271	259
12286	15,24	36,38	9,1	38,17	274	271
12287	0,0	33,63	0,1	19,12	205	274
12288	14,7	3,11	7,10	2,0	239	205
12289	4,0	2,6	3,2	2,1	176	239
12290	161,179	27,52	12,6	3,1	289	198
12291	74,85	80,55	127,92	87,93	288	278
12292	43,40	91,56	73,29	81,71	239	298
12293	42,27	35,25	76,37	43,27	278	213
12294	6,8	43,44	18,4	60,56	193	248
12295	39,19	17,14	14,1	6,8	298	223
12297	162,172	306,224	180,123	375,307	251	298
12298	150,123	215,177	218,135	309,237	242	199
12299	230,207	261,206	189,164	180,122	284	298
12300	261,206	332,295	180,122	324,249	298	298
12301	8,15	55,56	21,10	66,50	262	256
12303	85,77	101,83	132,99	99,59	298	240
12304	2,2	7,4	2,5	5,7	224	191
12305	3,2	1,1	2,3	0,0	224	191
12306	1070,932	1164,1023	1750,1188	2444,1535	256	277
12307	909,810	1851,1504	1272,1048	2780,1932	233	298
12308	1861,1639	1126,968	2406,1739	1486,1016	298	244
12309	1222,969	1203,1054	1765,1240	1619,1093	244	276
12310	1549,1289	1561,1581	2100,1447	1936,1418	276	268
12311	24,31	103,73	45,30	163,103	255	282
12312	102,62	81,56	135,81	125,72	264	273
12313	310,240	27,16	269,187	8,5	281	298
12314	152,107	28,15	86,71	8,5	244	298
12315	151,108	286,226	86,71	203,150	244	281
12316	200,190	279,224	117,71	203,148	249	281
12317	15,11	39,66	31,29	79,53	210	271
12318	1,0	39,66	3,1	79,53	207	271
12333	145,125	397,276	274,249	543,431	189	236
12334	356,312	448,348	476,318	667,530	260	273
12335	353,312	648,515	475,319	884,679	260	271
12336	63,94	630,505	98,50	852,675	254	271
12337	2,2	630,505	5,3	852,675	260	271
12338	13,8	632,505	4,3	852,675	254	271
12339	0,3	388,317	0,0	734,545	232	260
12340	0,0	35,26	0,2	44,26	196	237
12341	375,391	353,359	684,463	662,420	278	203
12342	815,771	350,212	1244,867	793,632	298	226
12343	985,711	74,92	2512,1857	140,87	226	223
12344	368,310	214,149	567,370	246,204	293	227
12345	132,134	353,365	213,141	466,319	220	293
12346	171,172	205,167	229,138	294,208	207	220
12347	211,191	126,114	190,153	168,106	251	220
12348	52,62	58,51	49,17	57,48	298	298
12349	5,8	59,51	0,3	57,47	232	298
12350	45,34	51,77	38,29	51,31	224	266
12351	52,35	42,58	41,29	63,36	224	237
12352	70,57	51,47	60,48	43,53	298	224
12353	68,51	9,4	83,59	7,1	240	270
12354	16,5	34,38	11,11	64,36	276	240
12357	196,169	363,280	224,145	415,332	253	275
12358	267,239	26,23	363,281	20,3	280	298
12359	244,207	31,24	260,202	17,3	247	298
12360	30,38	10,9	51,46	15,17	235	243
12361	51,42	51,42	64,35	81,52	297	298
12362	139,147	273,245	156,81	309,195	287	271
12363	201,150	315,250	189,141	394,298	271	270
12364	84,63	250,205	110,65	404,231	214	236
12365	255,261	259,206	333,247	341,257	281	263
12366	102,68	257,206	94,71	341,258	213	263
12367	6,4	10,2	4,4	6,4	256	298
12368	28,15	3,4	33,32	1,6	298	277
12370	46,37	84,80	52,51	69,69	236	298
12371	7,13	41,45	13,10	97,77	166	207
12372	7,13	42,47	13,10	102,78	166	204
12373	261,210	236,181	358,261	311,183	269	298
12374	243,232	301,265	346,216	336,258	298	298
12375	754,582	931,798	1347,958	1465,975	298	298
12376	138,113	931,798	241,131	1465,975	298	298
12377	693,564	929,797	1080,726	1465,976	285	298
12378	47,56	929,797	44,37	1465,976	285	298
12379	598,554	57,44	913,686	63,58	263	298
12380	647,612	831,668	959,724	1294,870	263	298
12381	634,478	42,40	947,684	37,32	257	263
12382	689,520	377,322	1007,735	649,374	257	263
12383	487,336	264,255	737,506	293,227	272	243
12391	296,201	280,231	307,272	507,354	293	298
12392	23,10	7,9	4,2	5,3	212	215
12393	18,10	61,47	12,1	51,36	215	254
12394	398,277	210,148	441,292	209,137	294	298
12396	239,211	28,8	206,141	10,18	236	294
12397	129,98	29,6	163,142	10,18	253	294
12398	388,357	207,206	395,291	242,212	298	294
12404	244,216	387,283	206,141	438,282	236	298
12406	317,263	5,2	385,264	0,0	298	236
12407	128,98	6,4	163,142	2,1	253	236
12408	14,16	6,4	11,7	8,4	224	253
12409	15,16	6,4	11,7	8,4	190	253
12411	115,113	151,147	113,76	149,85	298	298
12412	16,15	33,24	26,16	33,25	192	191
12413	13,9	16,17	9,9	31,20	298	192
12414	72,96	115,133	105,75	132,103	286	238
12420	24,20	7,6	59,28	11,6	263	298
12421	35,23	35,31	49,24	66,38	290	263
12422	7,16	2,2	5,3	2,0	298	298
12423	30,16	21,26	35,18	21,19	298	261
12424	1,0	269,197	1,0	454,331	267	244
12425	33,26	539,400	34,25	904,660	244	248
12426	2,2	0,3	1,3	7,1	292	224
12429	1,0	13,3	0,0	5,0	237	274
12430	107,83	209,152	226,167	352,298	234	265
12431	665,504	532,408	1051,622	892,580	298	216
12432	441,484	3,2	435,277	0,1	298	210
12433	441,484	444,407	435,277	517,375	298	298
12434	169,162	329,318	153,116	342,246	210	239
12435	365,349	329,318	339,254	342,246	298	239
12436	198,167	160,160	265,192	175,101	262	239
12437	16,13	39,45	10,8	30,27	285	298
12438	14,13	54,46	12,6	18,21	285	298
12439	38,34	28,19	50,45	46,37	218	198
12440	186,157	25,43	241,173	71,36	258	175
12441	64,53	94,86	78,49	110,82	210	202
12442	119,116	103,96	149,103	144,96	257	210
12444	596,526	537,386	666,465	633,493	298	294
12445	58,45	31,34	23,13	12,14	249	179
12446	8,10	15,13	12,13	21,12	298	281
12447	182,198	107,108	226,182	120,91	298	298
12448	266,265	276,345	527,375	347,226	223	269
12449	41,31	11,11	35,23	12,2	289	249
12455	1,4	4,6	0,1	1,6	236	298
12456	1,4	5,9	0,1	3,2	236	298
12457	1,3	6,0	1,1	3,9	272	257
12458	40,28	28,16	28,14	17,17	297	214
12460	77,41	35,28	56,39	84,40	298	298
12461	77,41	35,29	56,39	84,40	298	298
12463	48,42	17,21	62,63	26,18	298	239
12464	9,8	37,22	27,17	58,44	257	256
12465	28,31	27,27	38,38	38,36	298	257
12466	20,14	26,26	9,16	32,36	209	257
12467	41,27	33,26	49,35	31,39	243	298
12468	30,19	33,29	40,19	38,32	296	282
12469	8,18	16,5	21,17	7,6	262	298
12471	3,0	2,0	0,0	0,2	197	262
12472	24,10	30,20	6,0	2,5	298	284
12473	3,15	324,294	3,0	556,426	228	287
12474	265,239	185,166	547,365	241,188	296	248
12475	11,12	584,528	16,27	735,582	248	298
12476	188,131	497,468	330,278	609,473	248	298
12477	11,4	324,294	1,2	556,426	298	287
12478	284,238	3,0	333,254	0,0	298	298
12479	3,1	56,30	0,0	61,33	298	252
12480	1,1	23,22	0,0	33,22	252	201
12481	22,29	22,23	46,28	33,22	252	201
12482	5,0	37,44	0,3	32,23	298	184
12483	20,16	37,44	16,17	32,23	298	184
12484	47,37	20,14	33,21	30,19	274	252
12485	111,89	49,45	144,103	72,59	257	200
12486	55,54	116,104	82,66	133,121	200	233
12487	59,51	18,12	91,67	27,34	200	233
12488	80,75	95,107	140,101	148,98	233	239
12489	63,66	75,61	113,80	154,90	233	242
12490	114,117	139,157	195,143	191,142	287	243
12491	165,139	105,106	285,169	237,146	243	217
12492	81,74	68,57	116,69	126,69	217	276
12493	20,19	93,104	40,29	123,80	169	263
12494	8,5	233,174	8,0	323,217	291	283
12495	142,102	233,174	210,141	323,217	294	283
12496	93,74	163,145	212,144	214,171	257	298
12497	1,0	162,147	0,0	212,171	253	298
12498	4,7	162,147	17,9	212,171	257	298
12499	8,3	166,147	6,3	216,171	257	298
12500	29,29	155,109	39,28	129,117	290	253
12501	40,20	163,118	83,28	136,125	298	257
12502	4,4	13,8	4,9	12,15	225	262
12503	170,183	251,252	147,95	324,260	298	288
12504	61,55	3,7	75,44	13,6	283	214
12505	11,20	20,19	19,10	21,25	194	274
12506	76,64	38,23	90,59	52,27	285	219
12507	73,66	7,4	90,57	1,4	285	219
12508	223,165	161,146	268,208	190,130	298	298
12509	3779,3241	3051,2633	5939,4574	5098,3781	298	281
12510	3343,2804	3594,2935	5617,4418	7362,5266	298	298
12511	2639,2153	3779,3240	4274,3167	5937,4573	231	298
12512	2848,2208	2098,1559	5360,3729	3442,2445	246	267
12513	43,25	2098,1565	68,41	3454,2453	246	267
12514	0,0	2096,1560	1,0	3442,2445	225	267
12515	3,12	2096,1560	4,6	3442,2445	246	267
12516	88,95	1367,1164	253,177	2256,1627	211	225
12517	1463,1213	1599,1378	3090,1995	2645,1911	212	246
12518	1343,1227	1652,1402	2701,1929	2726,1961	200	246
12519	1350,1240	1019,822	2704,1938	1671,1146	200	212
12520	125,92	319,213	209,189	513,418	217	258
12521	0,2	428,349	0,0	567,488	239	284
12522	327,328	428,349	537,360	567,488	280	284
12523	299,275	105,103	592,389	248,177	280	204
12524	2,0	91,83	0,0	85,30	220	200
12526	128,92	392,329	138,91	563,376	254	295
12527	127,90	13,5	138,91	13,7	254	295
12528	270,199	235,174	355,248	286,214	295	259
12529	281,204	379,314	368,255	577,435	295	298
12530	395,338	379,314	568,382	576,435	298	298
12531	10,20	379,314	4,4	576,435	259	298
12532	222,205	321,260	392,253	347,233	252	245
12533	223,207	427,306	391,255	655,455	298	298
12534	2,6	427,306	1,5	655,455	237	298
12535	0,3	149,131	2,1	196,160	290	283
12536	1,0	93,94	0,0	142,89	298	237
12537	20,35	23,17	36,17	21,17	237	203
12538	45,34	63,66	65,50	113,78	203	273
12539	10,6	11,20	0,0	11,8	256	298
12540	10,12	3,0	12,13	0,0	233	298
12543	61,85	56,40	82,50	56,56	298	233
12544	215,179	384,343	196,188	491,327	232	249
12545	214,180	5,3	194,189	9,3	232	249
12546	181,132	113,81	343,232	194,144	271	227
12547	7,7	113,81	5,2	194,144	240	227
12548	7,7	181,132	5,2	343,232	240	271
12549	145,147	82,79	224,170	139,128	242	235
12550	88,114	119,105	143,131	167,122	235	298
12551	21,13	34,34	14,14	26,12	281	298
12552	71,49	45,35	46,24	46,21	298	281
12553	25,35	56,47	18,17	37,30	225	298
12554	60,59	16,9	106,77	27,10	298	298
12555	60,59	79,71	106,77	80,56	298	285
12556	3,5	48,35	4,0	47,41	288	251
12557	28,21	48,35	26,15	47,41	220	251
12558	28,21	3,5	26,15	4,0	220	288
12559	1469,1245	1170,1056	2673,1974	1593,1297	278	248
12560	1200,1048	1617,1274	1802,1380	2768,1868	272	278
12561	678,696	1066,951	1351,915	1968,1430	230	290
12562	1669,1315	1400,1121	3580,2626	2455,1792	265	298
12563	2,0	1400,1121	0,0	2455,1792	298	298
12564	3,6	0,2	3,4	4,0	207	270
12565	13,13	26,21	12,2	19,15	265	253
12566	9,6	4,1	17,7	1,1	238	254
12567	11,7	16,10	17,7	18,3	238	298
12568	6,4	5,16	1,0	10,8	187	298
12569	22,28	5,16	29,19	10,8	218	298
12570	22,28	6,4	29,19	1,0	218	187
12571	15,19	9,33	17,6	14,10	239	208
12573	113,94	186,161	160,98	256,198	298	267
12574	114,91	144,117	159,97	203,125	298	298
12575	129,87	144,120	156,128	202,126	267	298
12576	8,6	91,88	3,4	88,68	298	212
12577	0,0	91,88	0,1	88,68	181	212
12578	81,118	122,180	114,72	88,68	220	255
12579	80,80	129,113	87,65	107,93	221	270
12580	80,80	122,181	87,64	92,68	221	255
12581	150,135	122,181	152,123	89,69	270	255
12582	24,19	67,54	3,5	39,14	298	258
12583	31,39	58,55	23,11	50,23	258	256
12584	64,100	35,37	66,39	26,10	266	242
12585	13,12	72,65	6,10	66,42	164	298
12586	19,18	79,67	5,1	84,67	298	298
12587	14,35	63,78	5,1	81,50	298	272
12588	5,4	8,11	1,1	6,1	256	298
12589	6,1	0,0	0,2	2,0	271	298
12592	65,50	77,90	75,86	110,80	221	239
12593	122,89	4,0	196,143	0,0	239	266
12594	74,63	14,14	73,62	23,21	232	204
12595	51,34	46,33	67,56	45,48	284	247
12596	48,46	66,36	115,76	60,52	280	251
12597	33,36	66,40	58,43	78,73	250	280
12598	38,11	3,8	18,12	2,4	242	298
12600	0,1	33,22	2,0	32,40	271	298
12601	21,21	20,22	12,23	39,35	298	222
12602	85,43	42,31	81,63	60,54	298	290
12603	1,5	69,50	8,3	107,74	280	190
12604	1,4	4,10	12,5	8,10	298	197
12605	0,1	23,19	1,1	34,18	277	298
12606	0,1	235,190	1,1	287,242	277	280
12608	2,3	2,2	6,5	0,0	298	298
12609	6,0	6,0	0,4	1,0	219	194
12610	2,0	6,0	0,0	1,0	249	194
12613	0,1	7,3	0,0	1,8	219	219
12614	1,0	7,3	1,1	1,8	264	219
12615	2,1	7,3	3,0	1,8	267	219
12618	6,0	2,0	0,4	0,0	219	249
12621	1,0	0,1	1,1	0,0	264	219
12622	2,1	0,1	3,0	0,0	267	219
12623	1,3	7,3	2,2	1,4	273	264
12624	1,3	8,4	2,2	3,3	273	267
12625	205,182	200,143	528,363	333,231	278	267
12626	258,250	125,110	512,333	309,203	298	243
12628	49,52	52,46	110,71	79,62	263	241
12629	58,46	61,50	53,53	88,82	298	246
12630	0,2	43,32	0,0	70,68	298	298
12631	14,12	43,32	23,9	70,68	286	298
12632	1,0	0,4	0,0	1,0	218	236
12633	4,1	0,4	2,0	1,0	298	236
12634	2,1	0,4	0,0	1,0	298	236
12635	1,0	0,4	2,0	1,0	247	236
12636	6,0	477,337	4,4	512,381	283	232
12637	367,230	477,337	425,312	512,381	298	232
12638	367,230	6,0	425,312	4,4	298	283
12639	209,188	450,398	317,199	547,348	257	298
12640	354,308	332,328	424,283	506,359	281	298
12641	260,321	322,243	425,260	450,347	298	266
12642	2,0	0,0	0,0	1,0	298	246
12643	0,0	4,1	1,0	7,1	246	266
12644	0,0	2,1	1,0	7,0	246	266
12645	6,7	7,9	6,9	8,1	284	298
12646	25,21	8,4	14,3	5,2	298	222
12648	147,95	151,127	247,217	334,249	298	233
12650	114,71	112,101	171,152	162,129	298	262
12651	3,1	79,52	2,1	118,76	280	298
12652	24,22	78,52	28,13	118,76	280	298
12653	21,21	0,0	26,15	1,0	280	298
12654	2,2	106,93	4,0	141,80	265	298
12655	2,2	212,182	4,0	322,201	265	298
12656	0,3	78,52	4,2	118,76	298	298
12657	0,2	87,70	3,0	116,72	298	268
12658	4,2	133,116	2,0	188,141	298	298
12659	87,80	84,72	131,76	118,72	298	268
12660	1267,1197	1090,1012	1798,1412	2058,1555	284	236
12661	715,669	1089,1011	1249,936	2059,1556	254	236
12662	123,109	162,100	102,70	136,115	266	292
12663	122,109	1,0	102,70	0,0	266	292
12664	122,109	3,1	102,72	1,1	266	292
12665	97,71	126,84	130,104	124,85	292	266
12666	99,72	22,13	131,105	11,22	292	266
12667	99,72	51,61	131,105	70,54	292	251
12668	97,71	1,1	130,105	5,5	292	264
12669	22,13	51,61	11,22	70,54	266	251
12670	164,112	51,61	152,137	70,54	266	251
12671	1,1	96,89	0,0	127,113	251	264
12672	107,56	115,102	96,77	139,135	251	264
12673	10,8	17,14	16,9	6,10	208	283
12674	140,122	216,147	258,181	307,239	245	257
12675	190,119	121,95	247,167	215,134	298	261
12676	113,81	146,142	191,119	151,115	261	298
12677	133,112	73,67	274,157	81,62	298	236
12678	132,113	1,1	274,157	3,0	298	236
12679	3,1	1,1	3,1	3,0	298	236
12680	99,91	568,462	71,72	370,210	233	292
12681	0,1	377,338	1,0	263,182	230	233
12682	25,32	15,36	46,21	16,16	298	276
12683	94,74	156,124	113,88	214,174	258	298
12684	63,56	58,60	101,87	67,40	244	242
12685	5,8	68,56	17,6	97,60	259	244
12686	3,6	32,30	5,1	54,37	298	247
12687	17,19	34,33	30,12	68,21	298	262
12688	105,113	2,0	56,45	0,0	298	298
12689	105,113	132,121	56,45	106,91	298	298
12690	4,0	244,196	0,1	172,115	298	298
12691	7,2	5,5	6,0	5,2	248	298
12692	572,399	5,6	413,287	10,2	298	298
12693	645,492	2,0	631,413	1,0	255	272
12694	420,347	346,304	370,258	289,263	275	298
12695	278,263	264,254	416,363	376,280	291	260
12696	176,181	7,1	253,202	3,2	237	247
12697	0,1	126,115	0,1	163,151	210	266
12698	68,102	21,38	89,45	18,9	267	280
12702	372,286	307,286	376,226	431,291	298	296
12703	313,262	485,355	294,254	378,280	298	298
12704	229,203	373,320	281,160	270,193	262	298
12705	231,195	10,10	271,156	0,0	262	183
12706	180,178	294,275	199,107	270,237	267	298
12707	71,75	61,28	133,78	75,51	270	253
12708	39,35	89,40	53,43	102,87	298	298
12709	75,49	58,54	113,80	79,48	256	275
12710	2,5	24,26	1,0	35,21	240	256
12711	28,38	25,28	44,27	41,20	240	256
12712	68,49	47,42	101,59	73,68	273	240
12713	54,36	47,42	80,54	73,68	250	240
12714	9,12	46,44	9,8	61,39	298	273
12715	44,36	46,44	67,45	61,39	298	273
12716	9,12	3,1	9,8	0,0	298	250
12717	44,36	3,1	67,45	0,0	298	250
12718	18,15	1,0	39,33	1,4	239	298
12719	17,16	78,58	39,34	111,67	239	298
12720	18,20	31,24	15,11	36,27	298	239
12721	18,20	1,9	14,11	5,4	298	239
12722	27,18	0,1	59,48	3,1	259	213
12723	67,54	0,1	114,79	3,1	298	213
12724	15,17	0,1	32,19	3,1	220	213
12725	124,110	329,273	186,102	296,249	247	276
12726	292,269	313,272	506,347	453,373	267	275
12727	109,99	268,253	209,111	379,357	211	267
12728	88,86	108,70	114,64	100,84	290	298
12729	109,68	109,92	148,69	114,77	295	290
12730	104,106	84,84	112,103	115,67	298	295
12731	90,89	116,70	107,59	147,72	298	298
12732	196,195	44,43	232,174	74,44	298	196
12733	129,124	5,10	140,126	2,6	278	246
12734	106,80	64,37	146,91	60,56	274	215
12742	130,121	181,159	182,122	207,163	293	284
12755	24,39	46,48	41,39	41,37	298	298
12761	857,920	1049,923	584,414	533,413	262	277
12762	1692,1487	1136,965	857,646	863,613	298	262
12763	0,1	1220,1106	0,0	654,495	225	272
12764	644,639	1220,1106	395,265	654,495	243	272
12769	8,0	45,45	2,0	44,25	237	221
12770	43,32	123,84	37,26	127,79	209	298
12771	25,31	54,33	33,19	40,22	212	298
12772	1,0	4,0	0,1	1,4	236	266
12773	178,126	261,233	228,167	283,250	243	298
12774	418,357	130,89	425,320	174,112	273	239
12775	361,249	259,217	326,284	363,293	298	273
12776	355,354	191,164	316,218	315,217	298	194
12777	251,258	4,4	314,234	4,0	237	298
12778	34,46	1,14	2,0	0,0	298	236
12779	0,1	3,2	0,0	1,2	298	248
12780	553,438	374,355	1007,780	569,406	279	233
12783	14,10	71,46	9,6	80,66	211	270
12784	29,19	39,29	12,19	40,19	221	251
12786	86,74	3,12	173,138	7,4	217	298
12787	132,127	170,157	196,132	287,159	298	298
12788	52,70	76,62	104,55	118,73	298	265
12789	53,51	0,0	46,53	0,1	255	252
12796	14,1	21,10	7,12	24,24	222	272
12797	4,1	21,10	0,4	24,24	297	272
12798	4,0	7,2	1,2	10,9	222	272
12799	0,0	47,43	3,1	36,39	220	255
12800	368,360	390,318	442,384	502,386	272	254
12801	333,255	387,315	345,299	495,384	298	254
12802	192,223	330,256	167,154	345,299	295	298
12803	4,2	330,256	0,0	345,299	224	298
12804	192,231	243,227	167,154	201,190	295	235
12805	337,262	271,221	365,231	363,274	247	238
12806	336,262	419,331	364,231	530,364	247	298
12807	273,238	45,36	339,308	79,53	298	172
12808	159,147	226,239	213,154	267,172	259	298
12809	278,261	3,11	294,169	4,6	288	259
12810	318,319	254,212	394,279	355,186	298	298
12811	265,198	37,59	345,241	35,12	281	238
12812	122,111	45,48	216,123	90,76	237	190
12813	223,183	68,50	267,225	73,64	250	195
12814	232,188	186,145	299,180	214,152	260	250
12815	176,173	153,129	241,204	217,133	219	230
12816	252,210	154,123	311,230	204,131	269	219
12817	61,59	307,263	91,52	358,296	199	269
12818	46,37	287,254	51,30	348,285	193	269
12819	66,52	94,70	58,41	104,74	193	199
12820	130,120	131,108	108,87	123,89	298	262
12821	173,144	3,2	173,129	5,1	209	269
12822	173,144	443,391	173,129	562,383	209	298
12823	3,2	443,391	5,1	562,383	269	298
12824	14,11	127,80	14,4	265,180	298	209
12825	47,35	355,281	87,61	915,679	209	267
12826	4,2	179,135	7,11	448,298	209	267
12827	250,228	121,97	433,332	235,185	298	238
12828	246,229	144,143	432,331	309,195	298	255
12829	145,112	142,138	223,200	302,196	238	255
12830	1,0	142,138	0,0	302,196	232	255
12831	41,55	80,79	89,76	93,62	298	298
12832	59,46	33,49	83,91	49,27	284	298
12833	80,90	97,112	105,117	166,159	298	298
12834	8,13	100,114	13,15	168,159	298	298
12835	68,37	46,56	78,50	109,74	226	298
12836	5,2	0,1	2,0	0,0	298	226
12837	107,76	3,0	164,132	3,5	298	298
12838	20,12	11,7	35,25	7,10	211	208
12839	8,7	31,40	23,16	70,35	208	298
12840	2,0	2,3	2,1	20,6	262	227
12841	6,0	4,1	3,5	10,7	227	253
12842	2,4	9,5	10,5	7,11	287	287
12844	270,290	464,372	405,302	779,587	284	208
12846	10,15	0,2	18,9	2,4	217	271
12847	10,15	0,2	18,9	0,4	217	211
12848	3,5	333,288	5,5	543,329	217	298
12849	3,5	323,307	5,5	414,326	217	285
12852	333,288	323,307	543,329	414,326	298	285
12855	505,454	5,3	733,476	0,2	247	253
12856	245,176	357,296	376,296	538,385	254	296
12857	1342,1142	1315,983	3140,2120	1792,1383	294	278
12858	35,43	1315,983	105,64	1792,1383	289	278
12859	40,28	80,74	53,44	107,102	239	293
12860	77,53	61,55	85,67	93,66	293	257
12861	119,77	168,145	191,145	286,195	218	262
12862	57,51	10,6	44,50	12,12	298	188
12864	33,26	45,34	51,26	29,20	278	298
12866	1411,1222	2032,1806	1594,1244	2282,1671	298	271
12867	1357,1170	759,629	1563,1247	1128,799	221	298
12868	1523,1478	872,705	1452,1217	953,755	298	222
12870	14,12	12,16	30,18	22,16	236	233
12871	11,19	25,10	25,19	25,21	233	267
12872	25,19	12,11	60,49	8,11	280	185
12873	82,82	57,67	111,49	68,41	298	196
12874	105,95	61,102	89,79	101,53	298	298
12875	18,7	25,18	24,28	43,26	195	258
12876	32,24	18,17	43,36	30,22	237	195
12877	90,79	54,38	107,83	76,55	298	279
12878	6,7	0,2	4,2	0,0	298	298
12879	6,7	4,4	4,2	1,2	298	298
12880	60,76	6,11	35,24	0,0	298	298
12881	66,86	70,55	67,67	89,61	298	298
12882	93,64	61,38	87,54	79,55	298	298
12884	106,67	18,7	112,68	12,5	258	298
12885	106,79	12,13	83,54	24,8	298	298
12886	108,78	20,13	83,54	25,8	298	298
12887	11,19	5,10	26,22	3,2	298	224
12888	30,15	18,11	23,26	36,28	271	298
12889	88,60	369,300	121,58	565,413	269	298
12890	64,46	71,41	89,63	101,62	298	281
12891	52,40	53,58	79,37	78,54	263	267
12892	60,51	55,56	92,62	81,60	298	267
12893	198,183	929,792	381,283	1885,1363	267	298
12894	199,182	897,736	377,283	2150,1490	267	298
12895	352,309	929,792	633,486	1885,1363	298	298
12896	323,243	809,661	535,401	2047,1420	298	271
12897	719,558	815,661	1071,842	2048,1424	298	271
12898	3,1	8,1	3,2	0,3	198	191
12899	24,54	231,185	20,5	65,54	298	298
12901	29,42	71,34	81,45	107,63	226	207
12902	79,40	66,34	161,124	84,53	218	207
12903	82,40	88,56	171,124	113,75	218	226
12904	3,2	78,52	14,2	106,73	218	226
12905	118,80	47,30	288,194	69,39	218	209
12906	79,79	15,21	176,110	58,30	269	218
12907	38,22	15,20	41,32	59,30	269	218
12908	37,29	19,37	80,44	76,36	247	218
12909	10,15	15,20	23,9	57,30	209	218
12910	76,77	19,28	170,111	41,28	269	218
12911	50,38	119,70	93,58	297,168	226	269
12912	37,30	119,70	82,46	297,168	214	269
12913	40,39	0,6	91,53	2,3	247	226
12914	37,29	72,62	80,44	164,115	247	226
12915	17,32	3,9	48,17	10,9	209	247
12916	1,1	202,150	3,0	306,273	225	298
12917	121,119	176,120	221,204	304,224	298	254
12918	28,15	11,12	44,32	21,23	237	251
12920	1,5	143,97	1,2	172,140	280	258
12921	83,95	176,153	133,116	252,136	258	290
12922	213,144	154,121	254,204	238,158	290	245
12923	0,2	167,122	2,0	291,247	245	298
12924	96,92	167,124	164,80	291,247	245	298
12925	186,160	378,287	253,173	581,426	234	298
12926	302,240	191,207	472,367	295,247	298	298
12927	376,289	247,178	581,426	278,184	298	293
12928	167,144	298,280	242,192	254,161	217	298
12929	346,308	320,277	400,352	440,252	292	264
12930	379,396	362,333	430,261	566,362	298	292
12931	58,85	335,284	30,9	544,367	291	298
12939	80,83	3,5	122,89	3,3	199	189
12940	1,6	1,2	5,4	4,2	266	239
12941	85,50	144,145	121,78	234,155	244	273
12942	191,177	3,0	158,109	0,0	252	240
12943	332,282	356,299	360,297	385,283	295	284
12944	537,501	332,305	544,461	451,360	284	279
12945	10,11	14,26	22,7	33,24	261	298
12946	10,12	4,5	22,7	14,19	261	238
12947	825,793	320,308	545,423	200,129	298	239
12949	9,4	8,7	4,2	11,8	202	248
12950	4,9	53,63	10,13	53,55	298	298
12951	1397,1205	1024,922	2190,1535	1352,1055	246	205
12952	190,181	126,120	349,242	361,190	298	298
12953	5,1	330,275	5,3	702,418	250	298
12954	242,210	269,236	434,317	476,393	236	249
12955	18,14	273,236	11,1	476,393	236	249
12956	228,209	267,225	342,275	416,305	235	236
12957	208,207	241,210	350,263	393,301	221	236
12958	167,157	12,8	281,228	13,5	210	221
12959	338,277	177,149	605,442	284,222	259	225
12960	11,27	177,149	10,5	284,222	298	225
12961	211,177	264,199	262,128	456,387	297	259
12962	4,3	2,0	1,2	0,2	248	208
12963	160,143	55,48	194,123	113,77	298	285
12964	41,29	12,6	53,41	4,2	263	298
12965	54,63	108,109	103,90	167,128	298	276
12966	44,32	75,74	63,23	89,57	288	298
12967	42,36	93,49	54,54	93,67	279	288
12969	5,10	63,55	22,1	61,64	263	171
12970	7,1	16,5	2,0	6,9	197	171
12976	1669,1481	1370,1278	2031,1363	1522,1102	298	297
12977	1042,909	272,170	1626,1300	484,275	239	245
12978	687,626	148,108	980,747	337,222	236	230
12979	38,23	589,487	34,22	871,669	230	290
12980	310,280	447,343	337,319	643,432	242	285
12981	230,192	253,184	305,230	337,255	230	242
12982	555,420	174,155	573,495	227,189	279	230
12983	16,3	175,153	6,9	228,191	279	230
12984	39,50	240,167	68,44	277,224	227	258
12986	2,4	21,15	2,0	12,8	212	230
12987	357,388	436,363	744,556	758,552	281	279
12988	256,234	42,23	574,327	121,68	279	164
12989	378,293	73,58	635,445	150,84	261	287
12990	206,174	109,107	291,198	142,134	298	228
12991	173,184	2,5	241,155	2,0	298	231
12992	85,76	2,5	150,72	2,0	253	231
12993	85,76	173,184	150,72	241,155	253	298
12994	15,23	118,95	21,24	141,123	298	234
12995	59,46	120,95	71,39	141,123	298	234
12996	17,29	58,37	37,43	90,64	239	298
12997	79,41	37,29	109,60	59,62	298	239
12998	1,0	38,29	0,0	57,62	254	239
12999	64,27	39,30	59,61	57,61	298	239
13000	53,65	37,25	95,78	66,58	298	298
13001	66,49	59,39	162,94	90,60	298	298
13002	31,52	61,45	102,74	135,82	295	281
13003	45,46	58,42	86,56	112,86	298	295
13007	615,496	786,666	1148,767	1433,1055	298	268
13008	453,383	800,679	888,730	1452,1071	215	268
13009	452,377	410,308	888,730	674,522	215	219
13010	7,6	2,0	2,0	4,3	298	195
13012	0,0	41,23	5,0	82,50	206	211
13013	0,1	3,4	1,0	0,0	206	251
13014	681,592	1,4	1024,702	1,0	281	176
13015	1,0	698,612	0,1	1029,766	281	211
13016	1512,1330	1,4	2243,1596	1,0	251	176
13017	568,482	698,612	840,577	1029,766	251	211
13018	423,374	1501,1332	634,511	2467,1935	211	298
13019	312,313	194,138	380,241	214,166	258	232
13020	1,0	234,193	2,2	275,203	212	250
13021	333,272	580,617	462,294	975,661	247	273
13022	489,446	1110,1012	842,582	1992,1363	273	298
13023	489,446	875,836	842,582	1654,1124	273	293
13024	192,177	195,166	263,186	270,178	298	298
13025	141,107	192,166	200,128	265,177	266	298
13026	143,102	154,158	208,128	220,130	266	298
13027	16,3	157,161	12,4	222,135	266	298
13028	91,89	129,132	124,97	183,134	237	266
13029	132,190	122,94	172,133	197,120	247	237
13030	20,19	6,23	6,1	3,5	257	254
13031	106,86	58,40	113,61	71,41	298	298
13032	41,36	55,33	82,40	70,34	298	298
13033	51,46	91,73	46,56	99,61	294	298
13034	0,4	281,238	12,2	452,465	298	196
13035	294,315	281,238	550,382	452,465	270	196
13036	2114,1788	1842,1556	3505,2406	2445,1800	298	282
13037	1,0	1842,1556	1,0	2445,1800	177	282
13038	5,0	1842,1556	0,8	2445,1800	298	282
13039	1892,1664	1863,1675	3179,2154	2096,1730	269	298
13040	1710,1185	1859,1666	2598,1982	2096,1728	262	298
13041	1892,1664	20,17	3179,2154	1,3	269	298
13042	1710,1185	16,8	2598,1982	1,1	262	298
13043	1714,1196	1675,1475	2598,1984	2766,1889	262	269
13044	1361,1088	4,12	2113,1564	0,2	298	262
13045	1363,1090	1873,1623	2113,1564	3176,2135	298	262
13046	1122,891	2142,1521	1907,1414	3308,2517	257	298
13047	1594,1290	916,739	2552,1750	1371,992	298	257
13048	2,1	916,739	7,1	1371,992	294	257
13049	0,0	911,737	4,1	1372,992	298	257
13050	1,2	933,745	7,3	1374,993	298	257
13051	1,3	1555,1229	0,2	2644,1975	210	298
13052	1420,1160	1555,1229	2012,1361	2644,1975	290	298
13053	1175,955	1555,1229	1666,1141	2644,1975	269	298
13054	1955,1554	1545,1250	2413,1927	2510,1720	298	290
13055	1955,1554	1,1	2413,1927	0,5	298	269
13056	3,2	6,5	5,0	5,1	238	238
13057	3,2	15,10	5,0	15,7	238	296
13058	53,48	118,92	92,61	191,143	263	278
13059	97,99	242,242	126,92	412,292	278	298
13060	121,101	60,59	131,77	94,74	228	298
13061	48,35	51,47	38,21	86,46	211	257
13062	15,21	35,45	14,8	49,32	239	298
13063	37,37	37,43	39,26	52,36	239	298
13064	21,20	20,19	23,22	35,21	264	239
13065	7,10	20,19	18,17	35,21	177	239
13066	22,15	1,2	19,19	0,0	250	214
13067	14,7	15,21	8,4	13,16	186	233
13068	481,466	586,581	337,243	289,241	298	298
13069	621,578	570,577	392,302	290,239	298	298
13070	737,676	585,589	493,381	289,241	298	298
13071	91,83	570,577	20,9	290,239	298	298
13072	636,580	822,749	392,304	458,355	298	298
13073	735,674	765,681	494,381	438,346	298	298
13074	247,169	740,668	119,109	438,346	199	298
13075	134,118	745,675	71,62	438,346	179	298
13076	820,755	505,486	513,390	337,243	298	298
13077	222,216	474,466	178,149	337,243	214	298
13078	75,59	474,466	54,26	337,243	229	298
13079	294,299	417,367	166,125	285,240	218	253
13090	15,21	47,77	13,14	40,39	298	281
13091	15,21	24,39	12,20	34,31	298	298
13092	36,29	0,2	34,20	0,0	271	298
13093	36,29	12,17	34,20	37,22	271	298
13094	2,0	17,12	0,1	10,7	273	268
13095	2,0	1,2	1,2	3,1	298	298
13096	342,365	457,413	266,224	557,386	258	258
13097	418,355	307,267	600,377	531,295	298	298
13103	137,121	115,91	196,145	133,78	298	279
13104	58,58	104,90	96,79	128,79	239	298
13105	43,33	298,284	82,70	577,386	298	298
13106	191,181	5,4	430,292	2,4	231	298
13107	59,47	100,102	103,56	208,168	231	220
13108	77,91	5,4	192,146	2,4	228	298
13109	1,2	100,102	2,3	208,168	228	220
13111	1,0	76,61	6,0	43,20	242	298
13112	22,31	76,61	46,21	43,20	220	298
13114	47,29	1,5	9,34	5,2	267	168
13115	24,11	1,5	17,15	5,2	247	168
13116	24,11	47,29	17,15	9,34	247	267
13117	203,205	315,306	151,124	300,238	259	270
13118	40,51	25,21	40,46	33,29	274	260
13119	42,25	22,16	38,39	16,13	298	232
13121	57,47	76,63	79,49	133,99	206	221
13122	68,44	24,25	36,22	8,8	263	237
13123	51,42	36,21	28,21	21,12	285	240
13125	352,242	656,646	447,308	884,680	210	279
13126	20,11	493,496	9,5	862,663	298	256
13127	20,11	6,1	8,3	5,1	298	256
13128	20,11	341,257	8,3	548,352	298	298
13129	110,66	429,300	96,94	525,373	298	226
13130	103,60	493,496	92,88	862,663	298	256
13131	103,60	6,1	91,86	5,1	298	256
13132	103,60	341,257	91,86	548,352	298	298
13133	469,411	429,300	723,552	525,373	263	226
13134	462,404	493,496	715,545	862,663	263	256
13135	463,404	6,1	715,543	5,1	263	256
13136	463,404	341,257	715,543	548,352	263	298
13137	6,8	331,256	9,5	544,352	256	215
13138	49,123	0,2	36,17	0,0	295	298
13139	10142,8067	7298,6120	15617,11209	8572,6842	231	236
13140	12505,10585	8288,6569	16508,12308	10568,8063	248	231
13141	38,26	40,35	34,17	38,19	276	233
13142	6,6	36,30	2,1	26,25	233	226
13143	127,144	24,52	140,112	17,3	215	298
13144	327,324	86,112	226,160	105,83	298	215
13145	27,31	83,83	16,9	87,57	298	298
13146	3,0	1039,995	0,0	1136,781	298	298
13147	977,923	1039,995	1220,823	1136,781	297	298
13148	1240,1064	1497,1337	1157,805	1693,1212	298	291
13149	2,0	92,61	0,0	107,93	297	265
13150	359,309	329,235	495,327	389,267	298	290
13151	311,249	324,235	425,301	388,266	298	290
13152	311,246	221,187	422,298	307,212	298	231
13153	61,53	11,4	109,70	3,1	217	269
13154	61,55	308,247	111,70	295,239	217	269
13155	281,230	299,247	482,314	292,239	298	269
13156	290,236	170,133	485,314	177,166	298	217
13157	4,6	106,92	3,0	65,63	298	280
13158	149,149	106,92	143,105	65,63	298	280
13159	149,149	4,6	143,105	3,0	298	298
13160	8,1	137,126	11,1	78,60	285	298
13161	157,150	137,126	154,106	78,60	298	298
13162	37,27	6,5	30,38	8,5	290	298
13163	9,0	6,5	5,8	8,5	250	298
13164	14,2	6,5	6,14	8,5	257	298
13165	9,0	37,27	5,8	30,38	250	290
13166	14,2	37,27	6,14	30,38	257	290
13167	1,6	4,5	3,0	6,0	298	180
13168	4,3	4,5	1,5	6,0	257	180
13169	1,6	20,13	3,0	16,7	298	247
13170	4,3	20,13	1,5	16,7	257	247
13171	1,6	48,26	3,0	40,18	298	298
13172	4,3	48,26	1,5	40,18	257	298
13173	34,33	1,6	33,28	3,0	257	298
13174	4,3	1,6	1,5	3,0	257	298
13175	34,33	11,30	33,28	25,19	257	298
13176	7,8	195,165	1,2	248,222	258	223
13177	25,17	507,441	12,12	661,497	258	223
13178	186,155	397,308	213,187	355,310	214	264
13179	2,2	357,277	9,1	427,342	193	186
13180	24,25	19,25	9,11	20,7	221	193
13181	45,56	89,90	27,32	54,24	221	245
13182	24,30	126,110	8,11	78,49	221	298
13183	44,43	136,122	33,12	81,53	245	298
13184	43,42	51,40	33,12	28,24	245	245
13185	140,155	53,41	108,46	28,24	298	245
13186	173,161	60,52	101,63	58,29	298	242
13187	83,78	78,77	56,37	78,37	245	242
13188	137,106	728,611	308,198	1497,1130	277	239
13189	77,73	488,465	114,95	752,564	239	269
13190	554,468	642,564	1089,872	1254,952	269	298
13191	21,4	187,138	5,3	57,29	265	297
13192	49,43	118,93	9,5	29,6	245	265
13193	31,20	62,35	61,62	103,64	201	282
13194	103,88	65,84	78,57	62,33	217	249
13195	144,130	53,53	132,90	46,22	298	217
13196	119,91	204,189	115,84	156,112	287	298
13197	14,5	2,5	12,12	0,0	249	221
13198	380,343	263,255	503,434	372,274	298	257
13199	180,136	428,418	270,186	706,563	244	298
13200	295,270	213,163	477,353	347,265	251	232
13201	309,269	180,174	501,338	293,225	274	240
13204	41,44	66,70	51,23	124,64	298	298
13205	160,131	132,96	295,212	193,134	297	282
13206	260,232	226,223	514,350	358,232	298	285
13207	0,11	0,0	1,7	1,0	286	298
13209	4,9	509,423	2,6	622,475	253	231
13210	64,92	509,423	76,35	622,475	233	231
13212	47,43	35,38	46,23	66,43	197	193
13213	343,325	786,656	370,289	944,661	242	278
13214	5,10	1,0	7,2	0,0	171	298
13215	5,10	6,7	7,2	6,1	171	215
13216	2,1	2,9	7,1	9,1	199	242
13217	2,1	0,3	7,1	1,0	199	242
13218	0,4	3,1	1,0	3,1	253	199
13219	64,36	18,19	85,51	25,43	298	298
13220	2151,1711	7363,6387	5280,3776	15002,11210	208	293
13221	40,36	44,25	63,31	54,31	263	270
13222	48,28	71,61	51,41	62,72	270	283
13223	50,32	7,7	61,34	15,13	283	211
13224	50,32	24,27	61,34	22,12	283	223
13225	86,99	91,80	88,95	91,69	279	298
13226	18,10	7,3	15,9	11,8	271	217
13227	145,120	158,132	332,226	290,210	298	250
13228	282,233	218,204	275,249	292,187	298	298
13229	4,6	218,205	3,2	292,187	298	298
13230	179,156	276,166	225,188	289,231	298	298
13231	18,26	276,166	13,19	289,231	298	298
13234	864,830	1132,995	1388,951	1715,1383	262	277
13235	1126,1032	1132,995	1825,1283	1715,1383	298	277
13236	1102,950	519,406	1317,985	695,585	239	223
13237	40,23	3,12	47,29	6,3	240	297
13238	71,44	1,9	88,46	0,1	240	298
13239	40,61	18,11	43,26	22,13	298	240
13240	38,53	7,2	37,24	1,0	298	240
13241	47,55	110,108	83,44	173,129	217	298
13242	161,133	132,116	180,138	147,142	272	272
13243	973,826	1094,840	949,658	1314,948	256	298
13244	13,30	392,303	13,2	423,304	255	180
13245	19,31	392,303	9,5	423,304	251	180
13246	3,9	392,305	1,2	423,302	251	180
13247	716,517	205,153	720,587	215,167	252	236
13248	623,524	462,414	779,505	659,567	276	217
13249	289,289	462,412	308,229	659,567	216	217
13250	285,289	906,741	308,229	1278,893	216	276
13251	46,79	176,148	130,35	319,188	223	234
13252	83,83	63,77	103,76	112,77	260	230
13253	84,75	142,143	103,76	202,124	260	298
13254	126,84	124,80	132,93	147,106	235	226
13255	210,167	74,47	311,242	110,95	272	235
13256	147,128	197,144	190,137	247,165	244	272
13257	3,3	57,66	2,4	44,24	253	276
13258	0,0	168,186	0,2	176,89	282	191
13259	2,2	168,186	0,2	176,89	263	191
13260	5,3	421,486	4,1	366,164	204	246
13261	133,150	421,486	210,96	366,164	191	246
13262	942,888	441,658	1081,943	345,140	246	288
13263	32,48	47,26	61,45	57,34	298	289
13265	4,8	0,2	2,2	0,0	204	245
13272	2,1	4,1	2,5	6,9	230	237
13274	223,208	581,448	267,199	672,431	255	275
13275	0,1	269,199	1,0	341,259	270	241
13276	439,382	269,199	607,425	341,259	298	241
13277	695,583	3,14	1126,811	2,0	270	219
13278	439,378	12,18	604,424	2,3	294	270
13279	20,29	84,56	18,10	34,42	216	266
13280	18,54	7,4	8,3	3,1	298	214
13281	18,54	32,25	8,3	18,6	298	227
13282	1580,1504	2147,1942	2459,1711	3453,2640	214	267
13283	2194,1919	1342,1422	2696,2169	1172,655	245	229
13288	539,444	625,490	378,260	401,282	298	298
13289	424,297	384,272	229,183	218,157	274	238
13290	421,287	504,382	229,183	415,285	274	252
13292	305,257	517,395	447,309	569,381	278	260
13293	57,77	48,38	67,18	63,37	298	286
13294	58,74	62,50	68,45	64,52	286	291
13295	125,208	545,389	161,89	663,523	240	259
13296	518,447	622,464	593,473	637,526	260	281
13297	517,440	1,1	595,473	1,0	260	220
13298	577,437	631,464	757,559	717,532	281	291
13299	1,4	623,454	0,0	716,530	281	291
13300	7,10	1,2	3,2	1,3	290	267
13301	255,255	454,522	283,200	355,244	298	298
13302	27,33	453,520	34,47	355,244	298	298
13303	686,544	448,524	881,670	358,195	298	298
13304	686,540	377,498	881,670	353,246	298	298
13305	878,755	453,529	1113,808	360,195	298	298
13306	878,755	27,16	1113,808	9,1	298	249
13307	453,529	27,16	360,195	9,1	298	249
13308	425,407	15,39	432,404	4,2	282	298
13309	34,31	21,28	4,7	10,13	298	252
13311	73,73	23,34	36,17	28,16	267	207
13312	49,50	31,28	54,21	32,18	284	298
13313	71,61	29,25	94,50	46,36	254	228
13314	42,47	74,62	49,27	74,48	228	298
13315	298,301	502,417	449,329	653,416	270	298
13316	13,11	504,415	7,5	651,416	270	298
13317	511,449	504,415	645,574	651,416	298	298
13318	511,449	13,11	645,574	7,5	298	270
13319	509,450	311,291	646,571	417,255	298	270
13320	0,0	48,67	0,1	52,43	218	191
13321	5,9	99,125	5,2	99,56	191	278
13322	5,10	25,50	4,2	18,13	191	278
13323	872,740	1647,1418	1068,658	1820,1184	226	272
13324	239,224	317,235	299,183	382,268	250	240
13325	320,277	349,285	355,257	442,294	298	298
13326	12,18	2350,1769	25,13	4817,3659	254	274
13327	3,11	2351,1769	9,5	4817,3659	254	274
13328	3,8	2913,2215	6,10	5840,4460	208	254
13330	75,51	70,35	80,60	62,48	248	250
13331	67,41	9,2	62,48	2,1	248	250
13332	56,45	92,58	80,48	76,81	294	281
13333	36,30	82,41	46,28	88,72	216	294
13334	20,19	78,40	26,20	86,70	195	294
13335	58,37	79,39	54,34	86,70	254	294
13336	28,28	17,10	72,36	25,20	235	216
13337	57,41	4,2	54,35	0,0	254	235
13338	4,6	10,19	4,3	12,11	220	298
13339	171,136	381,326	211,124	582,353	181	274
13340	172,133	510,447	212,124	601,419	181	281
13341	4,5	524,456	3,1	617,424	207	281
13342	18,21	1,5	19,10	0,0	295	180
13344	681,602	503,432	785,536	447,424	298	298
13345	10,19	19,18	19,6	8,12	298	298
13346	2,2	20,18	3,2	7,12	298	298
13347	9,3	20,18	3,1	7,12	235	298
13348	9,3	2,2	3,1	3,2	235	298
13349	8,1	12,21	4,1	12,5	235	298
13350	663,604	621,464	984,695	795,588	296	246
13351	420,343	740,635	364,251	838,630	233	245
13352	3,0	58,39	1,0	72,44	291	298
13353	61,41	57,40	57,55	72,46	239	298
13355	88,73	184,131	260,208	488,266	214	245
13356	106,134	214,178	339,230	661,405	245	276
13357	266,174	104,88	586,348	188,125	276	236
13358	39,30	10,6	62,45	24,19	287	203
13359	49,39	8,6	87,61	13,11	287	239
13360	7,4	4,7	12,6	0,3	242	271
13372	47,28	47,49	45,28	59,32	247	254
13375	0,2	0,3	1,1	7,1	208	217
13376	21,21	2,2	10,31	0,0	296	272
13378	40,52	37,44	44,46	50,29	236	263
13379	2,3	58,83	0,2	69,40	249	266
13380	2,3	75,81	0,2	74,54	249	263
13381	126,113	85,104	124,84	37,17	287	298
13382	240,220	4,3	153,112	3,1	287	284
13383	67,62	68,40	117,73	92,74	241	285
13386	129,97	21,5	200,119	14,9	272	275
13387	84,96	150,100	114,108	230,170	296	278
13388	137,96	107,83	220,159	172,144	275	293
13389	1379,1138	2078,1874	2372,1891	3194,2727	288	298
13390	210,207	2081,1878	305,206	3194,2727	298	298
13391	197,202	1928,1436	296,197	3894,3017	226	288
13392	1,5	609,567	5,1	825,495	227	252
13393	0,0	0,2	1,0	3,1	282	298
13394	0,0	0,2	1,0	3,1	282	298
13396	96,87	77,60	146,62	95,64	277	278
13397	153,114	135,146	286,168	209,161	298	298
13398	1071,972	2665,2217	1288,957	3958,2907	232	298
13399	1627,1548	687,625	1781,1232	1086,742	263	197
13400	694,679	134,170	879,642	106,65	188	223
13401	93,65	71,37	111,78	99,75	281	246
13402	137,103	62,39	187,150	99,104	298	281
13403	28,25	203,126	36,31	245,197	225	298
13404	14,10	23,26	7,2	52,26	283	238
13405	78,53	23,26	85,58	52,26	234	238
13406	10,8	6,16	10,4	29,13	267	271
13407	75,56	121,114	106,92	196,124	238	298
13408	2,8	6,1	11,2	2,0	234	240
13409	800,877	2870,2006	399,263	1753,1209	252	291
13410	1700,1397	2525,2006	1043,649	1511,1079	291	266
13411	1700,1395	3,1	1043,649	0,0	291	266
13412	0,4	2525,2006	1,3	1511,1079	289	266
13413	0,4	2525,2006	0,0	1511,1079	287	266
13414	1794,1343	2191,1853	1216,883	1076,838	261	269
13416	463,341	440,270	652,442	499,465	298	298
13417	294,296	244,190	440,288	388,293	244	276
13419	282,275	264,244	334,242	276,237	298	243
13420	301,223	220,269	291,204	203,124	261	298
13421	259,198	340,311	348,229	390,258	236	261
13422	296,263	293,243	337,233	229,177	298	231
13423	332,313	126,103	435,305	132,81	298	231
13424	330,314	347,292	435,305	345,287	298	293
13425	16,1	19,11	8,20	15,2	275	260
13428	58,55	25,12	64,37	18,8	231	298
13429	58,55	737,691	64,37	765,570	231	298
13430	63,80	56,39	96,81	104,75	182	202
13431	227,218	26,32	355,249	62,38	245	182
13432	7,3	198,155	3,13	288,198	298	230
13433	7,3	282,241	3,13	515,339	298	265
13434	24,30	209,170	41,22	341,233	224	265
13435	7,3	211,169	3,13	350,236	298	298
13436	9,2	0,0	10,16	1,0	298	177
13437	10,7	23,27	3,5	25,9	254	236
13438	61,47	19,6	107,70	13,10	275	254
13439	62,52	75,57	120,82	90,74	294	295
13440	65,49	75,57	111,72	90,74	275	295
13442	41,41	56,47	53,26	48,35	232	298
13444	5,12	112,127	1,1	62,48	298	268
13445	6,2	1,2	3,0	0,1	255	245
13446	6,2	1,0	3,0	1,0	255	210
13447	1,2	1,0	0,1	1,0	245	210
13449	8,2	3,2	13,7	19,6	283	229
13450	6,4	6,3	14,7	2,1	287	283
13451	2,1	4,2	1,0	4,1	287	283
13452	13,4	10,4	8,7	15,6	298	287
13453	5,11	8,3	12,3	15,7	297	287
13454	125,127	75,56	130,90	76,69	260	194
13455	135,133	86,80	132,90	89,64	260	194
13456	33,31	72,49	12,0	38,27	272	298
13462	14,24	8,3	21,13	5,4	298	223
13463	0,1	17,13	0,0	20,12	267	223
13464	156,152	284,224	141,107	376,297	220	298
13465	0,3	499,438	0,0	561,474	200	273
13466	1,3	18,30	1,0	17,4	173	298
13467	5,3	10,7	13,7	16,5	298	298
13468	13,2	8,3	22,16	19,15	298	298
13469	8,9	44,34	6,7	34,35	204	298
13470	32,16	26,15	39,13	47,32	260	298
13471	15,25	5,7	7,5	6,1	298	251
13472	47,42	10,6	114,102	13,4	260	256
13474	91,96	63,58	74,68	38,40	298	265
13475	91,96	53,38	74,68	32,19	298	256
13487	1,2	3,2	6,4	12,7	241	267
13488	59,51	85,73	91,50	86,66	231	248
13489	29,15	243,193	35,17	425,303	260	298
13490	2,4	112,116	2,0	195,109	238	298
13491	80,46	167,117	65,43	244,132	258	298
13492	2,0	105,82	0,0	173,112	258	264
13493	19,16	105,82	14,2	173,112	263	264
13494	4,0	105,82	6,1	173,112	275	264
13495	90,125	93,78	107,104	165,108	245	264
13496	1,0	296,304	0,0	365,282	258	298
13497	18,16	296,304	14,2	365,282	263	298
13498	3,0	296,304	6,1	365,282	275	298
13499	99,130	210,183	113,106	230,197	245	298
13502	30,26	4,11	26,5	6,2	263	182
13503	2,0	1,3	6,1	0,0	275	182
13504	123,83	4,1	109,84	1,3	278	245
13505	123,80	12,5	112,84	5,4	278	245
13506	50,54	71,55	41,14	98,59	267	250
13507	105243,95518	123612,114158	173853,116193	178560,137482	272	270
13508	182718,155356	87820,79426	291430,221558	109421,77018	270	260
13509	126,86	355,259	40,42	204,155	222	270
13510	107,93	127,132	100,75	152,107	298	279
13511	0,0	53,52	2,5	77,60	251	298
13512	56,42	54,52	81,63	83,64	251	298
13513	43,39	29,32	57,34	56,46	298	242
13514	33,35	62,69	42,35	146,95	242	298
13515	29,35	38,39	41,35	100,46	242	258
13516	50,47	42,41	85,69	97,46	298	258
13517	5,40	476,379	10,6	402,242	298	230
13518	5,38	747,582	10,8	796,562	298	263
13519	197,190	625,533	138,104	805,528	230	298
13520	196,190	508,366	138,103	579,402	230	248
13521	769,640	512,368	647,376	579,403	298	248
13522	390,345	765,591	451,315	796,563	248	263
13523	83,59	54,47	134,98	66,54	281	298
13524	136,96	53,45	204,153	65,55	298	298
13525	136,98	46,38	208,154	76,61	298	281
13526	3,3	1,1	3,4	0,0	241	286
13527	2,1	0,0	3,0	0,2	241	286
13528	211,174	0,0	315,196	0,2	298	286
13529	211,174	2,1	315,196	3,0	298	241
13530	24,20	124,87	46,36	184,113	216	298
13535	730,646	217,243	827,601	236,133	245	225
13536	688,640	313,244	868,499	358,238	298	256
13537	73,69	20,16	104,34	28,26	298	298
13538	1260,976	2199,1937	1272,861	2410,1651	293	298
13539	4071,3486	32,28	4411,3150	28,13	298	233
13540	2593,2147	1388,1180	2666,1911	1595,1134	298	284
13541	2593,2147	1293,1099	2666,1911	1500,1038	298	248
13542	382,243	1878,1646	361,264	2260,1532	284	252
13543	1130,1052	1878,1646	1326,940	2260,1532	248	252
13544	310,302	365,381	492,318	429,249	212	298
13545	349,361	95,131	478,309	153,86	298	212
13546	361,344	348,306	478,360	803,605	229	218
13547	0,3	188,136	0,1	167,143	263	294
13548	159,111	188,136	113,93	167,143	298	294
13549	56,51	255,166	100,74	175,132	238	298
13550	136,104	43,36	175,120	6,14	280	298
13551	58,58	51,70	20,15	21,8	298	206
13552	220,111	62,38	264,220	29,23	182	268
13553	160,196	264,249	163,125	258,204	261	298
13554	1,6	8,14	4,1	5,1	182	225
13556	9,13	4,7	1,3	0,0	298	182
13557	3,4	14,19	0,0	12,4	298	298
13558	458,374	641,506	600,415	543,355	282	298
13560	44,50	38,29	70,62	41,35	298	247
13561	0,0	2,0	0,4	0,0	232	271
13562	8,9	3230,2808	20,23	6172,4833	257	296
13563	9,10	3239,2810	22,10	6181,4842	257	296
13564	87,80	69,71	104,84	94,60	278	235
13565	73,73	82,47	91,66	81,51	247	241
13566	91,68	124,113	104,78	167,127	298	298
13571	1542,1193	326,236	1741,1286	341,233	298	233
13572	155,125	323,235	54,43	341,233	298	233
13573	1543,1194	1126,945	1741,1286	1287,940	298	265
13574	2252,1709	1589,1102	1985,1588	1777,1292	298	298
13575	150,121	1591,1101	57,36	1777,1292	298	298
13576	184,155	1591,1101	55,44	1777,1292	298	298
13577	245,176	1542,1197	100,92	1741,1286	283	298
13578	52,66	35,49	75,41	45,47	230	249
13580	106,86	345,300	109,81	400,279	298	296
13581	279,291	345,302	251,175	400,280	280	296
13582	622,523	412,327	489,430	469,374	298	298
13583	611,512	247,166	488,426	295,205	298	229
13584	386,313	260,175	372,266	296,210	298	229
13585	208,181	405,322	219,194	446,334	229	293
13586	35,23	237,181	14,9	209,153	298	233
13587	35,21	182,155	12,9	147,101	298	211
13588	275,230	237,181	301,187	209,153	263	233
13589	275,228	182,155	299,187	147,101	263	211
13590	276,199	245,180	240,186	214,158	268	233
13591	208,184	181,155	225,162	147,101	233	211
13592	546,461	288,291	843,613	405,309	293	250
13593	263,248	333,259	475,333	505,373	250	252
13594	4,0	333,259	2,0	505,373	225	252
13595	276,239	348,230	413,349	471,366	213	238
13596	193,187	219,158	296,220	296,205	238	220
13597	290,190	286,224	329,286	451,331	298	298
13598	132,99	314,259	228,197	445,303	237	261
13599	199,177	302,197	239,172	292,242	298	285
13600	5,2	60,59	1,4	73,54	265	227
13601	57,50	60,59	53,52	73,54	250	227
13602	57,50	5,2	53,52	1,4	250	265
13603	88,105	79,62	109,50	116,83	253	181
13604	133,144	177,168	203,145	331,266	181	215
13605	37,32	36,17	33,24	46,35	261	298
13606	15,15	279,285	21,6	399,262	186	244
13607	0,1	273,245	0,0	340,235	186	207
13608	8,6	11,2	13,4	4,1	186	244
13609	210,161	304,311	247,157	426,280	248	244
13610	222,206	0,8	261,217	3,2	244	207
13611	232,208	277,257	263,219	350,238	244	207
13612	719,697	15,8	920,642	3,2	207	298
13613	189,169	116,107	264,188	213,151	203	197
13615	341,268	27,16	494,364	15,12	246	203
13616	342,268	169,124	495,364	203,170	246	203
13617	287,229	239,179	350,242	262,211	257	241
13618	274,203	189,114	325,228	198,151	257	224
13623	886,830	905,778	1155,772	1171,838	298	279
13624	825,627	669,572	1044,670	818,554	279	272
13625	767,647	629,448	1007,705	771,593	272	298
13626	24,17	555,479	24,8	660,472	215	298
13631	13,2	1,2	3,2	0,0	204	208
13632	0,0	11,7	4,2	7,3	298	298
13633	30,20	11,7	30,53	7,3	298	298
13634	30,20	9,3	30,53	7,2	298	287
13640	67,58	47,33	89,51	30,26	298	272
13641	67,58	11,0	89,51	0,0	298	298
13642	48,43	36,43	44,23	33,32	272	246
13643	31,21	85,56	28,17	69,54	246	298
13652	316,264	4,1	418,316	1,1	279	267
13653	222,174	100,79	258,178	143,90	298	218
13654	130,94	142,111	106,73	205,148	218	225
13697	57,54	47,65	66,48	59,41	298	298
13698	250,213	264,189	333,271	404,264	298	298
13699	67,65	165,156	99,79	261,178	239	298
13700	132,113	64,58	157,143	83,62	276	229
13701	84,57	174,111	95,57	164,131	202	276
13702	2,6	177,116	2,0	164,131	202	276
13703	2,0	174,111	0,0	166,131	202	276
13704	3,3	0,0	4,0	1,0	284	200
13705	98,53	57,56	101,78	55,63	216	202
13706	3,3	56,44	3,5	50,63	216	202
13707	123,99	56,44	168,119	50,63	298	202
13708	123,99	3,3	168,119	3,5	298	216
13709	126,109	76,69	174,119	102,86	298	216
13710	94,66	4,5	115,96	0,1	228	298
13711	95,72	213,132	119,104	231,163	228	298
13723	438,405	460,346	526,365	579,434	298	298
13724	382,334	400,303	465,349	431,367	298	298
13726	152,149	150,142	134,117	84,74	241	298
13727	198,161	236,214	166,122	262,194	224	242
13728	147,157	152,123	247,179	200,150	266	298
13729	170,124	195,129	248,152	284,202	298	289
13730	170,124	2,0	251,152	0,1	298	289
13731	170,124	169,139	251,152	236,162	298	243
13732	2,0	169,139	0,1	236,162	289	243
13733	145,122	168,141	193,142	230,162	289	243
13735	85,76	113,79	121,79	111,106	262	298
13736	101,72	87,75	121,87	127,68	298	261
13737	186,158	157,154	244,193	170,152	259	270
13738	164,136	157,163	244,176	240,178	252	259
13739	32,41	175,166	36,5	175,166	277	269
13740	29,37	175,166	26,5	175,166	262	269
13741	54,82	84,70	49,26	134,88	242	277
13742	54,82	70,44	49,26	83,69	242	262
13743	0,0	0,2	2,0	0,0	298	276
13744	3,3	50,68	0,0	48,30	205	236
13745	1,3	50,68	0,0	48,30	200	236
13746	1,0	50,68	0,0	48,30	167	236
13747	0,0	82,56	1,0	76,64	231	205
13750	2,0	0,0	1,2	2,2	298	231
13754	150,130	161,178	254,154	375,235	204	265
13755	2,0	162,178	0,0	373,235	204	265
13756	4,5	123,105	8,11	128,100	259	204
13757	358,305	123,105	407,287	128,100	298	204
13758	59,55	123,105	57,38	128,100	298	204
13759	0,0	123,104	2,0	128,100	259	204
13760	0,2	123,104	4,0	128,100	298	204
13761	194,142	123,104	187,126	128,100	266	204
13762	194,142	0,0	187,126	2,0	266	259
13763	195,143	332,233	188,126	447,295	266	259
13764	194,142	0,2	187,126	4,0	266	298
13765	195,143	411,307	188,126	588,363	266	298
13766	2,0	4,11	0,2	7,6	242	264
13771	0,1	1,0	2,1	1,1	234	298
13775	379,320	164,97	423,318	216,142	242	179
13776	4,6	7,8	4,1	0,4	245	251
13778	625,560	464,418	811,618	605,379	298	298
13779	1,1	19,21	4,0	22,20	234	298
13780	17,16	6,2	13,6	2,5	298	234
13781	124,121	3,2	150,75	0,1	282	222
13782	61,56	51,70	38,33	64,36	298	282
13783	62,57	2,0	37,33	2,3	298	282
13784	51,44	11,15	39,28	9,6	200	286
13785	15,14	4,13	11,8	9,3	200	286
13786	46,35	2,0	46,30	0,0	238	204
13787	49,51	64,50	46,30	57,38	298	280
13788	15,4	85,52	5,1	77,56	248	298
13789	10,13	19,24	11,7	18,8	173	228
13791	31,19	172,127	27,29	334,250	284	292
13792	360,345	3,2	336,231	2,0	232	238
13793	463,444	772,692	498,354	918,646	207	219
13794	503,471	105,90	529,402	136,85	233	252
13795	0,0	468,389	2,0	541,375	219	186
13796	2,4	979,743	2,0	1023,719	249	235
13797	2,4	15,34	2,0	15,13	249	296
13799	61,57	120,86	43,24	63,49	275	298
13800	20,14	43,37	11,8	34,28	298	283
13801	19,16	15,4	19,17	5,5	298	264
13803	13,7	18,28	9,5	55,55	273	298
13804	262,284	111,131	314,232	118,66	279	239
13805	178,192	199,198	153,110	184,148	239	266
13806	234,246	333,269	177,112	299,211	266	284
13807	214,226	375,291	206,155	262,229	284	271
13808	49,45	323,276	41,32	216,148	239	263
13809	194,150	62,98	149,91	26,9	223	298
13810	118,79	102,106	109,54	101,57	273	226
13811	5,0	102,106	1,0	101,57	202	226
13812	3,8	223,212	6,3	202,126	225	235
13813	0,1	223,212	0,0	202,126	214	235
13814	0,1	96,116	1,0	140,89	276	224
13815	159,174	96,116	200,127	140,89	247	224
13816	6,7	41,81	0,1	19,19	298	257
13817	1096,1042	561,464	1689,1334	1066,811	223	207
13818	1095,1042	5,7	1687,1334	2,1	223	222
13819	439,353	503,465	737,524	954,639	207	222
13820	437,350	1,0	737,516	0,0	207	222
13825	81,62	38,40	111,51	37,35	298	254
13826	0,0	21,15	2,2	20,10	254	192
13827	38,40	24,18	53,40	25,14	254	192
13828	41,21	88,66	29,31	76,48	237	298
13829	40,49	57,79	65,45	84,30	206	212
13831	16,16	28,37	28,10	27,13	212	298
13832	8,11	77,89	11,6	96,64	298	278
13833	52,77	77,90	72,31	96,64	298	278
13834	28,33	89,84	28,9	101,59	278	251
13835	71,77	64,58	71,52	56,29	251	230
13837	2,0	3,3	0,3	4,0	261	209
13838	254,206	192,127	404,335	257,204	263	214
13839	208,212	73,59	215,138	48,53	298	208
13840	119,111	294,262	120,80	195,176	249	298
13841	279,315	271,232	383,344	332,327	278	284
13842	3,0	269,233	1,0	332,327	286	284
13843	6,7	271,232	0,0	332,327	286	284
13844	279,315	2,0	383,344	0,0	278	217
13846	258,218	253,261	310,226	409,354	281	278
13847	259,213	4,0	398,304	1,0	281	286
13848	133,121	87,98	227,147	92,68	233	202
13849	126,118	88,98	176,119	92,68	222	202
13850	9,13	1,1	2,2	3,0	256	178
13853	457,463	356,242	514,355	467,289	275	256
13854	0,8	10,0	2,2	2,0	298	257
13855	0,8	10,0	2,2	2,0	298	265
13856	0,8	11,0	2,2	4,0	298	298
13861	0,0	1,7	0,1	3,1	252	231
13862	3,6	0,1	0,1	2,1	244	199
13863	59,56	65,51	111,79	107,76	246	272
13864	452,391	413,408	459,374	458,363	298	282
13865	17,35	6,5	18,4	3,0	224	188
13866	56,62	22,24	29,22	23,9	298	230
13867	16,8	25,30	8,5	26,24	273	247
13868	35,29	16,23	17,20	18,11	298	273
13869	37,27	27,31	17,20	23,20	298	273
13870	321,262	163,110	523,364	248,175	295	262
13871	134,104	248,226	185,115	374,282	211	291
13872	60,49	99,101	48,31	142,99	256	211
13873	51,71	99,101	84,45	142,99	253	211
13874	73,48	44,36	87,69	65,58	286	236
13875	36,27	115,100	33,21	156,119	206	284
13876	82,63	23,18	97,63	31,20	264	187
13877	0,0	23,18	1,0	31,20	259	187
13878	42,35	62,47	49,22	94,62	187	272
13879	13,6	0,1	19,14	1,0	298	234
13880	1,0	9,13	4,1	21,11	298	298
13883	16,5	0,1	14,8	0,0	254	298
13884	219,206	12,1	353,271	17,10	269	234
13885	61,59	0,2	94,57	2,1	298	207
13886	5,1	41,34	2,1	60,38	235	236
13887	88,90	174,138	87,60	152,109	186	298
13888	221,257	207,231	225,166	209,135	298	298
13889	62,61	52,43	53,41	33,34	234	181
13890	44,23	31,35	33,14	69,53	246	277
13891	31,28	19,27	41,38	26,14	277	244
13892	31,27	76,56	40,38	100,45	277	298
13893	41,33	68,67	49,26	109,60	298	267
13894	201,216	364,278	295,196	576,437	277	261
13895	343,326	396,339	429,309	434,300	261	261
13896	392,285	152,137	595,474	181,133	261	208
13897	181,149	264,219	248,151	338,212	208	239
13898	166,153	641,554	229,137	873,557	200	298
13899	239,183	200,154	279,221	243,194	229	206
13900	25,15	12,5	11,22	11,8	298	245
13901	14,9	25,15	16,7	11,20	284	290
13902	99,67	41,18	99,60	33,37	273	217
13903	72,59	81,73	85,44	86,90	217	298
13904	119,77	172,113	70,82	153,112	291	298
13905	121,87	153,140	93,68	147,94	298	284
13906	63,70	4,2	77,62	0,2	234	206
13907	63,70	90,70	77,62	102,71	234	236
13908	4,2	90,70	0,2	102,71	206	236
13909	2,0	165,135	0,0	216,193	236	290
13910	72,82	165,135	98,75	213,191	236	290
13911	144,129	54,96	174,128	59,25	278	256
13912	164,108	113,75	220,140	153,102	255	223
13913	0,0	3,1	0,1	2,0	298	215
13915	2,0	1,0	0,0	2,1	298	289
13917	4,11	123,92	0,0	79,57	298	298
13918	54,85	2,4	39,31	0,0	298	238
13920	0,9	1,2	2,0	0,1	278	176
13921	0,6	1,8	2,0	2,0	278	176
13923	9,4	138,159	2,2	103,80	211	286
13924	465,360	601,454	590,384	1077,715	283	298
13925	259,239	598,451	425,305	1077,715	298	298
13926	265,245	705,578	425,305	819,603	298	283
13927	200,239	59,59	333,260	115,82	258	181
13928	17,12	40,26	33,30	38,23	298	272
13931	421,381	332,248	774,558	645,434	298	224
13932	32,34	19,8	42,21	10,14	252	199
13933	18,11	23,30	14,9	37,27	298	298
13934	9,2	25,28	6,7	48,26	254	298
13935	8,2	25,28	5,5	48,26	268	298
13936	13,9	14,19	17,7	25,12	298	295
13937	14,7	1,0	2,7	0,0	298	261
13938	12,8	23,32	1,1	31,21	298	263
13939	32,31	55,45	38,29	64,39	267	298
13943	134,124	217,195	91,97	246,149	291	278
13944	422,413	255,236	595,486	352,296	261	298
13945	374,311	825,792	419,357	903,746	245	261
13946	443,440	417,385	665,514	548,426	271	245
13947	40,54	316,239	47,34	530,344	192	298
13948	246,237	319,238	313,270	528,344	291	298
13949	244,237	283,229	311,269	528,335	291	278
13950	403,363	283,230	652,471	530,334	298	278
13951	4,1	414,337	3,2	617,418	221	224
13952	340,277	1,3	509,419	4,2	255	298
13953	621,460	1062,799	732,513	1723,1225	250	254
13954	620,456	472,321	730,513	743,543	250	215
13955	622,459	28,20	730,513	22,10	250	200
13956	622,459	49,55	730,513	12,6	250	215
13957	622,459	880,650	730,513	1539,1176	250	298
13958	837,641	474,323	1204,883	745,543	254	215
13959	867,622	25,17	1352,930	24,18	215	251
13960	778,563	0,1	1329,979	3,1	251	200
13961	411,310	325,300	767,543	711,436	298	257
13963	50,34	26,15	65,20	38,19	233	236
13964	1,12	56,37	20,6	97,65	236	257
13965	40,58	229,192	76,40	214,156	251	278
13966	90,83	169,123	124,100	164,108	233	278
13967	158,154	79,55	177,149	66,51	233	251
13968	41,39	36,36	45,46	25,30	224	233
13969	43,39	60,61	45,46	54,40	224	233
13970	69,47	73,79	81,57	96,53	298	224
13971	0,1	120,102	2,1	151,135	210	298
13975	311,232	737,609	468,354	1104,779	215	291
13977	4,10	76,88	6,0	68,61	248	298
13978	17,25	75,90	20,12	68,61	248	298
13979	17,25	0,3	19,12	0,0	248	298
13980	24,17	22,15	7,8	4,5	251	298
13981	24,17	22,17	7,8	4,4	251	225
13982	344,304	280,264	314,217	311,263	237	243
13983	233,212	281,262	216,179	311,262	227	243
13984	171,169	277,218	231,162	297,180	216	237
13985	484,377	226,175	425,335	264,174	266	216
13986	476,387	5,2	604,463	1,1	298	218
13987	31,24	255,282	15,17	225,178	265	237
13988	6,12	239,234	9,7	186,142	265	237
13989	92,87	239,234	36,29	186,142	246	237
13990	93,68	50,56	76,67	50,63	265	298
13991	66,57	49,54	68,55	52,61	265	298
13992	9,6	49,54	2,6	52,61	247	298
13993	150,158	49,54	111,78	52,61	246	298
13994	92,87	6,12	36,29	9,7	246	265
13995	9,6	66,57	2,6	68,55	247	265
13996	150,158	66,57	111,78	68,55	246	265
13997	56,49	61,44	70,50	57,47	246	265
13998	150,158	9,6	111,78	2,6	246	247
13999	98,70	97,141	100,84	104,59	264	290
14003	53,50	54,55	132,95	69,51	200	178
14006	114,129	17,46	105,98	38,20	295	273
14007	93,104	135,116	98,50	156,104	289	279
14008	37,37	55,85	54,52	68,61	218	230
14009	26,18	117,135	32,18	211,167	236	218
14010	4,0	3,9	0,1	1,5	203	230
14011	76,75	117,112	62,47	128,106	250	298
14012	119,109	24,41	105,63	35,23	298	239
14013	39,30	73,43	40,34	83,35	239	298
14014	143,150	2,1	283,149	5,0	232	182
14016	2,4	54,56	0,0	3,2	182	298
14017	73,51	31,11	64,44	43,44	280	234
14018	5,11	8,3	8,4	4,2	298	298
14019	79,40	20,24	63,28	28,22	257	214
14020	41,37	111,80	42,23	86,65	214	282
14021	67,50	172,156	67,28	210,158	240	298
14022	35,51	112,65	30,24	78,80	218	240
14023	0,1	4,18	0,2	23,16	298	244
14024	3,0	16,14	0,2	18,15	298	244
14027	101,81	53,51	117,79	64,46	244	216
14028	64,67	147,111	69,31	127,102	216	298
14029	57,58	134,128	69,31	196,91	216	271
14030	257,274	134,110	309,240	124,117	298	232
14031	250,275	200,142	309,241	190,158	298	270
14032	124,95	200,140	151,117	190,158	232	270
14033	124,90	151,117	151,118	153,93	232	247
14034	226,186	150,121	208,163	153,92	270	247
14035	39,58	49,59	16,21	42,44	298	267
14037	17,13	15,4	5,7	18,13	272	281
14038	7,3	1944,1519	9,9	2205,1586	281	298
14039	967,798	6,4	1385,1025	0,0	276	286
14040	7,3	28,27	4,1	49,26	252	223
14042	1170,862	3079,2303	1133,755	4712,3408	209	298
14043	1170,862	3078,2300	1133,755	4712,3408	209	298
14044	2898,2278	3025,2459	4384,2727	3209,2394	298	246
14045	174,157	115,99	113,77	58,33	288	197
14046	91,98	948,793	70,45	866,625	276	235
14047	92,100	339,279	70,45	280,229	276	184
14048	1472,1435	948,793	1141,854	866,625	273	235
14049	1473,1437	339,279	1141,854	280,229	273	184
14050	2092,1759	1424,1248	1580,1154	1550,1184	298	298
14051	2100,1776	4,4	1580,1154	2,0	298	298
14052	2089,1756	374,296	1580,1154	345,304	298	182
14053	2173,1826	2130,1782	1621,1172	2196,1467	298	298
14054	2093,1763	171,103	1580,1154	159,97	298	298
14055	2088,1761	170,158	1580,1154	163,138	298	298
14056	2100,1776	371,299	1580,1154	297,231	298	187
14057	1668,1458	442,351	1632,1104	323,256	298	298
14058	1669,1460	91,75	1632,1104	41,19	298	298
14059	1669,1460	174,106	1632,1104	159,97	298	298
14060	1673,1464	173,161	1632,1104	163,138	298	298
14061	1668,1458	373,304	1632,1104	297,231	298	187
14062	1668,1458	337,283	1632,1104	280,229	298	184
14063	91,75	174,106	41,19	159,97	298	298
14064	88,73	1496,1105	41,19	1424,1183	298	268
14065	2134,1783	370,299	2198,1467	297,231	298	187
14066	2134,1783	343,284	2198,1467	280,229	298	184
14067	1593,1405	3,0	1713,1322	0,0	298	225
14068	1431,1249	371,300	1556,1186	297,231	298	187
14069	1431,1249	341,282	1556,1186	282,230	298	184
14070	61,57	691,657	31,24	426,379	235	298
14071	772,792	691,657	578,368	426,379	247	298
14072	74,59	294,299	123,75	383,310	244	298
14073	301,302	4,4	383,310	0,0	298	298
14074	270,215	143,103	446,292	199,173	298	298
14075	155,160	151,130	220,166	163,95	298	298
14076	22,34	27,31	37,22	62,22	235	231
14077	30,42	19,20	45,35	37,22	231	185
14078	1,0	0,0	0,0	0,1	203	247
14079	1,0	0,0	0,0	0,1	236	247
14081	1,2	0,1	0,1	0,2	217	284
14087	356,255	544,377	686,568	1217,870	236	276
14088	406,301	479,335	655,496	1071,759	269	276
14089	0,2	479,338	0,0	1073,766	236	276
14090	405,300	11,10	654,493	5,4	269	276
14091	468,341	266,191	799,604	599,414	269	236
14092	188,158	266,192	327,226	600,412	203	236
14093	52,33	266,191	116,91	599,412	269	236
14094	126,116	266,191	270,168	599,412	194	236
14095	0,1	266,191	0,0	600,412	194	236
14096	52,32	266,191	117,91	600,412	269	236
14097	0,0	266,191	2,0	600,412	203	236
14098	126,116	52,33	270,168	116,91	194	269
14099	0,0	52,32	2,0	117,91	203	269
14100	188,158	478,327	326,228	1002,758	203	269
14101	126,116	474,319	270,168	983,752	194	269
14103	47,52	474,318	64,20	984,752	214	269
14104	0,0	474,318	1,1	984,752	203	269
14105	47,53	247,167	64,20	397,349	214	203
14106	1,2	1729,1374	0,0	2644,2334	217	179
14107	8,17	1729,1374	3,2	2644,2334	194	179
14108	8,17	27,15	3,2	18,7	194	264
14110	854,675	1824,1422	721,512	2405,1718	250	298
14111	201,263	1,0	165,112	0,3	293	277
14112	6,7	39,36	7,2	57,34	194	192
14113	40,36	108,95	94,64	175,124	192	242
14114	19,14	54,51	24,20	116,58	192	258
14115	156,155	183,213	166,150	161,127	262	224
14116	172,155	325,316	245,192	446,372	224	296
14117	167,152	133,74	200,134	140,103	260	298
14118	170,149	40,31	199,134	59,36	260	228
14119	63,71	80,60	99,49	71,55	250	260
14120	63,69	257,228	99,51	275,186	250	298
14121	3,4	15432,12387	4,3	35444,24912	201	249
14122	6754,6185	11675,9555	15945,10077	26795,18628	249	256
14123	6754,6185	1,4	15945,10077	1,0	249	283
14124	0,0	1,0	8,0	1,1	285	298
14125	0,0	1,0	0,1	1,1	285	298
14126	8,5	0,3	16,5	0,0	253	285
14128	4,0	2,1	2,0	1,1	226	198
14130	260,211	34,19	312,162	32,26	298	254
14131	158,147	85,82	206,96	99,53	298	230
14132	9,17	186,140	32,13	198,118	254	230
14133	8,17	89,54	32,13	94,75	254	298
14134	162,129	86,85	126,114	90,76	298	287
14135	427,345	470,353	799,521	995,739	232	226
14136	754,641	467,353	1407,1001	995,739	293	226
14137	545,434	430,364	914,669	1076,710	263	232
14138	717,596	680,618	1444,982	1169,938	254	298
14139	657,667	527,446	822,555	1074,676	298	291
14140	229,299	62,55	259,146	103,57	240	179
14141	25,27	61,53	39,23	103,57	240	179
14142	660,672	61,53	823,555	103,57	298	179
14143	660,672	25,27	823,555	39,23	298	240
14144	659,670	247,218	822,555	526,342	298	240
14145	553,447	362,456	1280,818	474,320	267	298
14146	36,23	93,63	64,46	110,69	236	267
14147	32,18	39,30	47,26	44,38	233	236
14148	20,22	32,20	60,33	64,49	234	233
14149	5,12	47,34	17,21	96,66	198	296
14150	49,50	146,75	69,58	120,123	295	298
14152	187,161	150,128	154,126	252,150	298	250
14153	158,105	172,136	193,147	263,154	227	250
14154	17,8	130,120	4,0	161,126	250	216
14155	274,238	132,119	310,238	165,126	250	216
14156	44,46	180,152	103,54	183,141	236	252
14157	44,46	94,80	103,54	71,74	236	186
14158	44,46	10,11	103,54	11,5	236	197
14159	180,152	10,11	183,141	11,5	252	197
14160	94,80	10,11	71,74	11,5	186	197
14161	147,196	158,195	148,91	190,111	298	272
14162	192,179	139,190	221,136	162,88	265	298
14163	1,0	5,5	0,0	19,9	298	295
14164	6,6	5,5	8,0	19,9	298	295
14168	2,3	24,18	1,5	37,21	230	278
14169	3,10	0,0	14,11	0,1	207	250
14170	4,2	1,1	0,1	6,0	253	298
14171	172,171	102,128	211,149	148,107	263	245
14172	173,171	3,3	211,149	0,1	263	245
14173	137,112	189,248	108,93	330,217	245	298
14174	146,177	190,251	202,153	330,217	298	298
14175	177,193	139,160	222,132	139,101	298	257
14176	0,1	139,160	1,0	139,101	206	257
14177	97,77	69,79	183,138	84,76	209	233
14181	1,1	0,0	4,1	0,1	298	290
14184	565,452	21,63	684,493	13,8	298	228
14185	58,69	155,142	85,34	141,122	200	280
14186	70,91	2,1	95,96	5,2	280	216
14187	10,2	24,12	14,12	42,30	222	275
14188	24,12	27,14	28,14	41,14	275	274
14189	67,18	26,21	52,31	40,47	182	210
14190	16,18	16,27	28,15	14,14	273	292
14191	8,10	117,88	4,14	147,102	273	247
14192	1,5	4,3	2,5	9,6	292	298
14193	35,29	48,33	75,75	69,34	292	298
14194	35,29	2,2	75,75	2,11	292	185
14195	48,33	2,2	69,34	2,11	298	185
14196	62,53	3,1	76,43	3,11	298	185
14198	10,2	2,0	2,0	0,0	298	231
14206	86,86	88,91	80,59	136,84	272	272
14207	39,61	3,3	36,15	4,2	298	210
14208	0,0	2,1	1,0	0,2	260	298
14209	5,2	2,1	2,1	0,2	298	298
14210	22,36	154,139	15,16	164,126	298	298
14213	1317,1064	474,391	1487,1100	498,434	217	204
14214	767,685	1124,955	678,534	1265,887	212	236
14215	5,3	1124,955	0,0	1265,887	192	236
14216	132,147	1124,955	90,75	1265,887	298	236
14217	3,3	1306,1157	6,1	1263,917	182	298
14218	22,50	92,79	14,11	61,45	194	245
14219	125,128	57,47	86,71	60,33	298	194
14221	85,41	25,30	114,58	42,31	298	232
14222	85,43	85,55	114,58	148,100	298	279
14223	30,33	84,58	47,45	98,69	298	284
14224	46,33	65,64	94,50	107,100	254	298
14225	99,102	95,75	149,118	140,115	294	283
14226	75,49	120,107	82,76	177,158	226	294
14227	247,260	1032,854	242,161	1826,1378	258	260
14228	786,820	843,782	1011,864	1687,1110	260	263
14229	1070,893	2,1	1725,1252	0,0	263	298
14230	1070,893	0,4	1725,1252	0,0	263	297
14235	12,17	5,10	1,3	10,1	250	270
14236	27,29	5,9	3,2	8,1	298	270
14237	24,16	37,23	12,15	8,14	292	215
14238	283,267	168,166	285,208	168,119	276	236
14239	227,256	234,219	236,165	284,236	278	276
14240	185,150	315,249	120,72	257,128	272	298
14241	181,212	113,152	102,84	61,36	298	298
14242	173,265	112,106	132,87	46,27	278	298
14243	292,338	0,1	222,143	0,0	298	219
14244	293,342	4,22	225,143	11,3	298	219
14246	18,19	36,43	34,32	82,70	270	207
14247	2,2	75,89	3,1	183,126	207	250
14248	29,28	75,90	47,41	185,126	207	250
14249	1,4	92,73	1,3	178,110	241	250
14250	1,4	0,0	1,3	1,2	241	298
14251	87,81	110,132	180,120	232,168	250	295
14252	0,3	282,254	3,0	294,215	174	229
14253	119,115	422,298	119,78	584,396	229	298
14254	12,18	338,293	20,6	641,522	298	298
14255	127,100	411,373	225,142	556,302	298	269
14256	116,90	937,863	221,141	1312,832	298	298
14257	181,144	414,370	264,159	552,302	298	269
14258	183,147	653,527	283,171	997,632	298	298
14259	170,134	939,863	260,158	1313,833	298	298
14260	15,10	409,373	11,9	555,310	298	269
14261	27,21	653,527	26,29	997,632	269	298
14262	15,15	937,863	14,12	1312,833	269	298
14263	572,477	664,537	1141,721	1001,633	269	298
14264	560,470	951,876	1129,704	1333,844	269	298
14265	477,443	950,870	639,364	1322,848	298	298
14266	656,529	768,797	997,633	1020,595	298	284
14267	656,527	197,246	997,632	187,107	298	298
14268	605,529	202,250	917,623	191,110	263	298
14269	197,245	569,602	189,107	859,552	298	278
14270	404,445	294,392	637,435	324,215	298	286
14271	670,677	97,175	1063,701	118,53	298	239
14272	335,358	218,195	397,277	280,198	239	298
14273	247,353	717,558	311,169	928,745	298	252
14274	69,82	890,860	46,31	1240,920	252	298
14275	67,76	1174,1088	46,31	1663,1287	252	292
14276	868,680	1174,1095	1167,918	1663,1287	298	292
14277	876,859	1001,844	1226,914	1414,1006	292	298
14278	1201,1105	793,738	1694,1305	1117,815	298	298
14279	46,61	189,155	63,25	126,81	290	221
14280	66,75	287,196	64,29	240,128	290	284
14282	19,29	77,81	26,18	58,55	298	238
14283	104,124	213,184	135,85	153,126	238	294
14284	104,124	3,3	135,85	0,3	238	298
14285	154,149	245,155	111,104	217,148	294	298
14286	159,158	329,232	219,203	540,363	290	288
14287	119,75	194,176	198,166	348,245	230	290
14288	257,213	128,119	350,266	178,115	288	234
14289	163,200	156,141	235,180	294,192	292	265
14290	8,6	145,133	1,4	312,169	203	292
14291	0,2	147,127	0,0	191,145	298	269
14292	7,4	9,9	3,7	1,5	254	292
14293	6,4	22,20	4,3	36,25	298	208
14295	0,2	224,142	5,0	440,293	210	298
14296	223,152	311,203	319,216	526,365	298	298
14297	219,157	293,212	319,209	485,334	298	294
14298	232,147	289,211	443,296	487,340	298	294
14299	158,131	76,84	139,117	118,57	298	243
14305	6,11	21,70	10,2	45,26	259	275
14306	5,6	7,5	5,11	7,5	241	201
14307	34,35	238,228	57,33	557,424	298	298
14308	11,5	169,194	10,4	287,254	298	298
14309	177,155	177,197	328,257	294,256	298	298
14310	28,16	42,12	17,22	41,24	199	255
14313	154,101	29,23	157,109	15,6	240	284
14314	88,51	29,21	82,57	15,7	240	284
14315	92,92	29,21	84,73	15,7	298	284
14316	2,1	29,21	2,1	15,7	298	284
14317	90,94	29,21	87,76	15,7	264	284
14318	92,92	88,51	84,73	82,57	298	240
14319	2,1	88,51	2,1	82,57	298	240
14320	90,94	88,51	87,76	82,57	264	240
14321	8,10	89,51	7,15	80,56	264	240
14322	118,101	89,51	83,68	80,56	260	240
14323	99,110	87,51	135,99	80,55	298	240
14324	85,90	10,8	83,71	6,5	264	240
14325	115,92	11,8	81,68	4,5	260	240
14326	118,101	8,10	83,68	7,15	260	264
14327	119,94	56,43	84,69	76,61	260	264
14328	76,109	66,81	115,98	64,57	298	260
14329	24,37	30,11	27,19	26,11	259	298
14330	22,38	157,128	26,19	113,91	259	298
14331	51,31	95,62	67,54	158,84	239	233
14332	119,68	92,80	211,122	147,106	272	239
14333	139,131	132,105	207,139	225,141	298	246
14334	2,4	50,51	1,0	75,54	265	298
14335	0,0	0,2	4,0	0,0	264	298
14336	0,0	0,1	4,0	0,0	264	207
14337	0,0	0,1	4,0	1,0	264	256
14339	0,2	0,1	0,0	1,0	298	256
14340	0,1	0,1	0,0	1,0	207	256
14341	90,44	67,40	145,99	81,49	275	283
14342	40,37	104,77	45,35	134,89	233	298
14343	35,41	0,2	50,24	0,0	298	240
14344	26,26	9,10	35,15	15,6	221	298
14347	189,187	304,271	231,137	417,276	201	213
14348	178,178	156,157	228,153	148,143	221	212
14349	26,21	33,40	34,21	29,33	248	243
14351	141,109	115,85	141,117	120,87	239	211
14352	216,149	279,210	300,194	401,287	247	247
14353	0,2	11,12	1,0	3,5	176	251
14354	28,24	22,23	59,16	21,17	248	205
14355	31,28	19,20	42,22	48,17	205	231
14356	176,171	434,314	347,216	888,546	207	245
14357	377,298	551,463	831,555	805,646	245	298
14359	49,64	205,137	84,43	214,165	240	277
14360	239,197	64,50	191,164	84,57	277	229
14361	180,151	98,122	217,189	127,123	298	290
14362	125,128	87,69	170,122	82,103	298	233
14363	135,128	104,92	203,131	145,109	298	298
14364	111,91	104,90	150,110	146,109	237	298
14365	110,87	95,80	149,106	131,68	237	298
14366	64,53	17,15	129,89	33,19	265	200
14367	92,69	76,84	147,106	125,74	285	242
14368	24,24	118,125	25,26	210,153	201	285
14371	24,28	22,36	25,21	10,6	217	223
14372	26,29	45,36	12,7	22,20	276	266
14373	103,51	149,90	101,78	117,86	246	266
14374	34,19	133,122	36,24	165,97	298	266
14375	408,420	670,684	492,365	495,285	224	288
14376	1538,1259	883,835	1374,1036	748,530	298	298
14377	554,522	874,735	520,391	918,615	225	298
14378	1340,1190	854,762	1351,970	1049,801	298	298
14379	1413,1260	1031,986	1403,1009	1146,872	298	287
14380	475,377	1030,958	454,354	1267,936	218	298
14381	585,545	516,397	719,459	636,422	239	228
14382	978,869	379,374	865,635	486,341	298	239
14383	2,8	16,15	1,1	9,7	298	298
14384	2,8	18,15	1,1	11,7	298	298
14385	0,0	16,15	0,1	9,7	251	298
14387	2,3	23,39	0,0	15,8	298	251
14389	632,612	325,258	769,533	487,411	298	269
14390	91,71	454,344	125,75	634,485	208	298
14391	38,24	454,342	85,43	634,484	208	298
14392	516,492	291,304	681,419	371,235	298	208
14393	516,490	291,304	681,418	371,235	298	208
14394	69,52	111,90	96,57	137,58	188	227
14395	229,206	208,171	356,200	283,200	298	245
14396	2,2	207,171	2,5	284,200	298	245
14397	369,332	324,213	411,277	395,248	273	298
14398	35,21	40,32	38,16	58,50	241	298
14409	139,125	69,52	217,174	99,84	298	218
14410	2,0	191,163	4,3	264,228	182	218
14411	194,169	207,171	330,174	275,197	298	298
14412	7,8	156,121	6,2	239,175	298	286
14413	239,190	156,121	334,198	239,175	298	286
14414	859,771	56,57	1192,816	56,47	206	263
14415	87,109	0,0	99,101	3,1	263	257
14416	1338,978	1039,878	2105,1546	1647,1330	271	245
14417	915,707	526,527	1328,1016	510,420	252	189
14418	2,2	526,527	0,0	510,420	248	189
14419	291,237	1437,1285	434,360	1988,1510	189	259
14421	499,373	453,367	864,549	736,598	242	224
14422	445,293	690,628	567,455	1360,1027	298	280
14423	96,71	291,318	57,48	212,148	176	233
14424	256,238	75,82	173,122	31,53	215	176
14425	488,491	217,202	344,241	114,118	298	215
14426	469,365	549,517	259,211	330,252	298	298
14427	220,182	490,491	92,60	348,248	245	298
14428	328,313	373,406	671,538	501,345	278	298
14429	1,2	68,26	3,2	56,46	219	282
14430	2,2	101,35	3,0	79,55	288	282
14431	11,6	3,1	9,8	2,4	219	298
14432	82,50	37,40	97,61	35,34	221	269
14433	24,17	31,42	50,23	34,26	199	207
14434	96,117	156,142	116,65	191,154	298	298
14435	38,39	362,295	24,19	513,364	193	254
14437	27,36	0,0	38,37	1,0	278	202
14438	12,7	50,59	11,8	120,63	173	207
14439	14,7	475,381	12,8	658,487	173	241
14440	18,11	313,263	18,15	402,271	223	267
14441	115,103	331,277	131,87	433,284	223	267
14442	1,2	18,18	1,9	14,12	273	262
14443	1,2	87,67	1,9	94,39	273	210
14444	301,271	50,47	322,212	71,26	223	210
14445	81,73	122,105	87,55	103,67	274	223
14446	2,0	152,147	0,3	189,130	293	274
14447	11,21	176,172	18,15	220,151	293	274
14448	44,52	1413,1160	21,16	1466,1165	258	263
14449	1340,1210	1413,1160	1324,979	1466,1165	298	263
14450	1806,1533	7,17	1375,1192	0,1	298	266
14451	0,0	4,5	0,1	0,2	298	266
14452	1806,1533	1260,1044	1375,1192	1373,1038	298	258
14453	0,0	1257,1030	0,1	1373,1039	298	258
14454	1806,1533	1267,1039	1375,1192	1375,1048	298	298
14455	1859,1596	1284,1060	1395,1210	1561,1084	298	298
14456	5,10	1284,1058	0,1	1562,1084	256	298
14457	1270,1039	1284,1058	1426,1026	1562,1084	263	298
14458	1859,1596	10,7	1395,1210	5,0	298	298
14459	1270,1039	53,63	1426,1026	21,19	263	298
14460	5,10	53,63	0,1	21,19	256	298
14461	1267,1027	1339,1206	1426,1026	1319,978	263	298
14462	2,2	1339,1206	0,1	1319,978	256	298
14463	14,16	1508,1210	5,5	1151,985	288	263
14464	1385,1152	1508,1210	1654,1158	1151,985	298	263
14465	1400,1246	1606,1379	1397,1066	1662,1232	294	298
14466	1400,1246	3,2	1397,1066	0,0	294	298
14467	1400,1246	3,2	1397,1066	0,0	294	298
14468	14,13	23,15	10,13	26,3	242	264
14469	34,26	31,29	21,22	34,15	245	248
14470	52,25	28,18	28,20	47,15	233	274
14471	2,0	16,8	1,0	23,8	274	236
14472	43,21	26,8	39,23	24,9	274	236
14480	66,64	101,81	92,79	99,90	276	256
14481	2,0	101,81	1,0	99,90	276	256
14482	65,66	101,81	106,84	99,90	269	256
14483	64,68	101,81	101,77	99,90	259	256
14484	65,66	2,0	106,84	1,0	269	276
14485	66,66	108,89	106,80	122,92	269	276
14486	65,68	108,89	104,79	122,92	259	276
14487	341,262	910,824	628,443	1415,1020	274	296
14488	49,36	695,693	45,30	946,566	296	283
14489	880,806	865,746	1380,996	1412,949	283	298
14490	880,806	7,7	1380,996	9,1	283	298
14491	879,810	222,215	1383,996	396,308	283	217
14492	877,808	171,135	1384,996	364,290	283	208
14493	211,189	394,268	39,22	50,45	298	244
14494	492,289	24,28	80,48	4,5	298	263
14495	489,287	264,185	79,48	34,38	298	298
14496	123,117	31,27	128,78	57,25	298	194
14497	75,56	47,42	102,68	70,47	298	269
14498	44,23	38,32	79,64	59,40	293	260
14499	9,15	54,37	23,18	63,67	275	281
14500	52,34	18,28	38,21	11,10	298	298
14501	58,47	48,40	74,56	76,47	270	218
14502	94,48	58,47	94,63	99,71	276	250
14506	103,81	538,442	139,79	420,314	251	234
14507	551,421	34,32	417,387	12,19	234	298
14508	490,454	1170,944	528,385	1254,920	248	274
14509	191,154	1463,1087	176,132	1328,1035	274	290
14510	527,447	835,696	654,468	740,579	274	257
14511	528,448	77,48	653,468	31,34	274	257
14512	848,694	1462,1087	844,651	1329,1035	257	290
14513	764,631	856,565	796,611	1050,647	257	298
14514	117,89	131,113	207,138	181,154	214	257
14515	137,87	0,4	124,89	0,0	218	268
14516	146,123	387,308	215,132	433,348	257	243
14517	105,94	161,131	145,120	181,107	243	298
14518	468,408	18,19	545,410	24,17	298	176
14519	300,254	99,82	281,229	181,150	298	298
14520	88,77	18,19	137,97	24,17	236	176
14521	4,1	99,82	0,2	181,150	236	298
14522	7,0	209,193	7,1	312,275	205	298
14523	7,0	6,4	7,1	16,1	205	298
14524	6,7	54,38	13,12	73,46	287	235
14525	4,0	21,14	0,0	21,7	249	251
14526	272,188	250,208	47,41	65,33	225	280
14527	292,230	157,132	68,38	26,32	246	225
14528	17,6	156,135	4,1	24,32	246	225
14529	312,273	414,302	66,75	89,50	291	246
14530	439,369	390,285	67,49	84,49	298	246
14531	5,0	396,292	2,0	88,50	291	246
14532	202,167	396,292	56,20	88,50	273	246
14533	227,175	389,285	60,54	84,49	251	246
14534	202,167	5,0	56,20	2,0	273	291
14535	469,384	428,314	72,50	93,59	298	291
14536	38,21	432,313	8,1	93,58	298	291
14537	205,167	432,313	54,20	93,58	273	291
14538	205,167	38,21	54,20	8,1	273	298
14539	202,167	325,280	54,21	68,75	273	298
14540	1,2	21,13	7,0	25,15	288	298
14541	11,13	21,13	8,5	25,15	286	298
14542	11,13	1,2	8,5	7,0	286	288
14543	1,5	0,3	2,2	0,0	298	207
14545	7,11	25,23	11,8	27,16	270	259
14546	171,145	153,119	231,166	226,205	298	292
14547	193,154	190,164	294,192	261,182	282	298
14548	3,8	190,164	8,2	261,182	282	298
14549	122,126	190,164	151,118	261,182	298	298
14550	119,117	231,162	141,115	284,198	242	282
14551	126,121	5,1	172,158	0,0	237	242
14552	144,134	2,0	194,127	1,0	247	242
14553	126,121	123,102	172,158	168,121	237	242
14554	142,137	125,94	192,128	166,123	247	237
14555	122,117	124,94	135,134	166,122	251	237
14556	2,7	2,1	5,1	1,0	251	247
14557	123,116	136,132	134,136	181,131	251	247
14558	202,138	135,129	263,180	177,129	298	247
14559	7,18	135,129	14,21	177,127	298	247
14560	141,136	124,114	164,111	167,132	298	251
14561	144,146	198,203	174,110	243,232	298	298
14562	1,0	395,365	2,1	624,468	216	234
14563	1,10	396,366	6,6	625,468	216	234
14564	270,255	347,334	407,284	691,458	234	251
14565	480,422	549,461	817,624	889,642	251	277
14566	368,273	372,333	717,490	721,541	249	245
14567	447,319	250,239	1060,689	499,325	245	222
14568	18,17	820,744	16,8	1729,1186	213	222
14569	18,17	429,355	16,8	948,653	213	298
14570	402,337	330,278	909,611	586,434	222	216
14572	17,15	14,15	21,17	17,5	298	271
14573	39,16	37,24	21,18	25,28	248	209
14574	805,676	1512,1173	784,659	1931,1402	275	298
14575	994,774	1230,872	1097,825	1327,1025	298	281
14576	60,57	55,48	86,73	53,50	298	261
14577	47,36	272,201	42,27	284,200	271	298
14578	47,36	25,18	42,27	10,17	271	298
14579	47,36	31,25	42,27	11,17	271	195
14580	214,169	24,18	236,173	10,15	298	195
14581	272,201	25,18	284,200	10,17	298	298
14582	272,201	31,25	284,200	11,17	298	195
14583	64,41	1,0	51,34	2,0	298	298
14584	64,41	2,2	51,34	2,1	298	195
14585	64,41	120,110	51,34	140,104	298	217
14586	63,34	1,0	51,35	0,4	298	217
14587	63,34	115,84	51,35	100,61	298	213
14588	288,234	24,17	370,256	12,16	298	195
14589	80,74	120,114	137,90	141,100	298	217
14590	79,67	1,1	137,91	0,0	298	217
14591	1,0	120,110	2,0	140,104	298	217
14592	2,2	120,110	2,1	140,104	195	217
14593	20,16	117,91	4,8	102,61	195	213
14594	21,15	330,277	6,8	375,266	195	217
14595	20,16	98,54	4,8	80,61	195	217
14596	1,0	115,84	0,4	100,61	217	213
14597	98,54	117,91	80,61	102,61	217	213
14598	22,16	118,84	15,10	102,61	217	213
14599	290,241	303,217	309,197	240,192	298	259
14600	97,67	172,146	115,113	176,113	251	254
14601	42,51	135,107	71,69	278,167	218	287
14602	112,96	117,85	175,141	174,145	287	260
14603	102,85	116,70	206,121	242,144	260	284
14604	76,68	139,110	173,111	234,182	298	298
14605	125,97	145,99	209,155	211,170	298	257
14606	89,86	144,115	159,136	182,128	257	271
14609	10,2	84,101	6,1	163,97	297	298
14610	10,2	80,100	6,1	165,101	297	294
14611	5,1	97,126	6,1	156,133	297	298
14612	4,1	6,6	6,1	3,0	297	210
14613	6,2	84,101	3,1	163,97	281	298
14614	6,2	80,100	3,1	165,101	281	294
14615	1,1	97,126	3,1	156,133	281	298
14616	0,1	6,6	3,1	3,0	281	210
14617	38,41	84,101	35,34	163,97	265	298
14618	38,41	80,100	35,34	165,101	265	294
14619	34,40	97,126	35,34	156,133	265	298
14620	32,40	6,6	35,34	3,0	265	210
14621	104,104	82,100	148,76	162,96	282	294
14622	50,65	125,120	75,73	182,165	210	260
14623	74,86	126,127	167,103	184,164	268	260
14627	386,313	125,132	753,507	157,64	292	298
14628	298,306	3,4	504,351	3,5	298	225
14629	49,51	16,37	77,60	12,12	298	298
14630	38,32	82,59	34,40	96,97	272	287
14631	1,8	46,47	3,1	29,21	248	185
14632	1,1	225,194	0,0	83,97	298	248
14633	12,17	2,1	11,5	3,0	225	257
14634	35,32	59,27	42,27	73,61	203	225
14635	1861,1385	1660,1514	2518,1752	2474,1864	298	298
14636	693,558	1594,1319	937,671	1803,1454	244	294
14637	1038,905	1665,1530	1383,981	2472,1865	294	298
14638	1645,1341	1331,1056	1847,1498	1928,1431	298	298
14639	1,2	0,2	2,0	1,0	188	274
14640	0,2	0,2	0,0	1,0	298	274
14641	0,2	0,0	0,0	0,1	298	221
14642	0,2	265,216	0,0	399,277	298	298
14644	90,68	89,72	129,96	126,75	196	221
14645	91,71	8,5	130,98	2,5	196	236
14646	91,71	314,250	130,98	487,321	196	298
14647	91,68	0,0	129,96	0,1	196	221
14648	91,68	265,216	129,96	399,277	196	298
14649	0,0	265,216	0,1	399,277	221	298
14650	8,5	314,250	2,5	487,321	236	298
14651	164,113	316,249	181,141	487,321	236	298
14652	0,1	107,100	0,0	126,89	298	270
14653	54,43	137,98	59,31	171,78	227	182
14654	59,81	226,157	120,66	348,237	298	259
14655	76,37	121,88	90,62	159,117	221	267
14657	0,0	66,59	2,4	59,35	286	297
14658	48,32	76,55	61,44	62,55	298	274
14659	44,50	67,65	56,41	72,53	274	298
14660	17,19	25,21	22,9	32,9	182	246
14661	18,17	5,2	22,9	0,0	182	246
14662	17,20	1,5	23,11	1,2	182	246
14663	26,41	48,47	58,27	54,49	246	298
14664	26,41	25,30	58,27	26,19	246	233
14665	26,36	2,2	54,24	0,0	246	298
14666	26,36	68,68	54,24	73,55	246	298
14667	2,2	68,68	0,0	73,55	298	298
14668	30,26	67,71	37,12	76,56	298	298
14669	3,4	67,71	0,2	76,56	233	298
14670	119,85	90,71	89,74	79,79	298	298
14671	28,26	90,71	15,19	79,79	298	298
14672	48,37	0,0	11,8	4,0	298	222
14674	1723,1367	5,10	2988,2322	4,12	244	290
14675	228,214	106,80	317,250	148,89	298	183
14676	2,12	45,16	4,4	28,12	179	207
14677	141,134	159,159	228,150	223,139	231	298
14678	15,12	36,40	18,12	40,30	298	218
14679	112,83	39,39	204,147	46,32	298	218
14680	4,2	0,0	1,3	2,0	264	298
14681	3,9	0,1	14,3	0,0	285	281
14682	16,10	75,65	9,6	159,80	298	298
14684	134,116	82,126	80,55	33,37	298	298
14685	3,3	0,1	1,2	2,0	276	298
14687	47,43	24,20	45,32	5,6	298	213
14688	73,38	44,34	60,30	32,26	281	223
14689	289,196	287,230	431,291	326,243	298	226
14690	206,174	511,381	214,202	690,482	226	298
14691	462,380	408,357	526,418	428,407	298	270
14692	455,348	405,335	643,445	592,432	270	298
14693	456,389	147,140	472,437	156,108	298	222
14694	201,172	180,167	313,230	252,192	298	298
14695	183,148	180,183	144,129	253,189	298	277
14696	159,151	308,196	228,171	371,249	277	298
14697	397,363	291,236	263,228	318,243	298	254
14698	99,100	339,267	103,69	345,258	193	254
14699	100,100	206,184	103,69	299,223	193	216
14700	389,298	354,324	448,280	331,286	260	268
14701	390,298	429,276	448,279	317,289	260	298
14702	390,298	60,36	448,279	30,27	260	268
14703	60,36	429,276	30,27	317,289	268	298
14704	516,381	428,276	538,401	317,290	268	298
14705	212,175	462,340	312,263	720,491	223	251
14706	3,2	4,3	5,0	2,3	220	223
14707	73,71	4,3	101,64	2,3	197	223
14708	151,139	220,178	245,163	328,209	220	223
14709	6,2	210,168	4,0	321,207	220	223
14710	73,71	3,2	101,64	5,0	197	220
14711	82,78	226,192	109,66	281,208	197	220
14712	81,103	224,191	90,44	279,207	215	220
14713	83,104	188,148	92,45	260,221	215	197
14714	99,97	143,100	198,125	286,207	260	263
14715	73,60	101,106	172,107	189,155	263	289
14716	73,60	0,2	172,107	0,1	263	298
14717	37,51	15,30	25,32	26,19	298	214
14718	33,28	54,112	36,35	119,66	214	298
14719	84,67	25,32	85,49	38,13	298	229
14720	0,1	22,27	0,0	25,6	189	204
14721	0,2	89,91	2,0	131,82	189	204
14722	1,1	51,63	0,0	75,57	264	235
14723	56,50	34,28	66,33	32,41	235	244
14724	7,11	26,20	3,2	27,40	235	244
14729	3,7	45,28	0,4	5,8	214	298
14730	235,202	370,372	313,242	730,482	267	298
14731	212,164	257,218	267,202	326,266	261	292
14732	1,0	0,0	0,0	0,1	235	298
14733	0,2	0,0	3,0	0,1	273	230
14734	0,2	0,0	1,0	2,0	298	273
14735	0,2	0,0	1,0	2,0	298	273
14736	5,2	0,0	4,1	2,0	298	273
14738	5,2	0,2	4,1	1,0	298	298
14739	5,2	0,2	4,1	1,0	298	298
14740	67,59	61,50	83,78	79,34	252	214
14741	91,93	112,108	99,56	154,74	259	280
14742	86,54	70,59	91,64	82,58	292	261
14743	109,53	69,58	130,74	82,58	296	261
14744	13,1	69,58	6,4	82,58	292	261
14745	1,0	69,58	0,2	82,58	298	261
14746	11,11	113,80	2,3	82,73	298	292
14747	2,1	102,74	1,2	82,70	298	292
14748	45,22	106,94	42,34	106,80	298	292
14749	2,1	114,73	0,1	86,74	298	292
14750	9,7	129,76	1,5	132,98	279	298
14751	112,75	86,55	154,84	90,65	296	298
14752	21,22	134,99	24,27	117,84	229	298
14753	64,59	120,93	92,77	115,82	298	298
14754	58,62	45,45	70,64	28,29	298	229
14755	61,49	57,50	51,51	65,40	250	298
14756	23,39	32,38	23,23	53,49	211	250
14757	58,68	47,43	71,71	33,28	278	211
14758	10,8	49,61	6,6	69,31	298	262
14759	20,13	28,24	11,11	21,15	186	216
14760	4,10	2,1	3,2	1,0	298	251
14761	142,139	162,156	204,128	324,224	239	283
14762	224,172	139,141	308,237	156,115	283	228
14763	94,70	209,192	166,106	222,127	228	298
14764	92,70	269,207	168,107	399,345	228	280
14765	90,57	66,45	143,117	127,80	298	227
14766	71,64	79,73	119,84	81,55	236	298
14767	95,62	23,34	96,62	43,41	298	231
14768	49,45	86,74	42,33	107,95	231	232
14769	5,7	33,33	4,2	39,30	171	298
14771	297,277	99,126	245,140	62,38	245	268
14772	276,325	68,93	151,128	24,25	298	258
14773	1,4	1274,1193	5,4	1777,1225	274	278
14775	844,682	442,347	693,471	344,261	225	197
14776	396,308	1038,781	277,237	771,649	197	220
14777	396,307	51,37	278,236	45,31	197	220
14778	303,204	420,295	605,413	865,598	298	294
14779	0,3	1,3	4,5	1,0	298	285
14780	47,31	81,57	47,29	85,49	276	245
14781	2,5	155,145	2,0	141,106	233	276
14782	109,93	54,56	145,106	58,44	271	209
14783	32,42	29,22	46,47	75,51	233	233
14784	28,41	57,43	43,46	110,97	233	298
14785	21,21	61,42	41,20	110,96	233	262
14786	27,36	533,559	21,17	545,565	221	228
14787	32,22	73,113	28,31	67,43	298	211
14788	249,270	73,113	314,334	67,43	228	211
14789	110,106	49,43	88,102	68,48	298	219
14790	1,0	45,43	0,0	69,48	235	219
14792	27,12	74,74	17,24	76,53	225	226
14793	14,13	151,120	13,6	143,119	247	242
14794	102,95	90,89	102,88	169,118	225	240
14795	64,77	179,134	121,75	217,163	210	298
14796	125,114	44,36	193,152	80,45	298	245
14797	40,40	53,50	76,43	93,68	236	242
14798	62,52	72,64	102,65	134,96	242	298
14799	82,74	52,59	141,109	100,73	298	245
14800	50,55	97,57	91,63	141,95	245	245
14801	0,0	208,208	1,1	401,301	229	226
14802	173,154	252,252	296,249	472,360	229	235
14803	575,494	3,2	1037,728	2,3	298	204
14804	570,493	142,145	1034,724	260,209	271	204
14805	372,309	265,258	618,372	451,348	236	298
14806	352,295	265,258	574,347	451,348	234	298
14807	0,11	0,1	3,2	0,0	268	298
14808	0,11	0,4	3,2	0,0	268	247
14809	9,2	0,4	1,3	0,0	298	191
14811	33,24	224,213	14,5	81,67	298	298
14812	201,149	7,4	121,71	7,0	230	170
14813	201,149	7,0	121,71	2,2	230	298
14814	10,22	19,20	20,6	26,26	258	199
14816	8,12	9,15	20,18	19,8	199	208
14817	25,15	54,36	30,22	67,53	208	270
14818	32,41	42,28	51,42	50,38	270	204
14819	1,1	59,38	0,0	53,33	184	243
14820	76,47	91,77	88,50	86,67	284	298
14821	41,28	40,37	35,28	36,33	229	221
14822	64,47	5,10	49,44	10,8	221	208
14823	63,52	20,21	52,47	15,17	221	208
14824	21,10	51,37	20,13	93,66	283	298
14825	142,142	198,129	143,133	218,167	298	297
14826	59,55	63,61	25,24	75,58	236	211
14829	65,59	4,4	111,72	11,6	258	189
14830	4,4	4,4	7,4	11,6	227	189
14831	63,58	1,0	110,73	3,3	258	189
14832	85,97	50,28	197,117	52,61	270	189
14833	4,3	49,23	5,4	52,61	227	189
14834	4,3	49,23	8,4	52,61	270	189
14835	68,64	73,75	115,76	176,84	258	227
14836	68,64	113,113	115,76	244,137	258	270
14837	107,66	5,6	188,123	5,4	274	258
14838	108,68	84,88	189,123	195,128	274	258
14839	5,5	63,77	15,14	149,84	298	274
14843	0,3	4,6	0,4	2,4	298	298
14844	129,132	47,28	111,68	64,31	298	244
14845	1,2	47,28	0,1	64,31	298	244
14846	2,4	257,197	0,4	345,197	289	298
14847	124,98	6,10	178,113	4,5	241	289
14848	161,163	135,115	269,161	184,118	257	241
14852	313,221	1,1	272,218	0,0	263	182
14853	113,86	113,83	112,73	80,84	298	298
14854	4,4	11,3	3,5	4,4	217	277
14855	2,1	12,6	3,1	5,5	234	277
14856	0,0	11,5	1,0	3,3	234	277
14857	2,1	11,3	3,1	3,5	234	217
14860	61,58	2,3	32,24	1,0	276	230
14861	20,17	344,327	14,16	342,322	220	267
14862	26,26	105,55	35,17	122,95	205	240
14863	26,28	148,108	35,17	133,90	205	283
14864	128,136	57,47	123,97	55,65	283	216
14865	115,100	99,100	131,92	176,106	253	244
14866	158,124	142,105	132,136	136,118	281	298
14867	195,113	73,52	266,196	60,42	298	229
14868	53,33	75,45	53,43	76,61	229	234
14870	2048,1774	2136,1865	2236,1584	2234,1408	298	278
14871	1,3	437,354	0,0	499,330	225	281
14872	0,4	120,115	1,0	168,141	186	298
14873	104,85	19,17	140,127	12,2	298	298
14874	2,3	36,27	0,0	15,11	272	212
14875	2,3	2,0	0,0	1,0	272	257
14876	36,27	2,0	15,11	1,0	212	257
14878	9,9	41,21	32,27	48,30	221	276
14879	94,96	63,62	93,52	74,62	260	227
14880	6,6	63,62	1,0	74,62	298	227
14881	94,93	26,41	93,52	30,23	260	232
14882	7,3	26,41	1,0	30,23	298	232
14883	237,266	223,176	285,166	260,193	266	232
14884	237,266	45,37	285,166	43,42	266	298
14885	237,266	36,30	285,166	40,42	266	298
14887	1409,1333	261,196	1653,1211	272,200	298	232
14889	930,701	1739,1516	1461,1079	2992,2316	218	285
14890	1733,1509	2279,1860	2881,2205	4117,2963	291	285
14891	1745,1527	1770,1499	2889,2209	2833,2060	291	269
14892	16,21	1836,1555	8,4	2585,1967	285	247
14893	12,19	1631,1406	8,4	2436,1730	285	261
14894	28,74	1337,1233	40,15	1828,1372	210	276
14895	17,18	17,11	9,9	21,13	261	266
14896	12,2	120,129	15,10	186,158	274	279
14898	52,46	156,128	41,27	144,94	298	298
14899	5,3	0,1	7,4	2,1	203	255
14900	1449,1111	2496,2001	824,690	1531,1056	252	298
14901	97,76	108,77	133,106	166,96	271	298
14902	97,76	0,0	133,106	2,2	271	234
14903	8,12	167,117	2,0	169,113	271	298
14904	108,78	212,140	176,100	343,231	298	298
14905	65,54	118,95	114,69	275,194	258	298
14906	40,37	60,64	83,48	115,83	298	298
14911	386,292	26,24	617,499	18,19	233	173
14913	29,62	976,920	6,2	1098,927	238	273
14914	47,68	169,121	73,60	229,178	271	239
14915	188,190	175,122	293,190	261,146	285	275
14916	190,189	149,95	294,190	233,184	285	229
14917	188,189	134,124	293,191	187,151	285	265
14918	124,92	181,124	178,113	261,150	237	275
14919	158,102	149,95	232,143	233,184	275	229
14920	108,90	134,124	125,69	187,151	229	265
14921	14,10	72,62	9,7	77,43	190	248
14922	10,4	72,62	7,5	77,43	187	248
14923	129,83	143,74	97,47	80,46	298	298
14924	197,128	1,0	254,180	0,0	288	298
14925	197,128	7,0	254,180	2,0	288	272
14926	178,134	9,10	216,141	4,0	277	286
14972	347,311	537,447	483,347	828,538	271	298
14973	156,151	585,499	185,126	799,572	298	298
14974	260,258	362,322	263,178	377,250	288	293
14975	21,11	437,458	34,4	575,377	274	258
14976	3,5	9,6	10,0	8,11	246	298
14977	91,62	102,84	133,100	86,80	298	298
14978	90,90	76,69	125,98	93,78	298	265
14979	100,64	80,54	128,99	104,81	298	261
14980	93,64	99,101	127,96	186,127	298	298
14981	490,434	316,254	565,421	376,268	196	208
14982	609,480	466,303	575,434	635,450	219	196
14984	92,65	163,215	104,96	291,224	212	298
14985	177,142	88,114	309,260	197,144	298	298
14986	10,16	18,35	8,4	26,14	298	212
14987	7,16	72,98	7,1	82,56	298	298
14988	87,60	111,116	87,66	132,106	283	272
14990	49,60	75,63	46,31	38,40	263	294
14991	39,35	13,22	36,27	9,6	223	191
14992	127,129	93,80	196,132	122,62	254	249
14993	22,19	22,30	13,6	19,14	252	292
14994	47,29	81,70	48,11	77,60	298	298
14998	20,23	5,7	33,10	1,2	298	176
14999	0,1	6,2	1,1	0,0	260	296
15000	0,2	6,2	1,1	0,0	230	296
15002	0,0	1,0	2,0	0,0	241	271
15004	276,220	255,199	421,228	475,337	197	230
15005	27,19	57,50	13,14	79,69	229	222
15006	4,8	142,112	4,3	269,206	260	259
15007	316,279	269,207	540,336	499,347	260	230
15008	316,280	144,112	540,336	271,212	260	259
15009	317,278	3,3	540,336	6,0	260	229
15010	2,2	303,264	4,6	630,434	259	229
15011	0,2	297,266	0,0	624,433	259	229
15012	287,251	472,399	481,403	1013,726	298	229
15013	64,67	307,316	199,134	487,354	229	235
15014	115,105	307,315	178,122	487,354	229	235
15015	227,199	322,267	345,257	728,588	206	227
15016	222,191	2,7	334,245	10,2	206	227
15017	457,422	436,370	766,542	896,647	227	278
15018	157,81	209,178	215,162	316,213	298	298
15019	446,429	488,431	593,462	521,395	274	252
15020	582,540	437,330	662,479	462,370	298	274
15021	411,307	514,500	427,316	689,535	290	298
15022	421,357	444,390	405,387	543,386	264	279
15023	166,136	429,355	174,96	405,328	298	264
15024	5,6	27,29	5,7	25,21	188	202
15025	11,16	11,7	8,13	10,11	187	188
15026	191,162	98,94	4,2	0,6	298	254
15027	299,220	262,162	6,10	12,6	297	298
15028	105,96	154,117	7,2	16,10	245	265
15029	10,10	168,113	14,15	239,152	295	248
15030	257,137	168,113	274,180	240,152	295	248
15031	13,21	10,4	29,28	19,15	298	266
15032	18,9	7,7	26,21	16,13	298	288
15033	24,10	7,7	16,15	17,11	298	288
15034	2,0	0,0	0,0	1,0	231	266
15039	109,101	111,93	114,90	105,48	298	298
15040	77,65	1122,875	227,126	1564,1174	176	298
15041	0,1	89,63	0,0	174,145	298	265
15042	176,151	110,105	395,225	173,111	298	296
15043	109,83	114,71	201,155	185,128	268	298
15044	8,5	114,73	21,8	185,126	268	298
15045	49,32	144,127	57,51	323,175	220	268
15046	190,150	44,67	313,222	91,70	298	240
15047	2,2	13,13	1,0	24,25	229	201
15048	1,2	193,179	4,3	315,225	229	201
15049	29,36	445,455	56,54	630,528	201	272
15050	11,13	25,21	23,11	58,23	201	272
15051	11,13	402,313	23,11	628,449	201	251
15052	5,6	73,51	5,5	119,86	201	177
15053	25,21	402,313	58,23	628,449	272	251
15054	485,417	442,352	806,563	692,512	272	251
15055	458,394	30,31	745,543	44,42	272	251
15056	457,395	32,30	746,541	45,42	272	251
15057	30,30	501,400	44,41	945,725	251	280
15058	354,366	499,400	515,389	944,726	251	280
15059	96,98	72,51	133,131	119,86	179	177
15061	3,2	506,409	2,0	947,728	177	280
15062	471,334	246,218	849,594	322,312	280	230
15063	263,199	349,327	374,281	563,439	209	267
15064	304,259	349,335	397,368	567,436	239	267
15065	6,9	39,35	22,10	59,33	264	284
15066	616,498	1006,721	1115,797	1607,1236	298	298
15067	616,498	338,304	1114,794	493,408	298	201
15068	5,11	345,302	9,5	495,410	298	201
15069	3,2	338,304	0,0	493,408	298	201
15070	5,13	339,300	4,3	493,411	298	201
15071	806,671	345,302	1442,1038	495,410	298	201
15072	1,1	345,302	2,4	495,410	298	201
15073	44,21	91,60	66,31	105,50	298	298
15074	41,29	32,33	40,34	35,26	298	254
15075	61,48	235,246	33,29	252,185	249	298
15076	60,49	255,282	33,29	238,189	249	298
15077	205,205	0,2	189,159	0,0	298	251
15079	35,33	5,2	14,13	0,0	240	173
15081	2,0	3,2	6,1	1,0	210	247
15082	1,2	1,3	11,2	2,1	298	259
15083	10,7	8,16	11,2	6,5	221	298
15084	32,42	76,71	74,39	98,75	298	278
15085	10,9	76,71	13,21	95,73	298	278
15086	1,0	76,71	2,2	95,73	268	278
15087	55,50	75,72	87,52	96,73	298	278
15088	20,14	75,72	19,14	96,73	191	278
15089	5,6	80,76	8,5	107,81	298	278
15090	4,2	75,71	9,12	96,73	298	278
15091	10,2	75,71	16,17	96,73	298	278
15092	0,0	75,71	2,0	96,73	228	278
15093	1,0	10,9	2,2	13,21	268	298
15094	1,0	72,70	3,4	141,100	268	298
15095	53,50	63,63	88,54	132,84	298	298
15096	19,12	63,63	19,14	132,84	191	298
15097	64,68	62,61	71,67	129,79	298	298
15098	0,0	33,41	2,4	73,39	228	298
15099	4,0	60,57	9,6	94,72	286	298
15101	211,168	302,289	430,288	479,298	298	274
15102	79,90	109,101	76,76	115,68	298	298
15103	91,82	69,72	132,60	81,48	298	293
15104	38,41	69,71	66,41	81,48	225	293
15105	1,3	68,73	3,1	81,48	225	293
15106	2,7	68,73	6,2	81,48	298	293
15107	57,56	68,73	49,36	81,48	298	293
15108	39,41	50,47	66,41	62,44	225	298
15109	3,4	47,33	2,5	57,32	298	225
15110	94,89	11,5	150,116	15,4	298	298
15111	149,134	2,1	255,187	7,2	298	298
15112	130,107	131,104	189,137	103,76	218	264
15113	193,164	7,20	169,154	4,0	264	235
15114	4,1	38,76	3,0	35,27	264	298
15115	149,136	38,76	134,103	35,27	235	298
15116	1,0	15,11	5,5	19,6	298	275
15117	243,245	852,658	345,221	1528,1084	296	298
15118	539,430	324,225	750,556	447,290	298	226
15119	36,35	253,223	27,11	260,238	230	209
15135	578,515	352,229	640,386	356,262	251	203
15136	218,197	607,560	190,109	968,753	298	224
15137	206,140	397,246	191,135	292,248	261	291
15138	1,1	395,245	0,1	291,246	261	291
15139	240,169	170,146	225,174	175,97	266	261
15140	143,113	316,229	140,98	277,189	265	298
15141	46,36	275,253	38,27	294,210	189	265
15148	0,2	4,1	2,1	1,3	256	298
15151	1848,1841	1900,1732	2459,1757	2345,1964	283	219
15152	1633,1436	905,680	2746,2063	1206,935	225	212
15153	4467,3585	4,2	7120,5576	1,3	225	225
15155	717,534	728,593	574,418	754,496	298	262
15156	717,534	801,633	574,418	807,535	298	265
15157	506,398	54,46	495,343	41,33	224	298
15158	524,402	724,572	500,348	633,501	224	298
15159	9,1	721,566	5,7	634,501	224	298
15160	944,706	721,566	775,577	634,501	284	298
15161	140,104	721,566	24,14	634,501	298	298
15162	944,706	9,1	775,577	5,7	284	224
15163	140,104	9,1	24,14	5,7	298	224
15164	454,371	415,310	394,302	337,220	231	224
15165	949,709	383,293	775,578	303,246	284	231
15166	146,108	383,293	24,15	303,246	298	231
15167	2,1	869,680	6,2	784,574	298	284
15168	215,217	13,13	249,172	18,14	278	176
15169	129,98	118,74	137,99	101,79	298	298
15170	38,24	54,40	36,30	61,53	235	222
15171	380,325	249,196	446,354	206,146	226	226
15172	32,24	113,94	40,23	129,101	203	246
15173	44,34	113,94	58,24	129,101	221	246
15174	131,156	117,104	153,121	101,92	298	226
15175	155,138	347,304	125,131	377,285	254	297
15176	180,216	260,189	159,108	261,199	257	262
15177	169,135	214,188	165,93	150,100	262	298
15179	90,72	0,0	98,89	0,1	298	286
15180	1,3	4,1	0,0	0,2	194	206
15181	2,4	1,0	0,0	1,0	272	298
15182	2,4	2,0	0,0	1,0	272	233
15184	6,4	0,0	1,2	0,1	237	289
15185	8,5	211,155	8,19	227,158	221	221
15186	169,123	295,253	272,187	431,381	225	252
15187	6,2	2,0	0,4	0,0	242	193
15188	37,21	12,14	5,6	6,2	260	251
15189	4,3	170,107	2,0	166,154	284	298
15190	340,293	11,9	465,314	2,1	298	298
15192	4,1	99,71	3,4	132,110	263	298
15193	0,0	0,2	2,3	4,0	298	298
15196	2,0	0,2	1,0	4,0	298	298
15197	3,0	3,7	9,3	3,1	298	238
15200	2,0	0,0	1,0	2,3	298	298
15205	231,149	160,103	296,215	189,101	236	241
15206	119,129	3,0	206,151	0,3	286	242
15207	125,135	171,116	217,159	250,154	286	223
15208	8,1	906,807	2,4	1090,913	298	298
15209	179,140	690,555	127,94	566,466	298	213
15210	10,0	690,555	2,0	566,466	298	213
15211	142,118	129,105	166,102	181,106	298	298
15212	118,80	93,60	73,45	73,62	242	264
15213	76,69	155,109	82,45	180,144	264	298
15214	19,27	16,16	33,25	16,24	298	237
15215	723,628	643,533	1233,885	946,816	298	298
15217	402,391	497,434	291,292	348,277	250	274
15218	103,84	135,110	111,74	161,110	298	298
15219	38,28	135,110	56,27	161,110	298	298
15220	93,73	18,28	167,110	31,22	298	178
15222	184,149	130,92	342,223	170,102	240	205
15223	401,323	298,202	462,359	625,453	260	240
15224	226,187	216,156	420,293	320,257	257	219
15225	167,141	333,234	289,199	506,366	217	257
15226	232,214	391,328	372,295	635,439	232	288
15227	105,60	59,64	189,121	111,96	197	202
15228	65,85	87,55	120,114	150,118	267	298
15229	27,23	20,24	33,17	28,16	237	257
15230	49,41	17,19	51,30	18,9	257	213
15231	49,41	8,13	51,30	8,3	257	175
15235	1651,1544	1403,1277	3073,1908	2172,1358	298	293
15236	0,0	3,2	0,2	4,0	298	246
15237	4,5	3,2	4,3	4,0	206	246
15238	4,5	0,0	4,3	0,2	206	298
15239	50,63	79,58	63,45	102,69	258	298
15240	163,173	46,54	225,134	63,51	298	258
15241	139,123	119,93	192,172	196,116	298	259
15242	85,89	114,62	109,96	106,63	280	233
15243	133,155	13,41	138,99	20,15	260	298
15250	33,49	30,31	44,11	26,13	298	281
15251	35,43	36,29	44,18	29,34	292	298
15252	255,203	398,294	383,286	730,484	277	298
15253	185,184	293,232	175,122	447,339	215	298
15254	221,194	127,126	284,195	159,112	257	215
15255	376,319	238,214	481,376	265,202	296	257
15256	190,133	16,24	237,142	16,20	256	292
15257	1,0	7,16	0,0	17,13	194	234
15258	1,0	11,19	0,0	18,16	194	285
15259	104,92	84,52	75,29	78,64	226	221
15261	44,47	41,37	31,25	34,13	232	207
15264	0,2	0,0	0,1	2,0	249	224
15265	105,56	104,93	259,175	237,208	247	246
15266	20,36	3,0	22,7	3,0	276	298
15268	12,17	38,18	20,7	43,32	192	228
15269	21,14	5,23	21,24	13,17	207	298
15270	161,154	144,93	232,203	217,156	284	254
15271	16,20	27,21	17,13	17,17	213	284
15272	38,36	31,11	10,17	19,17	284	294
15275	3,2	10,4	0,3	6,1	234	257
15276	233,229	270,225	267,208	199,187	298	215
15277	40,28	80,87	48,42	112,89	298	287
15278	62,73	137,89	76,68	142,99	287	292
15280	44,35	37,19	63,46	33,24	210	285
15281	41,46	22,28	43,50	29,31	285	219
15282	15,19	37,19	24,22	62,31	260	273
15285	666,579	6939,6267	813,511	9952,7862	298	298
15286	40,60	6938,6269	85,32	9952,7862	298	298
15287	757,647	5074,4504	1275,878	8665,6249	298	298
15288	729,608	5074,4504	1224,841	8665,6249	261	298
15289	3877,3839	3882,3507	5509,3740	7019,4976	235	298
15290	738,612	2324,2260	1234,857	3646,2217	261	235
15291	130,152	168,157	190,140	279,184	289	298
15292	318,331	311,269	248,214	568,364	260	298
15293	37,30	311,269	28,14	568,364	298	298
15295	106,92	76,42	202,160	124,83	298	255
15296	47,41	70,65	99,70	171,142	298	298
15299	55,32	53,32	72,36	53,55	298	298
15312	8,2	287,229	3,0	294,197	223	298
15313	53,59	138,128	42,22	111,77	251	232
15314	1,0	138,128	0,0	111,77	201	232
15315	1490,1274	1303,1198	2447,1825	1722,1369	252	290
15316	1825,1559	1303,1198	2851,2087	1722,1369	267	290
15317	20,19	58,42	85,68	147,132	215	296
15318	12,17	83,72	15,18	98,44	190	208
15319	3,4	294,240	5,2	329,232	298	298
15320	296,238	294,240	382,225	329,232	298	298
15324	0,0	26,12	1,0	41,18	224	187
15325	5,1	56,38	0,2	74,45	187	216
15326	44,49	1,5	98,53	3,1	216	233
15327	265,210	423,306	429,304	635,446	252	298
15328	551,389	190,145	802,554	319,220	263	224
15329	133,98	434,389	158,124	516,420	224	275
15330	291,215	387,339	424,318	567,396	275	293
15331	224,194	815,737	339,251	1058,857	221	298
15332	7,7	0,0	3,5	1,2	298	267
15334	3,0	1,2	1,0	2,5	202	292
15335	5,4	4,4	4,0	0,3	292	237
15336	101,60	20,15	66,69	18,21	198	284
15337	115,99	223,168	70,83	173,148	198	284
15338	70,40	5,13	45,30	1,3	298	198
15339	0,1	5,13	0,0	1,3	181	198
15340	68,37	83,83	46,31	87,72	298	198
15341	13,17	83,83	9,11	87,72	298	198
15342	1,1	83,84	3,3	86,72	298	198
15343	1,1	83,84	3,2	86,72	298	198
15344	0,1	3,4	0,0	2,2	181	298
15345	0,1	344,247	1,0	274,273	181	298
15346	1,1	344,247	0,0	274,273	298	298
15347	12,7	5,7	16,5	13,7	230	224
15348	238,159	162,103	304,226	199,160	298	297
15349	211,181	85,82	359,226	177,131	254	214
15350	119,112	75,81	236,172	69,79	214	298
15351	117,110	219,255	235,172	304,164	214	298
15352	429,473	42,44	809,505	35,18	298	200
15353	210,221	10799,9442	505,345	15347,10458	298	298
15354	220,259	12006,10537	304,160	14322,11585	298	298
15355	1420,1729	5225,5014	1519,645	5443,4077	298	223
15356	1422,1729	5225,5014	1518,645	5443,4077	298	223
15357	10803,9446	5986,5998	15347,10460	6240,4945	298	284
15358	10799,9448	48,25	15347,10458	55,37	298	269
15359	10800,9442	48,25	15347,10458	54,33	298	269
15360	10800,9442	5228,5014	15347,10458	5443,4077	298	223
15361	589,595	5985,5996	601,348	6240,4945	298	284
15362	586,591	5224,5015	601,346	5442,4077	298	223
15363	2854,3257	11246,10230	2444,1852	17528,12335	265	291
15364	6,8	5225,5014	5,1	5443,4077	269	223
15365	48,25	5228,5014	54,33	5443,4077	269	223
15366	9951,9108	5226,5015	15673,10934	5441,4077	269	223
15367	9928,8513	5227,5017	16105,11722	5444,4081	276	223
15368	10725,10643	9456,9541	11521,7205	8853,7195	298	240
15369	10714,10642	9476,9277	11520,7205	10652,7302	298	298
15370	10711,10642	11874,10364	11520,7205	15952,11156	298	288
15371	10717,10642	9476,9277	11520,7205	10652,7302	298	298
15372	14141,14182	11880,10365	13765,11131	15954,11156	298	288
15373	8960,7553	14256,11810	12433,9398	20615,15571	248	298
15374	8979,7554	6616,6341	12438,9398	8266,6275	248	247
15375	14420,13222	8967,8458	18200,13645	11026,8381	298	298
15376	14398,13202	4965,5338	18193,13639	5742,4418	298	225
15377	14402,13202	6634,6369	18195,13639	8272,6292	298	247
15378	14257,11817	4983,5356	20588,15570	5749,4424	298	225
15379	4403,4156	11799,10558	5259,3861	14816,11690	225	296
15380	9771,9833	6674,6371	11563,9037	8277,6288	296	247
15381	8081,7363	104,85	10143,8096	43,29	247	298
15382	338,285	636,597	240,167	448,317	172	197
15383	1114,1126	521,480	763,549	395,274	226	197
15384	2,0	521,480	1,0	395,274	226	197
15385	696,644	521,480	433,337	395,274	187	197
15386	825,637	355,314	628,440	262,179	179	172
15387	35,46	354,314	24,10	264,179	179	172
15388	771,715	354,314	561,415	264,179	203	172
15389	29,41	354,314	23,11	262,179	179	172
15390	486,349	354,314	513,321	262,179	203	172
15391	696,644	354,314	434,337	262,179	187	172
15392	486,349	29,41	513,321	23,11	203	179
15393	771,715	35,46	561,415	24,10	203	179
15394	770,711	337,310	560,414	262,194	203	179
15395	485,346	325,308	512,320	261,193	203	179
15396	1175,1193	321,303	819,598	257,192	298	179
15397	1112,1126	321,303	765,549	257,192	226	179
15398	663,748	321,303	490,343	257,192	187	179
15399	1128,1142	758,681	771,552	526,378	226	203
15400	671,757	758,681	495,344	526,378	187	203
15401	696,644	2,0	433,337	1,0	187	226
15402	696,644	904,701	433,337	691,497	187	226
15403	22,25	905,702	19,14	690,497	189	226
15404	696,644	237,190	433,337	200,152	187	187
15406	1343,1274	1008,846	989,658	821,588	179	187
15407	22,25	1003,838	19,16	811,585	189	187
15408	1,0	1003,839	1,0	811,585	179	187
15409	1,1	1003,839	0,2	811,585	202	187
15410	1,0	1003,839	1,0	811,585	185	187
15411	1,1	1109,898	0,2	875,644	202	298
15412	1,1	1,0	0,2	1,0	202	179
15413	26,31	569,539	28,16	484,304	189	179
15414	16,13	567,553	19,15	492,303	185	179
15416	19,14	756,606	19,16	563,401	185	189
15417	19,14	776,622	19,16	575,414	185	203
15418	5,20	1003,827	8,1	769,542	202	298
15420	5,20	1,0	8,1	0,0	202	185
15421	1,3	566,589	2,4	420,290	202	185
15422	1,1	1,9	0,1	4,2	202	185
15423	22,26	17,12	49,27	36,25	239	242
15424	39,33	24,16	82,53	62,50	242	276
15425	144,158	110,86	152,125	123,81	298	284
15426	94,87	122,112	114,84	159,107	245	298
15427	79,69	103,84	68,38	125,67	298	298
15428	30,16	104,84	21,9	121,68	212	298
15429	8,11	7,5	18,11	9,4	215	245
15430	3,2	18,8	3,0	5,3	284	298
15431	105,62	158,127	76,80	188,132	263	274
15432	139,114	183,177	112,74	224,176	260	263
15433	20,17	27,21	18,10	33,19	298	298
15434	53,53	38,32	71,64	53,41	230	184
15435	54,53	1,0	71,64	0,0	230	184
15436	1,3	2,1	6,0	1,1	227	184
15437	114,65	179,169	119,80	240,190	227	298
15438	26,27	178,170	86,52	240,190	213	298
15439	26,27	0,1	86,52	3,0	213	298
15440	5,0	186,145	1,4	276,201	184	298
15441	40,44	179,169	68,40	241,191	279	298
15451	45,46	19,5	65,29	19,16	298	232
15452	468,410	364,296	498,321	350,262	298	255
15453	292,306	396,342	308,191	396,298	298	254
15454	292,306	558,499	308,191	629,476	298	298
15456	15,40	799,835	12,9	723,479	285	253
15457	4,3	803,843	1,0	725,480	194	253
15458	908,864	1742,1533	949,639	2022,1411	266	288
15462	81,79	91,66	128,73	117,81	298	251
15463	1,0	91,68	1,0	115,81	298	251
15464	66,72	104,70	129,96	168,97	256	298
15465	19,27	105,70	39,34	167,97	233	298
15466	8,7	104,71	15,11	167,97	202	298
15473	10,5	2,2	1,6	2,1	298	241
15474	0,6	10,22	1,0	8,5	298	261
15475	20,16	508,393	20,5	847,643	255	250
15476	22,30	71,90	34,32	167,107	298	298
15477	22,30	43,57	34,32	101,63	298	298
15478	20,27	71,90	33,32	167,107	298	298
15479	20,27	43,57	33,32	101,63	298	298
15480	33,39	25,6	57,58	20,15	268	298
15481	33,39	21,7	57,58	16,13	268	298
15482	10,9	13,13	24,16	30,19	254	298
15483	11,9	217,222	12,24	316,199	285	237
15484	30,30	217,222	41,24	316,199	288	237
15485	55,27	69,34	90,67	100,79	289	298
15486	225,218	81,63	494,344	100,73	298	212
15487	176,116	302,256	262,181	381,332	225	258
15488	84,98	122,72	110,78	169,131	298	298
15489	76,60	44,40	89,66	61,47	287	196
15490	80,72	122,108	117,91	117,101	296	287
15491	21,19	32,30	33,19	76,48	251	264
15492	26,35	39,23	43,44	53,24	264	237
15493	142,85	67,32	126,122	65,50	240	225
15494	365,254	581,422	684,549	983,679	263	298
15495	462,358	362,335	805,520	591,402	296	277
15496	346,287	440,395	476,376	716,556	298	296
15497	346,287	0,1	476,376	0,1	298	190
15524	21,42	57,37	25,34	71,39	268	245
15525	8,7	36,37	7,3	46,59	231	284
15526	16,15	36,39	25,11	46,62	231	284
15527	17,14	38,38	25,14	46,60	231	284
15528	29,43	38,38	29,38	46,60	268	284
15529	5,3	47,56	7,0	58,78	298	231
15530	21,43	40,51	25,36	50,64	268	231
15531	2,1	21,31	0,1	29,47	211	231
15532	50,66	5,11	55,65	9,2	268	298
15533	25,23	17,18	33,32	17,17	298	218
15534	19,15	17,18	19,11	17,17	298	218
15535	19,12	27,41	22,18	42,24	218	257
15536	233,170	120,85	487,367	211,142	298	247
15537	149,114	1,0	286,231	0,0	247	298
15538	149,114	125,137	286,231	301,167	247	283
15539	181,113	64,59	273,181	149,86	298	217
15542	180,128	98,81	256,205	165,93	255	219
15543	164,136	147,99	208,181	202,166	219	245
15545	23,18	59,34	11,8	26,22	207	228
15546	13,5	23,12	21,3	19,14	232	298
15547	1027,835	255,217	1047,908	47,56	239	256
15548	43,36	292,218	18,22	497,341	298	298
15549	3,6	292,218	0,0	497,341	298	298
15554	5,1	51,62	2,3	42,30	227	298
15555	0,1	51,62	0,0	42,30	290	298
15556	15,9	51,62	12,5	42,30	263	298
15557	11,13	51,62	2,0	42,30	267	298
15558	3,2	12,21	0,0	16,11	227	298
15559	5,1	51,62	2,3	40,32	227	298
15560	0,1	51,62	0,0	40,32	290	298
15561	15,9	51,62	12,5	40,32	263	298
15562	11,13	51,62	2,0	40,32	267	298
15563	3,2	35,66	0,0	39,33	227	298
15564	5,1	74,107	2,3	63,54	227	298
15565	0,1	74,107	0,0	63,54	290	298
15566	15,9	74,107	12,5	63,54	263	298
15567	11,13	74,107	2,0	63,54	267	298
15568	3,1	25,45	0,0	23,24	227	298
15569	77,88	25,45	90,42	23,24	234	298
15570	39,54	25,45	51,25	23,24	229	298
15571	0,1	24,45	0,0	27,27	290	298
15572	15,9	24,45	12,5	27,27	263	298
15573	11,13	24,45	2,0	27,27	267	298
15574	3,1	40,35	0,0	39,14	227	298
15575	3,2	52,56	0,0	55,22	227	298
15576	5,1	91,97	2,3	79,43	227	298
15577	0,1	91,97	0,0	79,43	290	298
15578	15,9	91,97	12,5	79,43	263	298
15579	11,13	91,97	2,0	79,43	267	298
15580	3,1	42,35	0,0	39,13	227	298
15581	77,88	42,35	90,42	39,13	234	298
15582	39,54	42,35	51,25	39,13	229	298
15583	0,1	41,35	0,0	43,16	290	298
15584	15,9	41,35	12,5	43,16	263	298
15585	11,13	41,35	2,0	43,16	267	298
15586	3,2	17,33	0,0	16,16	227	295
15587	5,1	52,72	2,3	41,36	227	295
15588	0,1	52,72	0,0	41,36	290	295
15589	15,9	52,72	12,5	41,36	263	295
15590	11,13	52,72	2,0	41,36	267	295
15591	0,1	5,1	0,0	2,3	290	227
15592	15,9	5,1	12,5	2,3	263	227
15593	11,13	5,1	2,0	2,3	267	227
15594	77,88	3,1	90,42	0,0	234	227
15595	39,54	3,1	51,25	0,0	229	227
15596	15,9	0,1	12,5	0,0	263	290
15597	11,13	0,1	2,0	0,0	267	290
15598	30,39	15,17	20,8	25,12	221	234
15599	31,39	29,33	18,8	20,12	221	234
15600	6,10	4,2	0,4	1,0	236	298
15601	2,15	4,2	0,2	1,0	298	298
15602	2,15	4,2	0,2	1,0	298	298
15603	0,0	4,2	3,0	1,0	240	298
15604	10,5	4,2	6,2	1,0	298	298
15605	0,3	4,2	0,0	1,0	298	298
15606	0,0	6,10	3,0	0,4	240	236
15607	10,5	6,10	6,2	0,4	298	236
15608	0,3	6,10	0,0	0,4	298	236
15609	0,0	2,15	3,0	0,2	240	298
15610	10,5	2,15	6,2	0,2	298	298
15611	0,3	2,15	0,0	0,2	298	298
15612	0,0	2,15	3,0	0,2	240	298
15613	10,5	2,15	6,2	0,2	298	298
15614	0,3	2,15	0,0	0,2	298	298
15615	0,3	0,0	0,0	3,0	298	240
15616	0,3	10,5	0,0	6,2	298	298
15617	66,74	122,96	47,29	115,75	298	273
15618	57,56	134,127	29,18	102,94	295	292
15619	798,603	13,5	1908,1349	1,0	222	280
15623	9,7	3,8	7,5	5,2	298	298
15625	141,126	283,206	235,219	375,306	278	288
15626	1,4	3,4	3,2	4,2	246	298
15627	254,280	375,350	325,230	457,279	298	298
15628	136,175	375,350	192,128	457,280	260	298
15629	29,45	179,195	29,8	223,166	286	260
15630	278,216	298,234	373,261	422,274	294	298
15631	401,296	620,548	642,460	847,669	260	288
15632	588,491	628,550	923,674	856,677	298	298
15633	591,494	415,307	927,674	604,494	298	260
15634	12,7	416,308	8,3	602,494	298	260
15635	62,69	536,406	85,48	891,690	278	298
15636	68,75	767,608	90,49	1185,805	278	298
15637	0,0	3,0	3,7	0,0	202	298
15638	21,38	240,179	51,39	299,212	219	259
15639	2,2	72,67	0,0	145,69	171	219
15640	152,201	153,151	160,117	207,123	298	296
15641	152,201	10,6	160,117	14,7	298	248
15642	201,211	582,490	171,128	598,485	259	298
15643	201,211	4,2	171,128	3,1	259	226
15644	775,557	267,228	664,453	225,209	298	269
15645	562,484	85,74	576,478	64,56	269	207
15646	251,209	145,116	302,271	168,138	298	252
15647	25,17	42,37	33,26	71,52	285	201
15648	69,57	627,409	95,67	709,477	195	286
15649	83,74	113,70	105,71	168,140	254	206
15650	158,143	113,70	209,144	168,140	251	206
15653	92,62	4,1	52,43	4,2	258	288
15654	171,145	161,143	228,166	152,86	298	298
15655	147,175	176,161	159,90	169,99	298	298
15658	3,3	4,2	1,0	2,0	278	275
15659	153,151	309,291	329,198	519,390	298	298
15660	240,233	252,257	437,338	496,347	262	298
15663	3,4	1,0	2,5	0,1	298	289
15664	76,67	77,74	121,112	159,109	285	289
15665	61,67	69,61	190,141	148,132	298	285
15666	7,2	5,4	4,0	2,2	207	196
15667	7,2	2,1	4,0	2,1	207	298
15668	5,4	2,1	2,2	2,1	196	298
15669	23,25	3,5	36,25	3,6	231	241
15671	13,14	278,265	12,9	387,272	190	211
15672	31,27	232,172	41,23	288,194	211	249
15673	112,97	76,59	145,136	84,58	241	244
15674	0,0	3,2	2,2	3,1	248	239
15675	83,71	11,16	127,84	27,32	201	199
15676	83,71	3,3	127,84	1,2	201	217
15677	313,233	27,24	424,334	32,25	264	201
15678	8,9	27,24	18,17	32,25	232	201
15679	3,8	27,24	1,2	32,25	298	201
15680	332,270	8,14	482,333	18,16	298	232
15681	3,8	8,9	1,2	18,17	298	232
15682	313,233	8,9	424,334	18,17	264	232
15683	313,233	3,8	424,334	1,2	264	298
15684	66,67	274,221	75,45	393,273	298	264
15687	43,53	94,76	125,74	202,157	242	275
15688	72,102	96,103	146,93	185,129	298	298
15689	111,122	44,27	237,150	76,47	298	211
15693	87,82	4,1	37,15	0,0	275	267
15705	12,2	0,3	12,7	3,5	243	289
15706	19,13	28,18	32,30	22,13	234	212
15707	19,13	2,0	32,30	0,0	234	212
15711	0,3	9,14	0,0	14,10	192	243
15712	81,62	102,103	81,34	93,52	266	272
15713	209,163	19,8	153,110	6,10	298	182
15714	211,163	28,24	153,110	24,29	298	182
15715	294,294	2,0	256,184	3,0	298	222
15716	11,16	176,164	14,4	105,69	298	232
15717	131,118	176,164	117,79	105,69	298	232
15718	3,0	176,164	0,0	105,69	253	232
15719	166,130	214,197	108,78	221,126	232	298
15720	319,325	173,121	224,133	138,75	298	298
15722	0,2	41,43	0,0	43,41	183	265
15724	348,308	203,177	421,283	305,175	293	222
15725	344,307	28,18	417,279	10,6	293	222
15726	344,306	17,9	417,279	10,6	293	222
15727	344,306	376,393	417,279	455,316	293	298
15728	17,9	376,393	10,6	455,316	222	298
15729	204,166	568,415	226,135	728,482	222	298
15730	181,149	375,395	226,135	455,314	222	298
15731	18,28	519,447	9,8	609,433	298	284
15732	669,589	519,447	890,568	609,433	298	284
15744	20,22	64,61	27,20	102,66	213	277
15745	97,87	1,0	143,60	2,0	298	265
15746	97,87	111,131	143,60	159,118	298	298
15747	53,48	91,83	77,62	157,91	298	298
15748	48,55	37,24	87,68	70,46	298	210
15749	17,15	23,14	36,7	23,17	297	298
15750	124,100	3,0	109,89	1,0	298	298
15751	101,76	128,122	63,80	115,103	267	298
15752	82,72	118,95	119,89	95,74	298	267
15753	7,7	105,87	7,2	96,73	298	267
15754	16,10	146,94	1,2	85,99	298	298
15755	148,156	137,125	152,112	142,110	298	298
15756	61,67	208,162	56,30	184,120	207	298
15757	61,67	1,2	56,30	0,0	207	158
15762	0,0	149,120	2,0	213,173	222	252
15763	233,214	2,1	407,290	2,3	222	222
15764	3,6	2,8	1,1	11,1	243	250
15765	22,36	26,22	68,46	77,45	298	297
15766	13,11	7,18	35,34	40,12	237	248
15767	27,21	11,13	33,22	24,17	275	298
15768	10,14	16,23	2,3	5,5	298	298
15769	19,41	55,52	21,4	41,22	298	298
15770	53,38	67,62	45,40	36,15	296	262
15771	10,28	2,1	34,39	3,0	219	298
15772	139,147	119,160	117,80	90,46	298	298
15773	290,285	118,117	221,152	119,119	298	286
15774	233,210	366,376	183,142	337,263	263	298
15775	120,117	241,220	122,121	240,228	298	235
15776	120,117	237,216	122,121	236,225	298	232
15777	260,218	239,223	339,254	240,228	298	235
15778	139,153	347,290	120,79	408,281	235	298
15779	36,34	347,290	33,24	408,281	232	298
15780	391,362	128,79	360,324	174,80	298	298
15781	347,291	145,112	406,281	126,97	298	247
15782	159,105	139,114	182,156	150,104	298	298
15783	307,270	347,311	287,185	247,159	298	298
15784	268,240	173,147	237,169	182,128	298	246
15786	0,0	1,4	2,0	0,0	267	298
15789	99,56	4,2	95,56	4,0	278	188
15790	86,64	84,59	94,78	116,100	265	298
15791	0,0	430,421	0,2	384,294	219	298
15792	62,48	430,421	117,74	384,294	262	298
15796	194,146	94,84	313,234	135,111	298	248
15797	133,111	125,105	233,164	176,141	248	256
15798	271,232	214,198	450,340	308,207	298	283
15799	88,88	135,125	200,137	281,168	254	226
15800	249,197	254,260	313,215	364,266	192	212
15801	230,156	731,599	308,247	1117,807	212	264
15802	177,157	10,6	190,153	11,3	244	252
15803	12,15	307,260	17,26	282,241	242	244
15804	11,15	131,103	12,22	111,107	242	244
15805	41,41	7,5	57,59	0,3	242	298
15806	561,512	474,346	1112,821	984,728	224	227
15807	559,508	0,0	1108,820	2,0	224	227
15808	469,466	682,619	848,669	1454,1166	227	235
15809	10,7	3,1	15,4	8,1	212	245
15810	10,7	0,3	15,4	7,0	212	242
15811	115,107	64,54	104,76	69,42	298	298
15812	115,107	152,144	104,76	184,90	298	298
15813	268,276	235,281	257,171	271,170	298	288
15814	271,283	11,7	263,171	14,1	298	288
15815	272,268	339,290	372,325	674,472	293	282
15816	313,291	6,17	595,405	3,5	282	284
15817	332,302	134,152	602,407	109,71	282	284
15818	488,456	6,4	816,578	3,0	284	246
15819	355,297	231,202	698,494	404,291	284	268
15820	118,144	322,239	99,79	588,462	268	279
15821	212,181	376,297	347,240	695,548	279	298
15822	134,127	399,280	218,196	672,531	298	298
15823	1271,1110	1102,1097	1804,1136	1596,1308	296	263
15824	1276,1114	620,634	1809,1139	781,628	296	188
15825	1041,875	758,727	1226,863	1063,652	247	246
15827	127,163	56,32	210,155	86,50	298	221
15828	148,133	107,67	205,157	156,117	264	247
15829	131,110	437,334	170,105	568,394	298	276
15832	351,290	112,99	398,310	210,165	264	227
15833	254,284	82,62	331,246	111,97	227	211
15844	528,435	688,580	749,550	1130,803	298	298
15846	309,251	4,4	489,465	5,7	298	256
15847	7,5	2,4	7,6	4,3	298	215
15848	1,2	6,3	2,3	3,7	223	296
15856	61,69	190,145	94,66	138,108	242	284
15857	84,118	94,81	115,68	103,67	293	242
15858	2,4	94,81	1,4	103,67	298	242
15859	501,466	741,581	517,371	586,474	298	269
15860	335,320	687,566	290,200	629,420	269	273
15861	466,297	654,455	476,353	655,488	230	260
15862	467,334	348,258	441,309	324,265	260	212
15863	319,190	527,347	295,222	492,355	212	248
15864	582,435	241,199	575,438	287,243	248	218
15865	401,288	423,358	343,279	450,325	218	298
15866	629,447	285,226	674,507	251,226	298	226
15867	24,20	16,19	14,17	16,13	242	248
15868	23,17	13,4	14,13	15,8	242	276
15869	120,114	57,48	51,37	28,14	298	203
15870	120,111	240,235	51,37	246,187	298	209
15871	120,111	369,363	51,37	306,214	298	298
15872	242,230	426,393	140,89	481,351	298	298
15873	242,230	386,376	140,89	307,221	298	298
15874	15,11	57,48	12,4	28,14	298	203
15875	15,12	369,363	13,4	306,214	298	298
15876	116,111	426,392	66,37	482,351	203	298
15877	116,111	236,235	66,37	244,187	203	209
15878	10,14	234,232	2,8	244,187	203	209
15879	36,20	386,376	50,52	307,221	298	298
15880	46,21	744,578	51,52	585,475	298	269
15881	1,2	371,360	1,2	306,214	298	298
15882	0,2	365,361	2,0	310,214	298	298
15883	1,2	386,376	1,0	307,221	209	298
15884	4,1	744,578	0,0	585,475	209	269
15885	37,23	365,361	14,9	310,214	209	298
15886	456,396	712,531	891,685	1124,868	293	269
15887	47,25	711,530	47,26	1124,868	293	269
15888	186,193	808,695	330,207	1155,917	240	293
15889	1,1	775,661	3,1	1105,866	206	293
15890	113,107	312,264	166,126	655,512	225	240
15892	11,15	3,5	17,7	1,2	204	230
15893	532,517	912,656	1132,711	1664,1182	212	228
15894	13,9	41,22	21,6	49,28	237	289
15895	571,458	473,366	1170,947	886,644	295	223
15896	418,355	755,689	839,633	1253,984	233	295
15897	16,15	270,241	21,21	549,443	292	233
15898	230,229	694,546	364,216	1423,1092	298	292
15899	704,648	940,777	853,603	1028,892	204	260
15900	1126,1022	621,549	1274,1040	647,545	260	260
15901	958,857	507,494	1089,897	570,479	260	205
15902	75,74	424,402	73,45	441,298	205	219
15903	528,487	364,463	511,403	146,101	219	298
15904	1169,1141	241,345	1255,1024	148,87	298	239
15905	208,223	979,1172	85,43	690,530	239	298
15906	409,589	239,307	209,148	196,147	298	221
15908	0,1	0,2	0,2	0,0	248	269
15910	20,14	19,16	27,10	18,14	298	296
15911	29,17	22,25	1,1	2,2	285	298
15912	68,55	29,27	124,101	26,22	298	298
15913	71,57	117,113	103,91	168,104	214	298
15914	139,107	82,74	321,182	136,78	298	279
15916	10,5	36,23	5,3	26,20	249	248
15917	288,234	315,261	367,293	519,353	278	239
15918	55,23	39,32	69,39	33,35	298	247
15919	45,34	52,34	49,32	45,32	245	290
15920	45,38	15,9	65,42	14,19	239	206
15922	27,48	59,49	3,17	47,24	286	285
15923	4,3	59,49	0,0	47,24	295	285
15924	15,27	59,49	1,10	47,24	298	285
15925	15,23	59,49	2,8	47,24	298	285
15929	2,0	2,0	0,0	0,3	298	298
15930	5,0	13,21	0,0	2,8	298	298
15931	2,0	10,4	0,0	5,8	298	298
15933	4,2	6,24	0,0	5,3	298	248
15934	4,2	6,24	0,0	5,3	298	251
15935	4,2	6,25	0,0	5,3	298	261
15936	4,2	6,25	0,0	5,3	298	298
15937	1,4	0,1	0,1	0,0	298	203
15938	6,5	0,1	2,1	0,0	298	203
15939	2,0	0,1	0,1	0,0	298	203
15942	8,1	0,1	2,0	0,0	298	203
15944	1,4	0,1	0,1	0,0	298	298
15945	6,5	0,1	2,1	0,0	298	298
15949	9,8	304,255	17,4	512,288	191	298
15950	25,13	29,15	13,28	25,35	238	276
15951	536,477	388,265	685,453	453,398	294	298
15970	186,171	168,141	325,187	321,233	257	221
15971	195,163	65,56	266,231	119,81	236	199
15972	340,360	160,88	607,412	284,187	298	236
15973	186,168	315,314	264,206	621,389	277	298
15974	103,92	262,249	117,100	376,281	231	277
15975	1,6	182,164	2,2	323,216	245	271
15976	138,122	165,122	181,142	235,183	286	241
15977	138,122	171,135	181,142	244,191	286	245
15978	352,261	1,5	453,339	0,2	286	245
15979	598,554	107,122	978,779	143,83	280	224
15980	556,544	138,150	1165,934	197,107	259	224
15981	16,17	138,150	43,14	197,107	224	224
15982	34,27	27,17	35,33	22,20	279	212
15983	8,8	0,0	12,4	4,2	298	198
15984	7,5	0,0	11,2	4,2	298	198
15987	0,0	8,0	1,0	0,2	214	298
15988	2,0	1,3	3,2	5,2	248	214
15989	283,238	166,137	376,281	176,137	298	263
15990	301,306	164,136	390,229	175,137	298	263
15991	301,306	5,5	390,229	6,2	298	298
15992	302,308	226,216	391,229	218,184	298	298
15993	240,190	212,137	267,192	233,155	298	267
15994	233,192	118,76	201,153	129,92	286	233
15995	128,90	3,7	142,74	0,1	255	286
15996	126,90	209,182	144,74	183,147	255	286
15998	28,45	73,67	40,27	101,86	206	231
15999	474,409	6,7	607,426	8,8	298	298
16000	474,409	22,7	607,426	18,7	298	298
16001	474,409	16,8	607,426	17,7	298	194
16002	474,409	184,142	607,426	277,184	298	191
16003	141,123	118,99	233,112	167,137	298	194
16004	6,7	16,8	8,8	17,7	298	194
16005	6,7	184,142	8,8	277,184	298	191
16006	525,415	228,194	529,438	295,230	298	188
16007	525,415	1,0	529,438	0,0	298	188
16008	22,7	184,142	18,7	277,184	298	191
16009	526,415	228,194	529,438	295,230	298	188
16010	525,415	228,194	528,438	295,230	298	188
16011	16,8	184,142	17,7	277,184	194	191
16012	649,551	4,2	886,646	3,2	194	298
16013	184,153	324,263	179,129	510,296	194	191
16014	156,132	44,44	145,112	60,42	194	191
16015	156,132	231,201	145,112	302,238	194	188
16016	158,133	1,0	142,112	1,0	194	185
16017	44,44	231,201	60,42	302,238	191	188
16018	215,166	260,216	275,212	333,248	191	188
16019	1,0	216,171	2,4	288,212	188	185
16020	6,7	217,171	5,4	290,212	188	185
16021	182,176	216,171	293,169	287,214	188	185
16022	182,177	1,0	293,169	1,0	188	185
16023	138,147	99,130	218,139	135,111	185	213
16024	9,15	9,16	9,9	13,9	236	240
16025	58,40	22,34	45,27	15,14	213	239
16029	69,55	37,39	57,37	46,25	298	298
16030	0,1	3,1	1,0	0,2	298	298
16031	12,12	3,1	13,6	0,2	298	298
16034	1,3	0,0	2,2	1,0	298	298
16035	34,27	0,0	38,37	1,0	247	298
16036	6,4	0,0	6,4	1,0	271	298
16037	12,12	0,1	13,6	1,0	298	298
16038	34,27	1,3	38,37	2,2	247	298
16039	6,4	1,3	6,4	2,2	271	298
16040	7,11	0,4	6,10	0,2	298	224
16041	13,14	0,0	16,9	1,2	298	298
16042	33,29	7,6	38,38	15,11	247	298
16043	37,28	7,6	39,41	15,11	247	298
16044	33,27	7,6	38,36	15,11	247	298
16045	40,37	8,8	47,41	18,14	247	298
16046	9,12	8,8	14,8	18,14	271	298
16047	34,26	2,1	51,25	2,3	203	247
16048	34,25	5,7	51,25	10,3	203	247
16049	0,5	41,29	2,1	41,39	298	247
16050	31,25	5,0	50,22	3,1	203	247
16051	31,25	1,0	50,22	6,4	203	247
16052	0,5	4,0	2,1	1,2	298	267
16053	0,5	10,4	2,1	7,6	298	271
16054	31,25	4,0	50,22	1,2	203	271
16055	31,25	0,0	50,22	4,4	203	271
16060	15,12	88,69	12,7	108,72	253	203
16062	1,2	2,2	4,3	0,0	174	288
16063	8,12	2,2	18,12	0,0	231	288
16064	31,32	2,2	52,24	0,0	253	288
16068	1,4	2,2	4,1	0,0	285	288
16070	1,2	2,4	4,3	0,0	174	291
16071	8,12	2,4	18,12	0,0	231	291
16072	31,32	2,4	52,24	0,0	253	291
16076	1,4	2,4	4,1	0,0	285	291
16084	31,32	2,0	52,24	0,0	253	298
16087	0,1	2,0	2,1	0,0	235	298
16089	2,0	1,2	0,0	4,3	203	174
16090	3,0	1,2	0,0	4,3	223	174
16091	1,4	1,2	4,1	4,3	285	174
16093	2,0	8,12	0,0	18,12	203	231
16094	3,0	8,12	0,0	18,12	223	231
16095	1,4	8,12	4,1	18,12	285	231
16096	2,0	31,32	0,0	52,24	203	253
16097	3,0	31,32	0,0	52,24	223	253
16098	0,1	31,32	2,1	52,24	235	253
16100	1,4	31,32	4,1	52,24	285	253
16102	1,2	1,0	3,1	0,0	285	249
16103	0,1	2,0	2,1	0,0	235	203
16104	1,4	2,0	4,1	0,0	285	203
16106	1,2	0,0	3,1	0,2	285	219
16107	0,1	0,0	2,1	0,2	235	219
16108	0,1	3,0	2,1	0,0	235	223
16109	1,4	3,0	4,1	0,0	285	223
16110	1,2	1,0	3,1	0,0	285	223
16111	0,1	1,0	2,1	0,0	235	223
16112	46,37	0,1	29,20	0,0	298	236
16113	21,13	0,1	10,5	0,0	250	236
16114	0,0	0,1	0,1	2,0	221	236
16115	0,0	0,1	0,1	0,0	221	236
16116	8,4	0,1	8,5	0,0	223	236
16117	1,0	0,1	3,0	0,0	219	236
16118	28,25	0,1	15,8	0,0	298	236
16120	8,4	0,0	8,5	0,1	223	221
16121	46,37	0,0	29,20	0,1	298	221
16122	1,0	0,0	3,0	0,1	219	221
16123	28,25	0,0	15,8	0,1	298	221
16124	21,13	0,0	10,5	0,1	250	221
16126	21,13	8,4	10,5	8,5	250	223
16129	21,13	1,0	10,5	3,0	250	219
16134	1178,860	1411,1174	2208,1610	1729,1409	298	270
16135	1515,1237	1414,1174	2365,1540	1728,1409	298	270
16136	1592,1329	1865,1342	2416,1820	2990,2302	249	298
16137	1519,1243	1869,1345	2364,1538	2995,2303	298	298
16138	167,163	110,96	176,130	132,106	295	224
16139	292,210	163,130	445,299	165,102	298	217
16140	119,129	132,141	149,115	127,84	217	263
16141	294,246	10,17	298,251	8,7	263	298
16142	102,94	189,195	89,61	212,175	238	272
16143	72,106	338,243	118,78	539,400	258	298
16144	3,4	338,243	5,1	539,400	298	298
16145	27,22	33,43	66,33	39,21	266	269
16146	1,1	171,145	3,1	268,190	221	212
16147	227,200	162,138	327,255	216,219	263	224
16149	32,14	2,7	4,5	0,4	298	240
16150	179,214	506,478	221,182	965,629	298	282
16151	179,217	2,2	219,182	0,0	298	282
16152	565,509	1,1	745,687	2,0	282	259
16153	565,509	267,301	745,687	420,241	282	280
16154	56,66	43,28	93,77	86,62	294	257
16155	10,33	78,102	13,13	178,115	246	298
16157	38,18	5,5	36,24	1,2	287	279
16158	36,18	320,278	34,23	446,312	287	279
16159	0,2	6,1	1,0	2,1	192	203
16160	56,29	52,48	75,46	70,44	265	253
16161	50,27	39,31	81,43	49,38	298	265
16163	1,0	3,6	2,0	9,7	194	224
16164	1,0	11,6	0,0	2,1	223	265
16166	132,106	102,82	296,189	199,196	298	298
16167	103,81	231,139	151,119	524,420	298	298
16169	80,71	68,49	131,100	93,86	295	298
16170	43,42	122,90	42,37	157,105	223	295
16171	75,61	55,39	124,91	79,68	298	232
16172	13,10	77,75	25,17	86,58	201	250
16173	9,4	68,47	1,8	95,71	254	298
16174	40,43	68,47	60,39	95,71	257	298
16175	51,45	61,74	60,46	82,67	217	263
16176	22,27	56,43	36,26	78,46	242	298
16177	76,80	29,32	85,52	42,35	298	254
16178	79,81	29,32	88,56	42,35	298	254
16179	13,18	55,80	12,10	83,55	254	298
16180	30,52	58,81	54,23	86,59	254	298
16181	65,62	72,87	73,44	84,67	260	298
16182	90,76	48,48	123,57	65,36	298	235
16183	88,76	97,89	125,59	94,76	298	279
16184	44,33	58,69	52,31	78,47	235	289
16185	4,1	1,2	2,0	0,0	213	184
16187	245,173	186,151	295,231	308,264	282	257
16197	1001,881	595,468	1773,1228	1013,710	298	229
16198	1113,1004	691,533	1817,1302	637,514	264	298
16199	16,26	330,339	21,12	445,329	298	298
16200	41,62	255,252	20,15	263,216	298	255
16201	19,52	255,251	30,16	265,216	298	255
16202	9,2	0,1	10,6	0,0	239	280
16203	2,3	4,1	2,5	9,1	229	239
16204	2,4	0,2	2,5	2,1	229	239
16205	162,169	148,168	142,107	166,151	296	251
16206	87,61	104,86	83,60	89,53	203	207
16207	82,57	126,79	79,58	101,81	203	216
16208	17,10	221,156	4,2	204,183	207	298
16209	66,54	148,102	60,47	105,86	207	220
16210	81,58	221,156	55,47	206,182	207	298
16211	166,120	226,161	131,95	210,183	220	298
16212	162,113	242,195	130,94	338,202	220	298
16213	275,205	223,192	205,150	339,202	298	298
16214	2,1	1,4	4,0	1,1	283	298
16215	138,90	108,53	305,214	159,144	298	255
16216	85,75	68,41	178,161	165,102	257	241
16217	361,288	295,202	704,460	635,349	298	243
16218	238,184	298,204	460,331	634,343	252	243
16219	328,222	180,183	528,437	285,215	243	258
16220	172,168	395,253	318,176	592,461	252	281
16221	202,185	1,0	324,201	0,1	263	298
16222	3,1	0,3	1,0	2,1	212	220
16223	36,28	0,3	16,15	2,1	216	220
16224	54,49	60,49	55,31	65,48	248	298
16225	30,29	53,48	26,25	61,42	225	251
16226	36,26	0,0	40,35	0,1	227	176
16227	20,24	33,36	23,8	33,28	218	227
16229	8,3	4,8	5,4	13,3	215	220
16230	159,103	25,16	198,120	44,17	298	298
16231	93,114	99,92	135,104	167,88	298	298
16232	99,80	161,103	128,74	198,121	276	298
16233	94,58	89,111	114,93	128,95	298	276
16234	103,69	107,91	107,70	142,87	298	298
16235	11,11	90,66	25,11	78,59	220	298
16236	0,2	101,82	3,5	96,69	220	298
16237	4,3	100,74	7,5	94,75	220	298
16238	25,27	100,74	29,28	94,75	298	298
16239	25,27	4,3	29,28	7,5	298	220
16240	21,11	16,34	22,6	47,28	292	220
16241	36,44	24,28	47,38	57,38	298	220
16242	27,40	31,30	35,37	53,24	298	292
16243	0,4	0,1	2,4	3,2	298	298
16244	0,4	22,12	0,4	5,3	298	263
16245	10,11	20,12	4,10	7,5	298	263
16246	1,1	5,0	0,3	0,3	298	277
16247	39,37	8,13	52,39	17,8	245	298
16248	39,37	15,10	52,39	21,12	245	298
16249	17,15	0,1	21,30	2,1	298	169
16250	42,74	250,244	39,14	327,235	298	272
16251	167,182	97,131	199,178	74,47	272	226
16252	3,4	219,218	0,2	210,140	226	258
16253	124,111	219,220	169,132	214,140	226	258
16254	576,547	64,69	584,452	19,21	298	298
16255	155,126	229,184	127,111	252,130	227	266
16256	8,2	0,2	3,7	0,0	214	298
16257	0,2	7,0	3,0	9,5	298	268
16259	105,91	0,8	104,61	1,0	298	298
16261	374,412	361,313	192,145	499,239	298	229
16262	458,407	1007,990	461,256	1269,786	240	291
16263	46,30	44,50	47,39	61,52	298	284
16264	4,12	36,36	14,10	49,33	298	298
16265	21,7	39,24	32,27	55,26	247	283
16266	3,2	2,3	8,3	3,3	263	298
16267	96,89	126,83	195,109	161,100	233	221
16268	61,57	40,39	75,50	73,41	298	271
16270	17,27	13,35	5,5	6,8	187	285
16271	22,25	72,33	3,9	17,13	233	298
16273	15,21	18,9	20,14	20,19	298	252
16274	14,18	3,9	10,17	22,18	224	298
16275	5,0	11,13	7,5	11,3	200	224
16276	7,10	2,2	9,5	5,2	233	217
16277	5,11	15,9	17,15	10,9	247	233
16278	21,27	0,0	31,23	0,2	247	249
16279	1,1	4,2	1,1	3,6	265	235
16280	0,0	8,9	3,3	3,0	188	244
16281	8,16	0,2	11,8	2,3	292	288
16282	8,11	11,6	18,16	27,8	289	292
16283	3,11	7,11	7,10	10,4	298	289
16284	4,10	7,11	3,5	10,4	298	289
16285	0,0	3,10	1,0	3,5	271	298
16286	0,0	11,21	1,0	20,22	271	298
16287	572,494	2464,2075	678,544	3297,2372	216	298
16288	8,5	2463,2075	2,0	3297,2372	216	298
16289	1864,1681	1012,901	2417,1855	1264,855	298	216
16290	1025,865	2097,1805	1217,946	2473,1912	213	298
16291	37,26	2,6	16,16	1,2	256	213
16292	1554,1397	755,646	1962,1499	1107,868	256	213
16293	20,19	754,650	16,14	1109,870	256	213
16294	397,405	1641,1454	533,455	1881,1422	188	256
16296	332,338	463,432	453,334	576,462	252	188
16297	6,4	412,381	0,10	583,461	298	198
16298	0,3	426,399	0,5	615,487	218	198
16299	3,0	436,394	0,0	595,470	218	198
16300	3,24	436,394	14,9	595,470	260	198
16301	2,0	439,396	5,7	613,482	295	198
16302	0,5	18,22	0,5	17,16	218	298
16303	2,1	16,24	0,0	17,18	218	298
16304	19,44	16,24	42,35	17,18	260	298
16305	3,24	3,0	14,9	0,0	260	218
16306	19,44	2,1	42,35	0,0	260	218
16307	5,23	6,3	13,9	0,7	260	218
16308	18,32	4,0	18,8	4,2	298	266
16309	26,23	28,13	21,15	19,17	218	274
16310	13,6	16,18	18,11	35,22	276	218
16311	105,90	21,19	173,139	52,31	262	215
16312	43,42	36,38	63,36	54,54	215	234
16313	48,37	43,39	69,24	61,57	234	240
16314	44,30	120,85	84,66	205,146	240	287
16315	1,0	167,125	0,0	205,128	285	298
16316	55,46	84,73	76,68	76,65	238	220
16317	11,8	5,4	1,4	4,1	227	243
16318	39,29	44,33	57,31	64,50	226	238
16319	84,57	81,77	96,69	142,121	251	267
16320	109,99	92,81	125,131	149,97	284	251
16321	60,65	104,69	60,67	128,76	226	284
16322	183,106	7,5	200,143	2,2	249	251
16323	241,169	578,529	356,244	738,474	196	286
16324	684,569	816,626	1049,755	1328,912	291	298
16325	1223,911	433,389	1567,1060	526,337	298	261
16326	87,93	83,58	141,85	112,90	298	298
16327	1,0	107,99	0,0	204,143	298	260
16328	67,56	84,46	128,90	144,85	244	251
16329	67,56	44,22	128,90	76,46	244	207
16330	5,5	84,46	5,6	144,85	240	251
16331	5,5	44,22	5,6	76,46	240	207
16332	253,189	15,9	291,250	17,10	228	279
16333	257,195	409,295	291,250	552,353	228	279
16334	443,403	149,131	760,515	221,163	295	228
16335	397,289	499,365	548,441	828,487	288	290
16336	5,6	499,365	2,6	828,487	298	290
16337	1,4	462,360	4,0	679,478	288	288
16338	406,328	462,360	469,390	679,478	298	288
16339	0,1	12,16	0,1	19,13	243	286
16340	0,1	3,5	0,1	13,6	243	267
16341	0,1	1,5	0,1	2,0	243	289
16342	12,16	1,5	19,13	2,0	286	289
16343	3,5	1,5	13,6	2,0	267	289
16344	486,407	509,426	735,577	803,617	298	298
16345	224,176	100,124	317,213	193,133	253	275
16346	314,275	88,106	244,218	100,48	265	212
16347	230,206	125,113	276,172	164,98	256	212
16348	235,209	88,67	278,172	109,60	256	236
16349	102,81	110,101	146,82	149,135	201	258
16350	206,254	62,55	258,188	89,59	292	201
16354	59,42	42,23	121,88	69,33	258	216
16355	30,29	66,41	47,32	66,46	216	234
16356	23,31	9,10	14,12	0,4	219	271
16357	3,8	14,16	3,4	18,24	263	237
16358	41,34	40,27	109,59	90,52	298	275
16359	0,2	185,148	0,0	275,129	234	280
16360	436,417	14,7	562,324	3,1	298	298
16361	436,417	4,2	562,324	0,1	298	217
16362	68,96	212,221	117,75	269,141	234	298
16363	16,8	10,7	15,3	13,11	248	288
16364	11,5	8,18	20,9	21,27	288	290
16365	42,44	94,90	51,41	148,126	201	211
16366	200,165	231,177	185,133	365,271	298	298
16367	240,208	211,161	339,258	282,247	256	289
16368	55,61	53,66	83,39	110,75	298	298
16369	4,1	1,0	19,8	4,0	203	215
16370	150,112	68,40	157,117	73,45	298	198
16372	3,0	47,39	5,0	40,29	197	254
16375	79,73	60,46	86,54	87,63	298	243
16376	55,26	83,66	69,38	101,58	245	298
16377	27,27	93,72	36,23	117,88	261	298
16378	29,9	95,71	37,15	117,88	261	298
16379	2,0	96,72	1,3	116,88	261	298
16380	29,23	96,72	37,22	116,88	222	298
16381	29,23	2,0	37,22	1,3	222	261
16382	6,13	87,81	12,1	126,76	221	261
16383	31,21	50,67	38,22	77,60	222	261
16384	6,7	50,70	9,7	77,59	222	261
16385	32,26	50,70	41,31	77,59	254	261
16386	0,0	50,70	1,0	77,59	221	261
16387	29,25	17,26	41,32	31,17	254	221
16388	0,2	15,27	0,0	31,17	235	221
16389	20,11	15,27	25,10	31,17	222	221
16390	32,26	6,7	41,31	9,7	254	222
16391	55,43	33,19	82,52	45,18	235	254
16392	301,228	277,204	82,38	74,46	266	273
16393	413,277	296,274	128,66	51,33	296	254
16396	57,40	72,56	40,39	69,39	298	298
16397	0,0	47,26	1,0	77,44	248	248
16398	87,38	46,29	110,89	81,46	264	248
16399	0,3	66,56	5,1	111,70	248	298
16400	7,3	68,57	4,8	109,69	248	298
16408	3463,2998	1139,1820	4963,4232	847,471	248	273
16409	3294,3297	1137,1813	3427,2967	845,472	257	273
16410	12,10	1137,1813	8,8	845,472	249	273
16411	9,14	2334,2459	9,8	2384,1664	249	248
16412	3293,3303	2334,2459	3429,2967	2384,1664	257	248
16413	233,174	287,260	322,268	476,329	249	298
16414	343,272	159,154	503,372	223,182	298	212
16415	337,271	18,12	501,372	25,16	298	218
16416	94,82	22,13	157,103	27,16	212	218
16417	29,24	29,22	48,41	50,30	219	273
16418	2,1	7,16	2,0	16,13	273	280
16419	83,74	103,82	123,70	196,146	272	280
16420	83,74	14,18	123,70	12,5	272	277
16421	103,82	14,18	196,146	12,5	280	277
16422	66,78	59,61	122,85	100,77	280	226
16423	133,135	14,18	249,186	12,6	280	277
16424	23,19	170,219	28,8	218,103	233	298
16425	3,8	170,219	3,6	218,103	236	298
16426	0,7	172,220	1,0	218,103	233	298
16428	12,25	1,6	3,0	5,4	216	187
16429	992,799	801,687	1474,1008	1056,701	298	298
16430	214,157	252,225	345,241	305,212	275	263
16431	228,227	269,181	202,157	398,278	298	298
16432	183,148	236,166	202,136	296,257	239	263
16433	86,82	229,177	103,72	247,190	252	239
16434	98,108	202,177	95,71	235,136	297	252
16436	3,1	6,0	4,10	6,5	298	298
16437	211,156	247,252	186,120	255,170	264	298
16438	486,422	425,385	806,641	532,390	288	298
16439	180,139	452,385	243,163	604,439	253	288
16445	114,110	60,26	176,96	51,47	272	206
16446	119,86	0,1	140,84	3,0	221	272
16447	99,57	220,176	204,155	313,259	236	297
16448	138,90	119,74	313,177	268,189	298	258
16449	39,33	7,0	92,66	0,0	187	298
16450	37,31	217,132	92,66	349,196	187	298
16451	171,140	300,246	151,87	145,148	293	298
16452	67,103	179,172	57,44	122,82	235	293
16453	3,4	179,172	6,2	122,82	250	293
16454	38,26	179,171	14,20	114,82	269	293
16455	27,42	179,171	27,22	114,82	298	293
16456	5,5	84,71	15,9	81,40	269	235
16457	36,27	82,74	21,20	82,41	269	235
16458	170,108	172,137	225,151	198,129	238	228
16459	99,87	183,196	177,105	323,229	214	264
16460	251,208	242,204	369,268	292,186	264	266
16461	277,217	224,133	443,339	301,240	242	236
16462	1241,1002	23,19	1416,1074	33,15	267	298
16463	409,422	27,28	523,363	24,13	251	298
16464	1450,1190	800,670	1679,1250	915,669	267	203
16465	413,424	765,645	537,365	907,639	251	203
16466	5,8	2825,2294	1,0	3394,2423	219	267
16467	167,177	323,272	181,136	423,334	298	232
16468	17,6	323,272	0,0	423,334	298	232
16469	19,13	322,272	8,10	423,335	298	232
16470	20,9	5,7	4,0	1,1	252	298
16471	256,214	988,713	465,355	1726,1212	257	290
16472	758,594	725,569	1138,885	1295,962	298	298
16473	26,17	631,575	34,18	889,700	298	298
16474	136,184	156,138	64,44	152,93	298	243
16475	205,202	164,141	123,142	157,93	298	243
16476	204,202	8,3	123,142	1,1	298	247
16477	191,150	156,149	133,92	122,88	243	247
16478	178,149	182,128	195,105	87,61	247	247
16479	178,149	137,106	195,105	73,57	247	243
16480	0,1	2,0	2,1	1,1	298	215
16489	0,0	0,1	0,2	1,0	231	268
16490	0,1	0,0	2,1	0,2	298	231
16491	128,123	169,175	158,108	209,176	298	298
16492	148,154	16,24	185,154	10,7	268	298
16493	74,61	17,24	76,53	10,7	283	298
16494	143,85	138,98	151,90	225,137	212	277
16495	188,179	107,82	218,189	65,49	263	221
16496	105,99	415,281	91,88	401,324	247	298
16497	121,89	142,118	124,101	178,149	298	258
16498	120,90	46,55	124,101	92,73	298	225
16499	120,90	7,8	124,101	3,8	298	258
16500	120,90	0,0	124,101	1,1	298	168
16501	1,4	137,117	7,0	174,143	298	258
16502	38,19	45,56	35,32	92,73	168	225
16503	7,8	46,55	3,8	92,73	258	225
16504	137,102	45,56	168,127	92,73	258	225
16505	131,98	104,87	175,126	124,69	258	210
16506	129,97	5,3	167,124	4,1	258	272
16507	98,75	225,160	148,104	356,245	225	272
16508	218,184	98,100	293,198	162,108	288	298
16509	212,195	71,54	314,197	77,48	288	298
16510	40,23	71,54	33,11	77,48	298	298
16511	66,57	65,90	55,35	59,52	283	298
16512	160,117	20,22	149,86	55,33	298	219
16513	152,131	101,90	202,156	171,140	283	298
16514	115,111	111,64	185,125	142,115	298	244
16515	106,99	139,106	228,146	241,157	284	298
16516	169,194	247,226	87,44	286,185	260	267
16517	10,4	175,193	4,4	109,56	247	283
16518	10,4	13,27	4,4	10,4	247	298
16519	36,24	174,193	50,12	109,57	247	283
16520	15,22	9,18	18,14	6,13	298	296
16521	338,304	9,18	279,173	6,13	283	296
16522	336,308	8,6	281,175	3,8	298	296
16523	75,58	83,80	73,52	123,75	254	298
16525	48,76	46,61	61,41	54,43	298	287
16526	10,19	22,20	33,16	25,18	298	246
16527	28,23	24,5	35,27	23,13	298	298
16528	6,7	17,14	11,7	29,29	214	298
16532	5,0	1,0	3,0	3,1	298	221
16533	1257,1221	805,861	1185,764	695,558	298	264
16534	84,59	48,23	20,16	13,14	298	298
16535	153,152	104,81	211,141	120,108	298	232
16536	71,48	16,11	80,85	9,6	208	298
16537	233,176	201,257	285,178	249,159	298	298
16538	294,251	123,124	215,155	135,82	298	298
16539	139,128	231,212	113,80	288,191	298	298
16540	41,22	28,25	44,34	38,36	269	298
16541	5,0	94,69	0,5	129,102	248	298
16542	115,113	186,134	178,138	224,202	255	238
16543	11,10	254,185	14,8	411,307	229	298
16544	27,19	76,54	36,25	140,94	298	224
16545	59,51	71,52	119,91	134,96	298	224
16546	6,6	26,38	16,15	34,14	298	298
16547	6,6	23,21	16,15	34,16	298	207
16548	6,6	2,5	16,15	8,8	298	298
16549	26,38	2,5	34,14	8,8	298	298
16550	23,21	2,5	34,16	8,8	207	298
16551	141,132	144,101	222,133	220,168	272	216
16552	145,131	24,13	218,131	19,15	272	216
16553	108,115	265,189	191,133	316,220	216	297
16554	270,190	218,201	442,292	330,245	297	298
16555	266,187	68,52	310,219	80,74	298	229
16556	248,199	195,158	330,262	300,201	298	250
16558	155,127	107,111	274,158	152,100	250	294
16559	4,7	115,94	9,1	86,60	279	224
16560	251,183	123,97	213,178	149,108	269	215
16561	6,13	394,217	14,6	357,235	225	269
16562	45,23	395,221	31,27	357,236	225	269
16565	7,3	6,17	5,0	14,8	216	182
16566	17,17	58,37	22,15	60,41	298	298
16567	1,2	58,37	2,3	60,41	298	298
16570	15,21	32,24	18,8	46,29	298	298
16571	33,19	50,35	40,26	39,34	285	295
16572	15,21	17,21	17,13	40,21	243	285
16573	29,27	75,59	23,35	85,47	245	298
16575	14,19	26,17	32,22	36,17	224	221
16577	29,24	32,30	28,22	58,29	229	220
16578	39,28	24,19	31,16	19,13	220	190
16579	55,51	67,57	78,39	103,50	298	298
16580	15,9	186,192	9,5	304,216	221	257
16581	5,4	89,56	10,3	135,116	268	221
16582	22,11	248,156	30,27	396,298	268	221
16583	72,95	89,53	145,85	130,115	241	221
16584	4,10	89,53	8,6	130,115	237	221
16585	2,6	50,23	8,3	46,48	185	268
16586	0,1	92,116	0,0	221,89	269	298
16587	11,15	47,34	18,4	97,49	211	223
16588	449,318	64,75	408,261	47,24	242	231
16589	87,89	368,336	69,21	365,276	251	242
16601	0,4	4,14	8,2	13,10	298	288
16602	3,0	3,9	3,2	12,3	298	298
16603	11,1	10,9	8,5	13,4	233	298
16605	1262,1169	2106,1887	2158,1527	3623,2892	230	298
16606	133,127	767,702	343,134	1561,1056	261	230
16607	0,8	767,702	5,8	1561,1056	278	230
16609	184,151	173,124	244,226	214,146	298	298
16610	129,110	217,172	251,199	346,231	298	298
16611	209,190	185,151	293,224	244,226	279	298
16612	191,162	122,96	299,216	230,185	278	279
16613	181,155	195,183	257,204	296,231	295	278
16614	162,108	211,180	250,197	318,228	264	295
16615	0,2	4,1	0,0	5,4	241	295
16616	112,103	149,150	149,97	330,219	241	257
16617	101,96	2,0	151,97	0,0	244	255
16618	222,209	192,138	63,62	67,43	237	259
16621	2,1	6,0	2,0	0,1	240	225
16622	383,261	0,0	585,437	1,2	234	271
16623	134,93	18,7	216,177	8,5	234	186
16624	4,7	82,104	4,1	128,71	249	226
16625	2,0	141,91	1,1	174,147	226	298
16626	3,5	141,92	5,2	175,146	226	298
16627	422,383	657,621	289,229	470,373	247	292
16629	10,11	23,22	6,6	13,10	232	223
16630	265,273	281,313	415,270	392,318	238	298
16631	189,196	22,24	280,214	43,32	206	176
16634	154,115	234,202	280,152	406,321	261	298
16635	262,198	271,203	424,296	408,310	298	298
16636	104,95	191,171	219,170	329,244	273	296
16637	196,127	222,121	299,226	332,253	298	298
16638	18,20	142,103	26,15	129,65	171	246
16639	308,282	30,76	379,195	26,11	241	298
16640	550,483	245,303	596,356	237,183	298	241
16641	387,388	393,370	481,324	483,274	298	298
16642	237,260	551,482	252,143	598,357	289	298
16643	3,0	550,483	2,1	596,356	298	298
16644	395,420	381,381	453,311	467,321	298	289
16645	283,328	7,9	281,202	16,7	245	267
16646	85,68	150,163	117,64	206,135	267	207
16647	301,299	224,181	411,286	256,184	243	230
16648	19,19	1,3	14,17	2,3	298	213
16649	75,62	100,119	104,69	167,125	240	266
16650	25,18	8,3	24,17	2,1	271	292
16651	25,18	6,0	24,17	2,1	271	289
16652	7,12	166,189	12,6	297,218	271	266
16653	52,44	29,21	50,25	39,22	238	219
16654	84,74	66,52	101,82	71,58	254	209
16655	82,77	2,0	81,53	2,0	298	254
16656	84,77	91,49	82,53	95,94	298	254
16667	0,2	0,2	3,1	0,0	298	289
16674	814,672	644,570	1327,904	1045,706	291	258
16675	28,30	60,73	25,19	76,49	189	298
16676	48,35	69,74	37,23	42,52	262	298
16677	7,9	1,2	13,11	2,1	223	223
16678	21,31	21,26	10,5	6,6	263	263
16679	50,54	510,531	47,38	421,270	191	260
16682	165,154	178,151	281,217	341,251	209	241
16683	213,152	172,151	317,215	338,251	266	241
16684	218,153	97,93	320,214	195,137	266	209
16685	7,13	97,94	4,3	190,139	298	209
16686	85,84	97,94	136,86	190,139	298	209
16687	7,12	299,255	9,4	544,379	298	266
16688	85,83	299,255	141,87	544,379	298	266
16689	64,35	83,81	79,49	71,39	283	298
16690	49,38	67,70	42,48	63,39	251	298
16691	0,2	1,1	4,1	1,0	294	219
16696	3,3	0,0	7,4	3,0	220	257
16699	0,1	0,0	0,2	1,0	183	233
16700	0,0	0,1	4,0	2,1	211	183
16701	1,1	0,0	0,0	2,1	211	183
16705	0,1	0,1	0,0	3,1	230	211
16712	86,51	119,80	84,45	140,115	298	291
16713	25,15	76,86	19,18	120,78	298	298
16714	119,106	69,65	179,103	144,85	298	247
16715	97,59	92,80	101,69	143,98	247	293
16716	274,234	457,320	192,128	285,195	263	257
16717	34,22	32,23	50,62	40,19	298	298
16718	4963,4029	741,562	5967,4614	1140,573	245	282
16719	142,147	236,223	216,151	433,281	298	245
16720	3,4	1,3	1,1	6,0	298	203
16721	279,294	1076,936	407,195	1667,1210	298	190
16722	1140,1190	3338,2847	1719,928	6144,4830	298	239
16723	54,54	161,162	69,42	187,186	264	209
16724	5,3	6,3	1,6	6,1	247	214
16726	302,198	186,148	482,318	330,233	218	215
16727	73,67	432,375	77,75	624,454	182	271
16728	10,10	80,46	14,13	63,69	234	222
16729	25,26	44,44	33,26	70,55	222	229
16730	71,50	27,26	70,62	50,41	229	192
16731	24,15	76,54	7,4	39,33	233	236
16732	64,48	59,57	88,65	53,62	298	263
16733	17,13	25,29	8,6	24,14	260	282
16734	251,230	265,157	433,276	385,278	282	201
16735	17,11	7187,6208	4,2	11145,8266	298	286
16736	2028,2024	7187,6208	2579,1481	11145,8266	298	286
16737	3,3	7187,6208	0,0	11145,8266	234	286
16739	143,113	172,154	255,149	334,219	230	279
16740	56,61	60,62	42,38	42,45	254	237
16741	144,137	149,113	196,147	181,120	245	225
16742	124,119	235,201	112,124	323,239	218	264
16743	287,221	343,240	337,266	578,367	264	277
16744	265,229	235,251	353,236	326,240	250	298
16745	398,310	61,55	530,431	72,68	298	236
16746	619,475	61,55	768,584	72,68	298	236
16747	3,1	61,55	0,0	72,68	230	236
16748	3,1	398,310	0,0	530,431	230	298
16749	335,274	278,214	429,288	384,310	250	298
16750	274,236	101,95	367,239	108,95	250	298
16751	3,1	619,475	0,0	768,584	230	298
16752	335,274	288,215	429,288	384,310	250	298
16753	68,32	279,214	61,39	384,310	250	298
16754	358,321	279,214	547,433	384,310	290	298
16755	274,236	111,96	367,239	108,95	250	298
16756	14,4	102,95	11,0	108,95	250	298
16757	358,321	68,32	547,433	61,39	290	250
16758	355,320	82,70	547,433	110,79	290	250
16759	365,321	226,174	547,433	222,170	290	250
16760	146,150	88,103	190,128	115,81	263	240
16761	146,150	6,5	190,128	1,1	263	247
16762	202,148	332,288	196,121	258,201	262	282
16763	244,191	296,289	202,162	292,185	265	262
16764	332,230	155,123	281,239	148,103	262	236
16765	257,237	336,289	229,182	258,201	236	282
16766	279,236	401,339	277,183	384,278	282	298
16767	320,228	367,293	323,227	305,238	254	273
16768	6,4	6,4	2,0	0,0	298	183
16769	26,23	117,135	38,24	167,107	200	298
16770	117,101	76,61	161,78	118,100	298	281
16771	226,207	437,372	142,121	539,381	226	282
16772	2,1	117,93	3,1	144,91	204	288
16773	0,1	116,92	1,1	144,93	204	288
16774	0,2	116,96	1,1	144,91	204	288
16775	52,39	82,41	82,53	122,90	218	272
16776	49,38	3,4	77,51	6,2	218	272
16777	49,38	82,41	77,49	122,90	234	272
16778	0,0	2,1	1,0	3,1	252	177
16779	1,0	149,113	2,3	232,165	177	272
16780	65,38	47,46	53,39	77,49	271	230
16781	65,38	5,6	53,39	0,0	271	298
16782	47,46	5,6	77,49	0,0	230	298
16784	212,187	279,252	259,241	453,332	205	196
16785	243,193	383,287	349,246	440,332	183	224
16786	240,225	510,438	375,253	616,403	224	237
16791	2109,1902	2325,1987	3714,2675	4311,3056	249	298
16792	237,212	410,296	273,196	317,258	263	298
16793	224,187	295,218	191,144	262,162	276	263
16794	732,637	649,567	1272,878	811,670	298	243
16795	11,12	361,297	16,11	604,441	253	281
16796	68,57	401,265	124,83	822,571	253	282
16798	822,760	891,786	893,717	1121,731	298	298
16799	846,857	891,784	1017,751	1121,731	298	298
16800	663,616	1039,880	759,582	1344,880	298	298
16801	849,855	1036,873	1017,750	1342,878	298	298
16802	553,473	126,113	761,531	35,45	219	298
16803	2357,1932	126,113	3260,2227	35,45	256	298
16804	2,0	2,1	0,0	1,1	230	228
16805	649,567	685,556	757,574	1046,792	263	263
16806	373,303	297,252	426,325	517,336	263	263
16807	373,303	398,320	426,325	536,359	263	211
16808	370,299	548,526	416,321	603,489	263	255
16809	297,252	398,320	517,336	536,359	263	211
16810	179,122	546,527	210,171	603,493	211	255
16811	228,219	174,130	428,249	282,229	298	275
16812	164,149	167,125	213,179	277,229	251	295
16813	228,219	168,126	428,249	277,229	298	298
16814	172,153	165,146	220,182	294,230	251	298
16815	11,4	164,146	8,2	292,231	251	298
16816	161,147	7,8	213,179	15,8	251	298
16817	2,0	6,8	2,0	13,9	251	298
16818	116,97	139,138	163,108	284,169	240	247
16819	172,138	141,140	271,166	289,170	297	251
16820	116,97	143,142	163,108	287,171	240	251
16821	5,0	142,140	6,3	289,170	240	251
16822	172,138	161,173	273,165	260,176	297	240
16823	118,109	165,171	160,101	265,181	248	240
16824	10,6	161,173	4,1	260,176	248	240
16825	172,138	10,6	273,165	4,1	297	248
16826	176,138	131,108	277,170	188,131	297	248
16827	85,58	86,68	186,142	212,154	272	298
16829	260,237	573,440	282,206	486,402	215	298
16830	19,14	56,70	5,13	73,35	208	243
16831	74,68	83,91	68,31	74,68	243	234
16832	79,67	52,46	65,31	29,26	243	208
16833	70,74	49,51	61,30	34,26	234	208
16834	34,31	119,96	56,48	175,114	221	221
16837	68,53	130,69	123,79	356,234	234	298
16838	54,32	0,0	128,78	0,1	189	176
16839	117,100	87,84	118,84	221,154	261	241
16840	2,5	9,10	3,5	4,8	214	278
16841	0,1	201,183	3,3	373,205	214	226
16842	42,27	142,97	63,45	196,131	241	249
16843	18,16	177,134	35,31	203,135	241	225
16844	18,16	161,122	35,31	180,117	241	221
16845	225,206	301,182	307,228	430,340	298	298
16846	210,221	208,187	349,279	298,212	298	267
16848	86,74	101,113	76,52	179,106	263	288
16849	98,79	114,96	111,98	138,81	248	250
16851	14,15	20,19	17,11	29,20	190	219
16852	1,2	2,2	4,3	0,0	239	292
16853	246,247	41,56	471,338	65,52	298	251
16854	21,22	125,94	12,17	105,80	197	298
16856	507,388	459,387	697,510	634,420	277	229
16857	627,455	457,387	846,574	636,420	261	229
16867	43,33	74,63	57,33	103,94	216	298
16868	71,57	36,54	117,70	33,26	298	298
16869	1,0	11,7	0,1	3,2	281	256
16870	0,1	11,7	0,0	3,2	216	256
16871	0,1	1,0	0,0	0,1	216	281
16873	137,85	540,448	161,108	705,445	298	289
16875	12,2	23,20	6,2	23,15	214	297
16876	12,2	16,16	6,2	17,13	214	264
16877	23,18	23,20	20,10	23,15	260	297
16878	23,18	16,16	20,10	17,13	260	264
16879	0,0	25,13	0,1	12,17	261	287
16880	1,0	13,6	0,0	7,10	261	263
16881	44,36	0,1	32,25	0,0	287	285
16883	44,38	4,2	33,27	4,2	287	285
16884	44,36	0,0	32,25	1,0	287	285
16886	24,14	0,4	15,20	1,2	285	240
16887	2,3	158,123	0,0	270,208	298	223
16888	152,130	199,223	198,184	234,205	223	251
16891	113,96	143,146	56,25	134,95	298	273
16892	2946,2259	2353,1927	4927,3713	3312,2381	298	245
16893	52,31	74,59	28,17	38,29	221	250
16894	1,6	15,20	0,1	19,9	298	207
16895	111,72	355,212	147,106	426,251	212	298
16896	163,129	306,295	222,132	411,268	218	286
16897	283,286	179,129	376,272	230,175	298	218
16898	361,272	297,254	468,321	444,241	273	298
16899	299,256	296,253	381,312	444,241	298	298
16900	294,224	260,201	372,290	325,253	265	255
16901	310,331	190,134	432,295	279,197	298	276
16902	2,2	18,17	10,4	51,25	254	230
16903	25,28	39,31	41,21	62,41	270	254
16904	34,28	30,30	52,38	39,17	267	269
16905	228,210	194,197	328,202	293,179	244	298
16906	253,197	60,57	348,215	109,72	298	187
16907	177,197	81,77	250,168	125,68	235	214
16908	9,3	6,12	4,3	6,5	239	220
16909	11,6	6,12	0,0	6,5	238	220
16910	11,6	9,3	0,0	4,3	238	239
16911	15,5	13,13	0,0	13,10	238	239
16912	11,6	9,19	9,1	23,8	193	199
16916	107,80	174,149	125,91	164,125	233	210
16917	1,1	11,6	1,0	0,0	194	194
16920	164,125	16,21	114,97	11,4	293	268
16921	57,46	95,84	122,84	237,185	218	293
16922	31,29	510,565	62,52	875,658	269	298
16923	27,33	16,24	12,14	12,4	278	261
16924	1,1	1,1	2,1	2,2	271	240
16925	1,1	1,1	2,1	2,2	271	237
16927	3,2	0,0	12,4	1,1	244	202
16928	3,2	1,1	12,4	2,2	244	240
16929	3,2	1,1	12,4	2,2	244	237
16930	0,0	1,1	1,1	2,2	202	240
16931	0,0	1,1	1,1	2,2	202	237
16932	2,3	2,3	6,3	15,3	298	298
16934	0,0	2,3	1,0	15,3	246	298
16935	3,0	2,3	2,0	15,3	279	298
16938	0,0	2,3	1,0	7,3	246	298
16939	3,0	2,3	2,0	7,3	279	298
16940	2,3	2,3	6,3	7,3	298	298
16946	82,92	1,0	185,143	2,0	298	298
16947	82,91	1,0	183,143	2,0	298	298
16948	82,91	1,0	183,143	2,0	298	298
16949	62,54	1,0	140,89	2,0	298	298
16950	392,366	1,3	622,415	1,1	261	209
16951	200,181	165,140	254,204	282,205	229	229
16952	148,140	88,78	87,63	51,29	298	298
16953	87,73	73,58	48,37	29,20	298	208
16954	1099,872	336,335	1425,895	422,264	298	201
16955	1100,880	336,335	1425,895	422,264	298	201
16956	9,17	320,328	5,4	411,258	298	201
16957	649,596	1061,970	968,643	1473,1004	273	298
16958	190,160	1063,971	217,140	1473,1004	298	298
16959	190,160	1062,970	217,140	1472,1004	298	298
16960	868,732	226,185	1092,755	112,90	298	298
16961	955,799	220,178	1394,954	108,86	298	298
16962	646,598	1096,873	969,643	1425,895	273	298
16963	959,805	1116,901	1398,956	1436,905	298	298
16964	665,625	856,731	979,653	1088,753	273	298
16965	7,11	788,687	8,6	1156,789	293	273
16966	250,188	27,26	199,136	28,29	241	225
16967	234,184	9,10	242,173	7,6	225	170
16968	184,142	170,127	178,121	160,110	225	228
16969	188,190	165,159	195,160	211,174	298	251
16970	134,137	236,169	138,112	207,164	298	251
16971	108,95	188,193	71,73	198,132	251	272
16972	49,64	46,46	93,59	66,45	252	220
16973	16,15	11,6	22,13	10,7	237	238
16974	21,17	9,8	19,13	15,8	298	218
16975	3,0	2,0	3,0	2,5	255	298
16984	22,17	65,65	52,23	115,88	205	221
16986	193,144	252,244	276,209	325,273	197	233
16987	736,557	247,209	1022,782	464,344	298	201
16988	289,227	154,128	409,310	235,187	222	298
16989	1,0	3,2	2,2	4,1	184	298
16990	3,0	3,2	2,3	4,1	298	298
16991	105,93	3,1	206,113	10,0	285	298
16992	110,86	66,93	255,130	130,94	262	298
16993	128,125	133,120	194,134	251,180	298	266
16994	36,25	54,35	98,32	107,79	224	206
16995	33,20	2,3	105,66	12,1	206	213
16996	33,30	121,98	86,46	221,155	213	298
16997	60,38	123,104	111,88	229,154	201	298
16999	17,5	19,36	18,8	18,14	226	233
17000	33,16	32,19	38,17	14,11	233	222
17001	37,22	26,33	33,12	41,30	273	256
17002	38,68	8,2	92,66	0,0	298	298
17003	35,47	23,51	64,66	63,54	298	269
17004	69,51	35,39	99,37	40,19	298	264
17006	202,137	49,47	445,303	118,82	238	193
17007	289,166	126,74	420,347	256,182	244	212
17008	208,140	224,175	453,307	395,292	238	244
17009	292,236	224,174	457,332	394,290	282	244
17010	292,237	208,157	460,333	355,288	282	238
17011	238,188	373,215	430,297	674,495	298	282
17012	170,167	316,258	281,173	508,363	230	298
17013	204,154	225,179	442,253	394,271	298	250
17014	57,67	256,235	63,51	573,430	298	298
17015	22,30	256,233	67,38	573,430	298	298
17016	18,4	114,92	21,11	138,103	217	259
17017	18,4	1,4	21,11	2,0	217	298
17018	114,92	1,4	138,103	2,0	259	298
17019	40,51	0,4	57,40	1,1	275	298
17020	45,51	78,95	55,36	114,55	275	298
17021	78,92	0,1	114,54	0,1	298	298
17022	2,2	0,1	1,6	0,1	298	298
17023	99,122	0,1	147,72	0,1	298	298
17038	157,117	163,150	249,145	324,249	298	298
17039	521,578	505,501	532,345	728,561	298	298
17040	19,10	505,498	11,6	728,559	298	298
17041	347,358	572,516	477,311	656,503	298	298
17042	159,168	572,516	219,125	656,503	230	298
17043	424,425	517,576	439,286	527,343	298	298
17044	424,425	11,3	439,286	4,3	298	230
17045	16,25	1,2	18,21	3,4	212	298
17046	3,0	2,2	3,3	4,10	233	242
17047	3,0	0,1	3,3	8,2	233	236
17048	2,2	0,1	4,10	8,2	242	236
17049	39,50	193,157	65,54	274,239	240	298
17050	35,45	214,163	57,46	254,185	240	247
17051	2,2	193,157	1,5	274,239	197	298
17053	124,109	202,163	131,75	283,248	298	280
17054	3,0	202,163	0,0	283,248	277	280
17055	9,3	2,0	7,0	0,2	276	240
17056	11,45	267,229	4,10	582,446	298	195
17057	3,2	741,711	10,4	1441,1151	204	298
17058	3,2	268,229	10,4	581,447	204	195
17060	87,137	766,710	89,38	1439,1023	298	253
17063	30,28	46,43	116,53	99,107	227	298
17064	1,10	21,21	4,11	33,18	275	227
17084	836,688	440,400	1122,829	656,482	292	298
17085	1275,1153	828,766	1714,1286	1243,916	297	280
17086	706,611	828,766	1120,812	1243,916	262	280
17087	561,463	1024,843	727,589	1391,1079	222	262
17088	246,187	1021,842	340,253	1391,1079	195	262
17089	220,165	1020,842	353,191	1391,1079	282	262
17092	929,701	523,426	1307,892	873,572	298	241
17093	661,569	877,678	983,635	1525,1001	298	298
17095	311,278	377,324	381,279	519,405	262	290
17096	289,249	55,45	357,251	54,41	262	290
17114	33,40	205,200	26,29	195,126	198	252
17115	33,40	43,42	26,29	37,26	198	174
17116	42,41	35,35	50,27	48,26	298	237
17117	76,76	175,166	80,61	227,166	244	298
17118	97,69	137,101	119,71	193,131	242	298
17119	1,0	3,4	2,3	5,8	230	257
17120	40,38	41,35	33,17	62,38	289	286
17121	35,25	42,33	22,23	62,38	237	286
17122	34,27	65,49	22,23	63,48	237	289
17123	46,31	38,32	62,42	30,13	289	213
17124	27,19	41,55	57,14	54,30	246	289
17125	2,1	6,0	0,0	0,2	298	298
17126	0,1	9,28	0,2	9,4	203	298
17127	7,6	3,0	2,7	0,0	250	224
17129	89,78	151,126	116,86	236,186	224	220
17130	23,27	45,42	3,5	14,6	219	298
17131	16,10	29,13	4,3	12,4	232	219
17132	49,63	94,80	87,78	171,90	195	212
17133	47,43	72,34	56,36	66,33	269	298
17134	55,40	28,31	33,22	31,22	266	298
17135	515,443	376,365	519,386	399,277	285	298
17136	335,250	207,208	469,370	310,204	266	298
17139	986,852	445,409	1808,1390	1060,866	298	264
17140	662,594	644,643	1416,1009	1222,1060	288	269
17141	439,350	644,643	1055,792	1222,1060	283	269
17142	439,351	580,487	1055,792	1133,840	283	288
17143	306,229	647,598	589,388	1435,1004	220	283
17144	336,309	359,289	579,342	481,373	237	244
17145	11,3	400,309	1,0	573,429	244	263
17146	322,238	404,308	589,347	572,428	244	263
17147	422,337	220,242	620,458	354,271	263	240
17148	433,341	290,273	607,476	436,331	240	229
17149	200,128	334,301	284,166	432,300	208	272
17151	444,394	374,296	678,413	427,288	298	298
17152	444,394	6,1	678,413	3,2	298	298
17153	575,433	617,482	650,392	613,401	253	265
17154	210,210	761,571	275,184	899,573	217	298
17155	545,516	752,570	568,439	897,572	298	298
17156	544,520	595,500	568,439	560,398	298	236
17157	548,509	595,500	566,437	560,398	262	236
17158	280,218	128,121	312,201	183,127	215	201
17159	291,233	342,339	355,333	521,429	241	277
17160	175,141	195,157	218,147	242,213	229	252
17161	19,15	160,132	13,5	269,224	238	226
17162	239,162	160,132	332,266	269,224	264	226
17163	292,234	183,160	355,333	251,201	241	238
17164	292,234	239,217	355,333	322,254	241	264
17165	6,10	20,23	19,7	58,42	264	298
17173	324,344	490,350	493,309	840,612	281	298
17174	224,160	758,537	369,256	1156,799	221	298
17175	43,42	4,4	81,54	2,1	252	241
17176	44,45	89,66	81,55	97,74	252	298
17177	46,34	31,14	52,33	37,19	298	208
17178	106,117	31,14	130,96	37,19	298	208
17179	106,117	44,33	130,96	14,17	298	270
17181	153,129	75,46	281,172	92,76	276	254
17184	33,42	84,70	64,48	140,103	218	298
17185	44,36	62,47	83,71	128,78	200	218
17186	2,0	60,46	0,3	122,77	200	218
17187	118,111	24,15	203,125	59,50	298	200
17188	215,161	200,164	275,175	269,220	242	293
17189	129,122	231,222	268,150	265,188	262	298
17190	136,140	150,143	156,119	169,103	298	298
17191	188,142	135,119	170,98	163,113	298	274
17192	189,143	114,128	174,100	154,127	298	246
17193	117,81	188,154	160,109	290,195	202	212
17194	287,266	277,186	467,293	398,254	275	248
17195	91,67	155,125	240,190	205,165	226	254
17196	149,119	131,114	265,183	199,157	292	254
17197	179,132	69,60	279,203	147,113	292	226
17198	5,0	0,1	5,1	0,0	236	234
17199	48,29	58,62	60,54	89,62	234	215
17200	132,64	3,0	182,152	5,4	192	269
17201	52,31	59,55	59,65	88,57	192	215
17202	51,30	48,27	60,61	39,43	192	230
17203	51,30	6,0	60,61	4,0	192	215
17204	6,0	48,27	4,0	39,43	215	230
17205	47,15	49,27	82,56	39,47	215	230
17206	92,78	23,37	103,101	33,30	244	198
17207	22,18	92,47	26,28	117,74	269	252
17208	53,58	24,37	85,70	52,40	252	197
17209	53,58	5,2	81,69	5,1	252	197
17210	42,31	33,32	47,20	78,51	197	218
17217	78,60	65,54	159,125	90,53	298	261
17218	6,3	94,73	2,2	91,62	173	298
17219	1,0	90,84	0,0	34,24	195	281
17220	49,44	72,69	22,12	32,20	298	298
17221	109,209	3,1	203,140	2,0	223	211
17223	42,65	48,45	68,31	56,43	298	236
17224	96,77	5,4	159,77	1,2	298	244
17225	143,108	95,101	108,94	97,40	298	298
17226	7,16	126,94	26,15	198,124	258	266
17227	133,100	99,86	153,108	146,138	281	268
17228	9,2	19,12	9,4	13,19	197	262
17229	0,4	8,4	3,0	4,5	243	273
17230	8,8	1,2	2,5	2,0	298	243
17231	8,9	0,3	5,4	2,0	285	243
17232	10,4	13,10	2,0	5,1	298	289
17233	123,62	70,60	168,115	94,76	298	233
17234	119,59	72,71	167,111	114,82	298	287
17235	0,0	72,71	0,2	114,82	233	287
17236	48,38	71,67	90,51	89,79	233	259
17237	115,103	70,72	166,122	114,82	259	287
17238	18,12	157,148	15,14	223,185	240	287
17239	86,79	115,103	105,102	154,126	287	298
17240	24,14	113,90	30,19	144,119	287	298
17243	15,17	4,3	14,9	6,9	298	298
17276	1,4	7,4	1,2	1,1	245	272
17277	54,43	42,38	64,48	46,49	220	205
17278	155,111	42,29	184,163	45,39	298	218
17279	28,20	76,45	30,41	53,54	191	229
17280	58,37	1,1	119,66	1,3	212	193
17281	51,50	70,42	61,40	70,49	271	260
17282	58,45	73,50	85,67	82,62	257	227
17283	61,58	3,7	107,67	7,2	249	260
17284	583,559	817,585	969,756	1528,1097	298	290
17285	585,541	646,515	982,702	1018,802	276	298
17286	9,18	6,21	11,8	4,0	298	298
17287	8,28	3,0	20,10	0,0	297	294
17290	82,89	143,105	81,80	190,126	279	298
17291	89,82	114,57	134,82	172,91	248	208
17292	59,66	75,96	98,75	107,100	281	298
17293	16,19	96,62	45,17	119,73	241	281
17294	31,14	28,22	32,23	51,34	298	298
17295	80,75	63,59	96,65	71,68	298	298
17297	464,315	519,451	500,408	852,642	224	234
17298	0,0	18,2	1,1	3,3	275	298
17300	157,104	715,499	232,162	1026,864	194	263
17301	64,60	190,164	105,67	243,203	298	267
17302	98,39	62,57	90,62	70,43	251	298
17303	55,46	68,77	45,31	73,62	223	251
17304	48,85	86,72	89,52	99,52	298	298
17305	74,83	78,76	105,54	100,68	287	298
17306	203,143	193,172	196,158	303,215	298	298
17307	321,289	90,99	521,385	223,136	263	216
17310	26,10	25,29	10,10	12,13	242	254
17311	2,0	25,29	0,0	12,12	242	254
17312	64,20	31,12	14,20	6,9	289	242
17313	0,4	54,39	2,1	61,45	177	185
17314	0,4	8427,7248	2,1	15706,12091	177	298
17315	72,37	7747,6800	136,82	16449,11610	274	257
17316	134,103	7747,6800	270,199	16449,11610	185	257
17317	8471,7611	8683,7489	17873,13756	15883,12206	293	298
17318	8471,7611	6512,5833	17873,13756	11293,8802	293	273
17319	6,4	8683,7489	3,8	15883,12206	257	298
17320	6,4	6512,5833	3,8	11293,8802	257	273
17321	293,286	267,208	383,342	413,272	278	257
17322	107,83	196,185	162,88	334,265	200	236
17323	194,158	18,37	280,197	19,25	280	197
17324	10,11	6,2	19,16	7,2	254	164
17326	2,1	22,16	1,0	41,20	164	290
17328	30,19	12,9	23,8	17,17	272	254
17330	2,7	29,16	2,4	40,42	256	205
17331	60,64	41,46	117,77	59,37	298	230
17332	2,2	125,91	0,1	156,128	235	298
17333	65,62	1782,1390	182,98	1939,1585	257	298
17334	1407,1183	596,469	2256,1550	675,496	298	215
17335	837,655	622,367	927,802	698,565	215	213
17336	2,4	13,33	0,0	17,10	298	298
17337	342,275	215,175	472,353	277,226	298	232
17338	0,0	298,257	2,2	341,242	232	254
17339	218,129	300,255	264,204	342,242	232	254
17340	262,232	0,2	355,236	0,0	254	279
17341	10,5	132,134	16,3	217,142	219	268
17342	57,53	132,134	54,55	217,142	222	268
17344	132,106	131,124	213,139	132,128	254	264
17345	137,95	130,121	190,180	211,142	264	280
17346	150,127	2,0	161,138	0,0	280	277
17347	124,122	0,0	203,153	1,0	277	298
17348	16,21	7,14	31,17	2,9	239	233
17349	16,14	2,1	14,16	5,1	233	251
17351	23,14	2,0	17,21	0,4	233	236
17352	23,14	1,1	17,21	1,1	233	298
17353	15,12	2,1	13,19	6,0	233	251
17354	15,12	0,1	13,19	1,1	233	236
17355	15,12	23,16	13,19	25,19	233	298
17356	2,1	0,1	6,0	1,1	251	236
17357	2,1	23,16	6,0	25,19	251	298
17358	10,9	2,4	13,8	1,3	251	298
17359	16,16	2,0	14,9	2,2	251	236
17361	11,9	26,19	14,8	28,24	251	298
17362	11,9	9,12	14,8	11,10	251	232
17365	2,0	1,1	0,4	1,1	236	298
17366	0,1	23,16	1,1	25,19	236	298
17367	4,4	3,1	4,0	0,0	294	298
17369	56,52	13,23	141,97	36,31	249	254
17370	4,1	140,171	4,9	340,284	171	274
17371	0,0	65,86	0,2	163,121	171	274
17372	59,56	65,86	142,99	163,121	249	274
17373	59,56	0,0	142,99	0,2	249	171
17375	221,180	533,424	318,196	548,422	285	272
17376	89,90	525,407	130,104	539,420	285	272
17377	16,5	533,424	16,12	548,422	282	272
17378	198,160	208,133	171,115	172,177	298	298
17379	78,83	231,213	108,89	257,155	219	298
17380	201,171	63,60	188,184	55,37	286	203
17390	7,8	1,0	0,2	0,0	298	268
17391	5,3	1,0	0,2	0,0	224	268
17398	38,32	45,30	64,51	57,37	247	217
17399	345,340	25,28	189,105	18,24	298	215
17400	344,339	204,207	189,105	174,144	298	215
17401	305,300	42,26	249,215	28,33	215	161
17402	360,258	261,228	410,387	322,290	240	239
17403	126,99	455,354	134,118	633,539	236	239
17404	111,89	351,314	178,156	416,355	239	230
17405	121,88	303,277	130,103	384,330	239	230
17406	391,329	306,247	474,426	406,318	242	221
17407	4,1	3,1	1,0	0,0	296	268
17408	205,181	280,229	298,239	408,253	298	289
17409	23,33	280,228	42,29	408,252	298	289
17410	217,185	267,247	300,185	347,242	298	298
17411	334,276	96,86	355,248	133,71	252	245
17412	308,215	111,70	365,256	117,69	281	252
17413	147,125	182,133	124,90	94,88	205	228
17414	72,43	237,171	48,38	138,95	186	216
17415	118,78	70,53	68,67	55,39	220	186
17416	51,43	154,160	25,11	96,64	210	224
17417	2,6	155,148	11,4	247,177	172	298
17418	25,15	95,77	15,16	109,73	298	236
17419	67,73	95,77	115,58	109,73	298	236
17420	67,73	100,79	115,58	111,72	298	239
17421	25,15	100,79	15,16	111,72	298	239
17429	55,44	55,36	56,47	74,51	219	237
17430	129,113	61,38	114,122	65,49	270	208
17431	1015,881	879,683	1453,1046	966,840	265	268
17432	1063,1028	986,794	1305,1014	1316,984	269	265
17433	290,265	518,414	350,298	944,653	222	223
17434	525,453	517,415	862,638	946,654	298	223
17435	422,421	518,413	367,205	944,653	298	223
17436	409,416	518,413	365,199	944,653	298	223
17437	509,448	443,380	860,632	722,460	298	222
17438	406,416	424,362	365,199	711,452	298	222
17439	405,417	424,362	367,200	711,452	298	222
17440	427,434	692,672	376,207	1115,855	298	298
17441	92,138	695,672	45,25	1115,856	287	298
17442	90,137	512,447	45,25	860,629	287	298
17452	166,133	74,63	247,170	77,54	284	247
17453	9,8	28,45	25,25	51,42	187	247
17457	58,50	71,70	115,77	137,86	298	292
17458	25,23	51,49	40,29	68,41	225	267
17459	29,26	50,48	42,35	61,52	211	258
17460	74,57	409,274	112,72	578,389	259	298
17461	182,205	111,105	317,208	177,131	298	226
17462	205,133	8,2	325,220	4,1	226	229
17463	161,167	214,207	283,221	192,147	223	298
17464	7,6	9,10	7,1	5,4	207	274
17465	19,25	392,371	34,18	660,448	279	227
17466	4,8	390,371	14,7	660,449	279	227
17467	315,317	935,818	529,417	1320,885	227	260
17468	641,591	89,101	901,615	121,75	260	298
17469	641,591	7,11	901,615	8,15	260	297
17470	641,591	793,611	901,615	898,761	260	298
17471	1121,1001	518,435	1703,1149	552,482	298	245
17472	1114,1000	518,435	1703,1149	552,482	298	245
17473	405,323	989,851	514,390	1324,888	202	298
17474	1186,997	1436,1262	1786,1193	1810,1261	298	298
17475	1179,986	637,597	1786,1186	898,548	298	222
17476	350,299	1258,1019	405,300	1489,1031	203	298
17477	634,571	1256,1015	762,533	1489,1031	231	298
17478	1511,1503	356,275	1649,1244	454,361	298	255
17479	405,375	374,290	618,456	462,331	210	221
17480	330,281	192,158	430,268	273,200	254	198
17482	611,579	7,12	1623,1124	12,6	252	271
17483	611,579	6,3	1623,1124	8,5	252	247
17484	1007,958	37,26	2168,1555	37,31	298	271
17485	287,253	37,26	376,301	37,31	206	271
17486	289,254	6,2	380,303	1,6	206	187
17487	289,254	34,20	380,303	24,28	206	271
17488	1431,1267	6,2	2367,1814	1,6	181	187
17489	1431,1267	34,20	2367,1814	24,28	181	271
17490	7,12	855,807	12,6	1052,844	271	224
17492	335,234	701,646	564,417	1257,847	248	298
17493	1,1	682,636	2,4	1250,842	248	298
17494	723,492	693,640	1051,737	1254,842	246	298
17495	354,241	369,261	515,325	616,454	258	257
17496	512,441	1,0	762,607	3,2	295	258
17497	510,439	335,241	755,605	631,420	295	258
17498	183,174	472,308	250,194	671,454	230	295
17499	20,33	346,294	21,5	503,392	236	230
17500	11,7	2,0	9,7	0,2	210	202
17501	354,285	2,0	598,395	11,2	277	298
17502	1,1	42,27	1,4	48,26	244	298
17503	413,324	310,235	512,397	447,372	298	254
17504	26,18	14,18	7,13	15,18	279	251
17505	16,7	30,27	7,8	19,23	289	279
17506	12,4	10,11	23,23	40,9	298	272
17507	16,32	11,21	7,3	1,0	248	170
17508	16,32	23,43	7,3	13,11	248	173
17513	1,0	4,3	2,0	6,0	298	276
17514	9,9	4,1	20,5	10,5	240	208
17515	56,47	106,92	126,84	198,148	264	298
17516	330,261	221,192	409,288	277,206	298	231
17517	181,136	187,136	208,128	170,108	231	298
17518	344,281	140,107	410,319	135,99	298	223
17519	288,252	72,48	354,261	38,15	298	282
17520	29,24	11,4	10,3	4,4	195	236
17521	603,512	1017,794	857,627	1378,968	245	281
17522	431,385	3,9	481,336	5,1	245	245
17523	427,391	600,484	488,335	919,631	245	245
17524	25,38	10,4	27,19	6,6	222	245
17525	163,114	91,76	155,92	105,77	298	214
17526	19,14	80,65	25,21	95,70	298	214
17527	6,5	0,1	6,10	4,1	298	266
17528	173,134	163,135	157,161	169,113	298	298
17529	339,263	298,312	490,346	415,283	298	298
17530	0,0	156,123	0,1	266,165	242	219
17531	69,64	231,287	76,67	506,362	229	298
17540	28,24	129,98	34,29	117,89	296	216
17541	1,0	195,145	0,0	272,192	219	219
17542	26,28	37,30	59,57	77,40	222	213
17543	0,1	0,5	0,3	4,2	214	274
17544	0,5	2,0	4,2	2,0	274	298
17545	34,27	17,15	38,13	18,10	298	243
17546	1,1	454,365	2,2	875,585	230	237
17547	10,7	454,365	5,7	875,585	204	237
17548	841,740	6,5	1637,1073	0,1	237	272
17549	409,375	243,183	733,523	359,296	244	229
17550	409,375	0,1	733,523	0,0	244	298
17551	512,408	106,92	1011,648	209,182	263	206
17552	264,229	3,0	337,246	1,2	277	298
17565	0,1	0,2	3,0	1,0	209	298
17566	6,6	0,2	3,0	1,0	246	298
17567	7,1	0,0	7,14	1,0	298	298
17575	6,6	0,1	3,0	3,0	246	209
17576	1,4	0,0	2,0	2,0	246	209
17577	1,2	4,8	1,2	7,4	266	298
17578	4,4	6,8	12,3	9,4	272	298
17585	5,5	3,2	12,4	8,14	272	266
17586	4,2	2,0	5,2	7,10	252	266
17587	26,18	8,3	30,19	11,7	298	252
17588	2,4	5,0	1,0	3,7	298	252
17589	0,1	5,7	0,0	7,4	230	252
17591	0,1	1,3	0,0	9,3	231	252
17592	0,1	1,3	0,0	9,3	234	252
17593	1,0	4,3	0,0	10,7	211	252
17595	0,1	4,10	0,0	14,3	234	252
17596	0,2	7,4	1,0	18,8	187	252
17597	2,4	3,1	1,0	3,1	298	211
17598	2,4	3,1	2,0	3,1	298	211
17599	0,0	1,1	1,0	5,1	298	211
17600	1,1	1,1	1,1	5,1	187	211
17601	0,0	1,1	1,1	5,1	230	211
17602	0,1	1,1	2,0	3,1	298	211
17603	3,1	1,1	5,7	3,1	187	211
17604	0,1	1,1	2,1	3,1	230	211
17605	2,4	2,1	1,0	3,1	298	234
17606	2,4	2,1	2,0	3,1	298	234
17607	0,1	1,1	2,0	3,1	298	234
17608	3,1	1,1	5,7	3,1	187	234
17609	0,1	1,1	2,1	3,1	230	234
17610	0,1	0,2	1,1	0,0	187	298
17611	1,3	1,1	3,1	1,0	187	298
17612	28,19	1,1	31,19	1,0	298	298
17613	29,27	1,1	38,20	1,0	298	298
17614	4,0	0,1	3,2	1,0	187	298
17615	0,1	0,2	1,1	1,0	187	298
17616	1,1	0,0	1,1	1,0	187	298
17618	3,1	0,1	5,7	2,0	187	298
17619	0,1	0,1	2,1	2,0	230	298
17620	1,3	1,1	3,1	2,0	187	298
17621	28,19	1,1	31,19	2,0	298	298
17622	29,27	1,1	38,20	2,0	298	298
17623	4,0	0,6	3,2	1,0	187	298
17624	0,2	1,6	1,0	1,0	187	298
17625	26,18	1,6	32,19	1,0	298	298
17626	26,18	1,6	30,19	1,0	298	298
17627	0,0	1,1	1,1	1,1	230	187
17628	0,1	3,1	2,1	5,7	230	187
17629	28,19	1,3	31,19	3,1	298	187
17630	29,27	1,3	38,20	3,1	298	187
17631	26,18	0,2	32,19	1,0	298	187
17632	26,18	0,2	30,19	1,0	298	187
17633	26,18	0,2	30,19	1,0	298	187
17634	26,19	0,4	31,19	2,0	298	187
17636	26,18	0,4	30,19	2,0	298	187
17642	6,1	38,26	10,8	31,28	298	298
17646	6,1	0,2	10,8	0,0	298	209
17647	6,1	0,2	10,8	1,0	298	223
17648	4,2	38,26	10,7	31,27	298	298
17649	6,5	38,26	9,7	32,29	195	298
17650	6,5	38,26	9,7	31,27	195	298
17651	6,5	16,15	9,7	20,8	195	222
17652	0,2	38,26	0,0	31,28	209	298
17653	0,2	16,15	0,0	20,8	209	222
17655	12,7	38,26	5,6	32,29	209	298
17656	12,7	38,26	5,6	31,27	209	298
17657	12,7	16,15	5,6	20,8	209	222
17658	0,2	38,26	1,0	31,28	223	298
17659	10,9	38,26	8,6	32,29	223	298
17660	10,9	38,26	8,6	31,27	223	298
17661	10,9	16,15	8,6	20,8	223	222
17662	19,14	41,28	11,9	49,39	298	298
17668	135,141	253,142	191,165	361,304	246	265
17669	226,201	264,188	374,256	360,304	265	229
17670	15,14	51,34	14,12	84,53	218	237
17672	152,155	229,240	131,78	213,178	232	275
17673	670,689	1135,1005	835,506	1551,1243	291	298
17674	618,660	775,571	831,506	946,765	291	254
17675	1054,802	822,598	1689,1272	949,763	298	254
17676	1054,803	1694,1451	1688,1272	1917,1682	298	298
17677	823,748	1694,1451	1084,918	1919,1682	254	298
17678	156,105	55,38	127,81	52,36	275	187
17679	51,37	126,134	74,40	191,127	187	298
17680	6,3	148,150	5,1	163,113	215	254
17681	119,120	207,172	173,112	259,163	298	251
17682	103,69	81,59	100,88	92,99	298	242
17683	41,31	6,5	72,50	10,9	242	298
17685	26,35	28,6	26,23	24,12	298	195
17686	166,121	60,48	216,141	72,51	256	206
17687	44,52	103,103	56,39	146,102	206	244
17688	2,1	1107,878	5,0	1528,1299	245	298
17689	1099,879	1570,1289	1526,1293	2410,1885	298	298
17690	1,3	1570,1289	0,3	2410,1885	298	298
17691	5,6	1570,1289	2,8	2410,1885	275	298
17692	1573,1286	1954,1568	2410,1885	3680,2842	298	298
17693	1442,1077	1098,895	2576,1609	1616,1396	298	247
17694	18,14	1,4	23,19	7,6	298	182
17695	91,60	90,63	57,38	46,50	227	287
17698	0,4	1,5	2,0	5,3	246	298
17699	3,2	3,12	2,0	3,7	258	229
17700	1,2	11,9	2,0	7,9	258	298
17701	18,13	4,5	17,7	3,0	298	240
17702	348,331	382,350	504,333	561,376	283	298
17703	164,169	397,351	256,139	614,444	243	283
17707	16,7	41,29	14,14	32,31	182	204
17708	16,7	1,0	14,14	0,0	182	210
17709	0,5	78,125	2,2	53,27	298	262
17710	92,78	89,61	50,41	99,86	244	217
17711	487,362	0,0	551,416	1,0	298	257
17712	149,158	3,0	204,181	0,0	221	295
17713	93,103	240,291	114,93	302,174	236	295
17714	153,157	138,200	204,181	159,77	221	295
17715	4,1	3,5	1,6	4,0	271	231
17716	107,115	2,4	124,100	3,0	298	231
17717	185,205	2,4	222,153	3,0	236	231
17718	381,439	49,44	553,383	69,30	282	221
17719	5,2	51,44	1,0	66,29	282	221
17720	3,0	53,46	0,0	66,29	298	221
17721	137,110	278,279	168,127	364,316	236	282
17722	137,110	275,283	168,127	368,321	236	298
17723	136,110	266,279	168,127	341,214	236	292
17724	24,25	1815,1455	39,31	3222,2425	167	243
17725	550,412	753,625	936,723	1211,966	203	243
17726	680,640	807,738	1133,788	1251,886	228	244
17727	8,1	590,502	0,0	746,599	192	240
17728	18,4	6,6	8,9	8,4	229	216
17729	215,161	169,176	287,185	278,164	239	208
17730	201,176	353,212	350,245	369,277	214	239
17732	267,234	193,146	359,275	272,233	292	231
17733	377,359	45,41	595,462	54,54	298	218
17734	377,359	220,176	595,462	302,194	298	275
17735	101,80	45,41	136,85	54,54	266	218
17736	101,80	220,176	136,85	302,194	266	275
17737	267,196	364,305	542,319	604,501	218	298
17738	145,128	382,307	180,155	578,489	298	298
17739	269,215	402,310	355,229	605,517	298	298
17740	208,180	138,102	278,251	203,161	221	221
17741	213,185	348,328	309,227	663,476	221	266
17752	0,2	1,2	2,0	2,0	298	191
17755	13,6	18,16	23,16	26,23	219	288
17756	24,18	8,15	51,37	22,14	265	219
17757	5,4	21,21	7,2	24,23	213	298
17758	12,6	1,5	7,3	6,2	298	298
17759	12,7	14,4	7,3	2,5	298	298
17760	142,127	271,210	174,108	206,159	287	271
17761	199,107	192,143	171,100	215,154	287	275
17762	229,213	38,36	209,116	17,17	293	298
17763	142,92	234,249	146,73	193,147	243	298
17764	237,188	231,172	210,189	278,138	298	298
17765	235,180	197,154	211,185	182,165	298	298
17766	146,150	212,171	183,91	197,184	258	298
17767	252,243	209,206	267,208	291,208	242	251
17768	10,12	175,151	14,12	301,174	246	295
17769	174,154	175,151	249,199	301,174	284	295
17770	174,154	10,12	249,199	14,12	284	246
17772	729,622	510,491	1123,857	796,550	298	239
17773	29,29	31,18	34,15	37,43	298	298
17774	148,119	1,0	153,101	0,0	298	298
17775	44,36	396,285	29,25	462,328	298	298
17776	4,4	370,273	2,8	379,294	298	256
17777	454,406	370,271	455,313	379,294	298	256
17778	248,176	236,231	302,220	317,232	256	218
17779	125,141	106,100	171,118	150,90	251	199
17780	0,0	14,14	0,1	26,8	234	261
17781	0,0	14,12	0,2	23,9	234	261
17782	160,179	150,138	311,188	162,122	298	298
17783	160,179	5,4	311,188	0,0	298	213
17784	186,167	127,120	184,160	224,202	235	241
17785	0,0	5,10	7,1	5,1	256	207
17786	44,15	65,41	49,52	126,65	250	298
17787	9,2	153,142	6,4	186,133	298	298
17788	5,2	153,143	2,3	184,134	272	298
17789	105,96	12,8	103,70	11,7	298	298
17790	180,178	277,201	258,197	344,235	221	248
17791	7,4	100,71	6,2	131,87	240	212
17792	7,4	481,359	6,2	589,427	240	248
17793	38,24	69,69	71,54	136,94	224	298
17794	26,23	32,14	44,21	51,42	205	224
17795	67,46	33,19	151,95	56,47	298	205
17796	62,38	70,51	107,92	126,90	269	298
17797	10,0	59,36	17,12	115,77	284	269
17798	74,81	142,118	168,107	212,143	233	207
17799	2,1	5,0	4,7	0,1	276	298
17800	82,89	78,28	160,145	73,49	298	224
17808	8,18	164,118	20,13	145,84	184	230
17809	24,26	164,118	32,11	145,84	181	230
17810	113,124	344,264	163,109	338,236	230	280
17811	219,188	124,117	325,198	116,79	298	198
17812	3,1	201,175	0,0	273,186	198	234
17813	3,1	12,10	0,0	9,3	198	234
17814	4,4	245,225	0,0	276,220	198	279
17815	136,131	230,231	116,91	289,201	234	296
17816	131,125	245,224	112,95	276,220	234	279
17817	24,23	121,85	11,3	106,73	279	195
17818	42,30	47,23	36,23	44,34	212	232
17819	31,34	45,23	31,13	44,34	203	232
17820	207,161	137,134	408,282	180,134	249	194
17821	56,31	74,72	49,51	79,41	248	295
17822	195,152	160,151	380,251	242,158	253	225
17823	147,159	239,188	87,102	189,130	235	298
17824	178,168	140,132	214,160	166,122	267	286
17825	195,161	82,76	194,112	109,63	286	258
17826	8,1	998,1006	10,5	1290,991	298	298
17827	30,58	998,1006	29,10	1290,991	252	298
17828	5,1	998,1006	2,1	1290,991	243	298
17829	357,307	263,215	468,378	531,399	268	221
17831	38,37	9,5	18,18	9,5	298	272
17833	4,8	10,5	2,3	3,9	298	208
17834	1,2	10,5	2,4	3,9	252	208
17835	4,8	14,10	2,3	5,13	298	272
17836	1,2	14,10	2,4	5,13	252	272
17837	271,277	280,189	416,247	454,325	287	275
17838	189,146	54,79	261,189	52,30	278	211
17839	419,371	589,484	845,752	1333,964	239	293
17840	3,4	573,467	3,3	1284,941	239	293
17841	547,391	573,467	1356,1007	1284,941	298	293
17842	547,391	3,4	1356,1007	3,3	298	239
17843	532,442	348,295	1193,947	715,589	270	239
17844	563,408	351,295	1404,1030	715,590	298	239
17845	519,372	511,432	1284,964	1104,973	252	270
17846	23,14	6,12	17,8	8,3	250	185
17847	25,14	5,3	16,8	10,1	250	185
17848	2,2	50,36	5,0	31,20	185	269
17849	15,11	8,2	10,2	10,1	185	201
17850	9,10	50,36	10,1	31,19	185	269
17851	8,5	35,41	5,0	34,11	269	298
17852	1,0	0,0	1,1	0,1	298	298
17853	348,277	391,295	459,405	675,504	256	298
17854	625,457	391,323	1006,868	616,460	298	260
17857	243,186	230,220	425,325	313,242	260	249
17858	440,323	344,335	680,490	554,429	249	239
17860	94,106	203,148	137,80	277,196	298	298
17862	681,562	362,377	1173,885	658,415	269	263
17863	563,430	0,7	790,611	1,0	240	298
17864	36,37	31,45	152,66	177,79	266	298
17865	33,43	55,73	137,101	272,143	298	298
17866	60,55	64,59	65,48	97,61	230	221
17867	38,38	68,62	71,38	100,66	248	221
17868	39,38	99,109	70,38	107,72	248	283
17872	195,193	128,78	290,190	163,121	211	298
17873	195,193	473,393	290,190	626,424	211	298
17874	862,786	685,746	1255,971	1160,830	298	298
17875	617,545	684,747	930,651	1160,830	215	298
17876	1033,863	1090,958	1315,970	1779,1282	291	298
17877	617,547	1062,920	930,651	1778,1273	215	298
17878	644,583	850,778	931,659	1234,954	215	291
17879	685,602	503,405	1036,713	685,515	283	215
17880	303,168	0,2	432,304	2,0	241	298
17881	306,254	0,3	463,368	4,6	252	241
17882	310,256	149,122	466,368	179,156	252	241
17883	2,1	149,122	4,0	179,156	288	241
17884	17,31	352,270	22,6	615,421	236	282
17885	0,3	352,268	5,2	616,421	236	282
17886	410,444	1617,1461	473,320	2540,1898	298	298
17887	956,940	1623,1466	1234,806	2541,1898	252	298
17888	57,66	72,89	51,27	137,90	259	298
17889	89,74	7,5	75,50	9,5	280	259
17890	89,81	89,58	76,51	86,33	280	259
17891	65,90	100,84	84,48	125,91	281	266
17892	56,52	38,38	90,72	46,29	298	240
17893	99,74	3,0	140,108	1,0	232	182
17897	7,3	7,4	11,11	8,2	215	298
17898	5,3	6,1	10,11	7,2	215	298
17910	15,11	73,88	19,2	67,32	214	225
17917	1,0	11,2	0,0	7,0	248	221
17918	54,66	75,50	67,54	92,63	298	298
17923	3,11	1,0	1,5	0,0	298	298
17925	1,2	8,2	2,4	0,0	193	236
17926	101,80	181,150	156,107	209,176	228	298
17927	124,133	111,112	245,147	131,114	298	222
17928	236,152	56,45	273,214	40,38	298	236
17929	238,152	33,33	271,214	20,18	298	236
17930	194,143	28,34	165,131	39,22	298	298
17931	167,132	237,172	176,149	356,296	284	298
17932	167,132	38,21	176,149	39,18	284	298
17934	3,0	3,3	0,0	1,0	294	227
17937	15,14	1,0	7,4	0,1	291	247
17941	64,35	1,2	17,15	2,0	273	298
17942	4,3	1,3	0,0	1,2	298	243
17943	3,3	1,3	0,0	1,2	298	243
17949	137,83	156,119	110,61	78,47	298	284
17950	188,176	74,64	222,156	81,43	298	220
17951	36,42	105,119	64,29	187,116	220	298
17952	184,116	65,56	194,109	76,62	298	221
17953	54,53	53,70	97,56	69,61	221	243
17954	67,52	18,10	110,74	40,23	223	279
17955	79,69	49,35	120,92	87,63	241	223
17956	53,78	18,30	145,116	14,10	298	264
17957	103,69	76,60	67,40	60,57	298	298
17958	70,68	50,34	124,69	47,36	218	185
17959	42,37	146,96	58,49	144,127	262	255
17960	3,2	10,8	2,0	15,22	243	200
17961	2,3	128,134	3,6	248,167	200	259
17962	0,6	61,63	1,0	117,75	200	259
17963	29,15	47,42	29,14	62,27	270	265
17964	40,19	37,37	53,33	55,38	265	243
17965	40,36	53,64	53,20	96,53	243	298
17966	23,29	43,55	49,33	38,30	242	282
17968	60,56	140,76	63,42	114,98	259	259
17969	18,14	141,74	1,3	114,97	259	259
17970	108,91	141,74	83,68	114,97	298	259
17971	108,91	18,14	83,68	1,3	298	259
17972	104,92	92,79	84,69	105,69	298	259
17973	43,28	26,20	32,29	34,20	287	271
17976	765,789	1004,921	125,73	138,122	298	266
17977	115,72	428,403	144,91	564,394	198	298
17978	52,53	45,45	66,43	57,35	286	253
17979	66,57	45,45	74,45	57,35	298	253
17980	6,5	0,1	8,3	0,0	185	276
17981	4,8	3,3	8,3	2,2	185	276
17982	699,622	530,491	618,293	485,271	287	260
17983	661,645	859,764	538,373	868,610	242	284
17984	345,268	331,361	263,188	319,185	197	241
17985	610,601	730,688	627,455	713,484	298	249
17986	925,874	1000,864	836,658	844,596	271	282
17987	894,910	465,394	743,588	461,298	282	248
17988	536,595	822,774	555,398	643,470	226	298
17989	662,550	374,395	527,387	284,218	262	204
17990	53,58	473,508	39,24	345,283	167	204
17991	64,32	77,60	107,90	114,87	253	298
17992	692,641	109,180	916,691	82,45	298	276
17993	77,25	47,24	115,77	69,50	268	259
17994	58,27	46,26	68,31	15,18	298	273
17995	67,45	71,52	62,54	87,54	298	298
17996	60,35	110,106	80,63	161,130	268	298
17997	106,53	75,61	105,114	86,68	298	259
17998	182,182	4,1	321,225	0,3	225	298
17999	27,31	84,63	50,42	128,61	225	228
18000	4,3	7,5	1,7	0,3	298	298
18001	3,3	7,5	2,5	0,3	243	298
18002	0,1	2,9	0,0	2,6	228	269
18003	120,115	72,81	240,159	130,91	286	249
18004	130,130	72,81	249,172	130,91	298	249
18005	0,0	72,81	0,1	130,91	298	249
18006	2,0	35,35	3,0	70,41	249	231
18007	95,72	34,35	186,94	70,42	249	231
18008	271,251	269,190	334,233	280,224	298	257
18009	176,140	203,171	242,195	241,172	298	298
18010	176,140	35,24	242,195	26,15	298	298
18011	2,3	10,5	3,3	12,12	184	199
18012	60,33	10,5	62,37	12,12	232	199
18014	24,17	61,51	29,19	77,41	199	224
18015	33,15	2,2	34,31	7,3	194	206
18016	8,6	6,3	10,12	10,10	218	215
18017	26,23	25,24	60,42	64,23	240	276
18018	36,41	82,49	107,65	119,83	282	298
18019	51,58	47,27	116,53	86,56	298	281
18020	78,47	53,56	112,80	123,98	281	298
18021	418,326	223,177	545,431	251,196	279	216
18022	482,389	224,174	526,418	251,196	298	216
18023	247,199	518,423	325,220	735,541	245	298
18024	268,183	43,49	308,201	54,35	236	245
18025	270,186	369,328	308,201	434,342	236	245
18026	3,1	369,328	2,1	434,342	287	245
18027	6,3	42,12	4,1	20,9	236	268
18028	47,24	25,6	11,17	7,4	248	268
18029	12,11	25,23	7,8	27,12	221	298
18030	8,2	0,0	8,5	1,0	298	247
18031	13,11	59,69	4,2	36,26	298	298
18032	11,25	27,27	3,5	14,1	276	246
18033	13,11	24,25	3,2	13,1	298	246
18037	301,246	323,313	277,238	543,382	274	260
18038	0,1	422,322	3,2	641,486	260	245
18039	343,254	428,323	543,450	641,486	260	245
18040	16,43	153,132	14,8	139,105	298	223
18041	192,144	51,39	270,220	67,58	260	230
18042	44,63	138,145	82,65	188,121	210	252
18043	0,1	97,103	0,2	153,85	210	252
18044	197,147	97,103	270,225	153,85	260	252
18045	197,147	0,1	270,225	0,2	260	210
18046	226,185	66,55	299,253	101,73	260	210
18047	123,104	117,91	189,119	213,161	236	222
18049	304,225	206,152	540,402	321,237	234	208
18050	153,114	612,465	220,172	943,694	198	234
18051	191,159	614,462	193,106	942,694	225	234
18052	191,160	274,173	196,105	423,295	225	198
18054	5,7	11,9	3,8	10,10	263	247
18057	38,34	75,82	16,8	27,28	298	298
18058	91,67	31,49	28,19	22,8	298	287
18059	15,7	9,6	5,0	5,6	205	276
18061	7,13	598,694	6,1	992,754	298	271
18062	2,0	84,121	0,0	159,87	298	271
18063	0,0	19,18	5,1	39,24	239	298
18064	166,129	2,4	229,157	2,2	292	298
18065	166,129	152,127	229,157	175,132	292	298
18066	117,116	194,179	148,72	292,225	298	298
18067	85,59	60,55	79,59	48,32	298	266
18068	64,38	5,2	58,28	1,0	197	173
18069	37,38	54,55	35,32	59,40	253	241
18072	0,0	39,29	1,0	10,9	256	257
18073	0,1	10,9	0,1	14,13	236	268
18075	21,30	39,34	27,12	50,14	294	298
18076	21,9	118,85	30,20	137,103	298	298
18078	92,77	82,76	164,122	158,94	247	276
18079	576,480	474,318	818,613	934,596	298	296
18080	9,8	474,315	7,2	933,591	298	296
18081	16,9	169,135	7,6	290,178	298	187
18082	426,322	169,135	677,533	290,178	276	187
18083	426,322	16,9	677,533	7,6	276	298
18088	453,431	172,128	391,327	144,84	250	227
18089	440,414	9,11	382,315	11,12	250	227
18090	194,181	102,70	169,135	52,41	227	293
18091	204,195	279,285	186,154	273,254	227	255
18092	192,182	16,19	169,135	9,17	227	293
18093	192,182	434,336	169,135	453,364	227	298
18094	16,19	434,336	9,17	453,364	293	298
18095	394,305	282,281	377,263	273,254	293	255
18096	335,255	447,350	282,198	470,380	293	298
18097	333,254	388,290	282,196	411,345	293	298
18098	167,155	358,331	147,83	310,279	235	255
18099	167,153	495,389	147,83	548,428	235	298
18100	210,189	435,338	222,130	453,361	255	298
18101	202,164	387,289	214,122	411,345	255	298
18102	10,23	170,158	3,0	73,42	298	298
18103	79,104	56,108	42,29	33,38	298	283
18105	2,0	628,569	1,0	974,676	203	298
18106	10,18	628,569	14,8	974,676	232	298
18107	13,26	625,565	13,15	971,674	232	298
18108	341,393	360,304	544,341	560,400	298	246
18109	438,335	539,464	716,483	571,424	257	298
18110	572,497	381,349	663,473	399,271	298	257
18111	406,358	91,152	427,296	118,60	257	280
18112	406,358	55,72	427,296	37,14	257	247
18114	298,310	692,597	272,200	745,551	236	290
18115	290,259	110,91	419,299	124,113	298	216
18116	96,95	212,124	97,79	352,262	231	231
18117	119,110	162,155	119,109	251,185	213	268
18118	70,57	80,75	100,72	152,87	197	213
18119	86,102	165,134	107,83	174,131	234	242
18120	1598,1398	4180,3160	2713,1975	7410,5308	210	298
18121	2939,2282	4198,3177	5925,4011	7420,5330	298	298
18122	2,6	4198,3177	4,2	7420,5330	222	298
18123	2,2	4180,3160	0,0	7410,5308	192	298
18124	2691,2035	2240,1913	4923,3562	3921,2847	269	298
18125	2689,2035	3287,2399	4923,3561	6189,4313	269	298
18126	3572,2710	5389,4366	6325,4786	8911,6653	298	287
18127	2159,1835	3288,2397	3822,2738	6189,4314	287	298
18128	412,414	405,360	428,195	610,396	298	264
18129	15,23	5,18	5,3	5,2	200	274
18132	198,170	236,220	207,123	356,195	281	298
18133	201,172	165,156	215,125	153,91	298	272
18134	264,212	4,0	339,260	0,1	219	288
18135	48,44	87,65	77,52	158,96	219	239
18136	447,394	397,407	473,313	456,302	298	272
18138	133,107	79,69	159,102	129,52	258	230
18139	78,70	134,117	123,86	225,115	232	258
18140	86,51	144,113	98,84	161,95	218	232
18142	313,260	423,355	483,327	667,505	284	291
18143	54,53	152,142	80,42	297,164	298	231
18144	343,276	276,227	476,346	357,256	298	262
18145	83,58	365,282	85,66	512,363	172	298
18146	323,239	8,11	358,224	25,21	298	172
18147	314,227	596,411	431,320	870,625	259	290
18148	392,325	589,409	592,424	871,624	278	290
18149	1,1	589,409	1,1	871,624	259	290
18150	233,213	404,316	363,251	635,452	298	259
18151	393,340	224,208	594,425	361,249	278	292
18152	25,23	29,9	33,36	26,20	298	229
18154	12,16	11,6	7,9	17,3	279	243
18155	14,16	12,10	6,9	17,9	279	298
18156	14,16	16,8	6,9	17,9	279	292
18157	9,5	0,2	13,12	1,0	298	283
18158	11,2	7,18	6,8	13,12	298	298
18159	2,3	0,1	8,4	1,0	298	283
18160	1,1	6,6	0,0	9,9	283	289
18161	1,1	13,24	0,0	21,20	283	298
18162	1,5	14,10	2,1	9,7	298	234
18163	44,46	12,8	43,30	17,9	234	298
18164	4,4	55,56	12,13	98,80	167	243
18165	82,46	54,56	102,65	101,80	298	243
18166	29,30	106,95	49,40	129,74	197	260
18167	86,63	93,70	71,81	70,46	272	298
18169	30,29	38,23	42,45	60,60	298	281
18170	4,0	40,19	3,0	48,30	245	212
18205	0,0	1766,1362	1,0	3351,2365	222	272
18206	32,31	1767,1362	66,50	3352,2366	222	272
18207	197,158	334,241	240,139	424,278	272	298
18208	62,56	321,247	89,60	418,277	272	298
18209	389,278	197,175	464,330	327,192	298	285
18210	299,222	123,110	396,257	201,159	285	244
18211	300,221	93,101	396,257	137,97	285	285
18212	300,223	89,94	396,258	154,100	285	285
18213	175,155	93,100	276,172	137,97	244	285
18214	173,156	89,93	276,172	154,100	244	285
18215	13,6	66,49	6,6	82,62	298	242
18216	2,0	113,111	0,0	175,129	231	298
18217	12,36	71,54	26,27	83,66	298	242
18218	9,13	66,49	33,15	82,62	298	242
18219	3,3	67,47	5,3	80,62	298	242
18220	237,155	305,231	453,353	494,309	298	248
18221	117,108	303,229	163,127	492,308	298	248
18222	97,74	555,453	218,140	751,516	258	298
18223	488,454	440,350	549,298	588,389	298	298
18224	383,359	207,145	475,365	283,200	261	193
18225	184,146	383,324	245,195	525,373	193	220
18226	267,172	162,128	380,244	232,174	220	199
18227	115,144	178,156	176,97	242,185	298	233
18228	18,7	176,150	8,9	237,174	298	233
18229	186,143	10,12	262,166	17,23	219	298
18230	330,275	308,300	479,324	495,347	298	298
18231	380,270	367,324	599,361	466,350	282	298
18232	66,82	67,64	87,80	88,64	211	184
18233	81,84	77,68	131,109	79,56	275	247
18234	362,332	297,241	384,252	370,301	298	272
18235	166,141	349,241	127,66	480,360	298	298
18236	129,130	193,157	228,118	262,188	261	293
18237	127,130	8,19	225,119	24,10	261	293
18238	129,131	171,178	227,119	196,191	298	280
18239	7,19	171,178	24,10	196,191	293	280
18240	162,136	171,177	320,222	196,192	293	280
18241	167,141	164,136	327,235	193,150	293	284
18242	133,120	63,59	274,138	123,90	294	223
18243	9,8	64,63	22,13	122,90	294	223
18244	143,151	132,123	310,176	230,141	288	294
18245	90,96	126,115	135,97	214,133	233	294
18246	90,96	125,120	135,97	216,137	233	298
18247	97,100	127,123	151,105	261,130	233	288
18248	97,100	1,3	151,105	2,2	233	238
18249	1,3	57,65	3,4	114,68	298	199
18250	1,2	158,156	2,2	239,160	201	254
18251	97,63	103,107	115,104	145,108	281	254
18252	2,3	14,28	1,0	39,23	201	298
18253	133,100	14,28	179,143	39,23	281	298
18254	107,84	13,28	175,85	39,23	281	298
18255	32,25	13,28	26,29	39,23	213	298
18256	133,100	2,3	179,143	1,0	281	201
18257	95,69	1,3	109,108	1,4	281	201
18258	32,25	107,84	26,29	175,85	213	281
18259	21,19	52,45	38,35	89,46	196	281
18260	21,19	15,16	36,33	18,10	196	281
18261	221,167	98,61	288,215	175,117	245	205
18262	223,155	236,136	219,170	244,169	228	245
18263	32,46	195,165	31,15	340,260	280	222
18264	2291,2197	2040,1874	3919,2559	3839,2700	298	296
18265	70,90	86,88	121,70	103,75	285	298
18266	178,173	309,297	294,213	400,327	276	226
18267	178,173	156,169	294,213	265,166	276	240
18268	53,62	170,156	64,40	314,218	298	276
18269	30,5	24,12	17,9	15,13	298	256
18270	141,99	44,49	174,157	32,34	286	256
18271	96,89	134,98	82,90	155,97	265	247
18272	77,63	107,90	133,77	130,79	216	265
18273	116,112	64,46	167,99	60,61	297	216
18274	104,116	78,59	137,68	81,52	298	260
18275	47,44	68,84	80,50	109,61	247	298
18276	74,63	74,59	89,70	105,83	220	242
18277	81,62	37,58	90,55	69,47	246	220
18278	5,2	87,72	0,2	100,103	216	298
18279	53,52	38,24	86,47	58,50	298	213
18280	59,37	55,42	55,62	112,77	241	298
18291	0,1	1,0	0,2	0,0	277	298
18296	104,84	134,138	121,59	149,121	259	298
18297	26,14	36,30	16,7	48,36	214	298
18298	13,12	40,35	10,8	42,52	296	238
18299	136,107	40,35	164,133	42,52	298	238
18300	13,17	38,34	11,9	39,47	298	238
18301	13,12	38,36	10,9	39,45	298	238
18302	121,120	38,36	193,123	39,45	252	238
18303	53,54	38,36	59,31	39,45	199	238
18304	17,12	40,35	13,9	42,52	298	238
18305	13,12	38,34	10,8	39,45	298	238
18306	13,12	41,37	10,8	49,50	296	298
18307	136,107	41,37	164,133	49,50	298	298
18308	17,12	41,37	13,9	49,50	298	298
18309	14,12	43,37	10,8	49,50	296	298
18310	13,17	43,37	11,9	49,50	298	298
18311	121,120	41,37	193,123	49,50	252	298
18312	53,54	41,37	59,31	49,50	199	298
18314	120,116	1,2	187,121	2,2	252	298
18315	121,120	13,12	193,123	10,9	252	298
18316	53,54	13,12	59,31	10,9	199	298
18317	122,117	79,80	190,128	94,87	252	298
18318	109,103	79,80	163,133	94,86	236	298
18319	54,54	10,6	59,31	14,14	199	298
18320	52,54	79,80	59,33	94,87	199	298
18321	1,2	79,80	1,0	94,86	236	298
18322	120,116	10,6	187,121	14,14	252	298
18323	109,101	10,6	163,133	14,13	236	298
18324	109,101	85,70	163,134	113,97	236	252
18325	81,69	1,1	114,81	1,1	289	236
18327	0,0	1,4	4,0	0,1	253	202
18328	0,0	0,3	4,0	1,0	253	230
18329	0,0	0,2	4,0	2,0	253	275
18331	0,0	0,2	4,0	2,0	253	281
18333	0,0	2,2	4,0	2,2	253	284
18335	0,0	0,2	4,0	2,0	253	298
18336	0,0	0,2	4,0	2,0	253	298
18338	0,2	2,1	0,0	5,0	212	298
18339	118,117	73,41	38,32	20,16	272	199
18340	10,7	25,16	10,4	21,9	298	298
18341	2,1	38,40	1,0	52,50	197	298
18342	187,158	167,118	346,236	376,268	230	251
18343	223,145	186,154	542,329	321,221	239	230
18344	308,224	248,208	581,398	526,358	298	256
18351	145,110	140,99	268,187	211,147	298	263
18352	2,0	137,97	6,0	208,136	298	263
18353	0,0	137,97	2,1	208,136	298	263
18354	74,76	137,97	133,97	208,136	218	263
18355	74,76	2,0	133,97	6,0	218	298
18356	153,135	68,46	255,196	118,85	298	218
18357	147,113	308,179	211,138	462,320	253	247
18358	62,24	102,87	44,37	109,90	221	251
18359	85,78	102,87	65,52	109,90	298	251
18360	83,79	68,51	65,52	45,33	298	221
18361	13,5	9,6	30,14	21,10	221	206
18362	18,16	13,9	26,17	24,14	248	221
18363	0,0	8,6	1,0	13,8	207	225
18364	0,1	17,16	0,0	29,7	296	207
18365	379,324	624,453	475,365	567,440	200	232
18366	538,404	327,320	592,401	348,238	215	200
18367	386,363	329,299	485,340	381,309	253	215
18368	5,2	329,299	0,0	381,309	298	215
18369	582,438	645,540	538,413	773,563	234	253
18370	553,426	645,540	525,401	773,563	230	253
18371	268,207	349,248	410,317	626,447	239	298
18372	1212,929	1040,791	1993,1454	1786,1227	261	275
18373	1225,909	744,645	1515,1163	1128,789	262	261
18374	10,6	733,634	2,0	1127,780	262	261
18375	1114,781	733,634	1398,1075	1127,780	298	261
18376	1114,781	10,6	1398,1075	2,0	298	262
18377	1128,790	1235,1032	1399,1084	2204,1556	298	262
18378	79,51	67,59	150,66	125,93	298	238
18380	24,30	65,50	42,32	127,102	257	226
18381	74,41	115,72	94,59	259,161	226	264
18382	51,52	87,60	75,35	106,60	298	224
18383	26,12	24,18	17,10	17,25	240	216
18384	1,0	4,4	0,0	3,1	298	298
18387	2,5	3,4	8,0	1,6	259	298
18390	1949,1898	3266,3437	2442,2048	3735,2320	209	298
18391	8,11	3266,3437	7,4	3735,2320	203	298
18392	115,130	2,5	140,141	0,0	282	298
18393	0,2	1,0	0,0	2,2	271	230
18394	4,10	1,0	4,5	0,1	298	294
18395	4,10	2,0	4,5	0,1	298	298
18396	8,3	25,25	3,6	28,15	191	233
18397	19,13	15,9	8,6	6,5	238	191
18398	123,117	2,4	220,150	3,0	198	216
18399	292,323	2,0	382,298	1,0	298	198
18400	127,71	69,89	222,127	193,106	287	216
18401	156,98	184,110	281,167	275,163	260	298
18402	149,109	162,109	161,92	116,77	293	298
18403	66,32	118,97	52,52	159,111	239	293
18404	105,84	84,66	102,97	88,59	281	239
18405	217,149	22,7	221,170	12,13	281	273
18406	85,75	118,72	81,74	120,78	264	281
18407	87,75	23,12	79,71	10,8	264	281
18408	61,49	66,46	63,38	67,57	210	264
18409	53,55	59,61	80,51	52,57	264	210
18410	98,69	112,83	84,71	97,83	298	264
18419	6,0	1,0	4,5	1,1	242	288
18427	6,0	2,0	4,5	1,0	242	245
18439	11,22	17,3	19,17	13,20	234	298
18440	0,1	17,3	0,0	13,20	234	298
18441	23,28	17,3	58,17	13,20	298	298
18442	23,28	0,1	58,17	0,0	298	234
18443	116,116	22,12	145,71	8,2	298	234
18444	23,28	0,0	58,17	1,0	298	234
18446	45,41	19,22	69,19	20,19	298	298
18447	22,13	11,20	11,2	19,15	298	298
18448	1,0	11,20	1,0	19,15	234	298
18450	1,0	22,13	1,0	11,2	234	298
18456	421,334	1,0	542,385	1,0	298	242
18457	2,4	486,329	4,2	674,477	272	298
18458	128,143	221,243	121,87	242,181	254	244
18459	128,142	349,333	121,87	329,217	254	255
18460	128,142	321,304	121,87	311,220	254	258
18461	203,190	319,256	131,92	197,170	257	266
18463	18,0	163,161	3,1	322,246	265	245
18464	13,0	112,88	2,1	217,185	249	235
18465	169,140	152,146	314,195	249,205	245	254
18466	169,140	165,155	314,195	253,209	245	257
18467	130,116	9,4	175,101	2,3	276	245
18468	130,116	33,30	173,101	58,41	276	245
18469	130,120	84,63	173,101	129,109	276	245
18470	4,0	6,4	2,0	10,8	206	298
18472	25,25	23,29	27,41	37,28	245	251
18473	69,81	102,75	102,62	103,92	277	249
18474	107,87	115,81	114,70	113,91	266	298
18475	1,2	267,214	0,0	323,258	208	298
18477	10,7	267,214	2,4	323,258	188	298
18478	8,6	102,102	2,4	138,127	188	298
18491	64,33	40,38	67,65	91,62	263	271
18492	45,33	1,3	56,34	2,3	271	245
18493	0,0	10,2	6,1	8,1	283	217
18494	16,19	10,19	21,8	20,11	298	298
18495	2,2	16,11	8,1	17,20	298	298
18496	8,13	16,10	29,4	18,20	298	298
18497	333,257	307,284	586,427	463,329	285	298
18498	29,32	25,13	35,34	21,26	222	196
18499	206,155	129,71	386,246	167,121	298	257
18500	217,155	205,210	335,231	280,210	298	285
18501	225,163	243,194	242,207	342,241	285	298
18508	3,0	4,0	3,2	0,0	278	251
18511	4,3	1,0	3,6	1,2	203	278
18512	15,6	1,0	12,7	1,2	206	278
18513	1,0	5,3	0,0	3,6	280	206
18523	0,2	2,3	0,0	1,2	219	273
18530	294,255	149,121	152,103	90,82	298	298
18531	130,150	91,69	121,82	39,28	298	181
18535	42,34	47,41	52,23	61,50	227	245
18536	0,0	6,8	2,0	17,19	283	298
18537	89,68	127,122	175,125	185,127	298	298
18538	89,67	141,138	176,127	185,118	298	279
18539	150,152	115,84	200,124	197,107	298	278
18540	583,421	13,3	1401,1023	10,7	298	298
18541	35,44	69,85	73,44	112,62	183	217
18542	64,64	1,1	88,53	1,0	183	217
18543	51,45	60,46	79,60	87,44	217	218
18544	40,58	178,158	68,46	214,140	218	260
18545	115,113	199,186	173,99	303,191	260	268
18546	114,113	6,0	171,99	0,1	260	268
18547	216,163	142,100	225,149	200,116	268	249
18548	7,4	1,2	7,5	11,1	237	238
18549	2,7	96,47	4,0	124,108	253	298
18550	28,22	96,75	75,49	122,76	298	298
18551	80,54	84,39	117,77	90,49	298	286
18552	114,74	131,105	128,80	111,90	298	270
18553	26,21	140,197	16,16	167,154	185	298
18554	225,212	179,148	155,92	155,117	298	298
18555	249,226	179,148	164,92	155,117	298	298
18556	42,29	58,29	50,27	47,33	298	298
18557	38,30	59,34	43,19	51,24	253	298
18558	2,4	59,34	0,1	51,24	242	298
18559	6,6	59,34	0,2	51,24	298	298
18560	25,32	43,33	25,11	36,26	280	298
18561	3,0	40,32	0,0	35,26	280	298
18564	264,184	202,169	261,219	271,191	298	298
18565	139,126	209,182	177,140	282,200	298	298
18566	140,126	176,145	176,140	185,133	298	298
18567	157,139	176,145	208,178	186,133	298	298
18568	129,144	152,109	232,155	219,138	298	298
18569	96,83	195,202	145,85	244,138	250	288
18570	225,195	204,148	255,189	257,178	298	298
18571	248,213	192,136	261,196	276,178	298	296
18572	186,130	206,173	235,179	232,163	296	298
18573	186,128	205,151	235,179	258,178	296	298
18575	271,199	404,286	280,198	351,229	298	293
18576	174,146	403,288	170,120	351,229	264	293
18577	6,3	404,286	7,3	351,229	298	293
18578	175,146	322,281	170,120	281,250	264	298
18579	49,64	223,192	58,51	232,137	298	294
18580	79,77	215,199	63,53	228,151	298	298
18581	301,230	540,505	380,235	484,385	200	256
18582	299,231	529,517	380,235	611,463	200	243
18583	299,231	547,528	380,235	619,468	200	268
18584	63,62	0,3	85,67	0,0	188	200
18585	135,115	5,5	111,86	3,1	188	200
18586	62,62	256,208	85,67	230,184	188	200
18587	134,114	266,218	111,86	240,187	188	200
18588	159,125	688,599	169,129	666,478	230	188
18589	429,340	6,9	422,289	4,2	213	209
18590	305,237	373,291	279,199	412,282	193	213
18591	1,0	374,291	0,0	410,282	193	213
18592	8,3	373,291	0,0	410,282	193	213
18593	188,192	254,195	156,113	313,212	254	193
18594	464,372	270,199	352,332	313,212	254	193
18595	88,88	270,199	80,31	313,212	230	193
18596	88,88	464,372	80,31	352,332	230	254
18597	87,88	1368,1056	80,31	1306,974	230	254
18598	35,20	42,28	58,35	52,34	285	298
18599	44,59	57,42	54,35	54,32	298	285
18600	1,0	31,21	0,2	27,19	186	204
18601	2,0	31,21	0,1	27,19	236	204
18602	1,0	2,0	0,2	0,1	186	236
18603	198,166	200,176	175,147	146,97	298	243
18604	198,166	327,267	175,147	226,153	298	298
18605	8,9	328,269	0,1	226,153	298	298
18606	52,30	56,34	49,53	69,29	298	297
18607	42,22	38,43	44,32	58,27	241	298
18608	65,72	7,4	66,38	1,0	298	213
18609	50,36	84,73	24,16	71,45	213	298
18612	75,121	1048,1008	29,29	1388,895	223	298
18613	1245,1059	847,831	1518,984	1295,1011	292	285
18614	719,643	736,650	977,733	1298,822	285	236
18615	1752,1557	119,80	3092,2150	88,56	288	288
18616	528,475	72,67	967,651	108,62	201	161
18617	474,434	678,607	915,598	899,596	201	263
18618	75,79	722,647	98,65	948,645	161	263
18619	658,583	843,728	909,561	1016,713	261	298
18621	13,11	23,7	14,5	23,12	254	248
18622	13,23	25,19	22,11	13,8	248	246
18624	41,40	31,33	42,27	36,17	298	265
18625	25,22	72,57	16,7	51,32	235	296
18626	17,21	17,23	17,9	20,19	241	233
18627	20,21	26,32	16,17	27,25	224	241
18628	78,61	108,84	87,51	119,72	275	285
18629	72,68	253,189	78,56	267,204	298	298
18630	232,227	234,199	279,172	205,148	266	275
18631	14,12	4,5	22,12	6,0	242	240
18632	28,35	4,5	50,28	6,0	238	240
18639	56,81	162,110	74,51	186,123	275	298
18640	55,35	170,142	43,21	168,104	259	239
18641	43,37	125,89	45,21	149,81	219	223
18642	13,6	129,145	14,8	224,157	224	210
18643	13,5	2,2	13,6	0,2	224	210
18644	173,123	412,408	197,110	464,352	210	298
18645	392,343	378,326	517,339	467,365	298	298
18646	410,409	195,175	463,349	271,197	298	247
18647	181,216	397,368	352,228	494,392	245	298
18648	311,275	177,147	428,331	181,141	298	224
18649	225,215	227,221	267,217	328,247	224	247
18650	282,259	234,195	342,280	236,210	247	279
18651	67,53	111,92	64,44	188,113	220	278
18652	76,61	60,75	65,54	95,71	242	245
18653	1,0	60,72	2,2	95,72	242	245
18654	70,77	60,72	94,60	95,72	236	245
18655	70,77	1,0	94,60	2,2	236	242
18656	70,81	63,62	94,60	132,80	236	242
18657	74,69	2,2	149,101	3,2	242	236
18658	74,68	80,69	152,100	90,73	242	236
18659	125,85	82,81	176,138	80,64	298	242
18660	81,86	108,106	87,63	212,130	233	298
18663	122,218	30,82	132,41	23,11	252	254
18664	11,23	19,48	25,12	23,20	292	297
18665	28,43	122,91	18,2	113,86	206	202
18666	12,4	8,5	2,0	9,4	235	221
18667	15,6	13,19	8,0	12,11	235	221
18668	12,5	46,44	2,0	17,16	235	221
18669	1,3	46,44	0,0	17,16	232	221
18670	45,56	7,6	27,32	5,1	221	193
18671	26,26	57,36	8,11	20,25	221	298
18672	36,34	38,41	21,17	28,8	221	230
18673	7,6	89,90	5,1	54,24	193	245
18674	5,3	145,139	3,1	91,70	193	298
18675	5,3	2,0	3,1	1,0	193	245
18676	2,0	43,59	1,0	40,29	245	298
18677	42,42	3,6	33,12	1,1	245	245
18678	34,42	51,40	30,12	28,24	298	245
18679	140,155	12,17	108,46	9,9	298	249
18680	173,161	5,7	101,63	1,1	298	245
18681	5,7	60,52	1,1	58,29	245	242
18682	2,0	83,126	0,0	63,46	242	260
18683	67,46	86,133	29,26	65,47	242	260
18684	123,105	38,41	64,66	36,18	298	208
18685	1,2	12,10	0,0	1,2	208	298
18686	1,2	125,135	0,0	78,61	208	298
18687	41,25	157,158	13,10	87,73	208	298
18688	98,124	1,2	72,55	0,0	298	298
18690	6,1	0,0	5,4	0,1	207	242
18691	6,1	1,0	5,4	0,0	207	183
18692	0,1	1,2	0,0	1,0	191	164
18693	0,1	1,5	0,0	4,2	191	242
18694	0,0	1,0	0,1	0,0	242	183
18695	1,5	1,0	4,2	0,0	242	183
18696	4,2	1,0	1,5	0,0	298	183
18698	17,27	26,14	28,19	22,14	265	198
18699	127,82	87,91	201,77	111,102	298	251
18703	343,338	186,138	362,317	137,104	235	195
18704	155,170	341,351	156,136	387,237	195	261
18706	97,76	59,54	78,59	98,63	241	228
18707	97,76	51,48	78,59	78,54	241	216
18708	95,78	187,137	118,76	211,119	226	278
18709	81,77	52,39	105,64	48,74	241	229
18710	2,0	37,27	0,4	48,21	298	248
18716	247,179	3,7	415,226	4,2	255	276
18717	8560,7024	5842,4523	16234,11610	12195,8929	287	259
18718	20,17	16,12	34,12	16,13	248	178
18719	0,0	12,12	0,2	15,13	248	178
18720	1,0	12,13	0,0	15,13	248	178
18721	21,24	43,26	34,19	55,37	204	228
18722	8,10	44,26	23,16	55,35	185	228
18723	7,10	18,21	23,18	53,21	185	220
18724	41,47	1,1	50,36	1,1	239	209
18725	41,51	27,27	53,38	48,26	239	209
18726	2,0	33,40	2,0	48,20	298	270
18727	0,7	33,40	0,0	48,20	247	270
18728	13,19	33,40	26,19	48,20	298	270
18729	8,2	33,40	4,2	48,20	271	270
18730	67,51	16,23	88,50	24,16	219	270
18731	0,7	2,0	0,0	2,0	247	298
18732	13,19	2,0	26,19	2,0	298	298
18733	8,2	2,0	4,2	2,0	271	298
18734	13,19	0,7	26,19	0,0	298	247
18735	8,2	0,7	4,2	0,0	271	247
18736	8,2	13,19	4,2	26,19	271	298
18737	926,719	686,516	1127,837	697,529	288	272
18738	508,402	264,173	634,437	284,195	298	234
18757	432,353	305,305	672,461	447,336	283	298
18758	181,170	471,331	235,190	623,508	230	283
18759	237,250	309,228	421,292	479,345	298	230
18760	5,3	309,228	1,3	479,345	298	230
18766	6,5	19,15	2,1	29,14	298	260
18767	6,5	17,15	2,1	29,14	298	257
18768	29,18	0,0	38,17	0,1	298	226
18769	17,17	19,15	23,11	29,14	298	260
18770	17,17	17,15	23,11	29,14	298	257
18784	4,9	23,16	11,4	32,31	209	271
18785	0,1	4,4	0,1	0,0	285	200
18786	8,5	4,4	3,4	0,0	288	200
18804	53,32	78,48	83,48	90,55	298	298
18805	7,6	42,18	9,12	23,32	206	247
18806	59,30	27,25	32,41	44,21	290	296
18807	16,34	89,78	14,13	73,45	224	255
18818	42,52	74,43	59,44	67,44	244	193
18819	197,170	205,177	196,143	167,127	298	298
18820	1350,1145	510,474	1002,905	342,317	295	257
18821	198,158	942,787	258,179	951,757	192	266
18822	198,158	1130,972	258,179	1147,924	192	298
18823	641,529	235,206	759,599	191,129	291	280
18824	248,210	955,824	275,190	915,689	291	283
18825	641,534	53,20	759,599	32,31	291	192
18826	650,546	172,160	759,599	155,123	291	192
18827	361,333	683,544	417,344	906,686	265	291
18828	434,355	522,426	492,349	614,488	298	265
18829	197,168	179,165	152,114	246,184	261	238
18830	107,123	257,211	62,25	273,193	215	261
18832	31,17	17,21	10,5	8,13	298	298
18833	17,17	28,22	2,2	5,11	271	298
18834	59,58	69,58	87,55	72,32	220	216
18836	19,20	124,128	28,19	173,121	198	263
18837	4,3	124,128	4,3	173,121	196	263
18838	3,0	124,128	1,0	173,121	298	263
18839	7,6	124,128	6,6	173,121	298	263
18840	0,0	1,0	1,0	1,2	196	198
18841	4,3	7,6	4,3	6,6	196	298
18842	235,208	337,268	269,252	473,389	237	298
18843	232,205	46,32	260,249	35,36	237	298
18844	300,241	5,11	444,354	6,4	298	231
18845	300,241	6,11	444,354	8,3	298	192
18846	300,241	115,81	446,355	153,99	298	231
18847	300,241	107,84	446,355	152,97	298	192
18848	153,107	37,18	187,133	20,9	231	284
18849	407,327	37,18	592,462	20,9	192	284
18850	67,40	46,47	62,55	44,52	209	191
18851	67,45	97,73	62,57	128,77	209	206
18852	67,45	82,50	62,57	58,43	209	191
18853	66,41	16,6	61,53	4,5	209	263
18854	82,50	97,73	58,43	128,77	191	206
18855	273,224	99,72	244,198	130,80	191	206
18856	104,78	12,11	93,78	7,8	191	263
18857	2,5	134,101	3,3	114,94	263	218
18858	187,135	78,64	163,130	89,62	233	197
18859	37,42	54,58	7,5	21,32	249	216
18861	88,60	57,75	59,64	64,71	280	288
18863	0,1	79,58	0,0	78,66	242	298
18864	18,8	40,41	21,27	81,50	242	298
18865	38,41	77,60	39,43	79,69	298	298
18866	491,462	730,617	476,328	663,462	242	283
18867	775,646	728,617	909,589	663,464	298	283
18868	577,479	921,860	586,386	1131,887	245	298
18869	817,751	411,400	1019,686	422,337	298	225
18870	817,752	867,873	1019,686	956,679	298	275
18871	407,415	889,781	556,408	852,707	225	253
18872	409,408	867,872	556,408	956,679	225	275
18873	410,408	644,634	556,408	579,464	225	218
18874	694,631	867,878	757,635	956,679	253	275
18875	908,828	644,642	870,709	580,464	275	218
18876	604,566	1152,957	654,512	1190,869	218	292
18877	1122,1108	1068,858	1110,820	1317,918	292	298
18880	1170,931	425,325	1638,1227	501,354	298	298
18881	12,3	101,85	8,3	178,130	254	286
18882	63,69	101,85	142,86	178,130	258	286
18883	60,46	77,50	132,68	93,85	298	254
18884	12,14	77,50	31,14	93,85	298	254
18885	11,12	2,2	30,14	2,0	298	258
18886	59,44	2,2	131,68	2,0	298	258
18887	2,2	79,52	4,0	94,86	298	258
18888	12,14	80,54	31,14	96,86	298	258
18889	60,46	80,54	132,68	96,86	298	258
18891	6,5	24,19	14,1	49,29	240	298
18892	166,111	228,189	234,176	307,166	262	298
18893	16,20	60,37	15,11	44,34	298	246
18894	10,17	81,71	17,11	81,46	246	245
18895	23,14	74,64	12,13	68,35	298	291
18896	12,11	74,64	8,4	68,35	298	291
18897	38,64	95,64	63,38	120,99	290	277
18898	958,913	11,7	1016,725	0,0	298	265
18899	406,289	18,10	336,209	2,7	206	265
18900	410,291	933,926	336,209	877,616	206	298
18901	226,155	463,446	205,152	491,370	194	206
18902	274,245	266,267	265,211	279,192	210	194
18903	779,616	301,261	668,503	284,192	280	210
18904	362,349	749,536	413,302	677,491	245	280
18905	352,308	748,535	336,228	677,493	218	280
18906	351,306	554,450	335,226	555,444	218	276
18907	379,350	402,326	382,264	458,364	218	245
18908	388,316	18,20	410,343	19,12	244	218
18909	391,317	306,242	409,344	380,255	244	218
18910	224,146	477,471	225,154	524,360	224	244
18911	79,53	457,458	74,83	499,349	204	244
18916	64,60	44,44	89,67	50,31	280	254
18918	1973,1624	3,1	2619,1857	1,0	298	298
18919	1973,1624	2756,2285	2619,1857	3171,2476	298	257
18920	2,2	16,16	2,5	28,11	298	298
18921	17835,16300	13583,11598	25453,20109	22904,15964	296	298
18922	11876,11044	13583,11598	16998,12970	22904,15964	255	298
18923	17835,16300	13583,11597	25453,20109	22904,15964	296	298
18924	11876,11044	13583,11597	16998,12970	22904,15964	255	298
18925	3,1	18900,16572	0,1	31546,22405	262	298
18926	3,3	18900,16572	0,2	31546,22405	251	298
18927	236,220	18900,16572	455,217	31546,22405	298	298
18928	1,1	109,126	1,0	125,114	274	246
18929	1,1	29,32	1,0	61,36	274	203
18930	6,3	109,126	7,5	125,114	261	246
18931	6,4	29,32	7,5	61,36	261	203
18932	106,105	29,31	115,117	61,36	246	203
18933	94,71	72,62	108,44	58,34	263	228
18934	139,124	53,46	224,157	41,27	247	179
18935	268,223	381,367	300,197	334,261	291	298
18936	2,8	381,367	8,7	334,261	219	298
18937	265,224	376,362	321,193	334,261	298	298
18938	267,225	376,362	321,193	334,261	298	298
18939	115,104	465,408	140,96	526,367	230	298
18940	117,104	232,224	140,96	263,176	230	298
18941	60,58	138,133	63,49	174,99	298	230
18942	95,51	54,39	133,93	30,27	298	245
18943	33,18	24,19	43,20	22,8	291	292
18944	32,21	24,16	43,20	6,4	291	295
18945	30,24	45,22	29,36	44,28	283	298
18946	30,27	10,5	31,13	21,7	246	298
18947	128,112	16,12	111,84	18,13	298	277
18948	2,1	1,0	1,0	0,0	298	298
18949	2,1	1,0	1,0	0,0	298	298
18950	0,1	0,0	4,0	1,0	189	230
18951	2598,2271	7854,6848	3584,2786	10387,8069	245	298
18952	5439,4189	3506,2902	9291,6922	4713,3632	287	245
18953	2366,1921	4020,3437	4398,3089	5641,4305	244	287
18954	3972,3066	3437,2721	6965,5013	5706,4310	289	244
18955	53,41	124,107	93,56	194,147	241	221
18956	130,140	162,163	215,141	263,195	261	257
18957	0,0	0,2	0,2	3,0	190	197
18958	312,279	219,182	407,276	259,176	298	298
18959	87,83	227,214	94,89	376,291	226	298
18960	85,60	100,89	95,74	82,53	298	220
18961	78,72	77,36	84,54	65,40	278	210
18963	211,240	518,409	524,308	711,506	263	248
18964	3,4	518,409	3,4	710,506	263	248
18965	592,475	518,409	945,688	710,506	298	248
18966	584,466	532,413	930,666	829,581	252	263
18967	856,750	4,1	1521,1020	5,2	252	218
18968	628,636	521,455	1011,717	734,501	298	298
18969	7,12	519,450	10,17	726,498	208	298
18970	1,3	27,15	5,2	16,9	208	298
18973	1,0	5,11	0,3	12,7	298	247
18975	91,57	65,65	110,83	116,78	233	236
18976	156,143	60,105	173,117	56,26	298	297
18977	76,79	61,103	148,80	56,24	247	297
18978	20,11	14,11	11,18	34,12	228	282
18980	87,36	47,48	111,91	91,65	293	298
18981	9,16	395,317	6,3	594,438	238	298
18982	33,46	395,317	70,62	594,438	298	298
18983	26,19	526,511	28,16	815,606	256	298
18984	469,405	306,316	508,407	330,236	298	298
18985	296,280	442,355	411,281	439,370	298	269
18986	377,270	441,355	410,304	439,370	282	269
18987	44,30	47,33	35,26	35,24	298	298
18989	585,516	413,343	1298,840	808,632	251	209
18990	470,368	467,360	884,668	1035,761	209	219
18991	509,420	553,499	995,697	1070,847	219	236
18994	111,104	5,19	47,20	1,1	218	246
18995	73,53	141,91	43,43	72,44	243	221
18996	4,4	139,86	2,0	143,104	289	259
18997	4,4	2,0	2,0	0,1	289	253
18998	207,128	116,96	175,135	91,78	284	236
18999	91,56	100,77	63,37	67,80	236	298
19000	4,9	31,31	8,4	21,29	219	224
19001	2,3	26,32	3,6	20,25	219	224
19002	0,2	20,31	2,0	17,27	219	224
19003	33,33	29,13	49,37	24,16	298	216
19004	35,21	48,35	31,26	23,25	268	288
19007	6,3	81,66	1,5	76,70	192	261
19008	37,25	56,44	24,43	56,39	261	253
19009	9,52	1165,1079	22,5	1801,1455	203	272
19010	144,134	218,185	297,229	384,272	244	256
19011	162,136	338,259	452,280	767,627	230	273
19012	170,131	171,161	326,250	444,296	215	230
19013	26,30	46,39	23,9	22,27	264	298
19016	0,1	2,0	1,0	2,0	266	248
19017	63,42	33,33	82,83	43,32	200	197
19018	65,46	48,34	82,83	63,49	200	197
19019	71,52	139,140	87,89	220,149	200	197
19020	71,52	72,79	87,89	120,68	200	260
19021	7,10	9,7	12,10	24,12	203	209
19022	3,4	14,7	2,1	25,6	298	209
19023	1,4	14,7	4,5	25,6	203	209
19024	59,23	14,7	50,34	25,6	185	209
19025	1,4	7,3	5,4	17,6	203	209
19026	23,6	7,3	22,6	17,6	185	209
19027	195,137	7,3	235,212	17,6	200	209
19028	1,4	3,4	4,5	2,1	203	298
19029	59,23	3,4	50,34	2,1	185	298
19030	1,0	3,4	0,1	3,0	203	298
19031	19,8	3,4	19,23	3,0	185	298
19032	10,5	1,4	8,4	4,0	203	298
19033	1,0	1,4	0,0	5,0	203	298
19034	1,1	1,4	6,3	5,0	185	298
19035	70,45	1,4	89,84	5,0	200	298
19036	59,23	1,4	50,34	4,5	185	203
19037	23,6	1,4	22,6	5,4	185	203
19038	195,137	1,4	235,212	5,4	200	203
19039	19,8	1,0	19,23	0,1	185	203
19040	1,1	1,0	6,3	0,0	185	203
19041	70,45	1,0	89,84	0,0	200	203
19042	195,137	23,6	235,212	22,6	200	185
19043	70,45	1,1	89,84	6,3	200	185
19044	64,41	4,5	82,85	5,1	200	185
19045	334,232	466,441	699,506	958,706	275	298
19046	340,290	358,278	574,469	730,534	254	269
19048	147,135	0,0	139,150	0,4	298	253
19049	45,55	0,0	61,36	0,4	193	253
19050	428,309	0,0	550,368	0,4	277	253
19051	245,196	0,0	283,184	0,4	281	253
19052	409,339	0,0	437,347	0,4	289	253
19053	97,69	0,0	166,108	0,4	245	253
19054	106,95	0,0	98,110	0,4	257	253
19055	0,2	4,0	0,0	5,6	298	279
19056	5,6	0,0	12,6	0,3	279	253
19057	5,6	1,0	12,6	0,2	279	247
19058	0,0	1,0	0,3	0,2	253	247
19060	133,123	235,192	179,140	388,286	217	298
19061	233,206	213,172	326,194	397,314	298	248
19062	4,11	101,101	5,3	200,147	245	241
19063	218,161	133,92	347,264	216,154	298	233
19064	9,7	139,129	21,15	260,141	176	298
19065	4,0	141,131	2,2	269,144	282	298
19066	130,107	184,127	192,152	266,205	208	282
19067	93,88	266,202	212,145	358,264	234	298
19068	89,66	4,0	164,93	1,1	237	234
19069	1,2	16,16	9,1	46,26	237	234
19070	89,66	93,62	166,94	133,99	237	234
19071	61,32	113,89	79,59	190,137	193	234
19072	0,0	11,1	0,1	5,2	298	298
19073	1,0	11,1	1,0	5,2	240	298
19074	1,0	11,1	1,0	5,2	298	298
19075	1,0	11,1	1,1	5,2	298	298
19076	92,72	8,0	174,109	0,0	237	298
19077	64,32	8,0	79,64	0,0	193	298
19078	0,0	2,0	0,1	5,2	298	275
19079	1,0	2,0	1,0	5,2	240	275
19080	1,0	2,0	1,0	5,2	298	275
19081	1,0	2,0	1,1	5,2	298	275
19082	92,72	2,0	174,109	0,0	237	275
19083	64,32	2,0	79,64	0,0	193	275
19084	64,32	92,72	79,64	174,109	193	237
19085	2,0	10,5	0,0	5,9	222	220
19086	10,6	11,8	3,2	8,6	233	219
19087	5283,4171	5652,4573	9213,7440	11819,9242	256	281
19088	4683,4028	648,501	8442,6093	1386,1091	281	260
19092	2270,2053	790,690	2715,1940	981,607	276	298
19093	1,0	790,690	0,0	981,607	298	298
19094	4980,4334	4,2	5752,4438	0,0	276	226
19095	2426,2052	4,2	2793,2267	0,0	298	226
19096	2059,1451	2429,2052	3234,2405	2793,2265	283	276
19097	2054,1449	7,7	3234,2405	0,0	283	276
19098	78,85	104,78	132,81	122,97	209	215
19099	3,4	61,58	0,4	106,62	298	276
19100	11,3	61,58	7,1	107,62	298	276
19101	2,0	61,58	0,1	107,62	273	276
19102	4,2	155,127	3,1	189,153	250	298
19103	151,158	0,0	199,232	1,2	298	247
19104	0,1	105,68	2,0	160,109	298	298
19105	169,91	60,52	163,128	86,109	298	298
19106	162,117	91,106	214,160	113,123	298	298
19108	93,106	0,0	113,123	1,2	298	247
19109	244,240	117,69	230,146	121,83	298	238
19110	26,28	28,27	32,18	19,24	186	195
19111	6,5	28,27	5,4	19,24	186	195
19112	107,128	82,39	98,60	61,53	236	186
19113	285,252	350,259	401,257	485,354	290	272
19114	578,465	415,336	1176,742	628,401	298	239
19115	3,2	6,7	0,0	4,1	221	215
19116	0,5	6,7	5,4	4,1	226	215
19117	0,5	3,2	5,4	0,0	226	221
19118	42,35	57,43	43,34	49,44	257	259
19119	87,58	51,50	111,84	49,34	298	257
19120	380,378	1543,1174	705,527	2603,1967	217	297
19121	1930,1633	1906,1677	3378,2380	2822,2071	298	298
19122	873,736	2274,1916	1373,1081	3458,2636	202	298
19123	1519,1234	2445,1879	2856,2055	4730,3391	223	293
19124	584,518	1596,1424	1475,919	2269,1705	246	223
19125	15,21	17,9	12,11	0,4	215	237
19126	47,46	53,37	16,12	13,9	291	271
19129	27,37	530,414	26,13	404,280	230	238
19130	122,144	357,326	91,68	363,241	175	239
19131	108,146	8,2	83,67	2,1	175	239
19132	357,313	295,239	182,147	197,145	239	211
19133	357,313	554,419	182,147	411,281	239	238
19134	843,755	13,7	1164,875	6,9	267	223
19135	308,271	208,181	341,251	262,231	267	214
19136	86,50	61,48	95,74	79,45	287	290
19137	105,124	142,151	154,114	225,159	298	298
19138	125,113	46,38	165,118	33,47	298	298
19139	185,191	88,68	257,205	103,74	298	298
19140	34,28	112,82	45,27	136,96	298	298
19141	279,218	45,49	340,233	38,36	298	192
19142	192,200	234,187	359,261	243,193	298	258
19143	227,169	273,216	302,153	330,235	258	298
19144	271,241	174,195	313,250	307,198	298	298
19145	277,214	137,121	330,235	273,164	298	298
19146	277,214	32,25	330,235	41,37	298	298
19147	174,174	71,85	212,138	147,89	298	234
19148	77,63	35,32	113,98	28,35	234	298
19149	2,2	2,1	3,1	7,5	213	298
19150	0,1	1,0	2,0	1,1	222	236
19151	0,1	1,0	2,0	2,0	222	236
19152	1,0	1,0	1,1	2,0	236	236
19153	2,1	0,0	1,3	0,1	236	298
19154	2959,2507	395,320	5509,3903	788,541	249	240
19155	643,640	1031,904	1071,677	2188,1480	260	249
19156	16,11	1031,904	13,7	2188,1480	298	249
19157	2144,1792	1023,897	3708,2916	2186,1475	298	249
19158	1258,1092	1536,1275	1908,1518	2673,1974	256	257
19159	13,13	1,3	35,26	2,2	282	226
19160	7,3	31,25	2,0	32,30	203	223
19161	46,49	16,10	65,52	27,24	239	191
19162	25,14	1,0	22,16	0,0	180	191
19163	24,27	51,22	23,23	55,43	275	269
19166	10,4	152,162	1,7	180,98	298	298
19167	23,22	101,102	33,7	143,107	298	298
19168	7,18	152,162	4,0	180,98	298	298
19169	0,3	2,3	0,1	5,2	220	240
19170	1,2	394,299	2,1	350,242	220	238
19171	259,229	258,162	238,141	316,177	238	240
19172	262,234	389,322	239,146	391,322	238	213
19173	446,352	508,396	359,256	553,443	240	272
19174	446,352	389,322	359,256	391,322	240	213
19175	446,352	228,209	359,256	316,208	240	237
19176	356,236	225,203	408,237	315,203	272	237
19177	193,119	450,317	226,180	506,351	237	239
19178	483,457	584,493	513,402	764,567	249	289
19179	11,13	218,195	0,1	320,238	298	203
19180	11,12	1,0	0,1	0,1	298	203
19181	15,5	798,655	9,9	980,850	247	225
19182	253,235	227,202	298,257	320,236	225	203
19183	242,186	183,155	283,245	253,205	203	218
19185	7,7	24,39	10,6	35,29	294	298
19186	2,4	12,6	4,3	14,5	196	298
19187	0,0	12,8	1,2	14,3	216	298
19188	0,0	12,6	1,1	17,3	182	298
19189	0,0	3,3	1,0	2,1	216	196
19190	0,2	14,10	1,0	23,13	182	196
19191	0,1	7,2	1,0	11,9	182	216
19192	14,17	38,22	21,12	46,31	245	245
19194	161,150	69,53	229,134	129,77	242	218
19195	8,1	105,79	12,1	188,111	298	242
19197	281,259	204,179	384,240	282,236	294	298
19198	249,230	239,218	340,283	286,183	298	294
19199	14,19	120,110	14,5	165,108	246	219
19200	68,58	43,37	126,84	79,49	298	251
19201	235,197	212,147	640,491	450,380	298	241
19202	123,93	0,1	130,117	0,0	222	287
19203	207,178	85,93	226,178	87,63	274	224
19204	205,174	132,127	225,180	122,70	274	298
19205	107,97	134,127	164,116	123,70	224	298
19206	109,98	214,235	158,112	230,137	224	298
19207	410,374	380,375	342,240	522,394	298	298
19208	400,376	350,296	342,240	380,288	298	298
19209	400,373	306,226	342,240	401,296	298	269
19210	372,289	305,227	344,232	387,237	298	298
19211	372,286	349,296	340,229	380,288	298	298
19212	379,377	352,299	521,396	385,295	298	298
19213	379,375	306,226	521,394	401,296	298	269
19214	195,148	711,639	266,208	898,674	214	297
19215	683,478	362,245	822,628	455,352	298	214
19216	613,426	697,516	701,437	744,580	288	298
19217	5,15	687,511	3,1	741,580	288	298
19218	683,489	511,501	842,539	615,484	289	288
19219	6,11	1170,897	6,3	1275,894	273	298
19221	1554,1177	1730,1331	2658,1720	2363,1812	298	298
19222	1110,983	1289,1139	1424,1093	1625,1072	298	269
19223	1575,1189	1696,1388	2084,1627	2264,1444	269	298
19224	4218,3693	3174,2789	6900,4847	3888,2839	284	229
19225	4233,3701	3808,3411	6903,4847	5201,3879	284	294
19226	78,260	3670,3207	64,23	5180,3572	287	249
19227	99,119	64,50	132,81	65,44	296	232
19228	1,4	40,35	0,0	55,29	294	183
19229	142,129	75,42	214,154	67,45	298	217
19230	0,3	13,16	0,0	16,12	298	245
19231	5,1	48,29	1,1	56,29	298	179
19232	0,8	162,148	1,1	150,114	245	221
19233	1,3	295,256	6,2	301,212	179	291
19237	216,207	96,36	368,243	104,60	298	266
19238	202,141	320,239	209,128	336,251	298	296
19240	37,38	8,20	33,21	4,0	265	298
19241	413,306	295,230	427,325	432,294	298	258
19242	72,81	126,108	108,83	111,105	271	298
19243	65,62	91,63	59,45	126,88	260	271
19244	26,33	76,88	47,18	111,91	298	260
19245	11,9	76,88	18,17	111,91	298	260
19247	80,78	128,114	66,46	71,50	274	273
19249	200,201	348,276	264,192	494,337	266	296
19250	1,0	261,177	0,0	319,266	298	266
19251	115,131	259,162	200,106	369,288	269	257
19252	5,7	2,0	9,6	0,2	298	268
19253	5,7	2,0	9,6	0,2	298	271
19254	3,0	259,229	1,0	351,246	298	243
19255	136,114	259,229	233,157	351,246	248	243
19256	141,132	48,38	225,155	42,35	289	225
19257	3,6	43,26	0,0	37,30	298	268
19258	2,0	75,53	5,1	76,69	298	298
19259	25,19	30,32	55,30	34,38	259	239
19264	145,114	75,64	201,125	114,70	264	241
19265	89,49	84,83	82,71	157,99	259	264
19266	40,51	84,83	51,29	157,99	262	264
19267	175,169	137,96	291,219	204,115	298	259
19268	83,141	71,103	52,29	51,26	298	254
19270	6,4	2,2	6,5	1,0	242	205
19273	129,134	66,75	179,118	87,74	298	298
19274	24,30	87,75	66,37	100,69	205	276
19279	218,162	456,331	309,231	633,421	244	251
19280	2,0	995,808	0,0	1378,995	291	289
19281	172,161	1,0	198,124	0,0	269	298
19282	172,161	714,578	198,124	867,711	269	290
19283	4,0	415,326	1,1	474,301	298	269
19284	607,535	415,326	736,495	474,301	298	269
19285	1,2	410,323	1,0	474,301	278	269
19287	187,187	224,162	190,126	156,101	247	298
19288	205,256	178,188	217,140	164,137	298	247
19289	21,33	1,4	18,15	0,0	237	256
19291	399,353	642,508	612,417	708,502	237	274
19292	469,357	133,118	525,374	193,131	274	216
19293	306,212	328,257	371,238	560,382	216	255
19295	1,0	2,0	2,0	4,0	244	298
19296	117,109	7,4	180,118	7,4	248	231
19297	124,114	50,22	212,148	73,41	245	231
19298	121,111	51,22	179,124	73,41	248	231
19299	119,109	90,60	175,117	126,95	248	245
19300	0,0	1,0	2,2	0,0	298	291
19301	0,2	0,1	3,1	0,1	207	298
19306	468,443	720,566	535,341	1050,693	298	277
19307	432,400	3,0	497,312	5,1	298	277
19308	1,0	646,509	6,1	923,618	277	250
19309	735,527	630,513	902,665	914,598	277	298
19310	735,527	633,513	902,665	917,598	277	267
19311	735,527	660,546	902,665	947,624	277	250
19312	533,457	346,327	640,555	410,342	281	246
19313	457,491	345,328	503,332	410,342	298	246
19314	448,486	345,328	503,332	410,342	298	246
19315	379,329	494,578	531,416	539,391	222	298
19316	664,523	489,579	720,575	539,391	286	298
19317	2,0	489,579	2,0	539,391	298	298
19318	2,0	489,579	0,0	539,391	298	298
19319	664,523	2,0	720,575	2,0	286	298
19320	668,523	277,346	720,575	379,260	286	298
19321	664,523	2,0	720,575	0,0	286	298
19322	668,523	277,346	720,575	377,260	286	298
19323	549,439	4,5	649,456	2,1	288	298
19324	549,439	250,238	649,456	338,262	288	298
19325	403,286	297,233	610,387	480,346	287	298
19326	2,2	284,224	1,1	464,340	287	298
19327	219,181	284,224	256,200	464,340	230	298
19328	219,181	2,2	256,200	1,1	230	287
19329	232,188	145,114	272,206	191,116	230	287
19330	252,210	6,4	277,215	8,2	237	230
19331	252,210	195,129	277,215	301,192	237	230
19332	24,17	30,25	23,13	29,18	210	227
19333	60,57	139,75	73,53	150,108	268	274
19334	128,79	107,76	166,95	116,89	274	241
19335	46,27	149,159	43,24	205,143	298	294
19336	220,155	140,106	240,141	177,120	298	290
19337	160,136	105,81	204,124	188,95	290	269
19338	172,156	150,146	150,101	228,106	284	298
19339	133,151	170,159	138,81	246,118	298	298
19340	130,145	149,159	131,80	205,143	298	294
19341	157,145	152,167	229,106	213,144	298	294
19342	70,42	0,0	75,66	0,1	239	282
19343	169,119	0,0	211,184	0,1	243	282
19344	169,119	0,2	211,184	0,0	243	250
19345	81,83	42,33	110,74	50,35	252	219
19346	81,83	80,82	110,74	111,73	252	298
19347	157,151	269,230	280,184	509,348	298	298
19348	239,235	255,234	359,279	374,262	269	298
19349	138,87	13,12	220,170	39,19	275	257
19350	449,347	13,12	767,548	39,19	284	257
19351	71,52	121,91	117,70	261,133	222	226
19352	305,243	210,127	478,308	278,189	275	226
19353	7,1	210,127	10,5	278,189	206	226
19355	18,24	0,0	32,18	4,4	261	178
19356	332,233	367,285	632,444	588,476	233	238
19357	421,324	367,285	771,540	588,476	255	238
19358	479,382	385,301	856,642	623,491	298	238
19359	231,226	335,345	479,280	670,477	269	298
19360	303,251	212,196	463,273	314,220	239	215
19361	173,184	465,361	293,180	604,425	215	269
19362	311,296	260,187	424,264	382,246	227	235
19363	157,192	544,476	201,156	805,511	235	295
19364	157,115	80,85	156,133	142,95	298	298
19365	125,93	59,60	170,122	64,46	298	274
19366	439,360	862,673	772,580	1180,867	224	256
19367	488,379	605,523	696,498	762,520	228	224
19368	5,5	598,503	4,4	760,519	248	224
19369	946,787	941,725	1138,848	1074,857	276	248
19370	2,1	2227,1766	0,0	3119,2291	267	276
19371	0,1	2,0	1,1	2,2	231	298
19373	18,1	2,0	10,2	2,2	293	298
19375	18,1	0,1	10,2	1,1	293	231
19378	3343,2746	7690,7559	5898,3691	8603,6356	298	298
19379	14,12	186,205	9,11	270,179	298	298
19380	9,7	249,251	7,9	312,211	259	252
19381	336,344	1,0	317,273	0,0	298	249
19382	140,103	199,157	128,84	358,221	227	298
19386	34,79	393,465	72,32	752,523	213	298
19387	21,11	10,13	20,21	9,3	298	221
19388	15,10	23,25	36,28	24,31	257	298
19389	2,6	27,11	3,3	7,6	230	251
19390	49,35	3,3	25,13	6,7	298	298
19391	15,15	13,21	11,6	24,12	289	266
19392	13,15	17,24	12,12	29,20	266	266
19395	2,2	3,0	1,8	1,2	225	298
19396	9,4	0,4	8,1	0,1	298	221
19397	19,13	2,1	3,7	0,0	224	274
19398	381,348	250,274	391,295	420,286	298	298
19399	296,257	195,162	432,271	295,216	298	298
19400	114,151	417,292	135,65	443,324	266	298
19401	24,41	11,0	15,8	14,8	298	298
19402	13,11	2,7	1,3	4,4	298	279
19405	2696,2217	3139,2608	3622,2791	3814,2898	229	250
19406	2698,2218	1156,1034	3622,2789	1729,1333	229	225
19407	2148,1802	1155,1034	3333,2447	1729,1335	250	225
19408	1123,913	701,628	1256,945	813,672	298	246
19409	289,271	583,472	275,214	679,499	291	207
19410	576,412	366,272	687,467	333,260	245	255
19411	226,171	589,443	365,199	957,595	254	260
19413	313,249	439,325	366,270	484,328	298	298
19414	312,249	5,0	366,270	3,0	298	298
19415	524,436	136,130	767,509	201,133	298	194
19416	522,438	403,378	765,509	520,333	298	268
19417	522,438	3,2	765,509	0,0	298	194
19418	3,2	403,378	0,0	520,333	194	268
19419	111,82	404,378	121,69	522,333	194	268
19420	111,82	398,372	121,69	511,330	194	264
19423	676,554	1,3	771,542	1,2	298	298
19424	69,97	63,84	27,8	49,33	298	298
19425	94,100	107,106	164,101	158,89	227	251
19426	164,131	325,272	293,224	400,241	251	298
19427	219,188	164,138	270,209	303,191	298	226
19428	283,266	165,137	414,288	307,191	298	226
19429	335,272	566,486	326,195	481,352	298	298
19430	118,129	565,475	116,81	481,351	248	298
19431	334,309	483,359	327,215	446,315	298	298
19432	404,304	259,217	289,223	256,145	280	248
19433	404,304	20,11	289,223	9,3	280	298
19434	405,305	179,169	289,223	177,126	280	298
19435	96,86	273,242	66,37	263,171	247	280
19436	4,8	339,277	2,1	259,189	201	247
19438	298,225	6,6	358,268	0,0	298	256
19439	298,225	230,225	358,268	315,174	298	283
19440	6,6	230,225	0,0	315,174	256	283
19441	202,208	282,257	316,182	344,230	272	268
19442	303,329	306,244	347,262	359,243	298	298
19443	181,177	342,254	237,166	511,297	237	248
19444	181,176	5,9	236,166	5,0	237	248
19445	295,260	324,226	369,224	515,307	248	245
19446	341,288	191,129	524,340	240,154	245	225
19449	3281,3211	26020,21433	4961,3699	41782,32708	177	298
19450	12104,10774	26020,21433	21317,15836	41782,32708	244	298
19451	12047,10708	114,91	21311,15831	132,90	244	298
19452	66,71	5018,4875	61,60	5769,5269	298	298
19453	66,71	2478,2109	61,60	3191,2716	298	258
19454	0,0	5,4	1,2	13,6	279	188
19455	105,109	159,142	129,91	166,149	298	298
19456	109,118	46,41	136,100	69,54	298	206
19457	22,34	8,4	84,54	6,1	206	271
19458	23,33	81,98	84,54	107,96	206	271
19459	181,132	125,106	166,104	235,157	234	298
19460	34,35	262,221	62,44	315,222	192	298
19461	10,6	26,34	10,1	40,33	264	276
19462	13,6	13,4	12,3	12,5	264	298
19463	253,224	527,493	92,62	172,142	246	295
19464	264,235	330,265	93,62	182,149	246	229
19465	30,26	332,265	9,4	182,147	246	229
19466	435,465	333,271	155,131	182,147	295	229
19467	258,246	589,531	72,78	358,235	229	296
19468	625,526	297,256	315,234	198,141	296	245
19469	624,525	5,3	315,234	0,1	296	245
19470	345,307	85,69	204,126	71,48	245	298
19471	344,307	348,249	204,125	160,129	245	281
19472	338,305	165,123	204,123	135,99	245	199
19473	582,486	355,253	384,284	160,132	298	281
19474	529,457	171,126	354,246	135,101	298	199
19475	5,9	171,126	1,3	135,101	281	199
19476	67,64	221,151	64,45	165,137	281	199
19477	182,181	543,467	132,48	654,502	298	216
19478	299,282	349,257	505,359	437,292	273	275
19479	460,363	347,255	694,413	439,292	298	275
19480	226,155	482,425	264,161	886,631	298	298
19481	129,134	12,13	130,104	12,7	295	209
19482	45,34	50,38	47,35	24,24	295	246
19483	1,1	79,107	0,0	78,44	246	272
19484	67,75	79,107	61,53	78,44	246	272
19485	23,29	4,6	10,18	3,1	298	178
19486	48,60	4,6	58,37	3,1	275	178
19487	63,53	4,6	38,28	3,1	272	178
19489	2,3	260,361	0,2	140,99	298	257
19490	0,1	1067,965	0,0	1296,891	196	298
19491	249,217	327,307	369,233	479,350	251	270
19492	1,1	327,307	0,2	479,350	195	270
19493	436,348	205,148	663,429	302,218	298	195
19494	436,348	330,241	663,429	507,356	298	251
19495	3163,2339	2889,2493	5887,4151	4322,3244	229	243
19496	3163,2339	2051,1703	5887,4151	2944,2350	229	214
19497	3163,2339	2128,1765	5887,4151	3086,2445	229	298
19498	3163,2339	3,3	5887,4151	0,0	229	218
19499	3250,2438	2889,2493	5989,4220	4322,3244	298	243
19500	3240,2430	3453,2815	5989,4220	4671,3599	298	256
19501	53,29	2889,2493	63,36	4322,3244	269	243
19502	43,21	3453,2815	63,36	4671,3599	269	256
19503	5392,4175	2892,2493	8369,6372	4325,3245	269	243
19504	5384,4167	3447,2810	8369,6372	4668,3599	269	256
19505	5395,4190	3447,2810	8406,6387	4668,3599	298	256
19506	3252,2769	3459,2820	5124,3772	4668,3599	243	256
19507	1829,1505	1995,1499	2457,1858	2165,1910	207	224
19508	1,0	11,9	0,1	22,25	192	242
19510	8,13	11,20	24,16	23,21	242	244
19511	4,6	7,5	11,15	4,7	298	298
19512	17,16	93,76	24,11	92,61	298	297
19513	20,29	94,74	36,23	92,61	298	297
19514	21,8	94,74	27,18	92,61	298	297
19515	21,8	20,29	27,18	36,23	298	298
19516	21,8	15,20	24,20	33,13	297	298
19517	1,2	20,19	4,0	42,31	298	298
19518	16,0	40,31	14,10	37,34	254	298
19519	7,3	21,15	5,4	29,13	236	254
19520	11,10	32,23	25,11	50,30	272	254
19522	3,4	0,1	0,0	1,0	298	227
19532	0,0	2,1	1,0	0,0	298	298
19533	0,2	0,0	1,4	3,1	298	268
19535	19,9	3,3	10,28	8,5	241	175
19539	2,0	2,2	2,0	5,1	298	298
19540	38,46	465,427	41,30	637,371	295	298
19541	403,384	1501,1332	683,507	3000,2131	222	244
19543	1899,1552	995,838	3001,2288	1671,1206	254	210
19544	1895,1534	1724,1551	2989,2278	3215,2293	254	250
19545	1269,1028	1728,1568	2169,1408	3226,2304	210	250
19546	42,49	76,72	93,57	178,113	284	281
19547	53,34	102,71	83,55	140,113	281	260
19548	164,111	123,96	235,157	157,151	280	243
19549	12,3	422,370	9,2	664,456	225	298
19550	4,5	0,0	2,2	0,1	245	201
19551	4,5	0,1	2,2	4,0	245	221
19554	0,0	0,1	0,1	4,0	201	221
19558	327,259	414,325	432,337	477,351	298	284
19559	268,219	397,320	397,302	511,420	264	298
19560	122,105	236,186	209,166	293,215	205	264
19561	335,299	143,109	473,409	202,174	298	205
19562	259,269	329,276	445,296	540,410	298	298
19563	95,103	347,302	223,141	490,421	209	298
19564	269,243	85,92	397,280	127,75	263	209
19565	326,319	212,224	431,322	413,272	298	263
19566	121,103	46,31	189,121	40,30	209	187
19567	317,280	128,129	554,363	208,153	274	209
19568	167,158	293,264	337,194	498,313	225	275
19569	172,132	175,163	356,229	375,257	219	225
19570	127,101	153,138	194,152	259,160	219	219
19571	220,207	149,154	351,233	323,189	242	219
19572	150,140	185,137	199,132	312,218	235	231
19573	186,204	157,159	268,197	254,171	269	235
19574	1972,1547	894,744	2502,1926	1038,754	298	233
19575	1267,1108	897,744	1920,1498	1038,754	298	233
19576	1778,1360	1448,1155	2395,1898	2114,1479	298	298
19577	1429,1145	1975,1549	2196,1604	2502,1924	298	298
19578	1270,1110	1789,1373	1920,1496	2395,1898	298	298
19579	1166,894	1454,1167	1690,1217	2018,1536	256	298
19580	935,686	1447,1157	1260,891	2017,1536	249	298
19581	1215,1021	1450,1157	1746,1266	2017,1536	279	298
19582	942,696	1117,732	1260,891	1442,1099	249	256
19583	1215,1019	1123,737	1746,1266	1445,1101	279	256
19584	1215,1019	1057,796	1746,1266	1641,1200	279	249
19585	9,9	46,22	7,5	36,33	280	268
19587	1038,751	931,793	1959,1386	1523,1048	274	292
19588	859,672	450,383	1545,1259	1146,689	259	247
19589	15,9	805,629	17,14	1632,1125	212	250
19590	307,256	979,788	613,377	1830,1336	214	259
19591	328,282	506,376	495,323	805,641	209	212
19592	38,30	0,1	17,14	0,1	200	173
19593	0,2	2,1	0,0	1,1	225	211
19594	1,0	2,1	0,0	1,1	298	211
19595	1,0	2,1	0,0	1,1	279	211
19596	2,0	2,1	0,0	1,1	245	211
19602	1,1	0,3	3,0	0,3	233	256
19603	2,1	0,2	3,0	5,1	256	298
19604	264,244	69,76	334,241	150,104	277	199
19605	98,95	140,103	103,69	217,143	199	199
19606	37,25	17,16	49,30	27,13	234	200
19607	6,2	12,9	5,3	11,12	198	184
19608	9,2	13,12	5,3	6,5	198	195
19609	18,16	14,11	10,13	16,12	227	231
19610	1,1	127,89	3,1	138,100	298	285
19611	79,57	127,89	161,102	138,100	278	285
19612	5,0	127,89	4,3	138,100	205	285
19613	94,83	130,106	147,131	180,115	285	298
19614	442,391	423,348	496,391	539,380	274	256
19615	82,77	445,363	133,67	565,399	298	256
19616	158,161	431,351	133,70	537,381	257	256
19617	4,2	431,351	2,1	537,381	298	256
19618	306,327	436,382	494,354	475,362	276	274
19619	279,264	438,383	387,251	478,365	298	274
19620	81,77	432,385	133,67	484,363	298	274
19621	140,169	432,385	215,163	484,363	236	274
19622	4,11	430,384	3,0	480,362	276	274
19623	3,2	430,384	2,1	480,362	298	274
19624	3,2	4,11	2,1	3,0	298	276
19625	285,263	422,387	387,251	459,343	298	276
19626	87,76	427,391	133,67	461,352	298	276
19627	122,141	427,391	174,135	461,352	236	276
19628	9,1	423,391	2,1	455,342	298	276
19629	140,169	81,77	215,163	133,67	236	298
19630	122,141	87,76	174,135	133,67	236	298
19631	119,146	440,447	176,133	721,512	236	298
19632	493,507	419,357	758,571	831,581	298	261
19633	301,240	514,445	556,452	959,598	240	298
19634	483,325	386,398	697,489	569,415	298	240
19635	22,3	381,398	15,21	568,412	298	240
19636	216,169	381,398	355,210	568,412	230	240
19637	216,169	22,3	355,210	15,21	230	298
19638	221,166	441,376	357,214	785,647	230	298
19639	429,453	105,84	501,291	122,93	258	256
19640	431,451	265,256	501,291	377,328	258	256
19641	439,453	259,236	509,299	329,332	258	219
19642	76,58	252,209	47,29	284,190	218	284
19643	408,372	288,233	568,338	272,225	298	298
19644	378,335	420,390	639,386	418,330	298	293
19645	297,299	142,134	313,185	130,104	266	211
19646	297,299	16,13	313,185	11,5	266	179
19647	227,252	349,283	142,140	216,185	228	249
19648	130,95	281,209	181,128	353,261	230	298
19649	229,195	280,209	356,253	353,261	298	298
19652	14,1	25,33	4,1	14,14	204	298
19653	114,136	152,100	83,69	98,91	298	225
19654	42,65	29,32	38,16	48,32	298	298
19655	44,61	117,144	38,16	99,82	298	298
19656	8,11	27,33	2,4	47,33	278	298
19657	403,375	27,33	296,245	47,33	298	298
19658	349,377	122,128	230,190	102,50	298	298
19659	9,2	399,374	5,3	296,245	298	298
19660	3,0	156,152	1,0	71,68	298	298
19661	15,24	18,20	34,32	12,4	270	236
19670	70,32	79,54	67,63	100,76	279	297
19671	68,50	24,30	89,69	50,47	298	239
19672	25,44	3,7	57,51	9,8	298	238
19673	25,44	24,38	58,51	53,48	298	239
19674	25,44	24,29	58,51	50,45	298	236
19675	27,44	42,26	56,51	61,50	298	258
19676	23,19	24,29	48,43	51,45	238	236
19677	24,17	42,26	48,41	63,46	238	258
19679	5,3	142,141	7,1	160,104	213	298
19680	270,258	200,126	276,206	278,159	298	298
19681	270,256	164,136	276,207	293,210	298	298
19682	270,258	2,2	276,206	0,0	298	298
19683	140,141	260,215	157,96	294,200	298	298
19684	140,141	247,207	157,96	283,197	298	286
19685	52,43	384,341	70,29	490,287	270	281
19686	277,262	320,258	312,225	373,257	281	295
19687	277,262	33,11	311,225	7,7	281	295
19688	411,367	45,62	526,304	25,9	295	298
19689	283,313	401,320	385,261	611,436	242	298
19690	362,304	186,134	513,368	285,195	298	215
19691	187,155	183,135	312,198	289,231	215	239
19692	16,17	18,14	23,17	25,10	298	298
19693	7,5	12,11	9,13	10,7	266	269
19694	20,6	6,10	29,15	10,12	298	235
19695	23,14	36,17	44,42	39,33	298	298
19696	148,109	170,142	203,160	241,140	235	239
19697	50,47	123,85	61,56	182,121	248	219
19698	102,96	101,62	178,134	212,154	298	261
19699	131,91	154,96	217,151	265,165	261	287
19700	118,80	184,143	267,194	224,232	287	296
19701	46,37	115,84	88,69	207,122	251	273
19702	76,72	28,22	209,117	57,31	273	211
19703	37,41	74,39	99,56	113,86	211	215
19704	78,42	73,66	107,57	133,110	215	219
19705	47,36	99,69	91,53	192,129	219	251
19706	99,69	109,95	165,137	152,133	251	266
19707	4,0	139,90	1,0	184,131	266	298
19708	118,76	139,90	232,158	186,129	266	298
19709	1,3	11,18	2,1	8,2	286	278
19710	10,34	28,13	9,12	4,5	237	275
19711	31,43	26,13	31,23	4,4	298	275
19712	8,5	16,16	6,4	16,13	238	225
19713	24,18	17,17	17,12	14,15	238	225
19714	5,3	17,17	6,1	14,15	229	225
19715	5,3	24,18	6,1	17,12	229	238
19716	3,3	67,57	7,1	43,24	229	238
19717	11,8	5,4	11,5	4,0	229	244
19718	11,8	10,9	11,5	7,2	229	298
19720	338,284	234,189	471,366	231,213	221	200
19721	253,307	516,515	248,163	612,422	298	298
19722	557,486	269,280	667,472	359,277	298	298
19724	125,105	143,117	250,153	178,143	213	221
19725	130,104	47,38	250,153	30,31	213	221
19726	2,7	414,380	5,9	615,516	221	221
19727	50,51	377,310	79,47	568,405	208	288
19728	49,60	78,68	38,40	104,94	279	208
19729	116,156	78,70	246,135	104,96	279	208
19730	72,54	291,311	55,20	547,306	298	279
19731	32,38	169,153	46,41	287,164	298	279
19732	207,189	162,148	258,195	228,156	298	298
19733	175,185	166,176	217,161	211,145	298	298
19736	0,4	1055,821	0,0	1834,1230	298	240
19737	0,4	336,266	0,0	619,439	298	196
19738	7268,6482	1677,1497	12656,9357	2448,2251	290	260
19739	5555,4693	4670,3924	9815,6918	7544,6141	260	290
19740	7359,6484	7082,5780	10750,7243	12695,9143	298	297
19741	75,38	95,74	80,63	123,93	298	223
19742	66,62	74,42	102,78	140,83	241	294
19743	66,60	12,2	108,80	2,4	241	294
19744	66,60	109,87	108,80	139,106	241	223
19745	12,2	109,87	2,4	139,106	294	223
19746	4,0	41,27	2,2	39,27	294	202
19747	4,0	8,8	2,2	5,5	294	223
19748	52,34	2,1	115,75	1,2	294	223
19749	52,34	44,26	115,75	45,33	294	202
19750	8,8	41,27	5,5	39,27	223	202
19751	2,1	44,26	1,2	45,33	223	202
19752	37,15	50,28	43,30	38,29	223	202
19753	4,0	101,62	0,2	107,94	202	257
19754	49,33	103,66	108,65	109,95	202	257
19755	2395,1959	8,1	3407,2399	3,4	288	298
19756	0,4	32,34	0,0	16,17	248	298
19758	32,34	0,2	16,17	0,0	298	201
19759	21,19	65,60	8,6	65,56	298	204
19760	8,11	63,68	6,3	46,41	204	259
19761	31,36	80,71	31,27	89,51	259	253
19762	8,5	17,19	1,0	8,2	243	285
19763	43,29	1,0	28,22	0,0	197	260
19764	5,3	1,3	6,0	2,4	223	237
19766	50,34	38,56	39,32	34,43	276	210
19767	15,8	38,56	18,12	34,43	285	210
19768	32,59	83,88	84,57	80,75	245	230
19769	138,104	166,113	263,165	165,88	218	298
19770	1,0	1,5	1,2	1,0	298	267
19771	1,0	1,3	1,2	8,2	298	193
19772	20,14	6,9	28,21	5,4	284	227
19773	0,4	61,69	1,2	54,51	267	298
19774	356,316	287,260	466,325	477,266	298	229
19775	12,10	283,209	7,7	696,562	298	296
19776	11,24	280,208	56,43	697,562	298	296
19777	86,76	161,129	62,42	136,92	264	287
19778	191,183	176,170	114,93	148,119	287	298
19779	164,128	41,37	125,81	26,14	255	170
19780	67,71	138,109	89,67	121,83	227	241
19781	105,102	69,80	135,96	131,79	287	298
19782	104,93	7,4	130,94	3,4	287	298
19783	0,1	189,177	0,0	304,188	263	298
19784	1,4	110,103	0,0	170,114	298	298
19785	4,1	9,12	0,0	5,2	298	298
19786	124,104	110,103	176,113	170,114	298	298
19787	127,101	9,12	176,113	5,2	298	298
19788	1,3	108,94	0,0	165,112	298	298
19790	73,79	48,52	128,75	92,52	298	226
19791	6,1	35,25	9,8	32,24	298	275
19792	6,1	26,18	9,8	24,19	298	236
19793	6,1	0,1	9,8	0,1	298	275
19794	13,2	35,25	13,12	32,24	298	275
19795	13,2	26,18	13,12	24,19	298	236
19798	5,3	2,4	3,1	6,4	293	298
19799	5,3	2,5	3,1	9,4	298	298
19800	5,3	2,4	3,1	6,4	298	298
19819	0,1	0,1	0,1	0,0	227	205
19820	4,10	0,1	4,2	0,0	247	205
19821	4,1	0,0	2,0	2,1	298	236
19823	4,1	0,0	2,0	2,1	298	225
19825	4,1	0,0	2,0	2,2	298	225
19826	241,252	139,138	394,262	232,168	264	298
19827	35,56	147,141	50,21	295,246	270	264
19828	175,130	113,96	279,167	223,178	278	288
19829	38,22	113,96	32,30	223,178	214	288
19830	75,48	114,95	154,113	219,177	214	288
19831	109,74	115,95	174,143	223,177	298	288
19832	154,165	109,96	216,208	182,152	277	258
19833	344,319	6,3	494,329	6,3	298	298
19834	344,319	4,1	494,329	7,2	298	298
19835	303,235	251,215	442,298	379,274	298	257
19836	169,148	269,231	296,214	322,249	232	255
19838	33,23	3,3	43,30	0,0	298	184
19839	3,5	2,0	1,0	0,0	217	298
19840	3,5	2,1	1,0	0,0	217	214
19841	0,0	1,3	1,0	4,0	220	214
19844	2,0	2,3	0,0	2,0	298	298
19845	93,78	19,3	110,60	17,8	288	232
19846	73,66	55,50	81,56	88,70	288	298
19847	147,112	51,48	236,118	53,38	298	298
19848	155,112	161,133	236,118	163,94	298	298
19849	89,86	160,133	114,106	163,94	298	298
19852	0,1	8,3	0,0	2,6	267	266
19853	1,2	61,71	0,0	31,24	231	285
19854	26,19	43,50	25,15	52,31	298	271
19855	7,16	44,31	16,9	13,21	298	298
19856	441,403	301,305	463,299	246,149	236	293
19857	749,716	280,330	680,491	293,173	265	236
19858	615,591	590,497	582,418	782,466	246	265
19859	626,535	7,4	893,638	9,5	298	203
19866	71,57	267,224	63,35	375,242	271	267
19867	8,8	0,0	12,13	1,0	218	291
19868	6,6	0,1	7,6	1,0	218	291
19869	4,9	1,0	6,4	2,1	291	247
19870	4,9	2,1	6,4	0,0	291	243
19871	2,1	1,0	0,0	2,1	243	247
19872	0,0	1,1	1,1	5,8	247	208
19874	0,0	0,1	1,1	0,0	247	268
19877	0,0	0,1	1,1	2,6	247	208
19881	1,1	0,1	5,8	0,0	208	268
19888	0,0	0,3	2,0	0,0	298	268
19908	1,2	1,3	2,0	1,4	298	195
19909	4,6	204,143	3,1	233,153	216	240
19910	2,2	204,143	0,0	233,153	226	240
19911	265,218	196,153	294,180	256,169	226	251
19912	195,172	97,111	293,190	80,46	284	298
19913	217,180	52,52	274,229	87,38	286	284
19917	5,2	29,34	6,3	30,15	298	251
19918	11,0	35,26	4,7	61,54	298	270
19919	11,8	97,73	15,11	72,62	219	239
19920	9,7	72,58	15,11	61,48	219	240
19921	71,56	107,81	68,47	101,81	240	298
19925	0,2	9,13	2,0	19,5	298	298
19926	20,14	9,13	21,7	19,5	220	298
19927	20,14	0,2	21,7	2,0	220	298
19928	2,2	3,4	0,0	7,0	238	274
19929	544,473	62,60	297,255	11,2	298	298
19930	0,0	8,7	3,0	13,7	298	222
19934	586,562	289,346	694,542	283,149	288	298
19935	78,130	146,153	69,53	245,181	211	233
19936	3,0	243,286	1,0	328,248	211	279
19937	404,385	4,0	564,458	4,0	298	211
19938	2,0	4,0	0,1	4,0	298	211
19939	403,385	110,87	564,457	109,57	298	211
19941	113,110	150,86	283,210	168,110	298	298
19942	57,54	156,154	89,74	212,176	242	298
19943	78,72	49,43	129,71	53,31	296	249
19944	121,85	9,7	165,98	19,19	296	188
19945	97,74	137,130	123,88	248,160	298	298
19946	1,3	41,31	3,1	60,40	162	210
19947	56,48	30,17	121,71	57,33	235	194
19948	63,47	23,46	131,101	123,75	224	235
19949	49,42	46,24	58,55	41,45	277	239
19950	65,28	0,2	72,63	3,2	266	188
19951	84,66	75,64	89,72	110,77	298	298
19952	161,138	278,253	247,214	435,295	217	298
19953	124,108	165,141	156,128	248,219	205	261
19956	62,91	136,138	68,43	96,90	298	298
19957	61,91	82,64	68,42	67,36	298	248
19958	93,117	84,64	109,98	65,37	298	248
19959	100,92	139,120	88,73	143,83	298	298
19960	183,175	92,100	216,126	114,90	298	277
19961	151,132	92,98	152,102	114,90	298	277
19963	376,344	532,405	532,424	665,520	211	231
19964	648,595	530,408	921,647	660,520	281	231
19965	259,224	372,357	404,316	529,424	224	211
19966	650,599	478,395	924,649	690,456	281	224
19967	2,1	1,0	7,7	0,0	238	298
19968	1,0	5,0	0,0	13,6	298	238
19970	98,79	148,125	120,118	167,101	258	298
19972	1,1	5,4	0,0	7,3	173	230
19973	1,1	43,36	0,0	48,29	173	298
19974	5,4	43,36	7,3	48,29	230	298
19975	87,63	0,0	86,60	1,0	248	242
19976	6,3	53,64	4,2	66,44	207	298
19977	1,1	1,3	1,0	0,0	191	217
19979	68,44	54,38	82,53	51,56	297	298
19980	59,38	0,1	73,41	1,0	297	298
19981	39,27	43,53	44,28	82,59	298	262
19982	5,3	1,3	2,2	0,3	269	264
19985	3,1	0,1	0,3	0,0	275	283
19986	3,1	3,4	0,3	3,2	275	291
19987	3,0	3,3	0,1	0,3	275	226
19990	0,1	3,4	0,0	3,2	283	291
19991	3,4	7,3	1,2	2,5	226	233
19992	6,5	10,3	1,4	2,6	226	233
19994	30,31	4,2	24,26	7,0	267	291
19995	11,7	2,0	9,8	0,0	267	291
19996	11,7	30,18	9,8	21,13	267	298
19997	2,0	30,18	0,0	21,13	291	298
19998	0,7	41,41	7,1	37,32	291	298
19999	20,24	6,5	21,22	11,10	298	294
20001	3,2	1,0	0,0	0,1	287	298
20002	3,2	1,6	0,0	0,1	287	298
20004	0,1	1,0	0,0	0,1	260	298
20005	0,1	1,6	0,0	0,1	260	298
20009	26,22	13,10	29,22	6,1	294	298
20010	22,17	4,2	20,13	4,8	294	298
20011	21,17	6,4	20,13	7,4	294	298
20012	21,17	3,1	20,13	0,2	294	214
20014	22,19	1,2	12,7	0,2	298	285
20015	15,9	3,6	8,6	5,5	298	221
20016	15,9	11,9	8,6	13,9	298	298
20017	15,9	1,1	8,6	0,2	298	214
20018	3,6	1,1	5,5	0,2	221	214
20020	6,4	3,1	7,4	0,2	298	214
20021	11,9	1,1	13,9	0,2	298	214
20023	9,10	7,6	4,1	4,1	298	239
20026	2,0	4,6	1,0	6,1	214	239
20027	0,0	4,6	1,0	4,1	214	239
20028	1,0	4,9	1,1	4,1	214	239
20029	3,3	1,3	0,6	1,0	214	298
20030	2,1	10,10	1,1	7,2	214	239
20031	1,1	1,3	0,2	1,0	214	298
20033	5,0	6,10	3,1	4,6	298	239
20034	5,0	1,3	3,1	0,3	298	239
20039	18,24	22,30	37,31	55,33	298	206
20041	6,10	39,27	3,2	59,54	223	186
20042	17,14	124,98	23,9	144,104	186	262
20043	175,163	205,171	233,164	214,158	280	266
20045	17,9	3,6	53,28	6,12	270	298
20050	966,857	427,371	1499,1266	954,699	290	239
20051	964,856	229,162	1497,1268	409,319	290	239
20052	69,79	77,72	136,110	65,51	298	298
20053	144,133	98,86	162,106	98,63	298	298
20054	144,114	46,62	159,129	88,55	298	221
20055	93,70	60,47	70,42	71,50	275	208
20056	41,23	119,105	38,24	167,116	193	298
20057	22,15	84,72	6,18	116,81	237	262
20058	0,1	388,385	0,0	487,413	255	298
20059	468,382	597,508	530,424	822,545	298	298
20060	386,362	595,449	578,454	850,597	266	298
20061	78,89	392,329	115,60	421,338	298	266
20062	0,1	172,110	4,0	239,189	218	298
20063	4,1	153,143	2,0	250,194	218	298
20064	50,50	34,23	36,30	25,27	298	298
20067	853,579	328,260	846,572	264,160	291	247
20068	398,370	743,568	379,235	616,428	298	298
20069	770,651	380,289	540,403	301,215	298	298
20070	465,371	397,377	364,252	385,237	294	298
20071	182,268	401,370	141,72	384,235	298	298
20072	183,278	755,641	142,74	539,397	298	294
20074	0,1	0,3	0,1	0,3	223	266
20075	3,3	0,3	8,4	0,3	285	266
20078	3,1	0,0	4,4	0,1	285	229
20079	3,1	0,1	4,4	0,1	285	249
20080	3,3	0,1	8,4	0,1	285	223
20081	17,16	91,67	24,25	137,81	223	233
20082	12,21	91,67	5,3	137,81	298	233
20083	1,2	66,62	2,2	111,70	222	194
20084	92,100	192,150	115,78	281,229	194	221
20085	4,5	117,116	5,4	161,139	221	215
20086	188,161	119,117	191,161	164,139	221	215
20087	137,113	426,360	174,128	525,407	215	298
20088	1,0	426,360	0,0	525,407	206	298
20089	308,271	421,352	456,374	603,442	298	298
20090	426,358	425,347	527,407	760,504	298	298
20091	12,14	117,93	22,19	158,133	273	173
20093	12,13	28,14	9,9	28,37	239	226
20096	97,90	1,1	131,65	0,0	194	298
20097	20,22	76,63	15,14	104,65	194	277
20098	67,60	0,0	97,46	1,1	277	274
20099	1,12	21,19	16,17	39,32	232	273
20100	8,8	4,10	0,11	20,12	297	232
20101	133,154	177,176	108,73	197,125	265	298
20102	64,50	79,47	77,53	47,55	239	294
20103	64,50	11,12	73,52	9,13	239	197
20104	62,50	79,47	79,54	47,55	244	294
20105	58,53	13,10	63,52	13,11	294	197
20107	0,0	107,97	0,1	109,66	292	237
20108	0,0	189,167	0,1	237,127	292	237
20109	4,1	189,167	1,0	237,127	223	237
20110	4,1	0,0	1,0	0,1	223	292
20111	3,7	5,2	1,1	3,1	223	292
20112	424,440	1366,1165	558,445	2678,1893	217	281
20115	171,138	113,96	157,123	116,80	298	298
20116	92,58	126,88	103,59	123,78	298	298
20142	5,6	15,3	14,15	5,2	298	244
20143	3,5	12,5	7,10	23,7	217	298
20146	279,208	569,401	204,148	379,243	251	298
20147	171,133	252,189	108,81	153,116	298	251
20148	162,136	1,3	288,226	0,0	264	210
20149	160,138	36,43	288,226	75,43	264	210
20151	112,126	288,305	124,78	210,163	253	298
20153	112,126	282,296	124,78	208,162	253	298
20156	10,7	79,58	3,7	85,49	245	298
20157	30,24	34,56	50,26	37,17	247	298
20158	603,462	101,107	459,313	65,56	266	182
20159	422,374	339,317	716,564	769,591	218	216
20160	379,338	358,351	679,542	566,393	218	209
20161	259,244	399,387	411,310	602,415	216	209
20163	0,1	65,59	0,0	76,62	212	205
20165	2009,1691	1877,1583	2042,1445	1888,1266	223	208
20166	2003,1674	8,6	2035,1443	1,2	223	208
20167	2002,1672	6,5	2035,1441	1,2	223	208
20168	2002,1672	4,5	2035,1441	0,2	223	291
20169	2002,1672	3450,2657	2035,1441	3366,2493	223	298
20170	4,6	4052,3218	1,2	3872,2785	208	291
20171	6,5	4,5	1,2	0,2	208	291
20172	6,5	3450,2657	1,2	3366,2493	208	298
20173	2061,1516	4058,3236	2602,1706	3879,2787	208	291
20174	2063,1517	10,23	2602,1706	7,4	208	291
20175	2063,1517	3453,2659	2602,1706	3365,2495	208	298
20176	2,0	5735,4940	0,0	6302,4708	291	298
20177	4,5	3450,2657	0,2	3366,2493	291	298
20178	10,23	3453,2659	7,4	3365,2495	291	298
20179	11,19	5737,4939	7,4	6302,4708	291	298
20180	4509,3781	2576,2013	5236,3696	2699,1917	291	231
20181	4493,3759	3455,2660	5233,3694	3365,2493	291	298
20182	4493,3759	3451,2657	5233,3694	3365,2493	291	296
20183	4494,3755	5737,4941	5233,3694	6302,4708	291	298
20184	2012,1692	3467,2684	1831,1319	3369,2495	231	298
20185	8151,6263	7,4	8197,5924	7,8	298	213
20186	3474,2670	7,4	3369,2495	7,8	296	213
20187	3256,2700	2960,2405	3391,2399	3471,2577	298	269
20188	3238,2685	1,0	3387,2398	0,0	298	276
20189	3238,2685	2207,1914	3387,2398	1660,1250	298	229
20190	3238,2685	3,3	3387,2398	0,0	298	269
20191	3237,2687	3770,3032	3388,2398	3983,2854	298	276
20192	0,2	3770,3032	1,0	3983,2854	269	276
20193	2421,1886	3788,3047	2634,1934	3987,2855	269	276
20194	2424,1887	18,14	2632,1934	4,1	269	276
20195	2,2	3788,3047	2,0	3987,2855	265	276
20196	152,149	172,160	192,180	178,169	238	298
20197	41,48	16,12	38,21	33,22	262	195
20198	0,1	82,76	3,1	136,83	292	216
20199	4577,4363	965,819	2832,1744	466,319	269	182
20200	1744,1993	964,811	636,414	464,317	298	182
20201	1745,2003	3033,2770	640,416	2085,1416	298	269
20202	3,1	5342,5011	0,0	3548,2152	298	298
20203	659,985	5342,5011	182,92	3548,2152	298	298
20204	5,0	0,3	1,1	0,0	164	179
20205	38,22	31,28	17,16	12,15	258	276
20206	36,27	3,6	27,26	2,1	291	176
20228	60,34	62,50	31,22	61,48	208	286
20229	60,34	59,41	31,22	34,43	208	277
20230	127,108	271,234	100,103	243,201	298	298
20231	105,108	1033,1111	73,63	998,682	298	298
20232	121,164	1033,1111	99,48	998,682	298	298
20233	645,732	1556,1459	681,560	1240,864	235	298
20234	633,726	1308,1196	680,560	1401,949	235	290
20235	997,947	1319,1204	1256,960	1402,949	298	290
20236	1289,1054	787,674	1265,1163	782,679	298	248
20237	947,1020	476,507	911,725	534,308	248	298
20238	315,339	202,206	241,163	109,73	227	262
20239	555,560	35,53	427,263	8,9	227	257
20240	317,339	7,10	241,163	7,3	227	257
20241	19,17	513,518	25,27	513,394	270	267
20242	0,1	1,2	0,0	1,0	260	260
20243	889,789	12,9	1413,985	0,3	225	298
20244	2161,1955	2481,1942	3060,2449	4087,3042	256	298
20245	2872,2429	2017,1611	4148,3278	3352,2617	275	256
20246	1356,1279	2291,2056	1805,1278	3474,2747	259	275
20247	0,3	2299,1959	4,2	3111,2475	238	259
20248	56,43	76,51	71,81	135,93	240	291
20249	209,182	194,150	312,222	175,156	258	240
20250	33908,37920	57529,55217	173,78	367,215	256	272
20251	36978,46996	40222,48541	79,51	255,149	251	298
20252	90,55	139,125	83,46	141,78	298	244
20253	0,4	149,112	1,0	133,81	298	296
20254	44,69	149,112	39,9	133,81	298	296
20255	163,92	101,117	336,268	138,99	271	236
20256	7,2	41,16	7,5	47,63	159	226
20257	22,29	4017,3432	7,5	8729,6049	298	271
20258	298,540	4017,3432	357,146	8729,6049	298	271
20259	298,540	22,29	357,146	7,5	298	298
20260	119,139	187,138	148,99	248,152	213	204
20261	13,21	172,117	2,1	79,62	298	264
20262	269,278	260,185	270,229	343,231	298	215
20266	1285,1181	1154,940	939,753	1222,877	298	298
20268	80,56	239,228	74,82	303,209	298	279
20269	75,75	59,51	173,124	90,60	234	192
20270	455,358	129,169	738,576	160,102	298	298
20282	2,0	2,2	6,6	0,2	298	276
20283	2,3	2,0	13,2	8,8	282	298
20285	2,3	0,1	11,2	5,7	282	298
20286	3,8	0,1	4,8	0,0	240	298
20287	3,10	0,1	4,8	0,0	243	298
20290	0,0	3,6	7,5	10,9	298	240
20292	0,1	6,3	0,2	12,4	285	236
20294	0,1	6,3	0,2	12,4	285	239
20295	0,0	6,3	7,4	12,4	298	239
20298	94,83	231,184	135,107	290,241	194	234
20299	135,141	121,112	165,118	134,117	260	194
20300	20,23	35,27	32,26	58,56	223	237
20301	1,4	34,28	9,3	58,56	298	237
20302	1,0	34,28	0,0	58,56	298	237
20303	11,6	34,28	1,1	58,56	298	237
20304	1,4	29,22	9,3	43,31	298	222
20305	1,0	29,22	0,0	43,31	298	222
20306	11,6	29,22	1,1	43,31	298	222
20307	1,0	0,1	0,2	0,0	254	223
20308	34,21	0,1	47,34	0,0	298	223
20309	1,0	19,22	1,3	34,23	254	223
20310	35,21	19,22	48,35	34,23	298	223
20311	246,197	4,6	547,404	8,6	238	224
20312	249,195	5,1	554,423	9,5	238	224
20313	16,15	117,84	13,5	201,141	224	298
20314	17,15	228,173	14,8	439,257	224	298
20315	25,19	139,94	24,15	254,184	224	298
20316	25,19	38,33	24,15	81,59	224	209
20317	139,94	38,33	254,184	81,59	298	209
20318	130,101	3,0	250,127	0,0	298	182
20319	88,122	109,147	119,39	152,116	233	200
20320	0,5	109,147	1,2	152,116	230	200
20321	18,10	114,114	2,4	128,108	260	194
20322	2234,2224	222,190	2855,1817	279,216	205	260
20323	4882,4057	6,4	7776,4977	2,4	227	205
20324	36,94	1756,1522	29,12	2823,2204	197	296
20325	577,620	517,492	748,468	927,708	298	197
20326	121,59	90,52	162,91	184,114	298	280
20327	62,55	89,52	126,71	180,111	251	280
20328	61,55	88,60	132,75	192,122	251	298
20329	2,2	4006,3511	4,4	5327,3856	224	230
20330	2,2	54,85	4,4	28,19	224	298
20331	46,46	24,24	52,52	41,19	212	161
20332	233,203	5,2	221,232	3,5	212	212
20339	2,0	0,0	3,6	0,1	298	271
20342	129,127	149,139	78,24	224,209	279	208
20343	16,21	9,7	47,26	8,20	242	290
20344	2288,1883	788,609	3284,2339	1110,855	284	188
20345	625,513	1099,792	690,596	1372,995	188	236
20349	0,1	0,3	0,0	4,1	197	217
20350	165,170	441,454	302,207	735,605	197	217
20351	3,2	439,455	1,0	735,605	197	217
20352	612,474	259,257	986,665	502,332	243	192
20353	611,474	1,0	986,665	0,0	243	197
20354	612,474	279,280	986,665	524,345	243	197
20355	352,274	277,275	608,405	524,345	201	197
20357	1,0	2,4	0,1	0,0	201	209
20358	307,253	2,4	631,384	0,0	207	209
20359	0,3	2,4	2,2	0,0	298	209
20360	307,253	0,1	631,384	0,0	207	175
20361	0,3	0,1	2,2	0,0	298	175
20362	308,252	234,158	631,384	335,230	207	175
20363	1,3	234,158	2,2	335,230	298	175
20364	143,115	234,158	309,220	335,230	172	175
20365	307,253	1,0	631,384	0,1	207	201
20366	0,3	1,0	2,2	0,1	298	201
20367	308,252	396,282	631,384	581,374	207	201
20368	1,3	396,282	2,2	581,374	298	201
20369	143,115	396,282	309,220	581,374	172	201
20383	185,180	90,64	318,238	103,63	298	237
20384	220,221	214,200	387,279	379,278	298	274
20385	50,47	81,42	87,47	107,71	212	257
20386	50,47	9,6	92,49	15,11	212	257
20387	54,63	82,59	115,80	128,73	239	298
20388	245,195	259,264	234,181	306,198	282	298
20389	203,177	171,121	286,202	201,118	272	241
20390	203,177	12,2	286,202	7,12	272	298
20391	140,125	191,151	179,126	180,137	241	218
20392	22,21	22,9	14,9	3,3	257	173
20393	26,27	22,9	17,13	3,3	298	173
20394	389,346	548,539	453,317	652,447	260	298
20395	460,397	456,366	510,348	569,439	298	240
20396	457,389	301,232	510,348	295,223	298	231
20397	96,79	63,47	166,139	85,66	298	286
20398	96,79	64,53	166,139	84,62	298	265
20399	129,85	63,47	168,140	85,66	298	286
20400	129,85	64,53	168,140	84,62	298	265
20401	22,28	25,14	40,22	21,12	286	198
20402	66,49	25,14	67,37	21,12	265	198
20403	10,9	4,6	4,4	10,0	298	298
20404	10,9	8,7	9,3	14,2	298	298
20405	10,17	4,6	8,5	10,0	298	298
20406	88,62	99,74	139,81	130,88	261	250
20407	107,65	117,72	139,118	138,96	250	257
20408	8,14	15,34	13,11	59,35	211	261
20409	8,14	0,0	13,11	0,2	211	230
20410	15,14	90,79	21,20	84,83	242	217
20411	12,8	13,11	13,13	19,20	253	298
20412	22,11	238,145	37,34	380,226	165	282
20413	1,0	34,33	0,0	43,26	182	179
20414	67,44	34,33	78,60	43,26	203	179
20415	108,97	127,204	117,108	73,45	252	298
20416	14,6	12,7	22,12	5,6	259	205
20417	22,18	192,163	3,2	239,198	283	298
20418	317,225	162,165	334,258	207,169	298	252
20419	87,92	61,50	139,99	92,83	274	292
20420	39,46	82,53	53,59	95,91	228	263
20421	19,17	160,104	39,7	195,123	248	248
20422	96,74	50,30	91,59	29,24	258	206
20423	468,450	163,135	767,628	383,281	298	210
20424	546,432	537,386	1343,898	1166,845	298	283
20425	14,7	493,378	13,11	1100,864	283	281
20426	250,229	489,380	457,340	1098,871	283	281
20427	8,5	207,140	9,10	461,323	281	216
20428	452,353	207,140	998,732	461,323	281	216
20429	449,351	230,152	990,722	525,391	281	210
20430	449,351	5,5	990,722	10,9	281	216
20431	5,3	759,543	11,6	1683,1261	249	216
20432	306,188	166,139	667,506	392,292	216	210
20433	306,188	12,8	667,506	25,12	216	271
20434	166,139	12,8	392,292	25,12	210	271
20435	3,0	232,155	10,5	536,394	210	210
20436	628,489	12,8	1450,1071	25,12	210	271
20437	213,195	238,160	525,399	541,395	210	213
20438	213,195	268,177	525,399	621,472	210	210
20439	5,4	22,18	3,3	43,36	221	271
20440	124,89	201,162	98,57	121,95	288	282
20441	44,65	207,146	68,47	278,184	273	246
20442	129,96	267,216	181,159	439,296	246	272
20443	3,2	32,17	1,0	20,14	184	298
20444	4,2	220,146	0,0	168,132	184	298
20445	545,467	374,326	930,667	640,485	298	265
20446	327,283	263,195	678,466	496,402	265	221
20447	320,290	444,393	651,413	662,552	221	298
20448	457,343	206,176	809,631	390,297	298	236
20449	58,29	54,29	68,41	71,41	179	200
20450	187,138	38,33	238,149	46,32	200	188
20451	174,140	99,64	361,213	142,90	268	235
20453	42,52	1,0	40,29	0,0	298	231
20454	30,23	51,44	12,19	55,28	231	251
20455	88,42	52,43	37,32	55,28	298	251
20456	22,35	33,33	18,13	31,16	202	220
20457	75,49	37,32	26,15	11,14	265	213
20458	79,92	312,330	127,78	494,457	298	288
20459	114,131	338,343	205,182	519,396	252	298
20460	338,237	279,244	469,309	319,271	285	269
20461	335,324	174,186	525,418	299,196	298	230
20462	3,0	380,304	1,1	422,328	230	298
20463	277,192	378,304	344,209	422,330	230	298
20464	310,282	255,264	408,301	316,232	298	298
20465	0,0	0,2	0,1	0,0	213	216
20466	0,2	0,4	0,0	1,1	216	224
20467	67,62	52,45	65,41	45,30	248	298
20468	3,2	7,9	0,4	5,2	215	194
20469	2,7	2,0	5,0	5,6	272	250
20470	108,77	59,56	105,80	101,44	298	298
20471	2,10	229,240	4,0	213,178	256	275
20472	519,471	524,459	250,194	288,167	298	298
20473	357,357	330,282	182,135	167,154	258	298
20474	1,3	142,135	4,0	208,163	181	298
20475	1,3	7,11	4,0	28,17	181	273
20476	0,0	3,4	0,1	1,1	298	266
20477	27,23	17,12	29,13	13,2	298	234
20478	46,37	15,2	26,17	5,2	298	202
20479	46,38	44,55	37,42	86,68	278	298
20480	88,52	31,33	76,89	53,37	298	278
20481	67,45	47,42	60,57	42,46	298	298
20482	27,28	21,16	34,25	13,10	225	220
20483	186,159	50,37	241,178	53,37	236	215
20484	103,80	53,70	122,117	36,26	215	298
20485	101,80	140,127	120,117	147,138	215	255
20486	101,75	153,148	120,117	261,137	215	265
20487	2,5	152,148	0,0	265,136	298	265
20488	171,161	152,150	177,155	261,136	298	265
20489	23,14	6746,5587	14,22	9332,6427	298	298
20490	5884,4814	6746,5587	8435,5674	9332,6427	296	298
20491	11,6	6719,5558	9,1	9327,6426	296	298
20492	6578,4835	7354,5861	11878,8291	9803,7504	283	298
20493	7031,5266	8667,7090	11659,8714	11667,8738	298	298
20494	7327,5858	7093,5638	9803,7504	8094,6331	298	298
20495	7612,6071	7501,6234	12833,9361	8829,6657	298	298
20496	116,113	84,80	83,71	90,53	226	247
20497	141,108	62,77	99,98	80,51	210	226
20498	192,160	107,115	196,135	90,79	272	210
20499	76,56	20,31	44,28	6,5	233	260
20500	129,114	76,42	178,129	110,105	294	295
20501	169,136	99,71	210,133	86,61	283	218
20502	28,31	138,167	54,28	205,187	278	275
20503	49,61	134,114	82,63	173,88	275	278
20504	82,93	128,113	115,109	153,142	263	281
20505	13,25	211,160	15,6	257,160	251	298
20506	3,5	89,85	2,2	154,100	212	221
20507	23,30	52,20	27,15	22,18	262	257
20508	87,69	147,117	97,59	127,79	233	298
20509	132,114	114,69	135,95	107,64	298	233
20510	12,7	114,69	4,5	107,64	298	233
20511	3,4	22,17	0,0	27,17	224	210
20512	97,83	264,182	153,93	380,325	298	298
20514	59,63	171,132	97,69	199,159	209	293
20515	62,49	1,4	77,76	1,1	203	231
20516	95,57	130,96	153,105	185,140	231	258
20517	130,59	155,101	192,114	211,158	250	258
20518	24,15	67,61	8,13	93,44	270	185
20519	83,85	229,177	136,113	386,272	225	298
20520	11,11	77,55	2,4	104,69	298	251
20521	155,121	77,55	216,137	104,69	298	251
20522	98,100	97,61	115,88	108,87	267	268
20523	9,3	80,53	6,3	103,56	268	259
20524	92,55	160,148	92,67	248,127	259	298
20525	2724,2123	3,2	3997,2805	0,0	244	273
20526	2724,2123	2959,2329	3997,2805	3962,2860	244	263
20527	44,34	2956,2326	49,19	3961,2860	244	263
20528	2725,2069	3196,2509	3900,2734	4306,2827	249	244
20530	31,29	2762,2232	31,20	3896,2666	208	249
20531	45,39	2051,1610	20,26	2539,1783	298	208
20532	2,3	3252,2604	1,1	4904,3470	298	208
20533	9,3	41,33	5,2	4,3	298	254
20534	3,0	41,33	1,2	4,3	271	254
20535	62,50	41,33	28,35	4,3	298	254
20536	48,45	41,33	22,27	4,3	297	254
20537	13,10	41,36	14,7	8,6	298	254
20538	25,13	41,36	18,5	8,6	298	254
20539	19,14	41,36	9,10	8,6	298	254
20540	5,9	41,36	3,2	8,6	297	254
20541	0,0	41,36	3,0	8,6	204	254
20542	653,439	41,36	629,401	8,6	230	254
20543	3,0	9,3	1,2	5,2	271	298
20544	62,50	9,3	28,35	5,2	298	298
20545	48,45	9,3	22,27	5,2	297	298
20546	19,14	13,10	9,10	14,7	298	298
20547	5,9	13,10	3,2	14,7	297	298
20548	0,0	13,10	3,0	14,7	204	298
20549	653,439	13,10	629,401	14,7	230	298
20550	19,14	25,13	9,10	18,5	298	298
20551	5,9	25,13	3,2	18,5	297	298
20552	0,0	25,13	3,0	18,5	204	298
20553	653,439	25,13	629,401	18,5	230	298
20554	62,50	3,0	28,35	1,2	298	271
20555	48,45	3,0	22,27	1,2	297	271
20556	653,439	19,14	629,401	9,10	230	298
20557	653,439	5,9	629,401	3,2	230	297
20558	653,439	0,0	629,401	3,0	230	204
20559	485,404	553,454	589,384	822,485	298	298
20560	393,302	437,353	740,381	529,427	298	298
20561	4,0	36,16	0,0	20,17	275	201
20562	151,155	150,137	231,183	231,146	285	259
20563	249,226	265,227	320,205	378,297	298	298
20564	32,25	33,39	27,20	31,24	228	254
20565	10,4	8,12	9,5	3,8	298	272
20566	216,169	207,199	256,167	241,166	245	247
20567	301,279	159,170	315,224	183,135	298	245
20568	152,126	287,207	151,112	304,212	257	275
20569	63,54	222,183	45,30	192,135	257	257
20574	32,34	1,3	64,50	8,2	288	201
20575	32,34	2,5	64,50	9,9	288	288
20576	26,39	197,173	36,25	240,179	239	298
20577	208,124	211,121	249,203	263,172	298	261
20578	512,476	262,280	833,587	278,219	298	230
20579	511,462	526,397	833,586	747,507	298	298
20580	511,464	289,237	833,586	307,249	298	241
20581	21,16	72,82	9,8	92,88	200	298
20582	22,16	4,4	9,6	7,0	200	298
20583	65,99	68,57	83,43	87,57	298	249
20584	64,97	1,0	76,45	0,0	298	249
20585	64,97	4,0	76,45	3,1	298	298
20586	64,97	75,105	76,45	82,51	298	298
20587	1,0	4,0	0,0	3,1	249	298
20588	1,0	75,105	0,0	82,51	249	298
20589	37,43	3,2	59,60	10,1	249	298
20590	37,43	74,107	59,60	89,51	249	298
20591	964,848	976,798	1672,1226	1771,1194	274	284
20592	9,11	1,2	8,5	0,0	230	247
20594	5,2	1,2	6,3	0,0	284	247
20595	6,1	9,11	0,0	8,5	244	230
20596	5,2	9,11	6,3	8,5	284	230
20597	5,2	6,1	6,3	0,0	284	244
20599	103,93	1,0	132,93	0,0	271	298
20602	4,0	78,75	0,0	110,68	230	275
20603	115,58	57,62	111,90	92,61	275	261
20604	59,51	78,76	94,58	82,64	261	298
20605	83,87	45,29	115,73	54,49	298	276
20606	64,56	88,101	64,52	94,57	276	298
20607	114,103	89,88	159,86	157,71	298	293
20608	104,66	91,97	148,103	147,76	293	280
20609	98,62	5,12	149,103	16,6	293	280
20610	76,78	98,71	138,71	140,108	280	298
20611	102,105	41,41	175,83	54,45	298	218
20614	5,5	3,1	5,6	5,0	239	276
20616	7,1	8,0	5,0	2,2	298	285
20618	7,1	1,2	5,0	3,2	298	239
20620	8,8	12,7	3,1	10,7	298	298
20621	10,8	5,5	3,1	7,4	298	234
20622	13,25	10,17	14,6	12,9	233	298
20623	21,17	0,0	33,21	1,1	298	165
20624	12,12	0,0	21,7	1,1	257	165
20625	41,21	4,4	47,28	6,9	298	297
20626	12,12	4,4	25,7	6,9	257	297
20627	41,21	2,0	47,28	0,0	298	274
20628	12,12	2,0	25,7	0,0	257	274
20629	1,4	2,5	0,0	3,0	222	233
20632	1160,901	665,572	1820,1425	1022,783	265	221
20633	479,389	1140,922	665,482	1587,1236	237	265
20634	1025,741	752,568	1783,1241	1004,734	287	298
20636	407,401	764,742	525,352	832,653	267	284
20637	727,656	671,656	811,625	1056,627	284	298
20638	282,273	190,222	340,181	219,148	282	277
20639	0,0	0,2	0,3	0,0	287	293
20640	0,0	0,2	0,3	0,0	283	293
20641	0,0	0,2	0,3	0,2	287	298
20642	0,0	0,2	0,3	0,2	283	298
20644	101,96	420,375	192,119	656,461	298	298
20645	101,96	2,1	192,119	9,1	298	298
20646	100,96	2,5	188,117	5,0	298	298
20647	110,61	420,375	83,61	650,462	298	298
20648	2,1	420,375	9,1	656,461	298	298
20649	298,232	455,418	462,289	691,494	298	298
20650	298,236	38,44	458,288	42,34	298	298
20651	298,236	482,391	458,288	743,516	298	287
20652	38,44	482,391	42,34	743,516	298	287
20653	35,43	284,237	42,33	343,250	298	215
20654	35,45	4,8	41,33	10,7	298	287
20655	35,45	428,345	41,33	657,471	298	279
20656	35,47	14,12	42,33	10,6	298	279
20657	35,47	549,529	42,33	689,541	298	298
20658	395,238	481,390	440,299	743,514	298	287
20659	392,237	284,241	440,298	343,249	298	215
20660	4,8	428,345	10,7	657,471	287	279
20661	395,355	287,238	606,427	344,250	287	215
20662	397,358	451,370	609,430	556,421	287	262
20663	396,362	428,346	612,429	660,471	287	279
20664	393,355	14,13	606,425	13,6	287	279
20665	393,355	548,531	606,425	689,540	287	298
20666	219,152	453,370	370,277	557,423	215	262
20667	220,144	551,536	370,276	696,544	215	298
20668	428,389	409,314	545,361	508,352	262	263
20669	472,402	428,345	578,460	657,471	263	279
20670	14,12	549,529	10,6	689,541	279	298
20671	14,13	548,531	13,6	689,540	279	298
20672	496,389	555,532	577,411	689,540	279	298
20673	541,385	307,183	638,458	452,322	265	247
20674	541,385	312,188	638,458	453,323	265	298
20675	474,329	11,15	548,471	3,0	235	236
20676	594,412	165,121	666,573	201,150	235	236
20677	480,339	22,26	561,478	28,11	235	236
20678	477,330	308,182	548,471	452,322	235	247
20679	240,179	313,187	279,171	453,324	236	298
20680	240,179	427,265	279,171	571,425	236	247
20681	240,179	284,180	279,171	424,308	236	229
20682	240,179	224,127	279,171	332,215	236	196
20683	447,269	633,491	622,457	762,541	280	271
20684	571,498	538,477	739,577	611,451	271	298
20685	158,155	255,171	146,142	248,165	275	298
20686	6,9	0,0	0,2	2,2	298	239
20687	284,240	117,103	313,261	169,115	298	297
20688	254,173	139,104	246,165	165,96	297	234
20689	0,2	139,104	0,0	165,96	267	234
20690	62,56	138,148	98,79	247,145	234	275
20691	126,128	159,127	194,156	159,150	253	253
20710	1008,848	869,716	1754,1184	1602,1125	298	298
20711	998,910	693,542	1637,1163	1270,970	298	254
20712	275,231	1097,804	433,328	1776,1366	209	298
20713	1,1	1094,805	0,1	1774,1366	209	298
20714	695,575	372,361	1146,853	658,423	278	209
20717	117,84	141,140	142,104	172,113	247	298
20718	35,50	116,113	47,30	185,116	229	226
20719	197,154	94,66	181,136	110,74	288	229
20720	194,133	86,87	226,162	107,59	241	288
20721	150,68	118,105	192,124	118,98	229	241
20722	128,75	154,92	164,90	124,97	240	229
20723	107,88	140,93	161,80	124,97	215	229
20724	120,87	163,119	156,80	223,139	215	240
20743	433,387	234,234	477,329	224,193	298	227
20744	329,277	436,363	386,255	411,279	256	298
20745	178,155	437,365	189,140	413,279	239	298
20746	175,157	305,287	189,140	358,248	239	256
20747	432,394	269,212	338,225	247,156	265	273
20748	520,475	355,303	514,359	383,299	298	265
20749	511,497	539,475	448,351	473,303	294	298
20750	0,3	0,0	0,2	0,2	298	172
20752	133,103	214,179	105,79	196,190	232	272
20753	145,133	1,2	114,113	2,3	259	247
20754	67,63	1,2	36,50	2,3	234	247
20755	1,5	37,26	0,1	28,26	221	290
20756	74,55	48,36	115,85	91,74	297	240
20757	34,29	35,23	76,42	60,39	237	236
20758	81,58	27,23	135,85	59,21	298	237
20759	15,18	61,63	25,14	126,73	298	298
20760	285,328	228,258	575,347	520,353	298	298
20761	105,141	307,274	261,167	666,490	298	298
20762	223,257	250,218	514,346	596,349	298	298
20763	310,278	199,144	666,493	429,278	298	234
20764	134,125	343,314	301,172	707,523	234	289
20765	309,233	471,367	683,441	886,651	289	298
20766	397,332	371,300	722,531	815,545	256	298
20767	4,0	3,0	2,1	0,0	197	212
20768	346,332	520,437	435,369	1015,714	224	289
20769	517,447	20,9	895,580	29,11	289	282
20772	72,68	3,4	185,122	6,1	298	237
20773	72,68	87,57	185,122	120,122	298	231
20775	12,6	5,2	0,1	0,0	198	289
20776	44,39	4134,3368	1,1	5202,4033	192	282
20777	55,37	85,50	82,70	84,48	298	298
20778	57,29	56,51	64,48	73,50	287	298
20779	33,27	46,36	56,38	79,66	264	287
20780	43,36	43,20	67,40	57,39	259	264
20781	44,61	30,30	60,50	35,24	298	229
20782	19,26	40,34	39,28	38,25	298	215
20783	3,0	69,39	1,5	79,53	275	247
20784	78,64	57,62	111,69	127,95	298	213
20785	31,14	28,40	53,24	58,36	240	298
20786	117,98	154,140	132,75	191,123	233	248
20787	354,293	154,140	322,205	188,123	298	248
20788	2,2	156,140	0,0	188,123	298	248
20789	290,261	124,103	323,201	159,96	298	233
20790	263,209	36,13	236,148	8,2	283	298
20798	1526,1027	417,370	2204,1544	479,350	298	298
20799	1049,796	417,367	1547,1071	481,348	285	298
20800	1525,1026	79,57	2203,1543	74,60	298	298
20801	8,4	417,367	10,8	480,348	285	298
20802	1526,1027	28,38	2204,1544	26,21	298	298
20803	1049,796	28,35	1547,1071	28,19	285	298
20804	1184,970	621,502	2020,1379	801,629	298	271
20805	1526,1025	1303,1115	2203,1543	2176,1467	298	298
20806	1048,798	14,21	1547,1073	16,7	285	298
20807	1048,798	1184,972	1547,1071	2020,1379	285	298
20808	1048,798	16,20	1547,1071	20,11	285	250
20809	3,0	7,6	9,4	10,10	298	285
20810	3,2	7,6	7,4	10,8	298	285
20811	1213,992	1447,969	1824,1224	2125,1489	298	285
20812	4,2	1455,973	7,4	2135,1497	298	285
20813	917,859	1131,857	1446,969	1642,1127	263	298
20814	293,276	11,10	235,185	13,11	248	293
20817	384,361	90,74	303,212	64,47	230	218
20818	233,229	241,233	253,181	207,162	228	230
20819	51,65	45,52	43,49	35,25	285	298
20820	0,4	47,53	2,1	110,61	298	245
20822	74,42	47,53	122,82	110,61	276	245
20823	2,2	46,50	4,1	108,59	276	245
20825	189,113	133,88	158,134	135,67	298	241
20826	399,316	5,10	636,407	3,2	245	256
20827	117,107	94,102	177,164	185,139	256	245
20828	0,1	91,104	0,3	184,138	226	245
20829	42,32	3,0	65,38	1,2	226	256
20830	18,15	179,154	25,26	272,241	233	298
20831	175,152	3,4	297,197	8,10	226	273
20832	1,3	136,106	4,8	225,161	298	205
20833	150,131	26,10	229,177	30,16	247	205
20834	1,3	29,13	4,8	35,21	298	298
20835	124,77	79,60	226,142	145,102	233	247
20836	169,105	100,88	271,173	104,98	252	233
20837	0,2	1,0	3,0	1,0	223	252
20838	0,2	118,101	3,0	259,170	223	252
20839	350,233	344,310	335,274	327,237	298	221
20840	133,146	427,362	125,80	397,293	293	298
20841	86,74	51,37	7,4	3,0	245	200
20843	1208,998	4795,3925	2031,1555	8067,5914	239	298
20844	1207,997	2021,1757	2029,1553	3003,2201	239	232
20846	1,5	23,10	5,2	12,1	227	254
20848	12,15	51,30	29,9	76,42	232	218
20849	4,0	44,20	1,1	72,38	232	218
20850	17,21	27,34	23,19	51,33	218	250
20851	50,31	18,12	78,38	19,8	250	224
20852	40,19	40,30	70,37	45,25	224	265
20853	28,43	89,60	43,32	101,103	265	298
20854	8,11	5,5	4,0	4,1	271	172
20856	56,55	36,30	155,95	70,43	282	216
20857	56,55	1,1	155,95	1,0	282	248
20859	33,15	49,31	40,18	120,67	230	244
20862	2,2	11,4	0,2	3,0	219	227
20863	81,69	68,55	77,73	102,59	215	195
20865	124,90	284,237	165,118	424,331	229	269
20866	21,28	133,81	32,16	177,105	178	247
20867	57,46	50,53	44,37	72,47	298	283
20868	44,34	37,53	35,24	64,33	261	298
20869	40,38	43,40	38,31	49,25	277	298
20870	2,2	29,18	0,0	21,15	204	242
20871	24,13	38,22	29,10	42,23	221	298
20872	84,68	9,12	88,86	26,15	298	221
20873	64,77	72,61	72,62	80,80	298	298
20874	75,86	45,47	84,72	73,61	298	298
20875	37,36	101,108	49,40	154,127	298	266
20876	0,1	30,28	0,2	45,36	271	285
20877	26,20	63,55	65,19	126,76	276	249
20878	4,8	121,95	15,3	177,140	272	298
20879	24,22	80,65	65,21	128,86	276	298
20880	45,65	2,0	39,34	0,0	229	261
20881	22,25	41,26	26,22	35,32	293	298
20882	168,142	250,162	180,128	358,254	241	217
20885	7,6	171,98	2,2	135,84	228	247
20890	63,71	37,41	55,34	24,21	297	204
20891	1,2	5,6	0,0	3,0	298	297
20892	1,5	22,13	1,0	25,17	243	232
20893	17,20	16,6	51,13	11,15	281	232
20894	16,17	10,5	20,14	7,5	225	232
20895	17,15	18,12	23,19	20,17	225	281
20897	159,85	126,137	229,181	233,173	295	276
20898	97,88	35,42	192,142	73,52	276	182
20899	199,148	208,140	267,177	312,197	289	298
20900	22,32	55,33	54,36	61,57	298	222
20901	5,2	55,33	3,4	62,55	298	222
20902	38,14	55,33	39,25	61,57	298	222
20903	0,0	172,164	0,1	127,125	185	298
20904	2,4	172,164	0,0	127,125	201	298
20905	44,42	100,89	35,38	70,68	298	298
20906	0,0	100,89	0,1	70,68	185	298
20907	2,4	100,89	0,0	70,68	201	298
20909	0,3	1517,1399	1,0	1412,956	164	257
20910	2,1	1519,1396	0,0	1412,956	164	257
20911	28,23	608,510	9,8	240,183	161	290
20912	19,15	609,505	8,6	239,183	161	290
20913	346,336	39,22	304,217	12,7	161	267
20914	28,21	2225,2015	9,8	2144,1440	161	257
20915	28,23	467,405	9,8	485,308	161	257
20916	124,145	609,505	114,95	239,183	257	290
20917	467,405	608,510	485,308	240,183	257	290
20918	404,351	608,504	320,202	239,182	257	290
20919	402,349	608,504	320,201	239,182	268	290
20920	1968,1828	5,3	1857,1275	2,2	290	241
20921	1970,1827	44,26	1860,1275	33,14	290	241
20922	462,375	930,906	208,145	747,561	241	283
20923	9,11	10,10	19,8	22,8	201	251
20924	5,13	10,15	14,13	21,8	208	232
20926	26,21	7,9	22,16	20,16	222	298
20927	33,49	63,76	74,57	54,55	219	222
20928	22,19	46,58	54,30	104,70	207	281
20929	56,58	2,0	115,83	1,2	290	207
20930	64,75	23,15	127,88	27,14	290	207
20931	899,750	6,9	898,590	4,2	188	245
20932	1190,886	671,580	1314,822	719,492	221	206
20933	1278,1042	672,582	1142,767	723,492	188	206
20934	2,6	15,20	25,12	38,37	248	298
20935	60,12	15,20	67,56	40,37	273	298
20938	3,2	69,68	9,3	71,62	298	284
20940	2,3	76,63	7,0	63,66	247	298
20941	0,0	4,5	2,0	11,3	189	247
20942	17,20	2,0	17,17	4,3	294	247
20943	233,200	528,431	274,205	729,457	236	276
20944	18,12	253,237	22,7	324,278	276	252
20945	371,399	249,237	466,343	321,276	276	252
20946	249,244	77,55	354,223	85,65	252	192
20947	296,219	476,390	401,251	533,352	192	294
20948	153,148	147,157	170,139	211,164	213	194
20949	45,59	131,123	70,59	178,129	231	226
20950	175,165	309,238	208,182	335,296	252	294
20956	37,40	18,14	4,13	3,3	298	298
20957	101,102	105,102	138,119	147,125	290	298
20958	61,52	135,74	24,24	53,33	290	298
20959	0,1	0,4	0,0	3,2	298	298
20975	376,332	271,271	432,340	486,369	288	230
20976	11,9	264,271	3,3	481,366	288	230
20977	7,3	468,379	6,3	503,379	269	288
20978	116,94	223,167	183,127	269,141	187	206
20979	126,123	347,288	238,169	445,288	206	257
20980	246,190	464,390	337,205	575,432	257	283
20981	299,283	343,284	449,260	465,318	267	280
20982	297,275	75,52	448,256	62,61	267	193
20983	262,175	287,241	258,183	508,301	233	271
20984	4,0	0,3	4,0	2,2	298	271
20986	19,18	43,24	26,11	27,23	283	244
20987	29,23	29,8	26,14	25,13	251	249
20988	22,20	42,25	26,13	27,24	251	244
20989	28,25	34,47	22,20	35,19	238	249
20990	117,110	27,21	194,103	29,26	298	253
20991	94,63	100,113	171,153	158,97	277	298
20992	55,48	85,77	121,71	131,92	239	277
20993	72,65	73,39	161,84	128,101	261	239
20995	23,15	461,368	20,8	582,402	259	298
20996	47,55	320,259	75,61	447,276	219	259
20997	73,73	274,189	100,73	430,309	219	282
20998	140,103	13,10	219,127	10,4	236	219
20999	141,100	122,110	218,126	235,158	236	219
21000	217,144	127,104	280,184	205,126	294	275
21001	78,70	127,106	104,82	207,124	203	275
21002	187,184	128,104	276,210	205,124	284	275
21003	219,143	64,52	280,184	102,72	294	250
21004	78,70	64,48	104,84	102,72	203	250
21005	82,75	259,219	104,82	389,236	203	294
21006	189,184	257,216	276,210	387,239	284	294
21007	189,186	81,38	278,210	84,41	284	203
21008	0,2	2,1	0,0	4,4	170	251
21010	23,18	98,74	22,13	100,67	232	207
21011	43,40	56,44	43,31	78,46	207	235
21012	111,71	149,92	254,143	248,179	248	239
21013	187,175	147,136	316,217	347,237	286	248
21014	57,45	145,103	82,67	250,206	191	235
21015	187,150	84,53	267,205	132,108	194	191
21017	29,19	216,174	19,12	311,215	298	298
21018	202,162	193,172	222,184	271,181	298	266
21021	1,2	7,9	1,9	6,3	238	272
21022	4,3	0,0	9,12	0,1	238	298
21023	428,367	745,570	481,301	788,602	240	294
21024	709,587	488,367	723,525	499,340	298	240
21025	6,8	29,23	8,5	45,33	295	213
21026	8,4	1,0	17,13	0,0	247	240
21027	15,14	1,0	27,31	0,0	295	240
21028	8,13	1,0	16,19	0,0	286	240
21029	8,13	8,4	16,19	17,13	286	247
21030	8,13	15,14	16,19	27,31	286	295
21032	629,554	689,545	1156,830	1281,822	298	269
21033	3,1	588,564	0,0	854,617	298	298
21034	356,254	588,564	763,577	854,617	298	298
21039	258,238	1221,1027	491,303	2344,1631	265	298
21040	61,30	16,12	85,43	14,17	298	230
21047	0,4	6,2	0,0	2,3	191	179
21050	269,223	319,278	240,130	405,344	257	244
21051	257,263	410,354	291,188	663,543	244	263
21057	1,0	0,0	0,2	0,1	288	256
21073	3422,3322	6088,4742	4471,3131	9282,6798	266	252
21074	3541,3414	6088,4742	4626,3253	9282,6798	298	252
21075	4678,4077	409,343	6033,4646	523,362	252	251
21076	117,84	406,343	81,56	524,362	252	251
21107	160,160	80,73	222,134	76,99	298	236
21108	50,50	238,181	80,40	274,173	275	298
21109	88,86	240,187	115,79	277,175	275	298
21110	127,88	204,109	128,92	150,159	230	272
21111	216,183	218,207	213,157	220,150	272	279
21112	138,95	235,205	137,104	249,183	222	298
21113	117,94	211,183	132,90	308,228	275	298
21114	70,63	116,102	160,122	188,160	254	298
21117	1,1	2,2	0,4	0,0	298	270
21124	76,53	29,31	49,28	31,26	298	263
21125	4,1	243,205	1,0	346,252	292	245
21126	3,0	204,226	1,0	247,173	170	298
21127	1,3	383,382	5,0	576,511	225	298
21128	67,90	17,21	52,51	13,5	292	298
21130	57,53	60,42	71,55	87,69	211	218
21132	1,0	683,613	0,0	892,684	229	298
21133	12,14	417,394	12,9	461,352	298	298
21134	404,396	519,436	491,229	662,417	298	298
21138	0,3	51,65	1,1	20,15	298	218
21139	1,0	51,65	0,0	20,15	298	218
21140	17,18	39,28	20,12	38,26	298	285
21141	83,78	39,28	57,41	38,26	286	285
21142	42,31	66,58	26,17	34,30	296	286
21143	6,8	6,2	4,3	1,0	298	296
21145	6,10	23,18	5,3	17,9	298	248
21146	1,2	23,18	1,0	17,9	235	248
21147	6,10	25,19	5,3	18,9	298	251
21148	6,10	25,19	5,3	18,9	298	261
21149	1,2	25,19	1,0	18,9	235	261
21150	15,9	0,1	5,2	1,0	298	203
21153	7,7	19,17	5,4	13,11	298	298
21154	2,1	19,17	1,1	13,11	264	298
21155	50,57	93,94	105,74	182,170	266	284
21160	43,42	34,22	18,12	15,3	298	298
21161	32,18	35,27	27,8	30,15	298	260
21163	489,417	9,1	688,526	4,1	298	275
21164	1,0	2,0	5,2	3,5	265	242
21165	3,1	2,0	6,3	3,5	298	242
21166	44,50	1,0	69,66	3,3	260	247
21167	1,0	1,0	5,2	6,3	265	247
21168	3,1	1,0	6,3	6,3	298	247
21169	10,16	50,37	16,10	69,54	280	298
21170	10,16	52,48	16,10	113,96	280	298
21171	31,49	0,1	46,42	0,2	280	285
21173	15,14	74,50	28,38	65,56	192	268
21174	27,42	74,50	90,80	64,53	263	268
21192	25,38	13,21	10,4	12,0	219	298
21193	186,166	81,75	106,66	82,46	274	201
21194	240,203	10,17	271,176	4,2	298	258
21195	22,31	20,28	62,39	42,33	298	298
21196	37,22	30,40	25,22	29,20	261	242
21197	1,2	182,147	4,2	302,211	213	255
21198	107,72	2,4	150,131	6,1	227	220
21199	21,17	24,24	36,16	31,21	251	282
21201	82,36	109,80	72,49	113,89	243	230
21202	0,0	132,150	0,2	210,156	209	298
21203	39,23	133,150	30,17	210,155	246	298
21204	50,26	59,77	55,36	91,83	255	298
21205	52,36	30,29	70,52	35,26	271	255
21206	2,4	124,83	0,2	138,111	285	298
21207	122,103	124,83	202,137	138,111	298	298
21208	129,102	101,50	196,139	103,88	298	285
21210	2,4	3,0	6,1	1,0	298	279
21211	2,7	3,0	8,2	1,0	298	279
21212	246,183	172,157	403,305	219,190	235	298
21213	246,183	189,137	403,305	230,155	235	298
21214	219,138	46,49	182,140	59,43	298	245
21215	1833,1608	1428,1210	2572,1970	1765,1256	298	264
21216	2,1	0,1	12,1	1,2	207	236
21217	151,126	161,113	60,42	88,64	298	298
21218	62,54	169,95	101,51	164,99	227	284
21219	85,78	70,51	92,60	76,42	248	252
21220	42,50	22,9	37,40	32,26	275	224
21221	200,198	84,62	243,182	74,60	298	230
21222	22,32	100,54	38,41	80,40	298	298
21223	0,2	257,196	0,0	281,208	233	219
21224	192,177	431,422	178,106	337,304	298	298
21225	22,13	21,11	30,24	18,23	298	298
21226	65,54	105,84	152,98	243,188	240	298
21227	15,9	75,66	30,16	153,76	298	240
21228	144,134	132,88	140,88	127,115	267	216
21229	90,69	61,70	94,69	62,20	197	218
21230	89,70	1,5	94,69	0,0	197	298
21231	18,44	16,30	13,12	9,4	259	215
21232	7,20	33,54	1,2	27,8	259	298
21233	89,71	57,41	80,66	30,39	267	286
21234	220,226	244,199	411,280	210,161	298	298
21235	989,889	20,20	1358,904	7,6	281	298
21236	989,888	1134,992	1358,904	1675,1125	281	298
21237	757,705	599,540	1110,824	709,527	257	215
21238	31,41	23,21	60,53	19,26	232	298
21239	79,47	126,108	49,53	87,83	298	298
21240	135,100	162,196	141,98	126,133	283	294
21241	749,654	290,376	732,534	247,115	298	286
21242	101,121	189,147	125,96	274,185	298	279
21243	42,53	233,185	49,32	266,210	279	251
21244	41,52	31,28	60,25	32,20	206	191
21245	24,35	96,93	36,21	108,76	191	236
21246	48,59	81,51	78,70	85,57	236	206
21247	6,10	6,16	8,7	7,2	298	298
21248	3,6	4,4	9,2	5,6	263	298
21249	6,13	2,3	9,13	2,1	298	263
21250	6,12	8,2	8,14	5,7	298	263
21251	70,76	85,77	122,63	109,99	239	298
21252	84,84	75,75	135,70	90,68	298	298
21253	82,75	92,87	106,97	124,77	298	295
21254	53,69	19,21	71,48	21,9	298	253
21255	24,28	90,80	50,37	131,72	246	298
21256	22,15	5,4	15,10	2,5	248	163
21257	22,15	22,20	15,10	20,16	248	223
21258	17,13	0,1	13,9	2,0	183	298
21259	12,13	7,14	7,4	25,7	291	295
21260	3,0	1,17	3,1	23,10	237	291
21261	141,104	213,243	257,153	319,214	258	253
21262	7,8	172,141	9,3	277,233	267	258
21263	896,721	0,2	1239,912	0,0	273	298
21264	892,722	725,608	1239,912	880,718	273	298
21265	1027,845	800,654	1426,1106	1048,790	298	273
21266	553,517	865,683	705,592	1214,935	247	276
21267	1,3	1,0	5,2	0,0	298	271
21268	89,100	98,79	115,60	88,57	279	255
21269	100,88	93,80	98,64	99,60	245	212
21273	405,342	212,130	653,453	175,168	298	227
21274	349,261	112,105	499,325	123,121	227	232
21277	113,91	48,49	58,44	29,24	298	224
21278	113,91	59,57	58,44	29,28	298	298
21279	23,31	48,49	14,12	29,24	298	224
21280	3,3	345,334	3,1	638,474	298	298
21281	147,156	502,412	263,177	647,530	215	268
21282	59,42	303,272	128,83	457,366	179	298
21283	24,16	18,21	12,17	53,17	298	298
21284	42,35	74,75	44,30	74,59	298	298
21293	45,56	179,143	68,46	144,75	245	260
21294	51,50	180,141	54,30	144,75	280	260
21295	174,119	466,369	203,125	550,390	260	298
21296	15,11	31,38	33,29	43,32	237	239
21297	23,26	23,24	43,23	48,24	263	237
21298	45,41	24,16	86,71	27,40	244	263
21299	46,30	16,14	62,59	43,30	277	244
21300	8,8	185,130	8,3	481,348	207	298
21301	2,0	64,79	2,4	133,112	298	218
21302	138,143	99,61	382,265	212,156	266	258
21303	52,38	129,111	80,60	182,136	195	224
21304	3,1	101,74	3,0	141,126	207	220
21305	2,12	0,0	19,14	0,3	298	264
21307	0,0	15,37	4,0	39,33	272	298
21308	0,5	15,16	3,2	12,9	205	274
21309	16,13	3,7	23,14	1,2	266	222
21310	3,1	152,157	0,0	110,71	298	298
21311	29,41	152,157	7,8	110,71	298	298
21312	6,25	1,1	4,3	0,0	218	298
21313	86,106	146,150	61,36	92,47	218	298
21314	127,109	47,44	174,109	43,31	268	211
21315	85,72	162,143	90,67	227,178	241	298
21316	93,73	57,54	58,61	40,21	298	241
21317	76,75	138,150	80,62	180,123	242	218
21318	260,158	381,353	269,194	490,352	255	298
21319	3,3	247,214	8,0	347,285	251	237
21320	218,200	248,212	246,148	345,289	251	237
21322	27,21	12,20	27,21	18,5	272	272
21323	116,122	195,180	147,149	198,168	245	298
21324	24,36	60,41	33,25	70,65	262	269
21326	25,17	36,20	32,20	35,28	233	226
21327	0,0	89,63	4,2	94,67	227	298
21328	127,160	34,55	155,108	89,47	298	239
21329	128,159	1,0	155,108	0,0	298	239
21330	69,65	60,43	114,106	50,31	239	210
21332	517,476	1646,1338	786,523	2872,2478	298	298
21333	61,44	1,3	92,75	0,0	226	298
21334	8,1	181,133	0,0	344,255	298	288
21335	115,108	61,55	224,160	158,84	275	238
21336	117,90	115,111	118,96	189,93	247	275
21337	12,10	97,99	13,5	96,83	252	294
21338	84,77	100,61	64,50	69,65	294	234
21339	120,91	36,28	138,61	24,38	298	203
21340	0,1	26,21	0,9	37,27	266	237
21341	44,30	29,31	66,33	45,36	235	298
21342	0,0	44,21	1,0	52,34	298	235
21343	34,30	44,21	71,35	52,34	298	235
21344	299,241	66,69	416,270	102,68	298	210
21345	2,1	464,383	0,0	386,277	298	246
21346	10,6	290,364	2,0	239,144	246	298
21347	8,4	285,356	2,1	233,139	246	298
21348	507,414	283,264	418,301	305,205	298	298
21350	71,62	98,115	76,56	173,98	176	298
21351	71,60	1,2	76,56	3,1	176	298
21352	75,60	606,561	76,56	900,530	176	298
21353	0,1	183,227	0,1	191,79	298	248
21354	202,190	183,227	223,142	191,79	298	248
21355	98,116	10,47	173,97	8,7	298	233
21356	111,121	6,5	185,102	6,6	298	260
21357	111,121	183,228	185,102	194,79	298	248
21358	208,244	56,78	319,250	26,5	233	260
21359	6,5	183,228	6,6	194,79	260	248
21360	127,146	199,257	136,117	215,103	260	248
21361	0,0	301,232	1,0	427,251	248	243
21362	11,12	312,243	18,17	437,263	248	243
21363	17,35	307,238	11,7	433,258	248	243
21364	535,535	304,255	600,448	425,304	298	242
21365	531,517	469,418	475,330	382,215	298	288
21366	34,43	456,392	19,21	381,212	228	288
21367	3,10	108,48	2,8	69,43	230	212
21368	27,7	119,119	11,10	149,100	280	241
21369	19,10	119,122	2,7	148,100	280	241
21370	154,164	19,32	92,58	10,3	248	274
21371	5,0	9,12	0,1	7,3	204	260
21372	128,103	133,156	160,88	189,138	225	241
21373	4,14	75,45	2,2	63,45	290	206
21374	23,24	53,61	23,16	40,26	298	290
21375	8,7	53,61	7,4	40,26	298	290
21376	7,2	53,61	8,2	40,26	298	290
21377	125,115	265,242	169,105	195,160	228	263
21378	209,214	107,98	196,167	99,93	298	228
21379	216,212	229,215	223,168	308,203	298	298
21380	416,374	53,44	439,246	22,18	297	224
21381	416,374	64,47	439,246	24,19	297	298
21382	28,52	336,295	86,39	425,404	298	295
21383	499,564	1475,1266	484,316	2430,1713	298	269
21384	1203,1029	775,621	1460,1137	1176,875	269	207
21385	1202,1028	1956,1733	1460,1137	2781,2129	269	298
21386	1571,1384	1587,1440	2552,1800	2262,1644	278	298
21387	2380,2082	1446,1345	3149,2514	1769,1326	298	281
21388	2385,2085	758,590	3149,2514	878,632	298	222
21389	472,433	1592,1438	673,413	2262,1644	196	298
21390	1469,1204	764,589	2023,1469	878,632	298	222
21391	4,4	1,1	5,1	0,0	195	278
21392	61,60	37,40	61,42	33,27	205	298
21393	115,113	52,48	106,77	49,27	298	254
21396	226,198	266,269	317,246	391,267	298	298
21397	162,102	54,53	224,132	68,37	289	200
21398	215,175	153,126	250,173	140,90	298	252
21399	29,46	153,126	29,39	140,90	298	252
21400	216,174	101,89	250,173	93,71	298	226
21401	30,45	101,89	29,39	93,71	298	226
21402	116,122	114,92	183,110	119,96	283	298
21403	7,0	2,2	0,2	0,0	291	194
21404	11,15	97,71	2,2	109,68	298	183
21405	125,127	97,71	92,77	109,68	255	183
21406	125,127	80,64	92,77	101,62	255	180
21407	175,174	598,497	228,135	866,551	207	298
21408	168,165	385,389	227,135	488,310	207	248
21409	601,593	625,589	502,307	448,350	291	298
21410	599,592	337,273	502,307	247,179	291	223
21411	613,605	173,181	503,307	146,109	291	221
21412	488,450	339,273	413,301	247,179	298	223
21413	489,453	172,182	414,301	146,109	298	221
21414	361,320	174,182	276,189	147,109	226	221
21415	0,2	3,11	0,0	8,1	269	214
21416	5,1	1375,1048	11,5	1869,1309	242	288
21417	5,1	2735,2157	11,5	3133,2157	242	298
21418	719,531	1407,1066	570,386	1900,1329	231	298
21419	0,3	15,19	3,0	13,8	298	286
21420	0,3	32,34	3,0	36,16	298	281
21421	0,3	25,18	3,0	24,9	298	298
21422	2,1	22,21	0,0	25,9	242	298
21425	72,79	179,145	75,84	245,144	218	298
21426	90,118	34,28	141,87	39,37	271	197
21427	6,3	166,153	9,3	223,151	184	253
21428	100,71	5,5	110,87	6,0	216	184
21429	1115,841	684,605	1801,1361	1314,944	298	261
21430	462,408	600,436	777,658	1260,866	298	283
21431	108,118	128,61	99,43	72,57	298	260
21432	110,113	89,134	60,60	65,55	290	250
21433	73,82	118,98	80,53	125,91	291	298
21434	84,74	30,31	136,118	47,31	233	227
21435	147,101	32,33	180,143	42,31	276	227
21436	2,1	31,31	4,2	41,31	276	227
21437	69,70	30,33	58,34	41,31	298	227
21438	147,101	122,78	183,143	163,95	276	233
21439	2,1	121,78	6,2	164,97	276	233
21440	87,114	121,78	152,120	164,97	277	233
21441	3,2	122,78	0,1	162,96	272	233
21442	95,101	122,78	105,67	162,96	298	233
21443	87,114	2,1	152,120	6,2	277	276
21444	86,112	138,114	152,121	210,167	277	276
21445	3,2	141,114	2,4	211,165	272	276
21446	4,2	159,99	1,3	184,145	272	277
21447	95,101	3,2	105,67	0,1	298	272
21448	98,111	126,98	108,68	189,179	298	298
21449	253,219	24,26	383,272	12,7	295	233
21450	127,126	23,41	194,84	17,7	233	280
21451	579,522	2637,2233	636,415	3489,2630	250	298
21480	52,48	20,13	61,56	36,27	210	298
21481	55,48	128,74	62,58	199,139	210	298
21482	52,48	11,5	61,56	22,9	210	298
21483	55,48	119,66	62,58	185,121	210	298
21484	67,45	26,35	83,64	54,39	238	210
21485	72,47	26,35	99,80	54,39	218	210
21486	25,18	3,5	25,18	4,2	183	205
21490	27,16	10,7	42,33	28,20	298	238
21491	0,6	9,11	0,1	6,9	233	206
21492	5,13	0,2	16,18	0,0	298	233
21495	1,3	7,7	2,2	18,18	199	242
21497	1,0	5,9	0,2	14,15	199	242
21498	1,0	8,4	0,0	9,18	205	199
21499	15,6	97,91	11,6	83,66	231	247
21500	65,42	187,182	56,42	245,151	247	298
21501	69,41	204,169	58,42	257,158	247	298
21502	139,108	229,185	206,163	282,171	298	298
21503	89,87	148,119	111,57	125,108	215	298
21504	771,544	439,357	948,749	637,477	298	280
21505	387,272	581,452	529,334	707,481	295	282
21506	733,611	256,197	851,615	336,219	298	206
21507	154,245	262,188	131,100	306,266	260	242
21509	520,459	401,328	490,295	425,339	297	290
21510	518,455	472,414	492,295	424,330	297	298
21511	479,350	414,327	434,291	425,339	292	290
21512	462,438	181,240	361,243	102,64	298	298
21513	249,180	196,134	277,183	209,160	298	248
21514	4,7	235,157	5,1	185,125	210	297
21515	6,7	82,98	4,1	73,52	210	233
21516	114,86	81,100	85,74	73,52	297	233
21517	450,467	1429,1201	485,413	2013,1543	251	298
21518	799,704	1378,1235	1265,883	1824,1317	298	276
21519	183,148	352,268	171,106	436,285	298	298
21520	202,187	242,179	188,151	245,198	298	298
21521	335,313	330,280	451,278	363,275	298	298
21522	3595,3116	10,13	3779,2459	15,3	266	298
21523	1140,1037	274,373	902,711	149,67	228	236
21524	7,8	1014,976	4,2	813,652	246	219
21525	8,16	1015,977	2,0	813,652	246	219
21526	2,4	1015,977	0,0	813,652	216	219
21527	107,159	1184,1076	81,20	992,693	219	239
21528	15,6	10,4	8,15	6,5	298	298
21529	15,6	6,6	6,11	4,2	298	223
21530	158,99	127,76	173,145	101,81	298	262
21531	63,47	33,28	109,77	40,22	213	198
21532	0,3	1,3	0,0	3,0	228	281
21533	2581,2279	6,2	4107,3020	0,5	259	271
21534	12,4	126,155	8,5	205,171	298	165
21535	1396,1129	944,851	2099,1677	1537,1139	298	259
21536	12,4	944,850	8,5	1535,1138	298	259
21537	1387,1240	1655,1453	2394,1828	2627,1910	285	298
21538	0,2	1652,1453	0,0	2621,1909	298	298
21539	443,501	1652,1453	692,508	2621,1909	298	298
21540	8,8	1652,1453	3,1	2621,1909	285	298
21541	3,9	1652,1453	3,3	2621,1909	298	298
21542	6,11	11,15	6,2	10,12	195	247
21543	15,11	14,8	15,17	6,12	254	195
21544	20,24	17,13	26,21	14,15	298	254
21545	53,38	22,31	67,46	43,40	236	206
21546	6,2	1175,987	7,4	2051,1338	214	298
21547	607,597	571,509	870,629	951,727	298	253
21548	18,7	770,543	2,5	1173,936	259	288
21549	1233,931	1434,1213	2024,1328	2707,1818	263	263
21550	28,12	15,19	27,17	30,11	290	217
21551	4170,3163	73,49	1843,1379	13,2	213	298
21552	3111,2468	15,7	1269,928	4,1	223	298
21553	4170,3163	5178,4240	1843,1379	2411,1839	213	233
21554	3111,2468	5092,4169	1269,928	2400,1838	223	233
21555	247,223	73,77	324,252	115,99	296	221
21556	2,4	73,77	5,11	115,99	293	221
21562	117,92	19,9	159,83	18,23	296	188
21563	146,110	131,95	143,106	167,148	298	296
21564	80,46	12,4	96,75	7,4	265	277
21566	92,95	78,54	106,88	114,84	251	238
21567	1,2	6,5	2,0	6,3	247	266
21571	22,12	16,11	14,15	7,11	238	243
21572	21,12	12,11	14,15	9,2	238	298
21573	6,12	13,11	16,7	9,2	243	298
21576	13,7	15,14	13,10	12,11	215	298
21577	13,8	5,13	26,17	11,4	248	248
21579	2,0	2,4	1,1	1,0	222	261
21580	11,3	2,3	9,4	3,0	298	222
21581	0,4	1,7	4,1	8,9	190	298
21582	0,4	2,0	4,1	2,2	190	298
21583	44,38	57,38	73,58	115,54	283	231
21584	7,17	12,8	30,30	19,11	214	293
21592	4,3	1,5	8,4	14,7	298	220
21593	4,3	1,5	8,4	14,7	298	220
21594	6,4	1,5	9,4	14,7	298	220
21595	4,3	1,5	8,4	14,7	298	220
21596	11,9	13,13	22,17	40,21	257	298
21598	153,138	323,313	107,73	423,304	298	296
21599	237,241	248,214	283,212	298,222	298	298
21600	213,180	153,132	280,196	104,70	298	298
21601	203,176	235,240	284,155	284,212	275	298
21612	72,48	48,29	84,58	59,38	266	237
21613	38,27	76,62	47,35	86,74	246	298
21614	18,12	31,33	21,11	40,39	244	226
21632	2,4	5,18	0,0	17,6	291	251
21633	2,4	4,12	0,0	12,3	291	231
21634	2,4	48,50	0,0	27,51	291	247
21635	0,3	5,18	3,3	17,6	280	251
21636	0,3	4,12	3,3	12,3	280	231
21637	0,3	48,50	3,3	27,51	280	247
21638	58,46	76,39	99,55	145,92	290	293
21641	0,5	1891,1576	4,1	3329,2392	201	292
21642	4,3	1889,1573	5,0	3325,2388	201	292
21643	1662,1226	2141,1696	3216,2359	3812,2660	292	298
21644	1925,1619	980,834	3408,2453	1453,1198	298	244
21645	26,30	980,834	48,45	1453,1198	239	244
21646	0,0	3,9	0,1	7,5	277	270
21650	4,5	1,0	13,8	0,0	212	241
21651	238,255	297,293	256,219	463,295	254	249
21652	4,17	10,5	9,9	6,1	286	220
21653	831,772	9,14	690,505	5,1	298	252
21654	536,478	908,695	711,427	1098,838	252	298
21655	717,513	17,21	1045,746	7,4	298	298
21656	530,426	638,522	683,488	825,618	253	275
21657	826,750	530,488	2021,1342	974,743	293	298
21658	159,181	163,156	114,110	130,110	298	298
21659	158,156	143,120	153,124	129,110	297	298
21660	178,171	220,226	106,77	133,124	298	298
21661	176,171	17,23	106,74	21,18	298	298
21662	155,133	10,13	126,113	6,8	269	227
21663	155,133	140,141	126,113	168,142	269	298
21664	10,13	140,141	6,8	168,142	227	298
21665	0,0	0,1	2,0	3,2	249	196
21666	0,1	0,0	0,0	1,0	260	207
21667	2,1	0,0	0,0	2,0	260	249
21669	2,1	0,3	0,0	2,4	260	196
21672	0,0	0,3	2,0	2,4	249	196
21674	96,99	42,66	140,97	70,49	298	273
21675	75,92	52,41	117,91	64,40	273	298
21676	43,43	145,118	22,16	251,204	298	298
21677	39,17	122,126	32,23	110,90	190	298
21678	1,0	121,122	1,1	107,84	190	298
21679	15,9	60,42	6,4	62,32	271	298
21680	49,51	39,25	48,38	37,26	255	296
21681	50,50	60,42	49,38	63,59	255	298
21682	83,90	60,41	43,63	62,58	296	298
21683	0,0	6,4	1,0	8,0	215	298
21684	0,0	2,0	1,0	4,0	215	298
21685	39,35	298,245	32,19	384,266	245	255
21686	173,156	275,243	322,166	362,282	255	229
21687	30,16	15,16	20,24	7,3	298	298
21688	14,7	13,23	13,9	24,12	298	298
21689	18,17	66,72	27,16	125,63	272	298
21690	15,15	28,38	12,9	61,36	247	233
21691	51,39	2,3	45,20	5,0	247	180
21715	99,122	150,132	136,79	242,157	270	235
21716	192,189	88,92	256,170	145,88	235	221
21717	151,121	82,92	190,129	105,78	221	239
21718	48,58	73,52	54,53	96,73	190	219
21719	209,172	60,51	317,249	106,66	267	203
21720	9,2	4,8	7,6	8,2	241	211
21721	1,0	21,17	0,0	26,14	180	241
21722	510,422	492,452	697,489	722,588	295	298
21723	505,422	496,421	697,489	574,480	295	295
21724	521,431	501,420	497,416	574,480	298	295
21725	494,448	411,365	719,588	559,475	295	298
21726	47,38	34,22	98,66	72,47	227	236
21727	518,454	510,408	774,555	605,480	231	281
21728	580,510	519,407	735,525	606,482	249	281
21729	579,511	323,251	735,525	411,313	249	298
21730	579,511	302,240	735,525	401,306	249	222
21731	720,626	459,401	990,700	689,485	298	237
21732	59,82	217,159	51,34	181,140	263	298
21733	77,60	146,166	89,48	193,159	267	248
21734	8,0	145,167	2,0	193,159	267	248
21735	58,82	123,92	51,34	143,98	263	267
21736	177,131	214,151	224,152	380,291	272	298
21737	47,38	272,187	49,30	311,256	298	272
21738	92,64	155,109	149,129	205,111	211	253
21739	157,104	229,167	274,205	324,300	243	298
21740	378,278	261,223	509,377	453,305	246	201
21741	49,48	150,121	36,25	149,91	235	266
21742	235,217	110,112	190,161	74,58	266	253
21743	235,217	55,51	189,161	45,31	266	253
21744	142,106	261,279	149,86	224,173	253	238
21745	150,150	49,35	158,67	38,15	210	260
21746	150,150	287,268	158,67	320,227	210	298
21747	105,114	265,236	80,48	186,138	210	247
21748	117,147	296,264	43,25	246,150	260	247
21749	48,34	184,191	35,16	111,56	247	283
21754	19,7	12,15	28,16	24,19	255	221
21755	37,31	15,5	15,22	10,8	298	237
21756	16,3	21,12	16,5	43,25	247	298
21757	2,0	2,0	2,0	1,0	276	230
21758	37,37	11,16	31,19	20,14	217	240
21759	32,33	0,3	27,18	5,1	217	240
21760	32,33	37,20	27,18	56,46	217	284
21761	0,3	37,20	5,1	56,46	240	284
21762	15,23	42,24	26,7	55,42	240	284
21763	972,966	932,721	1490,1179	1256,1006	295	298
21764	40,37	943,775	57,79	1667,1308	298	275
21765	0,1	943,775	1,0	1667,1308	172	275
21766	925,696	932,724	1617,1128	1255,1006	275	298
21767	316,244	224,184	443,336	360,277	245	267
21768	427,350	201,164	655,467	367,263	298	245
21769	82,58	73,60	68,62	78,60	241	260
21771	113,114	230,170	91,93	255,226	298	298
21772	3,6	304,250	1,1	333,232	231	298
21773	157,144	172,133	264,179	196,124	274	298
21774	3,6	135,115	1,1	135,105	231	294
21775	157,144	5,0	264,179	1,1	274	294
21776	58,48	121,95	71,44	105,87	201	274
21777	14,21	121,95	32,24	105,87	255	274
21778	1120,916	222,165	1728,1292	225,173	239	174
21779	43,31	222,165	56,45	225,173	212	174
21780	1176,988	573,395	1788,1341	817,595	239	212
21781	1884,1350	613,511	3919,2902	849,702	248	239
21782	719,569	1124,916	1252,899	1650,1257	219	210
21783	719,569	1661,1378	1252,899	2388,1826	219	248
21785	1,0	743,708	0,0	1069,701	241	189
21787	162,176	655,531	269,157	776,517	201	255
21788	884,752	113,113	1029,687	145,115	298	184
21789	650,567	113,112	1040,645	145,115	270	184
21790	2,0	107,101	0,1	175,125	203	250
21791	0,0	65,67	2,3	86,63	271	176
21792	111,86	1,0	196,152	0,0	298	245
21793	282,245	287,227	380,346	454,307	276	298
21794	2,3	67,59	1,2	48,31	274	252
21795	39,32	73,70	44,30	55,34	270	298
21796	39,32	2,3	44,30	2,2	270	274
21797	8,4	2,5	5,7	5,7	270	282
21798	222,177	282,222	354,253	480,389	298	296
21799	212,178	236,228	385,357	369,276	292	252
21800	6,2	1743,1480	0,2	3106,2313	273	298
21801	6,2	10,5	0,2	1,1	273	230
21802	895,979	906,807	1640,1138	1227,1033	264	298
21803	7,3	1,9	2,2	1,3	273	264
21804	4,2	332,412	0,2	532,320	273	264
21805	8,15	12,9	18,6	30,9	278	278
21806	3,11	12,9	7,2	30,9	278	278
21807	39,26	12,9	28,17	30,9	263	278
21808	3,11	8,15	7,2	18,6	278	278
21809	39,26	8,15	28,17	18,6	263	278
21810	39,26	3,11	28,17	7,2	263	278
21811	140,90	0,0	118,80	1,0	221	194
21812	44,23	21,24	35,22	21,17	190	221
21814	55,26	36,15	53,39	28,18	192	187
21817	1,0	73,62	0,0	70,54	298	204
21818	265,256	462,437	466,306	647,378	298	298
21819	265,256	168,147	465,306	185,114	298	298
21820	611,552	128,125	740,473	193,148	298	240
21821	611,552	407,346	740,473	632,425	298	252
21822	1,2	5,2	0,0	15,4	240	252
21823	128,125	407,346	193,148	632,425	240	252
21824	89,92	356,333	103,56	502,271	240	252
21825	288,267	863,780	372,256	1269,796	240	252
21826	351,331	507,491	487,267	952,649	252	265
21827	0,9	769,646	3,6	1045,750	265	298
21828	670,642	768,633	1212,805	1273,748	298	296
21829	793,684	675,552	902,685	1038,644	278	298
21830	1022,824	799,689	1263,852	1034,764	278	298
21831	523,431	802,693	805,562	1038,764	222	298
21832	11,12	383,268	18,18	559,396	251	216
21833	11,12	614,476	18,18	1075,671	251	298
21834	46,33	8104,6560	46,30	16084,11384	180	238
21835	97,77	24160,19277	49,26	49936,36445	180	298
21836	18,10	75,54	36,25	53,46	180	298
21837	21562,16167	86,54	40833,34007	79,50	238	269
21838	21562,16167	24192,19305	40833,34007	49945,36451	238	298
21839	4,0	1207,1079	4,0	2689,1960	227	279
21850	0,3	4,3	2,1	8,1	298	298
21851	0,3	3,1	2,1	1,1	298	298
21852	0,1	26,22	0,0	14,23	223	298
21853	0,1	96,93	0,0	89,53	223	297
21854	23,17	6,7	42,29	8,5	291	298
21855	10,8	15,10	11,4	12,8	202	277
21856	6,3	12,15	2,1	19,10	213	298
21857	6,3	27,25	2,1	35,18	213	298
21858	4,3	2,0	3,0	0,0	285	298
21859	144,106	4,19	121,95	15,9	246	271
21860	47,43	52,44	50,26	79,51	233	267
21861	5,2	5,17	0,1	9,4	247	298
21862	12,24	9,8	21,18	19,12	288	262
21863	27,18	0,4	40,23	3,9	262	286
21864	105,77	1,0	126,95	0,0	257	188
21865	48,49	3,2	10,4	1,0	291	197
21866	15,25	71,81	47,22	150,119	251	283
21867	97,129	27,20	2,4	3,2	267	196
21868	340,356	549,512	404,299	671,394	274	298
21869	61,24	51,42	57,40	68,48	290	276
21870	61,24	8,9	56,43	28,21	290	276
21871	109,79	55,42	113,114	78,52	277	276
21872	108,78	12,9	114,114	35,25	277	276
21873	108,78	22,11	114,114	27,23	277	197
21874	12,9	22,11	35,25	27,23	276	197
21875	53,81	23,13	100,86	25,23	276	197
21876	44,73	137,110	71,62	179,115	276	292
21877	23,27	75,39	35,12	97,66	249	248
21878	11,4	0,0	2,10	1,0	280	189
21880	11,4	2,0	2,10	2,0	280	241
21882	0,0	2,0	1,0	2,0	189	241
21884	84,96	272,204	69,47	242,181	224	288
21885	84,87	21,17	71,48	3,12	224	288
21886	84,87	176,117	71,48	145,92	224	298
21887	21,17	176,117	3,12	145,92	288	298
21888	231,217	180,135	221,136	148,95	288	298
21889	109,92	169,98	130,77	142,101	244	266
21890	161,128	57,44	128,107	47,29	249	247
21891	213,179	159,157	156,133	107,94	247	266
21892	19,12	310,264	11,7	358,260	224	298
21893	220,162	28,30	277,185	25,26	247	224
21894	232,179	93,63	205,185	167,99	298	200
21895	278,214	239,225	326,254	300,232	298	298
21896	156,160	231,177	208,164	202,184	256	298
21897	192,170	232,179	254,176	278,226	298	256
21899	36,18	1,2	57,21	3,0	182	241
21900	1,8	182,142	5,7	325,235	222	264
21901	229,212	169,160	242,172	194,131	298	298
21902	232,214	115,198	242,172	108,59	298	298
21903	287,220	227,250	266,235	260,213	266	298
21904	265,193	297,250	273,191	278,269	243	266
21905	3,2	4,6	6,0	10,5	229	188
21906	113,89	96,82	90,61	80,60	244	254
21907	70,30	8,2	25,11	3,5	298	292
21909	39,35	14,10	61,28	30,30	298	249
21910	719,461	448,415	822,621	594,374	298	259
21911	59,50	77,89	45,18	164,99	252	254
21912	9,6	154,156	5,5	289,158	242	254
21913	154,155	192,161	275,221	232,186	298	287
21914	142,89	76,100	235,160	161,127	277	258
21915	336,285	170,139	421,338	266,171	295	298
21916	405,356	169,139	386,299	268,174	284	298
21917	406,358	356,244	388,299	453,396	284	295
21918	2,2	325,224	5,5	414,366	298	295
21919	9,11	190,147	15,7	244,199	295	198
21920	9,15	354,347	3,9	523,428	263	275
21921	119,120	291,266	150,93	415,357	298	275
21922	9,11	291,266	15,7	415,357	295	275
21923	20,10	290,264	18,12	413,355	298	275
21924	4,14	291,266	12,14	415,357	292	275
21925	1751,1252	1088,1001	3322,2430	1671,1189	298	232
21926	1748,1252	1617,1295	3324,2430	2478,1721	298	246
21927	854,594	1620,1294	1551,1194	2474,1721	232	246
21928	1657,1361	2196,1859	2390,1819	2883,2173	246	297
21929	2248,1867	2531,2112	3258,2292	3635,2858	297	283
21930	2247,1867	1337,1167	3258,2293	1880,1363	297	252
21931	2162,1836	1337,1167	2840,2152	1880,1363	283	252
21932	246,235	536,476	352,232	842,533	298	264
21933	620,530	122,107	751,508	169,130	264	194
21934	599,522	17,14	759,512	12,7	264	194
21935	599,522	1,3	759,512	0,2	264	203
21936	599,522	611,614	759,512	789,728	264	298
21937	581,519	1,1	727,482	2,3	264	194
21938	581,519	377,344	727,482	461,366	264	205
21939	577,508	1,1	715,472	2,1	264	234
21940	17,14	1,3	12,7	0,2	194	203
21941	17,14	611,614	12,7	789,728	194	298
21942	1,1	377,344	2,3	461,366	194	205
21943	208,184	655,637	295,204	828,764	194	298
21944	163,157	48,26	256,178	39,38	194	298
21945	163,157	390,349	256,178	499,400	194	205
21946	48,26	390,349	39,38	499,400	298	205
21947	576,552	416,362	938,606	493,393	298	205
21948	101,380	4505,4011	29,23	6140,4749	298	294
21949	45,39	95,79	51,28	112,85	197	298
21950	80,98	69,53	129,89	120,104	246	234
21951	92,78	0,11	124,90	6,2	233	246
21952	137,112	96,79	170,109	142,90	295	246
21953	5,2	79,73	3,2	131,83	295	246
21954	93,78	79,73	125,97	131,83	233	246
21955	2,2	79,73	3,0	130,81	295	246
21956	2,1	79,73	0,2	130,81	233	246
21957	93,78	5,2	125,97	3,2	233	295
21958	2,1	2,2	0,2	3,0	233	295
21959	108,83	148,138	137,101	213,140	233	295
21960	7,5	145,138	11,8	213,138	233	295
21961	86,77	8,4	114,73	14,8	242	233
21962	89,76	68,53	113,73	99,57	242	233
21963	97,82	111,93	123,87	110,87	258	242
21964	49,44	105,90	55,20	109,87	298	242
21966	39,42	102,52	22,22	78,84	288	277
21969	51,41	6,0	53,53	0,0	232	298
21970	52,41	103,80	54,54	113,94	232	298
21971	0,2	490,395	1,4	444,308	271	231
21972	13,34	490,395	22,8	444,308	289	231
21973	15,32	490,395	21,4	444,308	285	231
21982	157,155	188,138	182,108	243,163	298	298
21983	48,44	60,49	68,65	83,56	217	255
21984	0,0	60,49	0,1	83,56	241	255
21985	21,21	29,32	26,24	67,36	214	217
21989	9,4	1,7	15,8	10,11	247	298
21991	75,62	16,11	165,104	21,24	276	245
21992	23,16	71,66	29,11	74,39	212	235
21993	45,32	11,10	55,33	12,5	250	185
21994	26,19	72,64	32,19	74,39	185	235
21995	33,23	41,49	44,32	40,26	235	199
21996	47,24	4,10	39,22	12,1	254	198
21997	47,24	11,11	39,22	1,4	254	228
21998	4,10	11,11	12,1	1,4	198	228
21999	20,15	13,8	13,16	4,4	222	228
22000	20,15	4,8	13,16	6,10	222	285
22001	20,15	5,4	13,16	3,1	222	298
22002	13,8	4,8	4,4	6,10	228	285
22003	13,8	5,4	4,4	3,1	228	298
22004	0,0	147,115	2,0	168,134	176	298
22005	0,0	99,74	2,0	124,77	176	271
22006	159,181	6,1	203,122	0,0	219	209
22007	159,181	331,288	201,122	663,493	219	209
22008	261,232	597,514	532,338	756,493	209	298
22012	16,28	1,8	12,9	4,4	298	230
22013	15,23	1,8	12,8	4,4	235	230
22014	95,111	0,0	84,59	1,2	298	235
22015	98,115	4,4	94,66	5,4	298	235
22016	2,1	92,78	0,0	71,57	231	246
22017	124,132	49,35	111,69	29,21	298	246
22018	2,1	78,88	2,0	46,50	298	298
22020	0,4	86,93	2,4	47,54	218	298
22021	0,0	86,93	4,1	47,54	223	298
22022	2,1	78,88	2,0	46,52	298	298
22024	0,4	93,106	2,4	56,58	218	298
22025	0,0	93,106	4,1	56,58	223	298
22029	0,0	7,14	1,1	5,2	223	298
22030	0,0	6,17	2,2	5,2	218	298
22031	0,0	3,1	1,1	2,0	223	276
22032	91,78	192,135	115,80	121,101	231	282
22033	422,314	469,386	460,323	699,577	298	260
22034	142,169	465,380	224,136	697,579	298	260
22035	475,461	589,489	987,697	880,730	260	298
22036	308,296	529,470	410,340	790,628	262	292
22037	166,193	526,468	293,245	788,627	219	292
22038	166,202	615,518	293,245	898,616	219	298
22039	547,372	346,296	526,392	377,280	251	257
22040	8,4	424,331	6,7	466,328	253	251
22041	326,277	477,335	342,223	510,323	232	268
22042	53,53	89,79	33,27	88,53	284	286
22043	6,1	232,221	2,0	201,176	298	298
22044	167,177	97,68	192,140	94,44	298	231
22045	14,7	200,143	11,3	125,102	231	282
22046	137,120	183,148	164,92	115,92	282	241
22047	13,11	3,1	15,4	8,1	237	250
22048	20,29	0,0	31,4	1,0	237	206
22049	4,0	19,23	0,0	19,12	254	298
22050	26,22	4,6	24,15	12,6	253	298
22057	0,1	1,4	0,0	9,2	298	222
22058	25,14	0,0	33,10	1,0	236	222
22062	0,0	0,1	1,0	0,0	298	298
22064	0,1	0,1	2,2	0,0	238	298
22065	0,0	0,1	1,0	0,0	298	298
22069	33,24	3,0	24,23	3,0	298	236
22070	4,1	3,0	3,0	3,0	298	236
22071	30,24	1,1	24,23	5,1	298	236
22072	30,24	3,0	25,23	2,2	298	236
22075	18,19	28,20	26,20	39,16	236	298
22076	13,10	27,19	13,9	36,16	289	298
22077	18,19	27,19	26,20	36,16	236	298
22078	17,14	1,5	12,17	0,0	228	262
22079	47,43	1,5	50,41	0,0	236	262
22080	1,4	20,14	6,1	17,18	284	236
22081	14,11	20,14	16,9	17,18	289	236
22082	2,0	20,14	0,0	17,18	188	236
22086	376,347	112,75	317,193	70,54	298	298
22087	163,146	15,24	127,99	12,9	298	291
22088	204,199	134,108	223,170	156,131	278	253
22089	2,5	15,4	10,3	24,8	251	298
22090	43,36	1,0	64,41	0,0	212	189
22091	120,87	92,67	183,109	166,97	298	298
22092	94,79	96,96	144,106	164,87	298	272
22095	43,37	3,0	34,13	2,0	266	273
22096	106,110	3,0	74,58	0,0	235	273
22097	9,6	22,19	4,2	13,2	229	257
22116	73,40	55,46	66,61	58,59	298	266
22129	4,4	25,17	0,1	10,15	245	222
22130	5,4	7,3	3,0	5,3	245	222
22131	8,7	73,30	11,3	62,39	245	287
22132	8,7	14,23	11,3	17,14	245	222
22133	68,64	15,13	65,38	9,9	222	241
22134	68,64	72,31	65,38	66,39	222	287
22135	15,13	72,31	9,9	66,39	241	287
22136	58,36	87,34	25,33	73,44	241	287
22137	179,145	109,77	142,74	81,51	298	298
22138	148,118	3,1	117,58	0,2	298	298
22139	90,80	3,2	122,66	1,0	298	275
22140	102,69	188,131	140,83	186,147	298	298
22141	363,380	565,513	600,368	870,701	245	246
22142	496,414	561,508	778,561	862,695	232	246
22143	678,619	586,530	1230,874	868,702	246	246
22144	547,497	233,213	826,670	375,316	235	195
22145	549,497	254,272	826,670	261,245	235	208
22146	345,224	252,274	629,485	260,245	195	208
22147	564,464	916,786	812,481	1292,828	298	298
22150	235,185	187,198	189,170	177,97	288	259
22151	236,184	166,154	189,170	108,63	288	298
22152	193,189	161,150	187,146	108,63	259	298
22153	54,40	73,41	79,66	121,103	257	254
22154	8,11	92,59	16,8	87,101	182	257
22155	3,1	35,32	7,4	84,42	164	224
22156	35,25	60,37	63,57	107,76	230	298
22157	413,410	550,453	789,523	756,555	288	284
22158	264,198	408,303	401,258	609,418	193	227
22160	7,3	0,0	6,2	0,1	245	271
22164	6,2	9,5	5,3	3,6	298	284
22167	6,2	10,5	5,3	32,9	298	236
22169	6,2	0,0	6,3	0,1	298	271
22172	11,12	10,28	25,18	22,23	289	236
22173	11,12	0,0	25,18	4,1	289	236
22174	12,12	10,5	25,18	32,9	289	236
22175	2,6	10,28	4,2	22,23	289	236
22176	6,3	31,19	6,2	38,36	289	252
22177	9,5	10,5	3,6	32,9	284	236
22178	8,5	10,28	3,6	22,23	284	236
22179	1,0	31,19	0,0	38,36	284	252
22180	42,39	0,1	65,38	1,2	236	262
22181	61,49	34,21	101,57	39,37	236	262
22182	61,49	31,17	101,57	38,36	236	252
22183	42,39	10,9	61,37	14,8	236	298
22184	42,39	11,9	61,37	14,8	236	298
22185	42,40	4,1	61,37	7,3	236	298
22187	42,40	3,1	61,37	7,3	236	298
22191	12,25	3,1	28,26	11,4	262	298
22192	12,25	22,13	28,26	47,23	262	298
22193	12,25	3,1	28,26	7,3	262	296
22201	459,403	203,262	784,607	202,184	298	235
22202	344,299	195,261	463,365	202,178	237	235
22203	350,301	571,528	464,372	820,676	237	298
22204	156,126	293,249	214,152	425,326	201	234
22205	273,194	294,250	595,433	426,324	216	234
22206	49,24	99,115	36,31	128,99	282	194
22207	1,1	3,2	0,0	2,0	227	209
22208	0,1	105,94	1,1	125,92	237	260
22209	1,1	2,0	3,4	3,2	298	193
22210	1,1	2,1	3,4	1,6	298	178
22212	177,133	136,123	151,111	169,114	298	284
22213	129,127	152,153	173,102	145,83	298	298
22214	1,5	54,49	0,1	54,37	249	198
22215	34,22	132,135	20,19	189,121	298	198
22216	104,102	48,42	132,88	51,36	298	198
22217	9,2	0,0	5,1	6,0	249	292
22218	43,32	0,0	22,20	6,0	298	292
22219	36,24	0,0	19,19	6,0	298	292
22220	37,23	0,0	24,22	6,0	298	292
22221	43,32	9,2	22,20	5,1	298	249
22222	36,24	9,2	19,19	5,1	298	249
22223	37,23	9,2	24,22	5,1	298	249
22224	106,80	87,98	108,59	139,86	269	298
22225	113,77	78,93	110,76	106,63	284	269
22226	91,85	7,3	96,87	2,0	273	276
22227	92,85	2,1	97,87	2,2	273	227
22246	116,214	16,6	56,24	0,0	298	199
22247	116,215	16,6	56,24	0,0	298	199
22248	124,218	16,6	58,24	0,0	298	199
22249	24,33	16,6	15,6	0,0	298	199
22250	32,37	16,6	17,6	0,0	298	199
22251	2,3	88,87	2,0	62,35	270	293
22252	9,5	24,18	24,22	52,28	291	298
22253	146,143	87,84	195,134	120,106	266	209
22254	3,2	43,37	5,3	114,42	281	227
22255	24,9	30,20	29,33	72,50	298	253
22256	21,30	43,18	29,24	50,43	298	298
22257	93,61	94,62	123,103	122,86	255	298
22259	68,48	86,51	65,52	76,51	298	239
22260	38,38	30,21	35,27	30,13	267	241
22261	100,81	22,25	94,72	29,19	298	267
22262	22,14	31,32	17,11	66,38	272	281
22263	8,2	31,32	8,8	69,37	272	281
22264	22,31	41,36	37,37	51,32	298	272
22265	27,17	84,58	31,26	64,60	270	298
22266	156,112	60,46	99,91	52,40	258	188
22267	180,132	164,123	117,79	118,77	226	221
22268	180,132	11,6	117,79	5,2	226	188
22269	207,189	68,54	172,134	66,44	245	188
22270	66,45	162,122	63,62	118,79	188	221
22271	171,129	136,103	102,80	129,92	221	209
22272	196,142	6,5	160,115	1,0	209	292
22273	202,144	246,239	165,120	300,210	209	292
22274	580,480	2,0	571,398	0,0	292	206
22275	333,241	103,78	276,192	65,42	292	216
22276	207,208	91,85	214,147	82,61	217	180
22277	76,60	372,288	55,43	330,234	180	257
22278	3,3	3,1	6,1	4,6	246	218
22279	2,0	2,8	1,0	8,3	281	298
22280	107,82	75,60	146,84	92,66	298	278
22281	41,28	97,78	37,24	65,52	200	298
22282	257,260	665,495	508,309	1143,908	233	222
22284	1,9	2,0	2,3	0,0	298	230
22285	1,9	2,0	2,3	0,0	298	230
22286	3,9	2,0	6,4	0,0	298	230
22287	1,9	722,561	2,3	1221,938	298	259
22288	2,0	722,561	0,0	1221,938	298	259
22290	497,371	722,561	729,604	1221,938	222	259
22291	988,719	330,286	1560,1203	466,404	259	229
22292	89,77	47,30	105,86	61,47	251	239
22294	31,31	8,21	23,16	12,8	298	298
22302	99,115	7,3	84,68	4,6	236	272
22303	205,177	182,156	241,167	214,141	298	237
22304	60,72	233,190	65,58	275,171	221	257
22305	62,71	300,240	66,60	342,191	221	298
22306	148,127	298,239	206,127	341,191	251	298
22307	168,122	69,75	219,147	78,54	265	221
22308	215,194	69,73	251,197	78,56	298	221
22309	159,131	264,138	246,189	471,342	298	298
22310	138,120	70,36	305,228	139,93	298	200
22327	247,210	340,252	339,246	621,410	298	218
22328	120,110	11,17	139,109	3,5	298	298
22329	67,51	34,26	33,45	35,45	253	232
22330	0,0	7,4	2,0	22,16	260	270
22331	244,201	248,197	403,288	401,280	221	233
22332	449,377	846,725	677,512	978,700	283	298
22334	44,47	100,86	45,38	115,68	193	298
22336	422,308	127,105	394,345	155,106	274	200
22338	505,567	567,561	703,445	634,435	259	231
22339	11,18	567,561	14,14	634,435	277	231
22340	459,460	845,747	433,217	1124,796	298	259
22341	24,20	372,378	36,15	326,170	259	274
22342	44,29	438,422	13,19	502,275	283	217
22343	44,27	438,422	39,20	502,275	259	217
22344	220,204	1114,1020	237,125	1363,871	209	259
22345	20,51	11,12	11,5	16,8	249	209
22346	104,78	411,347	126,95	418,348	231	278
22347	82,66	70,76	138,90	108,87	216	232
22348	76,76	99,82	170,134	193,149	269	248
22349	89,85	6,3	174,100	0,2	269	173
22350	89,63	6,3	124,96	0,2	298	173
22351	93,90	6,3	188,102	0,2	269	173
22352	89,63	89,85	124,96	174,100	298	269
22353	109,106	10,9	173,124	16,2	298	269
22354	110,106	82,87	173,124	182,142	298	298
22355	113,97	87,58	188,121	122,96	261	298
22356	66,45	95,89	85,68	136,100	209	261
22357	89,66	130,106	169,117	164,130	280	298
22358	30,29	117,93	96,50	177,141	241	280
22359	0,4	4,7	1,0	0,0	298	262
22360	213,141	61,32	226,168	76,51	256	200
22361	222,147	179,166	244,186	195,127	256	239
22362	275,232	187,130	304,218	314,209	298	256
22367	65,67	11,12	104,74	2,2	197	298
22368	65,67	12,12	104,74	2,2	197	298
22369	2,5	9,9	0,0	2,3	268	243
22370	2,6	9,9	0,0	2,3	298	243
22371	276,228	157,142	331,212	289,187	298	273
22372	268,218	157,142	330,208	289,187	298	273
22373	15,13	45,52	28,7	48,29	298	272
22381	10,15	56,49	29,19	79,50	199	260
22382	95,102	65,68	166,112	105,75	298	298
22383	97,115	48,33	180,105	47,56	298	218
22384	123,112	133,101	220,155	183,130	240	295
22385	129,133	95,103	250,133	146,127	298	298
22386	115,84	91,70	93,78	42,45	296	253
22387	10,13	75,66	12,3	59,59	276	298
22388	26,22	75,57	20,20	95,71	234	298
22389	26,22	26,10	20,20	25,16	234	298
22390	51,42	22,30	33,37	30,36	241	273
22394	70,80	12,11	60,42	19,10	290	230
22395	136,95	5,9	190,180	8,5	264	280
22396	151,127	109,87	162,138	181,127	280	277
22397	480,549	212,179	665,549	244,141	298	206
22398	15,19	2,1	45,25	0,1	281	248
22399	16,19	2,1	47,25	0,1	285	248
22400	186,188	17,15	267,225	19,19	246	280
22401	214,180	215,189	300,223	386,247	231	280
22402	20,16	12,27	13,13	39,17	230	298
22403	36,36	14,13	19,28	7,5	298	230
22404	123,95	2,1	154,125	1,5	298	238
22405	0,0	0,1	0,1	0,1	298	238
22407	586,479	80,52	1032,816	98,98	278	194
22408	432,382	8,5	844,659	20,9	278	194
22409	489,410	126,87	958,738	162,136	298	278
22410	492,414	430,377	961,746	936,717	298	278
22411	6,7	104,114	16,9	135,96	271	236
22412	17,25	106,52	8,0	77,60	250	232
22413	234,195	41,80	149,112	28,18	287	247
22414	92,98	240,217	98,42	313,228	298	252
22416	3,1	108,131	0,0	126,135	298	298
22417	108,111	88,70	180,149	190,118	293	293
22418	11,15	82,79	23,15	173,131	224	287
22419	1,0	33,25	3,0	48,48	221	224
22420	15,31	93,136	19,6	97,53	298	229
22421	307,275	276,232	345,240	364,314	298	298
22422	419,400	351,345	499,336	375,297	298	298
22423	341,292	357,288	473,326	398,303	298	298
22424	331,268	263,177	387,298	385,241	260	298
22425	355,329	436,372	413,314	540,351	298	298
22426	264,175	209,160	386,241	250,188	298	244
22427	266,176	129,111	385,241	166,107	298	207
22428	262,176	13,10	385,241	4,5	298	244
22429	262,176	272,232	385,241	317,214	298	255
22430	277,251	132,112	340,198	167,107	244	207
22431	183,145	274,238	245,186	320,215	207	255
22432	67,39	54,35	72,37	45,32	259	238
22433	28,54	223,186	36,25	260,206	298	228
22434	98,82	163,116	86,49	187,141	228	250
22435	5,15	128,104	15,25	139,78	250	235
22436	192,163	128,106	215,155	139,77	250	235
22437	155,119	80,69	191,146	70,61	235	214
22439	107,87	22,35	174,95	14,7	290	254
22440	49,42	7,9	126,71	4,9	184	242
22441	49,42	200,154	126,71	486,334	184	298
22442	48,43	107,102	126,71	290,171	184	228
22443	7,9	200,154	4,9	486,334	242	298
22444	27,29	69,43	45,26	72,64	206	252
22446	39,52	14,23	61,59	24,22	224	206
22447	65,34	14,24	86,78	24,22	231	206
22448	65,34	17,27	86,76	39,19	231	224
22449	15,13	89,72	7,8	115,82	298	236
22450	6,1	19,6	4,2	32,13	239	236
22451	42,31	24,7	32,24	31,15	239	236
22452	1,3	3,1	1,0	3,2	279	231
22453	93,115	6,4	58,35	1,7	270	298
22454	4,3	15,11	8,0	47,21	259	288
22455	7,0	374,256	3,5	469,375	218	298
22456	409,312	311,252	656,513	525,329	298	262
22457	18,23	114,106	17,12	134,74	298	298
22458	345,281	103,99	380,282	128,89	298	219
22459	344,285	216,209	378,279	234,202	298	238
22460	262,245	161,115	312,236	172,109	291	230
22462	131,110	136,76	179,146	218,127	260	262
22463	88,45	58,67	129,88	113,70	198	240
22464	83,88	14,6	171,83	10,7	298	238
22465	113,93	101,64	116,76	98,72	267	259
22466	102,90	219,172	120,101	279,208	251	279
22467	124,99	198,167	204,131	265,196	276	279
22468	80,82	198,165	134,83	265,196	237	279
22469	143,108	140,117	216,143	203,133	276	251
22470	27,18	140,116	26,23	205,130	276	251
22471	105,106	140,117	189,156	204,130	298	251
22472	105,103	148,142	189,159	167,150	298	276
22473	80,82	148,142	135,82	167,150	237	276
22474	89,74	142,140	134,86	164,146	211	276
22475	96,77	147,115	136,90	227,155	211	298
22476	96,77	8,9	136,90	12,14	211	237
22477	263,211	169,99	383,271	193,150	294	261
22478	168,121	180,131	230,167	308,190	251	294
22479	1398,1257	137,82	2558,1748	133,135	236	254
22480	520,528	951,875	941,718	1446,1129	236	275
22481	511,519	39,27	927,708	34,31	236	275
22482	36,24	548,454	33,31	897,700	275	249
22483	815,710	882,681	1485,958	1554,1248	275	267
22484	813,707	8,7	1484,958	14,11	275	267
22485	813,707	548,453	1484,958	897,700	275	249
22486	8,7	548,453	14,11	897,700	267	249
22487	966,835	553,456	1508,1105	898,700	267	249
22488	625,543	1173,973	1033,841	1994,1660	249	274
22489	814,609	757,693	1398,1122	1271,938	274	250
22490	10,17	59,38	5,4	56,49	197	241
22491	137,122	82,90	185,139	135,104	298	298
22492	134,78	82,65	141,92	132,91	298	298
22493	80,87	62,57	137,103	67,65	298	268
22494	17,20	31,29	5,13	27,32	219	266
22495	5,2	30,21	3,4	36,16	219	287
22496	18,21	32,22	5,12	41,16	219	287
22497	8,3	400,363	9,1	462,316	156	291
22498	164,158	345,250	89,46	219,214	265	295
22499	154,152	241,187	89,46	190,141	265	259
22500	154,151	236,199	90,46	210,155	265	293
22501	274,228	237,197	198,160	210,155	259	293
22502	201,166	217,163	177,135	136,102	277	298
22503	108,99	358,281	83,62	257,171	204	298
22504	49,27	216,162	25,5	136,102	298	298
22505	159,146	306,219	116,81	224,163	230	257
22506	171,156	306,219	126,86	224,163	298	257
22507	235,182	321,229	174,114	222,163	239	257
22514	2,2	10,8	2,2	3,5	185	298
22515	111,109	106,98	130,74	161,124	263	298
22516	35,29	86,76	75,49	93,82	245	298
22517	64,54	4,2	114,70	10,0	258	298
22518	125,104	439,384	169,129	747,565	289	220
22519	52,50	436,385	64,60	749,565	244	220
22520	27,18	974,803	35,31	1593,1132	244	290
22521	407,357	393,328	825,622	624,401	220	233
22522	28,32	329,256	33,29	483,370	290	181
22523	26,30	393,328	33,25	624,401	290	233
22524	288,220	472,465	453,301	731,492	181	244
22525	559,521	397,328	933,680	623,400	244	233
22526	174,132	359,288	263,181	438,353	248	265
22527	326,251	211,186	525,407	235,178	265	298
22528	115,64	50,52	187,141	64,51	282	217
22529	474,375	21,16	570,363	4,6	245	278
22530	378,287	42,22	514,358	5,2	298	281
22531	22,18	22,24	1,0	4,6	281	278
22532	0,1	19,16	1,0	9,7	281	278
22536	6,1	0,0	3,0	2,2	248	223
22537	0,0	1,0	1,0	2,0	183	241
22539	1209,1094	696,578	1857,1385	1263,972	276	242
22540	1071,835	696,577	1968,1496	1266,972	241	242
22541	1055,821	1434,1154	1922,1441	2331,1834	241	298
22542	8,1	748,685	2,0	1365,1071	298	221
22543	19,14	749,685	48,55	1367,1071	298	221
22544	14,10	5,8	18,10	4,9	207	224
22546	1684,1278	709,625	2348,1903	923,729	272	243
22547	5,5	185,171	12,5	229,167	264	276
22548	68,85	161,132	96,90	158,131	254	298
22549	68,85	16,17	96,90	8,10	254	298
22550	4,7	104,99	2,1	122,87	298	212
22551	256,264	360,344	627,430	573,446	229	211
22552	249,262	446,340	627,427	1017,744	229	219
22553	274,255	467,371	584,445	871,584	211	223
22554	396,300	842,754	578,495	1496,1134	219	298
22555	964,803	308,292	1686,1323	537,451	298	230
22559	139,80	129,88	174,114	173,138	247	264
22560	8,9	284,215	8,8	390,273	285	252
22561	131,76	8,9	171,118	4,7	252	298
22562	131,76	2,6	171,118	7,1	252	242
22563	4,5	148,109	0,0	205,147	298	242
22564	221,197	265,206	208,169	325,209	233	253
22565	1,2	370,349	2,4	376,286	195	298
22566	14,8	10,7	13,9	7,3	247	216
22568	24,30	35,21	60,44	41,25	298	224
22569	51,40	26,39	85,66	72,60	257	278
22570	24,32	26,39	63,42	72,59	298	278
22571	7,3	24,32	10,12	60,42	298	298
22572	11,10	26,31	6,3	69,42	298	298
22573	1,1	3,4	5,6	3,2	255	235
22574	13,6	1,2	26,11	1,1	298	235
22575	92,75	56,49	125,96	65,56	237	238
22577	2,2	8,2	0,0	1,0	298	238
22578	0,1	8,2	0,0	1,0	298	238
22579	0,0	5,8	1,0	1,0	290	253
22580	1,4	6,0	1,1	1,4	217	271
22581	22,20	18,14	45,31	30,14	257	292
22582	68,85	58,63	128,98	116,46	286	298
22583	115,122	74,80	175,137	139,86	298	298
22584	129,112	72,74	236,179	163,104	298	277
22585	20,16	491,371	14,13	900,611	194	266
22588	117,85	0,2	123,123	3,0	280	298
22589	48,35	0,0	47,33	2,2	222	263
22591	565,508	433,339	636,490	385,286	273	219
22592	117,127	123,142	59,53	100,44	249	259
22593	73,56	87,83	78,57	147,97	210	289
22594	41,40	85,86	67,54	94,72	289	256
22595	63,76	65,65	105,66	84,50	256	215
22607	33,36	25,25	48,41	26,9	238	220
22613	58,42	3,1	64,43	2,1	298	278
22617	445,444	76,77	942,652	162,112	263	298
22618	446,450	801,584	944,653	1696,1255	263	298
22619	0,0	793,667	0,1	1462,964	173	263
22620	456,451	793,667	926,647	1462,964	278	263
22621	32,30	202,162	57,38	416,258	180	209
22625	28,34	25,36	38,28	46,26	298	244
22626	75,34	77,48	66,31	114,63	236	251
22627	20,6	29,16	29,14	27,17	263	298
22628	3,5	10,7	10,5	10,5	239	281
22641	188,153	72,38	93,76	39,19	252	240
22642	240,205	104,81	140,100	53,35	270	252
22643	220,199	217,193	113,68	109,78	298	251
22644	6,4	2,2	1,0	0,0	227	298
22645	82,100	21,35	75,47	7,2	288	298
22646	80,100	135,161	75,47	106,66	288	298
22647	28,36	51,51	40,29	62,35	298	298
22648	8,10	104,74	17,11	151,115	222	268
22649	81,50	106,78	151,102	157,116	222	268
22650	27,20	106,78	42,24	157,116	298	268
22651	27,20	81,50	42,24	151,102	298	222
22652	27,20	249,167	42,24	418,256	298	222
22653	154,130	49,35	138,135	42,47	236	192
22654	154,130	160,172	138,135	172,156	236	298
22655	129,92	153,166	113,70	167,152	246	298
22656	11,3	153,166	4,5	167,152	262	298
22657	136,102	131,136	118,72	108,88	246	236
22658	2,13	217,158	17,10	209,153	184	298
22659	7,7	39,43	4,1	29,22	194	184
22663	120,118	71,78	209,166	131,94	278	245
22664	118,108	129,98	199,154	105,71	278	298
22665	112,110	129,108	182,135	116,84	245	298
22666	103,109	4,10	179,131	11,13	245	298
22667	103,109	104,111	179,131	111,67	245	278
22668	4,10	104,111	11,13	111,67	298	278
22669	130,104	114,113	170,130	115,70	298	278
22670	128,106	21,26	170,130	34,15	298	203
22671	79,71	168,139	172,109	272,228	266	272
22672	143,85	220,179	301,156	281,248	295	265
22673	13,9	10,4	10,4	7,0	264	295
22674	12,13	162,149	12,4	306,208	264	295
22675	1149,1086	32,29	1607,1205	35,31	297	289
22676	1149,1086	33,29	1607,1205	33,31	297	286
22677	252,215	2,0	398,293	4,2	189	298
22678	6,4	5,3	11,6	12,5	258	298
22680	18,8	0,0	6,3	9,7	298	258
22681	18,9	3,1	5,3	6,7	298	258
22682	3,0	2,0	1,0	3,4	295	298
22683	0,0	7,5	0,2	4,3	298	298
22684	213,166	148,144	299,223	214,153	298	244
22685	286,228	112,106	270,237	135,90	298	230
22686	43,47	257,243	67,60	275,194	298	230
22687	264,294	256,239	237,144	165,136	292	298
22688	264,294	12,8	237,144	5,6	292	298
22689	274,305	97,73	241,149	101,76	292	298
22690	29,38	179,160	20,23	131,79	186	292
22691	277,285	77,86	156,127	54,35	286	186
22692	0,3	77,86	0,0	54,35	236	186
22693	130,116	77,86	76,63	54,35	199	186
22694	130,116	0,3	76,63	0,0	199	236
22695	455,545	618,581	455,308	687,446	298	278
22699	59,49	70,40	41,27	56,22	290	246
22700	41,45	89,58	38,39	63,29	296	290
22701	37,47	59,49	30,20	43,28	251	296
22702	70,47	27,37	59,42	25,23	298	251
22703	2,0	51,28	0,0	34,31	261	298
22704	60,44	51,28	45,48	34,31	270	298
22705	2,3	51,28	1,0	34,31	270	298
22706	0,0	73,67	0,1	58,36	261	298
22707	58,44	73,67	45,48	58,36	270	298
22708	37,43	71,68	24,32	56,31	298	298
22709	40,47	44,47	28,37	30,29	298	270
22714	4,2	241,197	1,0	616,449	295	298
22717	125,127	377,352	162,103	446,308	298	298
22718	291,257	129,132	367,280	169,124	298	231
22719	3,4	86,68	2,0	107,83	198	290
22720	9,13	114,93	2,0	85,69	282	298
22721	37,32	75,81	34,12	40,42	211	257
22722	119,109	75,59	102,61	63,50	274	298
22723	119,109	3,3	102,61	0,3	274	298
22724	109,113	20,9	102,61	1,0	274	239
22725	82,75	115,97	109,78	72,63	298	298
22726	96,98	25,22	77,40	27,23	298	191
22727	3,0	133,111	0,1	98,84	233	191
22728	33,29	82,65	8,8	73,49	191	289
22729	139,114	17,11	135,94	15,12	298	262
22730	82,65	75,77	69,57	86,65	298	278
22731	42,59	93,95	74,48	82,62	278	290
22732	91,86	170,147	95,68	135,115	290	284
22733	84,89	199,190	67,61	122,98	249	298
22734	96,119	298,257	102,48	318,222	298	298
22735	222,166	261,255	297,228	259,187	298	276
22736	245,238	159,115	260,189	162,136	272	273
22737	0,2	60,73	0,0	76,41	210	273
22738	110,98	148,118	149,125	179,103	298	298
22739	44,71	33,37	49,39	39,37	251	212
22740	0,1	33,37	1,0	39,37	205	212
22741	122,142	60,62	161,119	73,41	298	251
22742	159,180	90,95	182,116	96,85	298	231
22743	90,84	34,41	95,64	34,11	298	298
22744	66,56	52,26	56,41	34,14	271	236
22746	101,84	355,325	164,133	666,421	190	298
22747	42,37	355,325	30,33	666,421	298	298
22748	271,237	355,325	470,334	666,421	298	298
22749	271,237	355,325	470,334	668,421	298	298
22750	223,176	4,4	368,274	3,0	244	190
22751	274,238	230,218	474,335	354,244	298	244
22752	5,1	230,218	4,1	354,244	298	244
22753	23,24	2,1	39,16	4,3	287	298
22754	15,8	4,4	7,11	7,5	298	282
22755	2,2	3,9	1,0	2,2	277	219
22756	1061,1132	1512,1315	665,426	1192,860	298	298
22757	76,81	1512,1315	56,28	1192,860	298	298
22758	1246,1155	1793,1426	923,796	1623,1071	298	298
22759	371,377	1537,1375	289,224	1177,945	298	298
22760	233,211	21,24	233,175	21,17	263	263
22763	32,34	71,64	22,16	58,42	298	298
22764	86,98	88,85	87,46	57,40	298	298
22765	71,64	104,104	58,42	129,69	298	298
22770	134,78	138,163	144,118	192,146	220	256
22771	250,158	140,164	351,262	192,146	298	256
22773	25,14	19,17	12,3	41,27	277	298
22774	31,34	19,34	47,41	45,24	298	281
22781	89,68	5,5	197,125	10,10	222	230
22782	108,63	86,47	142,120	113,115	214	222
22783	163,122	168,130	170,174	219,147	289	253
22784	2,5	158,124	3,1	213,143	289	253
22785	0,3	158,124	6,3	213,143	222	253
22787	168,136	318,284	171,111	253,181	298	298
22788	50,42	23,26	58,35	8,8	281	298
22789	362,350	469,332	644,494	438,337	245	216
22790	380,347	249,205	483,356	346,269	240	198
22791	381,350	248,212	483,359	459,354	240	208
22792	85,65	187,133	75,36	257,189	254	200
22794	1,0	3,5	0,0	8,3	298	247
22796	11,9	3,5	5,1	8,3	253	247
22797	1,0	4,5	0,0	9,4	298	265
22799	1,0	4,5	0,0	9,4	298	271
22800	1,0	10,5	0,0	17,4	298	271
22802	11,9	6,9	5,1	11,7	253	271
22805	3,6	50,45	1,1	87,29	298	188
22806	4,6	20,8	3,4	34,21	298	298
22807	3,5	20,8	1,3	34,21	277	298
22812	81,114	44,54	95,58	70,37	247	227
22813	87,114	74,78	97,59	111,103	247	212
22814	67,85	61,52	87,61	82,68	227	227
22815	58,52	113,80	55,34	141,101	227	202
22820	7,2	2868,2344	2,2	4848,3791	298	254
22821	26,22	2867,2340	31,8	4848,3791	298	254
22822	834,811	2868,2344	1035,711	4848,3791	298	254
22823	39,30	48,56	30,34	45,31	264	293
22825	136,105	88,69	164,101	114,90	284	239
22826	210,179	76,80	225,135	112,63	298	257
22827	137,104	142,130	164,102	148,78	284	247
22828	80,61	161,139	71,30	229,154	225	284
22830	4,3	42,49	0,2	54,54	224	261
22831	44,33	46,51	48,59	55,57	235	261
22832	231,251	22,4	294,187	5,3	238	216
22833	14,15	73,74	29,29	194,118	210	292
22834	55,66	40,27	186,120	71,47	298	234
22835	11,11	13,10	3,6	4,4	251	271
22836	22,14	2,4	22,2	1,0	279	238
22837	17,7	2,5	8,5	1,0	298	238
22838	6,3	0,0	14,15	3,0	255	202
22839	0,0	0,1	0,2	0,0	260	204
22840	332,210	422,339	580,403	597,441	274	298
22841	126,133	150,118	86,60	172,133	298	298
22842	117,93	62,70	87,63	66,68	245	239
22843	144,100	183,146	202,144	139,108	245	298
22844	197,192	102,90	332,217	76,71	275	245
22845	345,253	148,114	515,417	183,159	298	263
22846	211,184	226,163	247,196	335,280	298	298
22847	207,150	326,283	367,277	440,334	292	298
22848	137,85	211,178	204,169	241,199	275	292
22849	135,85	17,27	203,169	39,29	275	292
22850	68,47	73,60	102,51	163,91	202	243
22851	3,0	48,45	1,0	37,37	210	298
22852	215,190	298,285	325,253	546,419	237	298
22853	293,239	125,107	722,436	236,190	283	237
22854	37,48	264,247	78,44	378,304	298	283
22855	225,224	264,247	417,302	378,304	298	283
22859	8,15	134,103	19,6	104,105	298	298
22860	72,71	104,88	140,109	99,98	298	298
22863	179,154	3,3	279,184	1,0	190	235
22864	15,9	421,457	11,16	478,306	275	298
22865	336,300	421,457	283,195	478,306	254	298
22866	336,300	8,6	283,195	3,0	254	268
22867	42,28	43,33	72,53	61,32	265	257
22868	183,148	78,59	194,125	70,69	276	250
22871	7,4	127,151	7,5	131,83	298	237
22872	26,21	127,151	15,14	131,83	298	237
22873	26,62	134,155	38,9	131,83	275	237
22874	23,29	50,63	37,11	37,25	294	298
22875	2,4	1090,1030	4,8	2823,2068	298	298
22876	972,904	858,688	2539,1835	2607,1703	278	298
22877	23,39	1070,889	57,47	2440,1745	298	298
22878	1147,957	1070,889	3057,2120	2440,1745	298	298
22879	0,1	1,0	0,2	2,1	232	298
22880	1,1	1,0	0,0	2,1	298	298
22881	4,3	1,0	0,4	2,1	223	298
22882	0,1	1,0	0,1	2,1	283	298
22886	1,1	0,1	0,0	0,2	298	232
22887	4,3	0,1	0,4	0,2	223	232
22888	0,1	0,1	0,1	0,2	283	232
22889	3,3	0,1	0,3	0,2	223	232
22891	0,1	1,1	0,1	0,0	283	298
22892	0,1	4,3	0,1	0,4	283	223
22928	3,3	217,188	8,1	458,287	161	278
22929	97,81	112,89	123,115	109,98	197	225
22930	108,86	102,86	156,103	100,89	225	208
22931	5,7	1,0	12,2	0,1	204	298
22935	14,12	2,2	21,6	6,1	298	262
22939	0,1	3,2	0,0	7,1	298	288
22940	0,1	2,2	0,0	6,1	298	262
22941	0,1	0,1	0,0	0,4	298	298
22942	0,1	0,0	0,0	2,0	298	273
22945	1,0	7,5	0,0	7,1	242	288
22946	1,0	4,4	0,0	0,4	242	298
22947	1,0	3,2	0,0	7,1	242	284
22948	1,0	2,2	0,0	6,1	242	262
22957	3,2	0,0	7,1	2,0	288	273
22959	5,6	6,5	1,0	14,4	288	238
22960	1,3	6,5	1,0	14,4	288	238
22962	0,1	6,5	0,0	14,4	298	238
22964	2,2	0,0	6,1	2,0	262	273
22966	1,3	6,5	1,1	14,4	262	238
22967	0,1	0,0	0,4	2,0	298	273
22972	0,0	0,1	3,2	4,1	273	298
22973	0,0	0,1	3,2	6,4	273	256
22976	0,0	0,1	2,0	4,1	273	256
22989	0,1	0,0	4,1	1,0	298	298
22990	0,1	0,0	4,1	2,0	298	298
22991	0,1	0,0	6,4	1,0	256	298
22992	0,1	0,0	6,4	2,0	256	298
22993	0,0	9,7	1,2	21,5	256	238
22998	1,1	0,1	6,1	0,2	214	259
22999	0,0	0,3	0,1	0,0	230	251
23000	1275,1515	18,17	528,355	1,2	298	298
23001	111,99	343,367	35,26	142,81	209	298
23002	617,613	345,370	298,202	142,81	209	298
23003	36,36	225,308	20,11	96,95	204	298
23004	579,582	225,308	296,200	96,95	209	298
23005	20,18	345,370	1,2	142,81	233	298
23006	88,82	223,305	34,24	96,95	209	298
23007	1770,1538	2868,2519	1384,1086	2110,1552	239	298
23008	3091,2953	24,13	2019,1506	13,7	225	223
23009	489,500	394,399	505,361	499,328	252	222
23010	170,133	256,234	241,187	316,167	298	298
23011	83,85	257,233	134,111	317,169	298	298
23013	74,111	211,185	68,49	252,193	262	265
23014	73,110	219,206	67,51	298,238	262	297
23015	188,265	219,206	185,135	298,238	298	297
23016	249,235	205,175	347,270	238,192	298	265
23017	49,48	213,185	21,23	240,191	281	265
23018	38,39	213,185	26,19	240,191	255	265
23019	41,54	122,91	29,22	147,126	298	298
23020	329,311	0,0	374,244	0,3	289	286
23021	222,175	395,339	236,145	513,350	233	298
23022	167,152	223,160	233,143	294,182	227	233
23023	214,213	199,148	330,199	236,139	257	227
23024	265,217	254,214	273,177	310,188	225	257
23025	382,343	7,5	382,251	1,0	280	225
23026	379,341	167,147	382,250	232,143	280	225
23027	188,130	27,7	233,184	29,30	298	206
23028	1,0	324,203	1,2	685,454	195	238
23029	118,135	151,103	141,92	317,222	240	230
23030	118,135	167,107	141,92	329,234	240	236
23031	17,14	2,4	18,18	7,3	298	267
23032	19,21	106,72	19,7	154,112	247	214
23033	2,0	5,9	1,0	2,1	234	298
23034	6,6	6,5	2,5	2,0	298	218
23035	21,13	146,120	2,9	198,127	270	239
23041	140,121	220,198	161,119	352,222	253	289
23042	124,110	210,175	168,107	338,236	232	258
23043	501,459	759,625	458,355	905,687	298	298
23044	502,459	3,2	457,355	1,3	298	298
23045	507,441	467,328	600,402	617,400	298	298
23046	507,443	354,305	604,408	513,316	298	293
23047	0,0	0,1	1,0	1,2	214	262
23049	74,45	130,65	96,60	131,115	240	255
23050	91,72	142,87	98,70	152,142	255	243
23051	60,73	94,84	86,49	160,88	246	263
23052	56,70	89,69	83,49	126,82	246	241
23053	65,73	93,71	85,48	130,82	263	241
23054	105,93	126,122	257,131	207,181	278	298
23055	104,93	153,102	257,131	238,130	278	298
23056	153,104	136,109	237,131	165,130	298	298
23057	9,6	104,89	3,4	104,80	298	298
23058	758,614	813,594	959,711	1180,826	298	298
23059	227,162	948,761	406,264	1322,939	199	298
23060	6,4	311,244	1,0	448,304	262	199
23061	304,236	16,22	416,317	27,18	235	238
23062	298,235	541,390	409,313	926,594	235	238
23063	7,9	238,223	0,0	330,270	179	249
23064	66,85	217,198	101,42	273,211	249	267
23065	155,145	190,211	196,186	245,149	223	207
23066	383,412	245,220	493,364	331,250	298	240
23067	235,212	254,222	304,234	320,248	228	224
23068	227,203	568,476	297,227	673,534	228	298
23069	216,186	577,484	257,185	680,541	224	298
23070	246,243	133,160	447,258	308,208	298	298
23071	250,241	48,49	447,258	105,83	298	197
23072	250,241	50,41	447,258	86,57	298	298
23073	334,295	50,49	471,365	105,83	298	197
23074	284,255	102,78	385,310	171,132	298	214
23075	54,41	146,120	87,54	257,187	197	214
23076	46,37	187,175	22,9	145,75	260	298
23077	46,38	40,41	22,9	39,23	260	181
23078	102,92	41,41	75,33	39,22	298	181
23079	65,56	41,41	39,17	39,22	223	181
23080	13,9	2,3	25,24	1,1	194	206
23088	182,190	5,4	306,175	3,2	298	260
23089	36,31	155,184	69,44	249,137	296	298
23091	242,164	104,94	232,190	118,112	298	282
23092	3644,3213	27946,25230	5535,4080	36092,28625	257	298
23093	334,233	11,2	304,245	1,0	298	270
23094	254,179	435,278	236,197	444,295	262	298
23095	253,181	273,227	240,199	309,188	262	298
23096	0,0	25,35	3,1	26,15	251	195
23098	69,47	143,71	101,59	216,128	225	298
23099	47,35	30,35	51,33	45,26	201	225
23100	19,19	104,96	30,19	162,126	223	258
23101	29,18	104,96	36,23	162,126	208	258
23102	69,33	50,44	86,52	63,42	262	298
23103	85,62	83,47	115,97	169,97	298	298
23104	362,278	153,112	367,230	157,109	294	254
23105	234,215	27,16	239,196	13,7	298	294
23106	235,216	356,322	241,196	382,280	298	294
23107	175,166	337,262	224,160	354,223	294	298
23108	2,3	132,132	2,0	157,91	239	282
23109	2,4	132,132	2,0	157,91	267	282
23110	3,5	132,132	2,0	157,91	272	282
23112	49,27	65,45	76,61	92,45	236	270
23113	50,49	4,12	91,69	10,2	283	212
23114	53,56	36,25	57,45	43,26	278	298
23119	28,21	927,797	19,17	1264,908	298	291
23120	134,138	118,111	316,222	196,133	298	243
23121	756,707	634,456	1077,881	1112,807	261	281
23122	817,844	573,463	1264,960	881,713	298	261
23123	4,4	555,442	8,6	856,699	298	261
23124	409,349	1052,944	549,481	1512,1220	236	298
23125	308,274	876,801	432,328	1320,1055	219	297
23127	106,84	467,493	192,130	634,513	238	219
23129	13,19	1211,1083	11,17	1464,1126	211	248
23130	3,7	1506,1367	5,7	2445,1763	275	268
23131	1,7	1270,1113	5,7	1739,1145	275	298
23132	1346,1185	1506,1367	1627,1178	2445,1763	248	268
23133	1345,1185	1270,1113	1627,1178	1739,1145	248	298
23134	1614,1446	1201,1036	1793,1401	1645,1084	268	234
23135	1121,1065	4,0	1482,913	0,0	227	231
23136	129,130	101,92	205,128	175,103	292	248
23137	19,8	30,35	9,10	17,22	198	246
23138	82,73	129,105	152,125	239,197	242	248
23139	101,96	46,35	124,103	76,73	285	298
23140	152,137	41,17	212,149	72,60	298	217
23141	27,19	93,86	39,29	110,89	217	272
23142	47,26	39,35	79,87	74,70	272	245
23143	4,2	142,114	1,2	83,60	186	213
23144	102,121	142,114	55,59	83,60	240	213
23145	123,113	112,107	204,109	58,56	271	260
23146	61,38	155,132	57,56	148,138	298	294
23147	125,133	85,57	158,100	80,75	273	294
23148	2,0	0,0	1,4	3,0	245	217
23149	162,126	269,247	152,119	232,211	248	298
23150	142,117	298,259	135,114	306,210	248	298
23151	216,174	308,260	164,147	314,212	298	298
23152	54,56	43,30	83,66	64,43	230	232
23153	51,64	43,30	80,57	64,42	270	232
23154	5,5	7,6	0,0	4,0	220	295
23155	5,5	10,5	0,0	3,0	220	223
23156	1,0	1,8	4,0	0,0	212	243
23165	79,77	143,95	114,81	182,121	298	298
23166	20,32	44,49	36,18	46,28	272	244
23167	44,61	135,98	51,51	151,96	239	274
23168	86,97	113,103	82,78	123,74	274	257
23169	45,29	1,0	54,35	0,0	216	224
23170	45,29	32,33	54,35	37,21	216	199
23171	1,0	32,33	0,0	37,21	224	199
23172	106,86	51,34	115,87	81,39	220	236
23173	41,44	158,220	45,35	77,36	180	298
23174	119,94	63,47	188,113	104,56	254	198
23175	69,87	186,171	96,90	229,167	254	276
23176	4,6	15,12	3,0	17,17	194	267
23178	42,26	28,30	36,32	54,27	245	253
23179	42,26	6,9	36,32	13,10	245	211
23181	60,40	1,3	68,43	6,0	245	232
23183	83,54	71,69	82,54	88,70	246	298
23184	27,16	67,45	25,20	70,50	184	298
23185	29,16	85,97	25,22	83,81	184	281
23186	137,126	488,435	113,70	492,425	298	298
23187	21,14	488,435	9,13	492,425	298	298
23188	61,51	78,48	45,45	79,46	219	249
23189	33,21	49,60	62,31	68,33	193	255
23194	36,32	11,9	32,26	19,10	241	276
23195	46,35	24,21	54,34	33,37	298	298
23201	559,471	260,185	742,540	399,295	284	196
23202	1,0	260,185	0,0	399,295	298	196
23203	656,542	560,444	875,555	828,594	284	298
23204	662,518	673,509	899,637	918,695	298	288
23205	1,0	458,459	0,1	834,563	216	278
23206	574,497	458,459	843,600	834,563	269	278
23207	123,97	712,571	267,146	1033,712	194	269
23208	123,104	569,517	267,147	859,591	194	298
23209	304,231	169,113	464,306	208,153	211	194
23210	295,262	5,0	520,348	5,6	222	211
23211	294,257	238,175	519,342	359,258	222	211
23212	6,3	237,175	0,0	360,257	222	211
23213	548,443	234,166	848,571	363,221	251	222
23214	454,361	467,382	679,464	872,547	281	251
23215	262,247	466,415	301,237	659,446	249	298
23216	297,269	266,313	405,297	377,333	267	274
23218	3,3	0,0	1,0	0,2	298	230
23220	7,4	3,4	4,11	1,2	230	298
23221	7,6	3,20	4,11	13,6	230	280
23222	39,38	67,47	59,28	76,37	236	298
23223	50,53	97,55	57,54	99,69	298	298
23224	67,49	68,51	76,36	108,62	298	298
23227	2,0	0,0	0,1	1,0	298	184
23243	47,50	33,40	23,16	44,24	263	284
23244	47,50	5,8	23,16	12,2	263	298
23246	60,45	2,0	23,29	0,0	271	261
23247	59,43	0,2	23,27	2,2	271	298
23248	59,43	39,38	23,27	32,25	271	298
23249	39,38	19,14	32,25	11,14	298	298
23250	64,66	64,35	61,37	38,17	249	298
23251	34,16	43,52	4,8	64,31	298	284
23252	34,16	15,20	4,8	32,9	298	298
23253	34,16	7,7	4,8	12,3	298	298
23255	14,2	22,20	3,10	22,14	265	298
23256	2,0	0,0	0,0	2,0	298	298
23258	440,401	529,402	645,516	848,559	298	273
23259	53,34	112,67	40,38	91,72	238	298
23260	154,128	107,66	152,145	89,70	298	298
23261	53,34	44,58	40,38	79,69	238	230
23262	154,128	38,57	152,145	77,63	298	230
23263	162,136	78,75	154,148	117,79	298	238
23264	200,172	90,61	231,151	82,79	298	298
23265	117,98	153,128	144,81	152,141	222	298
23266	5,9	33,29	4,1	35,32	258	256
23267	2,2	33,29	1,2	35,32	298	256
23268	25,40	33,30	55,25	33,34	298	256
23269	48,48	73,57	48,37	97,72	298	298
23270	16,18	84,45	13,8	62,70	298	298
23271	45,43	41,21	50,56	57,44	281	249
23272	28,24	31,27	69,41	25,22	267	256
23273	43,15	19,14	59,20	26,10	256	230
23274	41,14	12,12	50,20	31,14	256	238
23275	26,16	14,13	22,17	40,14	230	238
23276	26,16	21,8	22,11	19,19	230	221
23277	20,19	21,8	22,17	19,25	238	221
23278	17,14	34,33	34,9	51,38	221	278
23279	33,14	31,22	45,30	27,30	278	259
23280	27,20	26,33	35,26	41,28	259	298
23282	12,16	45,29	36,29	67,47	211	253
23283	0,0	0,1	3,0	0,1	215	228
23284	1049,1027	4,0	1462,1112	0,1	217	213
23285	163,129	138,129	188,177	218,160	298	244
23286	50,49	176,141	82,64	268,213	228	298
23287	25,8	176,145	29,21	271,214	228	298
23288	137,91	138,85	207,130	166,143	277	228
23289	116,123	88,60	134,77	105,93	298	228
23291	315,278	686,540	448,345	1003,802	240	255
23292	71,80	4,2	141,97	2,0	217	264
23293	65,67	47,43	44,29	30,12	230	242
23296	109,90	81,59	50,37	35,25	288	197
23297	123,105	186,200	69,43	105,71	298	288
23298	377,327	404,377	439,294	447,287	298	298
23299	559,517	128,117	607,406	127,89	298	218
23300	559,519	3,10	606,406	3,1	298	218
23301	180,161	459,490	179,98	520,318	218	298
23302	303,294	376,371	349,229	552,311	298	280
23303	108,106	376,371	109,88	552,311	298	280
23304	2,0	376,371	1,5	552,311	295	280
23305	7,14	425,401	5,5	573,342	280	298
23306	430,425	297,349	617,362	355,286	298	258
23307	225,176	304,349	268,198	365,289	249	258
23308	304,328	296,343	402,308	355,286	289	258
23309	283,317	423,403	397,298	576,342	289	298
23310	275,233	445,412	311,234	578,353	258	298
23311	317,280	369,322	376,275	440,305	264	280
23312	408,382	326,294	532,368	313,219	288	267
23313	99,77	93,58	99,71	88,60	236	245
23314	78,58	123,99	85,33	113,112	245	298
23315	41,18	879,759	14,11	1526,1234	298	298
23316	432,352	345,316	731,531	560,496	261	298
23317	407,350	381,318	556,434	723,527	235	261
23319	61,49	26,26	54,37	54,36	234	228
23320	61,48	5,4	54,37	3,2	234	216
23321	0,0	2,2	0,1	2,2	298	298
23322	0,0	2,2	0,1	0,0	298	243
23323	2,2	2,2	2,2	0,0	298	243
23324	44,35	51,41	80,38	84,53	228	226
23325	44,64	53,47	68,44	77,38	207	230
23326	79,97	93,120	181,74	146,108	298	287
23327	34,35	117,107	74,53	182,112	203	298
23328	2,0	158,100	0,0	172,130	298	298
23329	97,95	158,100	201,121	172,130	298	298
23330	1,1	158,100	4,4	172,130	248	298
23331	31,29	12,17	64,35	20,22	238	185
23332	8,8	57,58	10,7	88,56	185	298
23333	17,11	34,39	20,13	55,46	218	298
23334	1027,793	1434,1162	1155,745	1818,1242	254	293
23337	826,570	848,649	889,620	920,612	208	234
23338	421,412	845,647	368,277	920,612	213	234
23344	3,0	0,0	4,1	1,0	262	267
23345	574,429	1099,867	647,461	1237,901	272	284
23346	32,48	75,65	41,27	98,50	298	239
23347	39,31	61,42	57,31	130,63	244	298
23348	77,77	27,23	75,57	47,33	296	244
23349	6,1	56,50	4,0	50,35	298	220
23350	6,1	29,41	4,2	55,41	298	249
23351	6,1	35,44	4,0	88,40	298	284
23352	7,6	29,24	3,3	28,21	298	204
23353	3,0	24,26	5,6	38,43	265	298
23354	8,1	27,25	7,2	35,43	298	298
23355	69,33	164,115	101,54	300,174	236	298
23357	86,76	102,66	73,43	110,41	277	298
23358	4,2	0,4	3,1	1,0	245	179
23359	0,1	1,0	2,2	0,0	298	244
23361	348,288	1145,896	394,309	1732,1340	239	292
23362	375,311	1082,882	396,309	1525,1031	239	258
23363	44,79	1085,882	30,11	1518,1030	202	258
23364	1,2	1,1	2,0	0,0	238	211
23365	11,19	104,91	14,6	104,80	181	227
23369	81,54	13,12	45,31	11,7	254	195
23371	2,4	4,0	1,1	0,0	298	298
23372	1,0	0,4	2,3	0,0	275	298
23374	45,24	99,84	39,49	142,112	298	297
23375	57,31	74,70	79,65	122,87	298	298
23376	44,26	72,61	85,73	107,73	298	298
23377	3,0	59,54	0,3	108,76	298	298
23390	31,21	19,21	51,50	41,41	221	298
23391	4,3	96,94	3,0	144,78	242	240
23392	1,3	353,324	1,1	357,250	216	298
23393	147,91	112,122	175,108	167,123	221	238
23394	41,22	100,95	68,58	180,127	180	283
23395	8,2	13,8	2,0	13,0	229	287
23402	15,10	30,35	22,11	63,36	298	293
23403	230,207	265,276	308,200	286,182	286	239
23404	0,1	265,275	0,1	286,181	218	239
23405	230,207	325,357	308,200	367,233	286	271
23406	133,88	220,231	193,125	270,181	205	286
23407	0,1	85,64	0,0	82,60	199	196
23408	0,1	102,79	0,0	107,77	199	205
23409	287,236	251,212	409,333	327,243	212	246
23410	231,196	150,158	245,193	200,127	286	298
23416	77,73	53,45	79,56	69,36	298	253
23417	85,65	83,52	68,35	66,80	298	298
23418	67,52	87,101	97,79	101,71	298	298
23419	51,76	86,65	78,51	68,35	298	298
23420	2,3	1,0	3,8	0,0	218	185
23423	16,11	43,49	4,2	34,36	298	298
23424	227,150	25,10	296,212	24,14	298	298
23425	29,41	228,223	22,25	241,207	298	298
23426	76,45	228,223	84,60	241,205	256	298
23429	75,55	38,40	153,114	93,108	298	298
23430	69,75	3,1	109,93	3,1	298	298
23431	65,36	77,54	125,83	153,114	298	298
23432	92,97	0,2	225,128	3,0	298	195
23433	76,59	81,55	59,31	106,66	274	240
23434	38,24	80,67	52,32	110,83	240	271
23435	83,80	68,56	151,94	73,73	273	284
23436	84,80	58,44	151,92	111,71	273	281
23437	84,80	13,14	151,92	2,19	273	284
23438	55,66	58,44	109,63	108,73	284	281
23439	51,65	52,56	108,62	74,69	284	248
23440	62,47	55,60	82,56	76,71	281	248
23441	96,77	67,70	114,81	110,76	298	269
23443	197,180	101,90	264,220	173,123	241	194
23444	126,115	398,374	164,112	661,549	194	274
23445	248,198	273,198	402,310	492,364	215	249
23446	171,161	213,181	321,186	353,270	249	218
23452	2,1	4,20	0,0	8,4	267	268
23453	2,1	0,0	0,0	1,0	267	298
23458	3,2	4,20	0,0	8,4	243	268
23459	3,2	0,0	0,0	1,0	243	298
23466	2,0	4,20	0,0	8,4	199	268
23467	2,0	0,0	0,0	1,0	199	298
23471	2,2	4,20	0,0	8,4	291	268
23472	2,2	0,0	0,0	1,0	291	298
23473	4,20	0,0	8,4	1,0	268	298
23474	152,131	92,82	105,86	84,57	258	210
23475	137,122	103,98	103,80	79,57	258	298
23476	137,122	99,98	103,80	75,54	258	204
23477	32,18	105,73	19,5	88,79	298	238
23478	207,203	132,116	211,133	118,76	298	298
23479	192,195	105,73	209,133	88,79	298	238
23480	228,180	260,205	199,118	269,201	298	298
23481	1,3	102,74	0,0	88,79	290	238
23482	152,159	151,119	116,87	156,110	298	251
23486	21,29	12,18	40,21	16,8	216	291
23487	45,27	16,27	58,34	32,11	298	298
23488	6,2	364,322	1,0	449,307	219	242
23489	6,14	45,72	15,4	44,33	249	298
23490	47,27	58,53	33,22	64,45	298	298
23491	42,61	51,39	45,29	46,31	298	282
23492	43,63	44,42	44,29	62,51	298	276
23493	43,66	61,54	45,29	44,46	298	298
23494	0,2	2,3	2,0	1,1	243	244
23501	81,54	101,95	61,33	62,42	298	226
23502	206,173	299,280	392,229	417,321	224	236
23503	21,27	303,280	32,35	422,325	224	236
23504	191,150	265,233	285,158	371,273	212	224
23505	179,118	418,295	209,181	646,402	270	298
23506	129,83	323,241	131,91	432,297	205	270
23507	181,122	129,93	162,127	160,115	239	205
23508	100,68	94,65	118,53	121,115	222	239
23509	0,2	1,0	0,0	1,0	183	272
23515	117,104	126,104	177,143	90,96	232	260
23516	80,73	98,99	105,71	139,74	283	254
23517	14,18	95,97	6,5	139,74	223	254
23518	58,65	109,111	56,51	154,106	244	283
23519	104,89	108,109	132,100	154,104	283	283
23520	107,90	49,52	132,101	84,57	283	244
23521	192,160	331,225	327,207	381,338	263	294
23522	122,149	211,185	175,96	304,218	298	298
23523	121,103	159,201	141,101	278,187	269	298
23526	1,4	1,2	3,1	0,0	280	298
23527	212,163	212,196	214,124	235,142	298	298
23528	160,156	220,195	199,143	217,138	292	298
23529	6,8	220,195	6,4	217,138	298	298
23530	161,158	151,134	177,120	139,86	298	298
23531	123,115	202,163	146,104	218,186	254	298
23532	83,50	75,67	61,42	61,48	298	298
23533	1,0	1,2	7,3	2,4	275	208
23534	88,94	96,100	83,66	86,55	235	298
23535	137,111	3,1	239,199	3,1	289	247
23536	137,111	104,61	236,199	121,104	289	247
23537	0,0	99,59	0,3	118,102	289	247
23538	188,118	138,114	273,239	242,153	289	255
23539	188,118	154,123	273,239	272,167	289	289
23540	131,100	154,124	213,159	272,166	270	289
23542	1,0	2,0	0,0	3,0	298	298
23543	21,29	16,6	26,15	4,7	298	270
23544	3,1	234,160	1,0	156,143	185	195
23545	137,116	111,124	198,128	191,157	298	289
23546	143,117	72,105	198,129	127,88	298	268
23547	54,45	94,81	53,52	143,119	269	275
23548	39,38	51,50	46,33	61,54	278	272
23549	19,8	42,37	26,20	36,46	228	289
23551	174,177	227,164	280,204	367,287	298	298
23552	657,582	2232,2257	873,463	2793,1722	216	298
23555	37,29	51,47	34,21	55,29	262	295
23557	7,7	114,98	2,2	66,78	225	220
23558	175,157	4,4	182,143	4,6	298	242
23559	147,116	4,4	154,114	4,6	298	242
23560	59,54	4,4	61,43	5,6	209	242
23561	0,1	80,61	2,0	58,47	294	249
23562	559,569	1689,1534	625,459	2279,1472	298	298
23563	42,47	1672,1505	51,36	2244,1466	298	298
23564	3,5	1,0	6,4	0,0	298	277
23566	70,55	133,135	153,96	235,176	290	293
23567	14,7	110,74	5,14	187,120	229	290
23568	81,62	67,41	130,102	93,83	274	229
23569	118,87	44,36	129,90	79,62	254	229
23570	82,60	41,47	128,101	125,70	274	273
23571	89,69	109,80	163,103	198,118	297	298
23572	89,69	112,83	163,103	199,119	297	298
23573	86,78	43,40	128,122	61,51	298	215
23574	43,51	45,37	88,62	59,59	263	249
23575	61,50	30,37	88,41	48,33	245	232
23576	27,36	66,72	29,19	113,95	217	298
23577	55,60	19,15	93,47	20,14	298	200
23578	53,21	82,96	101,60	148,107	202	298
23580	4,7	70,58	6,1	48,32	212	278
23581	970,808	1528,1395	1216,873	1687,1241	298	293
23582	0,3	1038,1042	0,0	934,720	214	262
23583	27,30	0,0	36,14	2,0	298	239
23584	75,103	543,473	103,51	724,559	277	221
23585	14,6	540,469	12,8	720,556	277	221
23586	3,7	70,62	10,0	52,42	298	298
23587	2,2	70,62	0,0	52,42	298	298
23588	2,2	3,7	0,0	10,0	298	298
23589	0,2	8,12	0,0	14,11	298	298
23590	114,122	87,112	119,84	66,55	298	298
23591	129,82	233,207	121,79	282,198	298	298
23592	609,483	528,413	806,752	994,620	298	298
23593	179,177	262,291	225,172	292,217	233	248
23594	123,71	264,225	148,100	280,214	197	233
23595	219,197	118,94	138,96	134,69	245	231
23596	219,178	166,162	203,123	163,132	248	245
23597	308,292	142,131	289,255	104,61	294	248
23598	3,0	17,12	2,2	24,10	248	298
23599	7,5	415,312	1,1	495,399	261	220
23600	142,104	159,137	162,124	191,150	222	220
23601	219,156	535,383	379,279	1024,818	263	298
23602	472,356	257,233	1053,750	524,401	298	245
23603	169,140	227,178	295,198	365,294	246	237
23604	634,509	246,249	650,501	226,128	238	298
23605	834,811	43,29	979,671	60,45	298	170
23606	728,666	742,572	921,732	993,717	288	236
23607	32,20	12,19	61,40	31,11	271	240
23608	0,0	3,4	5,1	5,0	298	215
23609	3,1	1,4	0,3	4,0	259	215
23621	10,10	25,26	14,18	40,28	298	228
23622	30,43	5,19	42,27	30,21	228	197
23623	30,43	4,14	42,27	19,13	228	192
23624	13,17	0,1	2,4	2,0	264	206
23625	13,17	24,19	2,4	11,9	264	298
23626	13,17	0,1	2,4	4,3	264	298
23627	13,17	0,0	2,4	1,0	264	202
23628	16,18	24,19	7,7	11,9	298	298
23629	16,18	0,1	7,7	4,3	298	298
23630	16,18	0,0	7,7	1,0	298	202
23631	0,1	24,19	2,0	11,9	206	298
23632	0,0	17,15	0,1	12,7	206	298
23633	0,0	2,4	0,1	0,0	206	273
23634	24,19	0,1	11,9	4,3	298	298
23635	24,19	0,0	11,9	1,0	298	202
23636	17,15	2,4	12,7	0,0	298	273
23637	16,13	0,1	10,7	4,3	298	298
23642	0,2	2,4	4,3	0,0	298	273
23644	53,64	41,40	48,28	35,19	298	298
23645	27,15	41,40	10,9	35,19	298	298
23647	2,3	10,20	0,0	0,3	233	298
23648	2,3	18,38	0,0	6,6	233	295
23649	1,1	90,107	0,0	68,57	233	298
23651	1,1	0,0	0,0	0,1	233	269
23652	1,1	23,7	0,0	3,9	233	298
23656	53,75	3,3	37,41	2,3	298	269
23657	90,107	1,0	68,57	0,0	298	271
23658	90,107	0,0	68,57	0,1	298	269
23659	90,107	23,7	68,57	3,9	298	298
23660	49,67	36,21	33,38	24,14	298	279
23661	1,0	0,0	0,0	0,1	271	269
23662	1,0	23,7	0,0	3,9	271	298
23663	2,4	22,15	2,2	7,10	271	298
23664	0,0	23,7	0,1	3,9	269	298
23665	45,39	43,35	31,16	28,25	279	262
23666	3,3	43,35	1,1	28,25	220	262
23669	18,13	5,7	13,20	4,3	298	187
23678	34,23	65,44	25,16	42,35	278	262
23679	34,23	29,24	25,16	35,34	278	298
23680	34,23	40,34	25,16	28,25	278	260
23681	34,23	1,5	25,16	2,4	278	245
23682	34,23	0,0	25,16	1,0	278	228
23683	34,23	3,3	25,16	0,0	278	256
23684	60,56	0,3	49,37	0,0	276	262
23685	3,3	2,4	0,0	2,1	298	298
23686	3,3	99,75	0,0	51,43	298	262
23687	3,3	71,54	0,0	44,41	298	298
23688	3,3	6,4	0,0	3,0	298	275
23689	2,4	99,75	2,1	51,43	298	262
23690	2,4	71,54	2,1	44,41	298	298
23691	2,4	6,4	2,1	3,0	298	275
23692	65,44	1,5	42,35	2,4	262	245
23693	65,44	0,0	42,35	1,0	262	228
23694	65,44	3,3	42,35	0,0	262	256
23695	15,8	174,129	10,10	141,106	262	286
23696	15,8	9,7	10,10	2,3	262	298
23697	15,8	164,118	10,10	139,100	262	283
23698	55,37	0,1	21,14	0,0	262	259
23699	99,75	6,4	51,43	3,0	262	275
23700	29,24	1,5	35,34	2,4	298	245
23701	29,24	0,0	35,34	1,0	298	228
23702	29,24	3,3	35,34	0,0	298	256
23703	71,54	6,4	44,41	3,0	298	275
23704	40,34	1,5	28,25	2,4	260	245
23705	40,34	0,0	28,25	1,0	260	228
23706	40,34	3,3	28,25	0,0	260	256
23707	3,15	3,0	5,6	4,0	298	277
23708	3,15	1,6	5,6	4,2	298	245
23709	3,15	2,2	5,6	2,0	298	192
23710	1,13	3,6	5,5	6,4	298	245
23711	1,13	0,1	5,5	0,0	298	259
23712	1,13	3,4	5,5	0,2	298	256
23713	1,13	4,2	5,5	2,0	298	192
23714	3,0	1,6	4,0	4,2	277	245
23715	3,0	2,2	4,0	2,0	277	192
23716	1,5	0,0	2,4	1,0	245	228
23717	1,5	3,3	2,4	0,0	245	256
23718	3,6	0,1	6,4	0,0	245	259
23719	3,6	3,4	6,4	0,2	245	256
23720	3,6	4,2	6,4	2,0	245	192
23721	1,6	2,2	4,2	2,0	245	192
23722	0,0	3,3	1,0	0,0	228	256
23723	0,1	3,4	0,0	0,2	259	256
23724	0,1	4,2	0,0	2,0	259	192
23725	3,4	4,2	0,2	2,0	256	192
23726	3,3	4,2	0,1	3,0	256	275
23727	164,143	250,205	254,191	332,260	255	286
23728	32,27	171,197	35,29	270,220	271	255
23729	12,19	254,184	13,11	405,297	232	232
23730	4,1	254,184	0,2	405,297	255	232
23735	4,1	12,19	0,2	13,11	255	232
23736	0,1	11,16	0,0	24,17	227	232
23737	5,2	11,16	10,6	24,17	298	232
23738	4,3	11,16	3,0	24,17	255	232
23739	5,2	0,1	10,6	0,0	298	227
23740	4,3	0,1	3,0	0,0	255	227
23741	0,1	106,82	1,0	125,93	195	236
23742	2,9	0,1	1,1	0,0	195	207
23745	43,33	67,71	62,38	96,81	233	259
23746	349,262	177,155	250,213	194,137	298	272
23747	90,95	324,255	67,41	334,258	208	298
23748	319,264	14,6	269,197	20,10	298	219
23749	405,324	190,185	314,214	156,104	298	298
23750	23,17	3,4	35,22	1,0	254	225
23751	155,101	294,233	148,125	527,335	225	270
23752	22,8	323,214	18,14	557,406	270	298
23753	213,158	325,220	258,171	560,403	270	298
23754	385,275	331,287	571,407	547,349	298	266
23755	61,38	384,366	80,57	628,472	298	298
23756	209,166	150,132	194,157	140,80	298	298
23757	381,301	88,104	384,258	75,21	298	269
23758	147,118	166,142	133,80	162,78	269	298
23759	8,10	2,7	9,7	2,6	298	298
23760	8,10	5,3	9,7	7,11	298	298
23761	6,6	2,7	3,3	2,6	201	298
23762	6,6	5,3	3,3	7,11	201	298
23763	2,7	5,3	2,6	7,11	298	298
23765	237,191	36,23	265,241	26,12	296	298
23766	232,190	145,130	265,239	152,91	296	298
23767	159,141	113,74	169,151	136,85	298	298
23768	191,159	86,64	193,163	116,76	298	298
23769	160,138	126,92	169,151	120,66	298	280
23770	227,190	80,85	266,167	116,95	298	293
23771	30,23	99,112	22,11	97,86	280	270
23772	508,452	1270,1023	576,458	1738,1184	242	298
23773	6,6	3,8	5,3	3,0	242	272
23776	1,0	45,50	1,2	46,34	225	209
23777	137,108	135,124	231,129	210,123	273	267
23778	51,52	116,123	84,45	201,167	198	273
23779	129,121	118,121	224,147	199,162	283	273
23780	187,141	76,97	319,219	215,139	284	298
23781	188,169	75,94	235,190	211,140	298	298
23782	190,169	155,145	238,184	284,182	298	284
23785	499,372	354,306	659,511	506,315	298	230
23786	411,342	466,382	476,365	593,382	256	298
23787	112,108	314,247	128,104	467,357	189	256
23788	9,9	326,256	4,7	472,360	189	256
23789	201,180	326,256	253,220	472,360	212	256
23790	201,180	9,9	253,220	4,7	212	189
23791	202,179	259,177	253,220	254,190	212	189
23792	310,299	478,407	429,336	837,525	236	287
23793	413,309	15,18	563,448	12,5	261	236
23794	419,309	312,265	563,448	378,330	261	236
23795	409,294	383,390	625,424	565,422	298	261
23796	205,157	479,361	306,198	656,527	239	298
23797	197,179	479,356	299,191	655,527	234	298
23798	165,160	237,170	357,221	336,227	250	239
23799	272,167	299,213	413,289	466,334	265	250
23800	276,210	293,209	388,235	465,334	250	250
23801	197,178	175,126	299,192	302,180	234	250
23802	409,395	2,0	667,480	0,0	206	170
23803	106,134	3,7	168,140	2,3	202	206
23804	303,240	271,288	527,367	397,330	257	267
23805	244,223	252,189	294,248	363,200	227	257
23806	241,173	167,167	276,232	298,197	290	227
23807	99,90	447,379	119,105	642,489	204	290
23808	237,212	133,92	359,258	140,104	229	204
23809	46,46	3,2	85,49	4,4	237	229
23810	236,181	309,309	301,219	568,368	298	237
23811	11,11	183,105	13,4	310,234	298	187
23812	38,32	4,3	89,46	10,6	202	187
23813	35,28	0,2	83,42	5,1	202	187
23814	3,3	215,227	6,3	398,299	202	238
23815	671,534	32,28	1175,906	53,44	187	274
23816	122,97	257,268	253,155	519,384	187	238
23817	37,35	23,13	73,55	17,20	274	207
23818	6,8	2,5	20,12	4,10	274	207
23819	6,8	763,656	20,12	1333,1064	274	238
23820	2,5	763,656	4,10	1333,1064	207	238
23821	31,28	437,388	84,57	614,561	238	298
23822	345,317	29,27	531,466	33,26	238	298
23823	18,16	436,388	45,35	615,561	238	298
23824	19,5	436,390	9,18	614,564	238	298
23826	125,130	183,184	86,57	124,75	267	298
23827	14,13	33,22	17,4	40,12	298	285
23828	7418,5731	11115,9499	14323,10285	15949,11473	298	298
23829	48,51	69,65	39,23	60,65	268	221
23830	253,207	200,239	284,136	201,99	234	230
23831	1237,1159	549,1066	2139,1594	414,204	221	249
23832	1237,1159	21,33	2139,1594	37,19	221	192
23833	7,9	6,9	5,6	22,13	298	280
23834	15,23	31,39	11,4	54,50	298	280
23835	2,2	38,51	5,0	76,65	163	280
23836	23,20	170,147	7,15	139,87	298	298
23837	1,0	170,147	2,0	139,87	235	298
23838	96,115	161,124	102,81	121,118	269	277
23839	420,402	238,228	651,494	372,245	283	214
23840	428,364	238,227	540,460	374,245	298	214
23841	375,313	291,287	500,436	384,223	223	283
23842	63,39	65,44	175,153	122,112	238	237
23843	69,35	124,94	206,144	295,242	237	298
23844	222,237	193,205	147,91	193,93	227	242
23845	134,160	130,166	108,77	138,97	239	227
23846	203,230	58,73	215,181	46,13	274	298
23847	20,12	235,190	11,13	194,119	213	281
23848	8,8	235,190	4,5	194,119	195	281
23849	413,346	125,154	377,248	69,33	230	298
23850	3,0	43,31	3,1	69,49	254	264
23851	21,12	43,31	37,12	69,49	215	264
23852	34,34	62,73	47,25	76,55	264	298
23853	13,7	304,284	10,8	282,160	204	251
23854	443,406	304,284	436,340	282,160	255	251
23855	480,481	149,184	535,506	142,72	239	204
23856	119,85	41,27	154,109	25,26	187	239
23857	73,127	152,127	49,21	124,119	298	223
23858	102,179	270,236	62,23	239,170	298	298
23859	6,19	70,127	8,3	49,21	298	298
23860	277,267	200,179	319,224	244,191	266	223
23861	15,7	81,48	47,41	105,91	246	242
23862	16,7	78,48	28,27	104,91	205	242
23863	17,10	36,22	48,42	60,56	246	214
23864	18,32	223,161	43,19	272,245	253	294
23865	18,33	16,21	44,19	18,19	253	294
23866	116,91	17,21	182,126	19,19	242	294
23867	117,93	224,161	185,124	273,245	242	294
23868	117,93	218,157	185,124	270,243	242	291
23869	124,99	11,12	191,127	7,10	242	291
23870	124,99	177,144	191,127	197,180	242	298
23871	124,99	177,143	191,127	196,180	242	298
23872	216,206	177,142	267,202	198,182	294	298
23873	216,206	178,144	267,202	201,180	294	298
23874	11,12	177,144	7,10	197,180	291	298
23875	11,12	177,143	7,10	196,180	291	298
23876	19,24	122,133	20,21	172,110	298	243
23877	225,165	122,133	275,249	172,110	298	243
23878	222,162	19,25	274,247	19,15	298	239
23879	118,98	20,27	132,106	21,15	243	239
23880	235,212	70,75	397,295	93,114	260	223
23886	14347,11976	12640,11825	21599,15726	15891,12676	298	265
23887	1091,1466	3658,3373	1203,574	4914,4271	291	183
23888	12,4	180,167	18,5	252,192	298	298
23889	838,603	1034,967	752,555	1003,786	239	239
23890	480,328	47,40	318,214	8,0	298	221
23891	1910,1503	47,40	3116,2347	8,0	288	221
23892	1962,1658	7,5	2723,2078	5,0	298	221
23893	29,25	6,5	39,31	5,0	277	221
23894	1910,1503	480,328	3116,2347	318,214	288	298
23895	2399,1954	1795,1625	2448,1960	2502,1795	293	298
23896	1960,1662	1907,1508	2723,2079	3148,2365	298	293
23897	93,99	3,15	122,107	6,8	263	212
23899	55,21	26,18	30,29	33,28	298	219
23900	21,8	23,14	6,14	32,27	298	219
23901	17,12	23,14	13,10	32,27	236	219
23902	17,12	21,8	13,10	6,14	236	298
23903	19,13	58,20	13,11	49,70	236	298
23905	3,12	1,1	13,3	2,1	243	211
23906	4,12	1,0	14,3	1,1	243	211
23907	4,14	1,0	14,3	1,2	243	211
23908	1,0	1,0	3,0	1,2	242	211
23909	0,2	4,14	6,2	14,3	298	243
23910	1,0	4,14	3,0	14,3	242	243
23912	13,14	71,56	1,0	18,6	220	260
23913	2,5	57,44	4,5	72,61	203	255
23914	41,59	166,120	46,38	145,89	226	298
23915	107,107	159,165	107,68	93,58	298	298
23916	107,107	158,167	107,68	93,58	298	298
23917	10,20	38,41	9,8	28,20	298	208
23918	11,30	38,41	9,3	28,20	298	208
23919	19,14	139,93	45,19	226,126	246	298
23920	5,3	4,3	0,0	2,1	236	298
23926	88,82	32,35	90,58	39,14	289	208
23927	106,56	65,53	123,79	86,82	269	253
23928	40,42	23,31	49,34	32,24	264	284
23929	4,12	20,32	13,4	32,24	264	284
23930	42,33	16,19	45,22	22,19	263	264
23931	72,54	135,100	60,42	140,82	197	298
23932	8,5	33,53	1,3	40,8	243	221
23933	15,13	33,53	15,9	40,8	248	221
23934	90,67	73,71	80,56	66,59	298	275
23935	43,40	79,94	31,19	76,81	275	267
23936	75,58	84,88	69,64	81,52	226	298
23939	63,43	31,24	55,43	22,9	276	245
23949	18,6	28,27	18,29	78,56	244	298
23950	14,10	4,5	22,18	17,10	256	281
23951	27,27	22,17	76,54	21,34	298	208
23952	20,16	56,47	32,21	92,63	232	298
23953	35,20	32,22	43,39	30,37	210	298
23954	36,20	108,60	43,38	153,90	210	298
23955	34,33	81,58	69,32	106,108	211	298
23956	36,30	78,47	64,41	113,51	211	298
23957	115,90	55,52	108,92	107,61	261	217
23958	5,3	2,1	2,0	1,0	203	203
23959	68,87	3,4	121,93	5,4	232	186
23960	1,0	91,85	1,2	173,140	287	202
23961	2,1	91,85	2,2	173,140	242	202
23962	113,152	21,15	232,163	51,43	232	202
23963	101,103	21,15	131,115	59,43	271	202
23964	31,33	21,15	26,16	59,43	298	202
23965	11,8	23,15	10,13	49,45	240	202
23966	71,91	1,1	126,94	0,0	232	202
23967	2,1	1,0	2,2	1,2	242	287
23968	13,14	41,39	22,19	79,59	298	232
23969	1,0	41,39	13,5	79,59	174	232
23970	28,25	26,18	34,16	37,18	294	298
23971	8,1	15,19	7,1	21,18	282	298
23972	8,1	0,0	7,1	0,2	282	298
23973	1677,1444	1328,1133	794,576	708,485	298	255
23974	1725,1479	1328,1133	794,577	708,485	298	255
23975	28,24	1328,1133	1,0	708,485	218	255
23977	25,13	35,21	28,26	63,35	242	279
23978	43,16	19,9	35,35	19,11	279	267
23979	41,19	22,8	70,41	21,24	267	228
23980	136,115	143,142	265,172	106,91	230	261
23981	61,74	80,106	53,52	67,76	259	203
23982	176,177	100,92	160,132	109,66	242	252
23983	266,223	114,78	266,169	64,31	252	220
23985	0,2	0,0	0,0	0,1	285	273
23986	324,253	240,285	306,231	229,121	237	298
23987	11,12	267,187	13,7	316,203	233	214
23988	27,13	176,143	30,30	197,151	233	220
23989	1,0	267,187	0,0	316,203	220	214
23990	283,214	267,189	332,242	315,203	220	214
23991	6,3	596,514	0,0	827,657	250	271
23992	563,418	218,160	641,450	267,180	271	217
23993	565,376	386,273	702,556	527,361	271	255
23994	613,572	298,246	997,712	301,262	298	246
23995	438,308	415,389	491,384	534,390	262	298
23996	858,658	455,331	1581,1232	587,545	291	242
23997	742,557	604,481	1080,730	992,724	288	291
23998	257,182	800,610	436,262	1515,1171	224	288
23999	116,93	78,50	120,70	122,76	233	237
24000	0,3	81,52	1,1	122,76	233	237
24001	158,173	77,49	217,120	137,83	281	233
24002	54,53	176,143	73,58	234,144	222	281
24011	23,15	20,11	31,26	21,28	283	279
24012	24,14	1,5	36,22	7,7	283	279
24013	159,128	0,0	242,162	0,1	298	247
24014	107,95	192,168	127,156	285,185	209	298
24016	2,2	194,178	2,1	289,327	236	298
24017	2,2	304,257	2,1	434,458	236	298
24018	48,23	213,202	49,42	310,358	191	298
24019	62,56	213,202	90,77	310,358	196	298
24020	48,23	211,185	49,42	308,336	191	298
24021	62,56	211,185	90,77	308,336	196	298
24023	173,118	557,473	209,111	585,432	196	243
24024	173,119	318,239	207,111	287,186	196	221
24028	177,141	70,78	191,114	75,38	288	216
24029	42,44	204,194	55,26	247,140	189	298
24030	42,41	158,151	32,22	189,129	298	298
24031	49,52	220,163	31,32	328,193	298	298
24032	42,31	262,243	80,33	313,211	217	298
24033	20,15	75,73	17,7	99,63	202	217
24034	40,46	63,66	54,46	79,46	253	215
24035	33,30	69,73	43,27	91,51	204	215
24036	46,46	60,66	65,50	79,46	227	215
24037	36,31	75,61	41,27	97,75	204	236
24038	43,46	1,0	64,51	1,1	227	204
24039	2,1	133,115	0,0	165,124	187	298
24040	2,2	15,3	0,5	4,4	271	187
24041	424,377	475,384	568,383	560,366	298	298
24042	165,140	551,481	260,163	790,566	215	298
24043	28,11	21,20	18,16	12,8	298	298
24044	5,1	21,21	2,9	11,8	229	298
24045	160,172	21,11	134,96	9,15	298	298
24046	159,172	20,11	134,95	9,15	298	298
24047	159,172	0,0	134,95	2,3	298	200
24048	20,11	0,0	9,15	2,3	298	200
24049	173,205	762,582	271,158	1285,897	236	233
24050	2,1	55,28	3,0	75,63	298	198
24051	4,9	55,28	4,3	75,63	242	198
24052	132,121	55,28	143,106	75,63	225	198
24053	140,131	269,210	149,113	350,209	298	279
24054	0,1	55,28	2,0	75,63	176	198
24055	86,69	265,206	106,84	343,207	198	279
24056	164,135	132,112	232,173	142,95	279	206
24057	1,0	268,198	1,0	270,188	229	272
24058	35,32	0,0	45,39	0,2	217	193
24059	86,89	0,0	135,90	0,2	286	193
24060	22,18	2,7	50,23	13,4	298	297
24063	198,181	460,496	185,158	501,428	298	284
24064	0,1	279,220	0,0	349,215	219	250
24065	0,1	571,506	0,0	673,451	219	268
24066	0,1	322,273	0,0	396,259	219	288
24067	580,471	390,357	706,459	372,284	298	298
24068	580,471	2,2	706,459	0,0	298	234
24069	105,77	340,299	159,96	370,305	177	267
24070	596,473	340,297	702,483	370,305	298	298
24071	105,77	1,1	159,96	5,2	177	255
24072	296,241	802,574	425,323	1121,845	248	298
24073	0,0	3,0	2,0	0,0	298	242
24076	5376,4827	7668,6698	8462,6038	10576,7813	272	298
24077	5,1	7668,6698	1,2	10576,7813	290	298
24078	26,11	56,50	56,35	156,98	278	298
24079	13,17	3,1	27,12	5,5	271	199
24081	0,0	1,4	1,0	2,1	225	225
24082	128,79	55,60	38,41	43,32	271	249
24083	41,31	75,58	39,28	49,33	234	271
24084	67,69	76,38	68,51	29,25	256	234
24085	2,9	102,108	2,2	59,44	298	298
24086	6,6	12,11	2,2	10,2	217	232
24087	26,20	75,60	55,38	207,114	235	266
24088	23,19	81,75	48,32	242,132	235	293
24089	9,16	79,77	21,12	241,131	266	293
24090	55,55	82,76	129,83	248,137	266	293
24091	55,42	35,31	119,76	138,82	266	218
24092	67,78	154,132	207,152	426,295	272	298
24093	57,35	83,63	56,41	149,74	212	265
24094	494,423	515,403	762,596	497,430	297	297
24095	494,392	507,399	778,621	495,426	298	297
24096	502,394	639,486	780,625	730,618	298	297
24097	485,354	494,421	721,498	762,596	298	298
24098	578,524	419,304	629,483	638,441	288	255
24099	295,322	597,553	486,353	644,499	298	298
24100	307,321	508,488	440,274	651,474	271	298
24105	235,181	302,278	274,229	366,244	230	298
24106	2,1	1,10	4,0	3,8	260	236
24108	24,19	27,17	25,22	23,13	298	228
24109	24,19	26,17	25,22	21,12	298	224
24139	4,1	1,1	2,2	2,0	250	280
24140	6,6	0,1	3,3	0,0	280	268
24142	565,494	396,462	609,456	454,253	227	207
24143	483,420	399,403	580,402	572,284	210	235
24144	70,72	399,403	77,55	572,284	207	235
24145	78,59	35,24	51,51	54,26	270	233
24146	78,59	40,27	51,51	57,25	270	236
24148	0,0	4,8	0,4	12,11	259	247
24149	0,0	3,2	0,3	2,4	259	247
24151	1,1	0,1	1,2	0,0	197	278
24156	117,119	482,318	193,132	935,595	187	296
24157	583,481	168,138	818,617	290,178	298	187
24158	430,324	431,362	676,528	698,496	276	298
24159	44,33	53,36	76,52	93,38	219	234
24209	13,17	547,508	14,3	768,557	298	298
24210	24,26	896,771	52,25	1407,1101	298	298
24211	8,8	498,415	15,5	617,482	223	298
24212	22,27	497,413	27,15	617,482	223	298
24213	6,8	497,412	13,5	617,484	223	298
24214	17,16	52,38	33,26	74,56	282	272
24215	4,0	28,23	10,6	36,23	272	191
24216	34,19	55,43	36,15	57,42	191	224
24217	58,41	272,185	98,47	430,242	189	240
24218	191,138	163,136	265,209	227,186	240	257
24219	44,31	86,64	41,35	82,57	243	298
24220	11,9	19,18	11,3	45,30	298	208
24221	55,30	20,17	85,42	41,29	298	208
24222	32,22	37,27	25,18	38,48	208	298
24223	58,57	52,44	56,41	66,54	273	298
24224	617,610	34,27	571,527	20,10	289	181
24225	270,193	300,258	222,169	385,276	231	251
24226	28,28	530,497	3,3	591,396	252	241
24227	22,28	57,56	3,3	55,26	252	198
24228	14,11	530,497	5,6	591,396	227	241
24229	12,11	57,56	5,6	55,26	227	198
24230	59,64	5,0	56,31	2,0	247	261
24233	6,2	0,1	2,0	0,0	291	292
24399	49,70	95,94	39,23	101,65	290	260
24402	4,7	107,77	2,2	82,49	195	209
24403	36,30	2,2	17,14	0,0	237	294
24404	9,13	7,0	13,6	4,2	236	194
24405	6,8	1,9	3,0	1,3	233	289
24406	3,7	1,9	2,0	1,3	298	289
24407	1,2	7,3	0,0	8,1	206	201
24411	1,6	27,10	5,3	23,25	298	249
24412	17,10	27,10	15,14	23,25	298	249
24414	11,9	5,1	14,4	3,2	236	194
24415	10,13	4,2	3,4	0,2	272	298
24416	8,7	1,2	1,3	17,4	272	206
24418	34,25	5,2	67,50	3,3	270	247
24433	0,0	0,1	1,0	0,0	256	284
24438	0,1	0,0	0,0	1,0	236	256
24439	0,1	0,0	0,0	1,0	236	256
24440	2,1	6,3	1,1	2,2	255	233
24441	146,111	0,0	296,187	1,0	280	298
24442	88,53	53,28	153,115	85,77	276	242
24443	110,77	85,58	236,185	115,64	298	237
24444	91,76	139,111	240,133	295,236	298	298
24446	67,59	2,4	66,21	4,1	251	208
24447	27,38	180,183	28,25	241,164	209	290
24448	24,39	2,5	25,22	7,1	209	208
24449	286,225	83,54	335,249	74,38	290	234
24450	293,227	102,52	342,250	91,53	290	210
24451	322,234	175,112	357,280	209,136	290	240
24452	285,219	4,10	335,250	7,4	290	208
24453	284,218	109,93	335,250	126,88	290	216
24454	284,218	16,20	335,250	10,12	290	208
24455	155,140	104,58	179,146	90,53	234	210
24456	155,140	184,118	182,146	216,137	234	240
24457	34,55	177,111	65,24	210,136	210	240
24458	81,54	14,12	70,38	7,9	240	208
24459	16,20	109,93	10,12	126,88	208	216
24460	131,71	109,92	106,63	126,88	208	216
24461	110,81	116,138	133,90	143,92	198	245
24462	219,130	120,93	239,177	139,95	245	216
24464	3,4	6,0	5,8	5,5	298	298
24465	602,452	678,576	579,430	714,498	253	275
24466	506,419	677,575	496,367	714,498	261	275
24467	507,419	722,565	496,367	636,466	261	253
24468	369,284	844,665	380,273	795,576	298	261
24469	17,18	844,665	28,20	795,576	298	261
24470	2,6	63,44	2,2	80,52	213	240
24471	31,18	21,19	41,19	23,11	231	186
24472	29,20	21,14	22,17	22,15	227	200
24473	27,26	4,0	18,17	1,3	227	200
24474	27,26	52,37	18,17	53,44	227	288
24475	22,17	15,14	16,15	21,13	227	186
24476	9,6	43,35	1,0	57,39	277	200
24477	9,3	8,2	1,0	8,8	277	200
24478	9,3	57,38	1,0	59,44	277	288
24479	2,7	43,35	0,0	57,39	245	200
24480	4,0	52,37	1,3	53,44	200	288
24481	8,2	57,38	8,8	59,44	200	288
24482	1,3	52,40	0,1	53,42	200	288
24483	6,6	15,15	6,0	19,11	288	186
24484	51,37	14,14	59,35	19,11	288	186
24487	270,202	314,308	316,228	378,396	298	298
24488	314,304	234,199	318,273	272,185	298	298
24489	314,308	187,129	378,396	225,173	298	278
24490	9,12	915,788	18,8	1070,759	186	298
24491	3,2	914,790	1,0	1069,759	186	298
24493	126,103	816,583	101,82	1082,771	298	256
24494	450,312	816,583	430,313	1082,771	298	256
24495	1,0	3,3	4,6	0,2	298	272
24496	798,666	1009,945	819,612	1317,884	298	298
24497	790,665	985,843	819,612	1116,813	298	272
24498	166,177	47,76	126,99	23,18	294	298
24499	287,245	15,24	178,89	16,13	298	166
24500	207,206	155,165	131,136	153,100	224	298
24501	114,106	74,68	83,57	52,32	212	254
24502	114,106	137,123	83,57	82,35	212	224
24503	64,56	200,173	58,37	136,94	194	212
24509	9,10	1,0	19,7	2,0	298	259
24514	1150,958	1574,1424	1478,1128	2182,1727	204	233
24515	0,1	6,2	0,0	4,1	298	298
24516	23,18	1,0	17,6	0,0	298	217
24517	2138,1729	17,21	3196,2334	17,15	192	246
24518	9495,8112	17,21	15160,10515	17,15	229	246
24519	3063,2717	17,21	4424,3239	17,15	246	246
24520	5,9	146,104	7,11	200,131	205	298
24521	60,53	119,110	73,42	238,170	298	257
24522	83,61	163,136	75,50	219,156	298	265
24523	19,16	23,20	18,28	46,10	236	250
24524	1205,1008	1496,1298	989,756	784,662	248	298
24525	1648,1466	1407,1251	1149,829	781,657	298	298
24526	248,196	1405,1250	241,212	781,657	213	298
24527	1735,1513	892,718	1152,834	828,582	298	248
24528	316,249	1834,1423	110,80	1491,1129	213	298
24529	249,196	1837,1431	241,212	1491,1129	213	298
24530	137,119	1484,1296	63,42	1225,919	274	213
24531	113,78	466,359	13,18	406,305	298	219
24532	1078,934	466,362	643,546	408,304	298	219
24533	38,68	2005,1635	23,14	1503,1187	266	298
24534	1469,1165	945,712	1467,1146	860,641	298	298
24535	1324,1123	326,323	1290,1008	225,158	298	298
24536	448,336	1177,926	425,309	1372,1154	298	298
24537	350,374	1167,925	263,210	1372,1152	260	298
24539	102,85	250,198	151,110	330,252	228	286
24544	367,308	354,259	399,282	437,297	298	298
24545	368,335	339,255	481,355	436,295	298	298
24546	117,64	273,252	126,84	281,215	237	275
24547	262,235	119,110	265,209	117,93	248	237
24548	303,298	153,71	358,237	204,142	287	248
24549	241,197	301,260	253,214	315,242	276	287
24550	57,46	317,240	59,44	383,297	194	296
24551	174,174	68,48	248,182	88,60	266	203
24552	162,153	217,128	236,153	312,242	252	298
24553	192,123	115,110	261,202	198,155	275	231
24554	153,132	103,85	253,172	150,109	288	228
24555	153,132	111,84	253,172	160,106	288	248
24556	153,130	200,162	254,173	328,250	288	298
24557	8,6	273,236	14,4	477,308	266	235
24558	28,25	124,103	29,16	147,121	295	298
24559	104,101	174,137	133,102	216,142	298	291
24560	26,23	174,137	17,8	216,142	278	291
24561	126,103	120,135	149,119	152,109	291	298
24562	198,135	142,114	250,151	155,98	298	298
24563	24,19	23,26	7,4	9,8	251	298
24566	19,22	13,5	26,16	11,3	298	298
24567	54,30	13,5	36,17	11,3	282	298
24570	54,30	19,22	36,17	26,16	282	298
24571	17,6	2,0	24,26	0,0	295	298
24572	10,6	2,0	18,23	0,0	290	298
24575	6,14	15,9	11,7	14,8	246	257
24576	71,83	134,113	89,85	268,163	200	179
24577	112,72	131,105	110,60	120,85	263	272
24578	22,10	14,11	47,28	30,21	238	238
24585	128,115	13,44	168,159	16,5	298	209
24586	94,77	18,11	131,92	23,15	269	274
24587	61,53	67,71	104,95	94,53	249	247
24588	2,3	67,71	0,2	92,54	249	247
24590	0,2	166,158	5,2	306,215	247	249
24591	17,34	2,6	12,9	1,0	298	194
24592	4,8	5,4	3,1	2,0	248	194
24593	45,34	44,53	39,42	18,24	257	225
24594	229,205	255,198	292,209	441,303	298	232
24595	294,271	355,300	398,221	554,311	237	298
24596	661,535	405,332	732,471	523,394	298	298
24597	267,243	296,307	305,155	339,250	264	298
24598	189,174	182,167	201,86	227,131	287	291
24599	88,83	75,49	125,88	87,80	241	239
24600	234,175	225,228	262,177	219,136	297	295
24602	2,1	125,117	3,1	314,169	217	265
24603	18,13	125,117	13,4	314,169	250	265
24604	34,31	157,118	33,27	249,178	212	277
24605	159,120	169,146	195,166	242,163	277	264
24606	144,102	149,134	175,147	215,153	277	298
24607	146,102	126,103	174,147	162,104	277	263
24608	124,112	164,151	217,144	236,172	264	298
24609	122,105	126,100	208,145	163,104	264	263
24610	199,173	131,107	291,206	171,104	298	263
24611	147,114	113,113	169,99	135,114	262	247
24612	125,89	188,160	148,92	221,165	262	292
24613	75,85	211,185	139,120	241,173	247	292
24614	0,1	12,22	3,0	24,22	234	298
24615	1,0	0,1	2,2	3,0	257	193
24616	158,134	111,91	208,123	145,105	293	298
24617	49,35	177,123	55,38	399,265	214	254
24618	49,35	93,73	55,38	260,158	214	214
24619	138,121	139,138	251,168	247,159	254	244
24620	109,90	156,187	149,122	357,238	223	294
24621	69,27	63,57	82,56	65,56	258	298
24622	86,49	105,73	68,38	133,83	298	298
24623	33,30	1,0	38,31	0,0	221	276
24624	111,79	126,93	80,66	90,74	269	288
24625	0,3	1,6	1,0	0,0	298	230
24631	2,5	89,69	1,0	117,103	190	191
24632	0,3	89,67	0,0	117,101	190	191
24633	24,26	89,67	25,6	117,101	228	191
24634	24,26	0,3	25,6	0,0	228	190
24635	24,28	99,84	24,7	83,82	228	190
24636	85,62	230,212	75,45	276,196	232	298
24637	79,74	382,316	93,61	462,347	290	270
24638	3,4	382,316	1,0	462,347	287	270
24639	57,57	52,37	76,45	48,35	270	255
24640	56,57	89,60	78,46	79,41	270	275
24641	69,52	4,0	75,57	0,0	240	298
24642	46,41	88,74	38,18	124,75	298	268
24645	357,358	294,268	742,568	379,289	298	298
24646	504,390	297,267	535,355	334,278	298	216
24647	16,14	218,160	19,18	238,152	254	209
24648	27,18	25,23	13,10	38,14	200	222
24649	204,164	97,95	337,221	100,90	235	230
24650	58,65	109,85	88,63	173,109	236	215
24651	974,850	1060,823	1556,1299	1921,1346	278	242
24652	953,813	1034,786	1699,1101	2013,1357	213	228
24653	14,7	193,205	7,1	247,211	298	268
24656	3,0	0,1	3,0	2,0	247	220
24657	4,0	4,3	3,0	5,0	247	220
24658	4,0	1,0	3,0	0,1	247	273
24659	3,1	1,0	2,0	0,1	298	273
24660	4,3	1,0	5,0	0,1	220	273
24661	1,1	1,0	2,0	0,1	220	273
24662	1,4	1,0	3,0	0,0	267	233
24680	24,13	830,635	31,25	961,674	298	295
24681	614,603	901,805	813,597	938,720	295	298
24682	614,603	1,0	813,597	1,0	295	298
24684	32,24	70,84	32,56	135,106	236	298
24685	2,2	1,4	1,0	3,2	298	252
24686	64,70	94,75	107,68	100,79	235	273
24687	64,70	96,76	107,68	102,79	235	298
24688	64,74	1,0	112,68	1,0	235	246
24689	126,90	80,81	116,93	169,107	298	242
24690	70,68	81,81	109,83	168,107	236	242
24691	68,68	123,122	108,81	159,124	236	298
24692	35,31	23,26	46,27	37,21	293	229
24694	9,7	31,23	16,11	47,28	192	228
24695	278,250	200,172	258,178	192,155	298	251
24696	161,134	250,177	177,134	290,207	298	298
24697	87,79	68,36	151,112	151,155	258	268
24700	56,54	63,78	74,57	115,60	259	257
24701	74,68	2,4	120,63	3,1	296	292
24702	1,6	167,146	8,2	277,186	248	298
24703	50,39	28,31	71,48	94,65	298	233
24704	158,123	63,42	98,63	25,28	298	298
24705	33,51	101,64	32,20	74,57	275	298
24706	0,1	8,2	1,0	4,4	219	298
24707	3,3	1,0	5,3	3,0	298	279
24708	0,5	8,2	1,1	2,4	204	252
24709	131,124	393,338	217,163	423,303	262	245
24710	4,1	393,338	1,0	423,303	271	245
24711	207,159	121,140	288,257	180,132	218	208
24712	207,159	1,0	288,257	0,0	218	203
24713	214,213	1381,1228	419,197	2599,1624	297	298
24714	184,142	111,91	150,121	153,99	298	298
24715	117,102	95,87	121,91	129,82	298	298
24716	105,88	91,86	141,80	86,64	298	231
24717	210,187	99,101	193,135	107,109	298	298
24718	98,94	107,88	137,80	139,86	260	298
24719	228,143	188,157	224,144	170,116	298	260
24720	49,42	2,0	37,37	0,0	190	254
24721	269,217	248,244	320,204	317,278	296	278
24722	12,5	0,0	12,15	1,0	230	298
24723	209,247	273,209	346,262	351,223	298	227
24724	326,262	134,112	426,344	173,137	298	198
24725	171,172	239,169	293,222	307,246	298	298
24726	92,73	191,185	125,97	311,264	242	298
24727	326,266	402,391	482,335	572,435	293	298
24728	312,279	357,295	470,360	508,355	289	293
24729	132,120	315,262	197,140	478,334	298	289
24730	584,490	425,439	849,590	455,411	298	283
24731	44,24	417,434	31,22	451,411	298	283
24732	69,61	417,434	84,55	451,411	298	283
24733	1185,1080	11,18	1638,1232	5,6	298	240
24734	46,24	604,592	31,20	790,643	298	298
24735	71,61	604,592	84,53	790,643	298	298
24736	0,0	13,15	1,0	21,16	206	211
24737	10,11	35,52	6,10	45,52	298	298
24738	48,39	1,0	93,54	1,0	298	285
24739	48,39	21,27	93,54	57,31	298	298
24740	57,40	35,27	75,48	44,29	298	298
24741	24,27	44,32	25,14	39,33	261	220
24742	11,19	5,1	11,6	6,1	261	226
24743	15,14	27,19	17,16	22,21	223	220
24744	3,0	26,18	0,1	23,21	226	220
24745	925,890	819,751	1203,840	1085,834	298	298
24746	960,825	457,460	1272,979	544,388	298	239
24747	527,607	266,354	622,403	260,164	283	240
24748	491,490	241,300	552,451	204,204	240	298
24750	294,344	1155,1115	315,197	1157,1042	298	271
24751	1536,1406	1623,1318	1819,1462	2319,1723	298	298
24752	1149,909	884,686	1319,1029	978,826	298	228
24753	276,222	918,716	189,177	999,848	298	228
24754	276,222	1016,844	189,177	1270,1068	298	243
24755	343,381	498,398	367,230	528,447	221	298
24756	455,603	655,558	290,230	766,585	265	221
24757	1174,986	620,632	2369,1835	1220,895	298	244
24758	1068,1028	630,520	1898,1413	1153,792	298	267
24759	0,4	452,382	1,0	650,469	233	298
24760	345,284	277,247	460,354	497,340	298	268
24761	23,12	371,294	23,18	450,317	268	241
24762	7,3	6,11	2,4	21,9	268	241
24763	7,3	487,383	2,4	530,398	268	298
24764	255,268	372,294	288,222	448,316	268	241
24765	237,257	7,9	261,203	19,8	268	241
24766	6,11	487,383	21,9	530,398	241	298
24767	193,173	501,386	355,234	553,418	241	298
24768	122,100	126,117	174,124	201,181	270	298
24769	2,0	5,2	3,0	8,4	298	298
24774	282,229	118,136	323,235	132,80	247	252
24775	370,295	309,249	398,247	457,361	298	247
24776	374,340	376,331	465,273	348,307	296	298
24777	81,66	26,9	109,91	16,11	246	241
24778	29,17	25,26	19,31	29,31	298	298
24779	12,11	602,435	1,3	464,368	223	284
24780	514,457	602,435	422,365	464,368	298	284
24782	6,2	14,10	2,1	10,19	292	250
24783	9,8	0,3	8,1	1,0	292	251
24784	120,107	197,226	126,49	283,221	208	298
24785	242,224	26,27	283,217	5,9	298	298
24786	264,261	199,225	333,252	283,221	298	298
24787	265,244	268,206	328,247	311,271	298	298
24788	238,224	232,199	284,216	240,223	298	298
24789	351,407	11,7	547,430	2,3	298	220
24790	163,192	290,241	269,217	359,305	298	298
24791	155,186	31,37	264,209	51,36	298	298
24792	155,186	258,218	264,209	285,254	298	298
24793	31,37	258,218	51,36	285,254	298	298
24794	201,222	239,205	284,221	245,231	298	298
24795	198,246	1555,1326	190,147	1879,1413	231	229
24796	1044,904	2341,2052	1394,1067	3028,2202	205	277
24797	2338,1990	2613,2088	3387,2370	3462,2330	277	285
24798	2464,2202	878,660	3188,2335	1445,1045	285	277
24799	2468,2202	1647,1234	3188,2335	2142,1566	285	298
24800	2137,1760	1648,1234	2631,1803	2142,1566	277	298
24801	87,109	72,43	96,99	89,56	272	244
24804	109,95	47,31	119,60	23,14	258	298
24805	109,95	161,128	121,59	173,143	258	295
24806	109,95	22,10	121,59	17,5	258	298
24807	22,10	161,128	17,5	173,143	298	295
24808	105,72	161,128	62,54	172,144	298	295
24809	97,68	32,20	47,49	32,24	298	295
24810	70,80	108,91	100,86	79,73	206	194
24811	86,95	222,158	96,53	264,182	240	280
24812	16,9	90,104	0,4	77,62	298	224
24813	1,1	90,104	1,2	77,62	298	224
24814	1,1	90,102	0,0	79,62	298	224
24815	155,133	90,104	210,174	77,62	237	224
24816	22,11	90,102	9,9	79,62	237	224
24817	171,180	152,118	202,171	125,89	224	230
24818	166,171	2,1	195,169	0,2	224	245
24819	128,104	102,136	147,90	174,117	230	245
24820	127,106	6,7	147,90	3,2	230	245
24821	124,119	4,3	117,92	1,0	245	244
24822	124,119	141,122	117,92	110,62	245	248
24823	121,118	0,4	117,89	0,0	245	281
24824	7,5	141,131	0,0	147,109	298	244
24825	7,5	335,332	0,0	350,235	298	248
24826	138,137	164,184	150,110	107,68	248	281
24827	1244,989	137,183	1761,1196	58,35	265	254
24828	540,467	425,347	1051,750	715,577	298	298
24829	373,434	248,292	593,441	380,211	298	298
24830	188,127	20,10	218,152	0,0	207	208
24831	283,238	223,176	296,212	280,184	253	207
24832	5,4	297,247	4,1	344,260	224	251
24833	273,203	148,110	327,208	194,130	250	207
24834	301,224	311,233	285,232	358,235	248	260
24835	334,219	384,281	321,220	398,319	254	248
24836	11,9	34,14	16,7	37,26	254	298
24838	282,217	249,238	267,173	273,171	298	298
24839	221,198	141,141	206,129	143,97	298	257
24840	68,112	292,316	43,38	240,203	280	277
24841	18,19	691,690	29,47	782,476	295	298
24842	1543,1183	691,690	2835,1933	782,476	298	298
24854	162,171	261,257	175,80	418,278	298	239
24855	32,33	35,37	22,19	42,21	297	298
24856	8,8	10,7	1,5	13,8	298	298
24857	315,241	332,228	216,164	232,172	298	298
24858	180,171	399,352	162,93	267,180	277	298
24859	126,97	1075,1036	219,146	823,632	173	239
24860	384,354	1051,1021	406,310	801,625	212	239
24861	0,1	1051,1021	0,1	801,625	173	239
24862	384,354	0,1	406,310	0,1	212	173
24863	417,373	189,164	428,320	246,190	212	173
24864	599,550	289,238	679,500	329,241	242	212
24865	385,401	546,560	427,302	620,417	291	278
24866	2229,1802	4,2	4839,3631	4,2	298	298
24867	2229,1802	1674,1469	4839,3631	3775,2751	298	298
24868	897,746	3093,2550	1719,1365	6109,4818	203	298
24869	789,758	943,780	1372,913	1793,1392	268	203
24870	24,19	934,770	45,28	1782,1387	268	203
24871	198,228	1562,1228	176,90	3607,2666	293	268
24872	147,129	7,11	269,184	2,3	290	220
24873	50,38	52,42	95,62	115,85	221	251
24874	86,66	42,21	141,112	43,32	244	195
24875	78,60	49,34	105,115	92,67	215	224
24876	1327,1144	1537,1253	1723,1472	2251,1756	298	294
24877	19,11	1534,1246	25,11	2251,1756	298	294
24878	769,538	1534,1246	1231,986	2251,1756	249	294
24879	769,538	19,11	1231,986	25,11	249	298
24880	771,546	1279,981	1231,986	1727,1242	249	298
24881	0,1	346,383	0,0	330,203	298	298
24882	4,8	345,383	8,3	333,203	298	298
24883	72,48	56,25	98,87	60,51	274	213
24884	5,3	7,2	12,5	2,8	238	274
24885	6,5	68,72	23,10	87,95	233	164
24886	178,168	34,11	169,158	70,35	298	164
24887	69,67	34,11	81,85	70,35	298	164
24888	135,137	7,8	149,92	3,8	296	298
24889	111,90	171,155	125,97	171,117	212	254
24890	233,174	125,90	307,231	147,105	297	212
24891	91,70	47,52	69,41	24,19	298	206
24892	13,13	6,9	2,2	6,5	298	272
24893	19,28	7,7	6,12	5,5	298	272
24894	30,45	7,7	30,15	5,5	298	272
24895	11,14	6,7	7,4	7,6	298	272
24896	154,118	6,7	113,80	7,6	281	272
24897	30,45	19,28	30,15	6,12	298	298
24898	0,2	5,1	1,0	2,7	298	298
24899	19,33	14,17	24,11	6,17	298	298
24900	141,108	5,3	108,77	2,7	281	298
24901	154,118	11,14	113,80	7,4	281	298
24902	0,0	22,32	1,0	23,11	274	298
24903	9,8	429,298	12,10	728,444	195	298
24904	176,127	425,274	260,238	647,400	218	298
24905	176,127	425,275	260,238	646,400	218	298
24906	176,127	439,287	260,238	676,411	218	298
24907	460,460	465,405	532,412	478,377	298	298
24908	637,611	594,555	855,677	758,539	298	298
24910	2,0	351,282	0,0	418,290	298	216
24911	173,178	209,191	271,152	269,182	298	253
24912	289,342	0,1	330,198	0,0	298	249
24913	153,152	174,172	170,128	226,143	249	234
24914	147,145	192,134	140,120	185,135	225	228
24915	144,147	175,173	141,120	228,141	225	234
24916	144,143	158,126	140,120	181,143	225	211
24917	159,167	150,125	216,156	179,141	228	211
24918	135,93	290,259	182,119	349,234	220	298
24919	137,93	267,247	185,129	302,221	220	298
24920	55,64	741,722	57,31	723,540	298	298
24921	18,19	741,722	14,7	723,540	298	298
24922	593,542	511,448	572,486	664,409	298	252
24923	820,803	379,391	1125,745	427,303	292	240
24924	432,400	563,625	536,422	598,272	295	291
24925	313,319	558,497	320,188	562,383	298	298
24926	210,245	558,497	270,162	562,383	298	298
24927	535,530	454,476	477,290	435,254	298	236
24928	735,816	438,419	652,381	400,298	298	247
24930	4,15	6,11	9,1	1,1	298	298
24931	3,14	6,11	10,0	1,1	298	298
24932	5,9	6,8	4,3	4,1	298	298
24933	389,324	333,290	417,332	326,252	298	298
24934	371,389	316,224	240,207	170,117	280	238
24935	2,2	0,0	4,4	1,0	234	199
24936	2,6	109,88	0,0	96,73	298	298
24937	79,92	109,88	60,34	96,73	298	298
24938	2,2	111,88	0,0	97,73	298	298
24939	32,33	111,88	24,16	97,73	193	298
24940	32,33	2,2	24,16	0,0	193	298
24941	31,33	84,73	24,16	70,61	193	298
24942	3,3	108,123	0,0	84,50	214	193
24943	94,95	69,64	80,67	62,42	261	268
24944	111,82	57,49	79,85	89,64	253	298
24945	1,3	53,42	0,0	87,59	253	298
24946	91,89	53,42	102,81	87,59	298	298
24947	91,89	53,43	102,81	87,59	298	298
24948	91,89	1,3	102,81	0,0	298	253
24949	95,92	76,44	104,86	88,27	298	253
24950	0,2	139,105	0,0	112,98	212	298
24951	0,2	138,103	0,0	112,99	212	298
24952	0,2	6,4	0,7	0,2	224	245
24953	0,2	10,7	0,7	1,6	224	298
24954	35,40	222,229	51,33	320,193	209	298
24955	104,96	62,56	123,64	91,68	298	266
24956	116,96	39,35	139,112	37,29	295	192
24958	0,0	1,1	0,1	2,2	233	266
24959	0,3	1,0	0,0	1,1	266	290
24960	1,1	1,1	4,0	0,0	290	284
24961	2,5	21,12	1,3	24,10	213	276
24964	32,25	30,16	69,48	44,23	224	233
24965	30,18	30,25	78,55	70,49	243	224
24966	4,3	32,23	19,5	70,48	243	224
24967	19,16	32,23	33,32	70,48	227	224
24968	19,16	4,3	33,32	19,5	227	243
24969	19,18	28,31	31,33	108,53	227	243
24974	52,87	231,185	43,8	339,203	297	298
24975	0,0	5,5	1,1	6,1	269	254
24976	0,0	1,0	0,1	0,0	269	269
24977	104,109	228,210	167,136	240,170	223	261
24978	1,5	8,4	8,6	1,4	223	234
24979	104,109	10,6	167,136	2,5	223	234
24980	144,176	275,193	317,233	323,242	244	250
24981	52,72	30,32	47,29	9,9	269	257
24982	167,104	180,197	188,141	213,150	241	260
24983	220,141	180,197	233,181	213,150	298	260
24985	9,3	0,0	6,7	0,1	205	285
24986	7,7	7,8	18,28	12,8	233	197
24987	163,120	29,32	144,114	51,29	298	266
24988	160,108	66,67	137,114	48,14	298	298
24989	4,3	66,67	1,0	48,14	298	298
24990	82,78	71,81	78,80	56,13	266	298
24991	57,40	45,53	33,33	29,29	298	268
24992	43,52	94,55	26,31	88,62	298	298
24993	12,18	15,12	14,15	32,8	208	232
24995	398,325	590,527	404,282	774,559	253	281
24996	36,53	474,422	24,13	614,442	239	274
24998	149,155	347,330	168,194	426,265	298	298
24999	253,218	211,192	254,243	242,189	298	298
25000	253,218	8,4	254,243	3,5	298	219
25001	66,61	305,274	64,69	330,320	241	298
25002	54,50	85,40	70,50	105,87	218	273
25003	56,50	7,0	73,50	0,1	231	273
25004	52,37	92,61	93,80	190,109	273	285
25005	92,46	64,33	128,113	147,87	285	206
25006	41,41	104,71	71,52	175,135	206	248
25007	2,0	1,0	0,2	1,0	255	194
25008	199,194	186,169	298,226	192,128	242	237
25009	211,200	4,2	300,229	1,0	242	237
25010	183,133	96,66	234,162	115,82	237	205
25011	172,143	249,175	229,158	329,237	205	227
25012	185,171	353,258	232,146	578,407	227	268
25013	230,217	151,116	248,176	195,135	298	298
25014	100,71	52,42	145,113	68,47	281	241
25015	173,180	239,229	197,175	359,222	224	228
25016	450,369	336,330	502,435	489,314	262	275
25017	316,283	503,360	263,250	303,278	199	221
25018	40,47	208,175	29,14	204,158	246	188
25019	4,1	470,420	4,0	855,555	182	271
25022	10,13	5,0	11,9	8,5	267	273
25023	68,83	90,71	131,106	124,77	298	230
25025	66,57	61,63	79,69	111,52	261	298
25026	97,65	48,57	80,78	77,53	293	261
25027	16,6	76,65	9,4	100,83	298	293
25112	14,11	247,237	24,18	432,268	298	298
25113	84,152	186,105	100,52	253,143	298	242
25114	238,208	116,141	338,214	251,198	286	271
25115	10,3	455,343	1,0	670,446	216	256
25116	151,79	215,204	143,118	357,250	216	211
25117	140,76	455,342	139,112	671,446	216	256
25118	140,76	1,1	139,112	1,1	216	211
25119	570,397	255,228	720,531	292,207	298	206
25120	467,399	190,139	595,461	268,208	298	223
25121	422,300	195,207	309,187	135,133	298	298
25125	1,2	676,451	2,0	1318,1079	213	298
25126	1427,1216	49,43	2511,1840	42,30	298	186
25131	6,4	103,119	0,2	66,31	268	269
25133	2706,2530	367,413	2227,1538	318,181	269	298
25134	2713,2540	30,60	2228,1537	11,5	269	239
25137	2,0	88,55	0,0	92,61	250	276
25138	4,0	88,56	0,3	92,62	246	276
25140	52,47	38,27	129,78	66,40	298	278
25141	80,43	42,32	79,77	121,75	298	298
25142	0,0	53,47	1,0	129,77	216	298
25143	29,24	25,11	38,31	23,24	232	189
25144	75,44	112,71	54,41	109,76	298	298
25145	102,77	114,83	62,55	131,73	298	298
25146	19,17	38,31	9,4	47,19	215	228
25151	145,106	233,209	41,22	58,53	298	298
25152	203,156	258,215	58,40	92,70	298	298
25153	234,209	120,89	58,53	36,27	298	223
25154	128,93	241,167	47,21	78,52	223	298
25155	116,86	228,167	60,26	86,47	243	298
25157	52,31	67,93	55,27	107,71	248	298
25158	84,93	16,17	85,80	21,13	298	298
25159	38,48	40,53	69,40	39,31	220	230
25160	14,7	123,72	15,8	145,85	201	264
25161	113,93	33,5	118,86	53,17	298	201
25162	251,221	613,468	136,125	370,287	193	235
25163	107,94	135,107	149,114	164,134	281	252
25164	85,91	126,103	124,96	148,121	240	242
25165	4,4	36,27	1,0	45,25	253	225
25166	4,4	111,105	1,0	144,115	253	296
25167	152,138	74,77	260,168	128,78	246	183
25168	4,4	70,79	4,1	130,77	246	183
25169	155,144	74,77	260,181	128,78	251	183
25170	238,196	241,170	299,219	287,236	259	213
25171	130,127	177,197	235,139	289,245	213	236
25172	135,135	177,197	243,142	289,245	298	236
25173	0,2	3,0	0,0	1,1	278	260
25174	127,127	472,315	132,90	535,403	291	298
25175	5,0	6,6	0,2	25,8	193	298
25180	0,0	4,2	0,1	1,3	213	291
25181	23,19	6,4	33,14	17,8	298	226
25182	12,18	13,18	11,16	23,9	284	298
25183	988,832	477,373	1184,834	604,460	294	219
25184	849,673	477,374	961,779	604,460	220	219
25185	3,0	477,374	0,0	604,460	211	219
25186	1448,1234	480,375	1602,1208	604,460	248	219
25187	1444,1234	671,596	1601,1208	1005,766	248	298
25188	1444,1234	573,495	1601,1208	786,594	248	223
25189	798,763	875,815	793,628	1039,769	298	260
25190	4,0	49,48	2,0	77,66	214	258
25191	0,1	73,54	0,0	86,100	214	280
25192	34,23	77,54	53,33	88,99	258	280
25193	35,22	44,36	54,33	80,48	258	291
25194	11,15	30,23	37,30	29,20	298	298
25195	15,15	2,4	19,26	1,1	248	213
25196	3,2	1,3	0,2	4,4	272	271
25197	459,358	398,346	620,388	450,264	223	236
25198	993,802	390,320	1118,744	475,365	276	223
25199	902,699	880,697	983,727	1020,675	298	276
25200	370,327	530,502	416,308	595,475	240	298
25201	14,2	983,839	0,2	962,815	270	240
25202	438,292	547,507	512,302	720,437	248	259
25203	685,630	498,457	685,564	655,379	298	259
25204	742,686	411,359	754,628	614,391	298	248
25205	350,379	395,407	476,210	393,213	240	250
25206	73,55	118,95	106,86	243,194	230	281
25210	97,106	58,83	79,54	45,24	298	276
25211	1,3	2,3	3,2	7,3	298	298
25212	4,2	2,7	2,0	6,0	230	298
25213	4,3	2,5	2,3	0,1	230	298
25216	225,193	83,44	324,268	99,49	249	191
25219	774,585	1035,946	1291,984	1598,1189	298	298
25220	1018,827	1097,878	1857,1281	1885,1352	290	298
25221	0,2	1097,878	1,0	1885,1352	298	298
25222	4,0	2,5	0,0	7,4	233	298
25225	21,41	55,35	19,13	33,19	226	276
25227	0,1	56,35	0,0	33,19	178	276
25228	12,12	12,4	4,3	9,0	298	298
25229	3,5	18,15	7,6	11,1	222	298
25230	102,85	256,180	95,56	311,263	224	250
25231	100,87	123,98	95,52	206,167	224	207
25232	3,5	256,180	1,1	311,263	184	250
25233	4,4	123,98	2,1	206,167	184	207
25234	60,52	264,192	75,44	319,266	184	250
25235	60,50	53,31	76,41	52,66	184	185
25236	59,52	123,98	69,45	203,167	184	207
25237	63,49	208,221	68,41	328,293	184	269
25238	214,162	55,33	271,177	59,64	250	185
25239	205,144	127,101	259,161	210,170	250	207
25240	73,64	210,219	88,77	328,295	185	269
25241	3,2	259,295	1,1	473,364	269	298
25242	5,2	5,11	0,1	3,6	237	235
25243	54,62	83,76	62,59	86,61	268	298
25244	42,24	63,79	30,31	58,38	269	298
25245	4,2	3,5	1,3	5,2	211	240
25246	260,196	140,80	222,132	98,49	298	298
25247	617,536	4,6	1417,958	3,1	230	298
25248	844,767	591,528	1166,909	803,660	298	268
25249	844,767	637,570	1166,909	867,704	298	273
25250	815,760	13,14	1099,804	2,3	254	222
25251	820,762	428,340	1099,804	630,420	254	222
25252	383,348	957,719	560,368	1304,1020	222	264
25254	327,312	327,325	359,212	407,291	298	298
25256	603,492	127,130	876,671	160,126	219	192
25257	627,538	558,466	831,665	674,474	235	219
25258	19,39	563,446	25,11	859,640	208	203
25260	16,14	28,18	25,14	23,30	298	298
25261	25,20	40,19	29,20	24,24	298	259
25262	156,121	226,163	137,120	324,229	229	298
25263	248,178	243,195	257,167	385,196	298	292
25264	173,129	105,100	277,178	151,102	231	223
25265	80,85	277,236	61,48	285,241	208	297
25266	5,11	112,98	4,6	136,121	230	274
25267	78,36	65,42	69,35	38,40	298	244
25269	57,55	8,9	31,16	10,4	298	298
25270	9,9	52,44	7,5	24,10	291	298
25272	0,1	193,131	1,2	192,135	229	256
25274	109,71	146,130	110,74	200,140	256	298
25275	231,172	26,31	238,180	18,16	298	187
25276	231,171	40,38	236,180	66,44	298	178
25277	9,11	206,160	12,2	306,202	195	218
25296	2,0	403,415	0,0	483,368	201	238
25297	2,0	47,64	0,0	63,59	201	223
25298	5,8	105,89	2,1	96,88	226	262
25299	88,88	34,32	136,84	53,29	263	298
25300	6,5	0,2	10,2	1,1	253	298
25301	6,8	0,2	12,2	1,1	256	298
25302	88,88	67,56	136,84	99,70	263	263
25303	6,5	28,21	10,2	45,37	253	263
25304	6,8	28,21	12,2	45,37	256	263
25305	548,479	738,521	653,474	800,643	298	290
25306	572,434	642,493	751,528	640,527	293	298
25307	382,305	402,332	461,327	660,385	238	258
25313	1,0	27,14	0,0	27,11	298	271
25316	2,0	191,192	1,2	271,151	280	282
25318	0,1	13,5	3,0	6,5	298	265
25322	3,12	16,22	0,2	9,12	298	249
25324	29,29	50,31	35,28	30,37	240	293
25325	0,2	65,44	0,0	70,47	214	297
25326	49,28	10,11	92,53	22,16	298	269
25328	0,2	2,2	0,0	2,1	218	242
25329	5,4	2,2	9,2	3,1	193	242
25330	3,2	1,2	5,2	3,1	218	263
25331	59,41	39,33	127,80	69,54	229	210
25332	13,19	72,97	13,4	91,58	208	243
25333	150,151	11,7	103,93	4,3	280	242
25334	124,107	11,11	83,71	11,4	280	219
25335	134,110	2,6	91,72	1,1	280	219
25336	1,4	26,17	0,0	16,16	251	242
25337	13,24	59,41	8,11	35,49	219	298
25338	10,12	30,22	14,13	40,28	279	259
25339	10,12	6,4	14,13	3,5	279	298
25340	10,14	35,31	15,18	61,33	279	259
25341	10,14	6,0	15,18	0,0	279	279
25342	10,14	11,6	15,18	6,9	279	298
25343	30,22	6,4	40,28	3,5	259	298
25344	35,31	6,0	61,33	0,0	259	279
25345	35,31	11,6	61,33	6,9	259	298
25346	10,5	3,2	18,5	3,0	259	192
25347	5,3	2,0	6,5	0,0	298	199
25348	6,0	11,6	0,0	6,9	279	298
25349	5,0	2,2	0,0	2,0	279	192
25350	117,103	90,42	164,120	105,69	270	233
25351	113,96	164,103	123,104	133,94	298	267
25352	70,44	100,79	98,72	119,67	230	298
25353	105,74	64,59	102,72	81,68	291	230
25354	28,17	112,82	26,20	136,108	192	291
25355	169,153	273,231	251,180	382,217	298	298
25359	192,136	60,45	208,151	62,41	298	239
25360	42,91	326,306	28,20	215,116	291	298
25361	42,91	325,303	28,20	215,116	291	298
25362	117,119	131,153	109,82	137,71	250	220
25363	34,28	29,41	18,16	21,17	245	298
25364	31,26	27,42	17,21	21,16	293	298
25365	30,23	34,16	18,22	20,11	293	245
25366	1,3	443,322	14,9	1017,799	211	298
25367	69,48	107,103	83,59	173,107	253	298
25369	211,172	156,107	363,209	147,148	298	298
25370	190,162	170,104	332,193	184,166	298	298
25371	41,29	318,228	32,37	399,339	230	275
25372	153,126	183,162	106,83	185,97	298	298
25373	5,2	197,170	0,0	169,132	298	297
25374	133,121	198,173	114,115	174,133	298	297
25375	195,149	220,182	185,119	152,113	298	298
25376	2908,2358	3726,3814	3839,2923	2451,1915	222	298
25377	762,920	3949,3297	417,230	4591,3682	209	254
25378	776,924	5632,5008	417,232	6697,5048	209	298
25379	818,635	612,508	968,679	740,543	284	298
25380	818,635	391,389	968,679	468,344	284	289
25381	249,236	791,650	115,84	975,720	298	236
25382	14,18	38,25	14,9	28,9	215	219
25383	395,340	368,323	608,393	508,345	266	242
25384	3,1	368,323	4,3	508,345	298	242
25385	11,19	367,325	22,14	508,345	266	242
25386	201,170	528,404	278,197	792,560	212	266
25387	47,46	287,230	55,49	458,317	263	212
25388	553,454	287,230	880,648	458,317	298	212
25389	13,23	291,231	29,19	458,316	298	212
25390	343,328	459,406	394,297	679,443	298	298
25391	0,1	459,406	0,1	679,443	298	298
25392	314,235	542,434	409,311	853,630	268	298
25393	488,423	263,248	605,471	283,209	283	268
25394	138,123	364,295	186,136	488,372	208	283
25395	778,696	41,33	1185,886	38,31	264	298
25396	333,264	373,299	349,220	472,337	298	257
25397	68,53	164,116	121,78	269,191	225	298
25398	0,4	194,167	0,2	308,230	223	284
25399	63,43	206,153	70,51	317,188	223	298
25400	184,133	191,167	173,167	307,230	298	284
25401	188,133	46,35	171,167	61,56	298	194
25402	365,300	611,519	383,271	638,485	225	267
25403	768,615	612,519	756,527	637,485	298	267
25404	581,488	687,601	673,547	851,606	267	298
25405	688,604	836,583	852,606	909,653	295	298
25406	708,521	836,585	850,630	910,653	298	298
25407	735,564	470,468	854,606	397,328	298	269
25408	735,564	4,3	854,606	3,0	298	269
25409	744,527	226,202	826,584	218,166	269	223
25410	287,257	507,460	241,195	631,441	223	298
25411	485,471	6,12	436,350	8,7	298	284
25412	485,471	187,133	436,350	233,177	298	194
25413	6,12	187,133	8,7	233,177	284	194
25414	81,90	45,67	67,43	31,5	298	298
25415	0,0	0,2	1,0	0,0	157	176
25421	2,3	220,197	1,0	327,228	219	298
25422	210,174	391,273	292,204	617,410	255	296
25423	353,267	5,10	427,318	4,3	298	298
25424	353,267	383,288	427,318	582,401	298	298
25425	94,48	105,108	120,86	131,81	241	239
25426	72,44	109,112	96,91	133,82	208	239
25427	70,47	81,74	97,92	94,62	208	241
25428	34,21	33,27	36,24	39,26	196	211
25429	73,93	29,15	84,62	39,22	231	196
25430	31,22	87,53	20,6	72,43	298	298
25431	3033,2856	2415,2028	3305,1729	2698,2064	298	257
25432	1715,1413	3728,3200	1926,1527	3827,2983	206	281
25433	4362,3676	3723,3199	4534,3560	3825,2982	293	281
25434	4367,3678	603,573	4535,3561	736,558	293	206
25435	3073,2768	4540,3633	3012,2324	4614,3537	298	293
25436	22,16	38,33	19,8	33,39	251	260
25437	25,19	21,25	14,26	29,21	260	254
25438	33,46	1,3	60,32	3,1	260	240
25439	23,19	22,26	46,20	45,25	298	298
25440	2,1	0,0	4,0	1,2	298	236
25441	4,2	2,2	6,0	2,3	298	236
25445	63,38	0,2	79,58	0,0	241	241
25448	27,23	1,2	72,65	4,2	220	249
25449	82,62	132,105	193,159	285,212	220	220
25450	28,34	89,58	61,43	136,118	257	246
25451	172,132	129,94	220,152	112,99	298	278
25452	615,535	416,322	865,587	586,414	252	244
25453	5,5	826,794	0,0	1012,656	204	298
25454	3,5	6,18	3,1	9,3	235	298
25455	3,5	6,16	3,1	8,2	235	284
25456	3,5	6,19	3,1	9,3	235	298
25457	3,5	6,16	3,1	8,2	235	284
25460	3475,3097	5702,4678	4085,3373	8976,6637	245	298
25461	6520,5647	1734,1909	9454,7238	2007,1412	298	275
25462	5366,4358	3330,3499	8423,6211	3382,2378	275	298
25463	2103,2261	1136,1168	2583,1855	963,679	298	184
25464	11,14	1136,1168	9,13	963,679	292	184
25466	30,32	31,42	34,27	52,27	298	243
25467	155,150	179,180	122,125	111,64	253	298
25468	135,119	179,180	125,79	110,64	277	298
25469	116,127	180,185	107,87	152,101	247	253
25470	4,3	173,175	1,0	160,141	298	277
25471	112,76	232,170	175,129	305,226	248	298
25472	97,101	174,183	94,72	139,157	242	298
25473	105,103	106,84	138,93	118,92	253	242
25474	149,161	102,103	201,164	112,63	298	253
25475	53,71	138,126	97,78	145,144	269	298
25476	50,68	7,3	87,78	1,0	269	183
25477	52,66	15,20	88,78	23,15	269	183
25480	21,10	9,12	27,11	13,8	258	275
25485	15,46	14,28	18,7	27,21	247	298
25486	15,46	10,25	18,7	17,16	247	272
25487	9,33	13,12	12,7	34,30	247	268
25489	2,0	91,51	1,0	169,107	272	206
25490	66,42	14,11	68,60	6,8	298	298
25491	78,40	14,11	46,45	6,8	273	298
25492	5,4	253,232	23,17	292,282	268	252
25493	0,0	17,22	2,2	46,30	226	268
25496	0,3	15,6	8,0	16,18	267	225
25497	1,0	85,80	6,0	97,81	228	225
25498	9,2	4,2	4,5	3,2	233	233
25499	116,114	93,73	160,112	84,66	298	260
25500	3,0	55,65	1,0	89,53	298	298
25502	0,2	2,1	4,4	3,5	298	298
25503	0,1	0,0	0,0	2,5	298	285
25504	0,1	2,0	0,0	3,4	298	298
25505	72,78	31,16	75,46	44,31	298	233
25506	47,32	54,55	77,54	133,92	247	298
25507	315,249	81,69	355,244	72,39	298	238
25508	212,167	2,6	227,119	1,2	298	298
25509	213,169	200,149	226,119	130,126	298	298
25510	113,107	169,121	150,111	143,95	261	247
25511	200,219	140,97	226,159	180,101	298	261
25512	152,139	141,128	164,108	201,141	261	298
25513	89,79	75,60	111,98	126,110	257	298
25514	35,35	93,77	76,45	119,97	235	265
25515	37,38	95,70	77,47	75,60	235	232
25516	17,20	2,1	10,10	0,2	254	298
25519	417,322	305,246	559,508	440,294	273	262
25520	510,363	3,1	868,661	0,3	241	290
25521	510,363	282,264	868,661	319,260	241	212
25522	634,539	711,638	1090,803	1289,900	298	287
25523	350,257	0,1	564,436	0,0	244	298
25524	350,259	598,507	564,436	1086,773	244	298
25525	223,184	297,279	399,315	471,331	213	244
25526	4,1	297,288	1,1	475,331	298	244
25527	0,4	14,7	1,2	9,8	202	298
25529	60,57	179,157	84,61	300,222	194	298
25532	21,15	31,14	36,21	52,43	229	254
25533	0,0	90,57	3,4	87,57	236	245
25534	5,5	7,13	18,7	5,9	248	243
25535	1,3	5,4	0,0	9,5	243	269
25536	4,10	0,1	11,7	2,1	243	269
25537	29,38	33,31	18,22	17,10	253	285
25538	34,32	41,42	13,10	17,21	285	261
25539	13,10	16,23	13,8	12,10	227	276
25540	35,26	43,41	25,10	25,25	298	298
25541	33,27	22,24	87,50	49,39	269	210
25568	185,182	131,102	221,171	218,165	280	280
25569	111,104	119,125	158,127	116,92	248	242
25570	60,74	158,125	71,77	196,157	219	248
25571	143,81	90,100	124,64	95,71	286	279
25572	90,52	52,39	98,60	48,31	279	218
25573	86,58	93,72	87,61	89,55	274	270
25574	78,75	108,100	108,70	123,77	275	298
25575	179,148	123,107	229,142	141,73	298	298
25576	61,62	46,28	76,46	59,28	298	298
25577	158,103	3,7	205,106	5,6	261	298
25578	227,150	17,10	278,250	11,25	294	294
25579	105,75	17,10	115,94	11,25	298	294
25580	277,228	295,260	387,260	410,252	259	297
25581	559,383	248,221	729,467	239,164	298	259
25582	124,101	280,296	161,95	292,261	237	298
25583	184,155	119,97	238,174	187,114	258	237
25585	138,103	67,49	100,104	71,60	298	298
25586	0,1	2,0	1,0	0,0	272	298
25593	3,0	0,0	0,0	4,3	224	212
25599	131,131	357,334	143,73	527,322	265	298
25600	0,0	29,19	0,1	46,25	298	231
25601	12,14	54,43	27,18	43,34	199	190
25602	34,52	360,297	50,15	509,323	298	298
25603	111,95	63,74	54,38	58,33	241	261
25604	89,61	122,113	72,36	105,65	226	266
25605	91,57	89,96	73,36	67,38	226	255
25606	65,44	91,65	52,26	67,32	233	226
25607	61,57	95,66	82,65	119,92	183	200
25608	82,95	2,8	126,77	10,4	224	238
25609	2,0	92,55	0,0	180,120	238	235
25610	4,4	93,56	2,2	180,120	238	235
25611	2,0	78,76	8,6	159,113	294	220
25612	94,68	78,76	204,145	159,113	273	220
25613	6,1	78,76	16,13	159,113	219	220
25614	11,16	79,90	9,5	60,40	298	298
25615	11,15	2,0	9,4	0,7	298	298
25616	11,17	1,1	9,4	0,0	298	298
25617	15,17	45,42	10,5	78,46	298	220
25618	12,13	3,1	26,18	0,6	220	245
25619	12,13	58,74	26,18	67,34	220	262
25620	3,1	58,74	0,6	67,34	245	262
25621	57,56	59,74	41,36	67,41	245	262
25622	5,4	11,6	3,3	9,7	282	293
25623	226,191	163,109	350,261	165,149	298	269
25624	1,2	131,134	0,3	198,163	224	298
25625	77,80	131,134	131,76	198,163	229	298
25626	135,139	1,4	230,183	1,0	234	218
25627	17,18	87,68	9,25	133,112	251	298
25628	50,40	87,68	66,47	133,112	228	298
25629	50,40	17,18	66,47	9,25	228	251
25630	9,3	9,5	11,8	4,9	234	251
25631	51,41	71,60	68,46	91,82	228	251
25632	8,7	62,47	13,10	85,64	234	251
25633	115,141	114,93	144,101	118,88	298	248
25634	131,102	198,181	150,128	190,155	215	290
25635	125,137	119,92	189,136	114,85	244	215
25636	3,4	0,0	1,3	1,0	220	257
25637	35,21	48,45	55,47	58,52	257	242
25638	4,7	3,1	13,3	1,4	176	298
25639	4,2	6,5	3,1	14,8	176	230
25640	473,417	156,119	902,658	256,177	298	211
25641	278,200	522,397	442,324	813,635	242	298
25642	33,43	2983,2273	54,15	4362,3302	221	267
25643	1883,1697	1698,1316	2439,1795	2849,2143	267	212
25644	1061,798	4463,3384	1493,1249	6898,5197	212	298
25645	245,203	238,210	276,157	309,204	278	298
25646	132,102	37,27	174,145	29,10	242	279
25647	186,150	187,109	328,223	243,214	248	256
25648	166,176	7,5	215,151	4,15	228	218
25649	2,0	0,0	0,2	0,6	225	296
25650	0,0	0,3	4,0	0,0	298	233
25651	0,0	0,3	0,1	0,0	219	233
25660	3,4	27,25	3,2	12,22	200	222
25661	1,4	133,116	0,1	68,75	298	298
25662	106,104	133,116	83,44	68,75	286	298
25663	366,265	360,270	584,434	333,278	266	239
25664	137,132	288,242	203,121	493,306	202	233
25665	374,282	349,307	569,380	529,366	277	298
25666	226,195	179,157	265,205	235,176	223	245
25667	359,246	174,164	494,421	288,202	298	223
25668	106,75	104,77	130,84	151,117	259	284
25669	48,44	44,41	71,42	50,38	290	298
25670	24,25	31,18	45,32	41,24	298	244
25671	17,12	195,189	8,3	259,163	240	267
25678	321,262	248,213	380,267	321,218	298	254
25679	141,133	243,208	158,112	320,218	298	254
25680	310,282	214,142	361,218	265,179	298	298
25681	285,263	509,529	658,409	916,669	253	298
25682	9,4	89,39	12,1	96,51	181	298
25686	8,6	7,11	7,3	11,13	286	278
25687	13,6	11,12	18,19	33,17	270	298
25688	13,6	12,12	18,19	36,17	270	278
25689	13,4	14,20	13,14	25,9	278	267
25690	282,237	150,118	338,240	185,138	283	298
25691	67,35	172,130	65,50	166,122	191	250
25694	3,4	40,33	3,0	23,19	278	182
25695	37,23	16,9	25,18	12,10	278	182
25696	1,0	17,10	0,0	10,9	278	182
25697	49,45	53,55	38,20	48,32	278	278
25698	19,22	17,22	13,7	22,14	278	278
25699	68,50	17,22	45,39	22,14	298	278
25700	68,50	19,22	45,39	13,7	298	278
25701	44,29	2,1	46,33	4,3	298	298
25702	43,27	38,32	46,33	29,20	298	298
25703	2,0	36,32	2,0	27,18	298	298
25704	43,27	32,23	46,33	27,13	298	298
25705	16,6	1,2	2,13	0,0	212	298
25706	15,14	70,49	21,19	45,38	253	298
25707	2,0	68,49	1,0	43,38	253	298
25708	16,6	68,49	2,13	43,38	212	298
25709	16,6	2,0	2,13	1,0	212	253
25710	18,6	25,20	4,13	33,28	212	253
25711	97,72	68,46	147,106	135,85	249	240
25712	124,94	68,45	150,95	139,85	298	240
