ID	IJC_SAMPLE_1	SJC_SAMPLE_1	IJC_SAMPLE_2	SJC_SAMPLE_2	IncFormLen	SkipFormLen
32	4,1	0,1	5,2	0,0	189	149
33	20,10	0,1	10,6	0,0	218	149
34	35,13	0,1	26,36	0,0	507	149
35	17,9	1,0	9,4	4,0	178	149
36	32,12	1,0	25,34	4,0	467	149
37	24,9	9,6	21,32	5,2	438	149
38	16,7	0,1	10,9	0,0	292	149
39	17,10	0,1	17,15	0,0	331	149
40	19,12	0,1	27,20	0,0	333	149
41	13,6	1,0	9,7	4,0	252	149
42	14,9	1,0	16,13	4,0	291	149
43	16,11	1,0	26,18	4,0	293	149
44	5,3	9,6	5,5	5,2	223	149
45	6,6	9,6	12,11	5,2	262	149
46	8,8	9,6	22,16	5,2	264	149
50	12,5	0,1	6,7	0,0	241	149
51	48,46	0,1	51,53	0,0	900	149
52	9,4	1,0	5,5	4,0	201	149
53	45,45	1,0	50,51	4,0	860	149
54	1,1	9,6	1,3	5,2	172	149
55	37,42	9,6	46,49	5,2	831	149
58	17,3	1,2	9,20	10,4	323	149
63	2,3	31,14	2,2	16,13	176	149
70	12,6	0,1	10,5	0,0	161	149
80	0,1	5,1	0,0	2,1	187	149
81	0,2	5,1	4,1	2,1	160	149
84	0,1	5,1	0,0	2,1	205	149
85	0,1	5,1	0,0	2,1	183	149
89	0,0	3,0	0,1	1,6	152	149
95	0,0	5,1	3,2	1,2	1200	149
96	0,0	5,1	3,2	1,2	370	149
99	0,0	5,1	3,2	1,2	206	149
101	0,0	5,1	3,1	1,2	177	149
102	0,0	5,1	3,1	1,2	166	149
116	0,2	2,0	0,4	1,0	160	149
154	6,16	0,6	14,3	7,1	152	149
155	4,11	24,49	3,2	19,15	170	149
156	8,5	62,75	2,0	94,83	204	149
157	41,19	62,75	7,15	94,83	363	149
158	40,19	7,5	7,15	2,0	308	149
159	5,0	29,37	2,2	56,29	169	149
160	6,1	374,325	0,0	341,222	196	149
161	2058,2135	2,0	1443,1146	0,0	804	149
162	3,3	1031,1084	6,3	996,553	166	149
164	140,149	503,409	83,83	939,718	1283	149
166	72,66	39,24	66,57	34,19	209	149
167	64,64	30,36	150,92	94,43	152	149
172	202,166	1,2	269,179	4,0	315	149
173	18,17	2,3	12,5	6,2	191	149
174	12,2	0,1	8,4	0,0	185	149
180	0,0	6,7	0,1	40,23	169	149
184	739,563	59,29	944,636	40,57	2559	149
185	124,97	19,13	115,90	24,23	155	149
186	23,21	5,1	29,29	2,7	230	149
187	38,44	119,75	55,44	216,115	230	149
189	62,47	2,0	51,46	4,2	253	149
191	0,1	0,0	0,0	1,0	152	149
192	136,134	0,2	204,144	0,0	151	149
195	16,11	0,0	17,7	2,0	195	149
196	85,95	87,56	145,112	123,60	169	149
197	304,240	87,56	423,321	123,60	200	149
198	229,161	10,16	286,215	8,6	180	149
199	112,122	576,481	200,150	788,611	169	149
200	778,562	576,481	946,743	788,611	200	149
201	703,483	37,43	809,637	63,44	180	149
202	45,49	24,15	36,31	27,10	509	149
210	6,4	0,6	2,4	0,3	152	149
213	9,6	0,0	11,8	2,0	152	149
214	4,2	14,20	0,5	17,8	185	149
215	3,10	4,4	5,8	2,2	154	149
218	5,17	7,8	25,15	3,2	152	149
242	0,2	51,53	1,3	108,88	170	149
243	9,2	3,1	3,3	0,0	153	149
244	69,52	0,0	66,51	1,0	155	149
247	2,0	0,0	2,0	2,0	153	149
249	4,0	2,0	0,3	0,0	152	149
250	63,55	0,0	60,56	2,0	335	149
251	142,143	2,0	229,167	0,1	736	149
252	253,219	2,0	410,312	0,0	990	149
253	79,88	2,0	171,111	0,1	550	149
254	190,164	2,0	352,256	0,0	804	149
255	113,76	2,0	181,146	0,0	403	149
257	250,217	0,0	408,323	0,2	804	149
258	139,141	4,2	227,178	1,1	550	149
260	4,14	6,2	10,10	2,1	193	149
261	28,15	1,0	10,9	2,0	188	149
262	5,5	1,0	1,7	2,0	235	149
268	11,7	25,35	11,14	67,65	949	149
269	4,1	2,2	4,3	4,4	257	149
270	42,33	0,3	78,41	0,2	152	149
271	0,0	0,3	5,2	0,2	156	149
272	0,0	42,33	3,2	76,41	153	149
273	45,37	0,0	56,48	1,0	155	149
279	504,415	55,39	446,340	37,20	179	149
280	4679,4157	1,3	2787,2043	4,0	3489	149
289	75,47	34,34	48,41	21,31	225	149
290	213,185	34,34	213,164	21,31	412	149
291	1803,1666	34,34	1694,1227	21,31	2134	149
292	145,138	7,0	165,124	0,1	336	149
293	1735,1619	7,0	1646,1187	0,1	2058	149
294	1592,1481	2,0	1483,1064	2,1	1871	149
295	1473,1420	0,0	1330,926	2,0	3240	149
305	144,167	52,43	287,166	136,65	152	149
307	0,3	3,0	2,0	0,0	400	149
308	300,277	85,94	326,247	87,58	152	149
313	96,103	2,2	96,54	0,1	199	149
314	13,6	1,7	4,3	2,5	194	149
315	10,3	14,9	3,0	18,3	164	149
316	281,240	6,12	223,169	23,8	167	149
317	169,135	6,12	87,38	23,8	471	149
318	135,113	247,218	59,25	195,156	453	149
321	257,232	2,2	229,148	0,0	155	149
322	26,27	0,1	19,5	0,0	167	149
323	26,30	0,1	22,6	0,0	170	149
324	284,257	0,1	242,186	0,0	182	149
328	3,4	334,300	3,2	257,208	198	149
329	312,265	0,5	333,220	0,0	151	149
330	10,10	0,5	8,11	0,0	181	149
331	8,6	310,261	1,5	326,214	179	149
332	327,265	1,0	336,222	0,0	194	149
333	3,7	203,233	8,4	154,79	278	149
334	205,235	3,0	157,84	0,0	157	149
336	3,8	245,208	1,2	284,160	176	149
338	86,86	10,11	155,135	18,17	196	149
339	55,52	10,11	75,58	18,17	667	149
340	34,39	65,73	32,16	112,93	620	149
343	50,84	0,10	18,10	0,1	161	149
344	216,203	109,76	339,228	164,85	155	149
345	233,220	0,1	361,233	0,0	166	149
346	126,93	0,1	186,90	0,0	160	149
348	1365,1203	3,1	1420,1119	0,1	279	149
349	2449,2161	8,7	2519,1943	2,8	279	149
350	0,0	0,1	0,2	2,2	156	149
356	1648,1185	0,2	2098,1484	0,0	1777	149
357	164,104	1364,1047	118,76	1886,1372	1494	149
358	191,133	24,26	141,95	48,31	1497	149
359	1391,1076	24,26	1909,1391	48,31	152	149
360	86,60	0,0	95,62	1,0	442	149
361	1331,1180	0,0	1682,1177	1,0	1442	149
362	1218,1101	1,0	1648,1104	1,0	154	149
365	884,754	27,27	1056,772	6,2	442	149
366	1114,973	2,0	1491,1041	0,0	373	149
368	1043,935	0,4	1309,925	0,0	605	149
369	590,554	274,270	791,430	309,180	152	149
370	611,561	49,38	794,441	3,3	477	149
371	1547,1213	1,0	1725,1275	0,0	369	149
372	2282,1971	7,3	2469,1800	0,0	369	149
373	18,11	7,6	34,27	1,0	164	149
374	88,69	125,102	129,107	152,120	164	149
376	29,42	30,45	16,19	45,24	1341	149
379	38,34	0,0	41,41	0,4	945	149
384	0,4	4,0	3,0	0,0	178	149
385	16,18	17,13	21,13	25,24	152	149
386	1963,1477	50,43	3237,2466	62,59	176	149
387	137,142	13,11	108,68	2,13	160	149
388	28,16	0,1	7,6	0,1	160	149
389	300,233	13,16	135,130	12,6	263	149
390	52,42	1,3	70,42	0,0	179	149
391	83,52	0,0	93,55	1,1	236	149
393	152,154	1,3	241,204	0,0	325	149
394	258,205	0,4	311,229	0,0	327	149
395	95,94	76,45	102,80	67,64	813	149
396	114,106	41,36	108,88	112,64	813	149
397	259,206	11,6	298,200	0,1	1927	149
398	133,125	2,0	194,146	0,5	1076	149
399	17,16	8,1	11,13	2,2	311	149
400	18,17	1,2	11,13	4,1	314	149
401	9,2	1,2	2,2	4,1	152	149
403	106,86	10,13	96,64	13,9	476	149
406	172,143	0,2	277,193	1,0	152	149
407	235,194	0,1	347,235	0,0	204	149
408	63,53	0,1	71,42	0,0	201	149
409	451,339	167,116	440,267	174,142	1761	149
410	453,341	1,0	445,271	0,0	1763	149
411	169,118	1,0	179,146	0,0	151	149
419	23,26	6,2	38,18	9,5	152	149
420	3,3	2,2	5,2	0,2	153	149
423	41,11	1,1	27,21	3,0	291	149
424	41,11	1,0	27,21	2,0	294	149
425	1,1	1,0	3,0	2,0	152	149
426	8,2	3,2	2,3	5,4	152	149
428	0,0	7,9	0,2	3,1	845	149
433	1,0	10,10	5,0	5,4	152	149
434	11,5	234,227	8,7	252,187	152	149
435	21,24	206,225	16,6	178,98	152	149
436	2,3	138,158	4,0	95,54	170	149
437	68,109	2,0	39,26	0,0	153	149
438	29,39	1,0	6,1	0,0	329	149
439	47,45	2,3	37,15	0,2	180	149
440	1,12	2,2	2,0	2,0	180	149
441	6,4	66,58	2,0	51,36	179	149
442	6,15	71,75	5,8	47,50	211	149
443	3,1	76,80	6,3	27,46	165	149
447	2,0	1,0	3,1	0,0	153	149
448	124,120	61,71	151,127	58,40	204	149
449	125,120	24,17	154,128	28,13	208	149
450	62,71	24,17	61,41	28,13	153	149
452	0,1	2,4	5,4	0,0	152	149
455	205,126	4,3	303,201	2,0	205	149
456	7,9	1,0	4,2	2,2	323	149
457	7,11	1,0	4,1	0,0	323	149
458	1,6	0,1	4,1	0,0	160	149
459	1,2	90,51	0,2	89,86	200	149
460	1,4	6,8	2,2	12,8	205	149
461	90,53	6,8	91,86	12,8	154	149
466	14,11	215,213	3,4	378,278	309	149
468	0,1	0,1	0,0	1,0	165	149
469	44,28	25,30	28,20	25,9	182	149
471	0,2	0,3	0,0	2,0	192	149
473	102,93	13,7	143,112	3,0	463	149
474	26,21	224,193	27,25	308,263	329	149
475	291,266	0,2	515,356	0,0	219	149
476	860,764	3,0	1398,1008	0,0	219	149
477	64,53	0,0	25,42	2,0	1033	149
478	51,44	538,531	27,27	901,671	687	149
481	80,62	2,0	93,56	0,0	524	149
483	670,733	3,3	915,771	0,0	762	149
484	10,10	144,144	9,2	224,161	191	149
487	250,360	5,4	278,189	8,11	239	149
488	272,223	4,1	333,246	1,0	3390	149
489	627,520	1,1	784,607	0,0	3390	149
490	269,225	1,0	333,245	0,0	3390	149
491	41,18	382,324	31,23	595,446	334	149
492	529,427	2,0	632,527	0,0	1642	149
493	553,469	3,9	578,408	3,2	263	149
494	3,7	49,73	2,3	35,12	212	149
495	30,17	2,3	22,13	1,1	266	149
496	52,41	163,151	41,30	282,203	266	149
498	34,18	346,268	37,16	493,286	214	149
499	15,12	4,8	22,8	3,1	214	149
500	1,0	1,1	1,0	0,0	216	149
501	13,4	37,19	15,14	27,8	317	149
502	2,4	9,8	0,0	14,5	173	149
503	0,0	2,0	0,1	0,1	153	149
504	120,100	2,0	100,80	2,0	154	149
506	3,3	27,24	0,0	30,19	215	149
507	389,367	1,0	430,324	1,3	302	149
510	196,189	2,0	209,139	2,0	154	149
515	0,1	15,10	0,3	22,13	178	149
516	4,2	158,112	0,3	159,153	178	149
517	223,159	1,2	266,171	1,2	172	149
518	6,6	67,79	1,3	42,29	378	149
521	1,1	42,32	2,1	32,19	168	149
523	23,23	7,9	48,27	11,6	176	149
524	37,34	0,6	72,49	0,1	271	149
525	21,20	0,6	35,28	0,1	244	149
526	2,0	43,48	1,6	59,52	232	149
527	37,28	0,0	29,35	0,5	154	149
528	3,2	18,14	1,5	23,32	219	149
529	432,336	9,5	445,294	4,0	263	149
530	21,46	56,55	43,44	121,74	214	149
531	793,927	0,0	670,460	0,1	1137	149
532	14,11	165,173	5,4	159,109	231	149
533	244,218	4,7	386,258	7,1	218	149
534	289,249	23,14	227,194	16,14	152	149
535	293,226	13,22	276,163	12,4	164	149
536	3,5	31,28	2,0	27,9	198	149
537	37,42	13,13	34,27	10,9	267	149
538	65,65	13,13	59,36	10,9	218	149
540	101,100	8,1	230,171	4,8	182	149
542	21,17	0,0	13,17	3,0	767	149
559	0,1	150,116	1,1	130,95	210	149
561	1,0	2,2	1,0	3,9	260	149
564	35,27	259,328	48,41	372,276	152	149
568	2,0	1,3	0,0	4,1	587	149
572	15,23	0,0	18,18	1,0	242	149
573	25,28	2,1	20,25	0,1	242	149
574	16,24	2,1	13,18	0,1	245	149
575	14,22	2,1	13,20	0,1	266	149
576	2,3	11,7	0,0	7,7	152	149
577	0,1	11,7	0,2	7,7	173	149
578	0,1	2,3	0,2	0,0	170	149
579	14,21	0,1	13,18	0,0	242	149
580	14,21	0,1	13,18	0,0	245	149
583	28,22	0,1	16,21	0,1	242	149
584	14,21	0,1	13,18	0,1	245	149
586	9,19	6,1	11,5	10,0	267	149
591	188,135	0,4	172,146	0,0	457	149
592	19,12	10,7	7,7	1,4	163	149
593	6,7	0,0	4,0	2,0	157	149
594	121,145	0,0	98,72	2,0	205	149
595	117,140	2,2	96,72	2,0	197	149
599	2,2	162,159	1,0	154,83	530	149
601	136,156	1,0	116,64	0,0	653	149
602	13,8	112,110	9,7	90,58	276	149
603	43,42	0,0	15,9	1,0	192	149
618	5210,4603	2,0	4861,3642	0,0	3644	149
619	15,17	0,0	27,7	2,0	484	149
620	19,36	2,1	66,21	1,2	181	149
621	4,3	49,46	5,3	62,62	203	149
622	106,94	1,2	92,52	2,0	153	149
623	8,4	53,56	4,6	69,42	226	149
624	10,16	21,25	10,4	22,13	685	149
625	20,52	69,116	21,8	40,31	979	149
626	31,61	69,116	33,17	40,31	443	149
628	35,37	1149,1075	66,37	1534,1007	207	149
630	146,93	0,0	148,105	1,1	242	149
632	765,641	26,23	1066,789	14,20	2845	149
636	2,2	104,119	1,0	163,123	837	149
647	59,47	2,0	29,19	0,0	590	149
648	10,13	6,12	0,2	8,8	318	149
649	33,32	12,27	42,29	31,20	229	149
653	0,1	0,1	0,1	0,0	152	149
657	1,1	0,0	0,0	0,2	221	149
660	14,17	1,2	11,10	3,3	203	149
669	15,23	0,1	6,4	0,0	286	149
671	57,37	290,292	0,0	1,4	168	149
672	582,481	1,1	5,4	0,0	173	149
677	1106,858	18,8	835,650	19,13	1483	149
678	44,46	14,15	96,38	15,12	154	149
679	3161,2507	3,0	3585,2658	3,0	3214	149
685	15,8	160,186	5,5	189,150	343	149
687	93,87	2,2	36,30	0,0	154	149
688	6,9	0,0	8,2	2,0	198	149
689	6,10	2,2	8,2	3,1	198	149
690	12,17	21,20	14,8	26,9	198	149
693	10,9	728,647	14,5	1503,1170	166	149
694	144,94	210,208	128,69	171,135	202	149
695	2,2	2,0	6,2	0,0	195	149
696	102,66	61,43	181,102	87,58	152	149
697	313,236	0,0	389,234	1,0	650	149
715	12,11	0,0	4,3	1,0	179	149
716	26,0	1,3	11,10	0,0	1089	149
717	1,0	0,0	0,0	0,1	176	149
718	1,1	0,0	0,0	0,1	272	149
720	5,6	0,2	0,3	0,0	994	149
744	17,14	165,135	15,4	150,82	209	149
745	17,16	64,97	26,16	27,23	937	149
746	27,17	95,83	9,4	100,58	255	149
747	1,2	3,1	0,0	0,2	227	149
748	2,4	96,61	2,1	136,63	299	149
749	4,3	96,61	2,3	136,63	221	149
750	74,95	2,1	89,34	0,2	206	149
751	6,0	22,31	2,0	9,11	202	149
754	11,16	2,0	4,0	3,0	289	149
756	375,470	16,4	410,365	4,6	155	149
758	18,17	1,0	5,3	0,0	302	149
761	7,8	1127,1000	15,5	1824,1373	188	149
769	1,2	0,0	5,0	2,0	169	149
770	80,72	1,0	95,82	0,0	184	149
771	156,161	2,6	165,125	1,1	184	149
782	9,5	408,362	3,0	616,405	273	149
783	180,137	0,0	316,282	2,1	204	149
789	2,0	8,7	2,0	4,6	232	149
796	266,179	0,0	161,124	0,1	154	149
798	16,12	782,674	18,7	548,397	188	149
799	16,13	861,766	21,21	1100,869	319	149
800	1505,1324	2,0	1614,1086	0,0	2731	149
801	792,647	0,2	1035,811	2,0	336	149
802	1300,1106	2,0	1716,1244	3,0	155	149
803	189,173	990,826	262,184	1398,1124	167	149
810	629,552	196,224	932,702	387,269	224	149
811	225,186	3,3	379,268	5,1	224	149
813	258,203	0,2	292,256	0,0	161	149
814	105,130	0,3	160,111	3,2	155	149
815	106,102	18,20	136,103	26,26	178	149
817	28,41	118,95	20,10	166,153	200	149
818	6,6	0,5	2,1	2,5	154	149
821	1,2	40,49	1,0	40,24	221	149
822	24,23	99,112	5,8	32,28	207	149
823	3,9	1,0	5,4	0,1	164	149
824	6,5	0,1	0,1	0,0	164	149
825	3,7	0,3	1,1	0,0	164	149
826	7,7	2,5	0,1	0,0	164	149
827	6,4	43,43	5,4	15,6	165	149
828	43,37	4,1	26,15	0,0	206	149
829	80,76	4,1	36,17	0,0	190	149
830	5,4	23,25	5,5	22,23	165	149
831	42,37	1,0	26,16	0,0	206	149
832	60,58	1,0	43,34	0,0	190	149
833	1,0	39,44	1,0	44,37	162	149
834	8,4	39,44	6,1	44,37	247	149
836	58,42	5,0	50,43	4,3	297	149
839	3,4	48,41	1,0	46,42	218	149
852	41,29	0,0	76,40	2,0	151	149
866	2,1	58,83	2,5	117,58	186	149
868	43,62	1,0	48,46	0,0	164	149
870	846,659	644,542	595,512	503,355	167	149
871	127,88	644,542	115,123	503,355	202	149
872	12,12	731,583	2,11	482,400	184	149
873	124,83	32,27	115,113	6,5	167	149
874	1289,1052	35,24	1191,891	23,21	152	149
875	0,1	1332,1086	2,1	1189,929	173	149
876	84,68	33,26	28,29	14,4	973	149
877	1759,1487	0,2	1577,1079	0,0	2019	149
880	9,12	444,338	14,7	687,438	172	149
881	9,14	2,0	14,7	0,2	172	149
882	584,483	0,0	693,516	1,4	693	149
883	1,1	397,316	2,0	654,521	163	149
884	227,185	27,14	315,162	30,23	181	149
885	143,108	3,4	185,103	2,2	181	149
886	0,0	337,273	1,2	590,462	185	149
887	5,2	2,0	1,0	5,3	227	149
888	11,4	341,268	7,4	520,333	245	149
889	8,2	341,268	11,7	520,333	167	149
891	4,0	11,10	4,1	9,10	236	149
892	2180,1979	359,333	2470,1925	381,238	173	149
893	335,292	1,2	399,320	1,0	173	149
895	8,13	4,0	13,12	2,0	243	149
896	8,15	119,93	15,13	227,177	243	149
897	8,13	1,6	13,12	6,5	243	149
899	5,13	74,73	5,6	141,83	395	149
901	10,3	2,2	5,4	0,0	233	149
902	170,113	3,0	203,136	1,0	193	149
903	175,110	2,2	199,135	5,4	193	149
907	40,18	7,15	47,32	19,27	167	149
908	33,14	25,24	58,56	62,25	167	149
909	423,353	24,28	537,390	22,24	446	149
910	712,666	5,1	890,650	1,1	798	149
911	317,345	5,1	380,286	1,1	501	149
996	1,1	327,307	0,0	493,393	157	149
997	898,676	4,1	1176,756	0,0	203	149
998	0,4	9,2	0,0	0,4	215	149
999	0,0	3,2	1,0	7,2	167	149
1000	3,1	0,3	2,0	0,0	164	149
1001	5,1	0,3	1,0	0,0	206	149
1002	2,1	0,1	1,0	2,0	191	149
1003	1,5	0,0	0,2	0,2	152	149
1004	1,6	1,0	9,0	0,0	152	149
1005	64,39	31,28	105,76	38,40	152	149
1006	0,1	131,111	2,6	195,177	165	149
1018	24,19	1,0	33,23	0,0	195	149
1019	222,165	1216,1005	203,137	1300,830	170	149
1020	64,40	14,11	48,24	2,4	170	149
1021	665,517	4,2	701,486	0,0	214	149
1022	1494,1207	39,38	1582,1147	3,13	214	149
1032	12,6	0,0	7,3	1,0	187	149
1033	108,98	0,6	210,133	4,3	197	149
1040	9,9	0,2	3,8	0,0	156	149
1041	364,340	1,2	361,249	1,1	353	149
1042	190,138	7,7	146,113	17,5	302	149
1043	919,773	0,2	1211,956	0,0	464	149
1047	1,0	0,1	3,1	1,0	158	149
1048	47,30	40,67	36,29	48,36	658	149
1049	147,191	0,1	56,37	0,1	161	149
1050	13,16	157,122	9,1	214,77	171	149
1051	49,49	4,0	38,16	2,1	206	149
1052	193,155	4,0	243,92	2,1	184	149
1053	1961,1881	1,0	2834,1990	1,0	159	149
1054	1191,1226	2,1	1244,545	0,0	271	149
1055	1257,1312	1,5	1363,621	6,3	173	149
1056	101,106	4,10	95,66	6,2	436	149
1057	121,115	44,44	156,111	64,53	184	149
1058	0,0	55,54	4,0	52,33	164	149
1061	14,8	5,3	7,2	0,0	152	149
1062	14,3	1,10	11,8	1,4	152	149
1067	0,4	4,3	2,0	7,1	152	149
1069	8,18	2,6	4,2	2,4	152	149
1072	1,5	11,9	3,0	5,1	152	149
1073	52,57	27,48	15,10	11,8	152	149
1074	19,29	10,1	27,10	2,2	181	149
1086	433,343	3016,2861	298,245	3808,2666	994	149
1088	10,7	25,38	5,7	41,29	152	149
1089	456,386	2,0	474,322	0,0	495	149
1090	22,40	105,84	6,4	85,76	202	149
1091	22,41	345,336	6,4	425,264	205	149
1092	105,85	345,336	85,76	425,264	152	149
1093	382,333	0,3	255,198	0,0	153	149
1094	31,23	379,371	15,14	391,287	367	149
1095	8,9	73,43	7,10	85,54	172	149
1096	3,7	101,124	5,2	81,30	177	149
1098	204,197	4,7	248,189	5,2	186	149
1099	51,23	54,69	28,28	66,49	213	149
1101	39,17	0,1	11,10	1,0	244	149
1103	13,11	2,0	10,14	1,0	458	149
1104	13,19	21,15	17,10	19,7	215	149
1105	47,36	5,3	46,27	3,0	168	149
1107	60,32	0,1	60,46	2,0	173	149
1108	6,3	59,51	5,4	67,45	163	149
1116	278,195	1,5	359,274	4,3	182	149
1117	231,295	0,0	240,171	2,1	1231	149
1118	18,23	26,54	15,8	41,31	220	149
1119	205,243	4,4	199,140	8,13	1231	149
1120	3,4	35,41	7,4	36,30	181	149
1121	2,3	0,0	4,4	0,2	181	149
1125	89,76	3,1	111,63	0,0	246	149
1126	34,33	0,1	32,24	0,0	246	149
1127	34,25	21,12	33,12	37,24	197	149
1129	0,0	2,4	2,1	3,2	152	149
1130	8,7	153,155	3,4	128,114	227	149
1133	506,370	10,3	498,461	0,2	333	149
1134	28,46	55,45	26,15	37,41	232	149
1137	235,263	15,15	216,152	18,3	152	149
1139	36,24	205,259	30,6	340,242	845	149
1140	40,41	205,259	46,18	340,242	1099	149
1141	481,448	1,3	773,563	0,0	1878	149
1142	422,404	7,8	711,526	6,3	154	149
1143	699,644	10,15	1030,718	7,17	248	149
1144	246,258	10,15	328,272	7,17	348	149
1145	31,31	484,417	28,16	730,462	249	149
1146	33,25	4,9	12,12	0,5	152	149
1147	697,635	4,9	1054,695	0,5	199	149
1148	683,621	19,11	1045,687	3,4	196	149
1149	566,465	11,1	1046,815	15,8	154	149
1155	0,0	0,2	2,2	0,0	219	149
1156	4,6	32,41	1,0	22,13	219	149
1157	3029,2840	4,13	1017,764	0,0	798	149
1160	1,2	15,16	0,0	2,0	162	149
1161	0,1	0,0	0,0	0,1	179	149
1163	10,15	0,1	15,14	0,0	326	149
1167	3,2	17,18	2,2	18,22	287	149
1168	3,5	0,1	8,6	3,4	200	149
1169	12,15	0,1	5,3	0,0	188	149
1170	64,49	0,1	21,16	0,0	464	149
1171	53,34	1,0	16,13	0,0	425	149
1176	536,461	20,7	724,585	16,9	591	149
1180	7,7	3,2	1,1	3,0	153	149
1181	89,107	2,1	53,23	0,1	485	149
1182	258,243	1,2	359,246	2,0	180	149
1183	194,200	8,9	184,144	2,3	299	149
1184	10,10	31,30	8,10	22,26	185	149
1185	84,86	8,15	78,53	4,6	381	149
1186	105,106	8,15	92,69	4,6	345	149
1192	2,2	3,5	6,3	0,3	224	149
1193	6,4	168,100	4,4	178,138	152	149
1195	105,84	0,2	155,114	0,0	207	149
1198	5,6	2,4	13,7	0,2	154	149
1200	94,68	145,167	93,72	133,130	251	149
1202	0,0	2,0	0,1	2,0	152	149
1203	47,33	1,0	55,24	0,1	190	149
1204	44,47	0,6	55,30	0,1	190	149
1208	2,4	0,1	0,3	0,1	152	149
1209	24,30	10,7	32,43	8,9	152	149
1211	1,0	0,0	1,0	0,4	218	149
1212	39,42	0,4	50,18	1,0	251	149
1213	0,5	61,73	1,1	52,26	164	149
1217	2,0	77,69	4,2	152,115	166	149
1219	0,1	1,0	6,2	0,2	188	149
1221	2,0	1,0	4,0	0,2	188	149
1223	0,0	1,0	1,0	0,0	188	149
1227	1,2	10,11	1,0	6,12	179	149
1228	26,25	867,766	19,12	1265,970	170	149
1233	855,664	0,0	1006,753	1,0	197	149
1234	267,202	0,0	380,281	1,0	222	149
1235	6,6	594,468	2,4	628,476	174	149
1238	0,1	5,0	2,0	0,0	197	149
1241	32,17	1,5	21,12	2,3	152	149
1256	7,8	236,215	13,8	521,340	224	149
1258	3,8	5,2	1,3	9,1	451	149
1259	3,10	0,2	3,3	0,0	462	149
1260	5,10	0,1	3,3	0,0	474	149
1261	0,5	5,2	0,2	9,1	297	149
1262	0,7	0,2	2,2	0,0	308	149
1263	2,7	0,1	2,2	0,0	320	149
1264	5,4	0,2	11,1	0,0	160	149
1265	7,4	0,1	11,1	0,0	172	149
1267	199,180	794,897	226,129	858,700	179	149
1268	596,508	2,0	606,486	0,0	335	149
1269	1191,1225	2,0	1238,1057	0,0	305	149
1274	10,2	36,20	4,6	24,19	152	149
1275	1467,1202	6,7	1373,1116	5,3	242	149
1276	2169,2553	8,15	2259,1288	3,5	152	149
1280	472,451	2,1	588,461	0,0	364	149
1281	204,188	9,0	247,187	1,1	277	149
1282	77,68	74,33	130,95	79,59	152	149
1283	1,2	0,0	6,0	2,0	165	149
1284	123,98	1,0	73,57	1,2	220	149
1285	8,11	7,0	13,4	2,0	165	149
1286	492,655	2,2	624,330	1,0	497	149
1287	6,0	8,12	0,1	1,1	308	149
1291	4,5	22,7	11,0	9,12	179	149
1293	0,1	190,195	1,0	205,180	397	149
1295	38,30	0,0	38,22	4,3	191	149
1296	36,22	1,5	39,25	0,7	191	149
1297	33,24	0,0	36,22	1,0	191	149
1298	64,62	2,1	92,57	4,4	180	149
1299	60,54	4,3	74,57	12,9	191	149
1300	44,28	7,8	43,21	3,5	191	149
1301	33,22	2,0	33,19	0,0	191	149
1303	0,10	0,0	4,4	0,4	360	149
1304	1,11	0,2	4,6	0,1	394	149
1305	1,1	0,2	0,6	0,1	183	149
1306	12,5	1,4	10,4	1,2	240	149
1307	6,3	7,11	3,6	8,11	368	149
1309	1,0	22,15	1,0	38,16	191	149
1310	32,20	0,2	55,21	0,1	194	149
1311	4,0	16,15	2,0	14,7	166	149
1312	22,14	16,6	25,17	11,3	435	149
1313	4,0	11,3	0,0	6,13	190	149
1314	11,7	26,19	5,3	25,15	152	149
1315	38,17	4,0	19,19	1,2	240	149
1316	42,53	11,5	60,83	21,24	152	149
1317	15,17	11,5	10,7	21,24	311	149
1318	12,17	39,53	10,6	60,82	308	149
1319	184,159	132,116	216,162	250,133	272	149
1320	1497,1310	0,0	2002,1389	1,3	1423	149
1321	1573,1380	0,0	2101,1455	1,3	1478	149
1322	1471,1320	0,0	1992,1382	1,3	1528	149
1323	152,119	76,49	193,130	94,64	204	149
1324	50,59	76,49	84,57	94,64	254	149
1325	2,7	104,67	7,8	116,81	199	149
1326	128,103	0,0	194,132	0,1	399	149
1327	130,107	1,0	198,136	0,0	448	149
1328	2,4	1,0	4,5	0,0	198	149
1329	10,8	100,92	12,8	198,123	198	149
1331	121,92	2,2	202,124	8,8	164	149
1332	131,192	0,0	242,176	1,0	216	149
1333	154,123	10,12	276,198	5,4	189	149
1335	88,95	1,4	154,119	2,0	153	149
1336	71,81	15,11	42,24	2,1	499	149
1337	180,231	1,0	129,77	0,0	1222	149
1338	187,238	0,2	141,87	0,0	1237	149
1339	127,161	1,0	91,54	0,0	872	149
1340	134,168	0,2	103,64	0,0	887	149
1341	8,7	0,2	12,10	0,0	164	149
1342	52,76	75,75	39,34	93,79	439	149
1343	59,83	46,27	51,44	46,48	454	149
1344	82,82	46,27	105,89	46,48	164	149
1350	8,17	38,42	33,33	67,60	152	149
1351	14,10	22,18	12,12	17,9	152	149
1352	237,234	2,0	213,141	0,0	333	149
1353	120,118	108,113	47,32	100,62	551	149
1354	3,3	8,7	2,5	2,1	152	149
1355	67,51	8,7	56,55	2,1	289	149
1356	64,51	0,3	55,54	1,4	286	149
1357	168,127	24,21	158,102	8,18	466	149
1358	188,134	24,21	149,113	8,18	709	149
1359	29,21	60,45	14,13	49,22	174	149
1361	3,5	27,44	0,0	30,7	170	149
1362	3,5	0,0	0,0	0,1	173	149
1363	27,44	0,0	30,7	0,1	152	149
1364	989,801	5,7	1213,824	0,0	241	149
1367	115,112	11,9	89,54	6,0	295	149
1368	87,85	4,2	51,33	1,1	325	149
1373	2,1	0,0	2,0	0,1	241	149
1375	2,1	0,0	0,0	0,1	262	149
1376	2,0	0,0	1,3	0,1	677	149
1384	2,0	0,0	0,1	0,1	155	149
1400	0,0	6,1	1,0	9,5	183	149
1401	1,0	6,1	1,0	9,5	186	149
1404	4,6	3,1	3,3	2,2	152	149
1405	10,8	7,14	5,0	9,1	152	149
1413	6,1	525,407	8,4	742,551	200	149
1414	251,292	1,2	381,239	5,5	189	149
1415	44,29	1,0	44,32	3,1	207	149
1416	860,684	6,0	1093,939	0,0	154	149
1418	178,153	6,0	261,194	0,1	155	149
1432	221,167	0,3	146,138	5,2	3955	149
1433	90,84	1,0	109,79	4,0	1707	149
1435	37,32	4,1	39,32	6,1	154	149
1437	4,1	0,0	0,0	1,0	152	149
1447	14,12	7,6	19,14	8,5	152	149
1449	11,1	7,4	7,5	7,1	152	149
1450	24,10	11,12	5,5	17,6	766	149
1455	169,153	18,17	105,78	6,5	219	149
1456	366,413	1,5	187,134	0,0	2079	149
1457	15,10	2,10	16,13	2,4	154	149
1458	186,137	10,9	198,111	6,9	152	149
1460	14,15	0,2	24,26	0,0	154	149
1461	1711,1723	0,4	1291,997	4,0	2740	149
1462	2,0	226,189	0,1	267,174	156	149
1466	24,30	14,21	10,14	12,5	729	149
1467	3,5	26,48	2,0	43,42	168	149
1468	19,16	415,420	15,5	554,371	168	149
1469	216,240	115,113	229,161	101,58	152	149
1470	152,159	4,2	227,175	0,0	161	149
1471	39,55	0,1	47,53	0,0	775	149
1476	1135,990	0,0	1199,892	0,1	720	149
1477	16,2	4,1	5,4	0,0	237	149
1478	29,15	442,355	15,12	914,627	286	149
1479	17,14	442,355	10,8	914,627	198	149
1480	194,184	0,0	353,309	0,2	153	149
1490	3,1	1,2	0,0	7,7	223	149
1493	51,51	0,1	30,16	1,0	212	149
1494	0,4	62,61	0,0	50,40	707	149
1495	5,29	1,0	23,9	0,1	450	149
1497	43,63	129,119	46,36	188,121	521	149
1498	389,351	59,67	548,381	35,33	355	149
1503	4,7	6,3	2,1	5,0	160	149
1504	12,9	1,0	3,6	0,0	152	149
1505	204,188	4,0	408,363	4,1	169	149
1511	11,3	0,0	5,2	0,1	158	149
1512	4,0	143,108	2,1	65,51	196	149
1513	5,0	143,108	2,1	65,51	206	149
1518	448,428	17,12	329,228	2,1	865	149
1522	266,285	17,12	192,128	2,1	756	149
1525	12,9	20,21	6,4	13,6	188	149
1526	3,3	20,21	2,3	13,6	179	149
1527	5,4	0,0	5,3	2,0	183	149
1528	4,5	0,3	6,4	0,0	183	149
1529	14,12	0,3	6,7	0,1	418	149
1530	1341,1136	25,16	962,702	3,7	226	149
1531	528,485	25,16	324,277	3,7	266	149
1532	21,12	834,663	10,15	648,440	189	149
1533	621,622	573,548	467,306	417,276	1060	149
1534	45,42	25,14	31,19	4,5	177	149
1535	127,168	25,14	59,43	4,5	212	149
1536	87,136	5,10	28,26	0,2	184	149
1537	737,730	491,482	495,318	383,270	723	149
1538	634,649	3,7	472,314	0,0	1704	149
1539	2263,2265	3,7	1674,1135	0,0	2652	149
1540	1679,1676	33,37	1210,824	0,0	1097	149
1541	601,613	1,0	472,314	1,0	1704	149
1542	1411,1441	17,6	942,737	0,0	459	149
1543	1608,1642	1,0	1150,756	1,0	3158	149
1544	1024,1053	0,1	686,445	0,0	1603	149
1545	108,161	0,1	64,52	0,0	856	149
1546	666,725	3,0	389,295	0,0	459	149
1547	667,724	2,0	391,297	0,0	459	149
1548	1876,1678	1,4	1423,1114	0,0	2261	149
1549	2029,1793	19,14	1635,1267	6,7	309	149
1550	604,613	1,0	472,314	0,0	1704	149
1551	1606,1642	1,0	1150,756	0,0	3158	149
1552	1022,1053	3,1	686,445	0,0	1603	149
1553	824,721	2,1	804,626	0,0	309	149
1554	847,730	2,1	822,632	0,0	399	149
1555	2271,2103	2,1	1827,1415	0,0	636	149
1556	38,30	11,17	18,8	0,2	239	149
1557	1462,1403	11,17	1023,791	0,2	476	149
1559	7,2	62,65	4,4	66,45	166	149
1560	6,2	297,206	4,4	284,218	166	149
1561	28,42	11,7	19,13	3,0	190	149
1562	703,704	2,0	1136,860	0,0	1642	149
1569	1045,1001	1,0	1047,817	0,0	160	149
1571	4,21	714,648	12,10	1087,695	306	149
1572	252,268	0,5	322,288	0,0	153	149
1573	261,277	0,0	329,292	3,0	153	149
1574	521,473	33,25	696,538	50,29	153	149
1575	179,157	2,1	159,90	0,0	151	149
1576	342,356	4,2	521,410	0,0	327	149
1583	5,2	139,91	5,0	184,164	160	149
1584	264,343	5,3	279,188	0,0	213	149
1585	231,243	18,6	197,141	10,14	240	149
1586	9314,7918	1,0	11105,8519	0,0	648	149
1588	29,20	486,438	17,14	620,404	171	149
1589	61,48	14,7	126,77	14,6	176	149
1590	485,403	14,7	896,723	14,6	213	149
1591	426,356	2,1	780,657	10,11	186	149
1592	59,47	7,3	121,68	1,1	176	149
1593	153,154	7,3	243,155	1,1	213	149
1594	94,107	0,0	127,89	5,2	186	149
1595	12,12	393,319	15,12	712,535	257	149
1596	23,20	0,2	8,5	0,2	170	149
1598	1,0	2,1	3,1	5,1	158	149
1600	0,2	2,0	2,0	0,0	158	149
1603	3,5	22,17	5,1	18,12	319	149
1605	742,531	3,0	1269,934	0,2	270	149
1606	19,21	2,13	6,0	0,0	253	149
1607	7,9	2,1	1,0	0,0	182	149
1608	15,14	1,1	14,13	0,0	175	149
1609	369,287	3,1	599,448	4,4	258	149
1610	368,287	0,2	600,444	5,1	258	149
1612	6,2	24,35	3,3	27,17	173	149
1613	0,4	2,0	0,1	0,0	152	149
1614	0,3	1,8	3,0	1,0	152	149
1615	0,1	1,1	0,0	0,1	152	149
1616	829,651	15,15	880,550	19,8	152	149
1617	602,598	8,2	687,506	12,4	158	149
1618	11,20	982,940	8,3	1112,929	201	149
1619	13,25	1,0	7,5	0,0	154	149
1620	161,172	262,266	106,109	187,181	158	149
1621	9,8	2,4	9,11	0,0	152	149
1622	4,19	41,45	17,4	53,22	158	149
1623	600,493	241,220	645,485	354,229	152	149
1624	9,8	4,1	11,12	0,0	152	149
1625	39,33	930,847	26,32	1090,772	251	149
1627	318,308	1,1	280,207	3,0	194	149
1628	27,27	265,221	14,6	230,139	183	149
1629	2853,2640	1,0	2684,2013	0,0	923	149
1630	74,55	16,10	44,36	1,0	161	149
1631	829,701	835,836	684,556	789,523	161	149
1632	1721,1432	7,11	1951,1482	1,1	592	149
1634	122,120	1583,1407	166,104	2313,1659	531	149
1635	247,185	1,0	302,248	0,0	278	149
1636	197,169	0,1	308,268	2,0	165	149
1637	76,135	2,7	41,21	0,0	499	149
1639	232,208	5,7	293,189	2,3	168	149
1640	87,63	5,7	80,34	2,3	490	149
1641	57,33	202,178	41,13	254,168	471	149
1642	53,24	9,6	37,13	13,4	471	149
1643	220,280	17,27	164,106	19,2	268	149
1644	2,6	5,0	1,3	3,0	182	149
1645	66,54	0,2	75,42	1,0	196	149
1646	253,207	0,0	219,142	1,0	196	149
1647	211,201	3,2	189,120	1,0	239	149
1648	24,30	0,1	11,3	0,0	168	149
1649	232,290	3,3	225,165	0,0	208	149
1659	2,6	2,4	7,9	5,5	152	149
1663	7,9	3,2	5,2	2,1	152	149
1664	39,36	9,5	23,23	6,3	152	149
1669	15,6	2,1	19,7	0,0	153	149
1670	46,38	93,83	89,48	169,93	181	149
1671	76,65	2,8	138,67	7,6	215	149
1672	123,110	2,8	218,112	7,6	183	149
1673	12,14	7,0	19,15	16,4	181	149
1674	13,14	14,15	22,21	66,25	181	149
1679	1,0	1,5	0,0	2,0	226	149
1680	132,126	1,0	104,77	0,0	372	149
1681	1441,1129	0,1	1820,1480	2,0	2133	149
1682	1319,1013	1,0	1632,1347	1,0	2133	149
1688	11,9	727,657	2,11	838,499	224	149
1693	0,0	0,2	0,1	0,0	329	149
1694	0,0	0,2	2,1	0,0	443	149
1695	0,0	2,0	0,1	0,0	326	149
1696	0,0	2,0	2,1	0,0	440	149
1730	254,231	0,2	244,189	1,1	230	149
1731	2,2	330,271	1,0	220,204	172	149
1732	224,194	3,6	212,177	0,0	153	149
1733	214,206	0,1	277,156	1,0	155	149
1739	2,5	25,40	2,3	53,36	227	149
1743	85,87	0,0	78,49	2,0	274	149
1744	1,6	0,7	6,0	3,0	152	149
1747	28,12	0,0	19,20	1,2	571	149
1749	465,441	0,2	347,227	0,0	203	149
1750	289,317	2,2	204,150	0,0	1661	149
1751	598,446	4,8	641,459	2,0	615	149
1752	2685,2499	18,8	3619,2211	3,3	157	149
1753	3169,2894	1,0	4320,2732	2,0	168	149
1755	502,403	1,0	704,524	2,0	160	149
1759	15,21	667,479	12,14	628,489	259	149
1760	969,810	2,4	944,734	10,4	231	149
1761	53,56	11,9	52,38	16,11	185	149
1762	1,0	282,297	0,0	215,123	199	149
1763	682,610	14,19	664,483	9,1	175	149
1765	14,13	77,64	3,2	25,29	278	149
1766	2,15	165,106	4,3	132,87	272	149
1769	1429,1194	11,9	1832,1462	13,8	1018	149
1770	85,114	27,30	46,42	13,2	152	149
1771	76,116	1,1	62,28	0,0	154	149
1774	61,108	12,16	44,26	9,1	152	149
1782	0,1	3,12	2,0	1,0	190	149
1785	182,225	0,0	277,213	2,0	191	149
1786	170,202	0,1	259,208	0,0	357	149
1789	2,1	1,2	0,0	0,1	179	149
1790	68,108	104,113	54,14	119,58	2965	149
1791	68,109	6,6	54,14	5,2	2970	149
1792	104,114	6,6	119,58	5,2	154	149
1793	19,20	570,537	24,26	526,378	171	149
1794	629,630	0,1	1049,736	0,2	153	149
1795	33,33	517,481	21,18	581,480	332	149
1796	5,2	220,186	3,3	202,210	152	149
1798	11,21	2,0	6,0	0,0	189	149
1799	1778,1624	7,4	2614,1799	0,0	405	149
1800	197,214	0,0	169,119	1,0	158	149
1801	435,569	11,2	469,201	7,4	170	149
1803	199,217	1,0	223,148	0,0	153	149
1804	11,18	0,1	4,7	0,0	226	149
1805	35,40	0,1	43,17	0,0	245	149
1815	0,4	5,1	1,1	1,0	236	149
1816	1,3	5,1	6,1	1,0	463	149
1817	1,0	0,1	6,0	1,0	376	149
1820	253,195	0,0	333,215	1,0	531	149
1843	104,86	4,0	122,102	2,0	161	149
1844	114,114	2,2	259,165	1,1	189	149
1845	105,110	2,3	223,140	2,1	234	149
1846	29,28	1,0	84,48	2,0	234	149
1847	149,110	2,0	311,194	0,0	308	149
1848	105,23	0,2	60,52	3,0	293	149
1850	9,5	476,372	4,5	689,454	181	149
1851	12,15	350,270	11,10	620,417	212	149
1857	175,119	2,1	181,140	1,0	218	149
1858	38,31	3,4	79,31	6,0	540	149
1861	3,2	1,1	2,6	0,0	153	149
1863	54,60	2,1	140,108	0,0	176	149
1864	102,84	5,0	193,153	2,6	176	149
1865	9,2	1,0	15,18	4,3	152	149
1866	0,1	0,0	0,0	1,2	175	149
1868	406,342	1,0	460,265	0,0	556	149
1869	11,8	4,7	4,0	2,2	152	149
1870	1285,1478	1,3	2270,1366	6,0	157	149
1871	209,224	1,3	480,306	6,0	173	149
1872	32,16	1108,1270	24,20	1814,1080	165	149
1873	3,0	0,0	6,6	0,2	232	149
1883	2,0	0,0	10,1	2,1	251	149
1884	62,27	0,2	147,96	5,5	899	149
1886	0,2	0,0	6,2	2,0	650	149
1889	59,28	2,2	162,92	11,2	899	149
1890	0,0	0,1	10,1	0,0	251	149
1898	140,103	0,2	228,159	1,0	201	149
1899	142,103	0,0	232,161	0,1	204	149
1900	2,2	0,0	5,2	0,1	152	149
1901	509,357	3,4	755,566	1,6	201	149
1902	511,357	6,4	759,568	0,0	204	149
1903	5,4	6,4	5,8	0,0	152	149
1904	105,92	428,296	37,29	581,377	1452	149
1906	2,0	0,0	0,0	1,1	185	149
1918	0,3	292,275	0,0	283,200	170	149
1919	223,218	0,0	201,139	1,0	152	149
1921	210,153	5,2	202,133	6,3	158	149
1941	1711,1501	11,3	3156,2468	4,4	276	149
1948	179,114	2,2	192,153	1,5	4785	149
1949	1713,1444	23,22	2187,1618	18,17	2246	149
1950	24,38	1,5	44,46	0,0	294	149
1951	52,57	3,6	87,60	10,1	1646	149
1952	4,4	0,0	6,5	1,1	152	149
1953	5,13	2,2	7,5	2,0	152	149
1954	50,21	20,27	62,57	37,19	152	149
1955	137,156	0,0	267,209	2,0	249	149
1956	305,331	6,1	548,401	6,3	249	149
1957	169,172	1,0	283,224	0,0	249	149
1969	60,76	4,4	50,18	2,0	233	149
1975	47,37	7,5	45,38	6,17	152	149
1993	87,63	52,65	74,45	73,38	263	149
1994	72,59	8,3	67,44	8,6	263	149
1995	276,244	8,3	229,161	8,6	794	149
1996	204,187	0,2	165,118	3,1	680	149
1997	180,197	0,0	293,170	1,1	2236	149
1998	26,20	177,152	31,11	226,193	170	149
1999	365,292	3,0	316,182	0,0	413	149
2000	188,172	3,3	278,218	1,2	198	149
2002	368,338	53,37	534,375	75,52	212	149
2003	185,148	53,37	243,176	75,52	250	149
2004	21,7	204,197	11,1	302,200	187	149
2005	244,244	9,7	232,126	14,5	220	149
2006	255,213	4,2	130,91	0,0	1299	149
2007	11,6	409,263	7,2	400,363	171	149
2008	724,598	48,37	789,572	47,29	183	149
2009	136,87	1,0	137,94	1,0	183	149
2013	580,608	98,101	604,443	80,95	157	149
2015	993,961	2,1	1072,792	3,5	182	149
2016	20,35	2716,2338	17,26	4773,3959	163	149
2017	2093,1927	5,1	3480,3000	6,12	289	149
2018	140,154	3,1	76,69	0,2	289	149
2019	1168,1172	3,1	1810,1345	0,2	484	149
2020	1069,1038	2,0	1780,1318	1,0	344	149
2021	13,21	84,73	24,10	144,103	223	149
2022	616,726	24,28	795,467	17,9	152	149
2024	40,36	300,277	30,32	459,285	433	149
2025	60,53	4414,3385	32,29	4885,4035	222	149
2026	3903,3562	10,7	3592,2969	3,0	398	149
2027	208,167	1,0	168,90	0,0	588	149
2028	4999,4382	1,0	5111,3804	0,0	592	149
2029	5156,4467	65,47	5376,4023	70,46	153	149
2030	2557,2015	4,4	2781,2109	1,3	205	149
2031	7648,6435	4,4	8087,6086	1,3	209	149
2032	143,121	0,1	98,44	0,0	592	149
2034	1263,1392	10,3	1164,631	7,3	223	149
2035	4176,4457	10,3	2925,1788	7,3	230	149
2036	1355,1506	10,3	1218,654	7,3	332	149
2037	2914,3066	1,1	1762,1157	1,0	156	149
2038	93,115	1,1	55,23	1,0	258	149
2039	49,60	2870,3011	24,7	1731,1141	251	149
2040	5,7	205,228	1,1	281,160	280	149
2041	816,725	12,4	1292,906	11,11	232	149
2042	13,7	4,9	5,1	9,12	212	149
2043	15,10	505,390	5,1	801,555	239	149
2044	6,12	505,390	9,12	801,555	176	149
2045	141,167	406,316	116,95	397,329	675	149
2046	249,248	8658,8740	235,192	8420,5245	326	149
2047	5647,6745	1,1	5528,3023	2,0	176	149
2048	19,22	0,1	21,9	1,0	152	149
2049	3,2	12,15	1,1	13,8	164	149
2050	0,5	47,30	2,2	48,23	215	149
2051	4,0	69,40	0,0	46,38	182	149
2055	23,37	2,0	16,8	0,0	188	149
2056	87,94	0,0	106,76	1,0	188	149
2057	2,0	12,16	1,1	1,5	285	149
2058	92,82	0,0	34,51	1,0	235	149
2059	58,34	0,0	22,30	1,0	253	149
2060	1,0	35,48	0,3	12,24	167	149
2061	103,122	10,14	130,109	1,2	191	149
2062	54,63	27,25	83,54	38,27	152	149
2063	10,21	27,25	16,15	38,27	168	149
2064	8,17	52,59	16,15	83,54	165	149
2066	8,8	285,386	0,2	62,33	270	149
2067	118,107	55,50	60,54	39,20	172	149
2068	9,2	237,197	6,0	87,66	183	149
2070	103,84	2,0	124,57	0,0	207	149
2071	16,22	0,1	20,5	0,0	222	149
2072	52,66	17,14	41,16	8,16	222	149
2075	0,0	1,0	2,0	0,0	267	149
2081	45,62	195,151	66,49	531,333	847	149
2083	13,23	0,1	15,5	0,0	1625	149
2087	0,0	5,12	0,1	7,5	176	149
2089	24,27	8,15	40,20	13,5	152	149
2090	13,16	11,18	22,17	14,14	152	149
2098	1011,961	2,1	1196,989	0,0	207	149
2099	94,80	1,2	142,100	2,3	174	149
2100	102,83	2,0	164,109	1,0	199	149
2101	9,5	2,0	24,12	1,0	174	149
2102	11,2	1,5	6,7	0,3	154	149
2103	363,327	4,4	503,372	7,7	213	149
2104	29,2	24,40	8,13	24,13	236	149
2106	69,82	0,4	52,34	0,2	833	149
2107	100,180	14,10	70,39	3,0	153	149
2108	312,296	1,0	212,197	0,0	161	149
2109	7,23	0,1	0,2	0,0	161	149
2110	118,126	0,2	150,113	3,0	233	149
2111	21,36	1,0	25,11	0,0	414	149
2112	10,15	3,3	4,5	5,1	164	149
2113	0,2	5,19	3,0	12,12	185	149
2117	29,27	2,0	11,18	0,0	215	149
2118	7,11	0,1	5,3	0,0	153	149
2119	0,0	23,19	1,0	11,6	227	149
2121	5,26	184,214	2,5	178,98	251	149
2122	184,222	0,1	178,99	0,0	546	149
2123	94,140	26,52	100,44	14,11	306	149
2124	50,85	27,55	25,5	7,5	152	149
2125	36,54	8,7	67,17	4,3	568	149
2126	206,170	4,13	177,158	1,0	232	149
2128	289,240	11,7	278,257	10,6	161	149
2130	135,105	3,3	289,142	6,12	173	149
2131	11,14	414,374	32,27	707,570	170	149
2132	85,62	15,16	129,97	12,17	211	149
2133	177,132	15,16	284,197	12,17	226	149
2134	99,71	7,1	166,107	11,7	164	149
2136	57,42	69,86	65,34	73,61	152	149
2137	1,10	1,3	5,1	0,4	265	149
2138	4,7	65,79	6,9	65,62	294	149
2156	3,2	0,1	11,9	3,2	153	149
2157	24,33	5,6	40,26	7,5	153	149
2158	4,8	0,1	21,11	0,1	153	149
2159	5,3	0,0	11,8	2,0	153	149
2160	1299,1067	0,1	2149,1541	0,4	321	149
2164	19,18	39,48	19,27	44,25	152	149
2165	0,2	0,0	0,0	1,0	154	149
2167	52,65	0,0	55,30	2,0	194	149
2168	8,3	129,114	4,9	95,69	168	149
2169	10,26	2,0	11,8	1,0	174	149
2170	46,67	0,1	69,68	0,2	174	149
2172	111,83	5,2	163,112	1,0	155	149
2173	5,12	186,133	6,7	191,120	170	149
2174	5,12	3,0	5,3	1,0	170	149
2185	26,13	97,85	14,16	114,97	475	149
2186	94,71	4,1	104,79	2,1	158	149
2189	1,1	3,0	3,3	2,2	152	149
2190	181,149	8,1	217,154	0,0	1783	149
2191	0,0	1,0	1,0	0,0	284	149
2192	25,22	201,224	15,0	179,125	227	149
2193	492,447	12,17	567,496	2,6	279	149
2194	332,294	0,4	396,297	0,1	168	149
2195	1,3	9,3	2,0	4,2	159	149
2196	14,10	558,447	28,21	751,560	168	149
2197	1033,824	24,19	1199,863	11,0	398	149
2198	111,138	0,2	93,59	0,0	455	149
2199	4,9	299,239	4,0	328,218	200	149
2200	17,32	173,149	2,2	164,67	319	149
2201	112,78	552,456	147,134	887,555	176	149
2203	1,1	10,19	2,1	21,10	167	149
2205	4,3	2,1	1,2	0,1	253	149
2206	4,5	2,0	1,2	4,0	286	149
2207	4,5	0,2	1,2	7,4	293	149
2208	2,3	2,0	0,1	4,0	182	149
2209	2,3	0,2	0,1	7,4	189	149
2210	2,0	0,2	4,0	7,4	156	149
2211	4,3	4,8	3,2	4,2	158	149
2212	60,62	26,42	63,40	26,27	176	149
2213	0,0	8,18	2,2	4,14	974	149
2215	8,18	4,1	15,2	1,0	217	149
2217	8310,6336	69,76	12410,9618	66,54	1752	149
2218	692,597	75,48	927,590	78,61	154	149
2219	36,23	2,1	57,20	0,0	154	149
2220	36,23	0,2	51,20	0,0	154	149
2221	263,206	1,0	355,259	0,0	170	149
2222	1297,996	16,19	2122,1432	19,18	170	149
2223	202,179	1,0	292,176	0,0	182	149
2224	1889,1500	79,70	2517,1757	121,86	182	149
2225	28,42	2196,1845	40,26	3833,2977	211	149
2227	21,35	371,308	12,15	409,226	204	149
2228	153,105	0,1	128,86	1,3	372	149
2229	298,249	1,0	318,201	0,0	394	149
2230	145,145	1,0	191,118	0,0	171	149
2231	726,612	22,25	960,616	21,16	171	149
2232	2264,2357	2,0	1617,1083	0,0	1120	149
2233	75,201	0,1	61,44	0,0	210	149
2234	6,6	0,1	1,1	0,0	264	149
2242	190,167	1037,949	137,126	1427,1071	280	149
2244	577,562	2,0	744,463	0,0	944	149
2246	5,9	1,0	8,8	0,0	1280	149
2248	1064,883	5,11	1451,917	11,10	225	149
2253	24,26	0,1	28,33	0,0	186	149
2254	201,179	0,0	270,184	1,0	188	149
2255	38,52	0,2	38,11	0,0	346	149
2256	11,14	129,113	9,10	115,72	170	149
2257	91,77	1,0	84,39	2,2	193	149
2258	6,5	23,17	0,2	34,15	242	149
2259	27,28	0,1	10,11	0,0	429	149
2262	250,154	7,9	438,222	28,16	213	149
2263	1,6	1,4	0,3	1,0	168	149
2264	54,43	64,42	94,70	103,67	152	149
2265	36,34	183,123	32,28	252,165	167	149
2266	22,10	155,113	16,6	210,134	227	149
2267	249,179	4,3	315,227	5,9	290	149
2268	89,86	5,2	94,64	1,1	153	149
2269	132,120	7,7	134,103	2,9	152	149
2270	139,122	0,2	138,106	0,0	155	149
2271	14,9	0,2	6,12	0,0	152	149
2272	9,5	0,1	4,5	1,2	287	149
2274	51,42	2,0	56,43	0,1	796	149
2276	42,38	2,0	53,40	0,1	658	149
2277	31,29	2,0	41,31	0,1	491	149
2280	4,0	1,0	4,0	0,0	442	149
2281	161,121	2,3	195,104	2,1	206	149
2283	3,3	0,2	3,3	0,0	188	149
2284	27,23	0,2	20,8	0,0	241	149
2285	25,20	1,0	18,6	1,1	202	149
2286	228,218	0,0	243,146	0,1	166	149
2287	56,47	0,2	98,62	4,4	185	149
2293	1,3	135,109	2,0	235,175	158	149
2295	41,43	0,0	39,29	1,0	153	149
2296	9,4	0,2	1,3	0,0	153	149
2297	22,26	624,685	18,16	526,300	191	149
2298	795,768	1,3	583,380	1,0	169	149
2302	7,0	11,11	1,1	13,13	169	149
2303	4,0	3,3	0,1	17,10	152	149
2304	6,0	25,21	5,7	31,28	152	149
2318	89,72	4,1	76,51	0,0	498	149
2319	89,72	2,0	76,51	0,0	494	149
2321	30,35	47,39	4,12	24,23	793	149
2322	249,221	5,17	429,334	1,2	205	149
2323	2,3	5,0	1,2	0,4	172	149
2326	18,7	583,421	14,12	829,589	188	149
2329	768,601	0,1	1228,834	0,0	560	149
2330	176,97	0,0	135,114	1,0	185	149
2334	113,79	0,0	85,75	0,1	154	149
2336	104,85	0,0	78,56	2,0	1461	149
2337	45,59	0,0	41,43	0,1	177	149
2338	36,23	7,0	18,11	0,2	152	149
2339	1,0	534,368	1,2	849,642	349	149
2341	569,443	1,2	964,678	1,2	154	149
2342	472,372	1,0	924,652	0,0	1135	149
2343	8,10	388,342	10,7	499,341	188	149
2345	1621,1625	2,0	2291,1541	0,0	1721	149
2346	539,518	3,3	823,607	0,0	350	149
2347	69,51	0,2	46,32	0,0	154	149
2348	69,55	0,1	46,33	0,0	154	149
2349	69,52	0,0	46,34	1,0	154	149
2350	73,54	1,1	45,33	0,2	154	149
2351	895,1130	227,304	783,388	169,86	154	149
2352	570,520	2,3	461,381	4,2	865	149
2353	22,20	2,0	20,16	1,0	158	149
2354	18,8	2,1	20,14	5,0	513	149
2355	2,2	31,42	3,5	55,28	259	149
2356	36639,32336	6,6	49450,40251	5,2	164	149
2357	12,9	3,0	26,36	0,4	167	149
2361	3617,2816	5,10	6535,4539	15,4	152	149
2362	85249,69513	5,10	158243,119477	15,4	161	149
2363	81650,66721	18,24	151734,114961	26,23	158	149
2364	25458,21522	45,26	42204,30981	16,4	226	149
2368	39,25	3,0	38,21	0,0	153	149
2369	389,320	9,7	483,383	12,2	153	149
2370	654,678	8,15	1095,778	25,7	239	149
2371	263,324	4,0	495,349	0,0	239	149
2373	19,18	2,0	18,8	1,0	154	149
2374	570,522	2,2	554,445	0,3	154	149
2375	321,307	2,1	336,247	0,0	154	149
2376	52,39	4,9	20,7	6,4	209	149
2377	250,223	604,624	143,123	764,520	1306	149
2394	8,5	2,0	11,9	0,2	198	149
2395	1353,1276	0,0	1737,1182	1,0	263	149
2396	1198,1054	2,4	1732,1102	6,7	222	149
2400	265,250	1,0	479,342	0,0	379	149
2401	98,41	5,4	64,39	3,0	163	149
2402	5,1	5,4	4,1	3,0	187	149
2403	0,0	93,40	2,0	62,38	173	149
2408	1310,944	7,2	1876,1400	15,8	1771	149
2410	343,323	0,0	374,242	2,0	382	149
2411	7,21	2,0	8,5	0,0	382	149
2412	478,434	2,0	496,302	0,0	218	149
2413	376,278	3,5	415,286	2,2	2910	149
2414	1074,973	9,6	1493,1137	8,7	295	149
2415	266,271	0,1	379,244	0,0	221	149
2416	713,735	0,0	932,732	0,4	532	149
2420	21,8	2,0	6,10	0,0	1767	149
2421	16,14	1,1	16,16	2,2	153	149
2422	395,330	1,1	508,391	2,2	155	149
2423	383,317	4,1	493,376	1,1	151	149
2424	16,6	0,1	6,1	0,0	152	149
2425	8,10	1,0	3,0	4,2	275	149
2426	21,20	3,4	31,9	4,2	159	149
2427	155,140	0,5	240,185	0,0	355	149
2442	1,4	0,1	1,0	0,0	290	149
2448	126,95	1,2	104,106	3,0	153	149
2449	13,4	0,0	11,5	0,2	153	149
2450	18,16	3,0	23,22	0,0	174	149
2451	58,71	3,0	96,76	0,0	205	149
2452	45,64	5,9	80,56	7,2	180	149
2460	10,17	2,1	4,3	2,0	206	149
2462	0,3	9,2	0,0	1,0	205	149
2463	340,308	0,1	519,363	1,0	204	149
2466	0,2	136,100	0,5	229,173	174	149
2467	9,9	0,1	4,10	0,0	154	149
2480	153,215	123,126	109,47	92,38	152	149
2481	982,810	4,1	672,471	0,0	212	149
2494	195,180	16,15	173,117	10,9	797	149
2496	0,1	317,264	5,0	433,332	285	149
2503	45,40	6,6	60,58	18,4	152	149
2504	21,12	17,25	7,13	57,31	445	149
2505	33,28	2,4	31,35	3,4	155	149
2508	158,137	19,22	224,146	37,21	152	149
2509	329,267	31,36	471,363	43,40	152	149
2511	4,11	105,116	2,0	89,57	256	149
2512	142,116	153,128	114,61	100,81	152	149
2513	9,6	0,4	11,4	2,2	152	149
2518	404,342	4,2	510,369	2,0	704	149
2528	1,4	0,3	0,0	2,0	266	149
2530	0,1	0,3	0,0	2,0	202	149
2532	61,48	1,6	71,58	1,4	726	149
2533	95,58	2,2	86,51	0,2	195	149
2534	90,69	4,0	100,55	3,2	254	149
2535	61,68	0,0	134,68	0,1	200	149
2536	7,2	9,6	3,3	19,16	167	149
2537	348,308	2,0	581,444	2,2	185	149
2538	30,30	144,100	24,15	217,146	277	149
2539	71,62	106,93	78,79	122,87	152	149
2540	4,4	6,4	9,11	9,9	152	149
2541	4,8	5,0	8,6	3,1	582	149
2542	4,8	47,36	10,7	67,59	614	149
2543	5,0	47,36	5,2	67,59	181	149
2544	88,82	2,2	146,83	2,2	517	149
2548	350,263	6,5	374,274	6,5	251	149
2549	132,113	0,0	145,121	2,1	221	149
2550	35,18	146,117	26,10	99,88	260	149
2551	80,82	15,12	86,59	0,2	467	149
2552	7,6	59,53	1,0	56,42	166	149
2553	61,54	2,5	47,56	3,3	153	149
2554	136,118	4,0	132,84	1,0	248	149
2556	980,730	16,15	1055,680	22,13	176	149
2558	132,121	1,1	203,138	0,0	189	149
2559	420,379	0,1	775,542	2,3	189	149
2560	95,74	4,7	89,65	23,9	153	149
2561	144,122	226,228	227,154	400,291	153	149
2562	2,1	2,0	2,0	0,0	154	149
2569	85,70	2,1	64,70	4,0	201	149
2574	2,6	4,0	6,0	0,0	283	149
2575	4,2	1,0	0,0	1,0	315	149
2576	2,6	1,1	4,0	3,0	283	149
2578	11,8	9,0	10,2	2,5	228	149
2580	58,48	3,0	71,59	3,0	439	149
2581	2,3	1,0	1,1	0,0	200	149
2585	6,2	114,88	6,9	173,131	185	149
2586	36,23	390,314	19,15	584,371	217	149
2587	17,8	5,5	9,9	8,5	217	149
2588	18,18	239,211	42,24	326,199	168	149
2589	14,6	3,2	5,1	1,0	167	149
2591	2,0	0,0	0,0	2,0	208	149
2592	4,2	133,93	3,2	123,78	177	149
2594	238,194	12,1	292,216	2,4	708	149
2595	26,11	323,297	9,3	408,298	249	149
2598	1,2	1,0	0,2	0,0	368	149
2599	1,1	1,0	0,1	0,0	188	149
2600	4,2	3,0	9,3	1,2	344	149
2601	8,2	4,2	0,7	2,0	154	149
2605	67,83	12,15	106,114	18,12	156	149
2607	59,64	1,3	76,62	0,0	154	149
2608	2,4	2,0	5,1	0,0	1069	149
2609	126,91	0,0	123,83	1,0	210	149
2610	215,166	811,647	225,154	1603,988	210	149
2611	2006,1637	5,9	3110,2286	3,7	338	149
2612	14,10	1940,1581	10,6	3062,2237	168	149
2616	4,2	6,8	0,0	2,0	163	149
2617	14,6	36,56	2,0	46,40	272	149
2618	16,12	36,56	4,0	46,40	258	149
2619	32,47	1,3	38,40	3,2	188	149
2620	62,68	2,0	62,74	2,0	225	149
2621	52,34	81,57	40,21	96,57	1089	149
2622	105,95	3,0	83,43	1,0	187	149
2623	58,51	75,70	67,32	64,60	215	149
2624	162,137	131,138	248,207	307,208	152	149
2625	12,17	7,1	4,1	3,3	173	149
2627	24,21	20,37	12,15	37,22	352	149
2628	82,103	1,0	89,55	0,0	524	149
2634	1,2	36,81	0,4	67,43	179	149
2635	4,2	30,31	0,0	37,38	171	149
2636	3,2	0,2	3,4	0,0	163	149
2637	38,27	0,4	23,12	0,0	272	149
2638	27,30	0,0	13,12	0,2	168	149
2639	610,615	0,2	556,503	0,0	1048	149
2640	19,37	134,158	11,4	151,79	245	149
2641	269,291	11,14	203,130	8,10	283	149
2642	7,7	333,309	9,0	446,321	168	149
2643	27,29	471,469	18,17	658,531	1296	149
2644	41,50	471,469	38,38	658,531	1815	149
2645	15,22	1,1	20,21	0,0	668	149
2646	12,10	631,567	15,9	1052,795	172	149
2647	12,11	631,567	13,9	1052,795	204	149
2648	0,1	0,0	0,0	2,0	181	149
2650	319,445	5,1	238,163	1,0	500	149
2653	4173,4022	2,0	7142,5284	2,0	167	149
2654	66,52	40,38	82,53	53,38	152	149
2655	7,5	122,100	7,3	191,117	202	149
2660	0,1	2,0	1,0	0,0	154	149
2663	1116,1141	356,299	1512,1027	630,574	283	149
2664	109,143	2,1	114,83	0,0	239	149
2665	0,5	57,80	1,1	71,44	181	149
2668	41,78	51,65	30,16	29,12	406	149
2669	11,18	11,32	4,6	6,1	600	149
2670	11,25	11,32	7,7	6,1	756	149
2671	30,31	11,32	12,10	6,1	865	149
2675	56,63	11,32	29,29	6,1	1399	149
2679	2,12	270,292	9,0	295,311	279	149
2687	0,0	2,0	0,2	2,6	2232	149
2688	3404,3177	14,18	5206,4223	32,24	153	149
2689	16,10	2,9	2,0	3,0	171	149
2690	92,85	2,0	110,80	3,1	190	149
2691	242,242	6,0	300,175	0,0	162	149
2694	8,6	55,66	4,0	131,88	217	149
2696	17,11	58,63	5,3	24,11	182	149
2698	26,23	8,25	13,15	11,15	152	149
2699	2,1	3,3	0,0	1,0	152	149
2701	0,1	6,4	0,0	8,1	690	149
2703	8,2	6,10	10,7	5,6	182	149
2707	0,0	1,0	3,0	1,0	152	149
2708	2,9	155,184	2,0	88,84	163	149
2709	1,0	0,0	0,1	2,0	244	149
2711	1,0	7,0	3,3	3,1	244	149
2713	5,5	621,535	6,5	744,516	203	149
2714	769,700	2,3	1054,755	0,0	197	149
2716	5,5	4,0	1,0	1,2	187	149
2717	5,3	452,429	2,1	422,286	167	149
2720	6,6	187,212	3,3	101,49	167	149
2725	4,5	257,281	6,6	228,141	168	149
2732	69,116	0,2	29,29	0,0	200	149
2737	4,3	450,429	1,0	280,261	185	149
2738	2,10	26,20	7,2	15,15	178	149
2741	58,52	4,0	94,81	1,0	158	149
2742	0,0	10,23	1,0	23,9	175	149
2743	1,4	10,23	3,3	23,9	231	149
2746	6,5	784,698	4,7	1583,1044	162	149
2747	17,16	666,545	23,8	1091,864	170	149
2748	296,292	0,1	519,385	0,0	152	149
2749	34,30	0,0	23,19	1,0	153	149
2750	452,382	14,8	688,500	20,8	153	149
2751	62,61	0,1	56,39	0,0	151	149
2752	39,37	3,2	33,24	1,1	152	149
2753	25,16	10,10	15,6	5,5	199	149
2754	20,14	3,11	29,21	16,8	199	149
2755	2,1	59,83	2,0	64,36	245	149
2756	151,172	2,0	74,47	0,0	641	149
2759	16,27	4,9	12,10	0,4	247	149
2760	95,70	65,106	63,37	54,51	532	149
2761	3,14	39,21	2,4	60,27	231	149
2762	161,90	33,24	74,53	23,8	264	149
2764	18,11	148,96	17,7	142,127	262	149
2766	402,361	16,7	504,424	18,13	152	149
2767	991,962	8,11	1077,939	3,1	272	149
2768	470,487	2,1	513,399	0,2	187	149
2769	11,11	474,410	13,17	785,592	165	149
2770	110,98	1,0	229,150	1,3	194	149
2771	307,285	1,4	512,407	0,0	232	149
2772	573,497	1,0	1001,725	1,3	178	149
2773	770,684	1,4	1284,982	0,0	216	149
2774	198,187	1,4	284,260	0,0	187	149
2775	175,117	5,0	209,146	2,0	270	149
2776	3,1	419,378	3,4	574,411	166	149
2777	21,27	57,56	40,25	72,51	247	149
2779	6,16	137,89	7,5	122,76	689	149
2780	38,61	13,10	39,33	19,14	1007	149
2781	42,69	78,56	49,33	76,65	1007	149
2782	20,22	40,42	17,11	17,14	246	149
2783	22,22	13,13	15,16	18,17	246	149
2784	0,5	73,64	1,2	49,54	174	149
2786	5,4	0,5	0,2	0,0	260	149
2793	0,5	133,117	0,0	139,120	172	149
2794	32,25	136,128	33,26	220,116	239	149
2796	118,102	5,2	79,44	6,4	153	149
2797	8,6	137,115	6,2	81,85	176	149
2798	110,131	15,9	53,54	7,8	152	149
2799	0,1	1,0	0,2	3,0	155	149
2800	976,729	13,10	1434,900	8,6	201	149
2806	0,2	0,2	2,2	2,3	235	149
2807	17,3	2,0	4,4	0,0	174	149
2808	16,9	1,0	13,4	0,2	152	149
2809	4,0	0,0	0,0	3,1	175	149
2810	0,4	0,0	0,0	3,1	851	149
2811	0,4	0,0	0,0	3,1	900	149
2816	38,40	0,2	43,13	0,0	159	149
2817	268,276	2,0	239,195	0,0	700	149
2818	10,14	2,2	16,7	0,0	295	149
2824	2,4	477,351	2,2	667,545	185	149
2825	483,418	2,0	622,460	1,0	193	149
2826	336,331	0,1	385,266	1,0	176	149
2827	904,801	0,0	922,662	0,3	263	149
2830	5,2	253,262	2,2	211,100	189	149
2831	10,2	5,6	6,2	8,2	273	149
2832	22,4	159,98	6,3	92,54	273	149
2836	2,6	0,0	6,0	1,2	165	149
2837	5,4	66,63	3,2	175,91	199	149
2839	4,4	79,45	2,1	127,73	200	149
2848	9,3	1,0	5,2	0,0	241	149
2849	5,2	1,0	5,1	0,0	203	149
2850	7,3	22,14	7,2	67,33	241	149
2851	7,3	8,7	5,2	14,6	241	149
2855	21,41	170,159	30,15	173,115	153	149
2857	40,41	597,535	28,33	741,584	164	149
2858	305,303	44,19	356,262	32,33	207	149
2859	922,830	18,6	1076,796	18,14	320	149
2860	1546,1383	0,0	1844,1309	1,0	446	149
2861	862,797	44,19	1069,813	32,33	192	149
2862	1479,1324	18,6	1789,1347	18,14	305	149
2863	2103,1877	0,0	2557,1860	1,0	431	149
2864	661,546	18,6	752,567	18,14	262	149
2865	1285,1099	0,0	1520,1080	1,0	388	149
2866	642,559	0,0	786,527	1,0	275	149
2867	166,155	239,253	143,81	354,203	167	149
2868	1,1	25,13	0,1	35,11	161	149
2869	403,287	41,18	660,524	65,59	188	149
2870	56,48	10,3	77,53	5,10	200	149
2871	225,158	0,0	336,270	0,2	222	149
2872	5,7	73,53	9,5	92,69	218	149
2874	1,0	83,72	1,1	204,121	194	149
2875	22,19	76,60	30,4	148,138	274	149
2876	23,14	76,60	26,3	148,138	277	149
2877	2,1	1,6	1,1	5,2	152	149
2878	153,133	2,2	212,146	1,0	197	149
2879	179,145	1,0	238,164	1,3	1267	149
2880	42,40	131,119	18,17	197,154	728	149
2881	14,6	0,0	28,25	0,2	153	149
2883	3,2	90,78	1,0	142,106	203	149
2884	1,6	193,190	1,0	270,170	184	149
2891	25,13	14,11	45,23	19,5	152	149
2892	198,178	60,67	122,87	42,31	152	149
2896	0,0	1,0	0,1	0,0	176	149
2897	1,0	16,13	0,1	9,9	176	149
2898	0,1	15,6	0,1	7,5	176	149
2899	213,146	2,0	171,132	0,0	225	149
2901	171,144	274,249	228,177	377,283	152	149
2902	539,357	3,1	540,422	4,1	152	149
2903	189,117	27,26	158,102	30,13	290	149
2904	1,1	11,8	1,1	1,1	165	149
2905	9,2	1,4	4,1	3,1	188	149
2906	19,9	1,4	4,1	3,1	172	149
2907	9,7	319,267	2,7	427,250	230	149
2908	151,143	9,1	177,111	4,0	240	149
2909	2,1	181,167	1,0	177,125	172	149
2910	13,11	22,7	5,2	9,8	204	149
2918	475,378	0,7	588,418	0,1	219	149
2922	2000,1700	0,1	2362,1627	0,0	153	149
2923	248,232	0,0	381,269	0,1	205	149
2924	302,231	4,11	434,288	4,4	212	149
2926	2,0	8,14	2,1	2,6	167	149
2932	1,0	0,0	0,0	3,2	189	149
2940	79,90	0,4	74,51	0,2	1150	149
2941	6,4	3,2	3,0	3,1	458	149
2943	382,347	29,18	337,268	22,12	194	149
2944	105,87	1,0	92,81	3,0	152	149
2945	118,93	7,9	91,81	2,0	152	149
2946	2776,2435	1168,1151	2558,2021	1202,924	152	149
2947	5337,4998	2,0	3666,2666	0,0	3535	149
2948	66,56	2145,1882	90,64	2471,2059	152	149
2949	1085,918	4,6	1100,844	6,5	257	149
2950	403,300	1,0	610,450	0,0	176	149
2951	12,16	6,12	18,3	5,2	342	149
2953	20,7	3,6	12,6	8,6	248	149
2954	0,7	8,6	4,2	5,7	234	149
2955	35,29	0,2	21,22	0,0	364	149
2957	2,4	20,22	0,2	10,10	152	149
2959	7,4	0,2	11,2	1,3	156	149
2964	70,56	69,62	66,37	70,47	190	149
2970	0,1	41,32	1,0	37,28	166	149
2971	105,69	0,1	82,76	0,0	406	149
2972	27,21	34,30	7,4	22,18	401	149
2973	329,366	1,0	541,327	0,0	154	149
2974	366,392	0,1	581,359	0,0	531	149
2975	471,405	0,0	971,747	2,0	197	149
2977	3,8	2,2	4,5	1,7	152	149
2978	481,439	1,3	973,514	2,9	228	149
2979	457,405	6,0	560,441	0,0	965	149
2980	173,156	0,0	394,206	0,1	228	149
2981	28,17	312,264	25,14	664,404	199	149
2982	530,397	0,0	1099,902	0,1	154	149
2983	100,81	350,289	134,90	660,523	387	149
2995	1,0	20,17	2,0	7,9	176	149
2996	1,0	6,6	2,0	0,0	179	149
2997	20,17	6,6	7,9	0,0	152	149
2998	0,0	1,4	1,0	0,0	153	149
2999	4,2	144,169	1,2	116,97	164	149
3000	4,1	7,4	0,0	7,5	152	149
3001	996,984	24,38	598,437	7,4	172	149
3002	31,30	2,0	17,11	0,0	167	149
3003	178,164	994,889	71,56	722,527	167	149
3006	542,649	6,9	268,194	0,0	420	149
3007	7,29	167,266	4,1	25,17	152	149
3008	14,47	0,1	5,1	1,0	158	149
3009	174,284	0,1	26,17	1,0	155	149
3010	198,210	10,4	153,132	1,1	169	149
3011	214,235	33,40	163,139	23,17	172	149
3012	26,29	33,40	11,8	23,17	152	149
3013	82,91	2,0	65,54	0,0	169	149
3014	98,116	8,10	75,61	2,4	172	149
3015	18,25	8,10	10,7	2,4	152	149
3017	53,38	6,5	35,19	7,1	173	149
3018	360,325	7,0	489,386	0,0	312	149
3019	765,649	10,15	888,687	22,5	1270	149
3020	24,27	8,3	22,13	2,0	1270	149
3021	588,548	4,2	922,674	2,0	154	149
3025	4,0	24,16	0,2	20,12	160	149
3026	130,120	2,2	162,108	6,0	153	149
3029	21,18	126,105	20,22	204,168	278	149
3035	1,0	1,0	4,2	0,0	190	149
3036	11,8	1,0	5,5	2,1	156	149
3037	479,354	11,9	517,318	6,8	199	149
3038	223,192	3,0	226,116	0,0	187	149
3039	312,215	1,0	347,235	0,2	212	149
3050	1,0	128,119	1,0	202,150	171	149
3051	140,121	18,18	145,117	19,27	154	149
3101	4,8	0,5	4,7	0,1	154	149
3103	101,73	2,0	122,78	0,0	154	149
3104	5,7	1,0	4,6	1,0	287	149
3106	678,511	8,8	1567,1100	5,3	241	149
3107	510,397	4397,4047	208,184	7679,5617	329	149
3108	366,290	2,0	179,137	1,0	329	149
3112	3,0	2,0	1,6	7,0	177	149
3113	79,99	0,0	105,60	2,0	215	149
3114	63,68	0,0	55,46	2,0	218	149
3115	22,18	38,49	13,17	63,31	152	149
3116	1,1	0,2	1,2	0,0	152	149
3117	35,41	16,15	27,26	13,6	152	149
3119	108,62	1,0	68,71	4,0	158	149
3121	285,213	3,6	402,276	9,6	152	149
3122	530,501	1,2	717,490	0,0	1275	149
3123	147,130	2,1	218,201	0,1	152	149
3126	251,199	1,0	228,181	1,0	157	149
3127	551,426	149,85	848,668	215,160	152	149
3128	760,624	7,7	1157,803	13,8	152	149
3129	407,306	10,7	568,411	12,12	220	149
3130	3,2	2,1	0,0	0,2	593	149
3133	51,59	0,0	44,8	1,0	209	149
3134	276,242	5,1	293,239	2,1	319	149
3135	3,1	61,50	1,2	69,44	177	149
3136	37,24	4,6	27,15	12,8	262	149
3140	0,1	1,0	0,1	0,2	507	149
3142	6,4	118,116	5,0	156,140	658	149
3143	12,11	1,2	16,12	1,2	668	149
3144	1,0	118,116	0,0	156,140	165	149
3145	7,7	1,2	11,12	1,2	175	149
3146	124,123	1,2	167,152	1,2	159	149
3148	4,5	3,2	4,6	6,1	152	149
3149	4,6	97,77	10,5	131,84	152	149
3150	55,51	2,0	34,26	0,1	330	149
3151	1,1	5,1	0,2	7,1	182	149
3153	88,52	267,325	38,6	268,168	266	149
3154	271,281	49,54	242,167	74,39	167	149
3155	2,3	97,94	1,1	104,58	283	149
3161	5,2	104,105	2,3	117,66	179	149
3162	37,47	863,732	31,17	1215,984	252	149
3163	1,0	27,35	0,0	4,4	191	149
3165	21,25	13,19	19,15	30,29	199	149
3166	9,8	0,0	15,12	2,0	199	149
3167	13,37	7,14	3,0	2,0	213	149
3168	0,1	0,0	0,4	0,6	154	149
3170	0,2	0,4	1,0	1,0	153	149
3171	7,12	2,1	14,3	0,0	176	149
3176	0,2	2,0	0,1	0,0	152	149
3177	44,50	2,0	43,30	0,0	574	149
3180	1,0	4,2	0,0	2,0	152	149
3182	580,459	8,14	799,607	25,14	506	149
3183	870,813	13,3	1074,846	12,8	841	149
3184	190,175	19,14	233,146	34,13	257	149
3185	377,336	188,167	405,279	266,221	257	149
3186	53,66	254,263	54,33	248,180	187	149
3187	353,413	254,263	393,250	248,180	379	149
3188	300,351	0,4	339,217	0,0	341	149
3189	203,281	0,8	114,60	2,0	356	149
3204	59,63	1283,1384	43,35	1507,963	218	149
3206	123,112	3,1	118,95	2,0	152	149
3207	2,2	4,3	6,0	1,3	154	149
3208	7,6	178,132	14,11	188,135	167	149
3209	114,61	0,3	119,58	1,0	225	149
3210	9,7	178,132	9,14	188,135	162	149
3211	116,62	0,3	114,61	1,0	220	149
3212	285,187	0,3	293,182	1,0	207	149
3213	284,252	15,9	432,254	8,5	153	149
3214	354,297	22,14	400,309	13,1	389	149
3215	10,29	339,386	15,13	370,322	171	149
3216	2,4	2,0	1,1	0,0	339	149
3217	2,4	0,2	1,1	0,0	343	149
3219	30,11	4,5	16,9	4,4	152	149
3220	2,7	4,4	7,0	0,1	382	149
3222	6,7	82,81	2,1	60,41	152	149
3224	60,87	3,1	42,38	0,0	440	149
3225	39,54	0,1	20,6	0,0	423	149
3226	34,35	0,2	63,33	1,0	868	149
3227	4,2	26,29	0,5	18,9	162	149
3235	6,12	165,215	9,7	194,164	167	149
3236	53,41	30,30	46,41	18,13	444	149
3237	99,144	3,5	60,39	0,1	209	149
3240	729,785	5,5	1007,546	0,0	376	149
3241	546,513	2,18	765,492	5,6	188	149
3243	127,117	0,2	73,103	0,0	1432	149
3246	121,104	1,1	72,64	3,1	367	149
3248	320,270	0,2	353,215	2,2	207	149
3249	251,248	1,1	238,164	0,4	824	149
3251	321,264	2,2	350,247	1,2	156	149
3252	170,186	19,10	224,136	18,12	176	149
3254	29,28	4,1	20,11	4,3	183	149
3255	259,184	4,1	234,226	4,3	405	149
3256	231,156	1,0	214,215	0,0	371	149
3257	114,97	148,138	123,93	177,140	421	149
3259	3,13	85,92	2,0	50,36	271	149
3260	0,3	0,1	0,2	4,2	167	149
3264	3,6	0,1	11,6	6,0	229	149
3268	0,3	2,6	4,4	8,4	331	149
3270	0,0	0,1	2,1	6,0	179	149
3272	13,24	9,9	4,1	10,2	266	149
3273	2,2	0,3	0,1	2,0	159	149
3274	5,3	1,0	0,2	1,3	162	149
3275	3,4	1,0	2,1	1,3	152	149
3276	33,35	1,0	35,6	0,0	188	149
3279	37,50	1,0	29,5	0,0	305	149
3280	2,3	9,9	0,0	10,2	190	149
3281	26,29	1,0	25,4	0,0	229	149
3282	52,32	3,3	37,27	5,4	162	149
3283	205,213	0,2	184,136	1,0	1056	149
3285	0,0	2,2	0,2	5,0	176	149
3290	2,1	49,30	0,1	37,26	324	149
3291	2,2	1,2	0,1	1,0	334	149
3292	5,3	3,3	0,2	5,4	337	149
3293	49,31	1,2	37,26	1,0	159	149
3294	4,3	3,3	1,1	5,4	152	149
3295	0,1	1,0	0,0	0,1	159	149
3305	1,3	0,2	3,1	0,0	432	149
3306	3,6	12,16	6,2	6,2	512	149
3307	3,7	1,0	6,2	0,0	517	149
3308	2,5	12,16	3,1	6,2	229	149
3309	2,6	1,0	3,1	0,0	234	149
3310	12,17	1,0	6,2	0,0	154	149
3312	93,75	0,0	58,46	2,0	358	149
3313	1,0	62,51	0,0	34,36	163	149
3316	37,38	8,4	83,48	9,2	152	149
3317	76,47	1,1	85,68	1,2	205	149
3319	39,27	12,12	61,44	23,9	152	149
3320	59,41	2,6	114,52	8,2	152	149
3321	31,24	12,6	82,46	23,14	152	149
3322	12,8	0,0	14,15	0,1	162	149
3323	18,16	0,0	28,18	0,2	162	149
3331	1,2	3,10	3,0	2,9	217	149
3335	102,89	5,1	84,48	2,1	220	149
3341	19,11	1,0	24,9	0,0	927	149
3365	46,44	0,1	65,53	3,2	154	149
3366	436,341	4,3	965,759	16,6	785	149
3368	11,23	85,80	21,12	144,79	297	149
3372	4,2	5,10	0,0	2,3	223	149
3373	0,1	6,3	1,0	0,3	187	149
3375	3,4	9,9	0,2	15,6	252	149
3377	21,26	1,0	18,12	0,0	535	149
3378	1,3	75,62	0,2	151,81	166	149
3379	2,5	33,16	3,3	55,47	169	149
3380	76,64	33,16	154,82	55,47	152	149
3382	1,3	3,1	2,2	2,2	229	149
3383	14,15	0,1	3,1	0,1	268	149
3384	2,5	283,297	4,5	574,471	229	149
3385	78,82	1,2	156,116	4,5	291	149
3386	359,374	1,2	726,582	4,5	211	149
3387	174,158	12,2	286,236	14,14	152	149
3397	399,438	2,0	416,232	0,0	1309	149
3399	15,8	125,117	2,8	164,99	227	149
3400	122,98	20,18	142,102	44,22	152	149
3401	199,158	2,1	198,151	2,0	820	149
3405	2,0	0,1	0,0	3,8	170	149
3408	26,19	5,2	17,17	4,0	750	149
3409	12,5	2,3	19,10	0,0	339	149
3418	3,2	1,1	0,1	0,2	174	149
3419	4,2	1,1	0,0	0,2	178	149
3420	3,0	2,0	0,0	0,1	153	149
3425	4,3	51,22	10,1	49,41	229	149
3436	10,12	82,57	5,3	87,53	171	149
3437	10004,7717	3,0	18540,14359	0,0	763	149
3438	143,117	9,5	179,138	4,8	180	149
3439	291,247	9,5	220,172	4,8	512	149
3440	281,235	133,105	207,164	166,130	481	149
3441	24,14	150,111	14,14	149,100	162	149
3442	54,30	150,111	33,33	149,100	171	149
3443	33,19	3,3	27,23	8,4	158	149
3444	21,11	7,4	6,10	3,1	162	149
3445	29,16	7,4	10,22	3,1	171	149
3447	158,148	82,79	148,105	55,49	324	149
3450	4,3	124,104	1,3	150,94	156	149
3452	1349,1668	10,1	1275,849	4,0	821	149
3453	128,102	2515,2291	146,84	4090,3128	1645	149
3454	2147,2162	2,0	3148,2300	1,0	2088	149
3456	38,58	1,0	113,75	2,0	162	149
3457	433,461	5,3	640,448	11,3	185	149
3459	42,29	8,3	48,34	11,7	152	149
3460	1348,1162	1,0	2210,1543	2,2	455	149
3461	2092,1723	9,10	3467,2449	15,16	242	149
3462	66,76	342,313	61,51	560,516	534	149
3463	10,19	352,325	16,8	679,408	246	149
3464	2,8	3,2	9,3	1,0	246	149
3465	60,47	233,225	42,26	309,233	789	149
3466	110,95	2,1	122,66	0,0	814	149
3467	283,273	2,1	389,273	0,0	174	149
3468	63,60	0,2	101,46	0,0	174	149
3469	551,539	0,2	1107,824	2,3	254	149
3470	4,3	222,228	5,0	520,408	174	149
3474	1,0	21,35	0,1	30,23	183	149
3475	48,54	0,2	59,46	0,0	154	149
3477	5,7	72,80	4,2	70,64	194	149
3478	3,0	32,32	1,0	62,41	172	149
3479	161,112	1,1	148,130	0,1	196	149
3481	35,27	0,0	28,15	0,2	152	149
3482	68,27	1,4	36,28	5,1	152	149
3483	63,37	0,1	46,55	0,0	243	149
3484	87,65	2,0	93,65	0,0	162	149
3485	36,25	3,6	20,11	1,1	152	149
3487	0,1	0,2	3,2	0,0	172	149
3493	88,115	1,0	64,42	0,0	218	149
3494	32,33	4,2	20,16	0,0	187	149
3495	163,201	4,2	109,73	0,0	421	149
3496	132,168	1,0	89,57	0,0	383	149
3497	14,21	92,118	11,11	48,38	162	149
3498	1,8	173,150	0,0	131,84	227	149
3499	11,4	97,105	3,0	62,41	160	149
3500	18,6	97,105	16,6	62,41	492	149
3501	17,5	10,3	16,6	3,0	481	149
3502	66,56	1,1	25,14	0,0	188	149
3503	2148,1736	4,1	2223,1745	3,1	2075	149
3504	242,175	36,57	236,190	48,45	152	149
3505	15,14	5,4	30,16	2,6	169	149
3506	12,12	82,68	17,13	91,119	238	149
3511	38,54	505,419	9,19	133,74	501	149
3512	614,546	6,12	166,93	0,0	342	149
3513	8,9	432,377	14,8	457,324	191	149
3514	218,232	41,66	245,163	31,29	523	149
3515	7,6	10,17	2,4	5,9	152	149
3524	278,382	2,1	245,143	0,0	274	149
3525	384,378	9,2	410,298	2,2	173	149
3527	111,98	96,87	128,95	125,82	152	149
3528	11,4	35,26	8,1	61,34	154	149
3529	0,0	40,24	1,0	71,38	185	149
3532	21,17	226,188	13,9	460,292	301	149
3533	23,11	323,274	15,9	325,222	162	149
3535	183,123	650,554	135,105	798,592	727	149
3536	16,13	668,479	17,2	1101,683	192	149
3537	18,20	6,6	22,12	4,3	242	149
3538	18,20	321,349	22,13	448,334	242	149
3539	18,20	321,349	22,11	448,334	182	149
3541	164,153	353,301	153,80	287,190	152	149
3542	180,137	0,2	119,74	0,0	154	149
3543	2,6	11,15	3,2	19,2	172	149
3544	27,15	42,38	21,27	63,45	364	149
3545	1,2	0,1	5,4	2,0	253	149
3550	19,33	1,2	6,3	2,0	152	149
3552	2,0	0,0	0,0	0,4	237	149
3555	1518,1087	15,3	2381,1842	19,9	189	149
3558	150,135	6,4	58,61	0,3	270	149
3559	8060,6582	6,4	13184,9394	0,3	563	149
3560	7934,6482	24,35	13127,9333	1,0	442	149
3561	0,1	2,2	4,1	4,2	152	149
3565	12,25	14,13	52,21	48,24	182	149
3570	2142,1790	9,2	1948,1368	0,0	3437	149
3571	2044,1738	3,8	1904,1347	0,0	153	149
3572	12,5	0,0	16,13	4,0	220	149
3573	21,7	1,1	19,15	0,2	297	149
3574	9,2	1,1	7,2	0,2	226	149
3575	232,209	0,1	294,200	0,1	1540	149
3576	59,44	895,797	64,57	1169,996	470	149
3580	307,274	0,2	355,300	1,0	411	149
3581	107,128	14,14	89,94	7,6	218	149
3582	195,125	74,43	228,174	103,72	203	149
3583	3,3	0,0	7,2	0,3	170	149
3584	11,7	365,284	15,3	549,390	170	149
3585	33,24	68,80	24,18	66,31	176	149
3586	43,25	49,37	51,24	48,49	173	149
3588	9,11	117,63	19,19	185,122	234	149
3589	46,21	9,34	32,28	18,11	156	149
3590	159,137	2,0	109,74	0,0	197	149
3592	131,113	1,0	65,61	0,0	163	149
3596	7,12	1,6	1,3	0,0	1222	149
3597	37,34	2,0	38,13	0,0	153	149
3598	707,586	0,0	894,683	2,0	889	149
3599	84,77	654,537	64,36	984,799	560	149
3600	16,17	591,498	13,14	1099,923	163	149
3601	1049,898	54,36	1782,1517	16,9	648	149
3603	3,0	13,8	4,0	13,7	172	149
3604	2,2	19,14	8,2	24,11	237	149
3606	7,0	5,10	1,0	15,9	151	149
3607	59,43	23,16	65,40	41,33	152	149
3608	3,4	1,0	2,0	1,0	152	149
3611	101,68	120,107	208,169	230,151	170	149
3612	9,16	2,3	21,33	0,0	170	149
3613	4,6	352,250	7,0	802,631	201	149
3616	86,64	10,7	72,60	6,6	153	149
3617	4,4	0,0	1,0	1,0	153	149
3623	32,22	331,288	31,30	506,376	234	149
3625	26,9	14,18	6,2	4,2	232	149
3626	64,65	0,2	27,31	0,1	293	149
3629	129,102	2004,1652	101,92	1840,1417	170	149
3630	3577,2778	4,3	3936,3063	0,0	1178	149
3631	40,31	2866,2193	23,28	2631,1990	170	149
3632	146,120	1,0	93,81	0,2	174	149
3633	2972,2282	1,0	2701,2043	0,2	153	149
3634	2939,2257	10,7	2684,2030	4,9	881	149
3635	3505,2767	3,0	2810,2168	0,4	154	149
3637	6,5	2,5	4,3	0,3	152	149
3638	1,3	1,3	0,0	0,1	152	149
3640	3658,3333	2,0	5825,4412	0,1	336	149
3641	2970,2758	0,0	5163,3868	0,1	195	149
3644	0,0	0,1	2,1	0,0	161	149
3645	16,12	16,22	9,8	9,11	190	149
3646	1,8	22,23	3,5	29,24	206	149
3647	1,6	22,23	4,2	29,24	238	149
3648	0,3	0,5	1,1	0,4	181	149
3649	2,6	0,3	5,2	1,3	238	149
3650	150,132	0,0	136,80	1,0	155	149
3652	8,5	84,101	5,9	104,79	197	149
3653	34,32	80,43	44,28	114,90	152	149
3654	144,171	2,2	233,159	1,2	2116	149
3655	59,56	23,31	45,27	31,17	152	149
3656	15,4	844,717	6,7	782,650	243	149
3657	722,647	0,0	758,605	3,1	1174	149
3660	479,492	0,2	365,252	0,0	368	149
3661	504,507	3,8	375,256	7,1	152	149
3662	383,300	2,0	631,459	2,0	593	149
3664	30,12	335,295	22,22	631,460	374	149
3665	9,8	335,295	10,4	631,460	212	149
3666	16,16	11,3	17,3	7,10	493	149
3669	1,0	30,13	0,0	20,5	169	149
3671	30,13	0,1	20,5	0,0	153	149
3673	0,2	13,16	0,0	10,9	238	149
3674	49,56	7,2	44,31	1,0	488	149
3675	2,3	0,0	7,2	1,1	189	149
3676	4,4	1,5	7,1	3,4	189	149
3677	268,218	6,6	429,305	10,16	152	149
3678	267,230	1,0	482,321	5,0	152	149
3681	41,44	2,0	51,31	2,1	514	149
3682	71,74	0,1	96,98	6,1	164	149
3684	1794,1592	6,16	1782,1319	10,2	209	149
3685	13,7	46,30	6,3	7,25	164	149
3686	32,39	193,157	53,36	298,234	258	149
3689	145,106	10,4	316,151	12,1	192	149
3690	1,6	261,188	3,2	474,313	166	149
3691	877,787	1,7	1109,814	1,0	1861	149
3693	25,10	1,0	15,22	2,2	314	149
3696	3,6	16,34	1,0	21,2	270	149
3700	1,2	16,20	2,0	12,6	387	149
3705	76,57	3,1	127,98	1,0	152	149
3706	33,29	4,0	30,27	0,0	219	149
3711	2824,2105	2,0	4844,3694	2,8	272	149
3713	0,2	0,1	1,1	1,0	152	149
3714	2,7	0,3	4,0	4,0	392	149
3715	0,1	0,2	1,0	0,0	194	149
3722	4,4	0,4	9,10	9,3	152	149
3723	104,73	0,0	208,159	3,1	233	149
3724	206,138	15,6	479,340	24,20	233	149
3725	87,79	0,0	41,46	0,1	764	149
3737	60,77	62,73	94,103	80,65	1890	149
3742	8,5	127,110	4,5	128,115	230	149
3743	3,4	84,51	3,4	67,69	180	149
3744	732,704	2,0	504,413	0,0	2913	149
3748	159,143	1,0	179,181	2,0	171	149
3761	217,195	49,46	378,241	27,28	516	149
3762	591,466	0,3	729,593	1,2	264	149
3775	28,20	5,9	51,43	10,8	152	149
3776	2,1	303,271	9,3	735,528	173	149
3777	20,19	29,30	46,34	80,51	152	149
3778	1280,1018	29,30	3504,2236	80,51	741	149
3779	1278,1016	18,17	3499,2232	41,30	738	149
3780	21,9	5,1	20,16	6,5	152	149
3781	0,0	1,1	4,2	0,0	152	149
3783	0,1	27,11	3,2	35,45	162	149
3784	19,10	19,12	30,30	14,9	363	149
3785	21,6	0,1	18,9	2,0	253	149
3786	22,7	0,2	18,10	1,0	258	149
3787	1,2	0,2	2,1	1,0	154	149
3790	19,10	1,0	15,11	0,0	258	149
3791	1,1	1,0	0,1	0,0	154	149
3792	4,6	9,0	19,4	9,1	152	149
3793	0,5	2,6	5,0	2,1	152	149
3794	5,29	0,1	23,10	0,0	155	149
3795	15,15	49,36	26,16	76,85	178	149
3796	104,75	4,2	156,113	3,2	241	149
3797	1,0	60,54	4,4	131,67	2185	149
3798	1,0	11,14	8,4	33,30	2185	149
3799	0,2	0,0	7,6	1,0	256	149
3801	6,2	132,75	3,2	193,137	182	149
3802	303,215	0,3	480,315	0,3	2260	149
3803	102,100	12,14	220,118	42,6	152	149
3808	135,161	2,2	321,221	0,0	225	149
3809	5,4	286,277	4,5	488,346	172	149
3810	129,152	8,12	310,208	8,10	248	149
3811	151,171	5,1	345,239	4,3	259	149
3812	410,425	8,12	794,549	8,10	225	149
3813	432,444	5,1	829,580	4,3	236	149
3814	30,31	5,1	43,41	4,3	160	149
3815	15,33	190,134	13,12	228,141	195	149
3818	36,25	166,130	49,46	246,187	152	149
3836	139,146	2,0	328,262	1,0	442	149
3837	14,6	426,357	8,5	740,593	219	149
3838	480,434	2,2	906,657	4,5	201	149
3840	2,3	0,1	0,1	6,2	175	149
3841	12,6	256,231	4,2	312,242	206	149
3842	10,4	256,231	10,3	312,242	180	149
3843	1,1	1,1	3,3	1,0	163	149
3844	11,4	282,238	6,5	375,277	163	149
3846	3,2	1,2	0,0	2,0	152	149
3849	40,63	0,3	27,8	2,0	152	149
3852	6,10	1,0	19,10	0,0	154	149
3853	14,11	1,2	22,15	0,0	154	149
3854	19,7	1,3	7,6	3,3	168	149
3855	4,5	711,678	4,2	638,473	208	149
3858	14,39	1,1	30,7	0,0	190	149
3862	47,113	2,12	12,3	0,1	254	149
3863	4,4	50,53	9,5	122,91	244	149
3864	7,7	3,6	19,13	10,3	261	149
3865	53,56	3,6	132,99	10,3	166	149
3867	307,262	16,2	262,176	2,1	321	149
3868	1,0	2,0	0,2	0,0	162	149
3870	101,83	0,2	157,135	6,1	155	149
3871	362,349	6,5	347,300	0,4	214	149
3872	54,75	139,122	75,58	111,82	243	149
3873	47,66	22,33	68,51	15,14	243	149
3874	2,0	5,2	0,0	0,1	153	149
3877	439,336	69,67	447,422	75,42	197	149
3878	456,347	7,4	467,438	0,0	202	149
3879	86,78	7,4	95,58	0,0	154	149
3881	76,52	1,0	53,73	0,0	2074	149
3883	42,40	449,424	38,22	541,378	974	149
3884	77,51	0,0	53,73	2,0	2048	149
3887	2757,2426	19,8	2068,1473	6,3	288	149
3890	3,2	59,64	1,0	22,24	197	149
3891	39,26	4,10	16,9	5,1	153	149
3892	5,3	4,10	0,2	5,1	178	149
3893	3,2	37,25	0,1	16,8	174	149
3894	13,8	221,202	13,13	310,185	219	149
3895	827,837	27,17	725,506	31,26	210	149
3896	508,420	1,0	775,460	0,0	157	149
3897	596,620	10,7	785,519	8,4	159	149
3899	531,526	1,0	679,494	0,0	305	149
3901	1,7	734,636	11,12	783,554	662	149
3902	1,4	734,636	8,8	783,554	372	149
3903	573,522	0,2	655,413	0,0	154	149
3905	490,430	2,1	572,398	0,0	423	149
3906	17,9	759,660	10,11	879,656	170	149
3907	806,677	2,0	950,691	0,4	186	149
3918	126,116	0,0	172,191	1,1	154	149
3921	3,2	1,0	1,0	0,0	235	149
3924	95,100	0,0	128,106	0,1	233	149
3930	2,0	2,2	0,0	3,2	488	149
3932	39,24	1,0	43,38	0,0	226	149
3938	97,83	5,4	178,124	3,0	155	149
3939	239,160	3,7	421,319	0,0	239	149
3940	2,1	145,92	0,0	270,179	184	149
3941	4,3	5,8	2,3	15,16	187	149
3943	147,94	5,8	272,182	15,16	152	149
3950	19,13	758,645	41,19	970,727	191	149
3951	31,35	8,4	16,19	7,4	154	149
3952	4,1	1,0	3,1	1,1	164	149
3955	38,34	2,1	35,24	10,6	154	149
3960	58,62	6,0	52,47	0,0	1103	149
3961	10,8	1,3	6,1	0,0	365	149
3963	16,19	132,96	8,1	124,69	365	149
3964	165,103	1,1	118,69	0,0	161	149
3965	6,1	105,108	1,1	89,54	175	149
3966	211,191	1,0	188,114	0,0	1350	149
3967	185,158	1,0	196,158	0,0	181	149
3968	1,1	49,43	0,0	33,27	189	149
3969	49,38	38,31	62,39	39,23	152	149
3970	90,95	18,19	98,70	15,15	152	149
3972	210,196	1,0	163,115	1,0	184	149
3974	3,1	1,0	8,1	4,2	152	149
3975	1,2	0,1	3,0	3,2	180	149
3976	1343,1053	2,1	1305,1025	0,0	2862	149
3977	1073,898	2,3	1454,1057	6,1	275	149
3980	8920,8485	3,7	13179,8988	1,5	3527	149
3981	5,12	1275,1182	11,10	2066,1439	167	149
3988	112,101	2,0	142,75	0,0	153	149
3989	0,4	0,0	0,0	0,1	153	149
3990	17,17	0,0	21,11	0,2	172	149
3991	140,114	2,0	171,108	0,0	172	149
3993	16,16	0,1	21,11	0,0	172	149
3994	1,0	70,48	0,0	91,58	168	149
3995	91,81	1,2	121,90	1,0	152	149
3996	5,3	0,0	6,7	3,0	152	149
3997	578,487	4,1	1023,743	8,6	227	149
3998	77,57	2,6	77,44	5,3	153	149
4000	4547,3682	1,0	6563,5074	1,0	169	149
4001	106,85	2,0	226,204	7,2	153	149
4002	18,18	294,309	15,4	431,260	330	149
4003	740,545	13,12	1020,703	19,13	157	149
4004	23,11	433,346	9,12	473,363	182	149
4005	43,30	311,275	21,18	440,321	185	149
4006	120,85	25,24	77,74	25,21	197	149
4007	453,365	311,275	485,369	440,321	152	149
4008	530,420	25,24	541,425	25,21	164	149
4009	388,330	25,24	496,377	25,21	161	149
4034	139,116	4,2	193,113	0,0	470	149
4035	414,412	6,15	701,487	16,3	155	149
4036	1,1	100,71	0,0	165,113	229	149
4037	9,7	219,178	5,3	364,275	228	149
4049	2689,2068	0,1	3616,2843	0,0	305	149
4050	2,6	132,142	5,4	249,158	417	149
4051	5,4	248,221	4,1	338,253	174	149
4052	71,48	10,2	98,61	0,0	205	149
4053	314,265	10,2	432,313	0,0	180	149
4054	628,447	12,11	1007,676	8,5	151	149
4055	17,26	642,465	17,6	1149,710	168	149
4056	33,47	0,0	36,34	1,0	161	149
4057	126,95	1,0	146,83	0,0	192	149
4058	35,20	293,221	19,10	337,167	279	149
4059	158,107	5,5	162,91	4,0	322	149
4060	416,308	5,5	480,248	4,0	192	149
4061	5,9	147,102	1,3	198,142	165	149
4064	190,196	1,0	286,237	0,0	878	149
4066	284,280	0,0	377,266	1,0	973	149
4067	4,4	5,9	6,1	11,5	170	149
4068	116,83	2,0	167,120	0,0	178	149
4069	4,5	382,286	11,3	487,358	170	149
4070	578,395	40,37	832,610	46,30	181	149
4071	635,494	9,12	888,583	11,15	178	149
4072	313,251	5,6	395,306	13,2	3206	149
4073	82,89	0,2	92,48	0,0	226	149
4074	275,262	2,4	249,148	1,4	226	149
4075	315,243	1,0	255,163	0,4	275	149
4076	5,0	125,103	4,2	125,47	167	149
4077	21,19	2,2	6,2	2,0	198	149
4078	141,122	2,2	127,47	2,0	180	149
4079	70,51	86,64	41,25	96,52	174	149
4080	276,252	2,0	232,134	2,0	190	149
4081	4,1	201,143	3,1	244,204	174	149
4082	400,344	26,22	518,382	32,24	181	149
4083	275,263	16,13	342,234	7,17	153	149
4084	124,102	99,83	130,103	108,85	152	149
4085	2,3	1,0	5,1	2,0	178	149
4093	0,2	129,124	4,0	162,99	194	149
4094	59,37	123,78	32,16	102,101	650	149
4095	105,83	54,39	124,81	67,51	152	149
4096	1,1	4,5	0,3	5,3	210	149
4097	1,3	4,5	3,7	5,3	245	149
4098	6,11	4,5	5,6	5,3	273	149
4101	5,10	0,2	2,0	0,1	177	149
4103	4,2	4,3	3,5	3,1	846	149
4104	75,68	5,9	81,45	10,4	164	149
4105	203,155	0,0	159,114	2,0	2510	149
4106	23,8	10,0	7,2	1,8	258	149
4107	41,24	97,99	16,6	94,66	258	149
4109	170,156	12,5	342,261	2,2	223	149
4110	186,186	0,1	255,154	3,0	230	149
4111	347,294	0,1	428,294	3,0	233	149
4112	195,137	34,29	225,167	52,27	152	149
4113	79,97	1003,875	102,77	1299,1115	1432	149
4115	78,93	3,0	102,77	0,0	1432	149
4116	1141,1023	3,0	1414,1222	0,0	1978	149
4117	1063,930	0,0	1313,1146	1,1	695	149
4120	28,16	869,927	24,21	1115,768	173	149
4122	6,3	1,2	18,6	9,2	152	149
4123	0,4	0,0	6,3	1,0	152	149
4126	122,92	0,1	128,91	0,1	977	149
4127	8,7	70,61	0,1	48,47	167	149
4128	72,53	4,1	91,39	0,0	227	149
4130	88,127	63,102	50,24	39,16	152	149
4135	127,126	0,0	202,133	0,2	196	149
4136	24,28	155,183	30,28	210,143	152	149
4137	65,33	87,98	38,41	105,84	152	149
4138	248,194	0,0	365,275	3,1	272	149
4139	138,111	2,0	206,149	0,0	272	149
4143	134,176	3,1	107,75	0,0	155	149
4144	161,158	4,0	152,107	5,0	193	149
4147	2,4	0,2	1,6	5,0	169	149
4148	0,0	1,1	4,0	4,5	169	149
4151	0,1	0,8	1,0	11,3	167	149
4153	395,288	4,3	343,277	3,4	314	149
4154	333,234	5,4	314,255	4,4	314	149
4156	45,21	1,5	22,23	3,1	167	149
4157	304,266	2,2	458,329	0,1	209	149
4158	35,26	1,0	25,25	2,1	211	149
4159	13,6	195,147	8,5	337,181	207	149
4160	289,221	3,0	484,261	2,0	237	149
4161	96,81	0,2	149,80	0,0	237	149
4162	156,131	2,7	139,73	4,0	397	149
4163	17,6	281,206	7,14	287,280	190	149
4164	61,55	1,0	97,68	0,0	189	149
4165	9,6	175,162	2,4	253,194	165	149
4166	213,207	7,4	251,194	4,4	1335	149
4167	44,58	14,27	46,53	32,26	152	149
4168	268,279	305,259	266,214	223,193	192	149
4169	10,5	21,12	11,11	23,18	274	149
4170	125,134	0,8	147,86	1,0	206	149
4175	175,159	0,0	307,273	0,1	180	149
4179	18,18	86,47	0,1	16,7	346	149
4180	58,43	4,0	28,20	1,1	170	149
4181	54,41	337,286	37,26	333,210	152	149
4185	1,0	0,0	2,0	1,0	247	149
4189	24,11	13,11	26,30	9,10	392	149
4190	1,0	13,11	1,0	9,10	163	149
4192	3,1	0,0	4,4	1,0	187	149
4195	0,3	1,2	2,4	0,1	281	149
4198	103,89	46,39	90,58	45,22	152	149
4199	111,100	97,80	131,66	112,92	158	149
4201	2,3	2,2	3,9	0,0	154	149
4202	16,15	1,0	39,22	0,0	171	149
4204	304,281	4,1	223,164	0,0	203	149
4205	1,2	874,942	1,8	967,802	260	149
4223	5,1	12,6	0,2	16,12	171	149
4224	20,10	433,371	19,10	481,314	170	149
4228	299,310	49,63	257,258	82,52	414	149
4229	563,587	9,3	370,346	0,5	2249	149
4230	3266,2684	42,41	1660,1409	9,7	278	149
4231	2217,1978	6,14	919,785	0,0	650	149
4239	2,2	2,0	1,0	0,0	167	149
4243	19,12	0,2	4,9	0,0	411	149
4244	246,235	19,23	133,92	22,12	532	149
4245	10,7	20,8	3,3	6,2	194	149
4246	26,22	0,3	9,3	1,0	167	149
4247	289,230	52,55	173,131	54,58	152	149
4249	22,23	1,2	12,10	1,1	153	149
4256	11,18	208,228	17,23	354,255	153	149
4257	0,1	38,44	18,5	63,57	512	149
4265	129,107	0,0	86,45	4,0	157	149
4266	13,9	0,2	34,22	1,0	371	149
4267	643,552	0,0	752,524	1,0	292	149
4268	15,26	149,110	32,29	207,117	200	149
4269	35,31	45,35	58,24	57,29	228	149
4270	0,4	1,1	0,0	2,0	160	149
4272	28,12	91,85	60,38	147,112	177	149
4273	395,310	2,3	739,547	2,0	344	149
4275	51,37	1,0	74,42	5,1	155	149
4276	22,18	381,327	18,20	860,597	178	149
4278	8,5	257,274	9,1	258,175	169	149
4279	301,291	2,7	347,232	1,1	157	149
4281	6,0	228,217	0,0	285,215	166	149
4282	15,52	0,1	24,9	0,0	181	149
4284	33,29	480,434	17,10	275,193	208	149
4285	130,113	21,26	66,46	7,7	250	149
4286	577,518	21,26	324,229	7,7	191	149
4287	1290,1245	2,1	854,536	0,0	1341	149
4288	556,473	0,2	344,283	0,0	682	149
4289	576,486	8,10	384,287	8,6	200	149
4290	917,779	33,21	633,451	25,20	317	149
4291	349,303	33,21	257,170	25,20	266	149
4292	22,18	441,430	14,10	316,250	215	149
4293	485,469	2,1	339,270	0,0	393	149
4294	384,399	7,8	307,235	4,4	174	149
4295	47,21	26,27	72,41	19,13	177	149
4296	460,443	14,26	852,532	10,3	204	149
4297	551,517	0,5	1030,659	3,0	220	149
4298	105,100	0,5	188,130	3,0	165	149
4299	225,211	29,32	375,253	51,25	204	149
4300	316,285	1,0	553,380	0,0	220	149
4301	120,106	1,0	229,152	0,0	165	149
4302	0,1	1,6	0,0	2,0	163	149
4303	2,6	0,5	6,1	3,2	232	149
4305	1701,1611	27,18	1969,1399	10,19	178	149
4306	792,702	1,0	906,653	0,0	152	149
4307	890,843	5,3	759,568	1,5	514	149
4308	416,412	724,647	377,265	1065,751	211	149
4309	46,42	2,9	29,13	1,0	153	149
4310	6250,5611	1,0	4995,4002	0,0	1258	149
4311	16,17	460,419	20,13	758,546	317	149
4312	19,28	0,0	23,19	1,0	232	149
4313	11,11	0,0	7,12	1,2	259	149
4314	22,17	5,2	21,16	6,3	259	149
4316	134,91	505,396	71,55	834,658	1957	149
4317	488,471	15,17	759,533	4,6	174	149
4318	0,1	60,49	1,0	96,77	168	149
4319	12,19	0,0	18,7	1,5	173	149
4321	2,2	0,0	2,1	0,1	152	149
4328	98,83	0,0	129,104	1,0	985	149
4329	60,63	0,0	108,81	1,2	156	149
4330	2,0	162,113	2,3	184,127	210	149
4332	657,528	1,1	576,538	0,0	612	149
4333	657,528	2,0	573,536	0,0	612	149
4334	655,527	2,1	570,538	0,0	612	149
4335	531,452	20,21	726,472	12,21	228	149
4336	847,774	2,0	1129,793	0,0	435	149
4337	43,28	290,199	51,35	377,229	173	149
4338	503,549	4,1	608,402	0,0	319	149
4339	84,66	0,0	120,85	1,0	230	149
4340	925,812	16,6	1994,1326	13,16	223	149
4341	3143,2374	80,65	6900,4984	161,140	152	149
4343	513,467	47,35	640,480	52,39	395	149
4344	514,471	2726,2123	647,482	5576,3934	395	149
4345	1579,1405	2726,2123	1445,1086	5576,3934	642	149
4346	2,1	44,49	0,0	40,36	171	149
4347	4,0	55,50	2,0	47,38	176	149
4348	52,55	1,0	33,23	0,0	468	149
4349	471,402	27,22	794,612	23,16	233	149
4350	170,110	3,3	155,112	5,0	153	149
4352	411,374	1,0	636,448	0,0	450	149
4353	512,500	1,0	772,557	0,0	739	149
4354	5,4	0,0	1,0	2,0	152	149
4355	110,87	2,0	85,44	1,1	171	149
4356	127,100	3,3	164,105	1,0	171	149
4357	78,73	3,2	81,76	5,0	174	149
4359	3,2	18,25	0,0	9,14	165	149
4360	2,2	0,0	3,0	3,1	152	149
4361	17,19	9,9	12,13	0,1	152	149
4379	55,37	54,39	33,36	42,41	279	149
4380	53,37	14,17	33,36	27,19	279	149
4381	53,39	115,120	33,36	117,81	279	149
4382	44,26	1,1	56,41	2,0	188	149
4383	124,91	1,4	146,89	1,5	196	149
4384	16,17	75,43	17,26	132,74	192	149
4385	9,7	4,5	4,6	3,2	178	149
4388	27,40	522,459	30,31	784,521	347	149
4389	388,406	2,5	86,46	0,0	180	149
4390	133,201	38,44	18,11	3,2	257	149
4391	86,60	11,11	78,62	14,8	289	149
4392	3,5	204,226	3,1	341,197	173	149
4393	134,109	3,0	244,202	4,0	200	149
4394	2,1	9,2	1,0	0,0	152	149
4395	15,9	8,10	9,6	5,7	212	149
4396	22,10	8,10	8,6	5,7	209	149
4397	6,4	9,2	3,1	0,0	152	149
4398	19,12	6,2	11,7	6,0	212	149
4399	22,10	6,2	8,6	6,0	209	149
4400	0,2	2,4	1,0	0,0	152	149
4409	177,122	2,0	273,230	0,0	279	149
4410	53,28	146,118	36,28	222,154	180	149
4411	230,148	23,5	308,258	17,8	310	149
4412	323,238	23,5	494,384	17,8	279	149
4416	23,26	4,5	23,22	16,4	182	149
4417	123,120	54,38	120,89	61,35	1810	149
4418	19,28	148,123	14,15	200,144	272	149
4422	15,20	10,7	5,10	8,1	257	149
4429	84,52	2,1	109,76	7,5	152	149
4443	3,2	1,1	0,2	4,0	392	149
4444	220,227	1,1	399,273	0,0	637	149
4446	48,37	0,0	72,63	1,0	287	149
4447	22,13	2,0	14,21	0,0	2137	149
4450	21,23	8,6	6,7	4,1	175	149
4453	90,128	0,2	163,106	0,0	773	149
4456	0,0	2,2	2,0	0,0	207	149
4467	98,55	2,0	15,23	0,0	1475	149
4468	3,12	2,0	2,0	0,0	194	149
4474	162,128	0,0	183,146	0,1	155	149
4475	17,22	1,0	6,13	0,0	1822	149
4476	17,22	152,93	6,13	162,103	1843	149
4477	82,59	0,0	86,74	1,0	1903	149
4478	1,0	152,93	0,0	162,103	170	149
4479	66,37	0,0	80,61	1,0	230	149
4480	217,130	0,0	242,164	1,0	209	149
4482	28,21	38,77	28,18	100,44	204	149
4483	21,17	21,18	18,17	31,38	159	149
4484	17,11	2,9	19,9	1,1	204	149
4485	103,108	10,8	139,120	12,4	162	149
4489	47,61	0,1	98,54	2,0	1462	149
4490	4,4	17,41	2,2	51,30	176	149
4491	1,1	11,8	5,7	16,7	173	149
4492	1,1	45,37	2,2	46,41	208	149
4496	9,12	19,20	14,10	22,16	230	149
4498	91,60	11,2	125,115	7,1	182	149
4499	82,55	1,2	110,110	2,0	182	149
4500	162,131	0,2	222,155	0,0	204	149
4514	153,147	187,129	193,133	346,261	256	149
4515	75,57	137,130	129,112	307,219	152	149
4517	37,23	17,17	19,30	19,9	192	149
4519	19,20	2153,1999	18,13	3643,2702	236	149
4520	2349,2194	0,2	3817,2830	3,6	302	149
4522	17,29	1,2	14,7	2,0	296	149
4526	10,10	0,0	4,16	2,0	1761	149
4529	8,3	38,49	4,1	57,29	152	149
4530	3,0	1,0	1,0	0,0	152	149
4531	67,48	10,3	72,37	6,3	289	149
4540	80,93	63,35	167,132	65,48	152	149
4541	7,4	1,4	5,3	4,0	152	149
4542	2,9	4,6	9,4	7,0	152	149
4543	6,6	0,3	9,4	2,1	152	149
4544	216,136	7165,5463	177,184	10963,8686	314	149
4546	25,15	34,39	23,11	64,45	206	149
4556	0,1	2,2	2,0	5,2	286	149
4557	46,40	2,13	60,18	2,3	2085	149
4570	214,191	29,29	255,174	43,28	185	149
4571	271,304	85,106	307,220	144,87	386	149
4572	550,510	85,106	532,453	144,87	1113	149
4573	318,255	39,49	286,267	61,34	876	149
4574	6,7	10,8	4,11	5,4	152	149
4575	59,47	111,77	55,31	148,102	152	149
4576	3,2	70,56	1,0	98,48	173	149
4577	479,343	0,2	434,290	0,0	1731	149
4578	177,140	4,0	114,74	0,0	1131	149
4579	186,145	155,165	121,78	224,177	1170	149
4580	13,5	155,165	7,4	224,177	188	149
4581	222,212	12,8	279,205	12,6	186	149
4582	10,7	20,16	7,4	1,0	188	149
4583	113,123	6,8	184,117	9,11	154	149
4584	154,116	26,14	259,158	16,24	381	149
4590	10,14	0,4	35,25	0,2	164	149
4591	8,3	1511,1451	0,2	2539,1935	167	149
4592	369,320	15,1	344,292	1,0	274	149
4593	6,3	0,1	0,3	0,0	210	149
4595	35,52	334,354	16,10	484,315	658	149
4596	418,402	0,1	516,346	0,0	901	149
4597	470,448	2,0	529,367	0,0	1189	149
4598	52,51	2,0	15,23	0,0	437	149
4600	319,315	0,0	414,289	2,0	158	149
4601	352,348	0,3	415,297	1,0	437	149
4603	35,41	1320,1144	61,35	2352,1610	1450	149
4604	4,6	2,1	0,1	2,2	170	149
4605	2404,1867	3,6	4226,2897	20,7	167	149
4609	7,7	0,0	5,4	2,0	153	149
4610	0,0	7,9	2,0	14,6	157	149
4613	27,26	82,87	24,14	80,83	169	149
4614	151,92	0,1	199,112	2,0	171	149
4628	867,792	2,0	1160,840	0,0	261	149
4631	343,265	3,2	297,222	1,0	158	149
4632	20,40	342,325	11,9	443,400	512	149
4633	596,474	1,1	809,664	0,2	177	149
4634	118,85	1,1	188,163	0,2	315	149
4635	5,7	483,396	4,1	625,502	287	149
4636	80,52	709,656	78,65	883,617	152	149
4637	3,3	1,4	2,3	1,4	162	149
4638	7,4	2,5	4,4	1,2	206	149
4639	8,4	5,10	4,4	9,10	219	149
4640	5,5	2,5	3,5	1,2	193	149
4641	6,5	5,10	3,5	9,10	206	149
4642	3,5	5,10	1,2	9,10	162	149
4643	1,2	5,5	1,0	0,3	162	149
4644	5,1	5,5	3,1	0,3	206	149
4645	11,4	28,13	5,10	15,22	193	149
4657	0,2	19,13	2,1	14,6	212	149
4659	40,35	6,8	23,13	1,2	753	149
4660	3,1	10,9	0,0	6,6	197	149
4661	7,5	7,19	0,0	2,3	178	149
4663	18,24	3407,3089	18,18	5791,4535	172	149
4664	5223,4817	62,39	9192,7012	63,50	176	149
4665	725,634	0,0	1328,1052	1,0	176	149
4684	16,9	182,151	0,3	108,114	163	149
4685	13,4	5,4	1,3	0,0	152	149
4686	329,288	250,197	275,224	175,179	152	149
4691	100,72	1,0	94,76	0,0	197	149
4692	271,220	1,0	244,169	0,0	217	149
4693	173,152	2,4	153,93	3,0	169	149
4694	422,416	4,8	545,309	0,4	231	149
4695	6,1	212,219	1,5	248,182	853	149
4696	200,182	13,12	234,156	25,10	169	149
4701	6,9	0,0	8,3	2,0	152	149
4702	289,270	2,0	245,154	0,0	499	149
4703	30,23	1,0	11,2	0,2	442	149
4705	30,23	1,0	11,2	0,2	486	149
4706	22,19	1,0	11,2	0,2	340	149
4712	8,10	0,6	3,4	4,2	341	149
4716	8,10	0,6	4,4	4,2	338	149
4727	2,3	17,20	0,0	7,12	248	149
4728	115,98	3,1	107,60	1,0	1013	149
4729	600,426	2,3	830,571	0,0	317	149
4730	631,448	2,0	885,596	1,1	620	149
4731	11,3	453,356	16,4	741,523	167	149
4732	804,602	3,3	1285,902	2,0	452	149
4733	1,0	6,3	2,0	15,2	186	149
4734	90,95	2,8	76,45	3,4	286	149
4745	19,20	2,1	14,15	2,3	152	149
4751	291,219	2449,2148	252,192	3628,2873	435	149
4752	288,219	3,0	250,190	0,1	435	149
4754	3033,2878	19,14	3988,2720	23,8	196	149
4757	94,107	7,18	148,89	8,5	207	149
4763	167,135	0,2	144,75	0,0	881	149
4782	260,220	2,2	364,292	2,3	173	149
4784	92,86	93,78	89,58	103,74	152	149
4785	21,15	4,8	19,11	7,5	152	149
4786	2,3	36,56	4,1	45,26	263	149
4787	7,5	20,38	3,2	6,8	202	149
4788	5,7	2,4	2,0	0,1	219	149
4789	71,56	61,47	51,59	73,55	231	149
4790	50,50	0,0	49,46	0,2	231	149
4792	22,32	10,4	56,28	10,2	163	149
4793	572,469	5,1	947,667	1,1	1587	149
4794	244,185	6,5	317,265	9,3	227	149
4795	334,235	237,187	227,158	202,143	152	149
4796	11,10	0,0	6,5	2,0	152	149
4797	11,10	1,0	6,5	0,0	152	149
4798	69,59	87,61	54,35	28,18	171	149
4799	40,16	223,148	14,13	234,194	171	149
4800	588,516	40,34	726,581	33,38	152	149
4802	673,489	0,0	1036,790	0,2	506	149
4803	295,228	3,4	330,276	4,5	202	149
4804	1048,806	3,4	1270,886	4,5	222	149
4805	770,586	17,8	955,629	15,19	169	149
4806	680,596	147,150	904,625	202,132	188	149
4807	581,540	1,0	754,546	0,0	1123	149
4808	3,2	8,6	1,1	1,4	195	149
4809	1,12	83,82	2,1	102,53	195	149
4810	267,253	0,4	360,228	0,0	1002	149
4812	147,124	1,0	170,153	0,0	154	149
4815	1730,1499	0,2	2383,1511	0,0	485	149
4816	1704,1642	4,0	1932,1414	2,0	296	149
4817	158,152	819,787	199,141	1052,849	164	149
4818	838,772	9,6	1148,833	0,2	258	149
4819	1499,1407	9,6	2001,1541	0,2	243	149
4820	1930,1733	13,13	3291,2693	35,22	164	149
4821	243,217	13,13	385,324	35,22	196	149
4822	125,100	1812,1616	195,176	3101,2545	181	149
4823	44,40	1,0	62,49	1,0	155	149
4824	710,729	1,0	1024,713	1,0	157	149
4825	666,689	0,0	964,665	2,1	151	149
4826	85,106	1,1	150,95	2,8	156	149
4836	21,16	1,0	12,13	2,2	156	149
4838	963,937	2,2	1140,782	0,1	1007	149
4839	1493,1303	269,227	1884,1467	242,242	228	149
4840	2515,2305	276,221	3226,2487	262,250	443	149
4841	1165,1019	776,720	1302,1053	934,724	202	149
4843	1882,1602	269,227	2252,1796	242,242	281	149
4844	334,260	776,720	410,326	934,724	198	149
4845	1051,843	269,227	1360,1069	242,242	277	149
4846	958,933	0,2	1204,869	2,2	627	149
4847	999,968	6,5	1237,891	3,5	679	149
4848	1066,1023	1486,1406	1311,931	1877,1498	753	149
4849	1388,1307	0,0	1715,1208	3,0	770	149
4850	41,37	6,5	35,24	3,5	201	149
4851	108,92	1486,1406	109,64	1877,1498	275	149
4852	430,376	0,0	513,341	3,0	292	149
4853	73,60	1486,1406	77,45	1877,1498	223	149
4854	395,344	0,0	481,322	3,0	240	149
4855	1808,1690	0,0	2281,1775	3,0	166	149
4856	106,72	1423,1198	110,61	1883,1493	223	149
4857	42,35	39,17	37,24	36,21	201	149
4858	109,90	1423,1198	111,64	1883,1493	275	149
4859	431,374	2,0	515,341	0,0	292	149
4860	428,356	2,0	514,338	0,0	240	149
4861	1745,1482	2,0	2287,1770	0,0	166	149
4862	2495,2289	0,0	3201,2474	1,0	432	149
4863	20,16	276,221	26,13	262,250	160	149
4864	27,37	2179,2016	39,33	2878,2231	160	149
4865	31,9	33,15	33,22	44,24	152	149
4879	21,18	1,0	26,12	0,0	158	149
4880	11,10	0,1	24,21	0,1	176	149
4883	29,30	3,5	63,42	7,5	153	149
4884	1202,991	4,0	2089,1639	4,1	155	149
4885	0,3	0,2	2,0	2,0	152	149
4887	18,17	0,0	50,29	1,0	313	149
4893	189,175	3,0	3,0	0,0	196	149
4894	38,27	661,578	0,0	0,3	164	149
4896	225,199	48,34	3,0	0,0	211	149
4898	848,750	48,34	3,3	0,0	196	149
4899	139,142	48,34	3,0	0,0	191	149
4901	89,64	28,23	1,0	0,0	247	149
4903	2,0	97,90	1,0	76,68	158	149
4904	6,0	292,239	1,0	287,189	170	149
4905	101,90	292,239	76,68	287,189	161	149
4906	297,248	16,16	472,288	3,0	623	149
4907	43,21	4,1	25,22	0,3	168	149
4908	43,48	49,35	21,23	34,33	311	149
4909	273,320	9,10	431,319	7,5	287	149
4910	2,5	165,200	0,0	112,121	185	149
4911	0,0	32,39	1,1	29,20	173	149
4920	60,47	43,37	63,72	81,39	1491	149
4921	41,45	12,7	55,22	7,2	152	149
4928	5,11	251,182	5,2	320,289	237	149
4930	167,141	0,2	173,143	0,1	179	149
4931	77,40	0,2	89,61	0,1	182	149
4932	29,35	0,2	23,33	0,1	285	149
4933	53,17	143,118	68,35	152,117	152	149
4934	5,12	143,118	2,7	152,117	255	149
4935	4,12	52,17	1,7	67,35	252	149
4936	9,10	119,72	4,6	111,97	1798	149
4937	118,97	27,12	159,114	45,48	299	149
4950	25,13	266,193	11,12	217,147	170	149
4951	0,3	80,61	2,0	86,58	169	149
4952	3,4	7,2	0,4	4,1	167	149
4957	11,10	102,94	9,2	85,59	161	149
4959	0,0	0,1	1,0	0,0	798	149
4961	67,51	0,0	89,66	1,0	154	149
4962	26,28	1,2	36,15	3,0	154	149
4969	221,232	0,2	289,230	0,0	170	149
4972	33,38	6,5	79,62	6,3	154	149
4973	156,127	22,14	277,181	47,48	152	149
4979	26,18	1,0	44,25	0,0	194	149
4984	7,6	8,7	4,4	1,3	153	149
4986	166,172	490,435	127,97	461,277	170	149
4987	94,130	490,435	57,40	461,277	294	149
4988	66,101	138,143	41,34	111,91	273	149
4989	33,53	498,528	11,15	397,337	268	149
4990	21,23	10,11	9,10	0,0	268	149
4991	10,0	0,0	2,8	1,0	152	149
5002	0,1	27,29	0,0	50,20	171	149
5008	6,9	148,113	13,10	228,171	210	149
5011	408,398	8,8	302,238	6,6	1383	149
5012	373,348	4,1	271,232	5,3	1383	149
5013	250,226	33,19	198,145	22,17	152	149
5014	565,455	9,8	641,577	11,6	221	149
5015	608,525	4,0	874,660	0,2	218	149
5016	48,74	98,107	81,45	99,73	221	149
5017	11,19	3,0	24,19	0,0	221	149
5018	149,131	5817,5213	143,120	9263,6875	172	149
5019	8,2	1,5	5,5	1,2	224	149
5020	50,44	0,0	45,34	1,0	176	149
5022	126,97	9,3	150,121	3,2	153	149
5023	88,82	1,0	103,77	4,0	153	149
5024	169,128	183,140	291,183	204,173	161	149
5025	285,215	8,6	379,296	15,13	153	149
5026	80,55	112,130	50,27	247,201	1220	149
5027	75,49	24,20	47,25	16,12	1220	149
5028	54,36	22,6	45,39	16,5	164	149
5031	22,11	0,0	49,25	5,4	179	149
5034	4,2	14,4	16,5	33,13	917	149
5037	13,1	2,8	5,2	4,8	189	149
5038	52,39	1,0	64,61	0,0	2202	149
5039	4,1	6,17	12,4	10,14	189	149
5040	150,131	0,1	176,128	0,0	1046	149
5041	44,42	0,1	31,23	1,0	160	149
5042	11,5	0,1	4,7	1,0	252	149
5043	4,0	37,37	0,0	27,16	241	149
5044	8,6	3,1	4,5	1,4	185	149
5045	16,6	3,1	9,6	1,4	246	149
5046	10,1	2,1	7,3	2,2	210	149
5048	0,6	99,81	3,1	149,94	598	149
5050	5,0	102,81	0,0	89,63	167	149
5057	13,10	1,0	8,13	0,2	155	149
5058	3,0	3,5	1,1	3,7	156	149
5063	8,3	2,3	4,2	1,1	152	149
5064	3,8	12,4	0,0	2,8	293	149
5066	27,29	22,31	26,10	8,10	152	149
5070	94,86	0,0	88,88	1,0	236	149
5071	30,18	0,0	28,26	1,0	157	149
5072	8,0	168,152	3,2	236,151	900	149
5073	159,123	13,8	135,96	6,9	185	149
5077	2,2	28,16	2,4	60,47	1833	149
5080	59,58	12,11	72,66	7,4	190	149
5082	940,715	14,15	1487,1104	16,16	152	149
5083	307,334	4,3	36,25	0,1	227	149
5084	73,110	6,4	11,4	1,0	153	149
5085	153,151	0,2	4,7	0,0	184	149
5087	819,755	10,4	62,33	0,0	184	149
5088	114,118	10,4	4,5	0,0	179	149
5089	35,25	1,1	1,1	0,0	153	149
5091	1218,1208	9,5	106,96	0,0	302	149
5092	592,637	3,1	54,22	0,0	181	149
5097	1,3	0,2	0,3	0,0	152	149
5098	7,8	1,0	1,2	0,1	297	149
5100	8,14	99,134	5,4	116,84	187	149
5102	73,76	1,0	54,44	0,0	217	149
5104	164,196	1,0	165,124	0,0	179	149
5105	6,11	1,0	2,2	0,0	152	149
5106	72,59	4,11	48,19	8,2	200	149
5121	94,71	0,5	144,78	1,2	335	149
5123	4,6	214,163	9,6	280,213	177	149
5124	170,179	5,2	315,204	4,0	181	149
5125	2,0	2,6	2,0	2,0	312	149
5126	79,78	0,1	101,56	0,0	156	149
5132	163,101	0,2	90,110	0,0	192	149
5133	172,157	9,1	121,129	0,0	218	149
5134	17,23	3,6	16,12	8,4	152	149
5135	8,12	1,2	5,0	0,1	152	149
5136	0,2	2,7	0,1	4,1	225	149
5138	237,208	5,6	425,315	16,9	184	149
5139	69,48	1,0	117,83	0,0	187	149
5142	145,83	1,3	201,99	0,1	226	149
5144	235,149	0,0	353,230	1,0	207	149
5145	376,310	1,0	616,404	0,0	227	149
5146	253,220	2,2	348,232	0,0	159	149
5148	77,51	5,11	88,57	3,0	208	149
5149	189,140	0,0	288,192	0,1	181	149
5154	221,170	2,1	282,228	0,0	817	149
5155	3,1	196,127	0,1	241,218	314	149
5158	183,132	1,2	173,136	2,2	153	149
5159	229,184	1,0	226,203	0,0	469	149
5161	186,158	0,0	85,62	0,3	153	149
5162	211,170	3,3	145,94	0,4	154	149
5163	25,24	2,0	25,17	2,0	154	149
5164	1,0	0,2	3,1	0,0	217	149
5172	862,746	34,28	836,516	10,15	233	149
5173	9,9	378,325	14,6	524,387	175	149
5177	0,0	1,0	1,1	3,1	242	149
5178	67,63	44,31	72,46	92,51	966	149
5179	146,118	4,1	215,142	0,2	153	149
5180	15,27	772,652	21,20	999,749	193	149
5181	973,830	0,2	929,672	0,0	462	149
5182	166,123	416,332	258,159	582,431	152	149
5185	5,4	526,513	6,3	724,525	179	149
5186	533,493	2,0	801,506	1,0	155	149
5188	1,0	1,0	1,0	0,0	177	149
5191	41,31	153,120	36,23	150,145	350	149
5192	226,167	19,9	238,207	23,31	168	149
5193	7,5	210,235	2,0	207,135	239	149
5194	1477,1585	4,3	1189,918	5,3	1112	149
5195	798,612	79,106	286,169	43,31	163	149
5196	131,113	79,106	69,56	43,31	267	149
5197	169,160	79,106	98,72	43,31	320	149
5198	82,70	749,569	56,44	273,157	253	149
5199	120,117	749,569	85,60	273,157	306	149
5201	756,668	8,2	998,729	4,2	180	149
5202	428,307	0,1	634,447	0,0	216	149
5203	1096,833	54,28	1342,997	14,33	216	149
5204	1318,1125	2,0	1598,1143	0,0	216	149
5210	87,63	1215,1022	25,27	1522,973	177	149
5211	236,215	0,0	261,161	1,1	207	149
5212	1364,1174	0,0	1758,1107	1,1	179	149
5216	193,130	1,0	345,282	1,0	327	149
5217	8138,6719	3,2	11315,8373	0,0	243	149
5218	4885,4180	76,48	8135,5993	106,82	161	149
5219	544,450	76,48	931,686	106,82	177	149
5220	83,35	4424,3765	60,47	7264,5354	165	149
5222	147,117	1769,1552	213,125	3139,2221	175	149
5223	51,39	1769,1552	73,37	3139,2221	198	149
5224	5,6	29,27	3,2	56,32	222	149
5225	30,34	3,1	64,31	1,1	444	149
5228	2,8	0,2	0,0	0,2	281	149
5229	1,3	5,4	0,0	5,0	202	149
5230	3,12	5,4	0,0	5,0	281	149
5232	2,8	0,0	0,0	2,0	281	149
5235	188,131	25,33	310,200	38,20	325	149
5236	25,9	0,1	11,10	0,0	550	149
5237	237,208	1,0	309,264	1,0	326	149
5238	29,20	4,2	30,11	2,0	210	149
5239	408,378	0,4	525,378	0,0	645	149
5240	335,265	1,0	505,326	4,0	168	149
5241	8,6	75,81	21,15	188,148	170	149
5242	113,125	0,0	250,153	0,1	231	149
5243	180,200	0,0	417,286	0,1	210	149
5244	1,2	2,0	0,0	0,1	152	149
5245	1,4	6,2	0,0	3,4	152	149
5246	5,2	3,1	3,1	1,0	152	149
5247	120,79	0,0	220,144	0,1	210	149
5251	8,5	18,35	7,2	77,52	170	149
5253	3,2	18,37	0,0	43,16	211	149
5254	664,579	4,5	826,573	4,1	241	149
5259	193,157	6,2	239,145	6,4	152	149
5260	164,138	9,23	226,135	19,13	197	149
5261	24,19	35,18	22,46	38,22	152	149
5262	0,3	162,124	2,1	259,132	174	149
5273	85,55	1,4	125,101	1,2	269	149
5275	4,6	7,4	5,10	13,7	173	149
5276	26,28	7,4	27,19	13,7	177	149
5277	23,22	1,0	26,11	4,2	153	149
5286	156,129	0,0	115,85	7,1	170	149
5287	15,4	0,0	11,3	1,0	154	149
5288	66,61	0,0	62,45	1,0	157	149
5289	54,57	3,0	52,42	1,0	152	149
5290	90,103	1809,1671	138,72	3616,2609	315	149
5291	13,22	0,0	21,21	4,0	154	149
5292	67,74	1,0	92,62	0,2	194	149
5293	54,52	1,0	75,41	0,2	189	149
5294	36,15	3,3	19,23	1,2	166	149
5295	127,131	12,7	173,144	18,7	166	149
5296	25,12	0,1	24,29	0,2	166	149
5297	37,27	164,143	31,34	249,173	235	149
5298	326,321	3852,3553	283,197	4835,3562	1364	149
5299	2583,2340	2932,2509	2875,2099	3247,2370	161	149
5300	1357,1143	85,72	1903,1396	122,101	152	149
5301	1984,1668	357,338	3175,2123	614,445	152	149
5302	1058,1018	21,25	1190,900	14,15	245	149
5303	1292,1224	22,21	1584,1259	23,31	299	149
5304	1515,1450	8,10	1925,1564	20,11	325	149
5305	2269,2175	3,2	3149,2636	4,4	437	149
5306	255,231	22,21	408,374	23,31	203	149
5307	478,457	8,10	749,679	20,11	229	149
5308	1232,1182	3,2	1973,1751	4,4	341	149
5309	245,247	8,10	364,336	20,11	175	149
5310	999,972	3,2	1588,1408	4,4	287	149
5311	762,735	3,2	1244,1083	4,4	261	149
5312	1232,1225	3,16	2473,1750	9,2	554	149
5313	28,29	1165,1042	37,20	2022,1529	174	149
5314	391,346	0,4	332,273	0,0	3795	149
5315	10,8	0,1	6,2	0,0	153	149
5316	16,15	1,0	14,8	0,0	153	149
5317	289,253	5,4	269,271	0,0	153	149
5319	2,1	144,124	1,0	204,146	177	149
5320	1,0	11,15	2,0	8,3	170	149
5321	2,4	0,3	2,1	1,4	244	149
5322	8,7	0,0	6,2	1,0	152	149
5324	9,6	1,1	6,3	0,0	152	149
5325	51,49	2,0	64,55	2,0	153	149
5326	64,39	1,2	69,50	2,2	236	149
5327	60,42	2,2	78,46	1,6	236	149
5328	63,46	7,4	86,58	4,9	236	149
5329	66,46	4,2	66,45	2,2	236	149
5330	58,40	2,1	69,38	0,2	236	149
5331	44,32	924,671	48,39	1694,1245	239	149
5332	1560,1953	5,6	2072,1408	2,2	201	149
5336	107,96	200,185	96,47	83,66	184	149
5338	0,2	67,44	3,2	94,63	153	149
5339	49,17	12,13	29,24	26,16	183	149
5340	67,92	0,7	116,88	2,2	301	149
5341	77,53	3,3	90,42	2,2	183	149
5342	66,88	1,0	116,84	0,0	301	149
5343	4,6	0,0	6,6	0,1	155	149
5345	136,145	1,0	228,157	0,0	301	149
5346	83,99	2,0	124,94	4,1	155	149
5347	4,4	117,87	6,3	178,120	175	149
5348	306,252	0,3	468,280	3,0	213	149
5349	219,199	2,4	352,207	3,2	229	149
5353	24,45	1,0	40,26	0,0	152	149
5354	3,5	0,3	7,4	0,0	152	149
5355	2,4	1,0	1,1	6,0	152	149
5356	21,11	188,153	16,12	159,116	167	149
5358	401,299	10,13	483,293	20,10	152	149
5360	54,38	365,341	69,45	383,259	152	149
5361	11,8	0,0	25,25	3,2	153	149
5380	45,54	3,9	46,39	1,2	562	149
5382	40,26	54,49	43,36	74,66	152	149
5383	1141,1050	2,0	1470,996	3,2	1218	149
5384	1275,1175	6,1	1677,1136	4,0	1218	149
5385	228,179	0,2	277,205	6,5	152	149
5386	83,72	259,242	78,59	422,316	271	149
5387	218,174	14,15	264,180	40,22	324	149
5388	394,344	14,15	608,437	40,22	202	149
5395	8,4	146,119	1,1	214,174	166	149
5396	377,281	1,2	759,528	0,0	180	149
5398	103,67	0,0	117,91	2,0	152	149
5400	19,24	257,194	17,19	391,262	213	149
5401	720,760	0,1	1009,728	0,1	221	149
5402	1508,1485	4,2	2114,1556	0,0	956	149
5403	2101,1766	0,1	4175,2862	0,0	272	149
5404	64,45	4648,4027	68,63	7057,5189	170	149
5405	138,148	0,1	112,61	0,0	1537	149
5406	126,105	33,36	64,43	24,7	814	149
5408	371,325	9,1	263,203	1,7	221	149
5450	240,210	4,5	296,226	0,0	598	149
5454	0,3	8,11	3,0	17,7	161	149
5457	147,110	0,1	225,161	0,0	242	149
5458	408,322	1,2	632,428	2,0	242	149
5459	23,21	21,24	19,24	27,9	167	149
5462	3,7	1,0	2,0	0,0	210	149
5463	5,7	0,0	4,0	0,3	210	149
5464	7,10	4,4	6,1	5,7	210	149
5467	0,0	9,2	1,1	14,2	1591	149
5472	69,149	0,0	43,41	1,0	1289	149
5473	1,2	61,106	0,0	43,48	168	149
5475	135,135	0,0	148,95	3,0	185	149
5476	0,0	23,23	0,1	24,29	168	149
5481	2,0	85,70	4,2	126,97	172	149
5482	332,252	0,0	282,234	2,1	303	149
5483	337,332	5,4	337,232	1,2	632	149
5484	10,12	86,72	7,5	106,77	195	149
5485	12,12	11,23	10,5	7,14	200	149
5486	88,72	11,23	109,77	7,14	154	149
5487	4,4	174,147	5,5	91,89	224	149
5488	14,8	155,138	4,7	103,75	177	149
5489	47,30	0,2	18,27	0,0	195	149
5490	188,160	0,2	117,95	0,0	167	149
5491	229,218	8,9	161,117	6,2	188	149
5492	163,148	11,18	92,74	19,13	154	149
5493	165,181	0,0	220,147	2,0	178	149
5497	414,319	0,4	497,397	3,3	204	149
5498	2,0	326,268	2,2	423,287	166	149
5499	295,224	2,0	420,297	0,0	203	149
5501	6,17	0,0	37,25	1,0	1366	149
5506	35,33	0,1	74,38	0,0	248	149
5507	1,1	20,7	0,0	25,30	214	149
5508	19,17	2,2	35,22	7,2	243	149
5509	56,83	1,1	33,35	0,0	309	149
5510	309,465	0,4	272,154	0,0	190	149
5511	40,63	1256,1239	43,28	1709,1319	192	149
5512	9,4	37,46	7,2	56,43	183	149
5513	108,78	1,0	107,72	2,1	157	149
5514	1,0	117,119	1,2	176,102	220	149
5515	203,182	1,0	423,262	0,3	177	149
5516	29,38	1,0	71,53	0,3	267	149
5517	3,4	177,148	15,10	367,219	239	149
5518	152,77	3,4	165,139	4,0	195	149
5519	32,23	4,8	32,25	2,4	195	149
5520	14,17	10,2	16,14	6,4	192	149
5523	222,187	0,1	250,171	0,1	224	149
5525	188,192	0,1	108,53	0,0	154	149
5526	64,65	9807,8486	63,34	10775,7199	254	149
5527	9854,8552	102,117	10833,7233	4,0	392	149
5528	12637,11455	5,13	13624,9685	6,2	154	149
5529	8,1	0,2	2,2	3,2	179	149
5535	45,36	1273,1207	51,37	1599,1198	302	149
5536	31,32	0,0	28,30	1,0	154	149
5537	2,0	1,2	2,0	0,0	198	149
5540	0,2	2,0	4,0	0,0	284	149
5541	1,2	2,0	6,0	0,0	262	149
5545	2,1	58,70	4,5	95,66	1479	149
5551	76,67	32,22	132,86	41,24	152	149
5556	3,0	6,10	7,1	16,16	242	149
5557	2,0	0,1	7,1	0,3	242	149
5558	2,1	1,2	7,1	7,2	242	149
5559	1,0	0,1	1,2	0,1	227	149
5560	23,36	2,4	17,9	0,0	190	149
5561	23,37	0,1	19,9	0,0	190	149
5562	38,44	0,1	23,12	0,0	190	149
5563	197,269	0,1	98,85	0,0	486	149
5564	175,233	16,8	81,76	6,3	445	149
5565	94,72	0,1	143,95	0,0	284	149
5576	3,0	0,1	5,3	0,1	221	149
5577	64,41	2,2	65,43	0,0	370	149
5580	27,10	28,21	45,34	38,15	502	149
5581	11,8	1,0	12,8	1,1	154	149
5582	16,20	8,13	10,10	12,10	224	149
5583	37,24	22,28	18,15	10,8	224	149
5584	420,351	22,31	464,358	23,30	161	149
5585	11,8	268,196	13,4	363,235	232	149
5586	210,192	0,0	361,219	1,2	158	149
5587	15,22	238,229	22,10	379,231	171	149
5588	48,44	4,1	29,17	0,0	152	149
5589	28,32	12,4	30,15	1,2	191	149
5590	27,7	12,9	21,17	10,7	301	149
5591	18,18	11,9	17,10	14,5	152	149
5592	98,160	8,5	53,38	0,4	215	149
5593	10,3	101,130	4,2	95,55	176	149
5594	1,4	143,109	3,2	134,78	193	149
5595	119,104	2,0	85,47	0,0	361	149
5596	55,51	3,2	35,9	2,2	151	149
5597	150,136	1,1	92,87	0,0	152	149
5598	4,5	3,5	1,0	2,0	163	149
5599	13,10	119,119	3,5	117,72	247	149
5600	7,3	211,218	6,3	145,110	196	149
5619	1,0	0,0	4,0	1,0	263	149
5620	2,7	12,8	4,5	5,3	165	149
5621	0,2	2,7	1,0	4,5	204	149
5622	0,2	12,8	1,0	5,3	220	149
5627	0,2	5,2	3,0	6,1	173	149
5628	4,11	4,0	10,8	1,0	223	149
5629	9,11	4,0	13,9	1,0	199	149
5630	5,11	0,2	11,12	1,0	199	149
5631	28,25	3,8	42,32	4,3	270	149
5632	11,5	0,0	17,15	2,0	228	149
5633	34,19	0,0	38,25	3,0	200	149
5634	42,22	5,0	50,36	5,12	228	149
5635	8,3	5,0	15,11	5,12	177	149
5640	23,22	12,5	6,12	7,4	218	149
5644	31,30	2,6	17,17	4,3	193	149
5645	0,0	28,49	0,1	40,44	236	149
5650	4,3	3,2	1,2	2,4	236	149
5653	30,30	0,2	27,21	0,0	1941	149
5654	1,0	5,4	0,0	0,6	179	149
5655	55,65	2,1	35,26	6,1	446	149
5656	215,186	45,52	222,201	53,34	246	149
5657	1308,1150	45,52	1881,1508	53,34	690	149
5658	1110,978	17,14	1669,1312	10,5	593	149
5659	1284,1065	1,7	2311,1599	6,3	157	149
5660	47,52	1,7	70,48	6,3	270	149
5661	18,34	1255,1047	14,11	2255,1562	262	149
5663	1,0	1,1	2,0	0,0	154	149
5664	2,12	13,6	11,2	0,0	190	149
5665	14,29	739,573	14,4	1060,704	190	149
5666	192,120	5,9	613,436	22,14	165	149
5667	343,204	0,3	775,613	8,3	224	149
5669	1715,1637	0,1	2503,1833	0,0	610	149
5670	127,131	2,1	151,93	0,0	610	149
5671	342,338	0,2	463,267	1,1	266	149
5672	280,246	7,4	343,224	10,1	266	149
5673	145,145	2,2	166,97	7,2	153	149
5674	15943,13287	13,13	20530,14057	13,12	4704	149
5675	15474,12921	0,2	20058,13700	0,0	4704	149
5676	59,52	9,5	60,43	4,5	167	149
5677	728,668	9,5	793,704	4,5	169	149
5678	669,616	0,0	733,662	0,1	151	149
5679	1,3	0,0	1,0	1,0	169	149
5680	3,1	0,0	1,0	0,1	169	149
5681	537,422	0,4	936,691	5,4	152	149
5683	378,303	14,23	610,372	29,24	152	149
5684	387,295	120,116	491,386	191,146	188	149
5685	149,137	137,109	343,232	265,150	170	149
5686	243,293	0,0	244,223	1,0	158	149
5687	204,175	125,114	320,232	176,131	161	149
5690	643,572	5,0	500,375	2,2	1793	149
5691	486,427	0,2	837,556	0,0	1212	149
5692	56,65	35,34	71,55	41,22	169	149
5693	3,2	29,35	1,3	56,37	155	149
5695	427,433	6,5	405,357	8,2	164	149
5698	33,16	6,9	20,16	2,4	155	149
5699	3,2	89,78	4,3	98,67	209	149
5702	35,34	0,0	19,17	0,2	157	149
5705	4,0	0,2	0,1	1,0	448	149
5721	24,11	0,0	23,19	3,2	155	149
5722	9,1	1,0	0,0	2,3	250	149
5723	16,12	192,168	8,2	240,170	270	149
5727	0,0	0,1	0,2	1,0	152	149
5736	99,81	42,40	128,91	76,35	152	149
5740	2,7	109,133	3,0	115,73	163	149
5741	4,2	76,83	3,2	85,38	170	149
5742	22,42	76,83	20,18	85,38	632	149
5743	20,40	2,0	18,16	1,0	611	149
5744	3,0	0,2	0,2	0,3	167	149
5746	37,44	0,0	29,11	1,0	154	149
5747	2,2	0,0	3,4	1,0	234	149
5748	64,57	0,0	27,17	1,0	514	149
5749	64,58	0,0	26,18	1,0	534	149
5750	2,2	37,44	3,4	29,11	229	149
5751	64,57	37,44	27,17	29,11	509	149
5752	64,58	37,44	26,18	29,11	529	149
5753	62,55	0,0	25,15	1,2	429	149
5754	62,56	0,0	24,16	1,2	449	149
5755	2,2	2,1	0,1	1,0	169	149
5765	2,0	68,76	1,4	48,32	172	149
5769	167,150	3,4	160,103	0,0	156	149
5771	8,5	1,4	7,7	0,3	462	149
5772	109,114	1,4	97,69	0,3	838	149
5773	101,113	0,2	95,66	3,2	525	149
5774	66,68	0,0	64,48	1,0	152	149
5775	1,2	0,3	1,0	0,4	152	149
5776	26,20	39,26	12,4	35,20	152	149
5777	3,5	39,26	4,2	35,20	162	149
5778	2,3	25,18	4,2	12,4	159	149
5779	1,4	0,0	2,0	3,0	152	149
5782	5,4	22,17	3,4	21,21	152	149
5783	2,8	22,17	1,7	21,21	162	149
5784	4,13	22,17	11,6	21,21	337	149
5785	1,6	4,2	1,7	3,4	159	149
5786	3,11	4,2	11,6	3,4	334	149
5787	3,9	1,4	11,5	1,6	324	149
5788	0,3	0,1	2,4	0,0	155	149
5789	54,33	0,1	29,21	0,0	219	149
5790	81,59	0,1	58,32	0,0	404	149
5797	2,5	0,1	0,1	3,3	162	149
5799	4,3	0,1	0,1	3,3	152	149
5800	1,3	3,1	0,1	0,1	159	149
5803	24,34	0,1	17,12	0,0	217	149
5804	4,15	0,1	11,6	3,3	337	149
5805	3,13	3,1	11,6	0,1	334	149
5806	3,11	1,1	11,5	0,0	324	149
5813	1,7	76,77	2,7	145,109	280	149
5816	22,9	2,2	10,7	2,3	253	149
5817	227,107	0,0	325,220	1,1	223	149
5820	0,0	85,92	1,1	156,98	170	149
5821	100,127	4,2	279,191	0,0	153	149
5822	61,73	0,4	166,86	3,0	404	149
5823	2,2	61,72	4,2	163,84	175	149
5827	185,132	0,0	163,119	2,1	200	149
5831	98,101	3,5	91,77	4,3	200	149
5832	0,0	39,63	1,0	20,8	168	149
5834	173,134	0,1	240,166	0,0	228	149
5835	149,106	1,3	187,148	3,1	154	149
5836	1,2	129,94	0,0	156,158	173	149
5837	20,10	143,65	17,4	180,126	170	149
5838	2,1	4,4	0,0	4,1	175	149
5839	65,48	0,2	39,29	0,0	1406	149
5840	73,57	23,21	44,36	34,25	1406	149
5858	7,5	378,301	20,8	845,604	161	149
5859	150,136	10,3	269,224	16,9	203	149
5861	521,432	10,3	1094,820	16,9	191	149
5865	18,18	0,0	34,16	4,2	196	149
5866	11,10	0,0	20,13	1,0	196	149
5868	12,14	0,1	20,16	0,0	196	149
5873	55,49	0,0	52,22	1,0	292	149
5879	13,8	0,2	15,5	0,0	189	149
5880	156,155	0,0	218,187	1,0	228	149
5882	15899,12707	0,2	26445,18622	0,0	415	149
5890	2,3	172,141	3,0	172,154	170	149
5892	69,71	8,5	103,69	5,7	228	149
5914	2,5	0,0	0,4	0,1	1453	149
5920	419,381	1,4	447,311	0,3	852	149
5921	17,16	0,1	16,18	0,0	175	149
5922	16,16	5,2	16,18	4,0	175	149
5923	169,140	13,13	229,176	8,6	175	149
5924	31,28	112,76	29,24	108,93	152	149
5925	132,139	0,0	218,131	1,1	167	149
5926	189,180	4,0	309,214	0,0	456	149
5928	368,288	1057,862	127,108	432,375	152	149
5929	1264,1055	41,38	561,455	15,16	154	149
5930	38,31	982,811	10,9	452,406	178	149
5931	48,53	817,648	19,13	478,356	316	149
5932	13,14	1,2	4,2	0,0	351	149
5933	752,662	0,5	307,217	0,0	153	149
5934	1019,888	2,2	477,329	0,0	813	149
5935	1000,862	1,2	455,315	0,0	428	149
5936	755,686	11,22	346,219	8,2	421	149
5937	10,20	1,0	7,8	0,0	421	149
5938	13,19	132,135	5,5	271,154	577	149
5940	2454,2175	1,0	3014,2669	0,0	261	149
5941	6833,5791	35,35	9974,7821	19,40	261	149
5946	3,1	3,19	4,5	7,6	202	149
5947	50,60	3,3	28,17	0,1	298	149
5948	50,78	3,3	31,18	0,1	245	149
5950	119,87	4,4	112,102	4,9	152	149
5952	25,60	10,2	54,34	2,4	232	149
5955	7,5	0,1	18,13	0,0	164	149
5957	1,0	90,79	1,0	153,96	191	149
5958	37,37	49,36	51,39	109,98	152	149
5959	80,65	4,7	120,83	2,2	969	149
5960	83,76	5,1	113,71	16,9	224	149
5961	35,43	0,1	43,29	0,0	224	149
5962	85,88	0,0	92,43	0,4	156	149
5963	156,99	6,4	186,135	27,3	170	149
5968	24,34	329,272	36,22	437,335	535	149
5969	124,112	2,3	169,129	1,0	580	149
5970	429,350	2,3	570,442	1,0	194	149
5972	119,93	46,47	104,79	60,38	152	149
5974	19,7	45,44	20,13	86,46	152	149
5976	573,480	2,2	596,467	0,0	194	149
5977	144,121	3,1	256,177	0,2	198	149
5982	21,13	0,2	63,27	0,0	182	149
5984	146,170	0,1	242,181	0,0	155	149
5986	141,111	2,0	201,148	0,0	670	149
5987	2,2	32,33	0,0	57,51	315	149
5988	1,0	0,0	0,0	2,0	167	149
5990	184,155	0,0	327,220	5,2	152	149
5997	1,0	1,0	6,5	0,0	171	149
5998	13,5	2,0	18,10	0,0	171	149
6001	1,0	39,35	0,0	62,39	156	149
6004	12,12	55,40	28,24	88,57	152	149
6005	27,24	15,9	41,32	22,4	257	149
6006	59,44	32,43	87,70	64,43	257	149
6007	22,25	13,3	29,34	10,7	190	149
6008	49,47	15,17	78,52	25,19	152	149
6009	45,26	90,67	27,17	122,122	171	149
6010	41,17	16,15	15,11	8,7	338	149
6012	51,45	0,2	54,39	0,0	490	149
6013	1498,1459	0,2	1850,1172	0,0	2021	149
6014	4255,4096	1,2	4357,3076	2,0	3507	149
6015	2757,2639	1,2	2507,1904	2,0	1635	149
6016	2932,2851	2067,1854	2615,1971	4324,3107	1635	149
6024	18,28	113,88	13,3	88,77	207	149
6034	2,0	0,0	0,1	0,1	166	149
6039	135,127	0,6	174,147	0,0	238	149
6040	78,55	8,8	73,64	6,8	238	149
6041	13,11	48,59	20,19	102,63	164	149
6042	10,15	48,59	13,8	102,63	216	149
6043	9,12	12,8	11,8	18,19	201	149
6044	11,7	0,3	7,6	2,0	619	149
6048	711,580	1,6	1261,800	10,2	201	149
6050	8,4	0,0	10,6	0,1	212	149
6056	0,0	6,0	0,2	0,0	174	149
6059	2,3	0,1	6,0	0,2	172	149
6060	16,15	1,0	22,4	1,5	176	149
6061	2,3	0,1	5,0	1,3	172	149
6062	157,127	0,2	129,101	0,0	372	149
6063	3,6	141,112	6,5	164,137	166	149
6064	26,25	1,2	33,19	1,0	2365	149
6065	173,189	12,6	166,150	13,2	2285	149
6066	5,9	2,3	6,3	0,2	154	149
6067	2,3	0,0	5,2	0,2	154	149
6068	2,4	0,1	6,5	0,0	154	149
6069	9,7	0,0	8,3	1,0	154	149
6070	11,11	11,14	10,8	18,12	152	149
6071	21,16	2,0	38,25	3,0	173	149
6072	20,15	0,0	43,26	0,1	173	149
6073	86,81	27,20	66,75	14,15	167	149
6074	86,81	0,5	66,75	0,1	170	149
6075	27,20	0,5	14,15	0,1	152	149
6076	827,671	2,0	1283,963	3,0	1598	149
6077	889,742	0,2	1345,1000	0,1	1598	149
6081	0,1	2,1	3,0	1,0	167	149
6082	190,143	38,40	154,147	30,15	152	149
6083	954,846	21,20	1464,1165	15,17	203	149
6086	1,3	2,1	3,1	1,6	281	149
6090	1,0	0,0	0,0	3,0	152	149
6091	2,3	2,0	3,1	0,2	281	149
6092	1,3	2,0	6,1	0,2	278	149
6093	1604,1519	0,4	2617,1956	1,1	342	149
6094	205,180	808,675	294,211	1245,839	155	149
6097	16,13	14,22	21,3	8,13	345	149
6098	36,33	10,24	40,42	31,14	152	149
6099	2,4	95,92	2,0	112,64	171	149
6101	1,0	130,109	3,2	194,146	172	149
6102	53,40	2,0	79,60	0,0	897	149
6103	1,0	46,32	6,2	65,45	172	149
6106	246,193	129,93	325,252	186,108	164	149
6107	52,37	0,0	71,39	2,0	164	149
6108	175,145	8,6	197,180	15,6	170	149
6110	284,241	1,0	388,265	0,2	188	149
6113	374,362	2,6	562,361	11,7	271	149
6114	33,21	179,187	32,16	297,200	207	149
6115	11,5	462,461	5,5	738,635	218	149
6116	25,24	16,3	41,32	8,2	238	149
6117	0,1	2,5	0,0	4,3	153	149
6118	18,9	3,1	27,15	1,4	180	149
6120	0,4	49,42	3,0	88,62	519	149
6121	21,15	4,0	8,9	1,0	223	149
6122	572,506	0,0	616,447	1,0	635	149
6126	11,3	5,1	23,10	7,2	152	149
6128	470,438	39,41	753,556	19,15	178	149
6131	1,2	7,16	2,1	11,2	192	149
6132	3,4	7,16	4,1	11,2	286	149
6135	101,77	2,0	83,76	3,1	152	149
6145	450,373	3,1	620,429	2,0	901	149
6146	154,152	3,0	219,167	0,1	154	149
6147	23,10	2,2	26,17	1,5	178	149
6148	212,149	2,2	242,161	1,5	224	149
6149	189,140	0,1	216,144	0,0	195	149
6150	194,159	1,0	179,168	0,0	244	149
6151	65,57	2,0	66,54	0,0	153	149
6152	15,11	7,8	12,5	7,3	278	149
6153	173,196	0,2	298,199	1,4	153	149
6154	5,5	0,0	4,5	0,1	251	149
6155	5,5	2,0	4,5	0,1	260	149
6156	0,0	2,0	0,1	0,1	158	149
6157	632,553	24,13	1259,857	20,13	190	149
6159	7,6	0,0	34,30	0,2	182	149
6160	5,8	0,2	8,5	2,0	246	149
6161	158,169	2,1	221,173	1,0	386	149
6162	171,183	0,2	153,83	0,0	824	149
6164	1,1	141,149	2,1	224,129	174	149
6165	1406,1272	15,27	1676,1263	7,9	363	149
6169	55,55	4,3	46,39	2,0	195	149
6170	250,270	5,0	376,337	0,0	245	149
6174	0,1	18,15	0,0	24,8	320	149
6175	6,10	0,0	13,13	1,0	152	149
6176	1,0	15,20	0,0	27,5	171	149
6177	1,0	9,18	0,0	12,10	171	149
6180	1,0	5,4	0,0	2,0	171	149
6187	81,76	1,2	87,40	4,0	210	149
6189	1816,1569	12,11	2456,1696	0,5	245	149
6190	760,634	12,11	1138,745	0,5	316	149
6191	15,14	1071,949	10,17	1328,968	220	149
6192	1,0	2,0	2,1	0,0	152	149
6193	24,16	336,338	17,9	356,195	152	149
6194	2,2	15,5	1,1	3,2	152	149
6195	1,1	20,9	1,1	2,1	152	149
6197	16,5	60,47	26,5	71,53	152	149
6199	1,0	0,1	1,0	0,0	222	149
6200	1,1	32,47	2,0	36,33	261	149
6201	0,2	32,47	1,0	36,33	188	149
6203	94,66	0,0	92,56	0,2	738	149
6204	96,71	0,4	95,60	0,0	773	149
6205	79,60	0,0	89,52	0,2	724	149
6206	81,65	0,4	92,56	0,0	759	149
6207	2,5	0,4	3,6	0,0	184	149
6208	1,0	6,15	0,0	4,4	183	149
6210	112,124	3,9	165,105	5,2	181	149
6211	15,8	625,530	20,14	1097,803	309	149
6212	1,0	0,0	7,2	1,0	156	149
6213	4,12	0,0	28,7	2,0	321	149
6214	3,12	0,0	22,5	2,0	314	149
6215	3,3	38,44	1,1	84,52	193	149
6216	1,4	12,11	1,2	29,15	193	149
6217	10,12	67,47	14,4	72,27	152	149
6218	33,19	507,379	15,17	480,336	194	149
6219	17,2	3,8	11,5	5,11	194	149
6220	20,35	4,1	15,19	7,1	228	149
6221	117,85	4,1	32,43	7,1	442	149
6222	103,55	6,5	29,30	12,6	363	149
6223	17,35	0,0	7,14	0,2	228	149
6224	92,73	0,0	28,35	0,2	442	149
6225	595,428	0,0	593,400	0,2	812	149
6226	78,43	3,5	25,22	4,1	363	149
6227	581,398	3,5	590,387	4,1	733	149
6228	506,360	3,5	565,365	0,0	519	149
6229	81,83	0,0	81,50	0,2	200	149
6230	5,12	93,92	8,2	79,52	165	149
6232	2,2	12,11	0,0	11,2	253	149
6234	34,36	398,398	13,5	224,159	219	149
6235	2,3	16,14	1,2	13,9	171	149
6236	0,3	0,0	2,3	0,1	171	149
6237	42,31	0,0	35,18	2,0	365	149
6238	0,3	11,8	1,2	21,18	171	149
6239	42,30	4,0	42,21	0,0	365	149
6240	1,0	7,9	0,0	19,11	192	149
6241	2,7	0,0	20,9	2,0	152	149
6242	400,346	23,5	1020,719	24,26	152	149
6248	11,13	0,1	7,3	0,0	621	149
6251	1,0	10,7	0,0	3,8	169	149
6252	18,21	2,2	7,7	3,0	152	149
6253	187,231	35,19	203,114	12,11	920	149
6254	22,23	0,1	27,8	1,3	316	149
6255	41,43	223,221	41,17	289,115	316	149
6256	69,82	11,17	87,67	10,8	176	149
6257	333,328	79,91	395,260	62,31	176	149
6258	2122,1987	1,0	2961,1691	2,0	456	149
6259	2433,2203	2,4	3937,2918	0,0	651	149
6260	539,478	58,62	722,556	65,32	247	149
6261	267,254	197,196	254,188	182,132	1033	149
6262	153,213	1,0	141,98	0,0	621	149
6263	394,411	74,50	445,299	38,23	621	149
6264	90,147	0,0	43,17	0,2	206	149
6265	414,432	25,41	661,475	14,26	174	149
6266	179,198	47,39	169,93	45,24	153	149
6267	4,7	0,0	9,4	0,1	152	149
6268	197,187	74,58	320,264	149,78	152	149
6269	229,148	140,111	534,373	283,193	152	149
6270	78,97	182,149	84,77	197,105	334	149
6271	0,1	35,34	0,0	58,30	166	149
6272	6,4	53,40	4,2	78,43	241	149
6273	6,5	53,40	4,2	78,43	244	149
6275	75,61	1,1	62,48	2,1	193	149
6277	75,59	1,0	104,54	0,0	152	149
6278	2,2	1,0	6,2	0,0	317	149
6279	2,1	75,58	3,1	101,53	314	149
6287	2,1	95,75	1,0	138,176	190	149
6288	62,65	4,0	97,100	0,1	152	149
6289	2,2	64,56	4,5	89,89	191	149
6292	246,252	2,3	216,108	0,0	249	149
6293	194,194	0,3	214,149	0,0	302	149
6294	236,178	14,8	242,134	9,3	153	149
6297	699,549	8,5	952,879	6,9	157	149
6298	520,495	168,172	832,613	224,208	189	149
6299	142,160	11,9	255,172	11,10	189	149
6300	286,254	4,9	513,253	9,6	217	149
6301	582,486	3,0	675,566	0,0	325	149
6302	1,3	1,1	4,3	4,0	186	149
6303	1,6	9,20	2,3	6,2	186	149
6304	460,442	0,1	220,188	0,2	589	149
6305	21,20	0,1	9,5	0,0	152	149
6306	615,638	52,57	636,385	72,32	152	149
6307	1195,1082	71,69	953,690	52,33	152	149
6308	1503,1323	17,21	1701,1309	22,18	152	149
6309	1,0	12,8	1,0	14,22	185	149
6310	2,0	3,1	1,0	0,0	185	149
6311	6,6	1,0	5,2	0,0	192	149
6312	56,46	3,6	95,58	21,17	178	149
6313	4,8	13,23	10,0	7,5	152	149
6315	19,20	114,128	15,12	103,77	152	149
6316	288,223	2,1	328,211	1,1	173	149
6317	512,414	4,0	585,399	0,0	544	149
6318	358,326	32,25	449,325	29,25	247	149
6320	4,2	0,10	1,0	13,3	174	149
6321	6,15	0,0	17,11	1,1	199	149
6323	10,11	0,0	21,17	0,1	174	149
6324	16,26	0,0	38,27	1,1	224	149
6325	3,5	0,0	13,8	0,1	168	149
6326	9,20	0,0	30,18	1,1	218	149
6329	904,843	5,3	888,642	2,1	158	149
6332	12,7	480,567	7,7	381,254	182	149
6334	8,17	38,84	5,8	21,10	291	149
6335	372,341	8,0	334,292	11,4	519	149
6336	35,25	5,4	16,18	2,2	152	149
6337	51,42	3,2	50,33	3,2	152	149
6338	121,95	5,1	113,83	2,0	335	149
6339	7,5	0,2	2,6	0,0	152	149
6341	715,692	1,0	1069,802	0,1	159	149
6342	653,558	1,0	783,648	0,0	738	149
6343	499,406	7,5	921,641	3,4	219	149
6346	11,2	1,1	6,6	2,4	226	149
6347	0,1	0,0	1,2	0,1	236	149
6352	0,3	26,28	3,2	29,16	236	149
6353	0,1	26,28	1,2	29,16	240	149
6354	0,1	26,28	1,2	29,16	251	149
6358	29,41	666,615	26,11	828,568	543	149
6360	1366,1278	4,1	2164,1549	1,2	387	149
6365	300,337	2,0	152,137	0,0	3201	149
6366	35,39	0,0	19,15	1,0	248	149
6368	1102,1066	0,5	937,769	0,0	747	149
6369	460,418	6,2	278,202	0,0	747	149
6370	692,645	4,1	667,534	2,0	1000	149
6371	288,258	19,27	249,143	17,6	173	149
6372	271,309	0,0	360,269	1,0	176	149
6373	7,3	0,0	9,3	1,1	152	149
6374	150,124	0,0	196,135	1,1	175	149
6375	144,121	1,0	188,132	1,0	172	149
6380	4118,3485	71,40	7616,5573	98,69	164	149
6381	177,219	12,19	175,118	16,13	152	149
6382	898,878	9,7	1117,694	0,1	401	149
6383	4,5	0,0	6,3	2,0	152	149
6384	13,9	200,196	8,5	209,120	185	149
6385	65,60	384,349	120,69	542,426	152	149
6388	63,59	2,5	66,40	2,1	209	149
6389	65,49	171,101	42,37	170,140	375	149
6390	54,63	309,309	59,35	287,138	152	149
6391	6,3	188,172	1,2	86,60	170	149
6394	48,58	37,28	74,54	38,31	152	149
6395	21,11	745,879	12,7	221,156	161	149
6396	4529,3807	0,0	1701,1193	2,0	437	149
6397	8,3	5,6	2,0	0,1	153	149
6398	2,4	0,0	1,0	2,1	161	149
6399	28,21	1991,1796	8,6	851,522	183	149
6400	26,17	1991,1796	9,7	851,522	171	149
6402	472,462	1,0	528,434	0,0	412	149
6404	36,30	5,4	85,51	9,9	152	149
6405	183,203	3,3	177,104	4,1	301	149
6406	465,460	0,0	590,495	1,0	313	149
6407	55,55	0,3	42,50	0,0	273	149
6408	13,11	3,1	19,25	2,2	259	149
6409	17,20	0,0	15,22	0,1	187	149
6410	2,9	4,15	2,0	5,0	152	149
6414	433,255	3,0	546,429	4,2	158	149
6415	38,71	2,0	27,4	0,0	1501	149
6417	419,342	0,0	656,487	0,2	193	149
6418	2,0	0,1	6,0	0,0	174	149
6419	9,4	6,4	6,0	5,0	174	149
6420	13,4	0,0	10,1	5,2	224	149
6421	10,4	0,0	9,1	5,2	199	149
6422	734,696	0,0	1083,808	1,0	318	149
6423	10,6	1880,1671	6,2	2843,2093	153	149
6426	30,38	1801,1528	33,31	2461,1755	168	149
6427	1790,1543	22,18	2619,1859	24,22	157	149
6428	31,33	1,0	46,22	0,0	157	149
6429	1673,1431	1,0	2658,1806	0,0	433	149
6430	1646,1401	4,3	2612,1784	0,0	425	149
6431	33,20	0,0	40,35	1,0	200	149
6432	9,16	1021,923	7,4	1566,1066	258	149
6435	403,408	419,343	478,355	588,345	152	149
6441	8,3	6,6	6,1	2,3	152	149
6442	6,5	10,10	3,1	1,1	152	149
6452	13,18	5,8	20,24	4,2	154	149
6458	1344,1052	16,15	1024,724	35,27	2479	149
6459	36,36	11,1	45,28	18,5	188	149
6460	217,178	3,1	148,104	10,4	420	149
6461	34,36	6,1	45,27	2,1	188	149
6462	36,26	74,57	36,24	119,85	242	149
6463	70,61	53,28	80,51	69,60	281	149
6464	108,92	53,28	163,112	69,60	188	149
6466	0,0	2,2	1,0	8,1	167	149
6468	19,16	1,0	16,5	0,0	256	149
6469	28,19	1,2	20,10	0,2	256	149
6470	20,16	0,0	16,4	0,1	256	149
6472	39,21	0,7	21,9	0,0	256	149
6474	17,14	0,7	15,4	0,0	249	149
6477	867,660	8,4	1127,752	4,0	3061	149
6478	534,463	17,23	580,439	32,21	152	149
6480	5,1	0,1	4,2	0,0	201	149
6481	14,7	165,133	17,12	274,216	388	149
6490	4,1	9,10	0,0	4,0	194	149
6491	417,512	3,6	381,270	7,0	212	149
6492	0,2	19,13	1,2	16,13	188	149
6495	3,1	0,10	6,0	6,3	186	149
6501	19,35	338,262	26,12	432,277	200	149
6502	29,11	1,3	23,19	7,1	347	149
6503	42,24	0,0	39,27	0,1	492	149
6504	43,24	0,2	39,27	1,0	495	149
6505	14,16	0,0	23,9	0,1	294	149
6506	15,16	0,2	23,9	1,0	297	149
6507	1,0	0,2	0,1	1,0	152	149
6508	51,36	3,1	35,31	0,2	781	149
6509	0,1	2,0	3,1	0,2	175	149
6510	11,12	14,10	10,5	1,5	165	149
6511	11,12	7,9	10,5	9,8	175	149
6512	14,10	7,9	1,5	9,8	159	149
6517	2,0	3,9	3,0	15,7	202	149
6518	227,139	3,1	273,190	3,2	154	149
6519	7,9	181,130	9,11	264,153	167	149
6520	608,433	5,7	772,433	9,7	1492	149
6521	472,454	97,115	411,195	91,49	200	149
6525	191,153	193,143	225,130	234,154	152	149
6526	257,234	101,84	296,198	65,64	161	149
6527	334,275	6,5	347,251	13,4	152	149
6528	0,7	80,93	2,2	53,24	170	149
6532	257,224	7,17	422,324	11,11	662	149
6533	6,6	95,112	8,2	134,95	194	149
6534	4,8	0,0	3,1	0,1	153	149
6535	1,2	106,66	0,0	116,90	169	149
6536	5,3	44,32	3,2	51,41	167	149
6537	6,10	522,476	2,8	484,344	204	149
6538	3,0	3,0	1,4	3,1	167	149
6550	514,413	3,3	968,607	1,2	235	149
6551	9,12	356,294	11,7	518,392	192	149
6553	3,3	13,11	3,2	7,16	252	149
6555	1046,1058	0,0	1403,1040	2,0	2550	149
6557	10,10	0,0	5,8	3,0	154	149
6558	6,9	2,0	4,3	0,0	154	149
6559	230,167	204,159	333,229	263,230	154	149
6560	661,550	9,7	1192,821	14,12	206	149
6562	556,467	1,0	1304,772	3,0	233	149
6564	38,42	21,7	52,38	13,9	152	149
6565	1,3	2,1	0,1	0,0	152	149
6573	6,12	2,1	4,0	0,0	523	149
6577	6,11	2,1	3,0	0,0	513	149
6578	4,10	2,1	3,0	0,0	497	149
6582	67,54	10,7	105,79	18,5	152	149
6583	10,8	0,1	8,4	0,0	152	149
6584	1,1	60,45	0,1	86,70	162	149
6590	2,1	0,2	0,1	1,0	179	149
6598	20,11	35,38	36,13	105,65	152	149
6616	20,17	84,62	6,16	135,107	304	149
6617	11,7	121,120	3,2	154,114	225	149
6618	2,1	0,1	3,2	0,0	209	149
6619	8,6	95,108	6,2	205,128	209	149
6621	117,129	0,1	214,188	0,0	642	149
6622	3,1	0,0	3,2	1,2	209	149
6623	53,30	0,0	34,31	1,2	1554	149
6624	51,29	1,0	31,29	0,0	1494	149
6625	3,2	3,2	3,1	4,5	152	149
6626	2,0	0,0	3,0	0,1	174	149
6628	57,56	0,0	103,85	4,1	202	149
6629	1,1	17,15	0,1	2,2	271	149
6630	9,13	8,13	18,9	5,0	253	149
6631	10,12	2,6	17,9	1,3	152	149
6635	347,256	0,2	476,319	1,0	168	149
6636	2,2	392,326	1,0	549,361	174	149
6639	8,7	3,0	4,5	0,0	153	149
6640	574,440	1,2	512,291	1,0	242	149
6641	408,293	0,1	396,277	0,0	153	149
6643	51,42	1,0	60,45	1,0	253	149
6644	44,31	1,0	56,39	0,0	253	149
6645	149,126	63,64	202,159	78,65	253	149
6648	75,70	1,0	65,30	0,0	158	149
6649	131,111	6,8	122,71	5,1	152	149
6650	6,3	0,0	6,2	3,0	152	149
6657	0,1	0,0	0,0	1,0	220	149
6660	148,107	2,4	188,104	0,2	181	149
6667	39,33	1,0	38,43	1,0	228	149
6668	15,8	8,14	14,11	6,10	152	149
6669	4,0	17,19	0,1	24,18	244	149
6670	7,3	31,14	2,0	21,20	164	149
6671	1,2	0,0	1,0	0,2	152	149
6672	1,2	3,9	1,0	4,5	152	149
6675	7,7	0,0	3,2	2,0	153	149
6681	4068,3308	3,5	5216,3663	0,0	741	149
6682	3772,3347	35,15	4302,3149	3,1	609	149
6683	695,667	16,21	652,452	30,20	186	149
6684	483,378	6,0	919,640	0,0	211	149
6694	0,1	11,13	0,0	10,7	388	149
6701	73,71	0,1	128,92	0,0	190	149
6702	72,67	0,1	96,84	0,0	157	149
6703	1,2	61,49	3,4	94,60	244	149
6704	1,2	61,49	3,5	94,60	339	149
6708	43,63	46,14	73,43	37,32	152	149
6710	14,16	114,99	5,0	123,124	156	149
6711	26,20	198,197	33,22	209,187	617	149
6712	198,222	5,6	271,166	6,3	1526	149
6713	201,208	52,52	270,166	32,22	789	149
6714	418,322	9,4	395,325	0,0	2319	149
6715	421,308	1,0	394,325	0,0	1582	149
6716	5,14	32,31	16,4	46,39	1040	149
6719	0,0	30,29	4,0	51,30	192	149
6721	367,313	2540,3360	380,273	3388,1557	292	149
6722	323,272	2540,3360	350,261	3388,1557	194	149
6723	15,18	8460,8293	16,5	13197,8592	181	149
6724	7966,6628	38,51	12042,9084	43,20	286	149
6725	16411,14903	38,51	25223,17671	43,20	254	149
6731	92,73	0,0	100,63	0,4	1608	149
6733	2,2	0,3	1,0	0,0	165	149
6736	493,481	1,0	412,285	0,1	166	149
6737	530,488	5,4	610,441	0,0	505	149
6738	146,144	0,0	120,108	0,2	505	149
6739	479,455	3,2	399,266	0,0	424	149
6742	349,380	2,0	271,182	0,0	497	149
6743	267,271	2,3	139,64	0,3	1288	149
6745	820,750	16,4	1133,935	2,0	339	149
6746	111,132	1,0	127,126	0,0	1101	149
6747	65,56	5,7	46,60	9,7	234	149
6748	73,76	6,7	96,51	5,5	289	149
6749	53,42	13,8	63,35	16,8	179	149
6750	99,111	1049,939	115,82	1599,1214	248	149
6752	0,3	38,16	2,1	7,9	443	149
6753	14,7	131,94	9,3	132,101	169	149
6755	111,98	2,2	10,7	0,0	1216	149
6762	11,14	177,168	36,26	467,387	174	149
6764	5,3	1,0	14,4	1,0	228	149
6766	29,24	25,30	24,20	70,45	373	149
6767	29,23	61,63	24,20	116,82	373	149
6777	1,0	0,0	1,0	2,0	194	149
6782	370,371	9,14	189,133	34,21	7115	149
6783	1,0	9,3	0,1	1,0	168	149
6785	1,1	10,15	0,0	6,7	168	149
6787	41,29	142,149	29,27	126,113	270	149
6788	38,26	1,0	28,26	0,0	270	149
6789	225,205	1,0	237,183	0,0	696	149
6790	189,179	2,0	209,157	0,0	575	149
6791	37,34	75,66	46,23	85,42	196	149
6792	30,28	407,366	34,14	691,459	185	149
6793	18,14	1,0	16,17	0,0	223	149
6794	20,14	0,0	15,16	2,3	223	149
6795	20,16	0,1	17,18	1,2	223	149
6802	63,67	87,102	75,32	80,82	152	149
6803	37,96	9,38	17,18	5,5	155	149
6813	3,0	5,4	1,0	3,0	152	149
6814	307,300	9,2	333,265	10,1	180	149
6815	197,214	0,1	138,102	0,0	166	149
6819	15,11	140,164	9,19	194,117	221	149
6820	1118,1091	4,3	906,654	0,0	667	149
6822	3,3	0,3	2,3	0,0	186	149
6823	6,6	6,3	1,0	0,1	209	149
6827	9,13	22,21	4,0	2,3	257	149
6828	2,3	7,16	0,0	5,3	190	149
6829	96,79	1,0	146,116	0,0	157	149
6830	15,9	1,0	15,13	0,0	308	149
6831	2,1	83,71	1,0	132,103	300	149
6832	32,22	0,0	69,36	0,2	278	149
6833	59,38	0,0	111,52	0,2	311	149
6834	27,16	0,0	43,16	1,0	182	149
6836	11,19	1,0	2,1	0,0	154	149
6837	4,4	24,61	2,0	25,16	303	149
6838	36,35	3779,3289	0,4	453,322	189	149
6852	3,2	649,572	0,0	1,3	189	149
6857	1,1	2,7	0,5	4,2	169	149
6858	22,28	0,1	17,20	0,0	225	149
6859	26,25	2,0	23,10	0,0	203	149
6861	4,5	48,72	3,12	95,66	238	149
6862	31,34	1,4	36,24	4,0	184	149
6864	1,0	27,34	3,2	49,36	167	149
6869	1351,1191	1,0	2612,2047	3,0	157	149
6870	1838,1946	1,7	2366,1737	0,1	763	149
6871	1184,1296	2,7	1787,1131	4,1	223	149
6872	1479,1581	10,8	2128,1288	4,5	268	149
6873	297,292	10,8	345,158	4,5	194	149
6882	3,1	19,7	2,0	2,24	210	149
6884	97,76	11,4	188,134	12,8	276	149
6891	835,865	11,10	673,401	0,0	154	149
6892	698,710	328,352	752,454	349,231	200	149
6893	682,768	57,47	485,255	64,21	152	149
6894	844,1038	8,7	492,302	3,0	186	149
6895	279,369	13,34	187,105	6,1	321	149
6896	123,166	2,3	86,47	0,2	154	149
6904	11,8	0,0	11,7	0,1	153	149
6906	13,13	0,0	21,16	2,2	468	149
6907	6,11	1,0	12,13	0,0	300	149
6909	12,6	7,8	21,8	14,9	314	149
6911	3,0	43,33	1,1	78,51	170	149
6912	38,21	28,29	54,44	57,46	152	149
6919	7,4	1,0	4,2	0,0	223	149
6920	38,29	1,0	28,16	2,1	162	149
6922	10,4	1,0	4,2	0,1	179	149
6923	189,151	9,23	363,247	17,28	190	149
6924	637,502	0,1	1150,764	0,0	397	149
6925	787,660	7,23	1243,942	14,11	173	149
6926	92,79	39,18	72,59	17,17	161	149
6927	7,6	1,1	12,5	2,2	161	149
6938	2,4	2,0	1,3	2,0	208	149
6939	3,8	2,2	19,8	5,2	185	149
6940	8,12	6,1	21,9	7,2	232	149
6941	9,12	14,4	21,9	28,10	235	149
6942	7,6	6,1	7,3	7,2	196	149
6943	8,6	14,4	7,3	28,10	199	149
6944	7,1	14,4	7,2	28,10	152	149
6945	54,49	0,0	50,14	2,1	326	149
6946	18,17	13,10	21,8	17,11	152	149
6948	7,15	2,0	18,6	2,0	507	149
6955	18,28	5,3	28,11	6,8	152	149
6958	11,7	7,5	12,7	15,4	152	149
6960	58,78	0,1	69,43	3,0	159	149
6961	172,164	828,729	151,105	1155,835	196	149
6962	114,87	828,729	85,62	1155,835	186	149
6963	1196,1134	13,7	1841,1251	26,22	257	149
6966	405,484	2,0	332,150	0,0	2480	149
6967	39,58	503,461	11,12	695,521	378	149
6971	269,404	4,6	210,167	3,0	154	149
6972	376,510	0,1	285,214	0,0	191	149
6973	111,112	0,1	78,47	0,0	186	149
6974	20,13	279,331	2,6	197,140	172	149
6975	181,248	3,8	99,108	2,0	324	149
6976	440,566	3,8	294,242	2,0	301	149
6977	347,445	2,0	222,173	0,0	428	149
6979	139,243	3,0	94,77	0,0	191	149
6980	13,51	3,0	9,1	0,0	185	149
6981	685,727	5,13	669,484	7,4	716	149
6982	387,443	8,12	329,175	18,11	194	149
6983	507,543	1,2	433,241	0,0	225	149
6985	489,515	5,4	396,210	1,0	433	149
6986	128,112	1,2	122,77	0,0	180	149
6989	33,14	625,622	14,13	527,357	164	149
6990	18,19	16,14	3,4	3,0	152	149
6991	1,5	12,20	0,3	6,3	207	149
6992	1,2	0,0	0,0	0,2	151	149
6993	2,1	43,31	0,0	3,3	213	149
6994	4,7	0,0	2,8	2,0	455	149
6999	485,436	0,2	2,0	0,0	154	149
7000	90,92	35,23	82,44	23,19	233	149
7003	95,54	0,2	119,108	0,0	153	149
7004	131,125	10,14	187,142	22,12	167	149
7005	121,114	5,5	173,107	6,5	152	149
7008	127,125	65,37	76,52	43,44	290	149
7010	170,121	192,186	155,115	350,255	181	149
7011	149,141	0,2	89,86	2,0	1000	149
7012	389,346	0,0	483,366	2,1	1000	149
7013	275,261	22,19	327,282	32,25	176	149
7014	2196,1519	0,0	2180,1759	0,2	4654	149
7015	6,7	3,9	2,0	1,2	154	149
7016	32,33	505,412	29,15	464,376	289	149
7017	226,186	413,324	196,141	383,262	152	149
7019	2941,2615	0,1	4106,3094	0,0	2911	149
7020	2942,2616	191,189	4107,3095	302,261	2914	149
7021	1,2	191,189	1,1	302,261	152	149
7023	2,0	2,6	3,1	6,1	176	149
7024	3,3	1,2	5,0	1,0	152	149
7025	0,2	8,14	0,0	2,2	163	149
7026	140,119	3,2	100,59	2,3	1860	149
7027	69,79	0,4	74,62	4,2	203	149
7036	295,315	1,0	405,331	1,0	193	149
7057	241,186	0,0	268,195	2,0	3171	149
7063	3,2	180,161	3,3	256,148	190	149
7064	223,225	5,8	442,325	6,2	237	149
7065	306,225	0,0	505,355	0,2	246	149
7066	10,5	218,182	6,3	312,190	169	149
7067	251,204	31,34	357,280	36,31	153	149
7076	0,0	2,0	1,1	2,0	152	149
7079	3,1	0,0	0,1	2,0	257	149
7080	6,1	0,0	2,4	2,0	338	149
7081	4,1	0,0	1,5	2,0	341	149
7088	761,566	320,263	1282,839	385,322	471	149
7090	38,27	1,0	57,52	1,0	211	149
7093	3,6	0,0	7,5	0,1	194	149
7094	96,65	314,255	42,30	386,280	546	149
7096	79,80	1,3	45,24	1,0	170	149
7097	17,8	102,92	5,21	89,77	176	149
7099	63,44	81,43	101,83	102,108	152	149
7128	3,5	151,108	7,1	108,71	269	149
7129	260,262	19,18	149,102	6,9	753	149
7130	11,11	32,41	9,2	32,33	197	149
7131	1,3	15,23	1,4	16,3	178	149
7140	534,408	5,2	937,568	0,0	352	149
7150	1,0	3,1	1,0	2,2	152	149
7151	17,11	7,14	5,11	4,3	153	149
7155	135,135	454,389	144,103	558,473	914	149
7158	391,314	0,3	573,303	0,0	378	149
7159	20,23	493,468	14,8	555,353	179	149
7160	17,14	493,468	14,7	555,353	209	149
7161	2,1	5,10	2,0	2,1	179	149
7162	238,144	0,2	252,186	2,2	175	149
7164	12,21	8,12	17,6	4,0	244	149
7165	47,46	6,8	49,28	16,9	152	149
7166	27,22	82,83	14,14	127,65	197	149
7168	11,9	177,150	9,6	270,203	162	149
7169	19,10	69,59	10,2	80,52	163	149
7176	121,138	1,0	292,206	0,2	211	149
7187	0,2	2,0	1,0	0,0	196	149
7197	3,1	1,0	1,2	0,0	188	149
7198	1,3	0,2	6,3	2,0	513	149
7200	90,67	1,4	223,137	8,2	152	149
7201	50,46	91,119	88,56	131,133	164	149
7204	16,18	307,249	13,28	328,245	182	149
7205	5,5	307,249	4,6	328,245	200	149
7206	0,1	11,14	0,0	9,22	167	149
7207	5,5	0,2	4,6	2,0	182	149
7209	506,341	4,0	576,445	0,0	173	149
7210	422,368	0,0	443,415	1,0	275	149
7213	25,23	157,145	31,17	167,134	245	149
7214	205,170	2,2	270,190	2,4	153	149
7215	7,7	1,0	15,2	0,0	153	149
7216	20,23	275,258	21,16	351,234	167	149
7220	6,1	1,0	3,1	0,2	164	149
7230	26,16	3,5	28,16	10,2	233	149
7232	1,4	6,3	1,7	9,8	169	149
7233	4,1	6,3	2,0	9,8	173	149
7234	15,17	6,3	16,5	9,8	378	149
7235	19,10	6,3	21,12	9,8	381	149
7236	14,10	6,3	12,5	9,8	383	149
7237	3,1	0,4	1,0	0,7	153	149
7238	14,17	0,4	15,5	0,7	358	149
7239	18,10	0,4	20,12	0,7	361	149
7240	13,10	0,4	11,5	0,7	363	149
7241	12,17	1,1	15,5	1,0	354	149
7242	16,10	1,1	20,12	1,0	357	149
7243	11,10	1,1	11,5	1,0	359	149
7244	5,0	1,7	9,7	4,0	152	149
7254	10,10	291,271	2,3	50,35	271	149
7255	2,2	136,150	1,0	30,15	160	149
7256	0,0	2,4	3,1	6,4	332	149
7257	2,0	0,0	1,6	0,2	180	149
7267	27,26	15,11	7,18	9,8	378	149
7268	105,105	0,0	117,92	1,0	1738	149
7269	7,5	3,1	4,2	1,0	239	149
7270	646,490	2,0	986,778	1,2	963	149
7271	17,19	6,2	14,17	7,13	196	149
7274	29,25	15,8	22,27	9,14	341	149
7276	30,38	1,0	40,36	0,2	151	149
7277	9,12	0,0	7,7	1,2	151	149
7278	36,33	0,0	26,21	1,0	151	149
7279	58,60	3,0	82,49	8,4	153	149
7282	4,3	30,38	1,0	84,44	200	149
7283	64,41	0,0	81,66	1,0	211	149
7284	38,19	4,2	50,37	6,2	180	149
7287	189,210	14,8	118,102	18,5	240	149
7289	72,68	1,0	114,52	2,0	225	149
7299	7,4	2,0	6,4	1,0	1071	149
7300	1,0	0,0	0,0	3,0	152	149
7305	4,3	17,18	1,2	9,11	506	149
7308	1,0	4,4	0,2	2,1	171	149
7309	0,0	3,5	0,2	0,2	171	149
7310	26,21	3,5	34,18	0,2	1242	149
7311	26,21	0,0	34,18	0,2	1220	149
7322	25,30	5,6	10,4	0,0	475	149
7327	257,214	15,12	405,264	20,7	152	149
7328	35,22	156,116	31,24	240,228	188	149
7329	38,28	0,2	44,36	2,0	194	149
7330	159,122	0,2	253,240	2,0	155	149
7331	2,4	2,0	1,1	0,0	152	149
7332	204,182	14,3	273,239	10,7	152	149
7333	2,3	1,0	2,0	2,1	152	149
7341	1053,907	3,4	1267,1103	5,5	229	149
7347	0,2	1,2	0,2	0,0	153	149
7348	4,2	64,119	1,0	112,46	182	149
7349	0,1	3,0	0,0	2,0	152	149
7350	9,5	19,13	25,26	39,41	152	149
7352	79,96	79,58	60,42	75,87	672	149
7353	52,57	4,0	23,33	0,0	1355	149
7354	9,15	6,1	4,7	2,4	652	149
7355	58,53	174,192	30,26	185,163	994	149
7356	226,249	3,4	208,194	4,4	1355	149
7358	105,108	0,0	79,44	0,2	170	149
7359	27,27	0,4	17,9	0,0	198	149
7360	39,49	251,216	22,19	236,179	935	149
7362	12,14	4,0	3,8	0,0	250	149
7363	10,5	225,269	4,2	217,143	276	149
7364	41,56	1,0	43,32	0,0	321	149
7365	256,320	1,0	256,173	0,0	194	149
7366	0,4	133,167	2,0	159,101	204	149
7369	1,4	0,0	2,0	1,0	230	149
7372	3669,3051	3,1	6683,5057	0,3	156	149
7374	0,0	186,196	1,1	265,171	168	149
7375	0,2	126,105	0,4	218,137	185	149
7376	296,297	0,2	378,281	4,1	294	149
7380	129,77	6,0	146,95	0,0	153	149
7381	144,88	8,3	154,101	0,0	169	149
7382	21,11	8,3	8,6	0,0	165	149
7383	10,11	107,107	10,13	192,136	199	149
7384	30,27	3,0	29,11	2,2	162	149
7385	37,38	107,107	37,22	192,136	212	149
7386	210,234	6,0	249,206	0,0	558	149
7390	173,195	13,17	107,72	20,14	732	149
7391	574,474	0,2	1081,805	1,0	181	149
7395	219,174	38,35	289,187	81,52	155	149
7396	98,81	4,8	101,51	6,5	455	149
7397	0,0	2,1	0,2	0,0	166	149
7402	229,196	17,5	246,161	8,2	154	149
7403	64,50	117,144	102,70	239,183	173	149
7404	87,69	91,117	150,82	169,145	173	149
7413	3,2	1,0	0,0	1,0	162	149
7414	0,1	1,0	0,0	1,0	170	149
7419	83,87	20,16	118,88	26,25	152	149
7421	3,4	2,0	3,3	0,0	152	149
7422	101,81	2,5	106,63	3,4	152	149
7426	3,4	94,73	2,4	176,142	188	149
7427	122,81	29,24	186,103	31,25	152	149
7428	6,1	0,8	6,1	0,0	152	149
7429	143,108	12,20	248,126	25,29	152	149
7435	132,107	0,2	206,189	2,0	1433	149
7436	123,91	1,0	166,151	0,0	2459	149
7437	1,0	124,110	0,1	248,194	175	149
7439	27,39	400,296	12,7	193,140	223	149
7440	475,449	10,2	219,200	1,2	223	149
7443	0,1	111,99	3,0	186,113	190	149
7448	190,190	0,1	254,183	0,0	153	149
7449	61,41	2,1	75,45	1,3	189	149
7450	31,43	0,7	56,38	2,1	176	149
7451	42,49	19,18	59,30	24,20	212	149
7452	61,62	1,1	62,34	2,5	198	149
7453	2769,2458	1099,914	3943,3040	1531,1166	152	149
7454	619,541	2616,2264	874,652	3606,2733	152	149
7456	9010,7068	0,2	14281,9901	0,0	532	149
7457	98,81	0,1	179,92	2,0	157	149
7464	1,0	41,41	0,0	40,35	209	149
7465	31,46	0,5	38,16	5,1	334	149
7466	71,87	0,5	78,51	5,1	274	149
7467	147,110	286,232	127,97	319,216	173	149
7469	240,186	0,0	251,214	2,0	2939	149
7470	186,165	2,0	197,151	1,1	238	149
7471	258,195	3,0	307,229	1,0	1361	149
7472	2,0	356,278	0,0	359,275	165	149
7475	428,357	0,0	800,596	0,3	391	149
7476	257,245	1,1	535,407	5,0	158	149
7481	9,13	0,0	11,0	0,4	344	149
7483	127,91	0,0	189,154	1,0	526	149
7494	99,95	1,0	118,72	0,0	279	149
7495	53,55	0,0	69,39	0,2	279	149
7498	130,203	2,0	133,56	2,4	830	149
7506	4,1	454,404	5,4	633,374	180	149
7507	3,0	245,209	0,3	374,313	161	149
7510	10,10	773,672	19,6	1167,842	201	149
7511	101,73	0,2	107,85	5,5	154	149
7512	0,2	12,17	0,0	14,1	164	149
7513	22,26	0,2	14,3	0,0	220	149
7515	25,24	5,3	31,27	5,7	153	149
7516	61,37	0,2	91,65	3,0	152	149
7517	0,0	54,55	0,2	105,69	370	149
7520	6,9	4,0	22,24	1,3	154	149
7521	5,2	0,0	13,6	0,2	154	149
7524	11,5	11,16	8,3	15,3	152	149
7525	13,23	2,1	14,9	4,1	152	149
7526	2,3	0,0	1,0	3,0	408	149
7535	1,1	1,0	0,1	0,0	223	149
7541	7,4	1651,1510	12,6	2580,1834	175	149
7542	1960,1709	3,2	2589,1892	8,3	158	149
7543	2,3	91,99	7,3	125,108	152	149
7547	4,3	0,0	3,2	2,4	169	149
7548	4,6	1,0	10,5	4,5	169	149
7549	360,338	2,4	696,442	2,0	2666	149
7550	26,15	0,4	72,32	0,0	152	149
7551	33,35	0,0	53,26	0,2	152	149
7553	29,36	0,0	50,30	1,0	152	149
7554	41,48	0,3	76,52	0,0	207	149
7555	12,12	0,3	27,22	0,0	204	149
7556	3,0	44,47	1,1	136,55	170	149
7563	3,5	4,1	3,0	2,2	154	149
7565	1,0	0,0	0,0	1,0	180	149
7571	766,606	0,1	1228,899	0,1	152	149
7572	519,501	1,3	948,680	1,0	430	149
7574	132,127	294,314	97,58	236,148	215	149
7575	31,37	294,314	29,17	236,148	239	149
7576	2,5	103,95	1,0	69,41	173	149
7586	2,0	0,1	0,1	1,0	152	149
7590	2,0	0,0	0,0	1,2	251	149
7594	2,10	130,84	0,0	203,158	1745	149
7595	108,97	2,0	185,141	2,1	158	149
7596	124,90	0,1	150,125	2,0	152	149
7597	0,1	182,164	0,1	287,208	182	149
7599	184,168	0,0	267,235	2,1	179	149
7607	2,0	87,50	0,0	134,102	167	149
7608	131,106	0,6	160,100	2,0	201	149
7609	103,73	2,1	114,89	0,1	168	149
7610	186,151	2,1	180,128	0,0	318	149
7614	553,492	0,8	741,488	0,0	5509	149
7622	97,58	1,2	141,81	0,1	203	149
7623	3719,2976	16,10	3982,3057	12,13	183	149
7628	56,55	3,0	58,34	5,7	332	149
7629	92,130	2,0	70,55	4,1	279	149
7630	20,24	48,49	8,3	40,18	320	149
7642	163,138	0,0	204,153	0,1	220	149
7644	59,43	21,21	51,35	19,26	152	149
7653	304,382	2,0	235,168	2,0	288	149
7654	407,366	0,2	411,360	1,0	291	149
7655	271,240	25,19	368,269	28,13	206	149
7656	269,266	0,2	413,252	0,0	197	149
7657	377,244	22,23	809,435	0,0	359	149
7658	16487,13000	2,3	24016,13685	0,0	1885	149
7659	16017,12438	0,0	25323,13617	1,0	1838	149
7661	28,18	681,596	7,6	671,538	265	149
7662	3,3	569,520	8,2	590,412	165	149
7663	8,6	569,520	11,5	590,412	227	149
7664	6,5	1,2	4,4	1,1	211	149
7665	402,274	5,2	592,474	2,4	1457	149
7666	10,7	336,325	22,8	478,368	167	149
7667	26,34	400,322	29,24	616,413	2914	149
7668	276,255	0,0	422,342	2,0	222	149
7669	790,649	3,0	1239,940	5,1	222	149
7670	6,7	32,26	6,14	49,34	196	149
7671	4,9	2,3	3,10	5,3	196	149
7672	37,39	0,0	57,46	1,0	162	149
7674	0,6	367,256	6,10	581,420	1100	149
7677	17,15	1,0	28,7	0,0	272	149
7679	65,48	4,2	145,76	2,3	213	149
7684	5,4	2,2	0,6	0,0	245	149
7685	1,0	0,4	0,0	6,2	190	149
7686	0,4	3,4	0,4	2,0	152	149
7687	3,2	75,61	11,4	129,85	179	149
7688	392,367	9,9	315,246	6,2	3744	149
7692	19,9	142,153	14,12	219,160	252	149
7693	226,164	6,0	282,246	0,0	194	149
7695	669,555	8,3	1114,843	15,3	154	149
7714	3,3	179,156	7,3	272,180	258	149
7715	73,111	154,139	102,56	231,162	721	149
7721	1,1	0,0	2,0	0,2	152	149
7722	19,16	5,2	11,9	0,0	249	149
7723	26,50	0,1	42,44	3,2	152	149
7724	33,31	1,0	13,11	0,0	152	149
7725	37,23	86,61	25,29	69,69	185	149
7726	6,1	1,0	1,2	0,0	188	149
7727	14,25	479,403	23,22	702,553	155	149
7728	512,425	12,17	710,525	8,11	429	149
7729	460,473	2,0	748,529	1,0	1481	149
7730	355,307	2,0	543,376	5,1	1805	149
7731	12,6	2,0	11,5	5,1	429	149
7732	349,293	7,2	533,367	3,7	473	149
7733	566,517	2,0	907,621	2,0	231	149
7734	226,232	2,0	378,259	0,0	231	149
7736	40,35	5,4	38,25	4,0	193	149
7737	243,226	120,122	241,183	174,119	1196	149
7742	13,10	236,178	5,5	469,282	165	149
7744	75,80	31,47	103,80	45,41	152	149
7745	7,5	0,2	9,5	0,0	152	149
7746	29,47	39,38	15,7	26,20	348	149
7750	645,525	0,2	999,762	0,0	496	149
7751	902,706	4,1	1478,1067	0,0	496	149
7752	10,4	0,1	2,0	0,0	152	149
7755	39,30	7,0	20,9	9,0	197	149
7757	2,3	0,1	0,2	1,0	245	149
7758	5,0	0,0	0,0	2,0	197	149
7760	583,493	2,1	856,543	1,0	620	149
7767	2,5	0,0	7,3	2,0	174	149
7769	6,2	4,0	3,0	0,0	297	149
7771	148,160	12,4	167,95	6,3	271	149
7773	20,28	152,157	9,4	85,79	307	149
7775	2,0	0,0	3,0	1,1	158	149
7776	590,515	0,0	935,666	3,1	1408	149
7777	10,9	1,0	14,13	0,0	172	149
7778	765,771	0,2	1075,811	7,2	3640	149
7781	196,156	2,0	333,273	1,3	191	149
7782	188,162	1,2	315,267	2,0	270	149
7783	5,6	312,204	1,1	485,340	315	149
7784	5,4	39,32	1,1	71,73	315	149
7785	7,9	289,228	12,4	492,351	172	149
7788	1,6	73,89	10,5	86,57	276	149
7789	44,44	1,0	28,14	0,0	293	149
7791	2,2	2762,2213	4,9	5356,3917	179	149
7792	2778,2503	8,5	4832,3676	7,4	200	149
7793	94,103	4,0	76,41	0,0	211	149
7794	216,203	26,17	281,266	39,21	232	149
7795	9,15	26,17	13,14	39,21	160	149
7796	42,36	26,17	39,35	39,21	181	149
7797	46,39	26,17	51,41	39,21	190	149
7798	338,221	26,17	295,249	39,21	1457	149
7799	34,32	1,11	30,25	4,4	170	149
7800	38,35	1,11	42,31	4,4	179	149
7801	208,199	1,11	272,256	4,4	221	149
7802	330,217	1,11	286,239	4,4	1446	149
7808	268,145	146,127	199,165	185,182	1374	149
7811	128,85	196,157	143,85	366,281	1186	149
7812	0,2	24,16	1,2	42,31	172	149
7813	0,2	24,36	2,2	63,25	172	149
7814	2287,2046	16,9	94,119	2,0	254	149
7816	1894,1714	4,7	81,89	0,0	834	149
7817	1193,1170	0,1	52,52	0,0	152	149
7820	13,25	1008,1044	0,0	39,31	169	149
7821	38,51	0,1	1,1	0,0	175	149
7822	1033,1070	0,1	40,32	0,0	155	149
7824	40,50	580,584	5,0	15,15	176	149
7825	808,957	44,37	32,25	1,2	439	149
7826	1348,1491	44,37	42,40	1,2	412	149
7827	1845,1966	36,24	131,83	0,1	1382	149
7828	9,4	82,57	0,0	3,0	152	149
7829	862,770	1093,894	98,61	39,38	942	149
7830	936,823	1093,894	101,61	39,38	939	149
7832	24,23	580,584	1,0	15,15	170	149
7833	185,310	2,5	6,0	0,0	304	149
7834	22,20	580,584	1,0	15,15	166	149
7835	183,307	2,5	6,0	0,0	300	149
7836	741,871	2,5	20,15	0,0	283	149
7837	53,64	323,267	97,54	733,459	254	149
7838	27,35	2,1	49,26	6,4	254	149
7839	34,25	43,35	45,46	73,44	170	149
7841	96,75	0,0	116,85	1,0	153	149
7842	4,12	1,4	7,2	1,1	401	149
7851	12,26	0,1	21,9	0,0	225	149
7852	23,52	2,1	39,20	0,1	225	149
7858	14,19	328,333	8,8	568,411	182	149
7859	367,378	5,4	606,418	0,1	416	149
7860	391,305	2,1	446,321	0,0	353	149
7861	43,24	597,515	22,11	612,414	163	149
7862	504,405	4,1	432,334	1,0	309	149
7863	923,861	7,5	684,305	11,5	200	149
7865	821,692	63,40	1710,1299	63,67	181	149
7866	141,128	7,6	229,196	11,2	181	149
7867	654,568	8,4	1107,952	12,23	155	149
7868	401,343	60,43	714,479	51,41	174	149
7869	83,77	5,5	170,113	10,7	174	149
7870	74,72	1,0	166,111	0,0	174	149
7871	232,234	1,0	359,246	0,0	448	149
7872	158,162	0,0	193,136	0,1	423	149
7873	10,14	665,517	4,11	1177,913	178	149
7874	74,72	1,0	167,110	0,0	174	149
7875	174,154	1,0	233,157	0,0	448	149
7876	100,82	0,0	67,47	1,0	423	149
7877	511,527	1,0	574,370	0,0	1003	149
7878	1023,1116	19,10	1287,781	29,10	1093	149
7879	1272,1259	0,1	1789,1163	0,0	1486	149
7882	2559,2656	1,0	2400,1708	0,1	4172	149
7883	70,69	0,3	75,58	1,0	201	149
7890	16,12	188,167	5,9	54,37	233	149
7893	21,16	1,0	27,14	0,0	200	149
7894	34,32	85,103	39,22	151,97	303	149
7895	20,12	85,103	21,10	151,97	179	149
7896	33,37	27,30	16,20	24,16	234	149
7897	35,37	1021,875	19,24	1247,966	237	149
7898	29,30	1021,875	27,20	1247,966	152	149
7899	997,905	0,0	1161,835	1,0	160	149
7900	44,39	27,47	14,9	14,12	152	149
7901	649,599	314,307	283,237	381,292	324	149
7902	469,444	314,307	237,198	381,292	351	149
7903	55,54	235,209	30,28	76,67	176	149
7910	233,210	1,0	127,90	0,0	1056	149
7911	236,218	0,2	276,187	0,0	543	149
7912	619,574	0,2	468,331	0,0	1208	149
7913	394,364	2,0	195,146	0,0	814	149
7920	5,3	24,9	4,5	19,10	168	149
7922	7,5	0,0	9,6	2,0	187	149
7923	24,10	1,1	14,6	4,0	187	149
7924	4,8	4,14	1,7	13,20	193	149
7926	0,3	0,4	2,2	0,0	320	149
7929	4,4	0,0	3,0	1,0	203	149
7939	3,7	0,0	2,0	0,2	152	149
7940	39,49	33,22	37,36	24,23	152	149
7941	99,103	12,20	96,60	5,3	161	149
7949	0,0	3,1	2,1	0,0	172	149
7950	12,8	365,278	21,15	412,270	219	149
7951	15,9	365,278	19,14	412,270	196	149
7952	7,7	21,23	3,1	9,8	172	149
7953	19,10	0,2	10,9	1,0	157	149
7954	154,128	3,5	143,104	0,2	984	149
7959	4,6	11,11	10,7	3,5	165	149
7960	20,25	0,0	56,37	0,1	174	149
7961	67,73	0,0	187,111	0,1	182	149
7962	47,51	0,3	137,74	6,0	157	149
7963	0,1	42,19	2,0	52,43	154	149
7969	60,47	86,116	34,43	67,42	209	149
7970	1912,1662	51,40	1902,1473	31,36	179	149
7971	1943,1692	22,21	1911,1484	24,22	182	149
7972	82,70	22,21	40,47	24,22	152	149
7973	63,68	1603,1368	54,24	1338,843	233	149
7974	8,10	3,3	8,7	0,0	152	149
7975	10,15	7,8	2,6	1,2	152	149
7976	65,116	167,361	45,21	97,43	152	149
7977	1779,1409	0,3	2208,1730	2,0	355	149
7978	74,82	2230,2106	44,59	1837,1686	180	149
7979	2,1	1,0	1,1	0,0	155	149
7980	295,230	8,5	310,269	9,0	185	149
7983	157,116	0,0	151,115	1,0	154	149
7984	14,3	4,2	0,1	0,0	250	149
7985	221,182	3,10	155,114	5,1	226	149
7986	74,68	18,16	68,64	2,0	256	149
7987	201,202	18,16	189,154	2,0	264	149
7988	130,134	3,0	121,90	0,0	157	149
7989	4,5	0,0	2,1	2,0	154	149
7990	18,9	0,6	26,19	0,0	154	149
8001	6,3	9,2	8,1	8,6	182	149
8002	6,9	9,2	7,5	8,6	210	149
8003	6,8	9,2	8,4	8,6	234	149
8004	2,7	2,1	3,4	4,0	177	149
8005	2,6	2,1	4,3	4,0	201	149
8006	1,1	1,2	2,2	1,3	173	149
8013	338,232	2,0	394,271	1,0	191	149
8020	112,135	0,0	182,135	0,4	154	149
8022	526,330	0,0	779,486	1,0	264	149
8023	6,1	3,5	0,0	0,2	153	149
8024	674,535	443,334	2043,1506	1386,1017	180	149
8028	172,119	8,2	205,179	4,5	180	149
8029	29,34	118,116	64,45	256,174	161	149
8030	127,104	41,50	219,186	91,71	152	149
8031	41,24	172,166	26,19	163,124	165	149
8036	3,0	4,6	0,0	3,3	238	149
8038	0,1	5,2	0,0	0,4	366	149
8042	12,7	0,0	8,4	0,1	295	149
8044	7,5	0,0	7,10	2,1	413	149
8046	85,55	2,5	126,77	2,1	189	149
8047	24,12	0,3	25,15	0,0	189	149
8054	1,0	7,5	3,0	2,0	169	149
8055	2,0	80,77	4,0	66,52	169	149
8056	4,7	13,5	6,6	16,16	155	149
8059	7,8	0,3	7,15	1,0	152	149
8060	890,807	13,17	1125,834	20,32	5318	149
8062	5,5	42,31	4,3	60,44	178	149
8063	1,0	0,0	0,3	0,1	152	149
8065	1,4	4,0	0,4	0,0	212	149
8066	1,4	4,0	0,4	0,0	209	149
8067	82,77	0,0	51,44	3,0	283	149
8068	16,16	130,108	5,1	153,90	2122	149
8069	163,114	2,0	200,195	0,0	156	149
8072	3,0	221,140	0,2	246,206	177	149
8074	1,1	117,117	0,2	127,55	245	149
8075	109,89	131,108	195,133	168,168	194	149
8076	29,30	1,0	38,48	0,2	288	149
8086	5,3	93,84	3,2	141,111	167	149
8087	0,0	119,85	1,6	167,124	162	149
8090	3,10	27,19	3,9	32,21	169	149
8091	6,4	54,46	7,8	40,18	1196	149
8096	113,118	1,4	70,42	3,1	448	149
8097	114,116	19,16	70,42	6,2	448	149
8098	63,51	0,2	54,30	3,0	182	149
8099	63,51	13,7	56,31	9,3	185	149
8100	0,2	13,7	5,1	9,3	152	149
8101	132,128	2,0	289,193	1,3	171	149
8102	40,20	0,0	33,30	1,0	153	149
8103	1,1	283,241	7,0	526,390	185	149
8104	5,2	239,222	5,5	331,234	177	149
8105	6,12	305,300	13,4	489,325	426	149
8106	3,5	300,275	4,2	529,362	199	149
8107	283,223	1,0	392,285	0,0	826	149
8108	4,10	248,219	11,9	265,180	243	149
8109	19,14	191,177	27,14	254,111	499	149
8112	13,8	106,78	4,3	40,45	152	149
8113	2980,2319	6,3	3099,2216	1,0	293	149
8114	39,38	1501,1260	31,17	1482,1128	176	149
8115	2,3	2,3	0,2	0,1	1541	149
8130	42,29	3,0	20,18	0,0	381	149
8131	205,143	123,111	263,162	134,118	224	149
8132	225,153	37,20	277,167	49,27	227	149
8133	143,121	37,20	148,123	49,27	152	149
8134	22,10	2,0	14,5	0,0	152	149
8136	165,158	2,0	262,169	0,0	153	149
8137	262,246	0,3	298,177	2,2	2136	149
8138	127,85	1,0	82,82	0,0	187	149
8139	743,634	2,0	581,425	0,0	187	149
8141	1235,1070	0,1	2308,1778	0,0	191	149
8142	1,0	44,33	2,0	46,57	412	149
8143	2,5	6,12	5,0	10,1	176	149
8145	30,28	8,11	34,19	12,9	152	149
8146	0,3	16,20	6,9	37,12	152	149
8148	0,0	0,1	1,0	0,0	152	149
8151	125,89	1,0	177,148	0,0	234	149
8152	43,54	252,216	42,28	410,327	184	149
8155	1222,882	37,22	1584,1253	24,32	154	149
8156	1424,1204	4,12	2185,1704	5,0	160	149
8157	1465,1238	0,3	2233,1771	2,0	170	149
8158	45,46	0,3	53,67	2,0	159	149
8171	1,0	3,0	0,0	2,4	320	149
8172	1,0	2,0	0,0	2,1	320	149
8173	1,2	8,1	0,0	10,4	206	149
8174	1,2	8,1	0,0	10,4	310	149
8177	0,0	4,0	1,0	1,1	171	149
8181	139,126	20,18	168,108	23,11	152	149
8182	24,20	13,3	21,17	10,2	197	149
8183	30,24	51,61	22,18	60,38	197	149
8184	24,23	113,103	23,21	135,95	197	149
8186	2543,2114	10,3	3894,2718	3,0	1198	149
8188	185,250	40,45	216,131	26,11	196	149
8190	157,136	1,1	384,291	1,0	191	149
8193	7,3	0,1	16,3	4,1	152	149
8194	10,7	4,6	9,3	9,9	152	149
8199	46,43	0,0	79,76	0,1	195	149
8200	155,153	17,9	328,225	5,14	187	149
8201	78,60	5,3	68,41	4,2	256	149
8202	122,108	5,3	107,64	4,2	259	149
8203	52,56	8,8	50,31	11,8	152	149
8206	0,3	1,4	0,0	5,1	193	149
8207	1,1	1,0	1,0	0,0	170	149
8209	19,15	4,2	16,10	2,2	151	149
8216	8,10	15,3	5,12	4,2	154	149
8238	2,0	1,0	1,0	0,0	153	149
8239	8,1	0,0	4,4	0,1	175	149
8240	7,1	0,0	3,4	0,1	171	149
8245	2,2	0,0	6,0	1,0	153	149
8249	3,4	7,4	4,2	19,3	219	149
8250	0,0	7,4	1,0	19,3	199	149
8255	0,3	0,1	0,0	2,0	169	149
8256	0,3	0,0	1,0	1,2	219	149
8257	0,1	0,0	3,0	1,2	199	149
8258	8,8	0,2	8,7	7,5	308	149
8262	10,9	2,7	9,6	0,0	308	149
8263	10,9	1,0	9,6	0,0	314	149
8265	7,4	2,7	6,5	0,0	290	149
8266	7,4	1,0	6,5	0,0	296	149
8271	8,10	0,0	7,7	1,0	308	149
8276	327,207	11,10	364,270	9,9	230	149
8278	1,1	2,0	7,3	2,1	154	149
8279	1,2	12,5	1,3	24,7	152	149
8280	1,2	1,3	19,4	1,2	152	149
8283	5,1	2,4	7,2	1,0	152	149
8290	2,0	4,4	2,0	5,5	253	149
8297	728,698	4,6	899,565	5,1	259	149
8298	1335,1469	3,0	1636,1077	0,0	259	149
8300	3839,3154	0,1	6200,4770	2,0	1841	149
8301	319,255	2,1	237,179	0,0	318	149
8302	8,13	251,221	7,2	390,292	292	149
8303	6,4	148,125	2,9	227,212	164	149
8307	631,479	0,4	822,550	8,4	745	149
8308	51,37	307,265	53,34	532,405	251	149
8309	26,16	211,233	25,21	348,249	198	149
8311	5,9	46,34	7,5	78,60	374	149
8312	1363,1105	0,1	1045,837	1,0	1196	149
8313	7,4	222,187	4,3	190,137	168	149
8314	22,15	0,0	7,4	1,0	154	149
8319	12,15	6,4	0,2	2,6	295	149
8320	16,19	6,4	0,4	2,6	301	149
8321	6,4	2,0	0,2	0,0	155	149
8331	3,0	4,6	0,0	5,4	152	149
8332	89,66	2,0	70,46	2,1	397	149
8334	421,304	0,0	617,444	1,0	219	149
8340	140,97	1,0	177,107	0,0	153	149
8343	2,2	269,232	0,2	342,232	182	149
8345	0,4	0,0	4,0	0,1	171	149
8354	0,3	0,0	4,0	1,0	171	149
8355	184,173	0,0	247,109	1,0	1452	149
8359	1,0	34,33	0,0	92,50	171	149
8362	30,30	116,94	13,19	85,73	223	149
8363	15,8	159,126	29,18	288,174	170	149
8364	240,180	0,0	306,218	0,1	153	149
8365	19,11	0,0	30,25	0,1	193	149
8366	2,2	223,171	0,0	276,193	189	149
8377	5,7	4,6	2,3	1,0	153	149
8379	14,14	1,2	5,12	2,5	197	149
8380	8,9	22,28	9,9	37,14	230	149
8381	7,0	0,4	2,1	1,1	171	149
8382	6,0	2,0	2,1	2,0	171	149
8383	8,0	0,1	4,1	2,0	171	149
8384	6,0	20,12	2,3	14,10	171	149
8387	3471,3228	5,6	3827,2881	0,0	506	149
8388	2888,2738	0,1	3320,2491	0,0	506	149
8389	220,208	0,2	245,174	0,2	192	149
8390	698,625	8,3	879,682	8,1	192	149
8391	36,44	19,14	54,37	32,20	152	149
8392	2294,2215	0,2	2418,1796	0,0	884	149
8393	36,39	1,1	22,26	0,0	894	149
8394	12,5	0,0	5,7	2,2	152	149
8395	67,48	132,102	110,71	216,145	152	149
8396	29,9	4,5	21,14	10,1	152	149
8398	778,679	70,57	1225,859	102,95	152	149
8399	2,0	0,2	0,2	0,0	152	149
8400	75,91	0,0	83,71	1,0	168	149
8412	168,94	28,16	173,146	16,12	168	149
8413	199,142	5,11	279,180	0,9	228	149
8418	421,309	20,9	514,368	6,2	153	149
8421	2,3	547,434	3,4	833,630	182	149
8424	0,0	0,2	0,3	0,0	151	149
8427	5,8	25,24	14,3	39,23	152	149
8428	3,2	25,24	0,0	39,23	171	149
8429	3,4	25,24	0,0	39,23	278	149
8431	0,2	2,6	0,0	14,3	275	149
8434	20,13	1,0	13,7	0,0	309	149
8435	3,2	59,31	7,3	86,47	153	149
8436	3,4	59,31	1,1	86,47	170	149
8437	1,2	1,0	1,1	7,3	166	149
8438	24,20	67,74	11,13	119,61	186	149
8444	377,444	10,17	342,270	2,0	755	149
8445	6,5	396,389	3,0	274,249	181	149
8446	776,820	3,0	693,465	0,0	660	149
8447	877,911	0,1	1359,882	0,0	1180	149
8448	610,519	11,8	793,620	8,8	189	149
8449	395,311	0,0	543,328	0,2	198	149
8453	43,42	2,0	44,53	0,1	152	149
8454	49,28	0,0	70,39	2,0	152	149
8455	0,2	0,0	2,2	2,0	1394	149
8466	35,41	3,1	48,47	0,0	154	149
8467	141,114	0,0	160,138	2,0	157	149
8468	6,5	115,117	7,1	177,100	170	149
8471	4,6	32,26	0,2	32,26	645	149
8472	19,12	601,451	16,11	801,490	174	149
8473	0,1	13,34	0,2	11,16	181	149
8475	153,130	9,6	218,178	0,0	199	149
8476	41,51	372,377	11,11	203,177	227	149
8477	94,82	3,0	121,96	0,4	435	149
8478	7,7	51,64	10,11	84,47	200	149
8479	0,0	110,113	1,1	105,44	164	149
8482	9,17	73,75	11,9	50,53	152	149
8483	93,112	1,6	83,66	2,0	197	149
8490	9,4	2,3	4,2	2,2	499	149
8496	3,5	95,79	4,1	54,38	177	149
8501	18,9	0,0	15,9	2,0	278	149
8502	21,9	8,0	20,10	1,9	307	149
8503	24,9	2,0	22,10	0,0	314	149
8504	48,24	0,0	42,30	1,0	434	149
8506	14,4	0,0	6,4	2,0	228	149
8507	17,4	8,0	11,5	1,9	257	149
8508	20,4	2,0	13,5	0,0	264	149
8509	44,19	0,0	33,25	1,0	384	149
8511	3,0	8,0	7,1	1,9	178	149
8512	6,0	2,0	9,1	0,0	185	149
8513	30,15	0,0	29,21	1,0	305	149
8515	11,0	2,0	3,9	0,0	156	149
8516	35,15	0,0	23,29	1,0	276	149
8518	26,15	0,0	20,20	1,0	269	149
8521	0,0	0,2	2,4	4,3	153	149
8527	18,6	148,175	7,7	167,93	220	149
8529	9,24	79,92	8,3	76,45	352	149
8530	9,22	79,92	8,3	76,45	328	149
8531	526,404	5,8	626,499	1,0	502	149
8532	423,514	7,8	513,296	2,1	269	149
8533	548,470	18,13	1045,774	16,18	186	149
8534	7,16	0,1	8,15	0,0	225	149
8535	4,0	5,2	0,0	1,2	151	149
8537	194,162	0,1	321,279	0,0	385	149
8538	8,13	0,0	10,7	1,1	170	149
8539	59,67	0,0	36,24	1,1	175	149
8540	53,55	2,1	27,17	1,0	154	149
8541	61,56	3,6	70,59	6,4	160	149
8542	42,22	18,5	28,14	0,4	252	149
8543	88,84	12,8	116,95	10,5	154	149
8544	19,15	1,0	10,4	0,1	183	149
8546	6,2	627,426	3,6	820,605	219	149
8549	106,113	0,0	147,85	1,1	152	149
8551	0,1	23,32	0,0	11,5	228	149
8554	90,47	149,102	90,75	193,105	185	149
8555	87,99	197,151	202,138	300,200	170	149
8556	7,4	0,2	5,3	0,0	241	149
8557	0,0	54,26	1,1	60,25	168	149
8558	0,2	2,5	0,0	2,0	254	149
8559	1,3	0,2	0,0	0,1	170	149
8560	1,3	5,0	0,0	1,0	170	149
8561	565,464	2,2	571,398	0,2	181	149
8562	357,258	0,0	451,341	0,2	180	149
8563	96,104	0,0	131,102	0,2	223	149
8564	2,7	263,161	8,6	328,245	192	149
8565	118,134	2,0	150,121	0,0	180	149
8566	97,106	2,0	131,102	0,0	223	149
8567	3,9	24,37	8,6	27,25	192	149
8568	343,264	1,3	303,230	3,1	154	149
8571	0,0	4,6	1,0	3,3	164	149
8572	6,10	5,6	5,8	3,1	152	149
8573	1770,1260	1,2	2098,1743	5,3	3034	149
8574	4,4	142,131	3,3	234,152	174	149
8576	152,158	2,0	292,159	0,0	266	149
8578	0,2	22,29	0,0	17,19	172	149
8579	0,1	0,0	0,0	1,0	172	149
8581	20,22	0,0	41,8	1,1	221	149
8582	4,6	0,0	9,5	6,0	153	149
8583	25,14	23,19	29,14	35,17	242	149
8584	2,1	0,2	3,6	0,0	159	149
8593	2015,1658	16,14	3297,2356	6,9	2393	149
8595	67,59	23,13	35,22	25,12	155	149
8596	7,3	2,1	1,0	0,0	155	149
8597	98,74	41,26	158,92	50,29	194	149
8598	1,2	250,169	3,2	278,212	196	149
8599	19,29	0,1	25,18	0,0	208	149
8600	728,636	0,1	678,465	2,0	1065	149
8601	10,12	7,2	3,4	1,0	152	149
8602	4,15	12,0	6,3	1,0	152	149
8603	17,12	20,20	10,4	10,5	152	149
8604	0,3	0,2	0,1	4,0	343	149
8606	3507,2771	7,0	2801,2110	0,0	2675	149
8607	3,9	101,93	6,6	151,116	254	149
8608	71,65	1,0	61,47	0,0	270	149
8613	0,3	1,0	0,4	0,0	215	149
8614	437,339	0,1	443,315	0,0	183	149
8615	329,291	46,23	427,312	25,15	258	149
8616	72,83	97,73	92,58	122,69	152	149
8617	20,9	55,36	9,3	41,52	152	149
8618	1240,1062	3,12	1142,865	0,0	238	149
8619	651,651	108,120	636,469	8,10	529	149
8634	189,154	6,12	145,66	8,3	179	149
8638	1,4	0,2	12,3	7,0	192	149
8644	741,795	2,0	886,699	0,0	191	149
8645	61,99	305,366	52,27	336,233	351	149
8646	69,110	0,4	56,29	1,2	402	149
8647	313,377	0,4	340,235	1,2	200	149
8649	0,2	136,137	2,0	312,230	258	149
8650	6,8	1,0	12,8	0,0	240	149
8651	2,2	1,0	1,5	1,0	152	149
8654	22,24	0,0	37,24	1,4	296	149
8655	33,34	14,14	57,36	26,15	296	149
8656	33,35	7,2	57,37	9,2	300	149
8657	14,15	7,2	26,16	9,2	153	149
8658	4,12	5,1	8,4	3,2	198	149
8662	261,249	3,0	309,276	1,0	327	149
8666	18,7	3,0	10,9	0,2	260	149
8668	150,142	14,3	152,107	3,4	153	149
8669	53,31	0,1	69,50	0,0	153	149
8670	94,86	0,3	105,70	0,0	1049	149
8671	151,95	0,0	248,168	0,2	151	149
8675	148,129	1,0	116,108	0,0	156	149
8678	531,554	4,2	830,551	0,2	153	149
8679	97,89	10,7	117,66	4,2	169	149
8680	774,752	10,7	982,662	4,2	211	149
8681	714,696	37,33	893,620	28,24	191	149
8682	411,426	2,1	580,386	2,2	358	149
8683	798,627	6,9	1406,951	21,13	154	149
8684	859,709	6,3	1515,1052	6,4	183	149
8686	34,33	1,3	15,13	0,0	181	149
8687	27,13	1,3	18,15	0,0	205	149
8688	16,6	23,26	8,3	5,1	173	149
8689	15,12	12,7	9,3	4,1	161	149
8690	5,5	87,69	0,1	84,67	180	149
8691	8,8	182,147	3,3	155,86	183	149
8692	90,72	182,147	87,69	155,86	152	149
8693	25,23	227,200	34,25	341,204	237	149
8694	20,20	992,725	3,3	312,277	605	149
8695	31,9	8,6	0,3	1,0	195	149
8696	1158,846	1,0	306,235	0,0	1104	149
8697	28,26	648,481	4,3	185,104	254	149
8698	6,12	970,901	6,0	280,226	167	149
8699	775,627	3,1	269,144	3,0	155	149
8704	3,4	0,1	10,2	0,4	152	149
8707	0,0	2,13	3,0	38,29	197	149
8712	1,1	0,0	0,0	0,2	154	149
8716	1,1	0,1	1,1	0,0	295	149
8724	2,0	2,0	0,0	1,0	179	149
8730	44,51	1,0	123,70	1,1	244	149
8733	5533,5111	6,17	7142,6215	20,19	152	149
8735	906,850	5,4	1229,764	2,2	179	149
8736	2,9	62,51	10,7	44,28	152	149
8737	62,41	3,5	64,38	11,0	187	149
8738	254,227	3,5	347,228	11,0	227	149
8739	202,189	10,3	283,193	0,3	189	149
8740	139,124	44,25	242,163	29,20	198	149
8741	57,40	18,15	84,46	9,11	198	149
8742	40,36	3,2	80,44	5,5	198	149
8743	147,137	3,2	182,110	5,5	572	149
8744	108,103	1,2	105,66	3,0	523	149
8746	155,127	2,0	136,92	4,1	1928	149
8752	5,0	37,36	5,3	46,34	194	149
8753	8,2	37,36	9,3	46,34	219	149
8754	11,8	37,36	10,5	46,34	267	149
8755	19,23	37,36	14,9	46,34	375	149
8764	87,100	1,0	77,49	0,0	518	149
8768	276,194	1,0	251,189	0,0	968	149
8769	284,195	0,1	255,188	0,0	968	149
8777	200,132	0,0	164,106	0,1	152	149
8780	284,253	49,28	481,295	41,46	284	149
8781	71,67	24,23	108,72	33,19	152	149
8782	29,37	0,2	34,35	1,3	324	149
8783	13,10	0,0	22,34	2,2	154	149
8784	1,2	2,0	1,1	1,0	154	149
8785	1,0	0,0	2,1	0,1	154	149
8786	640,691	21,32	771,509	22,19	164	149
8787	55,70	16,17	62,30	9,3	164	149
8788	23,20	2,2	9,7	1,1	203	149
8789	752,663	14,5	960,880	26,20	152	149
8790	350,298	39,21	477,407	24,20	209	149
8791	53,120	1,0	27,7	2,0	151	149
8792	0,1	1,0	0,0	2,0	176	149
8794	8,7	0,1	3,2	0,0	152	149
8795	15,10	5,3	5,6	7,5	241	149
8796	7,4	5,3	2,4	7,5	238	149
8798	584,413	0,1	777,572	0,0	162	149
8802	44630,35578	36,37	56864,41614	31,35	156	149
8803	137,117	10,4	106,69	3,1	211	149
8804	1,0	0,0	2,3	5,2	172	149
8805	12,7	263,236	19,12	402,296	164	149
8806	3,3	2,6	2,2	0,0	164	149
8807	2,3	0,0	0,0	6,0	179	149
8808	6,6	0,0	1,0	6,0	224	149
8809	6,3	2,0	1,0	0,0	194	149
8810	1,0	5,3	0,0	0,2	175	149
8811	1,0	5,3	1,2	0,2	193	149
8813	3,4	3,5	2,0	4,3	154	149
8814	3,0	1,3	1,0	3,1	154	149
8815	148,144	19,43	150,92	53,18	152	149
8816	76,91	21,15	119,65	17,19	152	149
8817	18,10	194,231	22,12	304,202	185	149
8818	235,207	6,3	279,252	1,0	435	149
8819	9,9	220,188	3,7	270,237	209	149
8822	122,103	2,2	102,70	1,1	183	149
8829	7,8	24,13	5,0	9,4	180	149
8835	10,5	153,112	3,7	252,161	205	149
8838	42,47	3,1	23,18	0,0	289	149
8839	42,45	0,2	23,18	0,0	289	149
8841	686,557	1,2	1048,740	0,0	903	149
8842	1187,1063	0,0	1602,1297	1,0	2621	149
8844	788,631	19,19	869,689	12,7	198	149
8845	1,1	36,47	1,3	32,21	156	149
8847	380,274	0,0	566,391	2,0	2484	149
8848	10,5	131,106	4,6	160,92	253	149
8859	70,30	67,57	84,59	97,93	152	149
8860	12,7	0,0	9,3	1,2	163	149
8861	215,204	0,0	340,208	1,2	339	149
8862	1,2	143,137	0,0	205,147	184	149
8863	197,195	2,0	244,168	0,0	1685	149
8866	46,46	50,41	42,36	31,29	159	149
8867	56,30	170,145	26,12	143,124	209	149
8868	154,116	9,8	215,120	6,0	154	149
8869	101,87	115,93	81,53	115,69	268	149
8870	8,13	57,54	10,11	94,63	165	149
8872	468,539	2,5	543,333	1,3	185	149
8873	1440,1534	3,0	1515,860	0,0	191	149
8874	48,60	6873,5668	33,27	8862,6957	201	149
8875	96,82	1476,1238	58,27	2526,1381	243	149
8876	1,0	1,2	2,0	0,1	215	149
8879	5,7	124,113	2,1	89,41	209	149
8880	4,3	1,1	6,2	2,0	162	149
8881	0,4	118,115	1,2	108,104	151	149
8882	1,1	38,56	0,0	47,34	175	149
8883	10,22	8,4	17,14	4,0	152	149
8887	7,6	124,107	4,6	148,96	217	149
8888	221,183	0,0	185,176	1,0	193	149
8890	15,2	418,354	5,8	469,316	185	149
8891	70,69	1,0	62,51	0,0	1271	149
8893	1203,947	0,2	1639,1158	0,0	3067	149
8894	43,30	0,2	39,33	0,2	3067	149
8895	858,725	0,1	1084,795	0,0	159	149
8896	110,99	0,1	172,131	0,0	225	149
8897	19,11	767,637	7,5	919,669	215	149
8898	1368,1137	15,13	1657,1254	22,9	158	149
8901	8,11	10,3	8,11	1,5	152	149
8902	2,0	0,0	0,3	0,1	152	149
8905	82,86	0,0	111,87	0,2	218	149
8911	96,93	9494,7998	85,97	15369,11501	203	149
8917	0,1	216,118	0,0	377,199	169	149
8924	3,5	145,181	1,1	192,89	166	149
8925	309,349	4,2	290,174	1,0	1692	149
8926	63,91	1,0	40,42	0,0	853	149
8927	341,300	3,2	345,274	1,4	666	149
8928	470,446	2,1	540,411	2,0	763	149
8929	132,148	2,1	196,141	2,0	246	149
8931	403,397	2,1	509,389	2,2	246	149
8932	138,152	2,0	198,140	0,0	246	149
8933	60,49	269,230	25,21	377,262	288	149
8934	15,20	117,146	1,12	130,85	454	149
8935	26,24	0,0	6,17	1,0	459	149
8936	128,150	0,0	135,90	1,0	154	149
8937	10,7	234,238	5,1	195,66	216	149
8938	273,310	2,3	238,104	2,2	371	149
8939	497,541	2,3	428,169	2,2	304	149
8940	33,29	20,27	25,13	16,20	178	149
8941	36,32	0,0	37,23	0,2	184	149
8942	195,174	3,0	145,84	0,0	294	149
8943	23,30	0,0	28,30	0,2	155	149
8944	182,172	3,0	136,91	0,0	265	149
8945	159,142	3,0	108,63	0,0	259	149
8948	160,133	114,90	147,118	61,62	216	149
8949	71,81	9,4	70,39	8,11	152	149
8951	2,0	0,1	0,0	2,0	1727	149
8954	3,9	2,0	5,4	0,0	610	149
8957	1,0	5,0	0,1	2,0	160	149
8958	1,0	5,0	0,5	2,0	200	149
8960	16,10	14,7	12,13	22,21	257	149
8961	64,54	0,2	44,21	0,0	153	149
8962	4,2	94,80	0,2	114,84	175	149
8963	78,77	0,0	83,57	2,0	250	149
8964	37,43	5,5	63,46	6,3	376	149
8965	62,63	0,0	90,54	0,1	468	149
8966	30,25	0,0	33,11	0,1	241	149
8967	36,42	6,0	59,45	5,1	364	149
8968	7,1	5,5	9,2	6,3	161	149
8969	32,21	0,0	36,10	0,1	253	149
8970	107,131	63,63	106,66	64,59	612	149
8971	25,20	0,0	28,19	1,4	152	149
8973	330,362	0,0	321,202	1,0	3050	149
8974	60,34	1,0	48,21	0,0	367	149
8975	44,42	1,1	30,25	4,0	416	149
8976	7,1	188,173	2,0	154,118	166	149
8977	74,51	65,79	21,28	67,45	152	149
8978	114,142	0,2	110,70	0,0	388	149
8980	26,30	0,0	5,17	0,2	1030	149
8987	27,8	1,0	47,28	0,0	1182	149
8990	12,1	1,0	12,5	0,0	313	149
8992	3,0	1,0	12,3	0,0	239	149
8997	0,1	1,0	0,0	1,1	153	149
9000	90,61	40,43	96,95	58,39	152	149
9004	0,1	4,1	1,0	0,0	185	149
9006	59,51	0,0	89,66	0,1	230	149
9009	23,12	2,1	17,15	0,0	169	149
9010	3,8	2,4	1,0	0,0	154	149
9011	8,17	119,152	5,6	178,132	709	149
9012	9,6	121,91	5,3	148,102	163	149
9013	6,0	1,2	10,4	2,0	152	149
9017	5,1	0,0	2,8	0,1	199	149
9019	0,0	25,22	2,0	10,7	844	149
9022	0,0	10,4	2,2	9,5	233	149
9024	6,1	145,159	2,2	196,136	223	149
9028	89,74	2,0	115,80	0,0	156	149
9029	1,1	199,154	5,7	282,255	167	149
9033	64,33	10,17	36,13	3,7	534	149
9034	47,47	11,2	17,8	0,0	318	149
9036	2,1	4,7	0,0	4,4	186	149
9037	0,0	2,3	0,1	5,1	209	149
9038	0,3	8,4	5,1	9,0	152	149
9039	32,34	1,0	34,31	0,0	290	149
9040	57,56	4,0	44,35	1,0	452	149
9041	26,22	4,0	10,4	1,0	311	149
9044	4,2	13,17	2,6	16,15	292	149
9045	5,5	5,1	2,5	2,1	292	149
9050	1,0	161,138	5,3	305,226	182	149
9051	94,73	26,9	147,96	53,28	152	149
9052	4,5	102,77	3,3	193,141	175	149
9054	2,3	0,1	0,3	0,0	158	149
9055	38,42	76,81	70,30	104,82	315	149
9056	32,57	0,2	19,15	2,0	153	149
9062	160,119	165,131	190,126	216,119	269	149
9063	2238,1979	7,9	1929,1575	6,6	272	149
9065	18,9	205,151	8,6	279,237	274	149
9066	934,782	6,0	1123,770	1,2	735	149
9067	703,582	2,0	891,605	0,0	735	149
9068	141,73	2,0	151,99	0,0	299	149
9069	48,19	2,3	55,29	1,1	299	149
9077	2,3	3,0	4,1	1,5	152	149
9085	2,0	16,2	0,1	5,3	177	149
9087	20,21	87,80	22,19	162,102	152	149
9088	6,3	2,6	0,10	3,0	152	149
9089	70,72	0,1	76,46	1,0	158	149
9090	298,193	4,2	273,200	3,1	186	149
9091	261,262	7,7	251,208	0,2	478	149
9106	3,7	1,0	4,1	0,0	157	149
9111	154,129	1,0	129,84	0,0	543	149
9112	0,1	13,18	2,2	22,13	171	149
9114	52,52	8,5	58,37	4,2	326	149
9115	0,0	14,21	2,0	8,16	245	149
9116	8,10	314,262	10,3	308,184	180	149
9117	90,76	10,14	65,61	4,7	198	149
9118	3512,2848	4,10	6140,4512	6,7	193	149
9119	3167,2710	12,8	4413,3705	16,8	182	149
9122	168,148	0,5	239,156	0,2	199	149
9123	112,77	12,10	188,128	11,7	169	149
9135	591,479	4,1	327,218	0,0	842	149
9138	185,140	1,1	272,190	2,2	153	149
9140	63,72	52,31	31,6	6,1	209	149
9141	221,195	0,0	79,48	0,1	155	149
9142	416,369	8,4	378,319	8,13	152	149
9151	0,0	2,0	0,2	1,0	284	149
9158	152,117	8,8	219,145	6,6	1056	149
9160	46,66	8,8	53,34	6,6	985	149
9161	22,10	0,0	3,4	1,1	152	149
9162	143,110	6,17	104,66	5,6	727	149
9172	166,149	0,0	230,156	0,1	292	149
9173	74,95	2,0	55,39	0,0	342	149
9174	1,2	3,1	0,0	1,0	216	149
9175	3,8	200,213	5,6	382,327	324	149
9176	109,85	2,0	168,105	8,4	406	149
9177	5,7	200,213	6,6	382,327	257	149
9178	111,84	2,0	169,105	8,4	339	149
9179	306,290	2,0	545,426	8,4	231	149
9182	0,0	1,0	0,1	0,0	176	149
9185	4,2	40,14	1,0	6,17	152	149
9186	45,68	7,4	25,16	0,0	282	149
9187	63,59	327,267	37,23	405,306	333	149
9188	173,157	2,1	202,165	6,4	211	149
9189	374,391	2,1	567,434	6,4	215	149
9190	202,235	1,1	365,269	0,0	153	149
9191	529,503	35,21	722,576	25,12	240	149
9192	42,21	288,289	19,10	344,256	302	149
9194	278,170	0,1	335,274	1,0	644	149
9195	278,171	1,0	335,274	0,0	644	149
9198	165,248	7,9	110,60	9,3	252	149
9199	235,276	2,0	172,108	0,0	600	149
9200	162,178	8,6	140,83	6,2	181	149
9210	77,84	105,54	100,69	99,57	152	149
9225	3194,2713	114,114	5246,4200	189,142	152	149
9226	83,63	0,0	64,54	0,2	152	149
9227	222,217	10,19	263,225	21,9	237	149
9230	31,35	0,1	22,19	0,0	183	149
9232	842,796	8,10	880,625	7,3	235	149
9233	224,268	0,0	234,120	1,0	155	149
9234	793,728	1,4	840,570	3,0	978	149
9238	154,160	4,13	132,67	16,6	627	149
9239	70,69	1,1	93,49	0,0	224	149
9244	8,6	58,60	6,2	51,37	197	149
9245	6,21	60,55	1,3	39,30	167	149
9248	104,134	7,8	89,78	3,3	196	149
9249	17,10	437,403	9,6	640,454	340	149
9252	1,0	1,0	0,0	0,1	414	149
9253	255,177	32,20	359,271	32,24	155	149
9255	18,26	9,9	13,5	5,4	152	149
9256	94,83	32,36	120,71	50,37	152	149
9258	20,15	32,34	18,7	31,26	171	149
9259	18,13	69,56	19,7	90,56	171	149
9260	32,22	583,503	26,10	886,661	171	149
9262	39,45	3,1	41,28	4,2	498	149
9263	9,6	0,2	9,7	0,0	152	149
9264	8,10	0,2	9,7	0,0	152	149
9265	970,911	167,188	845,688	174,114	152	149
9285	92,71	1,0	100,47	0,0	270	149
9286	6,2	216,172	1,0	530,351	282	149
9288	65,61	0,0	138,83	1,0	152	149
9290	28,46	2,0	101,71	11,4	167	149
9291	54,43	2,0	93,38	11,4	219	149
9292	47,35	21,38	78,36	86,69	201	149
9304	4,2	104,171	3,0	73,30	169	149
9305	5,9	342,391	1,1	228,155	164	149
9306	5,5	54,110	2,0	46,15	177	149
9307	595,437	1,0	424,331	0,0	1685	149
9308	9,5	257,301	6,5	221,92	185	149
9310	1,2	370,335	0,0	257,155	224	149
9316	9,2	9,29	4,6	16,3	208	149
9317	127,115	14,20	96,52	29,37	1030	149
9319	5,14	5,3	11,10	0,0	832	149
9320	4,1	45,37	4,5	69,50	232	149
9321	2,0	1,4	0,0	11,9	152	149
9324	256,239	9,4	404,268	6,8	153	149
9326	838,740	0,0	1157,847	3,2	2027	149
9327	122,106	268,255	102,68	652,381	644	149
9329	0,5	0,0	2,2	4,0	152	149
9331	93,91	11,4	149,107	14,3	214	149
9332	0,0	0,1	0,1	1,0	152	149
9335	27,15	62,55	23,21	144,130	184	149
9342	199,219	8,0	242,161	1,4	509	149
9345	57,46	0,0	67,54	0,1	209	149
9360	346,355	0,3	509,394	2,1	200	149
9361	0,2	248,163	1,1	290,242	164	149
9362	32,49	1,2	25,32	2,0	817	149
9394	1,3	2,2	0,1	0,0	153	149
9395	441,351	0,0	763,568	1,2	427	149
9396	2,6	302,247	4,5	498,342	173	149
9397	0,1	387,311	1,1	701,480	171	149
9398	2,2	330,252	1,2	549,383	172	149
9399	1,1	1,0	0,4	0,0	153	149
9401	1,2	0,1	0,1	0,0	153	149
9402	10,10	6,3	4,5	2,3	203	149
9403	11,11	325,309	4,6	617,462	207	149
9404	7,4	325,309	2,4	617,462	153	149
9405	523,465	6,1	973,743	2,7	210	149
9406	10,17	423,346	9,5	581,440	160	149
9407	581,483	9,5	713,537	3,2	806	149
9408	426,366	3,2	678,483	0,0	178	149
9409	3,1	372,327	3,0	608,431	169	149
9410	0,0	3,3	2,0	3,2	274	149
9411	17,4	3,1	11,6	3,2	152	149
9412	81,51	4,8	104,82	8,16	152	149
9414	0,0	2,0	1,0	0,1	209	149
9415	11,7	2,0	13,10	0,0	172	149
9419	18,13	0,1	27,13	0,0	180	149
9420	73,84	13,16	156,118	14,11	180	149
9430	6,14	1,0	2,6	0,2	153	149
9437	2,0	26,36	0,0	41,41	171	149
9438	27,27	5,2	50,37	0,1	169	149
9440	29,25	11,5	32,23	10,9	152	149
9442	6,0	0,0	0,2	0,2	152	149
9444	41,47	1,0	35,17	0,0	646	149
9446	1,2	65,36	3,1	61,34	173	149
9447	46,44	14,9	60,46	13,8	175	149
9448	2,0	11,2	2,0	3,0	255	149
9449	4,1	75,72	6,3	79,94	191	149
9452	18,12	1,0	34,33	0,0	202	149
9453	53,52	4,8	110,89	14,11	1096	149
9455	26,7	0,0	18,13	1,0	173	149
9458	361,242	7,9	174,128	3,2	1048	149
9459	87,71	1,0	132,67	0,0	4346	149
9461	98,101	5294,4497	95,95	5855,4776	173	149
9462	4718,3601	0,1	6402,4887	0,0	317	149
9463	5948,4692	2,5	8123,6119	4,3	317	149
9467	1,2	176,142	0,2	213,165	179	149
9468	0,0	104,77	0,1	133,130	165	149
9470	3,1	6,7	4,4	1,0	152	149
9472	14,20	24,14	23,11	20,9	152	149
9473	6,2	63,61	1,2	95,58	246	149
9474	0,1	65,64	1,1	114,67	155	149
9479	7,3	30,16	14,6	31,21	155	149
9480	702,624	1,1	944,724	1,0	151	149
9481	111,106	42,42	77,60	1,0	838	149
9482	1116,882	1,0	1390,873	0,0	2103	149
9483	2,0	0,0	0,0	2,1	203	149
9486	2,4	2,0	0,0	0,1	1081	149
9488	2,0	6,8	12,0	22,11	4751	149
9491	105,96	0,0	151,112	2,0	199	149
9492	455,363	0,0	565,416	2,0	209	149
9493	350,268	0,1	416,305	2,1	159	149
9494	297,266	126,85	149,159	73,35	152	149
9496	5,3	0,2	10,3	0,0	308	149
9497	2,4	2,1	6,4	0,0	168	149
9498	223,197	0,5	321,254	0,0	199	149
9499	274,248	4,2	353,314	7,5	224	149
9500	220,197	1,3	322,255	0,0	199	149
9501	548,444	2,8	837,651	1,4	199	149
9502	2,2	56,64	5,6	68,37	182	149
9503	24,31	777,799	29,21	860,599	214	149
9504	78,93	777,799	92,52	860,599	181	149
9505	15,11	1144,965	7,3	1358,943	178	149
9506	373,334	6,0	472,342	1,1	213	149
9507	1502,1288	6,0	1823,1282	1,1	184	149
9508	1440,1174	5,0	1846,1471	0,1	285	149
9509	704,565	5,4	849,712	4,2	250	149
9511	359,328	136,123	461,307	189,129	290	149
9512	276,219	14,7	627,436	19,10	152	149
9514	370,308	19,22	588,387	22,10	373	149
9515	6,10	4,2	5,6	0,0	152	149
9516	6,13	151,172	8,8	125,103	174	149
9517	4,5	151,172	3,2	125,103	171	149
9520	0,2	77,52	1,0	147,68	225	149
9521	287,245	0,1	577,370	1,0	1470	149
9522	296,272	20,10	417,299	27,12	188	149
9523	4,8	0,0	9,13	1,0	154	149
9525	2,0	0,0	1,0	2,1	164	149
9527	28,27	2,4	37,24	6,3	152	149
9528	12,4	0,0	11,2	0,2	310	149
9531	2,2	1,1	1,1	4,0	163	149
9532	38,60	1,0	67,21	1,0	926	149
9533	3510,3000	1,3	4320,3342	2,0	151	149
9534	1651,1447	3,5	1982,1296	3,5	153	149
9535	0,2	1,0	4,2	0,0	202	149
9541	0,0	1,6	0,1	9,7	154	149
9543	60,46	3,2	25,8	1,0	691	149
9544	6,16	113,94	4,7	108,52	323	149
9545	5,8	85,72	3,4	74,50	152	149
9546	14,13	1,2	10,10	1,1	162	149
9547	94,77	1,2	81,56	1,1	159	149
9548	6,3	58,47	2,4	31,21	152	149
9549	7,4	1,0	2,1	0,0	184	149
9550	106,81	21,8	61,39	29,19	2408	149
9551	1,0	15,22	0,0	6,9	173	149
9557	310,256	1,0	270,233	0,0	631	149
9562	156,158	3,4	107,53	3,0	160	149
9564	1,6	294,369	4,2	340,159	193	149
9565	12,10	0,0	6,6	1,0	304	149
9568	17,13	0,0	6,4	0,2	240	149
9571	3,17	3,2	4,0	0,2	153	149
9575	1,0	5,0	0,0	3,1	152	149
9577	0,0	2,0	0,1	1,2	152	149
9582	133,111	2,0	150,76	0,0	1715	149
9584	2,0	0,1	1,0	3,0	164	149
9589	423,307	10,4	408,346	4,5	365	149
9590	278,201	0,1	255,184	0,0	436	149
9591	2,7	309,234	2,2	239,190	165	149
9592	49,34	7,5	18,6	0,0	903	149
9593	53,37	36,46	18,4	37,30	903	149
9594	63,47	178,133	21,9	134,127	903	149
9595	310,237	1,2	204,216	4,2	209	149
9596	2,2	8,3	2,2	4,3	152	149
9598	7,4	275,232	1,2	123,93	177	149
9599	241,198	1,1	130,106	0,3	179	149
9600	50,52	1,1	26,17	0,3	203	149
9601	7,11	198,157	5,3	109,92	173	149
9602	31,25	3,4	10,8	1,0	196	149
9603	30,25	4,3	6,4	0,1	196	149
9605	147,186	2,0	39,28	0,0	1035	149
9606	418,437	0,2	210,129	0,0	1958	149
9607	218,231	0,1	162,96	0,0	391	149
9608	151,129	39,39	109,73	29,19	161	149
9609	206,212	4,2	116,101	2,0	153	149
9610	7,2	78,73	0,0	87,42	193	149
9611	134,91	6,6	222,154	8,9	173	149
9616	1,0	0,1	0,0	0,3	170	149
9617	2,0	0,0	0,0	1,0	174	149
9618	1,1	0,0	0,3	1,0	153	149
9619	31,17	2,0	26,23	2,1	3095	149
9621	0,3	0,0	0,2	1,0	158	149
9622	2,4	0,0	4,5	1,0	631	149
9623	155,167	127,171	122,80	198,179	2494	149
9626	0,0	16,7	1,0	23,16	192	149
9627	9,1	0,0	1,5	0,1	233	149
9636	3,2	272,229	5,1	355,200	178	149
9637	14,12	272,229	8,10	355,200	265	149
9642	7,5	6,0	10,8	10,5	217	149
9643	43,41	1,1	53,31	4,3	168	149
9644	550,450	0,1	892,818	0,4	213	149
9645	148,149	0,1	287,246	0,4	240	149
9646	3,6	405,307	14,10	619,582	176	149
9651	416,242	0,0	673,556	1,0	152	149
9652	261,244	2,0	507,349	0,0	155	149
9653	6,6	2,0	4,9	0,0	214	149
9654	3,2	258,240	2,2	505,342	208	149
9657	2,4	0,0	3,0	0,1	271	149
9682	33,59	31,55	24,11	24,4	152	149
9701	446,372	0,2	967,655	0,1	501	149
9703	8,7	328,274	5,8	294,201	171	149
9704	419,394	2,0	491,328	0,0	170	149
9706	1,0	0,0	2,1	1,0	152	149
9713	5,7	1,0	1,0	0,0	200	149
9714	14,13	79,78	21,16	204,124	187	149
9715	105,105	0,8	124,69	0,0	2867	149
9716	148,149	3,7	166,102	1,0	2966	149
9717	43,52	3,7	42,33	1,0	248	149
9718	15,17	2,2	27,9	5,0	479	149
9719	57,59	64,71	53,23	81,47	2535	149
9720	100,103	0,4	95,56	1,0	2634	149
9721	44,44	64,71	31,14	81,47	2205	149
9722	87,88	0,4	73,47	1,0	2304	149
9723	107,115	0,4	123,80	1,0	248	149
9725	80,76	1,1	120,68	1,2	160	149
9728	0,0	4,3	1,1	3,0	181	149
9729	3,7	67,95	2,3	82,41	217	149
9730	25,22	321,313	13,7	319,233	190	149
9733	199,201	9,6	380,272	8,9	179	149
9739	97,118	0,5	106,70	2,0	199	149
9740	59,70	1,0	49,46	2,0	202	149
9742	0,0	393,279	3,2	499,372	203	149
9743	446,350	15,20	760,579	41,26	152	149
9746	27,20	0,0	30,25	2,0	509	149
9759	0,4	0,1	2,2	0,0	1345	149
9761	34,33	4,0	56,50	0,0	231	149
9762	92,84	6,7	150,99	8,1	231	149
9763	2987,2419	7,0	3949,3044	0,0	627	149
9764	1180,977	0,0	1377,1080	0,2	154	149
9765	15,8	463,490	17,6	546,404	192	149
9766	552,559	3,0	605,452	1,0	154	149
9767	127,121	669,551	69,44	884,721	468	149
9768	914,809	33,27	1300,932	33,37	244	149
9769	13,4	13,10	3,5	20,6	300	149
9773	102,105	0,0	179,144	4,0	238	149
9780	805,557	5,5	1100,859	3,3	153	149
9786	0,0	27,20	2,0	19,11	171	149
9790	50,30	5,1	59,49	5,1	152	149
9791	34,38	32,13	27,29	25,10	152	149
9796	190,116	165,132	240,180	186,130	152	149
9803	30,33	5,15	40,19	17,11	152	149
9809	132,123	1,4	96,54	1,0	194	149
9811	134,111	4,4	144,90	3,2	260	149
9812	2,0	1,4	2,3	4,2	171	149
9813	3,2	68,49	2,5	84,56	171	149
9820	2,2	107,56	1,1	79,63	168	149
9821	229,312	2,0	245,151	0,0	930	149
9823	12,13	0,1	12,11	7,3	153	149
9825	21,18	2,0	48,15	1,0	322	149
9828	1,0	3,5	0,0	2,4	152	149
9830	1,0	5,1	1,1	0,1	161	149
9831	17,13	9,9	14,11	10,4	161	149
9834	20,25	658,585	28,14	1272,909	309	149
9844	294,276	210,203	180,86	152,75	152	149
9845	1104,924	4,11	1239,884	6,3	192	149
9846	260,212	0,1	306,187	0,0	192	149
9847	1649,1465	0,1	1587,1140	0,0	621	149
9848	1400,1264	11,11	1284,953	3,0	578	149
9849	227,241	5,0	145,110	0,0	578	149
9850	229,239	2,0	145,110	0,0	578	149
9852	442,407	11,28	578,405	22,14	226	149
9853	844,774	12,14	1090,777	13,4	396	149
9854	413,395	12,14	534,386	13,4	319	149
9855	200,165	56,64	235,209	79,90	152	149
9862	14,4	5,2	6,8	3,2	216	149
9863	30,15	5,2	22,20	3,2	270	149
9864	17,11	1,0	17,12	1,0	203	149
9865	19,19	0,0	19,10	1,0	310	149
9866	35,29	0,0	29,27	1,0	327	149
9867	16,10	0,0	10,18	0,1	166	149
9872	2,1	189,175	2,4	242,171	167	149
9873	32,29	156,123	31,16	183,134	170	149
9874	276,174	3,2	436,307	5,5	201	149
9877	75,51	0,0	117,82	1,1	201	149
9878	188,175	2,0	267,196	1,2	201	149
9879	115,128	6,5	205,135	13,7	155	149
9880	90,71	0,0	139,98	1,0	154	149
9881	1,0	2,6	2,0	0,1	164	149
9893	86,58	2,1	41,19	0,0	413	149
9908	3,0	4,1	0,0	1,1	169	149
9909	459,471	4,1	397,284	0,4	255	149
9910	535,445	0,3	385,256	1,1	256	149
9911	128,76	11,8	119,99	5,4	154	149
9912	160,147	1,1	201,144	1,2	258	149
9913	73,54	0,8	97,44	0,1	152	149
9919	30,10	4,0	27,25	1,0	152	149
9920	61,54	4,2	119,57	2,0	303	149
9921	24,32	1,0	65,41	0,0	303	149
9922	0,2	19,32	3,2	57,36	165	149
9923	17,6	0,0	5,9	1,0	155	149
9929	0,3	0,1	1,0	0,0	274	149
9933	136,79	135,101	70,47	193,163	1348	149
9934	14,13	135,101	6,3	193,163	205	149
9936	7,13	153,191	6,6	235,202	172	149
9938	109,55	2,0	165,94	5,0	1124	149
9956	260,203	0,2	386,258	10,7	278	149
9957	0,0	124,102	1,0	142,81	174	149
9958	0,0	1,1	2,0	0,0	174	149
9959	190,150	36,33	283,208	84,61	272	149
9960	89,78	8,1	157,103	2,2	272	149
9961	28,21	17,9	30,26	6,11	152	149
9962	10,12	17,9	4,9	6,11	167	149
9963	3,6	21,15	0,0	26,17	164	149
9965	11,4	171,171	4,7	83,49	185	149
9966	131,100	27,12	78,36	7,2	183	149
9967	5,0	7,4	1,0	0,0	171	149
9969	9,4	121,112	8,4	143,118	756	149
9970	56,57	0,4	23,10	0,0	153	149
9971	34,39	3,0	22,8	2,2	382	149
9974	0,2	0,1	1,0	0,0	382	149
9976	2,5	20,31	5,3	12,11	169	149
9977	19,12	1,0	34,24	0,0	169	149
9978	64,38	481,442	106,58	840,610	169	149
9980	78,54	2,0	62,41	2,3	220	149
9981	142,138	46,31	185,109	40,26	220	149
9982	142,139	0,0	186,109	0,3	224	149
9983	46,32	0,0	41,26	0,3	153	149
9984	49,46	0,0	41,49	1,0	154	149
9985	162,168	1,0	273,141	1,0	176	149
9986	13,7	1,0	2,4	0,5	184	149
9987	13,7	104,77	2,4	88,66	182	149
9988	35,26	104,77	12,9	88,66	184	149
9990	38,44	88,89	36,11	75,62	544	149
9991	6,17	1,0	6,7	0,0	151	149
9993	1,2	114,116	1,0	76,61	191	149
9994	109,71	0,0	43,38	0,1	153	149
9995	60,50	0,0	47,56	0,1	614	149
9996	49,48	98,69	45,54	41,36	610	149
9998	40,33	5,14	24,32	1,1	1662	149
10003	1118,938	3,2	935,566	0,0	1400	149
10004	1215,1014	12,12	1019,608	0,0	1400	149
10007	840,607	10,7	470,391	6,0	164	149
10008	70,43	2,3	32,18	1,0	157	149
10009	900,643	2,3	496,409	1,0	172	149
10013	701,493	4,6	407,296	5,8	307	149
10014	139,90	4,6	56,55	5,8	461	149
10015	190,134	667,478	91,93	395,287	303	149
10016	1440,1058	0,0	896,660	1,0	1058	149
10017	1278,986	1,2	809,569	0,0	624	149
10018	1198,921	0,2	759,513	0,0	867	149
10019	273,188	4,0	168,152	0,0	425	149
10020	11,23	512,328	9,10	269,163	165	149
10024	695,596	99,71	464,324	23,17	380	149
10025	134,150	99,71	116,100	23,17	305	149
10026	565,450	4,4	348,225	0,1	224	149
10030	506,390	0,1	277,194	0,0	152	149
10031	277,184	0,1	191,142	0,0	439	149
10032	263,168	492,374	184,129	270,181	436	149
10033	1987,1591	1,0	1336,1004	0,0	1861	149
10035	1135,939	4,1	763,564	0,0	867	149
10038	22,20	0,1	14,18	0,0	155	149
10039	684,581	66,31	387,328	9,17	536	149
10040	15,11	482,428	14,4	249,199	181	149
10042	626,512	3,3	396,368	0,0	814	149
10043	437,374	0,3	267,245	0,0	427	149
10044	290,264	0,0	150,122	2,1	157	149
10045	49,45	0,0	30,27	2,1	173	149
10046	14,6	255,225	7,9	127,104	165	149
10047	59,57	0,0	34,35	2,1	206	149
10048	24,18	255,225	11,17	127,104	198	149
10049	199,219	48,47	182,129	24,21	428	149
10052	212,182	1,0	173,144	0,0	399	149
10053	333,322	1,0	306,234	0,0	678	149
10058	97,119	48,47	97,81	24,21	288	149
10059	217,237	48,47	206,140	24,21	454	149
10063	16,15	0,0	39,18	0,1	155	149
10067	2,2	7,2	0,0	2,0	251	149
10068	0,1	42,46	0,0	52,36	196	149
10070	0,0	22,16	2,0	5,6	171	149
10072	53,42	0,3	33,24	1,0	402	149
10074	95,67	0,3	45,37	0,0	713	149
10076	15,13	541,484	12,12	572,463	185	149
10079	2,0	173,170	3,2	273,181	212	149
10080	0,1	5,1	3,3	1,2	176	149
10084	1,4	5,2	4,5	5,4	176	149
10087	0,3	3,2	3,3	0,1	176	149
10088	2,0	26,12	0,1	21,8	177	149
10090	125,115	8,7	147,121	9,12	224	149
10091	10,5	23,55	3,5	24,22	245	149
10095	3,5	0,0	10,2	4,0	294	149
10096	3,7	22,10	11,6	20,18	294	149
10097	3,5	22,10	22,4	20,18	1037	149
10103	64,59	0,1	70,61	1,1	183	149
10104	16,11	0,1	26,20	1,1	186	149
10105	1,0	49,48	5,0	49,41	152	149
10106	1,2	6,11	4,1	26,2	152	149
10110	377,349	13,15	367,297	27,25	1213	149
10111	23,11	3,0	42,22	2,0	152	149
10112	27,8	1,0	35,26	0,0	152	149
10113	305,244	32,36	348,250	43,22	152	149
10114	50,31	7,4	84,45	13,9	152	149
10119	374,324	2,1	473,371	0,0	381	149
10120	471,403	21,26	623,477	16,12	177	149
10126	94,107	19,10	152,128	9,5	187	149
10127	114,107	3,1	109,102	1,1	154	149
10128	0,0	16,13	3,1	25,22	167	149
10129	706,721	24,52	647,539	22,16	929	149
10130	553,604	0,3	553,448	0,3	929	149
10131	13,6	1734,1498	6,6	1604,1320	172	149
10132	2159,1951	85,58	2027,1574	47,27	168	149
10133	131,110	1911,1635	105,81	1949,1450	233	149
10134	594,499	0,3	722,483	0,0	279	149
10135	120,112	3,3	115,90	3,2	181	149
10136	598,495	31,9	718,484	36,13	279	149
10137	592,493	0,1	717,484	0,0	279	149
10138	3,1	12,5	0,0	2,3	171	149
10153	6,4	0,0	6,1	2,0	154	149
10156	2,3	6,0	3,2	0,3	853	149
10159	12,3	10,10	6,4	5,6	152	149
10160	116,117	538,439	109,97	519,340	167	149
10161	2,5	18,27	1,4	38,13	184	149
10167	102,68	0,2	57,35	0,0	466	149
10168	178,137	0,2	232,153	0,0	1191	149
10169	11,20	63,86	31,14	77,42	200	149
10171	1,1	6,5	0,0	13,5	153	149
10175	616,506	1,3	740,535	1,2	766	149
10178	928,748	4,0	1161,808	4,2	2514	149
10179	366,285	1,0	436,292	1,0	283	149
10180	0,3	143,114	0,0	266,171	171	149
10181	67,56	4,1	87,66	3,2	154	149
10184	8,11	0,1	17,16	0,0	154	149
10186	26,20	380,330	20,10	697,487	238	149
10187	19,16	9,5	20,8	5,12	238	149
10188	638,603	9,5	898,746	5,12	517	149
10189	619,589	0,2	878,738	0,0	428	149
10190	146,185	1444,1384	133,103	1969,1453	300	149
10195	306,228	10,0	310,241	3,1	159	149
10197	103,84	1,0	109,77	0,0	216	149
10198	143,145	2,0	160,112	0,0	216	149
10199	197,191	3,0	204,161	0,0	683	149
10201	0,0	2,0	1,0	4,3	152	149
10203	11,14	2,0	10,3	0,0	182	149
10205	96,80	0,4	105,108	2,5	157	149
10206	34,32	35,34	56,15	27,14	160	149
10207	19,18	8,3	24,10	4,2	175	149
10208	148,156	10,11	105,89	10,8	152	149
10212	7,5	180,156	5,3	213,172	681	149
10213	9,7	180,156	6,5	213,172	684	149
10216	5,4	90,77	5,5	142,149	222	149
10218	95,82	1,0	118,66	0,0	698	149
10220	1,0	41,51	3,0	31,23	184	149
10225	6,3	1,1	2,2	0,0	152	149
10226	70,60	0,6	75,39	0,0	164	149
10227	38,20	1,0	23,16	0,0	164	149
10228	397,309	3,7	380,243	9,3	164	149
10229	19,15	231,193	14,14	237,156	171	149
10230	755,653	68,58	677,439	64,45	412	149
10232	51,34	28,29	55,43	35,28	154	149
10233	0,6	60,45	2,0	66,60	162	149
10235	17,42	0,0	75,50	2,0	296	149
10236	7,9	16,40	10,6	73,44	839	149
10246	532,493	6,11	676,428	3,4	174	149
10247	526,460	3,6	595,482	0,0	1665	149
10248	4,0	53,27	0,0	58,47	167	149
10249	1,2	0,0	4,2	1,1	153	149
10254	23,22	28,8	30,23	6,12	330	149
10255	56,26	2,2	74,65	9,0	180	149
10257	46,45	0,1	67,17	0,0	2064	149
10258	17,15	3,1	16,15	1,1	194	149
10262	27,15	301,232	15,13	390,253	206	149
10263	282,217	23,18	416,300	23,22	152	149
10264	6,0	38,38	1,0	74,43	171	149
10267	23,5	1,2	6,4	0,0	234	149
10268	29,10	65,58	12,6	56,42	298	149
10269	7,7	65,58	6,2	56,42	213	149
10270	21,16	0,0	22,26	1,0	330	149
10271	56,40	1,2	60,45	3,5	330	149
10273	85,92	4,12	114,60	23,3	271	149
10274	0,0	4,4	1,2	14,11	183	149
10275	3,0	304,252	4,10	475,368	183	149
10276	122,178	304,252	117,89	475,368	1216	149
10277	122,178	3,0	116,87	3,8	1182	149
10278	181,169	0,0	320,232	0,1	214	149
10281	12,8	322,279	17,22	470,397	174	149
10285	10,8	31,42	21,6	60,43	374	149
10288	3,2	11,1	1,1	6,4	152	149
10290	3,2	1,1	1,1	0,3	152	149
10292	46,53	58,48	83,62	37,34	206	149
10294	101,95	1,1	153,87	1,0	155	149
10295	30,28	23,29	26,33	35,15	152	149
10299	5,17	74,60	12,9	91,84	194	149
10300	470,383	4,0	607,412	3,1	191	149
10302	28,44	0,0	34,29	2,0	167	149
10303	18,13	202,175	10,11	340,225	165	149
10304	26,23	16,14	29,15	19,18	225	149
10313	172,193	0,0	291,238	0,1	152	149
10314	5212,4610	40,34	10354,6968	115,86	152	149
10316	49,43	0,0	87,72	2,0	153	149
10318	0,0	14,4	1,0	17,10	189	149
10319	5,0	3,4	5,2	3,0	167	149
10322	265,200	0,0	274,230	0,1	386	149
10326	133,137	6,4	172,151	8,3	160	149
10327	43,37	6,4	39,35	8,3	172	149
10328	21,26	111,126	19,17	152,133	161	149
10329	168,124	2,0	159,105	1,0	227	149
10330	167,136	8,7	214,171	15,6	232	149
10332	0,0	190,146	0,1	216,165	202	149
10336	338,222	4,6	683,450	8,18	269	149
10337	316,217	2,0	621,417	0,0	534	149
10338	12,16	14,5	11,13	5,6	152	149
10340	119,112	34,26	119,85	31,27	165	149
10341	5,5	2,0	5,0	0,0	152	149
10342	28,24	3,15	26,28	1,4	152	149
10343	64,41	7,3	45,46	11,2	152	149
10344	51,59	1,0	19,23	1,2	315	149
10345	1,0	1,0	2,0	0,0	152	149
10346	81,55	95,103	103,83	145,100	152	149
10347	9,8	87,105	5,10	122,103	168	149
10348	79,65	2,3	67,42	1,2	186	149
10351	1,0	1,0	1,1	0,0	152	149
10352	62,41	52,52	58,50	52,64	152	149
10353	65,51	0,2	73,56	1,0	234	149
10354	121,90	0,2	158,91	0,0	234	149
10355	7,5	1881,1654	10,5	2875,2068	170	149
10357	5,5	1,0	3,2	2,3	160	149
10358	34,17	12,8	31,36	14,11	160	149
10362	1,4	65,102	3,0	77,47	166	149
10363	723,587	0,0	1209,900	2,4	210	149
10367	2,0	299,236	4,0	382,279	177	149
10368	168,143	3,1	236,157	4,3	192	149
10369	66,49	3,1	83,68	4,3	225	149
10370	16,7	118,101	11,17	164,106	182	149
10371	56,51	1,2	77,53	0,2	192	149
10372	574,553	0,2	964,662	0,0	647	149
10373	446,458	0,2	761,492	0,0	686	149
10374	1,4	129,99	2,3	205,173	188	149
10375	219,152	4,1	247,186	0,3	1939	149
10376	41,29	5,1	63,40	2,2	198	149
10377	7,5	2,0	10,6	1,0	152	149
10378	53,32	2,0	73,43	1,0	201	149
10379	50,27	4,0	64,37	1,0	198	149
10380	12,14	0,7	21,20	3,0	152	149
10381	41,28	0,7	69,43	3,0	198	149
10382	163,132	0,7	244,167	3,0	201	149
10383	38,23	9,9	60,37	12,14	195	149
10384	160,127	9,9	235,161	12,14	198	149
10386	3,5	0,0	9,7	1,0	152	149
10387	46,32	0,0	71,43	1,0	201	149
10388	43,27	0,0	62,37	0,1	198	149
10389	19,13	127,100	10,5	212,148	324	149
10390	40,27	2,0	63,38	0,0	198	149
10391	65,63	9,6	109,75	19,14	154	149
10394	2,1	2,1	1,1	0,0	250	149
10395	2,0	5,2	2,0	1,3	152	149
10396	11,10	4,3	7,2	3,3	174	149
10397	1636,1444	5,1	1746,1274	2,0	353	149
10398	490,449	5,2	513,407	1,4	153	149
10399	6,13	0,0	4,2	4,7	271	149
10400	29,40	2,2	38,38	2,0	200	149
10401	6,19	9,10	6,6	7,16	211	149
10402	34,23	221,129	38,13	176,128	186	149
10403	4,14	0,0	11,13	6,4	433	149
10405	588,408	1,1	867,626	2,2	172	149
10406	477,345	5,6	568,450	16,10	154	149
10414	128,123	139,120	144,78	142,126	161	149
10415	101,80	163,144	124,77	209,127	152	149
10416	6,4	102,77	8,5	188,133	164	149
10417	57,61	0,0	130,101	1,0	152	149
10418	3,1	65,50	0,1	56,35	164	149
10419	158,160	1,1	80,87	0,0	579	149
10420	0,1	1,4	0,1	0,1	152	149
10421	121,100	95,95	185,143	165,120	152	149
10423	275,162	1,0	377,359	0,0	157	149
10424	199,160	0,0	418,316	5,1	170	149
10425	1971,1719	5,2	4410,3166	0,3	212	149
10429	851,805	2,0	1339,1002	3,0	161	149
10430	1268,1026	4,4	2029,1526	0,0	1018	149
10431	1294,1141	0,2	1704,1394	0,0	765	149
10432	1538,1420	40,21	2270,1764	31,38	190	149
10433	2,1	55,45	1,0	45,25	257	149
10434	12,11	71,82	9,10	83,68	152	149
10435	8,5	93,97	16,5	64,78	284	149
10436	6,3	37,41	1,6	34,27	162	149
10437	8,18	37,41	13,7	34,27	229	149
10438	6,15	4,0	12,5	0,4	216	149
10439	56,53	0,0	106,92	2,1	169	149
10440	2112,1912	0,0	2991,2118	2,0	2574	149
10441	26,14	28,19	45,22	71,61	169	149
10446	164,119	1,0	241,163	0,0	184	149
10447	0,2	0,0	0,4	1,0	152	149
10448	11,11	0,1	13,13	3,2	152	149
10449	215,208	127,132	203,162	145,116	152	149
10451	52,21	0,1	69,58	3,2	153	149
10452	0,5	10,15	2,2	6,4	167	149
10453	94,104	1,0	79,59	0,0	245	149
10454	96,139	24,20	104,74	13,9	329	149
10456	4,2	7,3	0,1	3,1	160	149
10457	4,3	5,13	2,1	12,9	174	149
10458	7,4	5,13	5,1	12,9	163	149
10463	36,34	2,0	20,16	0,0	777	149
10464	85,48	3,0	70,38	3,6	177	149
10466	1331,1249	8,0	1715,1139	0,0	387	149
10467	158,146	7,5	150,125	0,0	296	149
10474	1,1	0,0	0,0	0,2	187	149
10478	3,3	1,0	2,4	2,0	155	149
10480	5,1	0,0	5,5	1,0	277	149
10481	0,3	9,0	0,0	2,0	157	149
10486	108,117	0,1	166,95	0,0	254	149
10488	3506,2935	16,18	5602,3772	0,0	292	149
10489	24,20	1958,1730	14,14	2199,1608	168	149
10490	30,40	2,0	24,19	1,0	152	149
10491	363,337	222,204	483,344	353,275	152	149
10492	349,252	0,3	518,325	4,1	3869	149
10493	412,303	3,2	671,451	4,1	209	149
10494	1,4	4,0	2,0	5,4	152	149
10497	2,2	1,0	6,0	0,0	640	149
10500	2540,2288	0,1	3811,2702	4,0	150	149
10501	893,715	6,2	1429,1008	2,0	208	149
10502	81,60	3,0	71,52	0,0	181	149
10508	1,0	0,0	0,2	0,1	239	149
10509	1,0	0,0	0,4	0,1	429	149
10510	1,0	0,0	0,4	0,1	1419	149
10516	131,110	8,1	158,123	17,17	224	149
10517	88,69	12,8	90,62	18,10	152	149
10518	3,1	1,0	1,0	0,0	152	149
10519	13,18	6,5	21,16	2,3	152	149
10524	155,137	15,28	97,67	4,11	214	149
10525	120,89	0,2	156,144	3,0	189	149
10526	2,1	201,230	8,7	375,223	178	149
10527	33,35	0,1	7,3	0,0	153	149
10528	866,668	0,1	166,129	0,0	501	149
10529	838,648	5,15	164,126	5,0	497	149
10530	776,614	8,5	153,121	3,0	221	149
10531	319,218	2,1	64,48	0,0	497	149
10534	151,168	2,0	221,160	0,1	191	149
10535	164,180	4,4	234,166	1,1	191	149
10536	1,1	14,9	0,0	13,18	165	149
10538	16,9	2,0	20,13	0,2	152	149
10539	63,59	3,0	47,32	0,0	182	149
10540	516,460	21,24	524,392	18,16	182	149
10543	0,3	52,44	2,3	49,33	152	149
10544	99,71	2,1	76,62	0,0	216	149
10545	2,1	66,69	8,5	145,103	179	149
10546	0,0	19,8	3,0	28,16	446	149
10547	18,16	55,30	29,19	82,74	1178	149
10548	2,2	80,67	9,2	125,105	344	149
10549	566,674	11,2	396,256	0,0	368	149
10552	231,207	88,58	409,265	129,105	204	149
10553	112,102	14,3	193,127	13,14	204	149
10554	111,94	0,1	191,127	1,0	204	149
10555	13,7	513,459	13,8	828,586	266	149
10563	431,312	0,0	694,464	2,4	213	149
10564	10,9	205,148	1,2	296,205	211	149
10565	419,323	1,0	659,439	0,0	1141	149
10566	339,259	7,4	447,327	29,10	158	149
10570	103,132	0,2	64,52	0,0	452	149
10571	1926,1610	4,4	2826,2251	5,0	452	149
10572	5,13	0,1	3,2	0,0	453	149
10573	316,271	1,0	445,231	0,0	453	149
10575	24,23	577,535	23,7	560,414	221	149
10576	1104,882	0,0	1106,897	1,0	1020	149
10577	104,107	5,0	110,82	0,0	155	149
10578	116,92	17,8	186,119	7,4	164	149
10579	2,0	60,58	0,0	80,80	183	149
10580	3,0	0,0	0,0	2,0	243	149
10581	2,2	250,208	1,2	497,344	168	149
10584	147,131	0,0	262,179	0,2	155	149
10585	1663,1363	2,1	2596,2128	1,2	155	149
10586	0,1	67,73	0,0	39,36	210	149
10588	7,11	687,624	4,7	799,548	187	149
10589	848,674	2,0	1000,793	3,0	154	149
10590	28,24	827,652	60,28	1260,981	308	149
10591	0,2	6,1	2,0	5,3	188	149
10592	0,0	6,1	1,0	5,3	163	149
10594	5,2	1,0	0,2	0,0	155	149
10596	28,28	62,38	19,14	40,35	193	149
10597	31,19	2,0	23,23	0,0	209	149
10598	40,19	2,0	23,22	0,0	212	149
10599	10,2	1,2	0,0	0,1	152	149
10600	30,17	0,0	23,22	2,0	209	149
10601	37,19	0,0	23,22	2,0	212	149
10606	44,29	7,3	56,38	6,2	209	149
10607	56,39	7,3	44,29	6,2	212	149
10608	26,22	14,12	21,7	33,16	152	149
10609	49,44	11,10	41,24	19,4	1839	149
10611	424,450	2,3	666,504	0,0	1505	149
10612	33,28	860,797	31,19	1364,919	233	149
10613	34,11	531,445	10,12	802,554	165	149
10617	6,17	2,0	22,9	0,0	672	149
10620	67,35	6,6	64,44	2,8	326	149
10623	5,2	1,7	0,5	7,4	308	149
10624	2,0	0,0	0,4	0,1	308	149
10630	17,16	0,1	16,13	0,0	152	149
10636	270,215	5,4	267,212	3,1	168	149
10637	21,20	0,0	10,10	1,0	196	149
10638	13,8	0,0	1,8	1,0	214	149
10639	6,6	14,18	0,5	9,7	167	149
10640	0,1	4,0	0,1	0,0	167	149
10641	86,105	3,0	94,78	0,2	154	149
10642	344,238	7,5	458,314	3,8	275	149
10643	397,274	1,5	520,356	1,1	298	149
10644	60,41	1,5	65,50	1,1	172	149
10649	48,41	3,7	47,34	6,6	152	149
10653	12,14	2,4	11,14	7,5	152	149
10654	7,4	0,0	10,9	0,1	205	149
10655	14,7	1,0	15,8	0,0	154	149
10660	1,4	3,2	1,0	4,2	223	149
10662	460,381	3,2	645,433	2,3	166	149
10663	1,1	0,3	2,0	0,0	152	149
10665	5,9	104,115	11,14	169,111	152	149
10676	82,60	0,1	31,27	0,0	745	149
10677	79,59	14,12	30,27	8,5	745	149
10678	14,13	1,1	9,5	0,2	163	149
10679	19,12	1,2	11,8	0,0	471	149
10681	40,30	2,0	22,14	4,0	271	149
10682	26,18	0,1	22,10	0,0	271	149
10683	43,30	2,2	34,16	0,1	271	149
10696	13,9	0,0	20,8	1,0	221	149
10697	18,9	1,0	23,8	3,0	221	149
10703	224,167	4,0	296,218	0,0	886	149
10706	3,3	3,2	2,9	1,0	174	149
10707	274,246	0,0	344,266	1,0	163	149
10710	95,52	3,3	126,102	1,2	156	149
10715	29,38	20,40	34,34	20,17	222	149
10716	47,56	67,126	50,53	91,53	295	149
10717	38,58	67,126	36,36	91,53	222	149
10729	0,2	0,2	0,1	2,2	356	149
10730	0,2	0,2	0,1	2,2	341	149
10732	27,22	14,6	31,17	12,0	152	149
10735	22,17	1,0	24,13	4,2	1080	149
10741	818,737	113,86	1304,1014	185,135	152	149
10744	15275,10586	168,113	25187,18967	187,170	2027	149
10745	1116,778	246,200	873,631	287,200	671	149
10746	14051,9623	246,200	24257,18213	287,200	1359	149
10747	12960,8856	25,11	23403,17595	19,13	837	149
10748	3093,2605	0,1	5328,3941	0,2	388	149
10749	15287,10936	0,2	24578,18351	0,0	2715	149
10750	3361,2871	91,84	6140,4317	39,32	470	149
10751	5208,4383	2,4	9208,6767	4,1	245	149
10753	8214,6482	2,1	15193,11687	1,6	154	149
10754	10279,8112	1,0	19689,14072	0,0	508	149
10755	7447,5849	4,5	15605,10985	0,5	593	149
10757	132,161	1,1	55,44	0,0	842	149
10758	128,158	2,1	55,44	0,0	837	149
10763	67,85	32,35	64,51	29,24	152	149
10764	213,204	92,80	194,157	89,71	152	149
10765	0,6	236,185	1,2	209,207	165	149
10766	201,129	2,0	251,147	0,0	201	149
10767	7,2	218,238	5,2	319,235	220	149
10768	2,0	0,0	0,2	1,0	191	149
10773	364,294	81,75	550,265	87,29	490	149
10776	5,3	403,341	3,2	637,475	175	149
10777	0,3	420,327	10,3	757,509	210	149
10782	18,25	574,468	18,10	829,514	170	149
10785	40,28	0,1	54,34	0,0	493	149
10786	155,122	1,2	316,189	2,0	184	149
10787	57,98	1,0	88,75	1,0	176	149
10788	57,102	1,0	85,70	0,0	549	149
10789	221,165	5,3	363,334	0,0	381	149
10790	182,231	21,42	157,80	17,4	204	149
10791	38,53	2,0	23,5	3,0	167	149
10792	38,53	8,8	23,5	4,0	170	149
10793	2,0	8,8	3,0	4,0	152	149
10794	1,0	7,2	0,0	8,5	184	149
10796	47,46	5,7	75,32	27,8	217	149
10797	14,9	28,31	12,10	25,27	154	149
10800	190,174	0,4	182,136	2,0	227	149
10801	104,98	2,0	84,63	0,0	227	149
10802	11,2	113,80	4,3	121,105	673	149
10809	46,24	412,274	46,16	296,184	171	149
10810	49,46	337,259	71,46	221,137	171	149
10811	50,44	337,259	71,49	221,137	257	149
10812	32,31	31,33	41,29	41,26	235	149
10813	525,375	6,9	272,222	0,2	208	149
10831	79,37	1,0	76,63	0,0	173	149
10832	48,26	1,0	42,49	0,0	1667	149
10833	40,25	71,36	35,40	69,54	1643	149
10837	7,3	0,0	3,4	2,2	156	149
10838	84,49	0,0	114,88	2,2	158	149
10839	77,46	0,0	112,84	1,0	151	149
10841	42,29	1011,801	41,43	1376,1134	170	149
10842	17,22	60,71	23,8	71,40	262	149
10843	15,20	2,0	21,7	1,0	262	149
10844	4,7	114,84	2,9	109,92	171	149
10850	30,29	2,5	58,39	14,0	170	149
10851	190,197	8,14	184,122	14,11	152	149
10852	2,1	285,216	2,0	232,172	189	149
10853	8,13	0,1	3,0	0,0	235	149
10856	706,684	18,7	1205,719	11,2	343	149
10869	12,7	0,0	14,8	1,0	176	149
10873	3,9	0,0	3,0	1,2	152	149
10882	13,12	1,0	26,17	0,0	160	149
10883	607,434	2,0	622,409	0,0	4217	149
10884	169,181	6,1	206,130	2,4	154	149
10886	0,2	0,1	0,2	0,0	202	149
10887	711,617	0,0	646,486	1,0	153	149
10891	195,174	3,0	243,179	7,5	153	149
10892	2,1	32,17	8,1	16,24	152	149
10893	0,1	0,2	2,0	0,0	152	149
10896	3,6	4,0	1,2	0,0	176	149
10900	231,183	2,2	439,295	8,5	403	149
10901	279,297	5,2	525,397	0,1	895	149
10902	270,277	3,5	515,382	1,0	641	149
10903	362,338	5,2	741,533	1,1	267	149
10904	191,141	5,2	260,186	3,0	226	149
10905	468,346	5,2	640,476	3,0	242	149
10906	214,150	5,2	288,208	3,0	276	149
10907	287,213	10,8	385,295	5,5	165	149
10908	33,17	10,8	33,27	5,5	199	149
10909	3,1	257,197	6,2	358,270	183	149
10910	245,224	8,5	370,282	3,3	444	149
10916	13,1	43,25	0,1	68,52	1682	149
10920	136,134	18,16	186,121	38,21	261	149
10921	124,87	5,13	108,72	7,12	152	149
10922	15,8	0,1	2,0	0,0	152	149
10923	0,1	124,108	2,0	85,91	170	149
10925	3,4	0,1	15,8	0,0	2928	149
10926	0,0	4,7	1,1	15,11	194	149
10928	153,130	42,50	179,102	35,19	528	149
10929	7,2	103,63	5,0	147,79	180	149
10930	9,13	103,63	12,1	147,79	211	149
10932	1,1	3,15	1,0	5,3	152	149
10933	2,0	4,7	2,2	5,1	153	149
10934	4,0	64,62	5,0	86,55	1212	149
10935	18,19	36,42	31,34	59,38	173	149
10948	4,8	2,0	0,1	0,0	171	149
10949	2,6	56,57	4,0	58,39	174	149
10950	79,77	8,3	64,52	2,4	157	149
10953	77,70	0,1	83,68	5,0	189	149
10954	30,24	0,1	35,24	5,0	242	149
10955	8,5	55,51	8,5	56,49	202	149
10956	145,93	12,9	91,84	8,4	153	149
10957	284,274	27,9	221,206	18,22	1253	149
10958	4,4	4,0	3,2	0,0	233	149
10959	11,10	39,15	14,7	26,31	169	149
10960	3,8	11,10	2,2	6,5	152	149
10961	2,6	0,2	4,1	2,2	152	149
10962	49,39	16,8	64,33	19,12	152	149
10963	46,35	26,35	59,32	38,38	152	149
10964	90,75	0,1	93,77	0,0	159	149
10965	226,155	3,0	430,301	4,2	154	149
10968	533,451	8,4	1120,789	7,5	471	149
10969	467,440	0,1	1130,738	0,2	158	149
10970	5,7	511,427	11,6	878,568	164	149
10971	1223,922	9,12	2313,1687	13,8	1020	149
10972	80,73	2,0	109,67	0,0	536	149
10973	168,125	2,0	109,62	0,0	574	149
10975	69,50	3,3	119,82	4,2	155	149
10976	91,86	23,23	105,81	16,14	735	149
10977	25,27	78,68	7,0	96,59	471	149
10978	5,10	79,42	12,12	87,60	206	149
10981	10,11	0,0	12,13	2,1	206	149
10985	148,109	0,0	292,188	1,0	192	149
10986	202,139	2,2	392,252	12,5	192	149
10992	1,8	0,1	0,2	0,0	152	149
11002	92,65	55,58	147,109	63,57	152	149
11004	2,2	7,27	0,0	5,0	239	149
11006	13,5	21,13	8,4	22,7	185	149
11007	7,5	0,2	4,1	1,0	185	149
11008	9,2	132,95	8,3	192,155	174	149
11009	3,1	0,1	7,3	0,0	152	149
11010	1112,944	2,0	1993,1329	0,0	2935	149
11011	6,11	2,3	11,19	0,4	193	149
11013	65,61	14,23	40,29	9,11	176	149
11014	1662,1447	2,3	1522,1224	0,0	209	149
11015	1205,1002	1,0	1488,1075	1,0	209	149
11016	901,857	1,6	1091,730	0,0	422	149
11017	74,90	976,887	101,61	1174,813	176	149
11018	750,754	16,9	1080,624	0,0	1231	149
11019	809,761	8,8	1025,703	0,0	1271	149
11020	127,78	5,4	172,101	0,0	160	149
11021	150,87	5,4	189,108	0,0	1282	149
11022	1044,825	5,4	1228,892	0,0	2925	149
11023	27,19	4,10	18,7	1,0	1271	149
11024	921,757	4,10	1057,791	1,0	2914	149
11025	895,739	1,0	1039,784	0,0	1792	149
11026	36,30	1,1	30,19	0,0	2914	149
11027	124,69	1,0	171,101	0,0	160	149
11028	156,133	11,5	140,114	16,4	152	149
11030	1,1	24,23	0,0	40,21	225	149
11031	697,715	0,1	1002,758	0,7	508	149
11032	5,14	4,4	0,4	2,0	223	149
11037	3,13	1,2	3,9	1,0	215	149
11038	2,5	7,0	1,1	0,1	324	149
11039	2,5	0,1	1,1	0,0	334	149
11040	2,6	7,8	1,1	9,9	337	149
11042	7,0	0,1	0,1	0,0	159	149
11043	7,1	7,8	0,1	9,9	162	149
11045	0,2	7,8	0,0	9,9	152	149
11048	0,1	4,7	0,1	0,4	152	149
11050	18,10	1,0	12,9	0,0	837	149
11055	2,2	2,0	4,2	2,0	429	149
11061	2,3	11,19	0,0	5,5	170	149
11065	28,69	1,0	27,22	0,0	310	149
11067	0,0	4,20	1,0	4,5	163	149
11070	22,26	0,2	15,9	3,1	263	149
11072	8,18	12,0	8,1	11,6	241	149
11073	0,3	1,0	6,0	1,0	171	149
11081	7,24	287,250	5,4	380,259	561	149
11084	96,65	254,236	21,19	445,312	391	149
11085	176,144	3,0	395,255	2,1	153	149
11087	3,4	161,137	5,9	372,237	174	149
11091	1,4	10,7	0,1	4,7	197	149
11092	123,98	10,7	127,93	4,7	152	149
11093	129,118	2,1	101,64	0,1	153	149
11094	923,805	34,27	935,643	57,41	2683	149
11095	33,13	379,357	26,37	499,409	164	149
11113	0,3	12,11	0,4	12,4	162	149
11114	60,59	293,338	54,36	271,272	590	149
11131	6,4	94,77	4,3	203,104	152	149
11134	136,99	3,2	153,146	2,0	153	149
11135	193,121	5,0	203,176	1,2	299	149
11136	13,13	0,2	34,17	0,0	188	149
11137	49,48	0,2	81,64	0,0	242	149
11139	27,24	1,1	33,28	2,0	193	149
11140	89,57	1,1	77,80	2,0	203	149
11141	68,33	6,0	46,52	2,0	159	149
11143	30,24	3,1	17,11	0,0	154	149
11144	41,43	6,13	58,54	7,9	159	149
11148	92,64	0,1	204,164	2,0	381	149
11153	74,35	6,6	95,67	11,13	239	149
11156	90,58	14,4	133,92	7,8	152	149
11157	2,1	12,9	0,1	2,2	167	149
11158	33,24	40,50	45,31	76,65	152	149
11159	28,15	57,53	32,30	99,84	339	149
11161	420,349	0,1	230,170	1,1	157	149
11165	226,180	4,1	232,202	18,5	152	149
11166	453,500	268,266	298,227	399,281	741	149
11167	91,97	0,0	98,55	2,0	212	149
11169	946,726	7,8	1551,1117	6,6	174	149
11171	0,1	2,0	1,0	1,0	154	149
11176	0,1	0,0	1,2	1,0	155	149
11190	255,247	1,0	205,170	1,1	250	149
11191	0,5	3,11	0,0	1,0	159	149
11192	416,363	6,8	373,310	0,4	322	149
11193	419,369	6,8	374,310	0,4	312	149
11194	452,381	0,2	418,388	0,0	153	149
11195	3848,3054	2,2	6036,4328	0,0	154	149
11199	85,52	13,10	96,79	7,6	152	149
11200	0,1	0,0	2,3	1,0	164	149
11201	1,0	89,75	0,0	75,38	173	149
11203	1,2	0,0	1,1	3,0	176	149
11205	132,121	1,1	163,124	0,0	230	149
11206	2,4	9,6	0,1	4,4	167	149
11207	42,31	82,60	59,40	144,92	152	149
11208	2,2	62,62	2,0	69,35	178	149
11209	0,0	48,54	2,0	24,25	231	149
11211	7,2	104,99	5,5	147,94	240	149
11213	8,15	178,211	10,7	207,156	172	149
11214	39,33	3,3	24,16	2,1	154	149
11220	40,35	159,150	49,20	234,202	1807	149
11226	2,2	16,23	0,2	26,17	192	149
11228	7,11	9,3	11,10	9,2	162	149
11229	1,0	1,2	1,0	3,0	156	149
11230	6,4	3,3	4,4	10,3	169	149
11231	6,6	3,3	6,4	10,3	162	149
11232	6,4	3,2	4,5	1,3	162	149
11233	13,10	14,10	7,11	4,6	162	149
11234	5,2	95,64	1,2	63,55	176	149
11235	48,53	22,16	46,34	26,11	152	149
11237	1,7	95,99	5,1	142,140	255	149
11240	7,1	2,0	2,1	0,0	176	149
11241	7,1	0,0	1,1	1,1	176	149
11242	34,11	0,2	27,22	4,0	213	149
11252	14,24	2,0	2,0	0,0	153	149
11253	84,83	44,30	2,0	2,0	153	149
11254	78,48	3,3	73,58	1,1	192	149
11258	83,105	5,1	47,18	0,0	293	149
11259	142,147	109,164	90,48	82,46	293	149
11261	18,10	0,0	16,12	1,3	180	149
11262	77,69	0,1	106,85	0,3	201	149
11263	1,1	128,113	0,0	140,84	184	149
11264	236,182	0,1	351,328	1,5	535	149
11265	213,179	4,2	341,319	0,0	151	149
11267	13,9	3,2	15,8	7,10	152	149
11268	11,7	11,8	13,5	12,9	193	149
11276	0,2	0,2	5,0	2,2	180	149
11277	2,1	0,1	7,1	9,1	152	149
11278	14,12	17,32	11,10	12,27	184	149
11279	128,112	3,0	130,107	0,0	237	149
11280	131,132	3,0	131,124	0,0	202	149
11281	27,15	166,144	18,18	171,125	184	149
11282	558,445	0,1	407,354	0,0	1072	149
11283	1467,1255	0,1	2048,1392	1,0	11724	149
11284	11,5	501,461	4,2	773,510	211	149
11289	60,51	1,0	79,63	0,0	152	149
11292	35,33	6,11	31,37	5,12	207	149
11301	10,3	2,0	22,19	6,1	197	149
11302	10,17	12,1	18,12	22,7	152	149
11305	157,146	2,0	422,278	0,0	188	149
11306	370,339	2,0	877,671	0,0	238	149
11307	215,196	2,3	455,393	0,0	199	149
11308	27,70	6,3	8,4	0,1	170	149
11310	24,27	1,0	31,20	0,0	200	149
11311	59,33	5,3	67,38	0,4	200	149
11320	112,144	1,1	145,111	0,0	166	149
11321	716,675	42,27	943,696	8,5	166	149
11322	335,343	247,267	282,178	229,111	152	149
11327	5,4	158,142	3,3	150,129	175	149
11328	5,4	303,220	3,3	294,229	175	149
11329	38,48	0,2	40,40	0,1	181	149
11330	336,264	0,2	331,266	0,1	155	149
11331	383,350	2,0	504,361	0,0	154	149
11343	2,17	121,92	5,3	129,40	170	149
11344	1,2	76,54	0,0	96,81	171	149
11345	185,143	4,0	228,182	0,0	250	149
11346	781,558	2,2	1090,807	0,0	187	149
11353	3,4	0,0	2,2	1,1	152	149
11355	2,5	0,1	9,6	0,0	648	149
11357	186,153	34,37	191,115	31,18	177	149
11358	33,31	1,3	33,21	0,0	177	149
11360	8,13	119,142	4,6	85,49	285	149
11362	517,367	10,14	645,466	7,5	173	149
11363	614,496	13,9	703,495	5,2	1577	149
11364	680,589	1,5	926,688	1,0	1994	149
11368	7,10	0,6	11,5	0,2	167	149
11369	7,12	1,1	12,5	1,4	170	149
11370	0,8	1,1	1,2	1,4	152	149
11371	26,25	0,0	23,25	1,1	167	149
11372	26,27	82,40	24,25	94,74	170	149
11373	0,2	82,40	2,1	94,74	152	149
11374	271,215	72,81	152,113	99,74	4404	149
11376	7,0	0,2	6,3	4,1	428	149
11377	449,340	2,3	522,392	1,1	416	149
11378	36,17	72,68	28,28	87,78	227	149
11382	661,564	0,0	1198,950	2,0	185	149
11388	41,40	55,49	63,43	56,55	152	149
11393	204,149	34,14	186,151	41,21	152	149
11394	5,1	15,2	4,4	2,7	213	149
11398	254,202	9,9	369,213	6,2	1388	149
11399	52,28	38,28	13,24	13,10	488	149
11400	60,72	1,4	13,22	0,0	191	149
11405	4,6	2,0	5,12	2,7	479	149
11408	76,73	32,26	100,67	45,22	369	149
11410	3,2	175,185	2,1	151,160	191	149
11411	163,145	1,0	115,91	0,0	153	149
11414	77,72	37,27	95,53	25,24	611	149
11418	0,0	13,16	1,0	9,8	188	149
11423	0,0	17,21	1,0	18,3	188	149
11424	0,0	17,21	1,0	18,3	203	149
11430	161,189	0,0	211,163	0,2	153	149
11431	17,25	4,11	22,10	3,2	203	149
11432	209,198	2,0	310,209	0,1	207	149
11433	38,23	0,0	18,6	0,1	225	149
11440	5,9	2,4	19,8	0,0	173	149
11441	47,45	3,3	55,43	7,3	173	149
11461	3,1	219,204	4,4	340,238	170	149
11462	5,6	67,71	2,1	160,104	483	149
11463	543,396	5522,4630	1243,1120	13817,11032	152	149
11464	6434,5483	5,0	11390,9496	2,4	158	149
11466	45,39	0,1	34,21	1,0	154	149
11468	39,41	0,2	16,4	0,0	304	149
11470	6,3	2,0	2,0	0,0	182	149
11471	31,36	2,0	17,6	0,0	304	149
11472	226,281	2,0	204,125	0,0	689	149
11473	282,379	2,0	273,146	0,0	693	149
11474	29,33	4,0	15,6	0,0	271	149
11475	224,278	4,0	202,125	0,0	656	149
11476	280,376	4,0	271,146	0,0	660	149
11477	201,250	6,5	189,121	2,2	534	149
11478	257,348	6,5	258,142	2,2	538	149
11479	72,121	16,23	72,21	3,0	153	149
11480	483,565	0,0	424,295	2,0	1008	149
11481	221,232	5,1	157,112	1,0	154	149
11483	2,2	0,0	5,0	0,2	152	149
11484	15,15	6,4	12,10	5,6	152	149
11490	49,41	0,0	63,25	1,0	183	149
11491	16,11	136,147	11,9	142,79	190	149
11492	190,212	64,60	210,115	47,26	224	149
11493	4,1	9,5	0,1	12,18	392	149
11495	0,0	1,0	0,1	0,1	231	149
11508	698,633	2,0	362,299	0,0	1793	149
11509	127,93	39,77	112,91	27,22	177	149
11512	1,0	1,2	0,0	2,0	189	149
11521	798,652	2,2	1471,1053	1,0	230	149
11522	2153,1897	10,10	3740,2588	18,5	230	149
11523	520,404	100,56	365,221	0,1	166	149
11542	0,1	2,0	0,0	1,0	170	149
11544	1,0	3,0	1,0	0,0	171	149
11549	50,53	3,2	106,48	4,4	152	149
11550	5,2	1,1	0,0	2,3	177	149
11551	50,35	932,806	32,28	1408,1045	194	149
11552	58,40	106,47	36,38	83,68	196	149
11553	940,811	106,47	1412,1055	83,68	151	149
11554	17,22	6,7	21,19	1,10	152	149
11563	77,70	909,823	55,40	1469,1053	171	149
11564	966,864	3,1	1209,851	1,3	152	149
11567	60,70	1,2	99,62	2,0	267	149
11568	1810,1304	0,1	3452,2467	3,0	271	149
11569	22,17	918,763	35,23	1793,1265	184	149
11570	522,559	0,0	897,540	2,0	479	149
11576	4,7	7,6	7,1	13,5	187	149
11577	1201,957	2,2	1836,1471	0,0	264	149
11578	24,19	2,3	11,8	0,0	197	149
11579	2365,1909	1,0	2904,2107	1,1	155	149
11580	1474,1290	0,1	1469,1030	0,2	2209	149
11581	24,15	497,467	29,23	734,631	161	149
11582	234,257	71,70	486,387	197,142	154	149
11583	78,57	0,2	140,89	3,1	154	149
11587	945,781	0,1	1368,967	3,0	152	149
11588	4,1	101,85	4,2	155,81	170	149
11589	101,123	6,6	231,129	1,3	154	149
11590	2,1	107,98	2,1	102,53	190	149
11593	14,8	145,153	9,1	150,156	490	149
11594	127,118	0,0	98,114	0,2	216	149
11595	98,82	4,1	62,38	0,0	1039	149
11596	0,2	1,0	3,1	4,5	236	149
11597	40,42	18,14	46,32	19,11	208	149
11598	853,836	1,0	1042,673	0,0	1247	149
11601	36,21	4,1	28,23	0,0	223	149
11602	53,53	0,3	81,61	2,0	155	149
11603	507,431	0,0	753,490	0,1	278	149
11604	147,103	29,33	213,164	37,31	152	149
11605	0,0	249,162	0,2	423,285	177	149
11606	111,70	41,43	138,97	73,52	173	149
11607	85,98	6,7	148,89	7,6	154	149
11608	3,1	8,16	3,0	19,15	207	149
11609	122,120	8,8	276,197	21,6	152	149
11610	156,140	36,49	327,238	149,83	194	149
11611	42,28	36,49	72,47	149,83	191	149
11612	47,51	38,39	139,124	112,89	152	149
11619	1,5	0,5	2,0	0,2	207	149
11620	0,1	0,0	3,0	0,2	155	149
11621	0,0	0,1	2,0	0,0	450	149
11622	977,755	0,2	1090,750	0,0	3043	149
11623	67,57	70,49	34,27	43,35	231	149
11624	2,3	2,3	0,0	2,0	300	149
11625	30,39	2,2	40,37	0,0	889	149
11630	40,46	1,0	60,35	0,0	229	149
11631	47,53	0,0	62,38	0,2	229	149
11632	74,119	1,4	131,82	1,3	229	149
11640	9,11	3,1	5,0	0,0	218	149
11643	26,11	0,2	9,6	0,0	155	149
11654	0,1	0,0	0,0	1,0	163	149
11655	235,244	0,2	220,143	0,1	183	149
11656	597,529	4,1	631,461	0,0	865	149
11657	692,593	9,12	785,559	17,18	179	149
11658	1374,1269	41,37	1722,1170	77,44	467	149
11659	691,688	41,37	954,629	77,44	437	149
11660	0,2	8,10	0,0	9,6	165	149
11662	316,205	2,0	372,264	0,0	1120	149
11667	3,0	0,2	1,1	0,0	165	149
11668	10,5	0,2	22,8	0,0	199	149
11670	23,16	2,4	56,24	0,0	274	149
11671	179,151	560,440	128,90	942,667	553	149
11673	2,1	2646,2224	0,1	3913,2977	173	149
11680	4,2	2,0	5,5	0,1	152	149
11681	249,245	3,4	371,274	6,7	172	149
11683	7,14	3,3	8,1	0,0	194	149
11684	4,11	3,3	4,1	0,0	185	149
11685	973,865	0,0	2219,1660	2,0	193	149
11687	718,654	5,9	596,375	5,8	481	149
11688	851,883	0,1	654,402	0,0	516	149
11689	138,238	0,1	63,35	0,0	184	149
11690	958,1157	4,5	806,437	0,0	184	149
11692	345,355	50,98	307,227	51,28	330	149
11693	429,441	0,1	292,204	0,0	1655	149
11694	666,552	0,1	846,653	5,1	161	149
11695	783,608	1,0	1102,849	0,0	1242	149
11696	9,28	2,0	6,6	0,0	240	149
11697	18,13	4,4	24,16	5,12	152	149
11699	137,90	28,11	178,129	26,27	195	149
11703	5,5	0,4	1,2	0,0	152	149
11706	89,118	7,17	56,41	10,2	210	149
11707	40,24	34,33	32,20	54,52	1525	149
11708	3,1	23,17	2,1	12,15	192	149
11720	16,44	2,4	12,14	1,6	411	149
11721	50,59	5,0	36,16	0,0	829	149
11722	69,53	1,3	60,49	4,6	262	149
11725	0,2	102,69	2,1	152,94	171	149
11726	429,324	90,68	433,302	201,108	426	149
11728	11,22	334,287	18,17	535,401	175	149
11729	25,14	593,461	23,15	1067,685	165	149
11732	13,18	6,2	22,13	0,1	1200	149
11742	23,33	8,6	33,33	15,8	269	149
11749	36,36	1,0	18,43	0,0	1293	149
11750	3,3	9,10	2,3	2,4	295	149
11751	19,25	2,0	8,17	1,0	177	149
11752	6,18	2,0	11,12	1,0	195	149
11753	1,3	14,10	3,5	0,10	167	149
11754	1,3	14,10	2,5	0,10	162	149
11761	22,13	154,177	1,5	66,61	165	149
11765	5,1	2,6	8,4	0,2	212	149
11777	5510,4754	0,0	7806,5312	0,4	5013	149
11785	3,2	0,0	3,2	1,0	2510	149
11787	3,1	111,108	2,1	104,63	170	149
11796	46,38	1,2	51,24	1,0	411	149
11797	3,4	281,256	1,4	471,316	186	149
11798	319,313	9,9	624,392	28,20	154	149
11799	18,19	2,1	25,15	7,6	185	149
11800	75,54	555,516	93,75	1054,773	185	149
11801	643,574	7,3	1119,819	7,5	618	149
11804	19,16	1,0	17,17	0,0	238	149
11805	0,0	1,0	0,1	0,0	154	149
11809	1,1	0,0	2,0	1,0	152	149
11810	2,7	3,4	0,1	3,2	310	149
11813	114,82	2,0	157,116	0,0	153	149
11814	140,121	2,3	174,100	0,0	154	149
11815	32,23	14,25	34,21	40,22	152	149
11816	67,61	14,25	43,39	40,22	167	149
11817	67,59	32,21	43,38	34,20	164	149
11819	77,74	1,0	113,60	0,0	153	149
11820	454,364	6,2	624,471	0,0	257	149
11821	412,320	38,32	506,336	48,34	152	149
11822	14,12	406,395	12,11	592,319	170	149
11823	1741,1513	0,2	3036,2279	0,0	470	149
11832	53,32	2,1	63,32	2,0	188	149
11836	3,2	47,35	3,2	22,16	176	149
11838	2,5	213,191	9,6	218,144	170	149
11840	2,1	7,12	4,3	6,0	189	149
11841	11,10	0,2	9,11	0,0	243	149
11843	0,0	11,8	1,0	9,4	187	149
11844	2,1	3,5	4,3	2,3	189	149
11845	13,9	5,1	9,12	1,2	243	149
11847	8,17	2,0	6,1	0,0	154	149
11849	5,10	0,3	2,1	0,0	170	149
11850	4,9	0,3	3,3	0,0	175	149
11851	0,0	1,1	1,2	0,0	154	149
11852	206,216	1,0	140,122	0,0	1466	149
11853	5,5	1,0	2,0	0,0	175	149
11855	105,100	2,1	56,33	0,1	471	149
11857	5,6	2,3	9,5	0,0	153	149
11858	16,19	1,0	14,14	0,0	342	149
11860	266,234	1,1	414,328	0,0	156	149
11864	127,162	6,15	65,58	3,5	756	149
11865	538,523	3,0	508,271	0,0	303	149
11866	142,182	0,1	104,75	1,0	816	149
11867	98,118	163,134	53,45	181,113	376	149
11868	88,114	1,0	49,43	0,0	354	149
11869	11,4	163,134	4,2	181,113	171	149
11870	47,45	0,4	107,57	1,0	177	149
11871	69,78	0,1	64,63	2,1	185	149
11872	171,140	20,11	202,118	7,8	204	149
11873	38,30	1,0	47,30	0,0	204	149
11874	9,37	10,10	16,5	7,0	152	149
11875	751,641	6,4	821,534	4,6	192	149
11879	3,1	1,0	1,4	0,0	152	149
11880	14,13	1,2	12,12	3,4	152	149
11882	3,3	0,3	5,1	1,1	207	149
11883	14,12	7,19	12,6	17,7	346	149
11884	11,12	7,19	8,6	17,7	288	149
11886	21,12	0,1	16,8	1,2	172	149
11887	71,52	1790,1548	67,39	2755,1987	225	149
11888	166,134	7,10	193,136	5,11	236	149
11889	50,41	1790,1548	52,33	2755,1987	202	149
11890	145,123	7,10	178,130	5,11	213	149
11891	1885,1630	7,10	2881,2084	5,11	160	149
11893	139,140	8,0	105,64	2,0	259	149
11895	32,45	2,0	67,60	3,1	152	149
11896	1,0	71,71	0,0	193,116	207	149
11897	51,51	0,1	136,78	0,0	153	149
11899	1,1	89,74	2,0	169,103	192	149
11902	1,1	43,48	0,0	129,71	214	149
11903	1,1	43,48	0,0	129,71	174	149
11928	89,66	560,474	47,36	1003,758	255	149
11929	59,47	560,474	41,24	1003,758	263	149
11930	15,9	45,28	15,5	21,17	157	149
11931	47,38	2,3	27,20	0,0	263	149
11933	43,31	11,5	48,28	2,1	158	149
11939	352,357	2,4	367,230	2,0	155	149
11947	21,26	3,8	12,2	5,4	202	149
11948	67,78	3,8	61,20	5,4	237	149
11949	50,58	4,6	50,18	1,0	184	149
11953	516,430	14,10	634,415	28,14	194	149
11957	51,60	8,15	64,35	21,14	154	149
11958	444,376	0,2	505,361	0,0	585	149
11959	392,321	19,10	474,354	13,6	210	149
11960	421,350	0,0	516,370	3,0	1524	149
11961	388,341	0,3	519,370	0,0	214	149
11962	320,270	5,1	313,246	0,0	291	149
11963	6,0	104,116	1,2	81,44	169	149
11964	2,5	51,54	11,5	80,63	172	149
11965	22,15	1,1	23,18	4,0	255	149
11966	20,13	142,115	6,7	229,183	172	149
11967	19,14	24,27	6,5	36,31	172	149
11968	19,14	16,9	6,5	15,19	172	149
11969	95,110	1,0	206,122	0,0	258	149
11970	150,152	6,12	266,166	13,6	185	149
11971	209,232	12,12	401,247	22,13	258	149
11972	295,337	2,1	562,361	1,1	327	149
11973	65,92	12,12	148,87	22,13	222	149
11974	151,197	2,1	309,201	1,1	291	149
11975	98,117	2,1	183,127	1,1	218	149
11982	15,16	73,100	25,14	150,120	152	149
11983	347,295	0,0	468,288	3,1	212	149
11984	299,242	60,30	358,271	55,31	155	149
11985	14,5	1,1	7,0	0,0	233	149
11986	33,34	1,0	27,5	1,0	710	149
11987	144,123	752,582	257,140	1347,958	158	149
11988	24,14	517,421	18,9	667,424	163	149
11989	191,103	3,0	313,196	1,2	205	149
11990	684,510	3,0	962,611	1,2	191	149
11991	23,6	43,33	15,9	16,7	163	149
11994	19,14	7,6	15,7	9,3	174	149
11995	62,101	24,13	6,1	1,0	1043	149
11996	18,12	229,212	14,6	210,182	169	149
11997	205,163	13,7	198,134	3,1	171	149
11998	336,297	13,7	374,279	3,1	231	149
11999	297,262	166,128	333,262	157,117	209	149
12000	2,3	388,357	2,4	395,291	175	149
12001	389,362	8,17	400,292	8,5	153	149
12002	3,8	8,17	7,5	8,5	179	149
12004	0,3	0,1	5,2	0,0	155	149
12005	8,17	3,3	3,2	1,1	189	149
12009	59,54	0,0	55,47	7,0	153	149
12010	150,93	77,59	94,87	58,36	158	149
12011	43,36	224,166	36,20	218,148	164	149
12016	34,42	0,2	43,30	0,0	504	149
12019	37,16	2,7	29,30	4,1	187	149
12020	7,20	0,2	6,3	2,0	414	149
12021	73,89	3,3	51,29	0,0	192	149
12024	955,739	1,6	1494,995	7,1	165	149
12025	1,0	2,0	0,1	0,0	152	149
12026	1,0	9,4	1,0	0,0	182	149
12027	1711,1436	0,2	2703,1827	4,0	824	149
12035	14,9	601,557	13,10	765,518	173	149
12036	372,288	2,2	388,354	0,0	308	149
12037	24,19	260,170	26,28	273,226	168	149
12038	631,458	101,85	660,580	116,74	308	149
12039	631,459	2,7	661,580	1,0	311	149
12040	11,16	207,167	5,6	62,42	365	149
12041	81,35	53,48	75,54	59,40	279	149
12042	0,2	2,1	1,0	2,3	152	149
12045	520,630	1,3	740,525	1,0	198	149
12046	227,251	3,2	386,299	0,2	198	149
12047	2,2	0,0	7,2	1,0	153	149
12051	0,0	5,6	0,1	17,10	182	149
12055	36,16	2,2	28,19	1,2	312	149
12056	22,10	0,1	20,8	0,0	312	149
12057	54,36	10,4	35,33	9,9	155	149
12058	1,1	1,0	3,2	2,2	155	149
12060	0,3	53,56	2,0	62,36	276	149
12066	40,22	48,31	50,27	59,30	335	149
12067	8,0	80,56	1,2	109,72	224	149
12068	175,160	5,0	138,108	0,2	433	149
12069	29,26	0,2	39,24	1,0	151	149
12070	39,52	0,3	31,30	0,2	202	149
12071	38,40	2,3	27,38	6,2	202	149
12072	168,148	7,3	292,230	9,9	173	149
12073	219,161	0,0	288,199	1,1	502	149
12076	142,99	3,0	209,145	7,1	152	149
12077	143,102	0,1	263,174	1,1	153	149
12078	10,11	1,0	23,14	0,0	153	149
12080	2,0	3,6	1,0	2,6	169	149
12085	224,185	5,4	325,181	4,3	153	149
12086	2447,2071	14,4	3888,2798	16,23	152	149
12088	8,21	2,0	12,16	0,0	623	149
12089	13,10	394,331	11,12	568,381	171	149
12090	201,154	2,0	331,224	0,4	237	149
12091	582,475	2,0	888,593	0,4	215	149
12092	401,350	11,13	580,397	4,3	623	149
12095	496,399	0,0	693,539	3,0	221	149
12096	632,525	2,3	935,640	2,1	254	149
12097	309,281	0,2	521,320	0,0	357	149
12098	346,308	3,5	562,343	6,5	754	149
12099	725,560	0,3	869,610	0,0	590	149
12100	382,348	0,0	568,390	1,0	546	149
12101	1019,781	0,0	1225,838	1,0	678	149
12102	294,224	0,0	356,228	1,0	237	149
12103	721,524	2,4	1011,681	6,2	237	149
12105	0,0	2,0	1,3	0,0	152	149
12106	70,75	2,3	78,52	1,7	1951	149
12107	2,1	69,70	1,0	119,82	335	149
12112	3,2	8,16	8,3	1,2	319	149
12113	4,1	11,12	0,0	4,3	165	149
12117	15,29	55,28	1,4	28,23	152	149
12121	58,33	4,4	124,64	0,5	158	149
12122	0,0	2,0	0,1	0,0	189	149
12123	1,7	149,168	4,2	259,193	179	149
12125	1632,1480	1,1	2437,1971	0,0	1059	149
12126	1614,1371	0,1	2825,2103	0,0	1705	149
12127	12,16	1,0	10,10	0,0	1705	149
12128	25,32	1937,1539	40,37	4019,2965	333	149
12131	6,4	0,0	9,3	1,2	196	149
12132	84,147	0,1	51,23	1,3	498	149
12133	84,147	11,18	51,23	16,10	618	149
12134	0,1	11,18	1,3	16,10	269	149
12135	195,225	1,1	138,113	2,1	371	149
12136	190,244	9,15	241,155	14,7	196	149
12137	168,187	0,2	209,140	4,0	819	149
12141	8,4	66,39	10,7	65,43	1906	149
12142	0,0	2,4	1,0	0,1	193	149
12149	130,133	2,0	86,55	0,0	198	149
12150	12,12	5,3	8,6	1,1	217	149
12152	2,2	1,0	0,1	0,0	191	149
12153	1,4	0,2	3,1	0,1	191	149
12156	2,1	1,0	3,0	1,1	152	149
12157	253,178	42,36	414,324	95,46	175	149
12159	628,499	20,15	679,485	35,15	153	149
12162	15,14	2,0	19,17	0,0	2988	149
12163	13,14	2,0	17,17	0,0	3003	149
12169	0,0	0,1	1,3	0,1	219	149
12176	5,0	0,0	0,3	1,0	203	149
12181	19,22	23,18	5,8	18,18	176	149
12183	274,207	0,0	590,467	2,0	152	149
12185	68,96	5,1	101,61	0,0	429	149
12188	178,149	0,0	236,184	0,1	456	149
12189	61,38	0,0	71,62	0,1	252	149
12190	185,154	2,2	248,208	1,0	252	149
12191	139,128	0,0	190,163	1,0	175	149
12192	9,9	9,3	14,10	3,0	174	149
12193	1,2	2,2	2,7	5,0	153	149
12194	19,15	125,104	13,5	192,125	160	149
12195	0,2	0,5	4,3	7,5	160	149
12197	18,10	13,18	1,8	13,2	269	149
12198	354,393	4,1	403,284	5,1	289	149
12199	27,12	1070,1071	18,21	1365,899	168	149
12200	748,976	35,61	674,419	27,22	153	149
12201	163,137	1,6	110,107	3,0	243	149
12202	11,23	17,12	15,8	5,13	1258	149
12203	12,24	99,75	15,12	155,124	1281	149
12204	18,13	99,75	5,17	155,124	172	149
12205	28,25	92,97	39,35	95,105	152	149
12207	70,87	3,1	130,119	0,0	579	149
12208	207,135	2,0	237,175	0,0	225	149
12209	136,115	3,0	277,159	3,1	152	149
12210	30,15	4,1	21,14	3,3	152	149
12211	1,5	25,22	1,1	36,14	274	149
12212	38,25	45,41	33,21	43,33	237	149
12214	220,154	7,11	182,136	4,9	158	149
12218	9,2	4,5	8,16	8,12	366	149
12220	440,429	1,0	450,360	0,0	990	149
12221	112,129	363,331	95,85	465,353	805	149
12222	391,356	3,0	478,392	0,0	1198	149
12223	274,283	0,0	401,320	1,1	156	149
12224	330,261	6,4	465,320	5,4	161	149
12225	194,161	0,1	347,218	3,3	157	149
12226	26,28	166,130	28,22	305,174	203	149
12227	7,12	141,104	4,6	160,96	178	149
12228	203,234	2,0	213,120	0,0	451	149
12229	21,18	8,13	12,9	16,15	174	149
12230	23,22	4,1	15,4	2,0	263	149
12234	208,201	1,6	294,271	1,2	1123	149
12235	261,201	1,1	275,196	0,0	183	149
12236	580,464	8,5	532,417	4,1	265	149
12237	7,13	0,1	31,13	2,0	259	149
12238	67,55	0,0	99,67	2,0	242	149
12241	2,0	0,3	0,6	0,0	156	149
12242	17,9	1,3	15,17	4,1	175	149
12243	128,94	8,12	195,143	8,6	321	149
12244	45,44	2,3	71,49	12,12	193	149
12245	4,5	6,4	6,8	0,9	182	149
12246	88,95	0,2	145,115	1,1	227	149
12247	100,107	69,76	78,72	71,55	1233	149
12248	21,5	87,66	14,5	90,56	166	149
12249	7,1	3,0	2,4	6,0	196	149
12251	224,225	10,8	294,188	1,8	178	149
12252	316,239	8,14	360,255	10,4	187	149
12253	0,3	1,2	1,0	0,4	269	149
12254	131,107	16,23	167,110	26,13	152	149
12256	26,22	346,297	20,19	466,322	168	149
12257	98,59	0,1	105,84	1,0	193	149
12259	0,2	3,0	0,0	1,0	155	149
12260	5,2	4,5	11,2	15,8	152	149
12271	1395,1373	1,0	942,639	0,0	670	149
12272	1396,1193	0,2	733,497	0,0	564	149
12273	1378,1168	9,2	718,498	3,4	161	149
12275	2288,2095	12,10	1619,1229	6,10	206	149
12276	1561,1547	4,9	1020,735	0,2	162	149
12277	124,87	15,15	61,52	1,3	162	149
12278	2733,2272	0,0	1896,1189	1,0	527	149
12279	26,32	0,3	55,40	2,0	152	149
12282	63,67	2,0	108,51	0,0	155	149
12287	15,8	598,563	13,2	904,679	191	149
12288	562,487	2,0	936,670	0,0	448	149
12291	4,5	361,373	6,2	389,230	167	149
12292	698,616	28,10	540,506	3,0	220	149
12293	737,674	0,3	588,585	3,4	396	149
12294	3,3	162,136	4,6	335,227	184	149
12295	2,7	80,51	2,0	90,56	247	149
12296	23,42	0,1	19,6	1,0	247	149
12299	86,74	3,1	84,21	2,0	1369	149
12302	423,347	0,0	659,528	1,2	207	149
12303	837,702	12,21	850,619	12,7	330	149
12304	688,601	12,21	669,493	12,7	351	149
12305	105,138	254,239	82,68	263,194	170	149
12306	115,80	189,221	101,45	167,154	676	149
12308	11,4	0,0	18,11	2,1	215	149
12309	618,516	0,4	823,536	0,0	4324	149
12313	26,20	143,148	15,13	138,112	152	149
12315	140,154	6,3	269,232	6,10	293	149
12316	144,138	1,0	185,165	3,5	2864	149
12317	31,40	2,2	49,44	3,0	199	149
12318	60,66	0,0	103,77	2,0	328	149
12319	32,28	0,0	57,35	2,0	278	149
12325	162,156	7,11	114,110	2,0	788	149
12327	116,103	13,9	157,94	21,13	153	149
12328	221,205	2,2	372,233	0,0	246	149
12330	252,242	2,0	348,265	3,2	164	149
12334	126,145	0,0	242,221	2,0	154	149
12335	144,176	3,5	273,230	3,0	154	149
12338	22,19	0,2	31,28	0,0	248	149
12342	21,21	0,0	34,28	0,4	153	149
12344	55,42	0,1	50,56	0,0	1823	149
12345	8,3	0,1	5,12	0,0	223	149
12346	1,7	0,0	15,15	2,0	153	149
12348	18,7	25,17	11,19	51,41	223	149
12353	2,2	47,34	2,4	70,64	179	149
12360	17,20	1,0	10,15	1,0	359	149
12364	69,43	5,1	39,27	0,2	153	149
12366	2395,2053	0,2	2738,2184	0,0	332	149
12368	17,11	15,5	11,8	4,6	152	149
12369	26,30	29,21	20,18	17,14	324	149
12373	3,1	110,137	3,2	136,75	179	149
12375	2,3	97,89	2,2	86,75	387	149
12377	3,0	0,3	0,0	1,0	268	149
12378	1,0	0,3	0,0	1,0	265	149
12380	1,2	0,4	0,0	0,1	265	149
12381	1,0	0,3	1,0	0,0	313	149
12386	0,0	0,2	0,2	0,0	175	149
12387	0,0	0,2	0,2	0,0	178	149
12391	150,95	0,0	138,98	2,0	203	149
12392	135,81	8,12	92,85	7,2	228	149
12394	175,165	10,6	191,119	11,5	176	149
12397	1222,1016	0,4	1858,1468	5,2	553	149
12403	104,78	230,195	32,11	75,50	2024	149
12404	158,129	10,8	48,25	3,2	2084	149
12405	284,246	10,8	91,64	3,2	209	149
12410	1,2	231,199	0,0	392,297	164	149
12413	73,84	163,152	53,33	230,199	3787	149
12414	93,100	0,1	77,51	1,0	3816	149
12415	183,168	0,1	254,217	1,0	178	149
12420	18,10	328,275	10,12	537,429	216	149
12421	6,5	181,176	9,2	352,310	215	149
12423	16,14	39,33	16,7	39,15	243	149
12425	9,9	12,12	2,5	10,5	254	149
12426	3,6	4,3	1,0	0,0	254	149
12427	3,5	4,3	1,0	0,0	268	149
12430	199,175	34,37	114,115	12,8	456	149
12431	306,292	203,206	178,155	129,127	152	149
12432	910,856	187,175	497,351	110,83	161	149
12433	710,696	7,17	418,295	7,2	170	149
12436	66,78	30,43	60,46	46,21	152	149
12437	0,3	107,88	0,1	96,74	178	149
12439	556,400	1,0	839,679	2,0	174	149
12440	492,387	2,0	783,609	0,0	156	149
12443	14,16	347,265	11,10	561,456	171	149
12444	20,25	347,265	18,20	561,456	206	149
12445	7,11	1,2	7,10	0,0	184	149
12446	406,333	1,0	676,554	0,0	446	149
12447	18,49	427,345	37,26	780,572	275	149
12448	233,192	7,6	277,144	2,4	155	149
12452	63,53	189,118	30,34	216,189	238	149
12454	48,44	1,0	78,36	3,1	152	149
12457	0,2	0,0	0,0	2,0	153	149
12459	0,2	0,0	2,0	0,2	153	149
12461	928,791	1,2	1409,1013	0,1	333	149
12477	388,301	1,4	515,381	3,1	777	149
12478	0,1	2,0	1,0	1,0	181	149
12484	313,264	99,67	706,413	184,100	152	149
12485	208,218	278,214	432,303	554,340	182	149
12486	38,40	278,214	72,45	554,340	218	149
12487	2,9	172,187	2,1	362,259	185	149
12492	3,0	1,2	1,0	0,0	152	149
12497	395,290	21,15	415,267	6,6	740	149
12498	392,289	50,37	415,267	33,26	740	149
12499	137,121	8,21	221,157	27,12	213	149
12513	187,150	0,1	369,274	1,1	153	149
12515	448,336	1,4	914,668	0,0	3172	149
12517	22,14	615,495	32,15	1148,767	166	149
12518	0,2	64,42	1,0	58,51	170	149
12519	1,0	5,0	1,0	11,3	169	149
12521	1,0	834,738	0,3	1220,898	179	149
12524	115,146	9,11	77,67	4,6	301	149
12525	95,84	5,11	128,87	8,2	226	149
12526	87,85	28,24	55,49	15,19	152	149
12527	12,7	0,0	4,6	2,0	152	149
12531	278,247	0,2	415,307	0,0	167	149
12532	706,759	8,2	1195,847	1,0	167	149
12533	291,216	0,6	375,234	4,0	234	149
12534	236,254	3,0	352,249	8,3	600	149
12535	8,16	1,1	25,17	0,2	161	149
12538	30,43	0,3	13,6	0,0	1253	149
12541	23,23	110,129	6,9	98,45	302	149
12544	5,2	0,0	2,1	0,1	178	149
12545	5,6	10,21	2,2	10,3	191	149
12546	0,4	10,21	0,2	10,3	162	149
12547	7,3	418,411	9,9	718,504	187	149
12548	645,747	1,2	732,518	5,3	342	149
12550	1920,1674	18,5	2505,1955	1,1	1146	149
12551	811,760	2,1	852,689	0,0	2141	149
12552	4024,3418	0,0	6058,4388	1,0	300	149
12553	1944,1659	0,0	2568,2013	1,0	320	149
12554	42,36	2122,1795	18,31	3508,2406	169	149
12555	1579,1250	0,6	2656,1991	6,5	152	149
12556	1921,1518	2,1	3266,2181	3,0	169	149
12557	2190,1807	0,2	3270,2177	0,2	229	149
12558	95,63	1959,1555	140,100	2410,1926	201	149
12559	172,145	1357,1165	194,151	2101,1565	857	149
12560	2713,2182	0,0	4089,3025	0,2	217	149
12562	3709,2891	1,0	5700,4172	0,0	314	149
12563	11,7	2,2	11,6	0,0	207	149
12564	3337,2700	0,1	4499,3134	1,0	452	149
12565	10,9	0,2	4,10	6,1	169	149
12566	29,19	2,5	28,32	4,2	153	149
12568	8,4	36,24	9,6	80,28	168	149
12569	127,108	486,404	103,70	312,261	164	149
12573	5,1	127,135	6,4	122,81	169	149
12574	1,4	112,87	0,2	107,78	168	149
12575	10,17	2,0	13,14	0,0	155	149
12576	0,1	0,2	0,2	4,7	182	149
12579	49,43	8,6	49,42	4,4	2385	149
12580	51,47	0,0	51,44	1,2	2448	149
12581	10,10	0,0	6,6	1,2	212	149
12583	1,0	74,97	0,0	109,93	219	149
12584	5,4	63,64	5,1	63,35	189	149
12586	119,93	5,3	243,153	5,7	152	149
12589	0,1	1,3	0,0	0,2	308	149
12590	21,11	1,3	8,8	0,2	1095	149
12592	0,0	5,9	1,0	5,1	193	149
12594	13,24	1,0	17,2	0,0	266	149
12595	5,4	64,74	13,6	110,77	171	149
12596	3,5	41,49	3,5	62,6	164	149
12597	1471,1438	16,7	1475,1088	14,8	859	149
12598	3685,3359	67,53	3622,2650	58,39	2087	149
12599	1,3	0,2	2,0	1,0	169	149
12600	66,109	0,1	32,24	0,0	552	149
12601	1,0	0,0	1,0	2,1	152	149
12602	63,61	190,152	27,28	181,104	758	149
12604	77,25	0,1	55,44	2,3	155	149
12605	100,34	2,6	125,101	2,4	246	149
12610	33,16	103,60	14,8	91,86	199	149
12611	96,75	676,529	60,52	954,730	276	149
12612	166,119	676,529	137,130	954,730	226	149
12613	50,40	3,1	25,24	0,0	459	149
12614	10,7	708,684	16,8	957,736	178	149
12615	14,8	2,0	7,6	0,1	156	149
12616	12,17	336,272	33,27	801,577	165	149
12617	111,178	6,0	42,17	2,0	904	149
12618	55,94	8,12	27,8	2,0	239	149
12619	32,50	2,2	15,6	0,0	239	149
12621	99,70	48,44	43,41	67,45	378	149
12633	19,22	975,923	37,26	1220,823	179	149
12634	1236,999	63,45	1572,1057	60,66	194	149
12635	347,366	8,12	370,270	5,3	218	149
12637	72,61	8,1	65,75	4,0	164	149
12638	103,74	8,1	72,63	4,0	187	149
12639	173,133	8,1	134,117	4,0	291	149
12640	72,45	41,32	53,44	46,56	172	149
12641	142,104	41,32	115,98	46,56	276	149
12642	76,63	6,4	74,61	12,7	253	149
12643	2685,2434	4,6	2490,1836	3,0	5798	149
12650	4,2	2,0	3,2	5,2	163	149
12656	220,178	0,0	259,204	0,1	894	149
12659	17,9	0,1	13,8	0,0	216	149
12660	229,165	0,1	262,195	0,0	994	149
12666	29,20	436,385	11,16	446,393	276	149
12667	882,784	8,11	1090,803	2,6	275	149
12669	70,35	523,365	25,31	524,397	176	149
12675	113,93	0,4	24,16	0,0	152	149
12676	77,65	0,1	11,7	0,0	162	149
12681	5,8	12,6	0,3	7,0	318	149
12682	1,1	12,6	0,0	7,0	199	149
12686	21,10	3,1	13,4	0,0	342	149
12690	432,341	3,1	743,478	3,5	179	149
12691	17,9	6,8	16,12	15,6	152	149
12692	20,10	1,0	27,19	0,0	184	149
12694	1,3	8,2	1,2	2,9	205	149
12695	1,5	8,2	1,0	2,9	308	149
12696	0,2	0,0	0,0	0,2	252	149
12705	26,28	164,112	17,23	267,222	389	149
12706	5,10	164,112	6,3	267,222	206	149
12708	3,2	3,0	3,0	1,0	226	149
12714	349,380	0,1	330,229	1,0	176	149
12716	0,0	31,49	1,0	24,12	276	149
12717	2,0	0,0	1,2	2,0	152	149
12719	1,0	15,4	0,0	16,17	166	149
12720	416,308	31,23	291,166	8,3	2893	149
12721	71,81	204,153	32,34	195,160	324	149
12722	248,144	31,28	275,189	35,14	152	149
12724	2,0	15,12	1,3	25,15	209	149
12725	11,11	1,2	23,29	0,1	153	149
12726	0,0	1,2	0,1	0,1	167	149
12727	0,0	11,11	0,1	23,29	163	149
12728	204,189	6,15	178,141	0,0	2223	149
12729	107,105	178,155	101,80	225,188	362	149
12730	0,1	27,27	0,0	25,14	170	149
12731	29,19	18,13	22,20	11,3	182	149
12733	412,427	1,2	755,567	1,3	152	149
12734	974,928	4,2	1525,1146	0,0	525	149
12736	8,17	1115,1020	16,15	1824,1285	215	149
12737	6,19	1115,1020	16,15	1824,1285	171	149
12738	1135,1036	4,6	1833,1299	1,4	381	149
12739	1597,1350	1,0	1887,1426	0,0	557	149
12740	1210,990	2,1	1602,1301	2,0	294	149
12741	932,753	2,1	1230,1007	0,0	155	149
12748	3,10	0,0	13,4	0,3	188	149
12750	45,34	131,132	30,33	154,129	152	149
12751	957,842	464,440	1166,871	307,237	174	149
12752	125,88	3,0	89,44	0,0	562	149
12753	170,135	14,6	205,171	0,0	174	149
12762	27,19	17,23	32,21	52,19	152	149
12767	74,68	38,51	84,69	23,15	363	149
12768	5,10	75,103	11,8	121,92	152	149
12769	168,150	11,8	219,131	17,9	152	149
12770	11,19	1144,1116	11,11	1373,1097	162	149
12771	1208,1172	61,67	1389,1111	47,30	168	149
12772	531,760	10,4	402,163	3,0	155	149
12773	24,26	82,73	27,16	51,38	333	149
12774	223,201	2,0	217,163	0,0	1386	149
12775	38,31	23,29	26,22	18,13	439	149
12776	31,39	3,0	33,16	0,2	174	149
12777	1,1	2,0	1,0	0,0	230	149
12778	14,8	13,9	6,5	5,10	227	149
12794	16,13	1,1	8,9	0,0	244	149
12795	21,11	42,33	6,9	85,62	244	149
12796	3,6	62,50	3,5	93,65	167	149
12803	1057,816	21,18	1222,842	19,19	209	149
12804	376,296	1,0	442,333	0,0	209	149
12805	11,5	441,328	6,2	562,410	199	149
12806	475,374	5,0	623,485	0,0	154	149
12807	804,646	3,2	936,759	1,7	224	149
12808	7,23	1,0	6,5	0,0	156	149
12809	382,308	0,2	612,465	0,4	156	149
12810	916,842	1,0	435,352	0,0	3496	149
12815	74,67	1,4	36,71	3,2	926	149
12816	77,69	46,34	35,71	33,12	926	149
12817	58,63	3488,3347	39,38	5282,3815	247	149
12818	4053,3898	86,56	5996,4142	42,22	581	149
12819	3378,3176	6,3	5532,3742	6,5	157	149
12820	63,67	2868,2573	120,92	4642,3449	162	149
12821	153,156	2867,2485	153,81	3875,3102	200	149
12822	2,1	0,1	4,4	1,0	184	149
12827	57,63	4,6	32,40	1,1	175	149
12835	6,5	1,2	4,0	0,0	465	149
12841	230,171	16,32	239,204	10,13	190	149
12844	0,0	2,0	0,1	0,0	229	149
12846	4,9	0,2	2,0	1,0	174	149
12847	36,62	114,146	25,14	108,65	174	149
12851	2,2	99,75	0,0	82,38	186	149
12852	257,361	4,1	234,114	0,0	1436	149
12853	23,20	3,8	48,18	11,7	172	149
12854	225,196	10,23	477,315	29,20	257	149
12855	111,82	5,0	236,142	0,0	257	149
12859	202,198	0,6	166,114	0,0	155	149
12861	8,12	1,3	10,11	6,0	178	149
12862	12,11	1,0	5,9	1,0	178	149
12863	73,88	0,0	79,35	0,2	211	149
12864	50,73	12,7	61,30	8,2	152	149
12866	394,542	22,31	341,221	33,16	245	149
12867	4,26	22,31	2,1	33,16	217	149
12876	13,10	14,18	7,3	19,17	235	149
12880	9,5	0,1	5,0	0,0	224	149
12882	2,2	42,36	7,7	50,74	155	149
12885	2,3	42,28	3,2	62,41	264	149
12890	28,37	0,1	21,9	1,1	305	149
12894	22,39	38,37	23,14	29,28	152	149
12895	3,0	0,0	0,0	0,2	152	149
12898	3,0	0,0	0,0	2,0	619	149
12900	8,5	14,3	4,2	3,5	191	149
12901	3,3	14,3	2,0	3,5	188	149
12902	12,6	0,1	4,7	0,0	190	149
12903	6,8	1432,1098	8,5	2395,1832	181	149
12904	16,17	0,0	29,24	1,1	215	149
12906	24,27	44,37	35,17	79,48	152	149
12907	147,140	12,8	228,216	37,18	152	149
12917	48,59	3134,3043	34,17	3172,2135	226	149
12918	405,400	2527,2405	381,286	3140,2181	278	149
12919	169,119	2637,2376	157,121	2745,2180	185	149
12920	817,794	407,349	554,410	445,319	464	149
12921	657,641	804,741	485,360	1033,781	464	149
12922	572,493	353,339	818,598	482,351	171	149
12923	21,15	131,98	10,3	182,117	198	149
12927	5,6	64,71	5,0	71,19	582	149
12928	31,28	1,4	34,23	0,1	174	149
12929	24,28	0,0	27,21	1,0	174	149
12931	1761,1441	28,10	1068,668	17,10	151	149
12932	1842,1494	17,11	1111,696	6,2	153	149
12933	109,63	17,11	60,38	6,2	151	149
12934	197,160	1,0	64,49	0,0	153	149
12935	4623,3836	0,1	2624,1852	0,0	354	149
12936	7655,6225	2,2	4430,3146	0,0	354	149
12938	6223,4657	1,0	4357,2904	0,0	696	149
12942	51,55	44,32	50,24	27,13	152	149
12944	126,102	0,0	212,170	2,0	155	149
12948	504,565	49,27	1127,792	89,77	197	149
12949	493,558	7,2	412,263	0,0	759	149
12950	361,363	3,5	546,392	1,1	492	149
12951	10,2	1,0	10,4	2,0	194	149
12952	50,39	2,2	92,59	1,1	184	149
12953	119,110	31,18	258,161	31,19	184	149
12954	54,40	31,18	98,59	31,19	229	149
12955	8,2	73,72	14,4	174,106	194	149
12956	22,14	2,1	13,21	2,0	210	149
12958	1290,1140	3,2	1834,1255	0,0	222	149
12959	0,1	38,59	5,0	129,75	173	149
12961	5,4	0,0	10,6	2,0	153	149
12965	0,0	6,0	0,2	0,4	275	149
12968	14,5	12,8	15,10	6,6	152	149
12969	234,184	263,244	285,210	320,243	152	149
12970	1,4	1,1	0,0	1,0	152	149
12971	4,0	6,8	0,0	1,0	389	149
12973	361,334	4,0	37,37	0,0	880	149
12975	5,7	0,0	2,2	1,0	153	149
12976	7,6	0,0	3,0	0,1	152	149
12977	9,9	0,0	19,6	0,1	201	149
12978	2,2	9,5	0,0	20,9	153	149
12980	0,0	1,0	0,1	0,0	186	149
12982	90,77	0,0	100,81	0,1	649	149
12984	8,7	37,25	13,4	44,29	3884	149
12987	27,11	0,0	72,53	0,1	192	149
12988	42,56	0,0	63,51	0,1	4028	149
12991	38,53	23,8	48,32	57,34	3985	149
12993	24,11	2,2	8,3	0,0	219	149
12994	0,5	0,0	2,4	2,0	276	149
12995	0,5	0,0	3,2	2,0	279	149
12997	0,6	0,0	5,2	0,1	276	149
12998	0,9	0,0	2,13	0,1	279	149
12999	0,4	0,1	0,11	3,0	152	149
13000	37,39	18,12	67,62	26,19	152	149
13004	0,0	1,0	1,0	1,0	409	149
13009	15,14	154,121	10,4	220,171	196	149
13023	0,3	15,18	3,0	45,28	170	149
13025	114,79	91,78	106,60	96,69	152	149
13028	2,0	18,19	9,1	15,2	161	149
13029	0,0	7,8	0,1	6,0	168	149
13030	37,35	87,58	21,14	78,37	200	149
13031	8053,7022	3,2	14555,9254	0,0	158	149
13032	148253,132235	7,6	249175,171288	4,2	821	149
13034	212710,184056	1,0	328745,252595	0,0	154	149
13035	214450,185643	0,1	332014,254973	0,0	160	149
13036	1741,1587	0,1	3269,2378	0,0	155	149
13047	1,0	4,12	0,0	3,2	153	149
13051	6,2	63,51	0,0	51,30	209	149
13052	160,127	2,0	227,141	0,0	230	149
13055	648,599	9,4	569,482	7,5	177	149
13056	113,115	463,504	75,64	487,298	179	149
13057	36,42	18,15	34,19	9,4	211	149
13058	47,60	778,719	40,24	819,668	211	149
13059	725,586	6,9	979,605	22,6	178	149
13060	230,227	5,2	220,144	3,6	154	149
13061	98,81	3,1	97,96	2,0	185	149
13062	494,343	1478,1340	479,380	1745,1239	185	149
13063	117,92	51,49	112,105	44,18	185	149
13064	18,15	661,586	7,2	1418,1034	244	149
13065	8,9	3,4	8,1	0,0	244	149
13066	613,522	2,0	1132,875	1,0	153	149
13067	27,19	174,124	19,13	162,120	154	149
13068	12,4	174,124	0,2	162,120	1271	149
13069	12,3	27,18	0,2	19,13	1266	149
13071	282,187	0,3	193,148	0,0	2171	149
13072	282,186	2,0	193,148	0,0	2166	149
13073	0,1	268,181	3,0	193,144	159	149
13074	43,43	192,161	8,15	205,140	169	149
13075	48,42	1,1	60,40	0,0	208	149
13076	337,296	67,44	411,317	81,65	152	149
13077	138,102	4,3	131,99	0,4	180	149
13078	256,141	15,15	310,256	9,8	180	149
13079	173,123	2,0	248,147	0,0	180	149
13080	236,226	3,5	196,169	1,0	166	149
13081	17,26	2,0	5,9	0,0	248	149
13091	15,27	5,0	8,8	0,0	152	149
13092	129,141	60,56	147,120	30,37	152	149
13095	1,1	116,114	0,0	85,74	194	149
13098	1,1	28,13	2,1	34,29	183	149
13100	669,549	31,13	700,501	21,13	152	149
13101	61,44	1541,1193	53,34	1741,1286	173	149
13102	68,76	2,0	75,66	0,5	1112	149
13107	46,27	317,272	16,17	359,220	207	149
13108	568,487	7,0	867,644	5,0	174	149
13109	116,94	0,1	248,148	1,2	200	149
13110	535,438	0,0	1001,721	2,0	200	149
13119	4,3	124,89	4,2	146,107	242	149
13120	303,390	4,3	369,302	3,2	274	149
13122	221,187	0,2	316,223	0,1	326	149
13123	1,0	19,27	1,0	42,21	165	149
13125	410,352	0,0	519,392	2,1	1313	149
13126	12,25	0,0	20,16	0,2	1313	149
13129	67,57	0,1	36,25	0,1	155	149
13136	9,13	0,1	17,15	0,0	176	149
13141	4,0	2,0	2,4	0,1	152	149
13142	1,0	0,0	1,0	0,1	152	149
13143	2,3	0,0	11,3	2,0	152	149
13152	445,334	1,1	441,317	0,1	448	149
13190	442,403	1,0	653,515	3,4	506	149
13201	511,395	2,0	662,468	4,2	394	149
13203	14,12	102,129	5,1	114,83	326	149
13204	0,4	10,10	4,2	14,0	152	149
13205	66,42	0,0	43,43	1,0	154	149
13208	121,93	1,1	187,136	5,1	182	149
13209	604,523	1,1	822,552	5,1	240	149
13210	326,286	1,1	489,315	5,1	291	149
13211	498,436	15,6	644,430	9,14	207	149
13212	220,199	15,6	311,193	9,14	258	149
13213	80,68	358,305	72,50	405,287	200	149
13216	972,756	15,5	1064,783	3,2	251	149
13217	62,56	2,0	85,70	2,0	244	149
13220	0,1	1,2	0,1	0,0	279	149
13221	21,22	0,1	54,54	4,4	195	149
13222	14294,12326	3,7	24156,17911	0,1	506	149
13224	943,775	29,25	883,639	31,12	209	149
13226	27,15	54,72	22,14	68,37	2160	149
13227	26,16	0,0	20,13	1,0	2160	149
13228	98,57	0,1	94,73	0,0	1625	149
13229	102,102	1,0	102,73	0,0	1282	149
13231	74,88	1244,961	81,59	1063,877	213	149
13232	1122,1002	0,0	1186,870	2,0	163	149
13246	4,0	3,8	4,0	10,9	301	149
13247	111,78	0,2	193,90	0,0	363	149
13248	14,31	23,16	25,23	9,10	170	149
13250	184,182	173,154	141,118	131,81	152	149
13253	0,3	215,244	0,0	257,162	178	149
13255	7,7	54,122	1,4	29,21	183	149
13257	443,435	14,5	374,253	8,8	281	149
13258	105,85	14,5	94,79	8,8	191	149
13259	59,51	20,27	53,62	26,26	235	149
13271	2,0	18,18	4,0	31,10	166	149
13272	72,57	9,5	70,60	21,11	152	149
13274	62,51	3,0	43,33	0,0	577	149
13275	3,7	0,0	7,0	1,0	185	149
13282	62,53	22,22	67,67	19,30	152	149
13283	1,0	0,0	2,3	1,0	152	149
13286	29,27	283,249	27,20	263,193	191	149
13287	29,14	283,249	15,11	263,193	224	149
13288	15,8	15,21	10,6	22,15	182	149
13289	0,3	285,240	0,0	434,330	249	149
13308	14,24	2,0	14,4	0,0	853	149
13309	14,25	2,0	14,4	0,0	1073	149
13317	11,9	10,16	2,1	3,2	152	149
13319	2,2	6,6	3,1	3,1	224	149
13321	3,7	72,63	4,5	131,93	231	149
13322	52,27	0,3	12,12	0,0	178	149
13328	7,3	4,4	10,9	6,2	157	149
13329	6,11	0,0	3,6	4,0	152	149
13331	2,5	1,1	2,2	1,0	152	149
13332	1,3	0,1	1,4	2,0	152	149
13334	9,9	202,170	9,3	470,321	291	149
13339	57,45	5,2	101,72	6,2	162	149
13340	60,57	4,3	111,80	3,0	169	149
13341	8,14	4,3	16,10	3,0	156	149
13343	5,4	9,4	1,0	2,5	236	149
13344	3,1	9,4	1,0	2,5	171	149
13352	145,187	1,3	196,127	7,0	298	149
13354	8,4	0,0	11,9	0,2	428	149
13355	374,245	12,4	430,293	9,10	273	149
13357	1,0	0,0	0,0	0,2	152	149
13359	4,3	0,0	1,0	0,1	197	149
13362	3,0	2,0	1,1	0,0	208	149
13363	1,6	14,9	0,0	8,5	198	149
13364	2,5	14,9	0,0	8,5	201	149
13368	55,29	48,27	43,22	47,38	186	149
13369	12,12	2,1	12,9	0,2	186	149
13370	0,1	22,18	0,0	41,25	162	149
13377	86,57	13,19	35,29	19,12	3221	149
13378	50,42	13,19	30,23	19,12	2723	149
13380	7,2	1,0	1,0	6,0	164	149
13381	5,6	136,107	5,3	143,118	165	149
13383	663,582	7,0	743,635	1,4	324	149
13384	109,111	0,4	68,54	0,1	324	149
13386	3028,2453	1,0	4918,3909	0,0	1480	149
13387	795,718	1,1	417,321	0,0	3039	149
13388	2393,1885	1,0	2927,2114	0,2	3039	149
13389	143,126	3,0	72,54	0,0	537	149
13390	752,676	1127,802	399,312	1884,1387	2765	149
13391	612,550	1127,802	327,258	1884,1387	2377	149
13392	0,0	1,0	0,2	0,0	265	149
13393	7,5	0,1	1,0	0,0	242	149
13399	2,3	1,0	0,2	0,0	231	149
13400	59,53	23,9	111,94	42,28	200	149
13401	44,44	23,9	83,72	42,28	203	149
13402	21,26	36,35	44,39	72,61	152	149
13403	13,4	4,4	17,11	2,0	284	149
13405	2,0	0,0	0,0	1,0	152	149
13407	0,0	1,2	1,0	0,0	236	149
13408	15,14	0,1	8,5	0,0	153	149
13409	9,5	5,1	7,3	0,2	153	149
13410	359,399	109,85	468,412	113,147	153	149
13412	0,1	0,0	1,0	2,0	181	149
13413	0,2	75,88	0,0	68,61	181	149
13414	3,3	9,3	1,1	10,9	185	149
13415	78,89	9,3	69,62	10,9	153	149
13416	27,32	0,3	12,23	0,2	485	149
13418	93,90	0,0	40,20	0,1	679	149
13419	10,14	1,2	1,5	0,0	224	149
13420	28,32	62,51	20,26	79,36	152	149
13421	198,210	1,2	287,279	0,0	250	149
13422	1,3	192,130	1,1	286,171	284	149
13426	21,44	0,1	22,10	0,0	244	149
13429	93,113	19,9	95,48	4,10	209	149
13430	51,41	10,13	45,30	12,10	152	149
13433	23,37	0,2	24,19	1,0	210	149
13436	0,0	0,2	2,2	4,4	169	149
13438	0,0	13,6	0,1	23,16	172	149
13439	1,3	0,1	9,8	0,1	202	149
13440	14,9	0,1	32,23	0,1	179	149
13445	2,2	0,0	1,0	1,1	153	149
13453	136,126	1,2	149,130	1,1	156	149
13455	236,186	17,9	374,288	3,0	181	149
13456	649,562	10,5	964,691	0,2	251	149
13457	430,385	10,5	593,403	0,2	219	149
13458	103,72	3,4	69,73	0,0	387	149
13460	6,3	70,59	3,3	99,62	178	149
13461	29,24	1,2	26,32	0,0	276	149
13462	35,25	16,17	26,31	7,9	276	149
13463	30,25	0,3	24,30	0,0	276	149
13470	0,1	54,41	0,2	101,85	277	149
13471	3,1	2,2	23,8	0,4	171	149
13472	79,61	0,1	185,128	0,0	171	149
13473	1075,924	34,22	990,755	36,25	258	149
13474	1104,941	2951,2178	1011,765	3283,2365	258	149
13475	2482,2058	2951,2178	2307,1789	3283,2365	519	149
13476	6935,6031	2951,2178	6997,5304	3283,2365	1267	149
13477	1410,1139	32,22	1318,1038	22,14	410	149
13478	5863,5112	32,22	6008,4553	22,14	1158	149
13479	4466,3979	8,4	4696,3524	6,5	897	149
13480	1073,919	2,3	989,751	0,0	258	149
13481	10767,8989	2,3	11003,8183	0,0	1445	149
13482	9695,8070	1,0	10014,7432	0,0	1336	149
13483	3736,2839	10,8	5473,3869	0,0	475	149
13484	18,13	2898,2278	11,13	4384,2727	187	149
13485	147,134	1,2	127,43	0,0	152	149
13486	1,2	196,156	0,0	120,54	152	149
13487	430,567	0,0	155,68	1,0	1360	149
13488	1,8	49,73	4,0	39,70	239	149
13489	3,4	2,4	2,0	1,0	239	149
13491	1210,1193	0,2	895,647	0,0	155	149
13492	128,128	1821,1765	90,60	1401,1013	152	149
13494	36,30	0,5	17,2	0,0	152	149
13495	33,25	6,6	17,2	0,0	152	149
13496	4137,3495	3,3	3274,2429	0,0	3105	149
13497	4168,3518	4,4	3291,2431	2,1	3108	149
13498	34,26	4,4	17,2	2,1	152	149
13499	201,126	169,158	176,99	163,138	152	149
13500	31,24	3,0	17,2	0,0	152	149
13501	1292,999	2,0	1088,900	0,0	161	149
13502	13,17	10,14	9,7	6,1	152	149
13504	0,0	0,1	2,0	0,0	152	149
13508	0,0	1,0	1,0	0,0	224	149
13509	73,32	1,0	84,56	0,0	772	149
13511	3273,2787	2,1	4893,3714	0,1	531	149
13513	654,625	48,44	828,602	37,40	350	149
13516	69,66	1663,1505	40,28	1653,1283	236	149
13518	139,117	10,4	107,76	0,9	154	149
13519	1,2	69,90	2,0	45,27	173	149
13520	130,171	16,9	70,54	3,2	220	149
13521	201,274	2,10	115,84	0,2	310	149
13522	44,43	2,3	43,34	3,1	520	149
13529	8,6	0,2	16,12	3,0	493	149
13532	126,113	96,76	193,121	116,84	152	149
13533	236,245	5,4	271,198	1,4	179	149
13534	787,764	11,10	994,570	0,2	800	149
13535	57,63	114,120	56,48	100,72	152	149
13536	144,146	0,3	118,82	0,0	619	149
13537	19,26	382,412	22,13	354,305	173	149
13540	20253,16717	2,0	44903,31848	0,0	385	149
13542	0,1	14,7	0,0	16,7	187	149
13545	3,4	2,0	2,3	1,1	152	149
13546	90,55	44,41	94,76	75,40	152	149
13549	14,16	3,0	20,19	2,0	153	149
13551	21,13	0,2	20,18	0,0	259	149
13554	2,9	2,0	2,0	0,4	214	149
13556	2,9	2,0	2,0	0,4	207	149
13557	206,441	2,0	222,129	0,4	156	149
13559	450,339	1,0	412,328	0,0	249	149
13560	141,128	33,36	153,108	15,23	215	149
13561	70,67	5,3	64,40	3,0	215	149
13564	0,0	2,2	1,4	0,0	154	149
13566	0,0	1,2	0,1	7,2	166	149
13567	3,10	0,3	6,9	0,1	324	149
13569	318,368	0,0	455,282	1,0	251	149
13570	191,174	117,133	183,99	101,78	461	149
13578	1,1	3,0	1,0	1,3	194	149
13579	113,85	0,1	154,122	4,4	161	149
13580	64,47	0,0	109,93	3,0	152	149
13581	204,143	678,508	218,154	816,637	224	149
13586	254,271	8,12	202,118	9,2	1710	149
13587	79,162	0,0	58,46	2,0	1710	149
13588	12,10	16,17	14,4	28,12	212	149
13589	20,19	5,9	14,12	13,9	173	149
13590	3,1	79,75	0,0	98,62	166	149
13591	252,194	9,6	444,358	5,11	551	149
13592	2,0	0,2	2,0	2,0	155	149
13593	5,12	10,10	3,4	13,5	318	149
13594	5,11	2,0	3,4	0,0	318	149
13596	85,43	1,0	78,46	2,2	233	149
13597	106,72	51,51	114,68	75,63	308	149
13598	22,29	51,51	38,24	75,63	224	149
13599	110,111	2,0	143,69	0,0	155	149
13600	1,0	0,1	3,0	1,1	184	149
13606	3,7	21,33	6,5	35,18	819	149
13607	201,132	1,1	193,151	2,1	186	149
13612	3,1	0,3	3,0	0,0	152	149
13613	7,7	4,0	0,5	1,2	196	149
13614	25,22	4,0	28,13	1,2	493	149
13615	22,17	4,2	28,11	0,3	446	149
13616	110,106	3,0	153,123	3,0	162	149
13617	24,19	3,0	30,24	3,0	596	149
13618	12,4	98,91	16,16	139,115	583	149
13620	2117,1881	9,6	2025,1430	1,1	836	149
13621	3112,2930	10,3	2586,2104	1,0	169	149
13622	1040,923	10,3	894,661	1,0	293	149
13623	516,460	2588,2467	320,232	2012,1675	273	149
13625	67,66	3,0	108,102	3,0	159	149
13626	541,583	0,0	560,415	1,0	413	149
13627	1463,1221	0,4	2470,1826	0,0	1000	149
13628	1550,1447	0,3	3149,2181	4,1	205	149
13629	1569,1380	13,9	2758,2098	24,19	212	149
13635	2170,2093	2,1	2638,1928	0,0	2166	149
13636	610,676	35,48	530,404	28,41	739	149
13637	339,277	0,1	466,327	0,0	184	149
13645	122,95	4,4	228,144	0,1	152	149
13646	176,139	3,5	267,161	6,2	152	149
13647	200,148	4,8	258,190	19,6	152	149
13648	79,74	3,0	135,68	7,8	152	149
13650	9,7	220,200	18,10	307,204	152	149
13651	0,1	27,36	0,0	20,7	183	149
13652	0,2	49,49	0,0	83,84	320	149
13653	43,23	1,0	38,31	0,0	197	149
13657	48,47	38,41	103,84	116,71	260	149
13658	35,40	13,19	55,47	10,7	161	149
13659	22,18	15,12	54,29	44,29	152	149
13660	242,170	0,0	279,159	0,1	211	149
13669	101,107	0,1	153,84	1,0	169	149
13670	45,23	1,0	90,66	1,0	153	149
13672	13,13	0,0	15,5	2,0	153	149
13673	75,56	4,1	86,61	1,0	153	149
13674	3,6	108,111	2,2	98,82	178	149
13675	279,313	1,4	508,382	1,0	1589	149
13677	148,116	1,0	239,134	0,0	1848	149
13678	149,137	2,6	165,112	0,4	4258	149
13680	0,0	1,0	0,1	0,0	164	149
13681	9,7	4,9	11,2	5,4	208	149
13682	5,9	7,3	10,4	11,3	208	149
13683	0,2	4,0	2,0	2,0	159	149
13684	9,8	14,16	11,8	14,12	208	149
13685	2,2	2,2	1,0	4,0	159	149
13686	52,53	798,728	114,109	1549,1158	179	149
13688	7,9	340,335	3,4	453,329	169	149
13689	12,1	12,7	4,3	1,3	169	149
13690	13,1	394,305	4,3	548,392	169	149
13691	356,278	0,1	465,334	3,0	222	149
13692	2,19	0,0	9,4	0,1	154	149
13695	13,12	2,3	12,8	2,1	222	149
13698	50,45	1,5	51,22	3,0	159	149
13699	86,104	0,3	52,26	3,0	272	149
13712	59,73	1,0	31,23	0,0	179	149
13713	10,25	0,1	7,10	0,0	179	149
13714	385,373	4,1	494,331	0,0	500	149
13715	16,5	19,15	8,5	14,8	293	149
13720	2,1	0,2	2,1	0,2	178	149
13721	5,3	120,58	4,4	138,84	178	149
13722	7,8	17,5	1,4	7,2	171	149
13733	33,34	6,3	36,23	8,2	152	149
13734	170,148	38,38	179,115	36,37	152	149
13735	33,29	1,0	32,26	0,0	152	149
13741	148,128	48,40	171,95	77,60	209	149
13742	8,6	223,148	11,3	291,192	197	149
13744	1252,1005	0,0	1996,1332	0,1	155	149
13745	18,9	1617,1377	24,21	2562,2006	165	149
13746	83,40	1234,969	76,41	1787,1395	397	149
13747	595,510	0,0	407,310	1,0	1030	149
13748	1271,1007	1,1	1820,1417	2,0	153	149
13749	1761,1444	0,0	2131,1672	1,0	782	149
13750	1530,1382	0,0	1905,1597	1,0	158	149
13751	4,3	306,326	2,2	496,343	187	149
13752	22,12	863,701	21,17	1245,960	160	149
13753	7,8	721,605	15,9	1062,802	179	149
13755	653,531	66,48	618,487	49,44	152	149
13756	1934,1607	2,2	1965,1441	1,6	155	149
13758	21,20	609,425	10,13	930,653	167	149
13759	703,567	5,6	993,718	0,0	823	149
13760	567,478	0,1	952,657	0,0	153	149
13765	0,2	27,16	2,0	33,13	1162	149
13766	1,0	0,0	0,0	2,0	178	149
13768	94,89	1,0	103,68	0,0	251	149
13770	5,1	0,4	1,0	2,1	234	149
13801	146,113	16,10	169,131	1,2	605	149
13802	725,674	1,0	766,518	1,3	298	149
13803	7,5	12,19	8,1	9,7	170	149
13804	1612,1330	1,2	1802,1393	7,1	845	149
13805	2328,2132	53,64	1952,1517	20,19	2530	149
13806	16,9	1339,1208	7,8	1318,978	176	149
13807	989,926	3,14	634,539	0,0	2530	149
13808	2747,2313	0,2	2281,1869	0,0	1118	149
13809	1726,1488	2,0	1742,1314	0,1	156	149
13810	1849,1495	14,16	2255,1565	4,5	189	149
13811	4,6	1306,1248	3,3	1541,1030	165	149
13812	29,27	1626,1452	15,5	1844,1191	220	149
13813	16,24	71,47	13,5	33,19	220	149
13814	1998,1851	3,2	2064,1588	5,0	233	149
13815	1,0	24,16	1,0	21,8	310	149
13817	7,8	2,1	6,4	2,1	152	149
13818	23,9	5,1	18,10	2,2	152	149
13821	2,0	2,4	2,0	6,6	620	149
13822	0,1	1,3	0,0	7,2	152	149
13823	0,0	12,4	2,0	9,10	342	149
13832	6,8	10,6	2,0	0,4	183	149
13833	38,23	612,449	2,3	92,71	183	149
13834	75,64	0,1	121,77	0,0	196	149
13835	303,292	7,9	448,350	4,10	221	149
13836	3,0	100,81	2,2	92,101	177	149
13837	146,127	0,2	227,158	0,2	167	149
13840	440,518	5,1	372,196	2,0	2008	149
13841	35,28	0,0	41,27	1,0	153	149
13842	11,7	15,7	9,13	30,11	203	149
13843	108,70	5,3	119,76	1,0	1380	149
13844	213,184	1,3	255,181	1,0	1644	149
13846	195,187	7,9	295,247	6,6	155	149
13847	105,80	3,3	101,74	3,2	155	149
13848	200,173	8,3	302,204	0,1	168	149
13849	60,46	1,0	70,36	0,0	2220	149
13850	536,460	9,2	565,421	4,1	219	149
13851	220,175	171,155	251,143	268,184	2220	149
13852	30,16	132,116	29,16	164,99	782	149
13853	448,337	0,0	656,469	1,0	192	149
13863	0,0	12,17	1,1	47,22	190	149
13864	244,228	1,2	326,316	0,4	1424	149
13865	0,4	133,111	1,8	173,142	164	149
13868	527,514	4,4	975,671	3,2	154	149
13869	16,16	424,418	26,10	839,589	197	149
13870	14,14	0,2	20,6	1,0	197	149
13871	13,16	1,1	19,8	0,0	197	149
13872	0,1	743,660	2,3	1501,1083	176	149
13873	318,261	1395,1154	449,270	1750,1181	293	149
13876	48,80	1,5	94,66	1,0	308	149
13878	1,1	8,8	0,2	1,2	303	149
13879	1,1	41,30	0,4	19,15	303	149
13880	1,1	1,2	0,2	0,0	167	149
13881	1,0	0,0	0,0	6,4	165	149
13882	2,2	74,92	2,0	155,135	185	149
13883	1,2	74,92	8,4	155,135	169	149
13886	179,159	1,0	320,221	3,6	221	149
13887	205,176	4,4	364,253	3,4	245	149
13888	140,126	0,2	218,158	0,0	724	149
13889	27,17	4,4	47,38	3,4	173	149
13890	4,5	148,119	8,3	298,180	185	149
13891	206,148	0,3	369,260	3,2	214	149
13897	446,409	1,1	599,480	3,0	196	149
13898	762,732	0,3	714,525	1,0	465	149
13899	34,18	3,2	37,18	2,0	153	149
13900	68,78	0,0	63,44	2,1	153	149
13901	6,2	2,0	7,1	3,1	165	149
13902	23,14	49,60	19,7	76,44	181	149
13903	19,12	49,60	15,7	76,44	165	149
13904	7,4	0,1	1,3	3,6	168	149
13905	13,7	77,73	12,11	194,114	168	149
13906	20,21	3,5	28,22	5,3	181	149
13907	84,87	3,5	210,125	5,3	162	149
13909	21,12	383,311	28,27	759,509	175	149
13910	293,251	13,1	467,325	11,8	155	149
13911	98,103	311,269	59,43	631,500	1503	149
13918	0,1	38,45	0,0	36,14	182	149
13919	0,5	1,4	1,4	9,1	393	149
13921	32,15	2,0	30,38	0,0	195	149
13922	0,1	106,77	0,0	145,89	168	149
13923	30,14	28,11	30,38	26,27	214	149
13925	23,43	211,157	24,16	294,211	1691	149
13926	5,3	265,216	0,2	399,277	175	149
13927	107,72	116,82	100,60	155,61	548	149
13931	19,15	52,43	30,17	66,54	184	149
13932	99,85	4,4	98,68	2,4	337	149
13933	49,48	0,1	50,30	0,0	187	149
13934	113,114	0,0	116,123	1,2	219	149
13935	30,22	2,0	38,36	0,0	237	149
13936	58,46	5,5	75,48	0,2	237	149
13937	1,1	20,10	0,0	27,23	340	149
13938	118,84	27,25	89,76	15,19	152	149
13939	113,73	6,2	100,72	0,4	185	149
13940	95,71	2,1	59,56	6,1	152	149
13941	22,23	136,195	19,14	236,206	265	149
13942	20,24	5,4	13,14	1,0	265	149
13943	200,231	5,4	206,200	1,0	756	149
13944	180,210	0,3	193,186	0,0	640	149
13947	34,24	109,82	30,24	202,143	2476	149
13949	847,930	19,17	1290,662	34,18	248	149
13950	322,408	2,5	481,256	0,0	248	149
13954	786,590	17,9	1150,795	21,8	191	149
13955	222,172	3,4	270,201	2,2	191	149
13956	217,168	1,0	272,197	0,0	191	149
13959	97,61	0,0	65,46	4,0	3226	149
13960	147,171	1,0	184,112	0,1	3226	149
13970	11,34	1,0	16,14	0,0	174	149
13971	309,218	2,0	358,251	0,2	200	149
13972	7,0	1,0	2,5	0,0	253	149
13979	4,0	78,72	1,2	132,76	196	149
13982	3,4	0,2	1,0	0,0	1863	149
13986	2,0	48,43	0,1	53,30	167	149
13990	14,11	1312,1132	22,16	1860,1211	296	149
13991	2088,1960	1,0	3277,2174	1,1	248	149
13992	1,8	1697,1449	2,2	2417,1656	224	149
13993	64,61	0,2	39,36	1,0	243	149
13994	465,436	0,0	348,297	2,2	1106	149
14001	11,9	217,132	21,13	509,331	195	149
14002	14,11	212,165	37,27	587,391	152	149
14003	6,6	6,15	15,5	24,15	210	149
14004	7,11	131,160	11,2	306,164	203	149
14005	13,10	180,189	32,27	321,156	169	149
14007	139,124	69,79	189,102	102,40	181	149
14008	141,125	3,0	189,102	2,0	184	149
14009	71,80	3,0	102,40	2,0	152	149
14013	5,5	0,2	11,2	0,0	226	149
14014	4,0	1,3	1,1	3,5	193	149
14016	3,2	61,67	1,1	102,91	188	149
14017	44,41	4,1	81,36	3,1	325	149
14020	6,3	59,75	3,3	39,25	208	149
14021	8,3	0,1	4,3	0,0	212	149
14022	61,75	0,1	40,25	0,0	153	149
14023	52,41	0,0	44,38	0,2	184	149
14024	71,56	0,0	97,50	0,2	218	149
14025	74,54	1,0	102,49	0,0	218	149
14026	211,182	1,6	282,168	3,3	218	149
14027	46,56	4,6	50,69	4,3	152	149
14028	5,5	2,6	9,6	2,0	152	149
14029	15,13	75,82	23,16	97,92	152	149
14030	64,52	683,665	81,72	723,735	226	149
14033	50,61	76,54	61,50	68,59	270	149
14042	10,10	0,4	8,6	0,0	1433	149
14043	435,444	1,2	755,577	1,0	185	149
14045	55,49	1,0	34,22	0,2	1031	149
14047	13,15	0,1	19,8	1,0	170	149
14048	51,34	7,5	58,39	8,5	170	149
14049	13,19	9,10	26,19	39,21	318	149
14050	8,14	4,4	20,11	1,1	318	149
14051	37,32	0,1	101,75	1,4	154	149
14053	80,72	0,0	155,110	2,0	153	149
14054	9,9	6,0	5,21	0,3	152	149
14057	0,2	21,25	0,0	14,13	242	149
14058	60,52	60,31	80,27	49,42	924	149
14059	582,488	1,3	721,515	0,0	690	149
14060	32,30	2,0	41,25	0,0	208	149
14062	12,11	70,45	9,9	116,91	1017	149
14063	189,170	1,5	132,86	0,2	399	149
14064	25,21	54,56	21,20	43,45	169	149
14065	54,41	5,1	46,27	0,2	242	149
14066	83,76	5,1	68,52	0,2	222	149
14069	140,148	8,7	311,208	8,7	192	149
14070	45,42	5,4	81,61	11,7	192	149
14073	269,222	1,0	202,138	0,1	221	149
14074	7,0	233,170	9,3	264,190	251	149
14077	186,166	5,5	244,163	11,2	157	149
14078	50,29	89,75	58,25	139,104	152	149
14079	18,6	0,2	6,7	0,0	221	149
14084	2,0	1,8	0,0	3,0	180	149
14085	1,0	1,8	1,0	3,0	204	149
14086	0,0	1,0	1,0	0,0	173	149
14090	12,12	9,10	4,13	6,2	152	149
14091	1,0	2,5	0,0	0,4	152	149
14092	0,2	0,0	0,0	2,0	152	149
14093	69,97	11,15	112,63	21,16	306	149
14094	704,546	4,0	746,589	0,0	153	149
14095	824,634	2,0	982,775	0,0	151	149
14096	2,0	944,732	0,0	1374,895	178	149
14100	847,594	1,0	1261,851	3,4	156	149
14103	708,558	1,2	915,659	6,3	152	149
14106	0,2	13,18	1,0	18,2	191	149
14107	5,0	9,3	0,1	18,9	222	149
14108	9,18	27,45	9,5	18,8	197	149
14109	12,10	29,37	9,10	28,22	197	149
14110	96,46	49,39	71,60	68,50	387	149
14111	12,4	49,39	13,4	68,50	188	149
14113	122,102	0,1	133,76	0,0	557	149
14114	61,66	46,57	68,50	44,27	622	149
14115	37,62	4,7	34,29	7,4	294	149
14116	24,32	4,6	25,10	7,2	250	149
14117	146,117	12,13	138,80	8,17	579	149
14118	3,2	27,24	4,2	35,22	171	149
14121	4,5	4,2	5,10	3,1	168	149
14122	14,15	0,0	17,9	2,0	183	149
14123	18,20	0,0	22,19	2,0	204	149
14124	15,21	1,0	12,24	2,0	170	149
14125	3,9	8,10	6,11	9,8	177	149
14126	4,2	137,141	0,1	135,103	167	149
14127	170,124	3,4	157,124	11,9	183	149
14128	19,10	8,4	16,14	26,11	170	149
14129	16,5	0,0	10,3	1,0	172	149
14130	178,169	2,0	280,201	0,0	279	149
14139	4,3	2,2	2,4	0,0	152	149
14140	3016,2651	81,69	3213,2280	18,21	516	149
14142	86,57	218,182	166,120	453,310	161	149
14143	2,3	0,2	1,1	4,1	163	149
14144	85,62	0,0	74,23	1,0	912	149
14145	0,3	0,0	2,1	9,0	163	149
14146	18,9	60,29	25,6	107,55	152	149
14147	56,41	3,3	66,50	3,3	208	149
14148	7,0	13,5	2,2	16,15	152	149
14149	115,96	3,0	174,149	2,2	152	149
14152	0,2	0,6	1,0	2,0	152	149
14155	1,2	2,1	4,0	0,2	227	149
14156	48,74	83,59	57,47	99,67	152	149
14158	54,74	5,8	75,44	6,7	153	149
14159	113,124	1,2	97,83	4,1	208	149
14160	8,6	111,118	2,2	118,62	190	149
14161	79,51	867,722	17,20	1337,939	827	149
14163	3,4	887,654	19,10	1356,974	153	149
14164	1353,1146	0,1	2101,1567	0,0	1461	149
14165	106,73	0,1	75,57	0,0	829	149
14167	2337,1793	12,4	3761,2759	0,0	829	149
14168	32,24	1344,1083	38,36	2480,1840	232	149
14169	1873,1634	2,5	3116,2426	0,0	760	149
14170	1873,1630	2,2	3151,2457	0,0	976	149
14171	74,47	1,0	33,37	0,0	755	149
14172	2472,2021	5,2	4356,3160	0,0	755	149
14173	2693,2236	1,0	4647,3346	0,0	1480	149
14174	227,217	1,0	291,187	0,0	874	149
14179	2625,2284	9,7	3846,2796	1,0	1320	149
14180	14,33	3,1	20,21	6,6	318	149
14184	1,0	3,0	0,0	1,0	153	149
14188	9,3	52,46	5,1	41,27	209	149
14190	0,1	14,10	2,2	9,10	284	149
14194	62,71	2,0	72,55	0,0	1086	149
14198	18,13	25,16	21,29	39,18	2667	149
14199	174,158	0,5	300,218	4,0	1921	149
14200	200,183	13,6	344,257	10,6	2160	149
14201	26,30	13,6	48,39	10,6	388	149
14202	366,321	4,4	379,223	3,4	970	149
14203	531,569	1,2	672,447	0,2	564	149
14204	47,37	33,17	35,36	30,42	152	149
14207	5,7	30,39	0,5	59,25	294	149
14220	6,7	1,0	40,15	0,0	265	149
14223	2,8	6,5	0,0	8,3	430	149
14225	147,104	1,0	152,98	4,0	152	149
14226	8,2	3,4	5,0	1,1	162	149
14229	18,15	174,139	19,13	309,259	168	149
14230	0,1	14,13	1,2	12,5	184	149
14231	4,3	174,139	8,10	309,259	203	149
14233	3,4	77,61	6,5	34,30	172	149
14234	117,106	1,0	106,77	0,0	485	149
14235	55,78	37,36	98,73	14,11	213	149
14236	38,46	37,36	53,32	14,11	216	149
14237	30,53	37,36	45,29	14,11	246	149
14238	28,49	37,36	43,27	14,11	255	149
14239	28,50	37,36	43,28	14,11	269	149
14240	15,7	32,39	15,7	60,48	152	149
14241	7,14	32,39	7,4	60,48	182	149
14242	5,10	32,39	5,2	60,48	191	149
14243	5,11	32,39	5,3	60,48	205	149
14244	7,11	15,4	5,4	13,7	179	149
14245	5,7	15,4	3,2	13,7	188	149
14246	5,8	15,4	3,3	13,7	202	149
14247	0,0	2,4	1,0	3,2	158	149
14248	0,1	2,4	1,1	3,2	172	149
14250	13,16	176,144	24,14	268,160	195	149
14251	94,44	75,51	144,75	157,79	158	149
14253	4,0	0,0	0,0	3,0	249	149
14265	1,0	9,8	0,0	11,7	1001	149
14275	1,0	0,0	0,0	2,0	334	149
14278	0,0	601,493	4,1	1116,802	168	149
14280	47,25	222,145	4,0	10,7	797	149
14282	0,0	17,15	1,0	31,16	269	149
14283	1,1	4,2	1,0	2,0	274	149
14284	5,2	0,2	3,1	0,0	306	149
14285	18,16	4,2	31,16	2,0	154	149
14286	22,17	0,2	33,17	0,0	186	149
14287	8,3	0,2	4,1	0,0	181	149
14288	1,0	0,0	0,1	1,0	152	149
14289	12,10	3,2	26,12	2,3	152	149
14290	20,13	122,82	2,0	205,146	166	149
14291	2,2	12,7	0,0	2,1	169	149
14292	8,2	92,79	0,2	137,99	169	149
14295	820,701	203,180	562,357	103,74	376	149
14297	631,570	2,2	1025,791	3,2	209	149
14298	30,15	78,87	22,20	124,77	153	149
14299	2,1	78,87	1,0	124,77	188	149
14300	2,1	30,15	1,0	22,20	184	149
14301	51,79	1,0	93,73	0,0	158	149
14302	17,16	810,675	21,21	1443,1039	173	149
14303	64,82	0,1	110,91	2,4	182	149
14304	857,741	0,1	1532,1109	2,4	158	149
14305	14,8	1004,719	23,13	1607,1236	190	149
14306	1092,801	1,0	1665,1291	0,0	353	149
14307	45,40	1024,781	44,28	1511,1161	225	149
14311	49,50	1,1	56,50	0,0	190	149
14313	84,53	10,9	80,58	16,12	193	149
14322	4,2	0,1	9,4	0,0	153	149
14323	2,0	0,0	0,2	2,0	293	149
14324	8,9	2,2	6,2	0,0	917	149
14326	1,0	0,0	0,0	1,2	160	149
14327	11,9	0,0	28,14	0,2	173	149
14330	16,21	47,29	20,14	46,28	152	149
14331	78,69	14,13	72,51	2,4	185	149
14332	6,2	8,1	1,0	4,4	170	149
14336	7,9	291,241	10,8	415,326	152	149
14337	3,0	184,159	4,0	150,119	178	149
14345	660,550	8,6	534,340	0,0	322	149
14347	448,404	6,7	482,363	6,5	1644	149
14348	0,1	22,20	0,0	21,8	165	149
14350	12,7	4,4	6,3	9,8	153	149
14354	132,160	15,18	223,203	16,9	162	149
14356	775,602	50,40	681,534	41,33	152	149
14357	73,42	0,2	53,39	0,0	152	149
14358	235,186	966,739	50,25	823,605	300	149
14359	442,392	5,0	312,214	4,4	167	149
14360	819,725	16,23	693,464	7,10	167	149
14361	17,14	279,208	7,14	194,146	170	149
14366	116,122	3,2	115,69	4,2	236	149
14368	3,2	103,82	5,2	203,151	207	149
14369	95,95	2,0	172,148	0,1	227	149
14370	150,135	2,0	283,225	5,2	227	149
14371	3,2	95,103	0,2	187,127	178	149
14372	164,160	0,0	218,150	1,0	381	149
14373	3,0	3,3	5,2	0,0	152	149
14374	50,81	3,3	90,58	0,0	218	149
14375	48,81	1,0	90,57	5,1	215	149
14376	0,3	70,78	4,2	128,77	164	149
14377	96,98	1,0	133,64	0,0	219	149
14378	8,10	0,1	7,3	0,0	239	149
14379	61,51	0,1	85,81	0,0	242	149
14380	57,41	4,0	82,79	4,1	152	149
14381	28,34	3,0	43,16	2,3	170	149
14384	8,1	2,1	10,2	0,0	152	149
14385	5,2	13,14	3,2	21,13	152	149
14386	9,2	7,7	4,4	10,7	226	149
14388	2,7	0,1	1,1	0,0	154	149
14389	90,67	17,23	58,60	31,14	154	149
14390	416,305	60,38	543,416	12,19	175	149
14392	197,186	16,14	295,251	20,11	250	149
14393	9,6	2,3	2,2	2,0	638	149
14394	1,0	2,2	0,0	3,5	195	149
14400	13,15	75,64	5,2	55,31	259	149
14401	6,2	52,75	4,1	55,16	180	149
14404	22,18	285,240	9,3	367,203	266	149
14405	439,365	1,1	516,389	0,0	496	149
14406	19,14	0,2	5,5	0,0	186	149
14407	258,276	3,2	502,357	0,4	223	149
14408	22,10	125,138	21,10	216,163	453	149
14409	4,0	715,610	1,2	839,712	208	149
14411	2,0	36,35	2,0	43,21	214	149
14412	1489,1203	1,0	1398,1138	0,0	1228	149
14414	0,0	1480,1226	2,0	1305,1043	169	149
14415	580,477	75,79	577,387	55,21	357	149
14421	463,390	2,5	420,386	1,5	448	149
14422	30,23	117,118	29,33	181,131	241	149
14423	25,16	17,20	15,10	10,1	195	149
14424	12,7	113,113	20,14	148,111	207	149
14425	196,162	1,0	252,151	0,0	225	149
14426	36,34	0,0	31,23	4,0	291	149
14427	14,5	34,33	5,3	27,23	215	149
14428	171,140	0,1	223,149	0,0	321	149
14430	131,115	2,4	208,136	7,2	153	149
14431	260,257	21,29	258,212	14,13	213	149
14433	25,41	1,0	6,5	0,0	153	149
14434	1,4	145,194	0,0	253,199	166	149
14435	2,4	4,9	1,0	3,5	292	149
14439	136,140	3,4	162,97	1,0	180	149
14440	105,88	37,28	114,77	56,27	152	149
14441	152,179	1,1	282,180	0,0	705	149
14445	1,0	35,25	0,0	34,27	183	149
14447	41,30	0,1	53,31	1,0	160	149
14448	48,36	0,1	63,37	0,0	187	149
14449	7,7	0,1	11,6	0,0	176	149
14450	2,2	8,17	2,0	4,7	746	149
14451	4,6	1,0	4,0	0,2	746	149
14452	101,60	23,22	120,91	28,19	155	149
14453	9,9	1,3	4,5	0,0	176	149
14456	24,39	235,234	29,20	179,127	152	149
14457	103,97	1,0	115,113	1,0	215	149
14469	19,43	2,0	29,29	0,0	155	149
14470	17,13	6,1	20,11	3,4	219	149
14471	545,437	2,0	545,415	0,0	232	149
14472	143,97	79,88	156,116	104,79	200	149
14473	52,32	0,0	54,37	1,0	200	149
14474	30,30	0,1	40,27	0,0	192	149
14475	438,361	3,0	439,331	0,2	1493	149
14476	236,236	2,0	570,409	1,0	194	149
14486	12,5	20,15	2,2	23,29	2180	149
14487	154,141	0,0	402,312	1,0	153	149
14489	41,26	38,16	30,18	39,26	152	149
14498	66,58	2,0	91,70	5,0	281	149
14499	114,99	0,0	142,119	2,0	281	149
14502	2,0	1,0	0,0	1,1	602	149
14503	22,20	0,1	12,8	0,0	282	149
14504	10,11	6,18	19,11	16,18	159	149
14505	105,70	10,3	147,118	9,12	152	149
14506	40,35	1011,806	74,67	1603,1297	191	149
14507	256,247	414,452	248,158	329,284	833	149
14508	54,34	0,0	87,76	1,0	330	149
14515	0,1	35,19	2,3	46,49	185	149
14516	65,45	3,2	30,6	0,0	152	149
14523	137,154	4,7	142,102	1,0	199	149
14524	4,3	216,225	2,2	184,123	168	149
14527	88,105	170,187	137,86	228,115	206	149
14528	14,14	190,135	14,5	211,157	152	149
14529	8,7	261,259	2,6	323,232	186	149
14530	1,0	251,263	1,5	240,254	521	149
14531	7,9	294,238	11,6	382,224	164	149
14533	2,7	0,0	3,0	1,0	252	149
14541	3,4	0,0	2,2	2,0	206	149
14543	31,24	0,2	39,32	6,0	155	149
14544	7,4	71,71	4,5	132,73	167	149
14546	424,330	9,0	679,448	6,1	287	149
14547	382,294	3,4	626,425	2,2	287	149
14556	249,192	21,16	187,162	21,22	152	149
14557	19,52	1,1	9,18	0,1	152	149
14558	119,104	12,16	82,60	6,9	210	149
14559	93,70	41,34	74,60	24,16	307	149
14560	111,92	41,34	82,66	24,16	324	149
14561	19,23	1,1	9,6	1,0	166	149
14562	338,325	210,218	474,317	505,345	456	149
14563	16202,16336	4,2	16053,9992	0,0	924	149
14564	5,0	2,2	4,2	7,4	170	149
14571	58,73	1948,1754	39,26	1476,1040	153	149
14572	65,77	1948,1754	36,32	1476,1040	172	149
14573	40,60	33,56	23,22	26,16	168	149
14574	19,32	0,1	20,12	1,0	153	149
14575	2008,1843	0,1	1515,1079	1,0	171	149
14576	118,162	0,1	78,65	1,0	175	149
14579	604,589	0,1	337,272	3,0	378	149
14580	2950,2609	0,1	2142,1667	3,0	580	149
14581	2642,2318	128,137	1990,1525	58,45	351	149
14582	2022,1792	55,39	1600,1168	27,17	153	149
14583	3766,3118	2,5	2842,2200	2,1	549	149
14584	3122,2577	1,0	2382,1776	0,0	347	149
14586	4646,3939	2,0	3414,2770	0,0	1356	149
14587	479,458	2,0	291,233	0,0	378	149
14588	4338,3648	3,6	3262,2628	12,6	1127	149
14589	3694,3107	0,0	2802,2204	2,0	925	149
14590	3156,2672	22,23	2366,1848	8,4	727	149
14591	16,17	1891,1584	6,8	1414,1014	167	149
14592	3568,2940	1,0	2891,2329	11,2	1127	149
14595	14,17	1121,876	5,8	1043,715	167	149
14597	5815,5118	0,0	4499,3497	1,0	1392	149
14600	34,25	3058,2772	37,24	2393,1671	167	149
14601	93,74	2648,2522	76,68	1952,1364	198	149
14602	106,89	2648,2522	84,74	1952,1364	207	149
14603	13,16	0,1	8,6	0,0	158	149
14604	4215,3947	5,8	2951,2056	10,3	461	149
14605	3789,3552	0,4	2687,1882	1,0	156	149
14606	2852,2784	3,1	1951,1373	0,1	510	149
14607	30,42	2669,2637	46,38	1815,1261	163	149
14608	46,57	2669,2637	32,31	1815,1261	174	149
14609	25,38	9,23	15,15	29,22	160	149
14610	3007,2896	4,19	2194,1554	8,0	739	149
14611	21,19	0,2	17,16	2,3	163	149
14612	3072,2975	0,2	2267,1587	2,3	378	149
14614	567,509	0,1	379,252	0,0	461	149
14615	563,582	3,5	515,366	0,0	739	149
14616	96,87	39,32	79,56	29,22	152	149
14617	108,67	7,7	178,142	2,3	166	149
14618	3,3	181,146	0,1	224,170	162	149
14619	7,2	198,191	4,2	223,177	173	149
14620	12,16	0,0	29,16	4,0	1064	149
14623	208,167	38,44	261,155	72,39	1064	149
14624	190,213	0,1	246,195	2,5	466	149
14628	708,637	29,36	841,572	32,27	212	149
14629	242,227	1,0	344,252	0,0	212	149
14630	36,27	1,0	47,26	0,0	159	149
14635	1,3	6,2	0,3	11,4	1106	149
14636	6,1	0,0	9,5	1,0	170	149
14646	65,49	2,0	99,75	1,0	158	149
14647	7,14	2,0	12,4	0,0	185	149
14648	74,60	0,1	103,62	2,0	185	149
14649	0,0	1,0	0,2	3,0	153	149
14656	5,1	1,2	5,2	1,0	152	149
14658	4,4	9,4	8,2	5,11	152	149
14664	2414,2312	3,3	2850,2036	5,4	159	149
14665	688,800	2,0	637,359	0,0	153	149
14669	20,16	3,3	25,36	8,6	201	149
14670	2,1	18,12	1,3	45,25	367	149
14671	503,466	1,2	685,466	1,3	264	149
14675	0,0	0,1	0,2	0,0	188	149
14679	141,110	3,0	196,154	3,1	209	149
14680	36,30	0,2	62,41	0,0	209	149
14681	225,193	1,0	283,214	2,0	253	149
14687	529,506	55,45	904,672	82,64	191	149
14688	151,165	4,2	292,224	1,0	191	149
14700	0,1	14,5	1,0	5,2	176	149
14701	1,1	3,1	3,1	5,0	179	149
14702	15,5	3,1	7,3	5,0	152	149
14711	16,16	1,1	12,30	0,0	1028	149
14712	63,78	2,1	67,109	3,0	210	149
14713	31,28	19,15	41,42	18,11	178	149
14715	4,0	2,4	3,4	4,0	347	149
14716	2,13	1,3	6,0	0,0	270	149
14719	0,0	0,3	1,0	0,0	152	149
14720	1,1	0,1	0,0	1,1	152	149
14721	3,1	67,76	0,2	90,70	169	149
14722	16,11	1,2	6,4	5,0	165	149
14723	310,243	1,0	333,249	0,0	577	149
14724	5,5	252,171	5,5	354,279	179	149
14726	1531,1703	0,1	1004,633	0,0	158	149
14727	1505,1699	2,0	914,595	0,0	170	149
14728	1,2	1472,1516	2,0	1491,906	266	149
14729	2615,2421	2,2	2528,1920	5,2	155	149
14730	59,45	256,309	38,25	256,109	292	149
14731	9,5	10,6	4,0	8,5	701	149
14733	54,35	0,3	45,33	0,0	1306	149
14736	190,177	372,293	174,122	497,288	152	149
14737	99,83	1994,1679	52,30	1872,1512	165	149
14742	7,8	12,21	9,3	16,9	276	149
14743	95,86	8,4	71,25	4,1	1292	149
14744	90,73	8,4	64,19	4,1	1419	149
14745	92,72	33,32	68,22	36,16	1419	149
14746	134,127	33,32	95,46	36,16	1292	149
14747	9,7	51,62	13,6	40,30	276	149
14748	3,10	11,11	4,1	15,10	153	149
14749	4,8	4,3	1,4	0,2	230	149
14750	4,8	4,3	2,5	0,2	238	149
14753	175,147	12,6	168,114	4,4	232	149
14755	117,115	10,23	104,75	8,11	197	149
14756	559,423	2,0	1360,947	0,0	400	149
14758	8,7	373,290	1,10	785,645	242	149
14762	1,0	0,0	0,0	1,0	180	149
14768	605,605	2,1	867,614	2,2	222	149
14769	24,42	1,5	23,2	0,0	153	149
14770	0,5	62,82	2,0	62,28	336	149
14772	81,59	4,2	74,58	5,0	154	149
14773	585,449	3,5	938,744	4,0	816	149
14774	14,5	238,173	16,11	343,272	215	149
14775	6,3	16,16	0,0	8,9	251	149
14776	113,99	206,187	156,107	318,222	152	149
14777	1,0	257,230	2,1	448,335	169	149
14778	2,6	255,198	5,7	415,342	173	149
14782	323,246	6,4	262,232	4,4	323	149
14783	270,211	1,0	263,226	0,0	1923	149
14784	1,8	101,117	3,4	144,78	167	149
14789	8,4	209,134	1,3	324,209	184	149
14790	305,198	7,0	369,275	5,0	154	149
14791	20,8	7,0	24,8	5,0	172	149
14792	12,4	297,194	17,5	362,272	167	149
14794	375,375	23,11	671,516	36,23	756	149
14795	496,457	3,4	806,594	0,3	514	149
14796	443,407	0,0	818,616	0,2	197	149
14797	0,3	4,10	0,2	10,12	390	149
14799	17,25	919,764	30,18	1887,1347	282	149
14800	1,0	1,0	2,2	1,3	190	149
14805	12,19	9,7	13,13	18,7	152	149
14806	0,0	9,7	1,0	18,7	179	149
14807	0,0	12,19	1,0	13,13	176	149
14808	36,42	2,2	73,30	2,1	161	149
14809	56,40	2,2	54,61	2,1	206	149
14810	50,35	30,37	44,55	63,24	194	149
14813	140,143	1,5	192,147	8,9	152	149
14814	4,6	126,133	16,8	193,131	188	149
14815	29,45	1,3	40,22	5,0	157	149
14827	193,202	2,1	413,340	1,0	518	149
14828	1,1	0,0	4,4	2,0	152	149
14829	7,5	263,213	11,14	349,249	167	149
14830	5,3	14,17	1,3	29,33	167	149
14861	0,2	39,28	1,0	22,14	233	149
14866	15,2	0,1	4,5	0,0	198	149
14868	10,4	15,7	5,2	18,2	737	149
14869	6,5	22,8	17,6	29,25	170	149
14870	7,8	25,11	18,7	17,17	173	149
14871	23,11	25,11	30,26	17,17	152	149
14876	109,78	3,1	68,61	0,0	321	149
14877	31,24	57,37	19,20	24,25	188	149
14878	139,101	130,82	87,81	72,76	360	149
14879	165,114	130,82	92,86	72,76	321	149
14880	21,28	128,118	29,14	117,79	202	149
14884	2,0	1,0	2,0	0,0	164	149
14887	27,40	0,1	25,12	0,0	182	149
14889	852,735	0,1	575,398	0,0	1424	149
14890	11,8	658,568	10,10	885,568	164	149
14902	51,61	2,0	69,50	0,0	276	149
14903	80,86	8,2	106,58	7,4	276	149
14907	214,169	8,9	504,316	5,11	152	149
14910	64,46	19,15	58,53	7,3	197	149
14912	2,6	14,17	7,2	23,14	218	149
14918	18,17	15,18	5,11	10,10	152	149
14919	218,169	0,0	199,110	1,0	175	149
14920	20,32	53,51	23,23	77,60	152	149
14921	7,2	2,2	3,2	0,0	167	149
14922	10,10	0,0	5,8	0,1	208	149
14923	13,17	0,0	5,11	0,1	229	149
14924	15,16	0,1	10,18	0,0	224	149
14925	126,189	0,1	89,60	0,0	871	149
14926	35,42	3,2	26,28	4,2	152	149
14927	187,162	0,3	134,101	2,4	190	149
14928	5,6	0,2	4,3	0,0	152	149
14929	248,264	70,61	221,145	54,47	152	149
14939	155,190	738,774	145,122	644,426	208	149
14940	828,669	1,1	1120,854	2,0	468	149
14941	4,10	11,7	2,1	9,5	153	149
14942	11,14	0,1	5,13	0,0	152	149
14943	156,137	14,7	160,121	9,6	152	149
14944	10,11	998,929	19,24	1877,1431	163	149
14945	1047,969	0,0	1907,1476	4,0	403	149
14946	1231,1112	13,14	2259,1781	2,10	1178	149
14947	1099,999	3,4	1917,1480	4,1	342	149
14948	1144,1049	1,0	1945,1522	0,0	629	149
14949	1,0	10,6	0,0	10,2	153	149
14950	17,17	3,0	13,16	1,1	648	149
14951	17,17	0,2	13,16	0,0	651	149
14952	26,23	3,0	23,18	1,1	644	149
14953	26,23	0,2	23,18	0,0	647	149
14954	3,0	0,2	1,1	0,0	152	149
14958	151,149	0,2	249,159	4,0	157	149
14974	171,214	2,0	300,235	0,2	202	149
14977	517,492	40,37	638,500	31,8	168	149
14985	14,5	0,0	6,12	2,0	953	149
14986	3,0	0,0	2,0	2,0	352	149
14989	94,102	1,0	146,108	0,0	370	149
14999	2,7	86,119	5,7	119,70	174	149
15000	669,533	6,4	751,574	2,0	454	149
15001	668,533	2,4	750,574	0,0	454	149
15002	1504,1167	0,1	1962,1594	0,0	1531	149
15003	668,533	92,76	750,574	41,26	454	149
15004	65,58	667,640	40,44	458,374	169	149
15005	543,421	0,3	614,529	0,0	522	149
15006	411,391	34,36	656,445	51,53	520	149
15008	16,13	1,0	13,12	0,0	236	149
15009	75,58	4,5	62,60	2,1	152	149
15010	19,18	1231,1053	13,6	2331,1547	163	149
15012	127,103	759,689	205,132	1259,989	255	149
15013	28,16	979,1170	4,12	690,530	171	149
15015	4,11	11,8	17,13	11,4	152	149
15019	120,114	5,2	175,129	3,1	673	149
15034	107,87	12,21	105,58	15,9	173	149
15035	29,28	12,21	31,13	15,9	204	149
15036	9,7	87,66	6,4	80,49	180	149
15038	5,2	89,78	10,2	85,42	1148	149
15039	106,92	8,5	178,159	11,11	186	149
15045	135,109	0,0	222,152	4,0	329	149
15046	20,17	3,6	24,17	3,5	152	149
15047	2,1	82,68	1,1	82,90	197	149
15048	2,2	4,3	1,1	4,0	197	149
15049	2,0	14,9	0,1	5,3	163	149
15053	0,1	15,16	0,0	5,5	170	149
15063	11,4	1,0	5,2	1,0	217	149
15064	14,8	1,0	6,2	1,0	270	149
15065	27,28	1,0	13,9	1,0	432	149
15075	64,54	0,2	51,27	0,1	156	149
15077	34,42	2,1	12,14	0,0	838	149
15079	15,27	2,0	1,10	0,0	152	149
15081	0,4	5,2	0,1	0,5	152	149
15082	2,1	5,2	0,0	0,5	162	149
15083	2,1	0,4	0,0	0,1	159	149
15084	0,1	4,4	0,0	3,1	162	149
15085	0,0	4,4	0,1	3,1	152	149
15086	0,1	0,0	0,0	0,1	159	149
15087	0,4	4,4	0,0	3,1	337	149
15088	0,4	0,0	0,0	0,1	334	149
15095	9,2	0,1	5,2	0,0	177	149
15096	36,25	0,1	11,15	0,0	241	149
15097	48,27	0,1	15,15	0,0	255	149
15100	13,2	1,0	4,0	0,0	163	149
15116	105,93	0,3	153,101	0,1	233	149
15117	176,166	0,0	219,195	0,1	396	149
15127	161,149	44,72	241,150	94,60	152	149
15132	16,14	12,4	31,8	10,11	152	149
15141	7,13	1,0	9,8	0,0	153	149
15143	971,889	32,43	2187,1609	84,33	184	149
15144	23,17	33,30	36,33	54,24	300	149
15147	0,0	63,48	0,1	76,39	222	149
15149	3,2	2,2	3,3	2,4	152	149
15150	8,0	1,0	0,2	5,0	152	149
15151	191,181	32,42	182,138	24,32	164	149
15152	85,72	4,4	102,60	7,3	230	149
15153	203,148	30,23	213,123	14,27	230	149
15154	8,9	135,154	18,6	173,114	164	149
15155	227,201	4,1	203,158	3,4	167	149
15156	563,483	0,4	548,452	0,2	915	149
15157	1490,1249	0,2	1348,1054	0,0	3457	149
15158	86,104	1,1	91,78	0,0	186	149
15159	925,745	11,22	1214,895	20,18	186	149
15160	0,0	16,17	2,1	9,7	171	149
15161	15,13	10,2	15,6	2,2	154	149
15163	89,120	0,0	161,120	1,0	415	149
15164	0,4	24,27	4,0	12,8	210	149
15169	1,0	8,2	4,7	3,4	172	149
15172	1,1	4,0	1,4	1,0	173	149
15173	44,32	5,1	35,34	1,4	853	149
15176	1,1	61,50	1,4	72,62	169	149
15177	8,6	61,50	8,9	72,62	173	149
15180	1,1	2,0	1,4	3,1	173	149
15188	1,0	0,0	0,0	0,2	153	149
15189	2,4	107,76	2,0	133,93	168	149
15190	47,41	0,0	36,19	1,0	280	149
15196	0,2	0,0	4,1	3,2	406	149
15201	14,11	11,22	4,8	17,16	535	149
15202	15,12	1,0	5,13	0,0	551	149
15203	24,25	5,0	20,24	1,2	631	149
15204	12,23	1,0	18,21	0,0	165	149
15205	21,36	5,0	33,32	1,2	245	149
15206	10,13	5,0	15,11	1,2	229	149
15209	264,306	1,2	468,323	0,0	443	149
15210	4,6	0,2	10,2	0,0	443	149
15211	15,21	130,175	15,10	226,152	269	149
15215	59,67	0,3	86,38	5,6	212	149
15216	1,1	44,50	6,4	82,65	153	149
15217	68,80	6,2	125,85	7,2	152	149
15218	69,58	1,1	97,76	4,2	192	149
15219	39,26	19,15	56,67	34,24	152	149
15221	124,88	3,0	320,263	0,2	163	149
15222	933,838	4,2	1988,1498	7,5	246	149
15223	894,798	6,10	1908,1425	18,11	235	149
15224	69,65	0,4	57,21	0,0	1189	149
15225	583,556	0,0	1053,671	1,0	1189	149
15226	2,5	421,374	8,5	673,435	168	149
15232	84,63	35,18	111,96	41,45	152	149
15233	9,4	35,37	2,0	35,19	233	149
15234	56,43	0,0	82,47	1,0	156	149
15235	1,0	44,33	1,0	49,27	179	149
15240	11,3	6,3	12,5	1,2	152	149
15245	53,54	7,2	74,44	1,8	152	149
15246	205,175	2,0	222,158	0,0	416	149
15247	18,18	97,78	17,13	76,77	572	149
15253	10,5	167,192	6,2	287,250	576	149
15256	56,23	6,9	8,5	0,3	152	149
15257	16,4	0,0	3,5	0,1	163	149
15258	60,30	1,4	26,34	1,3	306	149
15259	57,28	1,4	25,30	1,3	326	149
15260	8,3	11,4	2,1	3,4	169	149
15262	4144,3597	5,8	6689,4761	1,2	545	149
15263	4301,3657	7,5	5876,3844	1,0	782	149
15264	10,11	2,4	6,7	0,0	203	149
15265	21,17	2,4	13,19	0,0	370	149
15266	15,10	4,4	7,15	0,3	316	149
15267	2,2	3,4	3,2	6,1	152	149
15269	1,0	716,505	0,0	1405,939	154	149
15270	62,54	7,1	42,38	5,1	153	149
15271	51,46	0,0	62,41	1,0	162	149
15273	67,53	0,0	74,58	1,0	275	149
15274	1,0	47,34	1,0	54,25	161	149
15278	2,0	11,3	2,0	11,8	177	149
15279	1,1	19,15	0,1	11,8	152	149
15282	0,4	66,45	5,1	86,51	203	149
15286	3,13	0,0	4,3	1,0	284	149
15287	172,195	0,1	259,243	1,0	1309	149
15288	247,267	1,1	284,171	2,0	153	149
15289	118,73	0,0	146,118	1,0	4704	149
15290	497,375	24,10	633,415	17,18	167	149
15308	19,8	0,1	13,12	0,0	157	149
15309	0,0	1,0	0,2	4,2	653	149
15311	22,19	6,4	9,6	4,3	152	149
15312	4,8	179,141	8,3	147,145	245	149
15313	807,744	1,1	592,442	0,0	3106	149
15314	848,783	1,1	618,449	0,2	3239	149
15315	42,40	1,1	26,7	0,2	282	149
15316	55,47	0,0	24,9	0,1	584	149
15317	4,2	14,19	0,0	32,19	222	149
15318	39,29	4,0	49,16	0,0	445	149
15319	49,46	4,0	81,35	0,0	372	149
15320	0,0	2,5	2,0	1,5	307	149
15321	102,62	117,73	139,90	145,122	152	149
15324	0,0	23,15	0,2	13,12	176	149
15326	412,373	14,5	617,446	19,15	287	149
15328	7,3	0,1	5,2	0,0	219	149
15329	8,8	2,0	16,7	1,0	223	149
15331	0,0	3,10	1,0	3,5	152	149
15334	2,3	1,0	2,0	0,0	181	149
15335	4,2	1,0	2,0	0,0	178	149
15337	2,2	4,4	3,5	6,2	182	149
15338	35,25	2,0	34,15	0,0	206	149
15339	534,539	2,0	579,415	0,0	1480	149
15341	1,2	23,23	1,0	12,7	155	149
15342	3,0	10,4	4,4	9,4	153	149
15343	138,75	0,1	160,111	0,0	156	149
15344	99,81	1,0	136,85	2,0	154	149
15345	183,174	0,1	271,168	0,0	496	149
15346	183,175	1,0	271,169	0,0	516	149
15347	252,246	0,4	325,203	0,0	2507	149
15348	0,2	1,0	0,1	0,0	169	149
15349	5,6	149,142	1,1	262,205	169	149
15350	8,7	5,1	6,3	7,3	172	149
15351	152,143	5,1	267,207	7,3	152	149
15352	96,83	3,4	183,119	6,1	153	149
15353	115,119	6,3	210,124	4,0	549	149
15356	117,96	2,1	205,127	0,0	193	149
15357	136,118	4,0	109,104	4,0	177	149
15358	170,152	2,3	158,128	1,3	208	149
15359	38,34	2,3	53,24	1,3	180	149
15360	66,61	3,0	64,43	0,0	208	149
15361	20,10	183,159	5,9	222,149	222	149
15367	60,65	417,308	43,23	583,460	1919	149
15368	431,351	1,4	509,418	2,0	167	149
15369	9,7	130,133	9,7	195,127	214	149
15370	8,6	177,141	10,11	311,169	214	149
15371	9,12	0,1	6,7	0,0	168	149
15373	17,12	0,1	23,14	1,0	272	149
15374	12,12	0,1	18,10	1,0	252	149
15375	10,14	0,0	6,3	0,3	200	149
15376	0,1	0,2	3,0	0,0	154	149
15378	32,32	229,213	36,27	372,273	551	149
15379	29,30	6,5	25,14	8,10	232	149
15380	30,30	3,2	24,14	0,0	232	149
15384	8736,7281	0,1	16475,12161	0,0	228	149
15385	11,9	87,88	13,19	125,118	227	149
15389	298,254	2,3	317,225	0,0	644	149
15390	249,208	1,3	281,186	3,0	644	149
15391	19,30	4,2	25,19	2,2	159	149
15392	1,0	15,21	0,0	15,23	193	149
15394	56,44	2,0	49,30	0,0	433	149
15395	520,467	4,0	384,299	0,4	1034	149
15396	10,47	1,0	18,4	0,0	182	149
15398	76,50	18,9	80,90	10,8	152	149
15399	33,38	7,3	48,28	6,2	152	149
15400	78,92	2,3	48,48	0,1	153	149
15401	5,5	66,87	8,3	106,72	162	149
15402	1,1	0,1	7,3	1,0	162	149
15403	1,0	2,0	7,6	1,0	162	149
15404	1,0	4,1	7,3	0,0	162	149
15414	0,4	99,92	11,13	234,184	190	149
15419	0,1	0,0	2,2	0,1	254	149
15425	2,0	0,0	1,2	1,0	178	149
15428	30,26	2,0	58,33	1,0	154	149
15429	14,16	0,0	23,8	0,1	154	149
15433	13,10	3,2	2,6	6,9	211	149
15434	6,5	3,2	0,1	6,9	188	149
15435	43,32	0,3	27,25	0,0	537	149
15436	2,1	2,2	1,0	4,5	171	149
15439	24,16	4205,4133	8,6	4557,3424	167	149
15440	4435,4305	0,0	4850,4102	0,1	1370	149
15441	4282,4090	11,10	4767,4064	9,10	157	149
15442	2,17	0,2	7,1	0,0	366	149
15444	4,7	19,41	9,3	59,38	152	149
15445	64,52	0,2	87,41	0,0	154	149
15446	1329,1011	0,0	1633,1147	1,0	228	149
15447	364,278	2,0	555,331	2,0	208	149
15448	909,800	2,2	1274,806	0,0	213	149
15453	4,2	3,5	4,1	2,1	247	149
15454	4,3	4,3	4,2	3,1	265	149
15455	10,10	0,2	8,3	0,1	291	149
15456	3,6	4,3	2,2	3,1	167	149
15457	9,13	0,2	6,3	0,1	193	149
15458	10,10	0,2	7,2	0,1	175	149
15459	246,168	3,1	311,212	2,0	156	149
15464	88,94	169,154	122,98	260,208	284	149
15465	112,137	169,154	154,140	260,208	287	149
15466	52,71	28,28	64,59	32,17	152	149
15467	4,3	150,173	8,4	126,88	164	149
15468	7,9	0,6	19,11	4,5	194	149
15469	524,405	0,1	938,622	1,0	293	149
15470	3,3	391,303	3,1	693,542	196	149
15475	4,0	2,2	0,2	9,8	479	149
15476	6,1	16,13	8,2	22,8	378	149
15481	21,31	158,152	29,16	152,111	164	149
15482	47,23	1,1	14,8	0,3	153	149
15483	242,215	8,10	189,130	5,5	153	149
15484	0,0	0,2	1,0	0,0	228	149
15489	157,117	0,1	142,136	0,0	2194	149
15492	10,7	11,9	10,10	12,8	371	149
15493	17,17	0,1	8,4	3,2	154	149
15496	59,71	0,0	102,52	2,0	200	149
15497	29,38	0,0	14,6	2,0	256	149
15498	10,16	40,49	5,4	93,50	205	149
15500	219,184	2,1	201,121	0,0	705	149
15501	19,9	143,104	4,4	143,71	215	149
15502	177,112	1,0	129,88	0,0	1465	149
15503	964,1027	4,3	715,555	2,4	671	149
15504	191,199	358,328	165,114	299,189	505	149
15505	242,296	15,8	165,85	5,2	193	149
15506	51,99	0,3	41,17	1,0	193	149
15507	858,878	8,9	741,561	3,7	392	149
15508	730,769	9,18	618,456	6,12	358	149
15509	55,58	34,42	42,22	32,36	152	149
15517	645,688	0,2	473,296	0,0	2996	149
15518	265,245	0,1	199,85	0,0	3063	149
15523	227,188	2,4	242,134	1,2	2216	149
15526	1,1	1,0	1,0	1,1	206	149
15527	23,34	12,13	30,16	24,13	315	149
15528	232,210	9,7	351,262	13,7	173	149
15529	11,12	271,184	12,9	442,275	166	149
15535	469,344	0,0	421,322	1,0	200	149
15537	1,13	49,40	11,4	91,50	700	149
15538	25,25	0,3	33,32	3,5	152	149
15546	1,5	0,0	0,1	0,1	154	149
15547	5,15	2,0	14,6	0,0	154	149
15548	18,19	0,2	23,17	2,3	155	149
15551	48,47	1,3	44,37	1,1	228	149
15552	6,9	2275,1987	21,5	2863,2572	210	149
15553	64,49	2238,1941	80,55	2804,2515	171	149
15554	1640,1498	3,3	1969,1697	1,2	182	149
15555	4088,3161	0,1	6267,4580	0,0	350	149
15556	61,88	0,0	101,53	2,0	227	149
15558	17,7	3,1	13,18	5,1	152	149
15560	55,48	3,2	52,60	0,0	154	149
15561	1,3	3,2	2,5	0,0	152	149
15562	1,0	69,65	0,0	105,56	172	149
15563	0,1	88,61	1,1	92,105	171	149
15566	13,21	1,1	26,10	2,2	200	149
15567	12,12	725,654	9,10	668,509	180	149
15581	0,2	0,0	4,0	0,2	797	149
15585	14,18	560,549	29,27	1071,610	166	149
15588	244,178	0,1	420,309	0,0	158	149
15589	23,29	0,1	17,19	0,0	182	149
15590	19,27	0,1	17,20	0,0	198	149
15591	35,35	0,1	27,29	0,0	432	149
15592	17,21	238,170	12,11	415,301	173	149
15593	13,19	238,170	12,12	415,301	189	149
15594	29,27	238,170	22,21	415,301	423	149
15595	0,0	4,2	0,1	0,0	165	149
15596	16,8	4,2	10,10	0,0	399	149
15600	2,8	127,96	6,5	188,107	164	149
15601	129,70	0,0	145,117	2,1	153	149
15606	133,129	1,0	222,115	0,0	151	149
15607	6,26	6,3	22,19	6,0	169	149
15608	0,1	1,0	4,2	1,0	152	149
15609	3,5	1,0	11,4	0,1	227	149
15610	7,6	0,0	4,1	6,0	195	149
15611	2,0	7,3	0,5	10,1	168	149
15623	68,74	0,1	115,76	5,2	245	149
15625	838,641	3,1	501,406	0,0	4476	149
15626	428,382	0,1	351,252	0,1	153	149
15649	2472,2164	6,13	3812,2671	17,14	155	149
15651	547,459	1,1	661,482	4,2	156	149
15656	138,124	44,40	234,145	112,60	164	149
15658	81,88	0,1	78,62	0,0	267	149
15659	17,15	0,0	12,15	1,0	170	149
15660	405,417	0,2	497,279	0,0	314	149
15661	689,603	1,0	728,424	1,0	528	149
15662	783,737	0,0	911,634	0,1	461	149
15663	398,350	0,0	433,311	1,0	461	149
15664	252,280	3,1	273,147	0,0	151	149
15666	430,468	192,197	549,345	279,148	152	149
15670	16,9	456,417	12,4	697,505	350	149
15672	2,3	8,5	2,1	1,2	152	149
15675	17,11	24,18	14,10	29,39	164	149
15687	4,2	2,3	3,1	0,0	436	149
15690	464,461	22,8	435,313	4,11	239	149
15692	425,357	105,88	366,256	89,60	152	149
15694	95,87	7,12	142,94	4,3	155	149
15695	17,20	181,128	15,25	272,192	300	149
15696	1,6	0,0	1,1	4,2	188	149
15697	172,126	9,5	267,269	1,2	273	149
15707	2,4	129,89	3,2	148,100	220	149
15709	375,337	2,3	344,264	1,0	242	149
15710	612,466	150,119	373,272	211,145	1505	149
15713	916,700	7,0	1420,742	15,8	164	149
15714	16,22	169,165	7,8	219,179	1188	149
15715	8,19	8,7	14,8	6,0	152	149
15717	9,2	1,1	6,3	0,0	220	149
15718	202,183	3,0	305,213	7,3	153	149
15719	6,4	2,0	3,0	1,1	152	149
15726	149,100	4,3	189,126	6,2	247	149
15727	73,66	0,0	92,87	1,0	153	149
15729	4989,5026	1,5	5968,3505	2,0	246	149
15730	6836,6829	0,0	8457,5134	1,0	272	149
15731	1848,1808	0,0	2491,1629	1,0	175	149
15732	1910,1860	28,19	2520,1644	67,17	175	149
15733	4734,4834	3,2	5581,3250	0,0	246	149
15734	43,58	17,20	80,44	20,23	152	149
15735	316,308	4,3	397,261	0,0	4897	149
15736	416,271	1,5	588,410	5,0	154	149
15737	343,262	121,96	384,276	146,121	152	149
15738	12,2	1,0	0,2	0,0	152	149
15739	22,12	133,114	30,15	145,109	203	149
15740	5,7	0,5	11,2	3,0	303	149
15741	8,9	8,4	8,5	11,3	195	149
15742	46,36	4,0	20,17	0,0	661	149
15743	26,27	0,0	26,19	0,1	164	149
15744	25,28	0,1	24,17	0,0	164	149
15745	11,12	144,104	5,1	137,83	167	149
15746	169,131	45,44	161,100	39,38	164	149
15747	293,228	23,23	362,239	21,19	196	149
15748	93,73	2,0	124,91	2,0	1199	149
15754	179,219	12,8	183,111	8,3	155	149
15755	32,70	27,21	34,13	11,6	152	149
15756	17,48	38,41	12,10	7,3	185	149
15757	4,1	0,0	5,4	0,2	152	149
15758	85,44	1,4	131,98	7,0	152	149
15759	132,93	3,2	215,123	4,2	153	149
15766	1153,1023	4,1	1576,1200	3,0	593	149
15767	911,957	5,0	1102,726	8,1	494	149
15770	307,274	0,3	418,270	0,0	204	149
15774	1460,1246	1,0	1937,1311	0,0	403	149
15775	232,202	4,2	114,66	2,5	256	149
15776	285,223	0,0	390,301	2,1	190	149
15777	13,15	164,146	17,13	292,230	197	149
15778	8,7	12,6	4,5	7,3	197	149
15779	243,229	2,3	353,261	1,0	153	149
15780	5,4	1,0	3,2	0,0	153	149
15781	233,207	2,8	368,259	2,1	152	149
15783	21519,18401	0,0	27443,20301	2,0	173	149
15784	28175,25483	157,142	31095,19022	265,163	197	149
15785	0,6	27,57	0,0	9,10	219	149
15786	164,116	0,0	368,295	1,0	242	149
15792	12,8	302,286	2,5	311,233	173	149
15798	176,129	0,1	373,297	1,0	174	149
15799	3,4	54,38	1,0	79,48	475	149
15800	1073,954	11,8	1025,806	12,7	3399	149
15801	6,7	2,4	5,7	1,3	329	149
15804	41,27	0,0	55,33	3,1	153	149
15805	200,148	1,1	321,202	2,3	153	149
15806	221,229	1,2	359,288	0,1	153	149
15807	181,189	2,0	204,119	0,0	622	149
15810	2,6	113,92	8,3	183,148	152	149
15811	2,0	53,39	1,0	56,34	176	149
15818	2,1	122,106	4,1	167,143	179	149
15822	243,153	9,10	271,154	5,11	712	149
15823	9,5	9,10	9,8	5,11	184	149
15824	193,108	7,5	227,134	10,1	712	149
15826	10,6	0,3	5,10	0,0	624	149
15866	12,7	0,2	9,5	2,0	182	149
15869	54,36	9,10	38,26	12,4	182	149
15870	56,47	4,7	38,36	6,7	173	149
15871	3,3	26,14	2,0	15,20	156	149
15875	325,302	11,7	533,372	5,6	154	149
15876	47,47	213,214	43,30	251,200	585	149
15880	1,6	0,1	5,2	0,0	157	149
15888	185,209	0,2	410,303	2,0	181	149
15889	7,16	36,35	13,3	42,20	1172	149
15890	380,315	7,8	339,265	4,0	2227	149
15891	213,173	2,3	145,126	0,0	2227	149
15892	209,175	0,2	145,126	0,0	2227	149
15893	7,4	307,250	2,2	448,279	167	149
15894	52,50	7,5	72,55	4,4	152	149
15896	53,58	7,2	97,95	1,4	219	149
15897	452,365	2,2	538,387	1,1	2409	149
15898	30,12	4,11	15,19	2,0	186	149
15899	28,4	3,7	7,3	7,6	152	149
15904	2,3	6,0	3,0	0,0	164	149
15905	5,0	4,0	0,0	0,2	210	149
15911	4,2	5,1	6,1	4,0	166	149
15929	1,3	2,0	4,4	0,0	179	149
15930	4,2	82,91	6,2	183,143	173	149
15931	34,41	0,2	42,45	0,0	183	149
15932	2,3	28,28	6,2	30,14	173	149
15934	134,128	2,0	152,99	0,0	225	149
15935	14,34	1,0	12,4	0,3	155	149
15936	1,8	90,69	6,14	89,83	322	149
15937	1,6	90,69	4,13	89,83	348	149
15938	0,0	0,2	0,2	2,3	175	149
15939	3,1	202,174	9,5	354,223	176	149
15940	39,33	783,691	37,25	782,633	227	149
15941	1715,1489	3,5	2412,1687	0,0	391	149
15942	1727,1496	219,176	2413,1687	107,86	391	149
15943	8709,8006	18,10	10806,7670	12,8	1625	149
15945	127,130	0,2	127,105	0,0	154	149
15946	4,1	9,12	0,2	29,16	170	149
15956	329,301	0,3	383,260	1,2	151	149
15960	5,1	436,416	0,1	602,491	175	149
15963	0,3	476,351	1,0	735,502	171	149
15964	946,720	0,2	1356,1026	0,0	1006	149
15966	621,515	1,0	789,588	0,0	342	149
15967	635,539	14,3	815,608	14,6	1306	149
15969	291,250	0,0	475,368	1,1	2049	149
15970	38,27	12,10	55,32	7,6	180	149
15971	9,4	2,0	19,17	0,0	180	149
15972	20,17	0,1	27,21	2,0	166	149
15975	7,19	6,2	33,22	15,9	152	149
15976	2340,1965	3,1	3046,2093	0,4	251	149
15977	1230,1058	1,4	1663,1150	0,0	359	149
15979	3,13	0,3	18,3	2,2	152	149
15980	14,38	5,10	14,7	1,0	152	149
15981	0,0	2,0	0,1	0,0	171	149
15983	6,2	0,0	0,0	0,1	195	149
15988	2,4	89,80	12,5	131,81	1093	149
15989	3,6	2,2	9,5	2,1	152	149
15990	44,39	2,2	90,50	2,1	221	149
15991	92,81	2,2	168,114	2,1	224	149
15992	44,38	3,5	90,50	9,5	218	149
15993	92,80	3,5	168,114	9,5	221	149
15994	61,50	13,8	87,69	9,5	152	149
15995	26,30	0,0	34,43	2,0	217	149
15996	25,35	0,0	38,43	2,0	220	149
15997	1,5	2,0	5,0	1,0	152	149
15998	32,30	0,0	81,45	0,1	218	149
15999	37,35	0,0	87,50	0,1	221	149
16000	6,5	1,0	6,5	0,0	152	149
16001	49,48	10,1	68,72	9,6	217	149
16002	73,79	10,1	100,89	9,6	220	149
16003	49,49	25,18	67,46	35,29	152	149
16004	23,34	1,1	76,49	4,3	152	149
16005	9,12	41,50	12,6	61,33	152	149
16008	10,4	0,4	6,5	4,0	271	149
16009	92,57	10,9	116,91	7,0	179	149
16010	13,20	0,1	23,22	2,4	174	149
16011	0,0	5,1	1,0	0,0	164	149
16012	15,9	21,30	14,10	34,18	242	149
16013	6,11	78,92	5,17	113,56	164	149
16014	19,17	208,215	23,22	270,231	218	149
16015	210,165	20,8	233,150	17,8	203	149
16016	246,201	2,1	183,125	0,0	680	149
16025	10,19	361,324	26,19	505,361	179	149
16026	491,454	0,0	834,561	1,0	277	149
16028	95,101	1,0	149,86	0,0	192	149
16029	434,348	1,0	493,385	0,2	308	149
16030	448,397	4,6	610,541	6,14	254	149
16032	758,806	1,0	1186,903	0,1	707	149
16033	597,623	1,0	1057,813	0,1	298	149
16034	919,893	3,6	1776,1407	2,4	182	149
16035	1,3	0,2	0,4	1,1	249	149
16058	56,46	1357,1113	30,21	1897,1358	211	149
16062	151,155	10,4	136,61	6,12	1670	149
16063	30,36	9,6	24,13	14,10	380	149
16064	616,506	3,0	701,550	1,2	3423	149
16065	973,805	55,47	1203,932	56,42	3423	149
16075	292,318	10,7	251,160	3,2	1461	149
16076	163,162	1,4	158,102	0,2	227	149
16077	262,239	3,1	247,169	0,3	227	149
16078	2,0	136,101	1,1	193,131	173	149
16079	4,9	0,3	1,2	1,0	194	149
16080	4,5	2,1	4,2	0,0	152	149
16082	2,2	237,216	1,2	564,411	182	149
16084	9,4	2,2	17,8	4,1	1121	149
16085	1,0	6,0	7,0	4,4	152	149
16086	11,12	2,0	10,10	0,0	175	149
16087	11,3	33,24	2,0	32,25	152	149
16088	55,57	8,0	65,37	1,0	287	149
16089	22,13	103,142	15,2	118,66	171	149
16090	267,256	2,0	367,292	0,0	580	149
16091	170,181	0,1	260,147	0,0	606	149
16092	151,137	7,5	148,91	12,7	153	149
16093	1028,967	37,42	1281,955	62,36	1029	149
16095	11,13	27,36	19,7	41,31	161	149
16096	16,19	27,36	23,6	41,31	164	149
16097	15,15	10,9	19,4	15,5	152	149
16098	453,443	6,3	420,365	0,0	417	149
16099	687,617	1,2	712,521	1,0	578	149
16112	8,3	780,645	14,3	1599,1211	164	149
16114	1,3	4,16	4,3	16,12	152	149
16116	853,722	8,5	1055,723	11,1	211	149
16117	353,279	0,1	420,315	0,0	211	149
16118	771,778	8,4	839,593	2,3	614	149
16119	425,297	29,22	568,440	27,8	175	149
16120	64,63	4,2	73,58	0,0	175	149
16121	184,148	96,73	232,223	132,97	152	149
16122	0,4	12,9	1,0	22,6	152	149
16123	11,19	6,20	34,16	19,5	161	149
16125	17,16	2,0	21,23	0,0	331	149
16126	38,11	1,2	29,23	3,1	215	149
16132	39,32	0,0	57,40	1,2	228	149
16133	112,130	0,0	132,97	0,2	157	149
16134	16,17	7,4	29,23	7,6	161	149
16135	21,21	836,752	31,24	1529,1034	173	149
16136	12,8	836,752	9,7	1529,1034	161	149
16146	307,230	0,1	372,266	0,0	812	149
16147	307,307	4,2	359,267	3,3	196	149
16148	256,210	15,12	293,239	10,11	194	149
16150	128,95	2,1	189,152	6,3	168	149
16151	311,296	2,1	466,319	6,3	171	149
16152	260,250	77,49	381,258	104,91	152	149
16153	222,192	12,5	331,232	17,8	214	149
16154	2,2	3,2	10,3	14,7	238	149
16155	6,3	9,7	2,2	11,11	223	149
16156	0,1	28,35	1,3	59,51	175	149
16163	1,3	2,1	5,0	0,0	187	149
16168	26,12	3,2	11,11	0,0	1967	149
16172	23,7	3,2	10,11	0,0	1857	149
16175	3,3	3,2	1,3	0,0	283	149
16177	3,2	3,2	1,1	0,0	243	149
16180	3,3	0,4	1,3	0,0	283	149
16181	7,2	1,0	2,0	2,0	307	149
16191	10,7	10,24	1,0	10,5	228	149
16192	29,17	10,24	25,6	10,5	317	149
16193	25,11	6,1	24,6	0,0	238	149
16194	417,296	4,1	363,274	0,0	842	149
16195	881,736	0,2	798,623	0,0	1724	149
16196	103,72	11,9	188,140	12,11	152	149
16197	40,36	13,6	55,15	7,12	244	149
16200	30,13	0,0	10,22	4,0	188	149
16201	40,32	0,1	50,25	0,0	161	149
16202	1,0	25,21	3,0	38,27	185	149
16203	53,57	0,1	64,36	0,0	211	149
16204	1,2	1,5	1,0	2,3	226	149
16205	1,2	2,5	1,0	0,1	226	149
16207	1,5	0,2	0,0	1,0	182	149
16210	17,12	14,2	24,14	19,12	262	149
16211	9,3	2,4	1,3	1,0	152	149
16213	0,1	3,15	0,0	1,2	226	149
16216	424,321	1,1	687,510	0,0	409	149
16217	290,202	0,2	403,318	0,0	409	149
16219	67,73	0,1	88,55	0,0	176	149
16220	534,527	0,1	564,349	0,0	180	149
16221	106,111	0,1	133,75	0,0	203	149
16222	469,458	2,4	482,299	6,5	153	149
16223	41,42	2,4	51,25	6,5	176	149
16224	3,11	431,427	0,0	431,274	172	149
16225	41,31	6,7	22,8	7,1	925	149
16226	24,8	300,218	5,12	477,354	194	149
16235	0,0	64,65	1,0	121,68	167	149
16237	82,71	4,14	64,36	5,0	197	149
16258	10,2	53,53	10,3	81,78	231	149
16260	0,0	126,115	1,0	271,200	177	149
16261	16,15	2,0	62,44	0,0	197	149
16262	142,130	2,0	332,244	0,0	169	149
16278	49,45	3,1	42,29	3,5	152	149
16282	9,8	0,1	1,9	0,1	237	149
16283	824,622	4,1	944,725	14,7	2228	149
16284	950,718	4,0	1185,885	0,0	202	149
16285	7,9	810,565	7,11	1355,840	167	149
16286	1305,1081	0,0	2017,1526	0,2	242	149
16287	8,4	418,360	5,1	615,455	180	149
16288	538,431	4,9	772,645	14,5	152	149
16289	9,5	4,9	9,3	14,5	182	149
16290	2,3	531,429	2,1	765,643	179	149
16291	647,565	0,2	1140,778	0,0	972	149
16292	529,420	5,2	770,644	9,1	158	149
16294	54,41	42,27	48,30	31,20	152	149
16295	84,71	18,9	97,70	18,11	182	149
16296	9,16	30,28	6,2	28,27	170	149
16299	203,162	11,9	246,231	4,6	154	149
16303	0,8	35,33	0,0	11,12	196	149
16305	134,122	6128,5495	200,195	12657,9385	152	149
16306	193,129	8592,7699	301,195	18084,13916	238	149
16307	11392,10455	6,5	22996,17783	8,10	185	149
16308	8738,7808	256,241	18202,14000	177,119	537	149
16309	12325,10848	0,1	25845,19744	0,0	587	149
16310	3843,3281	0,1	7820,5863	0,0	199	149
16311	3736,3139	86,60	7950,5964	72,51	199	149
16312	14226,12667	0,1	29178,21345	1,0	199	149
16314	207,167	1,1	263,178	1,0	479	149
16318	0,0	13,14	4,0	22,18	341	149
16325	0,2	39,20	3,3	22,25	154	149
16327	3,4	2,0	0,2	0,0	586	149
16329	137,121	0,2	205,133	2,0	223	149
16331	276,261	0,2	477,354	6,3	158	149
16338	120,109	35,18	108,127	32,15	152	149
16339	6,7	35,18	8,4	32,15	171	149
16340	4,7	118,109	7,2	107,125	168	149
16342	1,4	1,0	2,1	0,0	167	149
16345	9,23	0,0	19,15	2,0	166	149
16346	5,0	0,4	5,8	2,7	442	149
16349	8,13	0,7	16,6	6,7	152	149
16350	27,69	2,5	27,18	0,0	209	149
16352	136,130	11,14	142,63	5,0	176	149
16353	18,16	0,0	22,12	1,0	176	149
16354	26,29	8,7	11,2	2,5	152	149
16355	37,24	0,4	19,11	0,2	152	149
16356	102,91	3,2	141,108	9,1	152	149
16365	3,2	6,0	0,0	0,2	154	149
16366	137,82	2,0	167,98	5,0	216	149
16367	514,451	5,6	700,495	5,1	153	149
16372	36,33	2,0	21,26	3,0	238	149
16373	21,20	85,79	22,20	119,87	244	149
16374	65,67	6,3	104,92	8,3	152	149
16375	5,2	0,0	2,0	0,1	152	149
16376	70,74	25,13	115,59	15,16	152	149
16377	5,12	71,65	2,5	113,77	170	149
16378	0,1	13,25	1,2	21,14	164	149
16388	9,10	9,4	5,4	10,5	154	149
16389	166,107	1237,1023	122,112	1697,1279	211	149
16390	1370,1207	1,1	1901,1418	0,0	453	149
16391	564,589	1,0	562,309	0,0	496	149
16392	116,165	4,0	61,34	0,1	366	149
16394	4,2	0,0	0,0	0,1	225	149
16400	88,92	9,4	129,110	8,7	152	149
16401	114,111	2,0	170,150	3,4	179	149
16402	0,0	17,19	2,0	12,8	152	149
16404	127,131	178,178	131,87	179,107	167	149
16405	11,16	0,0	9,4	0,1	152	149
16406	334,290	242,203	307,205	235,136	152	149
16407	1525,1324	0,0	1899,1238	1,0	157	149
16408	52,66	5,6	46,38	0,4	250	149
16409	433,363	171,147	492,368	184,133	152	149
16411	13,29	21,31	26,11	35,20	152	149
16412	2,7	7,5	0,7	6,4	152	149
16414	1210,1202	4,5	2443,1732	3,1	529	149
16415	13,9	6,5	12,18	2,2	173	149
16416	232,183	14,11	144,91	4,5	1569	149
16417	40,29	1598,1479	37,17	2082,1655	175	149
16418	154,125	6,4	176,109	3,7	179	149
16419	1712,1575	6,4	2221,1747	3,7	153	149
16421	518,443	1306,1047	742,564	2004,1531	152	149
16422	97,104	1306,1047	138,86	2004,1531	155	149
16423	37,35	458,374	57,34	661,512	152	149
16424	1029,790	64,61	1645,1277	96,96	179	149
16425	896,758	7,1	1378,1069	0,0	179	149
16426	345,279	5,2	621,505	1,0	179	149
16432	812,659	4,1	1150,844	1,0	331	149
16434	760,601	0,0	892,693	1,0	2828	149
16436	3,5	1,0	10,2	0,2	152	149
16437	22,63	13,11	0,4	3,3	152	149
16438	20,37	8,11	12,11	2,0	152	149
16439	7,1	0,0	10,1	2,0	152	149
16440	14,10	2,0	39,10	0,0	152	149
16453	2,1	1,3	3,1	7,4	169	149
16454	6,5	83,49	8,1	119,83	169	149
16455	11,5	0,0	10,3	0,2	173	149
16456	88,49	0,0	121,85	0,2	153	149
16459	213,162	4,2	276,261	3,5	244	149
16460	915,752	0,0	1193,908	1,0	751	149
16461	249,144	0,0	239,156	1,0	707	149
16462	351,340	20,31	549,456	57,46	152	149
16464	1,0	2,0	2,0	0,0	177	149
16465	155,109	2,0	95,84	3,0	1617	149
16466	1122,987	0,0	1847,1397	1,0	541	149
16467	4,7	10,4	4,4	2,2	261	149
16468	25,24	10,4	29,10	2,2	582	149
16470	1,0	296,234	1,0	434,302	318	149
16471	31,33	309,265	37,19	427,348	501	149
16472	6334,6083	8,7	5183,3579	3,1	1118	149
16477	0,1	19,5	0,0	5,3	282	149
16480	12,4	6,12	10,9	6,3	326	149
16481	60,49	6,0	70,60	1,1	269	149
16482	44,37	6,0	60,46	1,1	446	149
16483	12,5	28,17	15,13	25,27	326	149
16484	3,5	9,5	1,7	6,7	240	149
16485	3,3	9,5	1,7	6,7	246	149
16486	3,4	9,5	3,7	6,7	248	149
16487	1,0	1,2	0,1	0,1	155	149
16488	1,1	1,2	2,1	0,1	157	149
16489	1,1	1,0	2,0	0,0	151	149
16490	1,0	0,0	0,0	1,1	228	149
16494	144,126	2,1	173,89	0,0	516	149
16495	0,7	0,0	4,13	0,2	435	149
16496	1,0	0,1	0,0	1,2	178	149
16504	1,1	20,24	1,2	16,16	160	149
16505	94,85	2,0	110,54	3,4	3244	149
16506	1230,1077	9,4	1910,1442	2,0	1178	149
16523	2,0	0,0	3,3	0,1	181	149
16526	14,30	0,0	50,31	0,4	1444	149
16531	0,1	0,5	0,2	0,0	172	149
16535	69,50	0,0	36,54	0,1	429	149
16537	93,67	0,0	56,68	1,2	429	149
16545	50,32	0,1	39,35	0,0	317	149
16547	45,31	0,1	36,30	0,0	296	149
16548	29,18	0,1	21,21	0,0	239	149
16549	5,1	5,1	3,5	2,2	170	149
16551	50,32	2,1	39,35	1,2	317	149
16553	50,32	2,1	38,32	1,2	296	149
16554	29,18	2,1	21,21	1,2	239	149
16562	49,40	0,1	56,44	0,0	159	149
16567	13,11	0,6	8,16	0,0	185	149
16568	30,23	2,1	25,28	3,1	247	149
16569	17,18	2,1	17,12	3,1	211	149
16571	140,132	3,4	112,70	3,3	249	149
16572	270,282	3,4	211,135	3,3	252	149
16573	149,164	19,14	104,71	5,6	152	149
16574	12,5	122,126	3,0	102,70	187	149
16575	3,1	135,103	0,0	103,83	180	149
16576	138,132	3,0	76,45	0,0	167	149
16579	255,237	0,2	277,181	0,0	206	149
16580	17,11	49,35	39,31	100,49	188	149
16581	1,2	104,66	2,3	138,120	273	149
16593	30,22	181,163	15,17	185,156	248	149
16594	54,39	2,7	41,27	8,3	267	149
16595	205,180	2,7	211,166	8,3	168	149
16596	638,542	11,19	1130,810	27,12	191	149
16597	5,3	1546,1268	6,3	2908,1878	180	149
16598	0,2	1,0	6,0	0,0	199	149
16602	14,13	36,51	5,9	85,36	193	149
16603	98,100	5,7	165,81	2,0	165	149
16604	69,46	1,2	63,35	2,3	200	149
16605	11,14	1,0	12,10	3,0	152	149
16609	47,49	1,4	37,35	5,5	170	149
16610	143,132	7,13	212,136	3,2	368	149
16611	140,99	0,1	212,186	2,1	621	149
16612	10,12	61,42	17,9	87,57	209	149
16613	8,14	55,59	14,10	86,65	209	149
16614	51,52	1,1	60,48	0,1	179	149
16615	99,75	3,4	118,75	5,4	152	149
16617	0,1	2,3	0,0	1,0	181	149
16618	9,11	173,216	4,3	188,84	390	149
16621	8,28	135,201	4,7	159,77	287	149
16622	68,75	0,2	59,20	0,0	198	149
16623	347,303	0,2	484,299	0,0	201	149
16624	4,6	7,2	4,5	0,0	222	149
16625	1376,1254	2,1	2316,1664	0,0	199	149
16626	17,37	3,3	17,10	6,2	684	149
16629	395,313	0,1	552,388	0,0	358	149
16630	480,435	139,95	855,609	200,122	186	149
16631	109,79	0,0	260,147	4,0	186	149
16635	3,2	1,5	4,1	0,1	156	149
16637	5,3	130,93	9,9	263,273	215	149
16638	0,0	0,1	1,0	0,0	152	149
16640	154,121	2,0	240,180	4,12	244	149
16641	72,54	35,28	85,61	16,11	183	149
16642	6,3	18,9	6,13	19,23	189	149
16643	0,0	5,0	2,1	12,2	169	149
16644	0,0	8,1	2,0	1,5	169	149
16645	18,12	2,1	8,6	2,2	153	149
16646	5,7	9,11	6,3	12,6	182	149
16649	291,291	89,51	348,252	90,34	230	149
16650	125,131	134,120	122,83	200,96	152	149
16651	10,11	134,120	19,5	200,96	164	149
16652	8,10	123,130	17,5	120,83	161	149
16656	6,0	27,22	2,0	40,33	216	149
16657	219,189	58,65	232,146	72,51	155	149
16658	14,31	125,124	21,6	245,154	169	149
16659	582,605	9,11	485,395	15,11	2700	149
16660	6,2	116,72	3,4	118,110	152	149
16661	42,50	0,0	71,37	1,0	261	149
16664	14,7	12,4	12,8	17,6	588	149
16666	9,7	112,84	15,16	181,132	231	149
16667	1,0	0,0	0,0	0,2	153	149
16674	8,3	3,2	4,1	0,2	152	149
16675	56,77	151,131	106,62	177,98	152	149
16676	14,8	9,5	9,2	2,4	152	149
16677	11,1	4,0	2,1	0,0	152	149
16678	95,91	2,5	65,40	7,0	152	149
16684	39,18	12,7	28,19	16,12	152	149
16687	73,86	22,39	88,65	42,25	181	149
16688	327,204	10,14	446,316	14,5	152	149
16689	5,0	0,0	2,5	3,0	152	149
16690	17,5	116,103	20,8	143,88	152	149
16691	5,0	0,0	2,3	0,1	152	149
16694	66,53	26,28	56,62	28,25	354	149
16695	66,52	12,15	58,62	9,4	354	149
16696	67,51	20,20	56,62	25,33	354	149
16697	5,1	114,120	5,8	143,106	239	149
16698	457,410	3,5	620,491	8,6	154	149
16706	0,0	38,37	0,1	18,18	175	149
16710	3,9	0,1	1,4	0,0	213	149
16714	2,0	40,20	0,1	9,12	184	149
16715	2,0	40,20	0,1	9,12	191	149
16717	9,8	5,2	2,5	0,1	213	149
16718	3,1	4,4	0,0	2,3	200	149
16722	0,0	3,1	5,0	5,5	293	149
16723	737,632	16,17	791,656	20,22	3156	149
16724	832,738	20,18	1539,1288	51,23	1973	149
16725	761,573	0,0	1759,1322	2,0	1016	149
16726	22,25	818,626	37,27	1432,1111	231	149
16727	23,18	2,0	20,32	0,1	159	149
16728	187,169	183,183	389,317	378,243	159	149
16729	22,33	102,102	15,5	82,52	275	149
16730	844,690	2,1	1352,1139	3,0	2127	149
16731	3,0	1,0	2,2	0,0	352	149
16732	586,463	1,0	927,699	0,0	164	149
16734	140,131	200,210	189,120	336,255	329	149
16736	39,40	743,581	22,25	1102,792	162	149
16737	524,522	1,0	533,396	0,0	153	149
16739	51,52	1,0	187,112	1,1	186	149
16741	3,6	64,69	19,4	149,111	191	149
16742	2,0	29,21	0,0	59,21	162	149
16743	3,0	23,28	0,1	66,30	165	149
16744	30,21	23,28	59,22	66,30	152	149
16749	17,6	411,336	35,30	619,476	185	149
16751	31,34	3,2	69,37	3,2	188	149
16754	101,84	16,8	109,75	9,5	155	149
16755	32,29	47,34	23,22	56,49	210	149
16759	0,1	0,0	2,0	2,0	156	149
16762	9,6	19,15	12,0	19,6	175	149
16769	80,46	2,2	85,65	5,3	208	149
16770	15,13	17,6	13,26	7,6	152	149
16771	1,0	7,16	0,0	19,5	152	149
16772	3,0	23,25	7,4	21,8	152	149
16775	34,26	0,0	19,17	1,0	552	149
16777	13,18	0,3	7,10	2,0	152	149
16779	25,40	2,2	9,13	0,0	242	149
16780	119,119	61,66	77,75	39,32	242	149
16781	131,129	26,33	115,84	39,34	152	149
16782	0,0	0,1	0,1	0,0	169	149
16784	169,180	1,0	153,85	0,1	3795	149
16786	5,4	1,0	8,2	0,1	244	149
16788	5,4	2,0	8,2	0,0	244	149
16789	22,23	12,7	12,8	1,3	224	149
16793	63,39	3,1	43,29	1,0	153	149
16794	1,0	0,2	1,0	0,0	315	149
16800	2,0	0,2	1,0	0,0	313	149
16806	0,1	5,4	0,0	6,5	180	149
16808	2,1	5,5	1,0	0,1	188	149
16809	7,1	5,5	1,2	0,1	336	149
16810	5,1	0,1	0,2	0,0	297	149
16811	0,0	4,2	0,8	1,3	638	149
16812	19,29	73,52	21,10	92,63	244	149
16813	15,12	0,1	12,5	3,0	175	149
16814	109,92	0,3	205,171	2,0	354	149
16815	25,30	0,0	23,33	2,1	354	149
16816	0,4	4,0	16,6	8,0	154	149
16817	0,10	5,7	16,14	11,14	207	149
16818	7,9	4,1	18,8	6,7	154	149
16820	1,3	4,3	2,1	6,3	152	149
16824	2,1	77,69	4,0	50,36	185	149
16826	38,34	0,0	32,23	1,0	162	149
16827	2,0	37,25	1,1	35,29	225	149
16828	11,4	0,0	15,15	0,2	506	149
16829	45,24	0,2	81,70	0,0	153	149
16835	1,7	0,0	2,0	2,1	152	149
16844	1485,1454	4,14	288,205	3,3	707	149
16845	2208,1929	0,1	372,252	0,0	518	149
16846	125,137	1,0	81,65	0,0	1266	149
16847	24,24	1,0	32,18	0,1	155	149
16850	4,4	1,1	7,4	3,7	681	149
16855	46,47	61,25	48,36	50,31	155	149
16856	5,8	0,2	3,5	2,2	312	149
16858	141,131	1,0	212,208	0,0	3429	149
16859	7,5	195,131	3,0	223,185	321	149
16861	17,13	218,184	20,20	312,197	268	149
16863	1855,1593	2,0	2791,2099	0,0	1594	149
16864	54,66	0,0	97,88	2,0	154	149
16865	24,21	104,85	20,9	117,89	364	149
16866	49,50	0,1	54,29	1,0	448	149
16867	129,114	0,1	151,109	1,0	233	149
16868	30,12	16,19	26,30	19,25	152	149
16870	16,8	32,36	21,20	86,29	152	149
16871	0,1	14,9	3,2	20,9	152	149
16872	20,28	1,0	48,19	0,0	188	149
16877	2,0	422,305	5,3	492,341	200	149
16882	0,1	13,18	0,2	15,16	168	149
16883	3,4	0,0	5,4	1,1	184	149
16884	3,4	4,2	4,4	5,2	184	149
16886	106,104	0,1	65,39	0,0	271	149
16887	9,8	4,4	2,8	1,0	188	149
16890	231,233	21,13	233,155	7,9	250	149
16892	19,17	152,111	19,19	337,197	403	149
16893	7,6	4,0	7,8	3,0	356	149
16894	21,20	0,1	9,18	0,0	161	149
16895	104,86	2,1	90,52	2,0	161	149
16904	14,3	16,10	5,1	2,4	152	149
16905	24,26	2,0	60,29	8,2	420	149
16906	29,28	0,2	60,29	1,3	420	149
16908	24,35	0,1	63,60	0,0	202	149
16917	26,29	3,1	26,21	4,0	152	149
16918	66,35	1,3	62,46	3,3	152	149
16923	22,24	1,0	16,3	0,1	242	149
16924	5,11	40,30	2,0	13,4	249	149
16929	56,66	0,3	83,43	0,0	153	149
16931	8,8	14,12	2,1	8,3	195	149
16932	28,27	1,2	13,5	0,0	360	149
16933	48,39	8,5	33,44	9,6	1743	149
16935	18,10	192,198	16,6	269,206	167	149
16936	338,296	13,6	401,336	4,2	291	149
16937	7,6	439,330	13,9	700,495	176	149
16938	32,24	436,318	34,16	681,487	198	149
16939	3,9	378,261	3,0	555,412	178	149
16944	45,62	2,7	37,28	4,2	183	149
16946	1,1	6,4	0,0	12,9	183	149
16955	90,75	517,480	134,77	668,432	179	149
16956	5014,4037	1,10	9993,6682	8,3	241	149
16957	17,10	0,0	14,7	2,0	154	149
16965	0,4	3,19	2,0	0,0	152	149
16967	0,2	1,0	2,0	0,0	833	149
16972	404,348	0,1	634,443	0,0	418	149
16973	125,154	1,0	196,127	0,0	451	149
16984	321,328	0,1	467,326	3,1	206	149
16986	4,6	0,0	0,6	1,0	160	149
16997	19,12	0,1	13,14	0,0	678	149
16999	9,4	4,0	1,5	0,2	181	149
17005	75,89	0,0	112,93	1,0	158	149
17007	0,0	3,0	0,1	0,2	160	149
17034	4,3	1,2	6,6	0,1	152	149
17035	5,4	0,1	6,6	0,0	152	149
17036	101,109	101,99	155,112	161,115	152	149
17042	81,73	9,7	109,81	12,10	175	149
17045	234,204	7,18	325,178	24,10	3023	149
17048	12,8	124,116	15,9	213,133	221	149
17049	237,231	9,8	391,238	17,8	2949	149
17050	89,81	3,0	72,58	1,0	2949	149
17051	8,4	1,0	11,11	8,0	162	149
17052	178,188	0,1	256,135	0,1	351	149
17061	0,1	44,40	0,0	77,57	180	149
17062	51,43	6,7	57,35	3,3	203	149
17063	30,20	0,3	34,12	8,1	152	149
17064	43,49	0,0	66,34	2,0	278	149
17082	64,54	3,5	62,36	3,3	263	149
17083	1,0	60,65	0,0	51,38	197	149
17084	36,32	1,1	49,35	2,1	151	149
17089	16,15	79,80	29,20	94,86	238	149
17090	3,8	79,80	12,6	94,86	206	149
17091	17,15	79,80	21,11	94,86	671	149
17094	11,6	10,6	6,4	14,13	582	149
17098	6,9	2,1	15,7	3,7	238	149
17099	11,1	123,95	10,4	154,125	324	149
17102	8,9	0,0	15,7	0,2	238	149
17105	35,22	1,0	61,46	0,0	186	149
17106	6,9	0,2	15,7	0,0	238	149
17111	0,0	1,2	2,0	0,1	228	149
17112	2,0	1,2	2,2	0,1	231	149
17113	0,0	1,2	2,0	0,1	317	149
17114	0,0	1,2	2,0	0,1	392	149
17121	0,1	1,2	1,0	0,1	177	149
17122	0,0	1,2	2,0	0,1	222	149
17123	0,0	0,1	1,0	0,0	194	149
17124	0,0	0,1	1,0	0,0	200	149
17125	2,0	0,1	1,2	0,0	203	149
17126	0,0	0,1	1,0	0,0	289	149
17127	0,0	0,1	1,0	0,0	364	149
17132	5,3	2,1	15,9	0,0	154	149
17133	11,5	3,4	17,11	0,0	154	149
17136	5,3	0,1	15,15	0,0	154	149
17137	5,5	7,2	15,11	0,1	154	149
17138	90,77	25,22	127,91	51,31	154	149
17148	175,166	1,0	61,44	0,3	174	149
17152	170,125	2,0	88,49	2,0	153	149
17153	17,5	2,0	4,2	2,0	177	149
17154	8,1	161,121	2,1	86,48	173	149
17163	2,2	3,8	3,1	5,3	181	149
17164	275,246	0,0	281,171	0,1	1921	149
17165	33,54	9,10	69,45	7,9	152	149
17169	31,38	0,2	36,18	0,0	632	149
17171	65,60	334,259	41,47	393,368	287	149
17172	135,125	16,21	123,121	16,30	318	149
17173	404,324	16,21	475,442	16,30	180	149
17174	8,6	2,0	2,1	4,0	1769	149
17175	235,184	1,5	333,232	1,0	190	149
17176	40,33	1,0	61,35	0,0	190	149
17181	33,22	763,651	28,18	897,619	197	149
17183	16,8	8,6	12,7	11,14	232	149
17185	52,36	4,13	45,31	12,9	488	149
17188	44,34	4,13	44,38	12,9	405	149
17190	20,21	4,13	17,19	12,9	369	149
17191	17,19	4,13	16,16	12,9	219	149
17192	162,123	2,0	348,235	0,0	204	149
17193	9,10	196,130	8,9	249,157	1372	149
17194	2,2	44,50	4,2	69,48	163	149
17197	20,9	141,89	10,9	303,210	1620	149
17198	40,23	1,0	38,42	2,5	1629	149
17199	161,103	1,0	331,243	2,5	158	149
17200	128,103	0,2	216,135	0,0	1625	149
17201	2,0	1,0	6,1	0,0	223	149
17202	2,0	0,0	0,0	1,2	820	149
17206	2,3	61,38	0,0	56,27	238	149
17213	313,213	1,0	353,293	0,0	154	149
17214	252,179	0,0	313,226	2,0	262	149
17215	426,294	12,16	514,349	6,0	262	149
17216	17,12	0,0	17,16	0,2	216	149
17220	1075,762	0,1	1824,1308	1,2	154	149
17221	14,24	816,591	14,8	1488,1040	172	149
17222	53,43	4,0	19,18	0,0	204	149
17223	20,36	3,0	14,12	0,0	158	149
17226	0,0	3,1	1,2	5,14	176	149
17227	92,89	1,0	130,85	0,0	176	149
17230	3,5	5,4	0,1	3,5	217	149
17231	123,96	1,1	78,56	0,1	221	149
17232	61,53	2,1	46,35	1,2	219	149
17233	116,104	8,0	73,68	7,2	221	149
17234	50,54	0,0	31,29	0,1	218	149
17235	0,1	49,44	0,0	40,45	175	149
17237	114,83	1,2	125,94	4,1	197	149
17247	1,3	0,1	1,0	0,0	181	149
17248	140,148	0,1	165,89	0,2	221	149
17251	24,17	2,0	19,9	0,0	179	149
17252	304,276	2,0	181,165	0,0	191	149
17253	282,260	2,1	162,156	0,0	161	149
17254	580,591	11,18	570,377	12,5	239	149
17255	16,16	337,375	11,2	363,254	182	149
17256	39,33	320,295	21,18	282,237	152	149
17257	28,30	320,295	14,10	282,237	203	149
17258	36,33	320,295	15,14	282,237	224	149
17259	23,24	34,27	13,7	20,15	200	149
17260	31,27	34,27	14,11	20,15	221	149
17261	8,4	0,1	1,4	0,0	170	149
17262	13,11	41,40	5,7	25,4	152	149
17265	4,3	260,247	2,3	422,343	184	149
17266	0,2	9,12	0,0	4,4	220	149
17267	219,204	4,4	339,279	3,5	152	149
17268	18,15	2,2	12,8	2,0	152	149
17269	13,11	2,2	6,7	2,0	198	149
17270	0,6	5,10	2,3	8,4	195	149
17271	133,109	51,52	220,184	99,73	152	149
17273	85,63	6,0	87,54	0,0	3715	149
17278	2,2	1,3	2,1	2,0	211	149
17279	5,3	1,3	2,2	2,0	290	149
17280	4,2	1,1	0,2	0,1	228	149
17284	0,0	19,17	0,1	22,13	169	149
17291	155,95	3,1	211,148	0,2	1401	149
17296	135,113	1,0	181,176	0,0	177	149
17298	390,322	5,4	567,341	2,2	172	149
17299	307,227	1,1	509,374	0,0	151	149
17302	3,2	53,24	3,2	55,52	181	149
17303	51,42	0,1	77,73	5,3	197	149
17304	33,22	0,0	40,38	0,3	197	149
17305	82,64	0,0	141,125	1,0	154	149
17312	20,23	0,1	10,8	0,0	1606	149
17313	20,26	0,1	11,8	0,0	1987	149
17324	19,20	2,2	13,6	1,2	591	149
17325	17,12	2,2	13,7	1,2	608	149
17326	2,1	4,9	0,1	0,0	166	149
17327	0,4	8,10	1,1	11,10	169	149
17330	631,498	15,11	327,187	2,3	3679	149
17331	200,160	15,11	105,70	2,3	1931	149
17336	0,2	4,0	0,0	5,1	202	149
17337	159,160	1,3	77,60	0,0	543	149
17338	238,211	2,3	349,223	0,0	202	149
17339	758,697	14,23	1867,1325	17,20	201	149
17340	161,115	0,0	142,112	0,1	170	149
17341	5,8	10,12	9,14	8,10	573	149
17342	5,9	74,70	12,13	65,35	573	149
17350	80,67	0,1	100,50	0,1	1122	149
17353	12,4	51,40	0,2	63,32	252	149
17354	20,12	1,0	26,11	0,0	187	149
17356	96,108	0,1	67,38	0,0	3549	149
17368	13,10	566,556	4,1	328,281	164	149
17369	381,427	2,6	227,135	1,0	167	149
17371	777,702	4,4	766,558	1,4	161	149
17372	19,13	0,2	9,7	0,0	174	149
17373	313,249	0,1	405,261	0,0	158	149
17374	310,249	9,1	381,264	5,7	164	149
17375	1150,900	0,1	1152,765	0,0	1646	149
17379	339,244	1,4	262,164	0,0	248	149
17380	188,145	1,0	123,95	0,0	248	149
17382	33,39	1,2	48,38	2,0	152	149
17398	155,104	19,15	145,89	10,17	557	149
17399	107,88	0,2	126,65	0,0	206	149
17402	544,418	3,3	610,513	4,0	261	149
17404	66,70	61,54	55,44	64,50	185	149
17407	114,125	19,30	163,121	66,38	155	149
17410	98,89	151,100	96,58	192,147	421	149
17411	6,7	377,326	3,4	467,365	166	149
17412	22,21	312,286	27,17	414,298	177	149
17415	1340,1006	5,6	1812,1433	0,4	5682	149
17416	1,0	105,117	1,0	172,110	172	149
17417	126,117	0,0	134,114	2,1	155	149
17418	122,124	1,0	138,99	3,0	2910	149
17429	480,427	89,77	450,289	51,50	152	149
17431	26,37	2,4	14,10	0,0	152	149
17432	12,19	7,1	4,6	1,1	152	149
17433	97,80	3,2	33,28	2,0	160	149
17434	3,2	2,0	2,5	0,0	239	149
17447	7,6	373,325	5,5	438,400	204	149
17448	1,2	485,394	1,1	518,417	370	149
17450	9,6	1,0	21,9	0,0	161	149
17451	78,58	90,47	161,104	92,58	161	149
17454	94,70	6,4	107,94	4,10	153	149
17460	2817,2210	1,0	4873,3680	1,9	151	149
17461	4,0	64,90	3,2	101,72	173	149
17472	2,1	0,0	1,1	0,1	185	149
17473	0,4	0,1	1,3	0,0	185	149
17474	15,15	56,48	10,9	78,59	218	149
17475	7,3	236,250	2,4	421,292	236	149
17476	25,18	1,0	12,13	0,0	175	149
17477	20,24	8,5	12,26	4,2	175	149
17478	30,31	8,5	24,35	4,2	209	149
17479	13,15	3,8	14,22	2,13	183	149
17480	0,0	56,37	1,1	84,48	239	149
17481	19,33	0,0	51,40	2,0	293	149
17483	20,35	0,0	26,16	1,0	1207	149
17485	2,0	0,0	0,1	1,0	152	149
17486	6,3	13,12	2,7	21,10	261	149
17487	12,8	3,1	16,17	0,0	303	149
17488	19,17	3,1	35,20	0,0	191	149
17490	19,6	15,9	17,8	18,13	152	149
17492	3,0	0,1	1,3	5,1	152	149
17493	26,18	2,6	35,18	6,4	152	149
17503	37,26	7,13	41,43	19,8	167	149
17505	29,21	0,0	16,16	0,2	158	149
17506	8,6	0,0	3,4	0,1	152	149
17523	21,15	0,0	26,15	1,0	241	149
17527	191,150	4,0	130,109	0,0	368	149
17533	337,324	7,2	533,370	0,2	337	149
17539	1243,1077	248,226	1182,922	211,135	185	149
17540	992,817	264,236	973,739	206,191	152	149
17541	27,22	2,1	20,13	1,0	152	149
17542	233,209	1,0	230,191	0,0	185	149
17543	29,32	1,5	18,9	0,0	152	149
17548	17,18	37,55	8,5	47,21	253	149
17550	412,237	3,1	695,428	14,9	153	149
17551	13,0	3,3	12,8	10,4	188	149
17552	54,26	332,262	46,41	472,387	188	149
17553	0,1	0,2	0,0	2,1	189	149
17554	12,3	229,183	4,5	251,200	171	149
17555	317,277	68,52	420,302	78,65	152	149
17560	0,3	23,13	1,0	16,11	445	149
17562	4,0	0,2	1,0	2,0	272	149
17564	18,16	0,0	34,30	0,2	228	149
17565	46,41	21,11	42,30	21,8	152	149
17567	91,89	1,2	182,137	0,0	489	149
17568	107,84	1,0	127,110	0,0	377	149
17569	4,9	98,77	6,2	114,104	228	149
17570	79,88	15,4	163,105	9,5	153	149
17571	11,9	1,0	14,6	0,0	377	149
17572	5,5	0,2	16,7	0,0	154	149
17573	6,5	2,1	5,3	0,1	153	149
17574	69,76	2,1	106,59	0,1	487	149
17575	67,75	4,4	103,56	2,0	483	149
17576	63,49	10,12	144,75	30,14	154	149
17577	6,9	0,1	31,11	1,2	154	149
17583	18,12	3,0	25,14	0,0	178	149
17584	44,47	2,0	64,33	0,0	178	149
17585	19,25	0,0	38,21	0,1	1005	149
17586	0,4	2,0	1,0	1,0	152	149
17587	21,14	10,11	12,13	8,4	152	149
17594	337,320	2,2	537,321	2,1	244	149
17595	96,88	10,4	93,72	15,15	152	149
17597	174,156	0,1	266,193	0,0	223	149
17601	32,29	3,6	38,14	2,4	152	149
17603	0,1	7,12	0,0	12,3	175	149
17604	0,0	7,12	2,1	12,3	343	149
17605	0,0	0,1	2,1	0,0	317	149
17606	26347,23470	55,50	40587,30835	61,47	257	149
17607	9141,7856	55,50	14033,9955	61,47	288	149
17608	170,118	17376,15732	140,78	26694,20958	180	149
17609	8979,7752	1,1	13894,9877	0,0	257	149
17610	9210,7956	1,1	14058,9980	0,0	288	149
17611	239,218	8,14	165,103	1,0	180	149
17612	134,104	1,1	122,67	0,0	180	149
17613	2759,2292	0,0	5787,3827	0,1	429	149
17614	13479,11700	0,2	27585,19050	0,2	429	149
17615	18167,15558	2,1	37125,25513	2,2	209	149
17622	9,4	164,148	12,7	211,120	172	149
17626	12,9	37,42	25,23	93,76	152	149
17627	12,12	2,0	28,26	5,0	156	149
17628	37,45	2,0	96,79	5,0	153	149
17629	101,110	100,71	168,133	170,80	152	149
17630	3,4	1,0	6,6	0,0	152	149
17631	654,563	1,0	733,516	1,0	224	149
17632	498,414	7,14	524,366	14,12	221	149
17633	234,193	2,7	226,173	0,0	221	149
17634	602,524	2,2	548,349	0,0	2897	149
17635	428,368	6,2	440,286	0,0	503	149
17644	14,7	2,0	19,9	0,0	159	149
17646	8,1	0,1	18,18	4,1	397	149
17647	6086,4717	0,0	8744,6467	0,3	176	149
17648	7919,6597	9,7	10279,7777	4,3	207	149
17649	4411,3418	3,2	8058,5746	2,3	541	149
17655	45,55	6,12	21,20	6,1	158	149
17656	737,639	3,4	1233,830	4,3	2079	149
17657	701,599	0,0	1191,824	0,1	460	149
17658	419,391	0,1	674,485	5,3	166	149
17661	10,11	222,186	12,5	465,245	480	149
17664	5,8	0,1	4,11	0,0	180	149
17675	152,105	15,8	190,135	11,13	265	149
17676	287,273	6,11	293,192	0,1	1186	149
17687	0,5	0,1	2,0	0,0	234	149
17689	0,4	3,4	2,4	2,0	175	149
17691	86,65	3,3	59,43	7,1	284	149
17692	40,33	3,3	25,21	7,1	509	149
17693	1,1	47,33	0,0	34,22	374	149
17694	54,45	1,0	42,28	0,0	1346	149
17695	9,14	25,25	23,16	18,28	152	149
17696	3,0	0,1	1,1	0,0	155	149
17697	25,20	183,230	11,12	95,82	167	149
17698	69,57	3,2	47,39	1,0	182	149
17699	279,291	6,2	207,172	1,3	182	149
17700	53,44	5,0	32,18	1,0	182	149
17701	270,284	19,22	278,185	11,13	154	149
17702	0,8	0,3	1,0	0,0	257	149
17703	21,6	0,2	18,13	0,0	185	149
17704	32,28	4,1	30,27	0,0	224	149
17705	11,24	4,1	12,14	0,0	188	149
17707	371,355	6,7	284,207	0,0	1887	149
17708	402,383	2,0	314,234	3,2	1962	149
17709	37,35	2,0	30,27	3,2	224	149
17711	120,82	13,11	85,93	24,14	185	149
17712	131,104	22,18	97,107	30,11	224	149
17713	140,113	0,0	108,115	1,0	233	149
17714	8,2	13,11	6,4	24,14	170	149
17715	19,24	22,18	18,18	30,11	209	149
17716	28,33	0,0	29,26	1,0	218	149
17717	24,33	22,18	36,28	30,11	188	149
17718	33,42	0,0	47,36	1,0	197	149
17719	31,27	0,0	41,19	1,0	158	149
17720	170,149	57,54	133,116	39,45	200	149
17729	7,8	91,73	9,9	107,89	152	149
17730	87,103	2,0	251,170	4,0	179	149
17731	423,396	2,0	959,662	4,0	188	149
17732	121,131	2,0	315,204	4,0	206	149
17733	336,295	0,2	708,492	0,0	158	149
17734	34,30	0,2	64,34	0,0	176	149
17735	4,2	306,267	5,2	649,460	167	149
17736	5,5	6,7	18,6	4,1	192	149
17749	5,4	132,101	5,8	156,133	212	149
17750	4,8	70,68	4,9	104,87	212	149
17754	7,4	140,114	4,8	150,150	215	149
17760	1,3	124,114	0,2	151,92	191	149
17761	3,3	299,225	2,9	353,234	173	149
17762	96,77	0,0	98,96	1,2	205	149
17764	392,299	0,0	449,321	1,2	181	149
17765	80,48	0,0	65,62	1,2	170	149
17767	1,1	235,192	1,3	388,286	176	149
17768	170,161	1,1	326,235	0,3	182	149
17769	23,22	0,0	18,14	1,0	1173	149
17770	23,21	178,143	23,15	262,208	403	149
17771	242,172	1,0	367,314	0,4	153	149
17772	228,131	0,0	339,242	1,0	161	149
17774	21,27	102,80	44,30	168,137	2378	149
17778	5,2	193,159	4,1	319,240	176	149
17779	152,149	29,15	269,201	47,37	152	149
17780	6,5	69,40	6,1	32,18	175	149
17781	73,61	2,1	151,96	0,0	152	149
17782	5770,4945	1,4	9998,7285	1,1	1287	149
17785	0,0	2616,2317	2,2	3012,2216	172	149
17786	2173,1568	3,0	3358,2501	0,0	777	149
17787	301,287	2,0	333,259	0,0	825	149
17788	3306,2566	11,3	4989,3547	10,4	194	149
17789	862,641	11,3	1308,942	10,4	425	149
17790	83,61	2527,1986	69,50	3750,2655	380	149
17791	0,0	42,34	5,3	50,58	173	149
17792	3,2	5,5	7,0	7,1	186	149
17795	102,71	0,0	163,92	3,1	197	149
17797	1,3	51,57	1,2	107,55	184	149
17800	123,87	2,0	197,144	4,2	235	149
17802	4,1	1,2	3,9	2,3	179	149
17803	9,2	2,4	11,12	16,8	179	149
17810	6,6	40,27	10,6	28,27	276	149
17822	61,51	4,2	64,46	10,8	266	149
17823	24,24	0,1	34,21	0,1	152	149
17824	36,25	2,5	42,27	3,1	152	149
17826	1,1	2,0	0,3	0,0	156	149
17827	0,2	0,0	0,0	0,2	172	149
17828	43,39	1585,1406	35,40	1715,1490	173	149
17829	10,12	1365,1185	9,7	2037,1381	160	149
17833	273,199	2,0	222,146	0,0	176	149
17834	278,199	9,8	219,140	0,0	176	149
17835	782,690	1,0	717,483	0,0	176	149
17837	4,0	64,53	0,2	37,29	165	149
17839	18,8	7,2	13,6	4,4	457	149
17840	80,70	117,76	108,88	163,119	200	149
17841	6,33	2,0	1,2	0,0	179	149
17842	0,0	8,0	0,1	0,0	151	149
17843	7,5	7,0	6,10	10,2	153	149
17848	845,808	1060,1027	1426,894	1706,1365	152	149
17849	13,10	1060,1027	18,15	1706,1365	325	149
17850	10,7	842,805	16,7	1424,886	322	149
17851	3,0	1,0	10,1	1,1	152	149
17852	1,0	1,0	2,2	0,0	152	149
17862	2,3	22,32	6,2	30,18	190	149
17863	0,0	257,271	1,2	355,312	168	149
17864	229,204	16,4	416,290	6,8	297	149
17865	486,475	16,4	770,600	6,8	278	149
17866	311,320	1,0	544,408	0,0	1073	149
17867	369,399	1,2	583,331	4,0	284	149
17869	4,2	590,450	3,1	487,341	166	149
17871	3,0	1,2	0,0	2,0	276	149
17872	9,5	401,260	12,12	443,262	167	149
17873	128,79	2,3	173,133	5,2	226	149
17874	520,334	2,3	604,383	5,2	208	149
17875	19,26	606,510	15,23	787,585	171	149
17876	532,485	2,1	675,536	0,0	156	149
17877	355,258	3,6	439,307	0,3	152	149
17884	337,274	11,10	459,349	11,5	266	149
17889	1442,1374	3,2	1008,582	0,0	720	149
17891	245,229	9,7	325,231	18,7	152	149
17896	93,83	152,168	68,35	130,98	543	149
17897	3,9	72,113	3,3	58,35	197	149
17899	2,7	0,0	16,13	3,0	231	149
17900	1,3	0,0	3,4	3,0	227	149
17904	35,39	50,63	23,21	39,27	152	149
17906	6,1	1,0	5,4	2,0	178	149
17908	295,248	12,6	385,200	3,2	182	149
17909	317,266	37,19	414,217	45,29	191	149
17910	34,24	37,19	32,19	45,29	158	149
17911	362,380	40,29	444,256	31,24	197	149
17912	132,128	9,8	114,100	7,8	200	149
17913	255,231	79,98	295,217	138,85	200	149
17917	219,256	4,1	230,187	2,5	1164	149
17918	21,15	9,9	9,12	6,4	170	149
17919	19,10	4,7	8,11	6,6	170	149
17920	72,58	1,1	36,20	1,1	295	149
17924	165,143	7,8	179,138	11,14	444	149
17925	2,0	1,0	2,4	0,2	152	149
17927	79,72	2,0	39,45	5,0	179	149
17929	11,4	92,88	5,2	72,53	163	149
17930	47,52	105,111	25,18	54,39	253	149
17931	52,85	2,0	18,15	0,0	246	149
17936	3,11	330,255	1,0	386,257	175	149
17937	3,1	352,233	1,2	474,328	186	149
17938	357,268	4,0	413,304	0,0	1912	149
17940	20,17	62,51	21,11	67,42	249	149
17941	17,12	4,4	12,5	2,0	249	149
17942	30,19	230,173	25,32	408,271	223	149
17943	1,2	51,71	4,1	51,34	250	149
17944	0,0	36,27	1,1	55,46	174	149
17945	57,30	0,1	57,61	0,0	301	149
17946	38,21	0,1	45,39	0,0	303	149
17947	0,2	19,11	0,0	12,22	151	149
17950	58,65	124,71	67,41	128,102	152	149
17954	38,49	2,0	14,8	0,0	627	149
17958	16,10	1,5	25,7	15,2	237	149
17959	98,101	5,2	73,37	1,0	637	149
17972	627,544	3,0	752,504	1,1	160	149
17974	2,5	1,0	1,1	0,0	269	149
17975	2,8	1,0	2,1	0,0	309	149
17976	2,5	7,6	1,1	0,0	265	149
17977	2,8	7,6	2,1	0,0	305	149
17979	688,619	8,0	648,446	0,0	152	149
17982	41,28	568,490	40,31	551,340	168	149
17984	488,477	2,3	507,325	1,3	184	149
17985	65,67	0,1	49,25	0,0	199	149
17990	2,1	1,0	2,0	0,0	293	149
17993	4,0	3,0	5,2	0,0	204	149
17998	1,0	1,0	3,2	0,0	154	149
18008	355,352	0,1	262,231	3,0	153	149
18010	8,2	0,0	1,5	1,0	229	149
18011	9,6	824,590	3,7	992,738	229	149
18012	2,0	3,0	0,0	3,0	284	149
18013	13,11	41,46	7,3	41,29	301	149
18014	14,11	41,46	10,3	41,29	166	149
18015	39,21	2,2	37,22	5,0	153	149
18016	24,33	903,720	40,14	1275,846	180	149
18017	62,54	4,4	72,35	1,3	184	149
18018	941,741	4,4	1307,867	1,3	153	149
18020	23,16	1175,880	18,17	1527,1112	169	149
18021	47,42	1047,811	51,41	1382,1028	169	149
18022	0,1	7,6	0,1	8,1	185	149
18023	7,8	0,1	11,8	0,0	1103	149
18024	8,8	1,1	14,8	0,2	1141	149
18025	1,1	1,1	3,0	0,2	187	149
18031	71,68	12,5	34,14	0,0	380	149
18032	58,55	3,0	34,13	0,0	380	149
18033	523,554	2,0	572,396	0,0	512	149
18034	89,105	694,676	61,33	931,703	230	149
18035	106,109	694,676	75,40	931,703	252	149
18036	28,18	11,14	20,15	6,8	171	149
18037	78,91	0,7	57,25	0,0	230	149
18038	94,100	0,7	64,36	0,0	252	149
18039	16,9	0,0	9,11	2,0	171	149
18040	27,22	171,173	32,20	142,76	218	149
18041	4,2	2,0	2,0	0,0	184	149
18042	638,469	5,2	751,560	8,3	152	149
18043	361,285	1,5	483,371	2,2	1100	149
18044	678,574	5,6	597,454	0,1	2972	149
18045	438,345	0,2	273,225	0,0	2972	149
18047	123,113	4,1	139,92	1,0	152	149
18048	112,79	4,0	140,120	0,0	168	149
18049	103,78	2,0	142,122	0,0	153	149
18053	162,145	1,0	231,182	0,0	186	149
18054	3,0	93,93	3,8	81,64	185	149
18055	2,0	89,68	1,0	138,113	174	149
18056	0,4	2,0	3,1	0,0	153	149
18058	1,5	2,3	3,3	0,0	196	149
18063	17,18	291,239	16,7	472,325	450	149
18064	1004,884	0,4	1361,917	0,0	2096	149
18065	318,272	1,2	560,382	0,0	158	149
18066	346,263	2,0	608,351	0,1	153	149
18067	15,8	0,2	12,15	0,0	153	149
18069	469,397	0,1	702,449	0,0	218	149
18071	4,4	82,101	2,0	141,103	312	149
18072	274,240	81,68	272,165	95,64	152	149
18081	52,58	3,0	92,62	2,3	538	149
18082	55,51	480,354	75,58	698,565	180	149
18088	0,0	4,7	1,0	7,11	169	149
18092	24,21	0,0	17,24	0,2	540	149
18095	55,59	0,0	103,77	2,0	326	149
18096	250,182	4,2	436,271	2,1	153	149
18097	724,687	42,25	1005,670	58,32	182	149
18098	2,3	1,0	3,6	0,0	152	149
18099	1,2	1,0	1,7	6,2	152	149
18100	32,30	5,2	25,21	2,2	202	149
18102	2,2	6,13	1,1	2,2	359	149
18106	6,2	64,53	7,3	89,82	295	149
18107	246,273	20,28	372,257	28,26	223	149
18108	11,17	65,85	16,8	113,95	166	149
18114	0,0	5,9	2,0	10,7	192	149
18115	113,91	0,2	72,50	0,0	924	149
18116	5,9	3,2	4,3	4,3	159	149
18117	40,29	198,199	53,44	240,230	161	149
18120	0,1	3,0	1,6	1,1	428	149
18121	18,19	1,0	33,18	3,0	170	149
18122	2,2	1,0	6,3	7,2	230	149
18124	22,27	0,1	13,14	0,0	1130	149
18125	1,0	12,9	0,0	7,11	167	149
18126	14,6	12,9	0,1	7,11	211	149
18127	14,6	1,0	0,1	0,0	193	149
18128	0,0	14,8	1,0	11,14	214	149
18130	12,12	9,4	14,20	12,2	164	149
18131	146,134	1,0	314,225	0,0	164	149
18132	939,931	0,0	1123,815	8,2	176	149
18133	1368,1322	5,4	1467,1007	0,0	1432	149
18135	19,15	5803,4608	20,22	7410,5893	180	149
18137	132,94	3,4	248,137	4,5	153	149
18147	2,2	14,6	0,1	11,5	179	149
18148	98,67	15,18	132,91	33,26	153	149
18149	9,7	18,6	3,6	14,11	185	149
18150	6,8	0,2	11,3	0,0	153	149
18151	456,376	0,4	554,385	0,0	153	149
18152	302,278	4,1	422,264	5,2	161	149
18153	92,106	1,0	71,61	0,0	191	149
18154	494,429	11,5	421,351	10,2	191	149
18155	102,125	2,1	97,76	1,0	191	149
18157	1,1	2,3	0,0	3,6	168	149
18159	3,1	267,219	2,3	317,204	188	149
18160	26,18	267,219	26,34	317,204	155	149
18163	46,32	1,4	65,49	2,2	152	149
18167	658,624	18723,16751	1212,906	32827,25005	197	149
18168	13709,12783	0,0	15591,14142	0,1	237	149
18169	18842,17549	24,14	31909,25098	38,16	183	149
18170	149,134	3,2	262,160	0,0	282	149
18177	24,18	0,0	54,38	2,1	152	149
18178	341,271	0,1	267,235	0,0	162	149
18179	320,250	0,0	245,225	9,0	436	149
18180	12,2	248,197	4,1	229,175	170	149
18185	44,41	1,0	39,24	0,0	152	149
18186	60,55	0,0	84,48	1,0	237	149
18189	101,73	128,91	90,58	168,119	944	149
18190	5,2	1,0	5,5	0,0	193	149
18191	16,5	106,111	11,6	141,117	193	149
18195	432,378	1620,1361	220,179	1831,1338	2781	149
18196	306,304	4,2	211,107	3,2	413	149
18197	27,33	58,67	17,23	60,41	201	149
18198	28,33	67,59	17,23	42,32	204	149
18199	59,67	67,59	60,41	42,32	152	149
18200	177,220	0,3	132,68	0,0	931	149
18201	12,16	134,131	2,1	99,73	962	149
18204	69,37	1287,1118	49,44	1496,1131	233	149
18211	33,16	0,1	11,12	0,0	153	149
18213	486,395	6,3	726,474	2,2	205	149
18214	129,98	1,3	210,139	1,0	205	149
18215	81,66	4,3	145,97	0,0	353	149
18216	6521,5094	7,0	10152,7646	3,1	550	149
18217	87,71	5,2	142,97	0,0	353	149
18218	5502,4536	1,3	9355,6906	0,0	353	149
18219	1418,1067	12,20	1347,1102	3,1	881	149
18220	1539,1148	1722,1302	1415,1153	2588,1893	1452	149
18222	3,0	19,26	0,2	35,44	172	149
18223	1,1	26,22	0,1	39,42	250	149
18224	4,3	15,5	2,6	26,16	181	149
18226	0,2	37,22	0,2	18,21	172	149
18232	2,2	158,112	0,0	180,122	172	149
18233	239,229	1,1	368,229	4,0	222	149
18234	2,0	200,132	0,0	181,136	165	149
18237	48,39	3,0	45,35	0,0	186	149
18238	159,136	1,0	167,109	1,2	190	149
18239	30,17	1,0	21,18	0,0	190	149
18240	159,123	1,0	158,116	0,0	1086	149
18242	30,17	1,0	26,18	0,0	190	149
18243	2,2	93,74	2,0	92,61	173	149
18244	2,2	14,12	3,0	22,11	173	149
18245	2,2	21,8	2,0	24,18	173	149
18246	15,20	3,4	28,15	2,0	186	149
18247	19,37	4,0	38,25	6,1	186	149
18248	146,125	0,0	171,105	1,3	3183	149
18249	7,8	0,1	6,7	0,0	170	149
18250	29,19	3,0	19,16	0,0	251	149
18253	10,12	2,0	7,1	0,0	1466	149
18255	1,0	0,1	1,2	2,0	152	149
18264	154,143	4873,4159	243,139	7410,5323	182	149
18265	6,10	6737,5351	5,7	8653,6574	187	149
18266	3955,3443	2,10	4550,3894	0,0	229	149
18268	11,11	196,135	5,10	345,194	165	149
18269	13,12	0,3	7,8	0,2	162	149
18270	150,95	3187,2879	138,143	4326,3258	182	149
18271	137,86	3187,2879	131,137	4326,3258	169	149
18272	822,725	2,1	749,780	2,1	170	149
18273	3503,3169	0,1	4586,3453	0,0	153	149
18274	11,21	5,1	17,24	1,2	155	149
18279	61,56	6979,5970	61,43	8687,7329	167	149
18280	37,26	0,1	33,11	0,0	172	149
18281	55,47	0,2	39,21	0,2	183	149
18282	18,22	0,2	6,10	0,2	160	149
18287	5,10	1962,1736	19,8	4275,3038	298	149
18288	2790,2483	0,0	4971,3629	0,2	166	149
18289	55,33	144,139	34,31	212,160	507	149
18296	43,44	1447,1155	53,38	2114,1479	174	149
18297	418,341	7,0	499,387	0,0	3828	149
18298	2124,1440	0,2	3037,2222	0,0	851	149
18299	654,469	1,0	972,685	0,0	851	149
18300	647,459	1,2	971,685	0,0	851	149
18301	650,459	2,0	971,685	0,0	851	149
18304	1984,1457	0,0	3810,2606	2,1	249	149
18305	926,672	1,0	1677,1181	1,4	249	149
18308	4,3	53,52	5,1	27,31	229	149
18309	0,0	10,1	1,2	16,7	188	149
18310	10,15	1,0	24,11	0,0	241	149
18311	33,34	1,0	51,32	2,2	241	149
18316	429,299	12,14	457,342	16,6	178	149
18317	115,89	27,30	136,101	37,23	309	149
18323	1,0	10,5	1,0	2,9	344	149
18324	14,9	1,0	5,14	0,0	229	149
18325	11,6	0,0	14,14	2,0	179	149
18326	4,2	0,0	5,2	2,0	191	149
18327	3,1	10,5	2,0	11,12	161	149
18328	11,7	2,0	13,23	0,0	633	149
18336	1,0	8,9	0,0	3,3	229	149
18347	20,4	2,0	10,4	1,0	1961	149
18352	1,2	87,69	6,7	179,117	211	149
18353	46,36	4,1	89,77	5,3	284	149
18354	132,103	4,1	262,187	5,3	222	149
18357	4,11	0,0	1,0	1,0	154	149
18358	41,58	0,3	15,4	0,0	154	149
18359	131,170	0,4	76,44	5,1	317	149
18362	276,236	1,2	273,173	4,2	152	149
18363	374,388	39,37	462,370	23,16	166	149
18364	1,15	99,141	1,2	83,51	152	149
18365	41,97	0,4	15,9	0,0	181	149
18373	0,2	12,27	0,0	10,2	161	149
18374	2,0	1,6	0,0	1,0	177	149
18377	3,14	1,4	5,0	0,0	729	149
18378	0,4	9,9	3,0	1,0	423	149
18379	614,588	119,103	874,768	150,121	240	149
18380	242,224	0,2	323,256	0,0	240	149
18381	11,8	392,392	12,5	542,402	183	149
18382	2,1	1,7	0,0	0,1	152	149
18383	4,7	1,7	0,1	0,1	213	149
18385	648,500	11,0	812,593	0,4	185	149
18386	759,593	8,16	972,703	16,8	218	149
18387	122,93	8,16	160,114	16,8	182	149
18388	430,314	0,2	340,294	0,0	467	149
18394	187,177	14,14	173,112	19,14	218	149
18395	682,732	3,11	432,338	2,4	408	149
18396	220,219	15,6	167,114	7,3	254	149
18397	170,156	0,0	133,98	0,4	254	149
18398	1,2	5,10	6,1	8,11	174	149
18400	13,20	20,29	23,23	17,9	187	149
18403	13,3	130,121	7,5	135,53	168	149
18416	52,45	17,11	115,84	10,13	152	149
18418	36,44	6,7	54,53	11,9	152	149
18419	38,19	0,0	37,36	0,1	170	149
18420	238,141	164,136	315,195	293,210	170	149
18421	11,5	232,257	4,9	265,174	329	149
18423	166,143	0,0	164,168	1,4	1866	149
18430	4,12	1,1	4,2	1,0	310	149
18431	4,12	1,1	4,2	1,0	313	149
18433	11,18	0,2	6,3	0,2	180	149
18434	1,9	0,1	2,1	0,0	180	149
18436	4,0	0,5	2,4	6,1	188	149
18438	766,762	4,0	394,272	0,1	3223	149
18440	313,227	2,0	481,380	0,0	182	149
18441	83,68	242,210	53,49	292,271	154	149
18442	9,2	0,1	1,0	0,0	154	149
18449	383,368	93,84	424,331	103,60	180	149
18452	518,414	2,6	887,605	0,0	1469	149
18453	8,4	1029,805	4,4	1582,1162	179	149
18454	540,376	16,10	789,547	7,6	241	149
18455	1561,1177	16,10	2367,1705	7,6	211	149
18456	998,854	0,2	1493,1137	1,1	159	149
18458	12,7	632,435	20,10	876,640	496	149
18459	3,2	632,435	3,4	876,640	172	149
18460	85,82	1,2	34,39	0,0	372	149
18461	183,157	2446,2179	168,134	3771,3307	426	149
18462	5842,4939	2,0	9664,7794	0,0	174	149
18463	40,30	15,15	23,14	14,9	167	149
18464	4630,3758	3,8	7966,5900	6,1	225	149
18465	11576,9584	5,1	20988,15801	12,3	225	149
18467	4573,3709	3,0	7947,5882	0,0	225	149
18469	14,14	63,85	10,5	50,40	217	149
18470	272,246	1,2	307,198	1,0	440	149
18471	339,303	7,5	300,156	9,0	273	149
18476	5,7	6,3	15,5	9,1	158	149
18477	6,6	36,26	16,2	36,33	158	149
18478	6,7	36,26	14,3	36,33	237	149
18479	4,4	4,3	3,3	5,2	228	149
18481	1,4	1,6	0,0	7,2	223	149
18482	13,23	9,12	15,18	13,7	152	149
18483	650,564	17,16	1218,881	36,12	224	149
18484	31,19	123,101	4,9	176,113	687	149
18486	16,4	40,40	7,5	57,35	184	149
18487	11,6	0,0	15,13	1,0	153	149
18489	9,7	0,0	8,6	0,1	188	149
18490	0,2	0,1	1,2	2,1	182	149
18493	25,16	27,17	26,17	42,18	1100	149
18494	1,0	27,17	0,1	42,18	160	149
18496	1,2	7,0	4,0	1,0	204	149
18499	0,2	0,1	0,0	3,0	221	149
18500	1,1	0,4	2,2	0,0	476	149
18509	4,5	0,0	4,10	3,9	370	149
18514	2,0	0,4	0,3	2,2	177	149
18515	46,31	0,4	26,40	2,2	1201	149
18516	2,3	0,4	0,3	2,2	206	149
18520	47,50	4,1	55,45	2,0	1248	149
18523	0,0	7,12	1,0	7,3	167	149
18524	32,37	13,11	49,32	9,18	160	149
18525	3,2	13,11	1,3	9,18	183	149
18526	2,0	31,35	0,1	48,30	172	149
18527	4,5	13,11	1,3	9,18	187	149
18528	3,3	31,35	0,1	48,30	176	149
18529	4,2	13,11	1,3	9,18	205	149
18530	3,0	31,35	0,1	48,30	194	149
18533	7,9	0,2	12,8	0,0	264	149
18534	13,7	408,292	13,5	502,337	164	149
18535	13,12	2,1	21,4	7,2	153	149
18536	312,242	1,1	457,299	0,0	153	149
18542	10,7	2,2	6,0	0,0	293	149
18544	7,9	76,84	11,13	103,74	181	149
18548	0,0	0,1	0,2	0,0	403	149
18550	17,38	4,1	10,6	0,0	154	149
18553	19,29	44,29	26,13	13,21	223	149
18566	70,36	31,15	55,50	11,11	152	149
18567	3,3	29,26	1,0	39,23	164	149
18568	535,448	115,109	575,424	127,135	152	149
18571	219,224	25,17	411,263	18,19	154	149
18572	27,31	322,262	45,28	547,408	188	149
18573	5,8	6,13	4,10	13,14	172	149
18574	0,2	4,7	0,0	4,10	173	149
18575	1,3	6,13	0,0	13,14	196	149
18590	424,317	4,4	571,405	4,7	152	149
18591	827,547	63,38	1188,875	28,25	668	149
18592	344,266	17,21	451,386	33,24	155	149
18608	146,136	4,0	120,78	0,0	288	149
18612	0,1	2,0	4,0	0,0	167	149
18614	41,14	2,1	43,30	8,4	409	149
18616	4,0	10,7	13,15	9,6	206	149
18617	8,5	8,10	13,9	15,8	206	149
18618	5,0	5,7	12,12	9,4	206	149
18620	3436,3000	5,0	4747,3705	2,0	206	149
18621	16004,13602	316,322	23659,17855	390,286	206	149
18622	3381,2979	2,1	4720,3678	0,0	206	149
18624	108,102	3,6	163,97	3,7	189	149
18625	1,0	4,5	1,1	2,0	181	149
18629	171,137	0,4	205,135	0,0	198	149
18636	23,9	21,26	18,9	25,28	179	149
18643	7,12	83,68	12,8	113,83	152	149
18644	65,63	15,29	95,65	57,27	152	149
18649	342,318	0,0	376,276	0,1	392	149
18658	22,32	7,0	33,12	5,5	258	149
18659	42,33	17,9	50,32	30,12	220	149
18661	28,22	18,14	25,14	32,38	1554	149
18662	124,69	2,6	152,65	5,13	167	149
18663	27,33	688,611	34,23	1382,835	166	149
18665	17,22	0,0	38,36	0,1	154	149
18667	84,51	0,0	96,49	0,2	154	149
18668	16,7	1,0	8,0	4,0	158	149
18675	85,107	0,1	125,77	0,0	677	149
18676	25,25	1,0	57,39	3,0	181	149
18678	105,78	0,0	163,123	1,0	158	149
18688	72,63	11,9	51,43	23,12	257	149
18689	72,66	11,9	51,46	23,12	260	149
18690	354,370	11,9	241,159	23,12	1323	149
18691	2,3	2,0	1,3	1,0	152	149
18692	284,307	2,0	191,116	1,0	1215	149
18693	282,304	0,0	190,116	0,3	1212	149
18694	8,3	33,21	6,7	35,29	170	149
18695	5,6	23,25	7,6	11,12	170	149
18696	166,176	23,25	115,116	11,12	1522	149
18697	225,193	1,0	325,236	0,0	213	149
18698	5,6	9,6	4,7	14,16	174	149
18700	5,2	0,0	0,0	2,0	1325	149
18709	102,60	2,0	96,77	3,0	370	149
18710	2,6	4,6	6,3	10,4	680	149
18713	142,102	2,0	149,134	0,0	406	149
18714	648,560	0,2	903,643	1,2	233	149
18715	437,433	8,3	607,439	4,5	152	149
18717	77,105	0,2	69,46	0,0	371	149
18719	451,379	1,0	557,391	0,0	713	149
18720	144,148	5,7	78,66	3,0	174	149
18727	13,32	459,398	11,5	455,372	325	149
18728	548,415	785,672	869,664	1555,1147	194	149
18729	165,104	2,1	258,169	2,0	194	149
18730	580,550	473,374	1020,790	717,564	167	149
18731	141,102	2,4	190,120	2,1	192	149
18733	4,5	1,7	0,0	10,3	154	149
18735	45,61	8,10	85,61	3,4	521	149
18736	918,791	5,2	1329,914	0,0	231	149
18739	39,16	1,2	56,40	0,0	168	149
18740	3,7	36,25	0,1	16,15	164	149
18741	65,62	3,0	41,43	0,1	305	149
18744	132,102	2,0	72,41	0,0	281	149
18745	7,2	36,41	0,0	38,14	163	149
18746	100,115	6,0	73,43	10,5	305	149
18747	45,46	2,4	41,27	5,1	261	149
18748	1,1	0,1	1,1	0,0	159	149
18749	1,1	4,0	3,2	0,2	197	149
18750	0,1	4,0	2,1	0,2	187	149
18751	1,2	3,13	0,0	4,7	209	149
18756	144,147	2,0	240,163	0,0	7172	149
18759	0,1	0,0	0,1	0,1	169	149
18760	1,0	0,0	2,0	0,1	165	149
18761	0,1	1,0	0,1	2,0	153	149
18762	15,19	0,0	20,9	2,0	280	149
18763	26,40	36,37	24,12	52,55	280	149
18764	11,10	1,0	6,7	0,0	251	149
18767	2,0	1,2	0,0	2,2	164	149
18769	344,274	1,4	480,369	1,4	158	149
18776	12,12	1,2	12,5	3,2	220	149
18777	11,12	3,9	10,5	3,6	220	149
18782	177,173	28,31	72,39	18,8	152	149
18787	58,43	11,15	71,52	16,14	152	149
18788	86,69	0,0	124,76	0,1	222	149
18789	39,41	0,0	69,38	0,1	219	149
18790	3,11	5,6	12,1	13,20	169	149
18800	1787,1539	44,45	3485,2465	50,41	184	149
18801	16,26	112,120	6,17	116,115	284	149
18802	963,883	0,1	744,530	0,0	1104	149
18805	77,55	1,1	4,2	0,0	154	149
18806	86,61	1,0	107,62	0,0	1471	149
18813	932,790	12,16	1379,1163	11,14	186	149
18814	418,291	5,0	310,230	0,1	153	149
18815	11,6	167,133	7,7	108,81	174	149
18818	128,116	332,330	89,42	364,222	260	149
18819	84,53	9,10	55,26	4,1	260	149
18820	326,325	0,0	396,235	1,0	204	149
18822	12,12	702,625	6,12	1245,964	177	149
18824	53,78	7,14	41,38	11,0	281	149
18825	18,13	1,0	30,20	0,0	197	149
18826	907,823	6,6	1056,672	5,9	178	149
18827	628,716	0,1	539,369	0,0	231	149
18828	383,395	1,7	314,184	2,0	259	149
18829	27,23	653,620	35,11	938,723	167	149
18830	91,90	0,4	120,79	1,0	155	149
18831	7,2	116,81	1,0	157,148	217	149
18833	1276,958	1,0	1189,921	0,0	195	149
18834	5972,4561	24,13	6021,4353	4,2	195	149
18835	9,5	2,4	3,9	0,2	187	149
18837	3043,2363	2,0	3204,2373	2,0	153	149
18838	3641,2911	2,0	4079,3072	0,2	155	149
18839	4,9	4011,3249	4,2	4307,3096	169	149
18840	44,44	26,15	25,22	26,22	172	149
18841	4051,3284	26,15	4328,3116	26,22	152	149
18844	181,159	1,0	281,180	3,5	257	149
18845	6,10	2,6	5,0	4,9	215	149
18846	6,10	3,1	6,0	4,1	215	149
18847	65,49	1,4	88,50	2,0	195	149
18848	152,115	3755,3370	156,87	2782,1809	167	149
18853	6,7	1,0	0,7	0,0	154	149
18864	2,2	3,2	0,1	0,4	403	149
18865	2,3	1,0	2,2	0,1	455	149
18866	3,3	1,0	2,5	0,1	201	149
18873	15,25	0,2	26,15	0,1	234	149
18874	259,270	38,43	136,84	11,4	152	149
18875	12,13	59,89	8,3	15,15	182	149
18876	8,5	240,224	0,0	189,100	182	149
18877	14,13	0,2	6,6	0,0	152	149
18878	87,79	65,79	109,107	91,49	152	149
18879	13,16	0,1	21,23	1,0	289	149
18882	703,693	1,2	830,559	0,1	211	149
18883	16,13	33,28	12,17	27,24	153	149
18884	61,53	12,6	53,44	2,7	267	149
18885	67,63	616,590	58,50	414,366	278	149
18886	78,68	12,6	68,51	2,7	263	149
18887	84,78	616,590	73,57	414,366	274	149
18888	18,16	616,590	7,13	414,366	160	149
18890	274,395	55344,58704	0,2	294,152	188	149
18893	450,413	82,73	549,425	75,65	164	149
18895	274,225	13,10	236,187	1,0	249	149
18896	229,169	0,4	213,130	1,0	496	149
18897	166,115	64,34	166,91	19,10	222	149
18898	0,1	118,147	2,0	194,126	191	149
18901	18,10	3,1	6,13	0,0	191	149
18902	13,24	3,1	7,5	0,0	313	149
18903	7,19	12,5	6,5	5,13	271	149
18904	5,12	0,2	6,2	0,0	209	149
18915	98,67	0,0	161,102	3,2	258	149
18916	76,26	0,1	107,72	0,0	159	149
18917	0,0	63,31	3,1	119,64	204	149
18918	7543,6616	4,4	16422,11330	1,2	260	149
18921	40,41	4,2	106,70	3,4	735	149
18924	130,123	1,0	50,31	0,0	155	149
18925	580,425	136,98	799,543	157,120	152	149
18932	2636,2285	22,10	2491,1669	0,0	1029	149
18933	4132,3590	10,15	4137,2771	0,1	1029	149
18934	290,231	1154,940	161,105	1222,877	331	149
18935	2343,2076	1,0	1946,1582	0,0	2365	149
18936	1421,1197	55,23	1207,1010	21,13	196	149
18937	75,59	155,147	83,51	231,163	161	149
18941	119,125	7415,6408	175,121	14228,8613	190	149
18942	205,214	9,9	146,66	0,0	360	149
18943	77,80	0,0	45,32	0,1	364	149
18944	0,0	2,1	0,1	0,2	316	149
18948	84,77	12,1	64,67	6,3	325	149
18949	42,21	15,19	49,37	17,9	155	149
18950	10,13	22,13	4,4	22,7	162	149
18951	17,11	0,0	16,13	0,2	152	149
18952	17,11	2,0	16,13	1,0	155	149
18953	2,0	2,0	1,2	1,0	186	149
18954	0,0	15,11	0,1	15,12	180	149
18955	0,1	2,2	0,1	1,0	343	149
18956	0,0	5,10	0,1	16,14	152	149
18958	2,8	0,0	8,0	2,0	152	149
18960	0,3	0,1	5,2	0,0	152	149
18965	2,2	0,0	1,0	0,1	453	149
18966	0,1	0,0	1,0	1,1	159	149
18967	6,4	0,0	15,16	1,1	252	149
18968	29,23	0,0	59,53	1,1	734	149
18970	0,3	0,0	5,0	0,2	152	149
18973	32,43	3,0	72,82	1,0	516	149
18974	17,14	0,1	19,23	1,2	196	149
18975	154,137	0,1	212,162	1,2	365	149
18976	137,125	0,2	194,142	1,3	318	149
18978	127,136	0,0	196,102	2,0	152	149
18979	278,284	1,4	363,214	1,2	152	149
18982	200,185	0,1	501,324	2,0	177	149
18983	47,29	189,187	41,21	329,215	679	149
18984	49,48	4,3	108,54	0,2	260	149
18985	2,8	11,11	6,3	18,13	237	149
18986	63,38	2,0	73,43	0,4	153	149
18987	5054,4638	0,2	6223,3872	2,2	583	149
18998	2,1	4,7	4,3	18,4	177	149
18999	10,9	133,128	26,24	309,208	177	149
19008	27,23	2,0	46,48	0,0	153	149
19009	334,375	16,19	337,162	9,8	153	149
19010	4,9	0,2	4,0	0,0	153	149
19011	313,349	1,0	291,179	2,2	263	149
19013	122,92	81,51	101,92	65,45	164	149
19014	5,2	141,128	0,0	149,102	170	149
19015	492,413	14,7	333,205	4,3	304	149
19016	358,336	0,2	411,265	1,2	258	149
19017	130,158	10,6	96,62	5,3	217	149
19020	1263,1230	3,5	2092,1644	8,3	181	149
19022	6,9	971,949	5,7	1716,1245	166	149
19023	450,451	2,1	679,552	4,5	154	149
19024	555,566	0,1	1000,732	0,0	154	149
19025	21,26	0,1	22,13	0,0	154	149
19026	14,17	0,1	15,15	0,0	370	149
19027	11,20	975,744	18,10	1792,1173	709	149
19028	934,749	1,0	1817,1195	0,0	1682	149
19029	163,126	1,1	246,145	0,1	175	149
19030	37,28	918,711	83,51	1804,1125	254	149
19040	2,0	0,0	0,0	0,1	169	149
19044	10,11	101,65	9,10	150,100	255	149
19045	14,11	3,3	7,6	1,0	201	149
19046	16,13	564,472	4,4	583,415	193	149
19048	164,146	9,15	226,201	21,12	231	149
19049	194,173	128,84	260,232	168,140	244	149
19050	39,42	128,84	55,43	168,140	162	149
19051	2,0	3,6	4,7	3,3	170	149
19052	23,28	71,53	42,24	74,44	170	149
19053	7,7	3,0	9,10	0,3	169	149
19062	31,33	12,21	28,29	14,9	546	149
19063	0,0	1,17	1,0	1,1	471	149
19064	4,9	192,163	4,8	239,196	173	149
19065	808,723	1,6	1137,952	0,0	1167	149
19066	107,95	1,2	111,77	1,0	188	149
19067	1,3	2,0	6,1	2,0	152	149
19070	7,15	3,3	15,4	11,3	152	149
19071	9,8	39,25	16,4	97,83	152	149
19072	52,47	424,300	81,66	947,687	152	149
19073	6,9	14,12	11,4	28,20	152	149
19076	2,1	20,34	0,0	15,6	166	149
19079	4,9	294,224	15,14	450,417	179	149
19080	0,0	104,88	3,3	161,110	173	149
19081	3,3	42,51	0,0	40,29	180	149
19084	441,325	1,1	861,565	1,3	153	149
19085	95,100	0,0	77,44	0,1	233	149
19086	460,533	1,3	403,256	0,0	1242	149
19087	7,5	59,68	3,0	79,55	194	149
19088	190,184	2,9	161,149	0,0	1112	149
19091	6,20	260,286	9,6	223,119	173	149
19093	2,0	0,0	0,0	0,2	652	149
19099	0,0	0,2	1,0	0,0	178	149
19102	974,942	1,0	473,365	0,0	647	149
19103	279,250	0,2	137,107	2,0	173	149
19105	0,0	1,2	0,2	0,0	298	149
19106	42,31	4,4	45,14	1,2	531	149
19107	42,33	2,2	45,17	1,0	531	149
19116	7,6	12,14	12,8	29,32	152	149
19118	45,41	75,64	85,60	112,95	152	149
19119	182,175	0,0	445,221	0,1	169	149
19120	5,3	235,245	3,2	171,119	176	149
19121	419,419	8,2	310,249	3,1	657	149
19122	596,563	1,1	385,326	0,0	1909	149
19123	68,76	57,35	98,74	52,78	152	149
19124	135,113	15,8	178,90	26,22	152	149
19125	114,99	1,1	109,80	1,0	250	149
19126	275,239	1,1	295,221	1,0	306	149
19127	167,141	6,1	187,143	1,2	205	149
19128	0,5	91,75	3,0	128,84	362	149
19130	9,10	305,281	18,16	479,336	173	149
19132	4,0	210,139	5,3	291,196	883	149
19133	180,101	0,0	181,118	3,0	159	149
19134	20,12	155,120	9,9	216,137	273	149
19135	124,121	4,3	131,79	2,2	203	149
19136	404,342	204,158	503,313	276,212	203	149
19137	190,219	1,0	138,145	1,0	966	149
19141	2,1	11,0	0,0	3,5	182	149
19142	21,18	1,0	18,19	0,0	204	149
19145	0,4	4,2	2,3	0,0	152	149
19147	10,10	24,23	14,14	44,35	808	149
19149	9,5	27,34	5,7	19,10	177	149
19150	62,77	27,34	42,34	19,10	542	149
19151	54,72	1,0	37,27	0,0	514	149
19160	36,32	15,8	32,22	2,6	152	149
19163	6,6	4,3	1,3	7,3	203	149
19166	6,5	98,113	0,3	151,97	169	149
19179	0,0	34,21	0,1	31,20	181	149
19186	7,3	0,2	11,0	0,0	198	149
19187	16,19	0,2	17,10	0,0	246	149
19188	25,30	0,2	32,19	0,0	251	149
19189	105,96	0,2	98,55	0,0	1194	149
19195	86,77	6,11	77,45	11,9	1092	149
19198	1,0	21,17	2,2	33,21	210	149
19204	1,2	5,4	2,0	1,4	191	149
19222	5,10	497,382	17,8	785,543	164	149
19223	14,13	122,83	9,3	119,103	278	149
19224	44,25	7,10	50,25	13,8	296	149
19225	112,78	14,10	147,113	18,3	329	149
19226	152,95	7,10	160,125	13,8	167	149
19227	220,148	14,10	257,213	18,3	200	149
19228	75,63	14,10	110,96	18,3	182	149
19229	24,19	319,243	13,2	363,274	278	149
19230	54,31	30,32	54,24	44,18	296	149
19231	122,84	35,28	151,112	35,18	329	149
19232	349,255	30,32	404,296	44,18	167	149
19233	417,308	35,28	501,384	35,18	200	149
19234	98,85	35,28	141,106	35,18	182	149
19236	2708,2060	0,1	3187,2392	0,0	1715	149
19238	146,117	0,2	197,120	0,0	3686	149
19244	11,12	2,0	12,12	2,1	154	149
19247	26,35	3,0	19,9	0,1	889	149
19270	13,13	16,15	18,14	28,8	152	149
19274	88,74	10,6	82,66	2,3	174	149
19276	10,15	0,0	20,15	1,0	166	149
19277	30876,24422	0,0	55865,40778	1,1	178	149
19278	55853,45847	0,0	106369,76156	0,2	479	149
19279	39779,32767	6,8	80135,61576	0,2	437	149
19280	33547,27865	1,3	67437,52357	8,3	158	149
19281	10,8	367,360	13,8	541,383	191	149
19283	2480,2043	1,1	4315,3119	1,2	1341	149
19285	31,28	7,4	57,28	14,6	158	149
19290	1299,1132	1,2	1751,1178	0,1	435	149
19291	18,18	2280,2002	12,13	2930,2083	173	149
19292	71,55	16,27	40,44	12,8	175	149
19293	2333,2039	16,27	2958,2114	12,8	151	149
19294	1300,1094	4,1	1573,1324	0,0	681	149
19295	4913,3805	5,6	5636,4557	7,3	155	149
19296	6076,4781	5,2	7095,5766	0,0	681	149
19298	5373,4494	0,0	7332,5335	0,2	407	149
19299	247,211	5098,4160	375,288	6730,4937	194	149
19300	1622,1507	58,39	1893,1361	19,7	256	149
19301	6473,5456	58,39	8248,6010	19,7	211	149
19303	2,0	3,2	0,0	2,0	173	149
19304	140,115	23,8	312,212	46,53	152	149
19305	171,150	13,8	239,93	20,8	197	149
19307	308,271	0,2	400,238	0,1	153	149
19308	227,189	1,0	252,165	2,0	1722	149
19310	455,325	1,0	455,292	0,0	1872	149
19311	335,247	26,14	360,249	6,10	153	149
19312	7,8	0,1	5,5	0,0	153	149
19314	24,19	1,0	11,12	0,0	1722	149
19316	427,374	79,54	488,355	74,58	152	149
19317	12,13	1,5	12,8	2,0	152	149
19318	1,7	0,3	6,3	1,0	370	149
19320	0,1	304,284	0,0	248,192	173	149
19322	739,631	2,0	592,424	1,0	833	149
19323	724,611	69,53	588,422	41,33	532	149
19324	706,600	17,3	577,420	10,4	156	149
19325	19,28	17,3	31,16	10,4	180	149
19326	5,7	692,579	8,4	554,408	173	149
19327	616,558	10,8	566,381	16,29	689	149
19331	0,4	227,186	9,4	228,190	173	149
19332	1,0	258,223	6,1	202,149	216	149
19339	69,49	2,0	93,87	10,6	152	149
19340	1,0	10,5	0,1	15,14	272	149
19342	20,12	0,0	9,4	2,0	482	149
19343	2,0	1,2	1,0	2,0	173	149
19344	2,2	3,6	0,1	0,1	176	149
19345	345,257	0,1	467,355	0,0	206	149
19346	140,123	5,13	250,196	12,19	153	149
19347	162,163	0,0	299,237	0,2	151	149
19348	6,4	186,162	14,8	277,262	171	149
19350	13,8	116,101	7,7	197,146	1045	149
19351	176,160	1,0	270,208	1,2	153	149
19352	8,2	1,0	7,4	1,2	168	149
19353	7,1	175,159	2,2	265,206	164	149
19354	1,1	0,0	6,2	1,0	153	149
19355	164,132	0,1	9,8	0,0	220	149
19358	234,225	2,3	239,182	1,4	154	149
19359	1210,1190	428,456	1418,834	508,327	154	149
19360	243,241	12,3	252,195	6,4	154	149
19361	292,255	64,31	294,220	35,38	154	149
19362	6587,6164	23,19	8283,6066	28,21	184	149
19363	4,1	6,3	0,0	3,4	201	149
19364	29,36	3,3	10,12	1,1	234	149
19365	3,3	1,0	0,0	1,0	185	149
19366	72,45	0,3	116,93	0,0	154	149
19367	49,57	1,0	80,57	0,0	2629	149
19373	9,9	188,163	8,10	212,207	212	149
19374	205,165	7,1	252,174	2,0	153	149
19375	47,25	206,132	46,23	246,162	169	149
19376	8,2	1,0	5,3	0,0	169	149
19380	8,6	2,0	13,6	3,2	161	149
19381	2,4	2,0	2,0	3,2	1461	149
19382	2,2	8,4	0,0	11,6	1449	149
19388	1,0	309,257	0,0	458,388	153	149
19389	925,876	3,0	1224,822	1,0	154	149
19390	1239,1036	11,10	1990,1452	14,10	219	149
19391	1436,1202	18,12	2283,1658	24,17	257	149
19392	208,176	18,12	307,216	24,17	187	149
19393	62,74	392,370	58,21	393,310	197	149
19395	146,131	0,0	159,128	0,2	198	149
19396	3,0	64,53	4,4	112,74	248	149
19397	116,75	9,9	175,109	15,4	152	149
19398	1,0	82,65	0,1	62,62	188	149
19400	674,545	27,18	559,338	8,9	207	149
19401	119,105	0,1	105,57	0,0	207	149
19402	562,559	4,2	368,285	1,2	154	149
19404	177,183	30,51	127,128	25,25	153	149
19406	352,285	0,1	357,270	3,3	152	149
19409	58,62	1,2	64,49	0,0	181	149
19410	22,26	1,2	30,22	0,0	248	149
19411	9,8	45,44	2,4	36,31	216	149
19412	72,77	2,0	54,54	0,0	374	149
19414	61,69	2,0	98,34	1,0	244	149
19418	21,25	1,1	46,25	6,2	162	149
19426	4,7	0,1	0,0	0,2	165	149
19429	1801,1478	5,1	1796,1197	2,2	159	149
19430	40,27	75,71	18,26	98,47	1597	149
19431	2,0	0,0	0,0	1,0	226	149
19433	2,1	108,104	0,0	142,108	226	149
19434	75,68	45,46	124,71	73,48	152	149
19436	2,1	2,0	0,1	0,0	174	149
19437	0,3	1,0	4,7	4,1	791	149
19442	87,81	28,33	190,118	33,34	256	149
19443	82,75	9,7	157,93	12,6	197	149
19444	6,14	84,68	9,8	134,81	200	149
19445	71,51	0,0	97,70	1,0	272	149
19446	149,105	0,0	222,143	1,0	221	149
19447	104,47	12,12	102,83	7,1	154	149
19448	21,15	0,0	11,4	2,0	154	149
19455	0,1	29,26	0,0	52,59	177	149
19456	67,23	0,0	71,41	1,0	3137	149
19462	41,44	15,3	39,24	21,8	170	149
19464	265,261	3,4	173,94	0,1	180	149
19467	4,33	0,1	0,1	0,0	160	149
19469	11,4	0,0	1,0	0,3	168	149
19470	143,155	0,0	89,97	0,3	185	149
19471	139,152	7,1	88,97	0,0	166	149
19473	192,189	1,0	175,106	3,0	161	149
19476	8,23	17,19	10,4	9,3	587	149
19480	100,109	1,1	54,24	0,0	176	149
19481	40,62	2,3	14,8	3,0	723	149
19485	21,21	2,0	11,13	0,0	181	149
19486	136,152	2,0	84,48	0,0	184	149
19487	115,131	0,0	74,35	1,0	152	149
19489	48,68	2,4	25,14	0,0	153	149
19490	2,0	20,38	0,0	20,7	161	149
19491	22,32	1,0	23,8	0,0	194	149
19492	208,246	1,0	180,82	0,0	225	149
19493	186,215	0,1	158,74	1,0	180	149
19494	188,158	3,2	113,56	2,0	333	149
19495	3,11	43,35	1,1	23,9	180	149
19496	133,121	2,3	69,55	2,0	154	149
19497	217,181	9,8	137,74	3,4	228	149
19498	128,109	9,8	69,48	3,4	231	149
19499	52,46	141,118	17,22	85,48	152	149
19503	214,155	1,1	475,326	0,4	152	149
19505	176,141	0,1	328,184	0,0	3112	149
19506	0,1	0,0	0,0	0,2	238	149
19508	3,12	44,16	7,2	20,5	208	149
19510	19,64	7,10	18,15	7,0	329	149
19513	217,155	15,13	276,157	28,18	152	149
19514	20,20	0,1	12,10	1,1	152	149
19515	3705,3044	6,9	5165,4134	3,0	288	149
19523	0,1	0,0	0,0	0,2	160	149
19524	0,1	2,0	0,0	0,1	267	149
19525	0,0	2,0	0,2	0,1	256	149
19536	191,164	87,68	256,170	133,102	158	149
19537	61,38	2,0	64,44	1,0	213	149
19538	5,6	0,1	5,6	0,0	153	149
19540	631,496	141,104	948,705	148,153	152	149
19549	1,9	18,4	2,1	8,7	655	149
19550	2,2	23,15	2,0	17,13	167	149
19552	0,0	2,4	10,4	1,0	228	149
19553	6,8	38,32	6,8	55,45	1339	149
19554	7,5	0,0	5,13	5,0	197	149
19555	9,10	0,0	11,18	1,0	197	149
19556	5,11	891,721	18,8	1606,1173	171	149
19557	790,685	0,0	1305,984	0,2	612	149
19560	0,0	0,2	0,1	0,1	229	149
19561	5,5	36,30	4,5	53,52	477	149
19569	568,429	36,33	521,385	55,21	152	149
19571	311,271	0,1	214,128	1,0	1279	149
19572	26,23	63,53	31,16	123,93	294	149
19574	67,69	4,3	155,112	4,0	151	149
19585	1,0	0,0	0,1	1,0	175	149
19588	1,0	0,0	0,1	1,0	171	149
19589	4,3	8,13	0,2	9,5	254	149
19591	27,15	15,6	12,8	10,7	1018	149
19630	0,4	0,0	1,0	1,0	384	149
19631	0,4	19,9	1,0	30,17	384	149
19634	0,4	1,0	0,2	0,0	537	149
19636	38,24	3,2	21,20	2,2	152	149
19637	370,314	125,76	487,369	151,101	152	149
19644	0,1	0,0	1,3	1,0	215	149
19645	0,1	1,0	1,6	0,0	215	149
19647	8,3	59,36	1,0	55,48	152	149
19650	81,94	25,28	104,85	21,7	166	149
19651	4,3	0,1	0,0	0,2	154	149
19652	166,235	0,2	144,76	0,0	953	149
19653	167,237	23,25	140,74	19,2	953	149
19654	202,265	2,1	157,83	1,2	953	149
19663	698,583	1,1	873,672	0,0	421	149
19664	1943,1604	34,17	2965,2040	56,40	481	149
19669	2,0	2,4	0,1	4,3	170	149
19678	0,0	0,3	0,1	1,1	172	149
19687	59,33	66,61	46,29	37,30	462	149
19690	54,59	6,1	38,19	1,0	836	149
19691	6,4	1,0	1,0	0,1	156	149
19692	54,62	1,0	38,19	0,1	843	149
19694	7,4	1,1	3,0	0,1	166	149
19695	1,2	2,2	0,0	2,1	159	149
19696	2,2	19,17	2,0	13,11	162	149
19697	13,7	19,17	4,2	13,11	152	149
19698	0,1	11,6	1,0	3,2	159	149
19699	2,2	2,1	2,1	1,1	152	149
19700	3,5	2,1	1,0	1,1	162	149
19701	1,4	0,1	0,0	1,1	159	149
19710	5,9	0,2	6,3	0,0	188	149
19718	22,12	0,1	0,4	0,0	569	149
19719	26,14	0,1	0,4	0,0	566	149
19723	3,2	112,107	1,0	257,155	177	149
19724	0,1	1,0	3,0	0,2	154	149
19726	19,13	12,23	14,15	25,30	210	149
19727	19,9	12,23	12,10	25,30	192	149
19728	19,9	12,23	12,13	25,30	197	149
19729	2,0	2,0	0,3	0,0	154	149
19730	15,23	2,0	28,32	0,0	155	149
19731	28,40	0,0	45,44	2,3	165	149
19732	13,14	0,0	15,9	2,3	205	149
19733	21,21	0,0	22,13	2,3	262	149
19734	22,24	0,0	24,14	2,3	277	149
19735	7,7	22,33	2,1	32,36	189	149
19736	15,14	22,33	9,5	32,36	246	149
19737	16,17	22,33	11,6	32,36	261	149
19741	1,1	22,33	2,1	32,36	164	149
19742	15,17	12,8	11,5	20,12	261	149
19746	9,7	12,8	3,1	20,12	217	149
19747	16,14	12,8	11,5	20,12	246	149
19750	7,7	12,8	2,1	20,12	189	149
19758	1,2	1,0	1,0	0,0	165	149
19763	98,67	9,6	114,106	10,15	152	149
19764	30,21	26,12	79,44	30,30	152	149
19765	22,27	51,33	57,28	70,68	152	149
19777	3,1	26,23	0,1	27,13	168	149
19778	4,4	1,0	0,3	0,5	239	149
19780	0,3	2,6	5,1	3,2	178	149
19781	0,4	0,1	7,1	0,0	183	149
19782	2,7	0,1	5,2	0,0	154	149
19787	3,3	130,159	4,5	158,136	151	149
19788	0,0	45,47	1,0	57,44	196	149
19789	0,2	0,3	1,1	3,1	183	149
19790	114,114	5,1	91,93	0,0	153	149
19792	1768,1743	2,3	2468,1758	0,0	499	149
19794	0,0	33,27	0,1	17,9	191	149
19795	153,211	1,5	134,103	0,0	268	149
19796	17,14	8,18	27,17	14,21	152	149
19797	609,472	11,18	480,330	19,20	191	149
19798	504,418	1,2	449,304	10,2	152	149
19801	41,32	268,203	38,33	258,238	152	149
19802	77,106	16,24	49,41	10,6	2686	149
19803	3,5	54,25	3,4	56,43	244	149
19804	59,32	23,28	61,28	25,18	174	149
19806	11,13	0,0	1,11	2,0	242	149
19807	0,1	0,0	0,0	2,0	152	149
19812	3,1	0,0	0,0	2,1	152	149
19813	1822,1561	19,14	2574,1728	6,4	232	149
19814	1993,1792	10,8	2646,1850	0,2	201	149
19815	689,576	0,2	900,605	0,0	232	149
19816	1950,1749	0,1	2641,1813	3,0	233	149
19818	4,1	1,0	2,0	0,0	201	149
19819	72,57	202,197	101,97	279,218	152	149
19820	3,6	162,182	12,3	231,156	221	149
19822	3,1	238,236	7,0	397,341	178	149
19823	1,1	89,110	0,0	127,91	152	149
19824	140,121	3,4	169,137	4,2	152	149
19825	4,4	170,136	4,4	124,146	204	149
19826	202,168	2,0	156,166	1,1	191	149
19827	41,28	0,2	37,34	0,0	191	149
19828	12,17	111,74	9,15	82,63	214	149
19829	21,22	111,74	20,18	82,63	345	149
19830	11,7	2,2	11,7	0,4	280	149
19831	125,143	3,3	134,100	2,0	220	149
19832	84,89	1,2	111,65	5,0	212	149
19834	361,329	7,6	338,216	2,2	170	149
19835	53,45	17,13	48,27	12,7	209	149
19836	18,22	1,0	21,11	0,0	209	149
19838	23,14	364,290	15,18	327,250	224	149
19845	5,2	699,598	2,3	862,669	180	149
19846	5,7	2,0	9,7	1,0	181	149
19847	0,4	0,0	4,1	0,1	181	149
19855	0,0	1,0	1,0	0,0	265	149
19856	10,4	2,0	0,0	1,2	516	149
19861	1,0	0,0	0,0	1,0	156	149
19864	707,509	0,0	756,514	2,0	3664	149
19866	137,64	0,2	122,92	0,0	283	149
19867	75,35	0,0	62,46	2,0	283	149
19873	144,106	21,26	70,56	14,12	173	149
19874	304,200	1,0	182,111	0,0	2675	149
19875	28,23	1,0	12,5	1,0	924	149
19876	23,14	1,2	14,4	0,0	1428	149
19877	28,25	158,128	12,5	81,71	924	149
19881	178,227	0,0	215,136	1,0	297	149
19882	245,201	2,0	368,253	0,0	903	149
19883	378,336	0,1	483,342	0,0	2061	149
19884	137,139	0,1	121,92	0,0	1307	149
19885	695,564	5,0	1041,737	3,0	889	149
19886	328,290	5,6	476,378	0,0	408	149
19901	66,44	2,0	112,82	4,1	197	149
19903	55,66	131,116	47,29	171,137	869	149
19904	1,0	0,1	5,0	4,0	253	149
19906	61,53	3,0	53,53	0,2	152	149
19908	29,18	2,0	49,42	0,0	152	149
19909	90,68	4,1	102,66	0,0	293	149
19910	4,5	0,1	4,2	6,5	152	149
19911	5,2	3,5	8,3	8,4	152	149
19912	281,259	3,5	471,363	8,4	1547	149
19913	277,259	1,2	469,362	6,2	1544	149
19919	76,65	78,63	86,71	73,48	416	149
19920	224,279	61,62	280,211	61,45	194	149
19921	28,42	2,0	7,8	0,0	152	149
19922	277,295	3,1	169,127	0,0	157	149
19923	70,45	71,56	95,77	92,63	152	149
19924	75,72	47,37	124,79	65,52	152	149
19926	57,69	11,31	74,41	17,13	155	149
19934	20,12	54,40	15,4	26,19	233	149
19935	36,50	21,28	51,45	26,20	152	149
19940	46,30	2,4	58,25	2,7	154	149
19941	131,140	0,1	270,150	2,0	151	149
19942	8,4	173,149	1,3	176,164	212	149
19946	246,266	1,2	419,261	3,2	273	149
19948	16,18	7,10	11,7	4,8	201	149
19950	3,10	9,10	1,5	8,12	245	149
19954	2,0	38,41	0,2	60,38	214	149
19956	1,1	33,23	2,2	31,30	185	149
19958	322,289	166,130	488,295	208,155	152	149
19959	208,217	3,16	231,170	3,12	152	149
19961	1,2	0,0	1,4	1,0	199	149
19966	495,532	0,0	554,337	1,0	1406	149
19967	199,198	64,57	261,165	51,43	165	149
19969	10,8	206,172	13,16	231,155	264	149
19970	122,102	127,114	89,61	51,38	226	149
19971	107,75	3,1	76,52	0,0	226	149
19972	4,3	6,11	6,7	14,7	169	149
19973	1337,1066	1,0	1811,1244	0,0	594	149
19974	294,393	384,472	242,181	265,153	224	149
19986	56,83	72,83	18,30	47,25	398	149
19987	16,15	188,216	9,7	113,99	187	149
19988	128,108	1,1	57,50	0,0	324	149
19989	157,132	48,74	77,72	31,10	394	149
19990	30,25	48,74	20,22	31,10	219	149
19991	325,379	6,11	222,87	0,0	286	149
19997	68,74	60,40	93,86	75,85	201	149
19998	8,12	81,100	3,2	136,100	178	149
20000	82,69	15,21	111,54	18,5	186	149
20004	16,16	114,92	8,3	118,96	418	149
20005	67,72	216,174	67,61	250,173	320	149
20006	478,355	24,15	507,393	14,22	152	149
20007	13,7	3,2	5,6	1,3	152	149
20008	15,11	0,1	10,6	0,0	152	149
20009	3,3	3,10	5,4	6,1	320	149
20010	1532,1317	2,1	1834,1289	0,0	850	149
20011	13,17	1516,1311	16,11	1821,1279	173	149
20012	1920,1449	1,1	2655,1827	3,0	155	149
20013	1938,1464	2,0	2531,1773	1,0	201	149
20014	1661,1378	0,0	1584,1015	0,2	184	149
20015	14,8	13,19	2,1	12,7	293	149
20016	0,0	1,0	0,1	6,1	152	149
20018	63,44	96,88	62,71	94,84	152	149
20019	33,25	182,192	23,39	208,173	152	149
20023	226,352	6,3	51,32	1,1	1224	149
20033	120,69	10,5	181,121	18,8	187	149
20034	4,1	0,0	2,3	1,0	187	149
20035	40,42	77,85	42,20	140,101	181	149
20036	5,5	77,85	2,0	140,101	169	149
20037	36,38	1,1	40,20	0,0	161	149
20038	15,13	10,8	10,3	18,19	181	149
20040	10,4	2,6	28,37	7,11	218	149
20041	10,1	0,0	9,18	1,0	153	149
20042	495,369	6,0	469,366	1,0	155	149
20043	524,512	0,2	410,279	0,0	744	149
20044	15,14	9,8	37,21	22,15	154	149
20045	31,30	35,34	26,15	48,26	152	149
20048	96,93	0,2	87,80	0,0	3548	149
20049	30,43	293,338	34,35	370,263	208	149
20050	727,751	20,42	834,652	33,18	797	149
20051	1067,915	0,0	1556,1147	2,0	410	149
20052	618,580	0,2	812,507	0,0	1678	149
20053	104,163	41,66	74,28	30,6	179	149
20054	464,539	5,2	405,389	2,0	1097	149
20055	27,47	0,5	33,18	0,0	384	149
20066	350,257	0,3	397,257	0,0	355	149
20067	22,20	2,0	15,14	4,0	152	149
20069	18,31	2,3	25,19	2,2	236	149
20070	13,26	1,1	12,8	0,0	236	149
20071	7,8	44,35	6,3	43,31	281	149
20073	831,711	0,2	1345,977	0,0	243	149
20077	1,0	0,1	1,0	0,0	152	149
20078	1,0	0,0	0,0	1,0	152	149
20079	1,0	1,1	0,0	0,1	152	149
20080	1021,897	27,32	1626,1237	6,11	168	149
20081	8,13	0,0	5,3	1,0	160	149
20088	248,222	3,2	325,252	5,11	152	149
20089	10,6	274,229	12,5	315,218	161	149
20090	338,319	0,2	359,250	0,0	451	149
20097	10,14	8,4	20,11	14,6	181	149
20098	1,0	4,7	0,0	0,1	198	149
20099	25,7	131,108	20,16	168,84	182	149
20100	163,145	5,0	211,163	0,0	156	149
20104	2,1	0,1	8,2	0,0	152	149
20105	21,18	373,302	6,5	528,398	208	149
20106	13,14	2,0	20,12	0,0	153	149
20107	3,1	14,20	1,0	20,20	165	149
20108	12,0	9,14	4,5	12,11	639	149
20111	0,2	14,18	0,0	16,10	174	149
20112	3,7	1,0	10,3	0,0	866	149
20113	0,0	12,8	2,0	11,6	165	149
20114	3,5	0,0	5,1	0,1	152	149
20115	6,3	0,1	6,5	1,0	152	149
20117	2,0	9,1	8,3	4,10	168	149
20119	1,5	2,0	1,0	2,0	217	149
20120	1,5	9,1	7,3	4,10	236	149
20121	6,5	13,4	29,9	21,18	240	149
20126	96,133	46,69	87,72	65,50	152	149
20127	135,147	1,0	122,112	0,0	292	149
20128	178,129	90,68	286,185	125,74	152	149
20162	117,89	20,16	60,61	27,15	180	149
20163	433,515	0,4	442,234	0,0	314	149
20164	524,619	0,4	574,322	0,0	325	149
20165	91,104	0,0	134,88	2,0	160	149
20166	435,515	0,2	441,236	2,0	314	149
20167	1109,1171	0,2	1276,806	2,0	325	149
20168	676,656	2,0	836,572	1,2	160	149
20169	565,615	14,8	603,487	4,6	548	149
20170	2,2	0,1	2,0	4,3	160	149
20171	17,18	7,14	13,11	10,12	169	149
20172	0,1	6,3	0,1	7,9	153	149
20173	14,5	2,0	10,13	5,1	169	149
20174	63,84	2,0	65,40	3,1	153	149
20180	7,2	40,33	4,2	86,76	2648	149
20204	105,80	0,2	2,0	0,0	1964	149
20207	2905,2361	44,54	5154,3679	70,69	222	149
20213	83,79	2,2	74,54	0,0	204	149
20214	10,7	2,2	8,8	0,0	175	149
20229	6,7	0,2	10,3	2,0	226	149
20232	17,11	432,361	11,4	647,445	259	149
20234	6,9	1,0	7,5	0,0	152	149
20235	221,235	15,23	140,126	21,18	152	149
20238	3,5	0,4	8,9	0,0	233	149
20239	52,45	3,0	38,40	2,4	254	149
20242	1448,1202	4,10	1807,1337	5,3	219	149
20243	1263,855	4,0	1420,1099	0,0	151	149
20244	1052,793	17,13	1266,963	0,0	948	149
20249	95,63	4,0	56,45	0,0	878	149
20250	1018,722	1,0	1665,1083	0,0	878	149
20251	596,481	0,0	719,566	1,0	158	149
20253	380,351	6,10	601,446	7,3	526	149
20254	20,16	133,135	8,9	205,125	253	149
20255	15,15	0,2	8,9	0,0	253	149
20256	176,159	0,2	234,149	0,0	416	149
20258	18,10	197,120	5,9	243,200	203	149
20259	214,135	0,0	259,211	1,0	579	149
20260	267,163	5,6	269,223	1,0	400	149
20261	237,152	0,0	266,210	1,2	172	149
20262	99,101	1,0	122,71	0,0	459	149
20263	8,26	0,1	6,11	0,0	459	149
20264	132,154	0,1	97,82	0,0	1422	149
20265	127,128	2,0	93,72	0,0	1112	149
20266	141,116	15,10	151,98	1,0	921	149
20267	110,118	1,0	165,119	2,0	153	149
20268	0,2	20,42	0,0	18,18	203	149
20269	390,288	149,145	416,328	163,114	152	149
20270	6,3	7,0	5,3	3,0	221	149
20271	555,429	30,25	606,440	29,29	155	149
20272	118,122	73,64	118,78	56,37	217	149
20273	209,261	28,13	300,192	23,17	248	149
20276	22,19	183,203	9,6	124,58	218	149
20279	1056,800	0,3	1895,1344	2,0	290	149
20280	1822,1503	0,1	3254,2331	1,0	290	149
20282	37,40	152,144	72,55	251,158	203	149
20286	784,737	0,1	1090,720	0,0	457	149
20287	1065,838	3,0	1208,860	2,1	160	149
20288	564,474	0,0	989,688	1,0	155	149
20289	7,12	0,0	20,13	3,0	154	149
20290	29,34	0,0	50,32	1,1	154	149
20291	1687,1329	17,12	1636,1273	6,12	314	149
20295	208,177	1,4	264,223	4,3	161	149
20296	8,10	235,204	15,6	426,330	166	149
20297	10,19	3,3	9,3	2,1	162	149
20298	71,87	1,0	43,57	0,0	654	149
20299	47,79	2,0	43,45	0,0	446	149
20306	2310,2045	47,29	3833,3032	68,36	191	149
20307	1545,1294	21,9	2109,1546	6,4	528	149
20310	47,47	9,11	67,72	12,11	152	149
20311	2144,1826	9,11	3234,2356	12,11	215	149
20312	2119,1798	22,19	3195,2313	28,29	212	149
20313	624,693	1,5	836,592	1,2	654	149
20314	126,115	3,0	207,131	0,0	766	149
20315	1093,1167	1,0	1910,1358	0,0	381	149
20316	183,183	2,0	255,173	0,0	1714	149
20317	94,104	1111,994	51,41	2244,1570	961	149
20318	335,327	305,319	559,407	405,228	235	149
20319	600,605	305,319	1142,818	405,228	322	149
20320	269,287	4,9	585,414	2,3	236	149
20321	529,526	5,2	982,699	0,2	322	149
20322	2,5	8,9	0,0	1,0	229	149
20324	137,74	1,2	103,67	5,0	152	149
20325	1,3	96,109	0,2	91,62	263	149
20326	6,8	97,73	7,1	52,54	185	149
20327	205,239	6,0	119,104	2,0	166	149
20331	14,10	6,1	13,7	7,2	157	149
20332	1,2	1,3	3,0	1,0	179	149
20333	69,49	0,0	41,28	4,0	606	149
20334	169,165	19,9	118,93	10,6	1384	149
20335	20,27	98,68	10,25	108,77	606	149
20336	17,15	0,5	17,8	1,0	152	149
20338	4,0	69,66	3,0	116,69	179	149
20342	19,22	56,63	38,41	120,63	152	149
20343	4,10	0,2	8,6	0,0	152	149
20344	177,212	35,41	164,96	24,13	152	149
20348	557,519	0,1	559,412	1,2	205	149
20350	90,104	19,17	74,62	9,1	290	149
20354	37,31	226,186	73,37	378,237	171	149
20355	32,26	0,0	46,31	2,0	156	149
20356	283,339	0,0	375,200	2,0	489	149
20357	277,332	26,19	374,195	45,26	482	149
20366	7,20	0,1	9,5	2,0	159	149
20370	24,26	72,63	10,9	50,36	227	149
20371	19,22	3,2	9,5	5,0	227	149
20372	18,23	3,5	9,5	10,3	227	149
20373	7,15	236,213	3,12	311,167	294	149
20374	19,8	21,21	15,6	25,12	164	149
20375	24,19	25,16	21,29	29,23	152	149
20376	49,46	18,7	72,32	13,13	167	149
20377	13,19	0,7	13,5	2,2	162	149
20378	11,15	0,1	9,11	0,0	162	149
20379	3442,2671	0,0	4887,3393	1,0	1220	149
20380	13,6	652,601	5,3	939,597	198	149
20381	134,134	2,2	181,120	0,0	1220	149
20385	140,158	8,14	294,230	11,11	164	149
20386	2,0	418,370	0,0	411,311	223	149
20387	148,159	3,0	238,207	0,0	226	149
20388	172,208	1,3	285,233	0,2	226	149
20389	0,0	3,3	2,1	1,0	152	149
20390	20,10	3,3	22,12	1,0	200	149
20391	20,10	0,0	22,12	2,1	197	149
20393	35,41	653,609	51,33	1037,658	209	149
20394	46,37	132,101	43,41	216,172	667	149
20395	40,18	143,119	13,15	224,138	184	149
20397	108,106	1,0	120,81	0,0	222	149
20398	332,274	0,1	365,257	0,0	2346	149
20399	198,143	0,1	180,138	0,0	1033	149
20400	39,50	4,4	26,17	0,0	200	149
20401	4,9	39,32	2,3	54,45	183	149
20402	177,190	0,0	260,203	1,0	200	149
20403	5,7	140,120	12,6	200,174	214	149
20404	119,95	0,2	96,115	0,0	156	149
20407	0,5	95,79	5,6	130,92	167	149
20408	160,206	0,1	82,67	0,0	210	149
20409	666,808	0,1	490,295	0,0	785	149
20410	525,621	19,19	413,231	5,3	724	149
20411	41,82	1,3	38,27	2,0	358	149
20414	82,145	11,3	79,41	8,4	153	149
20417	4,5	25,11	6,2	26,23	308	149
20418	47,44	0,1	42,22	0,0	274	149
20419	141,129	10,1	212,150	3,1	201	149
20422	123,148	2,1	40,52	1,0	588	149
20438	34,23	0,0	27,17	1,0	305	149
20442	2,3	1,0	1,1	2,0	167	149
20443	5,13	133,126	16,11	213,150	168	149
20445	2,1	119,103	9,5	163,149	173	149
20449	8,16	1,0	0,11	0,0	1245	149
20450	247,210	18,14	177,142	5,3	152	149
20451	308,240	3,0	224,203	0,4	154	149
20452	196,157	0,1	234,145	1,1	167	149
20453	4,2	6,2	11,4	2,2	152	149
20454	500,363	6,2	501,330	2,2	281	149
20455	496,362	0,1	492,327	2,1	278	149
20456	255,251	1,0	273,172	1,0	155	149
20457	37,67	259,234	34,19	247,135	3099	149
20458	17,13	33,16	16,19	26,9	153	149
20459	0,2	0,0	0,1	2,0	153	149
20460	2,1	0,0	0,1	2,0	206	149
20461	4,3	0,0	3,2	2,0	250	149
20462	5,4	0,0	4,2	2,0	265	149
20464	4,3	0,2	3,1	0,0	246	149
20465	5,4	0,2	4,1	0,0	261	149
20469	81,75	45,27	108,52	33,23	152	149
20470	5,9	16,14	1,0	2,4	160	149
20472	77,75	22,24	105,82	34,15	197	149
20473	2,1	19,15	4,2	17,22	166	149
20474	0,4	92,61	4,1	119,79	166	149
20475	120,119	0,2	85,72	2,0	596	149
20476	920,855	6,3	1779,1220	4,0	596	149
20484	70,86	0,2	129,103	0,0	282	149
20485	140,139	0,2	218,177	0,0	387	149
20486	172,167	0,2	237,193	0,0	409	149
20487	70,53	0,0	90,74	1,0	254	149
20488	102,81	0,0	109,90	1,0	276	149
20490	5,5	0,0	6,0	2,0	154	149
20491	91,85	0,0	94,63	2,0	258	149
20492	87,81	1,1	88,63	0,0	253	149
20493	6,14	0,0	5,4	2,0	152	149
20495	1,1	0,0	4,4	2,0	152	149
20496	16,23	8,5	14,10	3,4	152	149
20497	473,453	9,9	716,538	3,4	154	149
20500	20,30	4,6	21,15	9,6	171	149
20509	0,1	27,19	0,1	36,16	202	149
20512	0,11	27,19	0,3	36,16	792	149
20513	6,0	1,6	0,1	0,0	324	149
20517	6,0	30,24	0,3	24,23	324	149
20518	6,0	30,24	0,1	24,23	349	149
20523	6,0	1,1	0,1	3,0	324	149
20526	16,12	0,3	17,12	3,1	154	149
20529	193,108	45,35	189,160	64,47	152	149
20530	0,3	70,69	3,0	162,108	163	149
20533	6,9	0,0	5,2	0,1	154	149
20534	38,28	7,1	38,21	1,2	727	149
20535	3,6	3,3	4,2	3,0	521	149
20536	0,0	5,1	0,1	0,3	170	149
20537	11,5	2,4	4,6	1,1	909	149
20538	10,5	0,2	4,6	0,0	537	149
20539	10,1	0,2	3,3	0,0	1840	149
20540	2,4	4,2	1,6	0,4	154	149
20544	8,11	0,0	9,4	3,1	154	149
20556	98,83	0,0	98,73	0,1	185	149
20557	5,2	2,1	5,6	1,2	224	149
20560	0,4	2,2	2,0	0,0	501	149
20576	536,441	3,0	379,287	0,0	216	149
20577	42,54	33,45	33,37	36,26	440	149
20578	10,10	69,66	4,4	39,34	207	149
20580	171,191	53,31	177,107	27,21	259	149
20581	711,573	8,10	1055,663	13,8	180	149
20582	56,66	0,0	40,28	0,1	170	149
20583	2,11	1,0	1,0	0,0	808	149
20586	17,42	0,1	15,9	0,0	210	149
20587	18,18	12,8	31,26	7,6	154	149
20588	5,10	3,2	6,6	0,0	154	149
20594	4,4	2,0	2,5	0,1	154	149
20596	3,6	3,0	5,4	0,2	154	149
20599	1,1	1,0	3,1	0,0	324	149
20603	0,0	19,38	1,0	32,35	180	149
20604	3,4	0,0	2,1	2,0	190	149
20606	3,4	0,0	1,1	2,0	173	149
20607	22,42	0,0	33,36	2,0	159	149
20609	1,1	19,12	3,1	40,20	349	149
20611	1,1	19,12	7,2	40,20	324	149
20614	1,2	41,35	4,4	44,45	324	149
20616	0,0	10,9	0,3	14,8	238	149
20617	0,0	10,9	0,3	14,8	206	149
20622	12,10	2,1	23,9	1,0	482	149
20655	1036,967	6,0	802,647	0,0	2245	149
20656	118,218	23,32	57,24	15,6	153	149
20657	338,481	9,3	218,124	0,0	538	149
20658	362,529	1,1	233,133	0,0	660	149
20659	36,51	1,1	15,9	0,0	271	149
20660	77,89	1,1	24,20	0,0	271	149
20661	45,63	1,2	21,19	0,0	271	149
20662	6,14	2,0	12,9	0,0	154	149
20663	105,82	7,4	196,129	7,9	385	149
20664	189,163	5,4	269,223	8,13	558	149
20665	25,18	82,75	36,17	88,60	324	149
20666	23,15	8,8	33,11	12,5	324	149
20667	55,39	0,0	57,36	0,1	220	149
20668	104,110	0,0	122,85	0,1	230	149
20669	50,71	1,0	67,51	2,2	159	149
20670	124,108	10,11	79,75	24,12	154	149
20671	54,39	0,2	56,34	0,0	220	149
20672	4,14	19,11	6,7	12,15	193	149
20674	149,191	6,5	387,287	12,5	211	149
20675	36,41	4,0	33,31	4,3	158	149
20676	0,0	23,19	0,1	60,22	171	149
20677	22,15	2,1	38,18	12,2	196	149
20678	33,39	22,27	65,32	40,22	196	149
20679	14,12	0,0	25,14	0,1	196	149
20680	1,2	140,79	1,1	110,87	304	149
20683	0,0	1,0	1,0	0,0	258	149
20684	125,120	5691,6438	122,93	4485,2772	174	149
20685	587,720	0,1	416,328	0,0	179	149
20686	6153,7038	0,1	4779,3007	0,0	154	149
20690	7,21	3,0	8,2	2,3	193	149
20691	14,10	21,12	6,7	6,9	153	149
20693	20,39	54,45	9,11	40,37	464	149
20694	1,0	4,0	1,2	2,0	170	149
20695	1,0	4,2	0,0	1,0	165	149
20704	4,2	4,6	8,5	9,12	152	149
20705	2,2	7,4	12,4	4,7	429	149
20706	19,40	2,0	8,6	0,0	823	149
20708	25,57	1083,810	17,9	1660,1283	1046	149
20710	8,17	1083,810	9,3	1660,1283	372	149
20711	6,17	1083,810	9,3	1660,1283	369	149
20712	1626,1300	2,0	1936,1493	0,0	4669	149
20713	146,70	1221,899	64,39	2047,1572	621	149
20715	2,4	80,98	2,3	150,114	173	149
20721	68,49	0,0	98,68	3,0	166	149
20722	1,0	20,13	0,0	27,19	170	149
20723	1,0	2,1	0,0	4,0	173	149
20724	20,13	2,1	27,19	4,0	152	149
20725	31,34	21,13	58,44	44,17	3952	149
20728	36,35	2,3	33,23	2,0	153	149
20736	1944,1486	11,7	2946,2064	15,11	195	149
20737	278,241	11,6	420,325	14,3	210	149
20750	10,14	1,5	3,1	2,0	152	149
20752	71,63	5,0	121,51	4,4	153	149
20753	13,21	2,3	24,13	1,3	186	149
20754	14,28	2,0	35,15	3,2	186	149
20755	2,2	1,8	3,2	6,0	183	149
20756	1,3	4,3	4,0	4,5	183	149
20757	0,0	2,0	0,2	0,0	306	149
20759	132,78	8,14	108,78	2,3	555	149
20760	64,47	0,0	103,55	2,0	191	149
20761	0,1	145,118	0,0	179,129	155	149
20765	21,29	256,194	4,4	235,203	152	149
20766	10,5	0,0	0,2	1,0	152	149
20767	1,2	242,179	0,0	280,261	257	149
20770	28,21	11,0	25,20	3,0	203	149
20774	1232,1096	0,1	1637,1191	2,0	309	149
20775	51,47	796,825	92,76	1098,750	167	149
20776	360,343	0,0	217,130	3,0	476	149
20777	262,190	956,725	350,239	1518,1038	173	149
20778	60,46	32,26	64,49	47,21	173	149
20779	5,7	4,0	7,1	0,0	162	149
20782	19,14	348,269	7,13	349,239	174	149
20783	384,299	74,37	444,370	87,59	185	149
20786	1,4	9,5	5,2	24,6	2759	149
20787	22,18	0,1	18,12	0,0	153	149
20792	59,68	0,0	89,66	1,0	152	149
20795	47,33	59,66	11,20	87,65	419	149
20796	2,1	0,4	1,0	0,0	153	149
20797	1,2	0,4	1,0	0,0	163	149
20798	0,1	1,0	1,0	1,0	159	149
20799	34,34	0,0	27,23	1,0	152	149
20802	0,1	1,0	1,0	0,0	159	149
20803	2,2	15,10	0,0	5,3	166	149
20804	0,2	0,0	0,0	0,2	166	149
20806	0,2	22,29	4,0	44,32	166	149
20808	7,3	216,167	4,1	303,241	214	149
20813	52,61	0,8	162,99	8,10	152	149
20814	2,2	112,115	0,1	180,105	152	149
20815	156,156	28,28	308,151	49,25	203	149
20816	16,22	980,882	9,18	1258,1026	169	149
20817	3,1	0,0	1,2	0,2	155	149
20818	3,1	0,0	4,3	0,2	155	149
20819	273,194	1,0	282,189	0,0	1961	149
20826	2,6	156,146	8,8	174,157	170	149
20829	493,560	1,1	686,567	0,0	1001	149
20830	493,562	13,11	683,563	1,7	513	149
20831	97,105	2,0	206,122	0,0	186	149
20832	1,0	0,0	3,2	1,2	153	149
20833	105,115	0,0	197,144	1,0	186	149
20834	0,1	21,18	2,0	34,26	153	149
20835	82,84	0,0	159,101	1,0	186	149
20836	2,0	8,7	0,0	7,4	183	149
20838	0,1	77,76	3,0	52,30	180	149
20841	1,2	3,7	2,6	5,4	624	149
20842	3,6	15,13	5,3	40,21	152	149
20843	80,79	363,298	167,103	691,537	152	149
20844	14,7	154,100	13,13	191,158	152	149
20845	315,233	172,152	716,455	376,269	152	149
20850	23,21	0,2	0,1	0,0	497	149
20853	7,9	2,0	3,4	0,0	410	149
20856	65,78	3,5	79,60	5,5	240	149
20857	0,1	84,91	0,0	97,67	203	149
20858	2,2	56,82	0,0	40,17	176	149
20859	208,217	2,4	489,347	5,6	266	149
20860	1,5	3,3	6,2	4,0	185	149
20861	5,9	3,3	9,4	4,0	190	149
20862	5,6	1,2	7,2	4,0	154	149
20863	50,75	84,97	53,48	101,88	1250	149
20875	850,620	6,2	1342,1086	9,5	293	149
20876	124,88	0,0	127,80	1,0	2840	149
20878	10,12	1,0	0,2	0,0	152	149
20879	282,199	0,0	313,228	0,4	187	149
20887	71,57	4,0	68,52	1,0	233	149
20888	140,112	1,0	151,123	1,0	233	149
20889	4,1	14,14	0,0	6,9	279	149
20892	257,258	0,1	349,226	1,0	204	149
20894	440,395	3,1	358,252	1,1	197	149
20895	422,312	0,2	321,236	2,2	158	149
20897	3,2	1,0	2,1	0,0	152	149
20898	304,272	4,0	485,325	0,0	482	149
20901	5,3	2,0	0,2	0,0	152	149
20902	5,6	329,265	3,3	511,377	174	149
20904	91,92	3,2	69,49	7,10	153	149
20914	188,197	0,0	94,83	2,1	306	149
20915	172,182	0,0	79,81	2,1	319	149
20916	6,3	22,18	1,5	16,7	162	149
20917	202,217	4,10	107,104	6,2	306	149
20918	169,185	4,10	80,79	6,2	319	149
20919	167,183	4,10	79,79	6,2	344	149
20920	3,6	36,38	2,3	29,28	162	149
20921	1,4	36,38	1,3	29,28	187	149
20922	0,2	2,4	0,0	1,0	174	149
20924	13,9	3,3	11,20	13,4	212	149
20925	13,9	6,5	12,20	7,8	212	149
20930	58,60	1397,1268	103,71	2184,1674	170	149
20931	0,3	38,19	5,0	23,27	167	149
20932	9,11	1,2	14,6	2,0	218	149
20933	10,11	2,2	14,6	0,1	227	149
20934	10,11	0,5	14,6	1,5	230	149
20935	47,27	1,2	32,33	2,0	200	149
20936	48,27	2,2	32,33	0,1	209	149
20937	48,27	0,5	32,33	1,5	212	149
20938	2,2	2,2	2,0	0,1	158	149
20939	2,2	0,5	2,0	1,5	161	149
20940	2,2	0,5	0,1	1,5	152	149
20941	0,0	1,1	4,0	5,1	167	149
20944	30,22	4,1	19,5	1,2	152	149
20947	2,3	104,90	2,1	183,117	203	149
20948	42,30	1430,1094	109,74	3112,2082	179	149
20949	0,3	1404,1034	2,1	4025,2803	177	149
20950	2645,2074	0,3	5885,4454	0,0	887	149
20952	966,801	0,0	2216,1778	1,0	153	149
20967	9,6	389,328	4,4	711,507	156	149
20971	49,62	0,0	63,61	1,1	242	149
20973	10,1	2,3	5,4	8,4	165	149
20980	0,2	0,2	1,3	0,0	152	149
20982	55,47	0,0	101,74	1,0	637	149
20984	14,23	5,8	27,28	22,14	152	149
20985	25,28	0,1	48,26	1,0	155	149
20987	473,416	20,16	794,588	15,11	5059	149
20988	19,21	213,181	41,20	406,296	208	149
20989	0,4	35,41	0,4	21,16	152	149
20990	12,13	61,74	4,3	85,58	152	149
20991	92,52	0,1	106,125	0,0	192	149
20993	20,10	6,10	24,19	14,8	152	149
20996	1544,1380	10,5	2255,1751	4,3	730	149
20997	1745,1669	1,3	2511,1866	8,0	155	149
20998	5,5	0,0	1,0	0,1	1413	149
21001	4,1	1,0	2,3	0,0	558	149
21003	188,195	3,1	134,131	3,0	191	149
21004	162,191	17,28	68,62	8,2	181	149
21006	1,2	9,11	0,1	26,24	190	149
21007	5,7	9,11	2,3	26,24	256	149
21008	5,5	1,0	2,2	0,0	215	149
21009	4,8	9,11	1,6	26,24	393	149
21010	4,6	1,0	1,5	0,0	352	149
21011	0,3	1,2	0,4	1,1	286	149
21013	7,3	0,1	11,7	9,9	153	149
21015	18,9	130,88	5,6	140,113	175	149
21016	106,84	2,0	132,106	0,1	2178	149
21025	13,7	2,2	3,2	0,2	197	149
21029	109,105	0,1	126,104	0,0	179	149
21030	886,629	14,15	1116,758	12,8	179	149
21040	18,8	6,4	7,7	6,3	189	149
21043	125,117	8,5	224,148	18,6	246	149
21045	8,6	10,6	4,5	11,9	168	149
21047	130,121	1,0	224,170	2,0	170	149
21054	2,0	0,0	0,1	1,0	904	149
21056	80,60	1,1	82,50	0,0	1525	149
21057	46,57	0,4	70,48	0,0	202	149
21058	66,55	3,2	69,59	3,1	231	149
21059	1,3	33,39	8,3	59,25	181	149
21060	83,73	0,2	70,72	0,0	279	149
21061	33,23	0,2	54,46	6,0	642	149
21062	38,12	0,2	38,18	0,0	1688	149
21063	40,18	0,0	47,38	0,2	199	149
21064	12,10	0,0	8,10	2,0	175	149
21075	3,1	25,17	1,2	36,32	868	149
21078	11,6	4,12	5,6	7,13	171	149
21079	2,7	7,6	3,0	11,2	152	149
21080	175,201	70,72	277,162	74,51	230	149
21081	86,73	0,2	60,46	0,0	1858	149
21082	3,1	140,109	4,0	153,116	166	149
21083	196,187	0,1	232,200	2,0	188	149
21084	42,23	0,1	69,46	2,0	206	149
21085	4,2	158,166	8,2	171,156	167	149
21086	534,653	6,1	508,404	5,0	483	149
21089	214,198	8,10	212,184	5,4	428	149
21090	19,12	213,157	9,7	207,153	165	149
21091	95,119	4,3	107,70	5,0	489	149
21096	2,2	166,163	2,2	128,84	328	149
21098	8,3	33,43	8,3	27,9	218	149
21099	1,0	1,0	3,1	0,1	152	149
21100	16,10	12,13	21,20	21,16	152	149
21101	757,641	43,37	1052,747	16,17	363	149
21102	581,546	5,2	939,748	0,0	352	149
21106	7,0	2,0	1,3	0,0	413	149
21107	244,193	12,17	376,276	14,14	152	149
21108	238,186	0,6	261,172	0,1	1529	149
21109	301,240	5,7	357,292	7,4	207	149
21110	24,23	168,154	36,24	203,129	211	149
21111	7,0	25,27	6,0	30,21	152	149
21112	3,3	46,23	10,0	41,33	173	149
21113	155,130	0,1	89,92	1,0	168	149
21114	32,21	0,1	22,11	1,0	195	149
21115	4,4	127,113	1,0	68,81	176	149
21116	679,596	13,15	508,432	4,7	609	149
21117	525,585	0,1	470,376	0,0	959	149
21118	367,376	2,6	230,184	1,2	199	149
21119	6,4	349,291	11,0	213,206	177	149
21120	23,12	146,145	14,10	98,115	184	149
21121	26,21	146,145	17,13	98,115	188	149
21122	7,9	4,0	3,4	0,1	153	149
21123	8,18	1,5	4,1	0,0	154	149
21125	1130,1076	3,3	1452,950	0,0	608	149
21126	3,3	1,1	3,0	0,1	167	149
21127	3,0	1,0	6,3	0,0	167	149
21129	10,7	0,2	8,9	2,1	167	149
21151	0,1	5,7	2,2	21,14	166	149
21152	1,4	0,1	5,15	0,0	520	149
21153	6,11	0,1	17,20	1,0	153	149
21154	62,43	0,1	32,31	0,0	670	149
21155	34,18	7,1	64,25	0,0	184	149
21156	30,29	0,0	56,29	0,1	210	149
21158	16,4	119,136	4,11	180,145	335	149
21159	1,0	135,106	6,0	299,210	174	149
21160	0,2	42,29	2,0	51,31	164	149
21162	0,0	0,1	2,1	0,0	152	149
21163	0,0	4,3	2,1	4,2	152	149
21164	20,11	72,95	10,3	66,63	235	149
21165	293,254	4,2	318,223	0,0	680	149
21166	4,15	45,34	5,3	48,35	239	149
21167	202,149	73,83	221,172	113,56	152	149
21168	85,90	5,1	89,82	6,11	646	149
21169	82,119	0,4	94,65	0,2	195	149
21172	61,32	13,16	27,10	14,4	152	149
21182	105,97	1193,1030	101,62	897,741	257	149
21183	878,794	1,3	815,550	5,7	185	149
21184	10,8	988,936	8,4	860,497	182	149
21185	226,183	5,6	257,166	1,1	226	149
21187	135,143	339,320	158,117	529,389	557	149
21188	64,59	0,1	88,37	0,0	1558	149
21189	469,393	13,3	738,479	13,8	762	149
21190	6,4	270,237	5,5	470,334	170	149
21192	23,25	28,19	39,17	27,34	152	149
21193	7,7	0,0	8,7	2,0	154	149
21194	9,10	0,1	6,10	0,0	154	149
21195	82,91	1061,1130	62,30	665,426	152	149
21197	0,1	8,0	0,0	3,2	188	149
21198	17,30	1,0	20,9	0,0	154	149
21201	136,117	97,77	61,52	33,29	194	149
21202	3,3	5,7	2,0	8,3	162	149
21203	2,6	0,7	1,2	3,1	152	149
21208	1,3	1,0	3,0	0,0	929	149
21219	276,208	8,0	207,200	0,0	697	149
21220	8,8	102,89	2,2	87,79	963	149
21221	16,13	8,3	20,11	9,7	152	149
21222	1,0	2,1	3,1	0,0	152	149
21225	53,68	2,1	48,30	6,4	298	149
21239	16,13	1,0	15,14	4,2	205	149
21240	3,4	0,1	3,4	2,3	273	149
21241	0,0	4,4	1,0	4,1	169	149
21244	5,0	1,0	1,4	3,0	152	149
21245	12,2	0,0	3,4	0,1	152	149
21247	165,145	42,53	188,120	48,35	215	149
21248	202,128	0,1	130,97	0,0	163	149
21249	1,0	187,187	1,1	656,397	244	149
21250	327,289	7,7	581,397	6,0	189	149
21260	1,0	10,8	0,0	6,1	153	149
21262	65,90	2,5	105,80	4,3	244	149
21263	3,2	86,61	5,3	113,64	217	149
21267	11,4	400,312	8,10	590,388	160	149
21268	3,1	1,0	7,2	3,0	168	149
21270	102,93	6,2	60,46	2,1	2212	149
21271	75,75	1,6	52,37	5,0	152	149
21291	3,0	0,1	1,0	0,0	192	149
21292	4,1	0,1	1,2	0,0	192	149
21293	7,9	0,1	8,3	0,0	1603	149
21294	4,9	1,1	7,3	0,2	1560	149
21296	8,7	1,0	10,14	0,0	192	149
21297	3,2	5,1	0,0	3,1	195	149
21299	30,41	1,3	22,19	0,3	300	149
21303	6,6	0,0	15,11	2,6	154	149
21305	2,2	75,55	1,1	47,34	168	149
21308	9,9	29,19	12,5	4,9	199	149
21310	3,3	29,19	6,2	4,9	172	149
21311	0,2	29,19	1,2	4,9	168	149
21312	400,365	0,0	694,496	1,0	824	149
21313	239,234	37,48	438,319	76,44	152	149
21314	59,54	19,34	36,25	20,10	152	149
21318	36,40	1,0	34,30	0,0	206	149
21320	17,4	0,1	5,3	0,0	459	149
21321	9,0	2,0	4,3	2,2	152	149
21334	6,16	119,113	28,9	152,104	161	149
21340	134,124	1,0	236,168	0,0	256	149
21341	32,21	484,446	24,28	449,309	170	149
21342	556,517	3,0	519,363	2,0	323	149
21343	3,2	1,1	3,3	1,0	165	149
21344	18,10	2,0	7,5	0,0	448	149
21345	3,0	57,47	5,1	82,53	186	149
21359	9,10	41,29	2,4	13,22	170	149
21364	8,2	26,19	7,5	15,14	152	149
21365	1889,1687	0,2	4255,3146	0,0	274	149
21366	1446,1192	17,4	4212,2833	7,3	204	149
21369	1,2	243,276	0,2	184,126	200	149
21370	1,2	243,276	0,2	184,126	213	149
21374	1,0	1,1	0,0	6,0	169	149
21387	0,2	0,2	0,0	1,0	152	149
21395	15,5	0,0	3,3	0,2	208	149
21396	22,10	0,0	5,9	0,2	240	149
21408	0,0	0,1	1,0	0,0	197	149
21413	1,0	0,0	0,3	1,0	180	149
21418	1,0	0,0	1,1	0,1	175	149
21419	2,0	0,0	2,3	0,1	171	149
21425	8,2	0,1	0,6	0,0	1254	149
21427	1,0	0,1	0,0	0,2	239	149
21429	3,0	1,0	2,2	4,0	173	149
21432	1879,2015	352,373	1307,860	141,81	786	149
21433	1658,1708	54,37	1211,761	2,2	786	149
21434	1147,1453	29,28	475,333	1,2	256	149
21435	244,300	0,2	97,62	0,0	154	149
21436	1366,1487	88,91	589,417	38,24	154	149
21437	54,77	88,91	16,7	38,24	178	149
21438	9,5	1321,1415	1,0	574,410	173	149
21442	296,286	2,8	285,222	3,0	524	149
21444	351,277	2,5	434,338	11,3	191	149
21445	44,36	2,5	52,43	11,3	175	149
21447	1,5	266,211	1,3	424,276	455	149
21451	7,3	391,354	2,0	481,301	194	149
21452	230,238	34,45	298,186	36,34	181	149
21454	18,8	177,124	25,19	254,141	152	149
21460	5,8	0,0	12,8	2,0	152	149
21461	410,297	0,0	992,619	2,0	209	149
21467	3,2	11,9	0,2	10,5	166	149
21469	9,9	4,1	6,4	1,0	203	149
21470	10,5	7,10	3,15	3,0	200	149
21475	32,22	5,0	5,17	3,0	199	149
21479	2,0	0,1	0,0	1,5	1315	149
21483	1,2	0,5	4,3	0,0	152	149
21486	27,32	0,1	52,30	0,0	154	149
21489	5,1	14,13	0,0	9,11	186	149
21490	5,2	19,14	0,3	6,4	648	149
21491	46,56	28,24	28,23	25,33	834	149
21496	14,11	547,432	10,8	752,571	154	149
21497	29,30	547,432	39,21	752,571	179	149
21498	15,19	0,0	30,13	1,0	174	149
21499	136,110	0,1	97,89	0,0	553	149
21500	3,3	0,2	2,1	0,0	194	149
21502	184,143	0,1	281,240	0,0	189	149
21505	1,2	2,6	3,0	0,3	152	149
21506	0,0	7,3	2,7	21,10	195	149
21514	1,5	2,4	0,2	3,3	152	149
21517	14003,15118	6,3	15085,7229	4,1	535	149
21518	15842,14209	4,7	20502,14611	0,1	402	149
21519	11085,9898	2,0	15612,11103	0,0	749	149
21521	10,2	0,2	0,3	0,0	429	149
21523	26,15	2,0	15,11	0,0	1593	149
21524	5,2	1,2	0,2	1,1	252	149
21525	31,29	55,50	61,42	84,50	164	149
21537	0,1	54,53	2,3	83,59	234	149
21544	156,103	56,45	100,115	52,42	538	149
21551	1,0	6,1	1,0	0,0	1973	149
21552	1384,1168	2,0	1941,1419	7,1	221	149
21553	6,0	0,1	4,2	2,0	152	149
21554	15,5	0,1	22,21	2,0	173	149
21555	14,5	5,0	22,21	4,2	170	149
21556	3,2	3,0	6,5	0,1	170	149
21568	16,16	2127,1866	26,22	2464,1851	176	149
21569	2123,1904	2,0	2386,1852	0,0	476	149
21570	313,322	4,7	539,417	3,4	170	149
21571	2329,2138	6,1	3429,2345	3,2	170	149
21573	2,0	10,19	2,0	31,30	152	149
21575	334,272	9,2	396,288	6,3	152	149
21576	0,2	1,2	0,0	1,0	152	149
21579	3,5	338,283	6,9	590,449	178	149
21580	417,365	3,0	652,486	17,5	179	149
21583	2,3	126,128	0,0	205,127	179	149
21586	0,2	2,3	1,0	3,1	165	149
21587	105,80	2,7	120,92	0,2	155	149
21590	108,109	0,1	62,58	0,0	203	149
21591	290,311	7,9	161,164	0,2	203	149
21592	14,6	2,0	4,2	1,0	220	149
21593	0,0	1,0	1,2	0,0	234	149
21594	697,663	14,10	733,526	11,10	1358	149
21595	0,3	159,149	1,0	133,118	160	149
21596	300,260	74,75	241,170	68,63	1383	149
21597	33,25	1,0	12,16	0,0	491	149
21601	6,3	0,0	11,6	2,0	172	149
21602	3,1	0,0	3,2	2,0	176	149
21603	1,1	4,3	0,0	8,4	153	149
21605	59,51	76,75	85,62	98,58	182	149
21606	23,25	17,15	40,20	21,15	182	149
21610	85,62	2,0	142,86	0,0	169	149
21614	0,1	3,0	2,2	1,0	221	149
21615	2,1	8,3	4,0	2,1	152	149
21616	12,8	37,16	12,4	8,6	332	149
21617	18,10	37,16	10,5	8,6	329	149
21618	10,7	1,0	8,6	0,0	329	149
21619	47,30	221,185	31,36	271,142	154	149
21621	2,0	0,1	6,0	0,0	635	149
21632	1,0	3,8	3,0	11,11	152	149
21633	94,112	8,11	93,96	3,8	174	149
21634	184,154	6,6	189,156	2,3	202	149
21635	26,11	8,8	30,20	9,2	209	149
21636	26,11	126,82	31,20	183,132	209	149
21638	0,0	1,3	1,0	1,1	171	149
21639	21,17	191,186	25,23	366,259	430	149
21641	0,2	1,2	0,2	0,0	187	149
21642	73,50	70,40	71,41	59,43	185	149
21643	10,8	0,1	0,3	0,0	219	149
21645	0,0	8,2	3,2	14,2	162	149
21650	510,508	11,7	534,410	19,12	4740	149
21651	41,54	24,21	36,34	32,37	257	149
21652	1,4	0,3	2,5	4,3	231	149
21667	8,10	660,536	14,3	892,616	180	149
21668	1035,794	1,2	1472,984	4,2	2006	149
21669	6,3	681,577	4,2	993,686	310	149
21670	875,732	2,2	1083,670	0,0	151	149
21672	11,17	5,7	28,24	8,3	173	149
21673	229,205	132,84	245,198	173,162	161	149
21675	26,17	167,123	23,22	133,156	152	149
21676	36,31	61,59	34,42	80,72	152	149
21687	2276,1923	5,1	3609,2391	0,0	245	149
21688	353,318	5,1	711,384	0,0	217	149
21699	17,20	2,0	27,7	3,0	448	149
21716	1,0	62,52	2,0	30,36	611	149
21720	0,3	116,98	3,0	93,60	191	149
21724	106,115	2,3	128,82	0,0	762	149
21725	12,18	2,0	25,9	0,1	153	149
21726	115,128	1,0	149,88	0,0	762	149
21728	55,46	38,40	49,34	50,25	467	149
21729	4,2	5,1	18,5	1,1	259	149
21730	9,2	0,0	19,6	2,1	262	149
21731	9,2	0,1	20,7	0,1	279	149
21732	10,1	0,0	2,2	2,1	152	149
21733	10,1	0,1	3,3	0,1	169	149
21734	0,0	0,1	3,2	0,1	166	149
21736	272,191	2,2	259,216	0,2	258	149
21738	1,1	2,0	2,0	2,0	181	149
21739	71,65	114,107	95,67	159,102	193	149
21747	122,117	2,9	189,116	9,7	395	149
21748	0,1	0,1	5,5	0,0	155	149
21751	1,1	0,0	3,2	2,2	172	149
21757	57,91	21,10	26,8	15,5	199	149
21759	313,304	106,106	355,228	109,86	152	149
21760	319,316	0,0	361,237	1,3	155	149
21761	112,118	0,0	115,95	1,3	152	149
21774	813,661	1,0	1052,828	5,1	2792	149
21776	13,9	2,3	12,23	4,2	152	149
21782	7,2	5,2	1,0	0,0	315	149
21785	182,205	0,1	264,210	4,4	260	149
21786	7,7	88,83	11,9	121,121	168	149
21787	34,20	96,95	23,24	201,121	1364	149
21788	75,54	2,2	93,60	8,7	1427	149
21789	137,129	2,2	271,157	8,7	212	149
21790	3,4	4,0	8,3	0,0	365	149
21791	49,34	98,82	56,41	124,74	152	149
21792	5,4	3,6	3,7	2,1	152	149
21794	5,10	0,0	5,3	2,3	308	149
21795	12,16	152,166	22,11	248,147	326	149
21796	16,18	2,6	25,16	4,4	329	149
21797	4,6	0,0	4,3	2,3	219	149
21798	11,12	152,166	21,11	248,147	237	149
21799	15,14	2,6	24,16	4,4	240	149
21800	7,6	152,166	19,11	248,147	167	149
21801	11,8	2,6	22,16	4,4	170	149
21802	156,168	2,6	251,152	4,4	152	149
21804	147,170	1,0	143,79	0,0	757	149
21805	5,2	67,105	0,5	102,42	163	149
21812	4,7	219,194	5,5	241,184	160	149
21814	44,45	1,3	107,80	1,5	166	149
21823	0,0	0,1	2,0	0,1	154	149
21828	177,122	1,0	356,265	7,3	209	149
21835	8,2	2,0	4,5	2,0	163	149
21836	61,33	4,4	40,26	0,0	163	149
21837	108,84	10,2	64,60	9,1	153	149
21838	82,52	1,0	53,51	0,0	170	149
21850	1224,993	0,0	1973,1541	2,0	2028	149
21851	303,257	30,14	711,466	46,32	188	149
21855	63,84	0,1	83,54	0,1	181	149
21856	31,26	2,0	36,26	0,1	168	149
21859	76,83	0,0	105,81	2,2	203	149
21860	379,377	0,1	445,258	0,0	176	149
21874	60,30	16,15	57,37	18,17	223	149
21876	195,117	14,16	316,236	31,11	217	149
21877	26,14	9,6	37,23	7,11	152	149
21878	15,9	0,0	30,36	2,0	157	149
21879	82,52	38,28	128,90	56,36	152	149
21881	94,101	0,0	114,42	0,1	178	149
21884	12,4	2,0	22,7	0,1	152	149
21885	78,65	0,1	120,89	2,0	205	149
21886	2,3	168,133	0,2	134,136	174	149
21893	4,2	0,2	0,0	1,0	380	149
21896	8,3	0,1	8,6	0,0	1291	149
21897	152,123	15,13	195,124	2,6	1291	149
21898	34,21	192,194	20,8	209,133	152	149
21899	231,180	0,0	202,118	1,0	155	149
21900	391,294	1,4	382,290	0,0	216	149
21901	356,279	2,0	348,263	0,0	930	149
21902	1,2	245,168	4,0	229,175	178	149
21904	4,5	179,131	3,3	157,125	163	149
21905	57,39	0,1	43,35	0,0	182	149
21907	232,165	0,1	197,157	0,0	168	149
21910	4,5	167,203	2,4	166,125	175	149
21911	219,219	17,12	239,205	3,2	178	149
21912	346,337	2,2	333,224	0,0	229	149
21915	369,367	0,1	375,273	0,1	229	149
21917	3,2	200,209	0,3	152,130	188	149
21921	33,31	0,0	27,22	1,0	173	149
21922	212,166	0,2	103,98	0,0	870	149
21923	205,172	4,1	129,116	0,0	173	149
21924	259,211	1,0	125,119	0,0	545	149
21925	240,186	0,2	223,162	0,0	161	149
21926	344,302	0,0	346,233	2,0	233	149
21927	357,305	0,1	351,238	0,0	246	149
21928	104,118	0,0	123,71	2,0	221	149
21929	117,121	0,1	128,76	0,0	234	149
21930	13,3	0,1	7,5	0,0	162	149
21932	278,285	5,0	280,198	0,0	217	149
21933	286,298	3,0	295,205	0,0	222	149
21934	101,83	5,0	74,59	0,0	213	149
21935	109,96	3,0	89,66	0,0	218	149
21936	13,13	3,0	15,7	0,0	154	149
21941	29,30	1,5	54,31	1,1	152	149
21954	0,0	1,2	0,1	0,0	179	149
21955	0,1	1,2	0,1	0,0	222	149
21956	0,1	1,2	1,1	0,0	290	149
21957	0,1	1,2	1,1	0,0	313	149
21969	235,189	32,16	337,247	54,29	152	149
21970	9,16	0,0	13,10	2,0	152	149
21971	265,294	15,1	431,299	10,4	200	149
21972	98,79	66,50	173,122	108,87	167	149
21978	2,0	0,2	0,0	2,0	154	149
21979	6,12	160,156	9,9	201,144	185	149
21980	302,330	3,1	383,209	0,0	1814	149
21982	145,133	1,0	191,91	0,0	1814	149
21983	163,191	14,23	196,106	18,17	152	149
21984	194,185	2,2	220,147	1,0	152	149
21986	218,186	4,0	189,145	0,1	703	149
21988	159,124	9,9	274,213	12,3	183	149
21989	17,11	0,2	38,14	8,0	183	149
21992	360,243	0,1	278,201	0,0	561	149
21993	152,113	4,2	215,122	1,4	162	149
21994	553,438	1,4	594,526	1,1	155	149
21997	359,289	0,0	390,257	1,0	157	149
21998	491,367	3,0	482,330	6,6	191	149
21999	99,102	0,0	144,93	0,1	265	149
22000	191,202	12,14	240,184	21,13	2428	149
22001	163,137	2,0	207,149	0,0	155	149
22002	0,1	107,99	0,1	159,133	201	149
22003	6,7	51,53	5,4	65,57	218	149
22007	6,5	0,1	2,0	0,0	153	149
22015	11,10	35,41	5,1	24,27	217	149
22017	135,130	1,0	127,108	4,1	272	149
22018	113,99	1,0	100,80	4,1	308	149
22019	34,35	56,66	15,9	42,37	185	149
22020	2,0	1,1	2,3	2,0	152	149
22021	56,37	0,2	112,75	4,0	209	149
22022	404,339	0,2	744,510	4,0	625	149
22023	349,303	1,1	632,435	0,0	565	149
22024	249,186	1,0	480,329	0,0	565	149
22025	267,200	5,1	360,293	2,1	729	149
22026	231,186	0,0	321,235	0,2	729	149
22027	3,0	60,52	2,0	51,37	154	149
22028	22,25	1334,1189	18,6	1463,1139	169	149
22029	14,17	1342,1118	20,17	1582,1146	184	149
22030	82,62	1276,1164	60,40	1346,1045	191	149
22031	1765,1418	33,30	1989,1438	23,17	218	149
22032	1131,1003	1,0	1409,1076	0,0	310	149
22033	0,0	0,1	0,2	0,3	169	149
22035	2,9	2,5	5,2	6,2	169	149
22036	4,3	0,3	2,2	7,4	172	149
22037	172,111	2,0	174,116	0,0	291	149
22038	61,46	38,28	83,50	38,26	187	149
22039	459,380	38,28	462,323	38,26	199	149
22040	399,334	1,0	379,273	0,0	161	149
22041	461,469	2,4	493,390	0,4	170	149
22042	0,8	271,191	3,1	324,195	164	149
22044	24,29	24,30	30,28	25,14	152	149
22045	64,73	24,30	61,60	25,14	171	149
22046	58,62	18,18	55,52	24,20	168	149
22047	4,0	208,189	4,0	304,207	1703	149
22070	1,10	0,5	12,9	1,1	154	149
22071	31,42	0,0	54,40	1,0	154	149
22074	0,0	8,18	0,1	6,3	174	149
22075	84,69	0,1	67,43	0,0	208	149
22077	12,11	2,0	2,7	0,0	152	149
22078	15,14	1,5	12,13	1,2	152	149
22080	57,46	0,0	43,38	5,5	152	149
22081	3,2	1,1	2,1	0,0	152	149
22082	17,18	1,1	23,28	5,1	152	149
22083	4,16	2,0	3,9	0,6	152	149
22084	10,7	1,0	3,4	0,0	152	149
22086	748,534	1,0	1153,891	5,1	2906	149
22087	52,53	14,10	32,22	22,14	766	149
22094	11,5	0,0	5,2	0,1	448	149
22096	26,20	10,11	24,8	4,4	1104	149
22097	3,0	10,11	0,0	4,4	220	149
22100	2086,1590	1,1	2440,1864	2,0	2340	149
22101	19,17	943,716	44,32	1817,1159	174	149
22103	486,387	2,0	566,410	0,0	675	149
22104	14,9	270,217	15,15	516,292	178	149
22150	34,31	39,65	41,26	62,42	152	149
22151	4,0	2,0	2,0	0,0	152	149
22152	16,24	2,9	12,8	1,2	152	149
22153	4,8	0,1	4,3	2,0	152	149
22159	29,25	2,1	9,7	0,2	369	149
22160	1,1	4,0	0,0	2,1	164	149
22161	3,0	3,1	0,0	0,1	159	149
22162	266,195	3,0	320,281	2,0	204	149
22163	19,54	0,1	11,6	0,0	382	149
22165	58,133	2,0	36,12	0,0	342	149
22166	301,444	6,18	345,162	3,0	594	149
22167	1399,1388	6,3	2024,1627	2,8	155	149
22168	3500,4109	19,45	4437,3125	11,7	244	149
22169	1239,1613	3,2	1342,776	1,1	323	149
22170	42,58	1208,1569	22,9	1327,771	527	149
22171	193,171	8,4	285,202	0,4	152	149
22172	18,6	1,5	11,6	3,2	152	149
22173	101,84	0,1	200,144	0,0	152	149
22174	97,79	7,15	205,147	11,8	152	149
22175	242,264	4,0	125,90	2,0	286	149
22176	135,170	6,2	92,60	0,0	198	149
22177	102,81	4,1	214,156	9,8	152	149
22178	243,264	6,2	127,89	8,6	286	149
22179	408,432	6,2	183,125	8,6	382	149
22180	170,173	1,0	59,38	2,0	245	149
22181	139,173	13,22	94,64	9,2	198	149
22182	98,83	0,0	205,145	1,1	152	149
22183	117,102	2,1	240,184	2,2	152	149
22186	10,14	4,4	37,18	7,1	152	149
22187	242,264	8,6	125,89	11,1	286	149
22188	397,413	8,6	178,127	11,1	382	149
22189	535,586	8,6	266,183	11,1	431	149
22192	140,176	2,3	92,60	4,4	198	149
22193	75,57	2,2	46,18	0,0	526	149
22194	712,618	7,13	975,797	1,6	393	149
22195	60,25	608,601	20,14	840,627	369	149
22198	90,61	0,0	114,105	2,1	1038	149
22199	2,0	0,0	1,0	2,0	179	149
22201	128,102	0,1	357,275	1,0	153	149
22203	967,1032	19,12	970,782	4,2	641	149
22204	1086,1169	3,3	1169,944	0,0	698	149
22205	138,149	3,3	203,164	0,0	206	149
22206	119,137	4,0	199,163	6,3	206	149
22207	124,140	1,2	203,164	6,1	206	149
22208	40,67	0,1	42,12	0,2	160	149
22209	3,10	81,93	4,0	71,28	167	149
22210	43,52	13,10	37,23	5,5	154	149
22211	27,29	0,1	20,22	0,0	352	149
22212	550,543	1,3	336,139	0,0	366	149
22213	5,1	44,29	2,3	66,28	188	149
22215	360,386	0,5	310,167	0,0	359	149
22216	737,758	0,1	657,502	0,0	700	149
22217	917,875	50,29	893,715	33,32	200	149
22218	183,288	0,1	98,58	0,0	1448	149
22219	81,115	1,0	36,35	0,0	1448	149
22220	424,399	6,3	547,476	2,3	867	149
22221	138,167	5,14	96,45	3,4	152	149
22222	54,83	0,2	25,4	0,0	200	149
22223	5,7	0,0	6,3	2,0	187	149
22225	16,11	0,1	20,13	0,0	197	149
22226	209,199	5,7	262,194	7,6	152	149
22227	16,9	1,2	21,15	5,0	197	149
22228	32,30	222,162	37,32	273,247	197	149
22230	260,217	10,4	404,293	17,4	198	149
22231	2228,1961	16,31	2572,1886	16,9	170	149
22232	2755,2323	2,3	3207,2491	0,0	511	149
22233	795,668	2,1	486,413	0,0	511	149
22234	110,71	491,487	158,138	666,373	172	149
22235	99,66	270,221	161,138	372,258	172	149
22236	7,10	1,0	14,13	2,2	152	149
22237	6,4	6,13	5,5	11,4	167	149
22238	13,11	45,51	12,6	71,33	200	149
22240	13,20	45,51	18,5	71,33	182	149
22243	121,124	4,7	160,121	7,0	152	149
22244	692,595	5,4	906,672	4,4	613	149
22245	42,32	42,52	33,24	74,47	164	149
22249	120,87	25,24	97,83	26,15	152	149
22252	16,9	2,0	8,6	0,0	543	149
22253	14,12	11,12	18,1	7,3	235	149
22255	0,0	0,1	1,0	1,0	152	149
22258	1,6	1,0	10,5	0,0	291	149
22262	64,66	5,2	69,71	2,1	153	149
22263	9,4	11,21	4,2	13,16	153	149
22264	23,25	0,0	46,36	1,2	154	149
22265	1,0	0,2	1,0	0,0	179	149
22266	10,18	11,28	10,8	9,3	179	149
22267	0,2	1,0	1,0	1,0	179	149
22268	32,34	32,29	12,22	29,12	152	149
22277	1,0	20,6	1,1	14,15	164	149
22278	26,15	1,1	36,23	0,1	214	149
22279	7,2	0,0	2,6	3,1	201	149
22281	127,128	1,0	117,65	0,0	246	149
22282	7,7	0,3	5,3	0,2	154	149
22283	100,82	5,6	100,65	3,3	154	149
22284	37,26	13,7	33,29	5,6	154	149
22287	3,7	0,0	12,16	0,1	1240	149
22291	20,19	25,23	42,17	14,16	152	149
22292	33,30	4,0	31,18	0,0	243	149
22294	4,1	45,48	4,6	50,56	189	149
22298	1,0	0,0	2,0	2,1	154	149
22299	2,1	1,2	3,3	0,0	299	149
22304	0,0	4,3	1,0	9,6	271	149
22305	5,6	11,14	9,11	29,12	229	149
22306	49,38	13,4	60,42	11,6	314	149
22307	49,50	41,38	60,38	31,47	152	149
22309	199,136	31,22	310,217	30,37	410	149
22310	93,76	0,0	157,127	0,1	410	149
22311	4,0	2,1	5,11	0,0	533	149
22312	14,18	18,15	16,8	20,17	187	149
22313	44,41	106,110	39,21	150,126	187	149
22314	18,11	0,0	18,7	1,2	187	149
22315	13,23	79,68	15,10	102,94	220	149
22316	43,49	0,2	61,54	4,0	254	149
22317	111,112	0,0	134,126	0,1	350	149
22318	109,94	0,2	148,138	4,0	183	149
22319	177,157	0,0	221,210	0,1	279	149
22320	68,65	0,0	77,72	0,1	245	149
22321	14,5	192,121	6,3	220,225	292	149
22324	1135,833	67,70	493,419	23,20	152	149
22325	2578,2161	1,0	1201,1011	0,0	431	149
22329	116,111	3,3	81,74	0,0	1289	149
22331	128,114	10,7	116,106	1,1	194	149
22332	310,350	11,12	434,378	8,11	194	149
22333	593,529	0,1	548,390	0,0	969	149
22341	0,0	2,1	0,2	0,1	152	149
22342	2,3	9,14	0,2	20,7	152	149
22343	1,0	1,0	0,0	0,2	152	149
22345	19,10	2,1	5,5	2,1	287	149
22346	33,23	0,0	27,22	1,0	223	149
22347	684,464	4,6	779,535	1,0	3481	149
22352	12,14	0,0	18,12	1,0	160	149
22354	133,89	1,0	32,13	0,0	155	149
22359	39,32	5,2	40,42	16,14	154	149
22360	91,76	5,2	175,108	2,10	154	149
22361	68,78	110,81	135,106	145,131	264	149
22362	111,85	0,2	145,136	0,0	151	149
22363	69,82	0,2	135,111	0,0	266	149
22364	2,2	2,0	5,5	1,7	153	149
22365	2,6	0,3	5,3	1,0	154	149
22366	85,87	19,26	154,115	21,31	264	149
22367	227,213	19,26	353,281	21,31	547	149
22368	159,135	17,9	218,175	19,9	432	149
22369	155,135	127,77	212,176	125,151	154	149
22375	71,81	1,1	70,61	1,2	193	149
22376	408,326	2,2	510,273	6,4	221	149
22377	3,3	9,4	1,2	31,9	167	149
22378	24,16	187,144	22,11	198,117	167	149
22379	88,67	0,1	92,74	4,1	166	149
22380	25,8	134,106	16,18	154,114	852	149
22382	1,2	16,11	2,0	17,19	161	149
22384	1,2	20,11	0,1	9,15	167	149
22385	69,68	5,3	38,48	0,3	1829	149
22387	68,66	1,0	40,45	0,1	1829	149
22388	27,31	1305,1041	43,26	2119,1540	246	149
22389	2,8	76,88	9,2	88,44	172	149
22390	15,13	246,216	12,9	282,220	166	149
22391	110,122	13,3	123,81	5,1	215	149
22392	341,325	13,3	393,292	5,1	198	149
22393	333,302	0,0	335,259	2,0	314	149
22394	426,367	11,9	402,311	11,2	489	149
22395	170,129	1,0	104,88	0,0	656	149
22396	188,153	5,4	116,99	1,0	723	149
22397	109,80	11,9	78,61	11,2	324	149
22398	19,24	5,4	12,11	1,0	216	149
22399	317,265	7,5	354,277	6,0	324	149
22400	37,40	285,216	21,29	372,228	216	149
22401	26,30	2,1	12,23	3,0	193	149
22402	13,11	285,216	12,6	372,228	172	149
22403	416,373	1,0	436,279	2,2	577	149
22405	55,66	4,7	95,59	4,7	218	149
22407	42,59	1,2	118,87	0,0	252	149
22408	0,0	6,14	0,4	11,5	153	149
22411	370,336	7,0	371,262	0,0	542	149
22412	302,290	1,2	332,236	2,0	167	149
22413	55,66	1,2	58,45	2,0	187	149
22414	10,11	257,235	4,2	278,193	169	149
22416	1156,1035	0,0	846,648	1,0	2533	149
22417	14,10	12,13	1,0	3,0	208	149
22418	424,346	0,0	455,349	0,1	152	149
22419	32,31	0,0	11,4	0,1	211	149
22420	24,22	416,337	1,0	445,345	208	149
22421	503,385	1,0	581,450	0,0	151	149
22422	746,500	9,13	1002,789	10,7	161	149
22423	722,489	0,2	1017,777	0,0	756	149
22424	10,20	439,351	15,11	513,379	185	149
22425	9511,8215	122,85	11802,9379	165,122	160	149
22426	8795,7131	5,13	14140,10256	40,22	152	149
22427	10498,8506	37,18	16894,12226	0,0	1838	149
22428	6148,5624	0,1	9439,6826	0,0	547	149
22429	21,23	5958,5432	18,15	9246,6657	167	149
22430	8907,7093	0,4	11405,8539	0,0	659	149
22431	74,65	9288,7280	48,43	14611,10014	166	149
22433	229,168	7058,6048	229,154	11260,7700	232	149
22438	47,52	4048,3433	62,45	5968,4285	170	149
22439	47,50	4048,3433	61,42	5968,4285	185	149
22440	50,54	4048,3433	65,42	5968,4285	252	149
22441	0,1	0,3	0,0	1,3	164	149
22442	3,5	0,3	4,0	1,3	231	149
22444	11,11	0,0	7,7	4,3	451	149
22449	2,3	2,4	7,3	9,3	152	149
22450	2,4	12,18	0,2	33,8	153	149
22458	81,68	0,0	223,161	1,0	153	149
22459	153,114	1,0	146,114	0,0	2942	149
22460	18,10	12,17	11,10	10,10	194	149
22461	20,9	469,544	10,10	519,261	194	149
22464	4,11	27,28	2,4	34,26	183	149
22477	21,7	2,6	9,6	0,0	152	149
22480	119,101	125,164	131,40	79,32	161	149
22481	950,952	152,138	1116,670	150,100	152	149
22482	1082,928	6,3	1342,926	1,3	362	149
22483	6,3	0,0	3,0	0,1	152	149
22484	33,33	81,63	36,20	89,54	152	149
22485	23,17	82,58	14,8	101,53	409	149
22493	228,166	12,14	311,221	1,4	357	149
22494	0,1	0,0	0,1	2,1	171	149
22495	0,1	0,0	0,1	2,1	182	149
22506	6,7	50,36	14,13	62,46	177	149
22535	0,0	4,4	1,0	5,0	178	149
22536	0,0	4,4	1,0	5,0	185	149
22545	4,1	0,0	3,0	0,1	242	149
22551	1,4	75,67	1,6	97,58	166	149
22552	185,169	0,0	183,150	0,2	159	149
22562	21,29	8,15	31,30	6,14	161	149
22563	202,200	5,6	262,156	5,4	152	149
22564	14,14	0,1	11,17	0,0	152	149
22565	343,306	124,94	395,285	151,118	152	149
22566	40,36	617,566	27,23	744,602	279	149
22567	1,16	174,206	7,0	210,128	246	149
22568	1,7	215,237	1,2	166,115	164	149
22569	5267,4751	5,4	7182,5358	7,5	158	149
22570	5061,4214	0,2	7602,5329	0,0	221	149
22571	12368,10122	18,10	17369,12472	28,23	221	149
22572	41,43	19,17	5,6	9,7	174	149
22573	18,17	300,268	1,5	331,237	263	149
22575	0,1	0,0	0,0	0,1	230	149
22583	4,1	0,2	1,4	0,0	238	149
22588	3,1	0,1	4,2	3,1	177	149
22679	12,10	19,15	2,7	20,14	195	149
22692	21,14	0,4	24,20	5,3	205	149
22696	4,3	4,1	2,4	0,0	301	149
22697	9,5	0,0	5,4	2,0	158	149
22713	158,142	4,2	337,290	7,5	191	149
22714	122,117	1,2	274,169	3,5	152	149
22721	78,86	6,4	105,68	1,0	152	149
22725	5,5	0,0	9,8	1,0	190	149
22726	8,4	0,4	10,7	0,3	190	149
22727	18,12	0,0	45,24	2,0	1578	149
22728	0,0	0,2	0,1	0,1	153	149
22731	9,7	2,6	2,1	0,0	181	149
22732	8,7	68,64	3,1	91,74	180	149
22740	15,10	35,30	23,22	72,48	152	149
22742	154,130	446,312	141,109	430,313	167	149
22743	1015,866	3,3	1156,815	2,1	156	149
22744	1143,936	5,0	1461,1050	6,9	151	149
22745	24,66	790,663	18,10	819,612	187	149
22746	138,142	0,2	69,67	0,0	1215	149
22747	754,660	6,1	1011,653	4,2	161	149
22748	135,135	1100,974	63,52	1317,950	913	149
22749	811,691	278,258	881,601	379,243	152	149
22750	50,43	148,107	55,30	211,137	277	149
22753	4,9	0,7	15,2	3,0	158	149
22754	27,10	16,11	65,22	20,9	311	149
22757	1331,1028	775,579	1553,1209	1101,914	209	149
22758	329,271	0,1	367,293	0,0	209	149
22759	3330,2972	72,75	4870,3758	118,84	164	149
22760	45,30	3389,2772	37,42	4994,3301	168	149
22764	7384,6415	6,0	11990,8199	6,1	186	149
22765	939,999	6,0	1243,911	6,1	203	149
22766	13,18	6458,5434	15,6	10762,7294	166	149
22774	5,1	0,2	3,0	3,0	237	149
22776	15,8	5,2	18,1	6,2	152	149
22777	970,731	2,3	868,647	4,1	153	149
22778	7,14	301,246	5,1	279,189	218	149
22781	305,289	0,1	287,216	0,0	153	149
22782	1804,1427	47,39	2083,1690	31,17	226	149
22785	119,117	1,2	190,128	4,2	309	149
22788	455,337	24,39	611,460	26,24	842	149
22789	0,2	356,234	1,4	501,314	177	149
22792	337,289	0,1	630,413	1,4	156	149
22793	396,319	5,4	635,500	4,10	5306	149
22794	239,228	7,1	356,294	9,3	170	149
22795	188,170	51,24	333,248	42,36	152	149
22796	16,7	185,157	22,9	323,247	169	149
22797	9,5	1,6	13,3	3,6	169	149
22799	196,172	0,1	293,214	0,0	193	149
22800	211,179	2,0	335,247	2,1	161	149
22801	3,6	1,0	1,0	0,0	165	149
22802	222,202	29,23	308,217	19,8	270	149
22803	166,132	34,38	179,117	55,44	263	149
22804	87,67	2,7	87,65	1,0	263	149
22805	21,5	194,134	24,12	250,151	275	149
22806	265,279	1,0	580,373	7,0	257	149
22817	5,5	2,0	7,6	5,0	371	149
22820	198,153	0,1	387,246	1,0	153	149
22823	4,8	1,0	15,10	0,2	151	149
22824	8,4	1,4	10,9	4,7	154	149
22831	25,33	100,105	24,11	128,85	943	149
22832	42,37	4,5	22,6	2,1	391	149
22834	5966,4720	3,0	8889,6476	0,2	157	149
22835	1,1	55,34	0,1	78,49	169	149
22836	2,2	54,61	2,1	67,52	181	149
22837	28,38	6,6	29,29	9,10	152	149
22839	24,33	3,0	21,10	9,5	182	149
22841	13,12	6,5	10,7	9,2	234	149
22851	397,359	0,1	415,286	0,0	455	149
22852	108,64	60,52	129,85	50,51	152	149
22855	86,53	2,3	143,107	4,0	189	149
22856	2,2	189,150	3,2	345,226	176	149
22857	2,2	143,137	0,0	205,147	192	149
22861	13,25	0,0	25,14	1,0	194	149
22862	1,2	3,0	0,1	3,0	289	149
22867	812,737	0,6	1315,964	2,0	2500	149
22872	15,10	7,3	6,11	1,4	756	149
22874	26,7	0,0	11,3	0,4	757	149
22875	164,127	0,2	137,114	1,0	168	149
22876	476,391	7,11	559,416	6,3	153	149
22877	586,459	33,17	662,506	31,24	226	149
22878	47,48	0,1	66,45	1,1	152	149
22879	10,5	11,17	17,5	8,4	178	149
22880	18,26	110,102	40,20	87,68	152	149
22885	33,16	350,275	27,25	516,355	170	149
22886	68,59	0,1	86,64	0,0	206	149
22887	19,20	0,0	20,23	4,3	152	149
22888	76,39	20,15	55,35	14,11	152	149
22889	8,5	12,19	5,8	7,8	191	149
22894	0,1	1,1	0,0	0,3	150	149
22895	101,76	3,3	55,34	0,0	155	149
22896	21,23	281,230	11,4	321,224	284	149
22899	33,31	5,3	52,27	5,1	152	149
22900	1,2	45,29	0,2	56,25	177	149
22913	227,134	6,3	347,256	1,2	237	149
22914	32,23	0,0	11,9	0,4	300	149
22915	39,43	4,1	35,22	0,2	396	149
22916	106,90	4,1	80,60	0,2	805	149
22917	67,47	0,0	46,38	1,0	558	149
22918	58,45	0,0	52,30	0,1	739	149
22919	93,87	0,0	87,50	0,1	986	149
22920	129,107	0,0	116,75	0,1	1235	149
22921	136,115	0,0	121,81	0,1	1265	149
22922	75,63	4,1	64,47	0,2	645	149
22923	82,71	4,1	69,53	0,2	675	149
22924	36,20	0,0	30,25	1,0	398	149
22925	43,28	0,0	35,31	1,0	428	149
22926	8,8	1,0	5,6	0,0	179	149
22927	92,84	0,0	83,49	0,1	973	149
22929	32,27	1,0	16,13	0,0	309	149
22931	0,4	1,0	5,8	0,0	158	149
22932	8,4	0,0	0,2	0,4	170	149
22933	74,63	0,1	64,47	5,1	645	149
22934	75,67	0,1	69,51	5,1	654	149
22938	8,4	1,0	0,2	0,0	170	149
22939	32,23	1,0	9,9	0,0	300	149
22952	82,71	0,1	69,53	5,1	675	149
22955	4,5	0,1	3,2	0,0	152	149
22956	5,1	0,1	1,0	0,0	183	149
22957	5,0	4,4	1,0	3,2	180	149
22960	7,4	0,0	5,3	0,2	156	149
22961	194,135	1,0	217,142	0,0	156	149
22962	2,3	118,96	2,0	176,135	171	149
22964	129,105	0,0	215,137	1,0	160	149
22965	0,1	142,153	1,4	212,170	180	149
22966	4,6	0,2	3,7	0,1	157	149
22967	199,192	0,0	283,207	1,0	3201	149
22968	199,192	0,4	281,201	6,0	1828	149
22969	93,90	1,0	108,90	0,0	1828	149
22970	157,115	2,1	206,147	2,0	157	149
22971	26,39	2,0	16,23	2,1	151	149
22976	8,2	0,0	4,0	2,0	153	149
22979	1,0	0,0	0,0	0,1	287	149
22985	80,79	6,1	157,120	1,0	159	149
22986	0,1	38,36	0,0	76,37	255	149
22987	35,21	2,0	28,20	0,0	326	149
22988	7,2	10,14	5,0	15,17	152	149
22989	4,3	16,2	7,5	5,8	152	149
22992	3,6	0,1	0,1	0,0	233	149
22993	139,140	57,55	161,98	36,41	235	149
22994	667,601	2,7	492,349	1,4	1538	149
22997	9,1	215,189	4,1	292,220	158	149
23000	3064,2397	0,1	6349,4318	4,0	226	149
23003	303,231	0,0	281,248	1,2	198	149
23004	153,204	0,1	241,144	1,0	308	149
23005	171,201	1,0	153,74	0,0	213	149
23006	162,131	5,3	123,65	1,0	183	149
23007	214,220	8,6	167,117	0,0	2035	149
23008	693,678	2,0	883,638	0,0	192	149
23009	594,591	0,0	817,617	1,0	4326	149
23010	215,258	3,2	354,277	8,3	151	149
23011	506,392	0,1	664,477	0,0	208	149
23012	4,7	218,171	13,14	340,246	229	149
23013	106,83	10,14	171,76	20,9	152	149
23014	174,120	4,3	217,184	1,2	241	149
23015	230,170	38,18	282,236	27,20	241	149
23016	109,99	0,3	91,74	3,3	769	149
23019	2,0	26,27	1,0	53,37	161	149
23021	1,0	50,43	0,1	103,45	168	149
23022	2,0	75,55	0,0	138,97	174	149
23023	73,62	925,889	78,48	1203,840	188	149
23024	42,31	17,9	38,35	14,8	188	149
23025	43,31	14,10	38,35	15,2	188	149
23026	43,35	46,34	41,37	42,27	188	149
23030	4353,4467	2,0	4464,3131	0,0	660	149
23031	1853,1457	228,182	2785,2318	339,270	164	149
23032	149,168	51,40	295,243	24,23	164	149
23033	275,218	1,4	428,294	4,0	238	149
23034	271,224	4,4	426,295	8,7	238	149
23036	11,15	8,2	7,10	1,0	232	149
23038	0,0	2,0	2,0	0,1	152	149
23041	0,2	1,0	7,6	0,0	152	149
23042	55,46	61,38	42,24	46,31	240	149
23043	39,30	26,9	32,17	25,15	240	149
23044	1,0	107,88	0,0	106,74	184	149
23051	99,92	0,0	194,120	1,1	184	149
23053	92,114	0,0	179,126	0,2	161	149
23055	921,763	27,22	710,615	2,6	249	149
23060	13,20	2,0	26,10	0,1	231	149
23061	22,30	2,1	35,28	2,0	231	149
23063	10330,8256	5,3	2826,1997	1,0	925	149
23069	107,86	5,0	116,55	6,1	227	149
23070	127,106	1,1	116,63	2,0	227	149
23072	5,5	0,2	10,0	1,1	173	149
23073	14,16	328,296	11,1	427,295	445	149
23074	9,13	328,296	3,2	427,295	421	149
23075	18,6	0,0	22,4	0,2	154	149
23076	238,157	19,14	278,190	12,0	154	149
23077	32,19	1,3	1,4	1,2	191	149
23078	56,50	246,218	13,21	318,266	330	149
23079	30,37	246,218	13,19	318,266	288	149
23080	14,4	0,1	0,5	0,0	191	149
23081	38,35	28,20	12,22	23,13	330	149
23082	29,35	28,20	12,17	23,13	288	149
23083	2,0	4,0	4,0	0,1	165	149
23084	7,3	290,269	6,3	339,255	229	149
23085	9,3	290,269	2,4	339,255	213	149
23087	41,37	367,281	19,11	389,312	193	149
23088	149,148	367,281	122,83	389,312	224	149
23089	115,115	7,4	103,72	0,0	180	149
23091	397,452	2,0	345,283	0,0	2223	149
23093	1,3	15,12	1,3	20,11	156	149
23094	48,62	2,0	67,27	0,0	825	149
23095	112,114	555,617	125,64	658,351	316	149
23096	1582,1210	18,19	2892,1995	28,47	153	149
23097	37,27	6,7	28,13	0,5	246	149
23098	649,605	4,9	1084,860	23,14	351	149
23099	1313,1140	0,1	2202,1573	2,0	307	149
23101	34,29	412,391	55,43	780,556	190	149
23103	1752,1403	1,0	2114,1680	0,0	155	149
23104	2,6	87,100	0,3	145,82	166	149
23105	15,5	19,16	2,0	9,5	181	149
23106	2,2	10,7	1,1	10,7	255	149
23107	2,2	6,12	1,1	6,2	255	149
23110	8,5	255,479	9,0	249,130	166	149
23112	3403,2798	6,1	7156,5472	3,2	229	149
23113	2422,2012	11,11	4983,3757	24,21	650	149
23114	49,53	1,3	96,65	6,5	331	149
23117	3,2	94,107	5,5	176,125	299	149
23118	33,26	100,84	50,35	139,93	152	149
23119	181,166	18,12	181,173	19,24	206	149
23120	85,71	18,12	105,109	19,24	236	149
23121	44,29	140,124	42,46	118,110	179	149
23122	1392,1205	1,2	1199,1036	2,0	4701	149
23123	1397,1241	0,1	1298,1093	0,0	2954	149
23124	460,393	0,0	567,470	1,1	380	149
23125	721,603	0,1	733,635	0,1	841	149
23126	1067,932	14,13	1047,893	30,12	1425	149
23127	261,210	0,1	167,166	0,1	610	149
23128	607,539	14,13	481,424	30,12	1194	149
23129	346,330	14,13	314,259	30,12	733	149
23130	19,14	320,280	19,31	528,384	178	149
23131	102,76	0,2	125,112	2,2	202	149
23132	403,342	0,2	634,465	2,2	173	149
23133	451,388	0,0	671,498	0,2	1068	149
23134	520,349	2,0	867,521	1,0	173	149
23136	741,699	7,9	840,521	8,3	437	149
23139	64,77	1,0	87,45	0,0	182	149
23140	275,233	27,47	355,186	60,23	182	149
23141	284,239	18,11	361,191	23,12	185	149
23142	36,53	18,11	66,28	23,12	152	149
23143	97,98	196,195	121,88	265,186	152	149
23144	10,3	275,254	10,7	233,178	271	149
23145	319,324	209,245	324,190	270,162	152	149
23146	22,26	22,20	12,6	0,0	152	149
23147	32,47	356,482	23,8	175,65	152	149
23148	0,4	1,5	1,0	0,1	152	149
23149	89,77	1,1	77,63	2,0	153	149
23150	81,96	1,4	68,34	0,0	164	149
23151	6,6	54,49	10,3	69,48	169	149
23152	9,13	54,49	10,11	69,48	303	149
23153	4,7	1,0	3,9	3,1	283	149
23154	96,98	32,31	94,108	48,22	152	149
23155	74,68	0,0	124,85	0,2	180	149
23156	1,7	3,2	1,1	0,0	182	149
23157	8,6	3,2	1,3	0,0	250	149
23158	7,4	0,5	1,2	1,0	217	149
23159	145,116	4,7	114,102	2,5	1714	149
23165	16,5	215,198	5,11	293,254	167	149
23166	216,195	102,105	181,158	132,86	185	149
23170	37,24	75,62	39,34	101,76	152	149
23171	35,57	256,377	24,8	221,106	247	149
23181	124,125	0,0	208,145	2,0	154	149
23184	245,237	0,0	421,307	0,2	155	149
23203	627,534	3,0	680,518	4,1	809	149
23204	524,409	12,18	566,464	1,1	198	149
23205	4,2	412,359	3,3	515,354	449	149
23207	11,11	6,4	17,7	2,0	268	149
23208	82,111	7,0	66,32	2,0	251	149
23209	4,3	26,33	1,1	9,2	191	149
23211	7,5	37,46	3,2	40,28	166	149
23215	819,798	1,1	698,650	0,0	155	149
23216	552,541	0,0	549,483	6,2	174	149
23219	784,724	107,98	1515,1011	107,98	453	149
23220	17,11	422,390	17,18	589,416	152	149
23221	415,469	15,12	324,245	13,5	241	149
23222	30,29	55,44	33,23	59,49	152	149
23223	3,6	4,0	2,1	0,0	171	149
23224	38,42	0,4	9,17	0,0	383	149
23225	39,36	0,4	7,16	0,0	361	149
23226	5,6	0,1	0,0	0,3	225	149
23228	11,18	6,9	11,7	2,1	158	149
23229	381,297	0,2	366,308	0,0	5489	149
23230	90,70	2,5	58,68	0,2	230	149
23232	3,4	76,75	3,0	72,51	196	149
23233	42,88	1,2	32,13	0,4	190	149
23234	70,145	7,18	63,43	2,1	937	149
23235	5,9	0,0	7,1	1,0	218	149
23239	1392,1184	0,0	2453,1736	3,0	249	149
23246	2,10	12,18	0,0	0,5	170	149
23247	7,3	1,0	7,4	0,0	187	149
23248	13,12	0,0	15,9	1,0	707	149
23249	236,228	0,1	172,58	0,0	510	149
23250	26,27	95,97	26,22	117,111	152	149
23251	163,95	6,3	315,221	2,2	209	149
23252	359,302	14,10	450,306	23,12	152	149
23253	618,500	14,13	818,597	17,5	196	149
23254	23,23	590,487	14,7	651,541	379	149
23255	36,24	590,487	24,11	651,541	423	149
23256	14,5	1,4	12,4	2,0	193	149
23257	646,665	0,2	715,535	0,0	2165	149
23258	0,2	597,473	4,0	723,541	214	149
23259	346,356	2,1	637,413	0,1	153	149
23260	79,88	17,6	119,86	9,2	189	149
23261	490,447	17,6	727,560	9,2	193	149
23262	411,360	0,1	608,475	0,1	153	149
23267	0,2	12,16	1,0	3,3	221	149
23275	137,117	1,2	177,91	4,0	377	149
23280	0,2	1,0	0,3	0,0	156	149
23286	305,219	1,1	424,366	2,3	151	149
23287	440,340	3,0	674,494	0,3	152	149
23289	10,10	4,11	17,13	7,7	340	149
23290	24,31	0,2	17,11	4,0	152	149
23296	44,53	0,2	69,44	1,3	152	149
23297	15,16	497,742	2,1	317,128	189	149
23298	1309,1497	6,7	1009,450	0,0	856	149
23299	1545,1659	7,10	1562,887	1,1	983	149
23304	0,2	12,8	0,1	25,16	153	149
23319	1,1	12,12	1,0	30,30	197	149
23320	2,1	19,11	1,3	49,28	286	149
23322	492,378	268,235	746,600	394,364	152	149
23323	24,8	27,23	5,1	9,6	164	149
23324	22,12	202,156	5,3	58,40	243	149
23325	230,183	57,50	77,72	12,11	167	149
23326	4,10	1,6	6,0	3,5	152	149
23327	228,202	4,2	291,233	5,6	390	149
23328	131,109	0,2	182,140	0,0	390	149
23329	60,41	0,0	49,28	1,0	191	149
23330	140,118	2,0	191,143	4,0	390	149
23331	125,134	1,5	135,113	1,3	191	149
23336	86,57	0,2	76,29	0,0	211	149
23337	1255,1054	2,0	730,596	4,0	597	149
23338	233,198	21,8	283,228	18,22	173	149
23342	39,41	11,10	15,8	5,2	185	149
23344	123,98	2,0	189,119	0,0	1066	149
23345	350,273	1,0	566,374	4,0	1014	149
23346	2,2	112,69	1,0	216,120	201	149
23347	14,17	2,0	14,14	3,0	2081	149
23348	332,302	1,2	516,322	0,0	2081	149
23349	838,672	14,6	1244,895	3,7	282	149
23350	80,78	0,1	53,36	0,0	877	149
23351	63,68	215,207	44,19	271,207	608	149
23355	237,213	3,0	423,369	1,4	230	149
23356	287,252	0,0	465,408	1,0	530	149
23357	53,39	0,0	43,43	1,0	449	149
23358	0,1	1,0	0,2	0,0	170	149
23359	3,1	1,0	2,0	0,0	194	149
23361	29,26	0,2	64,28	2,0	233	149
23362	1,0	19,8	0,0	27,15	955	149
23363	1991,1707	2,0	2179,1723	0,2	158	149
23364	2038,1687	1,1	2629,1957	1,0	1434	149
23365	2035,1813	3,3	2124,1606	0,0	533	149
23366	4066,3486	1,0	4747,3559	0,0	1818	149
23367	2041,1688	1,0	2629,1957	0,0	1434	149
23368	3728,3126	4,0	4508,3429	2,0	1434	149
23369	1842,1557	1357,1040	2373,1778	1689,1304	1105	149
23370	1149,1057	88,77	1346,1005	94,70	152	149
23378	5,14	80,62	12,3	97,106	232	149
23381	8,3	2,0	15,8	0,0	262	149
23382	20,16	7,20	20,12	8,8	152	149
23383	12,16	899,774	9,8	1156,836	191	149
23388	1387,1197	4,2	1914,1446	0,0	340	149
23389	2042,1738	2,0	2991,2207	0,0	408	149
23390	659,543	2,0	1077,761	0,0	217	149
23391	1781,1535	4,0	2814,2022	0,0	217	149
23400	16,12	6,4	2,6	3,0	167	149
23401	2,0	2,3	0,0	1,2	161	149
23403	671,587	0,4	1070,839	0,3	161	149
23406	28,13	463,375	50,25	717,462	1132	149
23408	5,5	101,81	0,0	55,30	185	149
23409	6,7	23,25	5,3	25,16	178	149
23410	539,424	14,16	564,384	22,6	580	149
23411	1,3	0,0	0,0	2,1	152	149
23412	0,4	2,5	1,0	2,0	152	149
23413	0,2	2,3	0,2	5,2	152	149
23417	46,43	0,0	65,44	1,0	154	149
23418	1026,820	1,1	1186,896	3,1	154	149
23426	48,20	18,12	24,7	13,4	175	149
23427	226,176	35,27	307,191	47,28	152	149
23428	20,8	4,3	22,18	10,0	152	149
23429	293,211	9,13	378,329	7,9	203	149
23430	26,36	1,10	68,38	4,4	181	149
23432	10,42	0,11	9,13	0,0	370	149
23433	9,39	0,1	9,13	0,0	356	149
23441	5,4	52,72	4,2	79,60	178	149
23447	5,6	78,80	5,2	141,80	157	149
23451	0,0	1,2	2,0	0,0	230	149
23461	22,20	7,6	30,7	19,17	152	149
23483	2,2	0,0	4,1	2,0	200	149
23491	156,124	4,0	153,174	6,0	279	149
23496	0,1	28,25	0,0	30,30	164	149
23499	0,6	4,0	11,4	10,1	331	149
23500	19,18	4,0	25,15	3,2	749	149
23501	70,70	22,29	72,62	31,21	152	149
23508	7,8	225,227	13,12	348,228	233	149
23510	0,0	2,1	1,0	6,0	169	149
23515	81,167	0,1	60,44	0,0	744	149
23519	4,2	94,101	4,0	75,61	204	149
23520	0,2	94,101	1,0	75,61	167	149
23522	169,227	5,0	123,81	10,1	154	149
23523	4,10	203,229	2,2	237,151	154	149
23524	69,117	1,3	18,8	0,0	153	149
23526	33,69	2,0	17,5	0,0	230	149
23527	7,12	277,321	13,6	201,160	152	149
23528	12,10	29,21	6,3	12,8	164	149
23529	5,6	11,0	11,12	13,4	152	149
23530	0,0	19,3	0,3	10,6	212	149
23532	235,188	35,27	281,223	64,46	152	149
23533	619,533	2,4	844,742	2,0	725	149
23534	7,6	221,200	12,5	265,287	176	149
23536	279,213	26,28	356,204	32,16	164	149
23538	6,0	4,0	1,2	3,1	781	149
23539	3,0	2,0	1,0	2,2	152	149
23540	46,45	0,0	120,75	1,0	153	149
23541	15,25	4,2	8,9	0,0	209	149
23544	51,37	481,406	53,30	739,499	320	149
23545	14,6	558,476	7,8	864,574	245	149
23546	718,605	45,35	1097,788	39,41	201	149
23547	4,6	343,328	5,4	394,296	172	149
23548	502,396	7,8	880,580	10,7	184	149
23549	59,61	457,358	71,51	548,412	172	149
23550	126,104	0,0	106,64	1,0	1803	149
23551	126,106	3,3	107,64	1,0	1803	149
23552	860,667	5,2	960,670	5,0	1803	149
23567	79,63	0,0	111,57	3,3	182	149
23568	36,41	0,0	48,34	1,0	334	149
23574	3,1	0,0	2,1	1,0	153	149
23575	0,6	3,0	5,0	1,0	187	149
23576	1,3	4,0	4,1	9,2	187	149
23577	211,164	0,0	290,181	0,1	227	149
23578	17,29	1,0	21,18	0,0	580	149
23583	76,66	0,2	96,56	2,0	501	149
23584	114,100	4,0	144,85	2,0	584	149
23585	125,107	1,0	163,92	0,0	644	149
23586	38,36	4,0	50,29	2,0	232	149
23587	49,43	1,0	69,36	0,0	292	149
23588	15,7	1,0	21,7	0,0	209	149
23589	0,0	0,2	1,3	0,2	154	149
23593	0,2	0,0	1,2	0,2	221	149
23594	8,4	8,8	5,8	7,3	411	149
23595	9,4	1,2	8,8	0,0	415	149
23596	64,60	4,0	45,49	5,0	884	149
23598	9,8	1,2	10,3	0,0	153	149
23599	64,64	4,0	47,44	5,0	622	149
23600	56,58	4,0	37,41	5,0	618	149
23604	1,1	0,4	1,0	0,0	205	149
23607	7,5	3,6	5,1	6,2	152	149
23608	2,3	2,1	4,0	1,1	152	149
23610	40,36	2,2	67,36	0,2	153	149
23611	114,88	0,1	107,79	4,0	268	149
23612	76,54	0,1	40,45	4,0	264	149
23614	490,669	17,16	382,187	11,16	288	149
23615	5,5	3,4	0,2	0,0	210	149
23616	121,92	3,2	152,86	1,0	2066	149
23620	4,2	6,0	5,7	6,6	182	149
23621	0,1	6,3	2,0	9,8	182	149
23622	0,1	146,103	3,0	268,146	185	149
23623	6,3	146,103	10,8	268,146	152	149
23624	9,2	162,180	2,5	253,200	216	149
23626	132,116	2,0	145,164	0,0	862	149
23640	2,4	3,0	6,2	12,4	152	149
23644	6,6	0,3	12,8	1,3	189	149
23645	11,16	0,2	11,4	4,0	153	149
23646	38,24	37,20	44,42	14,22	218	149
23647	331,284	2,4	582,399	6,0	153	149
23648	366,253	2,0	424,357	0,3	155	149
23651	68,73	0,1	95,68	0,0	172	149
23652	95,91	0,0	124,84	1,0	172	149
23660	9,10	0,0	10,9	0,2	372	149
23663	17,12	1,2	15,17	3,1	376	149
23664	164,130	1,0	202,171	0,0	180	149
23665	29,32	1,1	45,24	0,0	180	149
23668	33,22	23,17	12,3	9,15	152	149
23669	26,15	89,62	31,19	180,103	316	149
23670	14,17	99,93	20,13	145,116	152	149
23672	62,65	0,2	51,48	0,0	3202	149
23673	7,5	0,0	1,3	0,1	152	149
23674	0,0	2,0	1,0	0,0	152	149
23690	6,2	38,24	0,1	2,2	166	149
23691	2,0	36,29	0,0	28,23	169	149
23692	1,3	38,40	12,6	98,63	269	149
23702	56,87	126,94	62,31	175,162	1644	149
23703	64,62	0,0	78,44	2,0	155	149
23706	2,1	0,0	0,0	1,0	281	149
23708	2,1	6,8	0,0	9,6	281	149
23712	7,4	184,178	7,7	324,232	237	149
23713	14,3	121,81	27,21	243,171	170	149
23714	57,49	12,3	108,79	31,22	224	149
23715	164,127	12,3	324,229	31,22	203	149
23718	33,36	54,51	24,13	60,37	164	149
23719	142,165	0,3	147,117	0,0	636	149
23720	86,93	80,112	87,41	77,92	396	149
23721	2,6	98,87	1,1	66,38	259	149
23722	224,245	16,24	327,229	9,10	1472	149
23723	6,4	198,207	8,6	309,218	286	149
23724	85,100	6,4	95,63	2,0	158	149
23729	101,84	23,13	128,90	6,17	165	149
23732	2,3	0,4	0,0	3,0	168	149
23734	17,8	0,3	13,6	0,3	208	149
23735	29,22	158,133	18,9	152,119	205	149
23741	302,271	209,196	533,418	421,305	152	149
23744	1,2	66,83	0,1	34,27	165	149
23746	13,27	44,34	11,10	13,3	152	149
23747	87,70	5,6	105,45	5,4	816	149
23748	5,1	7,4	5,7	8,10	173	149
23749	11,18	3,1	34,14	0,0	163	149
23750	88,60	0,0	92,67	0,1	169	149
23753	1,0	0,0	1,0	0,2	152	149
23757	222,186	0,1	392,278	2,1	177	149
23763	3,3	4,5	2,3	0,0	306	149
23766	1,1	94,52	0,0	94,73	173	149
23767	12,4	102,68	3,3	122,74	1266	149
23768	150,125	5,4	168,109	4,0	241	149
23769	89,67	4,3	68,58	5,1	161	149
23770	14,13	46,34	19,14	37,31	164	149
23773	0,3	108,111	0,2	87,47	180	149
23774	13,16	4,0	18,13	0,0	410	149
23775	47,34	128,133	30,18	116,87	176	149
23776	6,3	127,109	2,2	154,123	176	149
23779	4,10	25,40	0,0	33,32	245	149
23780	65,69	13,5	56,37	12,17	306	149
23781	11,28	39,45	12,13	31,28	152	149
23782	18,14	0,0	17,11	2,0	159	149
23783	133,98	0,0	150,81	0,1	374	149
23786	85,118	1,2	49,24	0,0	225	149
23787	21,11	267,321	11,6	345,160	233	149
23788	79,73	41,34	84,36	34,4	217	149
23789	105,100	6,1	123,70	0,2	808	149
23790	18,14	24,12	7,9	20,28	195	149
23791	14,22	24,12	6,9	20,28	198	149
23792	4,9	24,12	3,5	20,28	221	149
23793	11,13	15,5	3,6	4,6	152	149
23794	1,0	15,5	0,2	4,6	175	149
23795	0,0	10,13	0,2	3,6	172	149
23796	354,262	17,20	354,296	13,11	153	149
23797	346,286	12,12	402,335	8,7	211	149
23801	0,0	1,0	0,1	3,0	213	149
23802	22,29	0,1	32,18	0,0	202	149
23805	121,106	0,1	98,79	0,2	265	149
