ID	IJC_SAMPLE_1	SJC_SAMPLE_1	IJC_SAMPLE_2	SJC_SAMPLE_2	IncFormLen	SkipFormLen
33	48,50	0,1	35,20	0,2	153	149
79	2,8	3,1	2,0	2,1	205	149
82	455,578	3,2	676,474	0,0	298	149
83	974,1094	2,3	1526,1065	0,1	298	149
84	0,8	135,190	0,2	165,83	298	149
85	449,494	2,3	945,720	7,8	298	149
86	452,398	5,8	803,583	10,10	167	149
88	32,29	13,15	46,33	8,6	153	149
89	1,1	107,137	4,2	267,148	190	149
93	20,19	34,42	23,4	64,44	168	149
94	9,7	7,5	9,7	2,4	298	149
95	9,7	0,1	7,6	0,0	298	149
100	0,0	1,0	1,0	0,0	281	149
106	15,19	82,112	19,21	216,115	298	149
107	0,2	59,63	0,2	83,48	153	149
108	8,20	28,16	5,12	42,26	274	149
109	59,64	1,1	103,81	2,0	208	149
110	22,19	1,1	26,23	2,0	214	149
115	6,14	35,29	10,23	62,34	161	149
116	5,5	388,440	10,11	897,696	159	149
120	4,7	6,9	4,1	17,7	155	149
121	1,1	6,0	3,3	1,2	265	149
132	62,58	2,0	98,72	0,0	200	149
134	62,58	1,0	98,72	0,0	152	149
136	1,4	9,16	2,0	9,2	166	149
139	3694,3789	2,5	9233,6731	0,0	298	149
147	196,233	90,126	158,117	220,122	298	149
148	19,23	9,16	19,9	2,0	156	149
154	9,14	0,0	4,12	1,0	168	149
155	57,68	0,0	72,79	0,1	168	149
161	40,48	1,7	85,54	4,0	298	149
164	293,329	105,113	590,453	238,145	194	149
165	286,279	5,8	607,411	30,12	176	149
166	162,141	134,159	163,130	184,116	158	149
172	1,5	6,11	9,6	12,11	298	149
174	4,4	0,3	6,6	1,0	298	149
175	17,18	17,8	41,33	21,10	195	149
176	62,64	17,8	94,77	21,10	208	149
177	45,46	0,0	53,46	0,2	162	149
178	34,37	6,0	41,37	5,5	185	149
179	1,3	282,318	2,2	257,208	153	149
180	8,13	209,229	5,7	266,198	298	149
181	179,216	0,6	248,201	1,0	298	149
183	1,1	53,73	0,1	95,55	298	149
185	2,3	562,605	1,0	1003,786	170	149
188	214,191	2,5	330,219	0,1	298	149
190	10,9	6,2	9,3	3,4	164	149
191	7,5	0,5	6,7	0,0	164	149
192	6,5	0,0	9,1	0,1	164	149
193	6,5	0,0	8,2	1,2	164	149
199	1152,1310	23,30	2061,1406	9,6	298	149
200	1053,1103	4,6	1635,1100	0,0	298	149
201	49,64	2,0	37,39	1,0	298	149
202	1051,1168	1,0	1990,1348	2,0	298	149
203	3,6	972,985	7,2	1472,1036	298	149
204	7,6	572,743	5,4	747,528	152	149
209	14,23	250,278	23,18	457,368	197	149
210	17,25	0,0	28,24	1,0	298	149
211	18,25	2,0	28,24	0,0	298	149
212	1,0	2,0	1,0	0,0	153	149
213	18,23	2,2	32,25	2,4	153	149
217	11,7	0,0	8,9	0,1	175	149
219	1359,1532	0,2	3210,2456	0,0	298	149
220	49,36	28,6	62,49	20,16	210	149
221	3,3	25,24	3,2	46,40	237	149
222	2,3	109,128	1,0	153,122	152	149
223	155,136	0,2	195,123	0,0	298	149
224	0,0	185,182	1,0	227,139	153	149
225	13,4	61,42	25,13	80,55	236	149
226	11,3	61,42	15,12	80,55	249	149
227	13,10	61,42	22,14	80,55	255	149
229	2,7	2,1	7,2	10,1	168	149
231	44,65	12,15	73,56	13,9	272	149
232	101,120	0,0	186,138	1,0	298	149
233	197,201	0,0	373,308	0,1	298	149
239	3,2	9,6	2,0	19,7	179	149
240	1,1	25,10	2,3	38,18	173	149
241	1,0	4,0	1,0	0,0	153	149
242	9,29	3,9	29,26	8,8	155	149
243	0,2	0,0	7,0	2,0	298	149
244	0,2	0,0	7,0	2,0	298	149
246	2,4	20,20	13,4	31,35	298	149
247	2,4	12,23	7,6	18,23	200	149
248	6,11	12,23	10,5	18,23	298	149
249	10,11	2,2	9,3	6,4	298	149
250	12,25	20,20	25,23	31,35	298	149
251	2,8	20,20	13,1	31,35	298	149
254	2,2	2,2	3,3	6,4	206	149
255	2,4	12,23	4,5	18,23	257	149
256	12,11	0,0	6,2	0,1	298	149
257	2,0	3,2	1,1	2,3	153	149
258	1,1	9,4	1,1	5,4	153	149
260	33,28	53,55	30,16	66,48	296	149
265	5,2	1,5	10,13	4,1	298	149
269	1,2	30,21	6,4	59,37	181	149
271	24,16	3,4	32,25	4,8	298	149
274	3,0	0,0	0,0	1,0	214	149
275	41,44	128,130	58,32	229,151	204	149
276	20,19	158,213	21,6	442,239	253	149
277	2,13	485,463	5,6	883,652	224	149
278	444,454	0,1	838,582	0,0	298	149
279	7,4	2,1	1,5	0,0	298	149
282	536,533	0,2	847,674	0,0	298	149
284	2,9	0,1	5,0	0,0	298	149
285	138,112	4,0	223,170	1,1	298	149
286	0,4	0,1	1,3	0,0	235	149
288	209,258	1,0	261,185	0,0	298	149
289	411,417	0,1	622,437	0,1	204	149
290	362,320	4,9	600,405	16,6	298	149
291	8,9	301,358	10,4	531,334	180	149
292	8,6	301,358	10,8	531,334	191	149
293	2,0	2,3	6,4	6,0	160	149
294	5756,5788	8,0	6860,5443	0,0	298	149
295	11,17	32,46	4,10	66,39	267	149
297	25,58	0,0	47,13	1,0	298	149
298	59,54	2,1	45,41	4,5	155	149
299	0,0	25,30	0,1	35,26	271	149
300	1,0	2,1	0,0	4,5	153	149
303	0,0	143,207	1,0	365,314	235	149
304	140,136	13,6	172,166	5,9	167	149
305	3,7	30,34	6,6	24,14	152	149
316	0,4	4,11	0,3	34,18	298	149
317	24,31	2,1	45,32	1,1	153	149
321	9,16	91,116	15,7	116,93	298	149
322	174,206	1,2	258,177	1,0	298	149
323	500,533	5,2	786,491	3,0	200	149
328	27,14	1,0	52,30	0,0	215	149
329	17,21	1,0	17,7	0,0	216	149
330	2,2	0,1	1,3	2,0	298	149
331	2,7	3,2	15,10	5,1	185	149
332	26,29	1,2	51,35	2,0	162	149
335	7,9	0,6	11,8	2,0	249	149
336	4,0	0,0	6,8	3,0	298	149
346	2,1	84,95	0,0	122,87	298	149
347	87,101	1,1	121,101	0,0	153	149
349	95,138	0,1	152,118	0,0	298	149
355	2,2	0,0	3,3	0,1	212	149
356	10,8	0,0	8,7	0,1	216	149
357	7,16	0,0	17,7	0,1	298	149
360	4,14	7,6	14,4	5,4	231	149
361	1,2	12,24	0,0	12,9	228	149
366	4,2	41,33	3,3	41,46	298	149
369	13,11	1,0	7,7	0,0	151	149
371	21,16	17,27	7,1	11,8	291	149
374	4,3	0,2	3,3	1,0	298	149
384	12,24	9,12	18,6	3,7	156	149
385	12,13	7,16	21,4	9,4	153	149
386	45,47	0,4	45,27	0,0	298	149
387	65,69	0,0	56,35	2,0	298	149
388	60,63	2,2	59,42	0,2	298	149
389	5,11	2,2	11,8	0,2	188	149
390	80,101	0,1	79,53	1,0	162	149
395	1,2	0,5	0,0	1,0	226	149
401	3,3	82,134	2,1	132,89	231	149
402	5,3	70,65	2,2	85,42	298	149
403	9,7	24,20	5,6	15,14	225	149
404	2,6	0,0	2,2	0,1	208	149
406	4,11	2,2	8,5	2,4	208	149
408	7,5	221,178	10,10	178,158	160	149
410	165,206	0,2	175,156	0,0	298	149
411	156,160	2,0	188,141	1,0	162	149
412	7,2	6,8	4,1	21,7	261	149
413	26,41	38,41	33,19	99,32	298	149
414	1,7	6,15	3,1	12,9	172	149
416	2,8	0,2	2,0	0,0	184	149
424	388,335	37,45	616,483	71,51	182	149
428	4,0	17,27	5,3	18,20	298	149
431	66,78	44,55	106,99	96,53	194	149
434	3,2	2,0	5,8	3,3	199	149
435	0,1	2,7	2,0	10,2	158	149
439	66,62	16,26	78,72	23,25	201	149
440	9,4	6,1	6,5	2,0	254	149
442	499,576	1,0	12,8	0,0	298	149
445	302,284	30,32	295,188	14,10	298	149
446	78,73	21,11	88,42	4,7	282	149
447	940,1144	0,1	2149,1657	0,2	272	149
453	175,270	6,2	418,347	1,10	158	149
455	3,9	1009,1110	6,4	2175,1618	298	149
456	17,9	1,1	5,2	2,0	298	149
457	0,3	23,33	6,0	58,41	298	149
458	59,93	79,80	72,51	104,51	166	149
459	5,0	0,0	5,5	4,0	158	149
460	0,1	0,0	0,1	4,0	201	149
461	0,1	5,0	0,1	5,5	192	149
462	144,132	2,0	189,107	0,0	298	149
464	86,104	1,2	110,82	0,0	298	149
475	4,17	75,70	23,24	121,91	152	149
481	4,9	1,3	7,0	2,1	185	149
482	97,143	12,20	162,88	8,3	176	149
483	4,13	88,128	7,2	150,82	185	149
484	48,46	0,2	102,33	0,0	298	149
485	5,28	10,18	7,8	7,0	298	149
486	52,48	13,8	77,56	18,16	156	149
487	27,40	1834,1690	18,15	2853,2159	234	149
495	3,10	13,21	0,2	5,2	199	149
496	359,481	1,1	273,227	0,0	298	149
497	7,8	1,8	8,4	0,3	298	149
498	15,5	1,0	5,1	0,0	298	149
499	6,6	0,1	5,1	0,0	298	149
500	42,47	43,39	143,90	173,110	163	149
502	406,388	0,3	697,479	4,1	298	149
503	344,399	8,7	719,520	3,0	298	149
506	5,11	372,353	6,10	638,382	298	149
507	458,537	6,8	834,709	4,9	164	149
508	1,0	1,1	4,4	0,0	153	149
513	157,132	1304,1412	117,68	1238,847	171	149
514	0,3	1304,1412	0,0	1238,847	168	149
520	14,14	643,741	14,10	548,397	153	149
521	12,14	541,518	14,10	724,498	153	149
522	716,812	541,518	462,371	724,498	298	149
524	514,555	0,2	666,475	0,0	298	149
531	113,157	2,0	215,154	2,0	287	149
532	328,334	256,285	527,393	363,217	287	149
533	6,20	110,119	36,15	186,173	217	149
534	1,1	34,69	2,1	17,5	154	149
536	1,0	2,1	1,0	8,1	167	149
540	23,37	0,1	50,48	0,0	151	149
542	1,4	69,88	1,0	78,50	298	149
546	0,2	6,4	3,4	2,7	160	149
559	2,6	268,319	0,1	540,332	177	149
560	3,12	134,115	11,5	152,135	220	149
561	1,4	300,350	6,2	475,340	153	149
562	260,281	20,55	570,434	59,32	297	149
563	25,20	1,4	47,38	5,3	268	149
565	0,0	28,21	1,0	23,25	191	149
566	402,427	0,0	794,595	2,0	215	149
568	948,1065	1,0	1805,1442	4,3	215	149
598	0,0	4,1	2,3	5,0	246	149
599	0,0	4,1	3,2	5,0	298	149
600	0,2	3,6	0,1	2,2	281	149
612	1,1	1,2	3,4	1,0	167	149
613	29,27	82,99	20,11	144,101	298	149
617	36,37	0,5	28,21	1,0	162	149
623	23,15	0,1	13,5	0,0	298	149
625	14,9	1,0	34,13	0,0	166	149
626	23,28	69,80	62,29	154,73	203	149
628	5,4	303,302	1,1	478,365	298	149
629	8,4	0,0	11,5	2,0	162	149
630	196,215	66,89	381,300	78,49	292	149
631	5,2	80,87	1,2	98,67	224	149
632	308,330	4,2	507,425	5,4	200	149
633	8,11	355,381	12,9	511,477	192	149
634	472,479	49,43	696,526	75,48	270	149
635	845,772	1,1	1292,1117	0,0	298	149
636	943,914	2,1	1466,1266	1,0	298	149
637	118,158	2,1	185,159	1,0	187	149
638	599,571	32,28	866,760	31,25	187	149
639	469,570	21,11	882,661	3,2	298	149
644	2,0	0,4	0,1	1,1	192	149
645	3,3	0,0	4,0	2,0	154	149
646	58,49	1,1	24,22	0,0	174	149
649	2,4	5,7	2,4	10,8	184	149
650	17,14	94,146	16,16	178,131	184	149
651	5,8	2,2	5,4	9,2	298	149
652	33,39	1,0	25,32	3,4	298	149
653	2,2	1,4	0,0	2,3	198	149
654	23,19	50,42	7,7	82,64	298	149
660	0,0	4,17	1,2	7,7	210	149
662	1,4	2,1	0,2	2,0	159	149
667	418,444	1,0	654,447	0,0	298	149
668	2,2	2,3	3,1	1,4	232	149
669	86,153	0,1	105,71	0,0	298	149
670	10,18	85,118	8,0	193,102	200	149
673	5,30	3,2	19,14	3,3	153	149
674	33,35	4,9	47,22	4,6	262	149
678	0,0	3,6	3,1	6,2	153	149
679	29,37	101,180	42,31	169,139	153	149
682	61,84	2,1	77,67	0,0	221	149
685	0,1	3,7	0,0	4,1	161	149
686	29,33	3,1	22,29	0,0	298	149
687	32,28	16,27	50,36	42,32	164	149
688	4,7	87,104	5,2	137,82	198	149
689	5,8	14,14	6,4	20,1	198	149
691	13,17	94,122	10,16	103,68	158	149
692	48,63	421,397	44,22	1012,795	284	149
693	6,16	219,294	16,10	441,246	266	149
695	33,44	97,131	80,52	263,248	158	149
697	12,18	42,67	14,17	62,61	161	149
698	130,142	42,67	129,82	62,61	298	149
699	121,131	3,7	121,75	6,10	298	149
703	2,0	19,17	0,0	1,0	161	149
708	6,6	314,389	9,3	523,314	233	149
709	281,315	1,0	417,303	0,0	298	149
711	4,6	2,5	2,5	0,2	160	149
713	0,0	145,145	0,2	121,116	179	149
714	1019,943	2,3	2084,1516	0,0	298	149
715	1071,1007	0,1	2224,1614	3,0	162	149
719	50,87	45,49	176,105	96,70	164	149
721	2,4	30,35	1,1	35,24	211	149
722	2,6	6,7	0,0	5,1	197	149
723	2,0	8,2	0,0	2,6	197	149
725	7,11	310,351	4,4	478,332	204	149
726	6,1	2,0	8,2	0,0	298	149
730	6,3	3,2	13,5	3,2	226	149
732	18,33	0,2	32,31	0,0	153	149
734	18,11	12,25	35,11	28,23	210	149
735	0,0	34,29	0,1	27,28	224	149
737	0,0	165,166	2,0	252,154	298	149
744	7,15	0,0	9,9	0,1	191	149
746	18,16	535,553	21,18	720,623	298	149
748	6,3	485,491	3,4	628,476	161	149
755	0,1	72,93	0,0	134,93	298	149
758	27,27	0,0	34,18	2,2	164	149
759	2,1	0,0	5,0	1,0	263	149
760	7,8	2428,2543	19,12	3150,2394	298	149
766	62,56	0,0	65,55	2,0	298	149
767	924,1015	11,10	1318,1074	6,4	212	149
771	18,10	34,26	15,15	33,24	202	149
773	0,0	2,2	4,0	3,0	227	149
775	1,1	219,241	2,3	345,219	196	149
776	6722,6927	5,8	11035,8647	2,3	292	149
777	5271,6504	93,111	7931,5548	123,87	200	149
779	4,6	4,0	15,14	12,4	159	149
780	50,85	100,124	113,72	166,94	159	149
782	2,2	0,0	6,0	0,1	213	149
783	1015,1070	68,76	1913,1367	119,78	159	149
784	1,0	3,11	0,0	2,2	242	149
785	261,235	1,0	381,270	0,0	298	149
786	5,11	0,0	16,8	1,0	298	149
790	0,5	27,28	2,8	47,29	232	149
792	6,3	9,7	8,3	3,0	179	149
793	5,8	0,2	7,4	4,0	195	149
794	0,0	2,1	0,2	0,0	161	149
795	0,10	12,24	2,2	15,8	161	149
797	169,145	0,4	254,213	1,1	298	149
798	125,137	22,25	192,89	47,34	298	149
799	174,159	7,4	270,212	7,6	298	149
800	191,170	7,4	299,244	7,6	298	149
801	212,224	0,1	307,187	0,0	298	149
802	169,214	2,5	286,237	3,1	198	149
803	2,5	81,88	0,4	98,63	175	149
805	127,122	11,24	245,170	14,4	202	149
808	5,15	48,63	11,8	93,79	246	149
809	98,132	0,1	195,142	0,0	298	149
810	43,88	1,2	90,44	2,0	181	149
812	49,95	0,3	65,37	1,0	209	149
813	23,21	147,119	28,13	182,101	207	149
815	2,8	2,8	3,1	1,1	298	149
828	4,0	1998,2233	10,4	3684,2566	228	149
839	37,44	13,11	60,77	39,33	190	149
841	0,1	1,0	0,0	0,2	298	149
842	1,1	1,8	2,0	11,4	209	149
843	3,5	69,67	4,0	122,84	226	149
844	3,12	69,67	13,4	122,84	166	149
845	1,4	5,10	1,0	2,4	269	149
846	0,6	0,0	4,2	0,1	298	149
850	7,0	9,19	5,1	23,8	298	149
851	0,0	2,3	0,2	0,3	154	149
854	4,1	1120,1228	2,2	1978,1592	169	149
855	0,2	64,94	2,0	128,65	158	149
856	41,59	26,30	102,59	31,20	152	149
857	0,0	38,41	2,2	51,36	158	149
860	15,40	242,237	21,19	372,227	182	149
861	8,11	2,2	12,5	0,0	298	149
862	2,0	5,1	0,0	1,3	184	149
865	915,976	0,0	1179,863	1,0	298	149
866	1,0	1,2	2,0	0,0	174	149
867	2,2	0,3	4,0	0,0	174	149
871	0,2	1,1	0,0	0,1	226	149
879	53,43	0,0	75,55	2,0	173	149
880	2,0	195,252	3,0	382,330	153	149
881	2,4	60,48	3,1	102,68	182	149
882	1,1	117,146	9,1	179,108	298	149
884	160,158	2,0	200,114	0,0	298	149
886	107,106	0,0	74,65	2,0	168	149
888	8,12	2,4	22,8	1,1	225	149
891	30,30	0,0	15,14	0,1	298	149
892	722,768	9,6	668,519	0,0	298	149
893	1059,1125	6,3	1096,832	0,0	298	149
894	1027,1096	0,4	1060,810	0,0	298	149
895	742,778	2,6	677,518	1,0	298	149
896	734,779	32,48	668,520	2,2	298	149
897	22,27	32,48	13,13	2,2	154	149
898	198,219	511,467	184,141	417,276	298	149
899	196,250	1,1	185,142	0,0	298	149
900	554,547	1,1	461,305	0,0	298	149
901	721,768	2,0	669,519	0,0	298	149
902	723,768	1,3	668,519	0,0	298	149
903	744,877	1,4	684,590	0,0	298	149
904	21,23	3,2	12,13	0,0	154	149
905	1333,1409	0,1	1230,959	0,0	298	149
906	1325,1410	0,0	1221,961	2,2	298	149
907	628,657	9,3	575,449	0,0	298	149
908	20,22	0,0	12,13	2,2	154	149
909	53,55	227,224	20,26	157,122	154	149
910	371,482	7,12	613,465	4,3	298	149
915	43,40	792,826	16,19	884,661	195	149
918	160,200	14,4	363,225	13,10	153	149
919	8,13	2,0	14,11	0,0	162	149
920	80,124	12,18	128,86	12,0	162	149
921	143,174	2,0	236,192	0,0	258	149
922	194,218	4,5	263,185	2,4	190	149
924	7,12	4,5	6,7	2,4	164	149
925	82,80	4720,5149	60,47	6792,5457	237	149
926	420,548	0,0	755,457	2,2	187	149
928	6,1	173,202	3,1	324,218	205	149
929	14,9	173,202	14,3	324,218	298	149
931	6,2	2,3	7,3	1,0	298	149
932	60,64	28,30	79,44	27,34	223	149
933	110,126	157,168	129,82	304,204	257	149
934	78,92	157,168	77,72	304,204	183	149
935	466,355	1,1	786,657	2,0	298	149
936	71,67	0,1	170,129	0,0	184	149
937	19,16	326,303	15,15	712,535	160	149
938	89,82	17,7	183,144	15,7	195	149
939	396,369	17,7	880,664	15,7	184	149
941	70,71	3,2	67,36	0,0	153	149
942	0,0	1,0	4,4	0,1	193	149
943	3,0	4,2	4,4	5,6	298	149
944	43,34	2,3	65,37	1,0	298	149
947	365,429	6,2	792,632	2,2	298	149
951	56,107	19,21	101,55	28,10	215	149
952	16,30	816,833	39,20	1055,812	260	149
954	228,292	6,0	241,177	0,2	298	149
955	299,286	5,9	275,262	0,0	298	149
956	1064,1193	1,1	1254,882	0,0	298	149
957	288,331	2,4	531,377	3,1	270	149
958	1039,1079	3,4	1663,1231	2,2	298	149
959	95,118	10,10	80,67	7,7	298	149
960	80,111	14,7	73,64	0,0	298	149
961	1,3	1,3	0,0	7,1	153	149
962	1,1	1,3	2,2	7,1	160	149
963	56,74	1,3	79,55	7,1	193	149
964	0,1	0,3	2,2	0,0	156	149
965	55,74	0,3	79,55	0,0	189	149
966	55,74	0,1	79,55	2,2	182	149
967	103,146	0,0	149,79	1,0	287	149
970	11,21	1,0	15,4	0,1	181	149
971	110,172	2,0	132,91	2,0	181	149
974	40,73	5,7	46,11	5,6	298	149
975	260,270	0,1	294,209	0,0	298	149
976	171,193	1,1	246,179	0,0	298	149
988	60,66	14,14	78,41	19,14	175	149
989	1,3	8,6	2,2	24,10	275	149
991	9,14	26,19	30,20	33,26	153	149
992	30,41	31,24	64,46	21,9	298	149
993	45,63	25,45	75,68	34,32	298	149
994	69,74	25,45	66,57	34,32	298	149
995	56,63	7,3	85,76	8,5	298	149
996	3,2	12,3	0,2	2,1	159	149
997	3,3	8,2	2,2	6,3	159	149
998	7,7	28,24	3,3	21,23	159	149
999	38,41	31,39	55,42	33,20	298	149
1001	8,9	0,2	13,9	0,0	164	149
1005	9,21	165,220	6,3	301,212	153	149
1014	14,16	0,0	17,17	3,0	298	149
1017	218,290	4,0	252,146	0,0	298	149
1018	0,0	4,7	1,0	2,0	153	149
1019	18,16	487,473	23,15	628,451	153	149
1022	3602,4081	1,2	5911,4620	1,2	205	149
1024	103,143	13,18	118,74	14,4	174	149
1025	3,5	11,15	3,3	14,7	298	149
1026	138,235	2,4	218,163	4,0	176	149
1030	6,8	11,13	4,1	13,2	298	149
1031	5,7	33,57	20,0	34,41	236	149
1032	1,4	4,11	1,4	11,3	269	149
1035	278,310	0,16	502,291	8,7	298	149
1036	12,12	173,176	16,11	202,210	153	149
1037	4,2	54,77	0,0	71,32	298	149
1039	367,416	0,4	350,277	0,0	298	149
1041	2,5	1,4	1,0	2,2	153	149
1045	5,2	0,1	2,0	0,0	298	149
1046	109,132	3,4	113,83	0,3	215	149
1047	19,35	1,2	12,15	1,2	234	149
1048	3,11	0,0	7,15	5,4	298	149
1049	58,61	3,2	69,49	1,5	193	149
1050	19,22	7,5	20,13	8,10	298	149
1052	17,17	2,0	38,17	0,0	229	149
1055	2,1	0,2	6,4	0,0	154	149
1056	1,4	0,2	4,0	0,0	298	149
1059	0,0	119,113	1,7	255,165	298	149
1065	2,5	37,45	2,2	58,53	298	149
1066	10,14	116,133	18,17	289,202	167	149
1073	9,11	67,80	3,4	151,106	201	149
1074	25,36	7,13	44,52	13,5	284	149
1077	22,37	67,70	74,57	127,102	186	149
1078	16,14	5,7	15,13	15,5	298	149
1079	1,1	4,9	0,1	19,16	161	149
1080	3,1	4,9	5,4	19,16	298	149
1081	2,1	0,1	6,4	0,0	298	149
1082	10,9	233,240	21,8	381,271	189	149
1083	7,5	2,0	7,2	15,10	189	149
1084	8,7	7,7	7,2	15,6	189	149
1085	4818,5261	0,2	10526,7807	0,2	215	149
1086	19,34	1826,2221	22,14	4581,3214	222	149
1087	12,23	1,6	19,6	2,2	222	149
1093	0,1	4,5	1,2	5,2	298	149
1104	22,18	0,0	22,9	0,2	184	149
1105	104,112	39,38	180,164	22,22	298	149
1106	32,26	2,4	20,23	2,2	181	149
1118	0,0	1,1	3,0	0,0	153	149
1138	11,4	133,153	3,4	261,187	283	149
1155	99,114	5,14	106,77	11,9	155	149
1156	40,31	739,865	45,32	1442,1159	162	149
1157	22,9	9,13	19,11	5,1	162	149
1164	101,65	0,2	143,98	2,0	298	149
1176	231,183	0,0	337,180	0,1	298	149
1177	3,9	0,1	2,1	0,2	273	149
1178	69,74	6,9	163,116	13,12	157	149
1179	3,3	2,12	1,2	4,4	204	149
1180	4,11	3,0	1,0	0,0	298	149
1181	12,9	3,0	2,0	0,0	298	149
1182	9,6	1,8	2,0	1,0	155	149
1183	49,81	3,1	55,48	2,2	185	149
1184	14,7	8,14	5,4	7,10	178	149
1185	40,54	4,4	31,37	1,3	172	149
1186	2,9	0,0	5,1	0,1	172	149
1187	4,10	0,6	2,1	0,1	265	149
1188	4,13	1,1	4,4	4,0	278	149
1189	0,9	1,1	2,4	4,0	162	149
1190	259,521	0,0	349,231	1,0	155	149
1191	1,3	43,67	1,0	42,25	210	149
1192	6,5	1737,1858	7,7	4264,3564	158	149
1193	47,34	1,2	55,47	0,2	298	149
1194	1727,1693	3,2	3454,2966	1,0	298	149
1196	554,526	6,4	1136,949	2,5	298	149
1197	223,224	2,1	347,258	0,0	298	149
1198	14,20	482,606	28,21	672,465	187	149
1199	2491,2551	1,0	3215,2658	0,0	298	149
1200	48,70	3661,3842	81,42	4885,4035	250	149
1201	1492,1532	1,2	1542,1206	1,0	298	149
1202	5105,5310	1,2	6346,5201	1,0	215	149
1203	8,15	3452,3587	5,5	3931,3038	202	149
1204	57,26	2,0	22,8	0,0	298	149
1205	30,33	5,3	19,15	6,6	298	149
1206	31,38	18,13	20,15	9,2	298	149
1207	29,33	5,3	19,14	6,6	298	149
1208	30,38	18,13	20,14	9,2	298	149
1209	6,8	18,13	7,6	9,2	151	149
1210	28,33	14,20	19,15	12,10	298	149
1211	29,38	21,31	20,15	2,5	298	149
1212	15,25	21,31	13,10	2,5	151	149
1213	55,27	0,2	23,8	1,0	298	149
1214	28,34	4,0	20,15	0,3	298	149
1215	29,39	1993,2304	21,15	1731,1141	298	149
1216	27,35	4,0	20,14	0,3	298	149
1217	28,40	1993,2304	21,14	1731,1141	298	149
1218	5,5	1993,2304	1,3	1731,1141	151	149
1219	10,9	1064,1343	5,2	1006,716	298	149
1220	10,5	1064,1343	5,1	1006,716	298	149
1221	4,6	1064,1343	3,2	1006,716	298	149
1222	1064,1345	0,4	1008,716	0,0	169	149
1223	307,320	2,0	522,360	0,0	298	149
1224	7,17	7,12	12,10	20,13	197	149
1225	0,0	4,2	0,2	3,2	169	149
1226	4,20	6,0	18,16	1,2	298	149
1228	0,6	5,9	2,5	4,6	158	149
1229	12,22	41,45	20,8	25,28	298	149
1230	10,32	99,269	3,7	23,13	294	149
1231	261,257	0,0	238,129	2,0	298	149
1232	2,2	0,3	0,0	2,0	298	149
1233	6,2	4,4	2,0	7,5	298	149
1235	0,0	12,20	0,1	58,41	181	149
1248	0,0	41,50	1,0	65,50	153	149
1250	5,5	57,51	1,3	98,48	266	149
1252	2,1	36,35	3,2	46,11	215	149
1253	1,0	60,94	4,2	62,56	298	149
1254	2,4	244,237	2,1	341,334	208	149
1256	8,6	1,0	11,7	2,1	169	149
1257	3,0	16,14	0,1	6,2	198	149
1258	1,0	46,69	0,2	73,32	175	149
1259	39,44	67,103	75,67	105,76	161	149
1260	2,3	6,5	5,4	3,3	161	149
1261	94,132	23,37	143,115	47,21	197	149
1262	1,1	164,209	2,0	263,181	185	149
1265	4,14	740,898	7,6	1605,1134	185	149
1266	4,6	3,0	11,14	1,1	251	149
1267	8,8	3,0	19,14	1,1	298	149
1268	4,3	0,1	8,0	0,0	199	149
1269	61,59	118,117	71,59	286,164	229	149
1270	39,46	5,9	50,44	5,2	298	149
1271	120,126	5,9	292,165	5,2	285	149
1272	184,337	1,5	280,176	0,0	180	149
1273	67,106	4,1	96,66	0,0	180	149
1274	1,3	45,75	5,3	73,61	172	149
1283	7,11	3,0	48,18	2,1	298	149
1285	517,485	2,10	906,686	2,2	298	149
1297	10,9	73,55	0,0	79,54	298	149
1301	18,17	58,76	8,5	80,54	285	149
1302	1,1	28,29	2,1	44,17	298	149
1303	31,39	0,7	67,16	4,2	298	149
1304	58,68	0,7	110,33	4,2	298	149
1306	0,2	23,35	7,0	57,23	153	149
1307	49,36	113,122	29,19	119,84	153	149
1308	151,214	0,1	185,133	0,0	298	149
1309	23,10	2,0	5,3	0,2	298	149
1310	28,15	33,32	7,4	65,64	298	149
1311	30,17	2,0	6,9	0,0	298	149
1314	18,33	0,1	30,11	0,0	240	149
1315	52,81	5,3	101,75	5,3	240	149
1317	23,12	3,10	35,27	33,11	173	149
1318	32,33	10,6	41,20	5,6	173	149
1319	4,5	26,18	6,3	53,27	298	149
1320	1,4	261,293	5,3	402,248	196	149
1322	38,37	0,0	66,40	0,7	298	149
1323	30,53	2,12	102,48	8,3	234	149
1324	169,150	1,5	186,173	0,1	154	149
1325	26,33	323,368	33,17	579,473	191	149
1326	12,11	100,98	5,9	135,122	152	149
1327	0,1	215,185	5,2	329,267	162	149
1328	550,597	1,2	992,635	1,0	234	149
1329	248,270	2,1	392,244	1,0	234	149
1332	2,6	2,0	4,2	0,0	298	149
1333	1,3	2,0	2,0	0,0	298	149
1334	1,2	0,0	0,0	4,0	232	149
1337	4,1	307,268	3,2	449,309	165	149
1338	13,11	7,10	8,7	4,9	199	149
1339	14,11	318,327	10,7	409,226	199	149
1340	831,905	1,6	865,584	6,3	284	149
1341	16,17	634,623	9,10	895,575	298	149
1342	897,990	0,0	1257,886	0,1	298	149
1343	18,34	611,702	36,10	738,522	181	149
1344	453,706	0,3	413,229	1,1	298	149
1353	8,12	739,803	11,8	842,580	161	149
1354	4246,4638	15,3	9073,6241	0,0	298	149
1355	92,82	1789,1950	96,80	3137,2412	244	149
1356	170,181	26,37	281,188	30,13	298	149
1361	3826,3763	34,13	6995,5240	4,17	205	149
1362	1500,1682	1,1	3099,1970	0,3	233	149
1363	100,118	18,22	245,188	27,23	298	149
1364	1,1	88,114	7,2	240,183	153	149
1369	2,3	62,54	0,4	91,61	197	149
1376	0,0	79,73	2,1	89,68	153	149
1377	2,2	44,39	10,4	62,37	298	149
1379	2,1	5,6	4,0	2,2	298	149
1381	2,0	5,6	2,0	2,2	244	149
1384	0,0	26,21	2,0	58,42	153	149
1385	10,11	3,6	15,14	0,0	179	149
1390	5,4	1,0	1,2	1,0	153	149
1391	4,2	1,0	1,0	0,1	298	149
1392	1277,1407	0,0	1985,1440	2,2	212	149
1393	2,1	8,7	0,0	3,1	298	149
1394	2,1	9,5	3,0	3,5	298	149
1395	0,0	2,3	2,0	4,3	224	149
1396	127,183	3,6	124,94	0,2	298	149
1397	53,84	0,1	91,66	0,0	298	149
1410	0,0	2,0	1,0	1,1	193	149
1411	164,196	80,95	68,43	33,24	155	149
1412	21,19	4,0	17,15	1,6	230	149
1413	4,4	0,0	8,13	0,1	176	149
1414	51,39	3,0	58,37	2,1	176	149
1415	8,5	419,370	6,1	849,575	188	149
1416	357,327	1,0	715,469	0,0	298	149
1417	370,394	0,1	851,529	0,0	298	149
1418	364,396	2,2	850,539	0,0	298	149
1419	307,422	0,1	987,568	0,0	298	149
1420	17,39	303,416	28,26	980,561	287	149
1421	3,11	93,107	8,3	94,84	298	149
1422	46,57	21,30	73,44	6,8	298	149
1423	137,157	21,30	163,126	6,8	246	149
1424	11,21	88,90	6,3	100,73	282	149
1425	1,1	88,89	2,5	106,96	157	149
1426	142,130	3,1	39,38	0,0	170	149
1429	0,2	370,459	2,0	785,558	158	149
1430	0,0	370,459	1,0	785,558	154	149
1432	1,0	0,0	0,0	3,1	298	149
1433	1,0	1,2	0,0	3,0	298	149
1434	0,0	1,2	3,1	3,0	161	149
1436	12,8	135,150	40,12	258,191	169	149
1437	148,143	5,5	173,135	3,5	189	149
1438	16,15	7,7	10,9	10,7	262	149
1441	448,419	3,4	477,371	3,5	298	149
1442	249,244	2,5	397,230	8,1	298	149
1444	38586,43750	0,1	95048,71205	1,1	224	149
1445	13840,14057	0,0	26885,20439	1,0	177	149
1446	10,8	0,5	3,5	5,0	298	149
1447	114,128	1,0	124,98	0,0	252	149
1448	74,57	350,298	58,28	456,369	242	149
1449	28,33	0,1	30,11	0,0	189	149
1450	45,36	0,0	41,17	1,0	242	149
1451	1,8	10,7	3,6	0,3	153	149
1452	52,54	336,312	38,23	582,381	298	149
1453	3,6	4,3	9,4	5,6	160	149
1465	17,29	128,122	25,17	230,116	178	149
1466	90,64	3,2	167,106	4,3	174	149
1468	8,12	975,961	5,4	1909,1505	285	149
1469	53,77	6,9	66,29	1,6	260	149
1470	269,210	1,0	328,232	0,0	298	149
1473	4,2	4,0	5,7	0,0	298	149
1474	229,225	4,3	309,274	0,0	298	149
1475	17,16	289,348	25,10	572,429	252	149
1477	8,14	0,1	22,17	0,0	298	149
1478	254,284	4,7	468,330	5,4	298	149
1479	9,4	198,272	1,6	390,284	154	149
1480	202,276	0,0	397,286	0,1	298	149
1481	201,276	4,3	395,286	3,4	298	149
1482	0,1	4,3	1,2	3,4	196	149
1483	3,1	1,0	4,0	2,0	235	149
1484	3,2	152,165	5,1	278,204	282	149
1485	1,1	152,165	3,1	278,204	196	149
1486	254,271	0,0	399,336	0,1	298	149
1487	4,6	4,3	5,8	5,4	172	149
1488	27,31	1,1	26,25	4,0	298	149
1489	18,25	0,0	22,13	0,2	161	149
1490	3,4	0,0	6,6	2,0	156	149
1492	0,0	117,153	1,0	215,161	154	149
1499	1,2	32,23	0,0	42,11	158	149
1500	1,0	33,24	2,0	46,36	298	149
1505	229,216	4,0	422,295	1,4	298	149
1506	18,20	1,0	11,19	2,0	221	149
1507	898,953	1,2	1263,897	0,1	298	149
1508	597,580	1,3	849,677	0,0	298	149
1510	0,2	1,5	5,0	5,1	196	149
1511	285,284	3,4	402,259	0,0	229	149
1512	11,17	37,35	24,22	60,50	239	149
1527	1,3	108,99	4,4	230,128	166	149
1528	3,1	1,2	5,4	2,1	187	149
1529	8,9	60,79	14,9	142,128	187	149
1530	1231,1356	0,4	1791,1447	2,0	243	149
1531	980,964	3,3	1252,913	0,3	204	149
1540	11,6	134,122	11,7	193,112	286	149
1542	0,0	1,2	1,0	4,0	169	149
1543	56,57	6,3	55,44	1,6	229	149
1552	64,49	1,3	71,45	14,5	298	149
1557	30,18	18,15	20,18	23,19	237	149
1571	7,5	0,5	10,7	0,1	161	149
1572	6,4	31,30	2,3	63,49	151	149
1573	17,27	2,2	16,10	1,4	298	149
1575	42,53	2,2	77,56	1,4	298	149
1579	5,18	1,5	3,14	4,4	174	149
1580	16,24	0,0	24,23	1,0	174	149
1582	38,73	2,8	70,39	5,0	298	149
1583	4,6	77,71	16,13	73,69	215	149
1584	3,5	57,82	21,21	122,87	215	149
1586	27,36	9,3	68,51	2,3	156	149
1591	18,29	43,37	48,25	30,26	298	149
1592	25,33	37,31	40,36	21,24	298	149
1593	47,67	9,13	46,40	12,3	155	149
1594	106,129	2,2	129,119	2,0	261	149
1595	50,31	15,13	42,36	2,1	298	149
1596	89,65	0,1	153,124	8,0	298	149
1600	123,141	1,4	217,159	5,2	298	149
1601	514,544	16,13	1086,793	14,8	298	149
1602	282,247	1,0	502,384	0,0	298	149
1603	340,301	3,1	583,441	3,4	298	149
1606	1,2	518,641	3,0	860,590	247	149
1607	1937,2110	6,1	3578,2751	0,2	254	149
1608	2,0	348,417	0,1	626,487	222	149
1611	0,2	92,101	0,0	116,78	184	149
1612	52,39	18,17	87,70	28,14	182	149
1613	3,1	2,4	2,3	0,0	298	149
1616	299,329	10,6	584,371	8,5	287	149
1617	10,13	2,1	11,6	1,0	287	149
1618	6,12	107,127	7,5	325,237	298	149
1622	359,365	33,39	534,385	45,26	182	149
1623	12,16	11,21	9,10	6,3	298	149
1625	12,12	113,119	28,19	242,188	159	149
1626	11,23	0,0	31,15	11,4	291	149
1627	200,192	11,12	260,214	6,6	177	149
1629	80,70	1,0	90,62	0,0	298	149
1632	0,2	1,4	0,0	2,0	175	149
1634	638,836	0,1	1603,988	0,0	152	149
1635	600,729	0,4	1013,737	0,0	251	149
1637	2,1	0,2	2,0	0,0	298	149
1638	70,67	6,4	76,63	4,5	154	149
1639	14,8	2,8	10,12	5,1	167	149
1640	18,12	2,8	11,13	5,1	198	149
1641	5,7	1,3	4,3	3,2	180	149
1642	25,11	8,25	22,22	36,25	167	149
1643	18,12	8,25	9,14	36,25	198	149
1644	5,7	12,6	2,4	15,12	180	149
1645	13,5	0,1	7,10	0,0	167	149
1646	12,9	50,39	11,9	62,48	153	149
1647	11,9	27,20	5,7	47,33	298	149
1648	11,17	2,0	31,24	2,1	155	149
1649	0,0	11,15	1,0	26,21	163	149
1650	33,30	0,2	35,25	0,0	298	149
1651	7,13	21,24	22,20	30,16	181	149
1653	107,161	10,1	272,181	6,0	167	149
1654	308,276	2,0	350,259	1,0	290	149
1655	173,179	3,6	193,165	9,0	167	149
1656	24,28	240,338	36,28	446,321	298	149
1657	580,605	1,1	931,773	4,1	176	149
1658	1,3	405,408	3,3	783,536	254	149
1659	1680,2015	1,2	3208,2087	1,0	298	149
1664	7,0	1,2	0,1	0,2	193	149
1667	0,2	6,9	4,2	11,12	298	149
1669	6,11	31,42	6,7	40,20	298	149
1672	23,19	2995,2919	10,7	5763,4521	198	149
1673	23,15	2995,2919	9,7	5763,4521	196	149
1674	20,15	6,2	9,7	0,0	196	149
1676	353,326	7,4	523,355	0,0	264	149
1678	216,272	2,2	573,392	5,3	182	149
1679	3,13	170,171	2,4	368,248	298	149
1680	2,0	0,1	0,0	0,1	158	149
1682	0,2	0,1	0,0	0,1	161	149
1689	41,43	2,2	28,18	4,7	298	149
1695	2,8	117,181	0,0	101,49	234	149
1697	0,2	79,156	1,0	120,70	191	149
1700	1,0	47,59	0,0	29,29	151	149
1702	111,159	0,0	143,101	1,2	272	149
1703	289,344	0,0	287,267	0,2	153	149
1706	3,15	0,1	13,15	0,0	298	149
1707	638,704	14,9	1257,1033	9,4	218	149
1710	556,598	0,0	1097,866	1,0	298	149
1711	1,1	739,848	4,5	1730,1448	184	149
1712	1,0	385,468	0,0	947,652	198	149
1714	10,14	108,110	12,18	207,160	298	149
1716	1,1	0,1	4,0	0,0	284	149
1717	65,80	2,1	55,54	6,5	298	149
1718	16,28	1,0	20,5	0,0	298	149
1720	29,36	0,1	31,24	0,0	298	149
1723	1,0	0,0	0,0	1,1	153	149
1728	6,7	324,336	3,4	505,332	241	149
1729	3,4	1467,1470	5,2	2709,1773	216	149
1737	2,3	10,16	3,6	8,6	161	149
1738	2,8	3,18	2,1	26,8	161	149
1741	3,5	2,3	1,7	0,1	298	149
1742	28,60	2,3	42,42	6,5	243	149
1743	43,90	6,13	51,56	18,17	243	149
1751	1,0	6,0	1,0	0,0	298	149
1752	2,0	28,33	1,4	40,27	298	149
1753	7,0	28,33	0,4	40,27	177	149
1754	69,128	0,2	66,52	0,0	298	149
1756	24,28	224,244	35,23	428,270	175	149
1757	287,308	2,5	577,334	2,1	194	149
1758	243,306	0,2	380,286	2,0	195	149
1759	71,96	1,4	116,85	0,2	195	149
1761	58,62	12,12	64,67	9,9	197	149
1762	0,0	0,1	2,0	0,0	263	149
1763	2,0	0,1	5,0	0,0	273	149
1765	0,1	65,81	0,5	73,65	298	149
1766	209,202	129,118	229,143	152,132	180	149
1767	248,246	19,16	402,317	23,29	197	149
1768	1,2	258,252	1,0	373,320	158	149
1769	0,1	19,15	2,0	20,22	194	149
1771	30,25	0,1	59,31	0,0	261	149
1776	1,4	2,0	1,1	0,0	298	149
1783	1,1	29,21	1,1	60,39	203	149
1786	2,6	479,511	3,5	741,584	153	149
1787	42,40	0,0	71,47	0,2	169	149
1788	310,358	0,0	654,479	0,1	153	149
1790	1,4	0,0	13,8	4,0	298	149
1791	25,23	1,0	18,11	0,0	298	149
1793	19,15	148,214	3,8	188,143	298	149
1797	95,97	6,0	172,145	1,3	298	149
1798	117,103	0,1	175,120	0,1	298	149
1799	17,12	92,108	29,15	197,154	298	149
1801	1,0	0,2	1,2	0,0	298	149
1802	5,8	74,70	8,4	136,86	298	149
1803	8,1	94,79	1,0	157,108	175	149
1804	39,47	3,0	68,37	0,0	298	149
1805	31,46	2,1	63,30	0,1	298	149
1806	24,24	0,2	45,24	0,0	177	149
1807	221,225	6,2	308,194	0,4	177	149
1809	33,20	75,89	33,22	109,95	298	149
1810	6,7	75,89	6,1	109,95	178	149
1812	24,40	7,4	45,32	7,7	197	149
1822	1,7	2,0	4,0	0,0	168	149
1825	1,0	1,7	1,0	5,6	177	149
1830	3,12	270,316	12,15	480,366	200	149
1831	0,1	97,85	2,4	89,76	162	149
1832	0,0	41,30	2,1	30,13	166	149
1834	383,370	1,0	560,413	0,0	173	149
1835	454,499	2,0	896,589	0,0	286	149
1836	242,232	1,0	460,278	1,0	286	149
1840	132,179	1,0	226,153	1,0	262	149
1842	0,1	0,1	1,5	0,0	298	149
1843	0,0	0,1	0,1	0,0	163	149
1844	0,0	0,1	0,1	0,0	163	149
1849	26,18	2144,2405	35,27	3587,2432	161	149
1850	2179,2267	2,2	3078,2185	2,0	239	149
1851	6883,7022	2,2	9969,6945	2,0	260	149
1855	22,16	95,81	30,13	106,99	168	149
1860	4,4	1,6	5,3	0,0	230	149
1861	4,4	0,1	5,3	0,0	230	149
1862	2,0	16,23	1,1	30,18	152	149
1865	62,58	1,1	65,50	1,0	154	149
1866	59,50	12,18	29,13	7,5	153	149
1867	49,62	5,5	77,57	5,3	160	149
1868	32,21	0,0	30,19	0,1	189	149
1870	68,75	0,0	84,53	1,3	189	149
1871	27,21	0,0	25,21	1,3	298	149
1872	7,5	48,58	3,3	62,35	298	149
1873	5,4	6,4	5,4	3,1	196	149
1874	6,2	6,4	1,0	3,1	276	149
1875	5,0	4,2	0,0	4,4	229	149
1876	0,2	0,0	1,0	2,0	185	149
1877	12,6	2091,2037	10,3	2467,1940	153	149
1878	59,147	0,2	203,112	0,0	155	149
1879	1795,2043	0,2	2498,2074	0,0	298	149
1880	432,464	0,1	669,507	0,0	238	149
1882	2,10	19,52	7,2	40,25	272	149
1886	4,8	632,720	1,8	1335,962	166	149
1887	766,812	0,0	1468,1207	0,4	201	149
1889	2,5	1,0	2,4	0,0	157	149
1903	3,9	0,2	7,1	0,0	225	149
1904	1,0	4,0	0,2	0,0	164	149
1905	14,5	330,291	31,13	666,493	154	149
1906	372,391	0,1	905,615	0,0	298	149
1907	18,17	291,287	12,11	660,523	191	149
1916	13,23	3,2	44,28	3,0	298	149
1918	7,0	2,2	4,4	7,5	202	149
1919	943,1065	5,5	977,799	1,0	212	149
1920	302,368	9,10	319,284	3,5	212	149
1921	21,31	16,17	19,12	21,9	203	149
1922	18,27	26,18	17,11	23,24	203	149
1923	132,141	140,130	155,115	95,86	298	149
1924	16,25	16,11	18,8	1,1	203	149
1925	464,459	2,2	892,578	2,0	298	149
1926	471,458	0,0	902,563	0,1	298	149
1927	18,16	0,0	20,4	0,1	298	149
1928	32,31	1,0	41,34	0,0	298	149
1929	435,369	1,9	735,517	1,1	280	149
1930	4,13	0,0	8,6	1,0	298	149
1931	290,338	7,19	433,329	1,5	298	149
1936	12,15	0,1	24,28	0,0	213	149
1938	1,0	109,160	1,0	232,168	153	149
1939	165,198	0,0	306,241	0,1	157	149
1940	103,106	2,0	141,126	0,0	155	149
1941	2,0	122,104	1,2	204,168	153	149
1942	0,1	116,108	1,2	116,115	154	149
1943	8,2	11,8	8,1	17,8	159	149
1953	811,970	0,0	1698,1331	4,0	274	149
1955	6,12	4,6	19,9	0,0	186	149
1966	79,92	2,0	165,77	0,0	259	149
1967	1054,1192	7,0	2756,1891	3,4	171	149
1968	10,28	1319,1627	4,7	3130,1867	298	149
1971	48,55	4,1	67,70	0,0	298	149
1972	9,10	146,161	10,5	351,250	173	149
1974	1,3	227,268	1,0	430,276	180	149
1975	379,440	4,1	649,505	2,0	298	149
1977	31,50	0,2	33,20	0,0	270	149
1978	16,15	3,5	12,5	6,3	298	149
1982	14,10	153,176	10,5	308,208	298	149
1983	96,98	2,0	257,175	0,0	298	149
1988	225,241	9,4	230,195	0,4	211	149
1993	0,2	5,4	0,0	11,8	188	149
1994	7,2	0,1	68,41	9,6	152	149
1998	0,0	2,4	2,0	0,2	256	149
1999	8,2	0,3	9,13	9,7	256	149
2000	27,28	14,15	45,36	32,23	256	149
2003	7,6	50,75	0,0	94,57	153	149
2004	25,23	124,136	31,17	287,159	298	149
2005	35,51	20,37	28,17	44,25	164	149
2008	3,4	1,2	4,3	0,0	165	149
2009	18,22	0,0	40,30	2,0	165	149
2010	9,12	1,2	14,1	2,0	210	149
2011	30,11	0,0	21,25	2,0	298	149
2012	31,25	2,0	37,25	0,1	298	149
2015	34,28	2,4	35,27	0,0	298	149
2017	4,5	2,1	4,1	0,0	189	149
2018	100,81	1,2	112,72	0,0	298	149
2020	7,9	1,1	6,8	0,1	270	149
2026	319,313	52,50	591,453	71,51	298	149
2027	288,335	69,53	486,377	145,75	298	149
2028	144,197	9,5	201,184	19,15	298	149
2029	434,481	9,5	731,557	19,15	298	149
2030	370,365	1,3	636,443	4,3	298	149
2031	21,47	2,0	49,26	0,0	296	149
2032	295,405	5,4	327,200	6,3	298	149
2033	10,13	100,222	5,7	166,80	262	149
2034	180,182	1,0	147,98	0,0	298	149
2035	44,104	0,3	47,29	0,0	298	149
2038	34,31	0,2	56,18	0,0	201	149
2039	7,12	8,19	5,4	11,8	298	149
2049	49,54	4,3	36,28	1,0	298	149
2050	49,54	4,3	36,28	1,0	298	149
2051	68,77	4,3	50,41	1,0	298	149
2057	1,0	4,0	0,1	7,7	193	149
2058	71,117	0,1	124,75	0,2	200	149
2066	126,120	0,2	210,120	0,0	298	149
2067	18,41	25,27	16,7	10,12	167	149
2068	21,22	2,5	17,11	0,2	158	149
2070	136,129	0,2	128,85	0,0	298	149
2071	6,2	4,4	2,6	3,4	238	149
2072	1,3	81,72	1,8	127,77	177	149
2073	5,19	0,0	23,15	3,0	263	149
2074	97,179	2,1	84,44	0,0	298	149
2076	0,3	13,11	0,1	7,0	298	149
2078	214,184	23,15	354,252	25,15	158	149
2080	8,29	251,293	38,15	465,288	172	149
2083	3,7	10,6	0,0	13,4	298	149
2084	69,107	0,0	126,63	1,0	298	149
2088	0,0	4,10	1,0	2,5	153	149
2092	0,1	2,1	2,0	5,4	153	149
2104	51,65	2,0	37,36	2,0	298	149
2108	0,0	14,14	0,1	14,9	283	149
2109	96,62	2,3	153,70	14,14	298	149
2110	21,34	1,4	63,31	6,2	171	149
2111	0,0	0,2	1,0	0,0	155	149
2112	7,15	9,23	15,15	26,16	298	149
2113	3,6	9,23	2,4	26,16	238	149
2114	3,6	9,4	2,4	29,18	244	149
2115	9,23	9,4	26,16	29,18	155	149
2117	4,1	24,15	0,4	18,14	161	149
2118	3,7	1,4	1,1	4,8	298	149
2120	27,38	32,33	55,24	45,26	278	149
2121	7,12	32,33	16,12	45,26	280	149
2125	0,1	3,6	1,1	18,23	215	149
2126	14,29	14,47	12,4	26,11	171	149
2142	123,162	2,3	308,193	17,6	226	149
2144	2,3	2,8	0,2	7,3	194	149
2145	0,0	1,4	1,0	1,2	298	149
2148	16,20	1,4	17,11	4,2	190	149
2149	2,5	127,147	3,6	275,180	298	149
2150	201,187	3,0	392,315	1,1	298	149
2152	144,176	0,7	282,179	22,7	236	149
2153	31,54	0,1	84,58	0,0	298	149
2154	6,4	0,0	1,5	1,0	298	149
2155	10,11	146,192	3,9	368,277	298	149
2161	17,25	132,152	26,19	299,247	269	149
2162	38,30	67,68	70,55	127,64	298	149
2163	103,124	4,1	148,111	1,3	217	149
2164	16,12	25,50	15,11	48,33	156	149
2165	0,3	1,1	1,0	0,0	154	149
2168	3,3	1,0	4,6	0,0	298	149
2170	19,16	0,1	16,4	0,1	167	149
2173	4,7	16,19	3,2	18,9	184	149
2174	0,1	16,19	0,0	18,9	153	149
2175	0,0	1,0	1,0	0,0	261	149
2176	1,1	0,0	1,0	0,2	261	149
2179	0,2	0,0	1,0	0,1	261	149
2180	1,0	0,2	1,1	0,0	261	149
2181	1,1	1,0	1,1	0,0	298	149
2185	37,39	2,0	60,48	1,0	298	149
2187	1,0	1,2	1,0	8,2	166	149
2188	4,0	0,0	0,0	2,0	166	149
2190	111,127	7,6	101,90	5,8	207	149
2191	119,107	1,0	100,99	3,2	208	149
2192	151,144	1,1	130,119	1,1	236	149
2193	33,37	1,1	33,22	1,1	177	149
2194	190,183	0,2	187,151	0,0	236	149
2195	7,13	0,0	11,3	0,2	199	149
2196	39,39	7,2	30,29	3,2	199	149
2199	4,7	108,140	6,13	290,153	163	149
2201	967,1475	4,0	1251,864	0,0	298	149
2202	13,21	1,0	9,14	0,0	235	149
2204	1,0	0,0	0,0	1,1	155	149
2206	0,1	1405,1673	1,0	2606,1973	153	149
2207	1313,1405	0,5	1705,1289	0,0	298	149
2208	2,6	0,1	6,1	0,0	298	149
2210	748,805	6,8	1450,1016	18,8	225	149
2211	726,826	35,26	1448,1047	41,20	298	149
2212	185,170	2,7	383,276	14,6	154	149
2213	5,13	1,0	14,3	0,0	173	149
2214	206,215	8,7	309,233	15,13	173	149
2215	0,1	37,64	0,0	62,63	258	149
2217	4,17	63,51	8,4	94,44	284	149
2218	0,4	61,42	2,3	47,56	270	149
2219	17,36	26,28	38,29	28,15	158	149
2220	3,8	0,3	7,2	0,2	158	149
2221	1,0	33,34	0,1	24,14	193	149
2227	161,150	3,1	134,105	0,0	298	149
2228	68,70	5,2	76,75	2,3	195	149
2229	7,7	65,61	17,11	91,119	261	149
2231	198,248	40,43	326,253	31,29	298	149
2232	278,304	4,1	389,272	0,0	298	149
2239	9,3	258,281	9,9	444,338	275	149
2240	540,531	17,9	628,491	5,7	263	149
2242	2,1	2,3	1,3	0,0	298	149
2246	424,502	7,9	566,458	5,8	298	149
2247	0,1	7,9	0,0	5,8	166	149
2248	1,1	411,428	0,1	622,461	166	149
2249	519,505	0,1	1028,588	1,0	298	149
2250	523,508	12,17	1031,590	13,5	298	149
2251	4,4	12,17	4,3	13,5	298	149
2252	668,587	30,31	923,630	43,32	298	149
2253	204,239	185,211	169,122	193,118	209	149
2254	92,98	388,397	56,52	371,263	292	149
2256	1,2	6902,7337	1,1	14782,11345	153	149
2257	5,7	2686,3619	4,9	6665,4329	298	149
2260	46,44	1,0	98,76	6,1	215	149
2264	15,26	13,16	27,16	6,7	164	149
2265	14,26	50,121	27,12	77,16	158	149
2266	24,38	6,3	39,17	0,0	185	149
2267	60,133	6,3	89,21	0,0	176	149
2268	7,5	2,0	4,2	2,0	179	149
2269	6,5	0,1	5,2	0,0	179	149
2270	17,36	7,16	14,7	6,3	179	149
2274	140,162	21,26	196,154	1,0	298	149
2275	0,2	135,153	1,2	272,192	298	149
2276	20,9	2,0	31,15	1,0	156	149
2277	16,26	226,203	12,7	320,250	215	149
2278	367,359	5,3	473,300	0,0	261	149
2281	972,979	1,7	1772,1325	5,1	298	149
2283	26,26	1,1	25,30	0,0	298	149
2284	41,25	1,0	24,10	0,0	298	149
2285	993,1057	1,0	1655,1201	0,0	298	149
2286	438,511	0,1	794,579	0,0	190	149
2287	129,150	0,5	122,123	3,1	298	149
2288	72,77	0,5	49,58	3,1	197	149
2289	1095,1151	0,0	1925,1384	0,2	190	149
2291	0,4	0,1	0,2	2,2	298	149
2292	0,3	0,1	0,2	2,2	271	149
2293	418,482	4,7	707,594	19,11	230	149
2294	6,9	0,4	10,1	0,0	204	149
2295	41,31	9,11	45,30	3,3	270	149
2296	11,7	4,12	29,9	44,27	298	149
2298	1,2	361,378	4,1	587,414	298	149
2299	1,2	361,378	6,1	587,414	158	149
2301	8,11	46,76	11,14	61,58	244	149
2305	131,100	7,10	167,92	10,11	189	149
2306	504,540	2,0	1101,928	0,0	298	149
2307	633,660	13,48	916,865	17,27	282	149
2308	22,20	600,631	10,13	1064,737	232	149
2309	4,6	59,36	4,1	66,40	229	149
2310	59,58	23,25	80,68	56,35	289	149
2311	28,31	0,3	33,22	2,0	289	149
2314	1,5	76,107	3,1	126,83	153	149
2317	3,4	0,2	0,4	0,0	254	149
2318	20,11	32,44	12,7	48,48	179	149
2320	100,122	2,1	187,111	4,9	223	149
2321	202,267	1,2	380,206	0,1	223	149
2322	67,35	1,0	67,32	0,0	298	149
2323	3,8	38,23	2,6	36,15	172	149
2325	0,2	25,19	0,0	10,15	214	149
2329	2673,2738	6,8	2759,2148	4,9	298	149
2330	2,2	0,1	4,3	0,0	298	149
2331	152,159	2,2	173,138	0,0	298	149
2332	110,91	0,1	116,114	7,2	298	149
2333	3,3	108,90	13,8	110,110	192	149
2335	0,3	73,41	0,0	85,69	156	149
2339	34,27	0,1	17,12	0,0	156	149
2342	16,20	1,0	16,17	0,0	223	149
2343	3,4	5,3	6,3	7,1	235	149
2344	15,8	4,0	16,4	2,0	223	149
2346	0,0	0,1	0,3	0,2	160	149
2348	232,263	362,337	272,138	381,217	197	149
2349	60,65	10,9	78,47	9,6	197	149
2350	141,110	2,2	173,134	0,2	298	149
2351	9,1	92,167	15,10	271,201	212	149
2352	11,12	66,81	10,5	146,107	288	149
2353	1,0	99,108	0,0	214,150	226	149
2354	16,18	3,0	9,3	0,0	298	149
2355	4,1	229,228	6,5	423,338	236	149
2356	3,0	175,177	4,0	474,313	161	149
2358	0,4	139,128	13,8	377,295	191	149
2359	99,95	0,0	293,238	0,1	259	149
2361	0,2	0,0	2,0	1,0	161	149
2363	2,0	0,0	0,0	2,0	280	149
2364	2,0	0,0	0,0	2,0	298	149
2378	99,80	0,0	142,90	0,2	298	149
2379	1,0	93,92	4,4	188,151	175	149
2381	0,2	0,2	8,1	2,2	189	149
2388	131,136	18,13	482,308	41,28	236	149
2389	48,57	0,0	194,119	3,1	236	149
2391	10,8	0,1	8,10	0,0	176	149
2393	25,30	18,15	32,34	35,27	298	149
2397	4,4	12,15	4,7	17,8	162	149
2398	36,56	2,7	75,50	10,3	298	149
2399	127,156	2,7	188,106	10,3	298	149
2400	160,179	2,2	214,129	5,4	298	149
2401	36,54	0,2	70,46	0,0	298	149
2402	2,2	41,32	6,3	78,57	204	149
2407	98,127	1,0	205,148	6,5	298	149
2409	18,17	103,126	29,12	214,142	298	149
2414	273,283	1,1	953,699	0,0	298	149
2415	269,287	0,3	852,606	0,0	298	149
2416	21,22	1,2	27,24	3,3	156	149
2417	2,2	4,0	5,5	8,4	298	149
2418	1,0	0,0	0,0	2,0	298	149
2419	1,0	1,0	0,0	1,0	298	149
2421	32,58	0,0	77,49	5,0	249	149
2423	72,89	3,2	135,99	11,14	249	149
2426	92,75	0,1	208,156	0,0	298	149
2427	60,40	0,11	119,82	7,12	153	149
2428	109,104	0,1	130,114	0,0	194	149
2429	58,59	4,1	113,76	0,3	298	149
2433	6,1	22,32	10,7	11,9	237	149
2435	3,4	0,1	1,0	0,0	298	149
2438	0,0	300,293	1,0	628,513	154	149
2439	0,0	13,8	2,0	37,27	154	149
2440	324,368	13,8	742,595	37,27	298	149
2441	324,368	0,0	742,595	2,0	298	149
2442	424,543	102,115	504,380	170,122	298	149
2443	492,729	0,9	649,435	5,2	298	149
2445	6,3	169,193	8,7	312,242	228	149
2446	4,3	4,2	4,6	1,0	228	149
2447	1,3	4,1	7,1	8,4	298	149
2451	0,2	0,2	0,0	1,0	298	149
2452	0,3	295,311	0,0	486,367	298	149
2453	1,2	0,3	4,0	0,0	298	149
2457	0,1	4,2	0,0	2,2	155	149
2460	0,1	0,1	2,1	0,0	165	149
2461	1522,1765	2,2	1758,1351	0,0	298	149
2462	77,62	3,2	72,48	6,7	182	149
2463	0,2	345,393	2,0	452,310	178	149
2464	508,595	1,0	709,400	0,0	298	149
2465	0,3	506,593	1,1	702,390	178	149
2470	22,37	7,4	41,25	10,2	203	149
2474	121,117	0,0	262,189	1,0	152	149
2475	0,1	105,101	0,0	240,147	153	149
2476	2,0	2,1	6,1	5,2	151	149
2477	68,79	2,1	162,127	5,2	155	149
2478	66,79	0,0	158,126	2,0	153	149
2479	17,19	0,0	28,13	1,0	153	149
2480	72,106	0,0	159,127	0,2	220	149
2495	16,2	31,25	6,7	52,39	298	149
2496	26,29	2,0	36,21	0,0	298	149
2502	62,56	33,40	93,73	52,35	298	149
2503	2,1	28,53	5,0	45,20	298	149
2504	6,5	28,53	10,0	45,20	298	149
2506	0,6	4,4	0,0	5,0	239	149
2508	0,0	50,52	1,0	157,109	298	149
2509	6,1	4,1	14,8	8,1	167	149
2510	8,17	22,34	25,34	49,37	233	149
2511	17,39	432,460	19,15	656,560	164	149
2512	698,711	11,1	1272,853	0,0	298	149
2513	19,35	2,0	42,28	0,2	170	149
2514	0,1	223,230	1,0	298,193	231	149
2515	235,263	0,0	303,222	1,2	176	149
2516	2,0	2,0	3,0	2,0	162	149
2519	0,0	24,26	1,0	32,21	161	149
2521	72,98	165,183	156,127	292,153	164	149
2522	51,81	0,0	114,55	1,2	185	149
2523	268,285	21,19	418,282	27,26	185	149
2524	56,78	2,0	112,53	0,0	185	149
2525	11,12	337,372	23,10	500,384	191	149
2526	106,92	10,24	99,63	14,9	298	149
2527	104,105	175,209	104,73	273,191	298	149
2530	2,1	1,0	15,6	0,0	188	149
2531	4,1	2,0	8,2	15,2	298	149
2532	5,1	3,6	23,8	9,9	298	149
2533	4,1	3,6	30,8	9,9	188	149
2535	366,389	24,40	614,462	33,28	164	149
2536	676,740	2,0	1019,778	0,0	298	149
2549	1164,1137	5,18	1714,1339	7,2	165	149
2551	241,256	18,12	425,359	28,35	298	149
2552	36,35	11,15	56,38	15,11	152	149
2558	1234,1388	0,0	2290,1643	1,0	153	149
2559	1952,2106	4,1	3391,2726	0,3	298	149
2560	693,722	1,1	1142,868	0,0	298	149
2561	21,12	101,161	20,13	215,152	185	149
2562	3,3	470,537	4,3	792,512	175	149
2563	20,18	39,59	39,22	68,41	208	149
2564	0,2	0,0	1,0	1,0	208	149
2565	144,192	0,0	269,150	2,0	194	149
2566	3,5	0,0	11,4	2,0	262	149
2567	3,5	144,192	11,4	269,150	217	149
2568	7,5	0,2	3,2	0,0	194	149
2569	108,113	2,1	253,182	1,3	298	149
2570	131,145	6,2	291,163	8,5	191	149
2571	114,77	6,5	154,126	5,8	179	149
2575	1,3	45,49	1,0	63,51	251	149
2576	3,5	1,0	2,3	0,0	298	149
2577	1,0	86,155	6,0	179,121	161	149
2580	112,196	0,1	253,149	0,0	250	149
2581	417,532	8,19	735,505	26,25	250	149
2582	111,192	0,2	250,147	0,0	250	149
2584	150,131	1,0	374,237	0,0	298	149
2585	8,13	20,36	9,4	43,16	298	149
2586	160,187	0,2	195,124	2,0	183	149
2587	35,39	0,1	37,28	0,0	183	149
2588	138,171	11,17	184,138	9,8	181	149
2589	287,293	1,1	326,246	0,0	298	149
2598	3,5	2,0	2,1	2,3	257	149
2600	25,30	0,1	38,22	0,0	231	149
2601	16,13	0,0	12,12	0,1	231	149
2602	22,48	1,0	52,24	7,6	173	149
2603	215,211	0,2	250,159	0,0	298	149
2604	130,134	0,2	141,100	0,0	298	149
2605	5,12	0,1	1,1	0,0	298	149
2606	134,131	0,1	166,128	1,0	298	149
2607	26,20	5,7	26,28	11,6	240	149
2608	0,3	5,7	6,2	11,6	169	149
2609	17,26	861,758	31,16	1299,1115	298	149
2611	0,0	49,51	0,3	67,27	194	149
2613	462,562	10,5	1155,860	18,10	188	149
2614	2,0	606,542	0,0	901,695	153	149
2616	683,926	1,0	1014,670	0,0	298	149
2619	78,88	1,1	159,118	4,1	165	149
2620	2,0	13,7	2,0	18,12	167	149
2621	107,156	1,0	229,184	0,0	185	149
2629	38,51	162,161	42,38	358,188	298	149
2630	26,41	10,22	32,28	15,16	298	149
2631	11,15	91,119	30,16	175,153	159	149
2634	389,430	1,0	645,445	3,0	286	149
2635	33,35	134,151	42,34	284,185	298	149
2636	163,226	0,2	250,158	2,0	189	149
2637	5,0	4,6	7,0	17,13	193	149
2639	87,76	0,0	202,161	0,1	298	149
2640	131,193	1,2	197,120	1,2	298	149
2645	59,92	0,2	157,113	1,3	298	149
2646	18,4	5,0	0,0	0,2	215	149
2647	8,10	51,64	2,4	67,47	298	149
2648	6,11	51,64	4,2	67,47	298	149
2649	2,6	2,0	7,1	0,2	298	149
2650	5,0	246,292	3,0	324,219	180	149
2652	29,35	474,561	26,14	853,615	298	149
2655	3,5	2,0	5,5	7,5	194	149
2659	0,0	1,4	1,0	1,4	153	149
2662	0,2	1,1	4,0	0,1	298	149
2663	0,2	0,0	4,0	2,0	298	149
2665	2,0	0,0	0,0	1,0	298	149
2668	30,35	2,1	39,24	1,0	189	149
2669	17,20	0,0	37,20	3,0	298	149
2670	2,0	8,10	2,1	21,39	164	149
2671	35,47	2,0	75,61	2,0	298	149
2673	195,175	4,4	140,122	0,0	179	149
2674	7,3	0,1	7,2	0,0	298	149
2675	163,205	20,16	261,153	13,14	259	149
2676	3,3	132,141	2,3	145,107	164	149
2677	204,206	13,18	368,288	8,9	229	149
2682	179,213	15,19	293,231	10,4	298	149
2683	729,729	0,4	453,376	0,0	298	149
2684	19,13	2,0	17,6	0,0	154	149
2686	23,13	0,1	22,16	0,0	298	149
2694	0,3	1,0	1,0	2,0	155	149
2697	1,0	0,0	1,1	4,0	181	149
2701	1,2	0,0	1,0	2,0	241	149
2703	20,19	0,3	8,11	0,0	298	149
2704	0,3	7,4	0,1	13,11	298	149
2706	0,4	22,15	1,1	19,15	170	149
2707	0,4	5,4	1,1	2,3	170	149
2708	2,3	1,0	0,1	1,0	278	149
2712	265,249	16,13	395,353	23,26	153	149
2713	13,11	0,4	11,3	1,0	160	149
2714	22,28	28,36	18,11	47,26	229	149
2715	9,21	28,36	8,8	47,26	218	149
2716	13,22	112,85	15,9	151,124	218	149
2718	69,70	7,5	144,94	19,10	298	149
2723	1,2	182,175	3,1	219,193	153	149
2724	3,6	0,2	4,3	0,0	233	149
2725	181,146	1,2	262,194	3,0	298	149
2726	4,3	1,0	6,3	0,0	233	149
2727	249,298	2,0	342,261	2,0	175	149
2728	3,10	2,0	1,2	0,0	298	149
2729	34,21	0,1	43,39	2,2	156	149
2730	298,262	0,1	656,491	2,2	161	149
2731	289,253	25,12	628,465	15,13	154	149
2732	648,548	1,3	1460,1019	12,4	248	149
2733	236,230	2,2	417,310	1,1	204	149
2734	141,175	2131,2305	280,214	4352,3182	223	149
2735	153,160	1,1	359,282	2,1	203	149
2737	8,7	459,467	5,8	712,520	155	149
2738	36,59	336,356	38,49	330,244	213	149
2739	246,426	0,2	222,170	0,0	298	149
2740	300,317	0,1	272,202	0,0	298	149
2741	131,141	1,1	269,180	2,1	298	149
2742	287,308	30,26	614,356	57,44	172	149
2743	41,83	16,34	90,36	51,25	172	149
2744	45,58	2,1	100,38	0,0	172	149
2745	0,4	0,0	0,0	0,6	298	149
2750	205,246	0,6	263,199	0,0	298	149
2751	1204,1353	0,5	1888,1364	0,0	298	149
2752	363,423	14,11	382,323	6,5	298	149
2753	1112,1418	13,15	2117,1434	18,8	298	149
2754	541,698	8,4	509,289	6,1	275	149
2755	1173,1428	2,2	1521,946	1,0	275	149
2756	91,108	104,144	119,92	129,52	291	149
2757	26,29	0,0	40,41	0,1	298	149
2758	9,15	0,2	8,3	0,0	298	149
2759	27,31	0,2	43,44	0,0	298	149
2760	43,50	6,10	68,68	1,0	223	149
2761	2,3	0,0	4,0	0,1	298	149
2762	2,5	0,0	5,0	0,1	298	149
2766	12,22	24,26	18,16	36,41	272	149
2767	23,21	0,2	19,10	0,0	292	149
2768	29,27	620,677	36,38	1084,936	156	149
2772	93,131	0,0	172,141	1,0	286	149
2773	1,5	61,57	4,0	112,65	165	149
2774	18,36	0,2	14,27	0,0	298	149
2775	316,340	1,0	585,393	0,0	298	149
2776	289,241	20,18	315,291	25,11	298	149
2777	252,267	1,0	323,254	1,0	188	149
2778	1704,1732	2656,2644	2431,1993	4665,3868	188	149
2779	6834,7164	0,0	14243,10367	0,2	274	149
2780	0,5	0,0	3,1	1,0	221	149
2781	32,38	2,0	35,30	0,0	213	149
2782	128,152	0,0	131,82	4,1	298	149
2784	31,40	9,9	40,50	8,4	298	149
2786	10,9	485,479	17,13	994,769	283	149
2787	3,0	38,73	1,7	61,41	252	149
2788	4,4	1,0	0,4	0,0	298	149
2791	0,0	73,78	1,0	107,74	154	149
2793	56,89	31,55	153,82	101,63	210	149
2794	1054,1205	31,55	2379,1746	101,63	215	149
2795	1027,1147	29,31	2286,1688	60,24	154	149
2796	1679,1807	0,1	3174,2436	0,0	298	149
2797	77,74	1565,1644	62,46	2928,2240	219	149
2798	47,52	19,26	33,35	8,9	219	149
2799	1997,2277	19,26	3602,2638	8,9	298	149
2800	1980,2275	5,7	3599,2625	0,0	298	149
2805	20,15	69,92	27,19	117,81	298	149
2806	0,0	0,1	1,0	1,0	298	149
2808	2,12	561,587	21,10	1018,809	298	149
2809	7,5	8,23	0,0	36,34	245	149
2810	66,79	226,283	114,74	411,308	298	149
2811	164,220	2,3	243,193	0,0	174	149
2815	345,327	3,3	558,406	9,3	298	149
2822	0,1	76,82	1,1	109,75	164	149
2825	4,2	12,26	10,0	44,33	290	149
2826	0,3	46,41	2,4	72,61	298	149
2827	9,28	1,0	47,26	2,0	188	149
2829	13,14	105,81	16,5	183,123	226	149
2830	2,11	8,9	1,3	4,1	259	149
2831	8,14	7,9	5,9	4,4	259	149
2842	1,0	0,0	0,2	0,2	298	149
2844	0,0	0,1	0,1	3,3	162	149
2854	1,3	0,0	3,0	1,0	167	149
2857	6,1	0,0	8,2	3,2	153	149
2861	96,134	0,3	187,117	11,2	153	149
2862	48,36	45,54	44,29	72,48	298	149
2863	0,0	43,47	1,0	62,41	233	149
2864	0,1	0,2	0,0	7,1	164	149
2865	10,11	12,8	41,14	33,17	158	149
2866	233,240	8,6	271,236	14,3	293	149
2868	7,7	386,447	9,9	605,422	153	149
2869	2,7	2,0	1,0	0,0	206	149
2883	2,6	94,118	4,3	269,164	243	149
2887	5,5	19,11	7,0	12,9	245	149
2890	2242,2541	16,14	3819,3019	5,9	264	149
2897	0,2	1,0	0,1	0,0	298	149
2914	23,34	0,1	47,38	0,0	256	149
2915	96,92	0,0	148,110	1,2	298	149
2920	10,8	19,22	10,5	22,33	298	149
2921	4,0	1,1	1,0	0,0	298	149
2922	8,3	1,1	6,0	5,1	298	149
2925	5,7	1,0	9,0	4,0	298	149
2927	0,0	0,1	2,0	5,2	211	149
2928	5,0	1,2	3,5	1,0	287	149
2933	3,0	1,1	3,5	2,1	287	149
2940	2,3	282,267	0,5	306,235	278	149
2941	1,3	55,46	4,1	98,48	298	149
2942	6,9	55,46	6,4	98,48	298	149
2944	107,85	6,7	157,84	5,1	298	149
2945	161,165	0,0	244,181	1,0	298	149
2946	172,230	5,11	305,208	13,5	298	149
2947	173,229	7,3	313,211	4,6	298	149
2948	6,12	7,3	21,8	4,6	151	149
2950	38,61	2748,2798	62,49	5748,4560	164	149
2952	8,16	2,1	6,10	0,1	167	149
2953	3,0	10,12	2,2	18,12	155	149
2954	11,5	6,12	2,2	7,6	151	149
2956	2955,3107	2,0	4810,3571	0,1	287	149
2958	3,0	0,1	0,1	0,0	156	149
2959	6,4	447,400	0,2	525,464	156	149
2960	487,477	6,9	516,518	1,1	298	149
2961	0,6	303,305	1,2	484,315	154	149
2962	306,278	0,2	403,278	0,0	298	149
2966	10,10	0,0	17,18	5,3	197	149
2967	5,9	0,0	10,10	2,0	197	149
2968	0,0	3,0	0,2	0,0	199	149
2969	110,141	5,11	144,98	8,3	199	149
2971	171,194	4,1	214,136	0,1	298	149
2972	161,207	0,0	219,157	3,1	298	149
2973	38,67	0,0	78,59	3,1	222	149
2974	10,26	3,7	22,11	18,2	214	149
2975	49,82	20,43	110,67	28,27	214	149
2976	44,70	2,1	100,61	4,0	298	149
2978	585,554	0,1	780,584	0,0	298	149
2979	5,9	1,5	5,4	0,0	150	149
2984	3755,4302	4,3	8146,6026	1,2	154	149
2986	2,3	1,3	4,2	1,0	298	149
2987	890,995	2,5	1396,1006	0,0	298	149
2988	4,7	285,356	0,6	443,400	156	149
2989	656,611	10,15	921,641	7,3	166	149
2990	0,0	505,413	1,1	662,412	153	149
2991	7,5	101,98	1,2	182,142	281	149
2996	38,22	1,1	81,73	5,3	230	149
2998	0,2	0,1	2,2	0,0	298	149
3002	207,196	0,2	472,378	0,0	298	149
3004	18,24	1,0	9,5	0,0	298	149
3006	3,3	0,1	1,0	0,1	298	149
3010	5105,6352	7,7	12532,7873	3,6	182	149
3011	8926,8721	5,0	16941,12664	3,0	298	149
3012	16,27	8774,8569	19,12	16626,12463	161	149
3013	0,1	63,113	0,3	48,54	224	149
3020	0,4	137,137	0,1	120,79	153	149
3021	1,2	100,118	1,0	103,71	153	149
3023	2,2	83,94	0,0	102,58	167	149
3024	94,113	93,138	120,119	113,71	269	149
3026	12,8	28,28	12,8	21,12	298	149
3028	0,0	0,5	1,0	4,3	191	149
3030	37,26	162,140	38,24	253,164	298	149
3031	17,16	107,102	13,11	169,136	196	149
3032	0,1	173,161	1,0	250,181	157	149
3034	6,0	21,26	1,0	29,22	154	149
3036	112,156	11,17	90,67	12,0	155	149
3037	1,10	1,0	4,3	0,0	155	149
3039	5,9	41,41	11,6	28,39	298	149
3040	94,128	0,1	114,75	0,0	298	149
3042	0,2	1,6	0,0	8,2	161	149
3043	550,524	4,11	875,611	0,0	298	149
3044	502,486	4,4	753,534	1,1	298	149
3045	465,524	0,1	816,543	0,0	298	149
3058	195,178	17,14	169,155	6,3	298	149
3059	2303,2097	12,9	3549,2789	14,10	298	149
3060	324,431	39,42	566,252	68,45	215	149
3061	0,2	1,1	0,2	2,0	242	149
3067	3,2	0,0	1,0	0,1	192	149
3068	358,418	1,0	665,481	0,0	298	149
3069	342,350	2,2	517,378	4,0	298	149
3070	3,2	250,296	2,2	444,294	192	149
3071	26,53	37,68	62,34	80,47	171	149
3077	67,86	7,4	173,156	13,6	157	149
3081	108,121	2,2	169,99	0,5	298	149
3082	37,41	7,15	47,34	23,19	153	149
3083	114,141	3,3	204,142	7,6	233	149
3084	1,1	0,0	3,1	1,0	154	149
3085	1,1	0,2	5,1	0,0	154	149
3086	213,211	0,3	381,272	2,0	154	149
3087	53,76	1,1	94,36	0,0	298	149
3088	13,16	2,3	32,10	3,2	298	149
3089	15,17	2,2	16,11	9,4	257	149
3090	3,9	0,0	8,12	0,1	183	149
3091	392,384	0,3	691,546	1,1	298	149
3094	6,6	197,188	10,2	234,194	238	149
3095	6,7	85,90	10,2	58,35	238	149
3096	31,35	188,213	50,17	221,193	212	149
3097	3,13	314,335	13,3	538,353	193	149
3104	1,0	29,24	2,2	60,32	153	149
3105	16,12	504,446	13,13	684,518	269	149
3106	44,58	0,1	78,38	3,2	157	149
3107	11,15	2,0	5,3	0,0	298	149
3109	94,101	0,1	176,123	3,1	275	149
3110	58,63	1,0	132,95	0,0	275	149
3111	0,3	4,3	0,0	1,2	298	149
3112	0,1	26,32	0,0	49,39	298	149
3113	10,18	1917,1889	12,14	2510,2097	153	149
3114	3,6	64,47	0,1	105,67	226	149
3115	492,697	0,0	961,729	0,2	278	149
3118	37,13	5,1	31,19	3,0	298	149
3120	2,1	46,75	6,2	146,93	240	149
3128	3,1	0,0	2,1	4,0	159	149
3131	323,344	3,6	386,269	1,1	180	149
3133	1444,1411	2,0	1877,1498	0,1	298	149
3136	1278,1322	1442,1409	1903,1517	1877,1498	298	149
3138	11,24	0,8	31,8	26,11	219	149
3139	4,7	0,1	3,4	2,1	186	149
3140	4,7	8,5	3,5	10,6	186	149
3141	32,57	8,5	59,29	10,6	298	149
3142	34,54	0,0	64,25	0,1	298	149
3153	18,19	1,0	64,49	0,1	284	149
3159	294,380	0,4	530,348	0,0	201	149
3161	469,555	0,1	0,3	0,0	298	149
3162	18,21	499,512	0,0	3,9	172	149
3163	2,1	254,232	0,0	457,305	298	149
3164	93,110	0,2	252,154	1,2	298	149
3165	154,166	123,137	259,189	262,182	155	149
3166	68,42	5,10	97,56	8,3	256	149
3167	46,62	41,51	70,60	62,67	155	149
3168	10,19	6,6	18,11	9,3	155	149
3169	2,6	1,3	4,5	2,4	155	149
3170	11,6	78,84	14,6	91,76	196	149
3171	1459,1655	63,56	2800,2006	11,2	298	149
3180	17,10	0,1	29,25	0,0	194	149
3181	52,49	1,0	110,62	4,7	194	149
3182	2,0	14,16	2,1	18,10	223	149
3186	20,29	0,0	52,51	0,2	298	149
3187	0,4	0,1	4,3	3,1	162	149
3199	433,442	21,17	418,352	3,7	298	149
3202	1,0	66,83	2,3	61,42	152	149
3203	7,7	0,2	3,0	0,0	298	149
3205	0,1	5,0	1,1	10,8	162	149
3206	0,2	22,36	0,2	38,26	162	149
3207	0,1	1,3	0,0	18,4	162	149
3210	4,2	2,0	3,0	1,0	161	149
3211	25,44	10,0	43,38	0,0	182	149
3212	24,34	6,0	61,29	0,4	187	149
3213	342,446	2,6	654,398	2,2	298	149
3214	5,19	2,1	15,8	2,9	170	149
3215	10,11	7,10	21,12	14,10	298	149
3216	101,85	5,1	137,104	4,2	298	149
3217	56,48	0,0	87,61	3,0	298	149
3218	46,37	0,0	62,48	0,1	298	149
3222	249,372	11,14	431,304	14,5	298	149
3223	91,102	150,146	90,74	124,115	185	149
3226	35,43	15,12	57,31	20,9	182	149
3228	3,0	1,0	1,2	2,0	154	149
3229	549,485	3,2	869,577	3,0	298	149
3236	143,133	1,0	229,160	0,0	298	149
3237	20,14	126,142	7,10	204,152	270	149
3240	75,86	0,1	72,59	1,0	298	149
3242	28,16	24,34	22,21	27,16	298	149
3243	1,8	24,34	1,0	27,16	288	149
3244	1,9	0,1	1,2	1,4	288	149
3246	3,3	90,70	9,4	115,73	217	149
3247	0,1	70,92	0,0	109,65	153	149
3248	12,4	43,46	8,18	62,56	240	149
3249	36,22	0,2	54,35	0,0	298	149
3250	67,64	0,2	108,73	0,0	214	149
3257	7,10	8,7	7,7	7,7	211	149
3258	0,0	8,7	0,1	7,7	156	149
3259	7,10	0,0	7,7	0,1	204	149
3260	2,2	0,2	0,1	5,3	153	149
3269	23,21	0,1	46,21	3,6	259	149
3270	23,21	9,18	46,21	7,14	263	149
3271	0,1	9,18	3,6	7,14	153	149
3272	0,2	39,60	5,3	64,63	164	149
3278	5,4	167,135	3,4	225,194	298	149
3284	19,22	752,881	60,29	1453,1070	170	149
3286	486,578	0,3	59,26	0,0	153	149
3287	484,562	2,0	45,27	0,0	159	149
3288	29,23	329,446	0,1	45,19	155	149
3291	3,0	5,1	2,2	3,6	177	149
3292	2,0	0,0	0,0	2,0	184	149
3293	8,10	21,15	4,1	16,16	274	149
3301	72,88	0,3	131,82	0,0	298	149
3310	2,5	0,2	0,4	1,0	298	149
3311	78,51	8,2	97,81	3,3	154	149
3314	179,193	2,3	253,161	4,6	290	149
3315	12,23	71,70	33,34	90,51	158	149
3333	66,75	0,2	68,85	0,0	298	149
3334	20,29	39,47	24,22	46,20	202	149
3335	801,934	5,1	1764,1219	1,6	298	149
3336	7,6	0,1	2,3	5,1	298	149
3339	193,198	3,4	395,268	2,3	153	149
3340	3,5	0,2	2,3	0,0	158	149
3342	216,235	5,10	389,287	3,1	214	149
3346	559,596	68,63	1046,718	17,12	193	149
3347	30,17	0,0	27,20	0,2	298	149
3358	2,0	22,21	0,0	16,9	298	149
3359	2,7	3,5	3,4	0,0	167	149
3360	17,12	26,15	7,10	7,13	167	149
3361	39,41	308,332	84,54	524,387	167	149
3362	0,0	35,75	2,0	55,34	168	149
3363	7,11	4,5	12,13	12,19	298	149
3364	2,3	118,125	0,0	142,118	163	149
3365	1013,1076	3,1	1319,1078	1,1	211	149
3368	584,664	3,4	703,617	0,2	298	149
3369	462,500	1,0	730,525	0,0	298	149
3370	927,983	124,138	1187,952	148,132	194	149
3371	426,431	377,390	575,536	412,341	298	149
3372	7,17	418,427	12,15	569,530	190	149
3374	10,12	4,0	6,3	0,0	153	149
3376	713,677	1,0	1086,739	0,0	298	149
3377	701,771	13,11	1133,822	3,1	298	149
3378	944,943	0,1	1354,968	2,1	193	149
3379	248,223	15,8	312,212	13,10	193	149
3380	250,225	1,1	312,213	0,0	193	149
3381	125,94	541,623	81,77	1044,767	298	149
3383	2,0	181,190	1,1	285,181	275	149
3389	22,23	2,1	3,0	0,1	298	149
3390	14,6	2,1	1,0	0,1	298	149
3391	1,0	9,17	0,0	2,0	155	149
3392	2,4	850,1049	3,0	1436,1016	153	149
3394	1,3	113,106	1,6	239,171	158	149
3395	200,229	15,16	273,192	9,10	158	149
3396	39,53	8,10	65,56	9,7	154	149
3398	202,251	0,1	213,158	0,0	298	149
3399	278,330	0,2	708,541	0,0	298	149
3400	308,381	0,0	809,596	10,0	183	149
3401	381,392	2,3	894,631	7,6	248	149
3402	1458,1726	0,1	3824,2836	0,0	289	149
3403	21,12	1411,1683	32,15	3678,2737	179	149
3404	120,101	1411,1683	218,141	3678,2737	280	149
3405	108,98	9,9	205,134	19,8	250	149
3407	15,9	0,0	13,9	0,1	281	149
3408	21,14	10,12	31,17	33,14	281	149
3410	0,0	15,16	0,2	36,19	163	149
3412	12,12	0,0	43,16	1,0	151	149
3413	123,153	16,23	200,128	14,15	188	149
3414	228,236	4,6	390,268	7,2	298	149
3425	8,14	97,97	46,8	158,89	182	149
3426	10,26	62,83	25,21	154,126	232	149
3427	17,30	7,13	20,12	18,7	232	149
3428	38,40	14,21	48,14	6,3	298	149
3429	1380,1606	17,19	2444,1839	4,5	298	149
3430	272,262	4,1	331,316	8,1	170	149
3434	19,38	100,123	37,31	180,110	298	149
3435	14,26	1,0	20,15	1,0	298	149
3436	21,28	2,3	22,15	3,2	245	149
3437	31,42	43,39	23,22	42,21	298	149
3438	12,17	43,39	4,9	42,21	202	149
3439	0,2	23,18	0,1	24,23	153	149
3440	1,0	56,45	0,1	48,26	153	149
3442	1,2	0,0	0,0	0,2	298	149
3443	1,2	0,0	0,0	0,2	295	149
3444	124,134	0,6	187,115	0,0	298	149
3445	2,1	27,36	4,1	31,29	176	149
3448	57,57	0,2	72,52	0,0	183	149
3449	1,3	7,2	5,4	23,20	162	149
3450	15,34	0,0	48,24	4,0	242	149
3451	1,3	3,5	5,4	6,7	162	149
3452	1,3	1,12	6,4	12,7	162	149
3453	2,3	28,29	3,1	30,18	155	149
3454	44,59	0,0	112,76	1,0	242	149
3455	125,109	837,959	217,191	1584,1182	164	149
3456	21,20	4,0	35,29	0,0	164	149
3457	15929,16977	3,2	32012,25497	0,1	298	149
3459	1,3	1,0	3,1	0,1	158	149
3460	281,312	0,2	382,356	7,3	211	149
3461	127,137	127,137	128,104	211,133	298	149
3475	42,62	0,1	72,43	6,1	256	149
3476	3,6	0,1	5,1	6,1	296	149
3477	3,6	42,62	5,1	72,43	189	149
3478	5,9	39,38	4,2	72,28	188	149
3479	2,2	207,149	0,0	310,219	261	149
3484	18,12	27,23	22,20	70,41	154	149
3485	0,1	0,1	0,0	0,2	160	149
3486	1,0	16,7	3,2	17,11	287	149
3487	197,254	3,3	716,508	11,4	153	149
3498	131,152	0,0	241,228	0,1	240	149
3499	145,152	1,1	260,236	2,8	240	149
3500	143,146	1,1	282,287	11,7	240	149
3501	243,265	7,13	410,404	10,10	240	149
3502	119,133	3,0	225,216	0,0	240	149
3503	218,212	9,7	326,288	2,4	247	149
3504	121,133	2,0	223,216	2,0	240	149
3505	166,227	2,10	420,320	10,14	298	149
3506	0,1	488,471	0,0	492,351	172	149
3508	2,2	4,7	3,2	9,4	298	149
3509	2,7	29,45	16,1	52,28	236	149
3510	4,6	2,2	10,1	5,1	236	149
3516	98,162	213,230	181,85	391,262	220	149
3517	6,2	1041,973	7,3	1634,1223	188	149
3518	4,2	3,0	5,1	0,0	188	149
3519	577,545	9,9	1211,816	1,1	298	149
3520	797,756	339,377	1558,1059	802,590	206	149
3521	11174,11375	0,6	19162,14104	0,2	192	149
3522	4779,5474	0,0	7499,5259	0,1	298	149
3523	18,27	162,196	40,31	305,222	298	149
3524	4,2	178,135	6,2	160,140	190	149
3529	149,199	0,4	303,221	0,0	298	149
3530	44,110	0,3	108,89	0,0	298	149
3531	61,82	1,0	121,59	0,0	298	149
3532	0,0	3,2	1,0	5,4	153	149
3533	1,0	1,2	3,5	4,6	167	149
3539	89,146	12,28	90,100	36,13	298	149
3540	26,32	0,1	19,21	0,0	298	149
3545	1,9	0,1	2,0	0,0	184	149
3546	1,1	3,3	2,4	9,7	298	149
3549	3,7	166,136	0,2	160,100	173	149
3550	6,12	1,0	4,11	2,0	158	149
3554	306,368	2,0	469,366	0,2	192	149
3556	6,8	57,68	20,7	69,85	158	149
3557	109,95	2,8	194,117	7,12	176	149
3558	86,205	32,79	190,96	88,74	290	149
3559	77,211	26,51	154,61	60,32	290	149
3561	1,1	74,116	0,0	166,113	216	149
3563	36,36	0,0	29,31	5,6	162	149
3568	6462,8357	170,241	10776,7201	264,185	159	149
3569	78,83	170,241	76,32	264,185	298	149
3570	82,85	6462,8356	79,32	10775,7199	298	149
3571	63,83	9,16	5,2	0,0	159	149
3572	8703,10662	9,16	13570,9656	0,0	298	149
3573	8707,10664	63,82	13573,9656	4,0	298	149
3574	0,0	2,4	1,1	6,2	153	149
3575	78,77	1,3	58,24	0,0	298	149
3576	5623,7859	1,3	9286,5455	0,0	298	149
3577	5602,7847	0,0	9280,5457	1,0	298	149
3578	72,98	5545,7782	132,108	9229,5431	173	149
3579	79,78	0,1	59,24	0,0	298	149
3580	79,77	0,1	57,24	0,0	298	149
3581	83,74	1,1	35,25	2,0	298	149
3582	8948,10389	1,1	16383,13834	2,0	298	149
3585	2,11	9,3	6,2	3,3	224	149
3586	5,10	6,3	6,3	6,1	224	149
3587	1,0	34,58	1,0	46,40	154	149
3590	444,542	10,10	708,435	8,2	170	149
3591	1580,1706	2,0	2875,2198	0,0	210	149
3592	45,42	2,4	83,59	5,4	164	149
3595	2,1	0,0	0,1	0,2	189	149
3596	0,0	5,8	5,1	13,21	160	149
3597	3,2	4,6	0,3	16,16	189	149
3598	4,4	290,302	7,0	464,336	211	149
3599	328,307	1,2	332,252	0,0	298	149
3609	2,2	0,0	0,2	1,0	298	149
3611	6,2	0,0	6,4	1,0	298	149
3612	2,0	1,0	2,1	0,0	246	149
3613	37,45	2,2	62,35	8,7	298	149
3614	41,47	4,3	68,35	2,0	298	149
3617	13,12	3,5	24,14	14,8	197	149
3618	1,0	3,5	5,1	14,8	167	149
3620	2,0	33,57	2,0	37,54	154	149
3621	40,38	0,2	22,29	0,0	271	149
3622	99,106	4,1	74,90	3,6	271	149
3623	502,483	3,0	601,485	0,2	215	149
3624	368,430	5,3	562,389	7,0	298	149
3627	96,106	2,0	135,81	0,0	151	149
3629	129,130	0,0	172,112	6,0	172	149
3633	63,60	0,0	79,68	1,0	172	149
3634	123,127	2,4	143,101	2,0	298	149
3635	164,149	1,0	170,115	1,3	188	149
3640	0,0	0,1	0,3	0,0	271	149
3642	0,0	0,1	2,0	0,0	298	149
3646	5,9	1,5	17,2	0,1	259	149
3647	11,11	3,2	17,2	0,0	284	149
3649	4,4	5,7	4,8	5,7	298	149
3652	7,9	66,80	2,4	112,80	178	149
3655	1306,1236	18,17	1941,1539	1,1	298	149
3656	937,899	5,1	1933,1343	0,0	298	149
3657	71,76	1,0	128,88	3,6	158	149
3658	78,85	502,489	96,60	751,549	218	149
3660	11,24	1674,1755	11,17	2771,2277	181	149
3661	3,0	0,0	7,0	1,0	159	149
3662	6,6	26,30	18,4	36,29	298	149
3663	27,36	604,530	56,42	870,692	152	149
3664	0,2	8,8	1,5	4,5	220	149
3665	32,38	393,474	85,53	832,675	155	149
3666	2,10	0,0	9,10	0,1	155	149
3667	2,11	0,2	8,10	0,0	155	149
3668	2,2	518,585	4,8	939,708	151	149
3669	4,1	404,444	8,4	891,604	200	149
3670	27,41	0,0	49,31	1,0	298	149
3671	0,2	199,202	0,0	349,222	151	149
3672	67,91	2,2	98,74	1,0	298	149
3673	63,85	28,63	104,76	57,65	298	149
3674	4,10	28,63	11,7	57,65	172	149
3681	32,40	0,2	47,43	2,0	298	149
3683	2,0	3,1	0,0	2,2	165	149
3692	164,190	27,20	322,259	39,41	152	149
3698	83,105	2,1	118,73	1,0	298	149
3706	132,131	15,15	168,106	4,8	298	149
3707	122,116	5,5	156,98	0,3	298	149
3708	7,11	15,15	12,8	4,8	229	149
3709	0,0	5,5	1,0	0,3	298	149
3710	15,15	5,5	5,8	0,3	298	149
3711	9,15	1,0	13,5	0,0	216	149
3712	9,18	52,95	15,8	128,70	229	149
3714	2,7	1,0	4,0	3,2	298	149
3715	1,3	52,95	2,3	128,70	162	149
3718	52,95	1,0	129,70	3,2	298	149
3722	5,12	1,4	9,4	3,8	298	149
3723	22,30	95,104	25,25	238,170	298	149
3724	23,28	95,104	21,30	238,170	298	149
3725	0,2	64,64	0,0	138,103	156	149
3726	5,21	7,9	12,10	14,10	252	149
3727	3,12	32,62	11,4	43,31	252	149
3729	0,0	2,0	1,1	0,0	168	149
3730	0,0	2,0	0,2	0,0	164	149
3735	32,29	0,0	51,25	0,1	298	149
3736	1,1	20,23	0,0	30,30	179	149
3739	208,230	0,0	410,267	1,0	194	149
3740	0,0	1445,1404	1,1	2634,1837	164	149
3741	2426,2640	4,0	4719,3302	0,0	225	149
3747	24,49	1,3	74,62	5,4	180	149
3748	3,3	86,65	1,6	125,108	179	149
3750	497,504	10,15	634,440	1,4	195	149
3751	118,133	3,0	157,99	0,0	195	149
3753	6,14	4,3	14,11	4,5	246	149
3755	7,13	6,4	13,11	3,6	246	149
3756	0,3	6,4	0,0	3,6	153	149
3763	0,1	5,4	0,0	5,4	171	149
3764	5,7	2,0	10,4	2,0	195	149
3766	3,3	6,0	2,5	5,7	173	149
3767	1,4	5,10	2,5	11,4	173	149
3782	4,3	0,0	10,1	0,3	270	149
3783	2,22	123,106	5,10	202,117	290	149
3784	1,20	0,4	5,6	1,0	290	149
3785	139,146	0,4	249,157	1,0	298	149
3787	136,158	5,3	299,223	12,4	298	149
3788	522,553	1,2	391,235	0,0	298	149
3790	78,86	28,56	32,10	49,12	282	149
3791	166,151	1,0	375,263	0,0	298	149
3792	1,2	1,4	2,0	3,2	153	149
3794	2,7	107,109	3,7	189,170	250	149
3796	2,9	107,109	4,9	189,170	246	149
3797	0,3	107,109	0,3	189,170	181	149
3798	107,111	14,20	194,175	21,14	298	149
3799	90,121	0,6	196,169	0,2	298	149
3800	159,225	4,10	378,320	6,10	298	149
3801	85,137	2,2	195,162	1,1	298	149
3802	2,2	0,2	8,2	2,0	298	149
3803	261,306	0,2	573,457	0,0	298	149
3804	496,573	0,6	1010,755	4,1	278	149
3805	263,278	0,6	464,317	4,1	298	149
3806	33,25	261,306	46,30	573,457	256	149
3807	11,21	13,9	24,21	14,8	256	149
3808	20,49	23,28	34,37	19,40	182	149
3809	33,67	3548,4049	65,49	6991,5164	182	149
3812	0,0	0,1	1,1	1,0	169	149
3813	2203,2433	3,7	4575,3672	4,3	270	149
3819	2,0	26,39	2,1	26,13	158	149
3820	27,23	0,0	46,23	1,0	298	149
3821	31,21	16,7	15,6	19,6	173	149
3823	47,72	0,1	92,60	0,0	281	149
3824	51,84	0,2	87,62	0,0	298	149
3825	13,32	0,2	17,19	0,0	205	149
3826	83,111	0,0	148,95	2,2	281	149
3829	81,113	1,4	159,111	1,5	298	149
3830	138,114	0,1	142,111	1,1	172	149
3831	98,87	2,0	194,118	0,2	298	149
3832	225,227	0,0	347,254	1,0	298	149
3841	40,53	0,0	89,64	1,0	298	149
3843	2,7	78,58	1,0	127,78	194	149
3844	0,2	0,1	0,2	0,0	171	149
3849	2,0	2,0	2,3	3,0	207	149
3854	17,11	608,731	12,13	1360,969	153	149
3855	45,65	0,1	129,70	0,1	276	149
3856	2,3	169,149	3,3	338,207	180	149
3857	3,3	3,1	3,3	0,0	180	149
3858	5,7	138,137	8,8	228,139	229	149
3860	6,3	0,2	8,7	2,2	276	149
3864	0,0	4,11	0,2	25,10	158	149
3865	0,6	9,8	3,8	20,17	298	149
3866	14,20	1,0	47,34	0,0	187	149
3869	28,75	3,2	34,18	0,0	298	149
3870	4921,5216	102,82	11034,8330	193,121	197	149
3871	1232,1217	102,82	2516,1923	193,121	208	149
3872	84,74	3773,4073	195,115	8713,6522	160	149
3875	32,56	0,1	59,48	1,0	298	149
3890	222,205	572,498	322,249	746,514	161	149
3891	156,218	461,429	214,163	487,444	161	149
3892	34,45	1,0	54,44	2,1	161	149
3893	20,17	34,37	38,12	46,25	154	149
3894	1,5	7,9	4,6	5,11	154	149
3895	4,0	0,0	0,0	2,7	277	149
3901	0,0	1,2	0,3	1,3	298	149
3903	0,0	0,2	0,2	1,0	298	149
3907	196,206	1,2	329,188	0,0	298	149
3909	2,2	0,1	0,2	1,1	177	149
3910	6,6	0,1	2,5	1,1	224	149
3912	2,2	2,1	0,4	0,2	177	149
3913	10,9	5,2	22,18	2,6	188	149
3914	21,30	0,0	47,38	2,0	298	149
3915	27,78	2,0	72,33	0,0	298	149
3923	0,0	79,88	1,1	69,41	254	149
3926	4,2	3,1	1,0	1,5	298	149
3934	8,6	6,6	13,10	10,4	164	149
3937	2,3	2,2	1,0	0,0	162	149
3938	59,43	54,71	68,32	73,44	298	149
3939	125,123	11,8	167,122	12,2	171	149
3941	217,225	3,2	319,201	6,0	252	149
3942	244,349	12,7	370,287	2,8	182	149
3944	4,11	1,1	13,6	0,1	288	149
3945	41,47	0,4	38,37	7,6	242	149
3946	44,51	154,152	44,40	215,127	268	149
3947	3,8	154,152	13,9	215,127	175	149
3948	1,1	11,8	4,0	26,17	193	149
3950	6,6	11,8	10,2	26,17	298	149
3954	3,7	0,1	2,3	0,0	224	149
3955	0,0	0,2	4,4	0,0	260	149
3956	3,6	30,52	0,0	41,36	298	149
3957	38,65	120,186	22,8	212,109	298	149
3958	432,441	21,27	762,512	18,22	238	149
3959	387,454	0,2	689,489	4,2	197	149
3960	2,5	11,20	5,6	25,28	298	149
3961	8,5	482,568	11,7	975,711	298	149
3962	18,24	482,568	33,35	975,711	221	149
3963	7,9	86,65	10,9	140,131	221	149
3970	33,36	4,2	45,34	0,2	298	149
3971	0,0	47,56	1,0	32,34	298	149
3972	8,10	0,1	17,9	1,1	173	149
3973	72,52	0,3	71,45	8,0	173	149
3974	2,0	79,78	1,0	152,112	298	149
3982	2,2	48,48	5,1	90,76	245	149
3983	9,24	0,0	16,15	2,0	228	149
3985	0,0	9,12	5,0	17,22	298	149
3986	1139,1662	2,0	2231,1301	0,0	236	149
3987	5252,5971	99,119	9928,7097	146,129	236	149
3988	5405,6263	52,65	10070,7167	74,53	287	149
3989	252,411	52,65	288,199	74,53	200	149
3990	1142,1665	0,0	2229,1305	0,1	236	149
3995	8,10	42,57	24,21	57,43	228	149
3997	161,187	0,1	198,169	0,0	153	149
3998	2,0	160,183	2,1	197,167	157	149
3999	17,11	1,0	19,15	1,0	265	149
4004	96,107	3,4	122,89	1,1	298	149
4008	91,90	3,4	101,75	1,1	298	149
4011	91,90	3,4	101,75	1,1	298	149
4013	87,83	3,4	93,69	1,1	293	149
4014	0,0	3,4	4,0	1,1	171	149
4022	17,11	9,13	19,17	13,14	265	149
4023	21,18	0,1	29,20	0,0	274	149
4024	13,20	0,1	23,17	0,0	158	149
4025	28,19	27,27	27,30	35,21	265	149
4026	32,26	0,1	37,33	1,0	274	149
4027	31,34	0,1	45,24	1,0	158	149
4033	0,1	12,6	0,0	13,13	290	149
4034	9,1	46,47	18,4	59,10	291	149
4037	13,9	908,945	15,15	1768,1169	185	149
4038	141,189	8,8	230,149	10,3	172	149
4039	141,142	8,16	185,136	24,10	176	149
4040	214,251	10,8	250,179	5,3	168	149
4041	2,8	188,179	0,1	193,141	154	149
4045	73,105	0,0	138,113	3,2	298	149
4047	15,17	1,0	10,7	0,1	214	149
4048	63,73	1,0	92,52	0,1	252	149
4049	31,30	1,0	35,21	0,1	256	149
4052	8,5	40,48	13,7	70,38	153	149
4055	32,35	504,525	14,23	829,706	230	149
4056	4,10	542,549	10,2	843,696	195	149
4057	52,50	392,440	81,43	791,584	162	149
4058	34,24	316,398	20,16	574,369	298	149
4059	1,11	352,448	11,3	563,362	298	149
4060	28,44	0,0	15,11	0,2	191	149
4061	153,158	0,3	181,145	0,0	298	149
4063	51,85	587,657	51,34	816,759	298	149
4065	21,12	0,1	24,6	0,0	298	149
4066	36,33	0,1	35,15	0,0	298	149
4067	2,5	10,7	7,7	17,11	290	149
4069	1,0	22,55	0,0	56,39	247	149
4073	1,1	0,0	1,0	4,0	220	149
4074	2,1	0,0	1,0	0,2	220	149
4080	272,247	2,7	583,408	7,5	157	149
4081	18,39	111,178	26,14	289,115	296	149
4082	18,39	6,19	25,11	14,9	296	149
4083	13,7	40,43	10,8	62,31	160	149
4084	22,38	169,161	39,35	347,228	160	149
4085	1664,1706	1,2	3995,2738	2,0	298	149
4086	1687,1704	7,4	4006,2745	0,1	298	149
4087	48,23	7,4	59,33	0,1	298	149
4089	4,2	0,3	6,2	8,0	185	149
4090	3,0	1,0	6,3	0,2	181	149
4091	343,386	3,1	519,386	10,7	298	149
4092	157,162	8,2	183,134	0,1	298	149
4093	826,833	12,8	869,742	4,1	298	149
4094	1,1	88,106	1,1	152,84	153	149
4095	37,29	169,161	23,20	311,260	208	149
4096	17,16	63,52	15,14	149,78	208	149
4098	1160,1305	3,0	1884,1396	0,1	298	149
4100	62,72	0,0	98,99	0,1	298	149
4101	0,2	21,22	0,0	29,28	242	149
4102	11,6	0,2	5,4	0,0	298	149
4103	15,13	1,12	15,16	1,0	298	149
4104	135,125	82,60	215,185	111,142	227	149
4105	10,16	84,113	10,0	120,97	298	149
4106	528,469	0,0	745,631	0,1	156	149
4107	3,4	127,239	1,1	99,50	153	149
4110	2,4	0,1	6,2	1,1	298	149
4111	27,16	0,4	26,17	4,1	205	149
4112	301,284	10,7	430,419	6,2	195	149
4113	113,83	629,596	254,201	1471,1131	170	149
4114	0,2	172,217	4,1	236,173	298	149
4118	4,3	0,1	4,7	0,0	298	149
4120	42,60	1,0	70,40	0,0	298	149
4122	478,584	0,1	666,565	0,0	298	149
4125	25,17	572,537	51,41	942,740	298	149
4126	723,709	0,5	967,732	2,0	298	149
4127	18,22	808,840	43,30	1239,854	222	149
4128	22,28	16,14	35,24	34,15	298	149
4129	11,9	8,4	5,3	3,3	175	149
4130	18,14	2,1	16,9	0,0	214	149
4131	15,9	2,1	14,9	0,0	188	149
4132	11,5	25,25	17,17	31,19	170	149
4133	620,559	3,0	1218,948	1,0	270	149
4134	14,8	177,240	16,6	269,216	217	149
4136	2,4	58,78	12,9	76,40	158	149
4140	107,163	0,0	114,90	0,1	298	149
4141	65,82	371,514	84,60	658,558	298	149
4142	391,526	1,0	680,571	0,0	298	149
4143	704,847	2,0	1086,781	0,0	298	149
4144	202,279	0,4	332,181	0,0	163	149
4145	431,628	9,9	765,465	10,5	254	149
4146	229,353	9,9	433,284	10,5	240	149
4147	7,9	2,0	8,9	1,0	164	149
4148	32,43	354,430	27,29	547,369	164	149
4149	0,9	0,0	3,2	0,1	298	149
4155	637,757	1,0	1093,859	0,0	298	149
4156	4,4	5,6	7,10	11,9	251	149
4157	64,73	1,1	124,70	0,0	298	149
4158	169,177	22,25	285,219	32,29	298	149
4159	16,17	0,1	21,8	0,0	298	149
4160	5,4	61,102	4,6	63,28	298	149
4161	28,17	138,156	14,9	289,206	298	149
4163	0,0	9,1	0,1	11,2	221	149
4165	1,2	1,3	0,1	1,0	189	149
4166	35,39	2663,2965	24,12	1412,990	298	149
4167	2821,3038	6,4	1534,1145	0,0	298	149
4168	1610,1706	4,0	864,531	0,0	298	149
4169	12,7	299,430	3,6	523,396	191	149
4171	9,13	310,342	7,3	502,314	160	149
4172	16,24	401,441	52,40	1003,666	298	149
4173	52,40	4,2	107,86	3,4	298	149
4174	689,693	6,3	979,695	2,5	153	149
4176	10311,11225	1,0	21011,15055	0,5	298	149
4177	14,19	6,0	14,3	4,0	298	149
4190	93,75	2,0	163,127	2,0	182	149
4191	92,74	1,0	166,129	0,0	182	149
4192	5,3	266,290	4,7	500,377	156	149
4193	10,15	267,249	21,17	615,407	178	149
4194	2,4	0,1	2,1	0,0	298	149
4195	30,35	0,0	48,34	2,0	227	149
4206	3,1	0,1	2,3	0,3	164	149
4207	8,2	0,1	4,7	0,3	202	149
4208	2,0	0,1	0,1	0,3	157	149
4214	47,40	16,12	51,31	17,14	172	149
4215	155,139	3,0	150,112	2,1	298	149
4218	55,81	14,10	114,69	13,2	222	149
4219	22,23	22,29	33,21	29,29	171	149
4220	54,87	22,29	114,75	29,29	222	149
4221	37,64	5,0	81,55	0,1	200	149
4222	40,40	370,442	62,36	666,413	171	149
4223	139,179	370,442	273,161	666,413	222	149
4224	122,156	23,17	240,141	29,16	200	149
4225	23,26	65,71	38,23	120,69	171	149
4226	58,91	65,71	112,75	120,69	222	149
4227	41,68	6,3	79,55	5,3	200	149
4228	51,82	5,1	110,69	12,2	222	149
4229	3,10	527,500	10,6	728,561	298	149
4230	735,792	26,30	1240,846	38,29	298	149
4234	0,2	2,2	2,0	4,1	298	149
4237	2,4	349,399	1,1	383,248	163	149
4239	4,11	7,6	11,10	10,6	206	149
4240	7,15	7,6	17,8	10,6	298	149
4241	10,12	3,5	13,8	5,7	298	149
4242	4,10	12,12	13,12	10,9	231	149
4243	11,20	3,9	9,6	15,7	245	149
4244	50,60	15,5	102,68	11,9	181	149
4245	120,125	15,5	183,133	11,9	233	149
4246	90,84	20,19	113,81	32,16	201	149
4247	52,62	15,5	95,69	11,9	197	149
4248	22,21	20,19	25,17	32,16	165	149
4249	69,64	1,1	91,66	3,2	185	149
4251	229,268	0,2	223,137	0,0	298	149
4255	39,45	2,4	57,40	3,0	155	149
4256	9,5	0,0	15,5	1,0	155	149
4257	1561,1546	7,11	3262,2456	22,20	212	149
4258	48,69	4,0	54,24	1,3	153	149
4259	78,84	98,61	185,110	109,89	278	149
4260	33,51	0,1	91,56	0,0	278	149
4261	33,33	33,37	59,62	71,37	158	149
4262	62,77	33,37	149,122	71,37	161	149
4263	58,72	29,28	138,117	48,57	152	149
4264	233,217	4,8	284,218	3,2	298	149
4274	2,2	19,13	0,2	12,9	167	149
4275	1,7	64,93	4,2	157,70	175	149
4276	418,418	5,5	751,502	10,3	166	149
4277	0,2	44,78	1,0	114,106	298	149
4279	2,0	1,1	0,0	1,2	213	149
4293	4,0	1,0	2,0	0,0	271	149
4294	1,6	1,0	5,0	0,0	298	149
4295	2,12	4,0	5,3	2,0	298	149
4307	1,2	152,135	1,0	186,183	298	149
4313	104,83	9,14	129,80	12,11	240	149
4314	510,572	1,1	922,589	3,3	298	149
4322	6,0	0,1	8,5	3,0	167	149
4323	22,12	3,3	18,21	10,4	167	149
4324	0,2	25,32	5,0	15,20	274	149
4337	0,3	1,0	3,3	1,0	222	149
4338	0,1	1,0	1,2	1,0	239	149
4339	0,1	1,0	1,2	1,0	256	149
4340	0,1	1,0	1,2	1,0	298	149
4341	0,0	0,2	0,1	2,2	166	149
4342	0,0	0,2	0,1	2,2	183	149
4343	0,0	0,2	0,1	2,2	298	149
4350	1,3	3,0	0,6	0,2	171	149
4351	54,61	2,4	79,69	10,4	298	149
4352	103,94	8,3	240,175	2,0	298	149
4353	102,90	0,1	235,170	0,0	298	149
4354	87,99	15,8	173,102	5,9	298	149
4355	0,0	128,119	4,3	196,172	152	149
4357	0,3	0,0	3,1	4,6	151	149
4358	66,63	0,0	77,64	0,1	287	149
4359	0,0	1,0	0,1	1,0	239	149
4360	3,1	0,0	5,6	1,0	165	149
4361	14,4	1,10	6,5	0,0	283	149
4363	1,7	2,0	6,6	0,2	298	149
4364	10,7	0,3	10,16	4,5	298	149
4371	7,3	71,81	3,6	64,47	169	149
4372	5,3	3,1	1,3	1,1	153	149
4373	22,41	16,7	24,10	8,9	153	149
4375	2,5	31,59	0,2	78,65	298	149
4376	2,5	65,119	12,8	158,126	298	149
4377	7,3	5,6	6,10	7,3	298	149
4379	0,2	0,0	1,2	3,4	191	149
4382	192,206	26,36	251,200	58,37	184	149
4385	1489,1886	18,8	2683,1903	10,20	174	149
4386	83,81	5,0	39,30	0,0	298	149
4387	4017,4328	4,8	5823,4499	0,0	298	149
4388	4177,4304	1157,1270	5719,4379	880,644	298	149
4389	4678,4776	1,4	6787,4679	0,0	298	149
4390	0,1	5,2	0,0	3,11	249	149
4391	3,0	51,67	0,0	90,67	153	149
4392	70,66	1,3	90,80	2,3	186	149
4393	246,254	1,2	335,288	1,2	298	149
4394	252,261	6,5	335,289	6,3	298	149
4400	75,72	749,775	66,72	1448,985	269	149
4401	1420,1450	2,4	2690,1975	0,0	298	149
4403	16,26	16,26	36,37	29,17	197	149
4404	0,1	32,20	1,0	29,24	182	149
4412	6,1	0,0	0,1	1,0	298	149
4414	2,3	2,0	9,2	0,0	233	149
4415	398,368	1,0	363,262	2,2	298	149
4416	22,18	2,2	3,2	0,2	298	149
4418	552,613	5,0	677,418	3,7	207	149
4419	17,8	5,0	13,6	3,7	154	149
4421	55,42	791,826	54,51	1175,887	278	149
4422	100,142	1,3	147,125	3,0	298	149
4423	5,6	2,0	16,12	2,0	298	149
4424	2,3	2,2	4,0	4,2	298	149
4425	50,56	24,28	81,39	38,23	273	149
4426	32,46	2,4	62,40	0,0	298	149
4428	1437,1460	1,0	2614,1828	2,1	270	149
4429	81,128	24,41	160,82	34,22	154	149
4432	5,5	72,89	9,1	111,86	189	149
4434	64,62	55,69	82,53	81,42	191	149
4435	1,2	9,7	4,0	11,20	245	149
4436	1,1	0,1	2,1	0,0	213	149
4437	1,2	2,6	3,0	1,1	245	149
4439	6,3	0,1	11,7	0,0	298	149
4440	5,5	2,0	16,8	0,0	258	149
4441	10,9	8,3	14,23	6,2	258	149
4442	6,5	1,0	14,8	0,2	258	149
4447	2,0	184,206	0,0	467,387	191	149
4448	11,19	0,0	28,21	2,0	161	149
4449	57,81	18,26	144,102	70,45	161	149
4450	31,35	18,26	69,33	70,45	234	149
4451	37,43	18,26	80,40	70,45	240	149
4452	21,19	47,65	41,13	116,82	222	149
4453	27,27	47,65	52,20	116,82	228	149
4454	11,9	5,1	17,11	6,4	155	149
4455	214,263	2,0	455,364	2,0	240	149
4457	0,2	11,20	0,1	34,21	249	149
4458	11,9	152,114	6,11	185,159	298	149
4459	28,29	26,36	34,31	41,31	298	149
4460	22,27	152,114	40,31	185,159	200	149
4461	39,47	26,36	68,51	41,31	224	149
4462	169,134	26,36	213,179	41,31	173	149
4463	171,225	10,23	310,187	17,14	176	149
4473	3,3	10,14	1,2	34,21	181	149
4474	57,58	102,122	90,50	115,112	157	149
4475	115,137	1,2	134,119	2,1	298	149
4476	143,180	5,0	221,132	0,0	298	149
4491	25,59	1,0	47,37	1,0	240	149
4492	0,4	9,2	0,0	10,14	294	149
4494	106,107	2,0	214,157	5,0	201	149
4495	67,74	0,1	115,75	2,0	201	149
4496	3,4	120,114	19,6	217,154	199	149
4497	0,2	66,80	0,0	144,75	298	149
4498	136,145	26,12	194,117	11,10	153	149
4499	41,97	6,6	64,37	7,5	153	149
4500	2,4	355,338	7,2	480,346	298	149
4501	1,3	355,338	0,0	480,346	298	149
4503	600,814	2,1	1219,717	6,0	298	149
4504	761,840	17,9	1265,868	19,12	155	149
4505	22,50	0,2	28,22	0,0	298	149
4506	7,5	0,0	4,15	0,4	200	149
4507	2,15	0,0	17,7	3,0	166	149
4510	0,4	11,14	0,2	5,2	243	149
4511	3,4	34,25	3,2	20,9	245	149
4516	0,1	620,682	0,0	1,3	185	149
4518	2,4	0,2	5,2	1,0	295	149
4531	4,7	42,48	3,9	95,60	296	149
4545	4,6	2,13	2,0	1,1	285	149
4548	3,8	3,1	5,1	10,4	267	149
4551	2,2	2,1	4,0	1,2	298	149
4553	2,4	76,63	2,0	85,37	242	149
4555	6,15	1,0	32,13	0,0	298	149
4556	53,47	0,1	52,18	2,0	298	149
4560	32,21	38,13	53,32	17,17	298	149
4561	2,5	2,8	3,9	5,14	164	149
4562	9,10	2,0	9,5	0,1	282	149
4565	296,374	2,0	522,246	0,0	298	149
4566	40,59	148,158	24,17	284,180	298	149
4567	112,170	0,2	141,65	0,0	225	149
4568	43,99	0,2	50,16	0,0	241	149
4569	3,10	72,81	6,2	97,51	165	149
4571	483,568	4,4	586,405	1,0	298	149
4572	11,8	29,20	0,1	3,2	197	149
4574	110,150	54,33	134,94	28,24	278	149
4576	0,0	3,2	1,0	4,2	173	149
4578	0,0	20,41	1,0	40,16	298	149
4580	207,231	2,1	363,265	2,0	298	149
4581	262,272	6,10	449,337	13,6	150	149
4582	0,0	3,1	2,0	4,1	160	149
4583	10,13	0,4	17,2	2,2	298	149
4584	79,105	0,0	93,83	2,0	298	149
4596	4,7	185,237	6,4	279,143	215	149
4597	990,941	12,14	1850,1137	7,6	254	149
4609	78,88	6,8	95,46	8,6	187	149
4611	96,78	3,4	104,74	1,6	164	149
4612	110,122	0,0	244,191	1,0	170	149
4613	0,5	128,139	1,6	258,142	207	149
4614	139,135	1,0	190,108	1,2	296	149
4616	10,10	80,87	14,9	138,107	221	149
4619	376,369	1,4	353,270	0,3	153	149
4621	11,29	1,1	13,7	0,0	298	149
4622	72,104	0,0	72,59	0,2	298	149
4623	363,358	1,1	603,486	2,1	194	149
4624	8,3	7,5	9,5	10,2	298	149
4626	184,178	0,2	320,212	1,0	159	149
4639	6,5	0,0	16,5	4,0	154	149
4657	11,29	90,155	26,8	127,89	298	149
4658	12,19	0,2	24,8	0,0	298	149
4659	94,158	0,2	129,92	0,0	203	149
4660	293,260	7,10	376,260	14,9	176	149
4662	0,0	23,11	2,3	30,24	161	149
4691	5,0	0,0	1,9	1,3	267	149
4692	10,11	7,2	8,11	6,6	298	149
4693	5,7	72,58	7,7	58,61	158	149
4695	3,1	66,101	0,0	169,160	153	149
4697	0,0	0,1	0,2	2,9	161	149
4699	1,2	0,1	1,3	0,0	298	149
4700	2,0	188,227	1,0	343,241	199	149
4702	6,1	0,2	8,4	0,0	162	149
4706	1,7	0,1	5,1	1,0	260	149
4707	20,17	3,0	36,25	0,0	298	149
4711	33,29	0,0	47,38	2,0	298	149
4715	7,5	16,6	2,2	0,0	298	149
4716	17,16	0,1	5,2	0,0	298	149
4720	33,53	81,112	34,16	96,63	170	149
4721	0,1	0,0	0,0	1,0	298	149
4727	11,7	13,2	24,18	24,14	153	149
4730	81,90	15,7	150,112	22,5	251	149
4732	110,104	1,3	212,185	4,0	265	149
4733	58,48	2,0	84,66	0,0	265	149
4734	0,0	14,7	0,1	15,9	153	149
4738	7,9	976,1225	4,4	1949,1510	212	149
4743	5,14	0,0	10,1	0,1	198	149
4744	1,3	0,0	1,6	0,1	298	149
4745	2,4	5,14	1,6	10,1	298	149
4753	4,3	0,0	2,2	2,0	298	149
4759	0,2	67,51	0,0	107,60	296	149
4765	39,47	2,4	23,20	1,0	233	149
4768	10,7	31,43	7,5	66,50	298	149
4769	110,110	1,0	205,123	1,1	252	149
4770	53,101	0,2	127,112	1,0	218	149
4771	243,291	0,2	483,352	1,0	298	149
4772	233,232	24,26	405,284	15,24	252	149
4773	4,10	244,269	5,8	307,273	171	149
4777	256,224	1,3	347,262	3,0	171	149
4778	36,57	205,191	27,37	223,174	298	149
4783	4,6	320,305	4,10	550,415	212	149
4784	34,23	397,496	50,19	817,659	153	149
4786	0,0	2,0	2,2	0,0	298	149
4787	121,115	0,3	181,126	0,0	186	149
4795	15,14	1575,1682	14,22	2742,2051	173	149
4796	35,43	1607,1588	46,49	2368,1713	202	149
4798	103,78	1,1	119,96	6,0	160	149
4802	160,217	17,21	236,194	11,21	204	149
4804	26,21	1,0	23,8	1,0	199	149
4805	35,35	3,2	34,15	11,8	187	149
4806	59,59	3,2	58,35	11,8	298	149
4807	45,42	17,15	47,33	15,5	298	149
4813	10,15	1,5	9,6	0,0	298	149
4815	0,8	87,131	3,1	159,101	177	149
4816	7,10	116,123	7,7	138,143	298	149
4817	2132,2332	5,1	5788,3866	3,2	152	149
4820	179,155	2,0	271,182	0,0	214	149
4821	87,75	0,6	126,88	0,0	214	149
4824	110,165	2,0	128,65	1,0	185	149
4825	476,599	5,5	1204,848	17,8	176	149
4827	0,1	16,5	0,0	2,4	154	149
4828	30,41	3,8	51,30	4,1	175	149
4829	2,1	1,0	1,1	0,2	175	149
4830	89,91	10,2	99,62	5,2	163	149
4831	62,71	21,26	109,62	50,39	182	149
4832	89,118	123,121	180,156	239,183	182	149
4835	0,1	4,0	0,0	4,1	215	149
4841	13,15	0,1	5,8	0,0	298	149
4843	0,3	16,11	1,0	21,13	159	149
4844	48,61	0,1	134,73	0,0	215	149
4845	2,3	20,9	0,0	25,29	165	149
4846	7,10	92,129	2,0	244,125	165	149
4849	0,1	12,15	2,0	9,8	257	149
4852	17,17	85,85	19,4	214,162	175	149
4854	5,2	128,124	4,1	187,142	173	149
4855	171,177	1,1	249,244	1,0	197	149
4856	0,5	32,31	2,6	69,36	253	149
4857	53,54	4,1	161,126	3,4	170	149
4858	14,12	2080,2223	8,6	3606,2733	298	149
4859	201,185	71,72	315,266	135,76	152	149
4861	2,0	42,34	6,1	32,21	298	149
4864	8,0	29,28	4,0	52,45	267	149
4866	1,0	233,248	2,1	418,291	159	149
4868	230,200	2,1	471,316	3,4	298	149
4869	230,200	11,9	475,316	9,17	298	149
4870	2,1	11,9	7,4	9,17	153	149
4871	8,11	262,235	8,3	529,402	153	149
4874	1,2	1,0	3,2	2,0	298	149
4882	0,1	0,1	0,0	2,0	180	149
4888	2,1	0,2	3,11	0,0	298	149
4890	2,3	0,2	0,4	1,1	271	149
4893	93,121	2,3	132,88	3,3	233	149
4895	228,276	1,2	395,339	0,0	298	149
4896	182,218	2,1	452,363	3,5	298	149
4898	0,1	1,0	0,0	0,2	173	149
4901	333,342	3,3	124,95	0,1	179	149
4902	3,1	0,0	1,1	0,2	183	149
4903	5,10	0,0	18,7	0,1	180	149
4904	1,4	0,0	6,7	0,1	227	149
4905	1,0	5,6	3,3	15,3	196	149
4906	5,5	1,1	9,5	5,6	153	149
4907	0,1	1,1	2,2	5,6	176	149
4908	0,0	5,4	1,1	8,4	172	149
4910	42,46	0,1	70,59	0,0	233	149
4912	49,66	15,14	101,36	13,7	264	149
4913	1,0	9,4	0,0	8,4	288	149
4916	0,1	4,1	0,3	0,6	185	149
4918	0,3	2,0	3,0	0,1	155	149
4923	3,4	1651,1614	3,3	2677,1959	187	149
4924	11,15	3,12	22,9	11,3	189	149
4934	1,1	15,7	4,6	39,33	158	149
4935	16,20	0,0	40,32	0,1	188	149
4936	161,199	844,1081	217,210	2044,1341	227	149
4937	38,42	4532,5149	50,28	7582,5744	166	149
4944	708,1120	1,0	1043,486	0,0	175	149
4945	838,835	4,0	1420,1044	0,2	200	149
4946	7,4	138,143	1,1	211,169	185	149
4947	0,0	354,344	1,1	427,306	224	149
4951	14,13	15,11	23,13	23,15	198	149
4958	33,33	1,1	80,42	0,0	298	149
4959	4,2	1,1	12,6	0,0	298	149
4960	53,51	1,0	87,65	0,1	298	149
4961	1,2	6,10	1,0	28,8	185	149
4962	11,11	2,1	11,12	5,4	223	149
4963	50,39	37,37	43,44	53,46	298	149
4964	50,39	0,7	43,44	13,7	298	149
4965	122,163	0,0	221,185	1,0	158	149
4966	18,16	76,114	22,4	179,130	297	149
4967	334,380	21,15	558,437	0,8	298	149
4968	2,0	160,186	1,0	222,181	240	149
4969	91,110	9,10	183,174	4,2	298	149
4970	91,110	9,10	183,174	4,2	298	149
4980	77,120	31,37	172,142	82,55	206	149
4983	0,1	0,1	4,0	2,0	267	149
4984	1,3	31,53	1,1	70,53	158	149
4985	0,1	3,4	0,0	3,3	248	149
4986	364,390	1,0	728,502	0,0	298	149
4989	80,82	0,2	155,96	3,2	217	149
4993	78,70	1,0	61,73	1,0	298	149
5003	764,755	13,14	935,629	4,0	298	149
5004	1,1	164,145	3,0	272,188	153	149
5005	26,19	150,140	5,13	218,188	231	149
5009	1568,1657	1,0	2457,1269	0,0	298	149
5010	567,660	0,0	1543,853	1,0	298	149
5013	7,2	0,0	6,5	0,2	298	149
5014	398,414	6,4	696,530	6,7	194	149
5015	3,4	25,16	22,14	28,31	160	149
5016	0,1	0,0	5,0	0,1	174	149
5018	1,0	1,2	3,1	0,1	202	149
5020	0,1	331,393	0,2	562,427	161	149
5021	97,134	2,3	224,147	5,0	174	149
5031	30,42	1,4	90,52	2,0	282	149
5034	12,14	2,0	8,9	0,0	187	149
5035	1,0	26,27	2,0	21,13	153	149
5036	19,37	18,39	34,23	42,44	298	149
5037	70,71	12,7	142,127	7,6	178	149
5038	495,543	1,0	700,576	0,0	298	149
5039	0,0	1,3	0,1	0,0	205	149
5040	58,60	1,0	94,57	0,0	181	149
5041	480,570	11,4	811,545	9,7	298	149
5042	14,29	1,5	17,19	0,0	205	149
5048	85,87	1,4	122,100	3,0	233	149
5052	19,27	0,4	20,20	0,0	298	149
5054	6,3	144,174	1,12	300,226	156	149
5055	17,22	16,16	40,34	29,16	278	149
5056	16,16	0,0	29,16	0,1	298	149
5057	1,12	13,19	10,7	41,26	267	149
5058	6,17	247,262	21,10	488,407	298	149
5065	1,0	0,3	1,1	4,0	268	149
5082	0,1	2,5	0,0	4,1	298	149
5083	29,30	0,0	41,37	1,0	298	149
5084	8,7	514,562	10,6	947,704	160	149
5087	2,4	246,370	2,0	704,530	174	149
5095	8,2	1,3	10,6	5,0	201	149
5096	5,2	143,166	5,2	366,281	174	149
5099	9,5	0,3	13,9	1,1	298	149
5102	1329,1531	25,43	79,78	3,2	193	149
5103	848,720	29,26	40,34	0,0	298	149
5104	953,1041	25,17	65,51	0,1	298	149
5105	52,54	82,72	6,5	6,4	221	149
5106	132,105	82,72	8,4	6,4	298	149
5107	141,98	6,5	12,6	0,2	273	149
5108	3,10	48,42	2,4	50,57	153	149
5111	2,1	77,84	1,2	141,87	166	149
5112	79,72	2,0	130,76	1,1	298	149
5118	82,64	1,0	70,44	0,0	298	149
5123	317,351	0,1	571,393	1,1	167	149
5124	233,231	4,0	342,272	0,0	298	149
5125	7,7	2,0	4,5	0,0	298	149
5126	532,585	11,10	662,516	5,6	298	149
5127	628,732	4,7	1572,1172	3,13	298	149
5128	113,141	0,1	343,233	0,0	167	149
5129	23,43	0,0	33,27	1,0	298	149
5130	120,137	3,1	337,229	0,1	167	149
5131	25,41	1,0	33,27	0,0	298	149
5132	38,66	1,0	42,29	0,0	298	149
5133	373,438	18,16	868,566	29,10	298	149
5134	103,91	12,2	174,104	9,10	183	149
5143	351,340	3,1	588,418	3,1	154	149
5144	468,485	20,26	779,557	28,31	204	149
5145	120,146	20,26	194,140	28,31	199	149
5149	22,33	8,24	11,7	11,3	291	149
5151	3,7	2,4	3,3	0,0	170	149
5152	2,6	0,1	3,3	0,0	170	149
5154	55,61	92,108	73,43	68,35	298	149
5155	87,88	26,41	97,48	17,14	298	149
5156	130,150	26,41	104,48	17,14	179	149
5157	135,156	0,4	103,59	0,0	298	149
5158	173,213	2,2	153,89	0,0	298	149
5159	56,55	155,196	45,24	138,77	284	149
5160	29,24	138,159	10,11	104,86	166	149
5164	11,12	10,2	9,11	7,7	177	149
5165	2,9	0,1	6,1	0,0	298	149
5166	2,2	0,2	0,0	4,0	153	149
5167	5,7	9,19	6,3	7,3	153	149
5168	2,1	5,0	0,0	0,5	153	149
5169	23,8	0,1	21,29	0,0	298	149
5170	0,2	2,1	1,0	4,0	158	149
5172	16,3	0,2	12,9	0,0	298	149
5174	0,2	0,2	2,0	0,0	171	149
5177	11,8	89,78	4,2	94,78	256	149
5179	123,159	0,6	99,97	0,1	287	149
5183	5,4	23,34	10,0	28,19	164	149
5189	5,5	2,0	8,4	1,3	203	149
5190	21,23	0,1	17,17	2,2	298	149
5191	46,59	0,2	37,30	0,0	298	149
5192	37,48	0,2	36,24	0,0	298	149
5201	20,5	2,10	15,2	1,0	192	149
5203	8,7	4,1	3,5	0,0	154	149
5206	283,321	0,15	337,245	13,6	167	149
5207	541,570	3,2	788,538	1,2	167	149
5208	10,15	379,446	23,5	595,454	237	149
5209	191,279	21,12	271,148	8,4	298	149
5215	1026,1119	10,9	1443,1086	5,5	215	149
5216	24,22	1539,1673	29,15	1869,1416	298	149
5217	253,281	1,3	303,212	0,0	172	149
5218	332,357	5,13	357,240	1,2	172	149
5219	0,4	1268,1701	0,1	1899,1231	155	149
5220	562,511	14,12	649,440	11,3	195	149
5222	1,0	0,4	0,0	2,0	165	149
5223	0,1	1,0	2,0	0,0	153	149
5224	27,35	4,4	33,16	5,6	153	149
5225	5,9	2,4	7,7	0,0	298	149
5226	0,4	0,0	2,0	2,0	298	149
5227	9,9	1,2	5,1	0,1	188	149
5228	34,28	67,65	84,70	107,77	161	149
5229	0,4	133,151	7,1	291,219	173	149
5230	15,11	136,121	27,9	236,207	155	149
5231	147,157	1,1	145,106	0,0	298	149
5232	8,4	0,2	1,4	0,0	298	149
5233	61,91	17,13	106,66	8,10	298	149
5249	3,2	2,4	5,8	5,3	158	149
5251	114,106	3,7	217,165	6,1	186	149
5255	0,0	20,23	0,2	30,29	298	149
5256	245,256	5,3	341,245	3,5	161	149
5258	43,68	98,132	19,25	163,124	298	149
5259	393,454	2,0	441,316	0,0	298	149
5261	18,5	1,2	9,12	2,5	259	149
5262	65,49	6,19	35,14	16,10	296	149
5264	21,49	0,2	41,36	0,2	189	149
5265	0,0	6,2	2,2	1,2	180	149
5266	0,0	4,0	4,0	2,6	205	149
5267	0,0	0,2	4,0	4,2	205	149
5273	134,103	2,12	207,129	5,2	298	149
5279	16,17	2,6	16,10	0,0	235	149
5280	107,145	4,3	162,74	2,1	211	149
5281	111,141	1,2	148,68	1,2	211	149
5282	574,520	3,1	933,739	1,1	298	149
5285	134,145	48,39	184,126	52,49	158	149
5291	126,111	5,2	179,94	1,3	298	149
5292	75,61	7,10	110,82	7,6	171	149
5293	86,67	1,0	117,93	0,1	189	149
5294	18,16	1,0	14,17	0,1	167	149
5295	13,8	7,27	14,5	34,16	167	149
5298	2,0	2,0	3,1	1,2	219	149
5299	0,0	7,10	3,0	6,11	202	149
5310	1,31	2,0	11,6	0,3	190	149
5311	27,55	6,4	57,59	11,5	153	149
5312	0,0	86,81	1,0	121,80	279	149
5315	23,22	4,2	36,32	2,0	153	149
5316	4,15	2,4	5,2	1,4	273	149
5320	5,5	2,0	8,5	0,0	298	149
5321	34,42	0,0	38,26	2,0	298	149
5323	20,9	0,0	22,7	2,0	298	149
5324	56,51	3,0	89,42	7,0	298	149
5325	33,23	77,83	30,37	211,156	298	149
5326	10,15	203,242	6,9	453,337	153	149
5327	145,149	1,0	258,119	0,0	298	149
5331	106,135	322,437	134,125	645,519	242	149
5332	20,24	381,457	32,11	708,482	298	149
5333	107,116	2,0	60,37	0,0	298	149
5334	109,125	1283,1219	65,40	1482,1128	298	149
5336	3,2	1,4	2,0	0,2	298	149
5342	15,2	80,142	9,5	140,74	159	149
5344	181,158	0,1	179,186	0,0	298	149
5345	16,28	548,518	3,8	501,347	177	149
5346	22,25	1,2	18,15	0,1	153	149
5347	526,440	28,23	515,296	3,9	153	149
5349	93,111	0,0	168,111	1,0	207	149
5350	2,5	78,90	5,4	130,62	194	149
5357	142,136	0,0	243,198	0,2	238	149
5358	133,141	8,6	192,126	11,3	228	149
5359	46,53	0,1	87,58	2,1	228	149
5362	5,1	8,5	2,5	6,6	188	149
5365	5,0	0,0	0,0	2,0	178	149
5366	62,112	269,226	47,36	432,291	211	149
5367	49,37	0,0	93,65	0,1	170	149
5368	65,48	0,0	105,74	1,0	170	149
5369	40,43	239,259	1,0	46,39	298	149
5371	37,28	345,355	20,7	302,210	263	149
5372	683,619	1,3	637,500	3,6	155	149
5373	259,372	7,3	241,123	0,0	298	149
5379	2,3	1,0	2,1	2,4	247	149
5387	146,174	10,22	225,179	10,3	211	149
5388	0,0	1,1	1,0	1,0	234	149
5389	2,5	5,2	2,1	1,6	194	149
5390	0,0	28,21	6,0	47,27	234	149
5395	1418,1451	0,1	2098,1557	1,0	298	149
5397	1632,1765	9,3	2816,2002	4,1	298	149
5400	5,3	0,1	2,6	0,1	266	149
5401	1,1	0,1	2,0	0,1	241	149
5403	311,400	5,2	458,304	0,3	289	149
5404	8,5	39,23	9,11	30,34	183	149
5408	8,8	0,1	6,9	1,4	219	149
5409	390,464	2,0	779,517	0,0	240	149
5410	4,7	15,6	7,7	12,8	153	149
5411	0,2	15,6	1,0	12,8	295	149
5412	0,2	4,7	0,0	6,7	291	149
5423	6,15	0,1	3,4	0,0	166	149
5424	4,2	8,13	1,1	5,7	298	149
5426	45,47	56,50	50,34	76,46	155	149
5427	2,10	1,2	5,3	0,0	167	149
5428	9,9	0,2	3,4	3,3	252	149
5429	11,17	1,2	5,4	0,0	270	149
5432	336,342	2,0	496,319	1,0	298	149
5439	11,14	2,3	19,10	3,5	179	149
5440	5,5	5,4	2,5	5,11	156	149
5441	4,10	4,0	19,5	0,3	156	149
5442	1,4	8,5	2,3	24,7	156	149
5444	40,40	4,2	62,53	3,3	264	149
5449	6,6	0,0	4,6	2,0	177	149
5450	1,1	3,6	5,1	7,5	217	149
5455	0,2	0,3	0,0	0,1	152	149
5456	0,1	13,24	1,1	27,13	298	149
5457	4,11	113,143	9,6	164,124	298	149
5459	41,64	15,15	93,57	30,3	298	149
5460	57,66	7,7	105,64	16,2	298	149
5461	64,71	5,10	112,69	13,5	298	149
5462	63,69	19,15	110,71	34,18	298	149
5463	36,32	7,7	57,22	16,2	194	149
5464	47,40	5,10	72,30	13,5	205	149
5465	48,42	19,15	75,34	34,18	212	149
5466	18,15	5,10	31,10	13,5	160	149
5467	19,17	19,15	34,14	34,18	167	149
5468	6,12	19,15	16,9	34,18	156	149
5469	3681,4278	0,0	7558,5942	1,0	298	149
5470	8,3	2,3	9,11	1,0	201	149
5472	173,201	1,0	247,159	1,0	298	149
5473	43,56	0,1	57,64	2,0	298	149
5474	0,0	149,136	0,1	319,235	266	149
5475	4,8	321,276	6,4	573,398	168	149
5476	561,475	4,1	768,628	3,5	298	149
5477	0,1	466,510	4,3	1184,944	222	149
5480	6,1	7,3	4,4	7,6	298	149
5481	13,9	0,1	12,3	0,0	298	149
5482	370,415	2,5	467,318	0,2	298	149
5485	446,496	1,0	653,506	1,0	298	149
5495	8,24	3,6	24,11	1,3	272	149
5496	21,27	135,185	14,11	120,83	298	149
5500	1,0	7,12	0,0	7,7	153	149
5507	263,256	1,2	418,285	0,0	186	149
5508	5,0	155,156	4,3	311,250	231	149
5509	20,23	0,3	41,12	1,0	298	149
5510	5,14	4,3	7,5	12,4	298	149
5513	10,7	26,12	4,5	26,21	298	149
5514	0,0	1,0	1,0	0,0	252	149
5515	0,0	26,12	1,0	26,21	298	149
5516	1,0	26,12	0,0	26,21	247	149
5519	0,2	4,3	0,0	7,3	153	149
5535	0,2	0,1	10,2	0,1	158	149
5541	0,2	5,8	2,0	15,4	298	149
5543	64,73	0,2	77,61	0,0	176	149
5544	355,364	0,4	514,384	0,0	226	149
5545	350,365	0,1	514,384	0,0	226	149
5546	547,539	448,413	505,406	508,390	176	149
5547	429,467	45,36	614,444	27,15	298	149
5549	2,4	7,11	4,7	9,5	195	149
5550	2,4	175,186	4,7	260,145	222	149
5551	7,11	175,186	9,5	260,145	176	149
5552	14,22	1,0	21,30	3,2	261	149
5555	7,10	0,1	11,21	1,0	176	149
5556	12,5	0,0	12,5	0,1	197	149
5557	19,13	8,7	24,14	13,14	197	149
5559	67,97	3,0	168,113	1,2	298	149
5560	2,4	93,92	4,4	170,101	170	149
5571	1,16	43,33	1,2	35,22	158	149
5573	669,652	5,2	926,727	5,2	298	149
5576	0,0	9,9	2,0	20,13	246	149
5577	21,23	8,1	22,24	2,2	252	149
5578	25,23	8,1	23,26	2,2	298	149
5582	53,41	1057,1033	82,61	1717,1165	187	149
5583	54,75	2,4	76,53	1,2	198	149
5584	22,20	1,1	19,21	0,0	245	149
5587	15,23	10,10	29,21	10,17	176	149
5588	45,56	2,3	70,38	0,0	298	149
5590	3,4	260,288	15,4	313,258	298	149
5591	7,7	35,63	8,6	22,5	158	149
5592	437,533	4,6	544,429	3,4	201	149
5593	17,18	372,459	40,13	803,581	155	149
5594	0,2	0,2	0,3	0,0	198	149
5595	1,0	4,3	5,3	5,7	298	149
5596	0,1	1,0	0,0	5,3	153	149
5607	8,13	91,107	13,13	115,89	155	149
5608	13,27	0,3	45,20	2,0	210	149
5609	79,70	2,1	138,77	1,2	163	149
5610	33,22	1,0	21,6	0,0	298	149
5611	22,17	3,6	34,17	3,5	168	149
5612	338,375	1,0	335,238	0,0	220	149
5613	307,301	30,30	197,191	13,8	165	149
5614	42,68	59,89	37,32	82,52	153	149
5615	106,134	5,9	108,80	10,5	239	149
5617	0,3	90,99	2,0	86,36	205	149
5626	148,143	71,74	127,96	63,27	298	149
5627	24,24	349,352	29,8	436,294	163	149
5628	312,450	1,0	784,595	0,1	298	149
5629	411,400	3,0	1016,702	4,0	215	149
5630	1,1	0,0	0,0	1,1	154	149
5631	47,49	0,0	73,37	1,0	175	149
5632	328,298	35,48	998,731	92,80	253	149
5633	564,559	0,5	1487,1112	3,0	298	149
5635	108,106	2,0	228,176	0,0	298	149
5636	124,133	8,7	220,210	3,5	298	149
5637	8,11	5,4	12,4	6,4	298	149
5639	521,545	1,2	770,586	2,0	298	149
5645	243,213	11,2	406,260	1,0	153	149
5646	23,21	4,5	21,21	5,3	298	149
5647	2,3	10,2	1,0	2,3	160	149
5648	10,4	15,13	10,7	56,42	241	149
5649	2,4	22,27	10,4	19,27	214	149
5650	215,276	1,2	385,280	0,0	298	149
5651	2,1	0,1	2,4	0,3	159	149
5653	90,94	12,11	27,44	7,9	153	149
5654	5,8	0,1	4,2	1,0	298	149
5655	6,4	5,11	30,15	10,6	251	149
5656	35,46	9,4	48,26	6,6	213	149
5659	13,5	18,8	11,5	12,10	154	149
5664	2,4	2,0	5,6	0,4	157	149
5665	122,113	6,8	198,202	9,0	153	149
5666	24,28	116,126	30,25	173,142	155	149
5667	56,79	2,0	89,82	0,0	298	149
5668	42,32	2,0	54,28	0,0	179	149
5669	26,33	139,212	23,23	364,227	298	149
5670	209,161	0,0	300,170	1,0	215	149
5671	182,188	1,0	257,203	0,0	298	149
5673	104,122	3,7	153,116	10,6	298	149
5674	10,22	10,4	16,5	4,6	223	149
5678	143,163	16,23	249,190	4,0	298	149
5679	114,101	39,30	131,81	41,52	158	149
5680	81,72	6,12	100,70	8,3	158	149
5681	624,651	2,1	665,539	0,0	298	149
5682	642,712	101,94	706,578	8,10	298	149
5683	72,105	101,94	76,71	8,10	288	149
5684	131,161	389,426	112,113	445,328	288	149
5686	0,0	2,0	6,1	1,0	275	149
5688	0,0	38,38	2,0	70,40	161	149
5690	0,0	2,2	1,0	6,2	162	149
5692	0,1	18,6	1,0	23,16	298	149
5694	1,7	3,7	6,4	4,2	232	149
5697	2,1	0,1	4,2	4,0	176	149
5700	59,102	0,0	125,118	0,1	298	149
5702	2,1	2,3	7,7	8,7	279	149
5707	535,516	0,2	943,659	0,0	298	149
5708	14,14	0,0	21,16	7,0	193	149
5709	0,0	125,158	4,2	232,181	298	149
5710	6,3	16,8	16,11	16,13	251	149
5711	28,32	1,3	72,43	0,1	298	149
5712	39,47	2,0	78,45	1,4	298	149
5713	35,30	3,5	61,32	0,0	298	149
5717	66,84	0,2	151,107	1,3	298	149
5718	3,2	31,35	0,0	51,30	283	149
5720	35,32	3,2	42,20	2,5	298	149
5722	66,67	3,2	93,50	2,5	298	149
5723	35,32	3,2	42,20	2,5	298	149
5724	18,20	0,6	23,15	0,1	194	149
5726	2,0	1,1	0,0	4,0	153	149
5731	487,409	5,3	823,554	4,2	162	149
5732	6,9	439,456	5,5	788,517	184	149
5733	5,22	303,383	17,11	563,383	298	149
5735	0,1	4,2	0,0	1,1	160	149
5737	28,21	4,2	13,10	0,0	298	149
5738	58,57	24,34	55,37	58,55	298	149
5740	309,323	16,28	528,346	41,18	251	149
5741	391,361	3,4	586,402	4,6	298	149
5742	149,152	823,733	25,18	312,277	298	149
5745	3,1	73,91	8,3	92,74	170	149
5746	7,2	9,11	3,2	27,31	298	149
5747	19,16	2,0	28,33	0,0	298	149
5748	10,7	0,0	32,42	1,1	298	149
5749	0,0	15,11	1,0	26,36	221	149
5750	0,0	14,21	1,1	43,38	159	149
5760	3,5	23,22	12,5	68,36	161	149
5761	46,43	3,8	102,64	9,2	248	149
5762	2,0	0,0	0,1	0,2	161	149
5763	36,31	3,5	40,34	14,4	176	149
5764	24,31	0,0	50,54	1,0	298	149
5765	19,21	1,0	46,32	0,0	298	149
5768	12,9	4025,4004	15,9	7734,5677	184	149
5769	7,21	6701,6643	12,3	12421,10095	164	149
5772	65,29	9,9	64,41	9,11	190	149
5773	45,32	5,1	40,31	5,5	298	149
5774	23,23	5,1	20,22	5,5	298	149
5775	106,100	2,8	200,140	7,2	190	149
5776	86,103	2,3	176,130	3,0	298	149
5777	16,22	2,3	18,13	3,0	298	149
5778	42,41	1,0	34,17	1,1	164	149
5779	49,45	0,0	33,15	4,1	298	149
5782	65,62	8,10	77,42	11,5	168	149
5783	11,15	8,10	18,5	11,5	192	149
5784	0,0	54,47	2,0	61,37	173	149
5789	185,171	44,29	336,220	31,34	298	149
5792	110,154	4,0	222,143	0,1	153	149
5793	212,223	1,1	244,183	3,0	216	149
5794	0,10	2,3	9,3	2,0	199	149
5796	68,77	4,5	104,97	10,4	154	149
5797	0,0	0,2	1,0	1,0	158	149
5798	731,655	4,14	1065,830	9,3	286	149
5799	39,47	18,16	34,34	24,20	298	149
5800	1,4	392,558	5,0	753,574	160	149
5805	343,354	0,2	490,340	0,0	298	149
5809	760,755	10,14	1457,1177	31,11	182	149
5810	247,245	10,9	369,307	1,0	298	149
5811	251,222	25,23	468,376	56,47	277	149
5814	1,2	18,16	0,0	1,2	204	149
5816	5,19	6,2	1,0	2,1	298	149
5818	8,6	241,482	3,3	285,117	186	149
5819	4,0	17,13	0,0	17,6	210	149
5822	0,2	1,1	1,0	2,1	298	149
5824	0,0	1,0	1,0	0,0	203	149
5827	14,40	2,4	41,22	3,0	298	149
5830	491,492	17,28	1127,783	23,18	298	149
5831	37,31	0,0	50,36	0,1	298	149
5832	370,436	2,0	823,583	0,0	298	149
5833	404,403	0,0	661,463	0,2	298	149
5836	57,68	11,12	137,95	12,17	298	149
5843	1,6	2,1	10,4	0,0	298	149
5844	172,181	1,1	338,203	0,0	284	149
5845	205,186	0,2	360,292	8,4	298	149
5846	46,43	1,4	53,28	1,0	298	149
5848	0,4	6,0	1,2	1,2	231	149
5850	10,19	5,16	11,4	2,2	230	149
5851	0,0	1,7	1,1	4,3	168	149
5852	185,202	10,17	243,163	3,4	208	149
5853	0,1	48,33	0,0	47,34	159	149
5865	53,94	94,109	80,34	103,64	152	149
5867	6,8	6,8	3,1	9,10	298	149
5868	6,7	1006,1085	0,3	1646,1190	230	149
5869	4,8	1,0	6,7	0,0	298	149
5870	1165,1265	4,7	2003,1406	0,3	298	149
5872	0,2	18,25	0,0	47,28	188	149
5874	26,10	0,0	15,12	0,1	220	149
5875	27,17	0,0	22,18	0,3	220	149
5876	18,6	0,0	30,14	0,1	298	149
5882	181,198	2,0	257,228	0,0	298	149
5883	1,0	1,5	0,2	7,0	158	149
5885	1,0	1,5	0,0	7,0	207	149
5889	226,301	5,1	309,249	3,1	298	149
5890	3,4	1,0	6,7	2,0	261	149
5891	14,27	95,86	31,15	144,90	298	149
5892	9,19	4,7	20,15	4,6	298	149
5893	11,19	2,0	19,13	1,1	298	149
5894	217,251	1,6	273,222	1,3	298	149
5895	233,264	9,9	272,232	7,0	298	149
5896	33,41	271,264	39,11	314,252	215	149
5897	50,52	271,264	46,19	314,252	294	149
5898	19,16	2,5	10,11	3,3	228	149
5899	9,18	0,1	11,5	0,0	298	149
5900	25,31	1,0	10,15	0,0	298	149
5901	15,20	226,235	16,12	283,198	154	149
5902	3,2	0,2	1,4	0,0	154	149
5906	106,129	8,3	437,333	10,6	173	149
5907	1,4	65,85	4,3	207,116	197	149
5913	2,3	2,1	4,1	1,2	161	149
5915	0,2	0,0	0,0	5,4	298	149
5916	6,10	8,4	12,2	5,1	217	149
5917	0,1	23,36	1,1	44,21	187	149
5918	44,56	5,6	48,35	4,4	159	149
5919	98,118	1,1	135,100	0,0	168	149
5920	32,30	1,1	37,26	0,0	225	149
5921	38,37	1,1	41,27	0,0	249	149
5922	12,9	78,97	16,10	114,84	206	149
5923	18,16	78,97	20,11	114,84	230	149
5924	8,9	2,2	6,3	2,2	173	149
5928	22,26	7,0	16,21	0,0	298	149
5929	21,18	0,0	8,16	2,0	298	149
5930	30,58	1,3	56,27	1,5	298	149
5932	9,11	8,5	2,1	3,6	167	149
5933	63,43	93,74	53,41	90,78	167	149
5934	21,26	93,74	9,5	90,78	298	149
5935	15,22	56,39	7,4	51,40	298	149
5936	144,143	0,1	152,106	0,0	298	149
5937	116,113	0,1	131,85	0,0	298	149
5938	0,4	28,31	1,4	21,23	298	149
5939	2,1	45,74	1,0	71,61	182	149
5944	0,1	1,1	0,3	0,1	163	149
5946	28,51	6,15	39,21	9,7	298	149
5947	34,26	1,0	52,30	0,2	298	149
5948	2,1	2,8	1,2	11,1	176	149
5950	10,13	2,7	8,4	2,2	298	149
5951	219,207	1,1	296,246	0,0	219	149
5952	133,139	0,0	150,105	0,1	209	149
5953	386,443	0,2	765,534	0,0	205	149
5954	26,26	200,209	33,37	312,220	205	149
5955	8,10	0,2	14,16	2,2	205	149
5960	4,1	4,6	2,0	5,2	203	149
5963	12,16	1,0	12,2	0,0	298	149
5966	170,245	6,10	364,256	9,14	167	149
5967	1,1	66,88	1,2	77,67	193	149
5968	90,98	2,1	110,95	2,0	178	149
5973	0,1	1,2	1,0	3,2	196	149
5974	1,10	42,32	9,11	62,44	196	149
5975	21,30	0,3	9,9	4,0	160	149
5976	0,1	2,0	0,0	5,1	298	149
5977	195,191	0,2	251,149	0,0	298	149
5978	11,4	1,2	9,2	0,0	298	149
5979	0,2	317,390	4,2	566,483	298	149
5981	8,2	16,30	10,5	22,26	253	149
5982	24,19	0,3	66,29	4,4	194	149
5983	49,46	17,17	47,30	28,29	158	149
5985	183,178	0,2	304,238	0,0	152	149
5987	0,0	28,21	1,0	53,28	158	149
5988	0,0	28,21	1,0	53,28	153	149
5990	1,0	2,4	0,0	1,1	164	149
5991	1,1	1,0	2,0	0,0	155	149
5992	28,13	0,0	23,16	1,2	193	149
5993	31,14	0,2	24,19	0,0	215	149
5994	3,1	0,2	2,5	0,0	171	149
5995	79,64	4,2	113,65	4,4	193	149
5996	82,65	1,7	114,68	1,0	215	149
5997	7,3	1,7	5,7	1,0	171	149
5999	574,559	480,418	724,471	707,493	161	149
6001	224,307	0,0	577,379	0,1	298	149
6002	18,31	99,77	60,30	100,87	232	149
6004	258,278	17,23	419,303	32,10	298	149
6005	138,125	14,8	175,106	24,11	298	149
6006	171,152	3,4	235,133	1,3	298	149
6013	5,0	0,1	0,1	2,0	176	149
6016	97,100	0,2	144,105	2,0	171	149
6017	1,6	122,102	3,4	204,104	259	149
6018	6,9	22,20	4,5	31,13	268	149
6019	5,8	22,20	8,3	31,13	298	149
6020	3,9	4,8	6,3	2,5	200	149
6021	10,8	189,209	11,10	239,235	161	149
6029	53,60	6,1	62,68	2,5	151	149
6030	47,67	41,48	48,44	69,65	298	149
6031	5,17	1,0	7,7	0,0	298	149
6033	319,338	0,0	268,203	1,0	298	149
6034	331,351	17,20	371,233	6,6	152	149
6043	5,1	39,44	8,0	67,33	298	149
6044	5,1	1,1	6,0	1,0	298	149
6045	11,11	177,182	26,27	522,454	175	149
6046	130,132	24,13	118,91	16,3	298	149
6047	121,141	0,0	142,91	1,0	298	149
6048	139,169	21,14	143,97	9,12	298	149
6049	96,112	0,0	95,44	1,0	298	149
6050	114,140	21,14	96,50	9,12	298	149
6051	53,76	21,14	38,29	9,12	203	149
6052	73,99	1,0	79,41	0,0	298	149
6053	91,127	0,0	80,47	1,5	298	149
6054	54,76	0,0	37,29	1,5	203	149
6056	151,173	1,2	279,194	5,5	159	149
6057	5,2	53,26	6,5	41,23	209	149
6059	6,7	118,103	6,8	168,130	216	149
6060	15,22	2,4	35,28	2,3	298	149
6062	54,31	118,103	41,26	168,130	156	149
6063	64,46	2,4	70,46	2,3	246	149
6064	1,2	118,103	0,2	168,130	153	149
6065	11,17	2,4	29,22	2,3	243	149
6066	128,118	2,4	197,150	2,3	239	149
6067	157,135	0,2	73,50	0,0	158	149
6068	291,452	2,0	447,274	1,0	298	149
6070	3,0	0,1	1,1	1,0	152	149
6073	7,3	6,7	4,9	6,6	193	149
6074	84,135	6,7	212,161	6,6	298	149
6075	80,135	0,1	210,154	1,1	298	149
6078	29,27	44,53	30,28	76,52	298	149
6086	51,61	97,85	170,108	176,100	298	149
6088	80,96	13,5	110,112	11,15	161	149
6089	7,23	13,5	12,15	11,15	297	149
6090	5,7	78,80	6,6	104,103	285	149
6092	438,462	12,7	584,375	3,2	293	149
6094	44,46	183,230	43,29	352,260	298	149
6096	0,2	0,5	1,0	2,0	298	149
6099	2,12	2,1	0,13	2,0	298	149
6100	3,6	13,13	8,5	6,0	160	149
6102	71,161	0,1	76,36	0,0	298	149
6105	13,19	28,16	28,32	44,31	161	149
6107	7,3	56,44	9,5	52,30	263	149
6108	39,76	0,2	63,37	0,0	273	149
6113	19,12	22,41	25,8	23,21	188	149
6114	55,25	2701,2809	36,21	5350,4084	188	149
6116	1,1	8,1	1,0	0,2	173	149
6117	1,1	1,1	0,1	0,1	163	149
6118	0,2	19,23	4,3	44,20	164	149
6121	12,18	0,1	16,10	3,0	165	149
6130	107,116	2,0	138,109	0,0	298	149
6133	2,0	31,36	2,0	34,17	153	149
6136	34,42	57,86	37,31	90,56	173	149
6137	9,11	0,5	7,5	2,0	173	149
6138	781,780	52,69	1458,986	35,24	259	149
6147	61,52	0,2	47,31	5,0	169	149
6151	29,19	13,13	53,23	9,19	298	149
6152	5,0	0,4	4,16	6,1	159	149
6154	18,38	1,0	81,59	0,0	296	149
6159	17,13	3,5	18,8	7,3	227	149
6165	0,5	0,1	0,1	0,0	298	149
6167	7,17	322,347	33,17	737,534	298	149
6210	1,6	62,56	3,8	98,68	164	149
6211	15,22	171,169	9,9	300,243	257	149
6212	18,16	0,1	9,5	6,3	182	149
6213	163,179	6,2	247,169	0,1	298	149
6214	176,193	1,7	256,173	4,1	298	149
6215	19,16	1,7	9,5	4,1	182	149
6216	56,66	131,114	35,20	212,139	182	149
6223	85,100	20,40	135,87	39,17	218	149
6234	0,6	193,224	1,0	329,257	298	149
6235	287,281	0,0	580,399	1,2	298	149
6236	42,42	0,3	83,57	0,0	298	149
6237	320,329	0,4	719,502	1,0	298	149
6238	44,41	0,2	82,57	0,0	298	149
6239	18,17	2,3	18,23	0,0	298	149
6240	82,121	1,0	192,138	0,0	210	149
6241	10,9	244,257	9,9	450,297	213	149
6242	281,322	0,4	636,467	0,0	298	149
6243	9,13	0,4	24,6	0,0	298	149
6244	4,9	275,316	9,1	617,462	159	149
6245	505,534	6,2	1073,741	2,2	264	149
6246	234,227	6,2	465,280	2,2	274	149
6247	82,120	0,1	192,138	0,0	210	149
6248	16,19	288,272	15,11	655,507	165	149
6249	317,375	9,9	653,472	3,2	298	149
6250	2,0	1,1	4,1	7,0	161	149
6252	10,13	129,160	9,10	262,251	159	149
6253	2,9	1,0	9,8	0,0	159	149
6261	5,3	12,15	3,1	14,8	252	149
6262	36,23	1,1	40,24	1,0	211	149
6264	27,27	17,12	59,25	15,16	217	149
6265	14,7	120,129	5,10	147,116	285	149
6266	4,0	0,0	2,0	0,1	187	149
6268	539,448	1,0	642,489	0,0	298	149
6273	227,209	2,1	115,99	0,0	298	149
6275	46,54	10,5	75,46	7,3	171	149
6276	11,20	4,5	22,29	5,2	298	149
6278	2,6	11,15	3,1	41,32	168	149
6279	45,56	3,0	107,75	5,0	187	149
6280	131,118	1,4	317,238	2,1	187	149
6281	72,77	398,486	36,31	894,503	298	149
6285	1,0	2,2	1,0	4,0	191	149
6286	1,0	7,4	2,0	22,11	191	149
6287	5,6	7,4	7,2	22,11	298	149
6288	4,7	0,0	6,2	1,0	298	149
6290	151,125	25,39	87,68	40,20	200	149
6291	33,44	1,5	26,18	8,0	182	149
6293	2,4	0,0	0,2	0,1	201	149
6294	496,571	13,16	1017,756	10,5	256	149
6295	258,320	0,2	563,433	0,0	256	149
6296	263,327	1,1	564,435	0,0	256	149
6297	11,18	218,251	30,10	489,383	298	149
6298	1103,1208	5,8	1851,1480	12,2	283	149
6299	1058,1260	0,0	1811,1356	0,1	280	149
6300	13,15	1,0	13,11	0,0	155	149
6301	181,214	39,74	441,304	72,59	155	149
6302	350,416	11,8	692,456	2,2	220	149
6303	250,238	3,6	420,257	2,0	298	149
6304	11,23	2,0	88,67	2,2	298	149
6305	16,38	2,0	85,89	2,2	298	149
6306	7,24	2,3	21,38	19,7	185	149
6307	597,572	15,20	1516,961	43,28	236	149
6308	237,242	9,13	396,231	15,23	241	149
6309	4,11	252,269	7,9	628,394	259	149
6310	254,276	3,5	605,366	0,0	298	149
6311	17,17	209,202	9,11	358,253	298	149
6312	5,3	3,4	8,1	0,6	155	149
6313	17,23	1,0	30,17	6,2	155	149
6319	35,45	1,0	77,70	0,0	298	149
6320	25,20	0,1	41,51	0,0	298	149
6321	84,62	136,138	61,79	155,75	298	149
6324	1,0	1,0	4,0	0,0	177	149
6325	1,6	2,3	11,7	21,23	298	149
6326	0,0	1,4	7,0	3,3	218	149
6327	11,20	6,1	20,7	1,3	182	149
6328	26,64	55,31	51,25	74,50	182	149
6329	10,22	0,1	23,7	0,0	298	149
6330	10,25	2,0	21,10	0,0	298	149
6331	3,5	2,0	2,3	0,0	191	149
6332	1,0	2,11	0,0	9,4	298	149
6342	37,32	0,0	56,44	0,1	298	149
6343	29,34	2,3	26,24	2,3	168	149
6344	100,164	0,2	123,58	0,0	298	149
6345	6,16	415,474	4,4	534,405	298	149
6348	1,7	0,1	2,2	0,0	298	149
6350	0,17	2,1	9,1	2,0	298	149
6351	1,1	12,21	0,0	3,0	250	149
6354	10,16	3,0	14,2	1,2	298	149
6355	1,0	2,0	0,1	0,0	181	149
6356	240,252	1,0	187,103	0,0	298	149
6357	29,24	3,1	14,5	0,1	230	149
6358	26,24	4,9	17,9	0,0	230	149
6359	21,15	4,1	13,5	1,2	230	149
6360	28,24	174,133	14,5	117,107	230	149
6361	211,235	4,0	169,128	0,0	298	149
6362	17,14	4,5	5,3	0,0	189	149
6363	20,16	109,120	5,4	106,71	196	149
6364	7,7	109,120	0,1	106,71	156	149
6366	64,62	109,125	34,30	124,76	298	149
6367	63,62	109,125	34,30	124,76	298	149
6374	4,5	4,0	1,0	2,0	154	149
6375	2,0	0,1	7,1	2,0	153	149
6377	0,2	0,1	1,1	0,1	160	149
6379	155,171	5,4	283,239	1,0	220	149
6384	6,2	64,54	0,6	64,37	243	149
6385	64,55	229,230	84,71	419,315	298	149
6386	1,0	154,150	0,2	209,152	153	149
6388	50,59	4,2	120,84	2,2	260	149
6389	64,60	1,0	71,89	0,0	154	149
6391	2,4	363,347	3,1	619,582	157	149
6392	480,422	0,0	782,704	1,0	220	149
6394	0,0	11,9	2,0	21,17	298	149
6401	7,4	2,0	2,0	0,0	298	149
6402	6,2	2,0	2,0	0,0	298	149
6403	6,2	2,0	2,0	0,0	298	149
6407	7,2	0,3	2,0	0,0	298	149
6408	10,2	0,3	2,0	0,0	298	149
6409	6,2	0,3	2,0	0,0	298	149
6413	419,438	2,10	824,566	2,1	298	149
6416	2,0	156,131	1,0	194,119	298	149
6421	429,448	2,3	968,633	1,2	298	149
6422	266,241	0,0	294,203	1,0	298	149
6423	126,184	0,0	220,149	2,0	298	149
6424	431,396	1,0	514,338	1,4	230	149
6426	426,452	0,4	599,407	0,1	220	149
6431	1,5	0,0	4,0	1,0	298	149
6434	15,15	0,1	20,18	0,0	153	149
6450	23,13	38,42	13,14	33,38	287	149
6452	70,98	0,8	110,74	5,9	194	149
6453	37,47	15,27	57,45	31,37	173	149
6454	4,8	0,1	4,2	0,0	173	149
6455	12,1	49,48	6,3	68,57	183	149
6456	4,11	1,0	6,5	6,3	173	149
6468	0,4	5,13	0,0	8,1	188	149
6469	1,7	67,69	1,0	95,49	188	149
6470	1765,1886	5,4	2521,1839	0,0	163	149
6471	21,31	17,21	32,26	44,18	161	149
6474	128,175	37,20	237,145	49,18	298	149
6491	292,320	3,4	560,370	12,4	199	149
6494	130,161	6,4	149,85	0,1	238	149
6495	63,66	3,0	81,46	0,0	238	149
6499	4,0	13,9	0,0	1,3	267	149
6500	304,354	4,2	595,391	0,2	280	149
6503	1,4	1,1	0,0	1,0	155	149
6505	20,25	0,0	55,26	3,0	271	149
6507	832,1014	3,2	1335,1037	0,2	298	149
6508	447,449	2,5	652,492	0,1	298	149
6510	0,2	2,0	0,0	10,4	153	149
6518	651,668	11,12	766,484	13,7	298	149
6519	22,61	0,4	16,3	2,0	170	149
6529	64,71	2,3	108,86	2,0	298	149
6530	25,18	0,1	15,12	2,0	224	149
6540	2,1	103,121	7,0	179,143	176	149
6545	12,28	2,0	13,11	0,0	298	149
6546	449,443	1,3	662,425	0,0	298	149
6547	425,419	1,2	652,429	0,0	298	149
6549	2,0	0,1	2,2	0,4	216	149
6550	2,0	1,0	1,2	1,0	298	149
6552	9,9	2,0	15,3	0,0	298	149
6553	26,23	5,4	19,8	1,2	298	149
6554	18,20	0,2	22,7	0,0	298	149
6555	44,63	3,7	73,38	7,1	298	149
6556	233,264	7,14	322,201	4,2	298	149
6557	7,15	4,3	13,9	9,1	201	149
6558	15,20	4,3	20,17	9,1	228	149
6560	13,11	7,12	20,7	5,2	210	149
6564	1,2	23,11	6,2	57,18	298	149
6565	1,3	0,0	3,0	2,0	298	149
6566	45,62	65,58	60,35	71,34	185	149
6571	138,166	3,2	218,183	7,3	298	149
6572	28,33	2,0	25,22	1,0	298	149
6573	5,6	9,11	4,5	26,15	298	149
6575	31,41	1,4	72,53	6,4	155	149
6576	70,86	1,4	94,77	6,4	298	149
6577	66,77	27,32	85,70	60,45	298	149
6579	176,189	10,9	230,194	0,1	151	149
6580	21,37	1,4	25,11	2,3	164	149
6581	162,232	2,1	265,130	2,1	199	149
6584	0,2	253,232	0,1	357,262	192	149
6585	161,153	13,15	174,116	2,1	298	149
6586	118,121	0,2	85,51	0,0	298	149
6587	113,146	0,0	246,162	1,1	257	149
6588	3,7	10,14	1,0	4,9	298	149
6591	2,6	0,0	10,4	1,1	298	149
6594	1,2	0,1	3,0	2,0	153	149
6595	1,2	120,131	3,0	131,99	298	149
6596	0,1	120,131	2,0	131,99	298	149
6598	229,229	0,0	457,335	0,2	298	149
6599	6,9	0,0	10,4	0,1	249	149
6600	3,6	46,33	3,3	35,30	157	149
6601	10,23	3,0	12,13	5,0	178	149
6602	53,50	3,0	44,40	5,0	170	149
6603	1,1	0,1	1,2	0,0	157	149
6606	1,1	0,2	1,1	1,0	157	149
6607	5,9	0,1	13,4	3,0	151	149
6608	5,10	16,32	13,4	17,9	153	149
6609	0,2	16,32	3,0	17,9	151	149
6611	1,3	2,4	1,1	1,0	159	149
6612	48,85	2,4	50,32	1,0	153	149
6613	2,3	81,106	6,0	76,61	298	149
6614	2,1	4,3	0,1	0,0	186	149
6622	87,41	81,76	60,41	72,43	298	149
6624	686,766	7,6	523,428	5,8	298	149
6625	2,4	587,632	7,3	427,356	153	149
6626	629,697	0,0	476,402	1,0	298	149
6629	607,608	2,2	485,335	0,0	298	149
6630	124,151	445,477	95,89	346,246	298	149
6631	487,542	0,4	395,292	0,0	298	149
6632	542,566	0,0	398,315	2,0	298	149
6633	162,135	2,2	139,89	0,0	298	149
6637	483,500	59,70	341,238	23,17	298	149
6639	137,145	2,0	77,73	0,0	298	149
6644	504,512	23,37	316,243	9,17	298	149
6645	481,524	0,3	339,235	0,0	298	149
6648	490,499	0,3	324,260	0,0	298	149
6650	39,55	0,2	39,21	0,0	202	149
6652	58,54	0,1	84,71	4,6	253	149
6654	4,7	0,0	16,12	1,0	151	149
6659	12,29	6,3	9,6	0,0	214	149
6661	10,10	6,0	14,10	6,5	155	149
6662	168,172	6,0	334,234	6,5	182	149
6663	159,163	1,1	320,225	0,1	176	149
6665	4,7	1,5	5,4	1,2	199	149
6670	8289,8267	1,4	13666,9804	1,0	298	149
6673	896,878	1,0	1318,1119	0,0	298	149
6674	1,13	586,643	6,1	927,488	179	149
6675	0,0	7,2	2,5	24,3	179	149
6676	23,19	0,0	22,31	1,1	298	149
6677	42,30	34,53	40,45	49,41	298	149
6678	2,6	46,53	2,1	72,55	181	149
6679	0,2	46,53	0,0	72,55	173	149
6684	1,4	2,0	3,1	1,2	172	149
6685	4,0	0,2	2,0	0,0	187	149
6687	65,59	7,7	65,47	13,7	298	149
6688	28,56	200,223	57,29	313,229	173	149
6689	10,13	19,19	21,14	43,22	173	149
6692	0,0	460,570	0,2	821,734	215	149
6693	164,145	5,2	139,119	5,1	167	149
6698	9,1	73,93	2,3	95,93	155	149
6699	6,0	31,32	1,4	22,16	155	149
6705	0,3	29,46	0,2	48,38	192	149
6710	25,62	218,318	66,23	401,291	179	149
6714	208,258	1,0	356,260	0,0	298	149
6715	1,0	3,1	1,1	4,2	156	149
6716	2,0	84,112	1,1	134,112	151	149
6717	124,146	1,0	222,148	0,0	298	149
6719	1,0	137,179	1,1	236,151	156	149
6720	1,0	137,179	1,1	236,151	152	149
6721	42,47	12,9	53,42	24,13	291	149
6722	33,17	46,54	37,20	69,44	298	149
6723	27,16	46,54	41,18	69,44	298	149
6726	25,47	5,9	45,32	2,2	291	149
6727	16,17	16,6	29,10	16,8	298	149
6728	20,16	16,6	19,7	16,8	298	149
6730	160,177	2,10	397,277	18,6	298	149
6731	8,21	124,125	22,15	352,255	298	149
6734	8,5	16,27	6,2	39,26	298	149
6737	453,481	8,3	864,639	3,3	222	149
6738	466,495	0,0	896,671	4,0	226	149
6739	21,17	0,0	35,35	4,0	153	149
6742	0,3	45,47	5,0	62,62	242	149
6744	68,67	3,7	63,43	1,0	298	149
6745	0,1	204,201	1,0	307,238	298	149
6747	1,0	131,152	1,1	213,172	245	149
6749	5,7	2,0	2,5	0,0	298	149
6751	12,16	182,161	11,14	303,215	298	149
6753	14,16	182,161	11,14	303,215	298	149
6754	12,16	182,161	11,14	303,215	298	149
6755	1,3	54,98	6,7	80,86	298	149
6756	2,4	54,98	4,6	80,86	262	149
6757	2,4	0,0	1,1	1,0	159	149
6758	5,3	0,2	2,2	2,6	165	149
6759	90,69	16,5	79,48	5,7	284	149
6760	334,387	0,1	395,278	0,0	298	149
6761	77,78	7,2	102,56	3,1	235	149
6762	97,119	13,11	147,78	13,8	294	149
6763	24,48	4,6	80,46	8,3	298	149
6764	5,2	2,1	9,3	1,2	176	149
6765	17,14	3,1	47,27	3,0	159	149
6766	20,14	26,30	53,29	66,48	176	149
6767	6,1	26,30	9,2	66,48	166	149
6769	1,0	0,0	0,0	0,1	298	149
6771	3,1	38,43	1,0	39,21	298	149
6772	561,507	1,0	859,604	0,0	298	149
6773	660,848	2,8	940,557	4,1	281	149
6783	2,4	0,0	0,1	1,1	298	149
6785	1,2	160,146	9,2	335,230	298	149
6788	38,34	2,0	77,54	2,1	261	149
6790	221,279	5,2	319,268	5,1	153	149
6791	20,15	282,320	15,8	394,292	157	149
6794	0,1	2,3	1,0	3,0	161	149
6795	1,1	2,3	3,2	3,0	242	149
6799	0,0	10,11	0,2	25,9	153	149
6800	5,3	14,12	4,8	6,4	184	149
6802	40,32	2,0	43,37	4,4	199	149
6804	2,1	30,18	4,2	25,22	227	149
6805	2,1	0,0	4,2	2,2	227	149
6806	69,127	0,2	132,65	0,0	298	149
6809	0,1	16,11	0,0	18,13	298	149
6812	283,362	29,15	527,402	23,8	208	149
6813	2,0	46,49	0,0	98,67	196	149
6817	2,0	5,3	0,0	2,1	255	149
6818	27,24	465,422	31,27	699,541	295	149
6819	19,16	8,3	23,19	5,5	295	149
6821	37,31	222,232	13,21	328,220	298	149
6822	288,340	11,12	275,200	0,0	298	149
6823	31,48	0,0	41,22	2,0	298	149
6824	25,30	0,2	31,14	3,0	298	149
6825	48,64	16,12	77,48	15,12	298	149
6826	0,4	1,8	0,0	6,0	215	149
6828	2,7	12,4	6,5	10,9	218	149
6829	667,803	30,50	1310,988	51,38	236	149
6831	0,1	42,82	2,0	78,44	168	149
6832	66,116	0,3	79,93	0,0	298	149
6833	127,123	1,2	222,133	2,2	298	149
6834	30,42	107,118	43,34	159,128	245	149
6835	1,1	36,45	3,1	58,53	156	149
6838	0,0	124,149	5,0	216,165	167	149
6839	137,193	0,2	363,265	0,0	181	149
6842	0,0	0,1	3,1	1,2	180	149
6843	4,8	0,1	11,4	1,2	260	149
6845	39,48	4,0	54,51	2,2	218	149
6847	5,0	2,2	3,3	6,0	298	149
6850	8,32	0,0	26,28	5,0	158	149
6852	2,0	34,39	0,0	62,27	156	149
6853	8,6	625,621	2,1	1101,871	281	149
6854	631,624	4,0	1379,945	2,4	160	149
6855	749,788	0,4	1715,1169	0,0	193	149
6856	122,164	0,4	338,228	0,0	182	149
6857	232,294	1,0	470,334	0,0	203	149
6858	855,1016	0,0	2080,1376	2,1	203	149
6859	3,2	93,140	0,0	139,81	298	149
6873	0,0	1,0	1,0	0,0	215	149
6874	129,207	222,286	231,107	556,363	298	149
6875	33,43	222,286	40,29	556,363	298	149
6876	20,29	222,286	27,19	556,363	298	149
6877	8,8	13,15	7,4	14,12	184	149
6878	126,206	13,15	221,93	14,12	247	149
6879	118,199	0,1	215,91	1,2	212	149
6880	0,3	404,529	8,6	686,487	228	149
6883	41,42	0,1	30,23	0,0	207	149
6884	7,18	201,249	15,10	393,301	238	149
6892	1,0	2,4	3,0	0,0	180	149
6894	42,41	67,67	37,29	114,80	298	149
6895	101,105	1,2	163,118	5,2	298	149
6897	1,0	7,1	2,1	3,0	154	149
6898	46,50	0,1	84,51	0,0	202	149
6899	1,1	0,0	5,2	1,0	284	149
6901	1,2	1,0	4,3	2,0	284	149
6903	158,160	13,4	295,199	13,8	202	149
6904	0,1	0,0	0,3	0,1	168	149
6905	0,0	50,51	3,1	92,67	298	149
6907	98,119	3,1	113,79	1,2	178	149
6911	42,43	2,3	42,27	4,7	213	149
6912	12,10	1,3	10,3	3,3	213	149
6913	26,18	9,9	8,12	7,16	174	149
6914	15,16	2,7	9,7	2,2	182	149
6916	0,0	0,3	4,0	5,0	156	149
6919	47,106	2,0	123,84	1,4	183	149
6920	3,11	39,27	7,11	58,60	152	149
6926	0,1	53,76	0,0	108,63	161	149
6927	2,2	1,2	4,0	4,4	162	149
6928	0,2	2,0	0,0	2,0	153	149
6929	93,100	2,4	183,137	3,3	231	149
6930	180,197	219,228	344,204	265,180	298	149
6931	29,9	813,907	6,2	1613,1221	198	149
6932	839,923	21,33	1626,1227	16,14	298	149
6933	10,13	1015,1133	16,7	1618,1341	185	149
6934	5,9	365,466	9,3	642,508	169	149
6935	338,321	35,40	622,484	43,48	298	149
6936	51,34	3,5	37,29	3,5	156	149
6937	7,8	32,34	5,2	63,38	156	149
6938	439,417	19,7	837,685	9,5	298	149
6939	1967,2021	411,402	4420,3393	819,674	155	149
6944	31,37	0,2	32,23	0,0	287	149
6947	46,73	2,0	95,88	0,4	298	149
6949	3,5	4,6	7,9	1,3	220	149
6952	12,4	240,235	11,3	387,260	208	149
6954	3,1	30,54	1,6	61,33	254	149
6955	115,121	11,15	219,142	34,18	191	149
6956	15,21	0,1	39,37	0,0	153	149
6957	1810,1738	14,11	2492,1858	9,4	298	149
6958	8,16	16,11	32,15	16,16	160	149
7007	0,2	1,0	0,0	7,3	153	149
7012	14,14	1,0	5,0	0,0	200	149
7018	2484,2744	6,14	4732,3364	2,2	298	149
7023	0,5	3,1	0,2	1,0	298	149
7024	553,656	16,8	1160,737	12,22	153	149
7030	68,58	6,9	60,46	14,5	175	149
7034	239,206	0,0	319,188	0,1	230	149
7037	3,11	0,1	4,0	0,0	153	149
7039	551,604	1,2	814,564	0,2	256	149
7041	449,490	2,3	108,74	1,2	298	149
7047	4,4	52,58	0,5	96,73	188	149
7048	19,18	4,5	29,21	7,3	161	149
7050	58,32	0,2	115,66	0,0	298	149
7051	58,32	2,2	114,69	4,2	298	149
7052	1056,1254	0,0	1703,1352	0,2	216	149
7053	1851,2073	2,5	2914,2319	1,0	298	149
7055	1018,1030	21,12	1466,1057	12,22	215	149
7056	114,98	9,4	155,91	7,2	194	149
7057	93,87	0,0	120,77	1,0	194	149
7059	14,16	4,2	13,9	2,2	280	149
7060	14,16	15,13	14,7	13,14	280	149
7061	293,400	1,2	644,419	1,0	215	149
7063	33,35	286,315	50,23	535,316	158	149
7067	10,2	229,227	12,16	452,351	198	149
7068	20,12	0,2	40,34	0,0	209	149
7069	239,237	0,2	480,369	0,0	160	149
7070	8,3	7,19	7,3	11,10	198	149
7071	376,415	0,2	788,545	5,5	273	149
7076	26,24	0,1	27,24	0,0	235	149
7077	38,39	54,91	42,39	144,84	298	149
7078	12,16	54,91	15,15	144,84	218	149
7079	143,145	0,0	255,209	1,0	298	149
7080	26,9	18,17	26,10	50,23	153	149
7082	64,55	2,3	52,43	8,17	298	149
7087	638,629	9,4	1023,732	5,3	298	149
7088	22,28	24,21	49,35	28,18	154	149
7089	0,0	0,2	1,0	0,0	201	149
7093	6,10	1,1	9,8	0,0	166	149
7094	2,2	1,5	0,3	0,0	265	149
7095	178,194	0,1	155,98	0,0	298	149
7097	339,386	0,0	384,233	3,0	298	149
7098	81,62	0,1	89,46	0,1	298	149
7099	80,61	0,3	87,46	4,0	298	149
7100	0,1	0,3	0,1	4,0	177	149
7101	228,252	0,1	350,262	1,0	298	149
7104	0,0	56,57	4,2	115,59	289	149
7105	56,73	6,6	37,21	1,0	298	149
7106	6,2	2,3	5,1	7,0	298	149
7114	0,1	3,1	0,0	2,2	298	149
7116	225,247	10,18	410,321	12,4	291	149
7118	4,8	5,9	7,15	9,11	298	149
7135	21,14	3,1	10,16	0,1	294	149
7139	48,43	4,10	74,32	6,6	153	149
7141	2,2	7,9	2,2	21,12	191	149
7146	4,2	1,3	1,1	3,0	179	149
7147	6,11	1,1	16,9	3,7	179	149
7148	10,14	5,9	16,16	14,15	298	149
7149	11,15	89,99	40,18	158,126	298	149
7150	15,18	89,99	48,31	158,126	280	149
7152	13,13	1,2	4,10	0,0	298	149
7157	16,28	0,0	5,11	1,0	298	149
7164	4,12	66,86	19,4	157,107	295	149
7166	33,48	0,1	73,52	0,0	298	149
7170	1079,1233	0,5	2038,1523	3,2	298	149
7172	3446,4055	1,0	7298,5467	0,0	298	149
7173	219,219	6,19	200,165	9,15	298	149
7174	558,663	129,189	690,583	187,170	298	149
7175	375,493	0,2	517,446	0,0	298	149
7176	478,594	0,0	689,554	1,0	298	149
7177	299,323	129,189	257,207	187,170	298	149
7178	219,254	0,0	256,178	1,0	298	149
7179	3454,4081	1,0	7319,5479	0,0	298	149
7181	5,12	0,2	17,5	0,0	298	149
7182	6044,7675	0,2	13028,10270	0,1	298	149
7183	8638,10737	4,5	18467,14179	16,10	298	149
7184	2598,3074	4,5	5451,3913	16,10	220	149
7186	5,3	81,73	3,2	159,91	289	149
7188	23,26	21,35	9,4	37,22	177	149
7190	282,273	2,0	322,232	1,0	298	149
7191	163,126	4,6	210,178	1,2	153	149
7192	3,3	4,6	4,6	1,2	201	149
7193	2,1	162,124	2,4	208,176	197	149
7194	191,211	6,5	324,235	6,6	159	149
7198	0,3	2,0	6,3	0,0	214	149
7199	0,1	2,0	0,1	0,0	151	149
7200	0,1	2,1	0,1	4,7	151	149
7202	3,6	0,0	12,11	0,2	158	149
7203	55,57	217,260	113,96	383,308	208	149
7204	6,2	2,4	5,4	6,1	159	149
7205	355,397	4,0	700,418	0,0	186	149
7206	16,11	1,1	27,17	3,2	208	149
7209	6,2	9,3	3,2	7,0	161	149
7210	2,0	0,0	6,1	7,2	161	149
7215	3,1	35,52	1,4	81,60	287	149
7217	520,528	0,1	1215,889	8,1	298	149
7224	21,38	1,3	59,31	2,2	260	149
7226	71,70	23,22	112,79	14,6	161	149
7228	0,3	25,28	0,1	107,97	170	149
7232	5,4	405,335	0,0	237,234	153	149
7233	261,313	2,0	237,157	0,0	298	149
7234	260,315	2,0	238,157	0,0	298	149
7235	474,524	4,7	411,258	1,2	298	149
7236	20,33	9,10	19,16	5,2	298	149
7237	259,337	5,4	228,173	2,1	298	149
7241	69,50	0,0	103,76	0,2	298	149
7242	67,49	3,3	102,77	2,2	298	149
7246	10,7	48,28	14,19	74,47	164	149
7247	47,27	0,2	74,46	0,0	298	149
7248	1,0	1,0	1,0	0,0	237	149
7249	4,1	4,1	2,6	5,1	164	149
7253	35,48	4,2	95,76	6,2	298	149
7255	63,39	31,34	39,28	61,40	187	149
7256	1271,1246	23,27	2111,1598	31,33	191	149
7258	3,1	0,1	6,1	6,0	162	149
7276	4,12	4,1	1,4	3,0	297	149
7277	4,12	4,1	1,4	3,0	298	149
7283	4,12	4,1	1,4	3,0	298	149
7284	8,20	4,1	8,10	3,0	298	149
7288	4,12	0,0	1,4	1,2	298	149
7289	4,13	0,0	1,4	1,2	298	149
7290	4,12	0,0	1,4	1,2	298	149
7293	2,6	0,1	3,0	0,0	268	149
7300	40,32	0,2	41,43	0,0	161	149
7301	303,302	127,130	360,281	183,122	161	149
7302	39,32	0,1	41,43	2,4	161	149
7304	5,3	0,2	2,0	1,0	160	149
7306	1,0	0,2	0,0	5,1	298	149
7312	5,7	172,198	14,6	389,283	168	149
7313	175,205	0,3	399,286	8,5	298	149
7314	190,195	4,0	432,287	1,0	298	149
7319	21,28	34,47	20,22	34,16	298	149
7321	94,100	0,0	141,117	2,1	298	149
7326	5,7	0,12	5,10	6,1	205	149
7327	14,10	141,151	8,10	221,145	205	149
7328	5,8	74,102	12,1	139,116	298	149
7329	118,91	3,3	146,112	3,4	154	149
7331	4,1	0,1	7,2	0,3	191	149
7332	3,1	0,0	3,4	0,2	298	149
7335	8,0	16,23	4,6	9,9	298	149
7336	1,7	11,15	0,2	8,2	228	149
7346	17,30	97,134	22,7	126,117	298	149
7347	8,14	5,5	9,3	7,12	298	149
7351	50,71	2,2	65,63	0,0	181	149
7352	0,0	58,56	2,0	81,56	178	149
7354	0,0	0,1	1,0	5,2	298	149
7355	0,0	0,1	1,0	5,2	298	149
7356	4,8	314,350	3,2	522,394	298	149
7357	26,16	33,27	15,7	28,30	170	149
7358	5,5	101,113	2,0	107,50	203	149
7364	377,366	7,12	803,570	9,4	298	149
7365	91,97	8,7	193,142	32,21	177	149
7366	6,4	0,1	6,3	0,0	298	149
7367	78,94	2,0	140,108	0,0	298	149
7368	8,3	0,1	5,1	0,0	298	149
7369	89,109	1,1	148,131	0,0	298	149
7370	170,180	13,9	247,178	4,0	253	149
7371	32,50	3,0	36,23	0,4	298	149
7372	72,57	1,0	90,57	0,0	298	149
7375	86,140	2,0	184,154	2,0	248	149
7376	71,86	0,0	98,74	2,1	178	149
7377	7,12	2,1	11,14	0,1	178	149
7396	12,25	10,18	29,13	25,5	209	149
7397	15,16	42,53	22,22	56,65	199	149
7398	5,17	2,2	13,14	9,2	298	149
7399	158,200	1,5	236,161	10,2	251	149
7402	55,49	0,0	51,39	1,1	298	149
7403	646,714	0,2	1092,791	0,0	298	149
7404	897,869	1,0	1183,840	2,1	298	149
7405	1408,1321	2,9	1587,1184	1,0	250	149
7406	892,987	1,0	1546,1048	0,0	298	149
7411	4,11	4,1	13,10	6,2	298	149
7412	18,35	2,6	17,15	1,0	298	149
7420	2,3	12,17	2,5	17,13	229	149
7429	2,1	4,15	1,2	4,5	189	149
7449	7,8	0,1	12,4	0,0	298	149
7450	5,2	0,6	5,5	0,1	157	149
7452	2,1	3,7	0,0	0,1	151	149
7453	32,19	0,0	75,57	4,0	153	149
7454	140,189	5,2	373,241	2,2	153	149
7455	82,92	0,2	126,85	0,0	298	149
7459	22,12	292,343	7,4	450,317	184	149
7469	12,15	3,1	4,7	0,1	198	149
7476	2,7	2,3	5,3	1,0	298	149
7478	99,100	2,0	154,98	2,0	298	149
7479	16,18	0,5	15,3	1,1	298	149
7483	0,1	0,1	2,2	5,0	298	149
7484	131,164	0,2	181,164	3,2	298	149
7485	147,117	3,3	222,191	0,1	233	149
7486	32,24	33,25	31,33	43,35	298	149
7487	33,25	3,0	43,35	3,4	189	149
7488	1,1	0,0	1,1	2,0	187	149
7489	1,1	13,20	1,1	16,11	167	149
7490	1,1	0,0	1,1	1,0	203	149
7491	1,1	0,1	1,1	0,2	207	149
7492	0,2	13,20	0,0	16,11	153	149
7493	0,2	0,1	0,0	0,2	193	149
7494	13,20	0,1	16,11	0,2	189	149
7495	13,20	0,0	16,11	1,0	185	149
7496	0,0	0,1	1,0	0,2	153	149
7497	0,0	120,109	1,1	347,234	298	149
7498	26,11	0,0	22,5	2,0	298	149
7502	0,1	1,2	0,0	3,7	231	149
7506	7,5	21,36	11,5	34,26	298	149
7509	79,78	18,22	46,36	6,16	160	149
7510	177,206	3,9	139,97	8,4	298	149
7511	119,156	3,9	103,80	8,4	298	149
7516	8,5	116,187	12,4	308,197	151	149
7517	5,7	585,730	3,3	488,357	163	149
7518	11,9	568,615	12,5	461,329	188	149
7519	18,23	23,15	53,44	16,13	298	149
7521	5,6	17,32	8,6	37,18	298	149
7523	5,6	17,32	8,6	37,18	298	149
7531	0,1	18,16	0,0	25,29	159	149
7535	2,4	0,1	1,0	0,0	155	149
7540	1261,1610	0,1	2939,1850	2,0	161	149
7541	2938,3362	9,9	5623,4107	7,4	157	149
7542	6,9	1,0	3,10	0,0	193	149
7545	238,266	0,1	581,422	0,0	157	149
7546	28,23	4,1	68,34	1,0	157	149
7547	2,2	8,2	1,0	0,2	154	149
7548	3,2	182,185	2,0	362,274	189	149
7549	9,2	182,185	1,2	362,274	184	149
7553	1,3	128,124	2,8	158,108	153	149
7554	163,174	0,0	440,344	1,0	298	149
7557	388,408	16,14	772,573	38,24	199	149
7559	6,15	6,4	6,3	8,2	231	149
7563	254,266	0,0	485,311	1,0	298	149
7567	3,1	15,22	5,1	23,14	161	149
7571	1,1	6,1	0,2	0,0	298	149
7574	4,2	48,50	1,2	92,59	219	149
7576	0,2	41,38	0,0	65,57	203	149
7577	0,2	41,38	3,2	65,57	193	149
7578	41,38	1,1	65,57	4,3	298	149
7580	157,176	12,12	227,215	13,9	253	149
7581	14,14	57,41	16,7	110,64	164	149
7583	19,17	46,62	42,7	72,42	211	149
7585	10,10	9,5	24,14	11,7	298	149
7586	3,4	9,5	9,6	11,7	298	149
7587	4,4	10,9	11,8	24,14	298	149
7588	3,5	3,2	13,9	3,2	298	149
7591	170,158	32,42	283,198	12,9	275	149
7593	1,1	408,532	0,1	638,432	220	149
7594	73,149	0,1	107,57	0,1	298	149
7595	480,680	0,1	745,488	0,1	287	149
7596	227,269	0,3	343,250	1,0	207	149
7597	10,8	11,3	21,20	4,2	245	149
7611	1,3	1,4	6,3	12,3	153	149
7612	1,3	0,0	6,5	6,5	168	149
7613	2,3	2,0	6,5	0,0	180	149
7614	1,4	0,0	12,5	6,5	164	149
7615	2,4	2,0	12,5	0,0	176	149
7616	1,0	2,0	6,5	0,0	161	149
7618	302,410	28,27	430,323	12,27	298	149
7619	65,110	0,2	77,36	0,0	298	149
7625	3,9	37,42	1,1	88,61	298	149
7632	3,2	5,5	4,3	14,11	179	149
7635	1,0	15,15	0,0	35,30	153	149
7656	227,237	139,167	296,229	150,129	298	149
7657	226,230	8,1	300,231	1,4	298	149
7658	45,36	2,2	59,44	0,0	175	149
7659	302,294	2,2	391,305	0,0	182	149
7663	14,21	370,390	26,9	489,345	153	149
7664	2,9	370,390	6,5	489,345	169	149
7666	2,9	3,2	6,4	0,0	153	149
7674	22,30	0,2	34,30	0,0	209	149
7677	15,23	1,1	14,3	0,0	298	149
7679	13,19	134,147	21,14	229,151	174	149
7680	411,380	1,0	497,360	0,0	298	149
7681	5,2	561,633	8,2	1062,816	202	149
7682	471,500	4,7	767,521	8,5	298	149
7685	131,201	0,0	213,155	0,1	296	149
7686	11,7	114,127	5,2	131,96	177	149
7687	3,0	108,119	2,3	114,82	298	149
7690	3,2	2,3	3,2	3,0	298	149
7692	0,0	609,802	3,2	1488,951	298	149
7693	19,34	8,38	33,24	24,16	298	149
7694	628,836	8,38	1518,973	24,16	168	149
7695	9,42	3,1	29,18	0,0	298	149
7697	2,2	2,0	2,1	0,0	218	149
7698	2,2	3,5	4,1	4,7	218	149
7699	2,3	1,2	5,1	4,1	175	149
7700	0,1	1,4	4,2	0,3	175	149
7701	1,1	4,1	6,10	6,4	298	149
7705	3,11	1,3	23,3	3,1	245	149
7706	8,13	14,15	13,22	30,23	223	149
7708	1,0	3,2	0,0	3,1	154	149
7709	0,3	7,4	1,1	2,7	286	149
7711	2,1	2,0	0,1	0,1	251	149
7716	29,42	45,123	33,10	98,64	191	149
7717	90,95	3,4	55,48	1,1	230	149
7718	70,71	2,2	46,32	0,0	298	149
7719	17,6	78,89	5,5	48,44	291	149
7725	4,6	152,146	0,2	151,160	298	149
7726	117,100	35,34	114,91	25,24	298	149
7731	3,15	27,38	1,1	61,26	200	149
7732	45,79	2,0	106,56	0,0	298	149
7738	43,58	2,4	109,112	1,0	298	149
7739	4685,5820	64,73	10898,9119	19,24	298	149
7740	5,0	28,31	4,0	27,14	153	149
7741	6,1	0,0	4,0	1,1	179	149
7742	29,32	0,0	27,14	1,1	175	149
7744	67,91	0,3	105,70	0,0	298	149
7745	90,142	1,0	140,90	0,0	298	149
7746	6,14	5,6	2,0	9,1	157	149
7750	1250,1277	64,78	1203,1004	64,57	158	149
7751	16,26	39,55	18,25	32,19	165	149
7755	1,0	0,1	1,1	0,0	296	149
7771	46,40	7,15	83,64	14,16	169	149
7772	3,3	6,1	5,8	9,2	268	149
7773	37,35	0,3	50,28	5,0	189	149
7775	21,18	0,0	21,23	1,0	187	149
7777	819,933	3,1	1408,1033	2,0	164	149
7778	22,25	357,452	44,22	635,466	251	149
7783	6,4	1,5	11,6	3,6	168	149
7784	1813,2129	1,0	2818,2059	0,0	298	149
7785	2218,2575	0,0	3545,2569	2,0	167	149
7786	2279,2677	2,1	3683,2660	2,0	172	149
7787	61,102	2,1	140,91	2,0	154	149
7788	101,108	0,1	224,155	3,1	179	149
7789	221,221	30,39	454,363	81,52	179	149
7792	72,105	4,0	246,201	3,0	211	149
7793	79,86	0,4	172,129	9,9	197	149
7794	1,6	44,82	3,1	109,84	236	149
7795	2,4	44,82	6,4	109,84	298	149
7796	1,1	0,2	4,3	1,0	262	149
7798	2,7	33,32	5,1	36,19	159	149
7799	46,44	14,17	76,61	16,6	153	149
7802	8,14	235,261	27,11	393,318	196	149
7804	2,5	63,63	2,2	123,62	218	149
7813	633,643	42,31	1030,675	83,75	298	149
7819	9,11	10,1	18,17	6,1	158	149
7828	1,0	1,0	0,0	1,0	234	149
7829	90,125	2,0	121,57	2,0	298	149
7830	18,26	2,2	23,9	0,0	298	149
7831	20,32	1,1	34,38	0,0	172	149
7832	27,26	53,50	49,28	86,69	298	149
7833	0,1	2,11	5,3	11,4	197	149
7834	0,1	1,2	2,3	1,1	154	149
7839	2,0	3,15	1,0	17,7	235	149
7842	143,157	0,0	298,170	3,1	244	149
7844	2,1	169,177	2,0	284,189	184	149
7846	2819,2686	6,2	3784,2636	1,1	190	149
7847	2070,2160	24,32	2393,1723	16,13	174	149
7848	224,291	2,0	174,108	0,0	174	149
7849	853,783	1,0	1178,904	0,0	190	149
7850	21,13	8070,8541	11,14	13829,10017	202	149
7851	75,92	30,34	91,85	38,39	159	149
7853	598,777	5,11	941,707	18,14	192	149
7854	449,446	0,1	584,409	0,0	298	149
7855	26,20	223,284	13,17	281,128	236	149
7856	311,361	124,148	439,339	118,92	197	149
7857	191,209	39,23	207,158	12,8	197	149
7858	520,571	16,29	631,546	37,16	164	149
7859	157,145	346,473	197,127	711,523	286	149
7860	218,347	0,0	370,224	1,1	298	149
7861	11,20	138,159	16,10	219,181	230	149
7874	9,8	3,3	19,3	2,0	204	149
7882	2,0	97,78	0,2	143,65	267	149
7884	3,2	5,5	2,8	12,8	164	149
7888	11,23	0,2	10,5	1,0	160	149
7898	8,12	22,12	12,12	16,16	298	149
7908	0,0	0,1	5,0	0,0	248	149
7913	12,20	0,0	56,36	2,0	177	149
7916	115,119	0,1	141,93	0,0	180	149
7917	0,0	5,0	0,2	5,4	215	149
7918	1,0	96,97	0,2	96,85	224	149
7919	6,0	96,97	5,4	96,85	158	149
7934	29,37	5,7	30,12	2,1	198	149
7935	70,98	0,1	138,88	0,0	298	149
7937	2,3	7,5	6,3	12,3	153	149
7941	24,40	71,126	56,45	165,108	164	149
7942	12,11	14,9	16,11	14,23	164	149
7943	286,352	0,0	446,302	6,0	298	149
7944	200,234	0,2	385,273	3,0	298	149
7945	23,30	66,63	18,16	113,77	177	149
7946	70,66	336,364	92,77	643,421	170	149
7947	196,216	46,60	342,262	88,76	164	149
7948	297,332	6,1	461,363	2,1	291	149
7950	922,1239	0,4	1750,1350	0,0	193	149
7952	2,0	0,1	2,0	0,0	243	149
7953	76,73	4,0	59,69	0,0	298	149
7954	33,48	28,26	26,20	9,10	265	149
7956	71,74	28,43	61,36	48,42	179	149
7957	1,2	51,97	0,0	80,62	269	149
7959	9,5	7,6	2,3	9,4	188	149
7960	9,5	4,3	2,3	2,3	188	149
7961	9,6	1,1	2,3	0,1	188	149
7962	0,1	34,32	2,1	40,18	212	149
7964	4,6	4,2	1,0	5,1	162	149
7966	12,8	0,2	2,1	0,0	298	149
7970	0,1	1,3	1,0	0,0	153	149
7974	88,79	7,6	159,126	0,0	180	149
7975	332,356	149,168	648,473	267,198	180	149
7976	11,22	524,563	17,13	768,634	164	149
7979	5,6	261,234	2,2	248,188	181	149
7980	186,184	0,1	163,136	0,2	298	149
7981	187,172	1,0	216,142	0,0	298	149
7983	4,3	99,68	4,4	152,91	257	149
7984	2,3	99,68	2,4	152,91	298	149
7985	1,0	2,0	1,1	2,1	231	149
7986	14,10	62,79	2,2	110,71	298	149
7994	1,3	57,35	5,0	87,58	199	149
7996	0,0	43,77	1,0	132,121	295	149
8003	927,1028	28,37	1947,1559	62,43	232	149
8004	24,27	15,14	42,27	21,14	298	149
8005	0,1	165,163	6,1	249,175	154	149
8006	10,8	198,194	12,14	301,218	290	149
8007	2,4	167,195	1,1	319,220	154	149
8008	5,12	167,195	12,15	319,220	298	149
8009	3,10	0,2	12,15	0,0	298	149
8010	247,254	19,9	307,246	1,3	298	149
8011	71,108	2,4	80,34	0,0	298	149
8012	0,1	0,0	3,0	0,1	214	149
8018	323,315	2,4	443,304	4,2	230	149
8019	7,11	281,289	4,2	433,274	188	149
8020	357,353	3,2	524,342	0,0	192	149
8021	1,0	1,0	1,0	0,0	188	149
8022	0,6	1,0	0,0	2,0	167	149
8023	1,0	224,221	2,0	269,227	183	149
8024	4,0	143,149	5,1	169,135	298	149
8025	143,149	0,0	169,135	1,0	298	149
8029	2,1	43,43	6,2	79,56	245	149
8030	23,25	25,55	19,12	38,21	298	149
8032	1,2	4,2	1,2	2,2	298	149
8033	0,2	26,37	3,1	65,36	162	149
8034	5,3	1,0	11,3	0,0	216	149
8035	0,1	0,0	0,0	1,0	298	149
8037	6,4	1,0	18,8	0,0	298	149
8038	80,122	0,6	164,98	0,1	195	149
8040	15,9	202,195	4,1	406,288	298	149
8041	487,672	9,8	710,514	2,2	298	149
8042	163,260	4,2	193,141	0,0	298	149
8047	4,0	189,206	0,0	286,206	275	149
8048	163,181	5,4	223,114	3,6	197	149
8050	6,5	1,1	5,4	2,2	151	149
8051	448,534	1,1	780,531	2,2	155	149
8053	0,1	434,517	0,0	765,518	153	149
8054	0,0	508,559	1,1	799,590	159	149
8056	1,1	6,6	1,0	0,0	194	149
8058	202,291	1,2	362,245	0,0	298	149
8060	5,8	1014,1363	14,10	2599,1253	298	149
8061	4,0	0,5	0,5	2,1	162	149
8065	0,1	1,5	0,1	4,10	298	149
8067	25,27	5,0	41,16	0,0	298	149
8069	31,20	0,0	47,37	1,0	298	149
8070	2,2	7,5	4,2	6,8	267	149
8071	50,43	4,13	118,82	12,6	203	149
8075	1,0	19,13	0,2	40,17	249	149
8077	3,11	7,16	5,2	24,21	298	149
8091	5,15	2,7	12,14	3,5	180	149
8092	90,85	2,7	133,85	3,5	260	149
8094	44,56	0,0	82,25	2,1	298	149
8095	5,2	4,1	4,5	0,1	298	149
8096	227,202	0,0	263,231	2,0	213	149
8097	120,145	3,0	246,142	0,0	292	149
8098	243,273	13,18	507,312	22,11	292	149
8099	74,114	580,789	1,0	1,4	161	149
8100	368,437	2622,3481	3,0	18,16	173	149
8101	874,1112	2622,3481	3,4	18,16	161	149
8102	6,15	0,3	9,16	0,0	298	149
8104	10,5	49,56	14,10	84,70	163	149
8105	8,0	0,3	1,0	0,0	298	149
8108	26,30	173,226	22,22	303,242	216	149
8109	654,644	6,3	983,821	0,0	288	149
8110	5,4	2,1	4,4	0,0	235	149
8111	322,359	5,2	580,440	0,1	298	149
8112	433,390	2,6	605,422	1,0	298	149
8113	449,455	1,1	726,496	0,2	298	149
8114	340,335	4,1	665,463	0,0	298	149
8117	4,6	11,13	8,4	18,14	269	149
8118	0,0	2,0	2,0	0,2	298	149
8121	9,1	36,52	10,0	38,46	154	149
8122	0,2	0,5	0,0	12,0	169	149
8123	2,2	31,34	0,0	43,16	170	149
8125	0,2	5,6	6,6	18,12	230	149
8129	1,0	37,68	0,0	111,61	298	149
8130	4,7	68,61	29,11	87,62	176	149
8131	1283,1341	0,1	2592,1805	0,0	298	149
8132	1279,1335	0,2	2566,1788	0,0	298	149
8133	4,4	0,2	0,1	0,0	298	149
8134	1275,1383	0,2	2627,1856	0,0	298	149
8135	1499,1599	0,1	2753,2056	1,3	298	149
8136	768,848	0,1	1733,1311	0,0	298	149
8137	2,0	1094,1188	1,1	2346,1648	256	149
8140	1,0	1,2	1,2	0,0	171	149
8141	0,1	0,0	6,3	1,0	224	149
8143	18,38	0,5	12,15	0,0	298	149
8150	94,84	8,9	200,135	27,19	298	149
8151	7,5	0,0	11,8	4,0	223	149
8153	84,76	13,3	123,100	13,5	298	149
8154	58,71	0,4	112,82	0,1	151	149
8155	27,47	2,2	46,63	2,3	223	149
8156	4,10	20,8	14,8	14,15	248	149
8157	4,9	145,131	8,1	263,229	278	149
8158	1,2	6,1	4,0	9,4	278	149
8159	1,2	33,20	0,2	46,25	298	149
8160	2,0	18,12	1,0	26,19	266	149
8161	8,3	0,1	14,10	0,0	217	149
8162	7,3	2,0	12,11	1,1	217	149
8163	7,5	0,2	12,10	5,8	217	149
8164	144,144	32,28	319,231	70,34	164	149
8165	42,21	0,3	55,26	0,0	298	149
8166	78,55	0,0	133,79	1,0	298	149
8172	5,1	1,0	3,0	0,0	298	149
8179	6,17	0,2	34,30	1,0	161	149
8185	2,5	19,32	1,1	35,21	171	149
8186	35,55	1,1	74,35	1,2	298	149
8187	15,13	1,1	14,5	1,2	298	149
8188	2,4	22,44	0,0	60,30	251	149
8189	32,29	77,82	35,21	174,119	298	149
8191	0,1	0,3	0,0	3,1	153	149
8194	8,3	1,3	1,6	3,1	165	149
8196	1541,1765	6,3	3189,2409	3,4	166	149
8197	4,5	0,1	5,4	0,2	196	149
8198	19,19	2,4	14,7	0,1	175	149
8199	184,222	1,0	311,229	0,0	298	149
8202	58,75	0,0	166,80	3,1	153	149
8203	10,14	119,106	6,6	247,181	184	149
8205	10,11	0,0	15,6	2,0	158	149
8206	12,7	103,130	2,3	106,91	298	149
8208	0,4	7,10	2,0	11,6	161	149
8210	11,14	0,1	16,7	2,0	283	149
8211	46,53	16,15	20,16	8,5	217	149
8212	111,116	11,4	50,57	2,0	298	149
8213	113,128	2,5	53,52	2,4	298	149
8214	59,60	301,337	39,29	385,249	298	149
8215	211,248	1,5	418,318	12,0	181	149
8216	82,107	0,2	104,76	0,0	298	149
8217	63,75	0,2	71,58	0,0	298	149
8218	19,18	19,32	29,18	34,19	298	149
8219	26,33	19,32	44,32	34,19	298	149
8220	5,1	7,15	3,3	16,15	163	149
8221	117,138	0,0	133,117	2,0	298	149
8222	1,2	44,44	5,3	76,58	173	149
8228	2,2	19,9	3,3	33,26	167	149
8229	486,442	0,2	542,403	0,0	298	149
8230	36,33	0,0	60,23	2,0	154	149
8231	0,2	2,0	3,1	2,0	154	149
8232	4,2	0,1	4,9	0,0	173	149
8233	5,1	1,2	1,3	0,0	173	149
8234	10,9	0,0	21,8	0,2	172	149
8235	59,40	0,0	93,52	1,0	172	149
8237	12,21	0,0	38,35	2,0	232	149
8238	16,15	225,249	38,37	467,334	196	149
8239	290,300	14,18	501,375	13,17	298	149
8240	111,135	2,0	168,111	0,0	298	149
8241	155,138	5,5	216,159	0,0	298	149
8242	1,5	189,172	4,0	310,199	298	149
8250	1787,1787	263,241	1359,1051	213,167	227	149
8251	2474,2498	0,7	1907,1470	0,0	298	149
8252	1074,1056	0,7	857,650	0,0	229	149
8253	2838,2647	9,5	1933,1387	1,1	298	149
8256	0,0	356,503	2,0	654,389	278	149
8262	192,269	2,0	475,315	0,0	242	149
8263	1,0	20,20	0,2	21,13	298	149
8264	3,0	22,31	0,0	21,7	153	149
8265	61,76	1,0	80,59	0,0	298	149
8266	11,35	46,38	16,16	57,38	298	149
8268	2,2	3,6	0,1	11,11	180	149
8269	1,1	80,91	1,4	97,59	298	149
8272	2,0	39,30	0,0	59,48	298	149
8276	0,1	0,1	5,0	0,0	298	149
8278	321,321	1,2	499,384	7,2	298	149
8279	2,2	349,443	0,0	575,430	166	149
8280	28,16	211,222	16,15	299,172	298	149
8281	13,12	0,2	17,20	2,2	159	149
8282	12,23	3,2	19,4	0,0	168	149
8283	56,71	0,1	123,107	1,0	203	149
8288	0,2	215,208	2,2	407,263	195	149
8295	1,5	0,2	6,5	0,0	213	149
8301	1,6	1,0	2,0	0,0	241	149
8302	1,8	1,0	2,0	0,0	249	149
8303	2,10	1,0	8,5	0,0	298	149
8304	1,7	1,0	2,0	0,0	298	149
8313	4,0	20,42	2,0	51,41	298	149
8317	15,8	1,0	22,16	0,0	298	149
8319	22,26	5,3	34,14	0,3	175	149
8320	146,178	3,1	172,123	0,0	298	149
8321	774,875	2,5	1300,922	0,0	298	149
8323	20,30	1,3	27,14	0,0	226	149
8333	51,71	1,0	74,59	0,1	261	149
8334	55,83	0,7	108,82	4,4	195	149
8335	820,843	295,233	1550,1227	531,398	209	149
8336	265,282	2,0	489,394	5,2	209	149
8337	263,275	4,5	487,391	1,2	209	149
8338	999,992	1,2	2607,1821	4,3	298	149
8340	6,5	0,6	2,4	0,1	197	149
8342	13,12	0,0	17,12	4,0	161	149
8343	121,138	34,21	240,168	47,36	161	149
8344	1,2	151,230	7,2	392,297	153	149
8345	160,200	3,7	358,326	18,6	298	149
8346	9,11	1,0	13,15	1,0	298	149
8347	130,195	1,0	331,259	1,0	298	149
8348	123,184	2,0	319,244	0,0	298	149
8349	123,184	0,0	319,248	0,1	151	149
8350	1,0	0,0	6,7	0,1	155	149
8351	1,0	123,184	5,3	318,244	153	149
8355	1,3	399,397	1,5	710,560	153	149
8356	13,14	63,100	25,17	75,47	239	149
8357	16,14	251,233	20,24	433,354	222	149
8359	3,9	99,90	4,6	105,80	229	149
8363	11,18	377,422	6,6	371,356	161	149
8364	14,16	2837,2853	30,20	4043,3621	153	149
8365	92,73	29,26	97,74	49,24	155	149
8366	0,0	23,51	1,0	93,47	178	149
8367	11,15	23,51	18,14	93,47	197	149
8368	11,15	0,0	18,14	1,0	168	149
8369	0,3	0,1	1,0	0,0	164	149
8371	1,1	1,2	2,0	0,0	173	149
8373	457,429	0,1	830,647	0,0	169	149
8374	1,6	376,310	2,3	637,475	163	149
8375	572,582	2,0	994,839	0,0	182	149
8376	11,14	294,335	30,18	561,456	224	149
8377	472,432	3,0	973,677	10,0	198	149
8378	440,398	0,1	896,645	0,0	182	149
8379	32,35	3,0	77,32	10,0	165	149
8384	84,98	0,1	139,67	0,2	244	149
8385	346,381	51,56	495,319	93,54	244	149
8387	53,38	10,8	88,60	6,7	276	149
8394	160,287	193,173	444,254	433,262	215	149
8395	734,822	1,0	1409,1006	1,0	298	149
8396	241,352	0,0	822,464	0,1	298	149
8398	1279,1499	5,6	2123,1818	4,2	152	149
8402	3,1	0,0	2,1	1,0	165	149
8403	2,0	1,3	0,0	5,1	298	149
8410	8,9	326,300	5,0	738,499	173	149
8411	138,159	1,0	262,183	0,0	298	149
8412	5,1	87,103	2,1	172,112	153	149
8416	15,16	0,3	17,12	0,0	197	149
8421	2,4	2,1	5,2	0,0	154	149
8422	1,3	37,49	2,3	59,61	154	149
8426	168,191	0,1	210,119	1,0	298	149
8427	50,53	40,42	65,39	33,26	298	149
8435	13,9	344,390	16,17	999,720	290	149
8437	809,985	0,1	1737,1325	3,0	152	149
8438	0,2	421,442	13,2	747,526	298	149
8440	62,46	33,19	44,31	24,19	230	149
8441	11,11	400,430	21,22	930,654	169	149
8442	8,7	157,173	10,4	313,222	169	149
8443	171,162	13,18	281,190	8,7	298	149
8445	3,9	1,1	2,4	0,0	298	149
8446	0,4	1,1	0,1	0,0	298	149
8447	3,8	0,3	2,3	0,0	169	149
8452	1607,1740	7,4	2110,1740	1,1	298	149
8453	1575,1815	1,1	2896,1970	0,0	170	149
8454	1,1	1255,1331	2,0	2221,1600	153	149
8455	2271,2370	0,4	4025,2825	0,0	298	149
8458	1,20	0,0	11,12	2,0	236	149
8459	13,15	1,0	23,24	0,0	298	149
8460	2,17	6,5	12,11	4,6	236	149
8461	14,32	59,36	31,16	51,31	236	149
8464	3,1	163,166	7,5	362,326	170	149
8466	4,2	33,80	5,0	94,70	245	149
8468	107,117	0,1	210,161	1,3	298	149
8469	7,9	1,0	27,19	0,0	298	149
8474	270,275	6,7	309,263	14,8	260	149
8479	4,13	2,11	2,4	5,0	240	149
8480	16,19	172,166	9,9	181,104	291	149
8481	11,22	1,1	8,8	0,0	291	149
8482	0,4	34,41	4,0	41,37	162	149
8487	5,1	652,778	1,4	1142,827	164	149
8488	772,906	7,10	1320,989	5,9	172	149
8489	603,662	0,2	1230,888	2,0	298	149
8490	15157,16769	1,2	25548,18717	0,0	298	149
8491	0,1	0,1	0,0	1,0	211	149
8500	361,296	186,210	362,248	216,154	161	149
8501	132,159	6,4	151,123	11,1	298	149
8503	1,0	59,47	2,0	82,72	231	149
8504	2,0	32,26	6,3	30,38	153	149
8505	3,7	8,6	4,10	10,12	260	149
8506	20,19	12,13	28,23	26,31	298	149
8507	26,25	12,13	38,35	26,31	298	149
8508	0,0	7,9	3,1	8,5	153	149
8509	20,19	0,2	28,24	0,0	298	149
8510	35,37	15,5	62,51	20,7	298	149
8511	1,3	10,11	0,1	22,19	205	149
8512	35,58	0,1	86,71	0,0	298	149
8514	37,58	2,2	86,71	5,2	298	149
8515	27,27	6,0	36,44	3,0	298	149
8516	351,341	12,11	451,302	2,2	298	149
8519	10,5	383,415	7,8	854,658	156	149
8521	51,57	2,2	9,7	0,0	153	149
8522	1,0	1,0	0,3	0,0	171	149
8523	1,0	2,5	0,3	7,0	171	149
8528	156,145	0,0	333,259	2,0	298	149
8531	302,290	117,139	529,383	230,133	251	149
8534	1,5	0,3	4,0	2,0	298	149
8535	191,291	1,2	408,298	3,0	250	149
8536	14,4	3,5	5,9	1,1	298	149
8537	594,589	2,2	858,601	0,1	298	149
8539	14,21	1,4	23,8	0,1	298	149
8543	0,2	1,0	5,1	0,0	159	149
8546	14,14	37,49	21,11	54,18	298	149
8547	69,61	21,5	101,65	23,14	173	149
8548	97,78	2,2	92,53	0,1	255	149
8550	10747,11032	2,2	28148,21221	3,3	233	149
8551	43,32	0,2	57,37	0,0	153	149
8552	45,27	23,21	54,35	29,37	161	149
8554	263,270	8,8	386,273	0,0	298	149
8555	22,20	1,0	26,20	0,0	298	149
8556	284,229	10,11	301,269	3,2	298	149
8558	1296,1295	1,1	2488,1864	0,0	186	149
8559	1141,1131	27,35	2009,1619	17,8	298	149
8560	269,262	5,8	466,358	12,9	186	149
8561	1410,1381	5,8	2467,1968	12,9	298	149
8562	1141,1124	0,4	2003,1611	2,1	298	149
8563	7,8	872,951	10,8	1366,1077	298	149
8564	848,897	8,14	1322,1096	2,1	298	149
8567	6,7	0,5	10,11	12,4	278	149
8568	1206,1271	1,0	1740,1245	1,0	298	149
8571	160,174	2,0	354,206	2,0	176	149
8576	214,216	4,2	239,207	1,4	298	149
8578	61,60	148,154	106,57	276,149	298	149
8579	7,14	832,965	22,6	1373,1097	174	149
8581	36,26	6,3	32,26	4,2	153	149
8583	0,0	7,10	2,1	14,10	156	149
8596	0,0	16,24	0,2	29,11	162	149
8601	15,11	0,0	10,9	2,0	284	149
8602	343,360	1,5	538,429	1,0	298	149
8603	9,4	553,551	9,7	859,625	156	149
8604	321,352	2,2	539,356	2,2	298	149
8605	93,115	121,157	114,74	255,127	298	149
8613	48,66	3,2	120,97	0,0	165	149
8615	85,99	0,0	78,51	0,2	298	149
8616	46,62	54,47	36,26	45,24	298	149
8617	2999,3137	295,317	5338,3651	458,308	162	149
8618	255,313	10,9	460,286	5,7	162	149
8619	2710,2847	0,1	4807,3569	0,0	298	149
8620	40,61	1115,1204	47,9	1554,1072	172	149
8626	11,15	2,0	12,6	2,0	211	149
8627	26,35	2,0	32,10	2,0	281	149
8630	2,1	4,2	2,1	2,2	298	149
8631	2,2	41,28	0,0	26,32	159	149
8641	7,4	90,102	7,1	143,104	298	149
8642	99,113	4,0	213,162	2,1	298	149
8643	182,192	0,0	226,203	0,1	298	149
8644	1,2	0,1	1,0	0,0	186	149
8645	5,13	1,3	12,7	1,0	189	149
8646	244,344	4,10	444,273	2,2	234	149
8647	121,138	14,15	151,133	14,12	263	149
8649	39,45	78,76	71,55	143,115	179	149
8650	65,68	31,8	119,76	75,24	230	149
8651	104,99	31,8	191,136	75,24	200	149
8652	82,105	19,33	103,95	47,35	298	149
8654	8,6	133,114	4,5	185,98	153	149
8655	604,613	0,1	1484,980	1,0	298	149
8656	1,9	468,454	2,2	625,450	271	149
8660	207,215	0,1	320,211	1,0	164	149
8664	6,3	71,60	2,1	45,33	151	149
8668	52,83	0,1	49,50	0,0	230	149
8669	0,4	51,48	10,1	48,42	212	149
8670	5,10	48,29	5,6	44,39	277	149
8672	0,3	2,9	1,2	1,2	298	149
8675	0,3	1,0	0,0	2,0	153	149
8676	88,89	1,0	129,95	0,0	298	149
8678	2,9	0,2	14,12	1,0	186	149
8679	14,25	0,2	22,8	1,0	244	149
8680	12,19	0,3	13,6	5,10	207	149
8682	17,14	94,102	16,3	202,153	207	149
8683	1791,1823	3,2	4283,3298	0,1	298	149
8685	1,3	86,125	3,4	158,98	236	149
8686	15,8	2,5	10,4	5,3	263	149
8689	32,63	1141,1402	17,16	1056,659	274	149
8690	2049,2253	2,1	1828,1264	0,0	298	149
8691	152,164	2160,2338	21,15	1879,1409	298	149
8695	97,119	0,3	179,141	1,0	298	149
8696	0,2	97,116	1,0	256,150	161	149
8699	187,259	1,0	252,134	4,3	212	149
8700	21,15	458,592	45,26	765,570	155	149
8702	232,199	0,12	376,271	2,0	298	149
8703	712,780	0,0	1068,740	0,1	179	149
8704	4,8	3,4	13,12	4,2	168	149
8705	34,30	31,34	109,70	80,42	168	149
8711	4,13	4,4	3,0	0,1	195	149
8713	62,47	4,6	82,53	2,5	169	149
8714	2,5	3,2	17,7	4,0	259	149
8715	7,8	0,0	5,5	1,0	246	149
8716	142,142	124,162	15,16	14,11	254	149
8718	3,8	0,6	6,6	2,2	298	149
8719	1,3	5,0	3,7	7,2	298	149
8720	2,2	2,0	1,3	0,0	183	149
8722	6,8	2,0	19,11	4,1	252	149
8725	1,0	2,1	2,0	9,5	159	149
8726	0,0	30,20	1,0	48,46	153	149
8730	7,4	1,0	11,2	4,0	273	149
8735	0,0	5,8	1,0	7,2	173	149
8739	2,4	181,256	3,6	349,225	159	149
8740	73,61	44,53	61,48	46,23	158	149
8757	118,103	0,0	159,129	2,0	298	149
8759	1585,1871	182467,192992	2801,2089	325943,250282	155	149
8760	201,279	5,8	227,187	24,20	151	149
8761	135131,151101	3,2	221904,173082	1,0	298	149
8762	1779,2073	0,2	3011,2258	0,0	298	149
8763	22,17	556,590	21,7	382,256	298	149
8764	135,102	41,27	85,73	15,5	298	149
8765	151,102	1,3	84,66	0,2	220	149
8766	151,105	80,124	84,67	43,31	224	149
8767	1,6	80,124	0,3	43,31	153	149
8771	2,8	0,0	3,2	0,2	217	149
8775	32,49	2,13	51,30	7,0	153	149
8776	5,7	0,0	0,5	0,1	228	149
8781	75,88	292,309	74,81	351,252	282	149
8782	18,10	296,261	11,14	458,271	155	149
8783	276,243	0,5	208,141	6,0	298	149
8786	173,175	8,14	331,256	21,5	298	149
8788	204,194	1,3	156,139	2,0	268	149
8805	1,0	262,333	1,0	489,316	298	149
8808	7,21	107,132	11,3	163,181	298	149
8809	141,178	0,2	276,133	0,2	298	149
8810	0,0	77,99	2,0	120,99	153	149
8811	1,0	139,132	0,0	182,151	169	149
8813	162,128	174,160	138,120	244,169	155	149
8815	167,151	1,0	128,99	0,0	205	149
8819	9,9	0,2	13,10	2,4	298	149
8820	11,11	0,2	23,13	2,4	298	149
8821	3,9	0,1	12,3	1,0	268	149
8826	9,8	0,2	12,10	2,4	297	149
8827	9,8	0,2	12,10	2,4	298	149
8837	10,8	2,1	12,11	0,1	298	149
8838	9,8	2,1	12,10	0,1	298	149
8839	9,8	2,1	14,10	0,1	298	149
8842	1,6	1,0	3,0	0,1	268	149
8845	3,6	0,0	1,0	0,1	268	149
8846	9,8	1,0	12,10	0,0	298	149
8847	0,0	2,2	0,3	0,0	200	149
8849	3,3	21,35	5,2	38,30	241	149
8862	141,140	3,2	204,163	0,4	298	149
8868	230,275	3,0	384,239	0,0	298	149
8869	262,261	9,1	478,308	4,2	298	149
8870	126,129	0,2	162,111	0,1	298	149
8871	69,130	46,70	156,89	95,88	164	149
8872	2,0	56,77	0,0	85,74	160	149
8874	280,348	1,1	544,379	0,0	188	149
8876	510,503	12,7	783,571	1,3	298	149
8877	511,559	7,5	722,619	12,6	160	149
8879	0,1	1,2	2,1	2,1	159	149
8881	3,6	1545,1849	2,3	4234,3218	298	149
8882	17,16	15,25	6,5	29,18	298	149
8883	10467,11286	0,2	21183,15983	0,0	298	149
8889	23,48	8,7	29,24	9,1	298	149
8890	16,19	1075,1086	18,5	1248,1128	247	149
8891	23,21	1075,1086	22,7	1248,1128	298	149
8892	29,27	4,5	26,12	6,1	298	149
8893	8,16	11,16	17,11	10,6	165	149
8894	2,1	50,45	2,0	57,47	183	149
8895	302,275	0,1	264,167	0,0	298	149
8897	40,80	0,2	30,21	0,0	298	149
8907	11,14	210,306	16,12	592,439	298	149
8912	1,4	3,1	1,0	16,12	216	149
8914	318,355	1,0	557,453	0,5	176	149
8917	6,0	0,1	14,3	0,1	265	149
8921	4,0	0,0	0,0	0,1	251	149
8922	0,0	0,8	2,0	2,2	298	149
8923	0,0	0,8	2,1	2,2	281	149
8924	2,0	36,41	0,0	28,27	242	149
8925	51,66	2,6	47,24	6,6	176	149
8927	3,1	17,22	4,1	11,19	161	149
8929	0,1	12,8	0,0	8,3	177	149
8936	18,20	0,2	17,10	0,0	227	149
8940	0,3	9,11	3,2	9,3	153	149
8941	10,11	2,1	12,12	1,0	298	149
8942	10,4	10,13	3,4	12,12	153	149
8943	5,4	1,0	2,5	2,0	198	149
8944	4,10	465,518	11,3	1114,822	162	149
8945	217,246	1,2	244,153	0,0	298	149
8947	0,2	0,1	1,0	1,1	241	149
8949	183,142	0,1	248,182	0,0	298	149
8950	4,3	99,62	5,3	167,107	153	149
8961	0,0	0,1	0,2	0,0	160	149
8974	9,10	30,43	9,5	51,38	169	149
8975	17,20	21,27	20,23	38,20	298	149
8976	9,11	24,38	9,8	43,26	204	149
8977	2,2	33,49	3,2	47,28	227	149
8978	7,13	1,0	12,13	2,0	153	149
8980	35,48	1,5	47,38	3,3	207	149
8982	127,205	2,5	129,98	0,0	213	149
8983	0,0	11,32	5,0	54,31	151	149
8985	39,54	8,0	59,37	1,0	298	149
8986	1,0	14,16	0,0	31,22	184	149
8988	5,4	9,10	2,0	3,2	163	149
8989	0,2	67,141	0,1	183,125	163	149
8990	4,4	24,33	5,7	32,24	194	149
8996	22,27	10,7	0,4	0,2	197	149
8997	809,784	1,0	1186,964	0,0	298	149
8998	43,67	2,4	39,45	0,1	298	149
8999	556,519	0,0	717,622	4,0	298	149
9005	191,197	0,1	352,248	12,2	298	149
9006	2,0	2,3	0,2	1,0	251	149
9007	10,15	0,0	7,11	0,1	298	149
9011	1,2	4,1	1,0	0,3	160	149
9014	0,1	21,20	1,1	27,19	194	149
9017	1,2	0,0	0,0	0,2	153	149
9018	14,7	0,0	16,8	0,2	220	149
9026	22,10	5,1	22,9	11,4	220	149
9027	2,6	5,1	6,5	11,4	153	149
9028	21,8	1,4	22,9	6,5	216	149
9038	2,2	5,1	0,0	11,4	159	149
9039	1,0	1,4	0,0	6,5	155	149
9046	16,7	2,2	17,8	2,2	220	149
9047	15,5	0,0	17,8	3,0	216	149
9050	1,2	2,2	3,0	2,2	153	149
9052	29,35	2,0	56,41	0,0	280	149
9053	21,26	0,0	34,26	0,1	280	149
9056	57,51	5,9	120,78	2,2	158	149
9057	56,49	1,2	117,80	1,0	158	149
9058	54,51	8,8	117,78	0,0	158	149
9061	1,0	7,7	0,0	7,9	153	149
9062	0,3	5,5	2,2	2,1	153	149
9063	1,3	82,152	3,6	145,77	154	149
9064	8,21	0,2	6,7	2,2	166	149
9065	89,170	0,2	148,78	2,2	161	149
9069	0,1	30,25	0,0	36,34	237	149
9070	0,4	50,38	3,1	69,36	247	149
9071	3043,3258	12,12	5211,3749	15,10	298	149
9072	448,452	2475,2630	498,341	3283,2365	298	149
9073	335,380	2,7	453,349	1,4	219	149
9074	2831,2833	2,0	3227,2304	0,0	298	149
9075	460,468	6,15	514,356	6,5	298	149
9078	118,157	1,0	238,167	0,0	180	149
9079	17,26	0,1	81,31	4,2	180	149
9080	515,655	0,1	681,501	4,2	298	149
9081	503,648	1,10	609,476	6,2	298	149
9082	129,138	4,2	86,74	1,0	298	149
9083	622,612	6,2	461,410	0,0	298	149
9084	59,62	6,2	37,31	0,0	298	149
9085	16,17	2,0	30,27	0,0	298	149
9087	8537,8593	56,69	16168,11676	84,56	209	149
9090	339,374	1,0	898,579	7,2	164	149
9091	38,38	2203,2504	35,15	4313,3341	207	149
9092	3557,3976	0,0	6965,5672	0,1	298	149
9093	89,109	3472,3880	98,62	6874,5631	234	149
9094	14,17	162,135	12,16	296,229	230	149
9096	1147,999	1046,936	1226,968	962,713	298	149
9098	27,26	134,151	30,18	344,252	268	149
9109	2,1	83,112	1,0	140,120	195	149
9110	2,0	145,270	1,2	220,161	159	149
9112	0,1	10591,11341	0,0	25716,17255	279	149
9113	138,173	14774,15914	463,299	39403,27212	176	149
9117	0,0	3,4	1,0	1,1	298	149
9120	0,0	1,3	2,0	2,3	298	149
9123	239,250	5,0	292,204	0,0	177	149
9124	132,165	2,0	170,103	0,0	298	149
9128	6,4	0,2	4,2	0,0	204	149
9131	7,4	17,13	9,5	39,22	298	149
9134	2,1	2,0	2,2	0,0	298	149
9135	2,1	2,0	2,0	0,0	298	149
9139	2,2	0,0	0,1	4,1	298	149
9144	81,66	0,4	107,79	4,2	195	149
9145	355,407	8,2	626,398	9,0	155	149
9146	211,267	144,134	339,202	170,137	176	149
9147	122,140	64,59	176,138	77,79	176	149
9148	83,121	28,33	137,98	20,14	176	149
9155	2,0	33,42	3,0	69,51	211	149
9156	61,70	0,2	120,95	0,0	245	149
9158	63,91	2,0	101,99	0,0	243	149
9160	9,10	0,0	15,4	0,1	211	149
9161	2,4	0,1	1,3	0,0	196	149
9162	4,6	0,1	5,3	0,0	298	149
9165	1,4	57,73	5,4	113,77	152	149
9167	48,38	2,4	43,22	3,0	298	149
9173	0,1	73,80	3,2	139,115	182	149
9174	6,8	2,0	11,5	1,0	172	149
9175	2779,2964	4,4	2660,2091	0,1	298	149
9176	1276,1290	0,5	2450,1815	3,4	298	149
9179	3,6	135,116	1,2	136,76	154	149
9184	35,45	0,0	61,40	0,1	298	149
9188	316,323	0,1	322,301	1,0	298	149
9189	8,1	0,4	5,2	3,0	287	149
9190	6,1	0,0	5,3	1,0	287	149
9191	0,0	114,106	0,1	268,164	227	149
9193	0,1	24,33	3,3	44,26	203	149
9194	6,11	3,6	19,14	4,10	262	149
9195	30,43	3,6	60,37	4,10	208	149
9197	6,11	0,2	16,11	0,2	208	149
9201	75,59	4,8	99,79	0,6	181	149
9202	102,68	1,11	153,116	2,7	298	149
9203	65,47	10,3	99,79	5,6	298	149
9204	83,89	3,3	144,99	4,9	153	149
9205	13,10	0,1	25,19	0,0	185	149
9206	94,135	52,82	219,141	103,98	185	149
9208	0,2	24,14	2,0	33,39	153	149
9211	3,1	0,5	7,0	7,4	155	149
9213	5,10	2,0	6,4	1,0	176	149
9219	0,0	0,3	2,3	1,4	197	149
9222	1,7	4,10	2,1	11,4	298	149
9223	75,65	4,3	85,70	5,15	235	149
9224	111,129	2,2	151,142	2,4	154	149
9225	0,0	1,3	1,0	1,0	153	149
9227	80,65	7,13	112,89	14,14	187	149
9232	5,4	44,53	17,7	85,61	201	149
9237	117,110	1,0	151,160	0,0	298	149
9238	108,106	8,8	217,169	7,1	298	149
9239	0,5	6,13	13,4	14,12	189	149
9240	430,490	688,799	728,580	1549,1158	167	149
9241	44,67	3,8	77,47	11,6	179	149
9242	3,0	153,138	1,3	127,94	273	149
9243	1,0	0,0	0,0	1,0	298	149
9249	2,9	64,60	15,5	87,65	170	149
9250	24,25	64,60	35,24	87,65	298	149
9251	23,22	1,6	30,22	10,3	298	149
9253	6,23	38,39	6,5	56,29	261	149
9257	0,0	24,73	0,1	30,19	158	149
9259	16,21	0,0	9,11	1,0	298	149
9262	47,47	4,2	29,28	1,1	226	149
9267	366,372	138,98	537,386	216,119	194	149
9268	127,116	2,6	185,113	5,2	194	149
9269	437,443	0,0	667,407	0,2	277	149
9270	460,470	34,18	660,531	37,22	187	149
9274	0,0	958,1096	2,1	1961,1310	164	149
9275	1250,1428	2,0	2572,1851	0,0	298	149
9276	3235,3453	4,0	5961,4087	0,1	298	149
9277	1261,1241	0,0	1844,1567	1,0	298	149
9278	88,63	1,0	57,77	0,0	298	149
9279	1546,1525	1,0	1992,1670	0,0	298	149
9280	1521,1542	1,1	1994,1630	0,0	298	149
9282	301,354	2,0	506,352	0,0	298	149
9283	5,3	1,0	8,1	0,0	298	149
9284	281,303	4,3	504,344	1,1	298	149
9285	463,422	0,0	797,573	0,1	186	149
9287	0,0	4,10	2,0	9,3	163	149
9288	8,10	451,472	7,8	749,513	298	149
9294	1,0	9,8	0,0	4,3	298	149
9300	94,118	1,2	113,90	4,1	298	149
9301	3,5	2,0	5,0	0,0	264	149
9302	1,0	0,1	0,2	0,2	152	149
9303	0,1	64,66	0,0	93,38	201	149
9304	282,254	0,1	468,325	3,0	278	149
9305	18,17	1497,1514	26,21	1868,1460	197	149
9306	8,9	1358,1344	3,3	1745,1350	157	149
9307	1227,1254	10,9	1726,1218	5,0	169	149
9308	1115,1122	70,62	1564,1095	20,19	298	149
9309	1462,1644	0,4	2018,1488	0,0	170	149
9312	536,603	3,6	669,483	13,10	258	149
9313	22,33	3,1	42,37	0,0	220	149
9316	1,0	0,0	3,0	6,6	190	149
9325	5,7	1,1	5,7	0,0	159	149
9326	53,78	2,13	114,91	3,2	155	149
9327	53,78	17,18	114,91	14,7	159	149
9328	2,13	17,18	3,2	14,7	153	149
9329	21,15	57,71	13,9	88,48	172	149
9330	241,267	1,0	199,124	0,0	298	149
9332	5,10	3,0	15,9	2,0	298	149
9333	2,6	3,0	4,6	2,0	222	149
9338	19,28	669,812	25,11	1405,948	232	149
9342	42,50	11,38	47,30	38,14	161	149
9344	9,18	6,4	7,5	5,4	208	149
9347	5,12	17,17	12,16	64,43	168	149
9349	2,3	216,208	15,1	311,275	158	149
9352	1,0	21,26	2,2	23,19	247	149
9356	144,132	0,0	230,216	1,0	153	149
9358	0,0	161,187	1,1	336,216	253	149
9359	234,178	1,0	300,216	0,0	298	149
9361	776,958	0,1	2207,1450	0,0	239	149
9362	13,16	4,3	23,23	0,3	157	149
9363	13,16	2,0	23,23	7,4	157	149
9364	51,51	2,0	91,72	7,4	269	149
9365	38,35	0,0	69,49	1,0	261	149
9366	16,18	417,452	23,23	839,589	157	149
9367	66,61	417,452	122,91	839,589	298	149
9368	54,45	3,2	100,68	1,0	298	149
9369	53,56	0,1	45,37	0,0	184	149
9377	6,11	75,91	12,9	135,90	281	149
9378	22,11	331,289	5,4	294,250	286	149
9379	85,51	5,4	120,101	6,3	298	149
9380	2,3	11,21	1,0	27,22	211	149
9381	19,28	11,21	34,22	27,22	191	149
9382	107,147	0,0	303,185	0,1	298	149
9383	113,152	2,1	309,191	0,0	298	149
9385	6,2	87,67	6,2	172,111	203	149
9386	1,9	0,3	3,1	0,0	217	149
9387	3,14	124,109	3,0	209,155	217	149
9392	41,45	0,2	71,69	3,0	298	149
9395	0,0	153,212	1,0	309,201	154	149
9396	146,148	3,9	136,113	5,0	223	149
9399	2,0	2,7	2,1	9,4	282	149
9400	1,0	1,1	1,2	2,0	298	149
9403	2,0	7,0	3,2	2,0	298	149
9404	2,0	7,0	4,2	2,0	298	149
9406	16,17	18,26	15,17	24,23	260	149
9407	16,18	31,19	15,17	31,16	260	149
9408	120,135	31,19	176,101	31,16	298	149
9409	106,126	0,1	168,87	0,0	298	149
9411	0,4	0,0	0,1	2,0	156	149
9412	7,6	14,16	21,4	35,24	178	149
9413	18,20	2,0	32,40	1,0	200	149
9415	3604,3670	10,22	6733,5191	33,28	257	149
9416	0,2	1,0	3,3	5,0	153	149
9417	35,43	0,1	40,47	0,0	298	149
9419	12,20	0,0	15,16	1,0	243	149
9420	8,7	1,2	11,10	1,0	243	149
9422	0,9	1,1	2,0	0,0	298	149
9423	590,655	0,2	953,658	0,0	298	149
9424	365,359	0,1	525,369	0,0	298	149
9425	2,6	223,344	0,1	396,270	169	149
9426	148,166	143,182	198,124	148,131	152	149
9429	23,33	0,0	25,32	1,0	165	149
9434	1,0	0,2	0,1	0,4	298	149
9437	6,3	0,0	10,1	1,0	298	149
9438	1,22	0,1	17,10	0,0	298	149
9439	872,1167	0,1	1886,1222	0,0	298	149
9440	1376,1518	0,0	3515,2329	1,0	298	149
9441	30,21	18,19	25,18	40,23	298	149
9443	5,9	3,4	14,7	4,4	285	149
9444	150,146	0,0	556,377	2,2	291	149
9448	455,497	1,7	418,340	0,1	186	149
9449	9,8	0,0	8,3	3,1	289	149
9451	197,158	0,3	269,214	2,5	188	149
9452	68,79	0,3	128,99	2,5	298	149
9453	22,40	150,115	51,36	191,151	266	149
9454	54,59	2,2	147,116	0,0	298	149
9456	0,6	25,71	0,3	38,26	298	149
9458	110,137	4,5	214,137	8,4	160	149
9461	21,13	0,0	44,26	0,1	151	149
9462	13,7	1,2	11,24	1,0	298	149
9463	21,10	329,318	13,25	542,429	298	149
9465	413,436	0,2	850,575	4,0	298	149
9466	9,7	329,318	4,4	542,429	193	149
9468	414,438	0,2	851,575	4,0	295	149
9470	734,749	0,2	1389,1000	4,0	251	149
9471	311,307	0,2	556,384	4,0	221	149
9472	566,579	4,9	1182,830	8,12	151	149
9473	9,14	3,1	19,23	8,4	259	149
9474	1,5	1,3	6,7	0,0	178	149
9475	8,15	581,588	20,23	1186,789	259	149
9476	11,4	0,2	8,3	0,0	229	149
9477	10,7	2,0	2,0	0,0	298	149
9479	1,1	10,3	2,4	5,21	186	149
9480	0,1	1,0	1,0	2,0	181	149
9481	0,1	1,0	1,0	2,0	298	149
9483	4,1	3,3	1,2	5,9	298	149
9484	1,0	0,0	2,0	0,2	153	149
9488	48,67	0,0	121,72	0,1	298	149
9489	72,93	0,0	133,104	1,2	181	149
9490	6,0	1,2	4,0	0,0	213	149
9492	28,30	3,0	51,37	0,2	271	149
9493	8,11	0,0	28,15	2,0	298	149
9494	1827,1864	110,98	3221,2570	183,122	226	149
9495	554,568	0,0	966,734	0,1	203	149
9496	1222,1332	0,1	2197,1732	2,2	203	149
9497	555,568	0,1	966,737	2,2	298	149
9498	1,1	668,765	1,3	1232,998	298	149
9509	101,131	2,0	172,121	0,0	298	149
9510	122,136	9,6	195,117	11,7	295	149
9511	223,228	9,8	300,192	9,4	295	149
9513	11,21	0,2	11,9	0,2	298	149
9514	28,20	3,0	11,8	1,0	298	149
9515	3543,4206	47,48	6244,4184	8,1	298	149
9519	0,1	51,54	0,3	73,65	161	149
9521	99,134	2,1	156,104	0,0	298	149
9522	28,35	47,50	49,18	44,27	298	149
9523	1,4	11,24	11,1	24,29	170	149
9524	11,18	0,7	34,16	7,2	238	149
9525	21,38	0,7	47,44	7,2	217	149
9529	3461,3577	0,0	4800,3247	3,0	278	149
9530	1720,1851	0,0	2330,1665	2,0	278	149
9531	3645,4004	0,0	5155,3439	2,0	298	149
9532	2017,2251	0,0	2874,1816	0,2	298	149
9534	73,95	157,153	130,79	250,138	275	149
9535	5,9	0,0	6,7	0,1	203	149
9536	3,8	11,14	12,3	10,3	153	149
9538	8,3	30,23	4,3	35,31	292	149
9539	4,7	21,33	5,8	45,38	161	149
9540	53,56	10,19	40,45	16,19	178	149
9541	89,106	7,6	79,62	3,5	263	149
9542	16,14	2,1	4,1	2,0	159	149
9543	82,101	0,3	87,72	0,0	269	149
9544	92,103	0,0	98,81	0,1	287	149
9545	10,5	0,0	11,9	0,1	167	149
9546	48,44	796,672	61,44	1356,974	287	149
9548	0,0	2,0	1,0	0,0	298	149
9550	1196,1327	11,11	2474,1837	0,0	298	149
9551	1208,1337	430,459	2490,1856	649,506	298	149
9552	5,4	1196,1327	5,5	2474,1837	240	149
9553	1906,1955	0,0	3637,2764	3,2	298	149
9554	2678,2886	0,1	5144,3907	0,0	252	149
9555	1091,1177	3,2	2065,1516	0,0	252	149
9556	1094,1179	0,1	2065,1516	0,0	252	149
9557	2024,1995	15,14	3580,2608	8,4	298	149
9558	7,11	2,4	5,2	0,0	298	149
9559	12,10	1,1	3,3	0,0	298	149
9561	3049,3214	4,1	5570,4114	2,2	290	149
9562	26,15	2,0	42,35	0,0	174	149
9563	1679,1525	0,0	2583,2021	0,1	298	149
9564	2,6	355,343	8,5	761,511	267	149
9569	69,110	9,14	85,58	6,12	201	149
9570	10,9	1,0	5,3	1,1	258	149
9571	12,11	37,66	10,4	41,27	258	149
9572	3,3	2,4	2,2	0,0	180	149
9573	150,143	0,0	243,190	6,6	197	149
9574	66,77	7,1	48,39	0,0	232	149
9575	63,73	22,30	198,107	81,48	194	149
9580	145,156	110,102	213,183	125,103	227	149
9582	946,954	4,5	1824,1409	9,6	172	149
9584	2,6	0,2	1,0	0,0	298	149
9587	45,35	21,15	42,23	13,11	194	149
9598	3,3	18,22	1,0	35,25	163	149
9600	87,66	209,270	145,111	425,301	155	149
9603	3,5	2,0	8,6	0,0	296	149
9606	169,136	4,6	336,268	4,4	288	149
9608	46,54	0,1	49,27	0,0	298	149
9609	59,60	2,2	82,62	0,0	298	149
9610	19,10	1,2	10,14	0,5	298	149
9611	6,6	13,18	2,8	46,17	298	149
9613	11,19	0,1	5,1	0,0	251	149
9614	1,0	9,17	0,0	14,16	153	149
9616	35,52	21,33	60,34	44,23	173	149
9622	19,10	2,1	21,11	0,0	298	149
9628	0,1	1,0	0,0	1,0	228	149
9631	99,135	0,1	3,5	0,0	263	149
9632	93,100	2,2	86,65	0,0	298	149
9633	178,186	0,1	295,214	0,0	298	149
9634	1,1	0,0	1,2	1,0	153	149
9635	6,9	174,196	15,16	274,179	153	149
9646	5,10	1196,1392	17,14	2719,1885	165	149
9647	41,44	43,56	42,32	61,56	298	149
9648	0,4	93,113	3,8	289,210	184	149
9651	174,176	1,2	269,252	7,1	298	149
9652	116,121	1,3	184,159	1,1	298	149
9658	165,195	171,222	321,236	470,312	218	149
9659	0,3	2,3	12,4	3,4	218	149
9660	44,69	0,6	83,49	1,0	201	149
9661	60,99	0,6	95,62	1,0	267	149
9662	1109,1232	6,12	2342,1625	4,3	213	149
9663	389,475	1,1	902,588	1,3	213	149
9664	1257,1396	1,1	2511,1823	1,3	298	149
9665	878,924	3,2	1621,1242	3,2	298	149
9667	0,1	2,0	0,0	2,0	272	149
9670	9,8	6,2	13,17	8,3	160	149
9671	3,11	42,33	11,7	49,35	298	149
9681	1,0	8,10	4,0	4,7	158	149
9682	7,19	53,45	9,2	16,23	158	149
9685	0,5	21,18	0,2	46,41	224	149
9686	0,0	4,1	2,3	4,1	278	149
9687	58,84	0,1	114,70	0,0	298	149
9688	60,80	2,0	115,72	0,0	298	149
9689	79,117	7,13	186,109	12,21	298	149
9690	4,8	5,15	1,11	8,11	298	149
9691	0,1	0,2	0,0	1,0	209	149
9695	914,1062	55,58	1324,898	67,44	158	149
9698	83,80	0,0	84,54	2,0	158	149
9701	18,22	0,2	22,14	1,3	298	149
9702	4,0	2,0	3,2	0,0	298	149
9703	1,2	435,523	4,3	783,594	298	149
9704	1,13	303,527	7,4	701,412	298	149
9711	17,7	71,75	15,8	69,54	153	149
9712	32,21	259,268	22,13	244,169	161	149
9716	9,12	35,44	10,11	40,32	260	149
9722	56,99	20,20	95,82	28,18	167	149
9723	3,14	20,20	16,11	28,18	218	149
9724	1,0	54,85	1,7	80,78	200	149
9725	5,17	2,1	18,5	0,1	167	149
9726	381,414	0,1	419,300	1,0	184	149
9730	2,13	6,33	31,10	43,25	158	149
9731	6,22	0,0	58,16	1,2	189	149
9732	10,42	0,0	70,31	1,2	180	149
9733	11,19	20,9	20,15	23,19	152	149
9734	193,235	0,1	398,354	0,2	193	149
9736	1,0	0,0	0,0	0,1	154	149
9739	4,4	294,361	2,2	478,411	188	149
9740	2,1	7,13	4,0	1,3	151	149
9741	15,29	11,11	11,9	6,5	298	149
9742	13,11	0,1	9,10	3,2	298	149
9743	0,0	1,0	2,1	0,0	241	149
9745	75,78	0,2	136,95	0,0	153	149
9746	198,183	6,7	336,279	4,0	298	149
9752	0,1	3,15	2,0	2,0	184	149
9758	6,8	2,0	3,10	0,0	298	149
9759	0,0	20,48	0,2	32,29	283	149
9762	4,6	65,65	4,1	116,72	162	149
9763	11,9	0,2	9,2	0,0	298	149
9767	0,0	1,0	3,1	2,0	159	149
9768	3,8	11,8	5,6	22,15	159	149
9769	56,61	1,7	115,60	21,18	203	149
9773	1,0	1,4	0,0	8,14	298	149
9774	0,1	1,4	0,0	8,14	184	149
9775	0,0	1,1	1,0	0,1	298	149
9776	2,3	1,1	1,3	0,1	184	149
9777	0,1	2,3	1,0	1,3	275	149
9782	33,22	0,0	54,31	0,1	298	149
9783	0,0	3,1	0,1	2,0	187	149
9784	108,104	3,0	310,200	2,6	298	149
9788	674,696	0,0	1104,899	2,0	298	149
9804	3,2	28,19	3,2	40,21	166	149
9810	5,5	102,99	3,3	186,118	298	149
9812	2,0	0,0	0,0	0,2	163	149
9828	0,3	52,44	1,5	98,78	174	149
9829	10,18	3,1	26,13	0,0	298	149
9830	83,93	0,2	115,74	0,0	298	149
9831	3178,3968	8,3	6774,4084	10,17	298	149
9832	0,4	88,124	3,0	192,105	156	149
9833	2,4	88,124	8,4	192,105	190	149
9834	2,4	0,4	8,4	3,0	183	149
9839	33,76	0,1	70,51	0,0	157	149
9840	0,0	0,1	0,1	0,0	158	149
9841	7,8	1,3	2,7	6,9	229	149
9842	6,11	0,1	7,15	0,2	298	149
9843	7,11	0,0	7,15	0,2	298	149
9844	4,11	0,1	11,19	0,2	298	149
9845	5,11	0,0	11,19	0,2	298	149
9846	1,1	0,0	0,2	0,2	157	149
9849	36,58	1,2	94,56	14,1	260	149
9853	0,1	0,2	3,2	0,0	266	149
9856	7,6	72,64	5,2	87,54	162	149
9857	5,3	53,51	4,5	107,93	158	149
9858	100,107	2,2	230,135	3,8	225	149
9859	0,3	0,0	0,2	2,2	166	149
9861	4,0	43,33	0,1	57,43	298	149
9864	3,3	248,236	5,0	340,281	289	149
9869	347,290	45,37	354,314	28,41	234	149
9870	162,160	1,0	192,177	2,1	234	149
9872	510,677	8253,8944	698,411	15347,10458	212	149
9873	105,162	4,4	97,65	0,0	212	149
9874	105,161	5,1	97,65	1,0	212	149
9875	116,181	25,43	113,75	61,37	212	149
9876	103,160	0,1	98,65	2,0	212	149
9877	11721,11562	12,13	14160,11403	1,0	298	149
9878	407,584	3,5	397,274	2,0	298	149
9879	2466,2728	1,0	3675,2608	1,0	185	149
9880	2427,2698	0,1	3628,2587	0,0	185	149
9884	1843,1987	1,0	1779,1328	0,0	298	149
9885	1937,2149	0,0	2059,1502	3,0	298	149
9886	1631,1784	0,2	1663,1189	0,0	298	149
9887	418,426	2,4	295,221	11,2	188	149
9888	1977,2305	136,153	2099,1549	58,45	298	149
9889	1646,1892	3,2	1636,1188	2,1	298	149
9890	1671,1940	8,9	1703,1236	12,6	298	149
9891	2046,2316	2,4	1954,1420	11,2	298	149
9892	1919,2182	772,948	1697,1229	1043,715	188	149
9893	27,47	1439,1677	26,39	1425,1043	153	149
9894	1574,1842	2,0	1545,1144	0,0	298	149
9895	1599,1890	0,0	1612,1192	2,0	298	149
9897	162,213	0,0	187,149	2,0	298	149
9900	2032,2388	21,24	2087,1537	8,4	298	149
9901	2407,2764	3,4	2338,1721	5,1	298	149
9902	431,441	3,4	291,219	5,1	188	149
9903	410,417	2,1	284,215	0,0	188	149
9904	2747,3176	0,3	2607,1828	2,0	298	149
9905	2124,2506	10,4	1990,1386	10,3	298	149
9907	3263,3811	1,4	2991,2103	0,1	298	149
9908	2,4	1980,2468	1,1	1815,1261	153	149
9909	0,0	857,1042	1,0	926,571	153	149
9913	2,2	142,187	3,3	240,190	156	149
9914	118,105	0,2	137,106	2,5	298	149
9915	136,117	2,1	162,125	8,0	166	149
9918	158,251	846,1120	268,118	1517,833	161	149
9919	5,2	3,1	1,0	5,1	207	149
9925	194,218	10,6	362,253	18,9	298	149
9927	71,77	0,1	95,74	2,0	298	149
9931	1,0	1,1	5,0	2,0	153	149
9933	0,0	1,0	1,0	5,0	298	149
9934	35,31	14,10	32,26	25,15	298	149
9935	34,30	0,3	25,21	1,2	298	149
9936	0,4	36,34	0,0	66,44	179	149
9937	22,30	0,2	49,41	0,0	224	149
9938	25,34	0,2	54,42	0,0	229	149
9939	108,139	0,2	207,156	0,0	245	149
9940	34,54	0,2	78,58	0,0	298	149
9946	1,4	75,89	2,11	131,106	272	149
9952	141,91	14,17	148,122	12,20	298	149
9956	2,1	2,0	2,4	1,0	226	149
9957	5,6	0,0	4,2	1,0	298	149
9960	23,23	0,2	41,23	0,0	191	149
9963	3,5	1,0	6,10	0,0	298	149
9976	1,0	3,2	1,1	3,6	298	149
9977	4,6	155,175	3,6	321,179	254	149
9979	5,0	0,1	6,2	0,0	298	149
9980	5,7	206,225	13,7	354,279	189	149
9983	175,180	0,1	337,287	0,0	298	149
9984	152,136	0,0	287,187	3,0	298	149
9987	2159,2319	0,1	2632,1964	0,0	170	149
9988	0,3	0,4	2,1	4,2	298	149
9989	1,1	9,22	0,0	13,13	298	149
9990	1,1	7,9	5,6	14,16	170	149
9991	5,12	1,0	13,17	0,0	248	149
9992	6,16	1,3	13,17	1,1	248	149
9997	12,3	1,2	12,3	0,0	298	149
9999	35,41	5,6	28,27	2,7	158	149
10000	3,1	0,0	6,0	0,2	183	149
10001	4,3	29,37	8,5	23,24	224	149
10002	6,4	25,43	10,7	39,13	229	149
10003	10,7	5,6	13,8	2,7	233	149
10004	1,2	29,37	2,7	23,24	190	149
10005	3,3	25,43	4,9	39,13	195	149
10006	7,6	5,6	7,10	2,7	199	149
10007	31,38	25,43	25,26	39,13	154	149
10008	39,40	1,2	35,27	0,0	298	149
10009	29,46	5,6	42,14	2,7	153	149
10010	35,46	1,2	51,16	0,0	298	149
10011	15,9	1,2	14,10	0,0	298	149
10013	5,24	49,57	17,10	40,30	298	149
10014	13,3	83,86	0,1	85,52	298	149
10015	15,7	1,2	2,1	3,1	298	149
10017	9,26	1,1	12,8	1,0	298	149
10018	33,50	0,2	24,8	0,0	298	149
10020	0,12	0,2	8,3	0,0	230	149
10025	12,20	482,463	21,6	1298,911	298	149
10026	8,9	0,0	7,10	2,1	263	149
10050	337,336	0,0	565,381	1,0	209	149
10051	119,110	1,11	180,117	0,0	209	149
10052	101,61	209,267	99,62	417,276	156	149
10062	4,2	2,0	7,2	2,0	169	149
10063	846,915	5,5	914,703	7,2	222	149
10064	66,62	5,6	63,78	7,5	203	149
10067	1,3	0,0	2,1	2,0	282	149
10068	75,130	3,7	136,88	5,2	298	149
10069	6,6	87,110	1,2	147,114	153	149
10074	380,365	0,1	690,496	0,0	192	149
10075	4,3	250,274	7,5	496,344	153	149
10076	338,389	0,2	659,452	3,1	298	149
10077	287,317	1,1	529,375	13,7	298	149
10078	0,1	422,496	0,0	727,476	169	149
10079	22,18	652,701	66,30	1540,1126	200	149
10080	0,0	433,466	0,1	882,641	298	149
10081	4,1	0,1	3,6	3,1	256	149
10083	9,5	5,0	10,21	2,0	298	149
10084	0,0	38,53	1,0	139,73	160	149
10089	2,1	72,79	4,0	70,61	289	149
10093	0,2	0,2	1,1	4,0	235	149
10096	0,0	4,2	2,0	0,2	189	149
10104	219,212	1,0	380,271	0,2	161	149
10107	130,108	1,11	234,175	16,15	298	149
10108	4,7	87,91	9,5	183,125	298	149
10109	98,109	0,1	240,152	1,0	298	149
10130	16,19	0,0	21,16	2,0	248	149
10131	1,4	15,19	2,7	14,18	166	149
10132	423,387	0,1	529,347	0,0	298	149
10133	5,5	417,465	8,4	685,486	155	149
10137	140,151	0,2	231,158	0,0	218	149
10139	329,335	8,11	341,229	4,11	298	149
10140	52,83	75,93	99,112	191,127	193	149
10144	24,21	2,4	41,28	13,4	298	149
10145	0,1	0,2	0,3	2,0	273	149
10155	17,27	0,1	21,10	0,2	298	149
10159	0,0	62,96	1,1	101,67	298	149
10160	427,424	1,0	683,551	1,0	167	149
10161	0,2	1,0	0,0	0,3	298	149
10165	42,33	7,3	55,38	11,2	165	149
10166	34,44	0,4	46,33	2,0	298	149
10167	951,943	0,1	1899,1453	4,0	298	149
10168	924,900	7,3	2034,1552	4,1	298	149
10169	987,1007	1,2	2400,1882	0,0	298	149
10170	32,18	2,1	21,28	0,0	298	149
10171	42,24	1,0	23,38	0,0	298	149
10172	806,803	1,0	1612,1251	0,0	298	149
10173	836,834	11,8	1643,1251	2,10	298	149
10174	2,6	5,5	12,3	11,4	298	149
10176	31,30	561,655	59,39	1428,1058	260	149
10177	153,220	47,47	246,119	69,42	298	149
10178	10,6	219,240	1,0	374,326	298	149
10179	10,7	0,2	18,7	2,1	156	149
10180	7,6	246,275	14,9	657,513	156	149
10181	345,402	1,0	774,614	0,1	298	149
10183	0,1	0,0	0,2	0,2	298	149
10186	29,28	1,0	14,4	4,1	172	149
10190	56,60	112,113	63,53	172,133	236	149
10196	97,120	3,10	124,106	6,4	189	149
10197	102,117	128,142	150,116	124,78	254	149
10198	9,9	3,5	4,0	2,0	168	149
10199	15,13	9,14	5,7	0,0	168	149
10200	598,585	1,2	711,511	4,0	298	149
10201	0,2	0,1	0,1	3,2	181	149
10202	67,52	122,130	87,59	240,155	167	149
10203	95,87	0,2	133,98	2,0	237	149
10204	688,718	6,1	1161,917	3,1	298	149
10205	531,467	0,0	1114,834	0,2	197	149
10206	61,69	0,1	82,76	0,0	298	149
10212	2,0	9,13	0,0	2,2	190	149
10218	0,0	3,6	0,2	5,3	189	149
10223	2,1	12,18	0,0	19,13	153	149
10230	50,30	20,6	47,31	2,8	298	149
10231	4,1	20,6	0,4	2,8	229	149
10233	20,7	1,0	2,8	0,0	298	149
10234	50,29	13,39	50,31	21,15	175	149
10237	17,41	20,6	21,19	2,8	298	149
10238	5,1	7,6	0,7	5,8	229	149
10254	3,7	14,16	7,3	22,19	171	149
10255	4,5	36,38	3,5	62,35	171	149
10256	2,16	8,4	15,12	3,4	198	149
10257	16,10	8,4	12,15	3,4	298	149
10258	15,6	1,10	10,15	10,11	298	149
10260	0,0	2,0	0,1	1,2	298	149
10261	0,0	2,2	0,1	0,2	298	149
10262	0,4	0,0	1,2	0,1	298	149
10264	3,3	1,2	0,0	2,1	242	149
10266	4,6	27,39	8,3	14,27	152	149
10267	14,29	99,92	40,20	150,83	152	149
10268	72,66	2,4	174,90	8,9	208	149
10269	41,45	0,2	82,54	0,0	184	149
10273	327,408	3,0	506,278	5,0	298	149
10275	475,511	116,144	815,591	233,112	298	149
10276	64,51	116,144	56,39	233,112	298	149
10277	76,80	427,471	75,41	774,556	298	149
10278	71,77	6,7	81,53	8,8	298	149
10279	584,686	6,7	1047,677	8,8	298	149
10280	596,715	23,37	1066,679	40,18	298	149
10281	48,41	0,0	44,35	1,0	298	149
10282	48,40	0,0	41,37	1,0	298	149
10283	60,69	0,1	60,39	3,0	298	149
10284	17,14	2,0	23,21	0,0	298	149
10286	7,5	52,78	4,3	163,61	252	149
10290	28,37	5,9	40,22	2,3	219	149
10298	0,1	0,1	1,0	0,0	199	149
10299	19,10	3,1	17,12	3,0	153	149
10302	4,5	3,0	8,2	0,0	298	149
10306	0,0	1,1	0,1	5,6	173	149
10313	5,1	191,191	4,3	319,224	298	149
10315	2,3	33,34	6,1	39,35	203	149
10318	1,2	20,44	3,4	75,62	174	149
10319	16,10	0,0	24,14	1,0	158	149
10320	44,56	2,2	101,68	5,2	158	149
10322	0,0	4,0	1,0	0,0	230	149
10325	1,0	0,0	2,6	0,2	182	149
10329	2,1	8,6	0,0	1,6	231	149
10330	1,0	8,6	0,1	1,6	241	149
10331	0,0	1,1	0,1	0,0	159	149
10332	246,372	0,1	572,341	1,0	170	149
10333	295,321	0,2	684,438	0,0	298	149
10337	22,26	12,16	59,35	33,29	155	149
10345	51,55	1,1	84,39	0,1	298	149
10346	34,43	7,18	74,48	16,15	173	149
10347	9,8	0,1	10,10	1,0	173	149
10349	80,79	1,0	102,70	0,0	298	149
10351	0,1	0,0	2,1	4,0	298	149
10354	91,146	6,2	146,100	0,1	224	149
10355	57,59	0,0	75,60	2,2	298	149
10358	3,2	60,62	4,9	81,64	200	149
10359	0,0	0,1	0,1	3,0	153	149
10360	31,26	9,5	42,45	15,8	298	149
10361	2,1	23,51	2,0	34,12	226	149
10362	0,0	0,4	4,0	0,3	226	149
10363	173,158	225,188	187,118	237,222	188	149
10365	0,0	37,35	3,3	49,45	298	149
10366	1,0	0,0	0,0	0,2	298	149
10367	0,4	0,0	0,0	2,0	298	149
10374	84,139	2,0	101,90	0,0	298	149
10382	0,0	7,2	1,0	17,17	163	149
10385	1,0	3,2	2,0	2,2	284	149
10388	4,2	0,4	2,2	3,5	298	149
10389	4,2	0,0	2,2	1,0	298	149
10390	0,4	0,0	3,5	1,0	151	149
10391	5,8	0,2	1,0	0,0	242	149
10394	7,3	0,1	3,1	0,0	265	149
10395	19,23	1,0	11,5	2,0	298	149
10396	12,21	1,0	8,4	2,0	211	149
10397	13,20	0,4	8,6	0,0	211	149
10398	5,2	3,3	4,5	3,2	165	149
10399	65,107	1,0	128,108	1,1	263	149
10400	3,1	2,4	16,4	1,0	153	149
10401	97,99	4,3	191,127	0,6	298	149
10402	5,4	91,68	2,0	95,85	176	149
10403	19,32	56,67	20,12	75,57	266	149
10405	75,53	6,2	92,81	0,3	197	149
10406	191,179	161,172	286,206	311,169	197	149
10407	78,52	3,2	93,80	3,5	197	149
10409	0,1	8,7	1,0	2,4	180	149
10413	19,16	3,4	12,6	0,2	224	149
10416	5,3	0,3	4,6	1,0	298	149
10417	6,4	15,20	20,3	31,21	153	149
10418	0,0	117,94	0,1	154,126	156	149
10420	80,93	4,1	52,47	1,1	273	149
10421	0,0	30,35	2,0	19,15	298	149
10422	6,0	2,13	1,0	3,4	280	149
10432	11,20	11,5	22,13	39,25	153	149
10433	6,8	11,5	5,3	39,25	250	149
10434	6,7	11,19	4,3	21,13	246	149
10439	2,3	5,6	2,2	4,5	162	149
10441	700,1626	3,0	985,542	0,0	298	149
10442	30,48	2,1	75,48	0,6	298	149
10443	49,33	20,18	41,38	25,16	267	149
10444	43,42	20,18	44,37	25,16	298	149
10445	64,59	20,18	60,49	25,16	298	149
10446	14,26	14,5	41,26	9,9	217	149
10447	51,65	14,5	91,59	9,9	298	149
10449	59,71	33,33	132,92	61,46	298	149
10451	30,41	5,3	62,47	4,2	153	149
10452	65,93	19,29	178,122	31,8	298	149
10453	29,42	11,12	84,40	6,10	261	149
10454	876,1028	4,0	1512,1026	1,3	157	149
10455	25,24	448,458	15,12	697,455	298	149
10457	2,0	6,0	6,3	0,0	298	149
10459	20,36	276,285	18,14	330,215	215	149
10462	226,210	0,0	344,296	0,2	229	149
10463	7,5	38,36	8,9	66,27	153	149
10464	0,2	320,406	4,0	548,516	153	149
10466	3,0	213,213	0,2	353,272	167	149
10467	20,18	0,5	26,8	1,0	159	149
10469	526,593	2,6	1171,751	11,6	233	149
10470	12,15	10,6	7,5	3,2	263	149
10471	0,2	117,179	0,0	237,120	298	149
10473	95,94	5,6	149,105	11,3	239	149
10474	0,3	25,35	0,0	38,16	269	149
10475	66,81	3,3	105,66	0,0	298	149
10476	137,122	0,4	172,84	1,0	193	149
10477	31,27	0,0	29,13	1,0	193	149
10478	329,373	43,44	392,255	46,20	298	149
10479	82,114	5,1	65,24	2,0	298	149
10480	33,30	125,197	26,10	134,72	204	149
10481	22,16	7,7	17,6	5,2	204	149
10484	1,0	0,0	2,0	2,0	298	149
10485	0,1	4,0	1,0	1,0	298	149
10486	22,21	4,0	22,7	0,3	298	149
10487	63,61	5,7	66,62	2,0	298	149
10488	195,188	45,38	314,218	110,76	182	149
10496	2,0	250,271	0,0	476,327	160	149
10497	139,111	4,1	242,201	0,2	179	149
10499	1,0	140,112	0,1	188,157	157	149
10503	9,8	0,2	5,3	0,0	205	149
10505	2,2	3,0	1,1	11,2	153	149
10506	4,2	9,23	4,1	14,6	162	149
10507	5,0	9,23	14,2	14,6	158	149
10508	2,1	2,7	4,0	8,0	162	149
10514	976,1112	3,4	1766,1232	9,9	155	149
10515	6,15	2,4	16,5	1,2	188	149
10520	0,2	123,167	0,2	232,139	153	149
10522	13,15	5,3	15,0	5,1	156	149
10537	2,2	197,215	8,5	405,292	187	149
10538	1,2	9,21	0,0	15,7	155	149
10539	9,21	10,12	15,7	28,35	298	149
10542	12,18	26,42	18,10	29,21	298	149
10556	15,3	71,100	11,9	184,127	197	149
10557	188,199	1,0	378,236	0,0	298	149
10558	304,316	1,2	627,394	0,0	298	149
10559	225,203	4,2	372,253	0,0	195	149
10560	181,198	1,0	376,233	0,0	298	149
10562	181,194	0,2	376,234	0,0	298	149
10563	0,4	220,283	0,0	405,297	153	149
10564	0,1	220,283	2,0	405,297	215	149
10565	0,0	0,3	2,0	0,0	211	149
10566	1,5	182,198	9,4	291,179	199	149
10569	593,621	1,1	482,381	0,0	298	149
10572	2,0	1,1	1,0	0,0	189	149
10573	21,26	32,16	37,5	20,19	160	149
10574	7,9	0,1	3,1	2,1	298	149
10577	38,70	8,13	40,19	7,2	298	149
10578	244,311	1,0	495,288	1,0	298	149
10579	319,296	21,27	438,260	33,21	230	149
10580	2,2	3,5	1,2	1,1	198	149
10583	67,72	2,3	137,100	0,3	298	149
10588	0,0	0,1	1,0	0,0	153	149
10593	9,6	1,0	3,2	1,0	298	149
10596	361,389	110,80	378,324	82,76	155	149
10599	70,92	0,8	91,61	2,3	284	149
10601	1,0	0,1	3,1	2,1	235	149
10602	1,0	0,1	5,1	2,1	224	149
10603	1,0	21,29	3,4	44,49	263	149
10605	1,0	0,0	2,5	1,0	263	149
10606	84,74	3,2	210,123	14,1	158	149
10608	1,2	0,0	0,0	4,1	298	149
10611	0,0	0,3	1,0	3,0	183	149
10617	510,650	2,0	856,586	0,0	239	149
10620	326,404	16,3	341,280	14,3	160	149
10621	5798,6222	1,0	8391,6541	0,0	298	149
10624	397,291	35,56	511,422	54,26	175	149
10626	7,4	52,67	1,2	105,65	298	149
10629	276,314	1423,1868	544,381	2579,1481	215	149
10630	2,2	42,41	3,0	31,15	271	149
10631	0,0	1,0	0,1	0,0	161	149
10633	13,8	140,140	1,4	164,120	156	149
10635	5,4	135,131	9,2	140,112	155	149
10637	80,90	6,0	138,93	5,5	290	149
10640	1,1	50,67	0,4	111,77	165	149
10650	5,3	7,7	10,7	12,13	298	149
10653	3,4	592,585	1,1	1038,715	298	149
10654	1102,1081	33,20	1704,1300	36,39	298	149
10661	1698,1957	0,0	2518,1700	2,0	186	149
10662	562,585	0,0	734,529	2,0	298	149
10663	154,120	1274,1484	90,87	1864,1246	298	149
10665	10,11	0,0	15,15	2,0	184	149
10666	99,73	4,10	180,96	6,5	203	149
10672	4,3	61,66	2,4	137,124	155	149
10673	6,9	6,2	5,5	2,0	298	149
10675	73,94	1,7	143,84	4,3	298	149
10676	4,4	0,0	6,2	0,1	159	149
10677	442,417	0,4	755,518	5,0	298	149
10678	140,168	2,0	227,178	0,2	298	149
10684	17,9	1,0	38,20	1,4	161	149
10685	15,9	0,1	35,19	0,0	161	149
10690	46,66	15,11	56,45	9,9	246	149
10691	164,201	15,11	209,147	9,9	294	149
10692	119,135	1,0	153,102	0,0	197	149
10695	31,34	0,1	38,34	0,0	197	149
10697	27,44	1,3	27,27	1,3	298	149
10704	47,48	1,0	91,73	1,4	218	149
10705	2,2	148,143	2,3	281,239	199	149
10706	188,189	15,9	366,307	10,16	218	149
10709	5,0	47,73	4,3	77,59	256	149
10710	16,16	65,59	8,5	68,42	298	149
10711	0,1	5,10	1,0	4,1	281	149
10713	2,0	2,3	0,0	0,3	298	149
10719	49,39	1,0	43,30	3,2	195	149
10720	29,22	0,2	23,11	2,0	195	149
10721	20,13	4,5	26,18	3,1	298	149
10722	12,12	230,244	2,5	368,348	298	149
10723	0,1	0,4	0,0	5,6	221	149
10724	7,12	1,0	9,12	0,0	298	149
10725	0,2	248,287	0,0	525,367	221	149
10726	257,246	1,2	429,266	0,0	298	149
10737	6,5	24,61	8,4	79,32	180	149
10738	2,3	7,7	2,1	11,4	180	149
10740	3,5	2,1	9,7	0,0	168	149
10741	3,0	28,29	2,2	69,50	258	149
10742	8,3	233,167	6,3	326,207	175	149
10757	1,0	2,1	8,0	0,0	153	149
10758	2,1	0,0	8,4	2,0	298	149
10760	1,2	45,59	6,3	140,89	298	149
10761	65,72	0,0	178,124	1,0	298	149
10763	1,2	45,59	8,3	140,89	298	149
10764	65,72	0,0	180,124	1,0	298	149
10766	0,1	45,59	0,0	140,89	153	149
10767	64,71	0,0	176,123	1,0	268	149
10769	109,129	0,0	316,212	1,0	264	149
10772	1,2	3,1	6,3	7,3	298	149
10774	1,2	0,1	6,3	4,3	298	149
10778	158,186	4,2	333,271	6,1	298	149
10779	165,171	14,23	303,260	30,14	298	149
10781	1586,1698	4,2	2575,1781	0,0	298	149
10782	1024,1029	0,0	1557,1100	1,0	298	149
10783	62,81	127,154	134,66	107,86	165	149
10784	61,73	9,4	134,66	1,0	165	149
10785	17,18	115,123	12,10	216,139	298	149
10786	2,2	10,9	1,3	17,12	298	149
10790	2,2	2,4	2,5	3,0	298	149
10791	2,1	0,0	4,10	0,1	298	149
10800	380,455	0,1	612,493	0,0	298	149
10801	579,559	0,2	1268,967	0,0	298	149
10802	529,605	2,3	1020,779	14,6	298	149
10803	534,605	0,2	1022,779	0,1	298	149
10804	275,299	5,8	367,319	3,1	152	149
10805	6,0	0,3	8,3	2,0	298	149
10806	0,0	21,29	1,0	16,14	265	149
10807	122,83	0,1	271,157	2,0	190	149
10808	35,42	7,2	62,49	0,4	266	149
10809	4,9	288,383	10,5	474,220	298	149
10810	1,4	0,2	6,6	0,0	173	149
10811	113,123	0,0	259,140	0,1	298	149
10812	32,28	42,59	81,58	95,61	161	149
10813	0,0	0,1	0,2	0,0	155	149
10814	0,2	3,3	2,0	9,6	155	149
10815	0,0	22,9	1,0	35,29	155	149
10816	1,1	22,16	3,0	65,46	155	149
10817	59,51	4,2	115,84	1,5	298	149
10819	0,1	37,56	0,0	100,52	191	149
10820	0,1	43,44	0,1	93,48	163	149
10821	50,55	1,5	103,47	11,3	182	149
10824	1,2	35,36	2,0	53,35	210	149
10827	8,10	75,67	3,6	113,56	163	149
10829	256,336	0,6	541,441	1,0	275	149
10831	1,0	9,11	0,1	4,5	153	149
10832	269,286	0,1	420,310	0,0	267	149
10833	606,713	7,19	947,651	6,4	267	149
10837	0,0	41,106	0,1	89,38	178	149
10838	753,826	3,5	1449,1157	10,6	298	149
10850	18,33	1,2	16,14	2,4	198	149
10861	0,3	5,9	0,1	12,7	161	149
10862	2,2	149,141	0,1	179,152	161	149
10863	23,26	1,5	20,14	2,0	298	149
10864	33,27	5,7	29,25	10,4	298	149
10866	7,2	1,0	1,0	0,0	280	149
10868	4,0	106,125	4,1	320,262	163	149
10869	5,18	2,2	2,2	2,0	282	149
10874	262,292	2,1	398,337	4,4	298	149
10876	8,3	0,1	4,6	3,1	289	149
10877	23,17	197,187	34,16	319,227	298	149
10878	209,188	0,1	355,212	0,0	298	149
10880	111,120	0,1	152,89	0,0	298	149
10886	20,15	0,9	6,8	2,4	298	149
10889	2,6	82,92	4,0	124,85	298	149
10890	383,366	0,2	557,377	2,0	200	149
10891	853,901	0,0	1210,863	0,4	211	149
10893	10,19	1,0	13,8	0,0	298	149
10894	1,1	11,29	0,2	21,17	298	149
10895	4,1	21,22	1,0	22,24	298	149
10896	7,1	0,1	2,2	0,0	236	149
10898	76,88	2,9	129,93	8,2	160	149
10914	0,3	94,161	2,2	154,112	177	149
10916	365,379	8,8	619,430	9,8	152	149
10918	54,58	177,174	109,69	302,220	289	149
10927	51,45	12,11	76,53	11,17	204	149
10928	6,5	2,0	4,1	9,2	204	149
10929	139,113	0,0	178,153	1,0	298	149
10930	12,19	11,8	7,5	10,5	197	149
10932	134,129	2,1	245,172	0,0	298	149
10937	2,2	9,6	2,2	8,8	243	149
10938	0,1	2,0	2,2	0,1	243	149
10944	2,2	2,7	0,0	2,7	298	149
10945	1,0	2,9	1,3	7,18	225	149
10950	333,388	1,0	686,536	0,0	298	149
10954	0,0	46,22	0,1	87,55	250	149
10956	11,8	1,0	3,5	2,0	298	149
10958	6,6	5,4	5,0	3,1	155	149
10961	66,94	0,0	100,64	0,1	197	149
10962	6,1	1,1	4,4	1,0	159	149
10968	0,0	658,698	0,2	1379,992	151	149
10969	2,8	635,591	0,0	1167,862	298	149
10970	1,1	701,730	1,1	1236,929	152	149
10971	0,0	47,49	3,0	106,71	174	149
10972	55,80	1,0	103,75	0,0	298	149
10973	2,9	55,59	20,0	83,69	270	149
10974	58,51	1,0	96,41	1,0	152	149
10975	184,242	22,40	411,302	58,24	298	149
10979	8079,8662	1,3	18084,13916	0,4	298	149
10980	9643,10588	289,351	21595,15633	177,119	298	149
10981	17649,19144	107,158	39473,29389	307,220	257	149
10983	2,1	17,26	3,6	45,27	158	149
10988	7,8	1437,1520	4,4	2478,1899	298	149
10995	329,282	0,3	470,358	0,0	298	149
10996	0,3	129,161	0,0	193,124	239	149
10997	94,147	25,31	176,144	39,21	298	149
10998	3,7	0,4	2,5	0,2	164	149
10999	14,25	22,34	11,2	19,11	164	149
11000	40,31	6,24	54,34	10,2	298	149
11005	2,0	0,2	3,0	8,1	298	149
11013	372,413	1,1	560,473	0,0	176	149
11017	2,7	46,26	6,2	28,16	265	149
11018	0,1	46,26	0,0	28,16	157	149
11024	268,315	5,7	278,216	3,4	298	149
11025	216,226	2,3	142,132	0,0	292	149
11039	53,93	2,6	46,42	0,0	298	149
11040	40,76	0,1	44,36	2,1	298	149
11041	683,782	25,22	1159,891	11,8	298	149
11048	31,38	4,2	36,27	0,2	209	149
11049	110,100	6,5	179,141	7,5	209	149
11054	76,77	3,1	84,39	8,1	298	149
11055	16,26	309,314	22,33	486,371	164	149
11056	8,9	22,9	13,14	22,13	167	149
11058	14,7	1,0	15,15	0,2	176	149
11059	0,1	2,0	1,0	0,4	176	149
11060	825,796	3,7	1040,895	7,15	170	149
11061	187,225	3,7	294,231	7,15	203	149
11062	72,120	710,691	151,97	897,761	182	149
11064	55,44	88,106	63,37	177,90	227	149
11065	2,7	1,1	5,8	0,0	227	149
11066	6,8	64,38	5,11	30,33	227	149
11070	55,57	8,3	53,49	1,6	233	149
11071	110,96	0,1	150,118	0,0	167	149
11072	114,103	1,12	165,125	0,0	170	149
11073	4,8	1,12	15,7	0,0	152	149
11074	674,644	17,22	1080,795	28,29	167	149
11075	678,651	545,538	1095,802	759,565	170	149
11076	21,29	545,538	43,36	759,565	152	149
11078	9,17	1,2	18,15	11,2	151	149
11084	62,50	0,1	96,47	0,1	298	149
11085	138,118	7,8	210,129	7,4	298	149
11086	65,71	0,2	59,39	3,0	161	149
11087	95,97	0,1	67,64	4,0	191	149
11088	169,179	2,0	236,156	0,0	298	149
11089	29,25	52,58	23,30	34,27	276	149
11091	1,0	0,0	6,1	1,0	160	149
11092	2,3	1,0	2,0	0,0	206	149
11093	0,0	6,11	5,0	9,9	177	149
11095	1,5	250,302	9,4	487,344	298	149
11096	253,237	15,4	320,314	2,3	298	149
11097	7,6	0,0	2,3	0,2	237	149
11098	14,9	241,272	11,9	330,250	298	149
11099	12,8	241,272	11,11	330,250	298	149
11100	92,136	2,0	118,48	3,0	170	149
11101	16,7	7,2	11,2	3,0	298	149
11103	0,1	2,2	2,2	0,0	298	149
11115	11,8	1,0	4,11	0,2	153	149
11117	583,556	35,35	1203,836	43,35	215	149
11118	387,373	2,0	694,593	0,0	298	149
11119	11,11	379,368	27,12	691,590	298	149
11125	1,0	0,1	0,0	1,0	207	149
11126	3,4	5,5	1,0	8,1	180	149
11129	1,0	0,0	0,0	0,2	207	149
11130	1,0	2,0	0,0	1,0	180	149
11131	2,0	2,5	0,0	4,7	180	149
11132	1,0	0,0	0,0	1,0	180	149
11133	5,9	4,5	17,9	13,7	298	149
11134	8,6	1,1	21,8	0,0	298	149
11135	5,3	0,1	15,12	0,0	298	149
11136	5,2	0,0	14,13	1,2	298	149
11137	4,2	0,0	12,9	1,0	298	149
11138	1,4	4,5	3,1	13,7	218	149
11139	3,4	0,1	5,5	0,0	298	149
11140	3,3	0,0	4,6	1,2	298	149
11141	6,6	0,1	15,11	0,0	247	149
11142	6,6	0,0	15,12	1,2	277	149
11143	0,1	0,0	0,1	1,2	179	149
11144	1,2	0,0	3,4	1,0	298	149
11145	0,3	1,0	3,1	0,0	218	149
11154	1,4	1,0	2,2	2,2	163	149
11160	1,3	2,2	2,2	1,2	163	149
11161	48,39	0,0	43,45	1,0	298	149
11164	3,3	1,0	2,4	6,4	163	149
11165	3,4	1,0	5,5	6,4	177	149
11166	44,39	1,0	44,46	6,4	298	149
11167	1,3	1,2	3,2	0,1	163	149
11168	45,38	1,2	44,43	0,1	298	149
11170	2,2	0,0	2,9	3,4	283	149
11171	34,38	0,0	56,50	3,4	298	149
11172	33,36	1,0	54,43	0,1	247	149
11173	5,14	236,252	10,7	344,287	250	149
11179	0,8	38,50	2,0	46,42	298	149
11181	130,191	19,10	240,171	14,7	215	149
11191	14,32	8,13	24,15	5,4	166	149
11202	6,6	4,6	17,12	3,2	298	149
11203	65,49	47,48	97,72	87,57	155	149
11204	43,37	0,0	44,47	1,0	298	149
11205	6,18	26,31	10,4	17,13	197	149
11206	318,520	2,2	571,333	7,0	227	149
11207	109,204	0,0	195,124	3,0	167	149
11208	23,23	62,89	11,13	108,60	244	149
11209	9,12	1,2	7,7	0,0	298	149
11210	13,32	0,2	12,21	0,0	298	149
11211	306,372	108,122	552,371	178,151	206	149
11212	115,131	5,14	239,185	13,11	206	149
11213	98,121	0,0	199,147	2,0	206	149
11214	23,23	314,307	64,40	565,413	298	149
11223	4,7	0,0	21,14	2,2	221	149
11224	22,21	9,1	20,21	1,2	194	149
11226	9,8	0,0	5,4	1,1	298	149
11227	14,15	0,1	5,9	12,2	298	149
11229	3,6	188,164	2,9	239,162	225	149
11230	9,7	2,3	1,4	0,0	155	149
11231	7,4	1,0	1,5	0,0	155	149
11232	150,133	121,126	173,105	177,111	155	149
11233	15,10	88,65	9,4	90,34	217	149
11234	1,6	199,176	0,1	212,117	206	149
11235	255,301	2,11	370,253	4,0	244	149
11236	109,132	0,1	153,119	0,2	244	149
11237	143,157	32,31	265,135	37,14	164	149
11238	94,88	290,277	135,77	403,284	164	149
11239	40,50	30,25	65,31	47,40	298	149
11241	1,0	86,99	0,0	172,91	177	149
11242	223,265	5,3	340,283	3,0	241	149
11246	2,5	0,1	9,2	0,0	298	149
11248	6,14	2,2	32,24	7,4	298	149
11250	5,5	1,2	4,3	1,0	298	149
11259	0,2	1,0	1,0	0,0	231	149
11260	26,20	100,111	29,15	176,114	298	149
11261	145,178	43,68	230,173	63,28	196	149
11263	36,45	1,2	52,47	1,9	298	149
11264	23,36	9,17	35,26	20,17	159	149
11269	4,9	16,18	4,12	9,12	298	149
11270	23,26	0,2	22,28	0,0	267	149
11271	2,6	0,1	0,0	0,1	270	149
11287	0,3	54,89	5,3	110,79	211	149
11289	189,219	1,1	323,242	0,0	298	149
11290	361,414	9,7	680,573	2,20	228	149
11291	117,166	1,0	248,149	0,0	298	149
11292	662,706	0,0	1473,1247	1,0	298	149
11296	528,503	0,0	885,657	2,0	298	149
11297	40,25	427,514	29,21	855,570	180	149
11298	1,0	2,2	0,2	0,0	160	149
11299	42,32	634,631	52,35	1114,841	160	149
11301	0,0	14,20	1,1	85,49	298	149
11310	24,27	1167,1192	34,35	1859,1247	164	149
11311	1448,1401	0,7	2156,1637	2,0	298	149
11318	0,1	25,18	4,0	32,7	298	149
11322	202,254	0,1	306,259	0,0	298	149
11331	334,355	0,0	437,341	4,2	298	149
11334	0,0	6,10	1,0	8,0	298	149
11336	28,27	199,245	45,22	356,296	173	149
11338	2,1	5,2	0,0	2,1	226	149
11339	2,0	5,2	0,0	2,1	198	149
11342	0,5	5,7	10,3	1,3	298	149
11343	0,4	4,12	10,3	7,4	298	149
11344	0,1	0,0	0,1	1,0	161	149
11345	2,3	53,53	0,4	41,29	161	149
11346	62,86	1,0	40,42	0,0	267	149
11351	145,160	0,5	140,86	0,0	298	149
11352	1,5	5,4	2,0	0,1	298	149
11355	104,111	0,2	286,200	0,0	298	149
11356	11,8	99,91	13,8	126,105	167	149
11357	11,9	32,31	20,19	50,36	298	149
11358	8,6	32,31	14,10	50,36	281	149
11359	1,2	8,2	3,1	2,0	156	149
11360	1,3	9,6	5,1	10,18	156	149
11361	12,10	69,68	25,13	133,92	156	149
11362	1,14	8,8	12,6	28,13	156	149
11363	77,80	0,4	159,120	4,8	207	149
11365	36,36	2,0	40,33	0,0	298	149
11368	318,305	0,1	632,402	0,0	298	149
11369	8,4	68,46	7,3	79,59	291	149
11370	37,32	0,2	44,28	0,1	298	149
11371	1,0	6,6	0,0	15,14	262	149
11373	1,0	6,6	0,0	15,14	226	149
11376	1,0	6,6	0,0	15,14	242	149
11391	189,280	1,8	423,313	0,0	298	149
11393	2,0	0,0	1,0	2,1	298	149
11394	2,0	0,0	1,0	2,1	298	149
11395	2,0	0,0	1,0	2,0	298	149
11396	1097,1211	0,1	188,163	0,0	298	149
11397	1282,1557	0,4	286,202	0,0	298	149
11399	99,100	13,18	170,85	13,23	298	149
11400	30,28	4,0	35,16	2,4	298	149
11401	33,29	2,1	22,18	0,0	298	149
11402	49,43	864,956	32,42	995,726	298	149
11404	1,1	39,47	0,0	111,68	185	149
11405	3,0	26,26	0,0	40,16	271	149
11407	0,2	16,23	2,0	36,16	252	149
11408	112,137	4,4	199,142	6,8	298	149
11410	0,0	0,1	2,3	3,3	178	149
11416	1,6	31,44	15,0	40,40	293	149
11417	0,0	48,69	4,0	60,52	298	149
11419	183,196	0,0	381,227	3,0	178	149
11420	19,21	0,1	28,26	2,0	168	149
11421	161,163	31,24	269,198	26,15	168	149
11423	2,1	83,80	2,0	116,76	298	149
11425	6,16	11,23	8,1	18,11	298	149
11426	1,2	14,18	1,0	29,15	156	149
11427	10,6	0,3	19,9	0,0	298	149
11428	17,16	39,57	10,5	36,26	220	149
11429	20,33	0,1	21,23	0,0	298	149
11430	53,75	3,0	64,56	1,0	158	149
11431	2,5	5,10	0,0	2,1	191	149
11436	5,6	17,26	5,10	28,22	298	149
11437	2,3	15,50	0,0	18,0	298	149
11438	1,3	0,0	1,0	0,1	156	149
11442	13,11	3,4	25,26	0,0	298	149
11443	12,11	3,4	25,26	0,0	298	149
11444	0,4	1,0	1,4	0,0	201	149
11445	0,9	0,0	2,7	8,2	201	149
11446	0,5	0,0	5,6	8,2	288	149
11447	0,1	0,5	4,2	1,3	236	149
11449	30,32	1,0	17,9	0,0	253	149
11452	3,4	0,0	6,4	0,2	161	149
11460	12,25	4,11	13,2	2,3	184	149
11461	71,60	2,0	98,63	1,0	298	149
11464	8,12	101,100	7,7	184,144	298	149
11465	8,12	101,100	7,7	184,144	298	149
11466	1,0	75,92	0,0	106,75	298	149
11467	3,3	83,114	2,2	188,154	298	149
11468	10,8	3,5	7,6	9,4	182	149
11469	0,2	0,0	0,0	0,2	182	149
11470	4,12	35,72	8,7	44,36	298	149
11472	20,35	0,0	45,33	6,0	184	149
11473	0,0	44,52	1,1	40,29	157	149
11474	3,8	62,45	3,6	60,47	298	149
11475	11,5	0,0	13,11	1,0	172	149
11476	453,400	1,4	514,403	0,0	298	149
11477	42,44	6,2	98,78	2,4	193	149
11478	2,6	38,40	6,3	70,61	174	149
11481	43,35	1,2	17,14	0,0	297	149
11482	45,42	29,62	23,20	59,27	297	149
11483	178,289	13,3	368,204	19,1	155	149
11487	1,0	5,6	1,0	6,0	165	149
11488	1,1	5,6	1,1	6,0	161	149
11490	68,77	0,0	120,64	0,2	298	149
11491	1,1	2,1	2,0	3,0	153	149
11494	112,98	1,0	215,152	2,0	298	149
11495	107,91	3,2	190,136	0,4	279	149
11496	64,141	43,75	121,74	92,44	155	149
11497	9,3	177,173	7,1	302,193	298	149
11501	180,180	4,2	247,138	5,0	188	149
11503	19,22	107,119	0,0	0,1	186	149
11506	4,5	2,0	5,3	7,4	298	149
11507	23,20	3,0	17,13	1,1	194	149
11538	2,3	1,0	2,3	1,0	173	149
11539	4,8	1,0	10,4	1,2	233	149
11540	9,8	1,0	13,8	1,2	257	149
11541	5,4	0,4	5,4	2,0	173	149
11544	2,1	9,13	1,0	6,11	268	149
11545	7,1	73,118	7,7	175,95	268	149
11547	1,0	4,5	0,0	0,1	164	149
11549	7,10	136,161	7,7	321,222	298	149
11550	158,216	2,3	245,182	3,0	298	149
11551	4,7	0,0	6,4	0,1	298	149
11554	26,52	21,29	51,25	36,20	177	149
11555	1,0	0,4	0,0	4,1	177	149
11561	26,33	33,41	25,11	46,22	298	149
11563	6,5	1,1	17,9	2,0	298	149
11568	67,63	2,1	134,92	0,0	202	149
11569	60,62	1,0	131,97	0,2	202	149
11571	175,152	2,1	282,215	1,1	202	149
11574	0,0	2,0	2,1	3,0	298	149
11580	1,0	31,26	0,1	51,31	298	149
11582	0,2	4,0	1,1	4,2	265	149
11583	2,5	1,0	2,1	0,0	298	149
11584	3,4	4,1	3,3	0,0	298	149
11585	6,4	1,0	5,2	0,0	239	149
11586	7,4	4,1	7,5	0,0	276	149
11587	2,0	4,1	2,3	0,0	186	149
11588	0,1	85,88	2,6	114,82	298	149
11589	0,1	0,0	2,6	2,2	167	149
11590	0,0	85,88	2,2	114,82	298	149
11597	1,2	3,1	1,0	0,1	184	149
11598	1,2	4,3	0,0	1,2	184	149
11599	1,4	99,111	0,0	53,40	184	149
11606	1,2	117,173	6,1	252,179	298	149
11607	172,170	2,0	279,198	0,0	298	149
11608	145,155	2,0	275,197	1,0	298	149
11616	16,12	0,1	13,6	0,0	298	149
11617	662,674	1,0	884,648	3,3	298	149
11618	12,20	0,3	13,12	0,0	153	149
11619	826,1021	0,2	1271,870	0,0	218	149
11621	8,16	2,0	17,7	5,2	239	149
11622	1,0	80,103	2,1	145,66	298	149
11626	87,71	53,63	103,68	69,42	298	149
11627	0,0	115,80	6,0	150,66	298	149
11628	0,1	1,2	0,4	3,0	298	149
11629	0,1	97,106	2,1	166,114	153	149
11631	135,166	0,0	215,127	1,0	165	149
11632	20,26	0,0	19,4	2,0	165	149
11636	28,60	0,1	61,31	0,0	298	149
11637	341,427	1,0	803,569	3,0	156	149
11639	994,1057	1,0	2192,1476	0,3	236	149
11640	16,6	0,5	15,2	3,0	298	149
11642	49,68	0,7	2,0	0,0	176	149
11645	0,1	0,0	0,0	3,0	154	149
11646	0,0	3,2	0,2	0,1	153	149
11649	2,0	12,15	0,0	10,10	264	149
11651	1,1	0,0	0,0	3,0	174	149
11652	132,167	7,3	253,176	6,7	298	149
11655	0,0	1,0	2,0	0,0	205	149
11666	2,2	367,388	0,1	363,254	173	149
11667	451,402	1,0	414,316	1,0	298	149
11669	370,388	1,0	224,186	0,0	298	149
11674	16,18	34,22	6,13	31,28	298	149
11675	0,4	96,137	3,2	209,134	154	149
11676	0,1	46,48	3,1	74,55	230	149
11678	0,3	32,42	3,4	60,36	153	149
11679	66,104	0,0	127,97	1,0	298	149
11680	5,4	18,16	3,0	12,10	160	149
11681	25,31	113,109	17,12	166,108	160	149
11691	4,5	100,98	15,8	229,150	231	149
11692	60,107	2,0	192,115	0,0	153	149
11693	0,1	8,31	0,0	22,11	175	149
11695	5,6	1,0	29,11	0,0	153	149
11696	245,256	0,4	562,337	2,5	153	149
11698	10,7	0,0	3,8	0,2	183	149
11699	19,14	5,8	16,17	0,5	183	149
11700	10,8	0,1	8,7	0,3	183	149
11701	35,34	8,11	62,55	22,16	183	149
11702	268,344	15,19	558,369	24,22	203	149
11707	186,195	31,32	209,153	37,12	284	149
11711	115,132	4,8	206,126	11,6	151	149
11715	319,295	1,0	249,174	0,2	298	149
11716	1,1	0,1	1,0	0,1	177	149
11717	1,0	41,43	1,0	50,27	177	149
11718	0,1	3,1	3,0	1,0	190	149
11719	34,29	2,1	48,31	0,0	153	149
11720	334,353	1,1	410,310	1,0	298	149
11721	14,23	3,8	33,27	10,8	164	149
11727	18,23	129,130	24,14	198,157	223	149
11728	63,56	36,36	80,36	41,28	236	149
11729	83,134	1966,2161	166,119	4639,3304	298	149
11730	3,8	12,10	7,5	13,8	153	149
11733	1,1	0,0	5,1	1,0	298	149
11734	1,1	0,0	6,0	2,0	298	149
11735	1,0	22,28	6,1	34,17	153	149
11737	3,7	36,60	2,0	91,66	166	149
11738	85,115	2,0	184,122	0,0	298	149
11740	0,0	98,104	0,1	173,128	240	149
11741	1,0	98,104	0,1	173,128	218	149
11745	0,5	0,3	3,0	0,0	241	149
11748	262,383	1,4	366,279	2,0	287	149
11750	1,0	7,3	0,0	2,1	153	149
11751	131,189	2,7	128,90	1,2	224	149
11752	139,186	4,1	117,88	4,2	298	149
11753	3,1	5,1	1,7	6,3	158	149
11760	12,6	46,44	11,4	32,37	175	149
11761	13,7	1,11	4,3	2,2	298	149
11765	1,1	4,8	2,2	10,3	175	149
11766	29,21	27,32	32,18	48,31	298	149
11767	1411,1614	1,1	2329,1734	2,0	251	149
11769	11,12	11,4	38,17	7,2	266	149
11770	5,12	11,4	16,12	7,2	298	149
11771	6,12	11,12	17,12	38,17	216	149
11778	0,4	1,4	3,0	2,2	298	149
11779	8,8	78,110	7,4	145,110	298	149
11781	0,1	0,0	7,0	1,2	232	149
11783	7,0	555,636	4,2	1030,700	199	149
11784	5,2	626,633	5,1	1145,845	263	149
11794	326,334	4,3	509,409	0,2	298	149
11795	359,391	0,0	556,479	0,1	298	149
11807	161,200	0,1	261,187	0,0	178	149
11808	1,2	192,184	3,0	292,239	245	149
11809	1,1	3,5	2,4	2,1	169	149
11810	4,1	264,275	2,4	325,276	169	149
11811	0,1	9,14	0,0	11,3	205	149
11814	0,1	7,8	0,1	13,9	160	149
11819	11,2	669,678	4,4	936,662	298	149
11820	671,634	0,1	886,628	0,0	298	149
11823	1,3	10,3	0,0	1,0	153	149
11824	2,1	92,70	1,1	157,107	153	149
11825	100,88	4,3	198,139	0,2	175	149
11826	2,3	0,1	1,1	0,0	167	149
11827	95,88	0,0	129,109	1,0	298	149
11828	4,1	1,0	5,4	0,0	298	149
11829	74,96	2,1	164,106	2,0	298	149
11830	5,1	47,60	4,1	131,68	167	149
11832	306,282	3,1	480,355	5,8	223	149
11833	32,30	0,1	40,30	7,5	298	149
11834	53,49	0,3	81,40	0,1	175	149
11838	0,0	449,489	3,1	624,423	177	149
11839	704,830	10,1	1142,848	2,1	240	149
11840	95,73	7,8	99,54	13,11	266	149
11841	52,42	0,0	45,31	1,0	266	149
11842	0,1	36,31	0,2	37,26	170	149
11843	1,0	3,6	2,1	10,6	174	149
11844	297,339	3,0	598,423	1,0	298	149
11845	5328,5303	0,1	8481,7159	1,0	190	149
11846	5036,5070	1,1	8078,6880	0,0	190	149
11847	19971,19685	7,12	34711,27791	1,0	190	149
11848	5023,5065	84,67	8035,6844	43,36	190	149
11849	12,3	1,1	10,11	0,2	160	149
11850	254,270	9520,10079	487,356	22275,15569	160	149
11852	0,2	40,37	7,0	50,61	220	149
11853	0,3	39,38	6,1	78,62	217	149
11854	1,3	39,38	8,0	78,62	271	149
11855	1,1	0,1	2,0	0,1	203	149
11856	2,4	0,0	5,5	5,0	153	149
11857	141,108	75,86	142,115	95,59	298	149
11858	408,433	4,8	537,377	0,0	298	149
11859	438,472	4,0	573,407	0,0	298	149
11860	35,51	4,0	36,32	0,0	181	149
11861	42,49	0,1	50,44	0,0	181	149
11862	8,18	261,250	5,5	300,197	298	149
11863	292,293	1,4	336,229	2,4	181	149
11864	15,13	219,234	8,7	263,176	227	149
11866	106,110	1,0	110,85	2,0	298	149
11867	74,78	3372,3763	95,56	6724,5406	166	149
11868	3570,3929	108,87	5871,4461	143,122	298	149
11869	3736,4387	78,97	8427,6011	147,143	158	149
11870	4851,5670	29,26	9938,7004	23,31	245	149
11871	5567,6499	5,8	11095,7846	0,1	293	149
11872	745,855	5,8	1180,873	0,1	197	149
11879	18,14	597,652	13,15	1162,702	298	149
11880	591,609	0,0	948,669	1,0	298	149
11881	26,26	311,364	25,26	624,375	298	149
11882	0,5	310,367	10,4	566,423	298	149
11883	11,5	0,7	6,7	2,10	199	149
11895	2,2	57,58	5,3	61,52	298	149
11896	12,21	155,133	34,6	180,122	161	149
11897	81,123	0,1	118,70	0,0	298	149
11908	8,1	17,28	0,0	21,16	277	149
11910	194,250	0,4	160,106	0,0	298	149
11911	220,219	7,21	215,181	9,9	159	149
11912	270,283	2,0	285,183	0,0	298	149
11913	140,128	4,0	116,76	0,0	154	149
11915	4,4	6,12	4,11	17,21	153	149
11916	5,1	15,3	5,0	6,4	153	149
11924	10,11	5,2	10,6	0,3	160	149
11925	10,11	34,27	10,6	62,29	207	149
11926	5,2	34,27	0,3	62,29	196	149
11929	64,60	42,42	43,30	51,35	267	149
11930	44,45	0,1	55,36	0,0	298	149
11931	50,50	8,16	32,28	26,19	267	149
11932	13,2	0,0	3,2	4,0	180	149
11933	49,56	65,65	70,65	82,86	157	149
11941	104,119	0,3	151,92	2,4	284	149
11942	104,119	17,17	151,92	14,8	153	149
11945	19,14	3,4	14,14	8,1	161	149
11946	1,0	0,0	0,3	1,0	153	149
11947	175,155	133,167	159,169	273,193	161	149
11951	7,5	133,167	4,3	273,193	153	149
11954	282,357	1,9	446,336	0,1	298	149
11955	10,10	279,354	23,13	445,332	192	149
11956	0,0	1,2	2,2	3,6	208	149
11957	179,185	0,0	318,226	1,0	298	149
11958	5,1	101,107	4,0	168,137	177	149
11959	9,8	3,10	34,15	10,3	181	149
11960	105,114	3,10	198,152	10,3	153	149
11963	89,96	0,1	144,86	7,5	298	149
11964	1961,2517	21,35	2800,2305	25,28	298	149
11965	2233,2554	1,7	3043,2504	0,0	298	149
11966	17,15	1,0	16,5	0,0	298	149
11967	2174,2561	0,2	4127,2988	0,0	298	149
11968	14,5	7,3	9,12	7,10	298	149
11969	16,18	44,31	21,14	50,58	298	149
11970	18,21	44,31	22,21	50,58	298	149
11972	3,2	56,71	5,11	132,79	162	149
11973	3,5	56,71	12,8	132,79	168	149
11974	2,4	2,1	7,0	0,3	155	149
11975	2,1	0,1	5,8	3,1	168	149
11976	1,1	1,2	5,8	0,0	162	149
11977	4,1	1,2	6,8	0,0	168	149
11978	55,51	1,2	119,74	0,0	298	149
11981	58,52	2,0	114,72	1,0	298	149
11984	75,68	2,3	128,78	0,1	298	149
11985	115,129	1,3	191,155	3,1	298	149
11987	87,101	0,0	150,91	2,0	214	149
11988	28,45	0,0	62,27	1,0	214	149
11989	16,15	0,2	47,52	6,2	258	149
11990	0,0	0,1	0,1	1,0	298	149
11993	3,3	4,11	0,1	14,10	264	149
11996	3,3	1207,1574	3,2	3249,2218	298	149
11997	1031,1180	2,0	1557,1189	0,0	298	149
11998	1862,2222	10,9	2804,2092	9,6	298	149
11999	1033,1191	2,0	1559,1189	0,0	298	149
12001	153,175	1,0	264,192	0,2	206	149
12002	26,21	275,330	19,8	482,343	274	149
12003	19,14	12,10	4,10	5,6	274	149
12004	0,1	24,17	2,3	44,27	158	149
12005	66,61	117,103	115,81	272,157	298	149
12008	10,5	1,0	8,21	2,1	298	149
12009	0,0	0,3	3,8	0,0	181	149
12010	0,0	1,0	3,0	0,0	209	149
12011	0,0	1,0	3,0	0,0	251	149
12017	1,0	21,26	1,0	9,8	210	149
12018	23,18	189,188	23,10	199,126	212	149
12019	7,6	42,38	0,2	61,39	212	149
12020	8,9	360,399	3,0	545,401	298	149
12021	374,441	10,16	519,430	8,5	298	149
12022	438,520	4,9	699,607	0,0	298	149
12023	5,7	201,218	5,6	390,214	165	149
12024	5,1	208,205	1,5	345,205	154	149
12025	0,1	101,96	3,1	186,159	160	149
12026	5,7	1,0	0,1	0,0	298	149
12027	729,624	5,0	755,463	2,0	298	149
12028	293,327	1,2	332,238	0,0	298	149
12030	9,12	8,11	25,9	10,13	220	149
12031	10,12	365,438	22,9	417,346	298	149
12032	10,13	365,438	10,13	417,346	277	149
12033	4,3	6,11	0,0	6,5	298	149
12034	0,2	52,63	0,0	74,52	237	149
12035	33,22	114,96	36,25	39,25	298	149
12036	2,2	7,7	2,0	19,7	160	149
12038	34,30	43,42	43,41	84,69	156	149
12039	1,2	1,0	0,4	0,0	156	149
12043	111,142	2,0	148,100	0,0	191	149
12044	3,2	1,1	0,0	7,2	298	149
12045	1,0	3,2	1,0	13,8	265	149
12046	59,59	88,78	73,53	118,58	170	149
12047	4,4	1,7	4,0	3,3	170	149
12048	3,4	2,0	0,0	1,1	170	149
12049	2,4	246,228	4,3	283,195	192	149
12050	0,1	9,4	1,0	4,4	192	149
12051	8,3	28,29	0,6	47,38	191	149
12056	232,255	58,39	283,225	57,37	176	149
12059	257,252	0,2	442,301	0,2	298	149
12060	3,13	0,2	4,1	2,1	208	149
12061	132,133	4,0	98,80	0,1	298	149
12062	0,4	52,66	2,2	16,19	157	149
12086	23,20	0,1	18,23	0,0	298	149
12087	306,312	0,0	545,425	0,2	298	149
12088	392,423	0,1	699,557	0,0	298	149
12089	98,122	0,1	158,138	0,0	209	149
12090	359,376	6,17	594,479	4,6	209	149
12091	25,29	0,1	31,17	0,0	298	149
12092	51,61	0,2	89,53	1,0	298	149
12093	13,15	3,7	7,0	2,0	229	149
12094	5,5	3,7	6,1	2,0	298	149
12095	1,1	8,11	7,4	4,0	298	149
12098	4,11	0,0	10,8	1,1	298	149
12103	187,195	1,0	331,211	0,0	233	149
12104	3,1	26,47	2,2	20,23	298	149
12105	66,73	2,4	76,39	5,3	283	149
12106	12,15	11,14	21,8	9,6	298	149
12109	0,2	3,4	0,0	1,0	209	149
12112	10,11	4,4	9,5	10,0	173	149
12128	0,1	639,745	2,2	871,714	298	149
12129	8,3	0,2	0,1	0,0	298	149
12130	574,596	4,4	643,444	0,0	298	149
12131	538,639	0,2	736,461	0,0	210	149
12132	45,62	5,1	109,74	8,3	298	149
12142	2,6	45,46	1,4	44,30	152	149
12146	28,23	3,2	31,13	1,0	159	149
12147	870,757	3,2	1193,870	1,0	189	149
12149	164,157	10,17	242,161	16,23	189	149
12150	807,753	10,17	1347,902	16,23	298	149
12151	676,635	33,36	1147,770	41,29	298	149
12152	2,0	823,772	0,0	1382,917	197	149
12153	645,669	8,4	935,736	3,3	298	149
12154	919,941	0,2	1427,1029	0,0	199	149
12155	307,313	0,2	559,315	0,0	280	149
12156	30,31	642,659	63,22	931,736	230	149
12157	12,13	3,5	7,7	0,0	298	149
12158	13,18	1,0	7,8	0,0	298	149
12159	393,411	1,1	677,527	0,0	298	149
12160	2,7	327,376	2,1	503,332	296	149
12161	440,446	1,0	682,485	0,0	298	149
12162	271,318	1,2	393,299	0,0	298	149
12163	1,7	228,256	0,1	336,262	165	149
12164	404,498	0,11	740,519	8,2	188	149
12165	8,9	355,415	10,3	635,457	219	149
12169	0,0	2,0	0,1	0,0	181	149
12170	91,77	0,4	142,128	3,1	298	149
12172	68,103	2,1	136,90	0,0	298	149
12174	0,2	50,77	0,0	79,68	154	149
12175	49,71	1,0	111,89	0,1	298	149
12177	86,64	2,1	105,78	1,0	154	149
12178	530,528	5,9	940,704	4,0	298	149
12179	115,145	2,3	204,169	5,3	164	149
12186	597,693	0,2	918,626	1,0	171	149
12188	0,3	13,15	0,6	10,18	162	149
12189	0,3	3,4	0,3	9,8	162	149
12194	16,21	796,824	25,7	1202,897	163	149
12195	553,571	5,10	982,730	13,8	171	149
12196	102,112	2,0	191,123	0,0	171	149
12202	441,521	14,19	971,696	7,13	222	149
12212	161,194	14,16	224,153	25,20	213	149
12213	54,76	1,8	48,40	4,9	213	149
12214	295,337	1,8	410,293	4,9	298	149
12215	276,313	2,6	395,285	1,3	298	149
12218	13,23	4,0	23,30	4,5	244	149
12219	6,11	0,1	9,4	0,0	298	149
12220	15,16	5,2	6,4	0,0	298	149
12221	4,8	5,11	0,1	3,4	298	149
12222	104,96	39,24	116,96	37,35	170	149
12223	197,189	39,24	252,187	37,35	248	149
12224	128,120	35,27	152,109	16,18	227	149
12225	3,2	3,0	2,2	4,0	298	149
12226	5,8	50,62	4,5	56,34	298	149
12231	9,5	0,1	5,6	0,0	194	149
12232	3,1	14,4	1,0	11,1	298	149
12233	4,0	0,0	7,1	1,1	259	149
12234	7,7	1,4	19,10	0,0	153	149
12235	355,357	0,2	428,274	0,0	153	149
12238	34,62	2,2	27,33	1,0	298	149
12242	25875,27631	161,209	50347,37608	290,251	196	149
12243	5389,5659	137,118	11354,8721	311,212	169	149
12244	15826,15966	79,114	28171,22307	61,60	298	149
12245	7966,8355	0,2	16367,12142	1,0	216	149
12246	169,191	0,0	218,176	2,3	203	149
12247	381,381	1,3	605,497	0,3	298	149
12249	0,0	135,132	0,2	256,179	155	149
12250	198,211	1,1	231,175	9,0	298	149
12252	15,17	0,0	23,20	0,1	245	149
12255	0,1	8,9	3,1	5,6	154	149
12256	1,8	4,7	3,3	9,1	176	149
12257	29,30	0,1	31,18	1,1	187	149
12258	53,40	312,319	16,11	144,98	188	149
12259	44,37	0,1	132,92	5,5	245	149
12260	0,2	1206,1255	1,1	1656,1271	153	149
12263	0,1	30,27	0,0	47,35	153	149
12264	99,118	0,1	91,63	0,0	298	149
12265	290,520	2,0	448,200	1,2	173	149
12267	1288,1436	0,1	2000,1453	0,0	298	149
12268	11,10	1327,1624	4,3	2024,1593	170	149
12276	5061,6180	2,4	10078,7391	3,1	298	149
12277	40,34	4987,6109	39,19	9975,7322	298	149
12278	78,74	0,1	103,69	0,0	298	149
12279	4760,5422	4,3	9252,6828	0,0	298	149
12280	75,72	2,1	103,69	0,0	298	149
12281	41,37	1,1	39,19	0,0	298	149
12282	1,3	3881,4324	0,0	6450,5017	153	149
12283	3574,4036	80,93	7117,5183	123,103	298	149
12284	6,0	6,15	7,3	27,20	194	149
12285	1,0	2,1	3,1	0,3	194	149
12286	0,0	1,0	5,0	1,2	153	149
12288	1,0	15,16	0,0	26,16	175	149
12290	78,101	4,1	104,72	0,0	280	149
12291	193,236	10,5	241,208	1,6	280	149
12292	122,138	2,0	140,138	0,0	298	149
12293	7,5	104,102	4,2	146,91	273	149
12294	14,22	2,0	32,14	1,3	298	149
12295	20,39	6,6	34,28	4,2	187	149
12296	14,35	2,0	34,21	1,3	298	149
12297	6,10	2,0	14,5	1,3	298	149
12298	9,10	0,1	13,14	0,0	187	149
12299	3,6	0,1	13,7	0,0	298	149
12300	0,5	0,1	10,3	0,0	298	149
12302	4,8	10,18	14,5	14,12	298	149
12303	5,8	1,0	9,4	0,3	298	149
12305	11,18	1,0	14,12	0,3	181	149
12313	1,1	0,0	0,0	2,0	231	149
12314	2,2	0,0	3,0	2,0	265	149
12321	5663,6014	1,3	8764,6674	0,0	298	149
12322	1,9	5496,5865	0,1	8653,6574	153	149
12323	2669,3485	0,1	5740,4030	0,0	298	149
12324	2606,3425	3,2	5719,3997	1,1	152	149
12325	78,82	141,158	131,126	345,194	207	149
12326	2770,3284	3,4	4408,3352	0,3	298	149
12327	78,83	2667,3175	131,126	4326,3258	207	149
12328	615,664	42,40	1165,762	138,55	161	149
12329	426,537	0,0	783,523	0,2	164	149
12330	1007,1249	0,0	1806,1214	0,2	194	149
12331	1411,1724	0,0	2638,1785	0,2	215	149
12332	1451,1773	0,0	2699,1846	0,2	218	149
12333	585,717	4,5	1027,692	4,1	179	149
12334	989,1192	4,5	1859,1263	4,1	200	149
12335	1029,1241	4,5	1920,1324	4,1	203	149
12336	405,489	1,14	847,579	15,8	170	149
12337	445,538	1,14	908,640	15,8	173	149
12339	77,117	0,2	163,97	0,0	152	149
12340	409,503	0,2	861,573	0,0	170	149
12341	332,386	0,0	702,476	4,0	167	149
12342	195,214	11,8	243,169	3,7	242	149
12343	194,213	11,8	245,172	3,7	245	149
12344	199,220	11,8	255,172	3,7	251	149
12345	1,1	2,2	3,3	1,0	152	149
12346	6,8	2,2	13,3	1,0	158	149
12348	110,123	0,2	162,106	4,0	221	149
12349	64,68	270,284	94,91	129,87	153	149
12350	7,8	0,0	2,8	2,1	153	149
12353	91,123	1,0	175,139	9,1	269	149
12354	220,241	1,1	455,307	0,0	298	149
12355	1,0	0,0	0,0	0,1	153	149
12358	356,411	3,0	1014,644	0,0	236	149
12359	356,412	2,7	1007,641	1,4	236	149
12360	1285,1264	2,1	3145,2068	7,3	236	149
12364	6,5	3,7	9,4	3,3	298	149
12367	0,0	4,6	1,0	16,7	298	149
12369	0,0	6,5	1,0	4,10	231	149
12373	2,0	1,0	0,0	1,0	163	149
12375	2,2	1,0	4,5	0,0	170	149
12376	11,33	2,3	14,4	0,0	231	149
12377	160,217	8,1	261,166	5,1	298	149
12378	194,232	0,1	221,158	0,0	298	149
12379	2,8	30,28	6,0	45,31	168	149
12380	2,11	189,196	20,12	387,251	168	149
12382	15,14	1,0	6,6	0,0	298	149
12384	6,22	3,3	13,2	0,1	298	149
12386	254,216	23,26	526,361	51,33	154	149
12388	4,3	12,14	4,5	17,12	298	149
12389	6,22	6,15	15,8	8,5	298	149
12390	299,443	9,12	547,402	19,5	298	149
12391	210,293	3,2	343,211	0,0	298	149
12392	12,5	239,334	6,7	450,265	158	149
12393	305,347	37,31	436,306	49,24	181	149
12401	14,8	0,2	7,7	2,2	153	149
12414	4,1	152,135	0,4	278,159	213	149
12418	13,14	2,2	29,19	2,2	155	149
12420	6,1	2,0	2,0	1,0	168	149
12424	160,158	28,33	263,197	74,46	170	149
12428	1,1	3,1	9,2	0,2	298	149
12429	9,11	16,23	14,6	19,13	298	149
12430	0,0	0,4	9,2	0,0	298	149
12435	109,104	37,38	179,125	59,41	164	149
12437	0,0	0,2	1,2	0,0	298	149
12440	403,452	18,14	774,537	38,19	221	149
12442	713,738	2,4	1155,789	0,0	298	149
12443	0,2	681,798	0,0	1298,1029	192	149
12446	430,498	14,12	680,495	11,6	294	149
12447	436,509	14,12	703,510	11,6	298	149
12448	41,67	3,3	78,49	4,3	170	149
12449	0,0	184,212	1,0	267,161	279	149
12451	6315,6513	1,3	12824,9238	0,1	298	149
12452	22,31	5,9	68,33	12,3	153	149
12453	74,75	6127,6582	81,50	13041,9919	153	149
12454	4102,4159	0,1	8364,6127	0,0	265	149
12455	10155,10666	0,1	21324,15996	0,0	261	149
12456	3,6	1,0	8,3	0,5	172	149
12457	3,3	1,0	8,3	0,0	172	149
12458	5,2	39,31	5,7	23,14	193	149
12467	3,2	84,102	1,2	131,88	298	149
12470	0,4	0,1	0,0	0,1	180	149
12471	0,0	2,0	0,4	1,3	263	149
12472	11,3	2,0	1,0	2,0	169	149
12475	3,1	2,0	0,1	0,0	217	149
12476	3,4	2,0	1,5	0,0	298	149
12477	1,3	1,0	1,6	0,1	249	149
12478	24,33	15,5	19,17	17,9	298	149
12481	9,13	15,5	11,10	17,9	298	149
12483	12,14	1,0	13,11	1,0	298	149
12484	18,23	1,0	26,23	1,0	298	149
12485	9,10	3,1	17,13	2,1	298	149
12492	4,0	0,4	2,2	0,2	231	149
12514	0,0	4,0	3,0	0,0	298	149
12521	1,0	1,1	0,1	0,0	278	149
12522	6,3	61,70	4,3	67,51	192	149
12523	159,151	0,0	211,149	8,0	298	149
12524	1,13	16,27	3,4	13,8	298	149
12525	18,35	0,1	26,16	0,0	298	149
12530	518,626	3,4	1180,850	1,5	298	149
12532	1,0	5,8	0,0	4,10	298	149
12534	1,1	1,0	1,2	0,0	203	149
12544	11,9	1,2	9,6	0,4	298	149
12545	80,107	0,2	79,31	0,0	298	149
12553	18,11	21,13	23,30	28,18	153	149
12554	24,24	2,2	32,44	2,5	188	149
12555	27,26	2,2	37,32	2,5	184	149
12556	5,0	5,1	3,0	8,4	298	149
12558	4,1	7,5	9,6	15,8	169	149
12559	4,1	8,4	9,6	9,4	298	149
12560	7,5	8,4	15,8	9,4	289	149
12561	0,2	1,1	1,6	0,3	298	149
12562	307,357	251,297	254,197	390,286	265	149
12563	352,423	10465,10848	284,231	18944,14184	265	149
12564	10524,10930	18,15	19016,14234	5,7	298	149
12565	79,102	0,0	180,142	1,0	298	149
12567	18,15	1,0	19,17	0,0	196	149
12568	21,16	0,0	24,19	1,0	196	149
12570	42,25	65,73	50,41	107,74	193	149
12573	145,192	0,0	231,173	2,2	197	149
12576	7,6	160,163	13,3	226,149	165	149
12580	256,309	16,10	475,329	18,6	248	149
12590	23,12	0,0	25,30	2,1	279	149
12592	202,199	3,0	363,328	0,0	186	149
12593	81,77	3,1	84,100	5,2	166	149
12594	308,332	12,11	666,449	33,17	163	149
12596	7,15	10,17	14,23	23,26	191	149
12597	7,15	1,1	14,23	0,0	161	149
12598	6,7	30,32	7,3	42,18	159	149
12599	5,5	44,46	0,0	54,26	298	149
12600	0,1	29,29	0,0	48,26	165	149
12602	1,1	3,13	1,0	9,9	298	149
12603	14,15	1,0	8,10	1,1	251	149
12607	16,14	1,1	11,6	0,0	251	149
12609	10,12	0,0	9,5	1,0	251	149
12610	2,7	36,50	10,0	61,43	258	149
12615	6,7	3,3	3,7	9,1	298	149
12625	150,148	8,2	197,107	1,5	265	149
12627	11,12	266,250	17,19	486,354	298	149
12629	50,49	268,300	21,24	406,269	298	149
12630	228,242	0,1	231,210	0,0	298	149
12631	16,41	86,98	31,19	136,91	298	149
12633	0,2	9,4	2,1	9,1	185	149
12634	18,14	9,7	34,21	11,6	298	149
12639	62,59	12,13	112,96	23,14	153	149
12643	581,646	0,1	880,663	0,0	291	149
12644	79,74	285,266	91,62	618,395	298	149
12645	0,0	1,2	0,1	0,0	185	149
12646	0,1	0,4	0,1	0,0	205	149
12657	4,6	63,48	8,5	73,61	163	149
12658	16,23	16,12	63,36	23,22	298	149
12659	32,46	16,12	83,36	23,22	298	149
12660	20,27	4,2	28,5	7,4	152	149
12661	0,1	40,40	0,0	65,33	160	149
12662	33,31	9,9	56,26	13,13	153	149
12672	97,89	1,10	134,96	0,0	204	149
12673	14,11	39,35	13,4	63,52	154	149
12674	2,7	2,5	6,2	4,1	154	149
12678	26,31	1,0	44,37	1,0	298	149
12680	32,29	69,79	37,13	104,82	298	149
12681	121,107	3,2	123,80	0,1	298	149
12687	14,20	0,5	28,23	2,4	298	149
12689	1,8	0,1	4,8	0,1	266	149
12690	2,2	1,0	4,2	1,0	175	149
12697	30,57	0,1	55,41	0,2	298	149
12699	11,5	32,31	6,3	21,22	298	149
12703	611,733	60,68	937,616	66,35	202	149
12704	4469,4988	0,0	6333,4304	1,1	197	149
12705	892,911	0,0	1047,711	1,1	207	149
12706	18,20	3595,4097	12,11	5298,3604	159	149
12707	874,892	0,1	1035,700	0,0	197	149
12708	3090,3310	1,0	3414,2422	0,0	298	149
12709	2508,2834	0,1	3051,2270	0,0	298	149
12710	17,35	2,2	5,5	0,0	298	149
12711	2811,3303	10,32	3927,2922	4,1	298	149
12712	1,4	1,7	8,0	0,0	298	149
12713	1,0	28,53	0,0	68,66	207	149
12714	6,6	3,0	13,12	4,9	176	149
12715	21,22	2,1	45,28	4,1	153	149
12716	11,28	0,0	46,32	1,0	221	149
12717	3951,4218	0,0	2692,1812	2,0	298	149
12723	17,23	2,0	13,7	0,0	231	149
12724	1,1	0,0	0,2	2,3	178	149
12725	8,9	20,38	4,11	22,33	197	149
12726	30,26	1,0	42,13	0,0	298	149
12727	67,46	1,11	105,34	3,10	298	149
12741	29,28	13,24	29,30	24,24	178	149
12742	113,111	27,26	146,120	37,31	194	149
12743	63,66	38,47	69,56	36,45	158	149
12744	103,121	0,0	175,178	1,0	202	149
12745	5,10	211,272	9,3	314,192	195	149
12747	1208,1267	16,8	1293,1046	9,10	292	149
12752	65,111	13461,24012	30,28	139,62	170	149
12753	14,6	299,316	7,3	494,354	213	149
12754	3,7	96,106	2,3	134,81	162	149
12755	114,129	1,0	156,104	1,0	298	149
12758	7,7	4,2	4,2	1,0	196	149
12759	11,11	214,187	5,3	354,279	196	149
12767	0,2	56,63	5,0	98,40	298	149
12768	82,94	1,3	172,144	6,0	298	149
12771	0,0	4,5	2,1	12,5	220	149
12772	590,576	0,2	1004,618	4,0	205	149
12775	1,1	269,287	5,1	397,255	212	149
12776	188,175	2,6	107,71	0,0	298	149
12777	2,4	2,2	2,2	7,5	152	149
12783	1188,1258	0,3	1654,1103	0,0	298	149
12798	5,4	2,0	1,0	5,4	157	149
12801	0,1	2,0	0,0	2,3	298	149
12802	0,2	6,0	1,0	11,2	298	149
12803	4,2	0,0	13,6	0,1	271	149
12804	11,6	0,0	6,21	0,1	298	149
12806	64,91	14,16	103,50	9,8	180	149
12807	20,26	0,0	57,42	2,2	298	149
12809	1,5	1,1	1,1	1,1	259	149
12810	207,178	0,0	405,312	0,1	298	149
12811	210,265	80,92	379,207	175,83	182	149
12812	27,21	3,0	38,14	2,0	182	149
12816	10,7	177,156	6,10	329,215	222	149
12817	2,0	1,1	2,2	0,0	298	149
12818	4773,5520	2,0	8465,6119	2,2	298	149
12819	246,238	4772,5517	167,125	8465,6119	298	149
12820	4887,5306	7,0	8615,6454	0,0	298	149
12830	0,0	1,0	1,0	1,0	161	149
12832	1,0	7,1	0,0	3,1	298	149
12836	336,284	3,0	796,584	6,3	218	149
12838	15,31	10,14	6,19	24,9	254	149
12839	162,167	7,9	166,129	6,2	170	149
12840	3,0	147,159	2,2	152,77	153	149
12841	53,69	116,132	52,57	173,123	173	149
12842	8,13	1,4	3,3	0,0	156	149
12845	925,902	3,3	1720,1295	3,0	298	149
12846	177,162	2,0	317,229	0,0	200	149
12847	594,551	464,448	970,763	978,719	200	149
12849	2,2	0,2	3,0	0,0	298	149
12850	830,861	1,0	1792,1177	0,0	298	149
12854	793,832	2,2	1806,1177	0,1	298	149
12855	0,1	272,345	0,0	629,397	195	149
12861	131,171	1,0	297,191	4,4	271	149
12862	18,14	256,235	12,12	333,230	298	149
12863	18,12	0,3	7,7	2,0	219	149
12864	68,43	1,0	33,21	0,0	219	149
12865	9,11	2,3	9,11	0,1	184	149
12866	25,27	2,3	26,25	0,1	263	149
12867	19,18	3,2	17,17	0,3	228	149
12868	1,3	1,0	1,1	2,0	165	149
12869	1,5	6,3	4,5	0,3	165	149
12870	123,110	0,1	237,133	0,0	217	149
12874	4,18	19,14	20,9	24,21	298	149
12875	16,36	0,0	37,24	0,2	298	149
12876	34,40	0,0	49,41	0,2	272	149
12880	2,0	0,1	0,2	2,1	237	149
12885	83,88	0,0	112,85	2,0	154	149
12891	1,3	1,10	3,3	41,20	298	149
12892	460,492	25,44	999,779	98,53	252	149
12893	91,93	9,4	183,121	41,26	298	149
12894	32,38	366,384	32,21	767,628	298	149
12895	10,23	474,465	35,36	1344,891	176	149
12896	10,18	5,13	34,34	12,12	176	149
12897	10,18	0,1	30,36	3,0	176	149
12898	74,112	532,611	108,77	835,551	265	149
12899	2,0	96,89	0,0	141,98	298	149
12900	3,4	350,377	0,3	640,432	227	149
12901	251,328	2,2	370,248	3,0	298	149
12902	61,71	0,1	73,49	0,0	298	149
12906	5,4	0,0	3,6	1,0	238	149
12909	5,3	2,0	5,6	0,0	238	149
12910	5,3	0,0	3,7	0,2	243	149
12913	190,219	0,2	280,210	0,0	298	149
12914	17,13	189,215	27,20	280,210	156	149
12919	91,89	1,0	57,37	0,0	188	149
12920	92,89	0,3	57,37	2,6	188	149
12921	50,54	2,0	52,65	1,2	298	149
12922	14,20	8,7	19,18	1,2	280	149
12923	15,21	1,2	22,20	3,1	280	149
12925	379,347	4,0	819,520	0,0	298	149
12926	0,4	175,214	3,0	171,119	155	149
12927	205,232	6,3	225,174	2,2	161	149
12928	236,238	9,0	251,157	2,1	233	149
12929	166,205	1,0	241,189	0,1	242	149
12936	0,0	104,89	11,1	179,128	161	149
12940	16,20	3428,3849	35,20	5544,3978	159	149
12941	5,7	4,7	5,2	9,0	174	149
12944	38,33	3,5	19,17	2,1	278	149
12945	60,56	0,7	31,36	3,1	298	149
12946	35,40	0,7	19,22	3,1	242	149
12948	30,25	1,0	13,8	2,0	278	149
12949	97,118	3,1	120,67	2,0	172	149
12951	0,3	6,11	0,0	2,0	168	149
12957	25,21	0,0	28,31	1,0	286	149
12981	2,3	0,0	5,7	1,0	236	149
12982	3,13	65,127	6,7	55,58	236	149
12983	8,20	0,1	19,9	1,2	160	149
12984	65,90	1,2	82,51	3,1	151	149
12992	4,3	38,53	0,0	65,46	298	149
13000	30,16	2,3	25,25	2,1	188	149
13003	3,5	5,6	5,2	4,3	195	149
13006	5,7	1,0	4,5	0,0	215	149
13009	27,32	0,2	39,26	5,1	194	149
13014	22,13	2,11	13,16	14,7	298	149
13015	28,17	2,0	22,29	4,0	298	149
13016	13,17	2,0	28,22	4,0	194	149
13023	1,2	0,0	3,0	1,0	185	149
13026	0,2	14,4	2,2	11,0	298	149
13029	1,0	0,0	0,1	0,1	298	149
13034	74,102	16,24	93,65	15,11	171	149
13035	187,178	0,0	274,157	0,2	298	149
13043	1,9	787,736	1,0	1397,1055	180	149
13044	39,61	1,0	69,48	0,0	298	149
13057	9,11	36,30	4,6	18,29	298	149
13060	25631,26430	0,1	56021,41097	0,2	298	149
13061	26687,28855	14,10	64247,47269	0,2	298	149
13063	476,448	1,1	795,577	3,0	298	149
13066	4,5	139,143	11,5	255,207	155	149
13069	4558,4765	2,6	6867,5164	0,0	151	149
13071	20,41	0,0	26,9	1,0	298	149
13072	0,1	5,1	2,0	0,0	176	149
13073	2,2	205,258	5,1	304,221	162	149
13074	475,592	2,11	738,555	2,4	298	149
13075	33,24	4,2	43,30	0,0	175	149
13076	13,22	1,0	27,10	0,0	187	149
13078	137,135	1,0	187,122	0,0	298	149
13079	137,138	10,14	188,122	5,6	298	149
13082	236,267	0,1	263,163	0,0	298	149
13084	16,11	5,3	6,7	1,5	298	149
13086	250,330	2,2	479,348	2,7	187	149
13087	2061,2072	23,16	3677,2594	33,14	254	149
13088	1165,1389	21,17	2054,1376	36,24	175	149
13090	11,17	13,4	16,8	7,3	257	149
13092	6,9	439,483	4,0	468,364	153	149
13093	28,22	64,59	27,6	41,33	298	149
13094	461,496	64,59	491,370	41,33	298	149
13095	444,491	16,6	479,365	16,29	298	149
13096	69,67	16,6	52,34	16,29	298	149
13097	541,650	0,2	533,374	0,0	298	149
13098	581,683	0,1	565,409	0,0	298	149
13099	19,28	106,112	21,14	101,66	298	149
13100	18,23	2,2	19,13	2,1	298	149
13104	19,24	106,112	21,13	101,66	298	149
13105	18,19	2,2	19,12	2,1	298	149
13111	106,112	2,2	101,66	2,1	153	149
13115	79,62	2,1	65,70	0,0	244	149
13118	196,247	0,1	390,221	0,0	298	149
13119	0,4	0,0	13,11	3,3	153	149
13120	78,94	53,49	204,113	69,54	298	149
13127	47,41	0,7	40,25	4,0	154	149
13128	13,2	20,21	11,12	21,6	194	149
13129	2,8	0,2	4,1	1,0	205	149
13133	2,0	92,103	3,1	158,152	224	149
13138	11,8	26,33	4,4	21,11	153	149
13140	4,0	6,18	1,0	7,10	218	149
13141	8,1	4,0	12,8	9,1	164	149
13142	24,43	79,75	40,31	85,43	288	149
13143	21,24	58,89	35,19	89,72	298	149
13144	1,6	1,1	11,7	0,0	196	149
13150	408,454	17,6	344,275	13,8	298	149
13151	3,1	2,1	6,4	0,0	216	149
13152	139,177	0,1	197,116	0,5	153	149
13161	10,17	423,370	16,11	721,599	188	149
13163	326,313	1,0	533,451	0,0	298	149
13168	354,301	295,274	288,172	250,182	200	149
13169	106,91	2,6	85,53	1,1	200	149
13170	33,44	1614,1727	20,15	1895,1299	160	149
13171	106,90	3,0	85,53	0,2	200	149
13172	105,90	3,6	86,52	0,1	200	149
13173	3,2	0,2	4,6	0,0	298	149
13174	5,2	0,3	5,1	2,0	298	149
13175	2,7	64,71	3,2	137,88	154	149
13176	1,5	0,1	4,3	0,0	298	149
13177	6,6	6,7	3,6	9,5	192	149
13178	16,37	0,1	54,52	1,0	298	149
13180	0,0	0,2	0,2	0,0	192	149
13186	3,4	86,115	1,1	109,69	151	149
13188	4,33	0,2	13,1	0,0	167	149
13190	100,102	5,11	72,57	4,6	158	149
13197	7,6	1,3	2,12	0,0	174	149
13198	11,23	3,6	9,13	2,6	158	149
13199	7,1	8,6	3,6	11,5	222	149
13202	0,2	0,0	0,0	1,1	160	149
13212	28,50	0,0	84,39	0,2	298	149
13213	286,382	5,5	648,449	3,2	153	149
13220	9,24	1,0	12,10	0,2	298	149
13221	33,29	0,1	22,17	5,0	178	149
13228	11,10	0,0	27,32	0,2	153	149
13229	190,217	4,1	312,274	4,2	153	149
13230	9,9	1,0	16,7	0,0	296	149
13232	9,9	3,0	16,7	0,1	296	149
13233	32,38	0,2	50,28	0,2	298	149
13234	31,36	0,2	44,26	0,2	298	149
13245	7,9	2,2	7,0	5,0	226	149
13248	3,0	5,2	2,0	6,3	184	149
13252	2,2	0,0	1,0	0,2	200	149
13257	5,4	0,1	6,7	1,0	232	149
13259	78,93	0,2	151,90	1,2	164	149
13263	264,255	17,16	397,274	30,20	173	149
13264	5,3	50,83	4,0	59,48	161	149
13265	297,322	1,0	420,346	0,0	298	149
13275	423,450	5980,6839	480,345	9558,7232	285	149
13276	287,292	4,1	333,252	1,0	285	149
13292	84,130	44,62	174,125	92,49	212	149
13293	35,44	1,2	42,30	3,0	212	149
13294	208,181	2,1	273,203	4,3	192	149
13295	6,3	153,157	5,1	174,178	203	149
13297	13,2	1,0	11,10	0,1	158	149
13298	111,83	15,19	139,130	19,28	158	149
13300	32,33	0,0	50,44	1,0	186	149
13301	68,75	0,0	114,101	1,0	234	149
13303	163,165	0,0	270,242	2,0	234	149
13305	12,1	130,120	4,3	241,197	291	149
13306	10,0	130,120	3,3	241,197	298	149
13307	2,8	2,1	1,1	1,0	266	149
13313	379,500	0,0	686,473	2,0	167	149
13314	95,128	0,2	160,97	0,1	273	149
13320	56,41	0,1	2,1	0,0	298	149
13322	12,17	89,129	12,9	167,96	298	149
13323	3,4	248,349	0,0	471,217	160	149
13329	0,5	0,2	1,1	1,1	153	149
13335	32,36	51,65	44,32	37,30	298	149
13336	2,1	51,65	0,1	37,30	229	149
13338	51,65	3,3	37,30	1,0	298	149
13339	0,1	0,1	0,0	0,1	298	149
13341	29,34	3,3	44,31	1,0	298	149
13343	3,2	51,65	0,1	37,30	298	149
13344	2,1	31,21	0,1	44,29	229	149
13352	58,51	28,48	79,70	93,84	298	149
13361	0,0	0,3	0,1	0,0	153	149
13362	0,0	0,3	0,1	0,0	161	149
13375	3,8	158,151	11,9	222,204	221	149
13380	236,229	144,130	378,300	219,190	196	149
13381	3,14	311,377	8,2	655,454	233	149
13382	23,7	92,118	18,11	163,134	154	149
13386	359,386	0,0	340,288	0,1	157	149
13390	122,138	6,16	174,103	7,0	257	149
13396	0,1	1,0	0,3	0,0	298	149
13399	86,90	26,47	103,50	60,48	224	149
13402	24,14	817,895	15,8	1564,1086	247	149
13403	9,10	0,0	13,7	2,1	247	149
13405	482,393	19,37	537,450	5,2	298	149
13406	366,436	0,1	432,267	0,0	298	149
13407	10,17	176,206	16,14	308,246	187	149
13408	1,0	138,106	0,0	141,99	298	149
13409	1,4	2,4	2,6	0,4	298	149
13410	6,2	33,50	5,2	79,41	298	149
13411	6,2	0,2	0,0	5,0	298	149
13413	0,1	31,35	1,0	79,64	298	149
13414	282,314	1,0	326,205	0,0	298	149
13415	15,21	350,345	18,7	377,273	298	149
13416	102,130	8,7	112,63	7,6	171	149
13417	1,0	40,46	2,0	61,24	176	149
13418	3,0	0,0	3,1	1,0	183	149
13419	10,5	0,0	15,2	1,0	292	149
13420	7,5	0,0	13,1	1,0	258	149
13421	6,14	0,3	0,0	0,3	174	149
13427	371,432	1,3	536,432	0,1	298	149
13428	12,11	0,1	10,11	2,0	206	149
13429	55,64	6,2	70,57	0,0	206	149
13430	0,1	26,22	0,0	34,25	224	149
13440	63,98	5,1	156,121	3,2	233	149
13441	72,94	3,2	170,114	1,1	298	149
13442	46,55	3,2	105,66	1,1	298	149
13444	449,463	2,6	791,545	0,0	298	149
13455	1,1	36,28	1,0	94,69	155	149
13456	0,0	2,1	0,2	0,0	298	149
13457	8,4	125,122	4,6	171,137	290	149
13458	2,0	86,89	4,1	146,105	153	149
13459	3,0	0,0	1,2	3,0	166	149
13462	17,19	5,6	45,25	21,7	281	149
13465	55,48	6,6	72,73	5,3	298	149
13466	51,56	3,0	63,61	1,0	153	149
13467	0,0	39,41	9,4	56,55	298	149
13469	4,3	2,1	4,10	2,1	191	149
13476	359,385	1,0	384,327	1,0	173	149
13477	256,260	0,0	249,183	1,0	298	149
13478	3,3	229,211	10,0	159,116	156	149
13479	8,3	2,0	3,0	0,0	153	149
13480	121,161	0,0	206,122	0,1	152	149
13481	52,108	0,0	132,110	2,0	298	149
13482	24,21	0,0	35,30	2,0	298	149
13483	4,7	0,0	7,11	2,0	298	149
13484	49,37	52,108	65,47	131,110	298	149
13485	29,23	52,108	37,28	131,110	298	149
13486	5,7	24,21	9,13	34,30	155	149
13492	103,134	8,3	164,154	3,3	154	149
13493	2,4	72,107	7,1	131,74	165	149
13494	111,126	0,1	165,71	0,3	157	149
13502	2,0	19,18	0,0	13,16	298	149
13503	3,2	3,4	2,1	4,1	172	149
13504	3,2	9,11	1,0	12,1	219	149
13505	533,629	0,1	965,602	0,1	298	149
13506	7,13	0,5	21,18	7,7	178	149
13507	10,14	0,0	10,11	3,0	159	149
13508	5,16	139,145	4,3	115,107	179	149
13510	14,21	45,39	27,21	97,73	222	149
13511	6,3	5,22	10,1	28,24	170	149
13512	34,41	0,3	25,4	1,0	298	149
13517	1,7	2,0	0,0	0,2	298	149
13518	91,90	0,1	115,102	1,3	298	149
13519	198,172	1722,1924	303,172	2526,1863	298	149
13520	0,2	0,0	0,0	3,0	154	149
13521	8,6	1413,1518	3,2	2301,1593	218	149
13525	0,0	19,14	1,2	26,9	154	149
13526	0,2	0,0	0,1	2,0	154	149
13529	65,75	1,1	69,49	0,0	298	149
13530	2,2	0,0	9,2	0,1	298	149
13532	430,473	0,1	222,126	0,0	298	149
13533	92,56	21,30	129,79	51,22	298	149
13534	23,32	291,260	24,21	455,361	175	149
13545	5,8	2,2	2,3	18,19	169	149
13546	4,12	92,102	7,10	161,128	169	149
13548	1,1	0,2	1,1	2,0	167	149
13549	1,1	88,101	1,2	172,144	183	149
13550	0,2	88,101	2,1	172,144	165	149
13554	0,1	0,0	6,5	1,1	153	149
13555	2,3	4,0	8,7	1,2	153	149
13558	6,7	375,354	5,1	516,355	177	149
13559	18,21	5,2	36,19	8,5	262	149
13560	0,1	38,38	2,1	37,30	215	149
13561	90,123	2,1	202,111	2,0	217	149
13562	32,23	693,697	24,14	1263,883	265	149
13563	1438,1359	10,7	2150,1598	2,0	298	149
13564	299,247	1,0	369,279	0,0	298	149
13565	62,81	410,672	73,57	544,292	153	149
13566	5,28	15,42	11,4	18,5	170	149
13567	31,67	0,0	30,6	3,0	170	149
13576	64,53	147,216	113,71	271,180	165	149
13577	91,103	0,2	172,110	0,0	298	149
13578	1,0	2,0	2,0	0,0	298	149
13581	0,2	0,1	1,5	0,0	254	149
13584	0,9	1,2	1,0	0,0	268	149
13588	0,5	0,0	0,0	1,0	155	149
13590	262,309	0,2	445,324	4,2	174	149
13591	369,426	1,4	710,531	0,0	298	149
13594	2,5	2,0	9,10	2,1	166	149
13605	0,0	58,63	2,0	101,61	204	149
13614	17,16	0,1	9,5	0,0	298	149
13616	3,8	0,0	3,1	2,0	171	149
13617	3,5	2,0	5,1	1,2	171	149
13618	38,59	423,604	83,59	782,542	171	149
13620	43,43	24,29	34,63	21,7	165	149
13625	48,73	1,0	115,86	0,0	178	149
13631	1,4	23,12	0,0	24,20	196	149
13640	248,234	717,728	278,158	955,745	275	149
13641	110,86	6,8	102,63	12,10	275	149
13642	858,912	1,1	1603,1215	0,1	288	149
13643	2,2	1,3	1,3	0,0	298	149
13644	4,3	1,3	0,2	0,0	298	149
13645	4,1	0,0	1,0	1,1	298	149
13646	8,2	0,1	2,7	1,0	199	149
13650	15,13	61,63	9,9	99,72	208	149
13651	7,8	6,3	6,8	4,6	208	149
13652	87,82	4,0	104,74	0,0	196	149
13656	1,2	3,3	2,3	1,2	157	149
13658	12,12	771,803	9,7	1199,941	173	149
13659	1116,1107	17,18	1875,1421	0,0	298	149
13660	1,0	1110,1107	1,0	1873,1420	167	149
13665	376,387	58,50	407,315	33,37	298	149
13666	51,37	0,2	59,51	5,2	211	149
13669	155,153	0,3	233,140	0,2	174	149
13670	140,139	0,1	211,129	0,0	298	149
13671	153,176	0,1	239,165	0,0	298	149
13672	129,153	6,3	258,214	1,0	298	149
13673	10,11	113,158	10,4	245,194	227	149
13674	166,178	6,1	264,219	2,0	298	149
13675	166,171	2,0	266,220	0,0	298	149
13677	0,3	14,26	0,2	18,18	198	149
13678	997,1146	2,0	1816,1295	1,0	156	149
13679	90,128	78,90	108,80	65,63	266	149
13682	5,4	0,0	3,2	1,0	185	149
13683	8,3	2,0	2,4	0,0	298	149
13690	0,0	4,0	3,0	4,4	182	149
13691	13,12	4,0	10,4	4,4	298	149
13692	32,35	4,0	37,28	4,4	298	149
13693	15,18	0,0	14,7	3,0	285	149
13694	38,41	0,0	43,32	3,0	298	149
13695	36,32	9,7	46,31	7,3	189	149
13696	7,4	0,2	0,0	2,1	238	149
13697	15,18	0,2	14,7	2,1	279	149
13698	38,42	0,2	44,34	2,1	298	149
13699	12,14	4,0	14,7	0,0	190	149
13700	39,39	4,0	53,35	0,0	230	149
13701	116,171	0,0	229,121	0,1	288	149
13702	151,127	0,0	203,131	1,0	160	149
13707	11,4	920,1094	11,7	1586,1218	298	149
13711	2,0	390,514	0,2	747,477	189	149
13712	820,909	96,135	1251,894	170,136	158	149
13713	662,773	1,0	1027,689	0,0	298	149
13714	3,2	0,2	0,3	0,0	298	149
13715	130,160	94,111	227,202	244,170	268	149
13716	68,107	0,0	113,80	3,1	152	149
13718	357,338	0,1	607,473	4,0	189	149
13719	29,65	2,3	60,35	1,2	298	149
13720	13,10	0,1	16,8	0,0	165	149
13721	49,45	2,5	68,40	5,9	165	149
13722	21,21	0,1	14,14	4,0	298	149
13723	30,27	3,2	23,14	0,0	298	149
13724	9,8	3,2	14,2	0,0	165	149
13730	1402,1621	12,23	3119,2340	6,4	298	149
13731	48,74	4,5	151,107	3,0	184	149
13732	762,772	3,5	1274,1064	1,2	298	149
13733	14,16	2,0	12,12	2,3	298	149
13734	60,90	4,5	161,116	3,0	298	149
13735	59,82	866,921	159,109	1878,1334	184	149
13736	1085,1270	2,3	2545,1805	13,5	161	149
13737	69,91	3,0	125,75	0,2	298	149
13739	502,439	164,192	867,551	287,234	239	149
13743	4,4	8,13	3,2	11,4	235	149
13744	10,23	44,30	22,6	31,19	298	149
13745	3,2	0,0	0,1	0,3	159	149
13746	7,3	32,36	6,6	41,30	159	149
13747	82,131	57,82	89,69	78,39	298	149
13748	3,2	3,2	2,0	3,9	151	149
13749	45,64	57,82	43,32	78,39	232	149
13750	45,64	57,82	44,41	78,39	230	149
13751	92,124	3,2	85,73	0,0	298	149
13752	41,52	8,19	20,14	12,11	298	149
13753	68,87	16,5	43,33	10,0	298	149
13754	86,118	3,2	77,61	3,9	298	149
13755	77,126	57,82	79,58	78,39	298	149
13758	54,63	16,5	41,31	10,0	211	149
13759	91,123	3,2	87,72	3,9	298	149
13762	66,79	3,2	62,51	3,9	258	149
13763	90,117	57,82	87,58	78,39	298	149
13771	19,19	0,0	15,9	2,0	188	149
13776	266,228	33,37	7,11	0,0	261	149
13777	178,161	72,76	5,5	4,2	261	149
13780	118,115	0,0	192,138	0,1	298	149
13781	3,2	203,253	8,4	420,294	153	149
13785	361,435	0,1	543,457	0,0	257	149
13786	0,5	150,126	5,2	207,129	230	149
13788	1,2	166,179	1,0	311,167	298	149
13789	15,24	14,5	10,15	12,12	298	149
13790	10,5	2,0	26,13	0,0	298	149
13791	38,46	2,2	48,40	5,1	180	149
13792	12,6	2,2	8,7	3,1	298	149
13795	2,2	2,0	2,2	4,0	182	149
13796	136,100	2,3	223,180	3,4	298	149
13799	157,202	0,1	277,220	0,0	298	149
13801	18,27	57,74	12,13	78,57	298	149
13802	33,28	585,556	23,33	920,604	158	149
13803	5,10	16,6	8,12	9,4	158	149
13804	959,972	5,11	1412,1146	1,4	246	149
13805	76,59	8,7	87,77	2,1	298	149
13807	24,13	2,0	14,13	0,0	268	149
13808	0,2	4,5	0,2	0,1	169	149
13809	6,7	38,34	8,7	50,53	186	149
13810	12,17	0,0	22,17	1,0	180	149
13815	249,461	21,33	343,187	14,14	217	149
13816	148,309	4,1	164,122	0,0	298	149
13817	104,207	0,1	200,95	1,0	153	149
13818	487,556	2,1	704,522	1,4	298	149
13819	2,4	178,217	3,4	270,193	153	149
13821	12,17	23,21	8,8	17,25	203	149
13833	0,0	0,1	3,2	0,0	298	149
13835	0,0	0,1	2,2	0,0	298	149
13843	415,357	3,0	401,300	0,0	254	149
13847	1,2	6,10	3,1	6,10	164	149
13848	882,843	6,8	1483,1037	11,5	298	149
13850	11,3	0,0	4,6	1,2	274	149
13851	1,2	3,2	3,1	0,0	153	149
13852	11,4	7,6	4,6	6,4	274	149
13853	0,3	0,1	2,0	0,3	154	149
13854	108,119	18,12	191,185	16,13	298	149
13855	1,2	0,1	3,0	0,1	154	149
13859	1,1	0,0	3,1	1,0	153	149
13862	70,76	0,0	75,61	2,2	179	149
13866	77,71	0,0	72,63	0,2	298	149
13867	4,3	0,1	6,0	2,0	164	149
13873	2,3	0,0	0,2	0,2	158	149
13879	7,17	4,0	15,3	3,0	298	149
13880	2,6	0,1	2,1	0,0	266	149
13881	2,6	76,118	3,1	109,68	266	149
13885	2,1	0,0	2,2	0,4	187	149
13886	9,21	0,0	15,16	0,4	277	149
13887	9,15	0,0	6,12	0,4	295	149
13888	9,15	0,0	6,12	0,4	298	149
13892	1,1	1,7	0,0	9,4	167	149
13893	7,2	1,7	9,1	9,4	298	149
13896	0,2	2,0	5,0	0,4	298	149
13901	1,1	0,2	0,0	3,1	167	149
13902	7,2	0,2	9,1	3,1	298	149
13909	142,178	0,0	239,161	0,2	211	149
13910	10,10	0,0	11,9	0,2	172	149
13911	0,1	56,53	0,0	107,52	298	149
13912	0,2	0,0	1,0	0,1	298	149
13915	219,262	10,17	262,132	5,6	172	149
13916	601,685	36,31	1220,851	27,21	298	149
13927	1,2	22,12	4,2	29,22	298	149
13928	2,0	22,12	0,0	29,22	298	149
13929	2,0	1,2	0,0	4,2	167	149
13930	0,0	4,2	1,0	6,2	159	149
13931	1,2	4,2	5,1	6,2	187	149
13932	4,9	4,2	10,7	6,2	277	149
13933	4,10	4,2	12,6	6,2	295	149
13934	4,8	4,2	11,6	6,2	298	149
13935	4,8	4,2	14,6	6,2	298	149
13936	5,8	4,2	13,6	6,2	298	149
13948	1,2	1,1	2,0	0,1	167	149
13949	4,2	1,1	5,4	0,1	265	149
13950	4,2	1,1	8,4	0,1	298	149
13951	5,2	1,1	7,4	0,1	298	149
13952	3,2	0,2	4,4	1,0	247	149
13953	3,2	0,2	7,4	1,0	298	149
13954	4,2	0,2	6,4	1,0	298	149
13957	1,2	0,0	5,1	3,0	298	149
13958	1,0	0,1	2,0	0,1	157	149
13960	1,1	6,9	0,0	7,6	298	149
13961	1,2	6,9	0,0	7,6	298	149
13963	1,2	0,2	5,1	0,0	187	149
13964	3,8	0,2	10,7	0,0	277	149
13965	4,8	0,2	11,6	0,0	295	149
13966	8,8	0,2	11,8	0,0	298	149
13970	1,0	0,0	1,0	0,1	167	149
13971	8,2	0,0	5,6	0,1	298	149
13975	35,39	11,34	44,45	40,20	298	149
13977	56,45	61,64	49,34	71,54	298	149
13983	11,13	0,1	13,4	0,0	264	149
13984	15,16	2,3	15,5	5,3	264	149
13986	14,14	0,3	12,5	0,0	264	149
13987	1,2	0,3	8,0	0,0	166	149
13990	1,0	0,0	0,0	0,2	257	149
14010	8,18	27,23	12,10	9,11	157	149
14011	3,6	5,0	6,0	0,0	157	149
14012	72,101	5,0	87,46	0,0	298	149
14013	78,101	1,2	84,51	0,0	298	149
14014	12,7	2,4	2,5	5,4	153	149
14015	33,22	23,15	57,43	21,10	298	149
14016	23,13	7,22	57,27	26,23	298	149
14017	6,8	49,85	8,7	98,75	155	149
14021	1,9	3371,5342	4,2	4485,2772	184	149
14023	1,8	0,1	3,1	0,0	153	149
14027	12,17	5922,8694	24,18	8588,5480	166	149
14028	13,17	5922,8694	23,18	8588,5480	172	149
14029	1,0	0,0	0,1	1,1	155	149
14031	4,2	2,0	1,0	2,0	247	149
14032	2,8	10,5	7,4	15,6	206	149
14036	0,0	12,12	1,0	10,6	231	149
14039	1,0	104,144	1,1	267,158	298	149
14040	0,9	101,119	6,2	193,121	222	149
14044	0,10	101,119	6,2	193,121	213	149
14050	955,1027	2,0	2049,1575	0,0	298	149
14051	36,40	6,2	16,13	0,0	277	149
14054	3,4	2,3	6,1	3,0	195	149
14058	93,94	0,0	185,136	1,0	162	149
14062	38,39	1,0	64,46	0,0	298	149
14063	22,24	17,25	57,29	49,37	254	149
14064	36,60	0,0	117,63	0,1	255	149
14066	2,0	30,38	2,0	66,49	162	149
14070	200,199	19,22	473,389	36,24	241	149
14074	80,75	4,4	159,122	16,4	172	149
14075	97,117	8,10	198,175	6,6	154	149
14076	15,18	67,81	28,13	125,92	184	149
14078	27,34	8,2	76,25	8,11	185	149
14083	0,1	1,4	0,0	0,2	187	149
14084	56,56	4,1	24,11	0,0	298	149
14086	13,8	7,4	8,8	12,12	263	149
14087	93,132	0,1	63,42	0,0	298	149
14088	701,886	2,0	1160,790	0,0	298	149
14090	311,331	2,8	433,263	8,2	202	149
14091	23,40	134,157	26,21	222,178	219	149
14092	22,38	2,2	18,18	0,0	219	149
14093	12,23	1,2	16,20	5,0	192	149
14094	12,24	0,5	15,20	0,0	192	149
14107	34,39	0,0	69,42	0,2	153	149
14109	0,0	8,4	2,0	3,4	155	149
14110	2,2	113,111	3,0	213,137	155	149
14111	19,16	0,0	38,32	2,2	172	149
14112	142,164	10,15	268,207	29,18	172	149
14113	7,17	3,7	33,10	7,7	174	149
14115	21,29	82,57	49,38	151,86	182	149
14116	5,4	3,0	6,8	6,1	156	149
14119	41,35	2,10	86,57	16,10	251	149
14122	13,17	0,3	48,21	1,2	235	149
14123	0,1	0,3	0,0	1,2	153	149
14125	11,15	0,0	44,20	0,2	235	149
14129	24,30	19,14	65,31	48,46	235	149
14134	1,2	19,14	0,0	48,46	153	149
14135	3,2	0,2	19,15	2,0	166	149
14136	11,5	4,7	22,23	15,14	166	149
14137	3,2	5,1	12,17	6,8	166	149
14138	6,7	42,72	7,9	77,63	153	149
14143	0,0	0,2	2,0	0,0	161	149
14144	1,0	0,2	2,1	0,0	205	149
14146	5,8	4,3	14,2	4,2	298	149
14148	327,419	0,4	607,407	4,0	298	149
14149	546,594	1,2	896,684	4,1	213	149
14150	549,502	51,58	835,585	76,60	179	149
14151	17,13	24,24	8,11	48,26	271	149
14152	69,57	130,161	73,68	254,191	298	149
14153	35,30	16,21	35,22	34,26	298	149
14155	1,2	3,3	5,1	6,7	153	149
14156	2,4	1,1	5,1	8,0	153	149
14158	6,23	176,175	18,10	388,311	153	149
14159	9,13	0,1	10,2	0,0	219	149
14162	216,183	3,2	335,243	4,2	290	149
14166	0,6	91,115	0,0	131,72	199	149
14167	172,180	27,11	223,130	13,9	183	149
14168	14,21	0,2	6,10	4,2	298	149
14173	0,0	163,168	3,0	326,307	196	149
14175	1,0	1,0	10,2	0,0	298	149
14176	0,0	1,0	0,1	0,0	298	149
14177	15,11	37,42	18,16	70,44	298	149
14178	76,81	2,4	125,101	3,1	298	149
14179	20,40	0,0	64,43	0,1	298	149
14180	1,12	44,46	12,1	65,55	178	149
14183	12,10	0,0	17,6	1,0	194	149
14184	2,17	4,4	12,6	5,2	171	149
14186	0,1	4,8	0,1	2,1	156	149
14188	6,2	197,226	7,5	427,249	298	149
14191	1,1	154,190	2,1	267,202	298	149
14192	1,0	254,248	1,4	512,375	153	149
14195	11,4	10,4	30,25	9,6	161	149
14196	177,178	3,0	204,160	0,2	197	149
14197	40,38	1,0	43,33	0,0	197	149
14199	35,59	0,2	69,83	2,0	222	149
14200	140,191	9,15	296,232	15,16	222	149
14201	19,20	817,930	34,15	1700,1234	167	149
14202	101,127	0,3	196,142	0,0	286	149
14203	4,2	0,0	8,5	7,0	158	149
14204	6,5	13,21	1,3	35,27	298	149
14205	0,0	0,4	2,2	0,0	168	149
14206	3,12	33,31	15,6	9,25	168	149
14209	12,10	6,7	6,9	19,7	168	149
14210	66,110	2,0	97,44	0,0	298	149
14211	222,233	1,0	305,185	0,0	298	149
14213	345,416	47,34	383,293	23,5	292	149
14214	318,392	7,6	325,229	0,0	298	149
14218	0,3	11,10	0,0	17,11	259	149
14221	7,2	2,2	1,0	5,1	298	149
14222	1,5	8,6	6,10	9,2	187	149
14223	48,54	0,7	79,53	3,1	298	149
14226	120,125	22,16	136,126	4,9	271	149
14227	11,12	154,205	6,4	187,159	220	149
14232	0,2	3,1	4,1	5,3	196	149
14238	90,89	1,6	96,71	13,4	298	149
14239	47,62	681,760	40,30	1208,962	298	149
14240	54,82	141,144	32,39	158,131	298	149
14241	40,60	1,0	24,29	2,0	298	149
14247	1176,1094	0,1	3698,2499	0,0	298	149
14248	4,4	0,0	8,7	1,0	153	149
14249	119,131	6,4	187,141	5,0	164	149
14250	117,119	4,5	138,86	3,1	298	149
14256	8,14	32,20	8,5	34,18	206	149
14257	5,5	5,0	12,4	0,4	219	149
14258	3,3	2,1	16,0	5,4	159	149
14259	0,4	0,0	2,0	2,1	159	149
14261	15,35	1,0	40,25	0,3	259	149
14263	10,7	0,1	1,0	0,0	298	149
14265	0,0	14,11	3,0	28,12	171	149
14266	5,6	47,49	6,1	134,113	230	149
14267	12,10	17,23	6,14	3,6	224	149
14270	4,0	52,56	2,0	64,62	162	149
14274	1459,1682	2,0	2568,1921	0,0	298	149
14275	7,9	515,557	6,3	739,662	282	149
14277	2,0	0,2	1,0	0,0	298	149
14278	0,1	0,2	0,0	2,0	269	149
14279	0,2	4,9	2,1	5,10	298	149
14280	279,264	64,62	273,174	65,48	153	149
14286	0,1	0,0	0,0	0,1	298	149
14287	7,3	0,0	11,7	0,2	298	149
14293	2,1	0,0	1,0	1,0	182	149
14294	26,40	0,2	23,19	0,0	177	149
14301	3,0	261,267	5,1	397,274	165	149
14305	0,2	0,1	0,1	0,0	298	149
14306	7,7	2,5	6,2	10,10	200	149
14312	0,0	183,212	4,1	384,252	153	149
14313	63,74	45,33	105,71	69,51	190	149
14314	271,236	1,1	476,397	2,2	298	149
14315	240,225	26,25	438,343	31,28	298	149
14316	246,286	45,33	485,322	69,51	186	149
14317	454,448	1,1	860,649	2,2	298	149
14318	423,437	26,25	822,595	31,28	298	149
14319	313,263	1,1	536,445	2,2	294	149
14320	285,258	26,25	507,394	31,28	298	149
14321	45,59	26,25	86,68	31,28	187	149
14322	1,5	3,15	7,5	2,4	298	149
14323	47,35	72,54	54,30	66,55	158	149
14324	24,29	0,1	57,44	3,1	184	149
14325	47,92	0,1	109,62	0,2	202	149
14335	21,48	171,155	22,5	90,61	298	149
14337	508,542	1,2	834,595	3,1	220	149
14341	0,0	0,1	1,0	3,0	183	149
14342	0,0	5,9	3,2	42,30	178	149
14345	138,139	2,0	174,158	0,0	298	149
14346	90,95	0,0	111,87	5,0	298	149
14347	10,21	6,3	14,6	0,0	167	149
14353	8,19	509,505	33,24	815,684	155	149
14354	21,10	14,15	11,7	19,11	196	149
14355	786,679	2,0	1387,1095	0,0	298	149
14356	62,38	45,41	72,63	16,17	298	149
14357	1,0	150,177	0,0	314,212	298	149
14358	2,2	176,179	0,1	362,219	153	149
14359	2,4	0,2	2,0	0,0	298	149
14361	157,198	335,377	271,176	585,436	242	149
14362	3,2	4,6	2,0	0,1	242	149
14363	1,0	6,9	1,0	7,2	155	149
14364	95,130	152,172	119,118	246,176	287	149
14365	3,3	0,0	5,4	1,0	172	149
14366	0,3	25,33	2,0	39,34	298	149
14367	3,4	2,10	5,3	16,8	298	149
14368	28,36	2,10	42,37	16,8	172	149
14369	376,502	0,1	507,407	0,0	298	149
14370	380,494	13,6	487,390	5,6	298	149
14371	304,338	2,0	250,219	0,0	298	149
14372	244,276	2,3	219,188	0,2	298	149
14373	130,111	2,0	90,89	0,0	298	149
14374	249,297	6,2	241,220	1,3	298	149
14375	14,21	304,353	10,9	438,306	298	149
14377	3,1	0,0	5,0	0,3	217	149
14379	7,1	1,3	3,3	10,5	159	149
14386	46,56	0,3	42,34	0,1	298	149
14388	71,83	0,0	95,82	1,0	298	149
14401	81,104	0,1	69,56	0,0	298	149
14402	1,0	67,55	0,0	63,47	298	149
14403	263,262	0,1	312,218	0,0	298	149
14404	55,55	161,179	68,62	322,170	298	149
14406	51,54	10,4	64,43	15,14	298	149
14408	5,2	35,54	1,0	56,40	215	149
14409	307,312	5,3	667,423	4,0	298	149
14410	302,381	1,1	555,398	4,0	298	149
14411	22,27	353,357	43,47	704,457	164	149
14412	63,65	9,4	95,71	15,1	176	149
14413	166,162	24,28	275,200	37,39	176	149
14414	46,45	3,5	71,41	4,1	176	149
14415	133,121	3,0	131,82	0,3	172	149
14417	14,9	0,1	11,13	0,0	298	149
14420	1,6	25,32	1,4	40,26	294	149
14421	3,4	2,2	7,4	8,3	298	149
14425	0,2	0,0	5,1	2,0	247	149
14426	100,175	0,0	177,129	2,0	193	149
14431	75,140	1,1	111,66	0,0	298	149
14432	1,6	46,52	2,1	20,26	165	149
14433	0,1	35,42	0,0	42,39	165	149
14434	1,4	38,46	1,2	75,48	268	149
14435	32,26	156,149	34,26	171,151	191	149
14440	3,2	123,134	3,1	176,187	163	149
14444	24,19	47,36	9,14	46,42	298	149
14445	4,3	476,512	3,7	798,511	165	149
14449	0,1	7,20	0,0	6,2	153	149
14450	11,3	0,0	8,4	0,2	278	149
14453	6,3	0,1	2,0	1,0	298	149
14455	5,3	19,16	7,7	21,18	189	149
14456	162,184	1,1	277,192	3,1	298	149
14459	1,0	1,0	3,0	0,0	152	149
14461	80,71	3,1	124,88	0,1	298	149
14468	58,85	2,2	125,116	0,5	229	149
14469	1,0	20,25	0,0	31,39	231	149
14470	1,2	1,0	0,1	0,0	212	149
14471	39,31	328,330	77,59	554,385	158	149
14472	6,14	159,160	8,4	263,177	160	149
14474	1,1	31,31	2,0	11,5	161	149
14475	245,225	10,4	498,415	4,5	190	149
14477	4,2	0,1	1,0	0,0	298	149
14480	0,1	0,1	5,5	2,2	153	149
14481	126,143	0,1	220,176	0,0	152	149
14482	4,3	1,0	3,0	2,1	195	149
14486	0,0	0,2	0,1	0,2	164	149
14487	11,8	120,105	8,4	217,137	298	149
14488	0,3	126,112	1,0	234,166	298	149
14490	75,58	289,318	32,22	449,309	276	149
14491	355,518	0,1	513,330	0,0	298	149
14492	477,610	8,12	736,507	2,0	192	149
14493	12,20	15,13	33,19	17,6	182	149
14494	25,37	1,2	20,33	2,0	186	149
14495	4,4	0,1	3,8	0,0	186	149
14497	11,15	24,10	25,15	23,16	245	149
14498	23,27	7,9	38,12	10,7	298	149
14499	5,3	26,25	12,5	48,25	154	149
14500	0,2	2,0	3,1	0,0	154	149
14503	0,0	2,4	1,1	0,4	194	149
14505	0,0	0,2	3,0	2,0	153	149
14519	9,15	0,2	21,7	1,0	298	149
14523	5,8	2,0	11,5	0,0	298	149
14527	4,8	0,2	11,4	0,0	298	149
14530	0,2	6,1	0,0	2,3	282	149
14533	1,0	0,7	0,4	7,1	282	149
14537	0,2	1,2	6,7	1,1	298	149
14542	1,1	1,0	1,2	1,0	153	149
14543	109,146	791,976	82,57	574,410	153	149
14544	430,443	23,16	707,571	20,10	298	149
14545	179,228	0,0	338,175	2,1	298	149
14546	35,36	105,69	44,29	122,118	278	149
14549	146,154	56,75	236,178	115,92	173	149
14551	8,11	414,427	34,17	995,685	180	149
14552	311,374	2,0	942,557	3,2	298	149
14553	276,350	0,0	795,544	0,1	179	149
14555	0,0	69,103	1,0	124,68	231	149
14556	2,4	69,103	1,0	124,68	213	149
14557	0,0	69,103	2,2	124,68	189	149
14558	71,108	21,18	132,72	41,46	298	149
14559	2,5	21,18	9,6	41,46	298	149
14560	2,5	21,18	8,4	41,46	298	149
14561	2,4	21,18	2,0	41,46	238	149
14566	263,214	0,1	305,259	3,0	153	149
14569	252,260	0,2	455,377	0,0	212	149
14572	2,0	0,2	0,0	2,2	172	149
14573	2,2	1,4	3,1	0,2	152	149
14575	0,1	4,3	1,2	2,1	164	149
14578	8,18	92,90	10,10	147,89	159	149
14579	5,1	2,0	1,0	1,0	159	149
14581	6,10	0,1	4,3	0,0	188	149
14582	595,684	30,28	987,723	69,29	297	149
14583	738,705	0,0	1133,821	1,2	167	149
14584	4,0	3,7	0,0	5,9	298	149
14585	2,1	2,0	0,0	0,1	298	149
14586	238,265	1,4	367,248	0,0	298	149
14593	174,185	0,0	179,110	0,1	298	149
14594	0,4	5,3	2,0	14,4	298	149
14596	0,1	0,0	4,2	0,2	298	149
14597	5,2	2,1	3,6	0,0	251	149
14598	3,2	0,0	2,0	0,1	182	149
14599	9,1	1,0	10,2	0,0	298	149
14600	32,39	28,33	77,49	41,25	158	149
14601	56,82	26,42	80,69	60,40	158	149
14604	339,365	0,4	482,371	0,0	298	149
14606	21177,24684	0,2	36135,28654	4,1	298	149
14607	6788,12386	2,6	13138,5884	0,1	298	149
14608	42,37	5136,5875	32,18	9291,7087	298	149
14610	2,1	171,171	0,0	234,195	269	149
14611	241,219	1,0	310,194	2,1	298	149
14612	230,194	68,59	259,189	74,70	170	149
14616	16,18	4,3	35,29	9,8	240	149
14618	57,74	4,2	88,72	2,7	298	149
14622	4,6	0,0	5,5	0,1	165	149
14627	1801,2019	2,1	2964,1985	0,0	298	149
14630	22,24	12,5	27,19	39,23	298	149
14633	11,15	0,1	13,8	1,1	207	149
14634	153,195	0,3	189,165	2,0	262	149
14636	19,28	2,7	9,8	0,2	208	149
14637	32,29	155,162	24,10	114,108	208	149
14639	90,90	22,15	104,69	14,28	155	149
14640	89,107	25,15	104,87	20,21	298	149
14641	0,1	59,78	3,1	68,63	298	149
14642	0,1	57,26	3,2	37,35	298	149
14643	38,37	62,55	75,37	72,71	155	149
14648	2,1	15,5	0,0	7,0	170	149
14650	2,1	219,209	0,1	245,155	197	149
14651	0,2	235,231	0,1	295,221	223	149
14663	0,3	73,84	8,2	104,85	155	149
14664	0,3	49,82	3,1	97,74	170	149
14665	30,54	9,9	41,43	6,5	193	149
14666	966,1160	0,4	1889,1377	0,0	298	149
14667	6,6	46,64	9,8	72,75	205	149
14674	0,1	3,12	3,0	21,14	153	149
14675	2,1	44,45	4,0	53,42	153	149
14694	703,796	2,4	1345,950	5,11	298	149
14695	7,4	0,1	10,12	0,0	298	149
14696	761,743	0,2	1169,824	0,0	298	149
14697	25,16	578,702	4,6	1102,706	298	149
14698	17,7	12,9	9,4	2,7	298	149
14699	8,20	38,20	23,12	27,22	284	149
14700	0,2	0,21	0,0	13,8	195	149
14701	220,318	42,35	551,324	108,90	293	149
14702	5,6	436,504	3,2	971,665	183	149
14728	1,4	0,0	0,0	0,1	176	149
14729	0,0	0,2	2,1	0,0	153	149
14730	1,1	0,2	0,3	0,0	180	149
14731	1,1	0,0	0,2	2,0	176	149
14732	0,0	0,1	0,1	0,0	155	149
14733	4,1	0,1	4,0	0,0	220	149
14734	4,1	0,0	4,0	0,1	214	149
14735	0,2	88,76	0,1	93,60	298	149
14736	0,0	13,43	1,0	13,7	195	149
14737	1,0	55,40	0,3	32,28	298	149
14738	4,8	0,1	4,7	0,0	212	149
14739	26,42	0,3	43,28	2,0	178	149
14740	43,46	0,1	55,45	0,0	298	149
14741	50,58	53,36	69,36	50,25	298	149
14742	34,45	53,36	49,29	50,25	268	149
14743	21,17	3,4	21,9	1,0	197	149
14744	41,50	53,36	57,37	50,25	298	149
14745	26,22	3,4	25,17	1,0	275	149
14746	18,15	13,8	16,11	12,2	227	149
14747	19,17	13,8	26,11	12,2	269	149
14748	5,2	4,0	10,3	0,3	191	149
14750	0,0	3,2	2,0	2,1	182	149
14752	96,130	1,0	226,128	0,0	298	149
14754	13,9	5,1	5,2	0,0	212	149
14755	14,9	4731,5372	6,11	9112,6136	276	149
14756	0,1	21,26	0,0	60,41	298	149
14757	33,41	34,36	47,39	41,18	169	149
14763	0,1	0,2	0,2	2,2	233	149
14766	2,2	2,0	4,4	1,0	298	149
14767	3,0	0,0	0,3	1,0	151	149
14768	1,0	0,1	3,3	0,0	151	149
14773	126,119	1,0	148,139	0,0	233	149
14774	425,523	4,2	622,458	3,2	298	149
14784	33,46	0,0	15,12	1,1	232	149
14785	443,449	0,2	710,524	0,0	298	149
14790	192,184	4,2	274,201	1,2	283	149
14795	68,55	8,8	87,88	19,22	298	149
14796	15,17	4,0	27,21	5,6	298	149
14797	2,2	0,0	0,0	2,0	263	149
14798	59,74	4,8	100,87	2,9	251	149
14803	4,3	82,84	5,4	151,123	215	149
14804	22,18	69,71	24,24	111,93	298	149
14817	20,24	2,0	45,25	0,0	154	149
14818	0,2	6,5	0,6	10,1	167	149
14819	4,8	25,31	2,4	50,31	167	149
14824	0,0	1,0	0,1	0,0	298	149
14825	0,0	1,0	2,2	0,0	171	149
14832	95,70	2,0	84,58	0,0	183	149
14834	17,21	176,207	9,13	231,168	167	149
14837	0,1	9,12	0,0	9,23	298	149
14844	0,0	1,2	0,1	0,0	173	149
14846	143,144	1,0	201,117	0,0	298	149
14847	234,233	8,7	282,218	5,7	185	149
14848	59,67	1,0	57,46	0,2	185	149
14849	217,202	1,0	237,160	0,2	298	149
14850	169,139	9,4	184,118	4,3	298	149
14851	233,220	0,1	235,166	0,0	193	149
14852	273,318	0,1	353,219	0,0	254	149
14855	212,181	2,1	210,174	3,1	156	149
14856	207,212	7,2	291,181	0,3	165	149
14857	3,5	7,2	3,3	0,3	153	149
14858	17,13	7,2	20,13	0,3	169	149
14861	0,2	190,201	1,2	272,170	153	149
14862	53,49	119,120	59,61	116,87	161	149
14865	8,6	88,92	7,2	102,94	227	149
14866	103,110	4,0	89,57	0,0	245	149
14871	4,2	0,1	4,1	0,0	298	149
14879	300,334	36,30	273,248	4,4	292	149
14880	259,262	2,7	249,188	3,6	298	149
14881	107,110	2,7	76,46	3,6	260	149
14887	141,157	0,0	143,135	0,1	298	149
14888	4,3	1,0	2,6	1,0	153	149
14890	122,107	0,0	243,177	3,0	153	149
14891	1,0	0,2	4,0	1,2	298	149
14892	5,8	85,88	12,4	206,115	298	149
14893	1,0	0,6	2,0	3,1	298	149
14894	0,1	66,79	0,0	85,81	168	149
14895	57,48	272,287	31,32	307,223	192	149
14896	24,16	272,287	14,10	307,223	195	149
14897	3,2	36,34	2,0	19,22	152	149
14898	2,3	286,307	1,2	386,259	153	149
14899	504,567	1,0	582,445	0,0	298	149
14900	145,137	5,14	224,130	3,3	164	149
14902	30,20	3,0	58,31	2,1	187	149
14912	1791,1958	4,1	3610,2258	0,0	298	149
14913	18,23	2,0	28,14	0,0	298	149
14916	0,5	2,5	0,0	2,2	259	149
14921	0,2	73,47	1,0	50,13	185	149
14922	43,57	1,1	97,58	2,7	179	149
14924	0,0	0,1	1,0	0,1	186	149
14925	6,4	21,37	6,3	52,31	261	149
14926	1,1	37,51	1,0	47,61	153	149
14928	11,11	1321,1479	9,11	1774,1372	233	149
14930	51,51	3,0	32,24	0,1	153	149
14931	92,91	2,2	65,46	4,6	298	149
14932	45,41	2,2	34,23	4,6	298	149
14933	19,31	3,2	21,12	1,1	154	149
14934	0,0	2,0	2,0	0,2	222	149
14935	2,10	2,0	7,2	0,2	224	149
14938	7,4	0,0	8,2	0,3	224	149
14941	1,1	7,13	0,2	10,4	298	149
14942	4,1	5,17	0,0	6,3	298	149
14943	12,20	12,14	32,33	31,24	225	149
14944	93,115	3,4	205,152	0,2	297	149
14945	318,315	68,73	384,282	80,57	152	149
14946	259,276	2,1	392,222	3,2	176	149
14947	10,11	248,227	7,2	316,176	269	149
14948	8,9	22,8	18,16	12,10	153	149
14949	0,0	0,4	2,2	1,1	246	149
14950	75,76	213,180	113,99	338,253	225	149
14951	9,19	114,146	11,18	183,122	246	149
14952	3,0	26,30	2,4	39,33	194	149
14961	1,7	3,1	0,3	0,1	212	149
14962	3,9	2,0	0,3	2,0	212	149
14963	1,8	2,0	0,3	0,0	212	149
14965	6,18	4,5	6,6	1,2	212	149
14967	22,12	1,1	14,10	2,0	238	149
14968	23,10	5,4	16,10	4,2	238	149
14970	22,11	0,0	14,10	0,2	238	149
14971	22,11	1,0	14,10	0,0	238	149
14972	50,26	44,41	37,34	43,34	238	149
14973	23,10	0,0	19,11	5,5	238	149
14974	5,4	113,102	1,4	142,107	298	149
14975	2,4	2,5	13,7	3,0	226	149
14976	1,2	0,0	4,4	6,0	226	149
14978	3,8	47,64	6,4	77,83	225	149
14979	23,22	66,74	19,19	90,57	219	149
14983	858,942	7,8	1653,1099	8,15	298	149
14984	257,274	0,0	547,346	0,2	160	149
14985	2,7	41,49	5,2	77,47	298	149
14986	11,12	0,0	7,15	1,0	298	149
14987	24,18	1,0	10,6	0,0	200	149
14988	36,52	4,4	57,46	0,0	200	149
14989	43,66	14,19	21,22	12,8	298	149
14990	52,51	49,51	48,20	59,56	153	149
15002	6,2	1,2	0,1	1,2	193	149
15003	4,0	0,1	1,0	0,0	179	149
15004	7,1	425,495	8,1	681,523	179	149
15005	8,12	138,173	27,20	180,120	248	149
15014	11710,12968	6,1	27404,19113	1,2	298	149
15015	27,73	0,1	31,12	0,0	188	149
15016	103,149	0,0	94,65	0,2	298	149
15018	818,1432	3,10	1014,534	4,3	206	149
15019	23,17	1,3	22,19	9,8	167	149
15020	24,20	7,3	17,16	15,14	167	149
15021	64,88	2,2	46,40	0,2	217	149
15022	16,13	6,2	13,11	8,6	167	149
15023	16,12	0,0	11,12	2,0	167	149
15024	16,12	5,3	12,11	3,4	167	149
15025	537,485	0,1	855,614	0,0	298	149
15026	5,2	1,6	37,47	8,5	164	149
15030	0,0	3,3	1,0	4,11	172	149
15032	87,87	5,4	31,19	0,0	298	149
15033	21,52	10,32	23,11	17,7	161	149
15036	1,4	167,219	0,2	236,199	247	149
15037	34,39	0,2	40,30	0,1	170	149
15038	34,40	0,1	42,29	6,3	170	149
15039	110,110	23,14	145,122	13,14	167	149
15041	45,26	16,27	28,19	29,11	196	149
15042	615,644	4,4	779,692	2,3	298	149
15043	340,368	3,1	385,318	2,3	298	149
15044	0,2	0,1	1,0	1,0	151	149
15045	33,52	0,1	19,9	1,0	167	149
15046	33,52	0,2	18,9	0,0	165	149
15048	153,193	3,2	150,96	0,0	298	149
15049	4,5	1,0	10,3	1,0	193	149
15053	2180,2406	144,174	2735,2212	168,104	179	149
15054	1810,1977	189,177	2151,1679	158,136	298	149
15055	2204,2336	12,26	2986,2401	10,10	158	149
15056	1762,1913	7,10	2395,1817	0,0	278	149
15057	358,386	4,4	192,148	0,0	298	149
15058	1864,2158	0,1	3348,2529	0,1	298	149
15059	27,14	2,2	2,0	0,0	190	149
15060	399,489	175,246	666,373	372,258	190	149
15061	127,109	2,5	174,122	8,6	298	149
15063	1,0	0,2	1,0	0,0	154	149
15065	6,15	0,3	13,14	4,2	203	149
15070	2,0	0,0	0,0	1,0	153	149
15071	1,0	0,0	0,0	1,0	153	149
15072	4,7	11,13	8,3	33,21	298	149
15074	5,14	1,0	25,5	6,2	298	149
15075	7,16	2,1	26,6	4,2	298	149
15077	7,11	0,10	20,5	3,3	298	149
15079	7,15	11,13	24,4	33,21	298	149
15080	3,2	2,1	11,3	4,2	206	149
15081	3,2	11,13	11,3	33,21	257	149
15084	3,0	0,10	9,4	3,3	298	149
15087	2,1	11,13	4,2	33,21	200	149
15089	4,1	0,10	7,4	3,3	298	149
15091	13,13	0,10	36,23	3,3	298	149
15095	2,0	0,0	3,2	0,1	298	149
15097	2,3	0,1	5,1	1,0	257	149
15098	2,1	0,0	3,2	1,0	298	149
15100	2,0	0,0	3,2	1,0	298	149
15101	2,1	0,0	4,2	1,0	298	149
15114	24,55	8,16	48,30	5,12	177	149
15117	44,36	0,1	39,9	0,0	298	149
15125	7,9	2,0	14,17	0,0	153	149
15126	10,12	0,4	25,24	1,3	298	149
15136	119,124	3,1	166,96	0,0	298	149
15139	3,8	0,0	0,1	1,0	243	149
15141	0,0	7,7	1,0	9,5	298	149
15146	7,5	3,2	1,3	1,0	163	149
15157	2,0	19,11	0,0	34,33	161	149
15158	0,0	69,54	1,0	70,65	153	149
15159	9,11	7,20	10,16	14,17	215	149
15161	26,27	94,94	30,31	150,126	215	149
15162	0,0	3,8	1,3	10,4	180	149
15163	13,15	37,41	12,16	25,15	215	149
15164	21,9	118,148	4,11	176,138	153	149
15167	0,0	8,13	1,0	21,16	153	149
15169	2382,2482	1,3	1619,1303	2,1	298	149
15170	18,33	0,0	39,29	0,1	159	149
15175	0,2	39,19	0,0	33,38	298	149
15177	107,141	1,0	139,67	0,0	298	149
15178	352,428	1,0	460,432	3,0	185	149
15179	196,252	1,0	241,137	0,0	298	149
15180	33,25	5,6	35,27	7,5	173	149
15182	2,1	2,1	0,0	3,2	249	149
15183	1,1	0,0	0,0	1,0	249	149
15188	303,311	5,1	480,475	2,1	298	149
15189	202,198	1,1	305,336	0,0	298	149
15190	98,93	8,4	171,147	14,12	158	149
15191	12,3	42,40	15,11	63,61	298	149
15192	5,6	42,40	14,15	63,61	200	149
15193	4,2	8,8	2,5	3,8	200	149
15197	88,90	0,0	157,104	2,2	298	149
15198	4,17	1,0	10,6	1,0	298	149
15199	0,2	2,0	2,0	0,0	154	149
15202	1,0	26,24	0,0	24,22	153	149
15203	63,92	60,57	95,62	34,37	174	149
15204	104,121	0,0	103,78	2,0	261	149
15205	38,77	2,4	88,44	0,1	196	149
15207	190,192	0,0	300,224	2,0	298	149
15208	185,204	3,3	301,217	6,0	287	149
15209	264,252	2,3	394,236	1,0	298	149
15210	281,277	1,0	416,280	0,1	298	149
15211	10,5	186,206	2,1	270,208	162	149
15212	275,239	8,0	309,250	6,1	298	149
15213	333,380	0,1	492,327	0,0	298	149
15214	325,303	5,8	372,285	0,0	298	149
15215	361,456	1,0	488,375	6,2	161	149
15216	329,423	6,0	453,345	0,0	298	149
15217	7,6	447,471	4,1	706,459	217	149
15219	26,36	24,18	15,11	0,0	199	149
15220	65,66	8077,8242	31,18	15632,11237	199	149
15221	11124,11450	0,7	21715,14712	0,0	256	149
15223	2,2	0,2	2,1	1,0	298	149
15224	3,2	0,2	3,1	1,0	293	149
15233	0,2	0,0	0,0	0,2	298	149
15236	0,3	3,3	5,0	0,2	298	149
15237	0,1	16,9	2,0	7,1	161	149
15239	1,0	3,8	0,0	10,6	180	149
15242	10,9	14,21	16,15	25,20	261	149
15249	2,0	52,70	0,0	87,52	186	149
15251	13,17	3,4	6,17	9,8	298	149
15252	3,4	4,1	9,8	2,4	209	149
15257	18,2	4,0	10,13	0,1	169	149
15260	4,0	0,0	0,0	2,1	251	149
15263	3,0	0,0	0,0	2,1	233	149
15292	8,10	453,594	19,9	957,537	167	149
15293	1,1	2,9	3,2	8,11	167	149
15294	24,29	7,6	62,41	7,13	192	149
15299	76,99	1,0	181,120	0,1	187	149
15304	319,278	0,0	536,450	2,0	298	149
15305	71,135	1,0	62,37	0,0	298	149
15308	0,1	0,0	0,0	2,0	262	149
15344	53,50	8,9	95,70	15,11	263	149
15362	0,2	9,4	1,0	3,0	282	149
15367	31,35	8,15	55,48	10,7	151	149
15377	1,3	0,2	0,0	4,0	271	149
15382	116,132	16,34	248,182	78,48	154	149
15389	0,0	1,0	2,1	0,2	197	149
15394	6,3	0,0	4,2	1,1	151	149
15403	10,0	34,38	6,0	48,43	205	149
15404	0,2	292,359	8,2	430,313	297	149
15405	596,649	6,15	1016,629	1,6	298	149
15407	19,26	1,0	14,10	0,0	194	149
15408	22,21	1,3	14,7	0,0	194	149
15409	150,153	0,1	160,123	0,0	188	149
15410	109,98	153,222	88,65	169,88	179	149
15411	0,1	5,2	1,2	9,6	198	149
15412	0,0	8,2	3,0	11,2	248	149
15418	0,0	821,941	3,0	1526,1034	188	149
15420	0,2	0,2	0,7	0,0	298	149
15424	0,0	1,0	1,1	0,0	263	149
15429	243,290	676,749	473,305	1725,1018	215	149
15431	166,185	10,3	73,63	0,0	298	149
15432	622,664	602,612	342,256	652,539	298	149
15435	0,5	0,0	1,2	1,0	204	149
15436	62,53	3,5	69,29	4,6	153	149
15437	49,56	3,5	36,26	4,6	298	149
15438	49,56	62,53	36,26	69,29	294	149
15439	3,4	0,1	15,0	0,2	222	149
15440	2,10	0,1	3,2	0,0	294	149
15441	1,3	314,344	5,0	277,207	298	149
15442	18,23	40,34	29,10	74,42	200	149
15447	7,20	2,6	12,10	2,6	298	149
15449	9,4	27,81	6,16	144,61	298	149
15450	1,0	0,0	0,0	0,2	298	149
15451	269,256	0,0	522,323	4,6	158	149
15452	178,227	1,0	468,338	1,1	298	149
15453	206,129	10,7	348,260	3,4	298	149
15454	1,1	129,98	5,0	247,128	196	149
15459	3,4	64,68	0,0	87,42	298	149
15465	0,1	0,0	3,4	0,1	298	149
15476	12,27	0,0	45,39	1,3	162	149
15477	2,5	0,0	8,6	1,3	155	149
15478	323,321	154,168	497,368	353,242	190	149
15479	93,119	0,0	184,134	0,2	190	149
15480	159,116	0,1	105,119	0,0	298	149
15481	3,8	23,28	11,2	24,20	298	149
15482	3,8	11,8	11,2	11,1	298	149
15483	23,28	11,8	24,21	11,1	161	149
15485	4,3	1579,1688	4,2	2611,2004	298	149
15486	4,4	1579,1688	5,2	2611,2004	271	149
15491	11,10	2,0	15,9	0,2	160	149
15492	87,115	84,116	173,108	168,159	160	149
15493	13,14	2,2	19,7	1,0	160	149
15495	119,153	24,32	159,100	37,17	152	149
15501	5,2	4,2	9,2	5,0	184	149
15502	47,18	5,0	37,31	5,4	298	149
15505	30,26	87,103	26,33	111,83	161	149
15507	156,187	0,2	362,238	2,2	298	149
15513	171,191	298,315	355,262	598,451	176	149
15514	20,16	521,516	23,14	1091,776	203	149
15515	10,10	521,516	12,6	1091,776	298	149
15516	10,7	18,12	7,2	17,10	298	149
15519	1,5	221,217	0,0	293,265	155	149
15520	184,234	0,1	222,150	0,0	298	149
15521	21,14	13,13	44,29	8,4	153	149
15522	6,10	43,62	6,3	50,36	241	149
15532	43,54	1,2	103,89	0,0	298	149
15533	2,1	189,131	2,1	243,197	164	149
15535	23,21	16,20	18,23	14,13	173	149
15537	8,2	0,1	5,7	2,2	203	149
15551	0,4	98,133	3,0	212,140	211	149
15555	10,17	4,0	19,12	5,1	298	149
15556	10,18	1,0	19,16	0,0	298	149
15559	10,22	4,0	19,14	5,1	298	149
15564	12,18	2,2	39,25	0,0	240	149
15566	4,2	87,119	1,1	146,129	191	149
15567	0,4	104,88	11,4	126,103	211	149
15570	0,0	3,7	4,1	2,1	215	149
15572	65,82	1,0	130,91	1,3	179	149
15573	2,1	89,107	10,1	142,87	159	149
15574	2,6	2,6	0,5	24,22	237	149
15575	2,0	0,0	3,2	0,1	215	149
15576	354,364	2,4	653,544	6,2	154	149
15583	0,0	0,2	1,0	1,0	298	149
15584	23,18	0,1	18,19	0,0	251	149
15585	5,3	18,21	1,2	27,14	298	149
15586	23,18	8,12	18,19	25,18	186	149
15587	154,109	1,0	170,153	0,0	161	149
15588	32,27	1,0	9,18	0,0	269	149
15589	8,9	130,91	2,2	163,137	257	149
15590	88,90	3,0	129,87	0,0	298	149
15591	123,168	0,3	197,111	0,0	298	149
15592	44,36	35,79	44,21	59,25	298	149
15593	149,168	1,0	168,140	0,0	159	149
15594	249,269	3,7	524,297	6,2	153	149
15595	532,463	0,0	656,551	0,1	298	149
15597	145,165	7,6	377,245	24,6	152	149
15598	5,3	25,38	3,4	27,20	298	149
15599	17,11	64,58	17,3	80,53	298	149
15600	3,4	3,11	3,0	3,3	183	149
15603	1299,1333	64,63	1977,1648	86,72	173	149
15604	858,1129	0,0	1231,734	2,2	298	149
15605	1189,1243	68,85	1515,1179	106,93	298	149
15606	1076,1097	68,85	1378,1093	106,93	278	149
15607	321,447	8,3	359,242	0,0	298	149
15608	1515,1743	3,1	2677,1964	1,6	298	149
15609	226,277	222,260	285,202	314,196	233	149
15611	1189,1251	0,1	1522,1179	0,0	298	149
15613	1402,1503	0,1	1823,1373	0,0	298	149
15614	1076,1097	0,1	1376,1091	0,0	278	149
15615	58,59	28,29	76,37	34,14	298	149
15616	49,39	0,1	52,29	4,0	298	149
15617	149,136	20,18	132,98	11,7	298	149
15618	3,1	2,0	5,2	0,0	260	149
15621	1,1	0,0	0,3	2,0	197	149
15622	14,9	0,0	15,13	2,0	298	149
15624	1,1	0,0	0,3	0,1	197	149
15629	152,150	2,2	281,176	2,9	249	149
15630	12,10	4,7	23,17	9,7	168	149
15634	7483,7519	6,2	2943,2351	1,0	298	149
15636	103,127	1,2	151,129	1,2	298	149
15637	186,267	9,10	311,208	5,7	163	149
15638	4,3	10,9	1,5	1,4	154	149
15639	2,0	2,2	1,0	1,2	154	149
15640	12,18	189,207	24,13	318,266	154	149
15641	2,0	0,1	4,0	1,0	154	149
15642	134,153	0,2	211,129	2,0	153	149
15643	2,5	116,116	5,1	135,81	177	149
15644	37,41	381,367	44,29	493,339	205	149
15645	0,2	130,191	0,0	170,136	298	149
15646	997,1003	14,11	1497,1127	21,13	173	149
15647	2,5	1,0	5,2	0,0	298	149
15648	309,355	0,1	604,458	0,0	281	149
15654	69,124	1337,1509	120,68	3782,2752	288	149
15655	501,836	2,0	1488,738	0,0	269	149
15656	1552,2001	8,16	3945,2548	28,12	269	149
15657	96,88	0,3	151,105	9,4	298	149
15658	87,87	179,185	132,104	320,214	298	149
15659	8,20	179,185	27,25	320,214	225	149
15660	8,17	0,9	19,25	1,0	225	149
15661	9,18	19,11	20,23	37,35	225	149
15662	544,597	108,98	896,760	104,65	213	149
15663	100,108	3,2	186,142	4,4	298	149
15664	54,71	0,1	107,93	1,0	161	149
15665	10,13	2,0	22,14	0,0	154	149
15666	445,498	21,7	795,756	37,28	154	149
15667	30,35	276,253	32,21	460,385	162	149
15668	337,313	32,18	607,481	22,18	298	149
15669	363,362	0,2	698,449	0,2	298	149
15670	0,2	1,2	3,2	0,0	298	149
15671	747,774	4,14	590,482	8,6	298	149
15672	335,358	1,0	297,236	0,0	298	149
15673	2,2	0,4	0,0	4,6	298	149
15674	61,69	2,0	63,58	0,1	154	149
15675	95,97	12,5	129,77	3,1	191	149
15676	103,103	1,4	108,80	0,0	298	149
15677	92,99	0,3	107,77	2,0	298	149
15678	15,15	0,3	21,9	2,0	298	149
15679	46,34	0,1	69,31	2,5	298	149
15680	7,8	80,88	9,4	113,96	192	149
15682	2,2	110,128	3,4	155,116	165	149
15683	2,1	110,128	1,2	155,116	158	149
15684	48,40	3,0	87,59	0,0	298	149
15685	2,0	0,0	0,0	0,1	178	149
15686	21,36	15,14	28,11	20,22	178	149
15687	0,1	28,41	5,1	55,25	298	149
15688	7,14	70,72	16,15	169,113	298	149
15689	35,54	70,72	66,39	169,113	170	149
15690	40,36	211,217	25,25	283,224	298	149
15694	2,4	0,0	1,0	5,0	298	149
15695	6,10	51,86	3,3	67,44	230	149
15702	2,0	7,15	1,0	30,8	153	149
15703	0,7	43,45	3,1	91,74	153	149
15713	287,236	1,3	407,287	17,10	176	149
15714	17,5	320,331	4,6	561,438	177	149
15715	5,3	320,331	1,2	561,438	245	149
15716	1,2	13,4	1,0	4,4	217	149
15717	338,341	1,1	515,356	0,0	298	149
15719	213,221	28,31	262,214	30,21	251	149
15721	5,4	605,633	8,5	689,637	156	149
15727	58,61	0,1	100,33	0,0	298	149
15728	128,225	0,2	163,81	2,0	184	149
15729	7,7	82,62	4,0	142,99	167	149
15730	6,4	82,62	3,5	142,99	171	149
15731	6,4	7,7	2,5	3,0	153	149
15740	526,516	0,2	865,653	0,0	298	149
15741	65,97	1,2	100,79	1,0	298	149
15742	127,165	11,21	160,136	23,17	298	149
15744	10,13	63,70	20,12	119,106	162	149
15745	3,1	1,0	1,0	0,0	162	149
15746	18,19	0,0	38,12	1,0	298	149
15747	30,28	0,7	77,47	13,4	298	149
15748	92,104	24,19	150,109	46,34	152	149
15749	161,166	12,21	268,182	26,17	239	149
15750	93,81	12,21	164,107	26,17	236	149
15751	33,28	127,122	51,34	163,143	158	149
15752	9,1	15,18	12,6	20,13	158	149
15753	5,9	249,270	6,6	385,334	151	149
15754	25,34	0,0	66,46	3,0	164	149
15755	269,295	0,0	445,374	3,0	162	149
15756	10,16	246,313	13,17	486,312	152	149
15757	328,425	0,0	545,399	2,0	298	149
15759	528,517	0,0	668,501	5,2	191	149
15760	0,3	0,0	10,10	2,1	193	149
15761	0,0	1,0	3,1	0,2	298	149
15762	0,0	106,95	3,1	118,79	298	149
15763	1,0	106,95	0,2	118,79	298	149
15764	107,113	1,1	131,106	1,0	224	149
15778	2,2	1,4	1,0	4,0	183	149
15779	1993,2175	2,4	2744,2326	0,0	154	149
15780	1284,1459	3,2	1722,1091	0,0	298	149
15781	12,28	1278,1447	9,2	1714,1091	262	149
15787	1,3	41,65	3,3	129,77	170	149
15788	2,5	0,0	4,0	1,4	161	149
15797	4,7	5,6	7,3	4,0	188	149
15798	0,1	1,3	0,0	1,0	208	149
15799	0,1	0,2	1,1	0,0	153	149
15800	0,2	10,6	2,4	11,6	153	149
15801	0,1	3,3	1,1	1,3	153	149
15802	17,22	113,80	24,10	110,94	153	149
15804	9,9	113,134	4,3	107,78	269	149
15805	35,34	77,128	33,37	108,71	193	149
15808	761,966	0,2	608,504	0,0	298	149
15809	753,962	3,0	606,504	0,0	298	149
15810	9,11	30,50	9,7	47,33	194	149
15815	86,83	3,5	102,105	0,0	205	149
15816	290,265	6,18	404,299	9,8	205	149
15817	220,247	1,1	376,241	10,3	298	149
15818	87,83	1,0	112,108	0,0	205	149
15819	17,16	208,273	11,12	519,376	194	149
15820	13,14	0,1	12,7	0,1	194	149
15821	289,339	0,1	526,363	0,1	298	149
15822	279,328	0,3	517,359	2,0	298	149
15823	7,11	270,315	10,14	513,346	154	149
15824	289,285	0,2	433,271	4,0	298	149
15825	90,89	0,0	107,108	0,1	298	149
15826	4,12	5,3	17,3	9,1	199	149
15827	8,11	5,3	11,4	9,1	298	149
15828	10,6	3,6	8,4	14,2	272	149
15829	282,289	0,0	326,217	2,0	298	149
15830	6,2	1,0	3,4	2,0	186	149
15834	0,1	3,5	0,0	0,2	207	149
15840	421,515	820,962	459,332	1184,841	274	149
15841	1309,1468	3,1	1753,1337	2,0	298	149
15842	1088,1342	0,0	1692,1271	1,0	298	149
15847	2,0	2,0	6,3	2,0	295	149
15850	4,2	62,77	4,3	117,120	283	149
15853	0,1	13,11	2,2	18,13	220	149
15855	1088,1358	1,0	1987,1496	2,0	298	149
15856	105,121	1,3	136,90	1,0	162	149
15862	1,1	0,1	3,2	0,0	298	149
15863	667,763	0,0	1292,986	2,0	298	149
15864	0,2	2,0	1,2	3,0	154	149
15865	0,2	549,524	1,2	966,755	158	149
15866	2,0	549,524	3,0	966,755	153	149
15867	7,15	1,2	19,8	0,0	280	149
15870	9,11	0,0	8,9	0,1	190	149
15871	45,44	2,4	57,50	11,2	164	149
15872	34,29	0,1	55,41	2,1	164	149
15873	38,19	10,18	33,33	9,8	298	149
15877	148,168	0,2	247,224	0,0	298	149
15878	150,173	0,0	256,229	1,0	298	149
15881	17,12	3,4	7,11	4,2	249	149
15887	322,382	46,69	521,385	73,60	164	149
15888	56,60	95,108	102,56	129,101	280	149
15889	3,2	0,0	4,2	2,0	298	149
15890	0,2	41,47	1,1	47,42	209	149
15891	4,14	0,0	19,17	2,0	153	149
15892	4,12	0,2	9,3	6,1	298	149
15893	3,2	139,131	8,2	293,210	153	149
15901	1,0	2,0	0,0	1,0	188	149
15906	0,4	2,0	1,2	5,0	298	149
15908	31,33	977,1113	28,24	1846,1462	298	149
15909	28,28	12,6	13,11	7,3	298	149
15910	19,21	1,0	56,32	2,3	298	149
15911	8,16	0,2	18,12	3,0	280	149
15913	1,3	2,3	3,6	4,3	191	149
15914	4,13	2,3	7,9	4,3	298	149
15915	4,11	1,1	7,9	3,6	298	149
15919	14,32	3,3	34,35	2,5	195	149
15924	6,6	0,1	11,14	0,0	193	149
15925	7,2	0,0	11,3	1,0	231	149
15926	12,10	1,5	29,20	8,12	167	149
15927	4,9	12,10	11,14	29,20	298	149
15928	6,2	1,0	1,2	0,0	232	149
15929	2,3	7,3	3,0	2,4	199	149
15930	96,146	1,5	195,152	2,0	298	149
15931	5,15	1,0	12,4	0,0	298	149
15935	2,0	61,104	0,0	164,85	298	149
15939	239,304	1,3	455,325	4,8	185	149
15948	4,16	133,135	8,5	210,143	229	149
15949	498,594	10,1	758,566	3,0	298	149
15950	700,794	370,477	1052,739	508,396	194	149
15951	475,462	0,0	722,562	0,1	298	149
15952	373,423	2,3	698,502	6,5	177	149
15953	0,4	213,255	8,4	413,278	298	149
15955	30,42	4,2	32,21	2,2	298	149
15956	0,0	0,1	2,1	0,0	201	149
15957	5,5	0,1	5,10	0,0	298	149
15958	507,525	0,1	461,381	0,0	298	149
15960	1,0	0,0	0,0	1,0	158	149
15961	1,0	7,2	1,5	16,9	298	149
15963	3,0	215,257	2,3	421,340	298	149
15964	4,3	257,235	2,1	429,282	298	149
15965	461,474	9,2	765,567	4,2	213	149
15967	109,121	1,0	166,109	0,0	298	149
15968	0,1	19,25	0,0	25,20	298	149
15969	13,8	17,17	13,12	31,14	298	149
15970	191,206	0,0	403,314	1,0	153	149
15971	6,13	0,0	14,11	2,0	298	149
15978	8,13	1,2	14,11	2,0	298	149
15979	6,13	1,2	14,11	2,0	298	149
15980	13,15	1,2	20,16	2,0	298	149
15981	6,13	1,2	14,11	2,0	298	149
15982	8,11	2,0	11,8	0,0	298	149
15983	15,13	2,0	17,13	0,0	298	149
15984	8,11	2,0	11,8	0,0	298	149
15990	15,14	0,0	11,12	0,1	229	149
15992	2,0	3,1	4,0	5,1	213	149
15993	2,0	0,3	1,1	6,2	213	149
15994	3,4	1,1	2,2	0,2	265	149
15996	3,4	25,40	2,2	66,35	265	149
15997	3,4	0,1	2,2	4,0	265	149
15998	13,9	2,0	9,5	0,0	158	149
15999	204,203	4240,4619	276,227	6729,5357	297	149
16001	35,42	4,7	58,34	16,11	298	149
16002	33,38	4,7	57,24	16,11	298	149
16003	19,18	5,11	30,19	12,17	298	149
16004	15,25	0,3	31,27	5,0	298	149
16006	12,29	544,493	22,13	781,606	280	149
16008	5,6	1,2	6,8	0,4	298	149
16017	2,6	17,26	6,3	12,8	241	149
16018	5,11	11,9	10,7	26,21	241	149
16019	2,5	3,6	10,6	15,9	241	149
16020	50,57	76,73	104,81	168,108	153	149
16021	28,43	0,0	24,19	1,0	195	149
16022	4,6	1,0	2,2	0,0	195	149
16025	0,0	3,3	0,1	5,2	193	149
16027	1,2	1,0	1,3	0,5	200	149
16028	156,121	2,2	220,193	2,0	206	149
16030	65,55	0,1	119,88	0,1	298	149
16032	123,140	0,4	264,172	4,3	298	149
16036	8,21	0,1	17,8	1,0	271	149
16038	24,24	9,8	27,10	7,0	164	149
16049	1,0	3,2	7,4	6,1	154	149
16051	46,65	48,49	35,19	63,45	277	149
16052	128,173	2,0	290,140	0,0	298	149
16053	80,135	2,0	175,123	0,1	298	149
16060	79,104	0,0	133,129	6,4	196	149
16061	19,22	0,0	32,31	6,4	209	149
16062	1,3	61,85	5,0	106,98	162	149
16069	214,248	43,27	340,263	36,47	155	149
16071	163,164	7,5	295,224	14,8	161	149
16073	12,19	129,185	7,9	311,252	156	149
16074	185,193	0,0	367,262	2,3	175	149
16075	1,6	12,7	2,0	9,4	153	149
16076	47,38	5,5	64,43	5,4	174	149
16077	18,14	4,2	14,10	0,0	174	149
16078	24,19	22,10	70,39	53,43	167	149
16079	129,104	5,5	163,111	0,0	171	149
16080	79,121	0,2	129,92	0,0	298	149
16081	57,69	184,182	86,61	203,201	263	149
16083	9,18	0,3	1,3	0,0	192	149
16084	7,17	5,23	2,0	9,10	192	149
16086	76,81	2,2	83,56	3,7	229	149
16087	137,161	1,0	194,150	0,2	186	149
16088	26,34	1,0	29,20	0,0	186	149
16091	1,4	0,3	2,1	6,7	180	149
16092	1,6	4,2	12,4	5,0	164	149
16093	176,202	1,3	188,136	0,3	196	149
16097	0,0	67,60	1,0	75,68	242	149
16098	82,85	445,399	104,108	619,490	179	149
16099	14,5	11,4	15,8	1,3	263	149
16105	4,3	10,10	0,2	23,16	179	149
16106	4,5	21,24	2,2	23,30	179	149
16110	0,3	49,62	0,0	60,58	165	149
16119	38,69	13,9	46,43	14,10	161	149
16121	139,133	3,1	105,109	0,1	257	149
16122	182,171	1,0	176,131	0,0	200	149
16125	40,37	0,0	44,35	2,0	298	149
16131	28,10	1,1	16,13	2,1	298	149
16132	2,0	27,17	0,1	28,22	279	149
16137	73,82	93,105	94,64	100,63	155	149
