ID	IJC_SAMPLE_1	SJC_SAMPLE_1	IJC_SAMPLE_2	SJC_SAMPLE_2	IncFormLen	SkipFormLen
12	17,7	0,0	24,29	7,2	245	149
14	52,82	3,0	68,55	0,0	1003	149
15	46,81	2,0	67,53	4,0	963	149
16	44,81	1,2	63,51	5,2	934	149
20	37,79	4,0	51,39	10,4	819	149
21	30,36	13,21	47,30	16,13	762	149
22	26,32	1,2	45,28	0,0	735	149
39	7,2	0,0	5,2	0,2	248	149
54	1,0	2,0	0,0	0,2	1174	149
55	36,48	5,11	65,33	13,6	246	149
56	48,91	471,494	54,48	641,479	296	149
57	549,702	907,1017	649,450	1474,1033	850	149
58	801,1028	2,3	842,605	0,1	1522	149
59	267,341	765,907	207,164	1029,695	688	149
61	79,127	448,484	97,104	939,718	1372	149
62	81,139	2,3	111,104	7,8	1617	149
63	32,46	460,497	43,31	886,727	349	149
65	4,4	1,7	4,2	0,0	1374	149
70	0,2	0,0	6,2	2,0	3532	149
78	4,10	0,2	14,2	2,0	1827	149
80	19,25	1,2	18,14	15,6	260	149
82	6,13	5,1	11,4	6,0	1220	149
83	8,6	6,8	13,4	17,15	344	149
96	13,13	0,1	28,9	2,0	750	149
97	6,3	62,58	3,3	98,72	267	149
98	6,3	2,0	3,3	0,0	318	149
99	6,3	1,0	3,3	0,0	270	149
100	5,3	47,49	5,3	58,67	258	149
101	49,47	1,0	75,69	2,0	283	149
102	107,94	4,1	174,114	1,1	659	149
103	16,6	4,0	8,15	4,3	888	149
104	2,7	2,1	4,3	5,1	241	149
105	278,307	5231,5374	498,398	13221,9745	1229	149
116	3453,3763	90,126	2546,1877	220,122	3420	149
117	2944,3201	7,3	2184,1590	1,4	3018	149
118	5,3	1,0	6,0	1,0	584	149
119	0,1	4,0	4,0	3,0	788	149
124	15,12	33,20	9,6	47,32	316	149
128	0,2	2,2	1,0	5,2	876	149
129	122,113	59,69	206,92	126,73	3782	149
134	29,46	982,870	80,43	1628,1245	352	149
135	29,44	6,8	76,32	12,11	528	149
136	38,59	194,224	26,29	365,233	275	149
137	0,0	275,263	3,0	343,262	280	149
138	26,22	79,91	15,11	56,42	281	149
145	3,4	2,7	5,6	3,2	222	149
146	4,7	8,5	6,7	2,5	267	149
147	365,421	6,6	346,171	23,8	875	149
148	343,394	157,221	318,158	195,156	857	149
150	71,76	233,293	52,31	306,206	278	149
151	49,57	0,2	27,34	0,0	447	149
152	133,156	209,229	92,80	266,198	1561	149
153	39,46	21,17	62,47	10,14	2029	149
154	5,12	175,204	9,5	244,144	287	149
155	24,32	315,479	18,18	689,411	235	149
156	21,28	4,2	58,37	0,0	492	149
157	13,37	92,162	17,12	169,131	429	149
158	33,11	290,293	6,6	438,314	252	149
159	49,73	76,108	62,57	143,66	340	149
165	22,27	11,9	21,6	4,2	374	149
166	152,158	1060,1242	135,80	1886,1372	1719	149
167	18,15	0,0	11,3	1,0	272	149
168	172,183	27,16	158,99	48,31	1722	149
169	46,49	1059,1245	79,34	1716,1175	1027	149
170	62,79	1061,1080	40,44	1551,1084	232	149
171	48,54	651,689	39,38	961,710	534	149
172	142,182	2,2	134,95	0,0	1342	149
173	107,148	33,34	127,90	6,2	827	149
174	71,113	881,919	104,73	1469,1064	356	149
175	22,28	1082,1149	19,5	1632,1087	228	149
176	22,24	1,2	24,21	0,0	232	149
177	22,24	902,886	24,21	1223,870	243	149
178	37,55	412,457	24,17	768,420	448	149
179	56,87	232,244	47,27	309,180	451	149
180	57,51	572,743	31,25	747,528	337	149
182	17,8	55,51	8,7	73,67	600	149
186	8,15	17,23	4,2	32,25	764	149
187	9,15	2,2	4,2	2,4	768	149
189	2,0	2,1	0,0	5,0	3928	149
190	14,10	7,0	17,2	12,10	2814	149
191	133,65	960,1026	136,87	2070,1529	3454	149
193	56,45	111,120	46,27	186,105	1858	149
194	8,12	151,140	11,8	221,139	695	149
195	71,85	2,8	88,69	0,1	2473	149
196	66,73	115,148	77,63	211,168	1815	149
197	17,22	69,84	31,28	86,89	918	149
198	30,42	68,52	29,33	101,77	1141	149
199	12,11	61,42	21,14	80,55	378	149
200	1,8	2,1	6,2	10,1	291	149
202	1,8	2,7	5,2	6,2	272	149
203	20,25	29,34	20,9	49,38	230	149
204	52,70	12,15	64,32	13,9	557	149
205	44,54	32,46	59,27	62,50	434	149
206	8,10	75,102	5,3	150,104	266	149
207	103,132	1,4	211,185	3,0	269	149
208	33,33	9,12	66,55	10,3	229	149
209	23,19	4,6	29,11	0,3	1341	149
210	324,331	144,121	301,205	275,191	1677	149
211	328,333	1,0	303,207	1,0	1680	149
213	755,665	144,129	885,572	174,142	2992	149
217	11,18	0,0	26,19	1,1	264	149
220	7,10	3,2	20,10	2,3	242	149
221	7,10	2,0	19,9	0,0	238	149
222	7,10	9,4	20,10	5,4	245	149
223	7,10	1,1	19,9	0,0	241	149
226	8,15	101,96	11,8	154,96	231	149
229	10,7	36,53	6,6	33,25	256	149
230	14,41	0,2	10,12	0,0	398	149
231	78,55	5,3	35,21	0,2	539	149
232	8,10	18,24	6,1	15,13	231	149
233	40,18	17,21	21,13	5,3	451	149
234	11,10	9,20	5,9	2,2	288	149
235	4,4	15,52	0,1	19,7	222	149
241	68,135	3,10	79,55	0,0	1402	149
247	7,4	0,0	1,3	1,0	505	149
248	758,785	5,2	1265,935	1,2	1240	149
249	5,3	4,1	4,3	0,0	495	149
250	5,3	2,0	4,3	2,0	538	149
251	1,6	0,0	7,7	1,1	538	149
252	0,2	1,0	2,0	1,0	609	149
253	28,21	72,80	20,17	172,102	371	149
254	45,45	507,492	25,46	901,671	998	149
255	15,21	493,477	24,7	819,684	366	149
256	221,230	278,361	285,252	516,348	1062	149
257	243,248	278,357	349,341	461,321	629	149
258	56,41	88,85	41,38	198,131	2365	149
259	17,6	64,71	6,5	82,41	629	149
261	57,64	173,200	57,37	280,182	278	149
262	56,50	119,119	35,22	177,120	233	149
263	46,38	215,200	31,19	258,234	239	149
264	93,150	89,103	89,74	145,97	380	149
265	196,279	11,7	222,166	8,11	470	149
266	55,64	323,330	58,26	524,353	3186	149
267	28,39	345,383	25,23	702,476	373	149
268	10,14	8,7	1,0	16,5	744	149
269	31,36	339,371	16,18	595,446	929	149
270	21,22	337,397	17,7	577,451	294	149
271	109,126	1,0	72,83	0,0	1787	149
272	88,105	301,358	55,76	531,334	1494	149
273	82,99	2,3	51,72	6,0	1463	149
274	81,99	1,0	49,72	4,4	1452	149
275	3878,3942	26,15	4753,3738	13,16	236	149
277	76,82	32,46	64,58	66,39	723	149
278	6,6	47,53	9,14	100,75	323	149
280	4,1	2,1	4,2	4,5	394	149
282	341,378	0,3	337,245	1,2	5658	149
283	14,30	1,1	37,12	4,0	385	149
285	13,33	1301,1299	24,19	1377,1009	733	149
286	6,3	1277,1331	3,5	1735,1235	583	149
287	1,0	1,0	0,1	0,0	345	149
291	15,18	133,200	18,5	188,136	340	149
292	14,10	131,114	6,9	106,67	325	149
293	33,37	14,24	21,11	13,9	1531	149
294	3,2	9,9	4,0	14,4	236	149
295	5,3	95,113	4,5	128,89	254	149
296	684,716	3,2	923,724	1,0	559	149
297	491,646	2,2	675,458	1,0	1075	149
298	64,85	19,15	34,23	14,3	784	149
299	3,2	120,161	7,6	194,92	347	149
300	24,14	1,3	18,9	0,0	259	149
301	11,14	44,29	24,11	77,51	237	149
303	22,20	1,0	28,17	0,0	276	149
304	7,3	0,1	4,9	3,1	395	149
306	10,16	0,0	14,25	3,0	1013	149
307	2,13	1,0	10,14	5,4	600	149
312	10,13	102,109	17,16	141,76	3007	149
314	125,155	17,9	257,210	12,12	230	149
318	2,0	12,4	0,4	5,1	1091	149
323	360,403	0,2	339,263	0,0	900	149
326	165,183	27,31	206,175	45,27	1045	149
327	23,28	86,119	33,29	87,72	503	149
328	5,8	103,76	7,3	89,44	293	149
329	4,3	0,0	0,1	1,0	689	149
331	0,3	0,0	0,0	0,2	269	149
332	42,52	1,3	26,28	0,2	284	149
333	43,55	0,0	28,28	0,1	343	149
337	4180,4460	1,2	4447,3391	1,0	3427	149
339	2,2	2,2	7,4	2,4	424	149
340	0,1	2,10	0,0	1,1	365	149
343	83,140	1,1	105,61	1,0	230	149
345	40,54	85,84	52,31	121,91	313	149
346	9,2	0,0	7,3	1,0	507	149
347	12,14	0,1	18,7	0,0	801	149
350	3,0	12,2	0,0	2,7	1692	149
358	11,13	50,55	9,2	66,44	244	149
362	26,32	0,0	21,16	0,3	432	149
363	5,17	2,5	17,14	0,2	573	149
364	3419,4110	0,1	5508,3517	0,0	2403	149
373	49,49	0,1	86,62	1,5	960	149
374	52,50	2,0	90,65	3,3	1010	149
375	46,44	1,0	85,57	6,2	956	149
379	14,17	0,0	11,4	1,1	1370	149
380	14,9	0,0	15,7	2,0	3944	149
383	73,97	541,597	1,0	6,3	2022	149
384	188,209	482,499	1,0	3,11	3144	149
389	52,82	0,1	117,73	0,0	253	149
390	64,84	0,0	136,103	1,0	630	149
391	66,103	7,3	141,112	10,8	589	149
393	894,1010	0,2	801,623	1,0	1304	149
394	972,1081	21,11	888,665	4,7	1437	149
395	1525,1715	1288,1548	1474,1029	3099,2354	3166	149
396	36,49	519,671	30,27	1294,937	242	149
398	26,38	122,91	20,16	134,104	2176	149
399	0,1	58,61	2,2	106,67	469	149
400	778,729	1,1	1397,1095	2,1	862	149
401	5,10	21,16	5,15	32,26	273	149
403	39,51	0,3	30,28	2,0	989	149
404	0,1	0,1	3,0	0,0	1331	149
405	14,25	29,23	26,15	37,29	7915	149
406	27,26	160,201	37,16	243,186	1043	149
408	1,5	74,77	24,14	140,90	1121	149
409	9,12	43,81	14,7	93,71	363	149
415	7,3	6,4	11,9	4,3	934	149
416	16,4	0,1	11,9	1,0	964	149
420	116,189	12,12	313,235	25,11	2454	149
427	231,224	1,3	175,140	2,1	1054	149
429	251,275	12,20	200,149	8,3	1141	149
430	242,260	88,128	188,143	150,82	1114	149
431	12,13	23,41	21,12	15,18	598	149
432	6,2	22,39	2,0	54,25	370	149
434	12,11	37,49	28,18	27,23	1116	149
435	60,90	2,4	69,43	2,0	1054	149
437	136,276	3,7	170,125	5,1	330	149
439	1,0	0,0	2,0	1,0	1021	149
441	73,112	2,0	122,104	0,0	1992	149
442	17,24	519,568	21,29	892,660	950	149
443	307,422	95,202	287,227	137,96	522	149
448	32,48	336,336	16,20	616,405	626	149
449	32,46	414,461	41,35	973,699	745	149
450	92,96	6,8	111,70	4,9	653	149
451	54,55	420,496	56,23	779,662	638	149
452	114,100	521,603	72,61	909,754	1062	149
453	202,239	1304,1412	112,63	1238,847	536	149
454	202,236	157,129	112,63	117,68	514	149
456	403,383	3,2	204,115	1,0	442	149
457	432,401	643,741	221,122	548,397	481	149
458	420,387	2,0	207,112	0,0	477	149
459	504,533	2,3	350,267	1,2	2589	149
460	31,15	449,540	10,16	612,488	261	149
461	8,23	446,671	19,12	952,490	253	149
465	10,17	119,139	24,15	174,132	1623	149
469	7,6	179,205	2,3	360,309	623	149
470	16,31	40,26	19,10	44,37	600	149
472	12,26	0,1	15,9	2,0	502	149
473	12,35	30,35	14,6	58,31	765	149
474	29,36	8,4	5,6	1,0	1830	149
475	9,13	32,31	6,1	34,48	225	149
487	14,4	23,33	12,9	67,21	815	149
492	48,66	847,857	63,46	927,637	627	149
493	624,634	506,631	945,696	747,521	1955	149
494	18,14	0,0	12,6	2,0	287	149
495	65,63	1,4	44,32	6,2	330	149
496	65,63	300,350	44,32	475,340	334	149
497	80,108	33,40	78,80	31,29	559	149
498	0,17	290,328	9,0	654,521	225	149
501	496,823	40,71	610,335	34,22	415	149
503	3,0	2,1	6,7	3,3	220	149
504	5,7	48,50	8,10	141,83	466	149
505	7,7	142,165	14,6	209,157	225	149
506	319,292	47,43	385,283	80,49	384	149
517	0,1	0,0	2,2	0,1	337	149
524	7,11	1,0	5,3	0,0	267	149
528	17,15	12,9	16,17	19,5	471	149
531	0,2	15,14	0,0	26,16	487	149
532	1,0	22,16	2,0	7,6	1369	149
536	0,6	0,0	0,5	1,3	1799	149
541	12,7	0,4	14,6	7,2	848	149
542	22,27	184,202	17,11	345,255	244	149
543	684,653	32,22	983,767	22,21	264	149
544	1124,1110	49,43	1657,1272	75,48	385	149
545	169,160	482,414	103,122	681,601	385	149
546	286,317	32,28	288,281	31,25	423	149
547	89,66	555,690	93,54	1187,903	255	149
548	18,29	13,8	28,18	16,4	611	149
549	29,69	78,141	19,11	56,37	510	149
550	29,69	0,2	19,11	0,1	522	149
551	46,51	785,779	66,59	1186,942	278	149
552	86,118	559,932	99,50	1139,512	234	149
553	208,348	4,2	323,159	6,3	258	149
554	89,112	1790,2335	76,59	2460,1686	237	149
555	9,20	33,31	13,8	48,25	351	149
556	31,16	0,1	22,17	2,1	660	149
561	0,4	4,11	0,0	4,2	317	149
562	9,15	35,35	10,12	27,30	225	149
563	0,0	7,8	0,1	2,0	243	149
564	17,5	24,20	9,6	23,19	245	149
565	2,5	2,1	8,3	2,0	276	149
566	2,5	1,4	8,3	0,2	266	149
568	153,146	81,93	98,90	77,53	239	149
569	249,236	83,141	201,176	74,47	822	149
570	19,13	307,335	13,10	462,317	405	149
571	281,249	199,177	225,155	253,198	1617	149
572	3,3	42,85	0,1	46,29	253	149
573	10,14	41,113	3,2	52,38	235	149
578	58,58	121,186	66,53	270,134	965	149
580	2,4	5,2	0,2	7,0	229	149
581	46,75	12,21	44,28	14,6	718	149
583	6,5	27,31	2,1	21,29	246	149
584	8,7	3,1	3,1	0,0	410	149
585	2,4	9,12	1,1	7,1	225	149
586	53,41	139,198	36,25	259,186	236	149
588	0,1	17,38	2,1	43,16	272	149
592	79,62	172,195	90,53	340,242	1796	149
593	52,27	4,2	46,35	2,0	846	149
596	55,61	408,469	72,52	1038,800	241	149
602	51,69	202,344	42,20	448,233	570	149
603	1910,2189	54,43	796,593	2,2	434	149
606	4,4	331,346	7,12	404,286	1626	149
607	12,16	5,3	11,8	8,3	258	149
608	299,316	0,2	248,214	2,0	879	149
609	309,296	615,727	288,189	1357,971	2488	149
612	45,39	1002,1020	44,30	2220,1640	406	149
615	60,48	0,2	37,20	3,0	442	149
616	60,48	0,9	37,20	1,1	438	149
617	33,44	134,145	29,36	176,193	771	149
619	7,3	86,89	3,4	115,109	247	149
620	2,3	37,47	1,0	39,29	359	149
623	4,9	97,91	2,0	177,164	226	149
624	7,5	51,60	0,0	7,3	287	149
627	15,9	113,117	2,6	160,156	222	149
628	1,0	0,0	5,0	0,1	254	149
630	3,0	0,2	4,0	0,1	450	149
636	2,1	0,2	1,1	1,0	281	149
637	0,1	0,0	4,0	1,0	508	149
640	62,67	2,0	6,7	0,0	241	149
641	64,68	1,0	6,7	0,0	313	149
642	10,1	0,0	1,3	1,0	1768	149
647	14,8	280,249	11,14	599,467	255	149
648	22,15	0,1	13,8	1,1	788	149
650	22,16	0,2	13,10	9,1	1090	149
651	22,20	0,1	15,10	0,0	1101	149
653	5,5	1,0	6,4	0,0	278	149
654	2,2	0,1	10,10	0,2	306	149
656	24,15	29,45	15,17	46,59	434	149
662	19,32	625,604	23,17	689,571	288	149
663	10,38	717,750	15,9	891,732	356	149
664	65,79	6666,6863	54,50	11008,8621	252	149
665	150,162	6390,6793	141,105	9774,7459	244	149
666	707,830	4833,5507	719,527	7181,5221	1994	149
667	1145,1827	93,111	1469,854	123,87	2045	149
668	7,12	310,339	8,6	566,496	242	149
669	5,13	197,246	4,5	356,257	247	149
671	8,8	0,0	7,1	2,0	367	149
672	7,7	7,6	7,0	13,3	351	149
673	37,53	412,737	51,33	817,376	425	149
674	17,15	1013,1171	27,18	1981,1381	235	149
676	0,2	2,1	1,1	8,0	471	149
679	2,16	145,158	12,5	261,175	224	149
680	4,3	163,191	5,3	256,176	225	149
681	2,2	15,11	0,3	30,21	355	149
682	5,11	0,0	9,4	0,1	318	149
687	12,11	27,28	18,16	47,29	452	149
689	24,42	1,0	33,21	0,0	474	149
691	5,5	13,5	2,3	6,13	291	149
692	508,561	2,0	744,540	1,0	674	149
693	535,561	0,0	755,517	2,3	743	149
694	1186,1256	0,4	1861,1279	1,1	1258	149
695	12,14	0,0	10,12	1,0	383	149
696	33,34	443,485	66,43	526,493	395	149
697	10,19	5,3	10,6	8,4	341	149
698	15,27	88,71	14,10	198,123	390	149
699	22,27	19,38	13,5	30,15	495	149
700	39,37	2,9	24,14	2,1	845	149
701	18,10	24,40	12,9	65,32	388	149
703	22,42	2,0	41,12	0,0	347	149
705	63,107	48,63	91,54	93,79	734	149
707	106,144	3,0	123,77	0,0	1583	149
708	69,110	25,29	103,64	46,48	749	149
709	12,23	1,2	37,25	2,0	262	149
710	5,6	36,71	12,2	65,21	230	149
711	5,9	23,58	3,2	26,14	284	149
712	1,9	20,28	0,0	20,8	685	149
715	8,15	2,4	15,10	2,2	578	149
716	125,132	0,3	105,67	1,0	972	149
717	104,103	28,66	78,53	38,23	912	149
718	8,1	45,54	1,2	67,33	222	149
719	27,10	21,17	25,34	17,9	239	149
720	27,10	3,10	24,33	11,11	236	149
721	146,140	74,64	78,60	100,62	1154	149
722	60,82	130,112	83,50	180,119	326	149
723	87,71	103,101	86,67	162,111	353	149
724	179,159	18,15	166,128	8,18	852	149
725	112,97	48,58	90,74	80,48	535	149
728	758,772	2,8	578,447	1,1	2370	149
744	0,3	0,1	6,6	2,0	380	149
745	5,3	0,0	4,4	9,5	420	149
746	163,150	0,0	226,129	1,0	980	149
747	6,1	10,11	2,0	26,16	272	149
748	11,4	1,0	20,16	3,1	330	149
756	2,12	5,1	1,1	4,1	286	149
757	42,46	32,18	84,63	25,9	448	149
763	6,4	2,3	4,4	0,3	512	149
764	6,4	0,0	4,4	0,2	507	149
766	55,64	0,2	76,57	1,2	828	149
767	12,5	89,113	5,1	96,68	263	149
768	7,8	221,262	11,14	204,162	232	149
769	1,9	38,54	0,0	28,20	219	149
770	49,42	30,22	24,25	24,5	1897	149
771	10,3	98,113	3,1	106,62	223	149
772	4,12	79,102	7,3	85,43	229	149
773	7,5	54,57	6,5	102,76	526	149
774	161,163	48,88	179,143	97,67	806	149
775	109,154	3,0	182,116	0,0	305	149
777	1,4	134,195	11,0	165,72	259	149
782	155,164	0,0	112,103	2,0	1304	149
783	155,164	26,23	112,103	43,42	1323	149
785	2,2	0,0	0,0	2,0	248	149
789	13,17	758,874	9,12	1061,673	567	149
792	3,2	1,2	0,0	7,7	365	149
793	13,6	1,4	2,4	0,0	258	149
794	15,32	46,51	8,16	38,21	245	149
795	10,14	0,1	23,9	0,0	254	149
796	13,16	0,3	23,9	0,0	273	149
797	249,232	4,0	459,306	1,0	268	149
799	11,5	110,152	8,9	157,108	289	149
800	494,439	53,46	816,646	96,77	444	149
803	38,34	6,23	39,25	21,16	437	149
804	38,52	146,158	25,22	184,159	868	149
805	49,52	129,157	34,33	219,145	732	149
806	22,38	123,120	28,4	180,134	233	149
807	14,9	2,2	2,0	2,1	539	149
808	14,9	10,10	2,0	5,0	550	149
810	125,101	2,3	74,47	0,0	275	149
811	130,113	0,2	79,49	0,1	284	149
814	94,82	18,26	67,34	13,6	252	149
816	106,67	2,5	48,24	0,3	422	149
817	2,0	7,8	1,0	15,4	243	149
818	13,7	14,17	2,5	11,11	1201	149
819	9,13	10,4	8,9	6,5	353	149
821	150,170	6,11	165,115	3,3	1494	149
822	32,40	3,3	23,19	1,3	240	149
823	405,487	153,170	448,293	141,113	923	149
824	460,545	511,467	492,327	417,276	1595	149
825	56,68	26,59	44,35	19,13	684	149
826	104,113	18,19	84,65	4,5	747	149
827	77,92	5,5	53,48	0,2	719	149
828	1026,1318	1,1	1175,778	0,0	2588	149
829	592,809	381,484	711,467	383,270	1033	149
830	204,282	4,3	217,149	1,0	459	149
831	1018,1305	4,1	1157,761	0,0	3087	149
832	584,796	58,32	693,450	0,0	1532	149
833	20,33	492,624	13,7	527,380	584	149
834	95,86	604,642	106,70	553,442	2020	149
835	1423,1588	1,2	1348,1032	0,0	2508	149
836	987,1004	0,1	959,737	0,0	2198	149
837	1123,1198	33,34	1171,890	8,13	246	149
838	1443,1609	3,2	1360,1045	0,0	2513	149
839	1007,1025	0,0	971,750	2,2	2203	149
840	1143,1219	227,224	1183,903	157,122	251	149
841	789,807	15,12	869,657	6,7	603	149
842	67,50	1002,1132	65,33	831,643	443	149
843	28,19	94,133	28,19	87,42	652	149
844	31,74	255,309	34,24	439,269	229	149
845	228,263	411,505	240,207	891,656	1507	149
846	33,28	112,173	10,9	161,105	236	149
849	8,22	719,859	13,15	1423,1042	225	149
850	82,86	2,0	60,54	4,1	543	149
851	3,17	744,915	12,0	1034,812	237	149
852	16,19	130,179	21,7	280,194	222	149
855	84,74	121,141	46,50	231,204	239	149
856	11,32	11,14	10,2	5,2	239	149
857	10,5	154,160	7,7	200,154	242	149
859	50,63	4,5	70,38	2,4	283	149
860	2592,3183	9,4	3977,2835	0,2	372	149
861	14,17	318,333	30,14	496,345	245	149
862	13,3	214,250	11,4	311,236	233	149
863	36,38	535,541	22,18	1063,826	238	149
864	24,12	1,1	21,15	0,0	512	149
865	12,18	2,3	25,17	1,0	652	149
867	16,50	251,274	48,14	367,267	219	149
868	19,26	384,308	23,28	579,503	228	149
869	12,10	352,405	13,6	760,628	288	149
870	48,64	6,2	80,30	2,2	577	149
871	337,421	0,8	789,616	0,2	410	149
872	36,54	256,318	67,24	547,342	289	149
873	2,13	0,2	1,0	0,0	296	149
875	706,835	40,49	1159,946	65,65	728	149
876	53,46	183,201	25,32	221,151	246	149
877	114,123	1,0	84,88	3,0	291	149
878	410,394	87,86	281,303	99,66	402	149
879	850,861	1025,975	778,585	994,775	812	149
880	96,68	316,321	39,42	355,266	594	149
881	1105,1239	7,13	1635,1258	1,1	1037	149
882	103,145	877,856	112,97	1243,954	235	149
883	152,158	1229,1195	129,75	1968,1492	324	149
884	3,17	29,71	15,4	58,50	235	149
885	20,29	162,179	14,8	303,202	232	149
886	6,2	165,179	4,3	277,228	223	149
887	22,19	80,64	30,26	142,75	831	149
888	3,4	138,140	11,3	131,98	239	149
889	11,34	1,3	24,8	7,1	266	149
890	10,34	0,3	24,8	0,0	262	149
891	10,34	0,1	24,8	2,2	255	149
892	6,28	51,68	20,6	75,53	222	149
893	19,23	340,368	31,31	535,392	218	149
894	90,195	16,22	110,38	43,24	544	149
895	106,86	124,206	91,49	155,83	1194	149
896	37,38	78,161	26,13	93,41	617	149
897	23,43	1,4	26,19	0,0	243	149
898	16,31	2,1	15,16	0,0	224	149
899	17,23	14,26	30,10	17,8	361	149
913	6,2	90,157	5,12	96,79	240	149
915	46,65	18,13	94,67	40,28	304	149
916	77,72	278,369	16,31	548,447	854	149
917	22,32	203,196	35,36	478,349	505	149
922	2,0	6,5	2,0	2,0	378	149
924	4,5	96,127	0,0	127,89	249	149
925	4,7	90,162	9,1	159,83	240	149
939	24,27	110,135	17,15	122,105	965	149
941	28,33	2,4	2,12	1,0	677	149
943	0,3	4,5	0,0	7,3	230	149
945	4,6	2,4	6,16	3,0	384	149
946	4,6	3,2	6,16	6,0	381	149
948	4,9	1,0	5,0	0,0	394	149
949	0,2	211,288	0,0	250,141	384	149
951	56,61	204,268	33,29	228,158	1623	149
952	16,12	205,265	23,13	240,136	508	149
955	78,67	2771,3184	89,47	4758,3817	400	149
956	16,15	257,292	10,12	311,210	228	149
957	348,385	4,6	437,341	10,4	896	149
958	38,59	412,415	36,24	543,417	814	149
959	0,6	160,239	6,2	147,111	537	149
960	17,34	6,21	28,21	16,11	553	149
961	5,8	18,26	5,0	29,17	517	149
962	39,65	364,442	33,14	494,294	252	149
963	4,3	69,105	0,1	99,74	245	149
964	1,2	15,35	0,0	22,5	218	149
965	135,172	2,0	86,70	0,0	1125	149
966	197,305	11,15	141,102	14,7	2382	149
968	935,1168	386,366	1400,819	646,518	483	149
969	5,6	0,1	0,1	0,0	319	149
970	4,5	38,76	0,0	62,27	314	149
972	50,60	0,1	75,51	2,1	336	149
973	36,110	12,21	49,54	11,10	445	149
975	3,5	24,24	4,2	28,15	224	149
976	6,11	164,182	10,8	162,164	757	149
977	1,5	180,227	7,5	243,162	1329	149
979	264,315	173,176	214,134	202,210	3268	149
981	17,27	1158,1129	13,8	1712,1295	232	149
982	0,0	157,208	1,1	169,119	242	149
983	1,0	2,2	1,1	1,0	251	149
986	335,349	7,5	592,485	8,10	3588	149
987	219,214	2,2	389,322	6,3	2118	149
992	6,2	0,0	4,0	1,0	413	149
993	49,45	142,160	45,24	311,182	247	149
999	5,9	26,44	4,13	60,51	881	149
1000	103,113	902,1053	87,63	1975,1322	474	149
1001	15,21	822,836	19,13	1300,1009	235	149
1011	10,11	234,303	10,17	554,419	250	149
1013	5,16	1,0	12,2	0,0	5568	149
1015	40,50	0,4	133,83	1,3	708	149
1016	16,20	88,91	25,28	149,125	236	149
1029	2,0	3,0	3,0	1,0	444	149
1034	0,0	1,1	2,0	2,2	764	149
1036	2,2	0,1	12,0	0,2	738	149
1037	2,4	28,46	5,9	73,51	1497	149
1046	7,4	61,45	4,4	114,66	2053	149
1051	209,181	4,0	189,150	2,0	721	149
1052	22,40	14,30	37,19	44,27	1747	149
1053	3,2	148,201	6,11	234,179	243	149
1054	135,140	93,112	143,70	169,126	346	149
1055	67,72	672,744	57,52	1130,851	503	149
1056	68,79	123,220	64,38	321,156	385	149
1057	345,362	0,2	505,278	0,0	281	149
1059	24,23	1,17	9,18	1,4	300	149
1060	131,236	66,83	127,78	80,95	521	149
1061	115,212	435,486	106,67	583,432	513	149
1062	28,27	1,1	20,34	0,0	352	149
1063	28,29	43,67	21,34	42,25	413	149
1064	105,133	2200,2154	114,86	4773,3959	224	149
1065	90,114	4,4	104,66	7,6	210	149
1066	141,193	8,6	147,122	6,12	384	149
1067	88,123	1688,1665	117,95	3405,2931	244	149
1068	189,214	1,2	194,144	0,2	561	149
1069	136,144	3,2	164,117	1,0	421	149
1070	83,61	873,872	83,67	1686,1257	226	149
1071	19,19	567,545	31,28	970,676	244	149
1072	35,44	8,14	29,26	4,8	585	149
1073	3190,3741	22,12	5032,3598	12,12	492	149
1074	43,57	0,2	33,9	2,0	515	149
1076	17,12	466,393	20,16	944,778	513	149
1077	125,115	410,387	131,98	703,611	435	149
1078	26,26	514,476	29,16	851,646	323	149
1079	24,28	0,1	21,28	0,1	273	149
1080	33,54	11,50	37,27	19,21	327	149
1081	79,109	2457,2513	65,59	3199,2634	1200	149
1083	219,245	3661,3842	186,132	4885,4035	479	149
1084	176,196	1,0	154,105	0,2	406	149
1085	1663,1713	1,2	1647,1298	1,0	545	149
1086	82,62	2,0	34,28	1,0	224	149
1087	88,77	3452,3587	38,33	3931,3038	277	149
1088	1291,1320	0,1	1188,956	0,0	2485	149
1089	118,105	5532,5420	99,44	7276,5649	466	149
1090	233,282	1064,1343	159,143	1006,716	1088	149
1091	345,499	27,48	286,149	49,30	450	149
1092	3,7	5,8	0,0	5,2	239	149
1094	55,61	3,10	51,40	6,9	442	149
1095	59,68	7,12	57,41	20,13	490	149
1096	112,133	298,263	91,67	397,329	1012	149
1097	41,65	33,47	30,16	55,44	486	149
1098	6,19	126,135	2,6	141,82	558	149
1101	194,249	6002,6032	448,311	13402,8817	228	149
1102	198,180	2,0	361,302	2,0	285	149
1103	262,247	5498,7135	444,360	8420,5245	425	149
1104	135,129	2,6	215,168	6,0	248	149
1105	2766,4289	21,21	5053,2865	34,18	497	149
1106	0,1	2,4	0,0	2,2	220	149
1107	4,2	0,1	0,2	1,0	280	149
1108	12,21	3,2	14,10	0,0	358	149
1111	8,8	12,20	8,4	58,41	778	149
1112	8,8	0,0	8,4	0,1	746	149
1114	9,18	2,3	1,3	9,2	1455	149
1117	71,81	12,4	137,103	13,11	236	149
1118	1,4	38,38	1,2	50,30	314	149
1120	34,46	6,5	26,24	10,0	271	149
1121	17,12	0,0	10,10	1,0	254	149
1124	44,81	0,1	62,37	2,0	1171	149
1125	30,33	25,42	15,14	45,27	731	149
1126	23,16	4,3	31,19	3,5	304	149
1127	28,25	1,4	28,19	0,0	543	149
1128	1,3	7,8	1,1	11,5	241	149
1129	0,4	58,134	1,0	100,43	341	149
1130	2,13	17,36	1,1	14,11	498	149
1131	3,13	28,79	3,2	41,18	263	149
1132	8,14	47,49	4,0	56,32	280	149
1133	1,6	11,11	6,0	20,6	440	149
1134	93,122	90,134	116,71	164,116	537	149
1135	21,28	192,249	37,21	236,218	239	149
1140	40,50	0,2	101,43	6,12	248	149
1141	3,18	113,95	17,6	205,105	224	149
1142	13,43	349,342	28,11	607,400	343	149
1143	175,246	4,3	166,107	0,2	1550	149
1144	112,145	10,13	194,146	12,17	389	149
1145	56,76	8,6	76,56	11,7	327	149
1146	48,67	66,81	55,50	145,101	312	149
1147	6,4	3,0	2,1	6,1	648	149
1151	105,106	0,1	163,143	0,4	296	149
1153	6,11	3,2	29,29	5,3	341	149
1154	9,3	3,2	20,9	31,13	285	149
1155	641,760	23,20	1153,909	34,21	702	149
1156	24,34	387,387	51,59	739,595	472	149
1157	63,56	389,430	45,31	610,418	303	149
1158	143,125	353,411	112,56	502,376	725	149
1159	1,10	351,415	3,0	592,398	236	149
1160	145,128	142,170	58,69	156,125	2013	149
1166	3,5	61,90	3,5	129,69	262	149
1168	5,4	145,160	5,0	139,132	1685	149
1169	22,21	0,2	20,4	1,1	4426	149
1170	14,13	796,766	20,10	1028,827	335	149
1171	10,25	94,117	18,6	125,106	356	149
1173	1,11	5,4	5,4	7,8	304	149
1174	3,3	0,1	1,0	0,0	724	149
1175	0,2	10,8	2,0	12,2	262	149
1176	1,5	1,3	2,0	2,2	517	149
1178	7,13	2,0	4,1	0,0	767	149
1180	15,9	1,2	19,19	0,1	1086	149
1181	15,11	0,0	19,19	4,0	1119	149
1183	15,11	3,0	19,19	7,4	1126	149
1188	190,205	237,228	122,91	215,169	298	149
1189	83,91	1175,1239	92,81	1739,1154	249	149
1190	23,17	744,822	26,23	1131,731	227	149
1191	125,139	495,540	117,80	770,501	241	149
1192	234,251	11,17	307,195	21,16	263	149
1193	60,89	389,497	55,20	457,252	229	149
1194	1129,1294	0,3	1030,765	0,0	927	149
1201	23,34	431,522	19,11	393,232	221	149
1202	9,20	8,17	8,8	5,8	846	149
1203	296,294	5723,6125	306,213	14081,10071	2336	149
1208	71,32	83,125	41,35	227,152	992	149
1209	91,51	0,0	84,67	1,0	1031	149
1210	88,53	2,5	63,44	4,14	1756	149
1211	2,12	64,77	4,0	85,30	279	149
1212	4,14	25,23	4,3	16,18	334	149
1217	0,0	5,0	2,0	0,0	306	149
1218	7,8	29,27	25,20	57,41	227	149
1219	2,9	10,7	3,2	12,14	299	149
1221	81,114	0,1	103,90	0,0	409	149
1222	141,125	2,0	118,106	0,0	551	149
1223	141,124	0,1	116,104	1,1	512	149
1224	137,112	0,1	100,98	2,0	459	149
1228	2,4	0,1	6,6	7,7	382	149
1229	2,0	4,6	0,1	4,12	287	149
1230	0,0	3,3	2,0	4,11	332	149
1233	16,24	407,706	14,9	471,259	272	149
1234	8,4	0,2	0,2	2,0	1380	149
1238	230,282	2,1	239,179	1,2	264	149
1239	102,149	1,6	150,126	5,1	260	149
1247	8,7	0,0	0,10	1,0	293	149
1251	129,135	4,3	133,106	0,0	1391	149
1253	26,12	42,49	5,4	32,37	716	149
1254	43,49	419,370	54,52	849,575	1633	149
1255	38,46	3,2	50,52	2,1	1594	149
1256	59,49	1,0	56,68	0,0	1985	149
1257	25,22	345,321	28,33	704,462	432	149
1258	10,13	511,588	17,11	1178,797	264	149
1259	37,50	303,416	46,36	980,561	410	149
1260	20,13	0,2	18,10	0,0	272	149
1261	47,63	0,1	67,48	0,0	675	149
1262	11,16	278,330	24,8	611,403	232	149
1264	60,76	0,0	79,47	1,0	660	149
1265	31,40	93,107	38,17	94,84	624	149
1266	75,90	21,30	107,59	6,8	721	149
1267	1,0	59,56	2,2	61,67	250	149
1268	38,40	83,81	18,30	104,92	835	149
1269	6,6	47,59	8,5	71,45	541	149
1270	51,43	54,63	28,16	67,50	1371	149
1273	47,56	2,1	104,77	1,2	975	149
1274	21,16	355,459	18,12	878,613	970	149
1275	251,210	2873,2976	245,164	4436,3220	295	149
1276	5,7	74,70	0,0	7,3	749	149
1277	530,657	5,3	539,500	1,0	1500	149
1278	176,209	385,466	147,127	854,536	267	149
1280	394,458	245,277	495,396	272,185	838	149
1281	61659,64927	98,95	94386,66777	171,123	5421	149
1283	851,844	86,135	1041,732	31,27	2538	149
1284	9,10	313,334	9,4	416,302	675	149
1285	25,22	531,608	52,23	742,616	1511	149
1295	9,5	173,167	12,13	256,214	728	149
1296	0,0	14,19	1,0	29,17	435	149
1299	64,82	2,2	86,59	6,1	918	149
1302	225,228	10,16	327,276	24,10	282	149
1303	10,15	6,12	4,6	12,2	257	149
1304	2,2	77,100	0,3	102,59	228	149
1305	219,252	0,1	240,125	0,0	692	149
1306	6,16	213,254	9,7	329,232	308	149
1308	84,97	194,194	92,72	344,221	2837	149
1309	27,41	595,518	82,68	799,597	407	149
1310	16,9	469,540	22,9	881,628	447	149
1311	31,26	198,272	13,17	390,284	1253	149
1313	30,37	0,0	22,17	0,1	1867	149
1314	10,20	1,0	17,4	2,0	662	149
1315	30,38	4,3	23,18	3,4	1914	149
1316	10,21	152,165	18,5	278,204	709	149
1317	11,15	245,280	7,9	454,303	1652	149
1318	19,12	0,0	29,32	2,2	450	149
1319	9,7	3,3	14,17	1,1	446	149
1320	6,2	318,323	8,7	487,366	444	149
1321	0,8	102,135	9,7	235,141	234	149
1322	96,95	243,209	113,100	378,225	416	149
1323	34,29	4,8	39,37	4,3	234	149
1324	390,435	2,1	515,318	1,1	1401	149
1325	1,0	25,13	1,2	27,8	222	149
1326	3,0	1,0	5,3	4,2	232	149
1327	7,7	117,153	6,17	215,161	312	149
1339	0,3	0,0	0,0	1,0	240	149
1342	6,6	221,223	18,11	395,281	1597	149
1343	3,3	788,949	8,5	1430,1134	1113	149
1344	3,3	662,737	4,6	1339,1058	1251	149
1345	7,2	633,657	11,1	829,721	676	149
1346	0,4	2,3	0,0	2,0	234	149
1347	23,19	15,13	5,6	16,10	243	149
1361	6,5	163,184	5,5	186,147	230	149
1362	44,29	442,473	10,12	584,424	284	149
1363	53,61	673,806	54,36	1028,850	232	149
1364	611,611	0,4	817,633	2,0	326	149
1365	48,70	774,771	51,45	1151,908	232	149
1366	71,109	233,256	70,49	301,174	508	149
1367	6,4	1,0	4,3	0,0	253	149
1375	109,152	3,5	158,104	0,0	603	149
1377	25,23	217,208	46,28	492,331	820	149
1382	2,2	0,0	0,0	1,0	243	149
1383	2,3	2,4	3,4	0,1	239	149
1386	84,131	21,23	133,98	57,31	2058	149
1391	27,25	56,58	41,9	73,85	1438	149
1392	20,14	72,71	24,21	107,101	1812	149
1393	73,52	20,40	78,38	50,29	2876	149
1394	7,7	25,39	6,5	65,71	857	149
1395	230,212	9,13	300,245	16,10	547	149
1396	11,9	0,0	14,10	2,1	422	149
1398	2,4	0,0	2,4	2,0	601	149
1407	2,1	0,0	0,0	2,0	429	149
1408	2,0	0,2	0,0	4,0	299	149
1409	7,18	6,4	2,3	2,3	244	149
1410	7,18	31,30	2,3	63,49	246	149
1411	40,56	3,2	23,34	0,0	661	149
1412	52,81	2,2	36,41	1,4	821	149
1413	21,28	23,18	19,11	51,28	244	149
1414	43,56	1,2	30,31	8,3	558	149
1416	39,68	2,1	79,24	0,2	520	149
1417	27,47	30,46	46,11	53,38	474	149
1418	73,89	0,3	130,92	1,0	247	149
1419	45,51	20,15	49,19	43,21	579	149
1421	0,1	7,11	4,4	19,16	250	149
1422	0,1	1,0	4,3	3,2	232	149
1423	51,28	213,252	41,35	466,383	438	149
1424	33,38	48,45	35,38	50,49	376	149
1425	21,39	57,82	33,35	122,87	614	149
1426	33,39	0,2	65,39	0,0	914	149
1427	10,16	35,31	18,15	50,37	235	149
1429	0,13	14,13	0,1	21,31	251	149
1430	18,27	32,32	40,12	20,12	416	149
1431	54,53	67,46	41,25	72,48	245	149
1432	1,17	63,64	12,2	89,61	287	149
1433	6,9	41,52	6,7	45,25	226	149
1434	37,31	392,457	21,17	631,457	338	149
1435	126,132	10,17	204,123	22,13	263	149
1436	33,24	604,593	29,15	880,572	236	149
1437	80,68	413,513	88,60	708,560	333	149
1438	50,48	292,307	38,35	471,363	240	149
1439	58,75	128,150	66,45	197,157	510	149
1440	66,67	37,24	141,150	106,87	992	149
1441	65,81	1102,2019	98,48	2066,1064	398	149
1444	9,2	121,137	3,11	211,120	227	149
1448	1,2	5,6	0,0	6,1	332	149
1450	14,20	167,219	5,10	347,247	265	149
1451	43,35	318,383	78,49	763,453	234	149
1452	4,5	85,90	3,7	103,66	308	149
1453	13,21	64,52	18,9	105,54	339	149
1466	40,12	0,2	20,14	0,0	486	149
1467	49,16	263,278	29,17	408,298	586	149
1468	29,34	166,189	21,12	260,160	279	149
1469	31,27	11,21	29,10	6,3	878	149
1470	31,27	12,16	29,10	9,10	522	149
1472	4,2	5,10	4,2	2,0	470	149
1473	19,27	160,160	26,16	274,167	346	149
1475	1,0	2,0	6,0	0,0	556	149
1477	0,1	59,47	1,0	97,48	1578	149
1479	17,16	1,0	8,2	0,0	1894	149
1480	62,72	1507,1719	53,19	3062,2237	252	149
1481	39,82	956,1171	63,58	1730,1333	231	149
1482	92,121	13,2	97,63	3,7	441	149
1483	602,720	0,4	965,719	0,0	334	149
1484	10,18	8,27	20,9	68,27	232	149
1485	312,329	626,744	421,290	902,678	524	149
1486	3456,3787	34,42	6364,4669	20,18	2404	149
1487	28,50	13,16	26,16	3,4	357	149
1490	20,15	85,106	11,5	123,106	794	149
1491	111,124	40,48	150,103	46,28	322	149
1492	19,21	23,26	22,16	37,22	453	149
1493	5,7	4,6	14,8	4,7	250	149
1495	3,9	11,15	4,3	26,21	235	149
1496	0,1	7,5	0,0	4,9	699	149
1497	19,22	8,26	13,6	12,10	225	149
1498	22,26	0,1	14,8	0,2	244	149
1500	187,168	151,112	199,177	190,115	220	149
1501	291,320	2,0	350,358	1,0	995	149
1502	176,222	191,176	237,247	235,148	854	149
1503	8,16	0,1	16,8	2,0	469	149
1504	32,45	240,338	50,36	446,321	637	149
1505	32,45	4,5	50,36	9,0	618	149
1506	26,29	0,0	36,29	2,0	230	149
1511	222,236	1680,2015	222,142	3208,2087	358	149
1512	2133,2283	0,0	4156,3339	2,0	376	149
1513	14644,15349	66,75	25609,21541	109,84	290	149
1518	10,18	4,0	5,6	0,0	583	149
1519	0,3	0,0	5,2	0,2	249	149
1520	4,6	6,9	6,2	11,12	496	149
1521	4,3	0,0	2,0	1,0	268	149
1524	22,30	31,42	7,9	40,20	481	149
1525	6,12	95,98	5,7	127,133	706	149
1527	18,26	186,217	16,15	295,311	411	149
1536	218,245	2995,2919	183,105	5763,4521	777	149
1537	199,228	4,2	173,98	0,0	728	149
1538	530,548	6,2	437,290	0,0	1782	149
1539	30,19	48,60	57,33	94,82	955	149
1541	15,20	1297,1537	16,12	2636,1826	707	149
1542	0,0	3,0	0,2	0,0	7184	149
1545	5,1	5,19	7,1	21,17	1849	149
1547	2,6	0,2	4,3	0,0	3581	149
1548	2,6	0,1	4,3	0,1	3593	149
1549	26,43	80,117	22,20	68,38	219	149
1551	39,49	0,2	23,21	0,0	255	149
1552	11,18	79,156	8,4	120,70	506	149
1556	2,11	2,4	1,0	0,0	225	149
1559	30,41	2,0	28,20	0,1	234	149
1560	5,5	319,336	17,5	386,293	874	149
1561	0,6	12,10	0,1	19,3	242	149
1565	17,23	552,604	22,17	1143,777	226	149
1566	17,15	1,5	18,21	3,0	565	149
1567	4,8	610,649	6,9	1422,933	335	149
1568	10,2	611,637	13,9	1288,960	294	149
1569	24,13	552,591	23,7	1091,864	278	149
1570	25,21	615,669	26,18	1219,926	760	149
1571	8,9	1,3	1,3	0,0	545	149
1572	19,18	0,0	21,20	0,3	325	149
1573	7,10	2,1	12,18	1,1	234	149
1574	82,108	39,30	54,32	27,29	568	149
1575	106,164	2,1	93,65	6,5	1080	149
1576	32,71	52,54	41,35	40,50	563	149
1577	37,44	1,0	39,22	8,2	295	149
1578	87,107	46,84	94,57	54,51	678	149
1582	3,1	26,32	1,0	48,24	242	149
1583	2,3	5,3	1,2	16,5	253	149
1584	6,0	280,325	2,4	243,224	250	149
1586	18,31	2,3	21,28	0,1	582	149
1589	0,3	15,9	0,0	10,4	270	149
1591	7,12	60,64	8,3	62,51	297	149
1592	2,7	63,66	2,2	66,48	399	149
1593	6,9	51,65	4,3	78,45	228	149
1594	5,16	31,39	0,6	42,26	260	149
1595	3,4	2,4	3,2	6,1	199	149
1596	3,8	123,128	3,3	81,85	226	149
1597	0,9	59,98	4,2	58,39	257	149
1600	3,6	0,0	1,0	2,1	430	149
1601	3,7	1,0	1,1	2,3	516	149
1602	7,10	224,244	31,14	428,270	314	149
1603	0,2	17,20	10,1	14,10	288	149
1604	92,84	2,5	115,71	2,1	288	149
1605	4,4	199,228	1,4	463,267	243	149
1606	2,10	4,4	5,1	4,6	243	149
1607	185,211	0,2	243,166	2,0	333	149
1608	122,130	180,225	133,89	270,209	287	149
1610	2,4	0,1	2,0	0,0	429	149
1612	2,4	2,0	0,0	3,0	305	149
1622	6,8	29,21	3,4	60,39	399	149
1624	5,5	32,29	6,2	40,40	232	149
1625	13,26	33,17	13,5	29,27	293	149
1626	45,61	79,80	82,77	146,119	1378	149
1627	39,54	1,0	12,9	0,0	1538	149
1629	43,32	413,717	13,15	389,205	457	149
1630	1079,1096	6,9	2175,1658	10,6	3186	149
1631	7,3	58,92	9,9	204,121	812	149
1633	52,29	70,54	45,26	148,138	1358	149
1634	34,15	5,3	20,24	5,2	1233	149
1635	34,15	5,2	20,24	1,1	1230	149
1636	12,18	87,95	51,27	167,145	1095	149
1637	43,57	0,0	86,45	1,0	524	149
1638	20,23	102,91	20,5	146,106	476	149
1639	46,63	6,0	112,63	1,3	1594	149
1640	29,21	2,0	19,18	0,1	596	149
1641	52,41	92,108	53,34	197,154	968	149
1642	70,63	0,1	72,38	0,1	1440	149
1644	27,20	1,1	35,16	0,0	386	149
1645	22,15	85,108	18,23	251,196	365	149
1647	10,7	82,91	17,5	208,136	3290	149
1648	5,7	6,4	7,0	2,1	611	149
1652	196,186	183,144	223,189	238,192	1604	149
1653	59,43	120,158	63,44	224,161	346	149
1655	5,0	2,3	4,5	4,0	411	149
1659	2,4	0,6	0,0	2,4	432	149
1660	0,9	8,2	2,2	3,2	624	149
1661	4,10	7,14	4,2	9,8	679	149
1662	9,14	238,290	9,14	337,239	1628	149
1664	6,4	0,1	5,9	0,0	1269	149
1666	16,21	72,80	18,15	108,86	215	149
1667	37,57	462,488	55,22	607,410	334	149
1668	0,0	3,3	2,0	10,5	339	149
1671	28,27	1,0	35,19	0,0	244	149
1672	0,2	0,0	0,0	0,1	566	149
1673	0,2	43,59	0,0	69,49	246	149
1674	23,22	0,0	27,20	0,1	575	149
1675	3,5	12,4	5,2	8,1	535	149
1677	6,11	0,0	5,2	0,2	1247	149
1678	26,26	0,0	27,20	1,3	1045	149
1679	6,9	48,58	5,2	62,35	1005	149
1680	7,7	6,4	3,0	3,1	585	149
1681	0,4	0,0	2,0	2,0	299	149
1683	3265,3677	28,29	3663,2664	41,28	3294	149
1684	8,21	244,271	10,9	508,363	442	149
1686	19,8	16,5	27,16	18,9	740	149
1687	37,47	41,79	62,46	73,71	242	149
1688	6,4	3,8	1,5	3,2	225	149
1689	19,15	5,5	26,18	8,6	344	149
1690	8,13	3,0	15,12	1,0	245	149
1691	23,37	5,7	16,13	2,3	301	149
1692	0,4	2,0	0,2	0,0	276	149
1693	1,15	23,25	11,3	13,6	220	149
1699	10,8	26,52	5,0	38,28	377	149
1701	26,32	485,497	39,20	853,544	592	149
1702	8,14	206,236	17,7	334,283	243	149
1703	51,37	0,2	29,17	0,0	441	149
1704	9,3	109,109	4,3	88,82	265	149
1705	21,28	175,188	40,31	384,316	376	149
1706	23,22	462,446	9,23	1038,725	282	149
1707	337,385	208,294	303,228	586,313	2869	149
1708	478,569	2,1	690,429	2,9	2948	149
1710	425,407	291,287	594,475	660,523	897	149
1711	407,390	0,0	582,466	0,2	855	149
1712	11,21	140,181	13,8	256,143	237	149
1713	0,4	85,123	6,6	141,76	237	149
1715	15,32	2,12	15,14	2,2	863	149
1723	11,10	24,16	1,8	9,13	395	149
1724	2,0	22,34	0,0	11,9	236	149
1725	8,2	0,0	14,6	0,2	530	149
1727	9,14	5,9	8,2	4,1	295	149
1728	9,14	67,115	8,2	25,17	298	149
1729	13,23	0,0	9,2	1,0	304	149
1730	319,406	26,18	364,240	23,24	475	149
1731	303,381	2,2	348,233	1,4	421	149
1732	929,1068	140,130	1198,931	95,86	754	149
1733	809,892	78,60	1066,852	81,69	391	149
1734	987,1133	16,11	1256,977	1,1	774	149
1735	971,1108	0,0	1240,970	2,1	720	149
1736	978,1123	20,30	1250,977	9,8	723	149
1737	994,1148	33,38	1266,984	23,17	777	149
1739	476,497	1,2	747,586	11,4	253	149
1740	28,44	416,364	28,34	737,420	277	149
1741	18,24	419,358	23,9	721,513	243	149
1742	34,34	1,9	37,12	1,1	374	149
1743	30,30	275,259	31,14	477,381	229	149
1744	10,21	368,390	6,9	607,425	954	149
1745	28,31	18,21	30,12	10,3	1198	149
1746	18,27	104,155	14,18	162,115	302	149
1747	73,103	34,34	204,102	72,45	333	149
1751	0,1	23,12	1,2	16,7	311	149
1756	92,143	122,104	126,103	204,168	993	149
1757	77,121	0,2	109,81	3,0	864	149
1771	202,191	28,34	338,257	70,50	650	149
1787	0,0	13,23	2,0	27,5	283	149
1789	141,156	3003,3354	300,224	6924,5096	355	149
1790	721,824	175,187	777,639	70,51	945	149
1793	10,11	75,60	4,4	120,76	873	149
1794	73,92	344,435	60,63	629,476	1103	149
1795	83,113	3,5	94,75	6,1	217	149
1798	1,2	110,124	0,0	202,142	1669	149
1799	0,0	2,4	1,0	6,3	1133	149
1803	9,5	4,12	3,4	6,6	396	149
1804	199,207	0,0	276,243	0,2	317	149
1805	14,18	419,424	13,14	743,637	254	149
1806	1,5	0,0	16,4	2,0	188	149
1807	25,42	0,3	29,23	2,0	496	149
1808	6,13	92,96	3,6	128,73	231	149
1811	10,3	147,120	5,2	156,140	2280	149
1812	12,5	4,3	16,14	1,2	2290	149
1814	7,7	96,83	5,7	175,101	1157	149
1815	11,5	29,29	4,7	46,34	228	149
1816	724,771	130,102	1193,861	127,111	522	149
1817	42,56	282,350	35,24	573,317	745	149
1820	42,39	14,16	74,24	25,21	1075	149
1822	69,61	2,1	88,51	0,0	299	149
1823	63,48	2,1	75,48	1,0	272	149
1824	135,123	6,0	148,96	0,0	246	149
1827	3,4	7,0	0,2	0,0	245	149
1828	1,1	12,4	0,0	2,1	287	149
1830	62,58	61,77	74,59	100,64	261	149
1831	41,35	22,25	25,21	43,21	465	149
1832	4,13	1,0	1,4	1,0	578	149
1833	196,157	97,103	174,98	165,129	515	149
1834	225,311	76,99	340,263	183,141	470	149
1835	477,573	69,53	615,502	145,75	805	149
1836	318,329	145,141	377,299	289,196	451	149
1837	47,30	1,5	59,33	0,2	230	149
1839	259,325	198,268	268,198	371,220	744	149
1848	12,13	39,67	21,19	98,58	349	149
1849	105,128	0,7	178,127	5,1	538	149
1850	24,20	546,562	14,8	567,368	350	149
1851	150,123	458,522	193,145	578,358	788	149
1853	28,34	0,1	45,45	3,0	218	149
1854	32,35	0,9	48,45	1,3	223	149
1855	41,41	92,137	56,56	188,135	236	149
1856	91,98	0,4	161,103	1,0	294	149
1857	1,5	90,137	5,1	181,101	264	149
1858	0,2	8,8	3,1	45,11	252	149
1859	5,10	4,7	6,7	26,4	249	149
1860	1,0	0,8	0,0	0,6	289	149
1861	0,1	4,3	5,2	4,4	239	149
1862	0,0	22,13	2,0	13,7	236	149
1864	13,13	2,6	6,0	0,1	539	149
1865	9,12	0,0	1,0	2,0	306	149
1866	0,6	18,40	0,0	15,7	283	149
1867	0,7	25,27	1,0	10,12	301	149
1868	4,10	117,98	7,4	102,70	246	149
1869	16,21	7,3	18,7	0,1	1032	149
1870	1,7	2,2	7,11	0,2	254	149
1871	3,1	80,84	7,2	177,123	513	149
1872	11,19	59,103	4,6	71,41	222	149
1873	60,49	136,201	23,19	159,123	234	149
1874	29,37	77,84	38,36	87,64	262	149
1875	17,38	2,5	15,5	0,0	331	149
1876	20,38	23,53	19,23	49,39	744	149
1878	5,19	0,0	23,17	3,0	804	149
1879	87,122	51,116	36,39	40,19	1318	149
1888	6,9	1,1	22,11	0,2	607	149
1889	35,52	14,25	68,50	18,13	902	149
1890	30,45	3,0	49,44	4,2	357	149
1898	20,48	6,11	38,17	13,2	348	149
1899	6,14	18,37	8,2	31,44	226	149
1900	284,371	251,293	527,283	465,288	288	149
1901	279,352	3,10	502,269	13,1	265	149
1902	419,514	9,5	827,487	5,6	327	149
1903	82,101	1,7	61,96	0,1	1374	149
1905	8,16	2,2	10,0	0,0	565	149
1906	8,16	4,4	10,0	0,0	561	149
1907	2,4	37,71	4,4	58,37	223	149
1908	28,35	56,114	20,8	72,60	387	149
1910	10,26	85,95	11,4	90,63	743	149
1911	20,21	163,180	20,11	326,275	581	149
1913	6,8	272,298	11,5	476,441	859	149
1914	25,34	45,87	21,10	79,27	4029	149
1915	27,44	64,101	17,18	59,47	777	149
1916	600,689	16,29	731,544	22,22	1145	149
1917	20,40	93,100	25,21	106,100	270	149
1918	101,100	0,1	135,107	0,0	354	149
1919	31,40	384,406	47,41	839,636	805	149
1920	0,0	0,2	2,0	0,2	516	149
1921	0,0	1,5	2,0	4,2	534	149
1925	106,117	0,0	89,69	1,0	234	149
1938	39,25	7,14	30,26	6,2	808	149
1941	2,11	62,67	3,0	58,46	907	149
1945	2,7	0,1	4,7	0,2	744	149
1946	128,142	40,40	137,130	32,20	1255	149
1947	5,7	18,27	17,6	27,21	1245	149
1948	5,9	363,386	14,10	353,257	722	149
1955	0,2	12,10	0,2	22,25	333	149
1956	212,194	0,2	106,87	0,1	1085	149
1973	49,39	236,289	97,66	740,603	614	149
1974	26,30	251,317	40,52	786,622	227	149
1975	3,4	10,2	2,2	4,3	303	149
1976	17,18	67,93	19,11	144,79	451	149
1977	22,18	107,164	18,20	255,199	519	149
1978	22,8	20,30	17,9	33,17	582	149
1981	17,24	1,4	23,16	4,2	468	149
1982	14,20	13,16	19,14	13,9	427	149
1983	55,53	29,35	55,52	29,37	1612	149
1984	40,39	127,147	51,46	275,180	912	149
1986	58,43	6,9	83,58	13,11	288	149
1988	61,78	123,221	98,57	227,121	1170	149
1989	32,28	20,19	42,22	52,32	285	149
1990	56,47	67,68	61,52	127,64	496	149
1991	31,19	23,14	29,35	24,19	247	149
1992	60,68	56,83	65,46	125,76	731	149
1993	381,325	0,1	499,317	0,0	1954	149
1997	33,22	1,0	20,20	0,0	726	149
1998	7,5	3,2	12,8	1,3	290	149
2002	4,1	41,44	3,0	77,36	231	149
2005	183,189	4182,4224	212,185	5849,4688	657	149
2006	407,417	2623,3027	645,576	7139,5025	442	149
2007	38,25	77,90	49,29	75,62	228	149
2008	72,62	7,6	75,57	5,8	286	149
2009	2,2	3,3	2,7	7,4	1438	149
2011	86,120	735,1357	66,50	1040,549	668	149
2012	73,95	51,64	77,34	83,70	1521	149
2013	130,139	2080,2408	145,114	4090,3128	1936	149
2014	57,45	44,51	69,80	70,50	440	149
2015	10,13	4,1	23,8	4,1	333	149
2016	2,0	56,76	1,0	98,48	263	149
2017	7,6	5,12	15,10	1,1	272	149
2018	15,3	1275,1440	14,7	1829,1439	618	149
2019	193,197	0,0	220,130	0,1	1786	149
2020	197,199	0,1	237,142	0,0	2092	149
2021	23,24	1158,1248	37,28	2456,1748	412	149
2022	500,577	16,7	1048,729	15,16	505	149
2023	22,15	30,17	12,20	21,6	534	149
2024	60,55	0,1	92,60	0,0	559	149
2025	0,4	48,48	4,1	70,58	587	149
2027	10,13	0,1	25,11	0,0	529	149
2028	11,18	60,65	29,13	70,64	574	149
2030	11,26	63,51	25,13	94,44	544	149
2031	7,12	0,3	17,9	0,0	409	149
2032	8,5	48,43	5,6	80,47	249	149
2034	3,4	20,36	9,2	62,41	328	149
2035	6,3	60,65	1,1	91,77	319	149
2036	2,4	26,28	3,1	28,15	323	149
2037	0,0	15,32	1,0	36,28	314	149
2038	2,6	0,3	3,1	0,2	326	149
2039	0,2	1,4	1,0	5,1	317	149
2040	100,129	8,15	115,117	9,5	224	149
2041	1,0	33,34	1,3	24,14	661	149
2042	1,0	1,0	1,3	0,1	617	149
2045	20,36	34,67	13,26	32,12	256	149
2046	5,3	52,53	2,2	55,37	234	149
2047	66,109	55,64	71,63	72,52	323	149
2048	5,2	233,210	4,2	224,166	371	149
2049	1793,1977	6,13	2226,1730	4,7	1961	149
2050	2567,2691	0,2	3046,2314	3,1	2615	149
2051	815,782	52,58	881,627	58,58	689	149
2052	106,96	131,144	137,110	188,155	590	149
2053	54,63	66,61	63,31	76,73	1195	149
2055	126,131	459,510	11,21	143,82	341	149
2056	969,985	23,22	253,152	0,0	342	149
2057	239,293	103,137	272,210	202,132	2043	149
2058	27,51	189,239	49,32	315,247	426	149
2063	1559,1699	1,1	2448,1803	0,0	375	149
2064	31,53	33,40	56,30	63,47	791	149
2065	19,9	92,101	22,8	195,133	1135	149
2066	155,146	631,614	158,136	798,592	833	149
2067	28,32	7,0	26,34	3,3	255	149
2068	98,106	1,1	99,85	2,2	607	149
2069	2,4	1,0	0,0	0,1	421	149
2070	2,5	411,428	0,0	622,461	438	149
2071	0,0	664,584	7,5	920,627	661	149
2072	21,29	30,31	30,23	43,32	2529	149
2073	34,39	754,639	48,30	1006,686	1970	149
2075	80,88	18,16	86,87	47,32	416	149
2081	183,244	3761,3964	233,207	6927,5235	418	149
2082	181,144	7579,7364	119,119	12082,9940	456	149
2083	295,305	6673,7040	487,345	13067,9281	342	149
2090	112,130	2043,2188	117,84	1869,1520	3343	149
2093	77,92	114,153	136,66	210,156	1423	149
2094	52,31	0,0	64,57	0,2	344	149
2095	55,57	860,1037	52,40	1752,1304	407	149
2096	150,125	1,1	126,90	0,0	922	149
2097	123,95	21,15	99,63	15,12	588	149
2098	167,184	873,1112	161,99	1846,1386	1090	149
2099	379,378	124,124	275,183	113,103	1567	149
2102	2,0	71,86	2,2	62,66	602	149
2103	39,32	10,7	29,30	7,6	671	149
2104	8,7	54,50	18,4	74,58	324	149
2105	7,14	54,33	7,12	60,55	373	149
2106	10,23	2,0	6,20	3,1	1439	149
2108	26,18	377,426	19,13	587,402	2110	149
2112	2,0	24,44	0,0	35,16	3788	149
2113	76,80	28,55	74,58	85,52	547	149
2114	16,31	18,9	10,11	16,8	366	149
2115	62,74	588,565	58,39	984,799	777	149
2116	368,420	13,48	661,577	17,27	496	149
2117	35,67	300,307	69,50	324,338	363	149
2118	18,54	332,431	12,11	325,307	281	149
2119	4,3	62,52	7,3	83,49	228	149
2120	0,2	5,1	0,0	2,1	721	149
2121	4,1	141,151	3,2	308,187	2964	149
2123	108,98	3283,3481	50,37	1554,1145	776	149
2124	96,61	3,1	88,58	0,0	378	149
2125	0,7	15,9	0,4	4,3	529	149
2127	0,0	2889,3164	1,4	3818,2665	469	149
2129	70,71	2268,2455	44,52	2631,1990	1069	149
2130	152,151	1,2	114,105	0,2	1073	149
2131	54,74	2650,2720	54,41	2740,2126	752	149
2132	136,168	1,1	124,83	0,4	757	149
2133	27,45	2832,3140	36,29	3114,2573	342	149
2135	38,47	3123,3612	45,45	3837,2970	673	149
2136	23,18	3,6	12,4	3,8	237	149
2137	38,44	2434,2446	71,46	4710,3527	233	149
2138	369,296	0,1	524,387	0,1	279	149
2139	76,64	90,89	108,64	140,109	1981	149
2140	11,11	57,43	6,3	68,47	1280	149
2141	28,25	680,710	22,22	782,650	1067	149
2142	15,19	0,0	17,15	1,0	973	149
2143	9,11	467,569	11,10	595,429	266	149
2146	16,15	101,85	10,8	127,68	725	149
2147	5,16	0,4	24,10	0,0	326	149
2149	20,45	266,345	46,32	631,460	551	149
2151	4,0	21,19	2,4	20,5	581	149
2153	0,0	21,16	0,1	15,5	240	149
2156	42,15	11,9	32,7	0,0	807	149
2159	9,7	29,35	12,2	45,33	414	149
2160	0,0	38,32	2,0	23,33	668	149
2161	2,1	28,15	0,3	39,26	367	149
2162	0,2	20,33	7,0	24,10	364	149
2163	4,5	69,80	3,8	106,66	297	149
2165	31,19	238,232	28,12	373,287	249	149
2166	46,57	128,173	19,25	233,133	444	149
2167	24,23	126,139	16,17	206,115	226	149
2168	37,49	45,47	29,16	34,25	757	149
2170	3,15	12,14	14,13	12,10	237	149
2172	101,95	757,860	57,56	1292,902	1755	149
2174	14,10	1351,1566	8,17	3139,2322	630	149
2175	13,6	130,215	8,12	139,69	579	149
2176	9,2	22,15	5,0	21,20	2090	149
2177	15,13	120,114	16,7	181,117	826	149
2178	24,46	32,25	55,46	62,50	514	149
2182	1,0	1,3	0,1	0,0	250	149
2185	17,25	204,233	19,9	302,192	249	149
2186	6,16	87,102	9,6	217,140	314	149
2190	43,40	0,0	50,75	1,0	1549	149
2193	547,653	2,3	900,625	0,0	1283	149
2194	37,42	90,78	47,29	62,59	646	149
2195	594,548	49,54	436,354	58,39	2762	149
2196	8,16	3,3	9,8	1,0	1381	149
2200	62,65	139,144	90,58	327,236	426	149
2201	35,32	234,241	44,15	441,307	352	149
2202	45,24	258,228	11,26	385,316	524	149
2203	262,248	1,0	355,303	1,2	639	149
2207	14,19	166,193	22,4	566,464	276	149
2208	44,40	192,240	42,30	617,467	229	149
2209	17,22	235,247	55,17	901,588	261	149
2210	32,60	256,240	43,20	849,602	320	149
2211	998,1113	0,1	1212,846	0,0	961	149
2212	82,114	14,14	190,155	14,9	1187	149
2213	21,29	0,0	70,48	0,1	424	149
2214	18,27	4,0	46,22	8,4	1151	149
2215	1,3	1,2	1,5	5,5	252	149
2216	25,35	0,0	56,27	2,0	1255	149
2218	26,36	1,0	56,28	1,0	1260	149
2220	157,124	38,37	229,150	113,66	2163	149
2221	4,0	61,50	3,4	111,108	1872	149
2222	44,35	53,57	58,32	99,74	1801	149
2223	68,80	2,0	115,71	3,2	1893	149
2224	3,3	1,2	4,4	0,4	2076	149
2225	13,15	61,64	30,9	136,90	2342	149
2226	1,0	49,55	6,3	124,86	1108	149
2227	0,2	0,11	15,3	7,12	247	149
2228	0,0	60,38	5,1	109,80	243	149
2229	59,74	2,0	101,62	0,0	3520	149
2230	62,77	83,106	104,64	193,137	3553	149
2231	229,250	4,1	391,242	0,3	5664	149
2232	32,35	57,56	41,16	109,72	1902	149
2239	46,46	300,293	43,47	628,513	370	149
2240	46,46	0,0	43,47	1,0	365	149
2241	89,93	0,5	109,63	1,3	746	149
2242	637,945	594,785	727,501	1333,853	491	149
2243	2,6	212,298	6,6	380,291	260	149
2244	2,2	194,266	4,3	362,291	264	149
2245	6,13	7,18	19,11	19,10	2483	149
2247	9,14	424,471	16,8	640,518	736	149
2248	55,35	315,280	57,33	534,361	1131	149
2250	2,0	4,3	1,0	8,2	378	149
2252	44,63	171,208	74,42	305,219	1308	149
2253	15,25	217,280	10,9	279,219	355	149
2254	35,44	206,187	23,9	273,191	222	149
2255	192,213	1,9	139,94	2,1	1058	149
2256	171,186	170,212	125,90	247,171	886	149
2258	13,12	1,0	13,5	0,2	698	149
2259	38,26	2,0	38,22	0,0	818	149
2261	10,12	1075,1335	15,10	1225,918	454	149
2262	0,1	15,29	0,1	1,4	296	149
2264	9,13	3,3	4,5	5,1	225	149
2265	9,13	14,27	4,4	16,8	221	149
2267	10,17	25,33	2,15	12,12	844	149
2268	4,11	0,2	5,2	0,0	320	149
2269	5,2	0,1	6,2	0,0	237	149
2270	8,9	27,32	8,5	33,30	240	149
2271	3,12	1,6	4,13	1,0	371	149
2272	21,18	280,246	28,35	395,235	227	149
2273	5,10	177,218	12,3	244,188	411	149
2274	7,7	284,291	15,7	387,225	425	149
2275	26,24	358,446	58,24	485,297	1049	149
2276	16,18	398,434	19,9	550,429	244	149
2277	21,21	374,382	20,15	539,342	276	149
2278	51,49	359,414	74,75	541,386	919	149
2279	36,28	506,593	31,12	702,390	280	149
2280	36,26	0,1	30,11	0,0	251	149
2282	32,29	566,609	40,41	879,656	385	149
2283	6,3	1,0	1,0	0,0	1130	149
2287	88,76	0,3	5,0	0,0	962	149
2290	77,67	13,7	59,50	8,19	2339	149
2291	332,307	0,1	763,553	4,0	1348	149
2292	72,56	0,2	77,47	4,7	1484	149
2293	19,29	358,353	19,6	365,325	775	149
2296	9,6	100,123	12,11	302,189	2206	149
2297	8,2	5,9	6,4	2,1	236	149
2304	188,253	1,0	307,247	1,1	263	149
2305	2,12	5,2	6,5	1,0	444	149
2306	18,18	31,25	18,22	52,39	765	149
2307	18,16	1,0	17,21	0,0	708	149
2308	70,76	0,0	78,63	5,8	483	149
2309	80,75	0,3	115,75	7,6	790	149
2310	131,131	2,0	180,128	0,0	1166	149
2311	51,55	0,0	60,63	2,4	266	149
2316	9,9	17,9	10,3	14,5	992	149
2317	48,31	125,128	37,29	149,146	1206	149
2318	50,96	132,121	65,41	164,95	1558	149
2319	88,85	56,45	95,58	86,52	1161	149
2320	6,6	116,126	9,2	179,101	228	149
2321	4,21	6,4	12,2	4,0	786	149
2322	75,111	28,53	55,52	45,20	2045	149
2324	71,97	4,4	45,50	5,0	1339	149
2325	1,4	110,116	1,0	139,74	236	149
2327	21,23	16,37	20,19	17,14	232	149
2328	22,25	432,460	22,20	656,560	247	149
2329	561,560	506,601	406,324	853,613	2786	149
2331	27,10	1112,1150	46,16	1929,1404	444	149
2332	20,21	2,4	14,4	1,0	271	149
2333	40,31	2,1	26,20	1,0	424	149
2334	49,49	328,341	34,32	473,363	457	149
2335	60,61	301,300	46,38	440,321	460	149
2336	105,134	24,17	102,94	25,21	472	149
2351	36,16	172,149	10,9	306,251	508	149
2356	2,0	0,1	0,0	1,0	350	149
2358	1205,1294	674,770	2091,1639	1226,1034	266	149
2359	42,48	7,3	36,37	7,1	618	149
2360	56,57	101,161	49,49	215,152	654	149
2361	26,28	101,95	24,27	198,142	784	149
2362	26,26	0,2	23,24	0,0	768	149
2363	154,188	119,109	188,145	225,183	842	149
2364	43,57	128,151	47,30	243,143	1799	149
2365	119,177	22,13	154,126	37,26	3035	149
2366	18,29	18,42	26,18	30,16	386	149
2367	37,51	66,81	37,27	96,52	411	149
2368	6,13	170,185	7,4	191,139	405	149
2369	0,2	39,34	1,0	19,23	445	149
2370	1254,1247	145,181	927,629	393,256	3590	149
2371	25,41	328,355	44,34	482,301	521	149
2372	2,3	0,0	2,4	2,0	533	149
2373	35,31	8,18	35,16	4,1	587	149
2375	0,5	2,2	3,5	0,0	681	149
2376	218,212	0,3	273,170	1,0	296	149
2377	7,12	123,112	12,11	155,113	777	149
2378	76,83	0,1	72,48	1,0	1548	149
2379	80,80	57,58	67,41	111,62	823	149
2380	63,75	73,53	45,33	126,75	2437	149
2381	3,5	97,109	4,1	143,77	562	149
2382	2625,2567	9,11	4400,3455	7,5	3116	149
2383	103,90	1,9	101,85	4,4	1366	149
2384	153,148	861,758	138,120	1299,1115	1897	149
2385	58,66	2,4	37,44	1,1	614	149
2387	4,8	699,608	11,7	1052,753	707	149
2388	20,6	50,73	6,1	62,56	767	149
2391	15,18	1077,1415	14,10	1875,1366	222	149
2397	7,4	2,3	2,0	7,3	238	149
2400	48,37	8,14	45,37	24,14	453	149
2401	51,38	91,119	51,39	175,153	463	149
2402	172,149	1,1	162,97	0,0	550	149
2403	37,32	20,24	34,30	33,29	551	149
2404	148,159	1,0	244,210	0,1	1213	149
2405	62,56	134,151	70,66	284,185	1153	149
2406	45,46	0,1	55,53	2,1	714	149
2407	29,27	13,12	39,40	9,12	652	149
2408	7,10	152,170	12,3	324,202	261	149
2409	18,15	174,176	21,18	352,262	1255	149
2410	7,6	284,257	13,4	415,321	230	149
2415	27,22	322,343	32,33	666,472	1103	149
2416	4,5	5,0	0,0	0,2	304	149
2424	3,1	3,0	9,9	1,2	386	149
2425	47,60	1132,1267	78,69	1728,1351	347	149
2426	13,8	19,26	21,1	23,17	678	149
2427	130,116	17,13	95,81	21,17	252	149
2428	204,215	56,57	182,156	42,44	807	149
2433	68,117	134,146	62,64	203,198	302	149
2434	263,320	15,19	175,152	10,4	2137	149
2435	209,237	143,153	122,110	258,206	1920	149
2436	1233,1365	47,20	804,689	9,7	385	149
2437	46,31	1177,1316	33,24	889,744	256	149
2438	45,37	997,1079	45,25	670,566	439	149
2439	676,606	11,3	358,270	0,0	979	149
2440	19,17	944,939	22,10	583,525	478	149
2442	283,362	0,0	435,312	0,1	275	149
2443	39,43	597,632	47,35	968,691	4010	149
2445	31,28	4,11	11,15	2,9	339	149
2446	2,6	3,6	2,0	0,0	230	149
2450	30,45	2,0	30,18	0,0	466	149
2451	102,148	6,4	135,74	3,7	450	149
2453	51,35	6,10	51,25	23,16	607	149
2454	111,104	15,11	235,217	40,24	908	149
2456	3,3	0,0	3,0	1,0	1268	149
2464	51,72	129,152	44,24	168,99	407	149
2465	21,15	155,154	41,27	187,168	319	149
2466	13,15	206,166	27,8	305,246	254	149
2467	18,19	137,108	19,16	207,117	314	149
2468	10,12	19,12	10,6	23,19	263	149
2469	353,427	41,37	745,521	70,44	281	149
2470	401,445	74,87	916,629	147,112	256	149
2471	532,543	105,102	924,749	179,181	237	149
2472	8,7	366,433	4,6	863,594	293	149
2474	4,12	350,449	10,12	827,607	236	149
2475	8,14	0,0	12,15	2,0	707	149
2476	16,13	357,367	13,11	731,538	512	149
2477	98,87	270,326	115,95	665,442	332	149
2479	40,39	80,84	91,86	159,128	223	149
2482	27,39	291,294	42,28	382,329	225	149
2483	2,5	72,84	9,6	127,82	235	149
2485	0,0	3,7	2,0	9,2	277	149
2486	0,1	2,8	0,0	4,0	229	149
2487	58,49	190,324	41,27	223,114	626	149
2488	568,577	1,10	538,314	0,2	1163	149
2489	962,1006	0,2	882,595	0,0	1696	149
2490	83,104	242,319	66,50	262,215	391	149
2491	194,246	8,15	188,122	8,6	442	149
2492	400,579	20,29	437,286	25,20	559	149
2493	22,20	7,4	15,12	6,6	342	149
2494	30,30	399,404	23,16	316,250	408	149
2495	89,54	0,1	45,35	0,0	652	149
2496	75,43	297,312	34,26	269,202	279	149
2497	127,93	8,8	72,59	4,4	304	149
2499	469,499	0,4	926,662	3,1	271	149
2500	495,526	22,29	995,703	39,22	299	149
2501	6,4	3,4	5,2	12,10	422	149
2503	25,53	0,0	91,57	2,0	267	149
2504	17,17	5,10	28,39	11,17	248	149
2505	324,330	576,619	330,225	902,667	475	149
2506	425,442	594,709	406,331	1068,730	370	149
2507	932,966	576,654	820,644	1002,709	935	149
2508	169,174	892,1033	176,132	1365,950	230	149
2509	308,351	26,26	382,259	10,19	255	149
2510	46,29	999,1108	38,25	1625,1165	226	149
2511	462,513	1,1	496,379	0,0	341	149
2512	452,502	562,585	477,365	887,639	338	149
2513	113,128	756,1003	166,113	1735,1114	263	149
2514	758,900	13,15	845,615	18,8	511	149
2515	805,1016	503,676	944,653	1261,890	320	149
2516	252,285	3,8	372,249	5,3	377	149
2517	2003,2178	790,885	1942,1484	1187,860	1106	149
2518	10,12	14,14	8,7	8,2	261	149
2519	7,2	85,73	3,4	118,99	2243	149
2520	2,3	47,57	4,1	114,85	862	149
2521	538,518	8,2	616,570	6,2	503	149
2522	781,862	16,11	1432,994	8,4	363	149
2523	40,48	318,318	32,49	576,328	235	149
2524	24,52	3,4	30,22	6,3	846	149
2525	0,5	265,356	2,0	427,272	411	149
2526	36,58	245,194	54,29	266,244	1614	149
2527	1246,1211	20,18	1762,1135	25,11	2624	149
2528	132,139	2,0	212,164	1,0	316	149
2529	67,73	0,2	92,79	0,0	235	149
2530	708,700	33,30	910,673	52,39	479	149
2532	1,1	44,42	0,0	40,36	294	149
2533	2,2	13,13	0,2	13,15	641	149
2534	10,4	2,2	1,6	6,3	363	149
2535	19,13	33,38	16,18	44,30	286	149
2536	3,6	53,56	7,3	103,54	630	149
2539	70,81	350,478	61,47	615,422	2143	149
2540	47,51	395,457	31,30	659,441	346	149
2541	36,54	526,634	21,35	856,596	262	149
2542	1369,1424	3,5	1853,1382	4,0	391	149
2543	122,140	714,736	161,112	1143,816	652	149
2544	335,465	31,55	660,523	101,63	398	149
2545	308,407	29,31	567,465	60,24	337	149
2546	266,344	985,1084	450,383	2169,1606	332	149
2547	201,222	1565,1644	189,148	2928,2240	359	149
2548	159,177	35,29	156,114	29,11	289	149
2551	38,27	4,4	35,17	8,3	664	149
2555	66,123	78,82	114,91	123,68	2704	149
2556	85,151	1,0	137,112	1,5	2751	149
2557	84,72	79,51	22,12	22,10	247	149
2558	75,68	79,55	12,11	13,8	427	149
2559	6,11	13,38	2,0	0,0	271	149
2560	48,142	28,43	20,11	3,2	379	149
2561	442,438	3,9	971,685	4,5	278	149
2562	52,86	587,752	42,30	761,480	1082	149
2573	75,87	11,6	95,66	13,8	1692	149
2574	73,76	45,100	44,61	126,77	1159	149
2575	300,341	2,5	429,346	1,1	1620	149
2580	102,109	0,1	167,109	0,0	245	149
2582	0,6	0,1	4,2	0,0	1229	149
2583	21,17	183,211	26,10	334,248	525	149
2584	3506,3774	17,14	6943,4959	12,8	5114	149
2585	2,0	6,24	2,0	42,21	268	149
2586	5,4	1,0	7,5	2,0	307	149
2587	5,5	14,9	4,0	11,21	2059	149
2589	4,4	113,88	13,12	187,139	236	149
2591	92,98	101,115	157,105	204,115	617	149
2598	123,131	1,1	83,34	2,0	186	149
2604	74,83	0,1	30,21	0,0	2514	149
2611	14,33	4,0	6,12	0,0	1799	149
2614	7,10	22,30	12,6	32,51	1273	149
2615	0,3	34,45	7,4	51,30	1691	149
2620	1,0	42,68	2,0	59,30	244	149
2622	2,0	2,0	12,2	0,0	1779	149
2625	14,12	6,11	18,21	10,1	1071	149
2628	264,339	2023,2263	334,241	3698,2886	227	149
2636	74,76	1,0	61,27	1,0	3073	149
2639	2,4	5,1	1,9	2,5	1009	149
2643	1,1	0,5	4,0	7,3	252	149
2645	7,3	0,1	6,2	5,2	969	149
2650	59,39	55,46	50,50	98,48	1599	149
2652	13,6	5,6	14,17	2,3	620	149
2653	5,7	106,82	9,4	153,83	327	149
2654	57,56	20,14	55,46	1,0	636	149
2655	143,133	0,1	168,120	0,0	1618	149
2656	145,135	157,158	175,124	224,177	1657	149
2657	102,94	17,6	138,97	1,0	1147	149
2658	2,3	143,148	4,6	234,157	238	149
2659	25,19	139,161	37,36	314,260	497	149
2660	10,17	142,127	12,2	212,126	2605	149
2661	12,8	170,226	16,8	303,207	1465	149
2662	17,20	5,11	28,9	13,5	1901	149
2663	6,12	164,192	13,1	293,206	538	149
2664	18,21	7,3	36,12	4,6	1903	149
2665	2210,2100	329,339	3943,2742	31,14	175	149
2670	9,3	152,170	7,3	168,147	302	149
2671	14,15	392,314	4,5	418,332	223	149
2672	44,31	447,400	17,30	525,464	488	149
2673	41,31	3,4	17,29	0,1	481	149
2674	30,23	6,9	13,29	1,1	1256	149
2675	3,3	482,469	4,4	513,511	825	149
2676	3,0	377,416	0,3	491,470	726	149
2678	124,132	303,305	63,58	484,315	1980	149
2679	124,128	0,2	62,56	0,0	1975	149
2680	154,178	0,2	93,88	0,0	2732	149
2681	38,63	301,261	37,34	400,274	825	149
2684	48,37	337,344	19,26	415,295	347	149
2685	69,93	1,0	50,55	1,0	1113	149
2686	28,31	3,5	50,29	5,5	1357	149
2687	48,99	4,7	109,67	3,2	242	149
2688	653,674	26,20	991,735	13,16	399	149
2689	32,26	480,592	16,11	896,677	961	149
2694	7,15	9,12	16,13	18,15	278	149
2695	67,74	10,9	70,77	10,11	345	149
2698	27,25	248,242	25,26	482,352	882	149
2699	10,9	8,14	5,7	2,2	850	149
2700	22,21	1,0	12,11	0,0	1492	149
2701	12,12	11,13	7,4	14,6	632	149
2702	12,10	0,1	7,3	2,0	569	149
2703	0,3	7,9	0,0	8,4	632	149
2704	544,650	21,18	595,460	23,12	1848	149
2705	1130,1238	1,2	1916,1503	0,0	1875	149
2707	4,10	3,6	5,4	6,3	236	149
2708	5,0	0,1	6,4	0,0	248	149
2709	23,29	1,6	42,38	2,1	251	149
2710	6,6	7,5	2,1	0,0	265	149
2712	4,7	1,0	2,1	1,0	236	149
2713	300,329	1,3	491,335	1,0	1305	149
2716	7,27	63,113	18,6	48,54	969	149
2717	3,8	17,19	5,6	17,8	227	149
2718	11,14	10,9	10,6	10,3	350	149
2719	11,4	171,223	3,0	153,98	293	149
2722	32,18	4,7	15,19	9,0	231	149
2723	36,21	41,41	17,27	28,39	403	149
2724	55,80	119,143	59,35	193,130	392	149
2725	18,20	139,155	12,15	190,126	311	149
2731	1,9	2,0	3,4	4,2	545	149
2735	4,14	320,336	8,0	422,314	953	149
2736	37,72	532,481	31,33	819,563	398	149
2737	56,89	4,11	38,35	0,0	566	149
2738	43,59	539,504	43,25	863,600	232	149
2740	96,129	4,4	93,60	1,1	869	149
2741	56,51	491,466	63,31	741,523	399	149
2742	61,91	692,737	69,40	1240,845	941	149
2743	115,179	3,8	114,97	2,0	1244	149
2744	40,77	264,302	25,37	497,324	295	149
2758	552,542	2111,2129	612,456	4019,2936	452	149
2761	25,28	318,329	29,14	503,368	255	149
2762	162,143	2,2	130,78	4,0	1016	149
2763	159,141	289,302	147,81	479,311	819	149
2776	33,27	88,96	23,18	180,94	281	149
2777	5,10	97,111	1,1	121,112	288	149
2778	156,144	55,86	115,70	119,68	3694	149
2779	215,199	3,3	200,144	7,6	3778	149
2780	77,80	2,2	92,54	0,0	865	149
2781	78,82	2,0	93,54	2,2	882	149
2782	80,85	18,15	94,54	6,8	935	149
2783	88,67	0,0	75,76	0,2	231	149
2785	58,46	5,14	53,44	7,8	1436	149
2786	48,46	3,2	48,41	0,0	598	149
2788	192,231	197,188	238,162	234,194	2504	149
2789	182,216	6,13	225,149	1,0	2482	149
2792	105,123	0,0	173,119	0,1	262	149
2793	4,5	139,162	5,5	218,142	889	149
2794	42,42	113,126	29,21	162,150	887	149
2795	345,340	5,2	546,411	4,5	298	149
2796	132,130	11,14	231,154	15,19	245	149
2797	36,39	526,440	24,17	748,492	225	149
2798	90,92	444,489	124,92	806,494	1233	149
2799	257,310	441,425	401,305	858,551	1013	149
2800	24,33	159,170	13,15	256,156	929	149
2801	5,7	139,177	11,7	264,202	245	149
2802	13,10	135,149	6,7	222,176	469	149
2804	66,64	1,1	36,42	5,0	452	149
2805	90,87	1540,1420	75,83	1834,1295	227	149
2807	0,5	27,38	2,2	55,26	241	149
2808	34,56	858,997	65,54	1765,1305	348	149
2815	158,180	323,344	194,157	386,269	415	149
2816	44,66	728,655	71,60	882,723	262	149
2818	292,352	687,715	491,390	934,724	315	149
2819	925,978	225,253	1441,1133	242,242	394	149
2820	370,429	2,1	652,456	2,2	793	149
2821	396,460	5,6	685,478	3,5	845	149
2822	180,193	27,46	321,182	36,21	556	149
2823	445,500	2,0	760,520	0,1	1273	149
2824	440,496	1442,1409	759,518	1877,1498	919	149
2826	224,229	1259,1291	395,222	1883,1493	630	149
2828	762,805	0,0	1163,795	3,0	936	149
2829	109,127	19,5	119,81	14,20	375	149
2830	128,144	2063,2005	144,94	2878,2231	386	149
2831	3160,3261	17,19	5256,3900	31,17	667	149
2833	40,50	0,1	76,34	2,1	328	149
2839	396,386	1118,1073	369,251	2063,1457	331	149
2840	9,29	2,0	27,22	0,0	388	149
2843	56,52	529,528	0,0	4,11	1465	149
2844	113,110	499,512	0,4	3,9	5422	149
2845	58,95	385,422	0,0	0,3	957	149
2847	1740,1870	25,33	18,12	0,0	1935	149
2848	82,88	99,106	52,56	168,126	1290	149
2849	120,111	2,3	217,145	1,5	279	149
2850	155,191	39,36	364,230	50,41	478	149
2851	26,32	8,11	25,26	10,8	736	149
2857	110,112	10,13	128,96	45,48	608	149
2858	30,29	19,40	19,13	50,31	458	149
2874	5,12	11,6	18,10	3,0	509	149
2878	24,19	217,243	29,25	579,326	1309	149
2879	51,40	3,1	84,67	0,0	236	149
2881	212,260	3,2	495,342	0,0	534	149
2887	28,42	313,382	25,12	652,381	318	149
2888	3,1	100,98	6,0	127,82	370	149
2896	90,79	0,2	129,104	1,0	226	149
2897	209,285	179,188	173,165	463,394	4188	149
2898	125,105	183,240	128,132	321,237	1134	149
2899	228,292	11,14	302,237	14,5	1313	149
2900	0,0	23,20	0,1	18,13	233	149
2901	34,21	27,33	33,18	32,10	580	149
2903	6,26	11,5	9,8	20,8	1834	149
2904	13,24	2,7	17,14	0,0	960	149
2907	28,34	27,8	31,16	21,21	816	149
2909	34,17	0,1	17,8	0,2	246	149
2910	57,58	0,0	44,26	1,0	1113	149
2911	45,54	24,34	40,19	27,16	1102	149
2913	35,25	0,1	18,8	1,4	385	149
2914	31,23	1,0	16,5	2,2	349	149
2915	17,20	2,2	9,3	0,1	288	149
2916	15,30	4,3	21,19	5,0	262	149
2918	71,135	90,70	110,84	115,73	1225	149
2919	1,2	5,12	2,0	2,0	559	149
2920	22,11	8,2	41,24	5,12	1594	149
2921	26,13	43,46	44,30	62,56	1685	149
2922	50,31	0,2	90,47	0,0	1750	149
2925	5,2	36,56	1,0	39,14	227	149
2926	9,11	2,2	26,17	5,0	1978	149
2927	0,1	13,5	0,0	7,11	1389	149
2928	6,10	9,10	28,13	27,14	3812	149
2931	15,14	4,1	11,9	0,0	785	149
2933	10,1	2,0	3,4	0,0	887	149
2940	18,15	86,86	25,22	122,78	837	149
2941	6,4	0,1	4,1	0,0	470	149
2946	5,3	69,60	7,8	132,78	235	149
2948	217,200	0,0	296,150	0,4	2215	149
2949	6,10	88,127	12,10	155,102	235	149
2950	134,151	5,10	202,122	3,1	2495	149
2951	46,49	128,133	39,13	226,178	2430	149
2952	194,207	3,4	287,178	3,0	2554	149
2953	3,5	120,131	3,7	264,164	561	149
2954	35,24	2,0	27,35	0,1	593	149
2955	1,0	220,188	0,1	276,227	243	149
2956	9,6	0,1	6,1	0,0	746	149
2958	9,6	5,5	6,2	0,0	911	149
2960	10,7	179,169	12,6	241,218	740	149
2962	7,5	178,185	0,2	242,192	362	149
2963	161,169	68,63	272,218	17,12	348	149
2964	50,43	448,470	52,45	826,545	304	149
2967	1,1	72,85	1,2	104,92	228	149
2971	0,2	1,2	2,0	1,2	249	149
2972	5,17	0,1	11,6	0,1	437	149
2974	23,19	130,143	26,21	210,136	481	149
2975	31,21	4,1	31,27	0,2	485	149
2976	10,14	712,705	28,8	973,694	1002	149
2977	297,331	3,1	357,270	1,1	447	149
2978	36,53	752,798	40,29	1002,837	385	149
2979	8,12	118,173	15,9	254,157	267	149
2980	11,12	352,399	19,11	582,431	270	149
2983	38,40	1,0	28,12	0,0	590	149
2984	36,41	461,498	30,14	724,525	367	149
2985	37,42	551,713	51,38	917,727	336	149
2986	27,24	553,616	55,41	772,639	1065	149
2991	48,49	4,0	45,28	11,8	309	149
2992	694,822	2,2	1066,804	2,0	438	149
2993	24,32	78,74	37,13	106,55	336	149
2994	200,267	85,65	152,124	43,31	430	149
2995	170,224	501,508	139,112	273,157	416	149
2996	113,146	0,6	83,68	0,0	312	149
2997	74,104	11,10	63,57	9,5	259	149
2998	13,10	484,498	5,7	758,566	306	149
2999	27,27	576,543	24,15	863,613	227	149
3000	130,122	3,5	159,131	4,2	258	149
3001	48,69	521,553	56,53	708,551	281	149
3002	391,452	29,45	690,499	14,33	348	149
3003	174,159	15,5	133,127	2,3	296	149
3004	218,201	541,623	208,174	1044,767	402	149
3005	109,109	32,14	135,104	15,16	235	149
3006	57,57	585,619	58,46	1050,790	246	149
3010	23,28	107,94	8,26	18,7	861	149
3011	12,13	46,54	13,6	18,22	281	149
3012	23,28	848,920	20,11	1522,973	309	149
3013	136,155	1,0	256,145	1,1	339	149
3014	156,163	3,0	159,115	0,0	868	149
3015	151,149	520,558	42,19	928,633	272	149
3016	2,0	3,12	1,3	7,3	508	149
3017	0,0	4,3	2,0	12,6	643	149
3018	6,6	104,134	6,6	294,184	220	149
3019	108,84	719,871	121,106	1205,865	382	149
3020	4,4	40,28	5,3	60,34	411	149
3023	7,3	10,9	6,4	17,6	357	149
3024	4913,5088	2,0	7048,5294	2,0	5418	149
3025	33,40	124,119	42,34	152,63	615	149
3027	9,5	240,238	8,4	331,301	244	149
3029	46,78	343,357	32,36	531,435	424	149
3030	46,70	297,295	68,24	495,387	529	149
3031	3,2	161,246	2,2	504,323	363	149
3032	27,18	118,97	18,26	190,147	295	149
3033	205,225	2767,2865	243,189	3584,2907	909	149
3035	4,1	53,55	9,3	141,83	420	149
3036	45,32	0,0	88,64	0,1	481	149
3037	171,240	206,192	192,167	414,283	881	149
3038	24,34	6,3	83,61	6,0	275	149
3039	1,3	18,21	2,1	36,11	345	149
3040	7,11	16,8	19,12	37,14	701	149
3041	10,3	2,0	9,2	0,0	230	149
3043	11,5	12,12	9,2	43,16	292	149
3044	11,5	0,0	9,2	1,0	294	149
3045	11,7	16,22	2,5	29,17	339	149
3046	6,1	6,13	8,5	28,17	420	149
3048	1,0	10,10	3,1	30,21	400	149
3049	2,0	20,20	1,0	41,23	451	149
3050	1,3	49,31	4,4	38,29	423	149
3051	0,0	5,3	0,1	10,1	234	149
3053	2,0	2,0	0,0	0,1	2392	149
3055	313,360	2,0	527,315	1,2	1193	149
3061	96,132	91,89	72,69	84,56	381	149
3062	21,12	140,155	8,9	165,126	558	149
3064	20,27	0,0	17,5	2,0	379	149
3065	90,107	2630,2646	303,155	4652,3388	239	149
3066	432,422	11,4	501,372	7,2	426	149
3067	453,435	1012,1247	531,390	2022,1529	451	149
3068	113,123	4,1	84,49	1,2	3635	149
3070	66,71	0,0	69,41	0,2	779	149
3071	6,2	120,148	3,6	161,151	459	149
3072	1,1	50,38	4,3	69,48	275	149
3073	54,61	2,0	85,53	1,0	344	149
3074	5,12	0,0	6,4	0,1	238	149
3076	7,15	10,23	13,9	23,30	540	149
3077	12,10	17,32	18,19	42,43	456	149
3078	527,581	13131,14030	682,521	25233,19627	624	149
3079	470,502	15133,16319	660,515	29302,23325	793	149
3082	0,0	0,2	0,1	3,1	259	149
3085	54,92	1,0	156,93	2,2	1331	149
3086	55,52	145,215	55,32	154,98	443	149
3098	55,69	6,5	88,24	1,0	1078	149
3099	11,12	39,45	25,27	41,50	451	149
3100	8,27	44,27	20,8	43,50	356	149
3101	134,172	3,3	273,163	10,1	236	149
3102	444,534	2,10	771,517	10,14	789	149
3103	185,189	61,100	290,194	196,174	419	149
3105	11,9	488,471	17,10	492,351	301	149
3106	36,58	91,118	60,40	160,134	578	149
3107	639,704	9039,9053	750,554	15595,11464	343	149
3108	2774,3026	0,6	4317,3194	0,2	386	149
3109	6679,7356	17,3	11449,8232	2,2	447	149
3110	460,462	8911,9574	482,408	16610,11790	470	149
3111	130,116	148,123	151,102	124,101	1318	149
3112	47,72	85,151	50,22	107,80	1487	149
3113	34,33	0,1	46,34	2,0	682	149
3114	1748,1865	2,2	2806,2165	4,6	2077	149
3117	0,2	0,0	2,2	1,0	476	149
3118	0,2	2,1	2,2	0,0	481	149
3123	22,35	164,181	25,11	266,214	288	149
3124	2,27	142,182	19,7	292,216	443	149
3125	28,70	0,4	55,23	0,0	737	149
3126	18,23	331,367	9,14	625,501	1721	149
3132	1,6	40,53	0,1	43,48	250	149
3133	31,60	12,28	19,26	36,13	1170	149
3134	18,41	88,141	10,15	90,99	870	149
3137	17,18	0,2	16,20	1,1	1366	149
3138	1,5	0,1	4,2	0,0	618	149
3139	0,4	0,8	4,2	2,0	583	149
3140	25,36	176,159	27,18	213,141	400	149
3142	163,183	7,16	151,107	1,2	883	149
3143	150,166	57,61	137,102	106,77	544	149
3144	152,169	12,11	140,102	7,14	549	149
3145	41,46	72,120	42,17	82,69	224	149
3147	0,0	28,23	5,8	31,17	1262	149
3148	0,2	20,49	1,0	50,13	224	149
3149	637,941	90,87	1213,740	175,127	231	149
3151	8,4	1,0	6,9	0,0	1356	149
3152	5,2	2,1	6,9	0,0	600	149
3153	26,10	4,0	29,21	0,0	849	149
3155	231,260	170,241	214,123	264,185	468	149
3156	231,259	6462,8356	213,121	10775,7199	458	149
3157	142,170	4,8	147,83	22,8	290	149
3158	289,327	9,16	241,143	0,0	711	149
3159	289,326	63,82	240,141	4,0	701	149
3160	117,131	8629,10587	86,53	13516,9632	326	149
3161	196,240	2,4	194,106	6,2	331	149
3163	381,426	1,3	331,203	0,0	1005	149
3164	209,231	0,0	177,115	1,0	630	149
3165	176,212	5545,7782	227,177	9229,5431	351	149
3166	453,515	6525,8100	601,445	12849,9622	324	149
3167	726,744	0,1	595,459	0,0	1651	149
3168	422,403	1,1	338,307	2,0	709	149
3169	232,224	1,0	228,237	0,0	307	149
3170	307,287	8866,10315	287,272	16348,13809	474	149
3171	183,205	230,274	286,210	409,282	344	149
3177	338,498	1120,1185	291,200	2111,1593	240	149
3178	798,1019	2,0	1055,805	0,0	301	149
3179	0,1	0,0	4,4	1,0	1345	149
3182	351,444	2,0	695,512	0,0	2237	149
3183	110,77	218,262	82,71	310,264	699	149
3184	134,106	1,2	94,85	0,0	1369	149
3185	24,29	311,288	12,14	324,244	672	149
3186	105,149	2,5	222,189	8,7	251	149
3189	12,21	1,0	15,14	0,0	580	149
3195	4,1	0,0	0,2	1,0	1143	149
3196	3,0	1,2	0,2	0,0	366	149
3200	2,4	1,5	2,4	1,0	248	149
3202	2,6	19,10	2,0	44,33	737	149
3203	2,10	23,30	3,1	38,15	1090	149
3204	2,4	3,5	7,3	14,8	420	149
3206	0,4	11,12	1,1	18,12	372	149
3207	78,119	18,35	130,82	36,23	872	149
3208	4,4	41,43	3,5	34,34	670	149
3209	94,90	182,177	83,74	234,118	422	149
3210	301,383	11,16	586,368	14,11	239	149
3211	7,10	25,20	17,12	22,15	549	149
3214	4,23	0,0	7,4	1,0	260	149
3215	2,17	61,54	4,3	76,67	237	149
3224	5,5	3,2	9,7	1,1	241	149
3225	10,8	0,1	22,2	0,0	238	149
3229	24,20	27,31	21,16	33,33	672	149
3235	1,0	39,28	6,0	31,26	455	149
3236	0,3	41,36	0,0	31,37	855	149
3237	8,11	4,0	7,9	4,3	356	149
3238	14,8	1,2	15,8	3,2	1348	149
3240	2,2	5,4	2,1	9,4	696	149
3241	3,2	7,3	0,1	0,6	554	149
3242	12,8	250,238	33,8	442,298	545	149
3243	246,306	1032,940	189,145	1732,1393	576	149
3244	436,538	53,29	434,371	53,34	802	149
3245	265,338	12,15	222,175	10,5	705	149
3246	97,118	856,710	102,88	1539,1213	261	149
3248	162,182	0,0	191,118	1,0	1636	149
3249	26,48	267,269	41,16	445,299	285	149
3250	59,56	132,122	74,60	187,138	457	149
3251	14,25	499,489	19,15	797,643	225	149
3252	21,29	4,8	76,74	22,14	300	149
3253	13,21	128,161	43,40	580,402	284	149
3254	11,18	102,114	17,23	262,233	385	149
3256	132,179	1627,1467	163,101	2647,2032	556	149
3258	85,81	8,8	86,67	4,5	440	149
3259	37,26	0,0	26,25	0,1	422	149
3260	31,17	542,571	18,17	725,654	420	149
3261	21,21	1,2	34,11	3,6	231	149
3262	22,21	518,585	35,13	939,708	233	149
3264	10,6	404,444	26,13	891,604	301	149
3265	105,136	239,264	71,55	330,253	269	149
3266	25,22	293,363	15,8	453,355	277	149
3269	8,11	284,290	18,5	826,500	220	149
3270	659,683	1,1	680,495	2,2	2196	149
3271	138,169	0,0	182,120	2,0	552	149
3272	86,138	18,22	90,79	23,14	274	149
3273	307,329	37,28	571,396	49,42	1098	149
3274	19,23	12,39	21,11	56,37	637	149
3275	2,12	406,489	3,7	634,447	228	149
3276	50,54	1528,1471	46,39	3061,2199	831	149
3277	162,174	2557,2547	213,116	4572,3587	775	149
3280	4,11	0,0	16,4	1,0	1218	149
3281	6,7	19,11	4,5	26,5	690	149
3282	27,29	1,0	28,10	0,0	1160	149
3296	164,196	0,3	210,135	1,2	245	149
3297	8,18	1,2	15,10	1,0	421	149
3298	25,44	55,62	45,24	85,38	908	149
3299	25,42	0,5	43,22	1,0	887	149
3300	8,20	0,2	25,9	0,3	425	149
3304	44,32	16,23	46,18	29,11	805	149
3305	44,33	0,2	46,18	1,0	810	149
3306	42,31	0,1	44,16	1,2	725	149
3307	15,8	1,3	20,1	1,0	445	149
3314	3,6	122,116	7,6	155,98	326	149
3316	17,21	2,7	21,14	3,0	308	149
3317	24,29	1,0	31,19	0,0	375	149
3318	25,35	15,15	35,25	4,8	701	149
3320	24,32	52,95	33,22	128,70	388	149
3322	27,35	5,5	37,22	0,3	1015	149
3323	26,32	1,0	35,19	3,2	702	149
3324	3,6	43,65	5,0	64,47	326	149
3325	4,10	0,0	5,1	1,0	329	149
3327	12,5	2,1	13,6	0,4	279	149
3328	11,2	0,0	13,6	1,0	276	149
3331	4,3	1,0	2,0	0,0	281	149
3332	195,178	63,62	184,143	153,115	1447	149
3333	30,40	0,6	45,34	7,3	494	149
3334	299,354	1,4	391,322	3,8	3537	149
3335	343,406	95,104	424,361	238,170	3803	149
3337	49,56	2,4	38,42	2,3	348	149
3338	39,48	1,3	31,37	3,2	244	149
3339	2,0	118,116	1,3	271,218	604	149
3340	2,1	57,67	3,2	158,95	342	149
3345	6,1	11,10	0,0	8,9	252	149
3350	37,59	2,1	39,28	0,0	1253	149
3351	14,25	102,111	55,18	149,104	840	149
3355	10,5	2,1	4,17	3,2	468	149
3356	10,5	1,2	4,17	0,0	434	149
3359	15,17	6,4	14,26	3,6	565	149
3367	23,38	1,6	13,10	2,1	256	149
3369	3371,3807	3,2	8386,6137	0,0	723	149
3375	0,0	3,4	0,1	6,3	608	149
3383	241,323	5599,6989	497,318	11271,7649	1597	149
3385	0,2	18,22	0,0	19,10	245	149
3394	39,45	116,95	19,23	102,89	847	149
3395	59,71	1,0	51,43	0,0	1129	149
3396	106,88	0,2	65,38	0,0	1808	149
3398	14,31	123,106	19,17	202,117	523	149
3399	13,11	1,2	14,11	0,4	382	149
3400	29,45	0,0	35,31	1,1	541	149
3401	7,25	198,175	16,8	370,260	378	149
3402	30,30	43,76	39,30	150,71	389	149
3403	51,35	5,3	52,39	12,4	743	149
3404	24,10	124,150	19,12	278,213	383	149
3405	34,19	4,6	12,16	0,1	609	149
3406	13,13	853,848	5,4	431,381	275	149
3407	6,12	735,838	4,2	568,400	290	149
3408	21,41	582,523	22,16	307,223	457	149
3409	19,21	2,1	6,6	0,0	277	149
3410	10,13	593,533	5,5	306,216	273	149
3411	29,27	697,700	19,17	427,303	327	149
3413	28,23	111,134	11,9	271,154	786	149
3415	3,6	62,82	8,11	164,135	397	149
3416	4,5	0,0	1,4	1,0	150	149
3417	65,75	54,98	84,55	145,117	470	149
3418	8,5	279,300	5,3	556,375	321	149
3420	9,8	1,1	2,9	0,0	689	149
3428	1,2	41,44	7,0	50,33	268	149
3429	10,38	55,54	48,39	99,65	831	149
3430	146,153	1,4	246,165	1,5	1303	149
3431	2,2	38,49	2,2	73,45	838	149
3433	60,75	54,83	64,49	168,103	918	149
3434	0,0	116,113	1,2	225,134	699	149
3442	1,10	5,0	6,2	0,0	835	149
3450	2,4	1,3	9,4	0,0	330	149
3451	3,2	0,7	10,3	9,4	807	149
3455	6,12	81,115	7,8	163,149	527	149
3457	0,0	7,0	0,1	2,0	244	149
3462	61,59	1,1	110,72	1,3	226	149
3463	79,89	5,5	138,103	10,7	267	149
3465	6,0	49,62	2,0	48,48	230	149
3466	41,40	1,0	52,38	1,1	462	149
3467	896,967	172,202	856,567	108,67	1919	149
3468	3598,3635	1763,2062	3363,2471	4324,3107	3405	149
3471	4,13	11,23	19,4	15,24	263	149
3475	31,30	0,0	10,20	0,4	2499	149
3479	0,2	0,0	0,0	1,0	237	149
3481	0,0	3,1	1,0	2,1	249	149
3487	0,0	0,1	0,2	0,0	354	149
3488	0,1	0,2	2,0	1,0	928	149
3489	0,1	0,0	2,0	0,2	683	149
3491	277,320	0,2	378,230	0,0	399	149
3492	547,545	16,15	881,523	10,10	1163	149
3493	9,12	136,131	7,12	137,161	235	149
3494	4,3	131,130	16,3	185,164	1498	149
3495	34,13	170,169	29,17	148,116	2230	149
3496	43,22	114,131	13,25	175,97	2125	149
3497	0,3	89,104	2,4	175,128	1021	149
3498	29,41	0,2	91,73	2,0	452	149
3503	5,2	649,754	5,1	1334,832	389	149
3506	21,21	120,123	35,24	186,114	416	149
3508	0,2	126,176	2,3	389,240	235	149
3509	5,9	131,185	14,19	394,248	795	149
3515	64,83	305,297	85,46	483,363	615	149
3516	60,53	372,481	59,43	674,486	485	149
3517	286,247	21,27	311,260	18,22	583	149
3518	157,125	303,319	107,129	558,381	494	149
3519	400,432	3,6	534,382	0,3	250	149
3521	44,43	8,18	45,30	9,5	1087	149
3523	5,6	129,93	0,0	192,129	520	149
3530	9,3	27,29	1,1	19,17	308	149
3531	8,9	48,64	7,6	66,47	501	149
3535	2101,2620	1,2	3718,2599	10,4	488	149
3536	16,10	145,156	11,12	153,137	334	149
3537	2,4	176,187	6,8	285,220	238	149
3538	12,2	81,81	14,8	89,47	477	149
3539	21,41	37,73	61,26	44,25	756	149
3540	7,28	115,124	12,11	238,150	947	149
3541	7,11	149,139	14,5	248,175	488	149
3542	248,230	840,799	260,198	1614,1171	281	149
3546	13,15	0,1	21,4	0,0	413	149
3547	12,14	49,39	10,10	45,46	305	149
3550	13,12	2,5	26,10	0,0	497	149
3551	20,31	2,0	35,15	0,0	693	149
3552	28,44	1,0	45,18	0,0	842	149
3556	2,14	0,1	14,14	2,0	642	149
3558	282,309	0,0	546,383	0,2	1303	149
3560	0,0	2,2	2,0	2,2	243	149
3563	4,18	7,3	4,3	9,4	197	149
3566	56,83	0,0	32,38	7,1	743	149
3567	36,72	7,7	29,25	12,6	664	149
3568	3,11	23,29	4,3	4,8	450	149
3569	9,22	4,1	3,12	2,0	810	149
3570	36,84	0,1	22,27	0,0	488	149
3571	4,4	164,217	6,5	242,210	226	149
3572	21,16	21,31	13,4	28,12	517	149
3573	34,7	1,2	16,6	0,0	3216	149
3574	63,95	305,341	40,10	224,159	362	149
3575	51,81	14,9	28,5	1,0	292	149
3576	13,11	107,125	2,3	58,34	630	149
3577	28,18	7,6	29,11	9,4	231	149
3578	9,26	7,15	38,9	9,16	233	149
3581	4,10	2,0	2,1	1,0	246	149
3583	4,23	1,0	7,3	0,0	463	149
3584	5,24	0,0	8,3	4,0	550	149
3585	5,24	0,0	8,3	0,2	534	149
3586	1,4	0,1	0,0	0,3	231	149
3589	1,0	10,16	0,0	15,3	233	149
3590	34,25	0,3	31,42	3,0	1034	149
3591	34,25	10,16	31,42	7,7	1031	149
3592	23,13	348,287	7,14	628,475	731	149
3593	81,79	1640,1683	89,64	3949,2712	232	149
3594	63,59	919,1217	93,62	1903,1160	546	149
3596	106,80	1845,1996	81,71	3887,2875	1172	149
3598	100,96	265,299	70,74	489,344	228	149
3599	14,12	151,186	7,6	245,152	257	149
3600	10,7	198,211	7,6	244,180	230	149
3601	148,177	146,124	152,103	247,208	554	149
3603	0,2	21,34	3,0	30,11	372	149
3604	23,43	86,81	31,44	79,68	365	149
3605	62,87	5,16	72,80	25,8	354	149
3606	16,29	29,47	15,16	78,43	560	149
3609	6,9	38,40	0,5	51,37	242	149
3610	4,9	52,68	7,3	101,53	813	149
3612	4,7	39,48	3,2	130,77	228	149
3613	5,7	55,64	7,7	89,89	271	149
3615	90,91	1,3	115,113	0,2	221	149
3618	5,15	21,22	3,5	29,28	470	149
3619	4,6	146,171	6,7	229,161	255	149
3620	21,13	164,173	7,7	235,158	278	149
3621	10,12	59,68	14,15	73,42	357	149
3622	12,11	1,4	6,5	1,0	329	149
3623	18,16	319,418	7,6	525,396	587	149
3624	8,22	335,395	6,6	575,486	245	149
3625	34,44	466,432	45,44	670,561	308	149
3628	26,25	127,239	17,15	99,50	238	149
3629	35,42	234,293	17,8	178,135	531	149
3630	0,0	16,9	1,1	11,25	233	149
3631	8,11	0,1	23,10	1,0	644	149
3632	19,27	0,1	47,14	1,1	1061	149
3633	6,6	9,5	17,4	13,10	324	149
3634	48,66	1,2	47,55	5,2	888	149
3635	65,48	593,686	37,24	1110,1009	427	149
3636	84,89	111,159	66,54	213,141	350	149
3637	189,238	24,22	302,238	29,25	448	149
3638	21,33	166,201	38,24	320,247	223	149
3639	71,81	150,176	47,15	260,168	240	149
3642	71,57	60,54	38,34	78,60	232	149
3646	764,884	1,12	885,619	4,1	673	149
3649	57,34	2,3	40,31	4,7	1886	149
3651	62,41	1,2	57,41	0,1	1911	149
3652	73,65	1,2	74,51	1,1	1961	149
3653	813,1048	10,17	920,614	18,9	458	149
3654	71,97	395,543	108,75	551,322	836	149
3656	21,18	362,478	12,15	381,254	250	149
3658	4,5	66,73	1,3	54,16	239	149
3661	8,25	19,15	28,11	39,36	659	149
3662	39,32	736,688	25,15	977,763	275	149
3663	186,147	0,6	113,102	0,0	2940	149
3664	41,42	264,298	64,42	646,460	1514	149
3665	41,39	355,402	46,62	834,588	1036	149
3667	10,5	0,2	10,6	2,4	307	149
3668	6,2	1,2	6,2	2,2	230	149
3669	199,206	7,4	246,157	3,2	983	149
3670	38,39	1128,1177	56,45	1513,1261	249	149
3671	22,11	2,5	19,5	1,0	357	149
3672	3,4	11,9	5,1	10,5	224	149
3673	79,83	282,494	83,66	558,337	707	149
3675	15,23	588,550	15,12	1178,881	234	149
3679	142,161	52,144	93,85	127,80	3057	149
3680	691,818	8,11	1032,686	11,11	231	149
3681	190,242	0,4	206,148	1,2	461	149
3682	255,320	371,514	289,206	658,558	610	149
3683	72,86	3,4	70,60	0,0	959	149
3684	115,112	190,242	160,61	305,173	359	149
3685	127,149	0,4	187,69	0,0	373	149
3686	356,498	9,9	620,353	10,5	464	149
3688	2,0	35,62	3,2	59,37	234	149
3689	5,1	94,101	2,1	150,100	237	149
3690	37,39	237,256	33,43	344,264	269	149
3692	19,23	749,939	33,15	1354,1044	288	149
3693	185,166	54,47	295,295	84,66	241	149
3694	65,108	46,64	76,56	36,32	356	149
3696	171,181	4,2	317,198	2,1	285	149
3697	365,459	1,1	633,437	3,2	862	149
3698	147,120	5,2	126,67	4,3	938	149
3699	205,173	97,103	164,101	170,140	1164	149
3700	37,36	528,568	37,28	897,637	597	149
3702	80,79	1,3	68,30	1,0	323	149
3704	62,55	2,5	46,22	1,4	587	149
3705	106,109	2663,2965	81,41	1412,990	990	149
3706	49,55	7,6	37,19	3,4	438	149
3707	18,12	3584,3689	16,14	1649,1101	256	149
3708	36,33	260,284	9,15	501,468	266	149
3709	11,5	2,1	9,12	0,0	866	149
3710	57,59	20,22	77,82	33,19	786	149
3711	5,6	0,0	7,10	2,2	518	149
3712	5,6	3,9	7,10	19,25	408	149
3713	15,5	25,55	7,7	64,75	220	149
3714	39,24	452,443	26,37	671,495	343	149
3715	115,99	0,4	197,141	15,12	2083	149
3716	680,664	10139,10650	999,836	18743,14621	488	149
3717	7,12	1,11	12,3	0,0	665	149
3718	31,55	6,0	26,4	4,0	1348	149
3719	17,30	2,3	9,0	0,0	1145	149
3720	0,4	37,26	0,2	2,1	2360	149
3721	365,352	3,7	630,458	11,17	1118	149
3722	27,30	216,286	33,25	434,280	227	149
3723	65,83	1231,1404	63,50	2336,1748	371	149
3724	85,90	19,23	115,78	24,22	254	149
3725	57,62	1527,1565	69,56	2573,1837	246	149
3726	94,63	682,902	151,101	1427,890	1365	149
3728	0,1	19,19	3,2	6,8	893	149
3735	939,896	15,28	887,605	51,36	2280	149
3736	262,214	0,0	236,140	1,1	1075	149
3740	2,2	2,3	4,9	8,1	489	149
3741	14,5	0,0	15,8	2,2	557	149
3743	0,0	0,2	0,2	1,0	233	149
3744	4,8	527,500	17,7	728,561	1028	149
3745	1,0	0,2	6,1	0,0	585	149
3746	25,8	505,499	18,17	865,521	246	149
3747	19,6	763,825	23,9	1273,897	2973	149
3749	2,0	3,0	0,1	0,3	700	149
3752	4,8	342,346	9,6	609,400	280	149
3756	2137,2224	6,31	3821,2519	3,8	1127	149
3760	5,5	13,23	2,5	16,11	370	149
3761	270,325	15,5	519,297	11,9	1351	149
3762	240,284	20,19	449,245	32,16	1319	149
3763	219,264	1,1	427,230	3,2	1303	149
3764	195,244	45,44	406,216	70,52	1267	149
3765	25,54	306,376	33,19	566,424	320	149
3766	6,13	270,390	10,15	437,221	229	149
3767	76,96	56,106	114,60	91,49	277	149
3768	3,5	205,258	1,2	298,137	226	149
3769	39,71	61,77	41,17	40,15	423	149
3770	2,4	124,109	2,2	151,108	226	149
3771	96,73	90,110	100,84	302,170	484	149
3772	31,42	1,1	31,24	1,1	404	149
3773	32,44	40,44	33,25	51,41	422	149
3774	14,5	270,280	10,4	251,210	366	149
3775	39,37	0,0	56,43	2,0	340	149
3776	31,58	4,6	20,7	2,2	320	149
3782	2,1	185,280	0,2	374,203	321	149
3783	57,60	13,7	46,27	11,6	910	149
3803	343,396	1,0	603,347	1,3	866	149
3804	155,150	590,612	111,77	947,690	1113	149
3811	3,0	71,68	1,0	161,63	1223	149
3812	2,2	67,89	0,0	147,115	1432	149
3814	0,6	0,0	6,4	0,1	672	149
3817	46,57	73,56	51,42	85,79	686	149
3818	159,140	0,2	122,122	0,0	1662	149
3819	106,80	96,89	67,75	135,107	824	149
3821	18,25	99,110	10,8	154,114	487	149
3822	15,22	3,2	7,6	0,0	411	149
3823	11,5	121,94	17,0	169,125	696	149
3824	7,2	127,121	10,10	218,142	823	149
3825	1,3	101,90	5,1	235,170	538	149
3826	3,0	85,95	2,1	168,97	502	149
3827	23,35	8,3	20,22	2,0	2367	149
3828	23,35	15,8	19,22	5,9	1849	149
3829	27,39	84,136	21,23	205,128	1398	149
3830	19,34	3,5	18,21	3,0	1338	149
3831	3,1	122,122	5,1	179,149	571	149
3832	1,0	1,6	0,0	0,1	317	149
3843	0,2	2,0	0,2	1,0	798	149
3845	12,12	24,18	19,5	18,24	2864	149
3846	447,544	14533,15313	533,417	21858,16074	1226	149
3849	283,304	3903,4065	241,179	6359,4655	482	149
3850	108,129	4023,4147	128,89	6598,4932	423	149
3851	123,99	3950,4177	85,65	6359,4317	457	149
3852	87,104	4150,4324	96,47	6062,4491	643	149
3856	1123,1105	15,7	1771,1380	19,11	2478	149
3857	5,4	244,253	9,6	331,287	762	149
3858	42,26	1,2	41,29	1,2	1443	149
3859	44,22	177,156	40,29	209,187	706	149
3861	73,46	6,5	54,40	6,3	2137	149
3862	34,20	176,162	15,13	232,138	760	149
3863	75,42	33,28	53,40	32,22	1400	149
3864	17,34	168,207	6,24	288,244	865	149
3865	80,58	0,4	74,55	1,0	2065	149
3867	28,57	0,4	85,57	0,1	227	149
3868	27,41	1579,1435	50,30	2759,2049	1550	149
3869	59,67	1293,1312	67,69	2596,1846	613	149
3870	69,85	2,4	57,46	0,0	885	149
3871	44,55	1411,1443	42,39	2690,1974	284	149
3872	1,0	34,37	1,0	59,36	2526	149
3873	530,547	3,1	927,734	6,9	450	149
3875	6,4	426,399	5,4	449,311	328	149
3876	162,182	5,2	71,58	0,0	901	149
3877	30,26	339,304	19,13	344,249	306	149
3878	48,29	371,463	19,9	501,311	296	149
3880	229,179	5,0	195,116	3,7	354	149
3881	42,28	7,6	25,10	0,0	621	149
3882	2,7	384,364	12,2	381,258	346	149
3883	57,47	289,331	50,29	246,174	1148	149
3884	65,58	1,2	58,30	0,3	1568	149
3885	10,14	121,158	8,6	89,40	429	149
3887	0,1	51,63	0,0	32,12	265	149
3888	33,52	660,659	37,31	965,839	242	149
3889	49,63	535,540	41,25	713,577	252	149
3890	77,105	11,5	84,66	9,8	480	149
3891	6,6	54,87	7,2	116,86	242	149
3892	12,15	28,18	10,7	28,6	252	149
3894	77,56	18,16	95,73	26,12	318	149
3895	24,40	68,52	32,25	69,36	336	149
3896	188,226	0,0	303,184	0,1	744	149
3897	33,40	32,48	68,44	48,42	295	149
3898	64,74	2,4	111,71	0,0	666	149
3899	31,34	16,26	42,23	26,19	370	149
3900	59,62	45,34	100,42	61,40	361	149
3901	9,5	57,90	24,15	88,54	350	149
3902	2,0	2,0	2,1	0,0	437	149
3903	3,0	22,25	2,1	17,9	515	149
3906	22,30	24,51	6,0	3,2	741	149
3907	90,98	0,11	13,5	0,0	1808	149
3908	79,77	25,28	7,5	0,0	1120	149
3910	3,2	0,0	6,7	3,3	280	149
3911	10,17	0,1	19,26	0,0	329	149
3912	17,20	2353,2280	24,27	4904,3549	501	149
3913	272,230	1,0	83,94	0,0	432	149
3914	19,25	86,121	24,18	221,159	283	149
3920	65,83	106,102	91,66	126,113	636	149
3921	49,45	9,2	63,40	1,1	515	149
3922	52,64	157,161	42,49	247,145	2347	149
3929	9,21	53,134	9,8	54,50	518	149
3942	3,2	2,0	5,2	0,0	300	149
3945	176,178	110,139	146,127	127,97	840	149
3950	6,3	68,107	8,4	125,102	387	149
3951	40,51	0,4	74,47	1,1	661	149
3952	5,7	0,4	12,5	0,0	1331	149
3953	3,1	78,79	2,2	103,77	228	149
3954	62,78	496,793	66,71	858,479	475	149
3955	122,183	0,3	216,153	0,3	226	149
3956	0,2	23,43	0,0	12,9	291	149
3957	2,4	0,3	0,2	0,0	398	149
3958	6,0	0,2	0,0	4,0	265	149
3959	1,7	1,13	3,0	17,6	221	149
3960	2,9	0,0	3,1	3,0	238	149
3962	16,10	11,13	5,3	13,19	489	149
3963	19,15	4,3	3,9	0,0	468	149
3964	19,12	7,7	3,9	2,3	431	149
3965	20,19	2,3	20,18	3,1	501	149
3966	71,93	0,0	286,181	0,2	390	149
3967	59,70	0,0	218,145	1,0	261	149
3968	56,60	1,0	180,130	5,1	228	149
3970	32,19	191,206	15,19	398,264	257	149
3971	13,54	1,1	34,23	0,0	627	149
3972	35,17	38,32	28,17	51,30	223	149
3973	32,76	5,2	27,31	2,2	882	149
3975	8,11	1,0	3,3	0,0	579	149
3976	5,6	10,10	3,1	16,11	229	149
3978	5,3	47,52	6,5	60,54	222	149
3981	179,169	4,13	110,122	14,8	217	149
3983	47,33	5,6	35,8	2,3	1011	149
3991	17,29	0,0	16,7	1,1	227	149
3993	147,160	1025,1111	186,136	2537,1980	222	149
3994	178,188	0,1	261,203	3,0	230	149
3995	300,391	644,986	272,213	1425,842	573	149
4005	84,68	3,9	174,121	0,0	246	149
4012	40,46	91,154	30,23	86,47	266	149
4013	40,46	5,4	30,23	0,2	271	149
4014	1,2	11,2	6,4	9,6	239	149
4015	10,1	0,1	11,11	1,0	255	149
4016	374,323	4,0	667,508	4,3	272	149
4018	6,1	16,25	5,3	27,22	6379	149
4020	14,29	53,57	27,14	125,53	592	149
4021	6,13	527,528	7,7	1046,791	302	149
4022	90,116	13,16	204,158	14,11	326	149
4028	2,6	0,4	6,2	0,0	297	149
4029	4,19	2,1	7,5	2,0	356	149
4030	55,65	37,24	44,18	45,11	1292	149
4031	6,7	28,30	6,0	32,6	256	149
4032	1,0	9,10	4,0	21,2	240	149
4035	5,9	4,1	3,2	7,3	308	149
4036	10,11	0,0	14,12	1,1	953	149
4040	31,15	0,2	36,20	2,1	257	149
4043	633,737	42,24	582,407	54,34	555	149
4044	644,748	2,1	597,416	3,0	565	149
4045	697,818	583,583	679,478	1155,835	602	149
4046	57,80	657,755	52,35	1356,963	411	149
4047	322,412	5,6	537,323	26,22	519	149
4049	66,101	298,405	52,37	442,300	2371	149
4050	18,35	223,222	18,11	267,219	817	149
4051	23,26	187,164	8,10	175,128	1730	149
4052	46,82	2,4	45,24	0,0	1192	149
4054	2,7	66,127	1,1	90,43	234	149
4055	66,132	0,2	90,47	0,0	438	149
4056	26,43	72,81	46,33	97,51	362	149
4057	23,34	0,1	40,31	0,0	346	149
4060	11,22	172,221	13,17	197,140	242	149
4062	8,28	74,143	5,6	83,76	231	149
4065	13,26	328,376	15,2	482,348	261	149
4066	92,119	207,242	81,77	330,231	316	149
4068	93,131	141,240	101,78	208,115	299	149
4069	181,244	7,21	222,138	18,11	344	149
4070	253,349	1,1	326,204	0,0	375	149
4071	546,673	0,1	695,455	0,0	459	149
4072	46,66	11,9	70,34	11,10	227	149
4073	320,431	0,2	390,233	0,0	1112	149
4074	51,71	423,510	73,37	527,357	242	149
4075	228,305	4,4	289,173	1,0	583	149
4076	29,27	62,130	37,12	47,43	287	149
4077	8,3	29,20	0,3	3,2	295	149
4078	2,2	5,7	0,2	0,0	247	149
4079	8,21	369,371	2,0	0,1	659	149
4081	2466,2554	20,26	4,2	0,0	1282	149
4082	78,124	0,0	132,49	0,2	219	149
4084	17,23	34,57	18,29	51,35	1800	149
4085	135,181	0,2	197,175	0,0	572	149
4087	35,40	178,224	20,23	347,247	229	149
4088	163,167	226,197	106,105	356,277	926	149
4089	214,200	255,266	201,151	465,314	412	149
4090	81,93	318,331	78,66	564,414	406	149
4091	329,293	230,221	284,246	368,282	790	149
4095	1200,1233	1094,1194	1548,1172	2419,1835	2911	149
4096	42,31	39,30	46,24	41,48	235	149
4097	3,5	0,1	3,3	1,1	609	149
4098	19,19	54,52	15,3	88,40	378	149
4099	44,56	0,4	47,14	2,2	1682	149
4100	27,38	3,3	33,13	6,2	1337	149
4101	2,9	5,10	6,0	4,3	446	149
4105	1284,1342	9,12	2242,1629	1,2	288	149
4122	25,47	135,126	35,17	192,116	3046	149
4123	250,321	3,7	504,286	0,1	268	149
4127	55,61	38,26	41,23	62,34	632	149
4128	56,63	1,1	43,23	0,0	895	149
4129	1,3	4,12	2,0	5,2	282	149
4130	32,41	3,6	36,25	4,0	463	149
4131	26,40	140,145	30,26	145,93	632	149
4132	2,2	88,101	2,2	114,71	348	149
4142	159,172	13,8	137,90	9,6	632	149
4143	12,7	36,48	5,2	38,19	348	149
4144	2412,2329	3,1	4035,2775	0,0	882	149
4145	1964,1918	1,2	3102,2210	4,3	679	149
4156	30,18	0,0	22,23	0,1	233	149
4157	74,95	23,31	114,80	21,18	829	149
4158	7,5	250,245	4,3	414,287	229	149
4159	8,26	274,308	23,15	569,300	222	149
4161	21,18	134,175	18,15	217,186	262	149
4162	0,3	202,154	0,0	274,214	710	149
4164	1,4	0,4	6,0	0,0	325	149
4167	12,19	1,0	6,19	0,0	353	149
4168	49,58	158,207	40,20	180,146	271	149
4169	20,18	96,119	43,16	175,113	300	149
4170	18,18	246,237	17,7	391,264	271	149
4171	161,147	193,220	111,81	293,244	740	149
4172	1,0	0,1	3,4	0,0	303	149
4173	4,2	1,0	6,0	0,2	980	149
4176	9,2	9,16	18,16	12,7	310	149
4177	2,0	6,7	4,1	23,11	478	149
4178	1,15	3,2	12,5	11,5	240	149
4181	7,4	32,16	4,1	0,0	549	149
4182	2,4	8,18	3,0	0,0	304	149
4183	24,24	16,6	2,5	0,0	441	149
4185	6,1	9,17	1,0	1,1	224	149
4186	5,6	9,4	2,2	1,0	364	149
4187	5,2	20,14	0,0	3,1	244	149
4190	2,0	28,13	6,0	0,3	419	149
4191	0,1	77,71	0,0	121,77	440	149
4194	0,6	0,0	0,0	1,0	835	149
4196	60,74	562,517	54,42	1019,656	841	149
4199	146,161	0,0	140,123	2,0	1367	149
4200	40,60	43,23	84,65	40,46	836	149
4201	4,2	20,42	1,0	13,22	237	149
4202	214,203	3,7	386,279	13,4	1522	149
4203	53,65	13,19	78,64	22,18	617	149
4209	12,17	368,469	27,18	559,402	387	149
4211	1,5	4,13	1,0	9,5	329	149
4212	1,0	1,2	0,0	8,1	218	149
4213	0,3	2,0	4,2	0,0	2499	149
4217	0,1	1,2	0,0	0,1	296	149
4220	4,12	1,0	18,12	2,1	976	149
4221	12,27	1,1	36,23	0,2	1324	149
4222	12,27	0,3	36,23	0,2	1302	149
4234	8,3	182,211	8,1	356,287	227	149
4235	6,13	196,192	15,5	397,262	220	149
4236	9,13	10,12	23,7	20,7	223	149
4243	217,202	3,4	234,182	2,0	1036	149
4244	64,52	2,0	64,36	0,0	436	149
4245	36,28	111,144	24,31	160,127	1252	149
4247	37,59	72,90	44,31	79,44	1244	149
4248	37,59	5,1	44,31	0,2	1265	149
4249	104,122	1,1	115,72	1,0	274	149
4250	129,142	1,0	137,80	1,0	324	149
4251	123,144	2,2	131,81	0,0	323	149
4252	10,9	2,3	7,4	0,1	250	149
4255	10,16	1,5	10,11	0,0	776	149
4256	9,8	9,7	5,9	4,4	625	149
4257	27,59	0,2	48,18	0,0	1463	149
4259	27,59	0,0	50,18	1,0	1544	149
4260	36,76	116,123	58,28	138,143	2472	149
4261	9,17	5,4	8,10	4,7	950	149
4262	462,442	3,3	562,475	0,0	247	149
4263	88,97	2077,2271	148,114	5585,3765	436	149
4264	143,158	5,1	351,215	3,2	439	149
4265	4,13	95,131	5,4	218,137	449	149
4266	61,49	3,7	91,67	2,1	601	149
4267	9,7	126,118	16,4	197,116	335	149
4268	11,22	71,76	10,10	124,94	226	149
4269	105,115	2,0	178,130	0,0	459	149
4270	28,40	102,80	52,42	145,94	394	149
4272	117,125	0,6	187,137	0,0	479	149
4273	40,50	10,0	61,49	0,0	414	149
4274	14,11	78,88	4,4	181,123	223	149
4275	20,28	117,137	7,26	175,128	339	149
4276	48,50	16,18	28,33	22,16	243	149
4277	21,35	126,130	26,18	165,85	458	149
4278	71,98	170,173	74,102	184,147	377	149
4279	60,69	65,111	62,48	85,72	649	149
4280	127,129	2,2	99,69	0,2	698	149
4281	9,4	278,319	11,4	380,358	1599	149
4282	159,159	331,336	184,139	484,464	1457	149
4286	68,99	21,26	65,44	50,39	453	149
4287	62,88	56,60	54,33	98,51	420	149
4288	82,127	123,121	117,75	239,183	477	149
4289	76,116	83,107	106,64	169,145	444	149
4290	51,57	650,867	44,41	1384,1083	543	149
4291	109,110	204,319	56,37	438,307	230	149
4292	2960,3076	6,9	5312,3715	4,5	2655	149
4293	81,90	1,3	27,22	0,0	1370	149
4296	0,0	0,2	0,2	0,2	242	149
4298	38,41	250,295	24,30	472,284	477	149
4302	7,7	131,149	18,8	268,227	1368	149
4303	4,3	0,0	16,7	2,0	2352	149
4304	0,2	121,114	6,3	194,184	1068	149
4307	127,136	8432,7940	219,184	14848,11237	1740	149
4308	373,370	7205,6936	301,232	13470,10310	3830	149
4310	168,222	6958,6724	220,187	12293,9397	282	149
4311	42,38	8790,8463	19,20	15007,11732	246	149
4313	258,224	9231,9194	291,300	19307,13907	401	149
4314	153,153	0,2	207,152	0,0	272	149
4315	75,60	437,597	68,44	671,375	1526	149
4316	11,4	1,4	3,3	0,0	1126	149
4319	5,10	293,275	12,15	560,398	486	149
4320	10,11	71,72	5,13	135,76	1041	149
4321	10,11	201,185	5,11	315,264	1038	149
4323	0,2	3,7	0,0	2,1	239	149
4324	6,4	206,217	6,6	250,226	372	149
4325	24,36	55,113	36,16	61,35	224	149
4326	132,210	66,112	176,111	83,60	544	149
4327	14,48	2,0	28,31	4,1	396	149
4328	14,48	42,34	30,31	32,21	678	149
4330	6,3	187,202	14,9	269,159	1173	149
4332	8,2	164,190	2,2	233,174	2873	149
4333	20,15	0,2	9,8	0,0	1203	149
4334	20,15	256,254	9,8	359,275	1219	149
4336	134,175	47,123	136,118	69,25	1747	149
4337	18,12	290,318	29,17	769,542	292	149
4338	21,13	0,0	31,19	0,3	505	149
4339	6,5	346,296	7,8	776,585	263	149
4340	21,23	8,11	30,20	4,3	732	149
4341	24,28	2,0	40,25	5,0	745	149
4342	21,23	262,235	34,20	529,402	736	149
4343	75,50	3,2	106,51	0,0	791	149
4346	0,0	2,0	0,1	0,0	325	149
4354	59,74	227,221	70,81	451,349	655	149
4355	0,2	3,0	3,0	1,2	921	149
4357	410,492	62,66	702,531	48,46	323	149
4359	318,322	5,11	381,291	1,1	237	149
4360	39,51	10,14	19,17	7,11	1548	149
4361	2,4	0,0	5,0	0,1	428	149
4364	13,18	49,67	27,11	167,92	666	149
4373	61,74	1,1	64,30	0,0	1784	149
4378	201,288	0,5	651,403	0,0	2342	149
4381	0,6	0,0	2,4	0,2	718	149
4390	26,22	14,22	22,28	6,6	614	149
4391	58,32	674,648	56,35	1237,884	364	149
4392	2065,2095	74,74	3388,2153	85,59	860	149
4406	14,4	101,161	8,6	63,33	299	149
4407	18,21	43,39	23,12	67,33	1351	149
4408	27,32	1,0	54,34	0,1	2842	149
4409	5,3	41,48	15,10	66,25	1549	149
4410	0,5	27,31	5,7	48,41	1417	149
4411	48,42	10,10	38,32	15,14	1895	149
4412	38,16	2,1	40,23	5,4	557	149
4413	38,16	11,11	40,23	11,12	483	149
4414	51,36	37,37	57,37	53,46	1997	149
4416	15,11	76,114	12,2	179,130	427	149
4417	3,1	6,6	2,1	12,3	279	149
4418	20,14	0,0	18,13	2,1	436	149
4419	260,311	3,11	453,353	1,0	239	149
4421	215,281	21,15	357,307	0,8	1939	149
4422	17,18	172,160	14,25	287,208	1758	149
4431	1,2	98,110	3,4	197,132	1069	149
4432	2,1	147,97	14,4	196,140	523	149
4433	1,6	36,34	0,3	51,22	942	149
4434	8,3	10,17	6,2	15,5	2208	149
4435	197,232	2,0	168,115	0,3	5425	149
4439	83,96	1262,1447	101,74	2389,1587	290	149
4441	1,11	41,50	6,6	60,33	219	149
4445	0,2	0,0	0,0	0,2	1475	149
4447	4,0	1,2	0,6	1,0	351	149
4449	0,0	1,0	2,2	0,0	938	149
4454	27,32	110,88	21,9	100,95	219	149
4455	88,128	638,598	70,39	861,634	1426	149
4456	2,1	112,244	2,4	137,83	222	149
4457	13685,15041	26,27	25868,14838	2,0	1624	149
4458	807,940	0,0	2175,1174	1,0	403	149
4459	6451,6686	12,15	11555,6135	21,7	757	149
4460	7810,8417	1,0	15207,8111	0,0	1161	149
4461	1942,2381	2,2	4988,2665	0,0	482	149
4462	2709,3060	13,16	6372,3388	6,4	448	149
4464	3418,4305	17,23	8795,4426	5,7	872	149
4466	6,5	356,347	16,10	678,507	1378	149
4467	21,21	283,304	45,23	652,401	1594	149
4468	6,8	321,334	14,17	708,497	528	149
4469	11,25	368,392	23,30	669,499	2222	149
4470	65,69	436,392	69,70	762,590	1778	149
4471	75,59	390,466	85,74	886,700	1927	149
4472	2,7	16,30	8,5	44,20	232	149
4475	14,33	3,6	51,14	6,11	4868	149
4480	59,42	0,0	71,42	0,4	4382	149
4481	128,164	138,110	110,56	169,132	3650	149
4486	25,20	21,40	8,36	53,29	372	149
4487	21,31	0,6	43,30	4,0	405	149
4488	28,39	1,1	50,39	0,0	505	149
4490	12,16	425,478	8,6	702,553	356	149
4491	10,11	12,19	7,5	22,21	350	149
4492	11,11	421,420	23,10	669,507	287	149
4493	14,8	435,417	6,10	700,520	1103	149
4494	23,15	2,3	14,14	1,0	1670	149
4495	8,2	411,437	4,5	734,517	338	149
4503	32,35	192,189	60,26	469,282	408	149
4504	32,34	16,16	57,25	2,4	392	149
4506	0,0	4,4	2,0	3,2	536	149
4510	13,18	2,3	23,8	3,1	407	149
4511	3,2	19,18	2,5	22,12	828	149
4515	2,4	31,49	2,2	19,12	216	149
4517	89,76	480,546	89,70	944,768	1267	149
4518	134,111	437,456	89,76	862,689	3487	149
4520	26,9	16,11	5,2	5,5	962	149
4524	108,94	1,3	150,91	5,0	1099	149
4525	128,118	1,0	181,118	2,0	1574	149
4526	134,120	1,2	186,121	0,0	1601	149
4527	132,120	143,166	184,120	366,281	1599	149
4528	32,33	4,2	44,35	3,0	562	149
4529	444,512	25,43	38,19	3,2	834	149
4530	26,33	911,1052	15,4	56,63	790	149
4531	908,910	8,9	53,60	2,0	895	149
4532	31,47	991,898	4,5	52,51	518	149
4534	60,81	0,1	5,6	0,0	524	149
4535	33,21	834,702	4,0	39,31	252	149
4536	851,914	19,23	88,55	4,0	601	149
4537	858,929	408,371	89,55	15,15	628	149
4538	1330,1589	40,31	116,80	1,2	891	149
4539	73,85	5,3	11,6	0,0	247	149
4540	73,90	64,58	11,6	3,0	250	149
4541	655,634	723,831	109,67	39,38	1040	149
4542	1683,1852	25,17	205,123	0,1	1861	149
4543	588,554	82,72	99,61	6,4	812	149
4544	542,505	6,5	93,58	0,2	740	149
4545	422,422	21,15	81,52	0,0	616	149
4546	49,44	4,14	45,46	11,10	456	149
4548	3,5	77,84	7,8	141,87	287	149
4549	2,5	1,1	6,6	0,0	270	149
4550	10,9	2,0	14,9	1,1	526	149
4551	9,6	78,71	7,2	127,71	249	149
4552	34,28	63,61	32,20	131,62	1119	149
4554	4,12	113,91	13,12	167,105	488	149
4555	6,9	110,96	9,5	158,100	272	149
4558	93,87	21,10	100,64	6,5	552	149
4559	30,34	0,1	50,31	1,1	308	149
4560	15,17	302,334	10,6	531,368	290	149
4561	42,62	278,317	45,12	532,401	369	149
4562	26,25	222,207	20,15	334,267	248	149
4563	10,23	328,317	13,8	412,353	259	149
4564	26,22	309,313	28,15	447,369	259	149
4565	21,16	366,336	20,13	567,453	262	149
4566	32,20	330,298	27,18	430,280	264	149
4567	127,146	416,421	86,72	518,420	330	149
4568	18,21	382,435	18,23	405,265	232	149
4569	339,362	579,666	319,337	1484,1116	581	149
4570	601,643	1,3	643,618	0,0	1211	149
4571	622,732	9,5	843,765	11,2	965	149
4572	524,612	4,7	617,582	3,13	933	149
4573	176,239	11,4	286,238	12,23	351	149
4574	145,195	505,534	217,179	1038,893	345	149
4575	161,183	49,49	284,191	51,41	381	149
4576	109,121	265,222	118,81	548,369	356	149
4577	369,402	1,9	517,344	10,7	851	149
4578	317,340	8,5	351,234	4,3	826	149
4579	481,534	0,1	850,570	0,0	869	149
4580	429,472	3,1	684,460	0,1	844	149
4581	370,397	69,66	622,421	126,89	570	149
4582	70,65	570,561	58,47	1177,913	249	149
4584	375,389	350,397	431,255	835,539	890	149
4585	558,675	18,16	702,426	29,10	1354	149
4586	87,139	344,446	98,75	683,430	410	149
4587	129,278	8,34	235,147	30,13	344	149
4591	43,55	77,128	62,47	152,122	2175	149
4594	79,85	135,158	65,60	133,72	1001	149
4595	106,120	8,4	169,103	9,2	244	149
4596	202,228	92,108	307,203	68,35	473	149
4597	240,270	26,41	343,216	17,14	503	149
4598	84,121	13,8	76,50	10,0	592	149
4599	300,366	0,4	384,259	0,0	1121	149
4600	127,168	155,196	111,74	138,77	727	149
4601	118,127	25,24	106,86	8,9	596	149
4602	228,267	2,2	195,144	0,0	1278	149
4603	122,127	138,159	108,88	104,86	613	149
4604	135,153	5,3	120,102	0,0	1092	149
4610	9,11	9,19	7,2	7,3	1110	149
4611	7,6	9,6	12,13	13,20	324	149
4612	5,5	4,0	11,12	0,6	280	149
4613	4,0	0,1	2,2	0,0	247	149
4614	4,1	2,1	3,2	4,0	256	149
4616	37,14	0,1	38,32	0,0	904	149
4617	22,4	0,2	13,12	0,0	438	149
4618	19,4	0,1	12,10	0,0	267	149
4619	13,5	0,0	14,9	1,0	380	149
4624	210,206	9,2	219,120	1,0	640	149
4625	20,22	0,0	12,16	0,1	215	149
4632	119,162	19,15	117,102	14,6	1851	149
4633	111,110	9,12	104,71	3,8	1611	149
4634	144,135	0,1	132,95	2,2	1932	149
4635	22,15	3,11	22,21	5,8	262	149
4636	207,209	0,2	186,137	0,0	2182	149
4641	58,55	57,50	43,25	91,38	672	149
4642	284,265	90,68	275,213	171,128	1124	149
4645	55,66	0,15	76,52	13,6	479	149
4646	55,65	283,320	76,52	337,245	461	149
4647	236,259	379,446	273,170	595,454	1337	149
4648	226,247	0,3	250,165	0,0	1249	149
4649	70,102	1770,1620	66,35	2138,1841	256	149
4650	1,4	33,57	2,3	40,15	423	149
4651	21,39	173,207	26,14	298,188	773	149
4652	28,30	2,0	52,22	2,4	1076	149
4654	79,90	0,0	66,50	1,0	2676	149
4655	68,79	104,123	63,48	148,113	2671	149
4656	11,16	69,78	13,16	89,61	1024	149
4666	382,344	6,2	690,425	0,0	232	149
4667	382,344	10,2	690,425	0,2	236	149
4668	37,31	304,331	22,25	389,322	233	149
4669	54,132	1,1	75,67	0,0	786	149
4670	118,180	6,19	110,81	16,10	933	149
4676	10,8	0,0	16,19	0,1	416	149
4677	6,7	0,0	20,2	1,0	1414	149
4678	7,7	39,56	7,6	114,86	280	149
4680	8,12	137,124	6,14	164,109	364	149
4681	211,224	501,428	216,151	725,558	5288	149
4686	60,84	106,71	65,39	209,128	2229	149
4687	17,31	7,0	42,19	7,2	905	149
4688	10,15	57,72	17,6	115,63	899	149
4689	0,0	1,0	4,0	0,0	1754	149
4699	18,17	3,6	18,6	2,2	2096	149
4703	32,30	24,27	23,15	36,35	1614	149
4704	5,5	159,107	2,2	197,144	317	149
4707	43,36	2,1	24,12	0,0	807	149
4708	47,44	269,257	28,14	529,362	857	149
4709	28,33	0,1	20,22	0,0	654	149
4710	29,37	144,199	31,31	265,180	748	149
4711	38,45	1,0	50,43	0,0	1468	149
4712	9,9	138,141	24,14	254,111	740	149
4713	9,9	8,2	24,13	4,1	350	149
4714	412,424	2,6	793,642	0,1	246	149
4718	21,24	10,22	20,21	17,9	883	149
4719	2106,2023	52,69	2632,1934	20,11	231	149
4720	62,61	831,956	32,23	1141,766	519	149
4721	3,4	0,0	7,3	4,2	879	149
4723	31,21	82,125	35,10	176,114	290	149
4724	11,15	158,221	12,9	260,198	225	149
4725	45,49	163,163	48,12	187,158	2071	149
4726	48,57	0,1	52,16	0,0	2574	149
4727	14,11	179,158	11,6	179,186	590	149
4728	5,15	15,27	2,8	15,4	1171	149
4729	37,31	36,31	15,23	45,19	1760	149
4730	435,409	23,31	703,490	13,21	698	149
4732	27,51	824,622	47,29	1234,1130	591	149
4734	24,44	887,909	24,23	1924,1510	283	149
4736	6,4	0,0	20,10	3,0	2681	149
4739	88,85	6,7	61,51	1,0	564	149
4740	166,178	330,373	68,56	389,188	314	149
4746	56,108	2128,2304	63,56	3680,2572	1098	149
4747	90,56	1584,1707	104,86	2776,1960	555	149
4748	249,249	9,3	245,178	4,1	1192	149
4749	195,238	2154,2419	225,143	4492,3264	690	149
4750	402,390	0,2	350,279	0,0	3038	149
4751	184,182	1843,2112	138,129	3770,2604	1912	149
4752	39,57	257,341	42,28	411,218	225	149
4753	4,3	186,210	0,2	237,164	255	149
4754	29,25	206,292	11,12	277,198	491	149
4755	364,434	18,30	595,475	18,16	548	149
4760	5,10	3,3	4,2	3,3	363	149
4764	60,88	353,423	94,62	558,471	1637	149
4766	19,18	2,0	16,20	0,0	576	149
4767	24,33	8,13	26,28	5,7	854	149
4768	5,19	0,0	13,13	0,1	327	149
4770	246,200	131,135	331,220	188,116	410	149
4775	2,7	2,4	16,6	7,0	237	149
4777	34,43	4,2	54,44	3,3	1078	149
4778	13,21	19,18	17,24	25,33	963	149
4779	16,17	1,0	16,16	0,0	231	149
4789	0,3	16,16	1,1	16,6	262	149
4793	81,110	2,0	72,87	0,0	7132	149
4794	51,46	1932,2152	53,59	3027,2453	427	149
4795	57,65	3673,4261	82,71	7535,5923	702	149
4796	61,72	1273,1523	103,96	2794,1991	263	149
4797	28,28	65,63	23,26	76,70	765	149
4799	244,188	379,361	207,161	624,480	651	149
4804	28,34	503,689	56,37	998,758	685	149
4805	66,78	936,903	79,67	1575,1191	1815	149
4806	29,29	911,1060	65,45	2118,1453	574	149
4807	31,35	482,469	25,19	1151,942	1695	149
4818	116,117	2,0	217,89	0,1	973	149
4819	116,117	1,0	213,89	0,0	951	149
4822	7,13	7,8	9,6	4,6	231	149
4831	54,56	784,865	51,33	1374,1027	469	149
4832	2328,2295	8,17	3286,2461	4,1	350	149
4833	172,212	5,6	231,183	8,1	1008	149
4834	42,68	480,482	43,41	691,540	965	149
4835	2,0	8,31	3,2	8,23	282	149
4836	25,23	3,1	35,34	1,0	450	149
4839	59,63	55,60	71,29	117,81	426	149
4840	1,0	7,6	2,0	4,0	304	149
4843	22,33	37,42	34,20	59,19	1951	149
4845	54,68	611,596	50,23	883,691	358	149
4847	278,295	502,513	118,81	850,660	3964	149
4848	116,103	624,617	68,55	1045,804	968	149
4850	3,1	5,12	2,0	18,20	229	149
4852	58,103	148,130	65,55	211,200	237	149
4853	4,5	54,75	2,9	76,53	228	149
4854	4,5	2,4	2,9	1,2	277	149
4855	2,1	14,26	3,2	18,10	305	149
4857	2,4	0,0	0,6	0,2	2841	149
4858	89,150	0,3	149,80	0,0	858	149
4859	53,46	285,296	39,38	274,249	377	149
4860	49,43	0,2	36,38	0,0	345	149
4861	141,156	360,401	149,89	423,382	987	149
4862	218,288	4,6	270,136	3,4	1039	149
4863	10,14	473,430	8,3	708,549	469	149
4868	6,0	53,50	2,3	62,58	1785	149
4871	9,15	109,93	3,10	138,121	883	149
4872	0,0	66,106	0,6	148,150	314	149
4873	17,11	5,5	22,19	3,8	262	149
4874	18,12	82,54	29,22	84,47	313	149
4875	38,59	34,58	58,33	69,27	396	149
4881	3,2	0,2	0,0	1,0	1384	149
4882	3,3	90,99	1,0	86,36	1440	149
4883	4,0	1,0	8,8	2,0	434	149
4890	93,91	379,383	80,78	594,435	389	149
4891	25,23	300,378	26,8	766,609	259	149
4892	85,145	355,401	204,133	888,665	340	149
4893	136,127	486,491	154,138	1414,1054	313	149
4894	285,251	0,5	312,217	3,0	588	149
4895	169,145	422,463	203,114	1396,1013	300	149
4896	0,3	0,3	1,1	5,1	345	149
4898	31,9	0,0	20,13	1,2	784	149
4900	4,5	107,104	3,2	225,174	286	149
4901	36,19	2,0	33,22	0,0	1236	149
4902	29,14	134,184	26,19	254,181	948	149
4903	5,16	129,139	2,6	297,218	280	149
4904	526,552	5146,5536	419,324	9410,7365	2308	149
4905	384,414	5805,6433	325,285	12678,10235	1018	149
4906	11,4	121,159	12,3	215,187	314	149
4907	5,15	6,12	14,8	10,5	377	149
4908	4,14	86,67	12,6	114,93	372	149
4910	1,2	340,327	5,3	518,355	374	149
4911	0,4	19,18	6,3	35,25	465	149
4912	15,21	30,14	8,17	24,24	1246	149
4917	2,3	42,51	17,3	33,21	275	149
4919	97,100	0,0	121,89	0,2	481	149
4920	8,15	307,384	13,4	463,313	449	149
4921	156,137	1,0	195,144	0,0	1953	149
4922	86,58	14,23	72,48	27,25	1922	149
4923	79,54	4,1	64,42	0,0	1879	149
4925	4,0	1,13	2,0	3,3	261	149
4926	27,41	66,86	23,23	40,32	454	149
4927	7,11	16,18	8,1	5,5	397	149
4928	63,70	15,22	91,57	35,17	462	149
4929	54,53	4,0	63,44	1,1	369	149
4930	32,41	1,3	32,20	2,3	396	149
4931	33,41	2,2	33,23	0,0	406	149
4932	40,45	0,4	37,31	0,0	454	149
4933	3,0	5,10	2,1	5,1	257	149
4935	15,10	7,14	22,5	9,6	453	149
4937	30,31	3,11	42,17	3,0	571	149
4938	4,10	21,13	9,5	14,4	1298	149
4939	5,6	0,0	7,0	1,1	238	149
4941	92,110	1709,1846	137,93	3696,2809	2262	149
4943	54,46	2,2	39,52	0,1	274	149
4944	98,84	139,212	73,83	364,227	495	149
4945	1217,1370	5,9	1914,1348	0,2	897	149
4946	474,429	2,5	495,349	1,0	696	149
4947	544,521	89,105	574,405	154,125	879	149
4948	2168,2325	229,245	2295,1761	305,192	2449	149
4954	117,137	26,40	223,163	25,15	501	149
4955	20,21	144,121	29,15	233,164	392	149
4956	6,10	105,92	12,7	122,69	317	149
4957	6,9	72,63	11,7	91,58	314	149
4958	15,19	39,30	21,19	41,52	326	149
4959	15,18	6,12	20,19	8,3	323	149
4960	248,286	594,660	238,195	560,429	648	149
4961	252,309	566,602	226,161	623,498	459	149
4962	737,829	4,3	745,528	0,0	548	149
4963	912,1072	2,1	831,679	0,0	1984	149
4964	714,818	61,57	643,541	36,42	1604	149
4965	1467,1696	1,0	1426,1117	0,0	2212	149
4966	982,1176	101,94	907,750	8,10	2123	149
4967	784,922	389,426	719,612	445,328	1743	149
4968	0,1	0,0	8,4	4,0	702	149
4972	8613,9271	4,0	5214,4043	0,1	3092	149
4973	27,54	0,2	28,53	3,2	1410	149
4974	63,88	0,1	168,129	0,0	1737	149
4977	67,75	103,97	77,43	128,101	323	149
4978	9,9	42,73	17,6	94,90	230	149
4982	21,28	380,376	34,14	656,474	304	149
4983	447,582	1,2	653,447	0,0	3186	149
4985	7,4	2,10	11,3	2,7	1768	149
4986	203,130	51,80	199,152	182,128	2470	149
4987	0,3	43,53	6,1	90,62	859	149
4988	31,52	41,40	21,32	100,60	903	149
4989	1306,1215	0,6	1373,1145	0,1	1307	149
4990	1291,1196	3,1	1350,1131	0,1	1262	149
4991	1513,1400	0,2	1569,1302	0,0	1430	149
4994	75,84	443,379	43,20	646,418	403	149
4995	20,44	414,522	33,16	906,629	235	149
4998	0,1	4,2	0,0	1,1	257	149
5001	25,60	47,57	27,12	57,33	464	149
5002	43,35	0,1	32,23	0,0	288	149
5003	38,26	4,15	22,11	5,1	256	149
5004	32,23	2,8	18,10	4,2	232	149
5005	117,137	0,0	182,140	1,2	2598	149
5008	20,27	37,20	2,4	3,0	526	149
5009	171,223	823,733	33,32	312,277	1028	149
5010	159,199	10,5	31,29	1,0	572	149
5011	151,197	8,9	31,28	0,2	526	149
5012	20,15	0,2	6,3	0,0	1767	149
5013	26,15	544,616	4,3	232,150	1862	149
5014	6,2	923,962	1,1	343,203	1342	149
5016	18,17	86,68	21,18	45,57	718	149
5017	126,145	1,3	107,64	0,0	406	149
5018	5,10	140,146	7,13	100,72	524	149
5019	0,4	0,0	2,4	3,0	2331	149
5020	0,4	0,0	2,3	0,1	1544	149
5021	0,0	10,7	2,2	32,42	1723	149
5027	4,2	0,3	2,5	0,0	245	149
5028	1,4	1,3	4,3	0,0	416	149
5039	63,67	4857,4594	37,46	7128,6199	361	149
5040	74,81	8,7	51,62	20,19	364	149
5041	97,106	6,4	164,94	11,0	686	149
5042	66,67	0,4	100,59	0,3	648	149
5043	38,33	132,141	49,14	232,148	608	149
5044	51,58	31,18	97,58	29,20	441	149
5045	15,21	72,89	20,14	165,119	392	149
5046	85,69	9,9	132,79	9,11	482	149
5047	49,32	2,8	55,35	7,2	433	149
5048	85,80	5,1	115,78	5,5	710	149
5049	49,43	2,3	38,34	3,0	661	149
5050	35,22	77,61	20,23	86,52	287	149
5051	50,42	0,2	58,40	0,0	314	149
5052	97,92	41,37	80,51	32,14	1724	149
5053	98,96	1,0	82,54	1,1	1739	149
5055	44,61	35,35	43,37	46,34	740	149
5061	7,16	59,47	5,4	42,29	538	149
5062	32,35	8,10	25,17	11,5	356	149
5063	21,20	54,47	9,12	61,37	337	149
5064	21,20	0,0	9,12	2,0	313	149
5065	0,2	0,0	0,0	1,0	4833	149
5066	48,37	154,136	60,39	298,205	429	149
5067	163,150	44,29	202,153	31,34	777	149
5068	74,69	113,94	86,59	164,139	317	149
5070	0,2	0,0	0,0	5,2	259	149
5071	1,0	4,3	3,2	7,4	232	149
5072	110,111	452,498	82,65	817,652	466	149
5073	0,10	20,38	4,3	30,13	235	149
5074	70,69	487,519	107,84	749,564	5766	149
5075	35,34	491,424	40,20	662,497	223	149
5076	89,104	3,3	155,95	0,0	236	149
5077	1007,1086	30,15	1392,1038	31,35	412	149
5078	329,402	35689,39148	431,330	55903,40906	405	149
5081	121,112	574,588	273,190	1201,969	309	149
5082	37,38	249,200	40,18	353,300	271	149
5083	14,16	150,169	14,7	304,202	293	149
5084	5,9	6,4	4,1	12,6	257	149
5085	18,22	244,234	9,18	363,303	343	149
5086	16,24	180,182	12,13	270,237	449	149
5087	30,39	10,9	18,25	1,0	735	149
5088	14,17	2,0	9,7	0,1	389	149
5089	123,141	1,1	90,95	1,0	657	149
5094	7,14	0,9	2,0	0,0	608	149
5099	5432,5882	61,89	8306,5803	102,76	908	149
5101	2,2	1,1	7,5	2,1	480	149
5102	0,1	1,0	2,1	0,0	487	149
5103	3,2	115,125	8,1	154,127	276	149
5104	62,69	16,21	75,34	35,20	1082	149
5105	12,12	620,674	20,20	1098,831	1106	149
5106	13,16	319,333	22,12	761,568	1321	149
5108	50,39	414,472	60,45	771,508	768	149
5109	50,53	308,349	72,35	579,421	1905	149
5110	15,31	352,413	21,22	767,552	231	149
5113	1155,1244	195,178	1742,1427	294,225	2522	149
5114	711,819	1,0	1036,850	2,3	1233	149
5115	39,27	991,1075	29,25	1661,1273	1268	149
5116	57,51	284,257	75,30	421,307	2271	149
5118	13,13	135,188	10,6	283,195	249	149
5120	11,21	129,145	26,12	205,147	475	149
5121	5,9	133,131	8,1	258,135	234	149
5122	7,22	170,177	8,1	335,203	261	149
5123	9,26	1,1	11,1	0,0	396	149
5124	20,45	2,1	36,13	0,0	796	149
5125	5,5	154,182	9,8	359,238	251	149
5126	28,39	185,197	32,18	362,322	1048	149
5128	52,39	13,11	56,31	18,7	382	149
5129	22,15	368,349	10,8	532,414	1038	149
5131	19,30	87,126	7,7	108,94	852	149
5132	2,3	181,169	2,2	297,219	251	149
5133	0,1	105,84	4,2	95,87	257	149
5140	25,47	28,38	39,35	39,18	419	149
5141	39,35	8,24	40,24	15,13	978	149
5142	5,6	0,3	4,1	4,2	458	149
5143	9,11	30,40	18,20	39,36	1133	149
5144	36,47	3,4	39,33	0,2	2934	149
5145	39,50	1006,1085	39,34	1646,1190	3015	149
5147	80,105	611,646	87,42	919,669	1397	149
5148	76,98	1,0	80,37	0,0	1331	149
5150	6,1	23,7	6,9	40,17	231	149
5151	0,2	0,1	3,0	0,0	597	149
5152	35,75	0,2	30,32	0,0	247	149
5156	9,1	187,174	6,1	377,199	1773	149
5157	3,7	138,142	2,1	193,169	312	149
5158	23,13	38,34	17,14	51,48	479	149
5159	5,1	175,219	6,5	259,168	979	149
5160	1,2	41,61	2,4	80,76	1770	149
5161	22,35	1,0	49,25	0,0	262	149
5162	84,76	121,158	47,31	192,89	1063	149
5163	202,206	2,2	145,116	1,0	2606	149
5164	118,130	133,150	98,85	201,106	1545	149
5165	22,21	257,272	19,14	313,250	243	149
5167	115,106	271,264	97,60	314,252	412	149
5168	84,70	2,5	61,52	3,3	346	149
5169	67,54	2,0	51,43	0,2	267	149
5170	268,255	3,2	292,197	2,2	509	149
5171	42,55	226,235	41,50	283,198	722	149
5172	41,53	14,18	40,46	15,8	717	149
5173	433,447	2,4	535,431	3,0	296	149
5174	453,473	25,16	557,444	16,20	325	149
5175	459,477	1,2	569,454	0,2	331	149
5176	545,579	1,0	677,515	0,0	441	149
5179	19,17	62,63	36,33	272,152	239	149
5180	13,11	119,133	15,13	322,246	670	149
5181	119,119	6,10	131,137	12,2	648	149
5182	108,108	1,1	126,130	0,5	488	149
5183	190,174	2,0	241,195	0,0	808	149
5184	11,5	5,6	4,2	4,4	243	149
5185	11,5	44,56	4,2	48,35	233	149
5186	39,27	0,1	58,28	0,0	331	149
5187	61,49	1,1	79,46	0,0	376	149
5188	41,28	78,97	58,30	114,84	357	149
5189	31,21	2,2	44,22	2,2	300	149
5190	23,13	0,1	39,19	1,0	276	149
5191	76,70	0,0	121,76	2,0	377	149
5192	38,49	6,3	48,19	10,5	308	149
5193	69,92	6,3	101,60	6,3	535	149
5194	85,117	0,0	128,68	0,1	627	149
5196	52,74	1,2	73,46	2,0	944	149
5197	88,108	0,0	101,71	4,0	1211	149
5198	252,336	7,0	320,198	0,0	2935	149
5199	170,245	4,8	226,136	9,8	1774	149
5201	51,64	8,11	45,26	0,5	335	149
5202	22,10	8,5	3,6	3,6	347	149
5203	15,6	2,7	1,5	0,0	329	149
5204	10,21	124,136	12,6	91,42	251	149
5207	54,70	1,0	41,30	0,2	2010	149
5211	2,2	0,3	5,2	4,1	260	149
5214	1,0	0,3	0,0	0,2	345	149
5216	0,0	0,2	3,2	0,0	887	149
5218	84,96	7,4	115,107	10,5	566	149
5219	88,103	2,2	122,117	0,0	586	149
5221	1,1	2,0	0,1	0,0	242	149
5224	0,1	18,24	0,0	8,3	227	149
5225	6,12	7,4	4,3	7,0	239	149
5227	310,316	3,1	513,350	1,0	711	149
5228	11,5	66,109	7,5	115,71	235	149
5229	1,0	4,0	2,0	0,0	1196	149
5230	17,19	0,1	22,12	0,0	315	149
5235	12,8	1,1	24,9	3,5	2076	149
5236	9,10	130,173	15,9	208,115	814	149
5237	149,192	6,6	290,197	8,4	854	149
5241	194,260	1337,1349	294,233	2480,1783	239	149
5243	30,22	60,49	22,23	109,75	270	149
5246	22,20	180,261	31,12	385,211	475	149
5247	51,23	160,199	31,19	279,237	837	149
5248	41,17	1,1	23,13	0,0	712	149
5250	49,65	44,36	63,34	74,51	229	149
5251	191,214	1,0	283,158	1,1	923	149
5252	150,162	0,0	229,131	0,2	773	149
5253	131,149	53,56	194,112	74,58	461	149
5255	2,0	0,0	1,0	0,2	293	149
5257	2,8	38,61	8,6	56,44	242	149
5258	51,39	1,1	75,54	2,3	600	149
5265	10,16	44,60	11,18	36,31	817	149
5266	22,7	97,64	18,14	134,91	422	149
5268	5,2	14,29	4,7	27,18	586	149
5269	26,27	3,3	35,26	4,2	763	149
5270	15,30	187,252	9,11	191,117	228	149
5272	34,44	461,527	16,12	431,344	499	149
5273	11,11	0,6	9,7	0,2	365	149
5274	1,0	3,1	0,1	2,0	256	149
5277	14,6	1,4	14,4	12,7	364	149
5285	2,6	100,99	12,6	59,44	297	149
5286	173,210	1,0	173,118	0,0	439	149
5287	289,377	1,0	288,184	0,0	669	149
5288	342,453	0,0	325,213	1,5	723	149
5292	5,9	266,332	7,4	378,242	264	149
5298	2,0	107,125	3,5	175,128	307	149
5299	62,66	75,88	41,51	162,111	1618	149
5301	114,155	6,7	98,85	6,6	2525	149
5302	107,153	0,1	95,77	1,1	2481	149
5303	55,93	73,126	63,39	208,151	974	149
5305	15,22	155,195	18,10	242,182	236	149
5306	58,26	115,96	38,27	127,85	568	149
5314	5,24	1,1	28,26	2,0	240	149
5315	28,49	75,110	59,28	147,101	226	149
5316	9,7	52,39	3,1	46,35	240	149
5317	4,9	48,50	1,0	53,38	247	149
5318	652,751	2,3	645,516	2,0	380	149
5319	33,38	202,223	19,19	294,183	583	149
5320	3,21	46,82	4,12	73,26	220	149
5322	3,7	19,49	0,0	21,4	240	149
5323	7,14	33,48	0,1	57,25	235	149
5324	2,21	41,97	7,1	56,17	234	149
5325	86,113	134,193	70,61	279,153	533	149
5326	46,53	211,236	26,12	344,256	615	149
5328	0,2	2,12	0,0	0,13	255	149
5329	2,4	2,1	1,5	2,0	868	149
5330	2,4	0,7	1,5	0,9	698	149
5332	22,39	1,4	15,25	0,1	508	149
5333	7,5	49,65	1,3	52,43	257	149
5334	98,165	101,118	70,47	115,70	496	149
5342	4,10	287,301	6,5	533,385	312	149
5343	60,61	0,1	65,28	1,0	721	149
5344	40,44	213,243	58,22	227,114	715	149
5346	365,355	0,1	452,331	3,0	1526	149
5347	44,54	318,343	49,50	437,289	697	149
5352	6,11	106,121	12,5	155,108	307	149
5353	52,40	34,39	54,24	39,30	581	149
5354	49,38	1,11	53,24	0,3	563	149
5355	8,5	66,40	9,5	49,30	573	149
5356	2,8	203,174	19,16	325,212	773	149
5357	12,13	805,775	14,5	1391,954	233	149
5358	1,0	16,14	3,2	16,12	322	149
5359	41,48	746,820	24,25	836,681	246	149
5360	47,51	129,165	33,32	174,114	249	149
5366	116,92	1415,1674	77,93	2863,1978	541	149
5368	219,223	5084,5450	225,153	7689,6175	1458	149
5373	52,72	63,105	51,30	73,30	1136	149
5375	52,56	450,474	42,43	524,400	1570	149
5378	5,3	1,0	3,2	0,0	255	149
5379	16,29	13,11	23,12	27,27	357	149
5380	2,7	45,39	7,9	69,50	714	149
5381	114,133	445,469	216,163	814,641	236	149
5382	4,21	41,72	8,8	99,54	232	149
5383	2,3	30,40	2,2	30,11	232	149
5385	424,487	8,14	843,610	30,31	266	149
5386	212,203	1,3	221,179	1,0	1360	149
5387	303,289	213,303	322,247	652,381	1855	149
5396	13,18	0,1	8,7	0,0	258	149
5397	28,39	171,169	17,16	300,243	366	149
5398	29,40	0,2	20,23	1,4	648	149
5399	10,7	157,143	8,13	230,147	288	149
5401	38,40	43,52	43,23	26,16	1196	149
5402	51,54	131,114	52,27	212,139	1229	149
5414	25,14	3,2	6,22	0,0	663	149
5416	125,129	250,293	195,123	590,448	1032	149
5417	25,28	1,0	22,30	1,0	217	149
5418	27,30	245,243	25,35	498,342	241	149
5419	22,23	244,257	41,15	450,297	409	149
5420	19,19	7,5	34,12	2,6	345	149
5421	143,113	7,1	108,105	8,2	437	149
5422	147,122	295,349	109,108	581,440	448	149
5423	128,164	0,0	133,107	2,0	662	149
5424	276,274	9,9	241,204	3,2	1105	149
5425	135,165	265,333	134,107	608,431	682	149
5426	175,192	1,0	204,159	0,0	711	149
5427	14,17	283,288	20,14	571,365	521	149
5428	13,16	253,272	19,11	492,326	325	149
5429	0,0	96,74	1,1	137,96	240	149
5431	4,1	1,0	5,6	2,2	269	149
5432	8,8	189,184	9,12	316,285	228	149
5435	86,126	21,16	115,97	22,15	236	149
5437	0,7	22,16	1,1	41,41	384	149
5439	2,5	12,13	0,2	43,37	1533	149
5440	0,0	37,31	1,2	36,30	494	149
5442	0,0	31,25	0,4	32,20	575	149
5444	1,0	38,21	2,0	35,13	885	149
5445	0,0	1,0	2,4	0,0	1382	149
5448	6,6	0,0	8,9	4,0	239	149
5449	1,7	0,0	4,0	3,0	439	149
5452	170,136	249,239	150,92	313,242	242	149
5454	18,20	55,55	25,24	108,94	1002	149
5455	50,70	192,177	24,30	89,68	881	149
5456	133,192	53,70	219,146	49,49	1640	149
5457	9,29	72,87	11,11	130,76	4259	149
5460	53,55	4,4	52,50	1,0	426	149
5461	53,55	2,6	52,50	4,4	423	149
5462	90,84	0,0	111,72	4,0	693	149
5467	81,50	2,0	64,58	4,0	1037	149
5469	48,49	41,51	50,38	3,6	456	149
5470	262,326	398,486	284,196	894,503	1988	149
5471	222,286	31,41	248,169	1,0	1625	149
5473	1,2	2,2	1,0	0,0	1001	149
5474	1,2	2,2	1,0	4,0	1004	149
5477	6,3	0,0	9,0	5,3	267	149
5479	7,2	2,2	2,2	13,1	274	149
5480	4,5	4,9	11,5	1,1	225	149
5481	8,8	4,8	3,1	5,1	217	149
5482	11,12	772,959	5,3	1358,943	246	149
5483	313,331	5,3	470,342	1,1	281	149
5484	16,24	941,935	21,3	1729,1383	233	149
5485	29,44	890,969	26,28	1635,1275	239	149
5486	48,54	5,8	34,46	12,2	356	149
5487	23,29	1077,1181	22,29	1838,1461	222	149
5488	17,23	1055,1249	13,16	1803,1348	227	149
5489	6,23	173,170	9,11	341,227	1253	149
5490	3,1	0,0	11,5	1,0	503	149
5491	11,25	252,269	19,25	628,394	1443	149
5492	10,19	3,5	15,18	3,2	1333	149
5495	40,41	0,2	70,29	4,0	881	149
5497	131,111	26,42	127,119	29,13	560	149
5499	29,49	2,0	42,22	0,0	1194	149
5501	4,5	6,12	13,8	13,3	998	149
5502	57,62	0,1	55,30	0,0	2260	149
5503	60,66	2,0	57,33	0,0	2302	149
5504	58,66	6,1	49,26	0,0	1356	149
5505	58,62	1,0	47,25	0,0	1321	149
5506	1,1	18,32	6,1	45,16	2656	149
5507	22,17	8,8	29,17	9,5	5440	149
5510	60,71	57,79	61,62	89,59	372	149
5511	32,52	56,137	14,13	105,53	238	149
5512	33,57	2,1	16,13	3,0	249	149
5513	18,38	363,359	11,8	122,87	457	149
5514	128,136	0,2	127,74	0,0	2265	149
5515	59,54	668,760	49,45	928,679	841	149
5518	3,13	0,2	5,2	0,0	231	149
5521	105,122	12,21	168,93	3,0	827	149
5522	11,17	40,83	5,1	92,54	217	149
5523	70,92	77,134	109,82	136,70	1656	149
5524	1,4	73,88	3,1	127,74	1550	149
5525	2,11	6,4	3,1	5,0	237	149
5526	8,8	0,0	11,5	3,0	296	149
5528	2,5	92,96	4,0	127,80	1017	149
5529	227,256	5,10	285,266	4,5	1233	149
5530	2,5	247,276	5,2	301,203	353	149
5531	699,764	4,3	466,352	0,0	583	149
5532	58,70	255,202	29,25	153,112	442	149
5533	6,17	192,180	3,7	123,93	343	149
5535	45,26	202,233	17,16	173,96	277	149
5536	94,98	8,10	34,18	1,0	689	149
5537	88,84	5,10	28,14	4,4	642	149
5538	149,116	1,0	52,33	0,0	951	149
5539	115,112	3,1	47,23	0,1	770	149
5540	109,98	4,9	41,19	0,0	723	149
5541	18,30	179,144	7,11	140,100	228	149
5542	33,41	0,4	19,16	0,0	736	149
5543	28,29	179,183	19,17	153,121	609	149
5544	79,103	4,0	43,32	0,0	924	149
5545	62,98	129,140	32,23	142,97	370	149
5546	134,147	1,0	77,47	0,0	275	149
5549	258,269	109,125	143,105	124,76	561	149
5550	7,15	139,170	13,4	136,85	324	149
5551	8,8	4,5	4,7	2,0	308	149
5552	3,4	167,189	0,3	112,97	304	149
5557	2,0	1,0	5,6	0,3	251	149
5559	2,0	0,0	5,6	1,0	255	149
5560	1,0	0,1	3,3	0,3	444	149
5561	133,111	3,6	120,78	9,3	2355	149
5562	0,0	37,51	1,0	76,50	238	149
5563	10,7	23,39	14,12	16,10	1264	149
5567	145,214	1,2	304,253	0,4	1721	149
5568	18,33	363,347	31,17	619,582	1657	149
5569	13,23	0,2	18,7	1,0	1630	149
5571	4,10	196,216	12,14	456,373	606	149
5580	31,34	2,0	8,8	0,0	4338	149
5581	25,32	1,2	6,8	0,0	4182	149
5584	32,35	0,3	8,8	0,0	4413	149
5585	26,33	1,0	6,8	0,0	4257	149
5586	26,33	4,0	6,8	0,0	4238	149
5590	20,28	316,318	25,21	669,540	245	149
5592	4,0	156,131	13,9	194,119	1519	149
5594	4,0	2,0	7,5	1,0	320	149
5601	15,6	467,489	9,18	1102,757	393	149
5603	97,110	0,0	144,85	1,0	1390	149
5604	56,61	0,1	81,52	0,0	836	149
5605	5,12	313,322	9,11	419,287	815	149
5607	13,20	333,343	28,21	460,300	814	149
5608	106,129	0,4	167,128	0,1	885	149
5610	0,3	0,1	2,0	0,0	254	149
5616	5,0	0,1	5,2	0,0	353	149
5617	13,4	0,1	32,11	5,0	683	149
5618	50,51	51,45	58,25	81,47	2739	149
5619	88,87	2,2	100,58	1,0	2838	149
5620	8,8	71,64	3,2	95,77	998	149
5621	74,91	0,8	83,46	4,0	5580	149
5622	3,1	100,90	4,2	133,88	882	149
5625	8,12	105,75	8,17	216,164	346	149
5633	31,16	112,102	46,28	197,139	272	149
5634	13,10	113,115	21,21	155,80	363	149
5636	15,9	324,362	10,11	608,465	261	149
5637	29,16	2,1	26,25	2,0	414	149
5638	12,15	1914,2297	11,17	3490,2613	486	149
5639	253,279	2064,2301	226,165	3486,2588	684	149
5642	8,5	100,154	1,5	174,146	891	149
5647	4,0	9,25	3,1	18,7	667	149
5648	29,42	4,1	37,41	0,0	1704	149
5655	0,1	93,111	0,1	62,33	308	149
5658	10,18	13,9	10,7	1,3	722	149
5661	37,41	247,288	72,50	411,260	221	149
5665	4,2	2,0	3,1	0,0	1385	149
5666	2,4	53,69	5,6	76,48	710	149
5667	177,186	3,1	229,147	0,0	708	149
5668	2,0	0,0	2,2	0,1	252	149
5669	9,6	4,2	28,11	9,3	270	149
5670	35,36	1391,1517	59,35	2586,1982	3869	149
5671	6,10	312,327	11,8	489,308	327	149
5672	32,37	340,308	54,44	510,380	343	149
5679	81,79	102,177	40,26	152,75	227	149
5680	77,70	140,235	35,22	175,82	224	149
5681	109,93	858,766	58,37	934,657	245	149
5682	467,473	9,8	496,319	6,3	572	149
5683	244,258	780,761	193,132	936,697	529	149
5684	89,96	984,973	52,43	1014,700	234	149
5685	0,4	44,44	2,0	14,16	221	149
5697	2,3	65,93	1,0	118,82	233	149
5698	24,25	1,3	20,20	0,0	253	149
5700	38,41	55,67	30,25	76,32	1252	149
5705	21,27	0,2	14,10	0,1	316	149
5710	28,45	0,1	31,27	0,0	715	149
5713	54,62	525,539	48,20	969,647	297	149
5714	83,107	1,0	62,37	0,0	909	149
5715	40,62	0,3	28,21	0,0	645	149
5719	16,18	77,81	23,7	69,52	389	149
5722	19,18	126,87	16,7	116,97	398	149
5723	23,22	1,2	19,9	5,4	403	149
5725	14,22	65,58	32,16	71,34	322	149
5726	2,0	33,40	5,2	33,21	286	149
5727	4,0	1,3	1,0	0,0	276	149
5731	2,3	0,1	5,0	0,0	362	149
5735	247,286	111,108	205,196	168,127	1474	149
5737	14,22	166,145	25,16	235,202	228	149
5738	22,11	0,0	33,15	2,0	2217	149
5740	4,1	76,107	8,4	143,94	973	149
5741	114,118	4,3	125,94	0,0	247	149
5742	77,99	13,15	91,60	2,1	475	149
5743	11,19	106,84	10,8	106,74	298	149
5745	42,40	0,2	17,23	0,0	879	149
5746	36,24	112,113	14,23	83,49	601	149
5747	46,38	1,1	26,30	0,0	613	149
5748	35,32	0,1	44,35	0,0	2301	149
5749	35,32	13,41	44,35	23,10	2297	149
5750	1,0	6,16	0,0	8,2	241	149
5751	68,73	1,0	54,72	0,0	299	149
5752	66,73	18,46	54,72	37,29	292	149
5755	9,3	1,2	18,8	2,0	307	149
5756	540,560	12,19	869,702	19,16	312	149
5760	5,8	3,1	7,6	4,4	309	149
5761	70,111	3,0	101,74	1,0	275	149
5762	204,219	0,1	460,364	0,0	264	149
5763	11,14	5,9	16,7	13,4	373	149
5764	11,14	0,1	16,7	3,0	375	149
5765	11,15	16,32	16,7	17,9	377	149
5767	7,7	4,3	3,1	0,0	401	149
5770	27,39	0,0	17,24	0,1	1503	149
5771	25,37	56,58	15,22	41,36	1499	149
5772	16,27	51,27	10,18	40,50	1038	149
5773	40,41	277,255	25,21	227,183	497	149
5774	98,98	80,75	137,83	61,62	250	149
5775	1406,1431	11,7	1050,790	8,4	236	149
5776	1634,1711	33,43	1092,853	29,20	368	149
5779	148,176	7,7	102,76	1,0	301	149
5780	109,127	12,4	76,58	6,0	293	149
5781	42,43	587,632	33,23	427,356	278	149
5782	276,267	4,6	175,160	1,0	286	149
5784	260,296	7,6	215,172	5,8	542	149
5786	331,365	507,558	250,210	395,287	384	149
5787	179,209	18,15	164,122	5,5	230	149
5788	379,429	7,20	359,238	0,0	375	149
5789	540,620	445,477	484,344	346,246	585	149
5790	240,261	12,22	184,142	0,1	292	149
5791	720,820	0,0	619,477	1,0	1268	149
5792	126,169	565,618	116,102	384,280	359	149
5793	568,682	0,4	532,386	0,0	834	149
5795	783,860	2,2	730,510	0,0	1051	149
5796	324,306	395,407	279,199	269,163	333	149
5797	307,287	8,2	271,190	1,1	317	149
5800	621,674	59,70	553,446	23,17	834	149
5801	418,458	415,407	361,306	270,181	603	149
5802	476,518	2,3	437,347	0,1	678	149
5803	428,481	0,2	375,324	0,0	609	149
5806	227,214	407,423	179,176	264,174	485	149
5807	1437,1564	0,2	1240,996	0,0	2197	149
5809	351,338	23,37	284,277	9,17	730	149
5810	686,734	1,0	594,535	0,0	1223	149
5812	202,207	416,398	155,154	249,199	343	149
5813	186,192	0,0	144,150	3,0	311	149
5814	221,236	207,205	201,172	127,104	356	149
5815	535,538	0,3	467,430	0,0	1021	149
5816	386,407	0,3	338,307	0,0	634	149
5817	260,274	3,1	224,190	2,1	364	149
5818	212,233	0,1	194,163	0,0	340	149
5821	211,284	0,2	220,150	0,0	325	149
5822	271,374	33,42	304,229	24,21	547	149
5830	5,4	25,44	5,5	40,33	219	149
5831	4,7	51,82	3,1	28,19	665	149
5832	6,7	72,48	5,6	26,13	247	149
5833	14,7	69,78	11,6	54,31	574	149
5834	19,8	0,3	17,15	0,0	844	149
5835	19,8	10,20	17,16	21,8	872	149
5836	717,652	250,281	817,643	306,236	251	149
5837	417,366	9504,9665	337,262	16862,12692	239	149
5838	1026,1009	6634,6418	945,627	11664,8571	671	149
5840	4,12	25,33	4,7	25,25	252	149
5841	33,48	8,5	52,40	9,12	372	149
5842	3,6	63,85	6,2	101,83	297	149
5844	98,93	0,0	54,33	4,0	1445	149
5846	0,2	3,7	1,0	5,6	526	149
5850	4,15	403,375	14,5	586,441	238	149
5852	5942,6123	859,966	4382,3598	1488,1037	2604	149
5854	0,0	3,9	1,0	1,1	402	149
5861	10,4	52,63	2,1	31,19	337	149
5862	18,23	125,123	20,8	139,105	1077	149
5863	713,685	0,10	1052,751	1,2	2637	149
5864	270,248	84,112	446,328	134,112	2020	149
5865	606,644	1,0	981,687	0,0	2402	149
5866	66,63	2,5	89,52	2,2	410	149
5867	9,14	3,8	13,17	4,4	385	149
5868	42,52	124,125	64,55	352,255	1166	149
5869	10,2	98,68	0,0	0,7	228	149
5870	34,32	290,331	43,21	697,487	326	149
5871	19,19	0,2	23,13	0,2	237	149
5873	374,336	25,24	568,423	20,10	603	149
5874	270,199	1,1	377,295	2,1	398	149
5875	74,69	71,78	54,50	118,83	632	149
5877	59,81	5,5	94,86	5,5	1336	149
5880	3,3	23,27	10,2	56,15	274	149
5881	3,4	9,23	10,2	27,14	285	149
5882	2,9	110,114	7,7	204,121	936	149
5884	24,27	204,201	22,34	307,238	2421	149
5885	6,13	4,0	5,3	0,1	511	149
5888	7,14	131,152	8,4	213,172	1014	149
5889	1,0	2,3	3,1	0,0	482	149
5890	1,0	1,0	3,1	1,2	479	149
5892	47,69	2,0	58,34	0,0	1421	149
5895	105,139	182,161	102,87	303,215	2668	149
5896	8,5	84,80	11,3	102,58	422	149
5897	442,495	41,33	578,398	39,15	471	149
5898	32,29	0,0	43,33	2,0	2752	149
5899	32,31	35,42	42,27	73,44	2605	149
5900	23,23	1,0	32,21	0,0	1915	149
5905	6,8	443,431	13,7	703,481	234	149
5906	24,28	351,417	15,20	556,399	602	149
5907	24,7	431,440	25,14	653,506	1537	149
5908	137,127	5,9	188,160	14,13	563	149
5909	0,1	0,2	0,1	4,2	232	149
5910	0,1	0,0	0,1	1,1	236	149
5913	25,24	2,1	8,11	2,1	1577	149
5915	7,6	415,442	8,10	694,576	349	149
5916	100,127	4,5	98,70	14,11	1098	149
5918	6,13	365,392	20,13	664,510	368	149
5919	0,2	0,2	0,1	0,0	246	149
5925	2,0	0,1	2,1	2,0	287	149
5929	434,407	19,10	595,525	38,16	6224	149
5930	214,310	235,235	268,204	368,298	371	149
5931	52,49	8,9	51,40	9,5	253	149
5932	55,54	196,140	52,46	340,225	269	149
5933	6,2	32,28	6,0	62,42	764	149
5937	18,13	805,828	8,3	1306,834	306	149
5939	62,70	105,152	60,39	125,75	847	149
5941	0,4	2,6	0,0	4,1	230	149
5942	3,13	0,0	1,0	4,2	222	149
5943	7,17	4,4	2,0	3,0	240	149
5945	37,38	85,80	50,28	134,106	298	149
5946	5,9	34,38	7,4	39,34	317	149
5947	11,15	123,87	16,7	172,102	333	149
5948	90,83	92,107	71,67	183,141	427	149
5949	57,59	92,88	80,41	110,85	485	149
5950	39,57	67,70	83,33	120,105	470	149
5956	27,43	259,287	105,62	650,397	234	149
5957	12,10	357,443	9,10	912,606	358	149
5958	0,2	36,60	2,0	40,21	460	149
5967	83,92	1,4	81,62	1,1	3485	149
5968	83,92	1,0	81,62	0,0	3488	149
5969	76,92	36,42	81,69	87,37	314	149
5970	2,2	5,1	0,0	2,1	245	149
5973	72,85	592,857	135,108	1479,873	286	149
5976	4,6	89,77	5,1	114,72	833	149
5977	3,4	103,98	4,2	150,112	771	149
5978	187,188	1,0	324,225	0,0	238	149
5979	38,42	135,144	49,41	250,177	1841	149
5980	0,0	122,119	1,0	191,137	328	149
5981	0,2	4,5	13,0	4,2	755	149
5983	140,105	18,18	89,76	13,6	652	149
5985	28,23	0,1	25,6	0,0	284	149
5986	32,29	2,3	29,8	4,7	406	149
5987	21,19	31,33	19,5	32,24	342	149
5988	2,0	13,11	0,0	27,23	324	149
5990	32,8	0,0	30,24	1,0	872	149
5991	65,50	0,0	66,56	0,2	2224	149
5996	87,78	0,0	80,59	0,1	408	149
5997	87,78	0,0	80,59	0,1	405	149
6000	39,49	182,210	26,13	328,258	239	149
6001	51,59	586,616	51,27	1020,865	229	149
6002	39,48	747,747	31,31	1120,826	242	149
6003	203,265	751,828	152,101	1181,887	1203	149
6004	21,22	736,783	21,18	1185,876	248	149
6005	35,42	698,747	30,23	1222,914	226	149
6006	55,57	684,691	65,49	1279,990	222	149
6007	42,41	625,734	30,21	1351,1118	811	149
6008	61,60	9,2	69,45	2,0	431	149
6009	81,67	813,907	73,47	1613,1221	480	149
6010	109,88	21,33	91,53	16,14	663	149
6011	52,32	874,892	28,9	1690,1229	257	149
6012	55,48	0,2	24,28	2,0	338	149
6013	65,59	1015,1133	38,35	1618,1341	374	149
6015	239,222	260,268	196,160	486,362	1648	149
6016	1224,1375	1,4	1920,1350	1,1	902	149
6017	85,116	10,8	237,130	27,11	234	149
6018	710,616	1818,1854	850,665	4179,2881	2529	149
6021	4,0	0,0	0,0	0,2	480	149
6024	2,0	7,2	1,0	8,2	630	149
6025	225,260	1249,1208	258,214	1937,1376	349	149
6026	53,64	1,0	130,72	0,1	846	149
6032	8,5	0,3	5,1	0,0	2298	149
6033	8,5	3,0	5,1	2,0	2306	149
6035	9,4	43,49	4,0	87,58	1027	149
6036	1,2	4,3	0,2	4,7	440	149
6037	252,247	2178,2321	317,231	4206,2761	230	149
6038	801,862	279,276	538,423	414,309	1790	149
6044	6,5	1,0	3,2	0,0	1516	149
6045	4,5	0,1	6,0	0,0	1227	149
6053	30,31	0,1	43,17	0,0	575	149
6057	63,91	2,0	13,8	0,0	280	149
6058	39,68	448,500	11,5	117,71	276	149
6060	615,723	28,29	985,678	3,8	446	149
6061	10,9	38,57	9,13	67,47	460	149
6064	4,7	11,16	10,5	28,16	1115	149
6066	6,8	44,35	13,14	82,74	2369	149
6067	2,1	12,15	5,10	21,15	1340	149
6068	45,56	689,718	74,63	1138,820	284	149
6070	1,3	1,0	4,0	0,0	446	149
6071	89,71	353,432	44,32	654,442	1355	149
6072	2,4	174,217	6,3	267,179	480	149
6073	17,26	237,265	50,46	425,304	927	149
6074	31,47	6,3	72,69	29,10	936	149
6075	362,403	9,11	545,406	7,5	799	149
6076	91,85	1566,1584	65,57	2669,2336	335	149
6077	27,29	738,743	15,15	1351,1101	396	149
6078	15,13	286,315	7,4	535,316	344	149
6079	14,11	32,33	4,2	47,21	335	149
6080	658,699	269,345	714,577	415,304	961	149
6083	12,27	13,20	8,12	14,13	1074	149
6086	489,557	0,0	837,722	4,0	2297	149
6088	166,166	0,1	176,123	0,0	1580	149
6089	165,164	5,5	175,123	6,2	1575	149
6090	134,147	15,17	152,101	33,16	1515	149
6091	132,146	13,5	152,101	21,7	1512	149
6092	16,22	38,49	12,8	41,23	1734	149
6095	150,134	648,679	171,107	1119,927	1433	149
6096	25,13	727,888	27,22	1251,990	229	149
6097	4,15	152,172	22,7	224,134	603	149
6099	4,2	1,4	6,6	0,0	304	149
6101	287,313	505,536	251,191	1135,767	699	149
6102	136,102	1,1	132,101	0,1	1068	149
6103	136,102	0,2	133,101	0,0	1132	149
6105	13,30	0,1	39,19	0,0	361	149
6106	17,36	2,1	52,29	0,0	388	149
6108	3,3	1,5	4,6	0,0	1710	149
6109	16,23	239,299	18,23	426,264	718	149
6110	62,87	2258,2644	94,88	4520,3367	265	149
6112	6,2	1,2	4,8	1,0	430	149
6114	0,0	2,4	1,0	2,1	1156	149
6117	13,9	67,102	18,18	140,72	1530	149
6128	0,2	1,0	0,0	0,2	359	149
6138	71,72	54,65	84,67	60,70	828	149
6139	21,24	0,5	34,19	3,1	313	149
6140	54,57	5,9	71,47	14,15	677	149
6141	64,66	89,99	105,63	158,126	808	149
6142	5,0	0,1	1,3	4,4	332	149
6148	0,3	2,0	3,0	0,0	914	149
6153	331,356	1142,1205	243,179	1254,892	340	149
6154	34,45	1048,1217	45,17	2023,1506	339	149
6155	77,74	0,5	67,38	3,2	548	149
6156	62,48	78,77	31,32	185,135	283	149
6157	54,42	781,860	26,25	1299,1007	280	149
6159	740,930	341,445	956,782	490,418	681	149
6160	504,565	10,27	748,531	21,12	442	149
6161	11062,12413	1,0	23052,17389	0,0	1321	149
6162	10436,11687	1,0	22198,16771	0,1	799	149
6163	10260,11164	129,189	19550,14907	187,170	2183	149
6164	9540,10276	202,266	18620,14153	287,200	1515	149
6165	8914,9550	9,29	17766,13535	19,13	993	149
6166	754,717	2303,3283	758,639	6395,4699	305	149
6167	228,317	1588,2802	228,181	4675,3371	822	149
6168	222,246	2078,2863	283,202	4491,3506	350	149
6170	408,474	0,3	889,695	1,6	302	149
6171	14,33	6730,7694	27,13	14331,11005	297	149
6172	228,282	6264,7504	331,244	14878,10676	446	149
6173	37,61	0,0	20,21	0,1	349	149
6174	0,2	7,19	5,0	7,12	608	149
6176	7,2	118,113	10,7	186,147	1549	149
6177	3,3	47,43	5,3	46,29	294	149
6178	44,44	1,7	35,41	10,3	288	149
6180	3,2	95,105	10,6	143,131	2820	149
6181	100,131	7,11	107,74	3,1	576	149
6182	15,11	81,92	1,2	69,53	1536	149
6183	12,8	143,131	10,14	186,109	679	149
6184	161,170	55,60	237,153	63,36	262	149
6188	4,6	2,1	9,8	4,7	592	149
6189	13,5	244,212	10,6	492,326	371	149
6190	3972,4068	1,5	4946,3930	3,3	7611	149
6191	4,2	4,4	2,7	2,3	225	149
6192	6,12	1,5	10,13	3,2	609	149
6196	8,10	35,52	20,13	81,60	457	149
6198	8,13	93,95	10,9	130,116	423	149
6199	47,37	88,75	54,17	183,130	4374	149
6201	1,6	6,4	6,5	2,7	3686	149
6203	571,554	0,2	802,583	0,0	824	149
6206	2,1	109,131	5,0	147,102	615	149
6215	94,88	405,335	99,87	237,234	586	149
6216	72,100	202,269	75,61	186,120	461	149
6223	67,66	43,61	108,88	129,96	456	149
6224	108,141	57,45	181,104	86,69	1376	149
6227	16,14	52,32	40,23	66,49	230	149
6228	134,159	3,3	223,130	2,2	1944	149
6231	23,13	45,27	31,16	73,45	508	149
6233	35,57	40,49	48,48	69,54	2355	149
6237	12,14	0,1	26,14	2,2	3187	149
6238	11,11	0,0	24,10	1,0	3180	149
6239	11,11	44,46	22,10	110,84	3178	149
6240	233,294	15,17	225,173	17,13	704	149
6241	11,12	11,13	8,1	27,23	209	149
6242	25,19	832,775	22,21	1376,1134	230	149
6243	33,31	418,519	21,27	543,347	235	149
6245	26,30	95,84	30,19	175,110	330	149
6254	28,57	4,1	25,38	3,0	743	149
6259	22,39	4,8	21,34	7,6	464	149
6260	28,57	0,0	25,38	1,2	746	149
6262	24,45	0,1	24,34	0,0	586	149
6266	2,2	21,13	0,2	20,11	3097	149
6267	4,17	2,4	4,10	1,1	269	149
6269	109,128	564,487	127,79	732,561	4052	149
6271	43,49	0,1	40,23	0,0	2631	149
6277	16,18	4,0	11,14	0,0	259	149
6279	0,2	4,8	6,2	2,3	419	149
6282	5,0	3,3	2,2	6,5	610	149
6283	11,17	209,180	20,13	393,250	227	149
6284	10,12	1,0	15,16	5,0	296	149
6285	14,19	172,198	24,22	389,283	315	149
6286	20,24	0,3	36,19	8,5	706	149
6287	11,14	181,188	26,4	425,280	452	149
6288	124,121	5,3	184,152	0,1	1254	149
6289	29,29	180,160	23,21	364,266	508	149
6290	195,190	0,4	400,288	1,1	626	149
6291	170,172	2,3	325,224	3,0	416	149
6292	49,47	4,4	70,43	5,5	339	149
6293	23,29	175,202	43,18	358,270	323	149
6295	32,37	211,213	47,24	335,267	505	149
6299	101,96	34,47	95,68	34,16	780	149
6301	17,9	8,5	19,6	5,8	289	149
6302	6,9	4,2	17,8	1,0	2836	149
6303	8,10	11,9	17,9	15,11	2881	149
6304	39,58	63,68	36,23	176,67	433	149
6305	54,47	0,0	58,28	2,0	1338	149
6306	67,64	74,102	78,33	139,116	1629	149
6307	17,12	143,127	14,9	171,133	226	149
6315	37,54	3,4	26,31	5,2	486	149
6317	110,122	37,61	123,113	56,49	1075	149
6318	127,140	1,0	150,132	5,0	1115	149
6319	108,118	0,1	115,108	0,0	1022	149
6320	123,132	2,2	132,127	0,0	1107	149
6321	8,17	34,55	12,8	27,11	913	149
6322	49,28	31,44	65,38	32,36	497	149
6323	63,64	20,20	65,73	29,11	203	149
6324	73,86	152,173	68,55	364,260	460	149
6325	13,7	252,255	5,0	689,519	533	149
6326	32,43	329,339	62,45	862,601	307	149
6327	193,225	0,1	381,258	2,3	227	149
6328	3,4	8,14	9,8	8,3	351	149
6329	4,5	83,106	7,1	143,130	468	149
6330	15,24	57,72	26,17	103,67	497	149
6331	42,35	112,119	39,6	178,119	391	149
6332	100,96	13,9	108,65	4,0	495	149
6333	16,13	5,1	5,4	4,2	329	149
6334	14,11	74,74	3,3	117,81	323	149
6335	6,12	72,74	4,5	142,93	350	149
6336	16,18	40,49	12,7	104,55	583	149
6337	47,86	64,74	126,83	87,60	460	149
6339	73,116	0,1	157,120	0,0	529	149
6340	54,98	0,0	137,97	2,1	489	149
6341	54,85	2,1	125,85	0,1	432	149
6343	1,8	0,1	0,0	0,2	528	149
6349	0,0	0,4	1,0	1,0	250	149
6352	0,2	11,14	0,0	5,0	388	149
6353	15,28	23,39	9,9	21,11	2081	149
6354	5,2	53,83	5,0	61,48	217	149
6355	97,148	42,73	116,44	55,24	2209	149
6356	121,133	2,0	240,184	0,0	396	149
6358	181,162	891,911	147,115	1214,943	2750	149
6359	14,22	178,179	15,15	234,170	241	149
6360	2,2	76,99	2,1	137,72	243	149
6361	9,7	791,807	6,1	1029,728	350	149
6362	383,404	0,0	563,388	1,0	319	149
6363	14,24	650,717	28,16	953,703	259	149
6364	5,7	617,718	16,4	936,555	1164	149
6365	34,28	608,641	20,10	1044,733	1194	149
6366	33,35	9,6	32,19	0,0	2833	149
6367	4,7	638,654	14,12	1007,696	1711	149
6368	19,25	697,680	30,37	1079,782	381	149
6371	22,24	2,7	10,6	2,0	364	149
6372	21,16	2,0	10,4	0,2	290	149
6376	2,0	6,8	2,2	8,3	326	149
6378	5,5	12,17	5,5	17,13	387	149
6379	4,2	1,0	4,2	1,2	307	149
6383	0,1	21,23	1,2	18,12	326	149
6389	12,2	0,2	4,2	2,0	725	149
6392	9,25	7,9	12,6	5,5	908	149
6395	17,12	0,0	9,6	1,0	275	149
6396	18,15	4,15	9,6	4,5	289	149
6397	18,14	2,0	9,4	1,0	249	149
6400	39,36	1,0	32,23	0,0	450	149
6406	325,379	0,0	421,307	4,0	867	149
6410	129,134	1,5	74,84	0,0	801	149
6415	51,72	2,2	58,43	1,0	481	149
6418	2,2	1,0	0,1	3,1	411	149
6424	0,1	2,0	1,0	0,0	240	149
6426	0,2	0,5	0,0	2,2	296	149
6428	0,1	1,0	0,0	0,2	451	149
6430	0,1	8,2	3,1	3,2	454	149
6432	33,27	81,76	15,19	105,56	2015	149
6434	0,2	17,16	0,1	10,8	238	149
6435	2,6	27,45	4,3	55,21	236	149
6436	3,4	57,66	6,1	70,53	383	149
6437	4,4	65,85	0,3	95,67	253	149
6438	11,19	8,7	6,8	16,7	1928	149
6439	14,24	3,7	14,10	3,6	722	149
6440	309,244	120,105	407,354	168,127	2272	149
6441	258,255	8,7	330,238	5,4	248	149
6442	16,18	0,1	24,18	2,0	2129	149
6443	11,9	107,85	17,12	146,140	2125	149
6444	51,41	3,3	93,63	0,1	2209	149
6445	9,10	1,1	15,9	1,1	1022	149
6447	9,10	13,20	15,9	16,11	1040	149
6448	9,10	0,0	15,9	2,0	1060	149
6449	9,10	0,0	15,9	1,0	1076	149
6450	9,10	0,1	15,9	0,2	1080	149
6451	2,7	105,114	1,6	106,55	265	149
6452	46,53	93,125	55,31	158,111	2129	149
6453	44,36	1,3	23,20	6,1	4779	149
6454	22,9	0,2	21,4	0,0	224	149
6457	127,90	11,12	120,88	2,6	866	149
6458	144,166	76,72	127,91	42,33	429	149
6459	147,172	18,22	131,94	6,16	440	149
6460	329,376	3,9	272,198	8,4	662	149
6461	4,2	1,0	6,6	0,0	1225	149
6463	52,54	0,2	42,35	0,0	3600	149
6466	62,83	17,32	82,80	37,18	1473	149
6470	0,1	5,27	1,2	8,9	244	149
6476	143,156	1,0	107,104	1,1	322	149
6478	16,13	289,353	48,30	409,370	341	149
6479	74,62	0,1	54,70	2,0	367	149
6480	74,62	1261,1610	54,70	2939,1850	355	149
6481	4,6	60,62	19,6	94,79	2962	149
6482	18,15	35,26	8,7	36,16	486	149
6483	131,123	2,0	342,225	0,0	233	149
6486	282,318	25,22	384,324	15,6	241	149
6487	285,324	5,1	393,334	2,1	246	149
6493	4,4	64,71	4,2	122,86	314	149
6494	1,2	6,4	7,4	3,1	672	149
6495	6,14	17,13	8,8	26,17	1081	149
6499	343,421	47,48	77,43	0,0	236	149
6501	358,440	15,29	79,43	2,0	240	149
6502	75,67	11,17	31,11	1,0	240	149
6504	0,3	5,2	1,0	1,1	492	149
6506	280,313	4,1	666,467	0,0	745	149
6507	289,318	0,2	682,479	1,3	776	149
6508	15,10	165,189	16,19	318,226	408	149
6510	32,25	0,0	54,34	0,1	745	149
6516	7,9	19,16	20,17	60,31	932	149
6518	0,2	4,0	0,0	0,3	2726	149
6520	0,0	2,3	2,0	2,0	853	149
6526	2,0	2,0	0,4	0,0	4774	149
6533	0,2	273,321	6,4	264,171	929	149
6537	2,4	2,0	4,0	0,1	846	149
6538	3,13	37,42	5,2	88,61	1157	149
6539	1,9	2,2	1,2	0,0	310	149
6540	13,25	39,30	25,16	65,22	880	149
6541	50,46	42,31	70,50	44,32	1556	149
6549	1126,1208	1219,1215	1855,1322	1430,1180	1144	149
6562	77,104	354,501	37,46	477,328	416	149
6563	11,5	0,5	6,7	0,0	243	149
6565	28,37	131,147	39,17	163,143	1236	149
6566	4,8	15,8	26,5	8,4	493	149
6571	169,232	21,15	333,263	21,9	1861	149
6572	1,7	210,190	1,1	226,133	227	149
6573	92,65	6,2	18,6	0,0	589	149
6575	3,4	47,77	2,2	98,37	241	149
6576	8,2	73,47	1,3	50,13	352	149
6579	402,419	0,2	365,305	0,0	1959	149
6581	9,4	2,0	6,3	0,0	489	149
6582	82,73	137,124	100,53	154,73	235	149
6583	251,255	21,23	243,132	11,6	535	149
6584	43,25	462,436	21,23	560,402	1698	149
6585	111,88	6,12	106,87	7,5	1722	149
6586	11,7	557,582	31,7	854,663	1426	149
6587	52,57	561,633	68,41	1062,816	1821	149
6588	50,56	3,1	61,40	1,1	1768	149
6589	6,9	341,419	12,9	583,415	1398	149
6592	2,1	0,2	10,7	0,0	797	149
6594	5,12	263,405	8,7	541,285	285	149
6595	2,5	0,0	6,0	2,0	272	149
6596	4,7	3,5	8,1	4,7	341	149
6600	6,0	1,1	3,2	1,0	406	149
6603	10,0	0,4	4,2	5,0	740	149
6605	17,14	0,2	2,0	0,0	246	149
6606	65,77	0,5	96,39	1,6	1119	149
6607	4,0	10,19	0,2	2,2	386	149
6609	1,8	8,11	4,0	0,2	755	149
6610	5,11	86,67	0,2	46,30	804	149
6611	8,14	0,1	4,6	0,0	1819	149
6612	0,0	1,2	4,2	1,0	4039	149
6617	230,221	16,30	313,213	45,22	1090	149
6618	159,156	1,2	213,146	0,0	870	149
6619	8,11	117,100	19,9	112,91	467	149
6621	30,32	35,34	36,24	25,24	1500	149
6622	22,21	46,32	17,15	76,44	1038	149
6624	87,58	1,2	110,64	0,0	242	149
6631	76,78	0,1	98,63	0,0	225	149
6633	11,42	0,0	66,35	1,0	340	149
6642	19,17	192,215	9,20	295,195	238	149
6643	1,1	72,91	2,2	78,87	245	149
6644	8,12	40,32	6,19	62,58	423	149
6645	0,2	0,2	0,0	2,1	426	149
6646	139,183	433,506	123,96	1230,1103	616	149
6647	149,193	4755,5813	136,113	13817,11032	619	149
6648	198,274	5,0	189,168	4,0	215	149
6650	198,274	28,31	189,168	27,14	219	149
6651	202,281	0,0	196,175	1,0	224	149
6652	199,275	0,0	189,168	1,1	245	149
6653	21,40	5,5	27,8	5,2	221	149
6654	29,45	32,49	44,35	40,22	271	149
6656	124,168	5,7	182,120	1,0	351	149
6657	134,188	0,3	197,124	0,0	506	149
6658	125,175	5,6	183,120	9,1	359	149
6659	135,193	1,0	196,124	0,0	481	149
6660	112,155	3,7	163,99	12,4	229	149
6661	249,323	3,2	298,193	0,0	1014	149
6662	239,305	2,6	285,189	2,2	892	149
6663	110,114	4,7	99,68	3,0	507	149
6664	109,111	38,61	99,68	72,21	503	149
6667	107,137	1194,1214	78,53	1148,936	2065	149
6668	163,200	64,78	133,121	64,57	2074	149
6669	476,530	242,304	373,262	281,169	3245	149
6681	466,461	157,177	380,314	209,113	1701	149
6682	8,0	4,4	7,7	2,4	218	149
6683	0,2	9,5	4,2	3,2	1641	149
6685	0,6	11,5	5,2	4,2	1385	149
6686	8,14	3,1	2,2	2,0	2379	149
6687	2,2	0,1	0,1	1,0	1575	149
6690	2,9	0,2	8,8	0,0	742	149
6694	10,12	824,828	23,12	1451,1020	237	149
6703	5,6	0,0	0,2	1,0	919	149
6707	5,6	2,0	0,2	0,0	907	149
6709	48,36	1,2	64,48	0,0	347	149
6716	1,2	26,32	1,0	6,5	1026	149
6718	4647,4623	41,35	8750,6252	39,14	2889	149
6719	7,10	754,867	25,15	1793,1265	344	149
6720	0,4	3,7	0,1	10,9	309	149
6725	2,0	4,2	1,1	2,0	234	149
6726	5935,6003	2,1	9382,6704	0,0	7760	149
6727	3196,3889	22,31	4308,3396	32,23	251	149
6728	176,156	2552,2847	222,167	3591,2746	447	149
6729	78,81	1921,2230	60,56	3076,2256	1109	149
6730	436,528	2,1	667,460	2,0	1132	149
6731	238,249	1716,1964	156,113	2509,1857	2135	149
6732	5,6	737,706	2,5	1272,860	372	149
6733	127,152	0,3	81,83	2,0	4358	149
6734	10,26	918,842	24,21	1534,1075	695	149
6736	1,1	57,71	15,1	135,100	1213	149
6737	48,61	123,166	55,36	207,179	814	149
6738	74,77	1160,1192	186,120	2399,1903	322	149
6739	83,108	2,0	141,115	0,0	1411	149
6744	110,119	6977,7806	200,151	24243,15718	1724	149
6745	175,164	651,612	113,85	989,715	2900	149
6746	15,21	0,2	30,19	2,1	680	149
6752	42,51	58,82	34,19	102,79	384	149
6763	36,39	0,1	37,30	0,0	866	149
6764	36,39	1,1	37,30	1,0	880	149
6765	15,23	127,119	14,5	145,135	286	149
6766	89,103	395,431	65,56	674,506	818	149
6767	134,170	10,9	176,109	17,18	848	149
6768	562,773	43,51	1113,720	77,44	1136	149
6769	23,27	465,508	13,13	747,568	455	149
6772	4,6	0,0	2,1	0,2	237	149
6773	43,24	208,187	22,19	308,233	976	149
6774	43,61	2,0	105,66	0,0	2099	149
6775	22,40	10,10	61,46	12,4	1974	149
6779	53,46	1,6	61,57	5,5	278	149
6781	10,31	0,2	19,21	2,0	639	149
6782	531,643	454,777	575,370	748,410	330	149
6783	594,813	0,3	633,397	0,0	365	149
6784	1268,1403	68,81	2127,1514	86,80	300	149
6785	1275,1414	30,34	2132,1519	38,39	310	149
6787	110,133	0,2	98,75	0,0	1099	149
6788	229,202	223,284	153,97	281,128	1346	149
6789	72,61	137,225	45,35	142,78	243	149
6790	116,135	201,215	109,66	283,209	649	149
6791	162,162	81,63	131,82	51,28	830	149
6792	226,281	124,148	265,196	118,92	697	149
6793	272,308	39,23	287,212	12,8	878	149
6794	24,66	488,545	20,30	586,496	292	149
6795	176,183	395,438	126,85	593,398	1104	149
6798	46,78	0,1	37,20	2,0	272	149
6804	3,8	4,9	2,5	10,11	260	149
6805	24,65	16,11	36,16	15,10	695	149
6806	10,0	61,62	0,0	106,70	1634	149
6818	31,39	0,5	46,43	2,4	873	149
6820	8,16	1,9	9,13	0,10	264	149
6823	22,25	0,0	17,20	1,0	292	149
6834	3113,3427	15,10	7525,5102	9,9	4852	149
6836	5,0	4,9	0,0	8,1	224	149
6837	90,73	336,337	104,92	771,500	270	149
6838	64,61	113,133	65,46	237,192	471	149
6839	35,42	358,310	53,26	691,450	292	149
6841	26,12	82,91	10,5	95,74	456	149
6842	1,2	52,62	4,1	38,32	276	149
6843	65,74	1392,1359	80,56	1666,1259	1293	149
6844	3226,3053	22,11	4128,2822	6,10	251	149
6849	5,9	0,0	2,2	2,0	242	149
6850	5,9	0,0	2,2	1,4	238	149
6851	5,9	1,0	2,2	1,0	245	149
6853	39,26	124,178	28,19	212,161	2593	149
6854	17,26	20,30	16,24	43,36	1187	149
6855	21,36	71,126	29,33	165,108	1202	149
6856	9,5	739,919	5,3	1270,938	244	149
6858	5,3	69,70	5,0	96,85	390	149
6861	19,30	136,104	21,17	90,74	348	149
6862	1,1	39,34	3,1	43,22	225	149
6863	24,23	40,55	7,8	36,28	354	149
6865	13,20	286,297	10,8	502,346	432	149
6866	159,153	0,1	131,113	0,0	1402	149
6868	157,152	1,0	128,112	0,2	1376	149
6870	15,17	8,4	8,6	4,2	417	149
6871	21,18	102,74	6,0	1,11	233	149
6872	26,21	145,123	4,3	12,6	253	149
6873	105,105	92,119	21,8	5,4	252	149
6874	43,32	1,14	39,38	8,7	414	149
6875	13,11	1,4	31,18	14,12	233	149
6877	1,3	5,28	2,1	8,17	227	149
6879	3,0	15,18	3,2	14,14	226	149
6881	445,466	8,9	487,255	0,2	276	149
6882	11,15	263,238	11,13	237,214	668	149
6883	12,5	261,234	1,10	248,188	334	149
6884	10,2	3,3	0,8	1,0	302	149
6885	99,108	221,203	86,59	206,157	385	149
6886	141,190	17,12	110,77	1,3	817	149
6887	67,82	1,6	47,40	2,3	199	149
6888	286,359	1,0	237,174	0,0	1355	149
6889	217,283	147,142	162,119	181,113	1044	149
6890	83,85	259,268	44,58	261,204	385	149
6891	14,18	294,260	6,12	362,248	224	149
6892	15,13	0,1	6,5	0,0	314	149
6894	11,23	281,367	7,5	394,251	232	149
6896	115,108	1215,1284	123,83	2227,1519	325	149
6898	0,0	2,0	3,2	0,1	228	149
6899	2,3	3,2	0,4	3,7	727	149
6912	38920,43165	6940,7396	58397,39768	10304,8092	1289	149
6914	26,33	189,179	25,31	300,195	1406	149
6915	38,32	198,194	37,35	301,218	420	149
6916	28,24	0,0	25,22	0,1	279	149
6917	161,159	22,8	210,171	13,6	481	149
6918	71,82	167,195	81,59	319,220	1163	149
6919	69,80	0,2	80,58	0,0	1158	149
6922	79,91	19,9	88,59	1,3	1393	149
6923	9,9	242,242	7,1	295,231	244	149
6924	21,37	4,0	24,16	0,0	386	149
6925	28,46	5,2	32,19	0,2	288	149
6926	30,46	73,111	33,19	81,44	308	149
6927	0,6	55,81	7,2	65,22	367	149
6928	19,48	2,4	28,20	0,0	573	149
6933	39,47	240,177	66,39	210,182	542	149
6934	20,41	0,4	52,33	0,0	522	149
6935	17,15	1,0	14,8	0,0	315	149
6936	18,32	2,2	31,12	0,0	526	149
6937	18,32	2,4	31,12	1,1	606	149
6942	0,1	5,10	0,0	6,5	233	149
6944	21,9	16,27	41,28	18,19	360	149
6947	1,5	12,47	0,2	30,21	258	149
6948	48,53	4,2	26,24	4,0	1860	149
6949	234,330	4,2	247,162	0,0	724	149
6950	67,59	5,0	50,21	2,2	530	149
6951	12,15	211,204	16,6	342,238	1037	149
6952	4,3	183,194	1,0	329,204	318	149
6953	835,850	1,0	1343,873	0,0	260	149
6954	18,22	365,445	44,21	627,475	233	149
6956	342,390	0,0	599,541	4,0	435	149
6957	357,403	237,217	621,569	273,226	454	149
6958	629,688	18,16	1007,923	7,13	607	149
6959	631,689	91,74	1008,923	116,74	613	149
6960	10,1	42,80	2,1	71,51	228	149
6961	14,9	0,2	10,14	0,0	502	149
6963	2,4	33,24	9,7	28,14	408	149
6966	1,6	17,15	2,0	30,22	225	149
6967	25,14	0,1	31,24	0,0	270	149
6969	138,162	460,568	149,109	939,580	754	149
6973	3,2	147,142	1,0	306,190	319	149
6974	6,12	113,113	6,4	184,130	613	149
6976	5,6	11,13	4,3	11,15	337	149
6978	0,2	1,4	1,0	2,5	256	149
6985	0,2	2,4	0,0	3,0	416	149
6987	2,6	8,0	0,0	1,0	982	149
6988	72,99	173,226	100,67	303,242	376	149
6989	61,77	15,8	84,51	6,6	309	149
6990	34,48	190,195	49,25	267,207	238	149
6991	13,7	334,321	7,10	546,373	472	149
6992	29,24	227,223	21,19	354,258	397	149
6993	211,222	0,0	360,300	3,0	469	149
6994	31,47	324,336	60,30	533,375	1029	149
6995	309,344	1,0	462,295	2,1	1134	149
6996	100,111	314,334	88,39	493,303	1513	149
6997	48,29	301,290	30,19	517,357	254	149
6998	186,206	16,4	157,79	6,5	2118	149
6999	87,100	2,6	71,42	1,0	651	149
7000	67,91	416,380	62,39	595,418	450	149
7001	52,49	440,447	54,40	719,493	401	149
7002	175,190	4,1	204,157	0,0	842	149
7003	107,117	326,322	109,86	655,453	435	149
7004	386,409	0,2	560,385	1,0	930	149
7005	318,336	3,2	465,314	6,2	523	149
7006	7,10	0,1	9,8	0,0	1641	149
7007	9,10	64,78	10,8	119,82	1827	149
7013	12,20	279,273	10,14	416,318	1022	149
7014	10,23	0,3	13,10	0,0	463	149
7023	104,75	292,296	105,61	446,332	713	149
7024	16,18	1271,1380	35,24	2627,1855	931	149
7025	25,14	0,2	18,17	0,0	1990	149
7026	20,9	1414,1442	8,12	2425,1963	1080	149
7027	16,18	1441,1531	18,23	2943,2003	1576	149
7028	2,0	968,1017	2,1	2166,1542	1052	149
7029	0,2	1,0	11,3	0,1	687	149
7030	1,2	1094,1188	12,3	2346,1648	794	149
7031	22,38	3,1	32,23	0,0	259	149
7032	37,61	1,0	44,31	0,0	320	149
7034	51,61	29,25	64,47	28,19	453	149
7035	900,992	7,6	1257,874	5,3	1921	149
7036	4,15	0,2	19,7	1,1	747	149
7037	14,11	95,136	11,8	251,129	369	149
7041	1,0	50,47	0,2	67,63	608	149
7042	14,16	73,75	35,15	118,93	711	149
7044	41,47	0,1	28,34	0,0	1173	149
7045	10,6	35,52	6,4	53,29	329	149
7046	5,2	3,8	0,1	4,0	541	149
7050	2,0	0,0	0,0	1,0	359	149
7053	207,168	164,152	259,178	351,232	249	149
7054	104,64	33,41	180,109	95,46	246	149
7055	66,33	131,150	94,45	328,260	220	149
7056	31,38	221,226	76,47	477,392	226	149
7061	2,2	0,0	4,0	1,0	486	149
7062	7,13	1,0	17,17	0,0	2832	149
7068	1,2	0,0	0,0	2,0	408	149
7070	33,34	4,8	41,29	2,0	534	149
7071	8,1	4,8	17,12	0,0	272	149
7074	2,5	57,91	1,2	118,67	229	149
7076	2,0	109,108	1,1	177,146	240	149
7077	46,46	1,0	72,63	1,0	343	149
7078	17,19	3,0	19,14	5,3	315	149
7079	20,27	10,2	28,21	3,0	340	149
7081	5,2	0,2	1,3	0,0	233	149
7082	28,47	583,625	33,27	757,581	229	149
7083	53,66	277,234	38,26	360,244	415	149
7084	125,126	3,4	76,61	5,1	555	149
7085	100,100	681,633	61,54	1031,748	223	149
7086	102,160	1159,1296	106,76	1898,1472	242	149
7087	2294,2173	897,848	2410,2008	1560,1144	416	149
7088	242,303	6,3	387,274	3,4	258	149
7089	122,142	1421,1604	126,90	2928,2225	241	149
7090	12,27	443,806	19,4	670,416	235	149
7091	17,33	35,45	23,7	27,22	239	149
7095	20,23	6,5	18,12	2,3	605	149
7096	71,68	14,7	110,104	18,16	520	149
7097	134,149	2,0	69,58	0,0	3571	149
7098	17,23	24,17	19,14	21,14	811	149
7099	17,24	8,7	19,14	3,3	814	149
7103	37,39	102,104	21,19	106,51	393	149
7104	98,117	42,64	75,59	33,23	243	149
7106	306,326	78,99	284,167	179,135	1938	149
7108	132,182	277,306	124,109	465,353	879	149
7109	123,177	1,5	170,160	12,0	1142	149
7110	86,129	174,200	97,89	345,247	1110	149
7111	2,8	17,14	2,1	12,3	247	149
7113	133,147	111,74	125,123	160,96	343	149
7114	178,228	6,0	178,147	0,0	645	149
7115	243,244	0,0	177,117	2,0	877	149
7116	472,540	0,2	419,301	0,0	1913	149
7117	284,292	19,32	236,151	34,19	1090	149
7118	248,263	0,0	185,124	1,1	888	149
7119	253,264	7,15	187,126	16,15	902	149
7123	12,18	131,154	0,10	312,253	995	149
7124	338,298	29,28	442,334	8,4	231	149
7125	3,0	2,2	0,2	5,2	270	149
7126	22,13	1213,1253	51,54	2748,2072	454	149
7127	106,97	2,3	168,96	6,3	376	149
7128	14,14	4,7	8,1	0,1	5850	149
7129	21,28	317,284	35,18	558,455	878	149
7130	18,24	106,112	26,13	157,83	664	149
7131	7,12	1,2	14,7	0,0	872	149
7132	7,15	189,172	18,7	310,199	1039	149
7133	157,142	6769,7581	187,134	10962,7398	775	149
7144	185,242	1200,1338	109,94	1118,745	557	149
7145	98,72	1289,1251	40,20	796,576	441	149
7146	20,21	1292,1331	8,7	998,786	404	149
7147	515,477	263,241	369,272	213,167	482	149
7148	1326,1292	0,7	1013,755	0,0	562	149
7149	2359,2233	10,19	1529,1062	1,5	266	149
7150	2084,2294	290,274	1558,1099	212,143	296	149
7151	1708,1827	139,141	1526,924	78,62	285	149
7157	24,37	79,66	56,44	65,51	926	149
7158	7,13	4,0	1,0	0,0	234	149
7159	27,33	41,55	5,0	3,2	234	149
7160	14,15	486,489	33,16	904,679	364	149
7161	7,6	0,0	21,14	1,0	322	149
7163	36,60	465,469	70,65	922,668	612	149
7164	3,5	309,404	5,1	683,417	538	149
7166	52,78	331,342	45,44	374,296	661	149
7167	210,241	8,3	218,204	3,0	366	149
7168	48,57	357,377	36,47	358,349	295	149
7169	13,7	390,460	16,11	689,539	235	149
7170	3,10	51,113	4,1	103,48	270	149
7171	7,12	0,1	5,1	0,0	848	149
7172	4,11	8,17	3,0	9,4	376	149
7173	6,20	0,0	13,2	1,0	474	149
7174	6,16	55,73	4,1	74,55	451	149
7175	51,55	46,38	37,32	57,38	1005	149
7176	38,36	4,24	18,15	6,5	769	149
7177	2,1	23,40	0,0	27,11	233	149
7178	138,157	77,93	183,140	105,48	274	149
7180	2,2	129,126	1,1	227,181	851	149
7181	4,4	208,247	2,2	413,290	216	149
7182	2,3	50,43	3,0	62,56	1044	149
7183	0,2	1,0	1,4	0,0	3222	149
7185	1,2	39,30	1,4	59,48	3383	149
7186	64,82	1,1	117,89	1,2	289	149
7187	3,1	291,307	5,1	547,440	231	149
7188	12,11	284,369	6,2	538,468	1033	149
7189	9,14	264,287	9,17	424,395	3050	149
7190	59,95	333,368	71,46	486,423	280	149
7191	67,88	20,15	83,39	30,18	481	149
7192	1083,983	1,0	1763,1388	1,3	429	149
7193	191,246	6,6	251,142	11,5	4291	149
7194	18,3	295,347	6,4	365,268	2355	149
7195	0,0	30,59	1,0	54,37	231	149
7196	110,103	12,4	168,149	13,15	2689	149
7197	233,244	1,0	512,323	0,0	482	149
7199	38,47	5,8	83,66	5,7	234	149
7202	4,0	4,3	2,0	0,0	961	149
7203	12,20	4,5	19,18	3,4	265	149
7204	19,25	292,328	30,6	512,344	258	149
7205	30,34	416,432	26,23	801,639	1171	149
7207	7,9	2,0	4,2	0,0	900	149
7210	9,12	1,3	20,19	6,5	602	149
7212	9,14	0,2	20,19	0,0	666	149
7215	10,20	1,0	22,19	0,0	766	149
7221	6,8	22,17	24,14	33,27	1187	149
7222	6,10	0,10	25,15	0,4	1191	149
7224	26,22	6,6	14,17	6,7	1680	149
7226	32,25	20,42	19,29	51,41	1754	149
7229	6,25	52,44	5,11	70,64	234	149
7235	0,0	15,8	0,1	22,16	3877	149
7236	8,1	1,0	0,4	0,0	7929	149
7237	8,1	44,41	0,4	61,32	4072	149
7238	187,201	1187,1222	201,144	1594,1245	260	149
7239	53,56	20,18	69,36	17,14	759	149
7240	39,26	6,10	52,22	3,4	584	149
7244	13,32	45,69	14,7	63,39	442	149
7245	11,10	113,112	14,10	192,125	428	149
7247	1,2	2,0	0,0	3,0	229	149
7248	227,219	837,723	249,220	1885,1363	306	149
7249	201,230	871,966	424,270	2581,1905	284	149
7250	0,8	132,125	9,10	244,205	1098	149
7252	10,20	145,215	20,18	356,267	754	149
7253	12,20	3,7	22,18	18,6	2017	149
7254	4,2	153,189	7,2	345,311	1311	149
7255	43,34	0,2	46,28	1,1	1592	149
7259	599,607	21,24	927,702	11,5	237	149
7260	31,14	0,3	33,26	0,5	253	149
7261	32,14	399,397	34,26	710,560	257	149
7263	2,1	1,1	0,0	1,4	895	149
7264	49,48	402,379	27,26	710,572	223	149
7267	36,60	430,387	28,35	762,599	243	149
7268	63,102	0,1	96,83	0,0	263	149
7269	41,33	317,314	49,23	611,548	268	149
7270	65,72	250,293	70,62	565,452	341	149
7271	22,18	462,468	22,17	751,586	256	149
7272	132,132	2,0	265,270	0,0	289	149
7274	58,72	294,335	66,49	561,456	370	149
7275	51,54	6,0	55,39	0,0	348	149
7284	2,3	55,49	7,16	56,57	1028	149
7287	22,28	1374,1451	37,19	2391,1889	463	149
7288	38,40	1,0	53,29	1,0	636	149
7289	25,27	731,815	41,28	1398,1004	232	149
7290	32,38	0,0	47,35	0,1	416	149
7291	13,26	222,340	29,17	793,440	237	149
7292	170,230	13,10	407,293	28,27	309	149
7293	76,71	1332,1538	102,76	2320,1950	242	149
7295	24,30	389,377	17,6	668,454	641	149
7297	3,3	0,0	1,0	1,0	462	149
7301	1,3	1,0	0,2	6,0	230	149
7307	6,12	10,14	6,2	19,14	4027	149
7309	0,0	5,1	2,1	2,3	496	149
7311	119,156	10,6	191,153	4,1	261	149
7313	453,510	40,42	746,544	33,26	1665	149
7314	248,241	3,9	332,279	1,2	1074	149
7321	28,12	344,390	52,33	999,720	3066	149
7322	15,5	0,2	36,16	0,0	2925	149
7326	0,3	0,0	2,0	0,2	318	149
7328	541,571	5,7	745,563	4,6	1565	149
7329	456,475	7,12	673,497	5,1	1413	149
7330	697,789	2,3	1164,1008	14,12	399	149
7331	57,66	132,120	123,78	214,115	888	149
7332	35,46	131,118	58,42	217,128	441	149
7333	11,8	150,156	15,8	226,163	327	149
7334	10,6	4,1	7,5	0,1	1145	149
7335	0,1	2,9	0,0	0,6	223	149
7336	0,8	17,32	5,0	15,17	242	149
7339	285,260	169,207	248,151	216,179	750	149
7340	0,2	0,0	0,0	1,0	446	149
7342	246,200	0,0	183,156	0,1	718	149
7343	246,201	3,14	183,157	10,3	731	149
7344	63,45	625,626	47,34	1325,1236	394	149
7348	103,128	1582,1720	101,70	2096,1728	982	149
7349	147,143	1461,1514	113,105	2267,1785	945	149
7350	8,16	1098,1171	19,15	1846,1500	473	149
7351	3,6	110,126	2,4	169,105	764	149
7352	2592,2877	25,36	4503,3142	4,5	393	149
7354	31,36	0,1	35,15	0,0	3314	149
7355	2,4	4,0	0,4	2,0	410	149
7356	41,37	413,410	14,12	321,269	224	149
7357	3,2	24,23	0,2	39,21	743	149
7359	4,2	104,116	7,1	150,102	730	149
7360	70,52	1,0	47,42	0,0	2257	149
7362	20,23	90,104	27,28	185,141	262	149
7363	24,34	0,1	29,15	0,0	490	149
7364	19,24	6,10	24,14	9,2	415	149
7365	9,8	30,18	5,3	31,16	246	149
7370	29,41	0,4	58,27	5,1	287	149
7371	32,44	71,55	66,32	110,77	309	149
7373	1039,977	26,32	1201,902	1,10	580	149
7374	2817,3065	28,34	3337,2403	37,21	1962	149
7375	3059,3306	6,7	3609,2645	14,8	2073	149
7376	1770,1982	3,5	2138,1560	4,3	1363	149
7379	6,5	1,0	0,4	0,0	1900	149
7381	54,51	5,1	45,52	2,1	1832	149
7382	65,69	172,166	52,60	181,104	1974	149
7383	45,59	1,0	29,32	0,0	1365	149
7385	96,96	2,7	82,59	3,2	292	149
7386	31,31	587,589	24,30	1114,850	352	149
7388	58,66	571,635	57,34	957,736	987	149
7389	664,669	6,13	716,537	4,4	1490	149
7390	20,10	75,153	2,4	105,55	513	149
7392	22,36	127,121	13,12	169,113	546	149
7394	488,586	100,93	553,395	65,68	2044	149
7395	2233,2479	0,0	2365,1749	4,0	5663	149
7396	2206,2445	38,24	2346,1730	46,56	5648	149
7397	2168,2401	2,2	2305,1693	12,7	5625	149
7399	58,42	22,44	98,57	63,52	506	149
7401	88,86	2,0	126,98	0,0	544	149
7403	201,218	0,1	311,234	0,0	949	149
7404	187,205	2,2	298,226	5,2	882	149
7406	32,38	11,4	49,56	3,9	242	149
7408	78,67	212,241	62,36	335,232	230	149
7409	3,18	339,342	11,8	496,396	264	149
7410	846,891	9,11	1329,944	1,0	432	149
7413	171,225	5,10	274,179	2,0	1386	149
7416	10,7	862,1006	15,3	1300,1016	290	149
7418	35,50	271,266	24,35	400,307	782	149
7419	7,12	396,409	9,8	641,473	535	149
7422	75,124	0,2	77,55	1,0	722	149
7424	11,21	721,685	23,6	1055,712	360	149
7425	28,20	487,458	28,18	624,492	328	149
7426	6,8	1,15	12,2	13,2	1592	149
7428	38,29	195,175	28,30	204,172	1348	149
7430	29,54	11,9	50,38	14,9	674	149
7431	53,67	256,266	42,35	383,265	2093	149
7432	96,120	8,8	77,67	0,0	3317	149
7433	54,54	86,107	47,47	138,108	1243	149
7434	298,355	148,155	304,235	225,188	939	149
7435	236,263	16,15	216,174	13,19	726	149
7436	9,7	62,98	1,0	99,68	264	149
7440	24,31	951,966	18,4	1642,1190	437	149
7441	23,39	1041,1008	33,28	1824,1285	1844	149
7442	34,45	7,8	41,42	1,4	2076	149
7443	274,263	1,1	470,369	0,0	268	149
7444	5,5	1027,1037	6,12	2024,1507	231	149
7445	14,22	872,951	17,11	1366,1077	467	149
7447	115,98	8,14	135,105	2,1	2259	149
7448	103,79	841,889	123,99	1312,1088	1867	149
7449	41,53	749,844	63,43	1216,985	244	149
7450	296,358	1,9	449,359	2,0	389	149
7455	299,270	3,1	325,263	0,0	1074	149
7456	103,104	1174,1220	107,62	1688,1211	733	149
7457	152,170	1,0	177,109	1,0	1071	149
7458	91,102	1055,1094	130,75	1557,1136	456	149
7462	7,10	22,31	12,9	31,20	403	149
7463	9,10	29,25	13,10	52,19	406	149
7464	6,1	0,0	0,0	2,0	224	149
7469	24,15	131,128	25,21	140,122	879	149
7470	15,29	0,1	13,8	0,0	1198	149
7471	120,115	140,134	113,100	147,140	2956	149
7472	165,189	3,12	114,101	9,10	537	149
7473	166,190	832,965	116,102	1373,1097	550	149
7474	165,186	6,10	116,101	22,5	525	149
7475	3,27	223,461	9,6	377,153	219	149
7476	23,68	0,1	34,16	3,0	225	149
7477	33,25	44,66	34,22	51,38	448	149
7478	19,8	3,6	7,7	0,1	264	149
7479	168,147	31,18	205,143	24,11	1027	149
7480	18,20	5,10	16,5	1,2	417	149
7481	2,4	7,17	1,0	15,11	259	149
7495	6,14	542,642	16,7	980,727	1034	149
7496	210,251	4,3	376,327	1,7	1197	149
7497	19,12	391,434	26,12	586,444	1122	149
7498	693,680	1,3	439,363	0,4	3382	149
7499	690,676	288,332	436,359	609,461	3375	149
7500	10,9	321,350	10,10	539,356	845	149
7501	11,9	2,2	21,13	2,2	2100	149
7502	22,24	371,375	42,30	485,345	1321	149
7503	10,4	45,58	22,26	28,21	544	149
7504	31,21	54,47	66,54	45,24	1756	149
7505	23,18	57,65	44,29	44,42	1270	149
7506	987,1049	2763,2923	1171,813	5115,3448	527	149
7507	1200,1351	3,1	1588,1107	6,5	535	149
7508	1226,1313	2,1	1230,960	0,0	1026	149
7509	185,262	1115,1204	107,89	1554,1072	608	149
7510	168,236	23,35	92,83	32,3	585	149
7513	72,97	0,1	96,37	2,0	516	149
7514	169,238	4,8	231,131	3,1	2081	149
7515	0,0	0,1	0,1	4,1	718	149
7518	0,3	0,0	2,10	2,0	288	149
7520	0,0	5,7	3,0	11,7	261	149
7522	3,4	2,0	2,0	1,3	347	149
7523	0,4	5,7	2,0	1,1	1160	149
7524	27,26	86,77	15,16	106,82	977	149
7525	70,77	22,33	110,98	10,13	622	149
7526	36,40	117,121	42,33	171,139	581	149
7530	4,2	18,5	4,11	13,14	258	149
7531	84,59	186,251	66,59	347,246	1200	149
7532	142,152	4,10	163,86	2,2	1285	149
7533	1,0	174,217	2,0	250,181	299	149
7534	13,8	2,2	11,10	2,2	348	149
7535	48,49	63,55	53,33	115,89	335	149
7537	26,60	133,114	19,22	185,98	1339	149
7538	26,60	8,6	19,22	4,5	1335	149
7539	47,62	405,379	63,33	640,394	361	149
7540	82,124	587,597	70,74	1465,972	1252	149
7541	43,41	585,643	42,30	1339,952	284	149
7543	39,24	4,0	55,21	0,2	234	149
7544	46,30	2,0	60,28	1,0	263	149
7545	66,77	0,2	87,84	0,0	364	149
7546	81,103	396,380	141,93	414,338	686	149
7547	70,152	301,485	64,42	521,269	250	149
7552	2,2	0,1	4,4	3,1	242	149
7553	12,7	1,0	32,16	0,0	3043	149
7554	2,2	1,0	6,9	4,0	824	149
7558	4,15	3,12	9,5	2,0	245	149
7559	112,150	9,8	115,73	0,3	871	149
7560	6,13	2,9	4,5	1,2	1359	149
7565	36,55	2,0	40,45	0,0	751	149
7567	215,250	1,0	375,278	0,0	1635	149
7569	220,295	2,0	447,272	1,2	621	149
7570	233,312	0,0	475,294	1,1	687	149
7575	63,40	1368,1395	41,33	2749,2162	299	149
7578	8,17	10,34	19,18	25,12	897	149
7579	6,9	35,45	9,5	8,14	236	149
7580	88,93	1141,1402	44,39	1056,659	802	149
7581	85,85	29,55	36,35	9,12	677	149
7582	110,121	22,13	56,48	17,10	804	149
7583	156,183	9,5	99,76	6,2	806	149
7584	46,45	2113,2418	47,26	2003,1332	778	149
7586	34,57	2103,2539	43,31	2160,1471	426	149
7587	155,208	2160,2338	169,117	1879,1409	567	149
7588	131,183	132,144	148,104	4,3	313	149
7589	61,71	2391,2772	33,40	1954,1570	2892	149
7590	93,137	1874,2074	61,43	1474,1142	238	149
7591	105,134	2,8	244,162	6,5	512	149
7593	1,5	60,74	12,5	118,65	235	149
7596	5,4	0,1	4,10	1,0	288	149
7597	1,7	1,0	3,0	0,0	264	149
7598	4,13	2,1	9,6	1,0	227	149
7600	285,246	0,0	263,219	2,0	427	149
7601	267,278	43,30	486,364	89,77	271	149
7602	123,98	315,322	110,77	751,505	223	149
7603	137,124	528,479	107,96	1048,718	350	149
7604	550,613	0,2	819,689	2,0	311	149
7605	264,335	93,166	324,217	179,83	677	149
7606	29,26	217,207	51,27	352,288	396	149
7608	139,155	11,14	149,68	10,0	2644	149
7612	1,7	0,0	22,20	1,2	709	149
7615	15,13	321,320	0,1	33,37	740	149
7616	1,6	0,2	8,2	0,2	472	149
7618	6,4	4,3	4,20	11,10	1437	149
7619	43,44	6,6	87,73	10,6	492	149
7621	6,17	15,23	5,7	38,34	408	149
7622	118,106	0,0	151,122	0,4	3807	149
7623	38,93	0,2	65,24	4,1	3802	149
7636	3,7	5,10	2,5	6,0	512	149
7637	3,7	0,0	2,5	0,1	493	149
7639	126,129	0,1	165,151	0,0	307	149
7640	14,26	1,0	11,10	0,0	1170	149
7641	5,11	81,62	10,7	109,71	223	149
7642	7496,8658	182467,192992	11813,9122	325943,250282	698	149
7643	5912,6790	1,3	9012,7033	0,0	692	149
7644	8383,9747	5,8	12041,9533	24,20	699	149
7647	12,16	2,0	7,12	0,0	2110	149
7648	73,66	436,491	72,27	663,429	1207	149
7649	3,6	128,150	1,4	162,120	2081	149
7650	3,5	16,27	1,4	19,13	2076	149
7652	0,3	50,36	0,0	25,9	420	149
7653	10,14	200,186	5,7	204,157	399	149
7655	2,2	2,1	2,0	1,1	339	149
7657	0,2	5,1	0,1	5,2	321	149
7662	5,11	0,2	3,6	0,0	394	149
7663	10,13	61,70	30,2	140,79	569	149
7664	0,0	0,1	1,0	0,2	346	149
7665	1,0	0,1	1,0	3,0	1560	149
7668	30,34	142,135	45,28	218,162	346	149
7669	34,28	65,99	22,20	104,75	250	149
7670	219,207	2,3	287,247	3,2	375	149
7671	21,24	213,179	10,15	298,213	240	149
7673	7,11	139,132	17,9	182,151	411	149
7674	102,109	0,1	126,103	0,0	665	149
7676	36,26	339,378	24,15	520,377	1265	149
7677	323,383	9,6	366,262	11,2	642	149
7678	17,7	152,170	7,19	158,104	511	149
7682	21,23	0,2	47,42	0,0	394	149
7683	20,27	0,2	41,29	2,4	744	149
7684	11,19	0,1	28,19	1,0	584	149
7685	10,13	2,3	27,19	11,3	465	149
7691	20,27	2,1	41,29	0,1	747	149
7692	11,19	1,0	28,19	0,1	587	149
7694	10,13	0,0	27,19	2,0	468	149
7695	142,162	3,3	196,113	1,0	463	149
7696	8,9	36,63	8,6	48,25	1450	149
7701	217,236	3,2	253,177	0,0	1767	149
7702	23,31	224,203	19,19	396,287	347	149
7703	1056,991	3,0	1545,1226	3,1	1335	149
7727	1,0	84,114	6,9	202,162	436	149
7728	12,3	70,94	9,5	118,93	1978	149
7731	18,27	201,203	19,9	242,200	383	149
7736	29,42	326,314	11,25	471,358	422	149
7737	8,9	258,255	11,7	473,300	232	149
7738	12,11	359,299	15,14	570,410	311	149
7739	11,17	225,245	15,9	369,236	745	149
7740	1,4	54,62	0,1	80,56	1524	149
7741	203,195	38,68	135,131	53,51	1975	149
7742	9,6	196,214	9,4	323,238	877	149
7743	11,8	29,67	6,4	91,59	412	149
7744	387,392	4,4	536,406	3,2	409	149
7745	15,26	364,395	12,15	540,392	307	149
7747	950,965	11315,11865	1169,806	24295,18139	426	149
7749	18,24	9,3	18,26	0,1	693	149
7751	13,6	75,68	8,16	82,40	1163	149
7752	25,22	0,3	23,13	2,1	2087	149
7753	4,0	31,37	8,1	29,21	450	149
7754	20,10	68,69	17,17	65,43	1494	149
7755	72,56	9,11	76,54	18,12	1258	149
7757	6,6	64,71	6,4	107,69	234	149
7759	115,106	240,250	61,45	265,187	412	149
7761	1,7	28,66	2,0	29,22	291	149
7766	10,6	2,0	15,4	0,0	1032	149
7767	4,2	29,39	4,0	18,16	299	149
7769	10,6	1,0	21,10	0,0	394	149
7770	22,23	30,36	32,28	43,37	228	149
7771	130,107	1,3	70,86	0,0	658	149
7772	37,41	181,211	42,15	242,165	228	149
7773	39,36	24,46	37,26	45,17	257	149
7774	86,115	7,8	125,68	1,4	257	149
7775	4,11	165,183	13,5	470,321	477	149
7776	1,6	1,3	4,2	0,0	335	149
7777	282,301	0,1	615,530	0,0	203	149
7778	7,7	102,116	15,4	234,184	232	149
7779	0,8	78,91	12,8	165,119	1795	149
7780	25,39	887,1027	18,35	1922,1194	535	149
7781	60,55	133,146	56,31	217,141	1246	149
7784	0,0	0,2	2,0	0,0	385	149
7785	2,7	4,2	4,0	1,2	283	149
7787	573,596	0,3	1079,856	6,2	868	149
7788	578,601	4,1	1089,864	3,0	875	149
7789	121,115	5,0	136,117	1,6	229	149
7790	61,55	191,181	72,48	407,285	220	149
7792	23,18	202,199	24,18	281,183	238	149
7793	134,127	1,5	173,128	9,10	362	149
7794	101,99	167,100	87,53	193,126	668	149
7795	25,24	130,123	40,20	250,143	306	149
7799	2,6	2,6	3,0	8,5	304	149
7801	2,6	3,2	3,0	0,0	252	149
7802	15,10	6,5	13,7	2,8	347	149
7804	10,10	33,49	17,12	47,28	313	149
7807	6,5	42,38	10,6	77,31	325	149
7809	50,48	0,0	52,39	1,0	243	149
7810	56,42	376,406	94,59	871,594	345	149
7815	26,30	1,2	33,26	1,6	2996	149
7817	100,107	488,512	91,84	806,637	228	149
7818	82,116	512,486	80,83	765,591	266	149
7821	60,72	1,0	34,24	0,0	357	149
7823	637,667	974,1044	433,336	1884,1387	2973	149
7826	9,6	99,155	6,1	59,33	486	149
7829	451,486	1,1	834,607	4,1	731	149
7830	73,74	11,7	132,75	26,9	290	149
7833	17,19	110,140	11,17	188,154	232	149
7835	0,11	18,44	12,3	41,31	220	149
7840	71,90	0,2	22,37	0,0	1228	149
7841	27,35	1,2	32,9	1,0	577	149
7842	8,14	248,254	17,36	421,309	489	149
7843	12,22	284,232	21,9	436,295	238	149
7844	156,188	0,0	151,76	2,0	1081	149
7845	1,0	7,11	0,1	3,3	618	149
7846	0,0	2,1	1,0	7,2	237	149
7847	12,6	0,0	27,10	2,2	3360	149
7851	8,3	1,0	3,0	2,0	694	149
7853	3173,3558	21,13	5610,3985	12,4	883	149
7854	6,18	52,62	9,1	99,62	333	149
7855	0,16	0,2	7,0	1,2	304	149
7857	6,2	0,0	0,0	0,4	1816	149
7858	3,13	1,2	4,5	0,2	618	149
7859	1047,1113	2,0	1239,980	1,1	253	149
7860	2269,2376	26,24	2680,2079	36,25	432	149
7861	1380,1493	2,7	1691,1328	1,4	323	149
7862	3128,3415	0,1	3649,2712	0,0	636	149
7863	6600,7139	2475,2630	8321,6291	3283,2365	1385	149
7864	5711,6256	21,15	7332,5540	22,14	1276	149
7865	4619,5079	6,15	6020,4511	6,5	1015	149
7866	1038,1033	2,2	1327,991	3,4	267	149
7867	618,592	2375,2614	537,446	3147,2250	364	149
7868	1118,1135	5,3	938,745	0,0	851	149
7869	650,697	2866,3341	572,435	5104,3559	525	149
7870	223,228	3864,4098	231,178	5561,3950	380	149
7871	36,41	3494,3561	66,43	4587,3145	263	149
7874	37,37	31,26	25,13	7,8	236	149
7875	2125,2104	89,122	1637,1206	159,97	2924	149
7876	2157,2130	1,0	1729,1237	0,0	2958	149
7877	2141,2114	102,141	1654,1208	163,138	2927	149
7878	121,142	86,79	90,66	47,37	448	149
7879	233,283	4,2	160,107	1,0	852	149
7880	430,523	74,82	337,241	50,43	467	149
7881	20,24	23,31	47,39	48,43	986	149
7883	0,0	10,2	5,0	0,0	464	149
7886	199,240	2203,2504	209,130	4313,3341	324	149
7887	165,209	4,7	182,120	8,5	266	149
7888	620,739	0,0	788,503	0,1	706	149
7889	539,643	3472,3880	698,462	6874,5631	501	149
7890	465,552	15,18	625,410	25,10	416	149
7893	455,479	1254,1237	473,381	1561,1219	859	149
7894	284,404	71,89	321,210	63,51	847	149
7895	80,129	6,9	70,25	14,9	277	149
7896	54,69	65,76	56,44	65,44	227	149
7897	2,1	91,98	5,5	98,87	243	149
7898	120,149	1,4	198,157	0,0	260	149
7900	9,5	162,201	6,10	278,184	232	149
7903	25,26	153,141	27,24	254,191	418	149
7904	12,14	280,270	21,11	354,305	570	149
7905	210,227	14774,15914	579,382	39403,27212	278	149
7906	72,54	0,0	118,83	2,0	251	149
7907	300,356	3,0	542,341	0,0	722	149
7908	1,3	0,6	1,0	2,0	227	149
7915	63,82	217,305	59,47	220,129	1275	149
7916	64,86	0,0	61,47	0,4	1282	149
7917	6,6	4818,4904	2,2	5539,5432	244	149
7921	6,7	3,0	6,5	0,0	608	149
7930	17,28	143,143	30,22	241,197	485	149
7933	6,1	23,18	11,5	24,23	268	149
7935	0,0	29,32	1,1	64,49	231	149
7936	0,3	28,29	1,5	68,47	227	149
7937	31,23	18,19	29,13	12,10	1099	149
7944	241,268	0,2	279,147	0,0	273	149
7945	17,15	0,0	27,10	1,0	808	149
7946	11,14	125,147	14,15	176,132	1231	149
7947	5,7	63,48	8,6	107,42	391	149
7948	1,4	28,72	1,0	79,48	472	149
7949	9,12	0,1	15,15	0,0	487	149
7951	253,322	1913,2032	223,152	2400,1842	738	149
7952	240,313	9,8	175,114	1,1	923	149
7953	66,95	1614,1771	51,49	1881,1339	236	149
7954	97,112	2660,2854	66,50	2579,2044	393	149
7955	509,491	4,4	384,262	0,1	891	149
7956	1063,1081	2,9	1072,774	1,0	604	149
7957	628,599	2266,2453	498,345	2012,1675	584	149
7958	369,351	82,104	267,188	89,75	460	149
7959	28,41	984,989	73,47	1587,1276	304	149
7960	30,28	1166,1156	44,27	2387,1654	886	149
7961	389,409	2,0	806,554	4,1	942	149
7966	2,7	18,20	0,0	1,0	333	149
7967	44,35	312,309	38,16	319,296	237	149
7968	81,109	0,1	69,60	1,0	492	149
7969	11,25	157,164	11,10	257,161	238	149
7971	105,99	1,11	168,121	2,7	1146	149
7972	37,50	37,21	66,38	58,38	992	149
7974	963,972	2,1	1662,1274	0,0	1274	149
7976	10,39	0,2	29,34	0,2	1137	149
7978	0,0	3,9	0,2	14,9	229	149
7979	0,1	19,66	2,0	42,24	229	149
7983	0,5	37,26	4,4	54,23	325	149
7984	54,78	34,32	54,37	19,10	1606	149
7986	30,21	139,144	31,19	298,163	3765	149
7987	26,20	113,89	29,15	125,129	514	149
7988	37,38	5,0	38,25	1,1	1707	149
7989	79,56	80,69	68,30	128,105	4174	149
7990	67,62	83,75	89,40	230,160	426	149
7992	117,117	3,4	80,61	1,1	2939	149
7993	48,89	1,2	51,40	0,0	292	149
7994	326,350	46,52	474,323	44,39	976	149
7996	2,2	38,55	0,2	82,50	256	149
7997	6,10	0,1	17,5	0,0	426	149
7998	12,16	5,1	29,13	2,1	499	149
7999	780,654	2,3	1305,1011	1,0	819	149
8006	13,12	25,23	13,3	30,24	393	149
8007	12,12	13,17	3,1	15,17	305	149
8008	125,112	1,1	88,91	0,0	1401	149
8009	123,110	2,0	87,90	2,0	1379	149
8016	99,87	958,1096	56,25	1961,1310	1136	149
8017	99,87	0,0	56,25	2,1	1121	149
8019	32,17	1464,1527	24,21	2446,1932	339	149
8020	33,42	3,0	21,19	0,4	462	149
8021	46,51	1348,1401	45,36	2562,2006	478	149
8022	131,107	0,2	92,124	1,3	275	149
8023	177,168	963,981	167,162	1787,1395	523	149
8024	205,188	0,0	200,184	2,0	527	149
8025	503,536	0,0	498,431	1,0	1156	149
8026	346,398	1174,1179	371,286	1787,1490	679	149
8027	480,505	0,0	489,393	1,0	688	149
8029	13,25	278,300	11,15	496,343	301	149
8030	80,82	452,413	96,86	749,597	1732	149
8034	23,39	467,514	20,18	900,651	816	149
8035	19,17	452,572	14,11	930,653	650	149
8036	7,8	0,2	4,1	0,3	632	149
8037	125,124	3,3	181,111	0,0	4386	149
8038	34,35	454,558	40,20	852,627	3712	149
8039	41,44	1836,2189	27,11	1859,1079	232	149
8054	221,230	0,2	195,176	0,0	249	149
8055	10,7	93,94	7,4	76,96	420	149
8056	62,54	251,273	45,36	348,262	1705	149
8057	64,44	2,2	33,31	9,6	433	149
8058	80,59	1497,1514	50,46	1868,1460	481	149
8059	49,33	1422,1480	79,49	1830,1453	731	149
8060	501,515	1106,1112	323,297	1561,1084	2345	149
8061	622,657	10,9	488,431	5,0	2365	149
8062	57,62	1035,1078	34,43	1318,978	911	149
8063	41,53	1,1	31,38	4,3	884	149
8066	2,2	0,0	5,0	2,0	1588	149
8067	3,2	0,0	6,0	6,6	1629	149
8071	11,6	21,14	12,2	13,9	599	149
8072	11,7	57,71	12,2	88,48	622	149
8076	49,32	201,205	29,41	116,101	498	149
8079	5,4	1,0	1,5	0,2	484	149
8080	13,12	121,132	10,8	192,123	446	149
8081	1,4	6,9	1,0	4,1	220	149
8082	4,4	6,10	0,0	2,0	336	149
8084	9,29	6,4	16,10	5,4	384	149
8086	22,18	3,2	18,7	0,0	1253	149
8087	0,0	221,218	1,3	381,259	1586	149
8088	25,36	1,4	44,21	0,0	1560	149
8089	39,64	119,134	73,37	164,99	2193	149
8090	18,32	0,3	34,18	0,0	741	149
8094	44,29	3,3	52,32	3,0	1916	149
8095	71,86	138,124	77,58	222,202	1281	149
8096	77,94	0,0	85,72	1,0	1285	149
8097	33,39	171,158	44,39	297,202	2332	149
8098	169,196	4,3	271,190	0,3	1737	149
8099	156,180	0,0	249,167	1,0	1729	149
8105	90,132	1,1	154,67	2,0	249	149
8106	4,2	105,75	9,4	155,135	828	149
8107	18,24	101,119	47,30	174,165	752	149
8109	16,11	114,126	20,14	188,148	258	149
8110	55,68	2,2	152,87	3,6	330	149
8111	68,99	4,5	196,119	3,4	354	149
8112	19,15	1,0	23,9	0,1	550	149
8113	44,26	0,0	81,40	0,1	1505	149
8114	26,17	105,144	31,11	298,180	586	149
8115	438,436	8,10	494,359	4,6	278	149
8116	576,574	3,9	626,466	5,0	352	149
8117	25,36	3,2	23,38	6,1	253	149
8118	26,41	1,4	24,38	3,1	269	149
8119	30,55	57,41	36,44	76,44	285	149
8120	36,46	84,55	29,29	136,108	233	149
8123	42,17	75,73	12,25	89,79	508	149
8124	10,10	45,60	8,10	77,60	396	149
8125	52,58	50,34	33,16	41,30	520	149
8127	2,0	2,0	1,4	0,0	272	149
8130	30,27	7,0	25,18	2,0	1652	149
8132	8,21	0,0	4,10	1,0	701	149
8133	36,48	18,26	58,33	24,23	470	149
8135	17,54	20,19	46,27	33,19	224	149
8136	2,0	35,29	0,0	52,39	293	149
8137	48,73	2,3	73,30	3,1	285	149
8138	59,66	156,145	66,60	236,206	683	149
8139	40,55	2,5	53,46	6,0	567	149
8142	1,4	44,31	3,0	39,11	259	149
8143	33,38	2,0	22,12	0,0	1136	149
8144	66,63	49,81	71,49	107,49	3146	149
8153	3,2	7,7	0,2	11,7	554	149
8154	2,1	8,6	1,2	14,3	370	149
8155	2,6	4,14	0,0	5,10	226	149
8156	120,182	0,12	221,149	0,1	254	149
8163	289,311	1128,1274	266,200	2035,1650	1666	149
8164	534,663	4,0	1197,717	1,1	406	149
8165	30,28	1057,1171	31,16	2111,1473	307	149
8166	91,121	908,992	116,59	2104,1230	480	149
8167	370,453	2,4	375,330	1,0	1057	149
8168	326,384	6,8	348,297	12,3	963	149
8169	61,84	102,103	95,85	159,110	720	149
8173	9,8	1,0	6,2	0,0	241	149
8174	90,88	0,3	127,106	2,5	399	149
8175	43,45	150,115	49,43	191,151	360	149
8176	28,19	7,14	19,17	21,10	243	149
8177	11,9	38,35	7,1	114,70	241	149
8182	3,6	0,3	2,3	1,3	278	149
8183	5,10	17,61	4,3	39,25	337	149
8184	5,13	1,0	5,3	0,0	341	149
8186	396,476	0,0	442,343	0,4	712	149
8190	414,412	1,2	406,276	1,0	3147	149
8191	520,526	0,0	622,428	1,0	3227	149
8192	422,417	329,318	409,280	542,429	3191	149
8194	827,848	0,2	1256,851	4,0	3293	149
8196	15,9	2,0	3,0	0,0	871	149
8197	14,9	3,4	3,0	2,0	588	149
8198	29,33	4,7	14,12	11,5	1326	149
8199	31,37	0,0	22,15	1,0	1347	149
8200	26,20	0,3	27,15	2,5	292	149
8201	0,3	1,0	2,0	2,0	596	149
8203	33,37	301,307	14,5	205,121	659	149
8204	4,7	10,30	2,3	14,10	1122	149
8205	0,4	52,48	11,0	51,51	822	149
8206	179,198	3,2	285,215	2,2	240	149
8207	13,10	73,83	5,5	169,95	6488	149
8208	0,0	70,63	2,0	131,66	223	149
8210	2,2	48,67	4,1	119,72	819	149
8211	16,1	1,2	9,9	0,0	909	149
8212	16,1	6,0	7,9	2,0	845	149
8213	36,48	62,58	37,18	79,61	327	149
8214	192,191	2,3	270,245	0,0	438	149
8215	12,33	6,24	27,23	4,9	469	149
8216	559,569	0,0	974,740	0,1	445	149
8217	5,2	0,1	9,6	1,0	391	149
8224	13,23	4,13	26,21	18,18	968	149
8225	0,0	1,2	1,0	3,2	251	149
8228	10,8	137,162	37,15	188,151	1895	149
8229	2,3	132,156	4,4	242,157	317	149
8230	0,0	81,68	1,3	139,104	892	149
8231	0,0	33,35	0,2	57,24	889	149
8232	75,99	0,0	134,80	2,0	792	149
8233	2,8	4,6	5,0	3,0	251	149
8235	8,22	2,6	12,8	3,0	404	149
8236	8,22	2,0	12,8	0,0	373	149
8237	8,22	0,1	11,8	0,0	349	149
8238	5,7	21,34	2,3	38,32	363	149
8239	10,19	11,22	26,13	38,21	633	149
8240	0,0	4,14	2,0	18,14	453	149
8241	2393,2928	58,64	4110,2753	14,15	266	149
8242	26,13	700,715	12,23	1242,841	1169	149
8243	38,20	2,7	31,33	3,4	1176	149
8245	5,7	3,2	3,4	7,1	334	149
8247	2,7	11,12	6,5	18,9	844	149
8248	148,129	51,53	161,126	68,50	549	149
8250	98,75	3,2	95,69	5,3	311	149
8251	212,238	2,1	291,219	0,0	748	149
8252	91,138	11,14	175,119	23,15	259	149
8253	13,23	49,94	18,14	108,69	745	149
8254	1,4	59,66	6,2	111,64	384	149
8255	33,21	20,24	40,37	29,13	294	149
8256	83,69	47,50	97,56	44,27	739	149
8257	18,19	1,9	35,9	6,3	266	149
8258	67,59	4,5	73,35	7,4	519	149
8259	40,61	1,0	106,59	0,0	466	149
8260	40,65	11,24	117,60	24,29	487	149
8261	50,79	0,7	140,75	7,2	555	149
8264	4,2	11,20	2,1	15,8	246	149
8265	12,14	4,11	15,8	12,15	496	149
8266	1,0	0,4	0,0	2,1	473	149
8267	69,35	5,13	53,22	8,4	7191	149
8273	74,91	1728,1732	71,48	2238,1582	222	149
8274	856,991	56,68	1046,746	18,21	589	149
8275	1889,2032	0,0	2436,1748	3,0	444	149
8276	169,181	1741,1726	106,85	2470,1584	315	149
8277	65,83	1,1	84,31	0,0	867	149
8278	65,83	2,3	85,32	4,1	881	149
8279	91,83	1,0	104,67	0,0	929	149
8282	27,39	71,62	46,30	87,66	309	149
8283	170,179	1,0	109,95	0,0	1982	149
8284	21,19	16,13	8,19	3,1	646	149
8285	21,20	2,1	9,19	2,0	656	149
8287	5,2	4,0	0,9	0,4	513	149
8289	20,27	1845,1909	15,27	3686,2702	1195	149
8290	54,37	1,0	48,39	4,0	459	149
8291	75,60	1182,1327	82,75	2480,1840	542	149
8292	95,72	430,459	82,70	649,506	746	149
8293	47,39	1196,1327	39,38	2474,1837	347	149
8294	1108,1206	0,1	2101,1533	0,0	352	149
8295	21,29	1591,1709	36,17	3079,2391	249	149
8296	50,50	1754,1739	37,35	2654,1954	618	149
8297	1136,1235	0,1	2145,1584	0,0	1179	149
8298	49,58	7,2	80,68	0,0	1076	149
8299	46,51	15,14	72,66	8,4	834	149
8300	30,29	2017,1990	57,56	3577,2605	245	149
8301	79,100	2287,2299	58,54	3958,2984	657	149
8302	188,226	1891,1888	386,263	3156,2294	762	149
8305	1547,1650	4,1	2647,1959	2,2	1242	149
8306	55,28	1557,1592	62,45	2985,2200	1101	149
8307	224,165	2,0	258,209	0,0	1113	149
8310	1706,1627	25,16	1214,861	0,0	640	149
8312	2,4	109,97	2,0	83,83	237	149
8313	39,23	8,15	76,58	8,16	5077	149
8314	19,27	89,89	40,28	167,107	956	149
8316	21,30	141,241	15,15	251,117	895	149
8317	7,10	406,405	6,8	575,452	259	149
8318	31,18	1,3	41,45	7,0	532	149
8331	0,1	0,0	0,0	0,2	243	149
8334	27,29	171,134	42,26	290,254	225	149
8335	61,52	0,2	52,33	0,2	814	149
8336	48,47	38,46	43,36	34,30	322	149
8338	12,14	55,52	16,13	80,61	232	149
8339	24,37	2,2	27,21	0,0	599	149
8340	7,15	69,60	8,6	87,62	263	149
8341	23,39	4,1	24,22	0,0	474	149
8342	26,18	0,5	16,16	0,0	351	149
8343	1,1	6,11	1,0	15,13	222	149
8349	0,0	17,12	2,2	23,12	1071	149
8350	0,2	5,7	0,2	11,7	4953	149
8355	0,0	0,1	2,0	0,0	275	149
8357	23,28	75,91	22,35	130,72	2092	149
8358	91,103	13,14	86,65	5,13	302	149
8359	28,18	177,181	27,20	288,205	2330	149
8360	76,85	58,61	121,73	133,91	2865	149
8361	102,94	467,444	86,53	435,275	310	149
8364	582,623	0,2	1101,919	1,0	499	149
8365	45,23	8,7	26,18	9,5	300	149
8366	440,502	6,12	937,620	4,3	388	149
8367	54,29	723,759	38,34	1443,1039	324	149
8368	117,88	2,0	127,104	2,4	333	149
8369	56,56	4,11	41,47	12,3	225	149
8370	83,81	830,889	73,72	1511,1161	301	149
8371	39,15	976,956	33,25	1617,1304	281	149
8372	7,13	967,951	10,18	1369,1102	281	149
8375	2,9	98,150	15,6	214,99	2666	149
8380	4,8	3,0	9,17	1,2	1042	149
8381	100,160	0,0	210,150	1,2	306	149
8382	10,3	0,1	8,6	4,0	4879	149
8384	1,5	3,7	1,2	3,1	302	149
8385	34,56	1,5	53,22	13,4	405	149
8390	6,2	149,206	5,4	205,136	1171	149
8391	833,953	907,967	1101,776	1368,992	1024	149
8393	0,2	220,282	0,0	277,188	1459	149
8396	16,16	12,0	4,12	2,1	405	149
8397	20,52	358,424	28,11	476,349	244	149
8399	24,35	0,2	48,51	0,0	3578	149
8400	486,567	0,0	623,475	1,0	2345	149
8403	8,9	204,231	5,7	273,237	307	149
8404	16,25	4,0	39,28	0,0	379	149
8405	16,24	0,2	39,27	5,1	376	149
8406	0,5	29,41	3,4	54,34	310	149
8407	388,428	0,2	887,602	0,0	1349	149
8408	1148,1170	2,0	2011,1545	4,4	669	149
8414	39,32	125,161	29,29	212,136	677	149
8415	37,43	194,175	30,28	328,272	285	149
8416	21,22	106,105	19,13	198,145	287	149
8417	33,43	42,29	47,32	82,49	304	149
8422	19,20	241,233	14,14	367,203	404	149
8423	11,10	0,1	6,11	1,0	287	149
8424	167,166	322,338	132,95	506,379	1705	149
8426	160,264	27,47	178,115	36,16	490	149
8427	61,93	972,961	116,101	1266,949	1150	149
8429	10,7	22,34	4,10	31,20	382	149
8430	49,37	9,12	25,16	15,11	548	149
8431	31,22	77,89	33,22	126,91	247	149
8432	90,109	101,129	117,84	192,130	788	149
8433	49,86	6,7	50,26	1,1	235	149
8434	176,127	8,18	277,122	26,17	922	149
8435	5,4	65,65	7,1	116,72	240	149
8436	3,3	2,5	5,0	2,0	227	149
8437	31,26	106,141	29,34	201,132	225	149
8438	33,34	2,1	36,38	7,2	229	149
8439	21,30	178,175	21,38	245,177	1166	149
8443	8,8	50,72	0,0	12,10	1852	149
8444	54,53	2,0	42,22	3,1	2064	149
8445	16,16	105,128	23,27	208,142	539	149
8446	16,17	0,2	11,8	0,1	1103	149
8448	424,394	1,2	1109,781	0,0	907	149
8452	5,9	1,0	7,3	2,0	245	149
8453	838,884	7,4	1285,1027	2,0	301	149
8461	0,0	25,21	3,0	42,29	417	149
8462	58,79	13,5	56,39	20,18	1344	149
8464	109,131	54,39	115,93	55,26	1523	149
8466	75,115	55,73	105,77	115,101	431	149
8467	336,385	0,0	429,307	0,2	1775	149
8468	603,554	0,4	864,644	1,0	233	149
8471	3,4	76,74	8,7	118,83	283	149
8472	47,63	6,19	43,33	10,11	402	149
8475	2,1	0,0	0,0	2,2	714	149
8476	62,92	1,0	135,107	4,0	484	149
8478	2994,3438	1,7	17,17	0,0	962	149
8484	2,2	14,16	1,9	7,7	252	149
8485	4,12	4,16	3,4	16,7	227	149
8486	211,287	4238,4858	427,242	8082,5338	268	149
8487	47,57	2655,2975	81,55	6045,3943	228	149
8488	1,0	29,45	10,0	74,73	240	149
8492	2,0	0,1	0,2	0,0	322	149
8500	0,2	0,1	0,0	0,1	1154	149
8501	7,9	3,4	6,10	0,4	468	149
8502	11,12	215,230	8,12	323,232	505	149
8503	3,6	278,313	8,4	362,256	530	149
8504	123,126	356,335	136,90	414,331	634	149
8508	9,4	0,1	12,10	0,0	395	149
8509	0,2	2,2	2,0	0,0	348	149
8510	9,1	18,9	8,6	15,8	376	149
8513	4,0	0,1	0,0	1,0	1388	149
8514	0,2	0,5	0,0	3,0	274	149
8515	0,1	0,2	0,0	4,0	249	149
8516	7,13	0,1	9,5	0,0	1403	149
8517	113,126	71,93	90,61	90,52	238	149
8518	1428,1729	89,106	1261,987	50,32	724	149
8519	48,51	61,34	58,45	84,41	266	149
8526	738,813	1471,1571	508,429	1476,1040	330	149
8527	713,794	42,56	495,419	26,16	326	149
8528	692,758	1,7	479,400	7,3	307	149
8529	790,858	0,0	547,468	1,0	352	149
8530	769,848	1,0	527,456	0,0	348	149
8531	1237,1348	1,0	956,835	0,0	557	149
8532	957,1011	1511,1727	804,693	1516,1087	328	149
8534	1690,1917	0,0	1540,1315	3,0	748	149
8535	1410,1580	136,153	1388,1173	58,45	519	149
8536	844,977	1439,1677	928,749	1425,1043	317	149
8537	945,1107	30,28	1103,874	27,17	321	149
8538	2052,2299	3,2	1938,1683	2,1	1073	149
8539	1025,1241	1872,2175	1042,903	1900,1388	673	149
8540	1486,1696	2,0	1478,1259	0,0	871	149
8542	2569,2956	0,2	2361,2050	0,0	1544	149
8543	2289,2619	8,9	2209,1908	12,6	1315	149
8544	360,462	1509,1765	387,329	1414,1014	337	149
8545	1723,2016	0,0	1749,1484	2,0	1113	149
8546	1262,1561	21,24	1313,1128	8,4	915	149
8547	347,448	0,0	382,321	1,0	319	149
8548	2699,3036	2,4	2492,2123	11,2	1354	149
8549	770,879	772,948	670,544	1043,715	376	149
8551	1672,1978	3,4	1596,1343	5,1	954	149
8553	757,865	2,1	665,536	0,0	358	149
8555	852,916	2081,2455	555,383	1952,1364	431	149
8557	759,808	4,7	476,314	5,5	373	149
8558	318,324	0,0	276,200	1,0	477	149
8559	209,211	2860,3381	161,122	2572,1804	470	149
8560	943,906	1,0	883,619	0,0	338	149
8561	872,830	1,4	811,587	0,1	703	149
8562	944,910	1980,2468	884,620	1815,1261	342	149
8563	927,887	32,28	867,604	29,22	328	149
8564	903,860	1,0	852,589	0,0	317	149
8566	4,1	176,145	4,2	191,167	1518	149
8567	11,7	171,171	8,6	320,220	285	149
8570	22,12	5,8	29,29	0,3	458	149
8571	2,2	142,187	9,5	240,190	902	149
8572	0,2	0,2	9,2	3,0	895	149
8573	9,6	194,162	7,8	246,194	1618	149
8574	11,6	0,2	6,8	2,5	1935	149
8575	13,9	111,99	17,8	131,101	388	149
8576	38,27	2,1	48,32	8,0	405	149
8580	2,8	0,2	4,4	0,0	1930	149
8581	2,8	1,5	4,4	11,4	1922	149
8584	2,0	6,5	1,5	3,4	271	149
8587	53,43	47,59	52,38	95,74	896	149
8588	58,47	0,1	56,39	1,0	905	149
8589	44,67	0,2	89,63	0,0	805	149
8592	11,17	75,89	13,13	131,106	709	149
8593	10,13	0,0	11,7	0,5	586	149
8594	5,28	1041,1554	12,5	1666,1102	871	149
8595	19,14	1695,2190	15,15	2681,1914	333	149
8596	112,125	2,9	184,137	5,4	343	149
8598	2,7	19,20	11,5	36,16	864	149
8599	30,22	380,369	48,33	507,402	518	149
8600	0,0	0,5	0,2	0,2	279	149
8607	2,7	5,2	10,7	3,7	337	149
8609	3,5	4,2	1,4	8,8	285	149
8611	0,3	1,0	4,3	0,2	392	149
8612	6,8	0,0	8,5	1,0	664	149
8613	14,8	0,1	13,8	1,1	888	149
8614	14,8	0,1	13,8	0,0	885	149
8615	19,16	221,244	14,19	355,277	382	149
8618	29,21	206,225	27,32	354,279	374	149
8619	26,15	2,1	17,30	3,5	334	149
8620	5,3	161,176	4,2	329,269	302	149
8624	10,12	754,1079	13,11	801,527	241	149
8625	1,2	1,0	2,7	1,2	568	149
8627	835,920	612,705	724,536	500,416	1335	149
8630	7,14	93,109	5,0	100,70	254	149
8632	28,24	2,0	16,2	0,0	402	149
8633	53,57	2,0	47,9	2,0	1062	149
8634	54,58	0,0	51,9	0,2	1096	149
8635	55,60	29,37	53,14	23,24	1137	149
8636	57,61	25,43	55,16	39,13	1142	149
8637	61,64	5,6	58,17	2,7	1146	149
8638	69,65	1,2	69,20	0,0	1341	149
8639	17,14	4,22	3,3	15,10	519	149
8640	16,13	3,5	1,2	2,0	515	149
8641	28,36	1,1	14,8	1,0	892	149
8642	23,6	2,0	0,1	0,0	291	149
8645	8,16	34,25	11,6	41,24	481	149
8646	10,11	21,40	4,0	16,18	362	149
8650	260,263	433,437	267,156	1337,930	4273	149
8651	261,263	0,2	271,156	0,0	4524	149
8652	13,16	1,5	35,20	2,2	327	149
8654	113,109	209,267	162,111	417,276	251	149
8655	94,94	82,46	140,92	77,43	244	149
8656	44,69	426,526	50,54	824,711	705	149
8657	22,36	33,56	9,6	46,26	968	149
8658	9,24	190,202	25,10	343,272	985	149
8659	6,24	9,0	17,6	8,7	919	149
8660	109,99	1,2	162,103	0,0	1031	149
8665	2,0	5,5	2,2	1,2	744	149
8666	3,1	87,110	2,2	147,114	748	149
8667	95,118	5,4	121,107	4,4	1767	149
8668	1,2	109,125	1,4	142,129	1593	149
8671	27,23	277,262	41,12	529,389	430	149
8673	130,126	0,1	202,119	0,0	473	149
8674	46,49	250,252	93,66	519,390	577	149
8675	145,172	212,187	258,156	458,310	401	149
8676	195,217	1,0	288,186	0,3	672	149
8677	79,77	272,257	73,63	590,467	307	149
8679	47,49	55,55	95,57	139,96	1706	149
8680	6,6	63,66	11,16	107,85	392	149
8681	12,16	1,0	28,34	2,1	1822	149
8682	10,13	33,19	18,28	63,24	1810	149
8683	2,3	32,17	8,11	34,38	1765	149
8684	1,2	38,53	3,1	141,91	667	149
8686	0,0	43,59	2,2	56,62	1968	149
8690	2,0	4,2	3,0	0,2	350	149
8692	13,11	46,53	37,12	51,46	376	149
8694	37,42	90,90	56,34	186,129	401	149
8695	2,4	70,72	7,4	140,92	235	149
8713	2,1	51,50	3,3	81,57	415	149
8714	36,26	0,4	30,25	4,0	821	149
8719	10,3	82,54	2,3	103,49	508	149
8720	844,769	226,253	615,425	474,269	1365	149
8721	12,10	4,11	7,5	17,9	234	149
8725	61,83	0,1	68,70	0,2	500	149
8726	23,26	275,291	16,7	301,207	321	149
8727	10,26	209,215	16,3	337,254	448	149
8728	488,467	379,377	279,249	634,499	3627	149
8729	536,514	1,0	328,301	1,0	3645	149
8732	0,2	2,0	0,0	3,1	989	149
8733	0,0	2,0	2,0	0,1	1606	149
8734	38,40	866,1087	43,28	1625,1309	1916	149
8735	9,14	586,604	15,14	910,688	376	149
8736	66,89	2,0	47,56	0,0	2137	149
8737	36,29	452,536	48,67	715,526	356	149
8738	17,5	10,7	7,15	9,6	953	149
8739	8,0	121,121	3,7	156,113	950	149
8740	48,41	246,306	28,26	470,368	1105	149
8741	47,44	2,5	41,20	2,0	396	149
8742	60,54	917,926	58,44	1877,1431	410	149
8743	95,89	0,1	69,69	4,0	664	149
8744	66,56	925,920	45,67	1870,1443	328	149
8745	39,44	893,884	59,50	2013,1524	264	149
8746	94,90	1,2	87,92	0,0	551	149
8747	70,65	967,986	57,62	2378,1854	350	149
8748	129,117	2,1	103,122	0,0	808	149
8749	170,159	966,1069	145,118	2225,1734	1789	149
8750	13,22	0,0	14,16	2,0	581	149
8753	28,61	775,787	34,47	1591,1223	1048	149
8754	95,84	561,655	149,108	1428,1058	383	149
8755	64,54	0,0	91,69	1,0	272	149
8756	233,218	286,341	353,211	787,585	1182	149
8757	11,20	244,252	28,16	413,296	329	149
8758	129,172	1,1	123,110	0,0	1137	149
8759	302,336	3,6	509,418	3,3	3721	149
8765	2316,2500	0,3	4044,2788	0,2	5116	149
8766	777,813	1,1	1335,1114	1,0	1172	149
8767	3554,3861	0,2	6011,4382	0,0	6504	149
8768	1325,1435	68,57	2084,1688	41,26	1477	149
8769	4,9	100,144	8,6	89,44	340	149
8770	78,77	411,386	98,61	920,715	429	149
8771	198,158	0,0	292,180	0,2	477	149
8772	6,6	6,6	13,2	5,3	1165	149
8773	184,217	44,40	163,99	83,68	587	149
8776	2,0	0,1	0,0	0,1	1295	149
8777	4,2	0,1	0,1	4,0	403	149
8779	8,17	254,278	8,5	374,323	457	149
8780	15,24	396,393	35,22	567,434	231	149
8781	11,13	326,279	13,14	394,348	340	149
8782	2,6	81,76	4,2	148,72	516	149
8783	70,88	0,1	119,73	2,0	233	149
8787	4,7	0,5	10,0	1,0	1070	149
8789	0,3	31,33	3,2	32,30	228	149
8790	10,4	22,56	3,4	50,27	280	149
8791	9,4	50,80	3,1	108,60	225	149
8793	6,3	3,6	4,9	5,3	289	149
8794	6,3	0,2	4,8	0,0	275	149
8798	13,17	2,8	6,4	5,5	906	149
8802	50,56	0,1	37,20	0,0	813	149
8803	46,45	0,1	33,19	1,0	728	149
8805	39,38	0,1	27,17	0,0	607	149
8806	25,27	1,0	20,10	0,0	445	149
8807	4,8	46,28	9,2	47,27	326	149
8808	8,9	13,39	12,6	21,15	352	149
8810	2,8	1,0	2,2	0,3	308	149
8811	9,12	20,6	11,7	2,8	701	149
8813	6,9	7,6	2,6	5,8	388	149
8815	10,11	8,9	0,4	1,10	321	149
8821	72,68	3,4	69,57	0,0	302	149
8824	2,3	6,2	1,6	3,3	409	149
8825	2,3	2,0	1,6	2,4	412	149
8829	183,178	23,31	270,156	23,13	236	149
8830	173,185	59,75	245,233	115,63	2272	149
8831	2,1	2,0	2,2	0,0	264	149
8832	31,48	802,803	43,48	1512,1051	901	149
8833	88,88	451,469	112,55	606,426	1673	149
8834	339,306	453,523	306,265	747,529	732	149
8835	1087,1090	116,144	1106,867	233,112	3274	149
8836	812,847	427,471	862,641	774,556	2646	149
8837	423,510	16,11	453,369	15,4	1697	149
8838	31,44	586,724	50,47	1063,747	1889	149
8839	0,0	9,8	0,2	11,13	2336	149
8841	28,55	0,1	26,25	0,0	1449	149
8842	16,14	66,81	20,13	138,96	346	149
8844	1,7	0,0	11,8	2,0	314	149
8847	4,3	2,1	8,7	1,0	241	149
8851	5,3	0,0	10,4	3,2	527	149
8854	19,11	210,212	14,4	295,242	221	149
8855	0,1	275,241	6,0	537,400	292	149
8856	1,2	15,38	0,0	15,9	234	149
8857	18,23	20,44	19,13	75,62	883	149
8858	17,23	0,2	18,12	2,3	858	149
8859	25,40	1,0	41,27	4,2	926	149
8861	86,96	0,1	149,87	1,0	1079	149
8862	42,31	202,307	58,21	481,275	1058	149
8868	0,2	0,0	0,0	2,0	232	149
8872	36,27	57,71	31,25	87,70	1205	149
8873	4,0	0,0	0,0	0,4	812	149
8875	2,2	48,83	6,4	85,50	2893	149
8876	100,123	2,5	149,114	1,0	305	149
8877	11,4	0,1	13,13	0,0	317	149
8878	6,7	83,72	14,2	111,74	1621	149
8879	8,12	80,78	17,8	102,70	1135	149
8881	5364,6056	4,5	10386,7473	7,10	1162	149
8883	31,62	0,1	35,40	0,1	264	149
8884	29,57	3,3	32,35	0,0	250	149
8887	1375,1457	22,27	1962,1417	28,15	203	149
8888	1666,1765	10,13	2623,1853	9,6	263	149
8889	1691,1953	1,1	2919,1861	2,0	290	149
8890	319,369	448,578	520,396	648,518	339	149
8894	15,10	62,48	25,16	79,73	3361	149
8895	33,31	2,1	27,14	5,1	2646	149
8896	29,27	41,42	23,13	38,37	2642	149
8898	0,6	61,62	12,5	103,79	460	149
8900	4,0	49,49	6,0	82,64	227	149
8902	120,117	0,1	213,188	2,0	1013	149
8903	225,226	134,220	197,124	284,171	1576	149
8904	226,227	8,6	197,124	2,0	1580	149
8905	11,22	181,226	20,12	302,243	605	149
8916	4,6	53,33	12,12	34,38	854	149
8918	32,24	35,76	26,21	94,47	225	149
8919	13,34	47,72	17,34	88,62	378	149
8920	534,591	0,3	507,383	0,1	2799	149
8921	571,637	1,0	533,390	0,0	2932	149
8922	6,9	19,29	2,0	14,21	426	149
8923	6,9	57,54	13,8	46,45	466	149
8924	4,2	86,84	1,0	78,75	304	149
8925	43,55	9,4	66,24	4,1	301	149
8926	2,0	4,9	2,0	4,4	2923	149
8928	12,14	13,13	10,17	13,11	227	149
8929	38,43	365,355	28,35	602,425	278	149
8934	84,66	1302,1515	100,44	2452,1681	417	149
8935	431,407	1,0	543,402	0,0	1108	149
8936	437,410	0,1	546,403	0,0	1224	149
8937	449,430	1,0	554,407	2,0	1286	149
8938	1331,1364	11,19	2062,1557	6,0	252	149
8940	22,18	2,4	28,7	1,0	385	149
8942	22,18	134,146	28,8	262,205	405	149
8943	23,20	1,4	33,10	7,3	408	149
8944	24,41	65,74	40,19	137,85	454	149
8945	43,50	4,3	53,27	0,6	921	149
8946	21,10	81,80	17,13	174,120	514	149
8949	40,47	8,8	41,18	5,2	1836	149
8950	11,12	1,1	32,10	4,1	719	149
8954	23,31	30,34	21,26	25,33	977	149
8965	30,23	5,6	27,24	4,5	472	149
8966	28,20	0,0	26,22	1,0	459	149
8969	139,168	360,938	90,45	551,296	578	149
8970	418,518	5,2	277,217	2,0	1262	149
8971	0,6	7,20	6,1	22,9	293	149
8972	0,6	2,3	0,0	1,0	244	149
8973	184,263	14,16	268,229	18,20	1945	149
8974	13,22	65,76	31,18	138,82	379	149
8975	46,50	69,72	39,37	158,123	643	149
8977	198,275	13,15	512,419	20,8	629	149
8978	259,299	0,2	370,265	0,0	316	149
8979	14,12	1,0	6,9	0,0	450	149
8981	41,46	4,5	41,8	2,1	1273	149
8982	43,48	2,4	41,9	3,1	1291	149
8983	46,49	0,9	45,10	0,1	1317	149
8987	22,36	95,80	31,10	56,39	1539	149
8990	149,141	0,1	144,87	0,4	576	149
8991	161,155	10,6	151,88	3,2	690	149
8992	13,9	248,205	14,13	262,222	2096	149
8993	14,8	16,24	14,5	24,4	568	149
8994	23,27	43,41	43,17	41,40	323	149
8995	67,48	66,77	45,34	85,57	549	149
8996	58,92	106,95	37,41	143,71	1363	149
8997	55,87	1,6	33,37	0,0	1297	149
8998	89,119	0,4	66,54	1,0	1407	149
8999	92,162	1,6	88,55	5,0	242	149
9000	11,12	94,117	10,7	65,34	231	149
9001	596,649	21,16	663,526	16,2	560	149
9007	5,11	5,21	6,0	19,3	237	149
9008	69,70	771,894	94,38	814,647	2881	149
9012	75,98	53,45	167,88	75,40	2048	149
9013	2,4	234,286	16,12	392,243	1080	149
9014	83,93	92,163	85,72	128,86	511	149
9015	30,20	225,239	48,16	331,245	1861	149
9016	1,3	0,5	3,0	1,2	249	149
9017	0,9	6,6	3,0	12,7	1138	149
9018	19,26	0,0	48,19	1,0	801	149
9021	10,0	19,22	4,1	38,22	1480	149
9023	56,79	1,2	73,52	1,0	1763	149
9024	4,4	38,27	9,0	34,34	248	149
9025	14,25	2133,2387	18,13	3872,2784	250	149
9028	0,2	57,100	2,0	53,27	215	149
9030	0,3	1,4	0,0	5,3	237	149
9040	3,6	209,217	6,1	348,279	253	149
9041	39,19	202,273	36,25	415,301	964	149
9043	20,6	0,3	24,14	0,0	940	149
9046	15,7	3,9	18,5	12,6	229	149
9047	34,18	26,42	27,13	29,21	501	149
9048	19,11	0,2	10,8	6,0	285	149
9049	18,11	0,0	8,7	2,0	239	149
9051	5,5	59,76	6,9	12,14	242	149
9061	25,19	1,0	60,80	2,0	272	149
9062	41,34	189,208	33,27	275,200	694	149
9063	6,10	231,231	5,7	374,300	242	149
9064	286,358	207,219	358,308	324,250	378	149
9066	273,367	343,357	169,156	337,242	3719	149
9067	291,394	0,0	183,166	0,1	3723	149
9068	296,400	1,1	178,159	0,0	4343	149
9069	23,34	583,600	9,4	473,374	630	149
9073	455,546	1800,2167	473,371	5774,4421	2107	149
9075	2,4	182,166	1,0	184,109	611	149
9076	10,6	25,44	4,3	30,13	229	149
9077	14,28	51,81	11,6	71,43	222	149
9078	20,27	196,332	19,10	348,263	222	149
9079	56,64	227,292	62,28	483,273	368	149
9080	32,28	351,434	22,18	596,356	247	149
9083	9,11	69,93	8,3	158,98	1051	149
9086	29,39	1105,1225	32,31	2182,1589	1174	149
9087	2,0	11,22	0,0	2,14	264	149
9088	6,24	6,16	2,6	8,6	1441	149
9090	63,95	234,195	109,57	246,161	2218	149
9091	9,2	0,0	10,1	0,1	575	149
9093	4,4	4,0	13,5	0,0	1271	149
9094	4,4	0,0	13,5	2,0	1268	149
9096	66,34	360,388	63,29	461,293	3575	149
9098	170,161	2704,2957	227,191	4191,3085	233	149
9100	636,693	2,0	655,531	1,0	4206	149
9101	1,1	77,82	0,0	133,95	483	149
9104	5,3	8,8	8,0	19,5	635	149
9106	430,429	0,4	491,400	0,0	1313	149
9107	78,54	184,207	68,28	381,282	4781	149
9109	76,46	2,0	42,32	0,0	809	149
9110	26,30	3,8	28,15	6,0	297	149
9123	204,281	827,913	247,197	1614,1153	464	149
9124	405,411	716,688	418,355	1304,1014	317	149
9126	12,12	0,0	3,12	1,0	432	149
9128	52,58	38,32	49,34	47,46	340	149
9132	4,2	0,2	0,2	2,0	258	149
9139	2,1	45,30	1,0	27,18	314	149
9140	84,47	36,55	76,57	15,12	296	149
9141	172,134	0,2	175,111	2,5	403	149
9143	9,31	120,155	28,22	274,192	287	149
9144	712,787	1,4	1097,819	0,0	448	149
9146	6983,8665	91,148	11811,7475	265,163	638	149
9147	759,864	12933,16190	1162,853	20446,12400	590	149
9148	74,120	2045,2451	113,68	3342,2239	283	149
9149	54,76	7,13	89,64	11,4	617	149
9151	21,27	39,71	20,8	43,34	1343	149
9155	161,184	304,326	208,130	473,385	1096	149
9156	293,303	292,333	298,211	443,332	2156	149
9158	6,5	2,0	2,3	1,2	264	149
9160	46,47	1,0	28,19	0,0	1088	149
9161	13,15	216,233	24,21	346,243	739	149
9162	16,30	168,185	36,32	240,159	645	149
9163	7,4	185,178	7,10	312,293	242	149
9164	2,3	4,8	0,2	4,2	358	149
9165	13,18	94,106	20,9	143,98	523	149
9170	160,200	0,1	204,146	0,0	281	149
9171	29,32	72,71	22,8	76,85	1109	149
9173	158,177	3,1	186,120	0,2	407	149
9174	27,29	9,36	12,14	18,8	459	149
9175	19,34	0,4	32,7	1,6	501	149
9176	34,34	14,24	27,9	20,19	562	149
9177	13,15	135,173	18,1	293,223	2085	149
9185	23,26	5,2	35,19	1,1	633	149
9186	24,31	76,84	33,21	117,101	1211	149
9189	25,28	1,0	18,19	3,2	1464	149
9190	9,13	33,24	7,12	32,23	1418	149
9191	28,30	0,2	24,22	2,0	1497	149
9192	12,15	13,7	13,15	12,4	1451	149
9194	12,12	215,267	8,5	365,321	255	149
9195	17,23	5,5	21,11	0,0	727	149
9196	25,36	230,244	26,18	368,348	939	149
9197	18,25	251,298	10,14	436,314	811	149
9198	97,85	165,232	91,60	251,200	1108	149
9203	73,75	1,2	93,77	0,0	310	149
9204	16,14	305,337	26,27	471,368	2338	149
9206	71,49	5,1	34,49	2,0	1165	149
9207	57,43	20,19	30,45	11,15	1128	149
9210	2,0	85,88	3,1	95,68	638	149
9214	35,26	48,28	21,24	42,29	2076	149
9216	124,171	1,0	228,209	0,0	254	149
9217	106,149	0,5	187,167	1,3	220	149
9218	1499,1635	5,9	2271,1796	11,7	1039	149
9219	5625,5811	1,9	8785,6377	0,0	1384	149
9220	4156,4443	0,1	6373,4690	0,0	1142	149
9221	5686,5883	127,154	8919,6443	107,86	1400	149
9222	4217,4515	9,4	6507,4756	1,0	1158	149
9223	6439,6664	1,0	10044,7253	0,0	3073	149
9224	507,462	0,1	663,478	1,0	1597	149
9225	13,31	101,219	17,10	129,41	240	149
9230	2,2	2,0	2,0	0,0	1011	149
9236	15,22	326,425	27,28	505,409	709	149
9237	4,6	640,557	2,0	1193,914	817	149
9238	6,7	488,537	20,7	781,580	1448	149
9239	12,14	0,1	24,12	0,0	1641	149
9240	12,10	531,548	9,8	870,650	269	149
9241	15,14	605,680	18,19	1116,827	235	149
9242	38,20	2,3	50,32	14,6	2605	149
9243	27,13	529,605	23,30	1019,779	911	149
9244	38,16	0,2	35,28	0,1	1233	149
9246	159,191	65,87	267,189	144,77	889	149
9247	8,6	76,64	5,7	129,94	1779	149
9249	775,783	10,11	1214,857	19,12	251	149
9250	800,814	7,2	1257,894	0,4	368	149
9251	43,55	1063,1243	57,43	1846,1242	266	149
9256	2,5	30,26	8,10	77,55	420	149
9257	4,7	42,59	12,13	95,61	432	149
9258	14,10	69,81	24,12	121,115	1896	149
9259	6,5	77,56	8,5	195,96	1204	149
9260	9,10	65,74	22,5	149,111	1613	149
9261	26,26	51,62	82,33	118,82	3193	149
9262	103,97	2,0	241,161	2,0	245	149
9263	258,264	4,2	606,387	1,5	671	149
9264	7,14	30,33	31,16	85,53	2190	149
9267	39,37	65,61	37,28	62,40	770	149
9268	17,20	172,213	29,20	270,231	415	149
9269	13,17	7,13	23,13	17,15	346	149
9270	92,103	13,13	126,84	17,8	655	149
9271	33,47	77,117	19,14	126,80	601	149
9274	25,38	258,322	34,11	505,361	222	149
9275	24,35	6,7	30,10	22,18	192	149
9277	101,127	41,106	99,83	89,38	503	149
9279	38,64	1038,1139	67,56	2431,1643	229	149
9280	46,61	5,4	120,72	5,4	543	149
9284	23,34	745,723	51,34	1172,853	438	149
9286	32,32	13,23	59,48	10,13	1838	149
9287	92,76	4,8	130,59	2,3	1577	149
9288	2,1	0,1	1,1	0,0	2806	149
9290	19,10	2,0	15,1	0,0	591	149
9296	27,26	149,133	37,15	241,112	1243	149
9297	6,13	24,40	4,2	23,21	610	149
9306	58,74	142,195	68,29	278,232	285	149
9307	18,25	182,182	18,10	262,197	220	149
9308	60,50	201,184	58,67	311,251	752	149
9309	75,60	197,187	69,46	319,227	534	149
9310	46,38	7,6	35,27	13,3	292	149
9311	6,3	112,167	12,2	257,128	774	149
9312	17,13	182,177	3,2	316,214	238	149
9313	32,21	172,171	17,6	253,147	268	149
9315	9,15	91,116	7,1	144,88	472	149
9316	11,23	3,3	11,4	12,7	476	149
9317	174,182	35,45	270,188	63,50	519	149
9318	5,14	299,314	7,4	386,277	278	149
9319	112,105	199,255	68,54	359,255	386	149
9320	22,21	712,841	29,24	1573,1242	236	149
9323	157,154	470,489	121,80	640,470	501	149
9324	26,13	97,121	16,14	141,130	475	149
9325	0,0	40,31	0,1	49,41	256	149
9326	171,170	10,1	340,200	7,4	1390	149
9327	4,0	17,16	4,0	15,8	267	149
9328	4,2	6,16	3,1	12,7	391	149
9329	10,13	1,0	7,3	0,0	763	149
9330	5,8	11,10	1,1	20,18	340	149
9331	2,3	10,23	6,8	23,17	298	149
9332	6,6	5,8	7,0	20,11	658	149
9333	0,4	11,26	0,1	26,22	639	149
9340	1,6	127,115	5,5	174,140	290	149
9348	3,1	0,0	0,1	0,1	255	149
9350	12,3	208,250	19,21	272,210	719	149
9356	6,4	1,0	4,3	0,0	503	149
9359	19,20	0,2	13,13	0,0	2117	149
9360	22,21	4,3	14,14	0,0	2211	149
9363	15,32	83,77	39,5	173,89	243	149
9364	272,254	70,63	359,267	156,120	686	149
9365	123,126	13,4	154,143	5,5	544	149
9366	2,20	168,154	7,5	178,122	375	149
9372	252,270	3,1	486,386	2,3	314	149
9374	1,4	0,0	4,2	2,0	235	149
9377	91,83	222,268	48,48	353,282	910	149
9378	20,21	257,322	20,8	459,339	248	149
9379	50,62	350,311	60,41	629,518	279	149
9380	51,76	293,291	46,40	473,357	433	149
9385	35,40	281,299	38,31	483,305	897	149
9387	0,1	9,7	6,0	5,3	1740	149
9389	0,0	3,0	2,0	2,1	455	149
9392	21,15	46,58	24,16	58,30	484	149
9393	102,92	495,510	95,69	823,593	2153	149
9394	224,180	9,7	149,116	14,7	4738	149
9395	139,102	601,665	61,61	850,662	2659	149
9396	31,17	688,669	29,20	1340,1019	1863	149
9397	1,1	2,1	3,3	0,0	423	149
9398	34,39	635,591	20,10	1167,862	3238	149
9399	26,35	2,2	14,7	0,0	2732	149
9400	34,24	641,605	38,23	1119,750	913	149
9401	90,97	11,20	137,99	12,18	1296	149
9402	0,2	1,2	0,0	5,2	244	149
9403	1,2	27,13	1,0	28,27	265	149
9405	20,17	172,241	16,14	479,319	259	149
9406	77,58	7,3	67,61	4,6	538	149
9407	70,55	135,157	56,51	235,221	533	149
9410	8,8	52,59	0,0	17,13	1276	149
9411	222,210	5703,6289	256,210	12657,9385	428	149
9412	398,552	8077,8660	614,410	18084,13916	1024	149
9413	2948,3303	0,2	5489,4257	8,10	1060	149
9414	8159,8757	107,158	18060,13873	307,220	501	149
9415	119,138	9609,10525	122,85	21535,15601	393	149
9416	11395,12119	63,43	25703,19617	72,51	551	149
9418	35,34	143,125	44,32	262,134	395	149
9419	44,37	91,89	42,45	112,115	300	149
9422	56,56	1323,1373	54,24	2256,1548	386	149
9424	9,29	100,101	36,8	138,127	3644	149
9425	4,4	0,0	1,7	1,0	428	149
9426	0,0	8,15	1,0	8,9	321	149
9427	7,18	5,2	0,2	3,2	1000	149
9431	12,4	1,0	3,5	0,0	849	149
9432	13,7	461,516	20,7	747,620	278	149
9436	26,13	218,270	8,8	222,161	777	149
9437	1,0	228,245	2,0	138,137	244	149
9442	4,15	56,82	5,1	121,108	1736	149
9443	5,3	85,93	10,5	104,96	873	149
9445	1,2	6,7	6,0	4,2	976	149
9447	5,4	23,11	4,6	30,24	1410	149
9448	5,4	0,0	2,5	0,2	1398	149
9454	32,29	1,1	51,38	0,7	522	149
9455	84,84	950,1122	75,86	1697,1279	337	149
9456	38,39	57,66	26,28	73,54	275	149
9457	117,162	453,500	181,103	860,632	345	149
9458	21,18	241,381	9,5	365,199	228	149
9462	86,124	932,946	152,115	1819,1568	235	149
9469	383,362	10,11	427,320	1,10	637	149
9471	561,541	17,19	569,398	4,5	2057	149
9472	199,209	1223,1457	160,107	2243,1720	1723	149
9473	203,204	8,3	166,99	1,6	1531	149
9474	182,184	34,37	145,83	32,33	1447	149
9475	17,18	2,6	11,10	2,0	243	149
9476	45,44	1372,1556	46,27	2082,1655	269	149
9477	142,149	5,4	185,119	3,7	273	149
9478	106,98	1195,1204	128,84	2004,1531	317	149
9479	33,35	384,405	47,32	661,512	314	149
9480	27,28	23,22	43,32	53,34	311	149
9484	552,547	1,1	894,685	1,0	260	149
9485	29,36	247,244	41,27	394,314	2585	149
9490	4,2	2,5	0,0	9,2	935	149
9491	1,2	56,63	2,2	106,72	228	149
9492	1,6	69,89	13,10	189,121	901	149
9493	19,16	67,93	19,8	43,28	241	149
9494	0,1	3,12	0,0	9,5	251	149
9495	31,46	160,194	46,35	217,181	749	149
9496	407,445	0,1	656,507	4,0	519	149
9497	345,390	33,42	607,459	18,16	477	149
9498	697,748	6,15	1269,895	1,4	1117	149
9499	476,524	1,5	884,589	1,0	1214	149
9500	147,182	60,62	257,173	22,27	661	149
9501	12,13	9,12	16,13	11,4	1893	149
9503	59,54	0,2	52,38	2,0	2385	149
9505	144,161	3,1	165,121	3,0	2891	149
9506	77,63	0,1	70,37	0,0	1423	149
9507	73,58	3,8	56,31	2,2	1215	149
9510	14,15	233,308	13,10	434,302	497	149
9512	28,29	0,6	37,15	5,3	450	149
9513	14,30	2,1	20,7	0,0	655	149
9514	19,35	0,0	22,10	0,2	743	149
9515	33,45	241,272	36,23	330,250	991	149
9516	4982,5960	12,13	5129,3559	3,1	1292	149
9517	9,30	107,190	22,15	76,35	323	149
9518	13,5	836,852	3,0	616,446	303	149
9519	5,8	7,11	2,4	3,5	263	149
9520	7,9	5,10	1,2	6,4	388	149
9521	17,7	8,5	2,4	8,2	297	149
9522	9,15	15,25	16,5	26,9	947	149
9523	0,5	16,15	1,0	23,16	293	149
9524	18,19	4,0	14,8	0,0	1052	149
9525	76,77	0,0	113,94	1,0	280	149
9527	5,7	0,0	4,0	1,1	942	149
9534	0,3	252,210	2,3	234,155	449	149
9541	11,10	44,45	7,2	65,38	2956	149
9545	53,35	360,365	66,26	651,544	2746	149
9551	16,25	0,1	21,3	0,0	1083	149
9552	17,26	3,4	21,3	3,4	1099	149
9553	1,2	3,0	5,0	10,7	340	149
9554	10,9	1,1	22,1	0,0	579	149
9556	10,12	4,5	25,2	13,7	648	149
9557	10,11	1,0	25,2	0,0	369	149
9558	12,13	0,1	27,6	0,0	746	149
9559	12,13	0,0	27,7	1,2	776	149
9565	55,52	1,0	42,59	2,2	369	149
9566	54,49	0,1	40,57	0,0	355	149
9571	83,76	2,2	78,89	1,2	516	149
9574	2,2	36,32	5,10	48,36	283	149
9576	0,2	0,1	2,2	3,3	281	149
9580	53,78	5,1	87,64	4,6	289	149
9582	72,95	4,1	108,86	3,1	387	149
9584	22,24	61,76	8,1	60,45	850	149
9594	13,39	22,21	18,10	44,31	954	149
9595	30,40	10,37	26,16	18,11	232	149
9596	7,2	2,3	8,9	0,0	275	149
9597	9,18	108,97	7,10	175,114	265	149
9598	22,26	78,99	27,15	177,149	331	149
9599	38,49	2,1	59,48	2,1	803	149
9600	21,28	54,71	39,37	122,93	537	149
9601	8,3	89,67	9,1	147,92	232	149
9602	20,12	33,31	12,10	31,33	223	149
9603	18,16	0,1	27,9	1,0	321	149
9604	38,98	26,31	56,29	17,13	353	149
9605	37,92	5,12	52,28	6,3	305	149
9607	25,25	228,243	21,22	306,228	762	149
9608	16,28	92,136	13,7	188,84	598	149
9609	11,15	0,1	9,4	0,0	357	149
9610	13,16	797,837	20,28	1296,1066	710	149
9611	25,14	0,0	20,8	0,4	596	149
9614	41,34	381,351	17,24	745,517	520	149
9615	21,46	300,245	21,36	476,383	276	149
9616	0,0	2,2	1,1	10,7	273	149
9617	12,3	5,11	6,9	14,8	260	149
9621	375,334	103,110	399,326	107,97	2626	149
9622	22,35	259,241	31,17	294,227	227	149
9624	2,5	221,333	12,0	440,319	301	149
9625	10,37	0,0	45,35	2,0	2697	149
9629	106,100	4,11	113,79	3,2	302	149
9641	48,52	9,17	66,68	20,17	239	149
9642	48,52	23,36	63,67	32,25	229	149
9645	892,882	11,1	1706,1174	13,10	386	149
9651	2,0	23,17	0,1	18,18	233	149
9656	49,38	0,2	44,45	0,0	778	149
9657	18,10	0,0	16,12	0,1	1765	149
9658	16,7	3,4	15,8	1,1	1701	149
9659	163,158	0,1	302,229	0,0	976	149
9660	6,10	189,242	12,19	383,320	931	149
9661	330,290	141,182	404,291	332,286	3065	149
9662	6,5	142,181	9,2	275,199	230	149
9663	153,108	547,591	152,97	1281,1046	1883	149
9664	118,134	599,598	179,133	1438,1120	913	149
9666	48,51	346,356	44,32	675,504	1929	149
9667	2,7	107,176	1,1	160,55	240	149
9669	0,2	18,8	2,1	86,24	1542	149
9676	4994,5327	718,684	5675,4237	1352,1028	4089	149
9677	223,301	242,234	181,119	377,294	758	149
9679	25,27	1167,1192	34,35	1859,1247	268	149
9681	59,75	1508,1475	54,53	2808,2298	1266	149
9685	142,168	148,136	206,160	265,171	384	149
9692	12,21	47,88	18,4	107,48	236	149
9693	315,473	186,159	558,362	202,143	766	149
9694	17,16	40,37	28,23	41,35	446	149
9697	0,2	19,20	2,0	14,10	507	149
9698	0,0	4,1	0,2	1,0	447	149
9701	3,6	3,0	2,5	0,0	231	149
9703	9,22	10,22	13,14	8,9	789	149
9704	23,24	0,1	18,14	1,0	266	149
9706	6,7	2,2	13,6	6,5	529	149
9709	1,0	2,0	0,0	1,0	348	149
9710	50,73	2,2	166,112	4,11	340	149
9711	25,32	17,15	54,57	39,32	239	149
9712	20,4	50,63	1,6	133,108	253	149
9713	13,18	0,0	15,13	0,2	433	149
9714	111,148	28,31	133,125	34,18	275	149
9716	33,37	2,1	18,27	6,3	275	149
9718	172,130	0,2	37,46	1,0	515	149
9720	21,17	0,2	15,2	0,0	221	149
9721	31,26	216,204	30,10	376,258	308	149
9722	0,0	39,26	3,0	24,15	1487	149
9723	3,2	26,31	1,0	44,20	715	149
9724	11,12	46,28	21,19	38,29	1633	149
9726	4,0	2,7	1,0	2,1	234	149
9727	10,17	120,132	11,3	191,169	265	149
9730	4,2	6,6	0,0	15,14	1105	149
9736	2,5	0,0	3,4	2,1	1704	149
9737	2,5	0,0	3,4	2,0	1701	149
9744	83,96	992,1166	5,5	210,158	590	149
9745	85,83	7,13	2,3	3,3	800	149
9746	28,20	1267,1544	0,2	286,202	242	149
9747	197,148	651,718	10,18	122,70	723	149
9748	11,5	139,205	0,2	13,20	394	149
9749	64,70	30,49	124,70	35,12	329	149
9750	141,136	602,605	103,81	700,466	1242	149
9751	2,0	2,0	2,0	0,0	856	149
9752	3,0	26,26	2,0	40,16	978	149
9754	1,4	16,23	2,2	36,16	451	149
9763	1,1	111,171	7,2	139,118	234	149
9765	0,1	9,8	0,1	5,5	256	149
9766	0,0	14,21	0,2	13,11	253	149
9771	10,15	126,125	18,12	264,212	3291	149
9772	1390,1380	0,1	2437,1803	2,2	1441	149
9775	28,43	53,68	65,66	117,89	585	149
9776	57,73	0,0	99,86	1,0	669	149
9777	297,319	39,47	333,365	58,54	2129	149
9778	8,5	27,47	13,3	68,65	339	149
9783	18,24	3,3	7,4	2,0	1187	149
9784	15,23	2,0	17,22	0,0	254	149
9785	42,26	1,1	56,39	1,0	482	149
9786	19,28	8,8	20,23	3,2	284	149
9787	57,83	485,612	49,60	1138,794	3926	149
9788	3,13	0,3	1,4	0,0	437	149
9789	5,14	15,50	1,4	18,0	643	149
9792	44,35	0,4	71,84	3,3	305	149
9793	10,10	4,8	10,10	12,10	383	149
9794	166,207	167,147	125,99	274,194	1740	149
9797	56,79	42,34	27,31	17,15	1218	149
9800	10,11	16,27	5,4	41,12	534	149
9801	10,12	2,0	5,4	0,0	735	149
9802	0,3	15,17	0,0	21,8	233	149
9803	8,11	13,20	4,2	23,12	261	149
9805	38,35	0,3	45,39	0,0	262	149
9806	59,69	149,170	57,57	269,206	336	149
9807	55,67	2,8	48,56	7,5	318	149
9809	12,9	435,440	10,10	780,594	479	149
9810	21,17	336,376	27,25	700,495	246	149
9811	14,12	2,0	24,17	10,1	219	149
9815	3,2	0,0	4,8	1,0	324	149
9816	1,2	9,5	3,6	12,9	301	149
9820	5,3	396,394	10,10	524,373	279	149
9821	71,48	3,5	27,23	4,7	253	149
9823	0,0	2,4	2,0	2,0	1854	149
9827	2,0	0,1	0,0	0,1	413	149
9828	3,0	5,6	1,0	6,0	425	149
9829	1,0	3,6	0,2	4,1	275	149
9832	343,350	7,4	751,611	7,5	546	149
9833	618,641	1,0	1351,1086	2,0	976	149
9834	3,9	325,340	8,6	611,465	324	149
9835	16,11	274,322	11,5	541,384	225	149
9836	9,3	224,212	5,7	360,271	255	149
9838	73,120	5,5	133,124	12,9	659	149
9846	16,8	252,257	0,0	0,2	301	149
9848	0,0	6,18	2,0	11,11	242	149
9850	161,154	0,1	188,137	0,0	1021	149
9851	4,0	8,7	7,2	13,8	433	149
9861	4,6	1,0	15,4	0,0	755	149
9870	61,60	144,127	86,73	297,215	325	149
9871	1352,1434	0,5	2314,1549	0,1	721	149
9872	4,3	0,2	8,0	6,1	2851	149
9873	15,10	81,104	10,4	159,109	649	149
9875	35,14	0,1	25,14	0,0	1020	149
9876	63,57	136,161	57,29	321,222	2911	149
9877	34,44	4,3	33,17	1,3	1972	149
9878	90,68	126,127	71,55	269,133	2810	149
9883	3,12	32,57	6,23	53,36	794	149
9884	1,1	45,20	8,3	58,32	3088	149
9885	1,0	41,46	3,4	75,62	367	149
9886	76,120	3,2	95,75	2,0	3867	149
9893	98,101	29,57	105,51	69,45	1816	149
9894	99,101	4,9	105,51	7,9	1819	149
9895	11,6	0,9	5,4	3,2	233	149
9897	10,10	143,155	6,8	273,197	630	149
9898	37,24	2,0	20,25	1,0	1977	149
9899	27,14	87,102	14,17	178,135	1347	149
9903	176,166	2,2	143,110	1,0	289	149
9904	49,62	806,804	57,23	1012,791	233	149
9905	95,127	703,760	79,53	1008,777	1086	149
9906	3,0	3,3	1,2	6,1	325	149
9911	1,2	1,2	4,6	3,0	1113	149
9912	1,1	0,0	4,4	0,2	855	149
9913	2,5	2,0	8,9	0,0	1415	149
9914	0,0	114,108	2,2	213,121	1543	149
9915	12,13	20,61	21,8	63,78	2521	149
9917	12,7	11,14	21,17	2,1	320	149
9918	0,0	18,14	1,0	9,8	558	149
9920	3,8	0,1	10,6	0,0	240	149
9921	7,3	4,7	2,0	11,10	1335	149
9924	474,454	3040,3570	662,487	5048,3148	1413	149
9925	14,19	308,377	12,13	707,495	1208	149
9926	47,69	1,0	108,87	3,0	1215	149
9927	5,10	760,821	18,8	1546,1058	432	149
9929	10,20	1,1	6,12	0,0	487	149
9930	8,7	16,36	5,10	18,16	432	149
9931	96,87	18,16	66,45	21,21	694	149
9933	5,16	1,1	16,5	1,0	379	149
9934	25,21	16,21	24,20	39,13	1182	149
9937	0,3	0,0	0,0	3,2	324	149
9938	18,34	0,0	22,22	2,3	699	149
9940	1,0	26,22	0,0	18,9	231	149
9944	190,231	36,26	137,96	25,4	1235	149
9945	185,226	5,3	136,93	4,4	1232	149
9947	32,55	304,398	36,28	195,156	376	149
9948	7,4	0,2	8,4	0,0	427	149
9949	7,6	96,137	11,6	209,134	432	149
9950	14,22	20,33	21,16	31,27	3517	149
9954	13,13	121,108	17,9	178,116	838	149
9955	165,163	91,82	131,105	145,98	1433	149
9957	28,29	105,93	32,30	157,108	1337	149
9958	34,26	0,1	35,30	0,2	2092	149
9959	7,2	128,98	5,0	181,118	840	149
9960	5,1	60,103	2,3	183,108	229	149
9961	5,5	2,0	11,10	0,0	233	149
9962	638,682	11,14	903,609	5,5	1159	149
9964	3,15	97,104	8,6	225,209	3045	149
9968	83,67	0,1	34,34	1,2	1421	149
9969	59,47	2,4	21,28	0,0	979	149
9970	57,47	2,0	21,27	0,0	962	149
9974	274,275	21,25	197,94	22,10	3530	149
9978	68,75	2,7	54,45	1,2	308	149
9980	14,10	0,1	26,19	2,3	328	149
9981	63,66	1,2	106,70	0,0	251	149
9983	56,64	1,1	73,35	0,0	914	149
9984	98,88	29,40	60,32	43,29	3418	149
9988	214,206	1,0	273,217	0,0	264	149
9989	17,23	524,460	26,10	624,432	478	149
9990	160,203	5,5	147,90	10,3	1586	149
9991	0,0	0,2	4,0	1,0	219	149
9994	3,1	30,32	1,1	51,40	367	149
9999	56,62	123,164	55,45	250,172	429	149
10000	138,117	2893,2999	108,101	5363,3782	463	149
10001	32,44	139,124	50,30	177,145	544	149
10002	10,10	144,120	20,13	167,125	501	149
10003	9,15	138,132	0,3	95,107	796	149
10007	249,215	167,201	341,307	320,202	563	149
10008	3,11	1,3	15,8	2,1	2829	149
10009	2,4	114,141	6,2	125,108	2823	149
10010	4,11	11,14	2,2	9,2	666	149
10014	8,12	9,8	7,5	8,1	283	149
10017	8,11	2,2	9,6	2,0	717	149
10021	13,11	3,7	23,8	2,0	240	149
10022	1645,1732	3,0	3221,2353	0,0	1031	149
10023	294,393	219,278	358,274	394,202	1401	149
10024	46,45	5,2	96,66	1,1	618	149
10025	53,49	51,71	105,74	78,59	687	149
10026	96,106	54,33	154,119	53,30	1551	149
10029	3,1	35,42	8,8	104,78	232	149
10031	25,16	0,1	23,14	1,0	987	149
10032	147,162	1,4	259,236	2,2	11605	149
10049	1,0	0,2	0,0	4,0	352	149
10051	29,33	141,134	19,30	161,119	264	149
10052	35,42	212,194	25,25	363,284	249	149
10053	50,64	243,209	43,45	456,316	223	149
10054	109,136	4,3	117,96	0,2	411	149
10055	74,83	290,288	97,62	480,376	233	149
10067	0,0	156,157	5,3	366,233	258	149
10069	4,5	225,236	5,1	242,200	1223	149
10071	14,7	60,58	11,6	80,52	677	149
10072	23,11	73,77	12,10	81,42	388	149
10075	0,1	1,0	5,2	0,0	723	149
10076	6,4	73,50	0,2	65,60	722	149
10077	3,6	618,586	3,0	863,618	330	149
10079	30,21	79,66	26,22	151,115	371	149
10080	38,30	1,3	44,28	0,0	770	149
10081	38,30	10,3	44,28	1,0	774	149
10082	8,2	94,77	19,8	169,115	270	149
10083	14,13	4,3	48,32	0,2	296	149
10084	7,9	100,63	13,7	191,143	240	149
10085	40,27	3,2	38,20	9,5	323	149
10086	38,25	70,95	35,17	160,102	319	149
10087	5,1	3,0	4,8	3,0	228	149
10088	8,4	14,11	18,16	30,14	251	149
10089	7,2	47,60	5,9	131,68	246	149
10090	3,7	0,3	8,9	0,1	317	149
10091	0,2	0,2	0,0	1,0	707	149
10095	295,340	10,1	508,326	2,1	1136	149
10096	25,37	434,527	27,23	661,545	1045	149
10099	101,77	16147,16689	89,68	31534,22394	253	149
10100	374,298	83,106	408,286	12,11	1746	149
10101	245,236	10,7	495,423	25,20	1128	149
10103	302,294	2,0	643,501	0,0	1380	149
10104	60,61	21,36	32,28	20,18	326	149
10106	1618,1790	2,6	2114,1530	2,1	1604	149
10107	336,348	7,5	484,377	1,1	412	149
10108	968,954	75,86	1267,909	95,59	1100	149
10109	42,40	400,415	47,24	532,372	1101	149
10111	273,324	11,6	297,219	14,12	1419	149
10112	83,131	261,250	73,50	300,197	1347	149
10113	124,170	4,8	116,72	0,0	2441	149
10114	304,367	0,1	333,251	0,0	1451	149
10115	114,174	1,4	109,82	2,4	1379	149
10117	54,44	219,234	25,26	263,176	316	149
10121	51,51	4,1	54,49	2,0	649	149
10122	56,34	4679,5175	89,46	9468,7068	446	149
10123	276,282	3459,4019	303,259	7175,5239	347	149
10124	1668,1933	29,26	3066,2024	23,31	443	149
10125	2384,2762	5,8	4223,2866	0,1	491	149
10126	1439,2170	1,2	2117,1238	0,0	425	149
10133	4,6	110,122	11,6	207,111	661	149
10134	22,14	4,1	15,8	4,3	851	149
10135	53,39	497,529	43,30	851,550	357	149
10136	36,23	513,527	46,25	862,511	1518	149
10137	48,34	4,9	42,6	6,4	1699	149
10138	72,58	311,364	68,33	624,375	1976	149
10139	25,29	3,8	26,27	4,4	357	149
10144	90,129	97,90	115,71	171,94	1046	149
10149	39,38	0,0	27,23	7,1	1253	149
10150	6,2	35,23	2,2	34,22	1118	149
10153	183,185	21,15	148,92	11,13	322	149
10154	175,178	188,245	133,88	263,181	317	149
10155	104,107	64,105	66,47	67,80	1691	149
10157	118,120	5,18	84,60	24,14	1727	149
10158	129,141	11,21	96,74	30,11	1766	149
10159	135,147	0,0	107,82	1,0	1775	149
10163	2,3	107,110	4,4	134,95	259	149
10164	25,35	85,82	29,17	108,83	652	149
10165	11,15	5,8	20,3	9,8	262	149
10166	83,79	49,55	114,143	70,65	267	149
10167	83,80	65,65	114,143	82,86	275	149
10175	47,57	287,341	81,40	550,417	5445	149
10176	1,7	178,182	2,3	312,220	827	149
10177	325,345	138,158	417,259	262,208	5889	149
10178	305,312	3,8	400,249	6,5	5635	149
10179	1,0	175,145	0,2	297,208	447	149
10180	361,330	6,16	259,187	2,11	2566	149
10181	24,15	43,43	11,12	32,18	243	149
10182	424,460	5760,6632	335,308	13658,10543	1155	149
10183	21,27	2279,2488	16,8	3012,2216	643	149
10185	42,40	2105,2172	17,25	3342,2493	385	149
10186	216,236	1819,1872	186,149	2623,1960	667	149
10187	348,463	2,2	400,298	0,0	1290	149
10188	444,579	1,0	468,314	0,0	2025	149
10189	143,204	0,2	135,55	0,0	1349	149
10190	770,928	7,6	1356,962	10,4	805	149
10191	123,167	2057,2465	117,70	3750,2655	760	149
10193	5,1	93,116	1,2	216,127	552	149
10195	221,228	71,70	252,156	94,68	5814	149
10196	66,80	56,71	47,70	132,79	1175	149
10197	65,79	2,1	42,62	0,3	1162	149
10198	64,79	1,4	42,62	7,0	1156	149
10199	83,90	0,1	78,83	3,1	1223	149
10201	135,153	1,2	126,136	0,0	2872	149
10203	133,152	2,0	121,128	1,0	2853	149
10204	65,69	46,39	67,62	107,55	1674	149
10205	9,6	88,77	9,11	225,107	508	149
10206	62,69	834,968	99,106	1941,1456	601	149
10208	0,2	5,2	0,0	1,1	258	149
10209	8,15	18,28	0,0	9,9	335	149
10210	4,4	58,75	0,0	15,15	243	149
10211	4,7	37,42	2,0	13,4	1688	149
10213	3,2	17,25	0,0	19,4	247	149
10215	0,0	37,45	0,4	37,29	238	149
10216	0,1	485,467	2,3	911,683	319	149
10217	18,17	396,441	25,11	757,570	451	149
10218	28,40	258,295	51,34	350,243	478	149
10220	46,31	1,0	63,81	2,1	1657	149
10221	27,24	0,0	48,56	2,0	1379	149
10223	5,3	0,0	12,0	2,0	522	149
10225	12,5	1,0	17,5	0,0	887	149
10228	2,1	21,26	2,0	9,8	504	149
10230	31,35	219,241	52,51	416,242	953	149
10231	111,166	0,0	219,140	4,0	1088	149
10232	9,14	455,499	12,6	664,525	725	149
10233	16,22	0,1	23,17	0,0	732	149
10235	22,14	311,337	44,26	384,286	2186	149
10236	96,76	432,527	90,61	655,569	2253	149
10240	12,12	115,128	3,6	247,123	480	149
10241	330,344	5,2	375,309	0,0	247	149
10243	172,137	4843,4394	143,111	7172,5210	354	149
10244	59,43	42,29	104,66	53,37	1488	149
10245	32,25	12,14	27,8	24,6	839	149
10247	11,20	0,4	10,8	1,3	248	149
10249	0,2	14,4	3,4	11,8	409	149
10250	2,2	0,5	5,2	0,1	284	149
10251	8,12	0,1	10,9	0,0	1016	149
10252	89,132	95,69	125,102	122,78	368	149
10255	120,155	87,127	128,75	130,98	962	149
10257	239,216	46,36	286,209	76,56	3237	149
10258	12,23	103,116	14,15	185,135	961	149
10259	4,5	26,42	11,0	16,14	229	149
10260	83,84	9,5	66,51	6,4	291	149
10261	72,80	7,8	58,40	1,1	270	149
10262	140,137	4,4	108,84	6,6	547	149
10266	68,70	137,124	61,38	248,169	229	149
10267	30,26	107,136	21,21	214,148	237	149
10268	3,3	12,18	2,0	7,4	237	149
10269	123,149	0,2	154,113	2,1	457	149
10270	123,149	3,13	154,113	4,1	398	149
10272	168,141	4,5	152,102	4,0	387	149
10273	168,149	90,78	153,104	72,53	401	149
10274	122,95	11,6	105,80	8,9	431	149
10275	84,76	2,2	21,23	0,0	790	149
10286	80,101	184,265	66,52	348,247	1669	149
10287	37,45	283,287	34,37	536,413	303	149
10288	158,187	0,0	102,81	0,2	1397	149
10289	138,156	261,254	80,65	436,343	1135	149
10290	256,309	0,1	260,217	0,0	1457	149
10291	236,278	6,17	238,201	4,6	1195	149
10292	30,27	0,0	27,11	0,1	240	149
10293	23,32	1,3	18,10	4,2	231	149
10295	27,43	2,3	44,42	2,4	1050	149
10296	24,36	75,132	30,32	132,94	1568	149
10297	95,182	1,0	105,53	1,0	268	149
10298	95,58	19,18	114,62	24,12	2094	149
10299	96,58	11,14	115,63	9,6	2268	149
10300	8,2	10,11	2,3	12,4	267	149
10302	11,23	3,4	8,3	1,0	459	149
10303	11,22	0,1	8,3	0,0	399	149
10307	68,66	4,11	55,28	10,5	322	149
10308	108,98	4,4	77,44	10,0	581	149
10309	101,90	3,3	73,41	5,2	557	149
10311	151,123	2,2	133,107	0,3	659	149
10314	35,26	0,2	20,19	0,0	447	149
10315	2,6	4,2	2,0	1,1	347	149
10316	61,131	91,106	58,30	73,60	721	149
10317	7,12	383,510	9,10	447,362	1972	149
10318	10,11	2,10	4,10	0,0	827	149
10319	67,41	589,664	23,25	730,534	3366	149
10321	26,38	400,458	44,32	551,340	2122	149
10322	3,5	2,0	4,1	0,0	2103	149
10324	164,219	0,2	229,153	0,0	2183	149
10325	21,32	1,5	13,6	2,1	577	149
10326	8,16	8,10	5,2	12,20	560	149
10327	0,2	0,1	2,0	0,0	402	149
10330	111,116	3,2	85,65	0,0	242	149
10336	35,29	1,1	34,14	2,2	2226	149
10337	169,157	3,2	236,151	1,0	2346	149
10339	38,36	739,636	35,19	992,738	2306	149
10340	14,15	674,630	11,8	1145,768	464	149
10341	10,16	680,748	14,4	1195,806	838	149
10343	47,56	425,450	37,13	676,535	283	149
10344	28,25	469,454	33,28	704,595	349	149
10345	47,34	491,535	26,28	807,612	278	149
10346	34,54	82,180	70,39	142,76	426	149
10347	10,27	4,2	38,22	0,3	357	149
10348	4,12	341,365	17,13	455,332	1009	149
10349	39,53	6,3	49,37	2,2	2888	149
10350	43,51	286,370	42,28	467,358	1937	149
10351	195,208	1,4	97,111	0,1	2743	149
10352	195,211	228,256	97,111	336,262	2759	149
10353	20,17	122,112	12,10	187,109	2547	149
10354	21,11	1,2	21,10	0,0	2750	149
10355	3,1	97,75	11,6	130,116	2731	149
10356	61,47	75,73	30,41	163,84	1101	149
10357	10,6	68,100	14,8	136,89	234	149
10359	3,4	0,2	4,4	0,0	309	149
10360	10,7	2,1	15,8	0,0	478	149
10361	3,4	50,77	4,4	79,68	314	149
10362	1,0	54,62	2,1	111,73	234	149
10363	1,1	78,117	1,0	177,117	623	149
10364	2,3	1,0	9,8	0,0	3886	149
10365	0,0	80,64	7,7	105,77	3882	149
10367	6,0	2,1	7,8	1,0	3887	149
10369	2,3	304,339	3,3	618,469	1030	149
10370	3,10	289,364	22,8	589,461	913	149
10371	21,32	274,282	39,25	511,384	1610	149
10377	37,23	3,7	73,52	15,16	509	149
10378	2,2	2,9	8,0	12,15	1362	149
10379	398,454	2,5	329,285	0,0	1610	149
10381	28,48	100,71	48,42	117,92	668	149
10387	78,82	3,4	73,49	5,8	784	149
10388	57,77	6,8	89,51	6,2	411	149
10390	300,308	14,16	291,206	25,20	480	149
10391	248,238	109,124	244,169	177,116	416	149
10396	10,1	8,17	0,0	5,10	1990	149
10397	0,5	11,7	0,0	3,13	590	149
10398	0,1	11,7	0,0	5,2	353	149
10399	3,6	14,8	2,0	7,11	475	149
10401	1,5	3,0	2,0	0,1	413	149
10402	0,1	22,6	0,0	7,13	329	149
10403	2,4	11,9	1,0	11,14	493	149
10407	6,6	5,11	0,1	3,4	475	149
10408	23,26	434,479	21,11	632,470	1039	149
10419	0,0	2,0	2,2	0,0	528	149
10420	0,2	0,2	0,0	2,2	700	149
10423	731,830	17357,17851	1307,997	32827,25005	767	149
10424	11560,12340	137,118	23221,17879	311,212	823	149
10426	34,42	301,254	29,23	244,224	1507	149
10427	49,59	2,0	52,34	0,0	1520	149
10428	8,0	3,7	1,0	3,0	300	149
10429	37,43	1,1	26,20	9,0	1794	149
10430	11,8	198,207	2,1	229,175	321	149
10431	19,21	429,473	16,10	475,333	998	149
10438	16,10	12,13	17,28	16,5	253	149
10439	73,60	102,94	91,81	168,119	1048	149
10440	51,47	1,4	69,47	2,3	782	149
10441	8,10	141,168	0,0	227,152	839	149
10442	283,283	3,9	209,169	7,2	2642	149
10443	29,40	1044,1084	44,46	1347,948	258	149
10447	39,70	58,93	46,25	85,43	902	149
10448	15,5	3,0	2,1	0,0	932	149
10449	166,134	116,86	171,138	98,71	1203	149
10450	27,27	8,8	55,29	4,2	259	149
10451	30,29	1327,1624	55,30	2024,1593	280	149
10455	5,3	33,28	16,4	60,35	418	149
10457	1,3	11,16	0,2	9,11	1141	149
10459	59,71	136,283	52,34	288,128	1983	149
10460	149,127	5599,6331	172,121	10097,7623	1323	149
10461	83,73	4987,6109	92,38	9975,7322	430	149
10463	72,93	3930,4233	143,98	6495,4973	246	149
10465	44,43	3838,4169	40,11	6576,5154	777	149
10466	203,212	511,618	312,226	750,553	1142	149
10467	1015,1080	1528,1639	977,826	2588,1893	2445	149
10468	135,136	6,13	78,57	2,1	687	149
10469	3,1	123,158	1,0	181,136	917	149
10471	8,12	0,2	10,4	1,0	791	149
10472	43,41	0,3	34,24	1,2	956	149
10473	15,15	104,102	13,6	146,91	915	149
10474	21,20	14,18	21,13	22,11	2913	149
10475	40,62	2,6	98,110	1,3	441	149
10476	113,157	6,6	241,200	4,2	3476	149
10477	132,179	2,0	285,219	1,3	3801	149
10478	12,12	1,2	35,14	3,1	262	149
10483	1,4	0,0	7,1	2,0	1375	149
10485	0,2	1,0	6,1	2,0	1259	149
10489	314,332	3,7	269,236	0,6	612	149
10490	1,3	71,93	1,3	83,80	232	149
10491	6,4	165,153	6,6	159,130	250	149
10495	417,411	5786,6329	244,188	10653,7558	441	149
10496	143,152	3114,3939	132,132	6190,4275	235	149
10497	279,299	0,1	194,185	0,0	462	149
10498	202,234	2566,3376	152,126	5658,3936	283	149
10499	459,516	0,4	588,401	3,1	263	149
10500	469,538	3,3	602,424	1,2	269	149
10502	6961,7586	5,4	9707,8213	3,1	179	149
10503	31,22	8,4	26,27	6,5	431	149
10505	33,32	1191,1371	33,29	2017,1536	644	149
10507	447,417	3,0	521,382	0,0	370	149
10508	680,710	4,0	842,642	0,0	217	149
10509	8,6	2,2	21,10	1,2	496	149
10514	2,0	6,10	5,0	3,10	282	149
10516	2,10	8,13	2,6	12,14	1134	149
10518	3,5	0,0	6,2	2,0	325	149
10519	0,2	11,7	3,0	11,12	295	149
10520	0,2	1,0	2,0	1,0	283	149
10521	0,0	12,6	2,9	11,7	519	149
10529	4,6	11,33	3,0	14,4	265	149
10530	2,5	61,115	5,0	73,34	225	149
10531	7,15	8,1	3,10	5,1	393	149
10532	7,16	160,216	3,10	261,166	235	149
10534	11,22	2,1	15,17	4,2	238	149
10535	96,82	28,29	59,34	23,16	1572	149
10536	71,63	251,320	36,31	419,317	665	149
10537	14,37	318,368	34,15	402,315	222	149
10538	65,90	22,47	94,70	23,16	239	149
10539	12,15	11,28	5,5	11,4	231	149
10540	26,36	1,2	9,10	0,0	263	149
10541	0,3	96,132	2,4	151,104	230	149
10542	16,19	37,54	7,5	30,18	253	149
10543	19,16	157,177	6,7	166,147	285	149
10546	0,2	7,2	0,5	0,0	314	149
10547	0,2	4,14	0,0	9,0	230	149
10549	1,2	8,16	0,0	10,2	250	149
10551	0,0	7,1	3,0	1,0	258	149
10553	5,4	0,1	1,0	0,0	221	149
10555	6,10	1,4	4,0	1,0	495	149
10556	15,41	3,3	21,14	0,1	2870	149
10557	9,34	6,22	14,14	10,2	2056	149
10558	12,31	423,577	16,19	718,423	238	149
10560	2,3	254,314	0,2	492,331	248	149
10561	87,128	105,97	75,36	122,109	412	149
10562	167,183	319,355	237,115	598,432	2130	149
10563	50,52	468,496	31,17	512,439	289	149
10564	309,381	329,309	380,339	325,270	367	149
10567	13,20	10,13	22,17	18,6	303	149
10568	4,7	22,29	6,4	36,22	416	149
10570	4,8	28,19	6,10	32,26	220	149
10571	20,27	2110,2139	17,13	3201,2210	512	149
10578	4,3	146,182	0,6	293,133	683	149
10580	29,42	336,340	20,21	449,352	1114	149
10581	26,29	4,8	27,21	4,6	338	149
10585	2,1	1,0	4,2	1,0	440	149
10589	4,7	0,0	5,7	0,4	261	149
10595	465,563	3,16	385,257	6,5	3135	149
10596	5,1	5,9	10,2	7,5	250	149
10597	3,6	2,0	0,0	2,5	1000	149
10600	1369,1532	14,6	2388,1728	9,3	3447	149
10601	7,6	0,1	0,4	0,0	886	149
10603	8,8	705,803	11,4	1432,924	1378	149
10604	17,20	0,0	22,8	0,2	1770	149
10606	19,25	859,963	26,10	1582,1162	1800	149
10607	481,497	5,6	811,553	7,6	1862	149
10608	1,1	681,798	1,6	1298,1029	366	149
10609	1,0	0,1	1,6	0,0	323	149
10610	597,648	0,0	1106,778	2,0	351	149
10611	1145,1313	14,12	1968,1420	11,6	558	149
10612	718,818	3,3	1292,928	4,3	413	149
10613	677,753	0,2	1214,879	0,0	392	149
10614	1988,2311	8,6	2812,2140	13,15	3324	149
10615	46,57	10,14	27,42	14,11	349	149
10616	314,423	0,0	438,350	2,0	1153	149
10618	475,520	2114,2447	385,349	3771,3307	715	149
10619	4548,4743	3,5	8611,6363	6,1	755	149
10620	664,758	55,49	664,481	19,18	679	149
10621	4567,4769	5,9	8673,6395	12,3	759	149
10622	683,784	6127,6582	726,513	13041,9919	683	149
10623	4711,4868	0,1	9009,6590	0,0	795	149
10624	9,19	2,5	6,10	7,9	382	149
10625	55,74	1,0	106,65	0,5	434	149
10626	52,71	0,3	98,62	0,0	411	149
10631	12,19	1,1	5,10	1,1	1879	149
10632	12,11	0,0	13,5	2,0	234	149
10634	69,82	59,57	59,30	128,75	2094	149
10635	39,31	605,558	35,23	547,433	457	149
10636	0,1	3,3	0,1	2,4	440	149
10637	15,20	15,5	18,13	17,9	922	149
10638	6,4	15,20	6,1	8,7	626	149
10641	41,37	128,125	21,17	219,154	1709	149
10642	28,21	145,138	13,10	189,137	1027	149
10646	2,2	6,9	6,5	9,6	985	149
10647	26,23	136,179	21,15	291,183	274	149
10649	5,12	2,0	6,2	0,0	288	149
10653	95,115	61,70	131,95	67,51	772	149
10654	89,113	0,1	127,92	0,0	729	149
10655	8,10	92,96	5,4	113,83	250	149
10656	60,56	13,6	48,24	11,8	1804	149
10657	9,9	14,29	0,2	13,12	707	149
10665	1029,1062	27,22	2248,1568	28,20	433	149
10669	32,60	95,125	26,9	127,99	219	149
10670	6,1	43,111	2,0	60,25	304	149
10671	610,703	16,14	1098,815	3,6	627	149
10675	252,280	3,4	420,309	6,2	316	149
10676	4,4	18,11	5,4	23,30	250	149
10677	4,4	21,13	5,4	28,18	254	149
10678	10,17	2,2	14,18	2,5	289	149
10680	371,389	7870,8873	508,317	15713,11555	407	149
10681	2,2	0,3	4,4	0,2	761	149
10682	4,1	0,3	3,0	0,1	474	149
10683	1,3	7,11	2,1	0,5	221	149
10684	43,31	3,1	32,19	3,0	617	149
10685	12,12	287,334	12,6	378,248	447	149
10687	2,3	0,0	5,0	5,2	222	149
10689	174,183	5,7	216,174	2,6	264	149
10691	193,208	3,3	297,207	1,1	245	149
10697	10,21	20,33	8,8	50,46	539	149
10699	24,3	2,5	20,10	4,4	1536	149
10700	0,2	28,35	5,1	46,48	308	149
10701	1,0	0,4	2,0	0,0	1483	149
10702	24,49	97,110	71,40	200,128	599	149
10703	19,32	0,0	41,34	4,0	449	149
10704	21,39	36,50	47,34	61,43	558	149
10705	95,76	26,27	59,67	35,29	1358	149
10706	91,75	4,1	55,65	2,5	1337	149
10714	4,5	2,6	14,4	16,6	233	149
10715	51,42	314,321	39,15	572,369	1272	149
10716	1209,1184	1,0	790,533	0,0	4084	149
10718	1343,1351	268,300	901,613	406,269	4601	149
10719	88,100	10,10	73,53	1,8	357	149
10721	15,20	188,203	18,9	211,194	522	149
10722	6,7	189,203	3,1	164,115	232	149
10726	62,62	348,361	38,26	455,372	874	149
10727	85,108	2,1	118,88	0,1	1444	149
10730	12,23	40,23	29,27	53,58	341	149
10731	8,13	16,13	5,2	14,15	276	149
10733	4,6	28,26	5,3	30,28	239	149
10735	7,12	46,49	3,9	38,16	240	149
10736	4,0	3,4	4,2	1,1	222	149
10737	5,3	1,0	4,2	0,0	232	149
10738	9,3	2,0	6,3	0,2	270	149
10739	7,2	1,1	6,2	0,0	389	149
10740	5,6	1,0	9,0	0,0	501	149
10741	5,6	2,0	9,0	2,2	516	149
10742	447,523	2,1	727,534	1,0	218	149
10743	240,231	12,8	445,303	10,2	267	149
10754	356,370	24,23	485,372	10,3	1188	149
10755	219,230	41,35	264,199	45,30	362	149
10766	9,6	93,116	10,16	115,69	243	149
10769	6,3	4,9	0,0	8,4	369	149
10770	29,23	500,489	20,15	611,403	359	149
10771	291,368	407,384	79,65	514,412	913	149
10773	10,9	4,13	0,0	2,0	508	149
10775	11,14	19,18	22,6	12,4	229	149
10776	7,2	81,83	4,4	96,71	1322	149
10778	15,15	404,407	23,17	587,378	427	149
10782	2,6	2,3	6,2	0,0	546	149
10783	2,15	2,2	12,9	4,2	232	149
10784	2,15	1,0	12,9	1,0	258	149
10786	303,304	7,6	554,403	0,3	239	149
10789	1,0	1,0	1,0	0,0	468	149
10790	111,168	1,0	102,78	3,1	666	149
10791	37,34	27,43	26,19	41,21	241	149
10792	131,112	12,18	45,53	37,21	508	149
10793	3,4	538,641	9,5	856,546	242	149
10794	111,150	4,14	209,131	5,9	271	149
10797	12,20	12,18	14,20	28,12	997	149
10799	71,96	4088,4671	63,48	5006,3788	771	149
10800	107,107	3057,3276	69,81	3387,2398	2392	149
10801	38,40	2501,2831	50,22	3050,2266	789	149
10802	161,188	1,5	204,129	2,0	793	149
10803	2,0	37,40	4,4	41,42	245	149
10804	62,66	2,4	141,83	3,5	335	149
10805	5,1	97,85	12,2	152,99	227	149
10807	83,101	0,0	110,117	1,0	328	149
10808	75,83	3,10	85,99	21,14	256	149
10809	224,296	2,0	392,231	5,1	318	149
10810	257,326	4,3	475,280	2,0	364	149
10811	324,347	3469,4027	205,135	2782,1809	589	149
10812	182,203	0,1	49,48	0,0	571	149
10814	8,2	5,13	5,6	5,5	1316	149
10815	1,2	1,5	1,1	3,11	252	149
10816	38,53	5,15	41,30	4,11	332	149
10827	41,34	1319,1207	17,17	1660,1471	366	149
10828	29,36	346,427	29,24	534,308	245	149
10829	103,97	436,556	114,60	449,315	270	149
10830	27,41	782,794	31,12	1107,723	236	149
10831	51,53	1,0	29,9	1,3	749	149
10832	37,36	774,703	20,7	1109,866	265	149
10833	55,94	1,0	111,64	1,0	275	149
10835	33,58	0,0	138,134	1,0	617	149
10837	9,12	311,354	16,3	365,273	234	149
10838	13,12	83,112	10,0	74,41	236	149
10839	130,180	16,8	161,79	9,10	502	149
10840	43,41	1121,1128	28,23	1160,990	359	149
10841	373,414	584,588	307,219	738,608	1933	149
10843	144,222	31830,37968	5,6	485,309	234	149
10844	47,59	343,343	87,50	475,384	397	149
10845	202,249	0,1	298,181	0,0	405	149
10846	41,42	99,63	49,44	75,65	330	149
10847	18,9	347,367	6,16	506,397	315	149
10848	9,4	381,403	0,5	652,463	251	149
10850	30,58	0,0	46,38	1,2	263	149
10851	33,65	96,106	47,39	134,81	276	149
10852	94,101	34,20	117,87	19,10	308	149
10853	41,40	67,48	34,42	83,46	235	149
10855	4,3	1,0	4,0	0,0	222	149
10856	6,6	47,61	4,2	62,70	624	149
10859	0,2	0,3	0,2	0,0	635	149
10860	34,38	111,129	5,12	69,52	1675	149
10861	143,179	87,115	63,39	84,51	2478	149
10862	8,11	0,1	1,2	0,0	1085	149
10864	13,8	155,161	6,1	61,62	307	149
10866	15,31	4,14	12,16	6,1	778	149
10867	26,16	914,940	19,12	1073,715	658	149
10868	25,41	1079,1129	29,12	939,752	229	149
10869	260,257	45,18	200,210	24,13	472	149
10870	452,469	823,987	337,302	1222,877	654	149
10871	1486,1554	6,3	1445,1201	0,0	2102	149
10875	560,614	7632,8409	748,540	11223,7649	258	149
10876	575,593	17,16	731,550	5,3	473	149
10883	2,4	1,6	2,5	6,4	1254	149
10885	1,1	1,0	1,1	1,0	257	149
10886	1,1	13,15	0,0	15,12	251	149
10887	1,1	0,0	0,0	0,1	220	149
10889	11,10	0,0	37,33	0,1	398	149
10890	23,31	0,1	87,78	1,1	906	149
10896	22,23	3,4	58,41	0,3	310	149
10899	33,30	16,29	31,29	24,27	2913	149
10901	132,120	0,2	221,157	1,2	596	149
10902	116,105	2,2	203,137	1,3	549	149
10903	26,37	32,27	56,29	47,34	380	149
10905	19,13	62,83	6,10	150,113	1985	149
10908	83,82	1436,1667	40,59	2391,1833	970	149
10909	81,74	54,99	137,71	178,77	1400	149
10910	24,35	95,118	45,23	173,114	632	149
10911	31,42	181,232	40,23	532,346	374	149
10912	4,3	2,0	2,0	0,0	255	149
10913	17,31	6,8	8,15	5,6	845	149
10914	43,39	889,1204	30,20	2072,953	508	149
10915	33,18	3064,3525	6,10	5780,3592	222	149
10916	581,609	4772,5517	575,382	8465,6119	502	149
10917	367,433	40,72	430,273	28,19	244	149
10930	269,326	3,0	286,217	2,2	936	149
10931	66,82	31,71	59,60	64,22	822	149
10932	168,192	0,2	327,177	0,0	1411	149
10937	6,28	82,104	18,17	85,76	359	149
10938	20,46	55,43	34,33	65,45	374	149
10939	26,35	49,78	13,10	85,61	406	149
10940	37,60	1,7	24,11	5,3	474	149
10942	813,759	1014,936	808,663	1582,1410	1213	149
10943	17,23	871,817	16,21	1716,1245	322	149
10945	24,25	829,859	32,20	1792,1173	1630	149
10947	19,30	776,825	40,38	1788,1175	532	149
10948	181,180	1,0	323,190	0,1	1002	149
10949	53,64	2,2	77,46	0,1	976	149
10950	60,67	694,780	118,58	1804,1125	535	149
10951	34,35	0,0	37,9	2,2	430	149
10957	3,8	24,36	4,6	16,18	916	149
10958	12,11	318,367	7,13	382,305	252	149
10965	17,37	132,163	32,31	211,165	398	149
10969	4,5	0,0	20,9	0,2	225	149
10972	14,24	1,3	25,9	3,0	277	149
10973	23,10	614,780	19,11	1377,1063	1096	149
10975	7,9	23,34	11,1	30,30	919	149
10976	14,9	117,97	17,11	152,109	1523	149
10979	0,0	1,1	0,1	1,3	380	149
10982	6,8	231,228	7,17	495,375	284	149
10983	22,21	10,20	20,27	12,16	730	149
10984	27,22	246,260	23,13	466,360	222	149
10985	323,304	159,239	265,198	326,185	1266	149
10986	15,37	107,89	41,37	173,130	528	149
10990	10,22	17,45	28,27	22,13	759	149
10991	81,81	37,33	67,66	45,30	922	149
10992	1,0	4,4	5,0	6,4	217	149
10993	5,0	126,231	8,2	223,119	241	149
10995	34,47	122,237	49,37	264,116	1007	149
10997	9,12	2,1	14,18	3,0	503	149
10999	27,30	1,2	47,32	0,0	245	149
11002	5,12	1,0	8,17	1,2	1253	149
11005	723,792	1,0	492,403	0,0	354	149
11006	814,881	0,3	549,440	2,6	393	149
11007	81,73	344,399	46,33	281,203	361	149
11008	262,221	269,257	124,90	167,154	449	149
11009	40,62	326,335	81,44	650,488	371	149
11013	53,73	156,151	59,41	374,181	449	149
11014	90,109	2,2	130,81	0,1	469	149
11015	28,44	180,224	49,41	400,199	527	149
11016	223,204	93,82	163,138	130,77	559	149
11018	0,4	5,3	0,0	5,0	249	149
11021	2,1	148,136	7,6	206,144	2004	149
11022	88,65	3269,3468	85,57	4605,3654	621	149
11023	1345,1745	0,0	2601,1898	1,0	263	149
11024	105,147	0,2	138,145	0,0	840	149
11025	105,148	6,11	138,145	2,0	859	149
11031	37,53	7,8	34,30	3,5	1406	149
11035	15,27	19,25	56,47	18,16	379	149
11036	0,4	12,12	3,5	13,10	796	149
11041	8,5	1,0	2,0	0,0	523	149
11042	8,8	146,184	15,8	238,151	225	149
11043	6,5	12,8	12,11	7,16	454	149
11044	6,18	4,6	19,27	7,3	340	149
11047	1,4	72,90	39,18	109,71	1946	149
11048	4,9	98,111	16,11	187,92	885	149
11051	8,3	1,0	6,0	0,0	479	149
11054	27,40	2,1	57,33	0,0	235	149
11056	7,17	7,6	14,6	6,9	438	149
11059	40,51	2,11	43,24	14,7	939	149
11062	51,57	2,0	57,39	4,0	984	149
11067	1,0	2,15	0,0	9,4	245	149
11068	12,23	747,840	9,8	1499,1084	262	149
11084	21,10	166,172	28,6	236,133	3601	149
11085	11,12	190,212	10,5	301,228	1258	149
11086	37,24	201,183	42,20	268,164	2284	149
11095	28,26	4,1	12,6	0,0	737	149
11098	34,41	3,0	27,18	2,2	223	149
11100	0,0	1,0	2,0	0,0	1073	149
11103	7,2	1,1	0,2	0,0	3097	149
11105	14,25	0,5	14,4	0,1	578	149
11109	43,38	53,49	30,22	66,62	238	149
11110	16412,16953	134,169	31630,23564	302,192	197	149
11111	16864,17449	23,29	32856,24246	31,26	253	149
11112	233,199	24920,25711	332,262	54885,40151	244	149
11113	13940,14162	0,1	27980,19459	0,2	568	149
11114	967,949	35113,36643	1492,1193	79881,57890	238	149
11115	103,97	28382,28569	100,79	51437,38658	232	149
11116	631,596	26653,28815	897,715	64207,47245	257	149
11117	1366,1514	2,0	2951,2137	8,3	524	149
11118	180,200	26843,30620	255,199	64741,50419	515	149
11120	38,53	394,404	45,43	732,491	778	149
11121	2,2	14,20	0,0	46,17	445	149
11124	194,222	0,3	144,93	0,0	362	149
11125	204,235	2030,2154	156,106	2930,2083	386	149
11126	247,266	8,17	184,137	12,8	388	149
11127	462,498	2,6	524,400	0,0	514	149
11128	297,357	4393,4624	226,185	6569,4949	512	149
11129	219,258	4736,5104	166,149	7846,5640	269	149
11130	473,496	0,2	454,328	0,0	352	149
11131	691,763	4108,4514	829,616	6730,4937	397	149
11132	1815,2090	34,32	2347,1689	19,7	459	149
11134	22,37	7,15	26,14	15,7	392	149
11138	2,4	5,1	2,2	0,0	299	149
11139	2,4	0,1	0,2	0,0	272	149
11140	16,28	251,306	28,27	391,220	230	149
11141	3,2	195,304	8,3	282,164	228	149
11142	16,20	475,591	22,8	738,555	233	149
11143	13,26	416,452	42,14	557,413	237	149
11145	28,28	188,154	26,27	177,116	1130	149
11146	19,30	0,0	30,20	0,1	2467	149
11147	17,30	193,195	14,13	264,167	1623	149
11148	45,27	220,258	43,16	251,151	1687	149
11150	174,169	0,1	165,111	0,0	3882	149
11151	71,80	273,272	65,63	355,244	2159	149
11152	73,82	14,14	70,68	6,10	2163	149
11154	15,24	252,278	21,13	248,192	381	149
11155	15,24	1,0	21,13	0,0	357	149
11156	26,55	6,9	38,17	4,0	447	149
11158	26,55	439,483	38,17	468,364	451	149
11159	47,67	64,59	64,22	41,33	610	149
11160	31,27	576,675	41,15	554,408	227	149
11161	47,41	11,19	64,27	10,4	234	149
11162	27,17	2,2	35,11	2,0	203	149
11163	48,74	16,6	78,22	16,29	792	149
11164	15,26	522,626	34,7	512,361	252	149
11165	32,34	0,1	55,15	0,0	409	149
11167	452,487	0,4	557,440	0,1	363	149
11171	547,597	106,112	650,498	101,66	654	149
11172	393,420	0,2	497,349	0,0	810	149
11173	547,597	2,2	650,498	2,1	658	149
11176	5,5	1,1	6,1	0,2	232	149
11177	18,31	1,3	33,21	7,6	268	149
11178	56,68	194,238	51,47	383,221	1437	149
11179	87,97	0,1	65,68	0,0	1898	149
11180	33,32	190,213	21,29	411,275	514	149
11181	10,8	155,182	6,4	283,218	840	149
11182	5,2	142,126	0,9	241,204	621	149
11183	9,6	136,116	6,5	249,196	1356	149
11184	11,13	141,101	0,0	6,5	300	149
11186	3,1	33,36	0,0	87,67	2692	149
11187	2,1	47,30	4,2	76,34	2508	149
11188	18,14	152,168	33,9	272,199	1648	149
11193	310,374	1038,1133	364,268	2137,1564	664	149
11195	63,75	1,1	117,83	0,0	1449	149
11197	55,111	260,366	68,56	393,310	426	149
11198	73,80	37,45	90,53	65,42	2941	149
11199	12,16	29,24	19,8	25,27	4572	149
11200	9,8	18,26	5,6	32,21	2860	149
11202	385,404	284,317	428,343	212,151	869	149
11203	24,39	31,25	60,40	25,25	1811	149
11204	16,37	158,201	57,37	124,125	1807	149
11206	35,57	1,1	41,28	0,0	415	149
11207	20,38	48,44	13,10	36,31	383	149
11208	18,31	1,1	12,8	1,2	316	149
11209	19,28	375,414	21,17	744,544	463	149
11210	3,3	165,171	1,2	318,208	239	149
11211	0,2	0,1	2,2	0,0	358	149
11212	9,8	0,0	11,9	1,0	451	149
11213	3080,4806	10,9	3414,2368	9,4	807	149
11214	3063,4766	10,5	3409,2363	7,10	787	149
11215	6,2	99,88	7,2	155,117	1134	149
11216	7,2	0,2	6,2	0,0	1755	149
11217	1,0	3,2	2,0	2,6	671	149
11220	0,0	1,0	1,3	5,1	671	149
11222	83,89	2,2	190,118	4,0	225	149
11223	384,567	3,7	786,566	6,1	654	149
11224	8060,8337	7,13	10742,7530	5,2	745	149
11225	8,16	81,71	8,5	118,78	841	149
11226	17,23	21,27	35,31	28,52	3175	149
11227	1,6	0,1	3,1	0,0	523	149
11228	2,6	20,29	3,1	52,59	551	149
11230	8,6	18,27	11,28	61,34	3293	149
11236	8,10	113,79	6,9	151,94	1478	149
11240	15,8	389,441	20,10	534,355	440	149
11242	1,5	72,91	1,0	72,46	230	149
11243	1,1	132,181	0,0	153,81	217	149
11244	26,23	0,0	20,13	0,1	248	149
11245	7,17	112,116	7,9	108,64	772	149
11251	23,11	0,0	6,4	0,3	256	149
11252	18,10	3,3	5,4	0,0	237	149
11253	5,0	96,109	0,0	83,93	220	149
11255	7,16	139,144	4,3	155,99	220	149
11256	5,11	145,172	7,1	159,97	230	149
11257	12,31	0,4	23,10	3,0	242	149
11258	11,11	97,100	7,4	101,57	782	149
11260	18,10	2,0	7,4	1,0	509	149
11261	68,49	7,8	50,36	9,3	2730	149
11262	50,39	4,5	43,32	3,0	2292	149
11264	1,5	0,2	2,1	0,0	452	149
11265	7,17	0,1	4,3	0,0	1010	149
11267	1,1	48,68	1,2	43,22	595	149
11268	1,0	42,37	0,0	42,22	226	149
11270	2,3	11,18	2,0	10,10	1045	149
11272	30,49	1,1	39,19	1,0	255	149
11273	2,3	133,114	4,2	123,57	224	149
11274	0,1	0,3	4,0	2,0	237	149
11275	0,1	95,91	2,0	67,55	232	149
11276	5,12	5,11	7,2	4,6	241	149
11277	51,77	6,4	56,29	3,4	323	149
11278	4,2	81,87	4,3	85,48	244	149
11279	1,1	18,29	1,2	14,21	241	149
11281	26,28	101,99	22,7	147,125	2956	149
11283	225,257	21,9	306,205	7,1	263	149
11284	158,210	2649,2731	189,136	4402,3304	798	149
11285	2,0	7,4	0,2	5,5	615	149
11295	0,2	0,0	2,0	1,1	3708	149
11296	2,4	39,29	2,5	44,45	1674	149
11297	9,6	42,45	16,1	104,51	4392	149
11298	19,17	15,15	20,18	24,10	501	149
11311	38,55	774,714	51,38	1254,984	463	149
11313	13,19	0,0	13,6	1,0	221	149
11321	5,23	252,328	27,9	356,249	988	149
11322	12,12	4,5	13,10	2,0	1001	149
11324	52,40	56,89	73,34	123,93	564	149
11325	21,34	71,90	16,13	153,111	1009	149
11326	23,36	1,8	18,14	4,0	1011	149
11327	8,9	339,330	13,7	436,358	458	149
11341	3,0	74,67	2,0	4,1	801	149
11342	1,4	78,73	0,0	3,0	309	149
11345	7,12	0,1	4,2	1,0	480	149
11346	13,26	346,327	9,4	461,352	236	149
11347	5,3	1,10	10,5	7,0	296	149
11350	3,13	30,37	3,2	23,19	289	149
11353	11,5	2,1	10,2	4,3	906	149
11357	33,35	1,2	43,17	0,1	445	149
11359	2,0	0,5	2,0	1,1	237	149
11360	2,0	0,2	2,0	0,1	214	149
11361	2,0	0,2	2,0	1,1	241	149
11362	0,5	29,34	2,0	44,31	326	149
11366	19,30	51,65	15,8	37,30	699	149
11367	20,26	31,21	13,8	44,29	386	149
11368	20,30	1,0	13,8	0,0	390	149
11369	19,30	0,1	15,8	0,0	706	149
11370	19,31	3,3	16,7	1,0	1008	149
11371	3,1	12,22	2,2	23,12	321	149
11372	19,31	0,1	16,7	0,1	1015	149
11381	3,2	99,85	13,5	257,155	221	149
11383	37,45	27,29	53,46	25,30	286	149
11385	31,31	0,2	41,36	0,0	243	149
11392	10,41	0,0	21,17	1,0	438	149
11405	3,17	38,39	7,2	46,31	386	149
11406	3,1	20,41	3,0	21,10	229	149
11411	142,119	1876,1867	123,74	2589,1953	224	149
11412	176,216	1408,1452	254,192	2051,1564	334	149
11413	946,975	391,449	1080,703	379,287	1950	149
11415	0,2	14,26	4,0	34,28	1764	149
11416	0,2	0,1	4,1	0,3	531	149
11417	0,2	1,0	4,3	0,0	795	149
11419	16,20	59,55	11,7	66,26	876	149
11420	43,55	26,47	48,31	60,48	951	149
11421	4,6	5,29	7,2	26,19	1764	149
11423	14,26	529,533	7,5	815,634	458	149
11424	44,83	336,429	31,16	420,288	467	149
11425	18,25	271,357	21,3	344,201	218	149
11426	23,34	613,599	29,11	756,574	229	149
11427	9,15	179,288	7,3	279,127	240	149
11428	29,23	209,203	36,22	366,286	879	149
11430	51,52	350,345	46,31	377,273	913	149
11431	14,28	353,331	12,12	364,266	240	149
11432	19,51	0,1	23,29	0,0	823	149
11433	23,14	0,3	61,35	0,0	541	149
11435	9,18	36,62	5,1	30,22	220	149
11439	7,5	135,164	7,4	223,147	1108	149
11446	165,178	488,571	79,46	863,586	3508	149
11447	2,1	35,40	5,0	57,47	704	149
11452	6,8	4,6	14,5	0,0	1096	149
11453	30,30	0,2	28,9	0,0	2375	149
11455	28,22	31,40	44,22	68,50	490	149
11456	60,80	5,1	132,93	3,2	574	149
11457	138,197	3,2	321,233	1,1	807	149
11458	2,4	400,424	12,4	782,548	301	149
11459	4,5	18,17	22,14	4,3	697	149
11460	71,55	432,316	60,41	763,570	361	149
11461	158,106	2,6	142,110	0,0	1216	149
11462	68,34	426,437	35,22	761,525	849	149
11463	64,94	272,277	81,67	487,329	703	149
11464	15,41	446,488	33,19	719,519	332	149
11465	5,19	15,6	22,10	16,10	403	149
11478	3,4	31,31	6,2	48,43	624	149
11479	3,2	52,48	7,0	72,72	601	149
11480	7,9	0,2	14,3	0,0	1172	149
11481	191,230	0,2	422,311	0,0	1286	149
11482	195,231	2,0	428,322	6,5	1331	149
11483	195,231	2,1	426,321	2,1	1328	149
11493	788,930	66,84	1015,674	57,69	1799	149
11494	24,22	234,219	18,13	197,159	236	149
11496	17,24	1,1	25,6	3,0	892	149
11498	21,18	72,107	15,13	131,74	704	149
11499	20,16	1,2	13,12	5,0	688	149
11500	49,47	0,1	74,33	0,3	796	149
11501	45,41	107,120	63,33	154,71	788	149
11503	3,9	1,0	4,1	0,0	631	149
11504	149,171	249,320	155,132	479,289	291	149
11505	156,174	98,122	164,138	208,155	294	149
11506	40,55	560,652	50,11	754,444	232	149
11510	4,26	0,0	22,13	3,0	393	149
11511	3,23	9,11	21,13	9,11	383	149
11514	174,160	180,152	255,131	284,207	1314	149
11515	2068,2118	4,3	2227,1795	19,5	3024	149
11516	74,67	1474,1597	87,65	2042,1555	225	149
11517	82,71	1452,1636	90,79	2421,1877	516	149
11518	339,492	183,246	213,163	205,171	841	149
11519	382,551	241,354	250,173	265,153	916	149
11522	10,29	10,18	11,10	5,4	563	149
11523	285,359	38,61	248,226	96,29	1239	149
11524	57,69	83,153	45,19	154,86	1141	149
11525	55,66	93,147	36,35	124,67	415	149
11535	74,79	0,1	50,35	0,0	433	149
11536	168,162	0,1	107,85	0,0	608	149
11537	198,199	25,46	127,107	31,10	678	149
11538	15,8	20,17	10,3	33,36	298	149
11539	1058,1001	0,1	1432,1108	0,0	2334	149
11540	17,34	762,885	23,21	1381,947	721	149
11541	88,50	175,160	43,21	209,130	1133	149
11543	4,8	72,75	6,5	81,59	1082	149
11545	12,16	83,120	8,6	94,73	217	149
11546	30,24	263,383	15,9	130,76	251	149
11556	31,16	1,0	30,24	1,0	369	149
11557	31,17	0,2	30,25	2,0	387	149
11558	31,17	88,101	30,26	172,144	403	149
11564	16,12	263,314	10,10	257,144	577	149
11565	0,0	1,0	6,2	0,0	429	149
11566	15,18	444,568	29,14	442,317	341	149
11567	73,58	63,66	53,51	81,77	3333	149
11568	114,159	693,697	121,70	1263,883	695	149
11569	83,137	1,1	99,59	2,3	579	149
11570	57,46	1116,1217	43,50	1980,1525	236	149
11571	6,9	288,359	9,7	379,327	289	149
11572	77,104	243,264	87,60	287,222	1580	149
11573	45,38	211,231	27,47	354,214	1441	149
11574	7,24	151,236	33,8	252,167	1370	149
11575	16,7	293,398	15,7	369,272	912	149
11576	3,9	1146,1347	9,1	1355,830	341	149
11577	24,31	1060,1392	20,12	1277,781	236	149
11578	53,82	23,25	36,32	36,31	273	149
11579	14,16	1,2	6,6	2,0	267	149
11587	61,78	1271,1316	84,58	2522,1943	306	149
11589	39,38	0,3	48,51	3,2	2210	149
11591	54,45	51,99	59,22	89,35	737	149
11593	34,54	44,67	44,25	109,80	587	149
11594	7,9	197,193	4,7	324,252	223	149
11595	46,62	148,181	51,36	247,191	379	149
11599	1343,1402	6,5	2261,1699	7,6	906	149
11600	3,4	0,1	8,7	0,0	1779	149
11601	2,0	1,2	2,3	1,0	754	149
11602	4,4	4,0	7,5	4,10	314	149
11603	1,2	4,8	8,3	25,18	546	149
11605	3,3	2,4	12,2	12,4	1277	149
11606	7,8	12,15	29,7	21,18	1368	149
11608	8,8	10,22	8,8	40,21	1735	149
11620	73,91	423,604	52,50	782,542	484	149
11621	8,9	219,214	4,5	234,215	1029	149
11625	3,4	31,37	1,2	60,51	1736	149
11627	22,19	1,0	29,15	0,0	1465	149
11628	15,10	41,64	8,5	94,76	1436	149
11642	71,41	14,24	47,36	22,12	272	149
11644	49,42	47,88	74,64	83,61	654	149
11646	400,478	47,48	578,482	30,25	872	149
11648	151,171	0,0	248,194	0,3	356	149
11649	7,3	91,104	2,1	155,92	1615	149
11652	70,68	5,4	150,107	4,6	1087	149
11654	31,17	771,803	21,13	1199,941	1982	149
11655	19,6	0,1	12,6	0,0	1958	149
11656	146,133	825,832	65,47	1107,815	6161	149
11657	32,68	777,823	32,25	1726,1234	965	149
11658	90,80	859,907	65,64	1249,940	2927	149
11659	106,98	17,18	82,85	0,0	3726	149
11660	17,19	1110,1107	18,23	1873,1420	854	149
11664	82,88	488,454	62,45	634,511	746	149
11665	138,146	0,0	147,100	1,0	755	149
11666	243,201	0,1	356,242	0,0	348	149
11667	294,237	0,2	415,293	5,2	410	149
11668	28,55	119,136	25,16	217,187	249	149
11669	24,28	125,131	22,16	205,125	351	149
11670	12,17	5,3	14,7	0,0	247	149
11671	54,50	0,3	50,31	0,2	376	149
11672	84,96	0,1	70,37	0,0	1729	149
11674	63,73	156,151	55,23	219,135	1462	149
11675	20,16	134,156	19,22	194,126	364	149
11676	11,38	134,159	7,10	224,151	238	149
11677	39,52	0,0	37,39	1,0	754	149
11678	22,42	110,136	26,36	243,200	324	149
11680	64,51	113,158	47,39	245,194	364	149
11681	68,77	6,3	61,57	1,0	615	149
11682	68,59	4,0	68,55	1,2	387	149
11683	7,10	164,169	10,14	260,217	300	149
11684	12,25	6,1	16,20	2,0	591	149
11685	7,19	76,110	8,11	172,111	341	149
11686	27,63	2,1	18,26	0,0	1308	149
11687	22,48	62,84	14,16	116,60	998	149
11688	42,35	60,85	63,46	79,40	802	149
11690	39,38	4,2	65,45	1,0	1041	149
11691	2,5	82,87	4,1	90,54	269	149
11693	74,89	900,1107	119,102	1691,1312	4841	149
11700	23,18	0,1	41,28	1,0	797	149
11701	22,27	35,27	28,28	56,40	2231	149
11702	7,1	150,218	8,0	274,197	220	149
11703	12,22	13,21	13,9	2,0	405	149
11705	16,6	28,64	6,16	60,35	254	149
11706	22,24	2,3	19,31	1,2	521	149
11707	14,28	0,7	24,22	2,1	326	149
11708	10,25	5,7	19,19	4,0	313	149
11712	30,30	684,779	23,21	1494,986	498	149
11713	369,362	21,34	731,507	68,36	560	149
11714	82,100	1582,1715	147,115	3249,2640	518	149
11715	21,17	1397,1608	29,20	3116,2327	370	149
11716	1245,1377	7,12	2291,1712	5,7	517	149
11717	14,25	1056,1178	9,13	1912,1417	306	149
11718	104,141	12,23	206,142	6,4	685	149
11720	575,724	12,9	1331,952	12,11	372	149
11721	555,696	22,20	1292,909	28,29	369	149
11722	64,93	710,723	46,61	1227,1033	455	149
11723	60,59	365,438	52,33	773,516	266	149
11724	82,112	13,8	109,63	10,5	485	149
11725	128,186	866,921	258,167	1878,1334	520	149
11727	37,49	1,0	57,27	0,0	342	149
11728	1,1	54,75	2,1	79,68	264	149
11729	0,0	104,97	2,2	136,109	583	149
11730	567,616	17189,19447	656,576	42155,31866	370	149
11731	0,0	3,2	1,0	7,3	422	149
11732	85,109	0,2	79,56	1,0	642	149
11733	142,178	3,14	125,104	2,0	536	149
11734	280,346	8,19	224,167	12,11	1078	149
11735	326,390	16,5	253,187	10,0	1140	149
11736	376,464	3,2	303,238	0,0	1247	149
11737	376,464	3,2	305,238	3,9	1249	149
11738	418,526	57,82	346,270	78,39	1330	149
11741	18,18	0,0	17,13	4,0	246	149
11742	49,30	13,27	34,25	12,8	478	149
11743	33,50	1,2	48,35	2,0	262	149
11745	142,219	0,1	364,254	0,0	980	149
11747	325,325	28,35	534,360	45,21	1177	149
11749	83,88	203,253	100,76	420,294	358	149
11750	144,138	16,37	176,117	19,13	648	149
11751	99,112	1,2	166,91	0,0	377	149
11752	98,102	200,210	165,86	378,237	370	149
11756	13,40	27,29	48,15	42,27	338	149
11759	17,24	29,43	23,16	55,39	685	149
11760	77,72	9,21	95,70	23,26	1869	149
11761	69,53	20,21	82,61	9,5	1534	149
11762	254,216	2,10	338,179	6,3	3467	149
11763	20,35	15,23	36,17	16,12	1628	149
11764	448,482	2,0	854,553	0,0	2814	149
11765	415,428	10,5	735,506	26,13	2165	149
11766	0,2	30,44	1,6	82,51	735	149
11768	14,30	9,15	30,21	25,19	248	149
11769	103,155	15,5	207,139	12,5	1100	149
11770	70,95	33,50	141,95	81,59	279	149
11772	2,8	4,0	5,2	2,0	434	149
11773	3,5	147,169	3,5	274,220	445	149
11774	22,27	1,4	36,53	11,11	490	149
11775	3,4	114,150	1,15	259,192	475	149
11776	101,149	57,74	79,93	78,57	2319	149
11777	29,60	5,10	43,40	7,6	1741	149
11778	3,14	7,6	15,8	9,5	1315	149
11780	133,122	39,40	159,106	24,22	1385	149
11781	233,217	0,1	314,222	0,0	2269	149
11782	104,98	54,66	156,116	55,41	894	149
11783	20,20	24,18	15,14	17,12	436	149
11784	39,27	0,2	24,19	0,0	487	149
11785	23,8	6,8	14,11	8,6	205	149
11786	7,8	2,9	0,10	6,0	433	149
11788	59,94	92,192	37,10	185,92	663	149
11789	71,109	0,1	52,13	1,0	667	149
11790	65,72	22,24	30,7	5,3	871	149
11791	12,14	205,369	8,3	391,227	296	149
11792	23,30	2,4	15,23	3,4	218	149
11793	23,30	178,217	15,23	270,193	222	149
11794	1,2	0,6	2,2	8,4	233	149
11795	1,1	90,107	1,0	78,39	229	149
11810	5,12	5,4	2,2	2,1	531	149
11811	2,3	234,226	0,11	311,242	1157	149
11812	8,4	0,0	13,4	2,0	401	149
11813	8,4	2,1	13,3	0,0	397	149
11819	18,36	1,1	32,19	0,0	1309	149
11820	19,13	22,24	8,7	31,32	943	149
11821	60,62	883,934	52,57	1803,1324	285	149
11822	97,100	6,8	88,75	11,5	459	149
11823	72,77	851,814	88,59	1453,1007	238	149
11829	40,51	4,6	18,27	4,4	540	149
11834	280,275	0,0	391,362	1,0	363	149
11836	195,179	0,2	282,273	0,1	236	149
11837	425,442	0,1	613,528	2,0	605	149
11838	424,441	1,0	607,528	0,0	600	149
11839	17,10	63,69	2,11	116,57	247	149
11840	6,19	6,0	23,11	4,3	259	149
11841	5,4	0,0	3,0	1,0	322	149
11844	1,0	74,72	0,4	104,65	518	149
11853	1,2	0,1	4,1	0,0	594	149
11854	0,0	4,0	0,1	0,0	612	149
11855	12,3	117,92	10,5	82,68	531	149
11857	304,339	4236,5302	396,324	4804,3265	1385	149
11858	33,33	184,146	44,21	237,172	4414	149
11859	12,7	3,8	5,8	6,4	6889	149
11862	9,8	1,0	10,2	1,0	257	149
11865	356,381	6,9	543,391	13,8	350	149
11866	214,232	369,465	296,205	808,477	319	149
11875	2,0	27,24	1,0	32,35	315	149
11876	5,2	0,4	2,1	2,0	325	149
11877	0,2	0,0	8,6	0,1	600	149
11879	10,6	43,52	3,5	45,37	377	149
11884	585,692	81,77	737,599	61,34	2101	149
11885	164,189	27,23	153,94	9,11	359	149
11886	162,185	6,14	147,94	6,10	351	149
11887	182,210	5,0	168,103	0,0	481	149
11888	180,206	1,2	162,103	0,0	473	149
11889	73,67	2,3	58,30	2,0	271	149
11890	59,64	14,12	34,32	0,4	221	149
11891	104,113	2,4	54,56	5,4	219	149
11892	103,113	11,7	54,56	2,5	215	149
11894	26,51	156,147	38,17	306,259	252	149
11895	14,11	43,83	12,2	88,69	599	149
11897	11,14	11,9	5,5	8,5	345	149
11898	0,0	4,5	2,0	2,3	3371	149
11899	21,23	0,2	35,26	3,0	939	149
11900	23,29	10,5	39,30	15,6	996	149
11901	5,5	1,0	7,1	0,0	229	149
11902	117,162	47,68	147,124	78,62	1448	149
11904	3,5	517,657	1,2	1186,872	345	149
11905	10,11	2,5	8,3	2,3	529	149
11908	30,53	819,898	23,9	1660,1283	1426	149
11911	7,14	0,2	10,5	4,1	579	149
11913	347,407	9,13	253,192	11,2	4124	149
11914	436,496	953,1023	306,229	2047,1572	4596	149
11915	83,88	6,2	52,37	0,0	460	149
11916	54,60	7,12	39,24	3,0	332	149
11922	0,0	2,0	0,1	3,0	1103	149
11924	27,21	2,1	59,43	1,3	3901	149
11925	1,5	23,17	8,1	51,25	589	149
11926	5,7	22,22	6,3	47,44	807	149
11927	1,3	22,16	5,3	43,42	1927	149
11928	9,7	38,26	13,0	72,66	2950	149
11929	0,0	1,0	2,2	2,1	1597	149
11938	12,17	65,58	21,13	117,92	1255	149
11940	27,34	4,4	63,43	16,4	1278	149
11941	0,0	0,3	0,2	0,2	225	149
11943	124,110	91,111	70,60	117,80	1312	149
11944	12,18	77,82	9,2	129,96	365	149
11945	6,8	482,504	16,10	833,679	231	149
11946	1,0	108,104	0,2	138,143	372	149
11955	66,78	180,244	50,28	399,284	2043	149
11957	141,125	19,10	146,122	11,16	1402	149
11958	75,109	784,942	49,43	1369,947	227	149
11959	241,258	224,468	220,131	432,215	351	149
11967	15,25	3,12	10,19	2,2	257	149
11969	2,4	250,266	10,1	721,556	255	149
11971	38,50	2,10	65,40	16,10	1402	149
11972	23,29	26,14	30,23	51,40	1300	149
11973	14,7	0,2	20,20	2,0	294	149
11974	11,5	0,0	8,6	7,1	277	149
11975	78,82	14,15	87,56	5,9	1453	149
11976	36,50	42,72	25,25	77,63	1528	149
11977	35,47	5,4	25,24	7,8	1524	149
11985	37,48	303,317	44,27	584,449	275	149
11986	31,43	370,299	7,9	435,268	241	149
11988	3,15	325,417	8,7	603,404	580	149
11990	11,25	0,4	15,15	4,0	847	149
11991	12,15	311,363	12,11	548,404	359	149
11992	247,246	1,2	360,291	4,1	423	149
11993	0,0	2,0	4,0	1,3	234	149
11994	0,1	0,1	0,0	8,3	236	149
11996	12,16	133,157	9,10	139,107	249	149
11997	545,564	18,31	551,408	21,12	732	149
11998	2,4	97,151	2,2	163,110	259	149
11999	10,9	1,0	4,0	0,0	759	149
12000	9,7	2,1	4,0	0,0	495	149
12002	6,10	36,64	4,3	36,12	451	149
12003	4,3	131,163	2,2	169,121	312	149
12005	2,7	0,0	0,2	0,2	338	149
12007	10,3	6,10	12,7	12,11	343	149
12008	8,4	103,113	4,12	142,132	3565	149
12009	39,26	24,28	42,40	35,31	1075	149
12012	0,2	6,3	0,0	1,1	376	149
12013	7,2	2,1	6,5	2,0	348	149
12016	7,0	269,260	4,3	541,425	883	149
12017	30,26	322,316	29,11	656,513	3683	149
12018	420,411	6,0	715,584	9,5	3827	149
12019	28,18	373,350	33,16	541,446	1368	149
12020	23,26	265,257	39,21	512,375	1316	149
12021	26,25	0,1	43,32	0,0	1481	149
12022	6,4	314,322	15,14	601,442	228	149
12023	26,20	231,293	33,20	333,278	219	149
12026	41,56	0,0	41,22	7,0	753	149
12027	39,55	2,1	38,20	5,3	744	149
12032	1716,1687	0,0	2415,1681	2,0	929	149
12033	533,431	5,1	699,485	2,0	309	149
12034	22,11	0,0	6,6	1,0	475	149
12036	59,49	290,356	34,15	343,233	241	149
12037	41,59	272,253	42,25	548,340	294	149
12038	21,34	172,181	17,24	371,258	377	149
12039	32,42	8,6	49,45	9,2	527	149
12040	32,42	1,5	49,45	6,10	489	149
12046	376,470	0,0	441,362	1,0	1594	149
12047	537,652	1,6	618,531	13,4	2134	149
12048	388,485	8,6	452,382	7,8	1657	149
12062	52,65	1188,1201	72,50	3137,2567	700	149
12063	10,16	1299,1359	17,27	3527,2790	249	149
12064	16,17	1172,1084	18,10	3687,2486	623	149
12065	78,58	950,1035	75,42	2946,2147	398	149
12068	38,31	123,139	27,17	172,122	694	149
12072	55,49	5,0	89,63	0,4	941	149
12073	223,280	1,0	371,300	0,3	480	149
12074	208,245	0,0	335,275	4,0	370	149
12078	32,25	2,0	62,56	1,0	518	149
12080	14,13	92,117	25,30	175,137	539	149
12081	58,80	4,3	86,81	0,1	901	149
12082	130,151	449,457	119,123	1059,712	4942	149
12083	20,28	1,3	47,21	3,2	325	149
12086	263,295	1398,1448	299,260	2551,2080	620	149
12089	5,13	265,241	13,9	247,166	238	149
12092	0,0	0,2	0,1	0,0	546	149
12093	14,12	81,70	6,5	102,79	2034	149
12094	79,97	0,4	130,91	0,0	2128	149
12099	13,8	16,16	5,2	8,9	609	149
12100	5,6	10,4	2,1	3,2	322	149
12101	5,6	1,2	2,1	0,2	370	149
12104	0,9	2,0	5,5	6,3	868	149
12105	69,50	170,159	44,45	242,141	485	149
12113	54,35	23,37	27,30	61,33	1412	149
12114	66,47	2,1	47,39	0,0	2323	149
12115	14,12	21,31	20,10	55,21	947	149
12117	41,47	19,26	68,29	59,25	1643	149
12118	39,47	3,0	62,29	2,3	1611	149
12121	0,6	16,20	10,0	24,17	1593	149
12127	4,2	0,3	4,1	7,6	369	149
12129	293,363	54,67	502,405	75,46	2490	149
12130	0,1	71,123	1,3	104,64	333	149
12132	69,94	131,133	65,51	260,157	1799	149
12133	3,7	111,115	11,10	153,116	226	149
12134	272,345	1,1	325,269	2,4	326	149
12135	302,367	7,0	342,278	5,0	675	149
12136	14,10	130,147	9,7	175,133	341	149
12137	15,14	127,157	12,11	207,153	260	149
12138	7,10	6,4	7,8	4,4	244	149
12139	39,44	89,92	34,27	107,86	298	149
12140	47,58	2,1	40,32	2,0	444	149
12141	47,57	0,0	46,33	5,0	606	149
12142	9,13	62,65	12,10	73,45	266	149
12144	2,0	10,21	3,3	14,6	237	149
12145	3,2	14,6	1,0	12,6	225	149
12147	22,32	0,0	24,13	4,0	313	149
12148	182,227	4,6	163,156	5,0	3153	149
12149	16,30	492,474	31,29	926,671	272	149
12150	12,18	625,647	17,13	1136,881	289	149
12151	28,22	88,140	6,5	101,49	443	149
12154	32,49	132,172	38,45	257,193	1354	149
12155	96,125	0,10	138,144	7,4	1412	149
12156	451,346	64,51	375,349	101,76	450	149
12157	763,642	4,11	615,585	4,7	1276	149
12158	306,292	111,133	238,235	131,82	816	149
12159	9,3	217,266	9,6	213,206	268	149
12160	6,3	1,5	5,6	7,0	240	149
12161	60,58	6,2	58,36	1,3	495	149
12162	63,77	95,107	65,41	98,115	288	149
12163	57,60	0,1	51,32	0,1	253	149
12164	57,60	4,6	51,32	3,4	249	149
12165	45,27	734,818	12,12	1105,689	406	149
12166	14,15	4,3	3,8	5,8	1357	149
12172	2,1	46,50	4,0	58,42	1181	149
12174	4,4	18,10	2,0	16,6	4006	149
12175	1,0	16,19	1,0	16,20	442	149
12176	2,1	1,0	2,0	1,0	446	149
12178	10,5	24,29	10,6	37,14	313	149
12179	8,0	0,1	6,3	0,0	342	149
12182	118,162	212,212	82,49	266,259	3638	149
12183	8,12	12,15	16,5	0,0	2901	149
12184	89,102	0,4	96,59	0,0	314	149
12185	173,175	14,14	235,176	1,2	238	149
12186	1,0	258,242	0,4	318,222	553	149
12187	58,35	0,0	45,39	1,0	1702	149
12188	67,40	23,35	49,42	48,35	1792	149
12189	30,41	311,369	35,24	344,292	294	149
12190	2,13	106,104	12,22	212,152	301	149
12191	67,59	11,6	90,82	1,2	615	149
12196	43,63	407,600	23,12	373,305	237	149
12197	210,300	882,961	252,213	897,741	491	149
12198	143,223	7,5	155,152	4,1	383	149
12199	83,90	781,903	70,47	860,497	483	149
12202	69,51	9,7	84,39	9,1	1517	149
12203	115,82	279,328	162,90	547,428	592	149
12204	185,207	9,7	369,211	13,8	1247	149
12205	42,72	259,269	101,66	470,334	634	149
12215	3,4	0,0	2,2	1,0	1114	149
12219	58,87	5,7	86,88	0,3	514	149
12220	74,77	28,17	77,67	28,31	1118	149
12221	5,4	0,6	0,2	2,1	381	149
12222	6,4	46,52	0,2	20,26	397	149
12223	5,6	62,76	2,0	70,49	485	149
12224	6,0	2,4	2,2	0,0	877	149
12225	5,13	28,35	9,1	47,34	384	149
12226	5,4	490,535	3,6	1361,1061	384	149
12228	43,42	26,54	5,1	1,4	1388	149
12229	83,90	2,6	156,88	9,10	355	149
12232	16,37	3,1	65,32	1,0	391	149
12236	17,25	140,169	32,10	418,263	229	149
12237	25,32	471,541	51,26	697,517	420	149
12242	10,13	3,2	2,0	0,0	1183	149
12243	9,12	594,695	32,18	1444,931	983	149
12244	10,42	471,649	36,21	1228,869	944	149
12245	11,14	519,543	14,15	840,661	1077	149
12246	25,45	15,24	45,25	18,14	331	149
12247	41,71	2,0	41,34	1,2	1056	149
12248	20,12	145,164	24,17	265,214	1164	149
12249	2,4	157,186	4,1	344,232	249	149
12251	92,127	3129,3403	111,82	5604,4410	245	149
12259	5,12	1,0	14,6	3,2	281	149
12260	0,0	0,2	2,0	1,0	447	149
12262	9,7	0,0	12,8	0,1	232	149
12264	57,67	5,6	57,31	3,2	436	149
12265	19,26	39,44	8,17	37,37	275	149
12269	84,97	17,26	83,44	4,9	402	149
12270	4,7	271,294	15,11	597,461	274	149
12271	145,153	0,0	170,132	1,1	741	149
12272	22,18	19,28	20,18	46,28	439	149
12273	0,3	2,2	1,0	0,2	308	149
12282	115,116	1,0	219,156	3,0	220	149
12283	115,154	429,521	81,59	707,542	218	149
12285	6,3	0,1	13,7	2,1	531	149
12290	6,8	0,0	10,13	0,2	956	149
12293	5,8	1,0	16,5	0,0	270	149
12296	13,8	1,2	27,11	1,1	727	149
12297	1150,1411	12,10	1209,761	1,2	581	149
12299	849,969	23,16	1286,920	20,10	1141	149
12300	70,90	168,139	90,76	289,236	425	149
12302	115,112	2,0	99,73	2,0	347	149
12303	148,148	105,69	141,102	122,118	476	149
12306	3,3	124,117	5,1	190,159	226	149
12310	286,366	1,1	607,368	2,0	2897	149
12312	171,235	206,263	247,172	632,423	2837	149
12313	241,322	0,0	410,293	0,1	2867	149
12317	9,3	18,26	7,2	28,11	383	149
12321	77,89	71,81	46,35	100,71	472	149
12322	1,0	60,57	0,0	103,61	1898	149
12324	633,640	25,18	1089,735	35,39	257	149
12325	1203,1306	30,28	2041,1419	69,29	405	149
12326	121,107	433,500	98,92	752,571	434	149
12327	110,98	1,0	89,84	1,0	429	149
12328	104,90	7,13	77,77	18,6	404	149
12329	4,0	2,7	6,3	2,2	621	149
12330	32,58	52,52	34,40	56,58	257	149
12331	13,20	201,239	6,12	345,224	573	149
12332	6,18	226,318	13,5	346,211	247	149
12333	30,70	13,27	39,7	21,10	431	149
12336	73,63	53,59	73,49	33,14	236	149
12337	0,1	0,2	0,1	0,0	228	149
12338	0,3	5,3	2,8	14,4	747	149
12339	152,137	2,2	116,60	0,0	299	149
12340	0,1	35,34	5,2	72,61	536	149
12342	0,2	0,1	0,1	0,0	247	149
12343	0,5	0,0	7,2	0,2	1536	149
12344	0,4	0,0	4,0	1,0	1358	149
12346	184,237	1,1	160,101	0,1	613	149
12347	294,322	21136,24579	343,313	36094,28627	375	149
12348	168,302	6694,12265	236,140	13056,5805	228	149
12350	3637,4742	2,6	6387,4081	0,1	641	149
12351	795,1003	8634,10412	1627,1033	15742,11563	388	149
12352	25,44	257,246	23,24	278,208	1021	149
12355	0,2	5,1	0,0	4,6	322	149
12357	22,15	4,5	15,11	1,1	1479	149
12358	9,15	157,194	7,3	251,184	459	149
12370	49,47	0,2	58,35	0,0	221	149
12383	16,28	0,1	30,21	2,0	285	149
12384	16,28	2,5	30,21	4,2	282	149
12385	12,26	5,6	24,16	16,16	261	149
12387	2,1	36,32	1,2	33,24	394	149
12389	2,2	31,24	2,4	36,16	900	149
12390	8,10	31,19	2,2	34,19	2170	149
12392	10,1	30,14	8,6	21,16	2401	149
12395	183,206	1544,1706	173,127	2917,2105	357	149
12399	25,20	0,2	24,17	0,0	344	149
12400	49,45	12,5	51,36	39,23	515	149
12401	4,2	1,0	2,2	0,0	1021	149
12402	8,3	113,158	4,3	122,116	226	149
12403	2,0	52,44	4,6	93,48	898	149
12404	299,342	8,7	256,204	6,4	1070	149
12405	157,205	7,3	203,134	5,4	1232	149
12406	5,4	35,37	5,7	71,35	401	149
12407	8,4	62,55	9,9	72,71	407	149
12412	234,270	87,69	253,200	98,58	1659	149
12413	215,235	18,43	216,182	48,44	1626	149
12415	13,8	80,66	5,13	60,50	310	149
12417	45,51	27,40	23,25	31,35	1190	149
12418	45,51	189,175	23,26	271,142	1195	149
12419	3,1	68,59	6,3	117,86	240	149
12423	94,59	963,1155	66,20	1886,1374	4171	149
12424	30,19	972,1139	3,5	2025,1317	1542	149
12425	13,13	1372,1582	14,9	2880,1894	1417	149
12427	198,184	9,5	289,230	9,2	1462	149
12428	12,19	107,82	13,7	188,146	342	149
12443	71,63	583,604	56,47	924,680	1811	149
12444	83,94	2,2	107,78	0,0	1294	149
12445	37,32	547,548	23,22	899,637	1512	149
12446	47,46	754,741	28,17	1159,813	1814	149
12447	54,49	0,2	41,29	0,0	2006	149
12448	361,379	0,1	548,412	0,0	274	149
12449	39,37	609,610	40,40	942,672	221	149
12450	790,902	5,2	1427,937	0,0	699	149
12453	13,14	6,5	19,14	5,6	1253	149
12457	11,12	0,2	3,8	0,0	423	149
12465	1,5	37,42	2,0	30,36	1501	149
12466	1,4	0,1	2,0	0,0	473	149
12467	1,4	0,0	2,0	0,1	467	149
12468	1,4	4,1	2,0	4,0	402	149
12473	85,74	43,52	80,53	23,29	2101	149
12474	31,42	0,1	46,38	0,0	304	149
12475	27,34	0,0	43,31	1,0	241	149
12476	75,72	2,5	97,53	0,2	309	149
12477	95,119	53,36	134,83	50,25	627	149
12478	64,78	3,4	86,54	1,0	508	149
12479	56,71	13,8	77,48	12,2	460	149
12480	42,56	4,0	61,40	0,3	382	149
12482	31,25	92,100	31,22	123,83	1619	149
12483	1,2	180,191	2,2	255,219	240	149
12484	27,29	0,1	48,23	0,0	3214	149
12485	11,4	102,118	8,2	221,122	628	149
12486	61,88	5725,6217	89,63	10486,7621	440	149
12487	92,61	4731,5372	152,104	9112,6136	370	149
12488	29,24	21,26	19,14	60,41	2909	149
12489	29,24	0,1	19,14	0,0	2572	149
12490	154,208	4,7	410,255	8,6	461	149
12497	452,527	1,0	674,549	0,0	379	149
12498	331,412	5,4	527,411	1,1	295	149
12499	356,452	11,8	552,418	15,5	345	149
12501	1,2	0,3	5,2	0,0	299	149
12505	38,31	228,262	44,27	423,265	285	149
12516	193,205	333,340	86,90	560,496	2643	149
12523	101,104	4,2	147,122	1,2	439	149
12524	4,5	95,85	3,4	130,83	305	149
12527	132,129	0,0	91,90	2,3	1064	149
12528	137,142	115,140	108,98	248,147	1082	149
12529	139,144	1,1	111,103	4,4	1085	149
12530	26,17	74,96	18,16	102,42	592	149
12532	0,2	2,3	0,0	2,1	345	149
12533	27,29	2,1	52,38	5,5	426	149
12534	1,0	2,0	0,2	0,0	427	149
12535	20,25	4,6	26,33	11,10	590	149
12536	46,51	4,8	92,69	2,9	749	149
12537	15,8	28,31	26,16	34,34	647	149
12542	12,0	11,4	12,6	9,0	347	149
12543	0,1	0,1	0,0	1,0	312	149
12544	1,1	2,5	5,1	4,4	250	149
12548	13,15	82,84	13,11	151,123	366	149
12549	80,63	0,1	52,41	1,2	624	149
12550	147,139	1,0	133,109	2,3	2834	149
12551	140,128	69,71	127,103	111,93	1023	149
12552	70,73	0,1	81,66	1,0	433	149
12562	2,0	0,0	4,2	0,2	3733	149
12567	216,303	1,1	594,336	0,0	1398	149
12569	2,0	0,0	0,0	0,2	994	149
12572	98,103	0,2	179,86	0,0	508	149
12577	22,22	179,186	23,16	187,159	233	149
12581	5,3	2,6	6,4	12,3	421	149
12586	11,4	132,148	9,9	216,133	1230	149
12587	28,17	33,28	16,11	19,5	686	149
12589	30,18	135,149	17,14	209,133	689	149
12591	61,72	8,7	69,57	5,7	776	149
12592	11,9	184,170	16,14	229,175	740	149
12593	14,7	1,3	15,15	4,3	740	149
12594	238,255	1,4	313,178	4,4	197	149
12595	26,15	7,2	25,17	0,3	299	149
12596	9,4	190,201	6,6	272,170	283	149
12597	6,19	88,92	16,8	102,94	350	149
12598	4,13	6,0	11,7	2,1	272	149
12599	129,147	4,0	132,87	0,0	470	149
12601	87,68	120,120	29,28	195,148	443	149
12603	189,188	0,0	180,113	2,0	527	149
12604	194,195	2,0	185,118	0,0	540	149
12606	12,14	166,160	8,14	206,136	292	149
12608	2,2	0,0	0,0	0,1	3441	149
12611	28,41	8,15	48,35	24,20	709	149
12614	57,97	0,1	121,64	0,0	216	149
12615	87,124	0,1	169,78	3,2	215	149
12616	0,1	83,124	0,2	157,102	373	149
12617	17,39	58,62	11,7	60,47	414	149
12618	1,3	4,3	0,2	1,6	226	149
12619	9,12	1,1	7,9	0,0	494	149
12620	19,17	175,161	10,12	201,144	350	149
12621	15,14	2,5	7,7	6,4	314	149
12622	27,31	129,96	81,24	139,86	1594	149
12623	79,61	5,6	97,38	0,0	264	149
12624	2,4	0,4	2,0	0,0	1127	149
12625	61,89	66,79	75,28	85,81	358	149
12626	61,89	0,1	75,28	0,0	339	149
12627	64,59	272,287	71,39	307,223	429	149
12628	43,45	36,34	59,29	19,22	386	149
12629	43,45	3,2	59,29	2,0	383	149
12630	978,1011	98,96	1105,874	191,110	859	149
12631	988,1031	6,3	1129,886	1,4	872	149
12632	655,721	5,14	874,713	3,3	379	149
12633	635,688	125,104	828,685	178,102	364	149
12634	482,472	10,8	511,389	10,3	276	149
12635	336,324	0,4	598,434	0,0	1085	149
12636	342,328	1,0	603,438	0,0	1091	149
12637	366,340	3,0	656,465	2,1	1123	149
12638	4,2	94,80	3,6	179,125	2203	149
12639	110,137	34,31	152,127	65,57	4433	149
12644	5,4	107,131	10,1	164,122	3559	149
12645	108,107	1502,1443	101,78	2029,1440	701	149
12646	25,35	1354,1593	39,26	2565,1543	240	149
12651	255,295	7,1	349,257	5,0	2678	149
12652	6,2	83,83	15,6	142,97	2161	149
12653	2,5	1,1	9,2	0,0	400	149
12654	46,34	1064,1149	52,38	1463,1139	383	149
12655	32,18	1,3	34,32	0,0	363	149
12656	60,71	16,30	46,29	21,12	244	149
12657	63,72	3,2	46,29	1,1	249	149
12658	25,19	1031,1015	11,21	1601,1200	238	149
12659	2,0	0,0	0,0	1,0	1058	149
12660	2,4	18,13	0,0	25,20	1645	149
12661	6,6	7,13	6,14	10,4	986	149
12663	0,8	5,5	1,0	5,5	1160	149
12665	15,18	56,70	12,5	70,63	845	149
12666	85,96	26,29	102,75	38,26	479	149
12668	5,8	291,283	3,8	363,256	429	149
12669	15,4	0,2	6,2	1,0	247	149
12670	25,13	248,227	12,4	316,176	367	149
12671	0,1	289,284	4,1	383,284	245	149
12673	14,6	292,300	16,17	391,320	1661	149
12676	83,86	2,1	96,78	3,2	330	149
12684	509,512	1,0	893,728	1,1	2616	149
12685	10,5	3,1	5,4	0,0	1083	149
12686	4,2	48,51	0,2	92,62	739	149
12688	8,6	1,4	13,6	0,0	446	149
12689	11,1	7,5	0,0	3,2	871	149
12691	0,0	1,2	2,0	0,0	1194	149
12692	87,103	762,842	141,108	1817,1159	829	149
12693	66,77	1,0	97,76	0,0	804	149
12694	62,59	89,91	107,78	125,63	352	149
12695	109,96	220,215	122,81	401,300	433	149
12696	27,44	1,0	23,15	0,0	1379	149
12697	27,44	24,18	23,15	10,6	1328	149
12698	181,139	10,22	69,37	12,6	2807	149
12709	13,12	0,1	5,4	2,1	239	149
12710	8,10	7,12	2,2	1,2	225	149
12711	19,33	34,90	18,8	44,20	234	149
12712	46,95	0,1	60,34	0,0	285	149
12713	212,266	300,335	205,123	466,268	418	149
12714	43,65	2,8	28,17	0,0	575	149
12715	16,35	469,916	15,5	592,302	223	149
12716	365,551	3,10	437,237	4,3	280	149
12717	75,97	521,447	48,40	769,535	379	149
12718	40,29	494,429	33,32	777,543	296	149
12719	50,57	361,435	56,26	662,498	319	149
12720	14,24	0,0	5,4	1,0	299	149
12721	10,11	4,9	11,8	0,0	284	149
12723	49,53	0,1	98,95	0,2	906	149
12724	49,52	1,2	100,94	2,1	1437	149
12725	0,0	5,9	2,2	16,13	548	149
12726	0,0	15,28	2,1	13,4	240	149
12727	17,15	41,35	10,4	12,8	335	149
12728	6,31	106,114	8,7	74,68	252	149
12731	21,19	0,2	3,8	2,4	271	149
12732	605,767	0,2	792,626	0,1	537	149
12733	571,729	0,1	756,598	4,2	516	149
12734	739,892	0,1	991,788	6,3	594	149
12735	705,854	0,2	955,760	6,1	573	149
12736	25,35	61,86	15,7	71,28	217	149
12737	23,34	2,1	11,7	0,0	199	149
12738	316,296	85,88	318,275	125,103	466	149
12739	341,318	23,14	338,294	13,14	484	149
12740	2,2	10,9	2,1	4,0	220	149
12741	49,69	190,265	23,9	236,166	223	149
12742	7,12	306,356	8,4	392,253	227	149
12743	0,1	319,508	2,0	393,234	229	149
12744	17,21	309,468	24,4	468,238	226	149
12745	17,28	91,151	11,5	130,51	267	149
12746	38,73	301,434	20,24	421,228	598	149
12747	48,50	474,554	28,13	639,478	275	149
12748	338,390	33,39	412,262	33,32	831	149
12749	128,163	476,481	120,54	601,507	780	149
12750	92,93	601,621	58,31	776,686	402	149
12751	66,73	4,4	24,21	2,3	556	149
12752	34,50	598,591	23,17	785,667	265	149
12753	59,91	41,68	35,35	49,21	1276	149
12754	40,27	336,370	32,18	489,428	246	149
12755	105,107	3,1	73,58	2,3	964	149
12756	85,102	319,356	64,50	374,310	776	149
12757	8,13	78,94	5,3	96,45	242	149
12758	11,15	6,3	5,3	3,4	245	149
12759	0,1	1,2	0,0	0,2	229	149
12760	2,0	17,12	0,1	4,6	216	149
12763	16,17	104,138	16,9	202,155	220	149
12764	27756,29456	685,598	49604,39164	1245,959	212	149
12765	539,560	1611,1778	448,336	1985,1577	799	149
12766	739,761	189,177	614,442	158,136	951	149
12767	363,370	2155,2282	307,209	2910,2357	241	149
12768	412,424	12,26	383,253	10,10	250	149
12769	273,340	6,4	242,183	4,6	704	149
12770	294,358	15,6	279,210	16,9	226	149
12771	190,212	1598,1908	117,95	2410,1771	205	149
12772	710,708	1871,1948	433,382	2461,1970	355	149
12773	76,84	3,2	87,38	0,1	485	149
12774	83,85	5,3	92,42	11,4	503	149
12775	88,90	60,42	99,43	71,33	536	149
12776	123,112	3,0	135,74	0,0	581	149
12779	71,66	8,13	82,62	3,0	236	149
12780	2,4	5,5	0,2	15,5	1260	149
12781	3,1	5,6	3,1	6,1	2279	149
12782	2,2	6,6	3,1	3,5	732	149
12783	16,11	30,20	8,4	14,17	477	149
12784	10,6	1,1	4,2	0,0	431	149
12786	5,0	1,0	4,0	0,0	241	149
12788	6,0	0,0	4,0	1,0	245	149
12789	6,0	0,0	4,0	1,0	242	149
12790	2,12	0,1	19,2	0,0	350	149
12792	4,14	0,1	24,3	1,0	458	149
12793	11,9	0,0	25,15	0,1	264	149
12794	6,14	0,0	27,5	1,0	615	149
12795	5,13	56,67	4,11	51,39	564	149
12796	3,5	23,39	5,2	28,9	1460	149
12797	0,8	7,8	2,0	28,17	245	149
12798	0,2	3,4	1,2	18,15	252	149
12799	4,2	10,8	2,1	17,13	764	149
12800	4,2	4,9	6,3	17,14	1506	149
12802	4,3	4,11	10,3	19,18	974	149
12805	22,14	58,53	15,11	75,33	225	149
12806	26,16	3,0	35,14	2,0	653	149
12811	13,23	4,5	12,5	6,3	329	149
12812	21,29	51,69	21,12	102,94	400	149
12813	52,62	1,0	67,56	4,0	434	149
12814	103,123	0,1	140,128	0,1	530	149
12815	113,153	0,3	213,143	1,1	249	149
12816	2,0	10,17	0,4	31,30	420	149
12818	1676,1750	17,3	1020,890	0,0	237	149
12822	30,15	91,106	16,11	89,70	1179	149
12823	10,4	1,2	15,4	2,0	638	149
12824	114,112	169,213	83,72	296,194	881	149
12832	14,21	115,165	28,11	242,162	954	149
12833	10,7	85,97	19,8	130,141	385	149
12834	105,112	1,0	158,121	0,0	502	149
12835	105,111	78,82	158,116	145,131	500	149
12840	14,17	94,119	13,9	128,78	301	149
12842	16,23	0,1	19,12	0,0	366	149
12843	9,12	139,147	12,4	209,116	234	149
12844	33,31	89,105	56,41	154,114	2602	149
12845	29,22	2,0	40,23	0,0	1899	149
12846	13,22	11,15	13,7	10,10	246	149
12850	1014,1154	2,3	1125,778	2,0	1231	149
12851	1118,1275	3,3	1228,856	1,2	1343	149
12852	4,5	38,77	16,18	88,44	279	149
12853	1,2	0,3	9,16	2,0	256	149
12854	4,5	2,4	16,18	0,1	326	149
12855	85,73	11,6	75,41	3,4	365	149
12856	97,78	143,177	84,46	282,220	382	149
12857	173,162	3,2	195,118	5,1	431	149
12858	70,89	156,163	80,55	278,216	238	149
12859	139,144	0,0	127,77	2,0	547	149
12860	194,174	5,10	194,129	11,2	722	149
12861	125,119	3,3	147,107	6,0	413	149
12862	98,82	149,163	104,93	249,191	275	149
12863	202,177	2,0	194,135	0,0	938	149
12864	224,193	2,3	206,146	1,0	1005	149
12865	34,22	230,223	27,26	372,228	302	149
12866	77,79	203,235	83,55	299,202	454	149
12867	84,108	186,206	54,45	270,208	252	149
12868	82,103	8,0	53,44	1,0	239	149
12869	3,4	28,33	3,11	96,43	4522	149
12871	24,35	414,369	20,14	497,378	289	149
12872	177,167	309,329	114,103	475,320	576	149
12873	397,395	0,1	249,171	0,0	1170	149
12874	683,685	0,2	484,354	0,0	2333	149
12875	564,573	228,221	392,287	278,193	1940	149
12876	605,625	1,0	446,330	2,0	1958	149
12877	555,564	0,2	388,285	0,0	1920	149
12879	22,35	437,464	13,12	557,380	882	149
12880	5,11	2,4	11,2	0,0	728	149
12881	1,2	7,3	0,2	2,0	390	149
12882	1,5	447,471	2,3	706,459	458	149
12883	762,851	12,10	624,525	40,22	1685	149
12884	701,774	7473,7723	555,481	14071,10212	1682	149
12885	2486,2374	0,5	3589,2594	0,0	1148	149
12886	329,289	4915,5043	196,169	6912,5216	424	149
12887	203,203	4934,5112	247,206	8313,5883	546	149
12888	159,170	7581,7716	148,104	14611,10014	227	149
12889	136,151	33,46	131,88	31,27	210	149
12890	3702,3904	0,7	7252,4802	0,0	334	149
12894	118,140	5,7	337,239	3,3	894	149
12896	45,37	2,1	47,36	2,0	2879	149
12901	135,132	0,2	197,147	0,0	448	149
12902	8,2	60,41	3,0	69,56	806	149
12909	0,4	18,32	1,2	17,8	254	149
12910	0,1	0,1	2,0	0,0	478	149
12911	4,7	59,73	0,0	127,35	597	149
12912	6,12	75,116	4,5	79,32	609	149
12913	73,122	863,934	147,115	1528,1103	227	149
12914	12,16	801,955	14,8	1336,925	222	149
12915	12,29	5,0	13,6	1,3	435	149
12916	9,20	781,938	8,1	1015,628	227	149
12921	2,2	26,48	0,0	16,6	727	149
12922	0,3	65,78	2,0	24,27	251	149
12924	3,4	15,30	1,1	13,11	591	149
12929	9,2	0,0	3,3	2,1	1157	149
12935	1,0	1,0	0,0	2,1	1014	149
12947	55,56	60,65	90,54	108,69	536	149
12954	36,48	0,2	62,75	0,0	398	149
12955	5,7	476,456	13,4	647,584	248	149
12956	144,168	0,5	113,115	3,0	542	149
12957	145,175	121,230	117,115	210,128	639	149
12958	47,83	4,2	29,28	1,2	366	149
12959	47,84	108,195	29,28	166,115	381	149
12964	158,189	44,37	156,160	40,42	292	149
12965	1506,1653	2,1	2123,1832	0,0	301	149
12966	1134,1178	2,1	1409,1057	0,0	438	149
12967	2,2	0,0	7,4	1,0	261	149
12968	1,4	0,0	2,4	1,0	946	149
12975	1,3	2,2	0,0	3,2	264	149
12976	3,5	0,0	1,0	3,1	292	149
13008	3,1	2,0	0,0	1,0	228	149
13017	9,5	1,0	7,9	0,0	1812	149
13020	0,2	2,1	2,0	8,6	223	149
13025	110,130	68,82	106,90	136,135	1449	149
13027	229,228	3,2	322,244	5,5	230	149
13029	16,16	5,15	18,15	16,11	941	149
13030	129,208	2,0	226,123	1,1	326	149
13031	54,73	0,1	68,53	0,0	1814	149
13032	59,76	59,51	71,54	91,74	1845	149
13034	8,5	1,0	12,7	2,0	233	149
13041	90,54	694,667	54,31	863,590	1636	149
13042	102,70	270,247	72,42	379,243	1639	149
13044	0,0	3,6	1,0	11,9	467	149
13046	20,11	143,118	25,13	184,127	2785	149
13047	369,353	0,6	531,441	6,1	360	149
13052	71,111	3495,3762	91,67	6240,4454	1784	149
13054	263,297	129,138	135,108	87,64	216	149
13055	15,11	47,47	17,15	33,24	1344	149
13056	4,2	305,359	5,2	334,208	249	149
13058	7,8	237,266	3,11	222,151	337	149
13059	12,8	314,344	8,4	277,207	912	149
13062	6,18	266,284	7,4	276,219	794	149
13063	9,16	274,286	10,2	233,185	658	149
13064	519,646	576,573	466,328	862,559	2984	149
13066	39,56	0,9	31,27	4,3	1575	149
13067	2,15	1,3	7,9	7,5	294	149
13068	103,89	173,217	126,110	268,201	692	149
13070	60,75	275,318	67,53	585,450	1842	149
13071	90,79	245,278	79,85	423,384	5167	149
13073	18,11	157,171	23,10	340,256	354	149
13074	10,16	23,31	15,7	27,29	1339	149
13075	2,2	23,23	0,0	23,13	242	149
13076	2,2	0,0	0,2	2,2	2539	149
13082	8,10	229,231	22,9	399,275	493	149
13083	9,4	3,8	4,4	4,5	819	149
13088	42,18	149,136	22,31	131,125	696	149
13092	939,944	12,12	1081,762	6,3	1940	149
13093	156,135	0,2	131,118	0,0	1645	149
13095	117,108	160,115	231,220	314,173	1098	149
13096	56,36	4,1	61,36	7,4	240	149
13097	44,28	0,2	40,22	1,0	234	149
13100	134,151	90,109	155,111	145,105	275	149
13101	100,113	45,81	121,92	123,59	452	149
13102	53,45	0,0	48,32	2,0	529	149
13104	3,13	183,187	8,7	456,289	457	149
13105	6,3	0,0	12,7	1,0	220	149
13106	1,2	27,46	2,0	24,36	1425	149
13108	41,35	298,315	62,44	598,451	1840	149
13109	10,12	140,168	14,8	307,226	1813	149
13110	71,59	521,516	81,53	1091,776	2362	149
13111	69,55	18,12	75,49	17,10	2308	149
13112	32,27	0,0	42,32	2,0	1479	149
13114	237,305	58,55	255,165	94,66	330	149
13115	284,291	25,9	367,289	31,24	310	149
13116	53,55	256,223	53,39	348,256	233	149
13117	26,18	2,2	48,28	1,1	266	149
13118	11,7	21,14	23,11	41,28	263	149
13119	11,7	13,13	26,12	8,4	267	149
13120	8,4	0,0	13,7	4,0	238	149
13122	4,4	6,19	8,12	30,25	390	149
13123	25,23	1180,1302	7,11	2348,1592	240	149
13124	0,3	8,14	6,0	14,11	2650	149
13135	80,65	0,1	92,67	0,4	947	149
13136	142,124	0,5	161,118	0,2	1452	149
13137	110,79	0,2	127,96	1,0	1205	149
13138	61,60	0,2	83,58	2,0	796	149
13139	86,68	1,0	97,71	0,0	956	149
13141	153,141	4,0	181,130	5,1	1605	149
13143	91,82	1,0	112,79	0,0	1100	149
13148	0,1	6,11	1,2	12,8	237	149
13152	0,7	4,2	0,0	1,0	1646	149
13153	0,7	87,119	0,1	146,129	1688	149
13154	2,3	92,96	5,4	137,88	1008	149
13155	5,1	0,2	12,5	7,0	395	149
13156	5,3	104,88	16,9	126,103	457	149
13158	4,0	47,58	0,0	111,72	1365	149
13159	0,0	93,103	2,4	134,81	1968	149
13160	4,1	92,114	3,6	115,86	1398	149
13161	85,106	0,0	117,102	0,1	1739	149
13162	82,102	0,0	115,96	1,1	1731	149
13163	57,34	21,30	65,45	16,23	2811	149
13167	55,50	0,1	50,39	0,0	3542	149
13168	56,50	84,62	49,38	127,101	1578	149
13169	1,0	0,0	3,2	0,1	592	149
13171	5,9	17,19	16,6	15,15	222	149
13172	0,5	1,0	0,0	0,1	260	149
13174	420,454	60,65	385,264	74,54	1335	149
13175	9,22	238,285	23,10	379,253	227	149
13176	30,45	408,400	33,28	544,403	717	149
13177	6,16	349,360	6,4	643,536	230	149
13178	11,20	2,4	16,12	6,2	235	149
13179	77,49	1,0	30,26	0,0	857	149
13180	53,31	130,91	23,10	163,137	845	149
13182	60,33	3,0	24,9	0,0	1086	149
13183	10,3	75,80	1,6	127,84	293	149
13184	39,37	73,122	36,24	137,76	242	149
13185	5,8	78,122	5,1	106,49	217	149
13186	111,119	35,79	165,71	59,25	481	149
13187	39,60	3,5	64,32	0,0	237	149
13188	25,38	1,0	27,25	0,0	400	149
13189	17,24	141,154	15,17	156,132	390	149
13190	1,4	51,58	5,1	35,25	344	149
13191	8,7	86,95	4,5	98,81	259	149
13192	85,65	56,80	62,35	51,60	1842	149
13194	901,1017	1,2	1340,890	0,0	646	149
13195	77,95	408,429	92,92	675,467	363	149
13199	61,85	245,252	131,82	331,296	4873	149
13200	60,104	312,291	104,78	513,340	1113	149
13201	153,195	0,0	238,168	0,2	4089	149
13202	313,381	192,204	393,281	441,332	3796	149
13203	42,36	31,30	40,21	49,46	707	149
13204	1,1	56,57	4,0	77,44	595	149
13206	14,20	9,10	10,5	25,22	3565	149
13207	8,12	31,40	40,19	45,41	2564	149
13208	10,8	2,1	17,9	1,1	1123	149
13209	0,2	19,25	6,1	96,42	231	149
13210	48,28	35,40	66,34	90,73	1429	149
13211	505,672	9,8	699,452	13,2	233	149
13212	722,941	222,260	971,652	314,196	317	149
13214	2795,3367	0,1	3815,2620	0,0	617	149
13215	146,130	34,40	164,154	32,12	641	149
13222	46,80	19,24	112,71	57,49	334	149
13225	80,98	17,27	68,46	54,21	351	149
13226	423,415	8418,8968	192,155	3586,2569	430	149
13227	143,141	5821,6318	40,37	2470,1900	262	149
13229	68,82	6148,7059	36,31	3188,2347	238	149
13230	685,791	7434,7455	423,345	2934,2345	787	149
13231	706,838	6,2	434,342	1,0	1291	149
13232	165,183	6232,7052	46,38	2427,1682	515	149
13233	89,147	22,34	128,124	25,17	408	149
13234	11,11	3,4	2,1	3,2	323	149
13235	48,42	4,6	13,30	1,0	271	149
13236	105,105	0,2	121,111	0,0	299	149
13238	465,465	366,456	720,582	892,646	927	149
13239	24,26	120,170	21,5	127,93	657	149
13241	144,259	326,588	220,114	658,351	603	149
13242	97,154	6,8	109,55	14,5	436	149
13243	13,7	1140,1272	28,18	2483,1694	842	149
13244	1018,1146	13,19	2245,1597	17,9	241	149
13256	36,51	442,511	98,47	1165,721	849	149
13257	540,558	0,4	554,445	4,2	1203	149
13258	609,678	1337,1509	670,511	3782,2752	1342	149
13259	1139,1107	3,7	2558,2009	3,2	676	149
13260	170,209	1783,1768	241,168	4839,3631	596	149
13261	54,67	1,3	140,100	2,4	277	149
13262	15,8	1253,1275	6,8	2254,1759	347	149
13264	69,115	89,86	90,82	199,104	2339	149
13265	24,21	4,2	44,13	5,1	390	149
13266	35,36	256,245	20,21	495,387	683	149
13267	56,55	32,18	49,37	22,18	1850	149
13268	25,22	315,293	35,18	598,471	1226	149
13269	220,298	292,238	255,204	508,413	1621	149
13270	271,389	0,8	312,260	1,1	1852	149
13271	430,603	4,6	478,425	0,1	2313	149
13273	716,883	3,2	748,659	0,0	4655	149
13274	496,602	295,218	507,458	528,384	1347	149
13275	749,903	25,11	792,683	30,12	2897	149
13276	580,666	0,0	613,539	2,2	1371	149
13277	21,21	323,277	18,17	646,399	891	149
13278	12,7	208,214	8,4	284,210	1084	149
13279	306,290	1,1	419,322	0,0	210	149
13280	2,3	61,69	3,2	61,57	226	149
13281	2,3	2,0	5,3	0,1	231	149
13282	36,42	1,0	31,33	0,0	1310	149
13283	70,37	32,23	49,35	48,22	461	149
13285	131,92	0,1	118,89	2,5	912	149
13286	64,59	80,88	75,56	113,96	488	149
13287	5,6	70,107	2,4	121,40	1610	149
13288	252,246	2,0	219,153	0,0	2906	149
13289	97,83	105,140	70,47	119,90	324	149
13293	33,35	1,1	20,27	0,0	558	149
13294	38,44	51,86	23,30	67,44	639	149
13301	14,10	1,0	4,2	0,0	730	149
13303	14,21	2,2	13,9	0,0	1731	149
13305	23,32	269,251	45,27	533,379	1809	149
13306	96,119	318,328	136,95	443,355	708	149
13307	181,225	8,11	259,204	1,1	757	149
13308	12,41	215,202	10,10	275,147	951	149
13309	73,75	195,236	72,52	271,221	1267	149
13311	561,690	28,38	572,462	44,20	264	149
13312	293,286	0,2	344,301	6,2	803	149
13313	200,191	308,356	218,174	423,356	778	149
13320	23,13	998,1068	24,29	2492,1807	369	149
13321	194,288	4,6	364,188	10,2	373	149
13322	222,322	0,1	365,210	0,0	501	149
13323	82,106	29,36	84,64	58,18	227	149
13324	30,28	5,10	13,7	14,13	549	149
13325	36,33	365,471	16,12	589,416	552	149
13326	81,120	14,12	105,71	31,23	514	149
13327	84,120	34,17	107,71	59,49	517	149
13328	77,83	2,0	89,63	0,0	1264	149
13329	268,298	5,14	334,282	11,2	5390	149
13330	2,5	13,33	2,3	17,15	397	149
13331	2,8	55,68	4,0	68,53	229	149
13332	7,1	125,133	4,3	158,106	228	149
13333	0,2	6,19	0,1	9,9	429	149
13335	57,97	1,5	59,43	4,0	934	149
13344	44,79	342,445	32,18	660,445	385	149
13345	1,9	58,126	1,2	140,41	699	149
13346	44,70	258,250	22,12	366,288	275	149
13347	126,172	4,8	209,148	5,2	336	149
13348	52,57	0,0	64,39	1,0	476	149
13349	27,25	1,3	20,20	5,2	286	149
13352	85,49	429,487	61,38	723,537	715	149
13354	228,235	0,2	197,149	1,3	2032	149
13355	3,3	257,334	9,1	459,334	519	149
13356	2,9	0,0	10,5	1,0	431	149
13357	2,9	3,9	10,5	3,3	503	149
13360	1,1	3,3	0,0	3,1	790	149
13361	0,0	85,70	0,3	120,80	862	149
13362	17,28	95,108	22,23	179,128	1737	149
13363	2,6	135,138	5,1	190,178	624	149
13364	0,0	120,120	1,0	166,137	655	149
13367	706,685	1,2	1251,1021	0,0	1473	149
13370	6,3	85,76	0,0	90,93	228	149
13371	8,8	173,226	7,7	245,194	224	149
13372	6,6	597,561	27,7	1850,1513	454	149
13378	15,29	482,894	17,4	675,262	241	149
13379	119,123	1278,1447	55,47	1714,1091	633	149
13381	64,78	1815,2375	29,25	2419,1623	233	149
13382	364,423	145,269	336,221	217,132	893	149
13385	4,0	1,0	0,0	1,0	243	149
13386	21,30	1,2	19,4	1,2	233	149
13387	138,121	0,1	118,77	0,0	5664	149
13388	34,29	93,93	32,10	112,98	609	149
13391	191,211	0,4	219,132	0,0	247	149
13394	81,55	917,1022	39,37	709,581	605	149
13395	74,60	2,4	38,38	4,0	1053	149
13396	29,34	914,1075	26,18	736,589	553	149
13397	108,113	6,18	122,117	9,8	3435	149
13398	22,31	204,183	20,12	302,194	3379	149
13400	49,58	208,273	40,47	519,376	596	149
13401	36,47	4,5	30,40	1,5	551	149
13402	53,60	0,1	35,54	0,1	813	149
13403	40,49	0,3	25,47	2,0	768	149
13404	9,15	270,315	9,20	513,346	269	149
13405	32,42	0,2	61,45	4,0	1134	149
13406	37,64	286,276	79,51	425,257	980	149
13407	21,22	336,350	22,15	546,406	2017	149
13409	17,6	4,11	13,6	19,4	262	149
13410	43,35	210,236	38,21	271,207	721	149
13411	32,38	5,3	32,18	9,1	563	149
13412	31,32	3,6	29,17	14,2	513	149
13416	0,2	18,15	0,0	16,7	282	149
13417	17,20	4,10	6,18	9,6	2359	149
13418	3296,4148	1,3	641,550	0,0	224	149
13419	47,89	208,232	80,60	433,365	495	149
13420	64,109	3,2	95,71	0,1	801	149
13424	293,237	1542,1695	175,108	1879,1472	434	149
13425	350,342	44,23	435,304	11,7	408	149
13426	1886,1960	3,1	2798,2061	2,0	1719	149
13427	1723,1859	1202,1372	2797,2075	1689,1304	1364	149
13428	321,334	1,2	416,269	0,1	521	149
13430	2,2	0,1	1,2	0,0	244	149
13432	15,23	2,0	40,25	2,0	2653	149
13438	896,1146	14,13	1586,1023	11,3	452	149
13439	22,20	925,927	10,13	1204,904	237	149
13440	23,31	1198,1240	23,19	1886,1419	307	149
13441	40,59	6,7	46,40	0,0	498	149
13442	26,39	994,1117	36,32	1737,1261	286	149
13443	545,668	0,4	1113,793	0,0	354	149
13444	40,32	1160,1208	33,37	1172,1001	358	149
13445	135,135	874,793	89,76	1097,861	583	149
13447	116,117	7,6	221,101	11,2	927	149
13449	1,7	216,211	5,12	417,277	466	149
13450	10,12	873,958	10,12	1867,1297	2020	149
13451	10,12	6,3	10,12	0,0	2008	149
13452	6,6	5,5	39,22	8,6	899	149
13453	8,16	1,2	50,24	0,0	1030	149
13454	184,216	18,32	168,153	26,31	1130	149
13458	6,16	11,3	17,12	7,11	271	149
13459	68,65	10,18	85,56	9,8	609	149
13460	53,51	205,255	53,40	411,370	2003	149
13462	36,47	163,191	52,34	266,229	803	149
13463	103,109	5,5	164,134	7,9	857	149
13464	68,79	0,0	90,55	1,0	2473	149
13465	39,37	143,163	47,28	242,222	1735	149
13466	266,337	212,223	390,276	431,332	3038	149
13472	24,23	7,15	31,12	12,7	714	149
13473	8,6	0,2	0,0	4,4	1657	149
13475	48,30	40,108	59,38	65,29	625	149
13477	10,14	159,149	16,9	300,188	226	149
13489	39,39	16,10	26,17	14,10	286	149
13490	9,10	0,3	34,13	2,1	226	149
13491	17,23	0,2	50,24	3,0	357	149
13493	20,32	3,3	66,37	2,5	1439	149
13494	19,26	13,26	62,32	30,30	1393	149
13496	24,37	0,1	81,39	0,0	1426	149
13499	1,3	0,4	4,10	5,0	278	149
13500	16,19	1,5	17,12	4,4	554	149
13503	315,535	0,0	471,329	4,0	261	149
13505	72,45	255,300	87,69	405,303	416	149
13506	5,6	4,5	2,4	1,2	391	149
13507	473,558	69,91	521,359	37,24	752	149
13510	208,199	199,218	209,186	116,86	1318	149
13511	85,60	384,369	132,68	739,499	425	149
13512	38,31	0,0	83,40	4,2	254	149
13513	308,371	404,333	595,492	491,350	915	149
13515	79,124	627,754	35,25	909,653	1641	149
13518	9,8	5,0	11,9	0,0	1042	149
13519	6,10	11,4	0,3	13,6	415	149
13520	9,7	4,1	10,13	1,1	284	149
13521	0,0	31,24	0,1	60,29	4988	149
13522	10,11	127,211	5,8	182,71	245	149
13524	179,246	94,76	272,216	120,61	1311	149
13525	35,42	0,0	40,37	2,0	707	149
13533	8,12	3,1	1,0	5,1	643	149
13534	8,13	0,3	1,0	6,2	646	149
13535	8,13	2,0	1,0	1,1	582	149
13537	74,59	0,0	101,48	2,0	3913	149
13538	107,110	4,7	179,94	16,11	2010	149
13539	47,56	5,11	100,49	12,17	1683	149
13540	2,7	3,7	7,4	11,7	1134	149
13541	2,2	32,32	3,5	34,27	3300	149
13542	3,2	49,45	0,0	34,26	320	149
13545	28,15	94,65	16,21	111,126	762	149
13560	5,1	0,2	15,7	0,0	389	149
13566	1,2	5,1	5,3	1,1	269	149
13567	7,6	2,2	9,5	4,3	343	149
13568	13,7	1,0	9,7	0,0	281	149
13571	2,3	0,1	8,2	0,0	597	149
13573	1,16	5,4	2,0	2,2	315	149
13574	8,11	6,0	3,4	2,0	219	149
13575	20,29	85,65	32,23	180,103	386	149
13577	118,124	27,29	248,121	42,37	268	149
13578	19,28	4,0	53,46	5,2	3145	149
13580	22,22	548,586	26,17	1071,716	595	149
13591	1,0	27,37	4,0	82,49	241	149
13592	595,663	5,7	79,38	0,0	661	149
13594	823,940	1,0	1895,1501	0,0	870	149
13595	1,5	124,147	4,2	274,153	1412	149
13596	67,57	7,3	50,27	5,2	1520	149
13597	2,3	80,134	2,2	175,123	1201	149
13598	2,3	2,0	1,2	0,1	1739	149
13599	0,2	69,98	0,1	177,114	595	149
13600	13,3	27,42	12,9	72,48	900	149
13601	96,148	0,2	129,144	9,2	266	149
13602	4,1	141,137	6,1	108,101	472	149
13603	36,27	107,119	22,15	116,76	1140	149
13604	331,336	5,8	461,385	2,5	343	149
13605	8,4	95,93	8,2	134,93	233	149
13606	19,21	113,90	19,11	147,87	574	149
13607	32,37	227,203	36,19	226,242	1378	149
13608	12,20	83,96	27,19	138,87	297	149
13609	50,51	96,92	50,50	77,92	1077	149
13610	38,32	39,41	26,32	62,23	830	149
13611	22,28	65,72	20,11	71,50	1329	149
13612	27,32	8,10	21,17	9,10	1692	149
13613	9,7	207,202	4,6	309,218	369	149
13614	448,480	111,129	355,320	166,131	1245	149
13615	474,512	1,0	383,339	0,2	1282	149
13619	7,10	1,1	11,8	10,4	281	149
13620	549,610	6,4	785,586	14,11	2336	149
13621	0,4	3,1	0,0	5,3	412	149
13622	0,4	0,2	5,4	2,1	466	149
13625	1,4	92,97	1,0	59,58	384	149
13626	34,45	1,0	78,29	0,2	659	149
13627	37,50	4,1	83,34	8,10	683	149
13628	11,18	24,19	11,6	29,38	1545	149
13629	4,4	27,23	7,2	60,44	456	149
13632	0,6	2,5	0,4	2,6	968	149
13633	3,11	74,107	8,3	94,73	867	149
13635	65,57	46,62	79,68	75,63	1164	149
13636	4,7	1,0	1,3	0,0	1182	149
13637	2,5	53,42	4,2	74,69	282	149
13639	19,28	52,63	26,11	55,58	240	149
13641	76,100	67,126	56,34	80,33	792	149
